-0.500000	46.474998
-0.499000	37.782600
-0.498000	29.090300
-0.497000	22.569901
-0.496000	20.397900
-0.495000	22.569901
-0.494000	24.741899
-0.493000	33.438702
-0.492000	42.131001
-0.491000	50.823399
-0.490000	59.515800
-0.489000	66.036201
-0.488000	70.380096
-0.487000	70.380096
-0.486000	68.208099
-0.485000	61.687801
-0.484000	50.823399
-0.483000	44.303001
-0.482000	35.610699
-0.481000	26.918301
-0.480000	20.397900
-0.479000	20.397900
-0.478000	22.569901
-0.477000	24.741899
-0.476000	35.610699
-0.475000	44.303001
-0.474000	52.995399
-0.473000	61.687801
-0.472000	68.208099
-0.471000	70.380096
-0.470000	68.208099
-0.469000	66.036201
-0.468000	57.343800
-0.467000	48.646999
-0.466000	39.954601
-0.465000	31.262300
-0.464000	24.741899
-0.463000	20.397900
-0.462000	20.397900
-0.461000	22.569901
-0.460000	26.918301
-0.459000	39.954601
-0.458000	48.646999
-0.457000	57.343800
-0.456000	63.859699
-0.455000	70.380096
-0.454000	70.380096
-0.453000	70.380096
-0.452000	63.859699
-0.451000	55.167400
-0.450000	46.474998
-0.449000	37.782600
-0.448000	26.918301
-0.447000	22.569901
-0.446000	20.397900
-0.445000	22.569901
-0.444000	24.741899
-0.443000	33.438702
-0.442000	42.131001
-0.441000	50.823399
-0.440000	59.515800
-0.439000	66.036201
-0.438000	70.380096
-0.437000	70.380096
-0.436000	68.208099
-0.435000	61.687801
-0.434000	50.823399
-0.433000	42.131001
-0.432000	33.438702
-0.431000	26.918301
-0.430000	20.397900
-0.429000	20.397900
-0.428000	22.569901
-0.427000	26.918301
-0.426000	35.610699
-0.425000	44.303001
-0.424000	52.995399
-0.423000	63.859699
-0.422000	68.208099
-0.421000	70.380096
-0.420000	68.208099
-0.419000	66.036201
-0.418000	57.343800
-0.417000	48.646999
-0.416000	39.954601
-0.415000	29.090300
-0.414000	24.741899
-0.413000	20.397900
-0.412000	20.397900
-0.411000	22.569901
-0.410000	29.090300
-0.409000	37.782600
-0.408000	46.474998
-0.407000	55.167400
-0.406000	61.687801
-0.405000	68.208099
-0.404000	68.208099
-0.403000	66.036201
-0.402000	61.687801
-0.401000	52.995399
-0.400000	44.303001
-0.399000	35.610699
-0.398000	26.918301
-0.397000	20.397900
-0.396000	18.225901
-0.395000	20.397900
-0.394000	22.569901
-0.393000	31.262300
-0.392000	39.954601
-0.391000	48.646999
-0.390000	59.515800
-0.389000	63.859699
-0.388000	66.036201
-0.387000	63.859699
-0.386000	61.687801
-0.385000	55.167400
-0.384000	44.303001
-0.383000	37.782600
-0.382000	29.090300
-0.381000	22.569901
-0.380000	16.049500
-0.379000	18.225901
-0.378000	20.397900
-0.377000	24.741899
-0.376000	35.610699
-0.375000	42.131001
-0.374000	52.995399
-0.373000	63.859699
-0.372000	70.380096
-0.371000	70.380096
-0.370000	70.380096
-0.369000	66.036201
-0.368000	57.343800
-0.367000	48.646999
-0.366000	39.954601
-0.365000	31.262300
-0.364000	22.569901
-0.363000	20.397900
-0.362000	20.397900
-0.361000	24.741899
-0.360000	29.090300
-0.359000	39.954601
-0.358000	48.646999
-0.357000	57.343800
-0.356000	63.859699
-0.355000	70.380096
-0.354000	70.380096
-0.353000	70.380096
-0.352000	66.036201
-0.351000	55.167400
-0.350000	46.474998
-0.349000	37.782600
-0.348000	26.918301
-0.347000	22.569901
-0.346000	20.397900
-0.345000	22.569901
-0.344000	24.741899
-0.343000	33.438702
-0.342000	42.131001
-0.341000	50.823399
-0.340000	59.515800
-0.339000	68.208099
-0.338000	70.380096
-0.337000	70.380096
-0.336000	68.208099
-0.335000	61.687801
-0.334000	52.995399
-0.333000	42.131001
-0.332000	35.610699
-0.331000	26.918301
-0.330000	20.397900
-0.329000	20.397900
-0.328000	22.569901
-0.327000	26.918301
-0.326000	37.782600
-0.325000	46.474998
-0.324000	55.167400
-0.323000	63.859699
-0.322000	70.380096
-0.321000	70.380096
-0.320000	70.380096
-0.319000	68.208099
-0.318000	59.515800
-0.317000	50.823399
-0.316000	42.131001
-0.315000	31.262300
-0.314000	24.741899
-0.313000	20.397900
-0.312000	22.569901
-0.311000	24.741899
-0.310000	29.090300
-0.309000	42.131001
-0.308000	48.646999
-0.307000	57.343800
-0.306000	63.859699
-0.305000	70.380096
-0.304000	70.380096
-0.303000	68.208099
-0.302000	63.859699
-0.301000	55.167400
-0.300000	46.474998
-0.299000	37.782600
-0.298000	26.918301
-0.297000	20.397900
-0.296000	20.397900
-0.295000	22.569901
-0.294000	24.741899
-0.293000	33.438702
-0.292000	42.131001
-0.291000	50.823399
-0.290000	61.687801
-0.289000	68.208099
-0.288000	70.380096
-0.287000	70.380096
-0.286000	68.208099
-0.285000	61.687801
-0.284000	50.823399
-0.283000	42.131001
-0.282000	33.438702
-0.281000	26.918301
-0.280000	20.397900
-0.279000	20.397900
-0.278000	22.569901
-0.277000	26.918301
-0.276000	35.610699
-0.275000	46.474998
-0.274000	52.995399
-0.273000	63.859699
-0.272000	70.380096
-0.271000	72.556602
-0.270000	70.380096
-0.269000	68.208099
-0.268000	57.343800
-0.267000	48.646999
-0.266000	39.954601
-0.265000	31.262300
-0.264000	24.741899
-0.263000	22.569901
-0.262000	22.569901
-0.261000	22.569901
-0.260000	31.262300
-0.259000	39.954601
-0.258000	48.646999
-0.257000	57.343800
-0.256000	63.859699
-0.255000	70.380096
-0.254000	70.380096
-0.253000	70.380096
-0.252000	66.036201
-0.251000	55.167400
-0.250000	46.474998
-0.249000	37.782600
-0.248000	26.918301
-0.247000	22.569901
-0.246000	20.397900
-0.245000	22.569901
-0.244000	24.741899
-0.243000	33.438702
-0.242000	44.303001
-0.241000	50.823399
-0.240000	61.687801
-0.239000	68.208099
-0.238000	70.380096
-0.237000	70.380096
-0.236000	70.380096
-0.235000	61.687801
-0.234000	50.823399
-0.233000	42.131001
-0.232000	35.610699
-0.231000	26.918301
-0.230000	22.569901
-0.229000	22.569901
-0.228000	24.741899
-0.227000	26.918301
-0.226000	39.954601
-0.225000	46.474998
-0.224000	55.167400
-0.223000	63.859699
-0.222000	70.380096
-0.221000	70.380096
-0.220000	70.380096
-0.219000	68.208099
-0.218000	57.343800
-0.217000	48.646999
-0.216000	39.954601
-0.215000	31.262300
-0.214000	24.741899
-0.213000	22.569901
-0.212000	22.569901
-0.211000	24.741899
-0.210000	31.262300
-0.209000	42.131001
-0.208000	48.646999
-0.207000	57.343800
-0.206000	66.036201
-0.205000	70.380096
-0.204000	70.380096
-0.203000	70.380096
-0.202000	63.859699
-0.201000	55.167400
-0.200000	46.474998
-0.199000	37.782600
-0.198000	29.090300
-0.197000	22.569901
-0.196000	22.569901
-0.195000	22.569901
-0.194000	24.741899
-0.193000	35.610699
-0.192000	44.303001
-0.191000	52.995399
-0.190000	61.687801
-0.189000	70.380096
-0.188000	70.380096
-0.187000	70.380096
-0.186000	70.380096
-0.185000	61.687801
-0.184000	50.823399
-0.183000	44.303001
-0.182000	35.610699
-0.181000	26.918301
-0.180000	20.397900
-0.179000	20.397900
-0.178000	22.569901
-0.177000	26.918301
-0.176000	37.782600
-0.175000	46.474998
-0.174000	55.167400
-0.173000	63.859699
-0.172000	70.380096
-0.171000	70.380096
-0.170000	70.380096
-0.169000	68.208099
-0.168000	57.343800
-0.167000	48.646999
-0.166000	39.954601
-0.165000	29.090300
-0.164000	22.569901
-0.163000	20.397900
-0.162000	20.397900
-0.161000	22.569901
-0.160000	31.262300
-0.159000	39.954601
-0.158000	48.646999
-0.157000	57.343800
-0.156000	66.036201
-0.155000	70.380096
-0.154000	70.380096
-0.153000	68.208099
-0.152000	63.859699
-0.151000	52.995399
-0.150000	44.303001
-0.149000	35.610699
-0.148000	26.918301
-0.147000	20.397900
-0.146000	20.397900
-0.145000	22.569901
-0.144000	24.741899
-0.143000	33.438702
-0.142000	44.303001
-0.141000	52.995399
-0.140000	61.687801
-0.139000	70.380096
-0.138000	72.556602
-0.137000	72.556602
-0.136000	68.208099
-0.135000	61.687801
-0.134000	52.995399
-0.133000	42.131001
-0.132000	33.438702
-0.131000	26.918301
-0.130000	22.569901
-0.129000	22.569901
-0.128000	22.569901
-0.127000	29.090300
-0.126000	39.954601
-0.125000	48.646999
-0.124000	55.167400
-0.123000	66.036201
-0.122000	72.556602
-0.121000	72.556602
-0.120000	72.556602
-0.119000	68.208099
-0.118000	59.515800
-0.117000	50.823399
-0.116000	42.131001
-0.115000	31.262300
-0.114000	24.741899
-0.113000	22.569901
-0.112000	22.569901
-0.111000	24.741899
-0.110000	33.438702
-0.109000	42.131001
-0.108000	50.823399
-0.107000	59.515800
-0.106000	68.208099
-0.105000	72.556602
-0.104000	72.556602
-0.103000	70.380096
-0.102000	66.036201
-0.101000	55.167400
-0.100000	46.474998
-0.099000	39.954601
-0.098000	29.090300
-0.097000	22.569901
-0.096000	22.569901
-0.095000	24.741899
-0.094000	26.918301
-0.093000	35.610699
-0.092000	44.303001
-0.091000	52.995399
-0.090000	63.859699
-0.089000	70.380096
-0.088000	72.556602
-0.087000	70.380096
-0.086000	68.208099
-0.085000	61.687801
-0.084000	52.995399
-0.083000	44.303001
-0.082000	33.438702
-0.081000	26.918301
-0.080000	20.397900
-0.079000	20.397900
-0.078000	22.569901
-0.077000	26.918301
-0.076000	37.782600
-0.075000	46.474998
-0.074000	57.343800
-0.073000	63.859699
-0.072000	72.556602
-0.071000	70.380096
-0.070000	70.380096
-0.069000	68.208099
-0.068000	59.515800
-0.067000	48.646999
-0.066000	39.954601
-0.065000	31.262300
-0.064000	24.741899
-0.063000	22.569901
-0.062000	22.569901
-0.061000	24.741899
-0.060000	33.438702
-0.059000	42.131001
-0.058000	50.823399
-0.057000	59.515800
-0.056000	66.036201
-0.055000	72.556602
-0.054000	72.556602
-0.053000	70.380096
-0.052000	66.036201
-0.051000	55.167400
-0.050000	46.474998
-0.049000	35.610699
-0.048000	29.090300
-0.047000	22.569901
-0.046000	22.569901
-0.045000	22.569901
-0.044000	24.741899
-0.043000	33.438702
-0.042000	46.474998
-0.041000	50.823399
-0.040000	63.859699
-0.039000	70.380096
-0.038000	70.380096
-0.037000	74.728500
-0.036000	66.036201
-0.035000	55.167400
-0.034000	50.823399
-0.033000	50.823399
-0.032000	55.167400
-0.031000	13.877500
-0.030000	9.529110
-0.029000	26.918301
-0.028000	20.397900
-0.027000	18.225901
-0.026000	42.131001
-0.025000	52.995399
-0.024000	46.474998
-0.023000	55.167400
-0.022000	66.036201
-0.021000	55.167400
-0.020000	35.610699
-0.019000	24.741899
-0.018000	24.741899
-0.017000	13.877500
-0.016000	-7.855620
-0.015000	-16.548000
-0.014000	-27.412300
-0.013000	-40.453098
-0.012000	-44.801498
-0.011000	-38.281101
-0.010000	-27.412300
-0.009000	-20.896400
-0.008000	-12.199600
-0.007000	3.013180
-0.006000	18.225901
-0.005000	22.569901
-0.004000	26.918301
-0.003000	35.610699
-0.002000	39.954601
-0.001000	33.438702
0.000000	31.262300
0.001000	35.610699
0.002000	37.782600
0.003000	35.610699
0.004000	59.515800
0.005000	72.556602
0.006000	85.592903
0.007000	107.325996
0.008000	129.059006
0.009000	157.313004
0.010000	179.041000
0.011000	192.082001
0.012000	200.774994
0.013000	213.815002
0.014000	218.158997
0.015000	215.987000
0.016000	218.158997
0.017000	218.158997
0.018000	218.158997
0.019000	222.507996
0.020000	233.371994
0.021000	239.891998
0.022000	242.069000
0.023000	248.585007
0.024000	255.104996
0.025000	259.454010
0.026000	261.626007
0.027000	263.798004
0.028000	265.973999
0.029000	263.798004
0.030000	257.277008
0.031000	252.932999
0.032000	248.585007
0.033000	246.412994
0.034000	242.069000
0.035000	239.891998
0.036000	239.891998
0.037000	239.891998
0.038000	244.240997
0.039000	246.412994
0.040000	248.585007
0.041000	255.104996
0.042000	255.104996
0.043000	252.932999
0.044000	261.626007
0.045000	259.454010
0.046000	255.104996
0.047000	252.932999
0.048000	252.932999
0.049000	246.412994
0.050000	244.240997
0.051000	242.069000
0.052000	246.412994
0.053000	248.585007
0.054000	250.761002
0.055000	250.761002
0.056000	255.104996
0.057000	259.454010
0.058000	259.454010
0.059000	261.626007
0.060000	263.798004
0.061000	265.973999
0.062000	263.798004
0.063000	261.626007
0.064000	257.277008
0.065000	252.932999
0.066000	250.761002
0.067000	246.412994
0.068000	244.240997
0.069000	242.069000
0.070000	242.069000
0.071000	242.069000
0.072000	246.412994
0.073000	248.585007
0.074000	248.585007
0.075000	252.932999
0.076000	250.761002
0.077000	252.932999
0.078000	250.761002
0.079000	250.761002
0.080000	250.761002
0.081000	248.585007
0.082000	242.069000
0.083000	239.891998
0.084000	237.720001
0.085000	229.028000
0.086000	231.199997
0.087000	231.199997
0.088000	233.371994
0.089000	235.548004
0.090000	239.891998
0.091000	244.240997
0.092000	244.240997
0.093000	252.932999
0.094000	252.932999
0.095000	250.761002
0.096000	252.932999
0.097000	255.104996
0.098000	250.761002
0.099000	246.412994
0.100000	244.240997
0.101000	244.240997
0.102000	242.069000
0.103000	244.240997
0.104000	250.761002
0.105000	252.932999
0.106000	257.277008
0.107000	259.454010
0.108000	257.277008
0.109000	252.932999
0.110000	257.277008
0.111000	259.454010
0.112000	255.104996
0.113000	257.277008
0.114000	257.277008
0.115000	252.932999
0.116000	242.069000
0.117000	248.585007
0.118000	242.069000
0.119000	248.585007
0.120000	248.585007
0.121000	248.585007
0.122000	250.761002
0.123000	255.104996
0.124000	259.454010
0.125000	259.454010
0.126000	257.277008
0.127000	261.626007
0.128000	257.277008
0.129000	252.932999
0.130000	252.932999
0.131000	250.761002
0.132000	242.069000
0.133000	239.891998
0.134000	244.240997
0.135000	233.371994
0.136000	231.199997
0.137000	237.720001
0.138000	242.069000
0.139000	246.412994
0.140000	255.104996
0.141000	255.104996
0.142000	255.104996
0.143000	250.761002
0.144000	261.626007
0.145000	252.932999
0.146000	252.932999
0.147000	255.104996
0.148000	250.761002
0.149000	248.585007
0.150000	248.585007
0.151000	244.240997
0.152000	244.240997
0.153000	242.069000
0.154000	242.069000
0.155000	244.240997
0.156000	248.585007
0.157000	255.104996
0.158000	255.104996
0.159000	259.454010
0.160000	257.277008
0.161000	259.454010
0.162000	255.104996
0.163000	255.104996
0.164000	255.104996
0.165000	248.585007
0.166000	246.412994
0.167000	244.240997
0.168000	244.240997
0.169000	246.412994
0.170000	244.240997
0.171000	248.585007
0.172000	246.412994
0.173000	257.277008
0.174000	257.277008
0.175000	261.626007
0.176000	263.798004
0.177000	263.798004
0.178000	265.973999
0.179000	255.104996
0.180000	255.104996
0.181000	248.585007
0.182000	244.240997
0.183000	248.585007
0.184000	246.412994
0.185000	244.240997
0.186000	246.412994
0.187000	252.932999
0.188000	255.104996
0.189000	255.104996
0.190000	259.454010
0.191000	259.454010
0.192000	259.454010
0.193000	259.454010
0.194000	257.277008
0.195000	252.932999
0.196000	255.104996
0.197000	257.277008
0.198000	255.104996
0.199000	250.761002
0.200000	248.585007
0.201000	250.761002
0.202000	246.412994
0.203000	246.412994
0.204000	250.761002
0.205000	250.761002
0.206000	265.973999
0.207000	272.489990
0.208000	272.489990
0.209000	274.665985
0.210000	279.010010
0.211000	279.010010
0.212000	279.010010
0.213000	274.665985
0.214000	272.489990
0.215000	272.489990
0.216000	268.145996
0.217000	268.145996
0.218000	263.798004
0.219000	265.973999
0.220000	268.145996
0.221000	268.145996
0.222000	263.798004
0.223000	268.145996
0.224000	274.665985
0.225000	279.010010
0.226000	283.359009
0.227000	283.359009
0.228000	283.359009
0.229000	281.187012
0.230000	281.187012
0.231000	279.010010
0.232000	270.317993
0.233000	270.317993
0.234000	265.973999
0.235000	268.145996
0.236000	263.798004
0.237000	268.145996
0.238000	270.317993
0.239000	270.317993
0.240000	276.838013
0.241000	287.703003
0.242000	287.703003
0.243000	292.050995
0.244000	287.703003
0.245000	287.703003
0.246000	289.878998
0.247000	287.703003
0.248000	285.531006
0.249000	279.010010
0.250000	279.010010
0.251000	281.187012
0.252000	283.359009
0.253000	279.010010
0.254000	274.665985
0.255000	276.838013
0.256000	279.010010
0.257000	276.838013
0.258000	276.838013
0.259000	270.317993
0.260000	268.145996
0.261000	263.798004
0.262000	259.454010
0.263000	255.104996
0.264000	252.932999
0.265000	248.585007
0.266000	244.240997
0.267000	237.720001
0.268000	233.371994
0.269000	224.679993
0.270000	222.507996
0.271000	220.335999
0.272000	220.335999
0.273000	220.335999
0.274000	226.856003
0.275000	226.856003
0.276000	226.856003
0.277000	226.856003
0.278000	226.856003
0.279000	218.158997
0.280000	213.815002
0.281000	207.294998
0.282000	200.774994
0.283000	194.253998
0.284000	192.082001
0.285000	187.733994
0.286000	187.733994
0.287000	189.910004
0.288000	194.253998
0.289000	198.602997
0.290000	202.947006
0.291000	207.294998
0.292000	209.466995
0.293000	215.987000
0.294000	215.987000
0.295000	215.987000
0.296000	211.643005
0.297000	209.466995
0.298000	202.947006
0.299000	192.082001
0.300000	189.910004
0.301000	187.733994
0.302000	189.910004
0.303000	192.082001
0.304000	189.910004
0.305000	192.082001
0.306000	198.602997
0.307000	202.947006
0.308000	205.123001
0.309000	209.466995
0.310000	211.643005
0.311000	215.987000
0.312000	209.466995
0.313000	209.466995
0.314000	209.466995
0.315000	200.774994
0.316000	198.602997
0.317000	194.253998
0.318000	192.082001
0.319000	194.253998
0.320000	196.431000
0.321000	202.947006
0.322000	207.294998
0.323000	213.815002
0.324000	215.987000
0.325000	215.987000
0.326000	215.987000
0.327000	215.987000
0.328000	215.987000
0.329000	213.815002
0.330000	213.815002
0.331000	215.987000
0.332000	209.466995
0.333000	209.466995
0.334000	207.294998
0.335000	207.294998
0.336000	207.294998
0.337000	211.643005
0.338000	211.643005
0.339000	213.815002
0.340000	220.335999
0.341000	220.335999
0.342000	226.856003
0.343000	224.679993
0.344000	224.679993
0.345000	226.856003
0.346000	224.679993
0.347000	224.679993
0.348000	220.335999
0.349000	215.987000
0.350000	215.987000
0.351000	211.643005
0.352000	211.643005
0.353000	211.643005
0.354000	213.815002
0.355000	215.987000
0.356000	222.507996
0.357000	224.679993
0.358000	224.679993
0.359000	229.028000
0.360000	233.371994
0.361000	231.199997
0.362000	224.679993
0.363000	226.856003
0.364000	226.856003
0.365000	220.335999
0.366000	215.987000
0.367000	213.815002
0.368000	211.643005
0.369000	211.643005
0.370000	211.643005
0.371000	215.987000
0.372000	213.815002
0.373000	207.294998
0.374000	233.371994
0.375000	215.987000
0.376000	237.720001
0.377000	237.720001
0.378000	239.891998
0.379000	237.720001
0.380000	215.987000
0.381000	218.158997
0.382000	215.987000
0.383000	213.815002
0.384000	213.815002
0.385000	211.643005
0.386000	205.123001
0.387000	209.466995
0.388000	211.643005
0.389000	211.643005
0.390000	220.335999
0.391000	211.643005
0.392000	215.987000
0.393000	222.507996
0.394000	226.856003
0.395000	224.679993
0.396000	222.507996
0.397000	224.679993
0.398000	222.507996
0.399000	215.987000
0.400000	213.815002
0.401000	211.643005
0.402000	213.815002
0.403000	218.158997
0.404000	218.158997
0.405000	218.158997
0.406000	222.507996
0.407000	229.028000
0.408000	239.891998
0.409000	244.240997
0.410000	248.585007
0.411000	246.412994
0.412000	242.069000
0.413000	237.720001
0.414000	235.548004
0.415000	229.028000
0.416000	226.856003
0.417000	224.679993
0.418000	220.335999
0.419000	224.679993
0.420000	222.507996
0.421000	226.856003
0.422000	229.028000
0.423000	237.720001
0.424000	246.412994
0.425000	248.585007
0.426000	248.585007
0.427000	246.412994
0.428000	244.240997
0.429000	242.069000
0.430000	237.720001
0.431000	233.371994
0.432000	226.856003
0.433000	220.335999
0.434000	218.158997
0.435000	211.643005
0.436000	211.643005
0.437000	218.158997
0.438000	218.158997
0.439000	220.335999
0.440000	226.856003
0.441000	226.856003
0.442000	226.856003
0.443000	229.028000
0.444000	231.199997
0.445000	229.028000
0.446000	226.856003
0.447000	226.856003
0.448000	222.507996
0.449000	220.335999
0.450000	218.158997
0.451000	218.158997
0.452000	215.987000
0.453000	215.987000
0.454000	220.335999
0.455000	224.679993
0.456000	229.028000
0.457000	235.548004
0.458000	237.720001
0.459000	239.891998
0.460000	244.240997
0.461000	244.240997
0.462000	242.069000
0.463000	242.069000
0.464000	237.720001
0.465000	231.199997
0.466000	229.028000
0.467000	226.856003
0.468000	222.507996
0.469000	222.507996
0.470000	224.679993
0.471000	226.856003
0.472000	231.199997
0.473000	235.548004
0.474000	239.891998
0.475000	244.240997
0.476000	248.585007
0.477000	246.412994
0.478000	242.069000
0.479000	237.720001
0.480000	237.720001
0.481000	235.548004
0.482000	229.028000
0.483000	220.335999
0.484000	220.335999
0.485000	220.335999
0.486000	220.335999
0.487000	222.507996
0.488000	224.679993
0.489000	226.856003
0.490000	233.371994
0.491000	237.720001
0.492000	237.720001
0.493000	242.069000
0.494000	242.069000
0.495000	242.069000
0.496000	239.891998
0.497000	237.720001
0.498000	231.199997
0.499000	226.856003
0.500000	222.507996
0.501000	220.335999
0.502000	220.335999
0.503000	222.507996
0.504000	226.856003
0.505000	229.028000
0.506000	231.199997
0.507000	235.548004
0.508000	239.891998
0.509000	239.891998
0.510000	244.240997
0.511000	242.069000
0.512000	237.720001
0.513000	235.548004
0.514000	231.199997
0.515000	224.679993
0.516000	222.507996
0.517000	220.335999
0.518000	218.158997
0.519000	215.987000
0.520000	220.335999
0.521000	224.679993
0.522000	224.679993
0.523000	229.028000
0.524000	233.371994
0.525000	233.371994
0.526000	235.548004
0.527000	233.371994
0.528000	233.371994
0.529000	229.028000
0.530000	222.507996
0.531000	220.335999
0.532000	215.987000
0.533000	211.643005
0.534000	211.643005
0.535000	209.466995
0.536000	209.466995
0.537000	213.815002
0.538000	215.987000
0.539000	218.158997
0.540000	224.679993
0.541000	229.028000
0.542000	231.199997
0.543000	235.548004
0.544000	237.720001
0.545000	231.199997
0.546000	229.028000
0.547000	229.028000
0.548000	226.856003
0.549000	224.679993
0.550000	220.335999
0.551000	218.158997
0.552000	213.815002
0.553000	211.643005
0.554000	213.815002
0.555000	213.815002
0.556000	213.815002
0.557000	226.856003
0.558000	224.679993
0.559000	231.199997
0.560000	233.371994
0.561000	231.199997
0.562000	237.720001
0.563000	231.199997
0.564000	224.679993
0.565000	220.335999
0.566000	213.815002
0.567000	207.294998
0.568000	200.774994
0.569000	200.774994
0.570000	200.774994
0.571000	200.774994
0.572000	198.602997
0.573000	211.643005
0.574000	215.987000
0.575000	215.987000
0.576000	218.158997
0.577000	224.679993
0.578000	229.028000
0.579000	222.507996
0.580000	218.158997
0.581000	218.158997
0.582000	211.643005
0.583000	209.466995
0.584000	205.123001
0.585000	209.466995
0.586000	213.815002
0.587000	215.987000
0.588000	218.158997
0.589000	224.679993
0.590000	231.199997
0.591000	235.548004
0.592000	242.069000
0.593000	248.585007
0.594000	250.761002
0.595000	246.412994
0.596000	244.240997
0.597000	237.720001
0.598000	233.371994
0.599000	231.199997
0.600000	229.028000
0.601000	224.679993
0.602000	226.856003
0.603000	226.856003
0.604000	229.028000
0.605000	229.028000
0.606000	231.199997
0.607000	233.371994
0.608000	237.720001
0.609000	237.720001
0.610000	239.891998
0.611000	237.720001
0.612000	235.548004
0.613000	231.199997
0.614000	224.679993
0.615000	220.335999
0.616000	218.158997
0.617000	215.987000
0.618000	207.294998
0.619000	209.466995
0.620000	213.815002
0.621000	213.815002
0.622000	213.815002
0.623000	222.507996
0.624000	229.028000
0.625000	229.028000
0.626000	226.856003
0.627000	231.199997
0.628000	233.371994
0.629000	231.199997
0.630000	226.856003
0.631000	224.679993
0.632000	224.679993
0.633000	224.679993
0.634000	226.856003
0.635000	222.507996
0.636000	205.123001
0.637000	202.947006
0.638000	192.082001
0.639000	181.218002
0.640000	183.389999
0.641000	202.947006
0.642000	198.602997
0.643000	192.082001
0.644000	200.774994
0.645000	218.158997
0.646000	211.643005
0.647000	181.218002
0.648000	163.828995
0.649000	181.218002
0.650000	152.964005
0.651000	124.710999
0.652000	107.325996
0.653000	109.498001
0.654000	120.366997
0.655000	87.769302
0.656000	83.420898
0.657000	116.017998
0.658000	148.615997
0.659000	126.887001
0.660000	120.366997
0.661000	157.313004
0.662000	161.656998
0.663000	126.887001
0.664000	85.592903
0.665000	94.285202
0.666000	98.633698
0.667000	68.208099
0.668000	26.918301
0.669000	37.782600
0.670000	66.036201
0.671000	59.515800
0.672000	46.474998
0.673000	66.036201
0.674000	105.153999
0.675000	111.674004
0.676000	109.498001
0.677000	129.059006
0.678000	157.313004
0.679000	163.828995
0.680000	152.964005
0.681000	155.136002
0.682000	163.828995
0.683000	159.485001
0.684000	155.136002
0.685000	152.964005
0.686000	155.136002
0.687000	159.485001
0.688000	159.485001
0.689000	159.485001
0.690000	163.828995
0.691000	168.177002
0.692000	168.177002
0.693000	166.005005
0.694000	166.005005
0.695000	168.177002
0.696000	168.177002
0.697000	159.485001
0.698000	148.615997
0.699000	142.100006
0.700000	139.923996
0.701000	129.059006
0.702000	120.366997
0.703000	120.366997
0.704000	124.710999
0.705000	124.710999
0.706000	126.887001
0.707000	137.751999
0.708000	142.100006
0.709000	144.272003
0.710000	146.444000
0.711000	150.792007
0.712000	150.792007
0.713000	150.792007
0.714000	146.444000
0.715000	144.272003
0.716000	146.444000
0.717000	144.272003
0.718000	135.580002
0.719000	133.403000
0.720000	144.272003
0.721000	150.792007
0.722000	152.964005
0.723000	159.485001
0.724000	170.348999
0.725000	176.869003
0.726000	181.218002
0.727000	181.218002
0.728000	185.561996
0.729000	185.561996
0.730000	183.389999
0.731000	181.218002
0.732000	181.218002
0.733000	181.218002
0.734000	181.218002
0.735000	179.041000
0.736000	179.041000
0.737000	179.041000
0.738000	179.041000
0.739000	181.218002
0.740000	183.389999
0.741000	185.561996
0.742000	185.561996
0.743000	185.561996
0.744000	183.389999
0.745000	179.041000
0.746000	176.869003
0.747000	172.524994
0.748000	166.005005
0.749000	159.485001
0.750000	155.136002
0.751000	148.615997
0.752000	146.444000
0.753000	146.444000
0.754000	150.792007
0.755000	155.136002
0.756000	155.136002
0.757000	161.656998
0.758000	166.005005
0.759000	166.005005
0.760000	168.177002
0.761000	168.177002
0.762000	168.177002
0.763000	174.697006
0.764000	174.697006
0.765000	168.177002
0.766000	172.524994
0.767000	161.656998
0.768000	155.136002
0.769000	150.792007
0.770000	161.656998
0.771000	174.697006
0.772000	189.910004
0.773000	194.253998
0.774000	200.774994
0.775000	196.431000
0.776000	189.910004
0.777000	183.389999
0.778000	176.869003
0.779000	174.697006
0.780000	170.348999
0.781000	163.828995
0.782000	157.313004
0.783000	161.656998
0.784000	166.005005
0.785000	163.828995
0.786000	159.485001
0.787000	163.828995
0.788000	163.828995
0.789000	163.828995
0.790000	168.177002
0.791000	163.828995
0.792000	159.485001
0.793000	161.656998
0.794000	159.485001
0.795000	159.485001
0.796000	157.313004
0.797000	150.792007
0.798000	146.444000
0.799000	142.100006
0.800000	135.580002
0.801000	131.231003
0.802000	129.059006
0.803000	129.059006
0.804000	131.231003
0.805000	133.403000
0.806000	139.923996
0.807000	148.615997
0.808000	150.792007
0.809000	152.964005
0.810000	155.136002
0.811000	152.964005
0.812000	152.964005
0.813000	150.792007
0.814000	144.272003
0.815000	137.751999
0.816000	139.923996
0.817000	139.923996
0.818000	137.751999
0.819000	139.923996
0.820000	142.100006
0.821000	146.444000
0.822000	148.615997
0.823000	152.964005
0.824000	157.313004
0.825000	155.136002
0.826000	159.485001
0.827000	163.828995
0.828000	166.005005
0.829000	166.005005
0.830000	163.828995
0.831000	157.313004
0.832000	152.964005
0.833000	152.964005
0.834000	150.792007
0.835000	150.792007
0.836000	148.615997
0.837000	148.615997
0.838000	150.792007
0.839000	152.964005
0.840000	159.485001
0.841000	161.656998
0.842000	163.828995
0.843000	166.005005
0.844000	163.828995
0.845000	161.656998
0.846000	159.485001
0.847000	155.136002
0.848000	146.444000
0.849000	139.923996
0.850000	135.580002
0.851000	129.059006
0.852000	124.710999
0.853000	124.710999
0.854000	126.887001
0.855000	129.059006
0.856000	133.403000
0.857000	139.923996
0.858000	139.923996
0.859000	142.100006
0.860000	146.444000
0.861000	146.444000
0.862000	142.100006
0.863000	137.751999
0.864000	137.751999
0.865000	131.231003
0.866000	126.887001
0.867000	122.539001
0.868000	120.366997
0.869000	118.190002
0.870000	118.190002
0.871000	118.190002
0.872000	122.539001
0.873000	124.710999
0.874000	124.710999
0.875000	129.059006
0.876000	133.403000
0.877000	131.231003
0.878000	129.059006
0.879000	124.710999
0.880000	124.710999
0.881000	118.190002
0.882000	109.498001
0.883000	102.982002
0.884000	98.633698
0.885000	92.113297
0.886000	85.592903
0.887000	85.592903
0.888000	85.592903
0.889000	87.769302
0.890000	92.113297
0.891000	94.285202
0.892000	98.633698
0.893000	102.982002
0.894000	105.153999
0.895000	102.982002
0.896000	96.461700
0.897000	92.113297
0.898000	83.420898
0.899000	74.728500
0.900000	70.380096
0.901000	66.036201
0.902000	61.687801
0.903000	59.515800
0.904000	59.515800
0.905000	61.687801
0.906000	68.208099
0.907000	76.900497
0.908000	81.248901
0.909000	87.769302
0.910000	89.941299
0.911000	92.113297
0.912000	87.769302
0.913000	81.248901
0.914000	76.900497
0.915000	68.208099
0.916000	57.343800
0.917000	50.823399
0.918000	42.131001
0.919000	37.782600
0.920000	37.782600
0.921000	39.954601
0.922000	42.131001
0.923000	50.823399
0.924000	59.515800
0.925000	63.859699
0.926000	70.380096
0.927000	72.556602
0.928000	72.556602
0.929000	68.208099
0.930000	63.859699
0.931000	55.167400
0.932000	39.954601
0.933000	33.438702
0.934000	24.741899
0.935000	16.049500
0.936000	9.529110
0.937000	7.357130
0.938000	7.357130
0.939000	9.529110
0.940000	13.877500
0.941000	20.397900
0.942000	24.741899
0.943000	29.090300
0.944000	31.262300
0.945000	26.918301
0.946000	26.918301
0.947000	22.569901
0.948000	11.705500
0.949000	3.013180
0.950000	-5.683640
0.951000	-14.376000
0.952000	-18.719999
0.953000	-23.068399
0.954000	-20.896400
0.955000	-16.548000
0.956000	-7.855620
0.957000	5.185150
0.958000	16.049500
0.959000	29.090300
0.960000	39.954601
0.961000	46.474998
0.962000	46.474998
0.963000	48.646999
0.964000	46.474998
0.965000	39.954601
0.966000	35.610699
0.967000	31.262300
0.968000	26.918301
0.969000	24.741899
0.970000	26.918301
0.971000	31.262300
0.972000	35.610699
0.973000	44.303001
0.974000	55.167400
0.975000	61.687801
0.976000	70.380096
0.977000	74.728500
0.978000	74.728500
0.979000	72.556602
0.980000	70.380096
0.981000	63.859699
0.982000	55.167400
0.983000	48.646999
0.984000	42.131001
0.985000	37.782600
0.986000	33.438702
0.987000	35.610699
0.988000	39.954601
0.989000	46.474998
0.990000	55.167400
0.991000	63.859699
0.992000	72.556602
0.993000	81.248901
0.994000	85.592903
0.995000	85.592903
0.996000	81.248901
0.997000	76.900497
0.998000	66.036201
0.999000	57.343800
1.000000	50.823399
1.001000	44.303001
1.002000	39.954601
1.003000	42.131001
1.004000	44.303001
1.005000	46.474998
1.006000	52.995399
1.007000	63.859699
1.008000	74.728500
1.009000	74.728500
1.010000	87.769302
1.011000	89.941299
1.012000	85.592903
1.013000	85.592903
1.014000	76.900497
1.015000	70.380096
1.016000	61.687801
1.017000	57.343800
1.018000	46.474998
1.019000	46.474998
1.020000	48.646999
1.021000	50.823399
1.022000	50.823399
1.023000	57.343800
1.024000	68.208099
1.025000	70.380096
1.026000	70.380096
1.027000	72.556602
1.028000	74.728500
1.029000	74.728500
1.030000	70.380096
1.031000	63.859699
1.032000	59.515800
1.033000	52.995399
1.034000	46.474998
1.035000	42.131001
1.036000	44.303001
1.037000	48.646999
1.038000	50.823399
1.039000	52.995399
1.040000	63.859699
1.041000	72.556602
1.042000	74.728500
1.043000	79.072502
1.044000	81.248901
1.045000	79.072502
1.046000	72.556602
1.047000	68.208099
1.048000	61.687801
1.049000	57.343800
1.050000	52.995399
1.051000	46.474998
1.052000	44.303001
1.053000	46.474998
1.054000	48.646999
1.055000	52.995399
1.056000	59.515800
1.057000	68.208099
1.058000	74.728500
1.059000	79.072502
1.060000	81.248901
1.061000	81.248901
1.062000	79.072502
1.063000	76.900497
1.064000	74.728500
1.065000	66.036201
1.066000	61.687801
1.067000	57.343800
1.068000	52.995399
1.069000	50.823399
1.070000	52.995399
1.071000	55.167400
1.072000	55.167400
1.073000	61.687801
1.074000	66.036201
1.075000	68.208099
1.076000	72.556602
1.077000	70.380096
1.078000	68.208099
1.079000	66.036201
1.080000	63.859699
1.081000	57.343800
1.082000	48.646999
1.083000	46.474998
1.084000	44.303001
1.085000	39.954601
1.086000	37.782600
1.087000	42.131001
1.088000	48.646999
1.089000	52.995399
1.090000	59.515800
1.091000	63.859699
1.092000	68.208099
1.093000	70.380096
1.094000	70.380096
1.095000	68.208099
1.096000	66.036201
1.097000	66.036201
1.098000	57.343800
1.099000	52.995399
1.100000	48.646999
1.101000	44.303001
1.102000	42.131001
1.103000	42.131001
1.104000	44.303001
1.105000	46.474998
1.106000	52.995399
1.107000	57.343800
1.108000	57.343800
1.109000	57.343800
1.110000	55.167400
1.111000	55.167400
1.112000	52.995399
1.113000	48.646999
1.114000	44.303001
1.115000	37.782600
1.116000	35.610699
1.117000	35.610699
1.118000	31.262300
1.119000	31.262300
1.120000	35.610699
1.121000	37.782600
1.122000	42.131001
1.123000	48.646999
1.124000	50.823399
1.125000	52.995399
1.126000	57.343800
1.127000	55.167400
1.128000	55.167400
1.129000	50.823399
1.130000	46.474998
1.131000	39.954601
1.132000	31.262300
1.133000	26.918301
1.134000	22.569901
1.135000	20.397900
1.136000	20.397900
1.137000	22.569901
1.138000	26.918301
1.139000	33.438702
1.140000	39.954601
1.141000	44.303001
1.142000	48.646999
1.143000	50.823399
1.144000	52.995399
1.145000	50.823399
1.146000	48.646999
1.147000	46.474998
1.148000	37.782600
1.149000	31.262300
1.150000	26.918301
1.151000	22.569901
1.152000	20.397900
1.153000	20.397900
1.154000	22.569901
1.155000	24.741899
1.156000	31.262300
1.157000	37.782600
1.158000	42.131001
1.159000	44.303001
1.160000	46.474998
1.161000	46.474998
1.162000	39.954601
1.163000	37.782600
1.164000	31.262300
1.165000	22.569901
1.166000	16.049500
1.167000	9.529110
1.168000	3.013180
1.169000	0.836746
1.170000	3.013180
1.171000	5.185150
1.172000	7.357130
1.173000	16.049500
1.174000	20.397900
1.175000	26.918301
1.176000	33.438702
1.177000	33.438702
1.178000	31.262300
1.179000	26.918301
1.180000	24.741899
1.181000	18.225901
1.182000	9.529110
1.183000	3.013180
1.184000	-1.335230
1.185000	-5.683640
1.186000	-7.855620
1.187000	-5.683640
1.188000	-1.335230
1.189000	3.013180
1.190000	11.705500
1.191000	18.225901
1.192000	22.569901
1.193000	26.918301
1.194000	26.918301
1.195000	24.741899
1.196000	22.569901
1.197000	18.225901
1.198000	9.529110
1.199000	3.013180
1.200000	-1.335230
1.201000	-7.855620
1.202000	-10.027600
1.203000	-10.027600
1.204000	-10.027600
1.205000	-7.855620
1.206000	-1.335230
1.207000	5.185150
1.208000	9.529110
1.209000	13.877500
1.210000	16.049500
1.211000	16.049500
1.212000	13.877500
1.213000	9.529110
1.214000	5.185150
1.215000	-5.683640
1.216000	-10.027600
1.217000	-14.376000
1.218000	-20.896400
1.219000	-25.240400
1.220000	-23.068399
1.221000	-20.896400
1.222000	-16.548000
1.223000	-7.855620
1.224000	0.836746
1.225000	5.185150
1.226000	11.705500
1.227000	16.049500
1.228000	16.049500
1.229000	11.705500
1.230000	9.529110
1.231000	3.013180
1.232000	-5.683640
1.233000	-12.199600
1.234000	-16.548000
1.235000	-23.068399
1.236000	-25.240400
1.237000	-25.240400
1.238000	-23.068399
1.239000	-16.548000
1.240000	-7.855620
1.241000	-1.335230
1.242000	3.013180
1.243000	7.357130
1.244000	7.357130
1.245000	5.185150
1.246000	0.836746
1.247000	-1.335230
1.248000	-10.027600
1.249000	-16.548000
1.250000	-23.068399
1.251000	-27.412300
1.252000	-29.588800
1.253000	-29.588800
1.254000	-25.240400
1.255000	-23.068399
1.256000	-14.376000
1.257000	-5.683640
1.258000	-3.507210
1.259000	3.013180
1.260000	5.185150
1.261000	5.185150
1.262000	3.013180
1.263000	3.013180
1.264000	-3.507210
1.265000	-12.199600
1.266000	-18.719999
1.267000	-23.068399
1.268000	-29.588800
1.269000	-31.760700
1.270000	-29.588800
1.271000	-27.412300
1.272000	-23.068399
1.273000	-14.376000
1.274000	-10.027600
1.275000	-5.683640
1.276000	-1.335230
1.277000	3.013180
1.278000	0.836746
1.279000	-5.683640
1.280000	-7.855620
1.281000	-12.199600
1.282000	-16.548000
1.283000	-20.896400
1.284000	-23.068399
1.285000	-23.068399
1.286000	-23.068399
1.287000	-18.719999
1.288000	-14.376000
1.289000	-10.027600
1.290000	-1.335230
1.291000	0.836746
1.292000	7.357130
1.293000	9.529110
1.294000	9.529110
1.295000	7.357130
1.296000	3.013180
1.297000	3.013180
1.298000	-3.507210
1.299000	-7.855620
1.300000	-12.199600
1.301000	-18.719999
1.302000	-20.896400
1.303000	-20.896400
1.304000	-16.548000
1.305000	-14.376000
1.306000	-7.855620
1.307000	0.836746
1.308000	5.185150
1.309000	7.357130
1.310000	9.529110
1.311000	11.705500
1.312000	7.357130
1.313000	3.013180
1.314000	0.836746
1.315000	-7.855620
1.316000	-14.376000
1.317000	-18.719999
1.318000	-25.240400
1.319000	-27.412300
1.320000	-25.240400
1.321000	-20.896400
1.322000	-16.548000
1.323000	-10.027600
1.324000	-3.507210
1.325000	0.836746
1.326000	5.185150
1.327000	7.357130
1.328000	5.185150
1.329000	3.013180
1.330000	0.836746
1.331000	-7.855620
1.332000	-14.376000
1.333000	-18.719999
1.334000	-23.068399
1.335000	-27.412300
1.336000	-27.412300
1.337000	-23.068399
1.338000	-20.896400
1.339000	-16.548000
1.340000	-7.855620
1.341000	-3.507210
1.342000	0.836746
1.343000	3.013180
1.344000	3.013180
1.345000	0.836746
1.346000	-1.335230
1.347000	-5.683640
1.348000	-14.376000
1.349000	-20.896400
1.350000	-29.588800
1.351000	-36.109100
1.352000	-38.281101
1.353000	-38.281101
1.354000	-33.932701
1.355000	-29.588800
1.356000	-23.068399
1.357000	-16.548000
1.358000	-10.027600
1.359000	-5.683640
1.360000	-3.507210
1.361000	-3.507210
1.362000	-5.683640
1.363000	-12.199600
1.364000	-16.548000
1.365000	-25.240400
1.366000	-29.588800
1.367000	-33.932701
1.368000	-38.281101
1.369000	-40.453098
1.370000	-40.453098
1.371000	-36.109100
1.372000	-33.932701
1.373000	-25.240400
1.374000	-18.719999
1.375000	-14.376000
1.376000	-12.199600
1.377000	-12.199600
1.378000	-16.548000
1.379000	-20.896400
1.380000	-25.240400
1.381000	-31.760700
1.382000	-38.281101
1.383000	-44.801498
1.384000	-46.973499
1.385000	-49.145500
1.386000	-51.317501
1.387000	-49.145500
1.388000	-44.801498
1.389000	-38.281101
1.390000	-29.588800
1.391000	-23.068399
1.392000	-18.719999
1.393000	-14.376000
1.394000	-12.199600
1.395000	-16.548000
1.396000	-18.719999
1.397000	-25.240400
1.398000	-33.932701
1.399000	-38.281101
1.400000	-42.625099
1.401000	-49.145500
1.402000	-51.317501
1.403000	-51.317501
1.404000	-49.145500
1.405000	-46.973499
1.406000	-40.453098
1.407000	-33.932701
1.408000	-29.588800
1.409000	-23.068399
1.410000	-20.896400
1.411000	-23.068399
1.412000	-23.068399
1.413000	-25.240400
1.414000	-31.760700
1.415000	-42.625099
1.416000	-49.145500
1.417000	-53.493900
1.418000	-57.837799
1.419000	-60.014301
1.420000	-57.837799
1.421000	-53.493900
1.422000	-49.145500
1.423000	-42.625099
1.424000	-38.281101
1.425000	-33.932701
1.426000	-27.412300
1.427000	-25.240400
1.428000	-29.588800
1.429000	-33.932701
1.430000	-40.453098
1.431000	-49.145500
1.432000	-53.493900
1.433000	-60.014301
1.434000	-64.358200
1.435000	-66.530197
1.436000	-66.530197
1.437000	-62.186199
1.438000	-57.837799
1.439000	-49.145500
1.440000	-42.625099
1.441000	-33.932701
1.442000	-27.412300
1.443000	-25.240400
1.444000	-25.240400
1.445000	-27.412300
1.446000	-31.760700
1.447000	-36.109100
1.448000	-42.625099
1.449000	-49.145500
1.450000	-53.493900
1.451000	-60.014301
1.452000	-62.186199
1.453000	-60.014301
1.454000	-60.014301
1.455000	-55.665901
1.456000	-49.145500
1.457000	-42.625099
1.458000	-38.281101
1.459000	-33.932701
1.460000	-31.760700
1.461000	-31.760700
1.462000	-36.109100
1.463000	-38.281101
1.464000	-44.801498
1.465000	-51.317501
1.466000	-57.837799
1.467000	-62.186199
1.468000	-66.530197
1.469000	-68.706596
1.470000	-66.530197
1.471000	-62.186199
1.472000	-57.837799
1.473000	-49.145500
1.474000	-42.625099
1.475000	-40.453098
1.476000	-33.932701
1.477000	-33.932701
1.478000	-36.109100
1.479000	-38.281101
1.480000	-40.453098
1.481000	-49.145500
1.482000	-55.665901
1.483000	-60.014301
1.484000	-66.530197
1.485000	-68.706596
1.486000	-70.878601
1.487000	-66.530197
1.488000	-62.186199
1.489000	-57.837799
1.490000	-49.145500
1.491000	-44.801498
1.492000	-40.453098
1.493000	-36.109100
1.494000	-33.932701
1.495000	-40.453098
1.496000	-40.453098
1.497000	-44.801498
1.498000	-53.493900
1.499000	-60.014301
1.500000	-64.358200
1.501000	-70.878601
1.502000	-75.226997
1.503000	-73.050598
1.504000	-70.878601
1.505000	-66.530197
1.506000	-57.837799
1.507000	-51.317501
1.508000	-46.973499
1.509000	-42.625099
1.510000	-38.281101
1.511000	-40.453098
1.512000	-44.801498
1.513000	-49.145500
1.514000	-53.493900
1.515000	-62.186199
1.516000	-66.530197
1.517000	-70.878601
1.518000	-75.226997
1.519000	-79.570999
1.520000	-77.399002
1.521000	-73.050598
1.522000	-68.706596
1.523000	-60.014301
1.524000	-53.493900
1.525000	-49.145500
1.526000	-44.801498
1.527000	-42.625099
1.528000	-44.801498
1.529000	-49.145500
1.530000	-53.493900
1.531000	-62.186199
1.532000	-70.878601
1.533000	-77.399002
1.534000	-81.742996
1.535000	-86.091400
1.536000	-86.091400
1.537000	-81.742996
1.538000	-79.570999
1.539000	-75.226997
1.540000	-66.530197
1.541000	-62.186199
1.542000	-57.837799
1.543000	-55.665901
1.544000	-55.665901
1.545000	-55.665901
1.546000	-57.837799
1.547000	-62.186199
1.548000	-68.706596
1.549000	-75.226997
1.550000	-79.570999
1.551000	-86.091400
1.552000	-88.263298
1.553000	-86.091400
1.554000	-83.919403
1.555000	-81.742996
1.556000	-73.050598
1.557000	-64.358200
1.558000	-62.186199
1.559000	-57.837799
1.560000	-55.665901
1.561000	-55.665901
1.562000	-60.014301
1.563000	-62.186199
1.564000	-66.530197
1.565000	-75.226997
1.566000	-79.570999
1.567000	-86.091400
1.568000	-90.439796
1.569000	-92.611801
1.570000	-90.439796
1.571000	-86.091400
1.572000	-83.919403
1.573000	-75.226997
1.574000	-70.878601
1.575000	-66.530197
1.576000	-60.014301
1.577000	-57.837799
1.578000	-62.186199
1.579000	-64.358200
1.580000	-66.530197
1.581000	-75.226997
1.582000	-81.742996
1.583000	-86.091400
1.584000	-92.611801
1.585000	-96.955704
1.586000	-96.955704
1.587000	-94.783699
1.588000	-92.611801
1.589000	-86.091400
1.590000	-79.570999
1.591000	-70.878601
1.592000	-68.706596
1.593000	-64.358200
1.594000	-62.186199
1.595000	-64.358200
1.596000	-68.706596
1.597000	-70.878601
1.598000	-81.742996
1.599000	-86.091400
1.600000	-92.611801
1.601000	-99.132103
1.602000	-101.304001
1.603000	-99.132103
1.604000	-96.955704
1.605000	-92.611801
1.606000	-83.919403
1.607000	-75.226997
1.608000	-68.706596
1.609000	-64.358200
1.610000	-62.186199
1.611000	-62.186199
1.612000	-66.530197
1.613000	-70.878601
1.614000	-75.226997
1.615000	-83.919403
1.616000	-90.439796
1.617000	-94.783699
1.618000	-99.132103
1.619000	-101.304001
1.620000	-96.955704
1.621000	-94.783699
1.622000	-90.439796
1.623000	-81.742996
1.624000	-77.399002
1.625000	-70.878601
1.626000	-66.530197
1.627000	-64.358200
1.628000	-66.530197
1.629000	-68.706596
1.630000	-70.878601
1.631000	-81.742996
1.632000	-86.091400
1.633000	-92.611801
1.634000	-96.955704
1.635000	-101.304001
1.636000	-101.304001
1.637000	-99.132103
1.638000	-96.955704
1.639000	-90.439796
1.640000	-83.919403
1.641000	-77.399002
1.642000	-70.878601
1.643000	-70.878601
1.644000	-68.706596
1.645000	-73.050598
1.646000	-75.226997
1.647000	-79.570999
1.648000	-88.263298
1.649000	-94.783699
1.650000	-101.304001
1.651000	-105.653000
1.652000	-109.996002
1.653000	-105.653000
1.654000	-103.475998
1.655000	-101.304001
1.656000	-92.611801
1.657000	-86.091400
1.658000	-81.742996
1.659000	-77.399002
1.660000	-75.226997
1.661000	-75.226997
1.662000	-77.399002
1.663000	-83.919403
1.664000	-90.439796
1.665000	-99.132103
1.666000	-105.653000
1.667000	-109.996002
1.668000	-114.345001
1.669000	-114.345001
1.670000	-112.167999
1.671000	-107.824997
1.672000	-103.475998
1.673000	-94.783699
1.674000	-88.263298
1.675000	-86.091400
1.676000	-77.399002
1.677000	-77.399002
1.678000	-79.570999
1.679000	-83.919403
1.680000	-86.091400
1.681000	-94.783699
1.682000	-101.304001
1.683000	-105.653000
1.684000	-112.167999
1.685000	-114.345001
1.686000	-116.516998
1.687000	-114.345001
1.688000	-109.996002
1.689000	-105.653000
1.690000	-96.955704
1.691000	-88.263298
1.692000	-86.091400
1.693000	-83.919403
1.694000	-83.919403
1.695000	-86.091400
1.696000	-88.263298
1.697000	-90.439796
1.698000	-99.132103
1.699000	-105.653000
1.700000	-109.996002
1.701000	-118.689003
1.702000	-118.689003
1.703000	-118.689003
1.704000	-114.345001
1.705000	-112.167999
1.706000	-103.475998
1.707000	-96.955704
1.708000	-92.611801
1.709000	-86.091400
1.710000	-83.919403
1.711000	-86.091400
1.712000	-88.263298
1.713000	-90.439796
1.714000	-96.955704
1.715000	-105.653000
1.716000	-109.996002
1.717000	-116.516998
1.718000	-120.861000
1.719000	-123.037003
1.720000	-120.861000
1.721000	-116.516998
1.722000	-112.167999
1.723000	-103.475998
1.724000	-96.955704
1.725000	-94.783699
1.726000	-88.263298
1.727000	-86.091400
1.728000	-90.439796
1.729000	-92.611801
1.730000	-96.955704
1.731000	-103.475998
1.732000	-112.167999
1.733000	-116.516998
1.734000	-123.037003
1.735000	-125.209000
1.736000	-127.380997
1.737000	-125.209000
1.738000	-120.861000
1.739000	-114.345001
1.740000	-105.653000
1.741000	-99.132103
1.742000	-94.783699
1.743000	-92.611801
1.744000	-90.439796
1.745000	-94.783699
1.746000	-96.955704
1.747000	-101.304001
1.748000	-109.996002
1.749000	-114.345001
1.750000	-120.861000
1.751000	-125.209000
1.752000	-127.380997
1.753000	-125.209000
1.754000	-123.037003
1.755000	-118.689003
1.756000	-109.996002
1.757000	-105.653000
1.758000	-101.304001
1.759000	-94.783699
1.760000	-92.611801
1.761000	-96.955704
1.762000	-101.304001
1.763000	-107.824997
1.764000	-114.345001
1.765000	-120.861000
1.766000	-123.037003
1.767000	-127.380997
1.768000	-129.557999
1.769000	-131.729996
1.770000	-127.380997
1.771000	-125.209000
1.772000	-120.861000
1.773000	-109.996002
1.774000	-105.653000
1.775000	-103.475998
1.776000	-101.304001
1.777000	-101.304001
1.778000	-107.824997
1.779000	-112.167999
1.780000	-114.345001
1.781000	-127.380997
1.782000	-131.729996
1.783000	-133.901993
1.784000	-140.421997
1.785000	-142.593994
1.786000	-140.421997
1.787000	-138.250000
1.788000	-133.901993
1.789000	-125.209000
1.790000	-116.516998
1.791000	-112.167999
1.792000	-105.653000
1.793000	-103.475998
1.794000	-103.475998
1.795000	-107.824997
1.796000	-118.689003
1.797000	-123.037003
1.798000	-131.729996
1.799000	-133.901993
1.800000	-133.901993
1.801000	-138.250000
1.802000	-140.421997
1.803000	-136.074005
1.804000	-133.901993
1.805000	-129.557999
1.806000	-120.861000
1.807000	-114.345001
1.808000	-109.996002
1.809000	-103.475998
1.810000	-103.475998
1.811000	-105.653000
1.812000	-105.653000
1.813000	-112.167999
1.814000	-118.689003
1.815000	-123.037003
1.816000	-127.380997
1.817000	-131.729996
1.818000	-138.250000
1.819000	-138.250000
1.820000	-136.074005
1.821000	-131.729996
1.822000	-129.557999
1.823000	-118.689003
1.824000	-112.167999
1.825000	-107.824997
1.826000	-103.475998
1.827000	-101.304001
1.828000	-103.475998
1.829000	-105.653000
1.830000	-109.996002
1.831000	-118.689003
1.832000	-123.037003
1.833000	-129.557999
1.834000	-136.074005
1.835000	-136.074005
1.836000	-136.074005
1.837000	-133.901993
1.838000	-131.729996
1.839000	-125.209000
1.840000	-116.516998
1.841000	-112.167999
1.842000	-105.653000
1.843000	-103.475998
1.844000	-101.304001
1.845000	-105.653000
1.846000	-109.996002
1.847000	-112.167999
1.848000	-120.861000
1.849000	-129.557999
1.850000	-131.729996
1.851000	-138.250000
1.852000	-140.421997
1.853000	-138.250000
1.854000	-133.901993
1.855000	-131.729996
1.856000	-123.037003
1.857000	-116.516998
1.858000	-109.996002
1.859000	-105.653000
1.860000	-103.475998
1.861000	-105.653000
1.862000	-107.824997
1.863000	-109.996002
1.864000	-116.516998
1.865000	-125.209000
1.866000	-129.557999
1.867000	-138.250000
1.868000	-140.421997
1.869000	-142.593994
1.870000	-140.421997
1.871000	-136.074005
1.872000	-129.557999
1.873000	-120.861000
1.874000	-114.345001
1.875000	-109.996002
1.876000	-105.653000
1.877000	-101.304001
1.878000	-103.475998
1.879000	-105.653000
1.880000	-112.167999
1.881000	-118.689003
1.882000	-125.209000
1.883000	-131.729996
1.884000	-138.250000
1.885000	-140.421997
1.886000	-140.421997
1.887000	-138.250000
1.888000	-136.074005
1.889000	-129.557999
1.890000	-120.861000
1.891000	-114.345001
1.892000	-109.996002
1.893000	-107.824997
1.894000	-105.653000
1.895000	-107.824997
1.896000	-112.167999
1.897000	-116.516998
1.898000	-125.209000
1.899000	-131.729996
1.900000	-136.074005
1.901000	-140.421997
1.902000	-142.593994
1.903000	-140.421997
1.904000	-138.250000
1.905000	-136.074005
1.906000	-127.380997
1.907000	-118.689003
1.908000	-114.345001
1.909000	-109.996002
1.910000	-105.653000
1.911000	-109.996002
1.912000	-114.345001
1.913000	-116.516998
1.914000	-123.037003
1.915000	-131.729996
1.916000	-136.074005
1.917000	-142.593994
1.918000	-146.942001
1.919000	-149.113998
1.920000	-149.113998
1.921000	-144.770004
1.922000	-140.421997
1.923000	-131.729996
1.924000	-125.209000
1.925000	-120.861000
1.926000	-114.345001
1.927000	-112.167999
1.928000	-116.516998
1.929000	-118.689003
1.930000	-125.209000
1.931000	-131.729996
1.932000	-136.074005
1.933000	-140.421997
1.934000	-146.942001
1.935000	-151.285995
1.936000	-151.285995
1.937000	-149.113998
1.938000	-146.942001
1.939000	-140.421997
1.940000	-131.729996
1.941000	-127.380997
1.942000	-123.037003
1.943000	-120.861000
1.944000	-118.689003
1.945000	-120.861000
1.946000	-125.209000
1.947000	-131.729996
1.948000	-140.421997
1.949000	-144.770004
1.950000	-151.285995
1.951000	-155.634995
1.952000	-157.807007
1.953000	-155.634995
1.954000	-153.462997
1.955000	-149.113998
1.956000	-138.250000
1.957000	-133.901993
1.958000	-127.380997
1.959000	-120.861000
1.960000	-118.689003
1.961000	-118.689003
1.962000	-120.861000
1.963000	-125.209000
1.964000	-131.729996
1.965000	-138.250000
1.966000	-144.770004
1.967000	-149.113998
1.968000	-153.462997
1.969000	-155.634995
1.970000	-153.462997
1.971000	-149.113998
1.972000	-144.770004
1.973000	-136.074005
1.974000	-129.557999
1.975000	-123.037003
1.976000	-118.689003
1.977000	-118.689003
1.978000	-120.861000
1.979000	-123.037003
1.980000	-125.209000
1.981000	-136.074005
1.982000	-140.421997
1.983000	-146.942001
1.984000	-153.462997
1.985000	-157.807007
1.986000	-155.634995
1.987000	-155.634995
1.988000	-151.285995
1.989000	-142.593994
1.990000	-133.901993
1.991000	-127.380997
1.992000	-123.037003
1.993000	-120.861000
1.994000	-118.689003
1.995000	-120.861000
1.996000	-125.209000
1.997000	-129.557999
1.998000	-138.250000
1.999000	-144.770004
2.000000	-149.113998
2.001000	-155.634995
2.002000	-157.807007
2.003000	-153.462997
2.004000	-151.285995
2.005000	-146.942001
2.006000	-138.250000
2.007000	-131.729996
2.008000	-127.380997
2.009000	-123.037003
2.010000	-120.861000
2.011000	-123.037003
2.012000	-125.209000
2.013000	-129.557999
2.014000	-136.074005
2.015000	-144.770004
2.016000	-149.113998
2.017000	-153.462997
2.018000	-157.807007
2.019000	-159.983002
2.020000	-155.634995
2.021000	-153.462997
2.022000	-149.113998
2.023000	-138.250000
2.024000	-133.901993
2.025000	-129.557999
2.026000	-125.209000
2.027000	-123.037003
2.028000	-127.380997
2.029000	-129.557999
2.030000	-133.901993
2.031000	-140.421997
2.032000	-149.113998
2.033000	-153.462997
2.034000	-157.807007
2.035000	-162.154999
2.036000	-159.983002
2.037000	-157.807007
2.038000	-155.634995
2.039000	-146.942001
2.040000	-138.250000
2.041000	-131.729996
2.042000	-127.380997
2.043000	-123.037003
2.044000	-125.209000
2.045000	-127.380997
2.046000	-131.729996
2.047000	-133.901993
2.048000	-142.593994
2.049000	-149.113998
2.050000	-155.634995
2.051000	-162.154999
2.052000	-164.326996
2.053000	-162.154999
2.054000	-159.983002
2.055000	-155.634995
2.056000	-146.942001
2.057000	-140.421997
2.058000	-133.901993
2.059000	-129.557999
2.060000	-125.209000
2.061000	-127.380997
2.062000	-129.557999
2.063000	-133.901993
2.064000	-140.421997
2.065000	-149.113998
2.066000	-155.634995
2.067000	-162.154999
2.068000	-164.326996
2.069000	-166.498993
2.070000	-164.326996
2.071000	-159.983002
2.072000	-155.634995
2.073000	-144.770004
2.074000	-140.421997
2.075000	-133.901993
2.076000	-129.557999
2.077000	-127.380997
2.078000	-131.729996
2.079000	-136.074005
2.080000	-138.250000
2.081000	-146.942001
2.082000	-153.462997
2.083000	-159.983002
2.084000	-166.498993
2.085000	-170.848007
2.086000	-170.848007
2.087000	-168.675995
2.088000	-166.498993
2.089000	-157.807007
2.090000	-149.113998
2.091000	-144.770004
2.092000	-140.421997
2.093000	-136.074005
2.094000	-136.074005
2.095000	-138.250000
2.096000	-142.593994
2.097000	-149.113998
2.098000	-159.983002
2.099000	-166.498993
2.100000	-170.848007
2.101000	-177.367996
2.102000	-179.539993
2.103000	-175.195999
2.104000	-170.848007
2.105000	-166.498993
2.106000	-157.807007
2.107000	-149.113998
2.108000	-144.770004
2.109000	-138.250000
2.110000	-136.074005
2.111000	-136.074005
2.112000	-138.250000
2.113000	-142.593994
2.114000	-149.113998
2.115000	-155.634995
2.116000	-162.154999
2.117000	-166.498993
2.118000	-170.848007
2.119000	-173.018997
2.120000	-170.848007
2.121000	-168.675995
2.122000	-164.326996
2.123000	-153.462997
2.124000	-149.113998
2.125000	-144.770004
2.126000	-138.250000
2.127000	-136.074005
2.128000	-138.250000
2.129000	-142.593994
2.130000	-144.770004
2.131000	-153.462997
2.132000	-162.154999
2.133000	-166.498993
2.134000	-173.018997
2.135000	-175.195999
2.136000	-175.195999
2.137000	-173.018997
2.138000	-168.675995
2.139000	-159.983002
2.140000	-153.462997
2.141000	-146.942001
2.142000	-140.421997
2.143000	-138.250000
2.144000	-138.250000
2.145000	-140.421997
2.146000	-142.593994
2.147000	-146.942001
2.148000	-155.634995
2.149000	-162.154999
2.150000	-168.675995
2.151000	-173.018997
2.152000	-175.195999
2.153000	-173.018997
2.154000	-170.848007
2.155000	-166.498993
2.156000	-155.634995
2.157000	-149.113998
2.158000	-144.770004
2.159000	-138.250000
2.160000	-133.901993
2.161000	-138.250000
2.162000	-140.421997
2.163000	-144.770004
2.164000	-151.285995
2.165000	-157.807007
2.166000	-162.154999
2.167000	-168.675995
2.168000	-173.018997
2.169000	-173.018997
2.170000	-173.018997
2.171000	-168.675995
2.172000	-162.154999
2.173000	-153.462997
2.174000	-149.113998
2.175000	-142.593994
2.176000	-140.421997
2.177000	-138.250000
2.178000	-140.421997
2.179000	-144.770004
2.180000	-149.113998
2.181000	-157.807007
2.182000	-164.326996
2.183000	-168.675995
2.184000	-173.018997
2.185000	-179.539993
2.186000	-177.367996
2.187000	-175.195999
2.188000	-170.848007
2.189000	-162.154999
2.190000	-155.634995
2.191000	-149.113998
2.192000	-144.770004
2.193000	-140.421997
2.194000	-142.593994
2.195000	-146.942001
2.196000	-149.113998
2.197000	-153.462997
2.198000	-164.326996
2.199000	-168.675995
2.200000	-175.195999
2.201000	-179.539993
2.202000	-181.712006
2.203000	-179.539993
2.204000	-175.195999
2.205000	-170.848007
2.206000	-162.154999
2.207000	-155.634995
2.208000	-149.113998
2.209000	-144.770004
2.210000	-140.421997
2.211000	-142.593994
2.212000	-144.770004
2.213000	-149.113998
2.214000	-157.807007
2.215000	-164.326996
2.216000	-170.848007
2.217000	-175.195999
2.218000	-179.539993
2.219000	-179.539993
2.220000	-177.367996
2.221000	-173.018997
2.222000	-166.498993
2.223000	-157.807007
2.224000	-153.462997
2.225000	-149.113998
2.226000	-144.770004
2.227000	-142.593994
2.228000	-144.770004
2.229000	-146.942001
2.230000	-149.113998
2.231000	-159.983002
2.232000	-166.498993
2.233000	-170.848007
2.234000	-179.539993
2.235000	-183.888000
2.236000	-181.712006
2.237000	-179.539993
2.238000	-173.018997
2.239000	-166.498993
2.240000	-159.983002
2.241000	-153.462997
2.242000	-149.113998
2.243000	-146.942001
2.244000	-146.942001
2.245000	-149.113998
2.246000	-151.285995
2.247000	-157.807007
2.248000	-166.498993
2.249000	-175.195999
2.250000	-179.539993
2.251000	-183.888000
2.252000	-188.231995
2.253000	-183.888000
2.254000	-181.712006
2.255000	-177.367996
2.256000	-168.675995
2.257000	-162.154999
2.258000	-155.634995
2.259000	-149.113998
2.260000	-144.770004
2.261000	-149.113998
2.262000	-153.462997
2.263000	-157.807007
2.264000	-164.326996
2.265000	-173.018997
2.266000	-177.367996
2.267000	-181.712006
2.268000	-188.231995
2.269000	-188.231995
2.270000	-181.712006
2.271000	-179.539993
2.272000	-173.018997
2.273000	-164.326996
2.274000	-157.807007
2.275000	-153.462997
2.276000	-149.113998
2.277000	-146.942001
2.278000	-149.113998
2.279000	-151.285995
2.280000	-153.462997
2.281000	-164.326996
2.282000	-168.675995
2.283000	-175.195999
2.284000	-183.888000
2.285000	-183.888000
2.286000	-186.059998
2.287000	-183.888000
2.288000	-181.712006
2.289000	-173.018997
2.290000	-164.326996
2.291000	-159.983002
2.292000	-153.462997
2.293000	-151.285995
2.294000	-149.113998
2.295000	-151.285995
2.296000	-153.462997
2.297000	-155.634995
2.298000	-166.498993
2.299000	-170.848007
2.300000	-177.367996
2.301000	-179.539993
2.302000	-183.888000
2.303000	-181.712006
2.304000	-177.367996
2.305000	-173.018997
2.306000	-164.326996
2.307000	-157.807007
2.308000	-151.285995
2.309000	-146.942001
2.310000	-142.593994
2.311000	-146.942001
2.312000	-149.113998
2.313000	-153.462997
2.314000	-164.326996
2.315000	-170.848007
2.316000	-177.367996
2.317000	-183.888000
2.318000	-188.231995
2.319000	-188.231995
2.320000	-183.888000
2.321000	-179.539993
2.322000	-175.195999
2.323000	-166.498993
2.324000	-159.983002
2.325000	-155.634995
2.326000	-153.462997
2.327000	-149.113998
2.328000	-153.462997
2.329000	-155.634995
2.330000	-159.983002
2.331000	-168.675995
2.332000	-175.195999
2.333000	-181.712006
2.334000	-186.059998
2.335000	-190.404007
2.336000	-188.231995
2.337000	-186.059998
2.338000	-183.888000
2.339000	-175.195999
2.340000	-168.675995
2.341000	-162.154999
2.342000	-157.807007
2.343000	-155.634995
2.344000	-155.634995
2.345000	-157.807007
2.346000	-162.154999
2.347000	-166.498993
2.348000	-175.195999
2.349000	-179.539993
2.350000	-186.059998
2.351000	-190.404007
2.352000	-192.580994
2.353000	-190.404007
2.354000	-188.231995
2.355000	-183.888000
2.356000	-175.195999
2.357000	-166.498993
2.358000	-164.326996
2.359000	-157.807007
2.360000	-155.634995
2.361000	-157.807007
2.362000	-162.154999
2.363000	-166.498993
2.364000	-173.018997
2.365000	-181.712006
2.366000	-186.059998
2.367000	-192.580994
2.368000	-196.925003
2.369000	-196.925003
2.370000	-192.580994
2.371000	-190.404007
2.372000	-183.888000
2.373000	-175.195999
2.374000	-168.675995
2.375000	-162.154999
2.376000	-157.807007
2.377000	-153.462997
2.378000	-157.807007
2.379000	-159.983002
2.380000	-162.154999
2.381000	-173.018997
2.382000	-179.539993
2.383000	-183.888000
2.384000	-190.404007
2.385000	-194.753006
2.386000	-192.580994
2.387000	-190.404007
2.388000	-188.231995
2.389000	-179.539993
2.390000	-170.848007
2.391000	-166.498993
2.392000	-162.154999
2.393000	-157.807007
2.394000	-157.807007
2.395000	-159.983002
2.396000	-164.326996
2.397000	-168.675995
2.398000	-177.367996
2.399000	-183.888000
2.400000	-188.231995
2.401000	-194.753006
2.402000	-196.925003
2.403000	-192.580994
2.404000	-190.404007
2.405000	-186.059998
2.406000	-177.367996
2.407000	-168.675995
2.408000	-164.326996
2.409000	-157.807007
2.410000	-155.634995
2.411000	-157.807007
2.412000	-162.154999
2.413000	-166.498993
2.414000	-175.195999
2.415000	-181.712006
2.416000	-188.231995
2.417000	-190.404007
2.418000	-194.753006
2.419000	-194.753006
2.420000	-190.404007
2.421000	-186.059998
2.422000	-179.539993
2.423000	-170.848007
2.424000	-164.326996
2.425000	-159.983002
2.426000	-157.807007
2.427000	-155.634995
2.428000	-162.154999
2.429000	-164.326996
2.430000	-166.498993
2.431000	-177.367996
2.432000	-183.888000
2.433000	-188.231995
2.434000	-194.753006
2.435000	-196.925003
2.436000	-196.925003
2.437000	-192.580994
2.438000	-188.231995
2.439000	-181.712006
2.440000	-175.195999
2.441000	-168.675995
2.442000	-164.326996
2.443000	-162.154999
2.444000	-162.154999
2.445000	-166.498993
2.446000	-170.848007
2.447000	-175.195999
2.448000	-181.712006
2.449000	-188.231995
2.450000	-192.580994
2.451000	-199.100998
2.452000	-199.100998
2.453000	-196.925003
2.454000	-192.580994
2.455000	-188.231995
2.456000	-179.539993
2.457000	-173.018997
2.458000	-166.498993
2.459000	-162.154999
2.460000	-159.983002
2.461000	-162.154999
2.462000	-164.326996
2.463000	-168.675995
2.464000	-177.367996
2.465000	-183.888000
2.466000	-192.580994
2.467000	-199.100998
2.468000	-201.272995
2.469000	-203.445007
2.470000	-201.272995
2.471000	-196.925003
2.472000	-190.404007
2.473000	-181.712006
2.474000	-175.195999
2.475000	-170.848007
2.476000	-166.498993
2.477000	-164.326996
2.478000	-166.498993
2.479000	-168.675995
2.480000	-170.848007
2.481000	-181.712006
2.482000	-186.059998
2.483000	-192.580994
2.484000	-199.100998
2.485000	-201.272995
2.486000	-201.272995
2.487000	-196.925003
2.488000	-192.580994
2.489000	-183.888000
2.490000	-177.367996
2.491000	-173.018997
2.492000	-170.848007
2.493000	-170.848007
2.494000	-170.848007
2.495000	-173.018997
2.496000	-175.195999
2.497000	-181.712006
2.498000	-190.404007
2.499000	-194.753006
2.500000	-199.100998
2.501000	-203.445007
2.502000	-203.445007
2.503000	-201.272995
2.504000	-199.100998
2.505000	-196.925003
2.506000	-188.231995
2.507000	-183.888000
2.508000	-179.539993
2.509000	-175.195999
2.510000	-173.018997
2.511000	-175.195999
2.512000	-179.539993
2.513000	-181.712006
2.514000	-188.231995
2.515000	-194.753006
2.516000	-199.100998
2.517000	-203.445007
2.518000	-207.792999
2.519000	-207.792999
2.520000	-203.445007
2.521000	-201.272995
2.522000	-190.404007
2.523000	-181.712006
2.524000	-177.367996
2.525000	-173.018997
2.526000	-170.848007
2.527000	-168.675995
2.528000	-173.018997
2.529000	-173.018997
2.530000	-179.539993
2.531000	-186.059998
2.532000	-190.404007
2.533000	-196.925003
2.534000	-203.445007
2.535000	-205.617004
2.536000	-203.445007
2.537000	-201.272995
2.538000	-199.100998
2.539000	-190.404007
2.540000	-183.888000
2.541000	-179.539993
2.542000	-173.018997
2.543000	-170.848007
2.544000	-170.848007
2.545000	-175.195999
2.546000	-179.539993
2.547000	-186.059998
2.548000	-192.580994
2.549000	-196.925003
2.550000	-201.272995
2.551000	-205.617004
2.552000	-207.792999
2.553000	-205.617004
2.554000	-201.272995
2.555000	-196.925003
2.556000	-188.231995
2.557000	-181.712006
2.558000	-177.367996
2.559000	-170.848007
2.560000	-168.675995
2.561000	-170.848007
2.562000	-175.195999
2.563000	-179.539993
2.564000	-188.231995
2.565000	-196.925003
2.566000	-201.272995
2.567000	-205.617004
2.568000	-207.792999
2.569000	-207.792999
2.570000	-203.445007
2.571000	-199.100998
2.572000	-192.580994
2.573000	-186.059998
2.574000	-177.367996
2.575000	-170.848007
2.576000	-168.675995
2.577000	-166.498993
2.578000	-170.848007
2.579000	-173.018997
2.580000	-177.367996
2.581000	-186.059998
2.582000	-192.580994
2.583000	-199.100998
2.584000	-205.617004
2.585000	-207.792999
2.586000	-205.617004
2.587000	-201.272995
2.588000	-199.100998
2.589000	-190.404007
2.590000	-181.712006
2.591000	-177.367996
2.592000	-170.848007
2.593000	-168.675995
2.594000	-166.498993
2.595000	-170.848007
2.596000	-175.195999
2.597000	-181.712006
2.598000	-192.580994
2.599000	-196.925003
2.600000	-203.445007
2.601000	-207.792999
2.602000	-209.964996
2.603000	-205.617004
2.604000	-201.272995
2.605000	-196.925003
2.606000	-186.059998
2.607000	-181.712006
2.608000	-175.195999
2.609000	-170.848007
2.610000	-166.498993
2.611000	-170.848007
2.612000	-173.018997
2.613000	-177.367996
2.614000	-183.888000
2.615000	-190.404007
2.616000	-196.925003
2.617000	-201.272995
2.618000	-205.617004
2.619000	-207.792999
2.620000	-205.617004
2.621000	-201.272995
2.622000	-196.925003
2.623000	-188.231995
2.624000	-181.712006
2.625000	-175.195999
2.626000	-173.018997
2.627000	-170.848007
2.628000	-175.195999
2.629000	-175.195999
2.630000	-181.712006
2.631000	-190.404007
2.632000	-196.925003
2.633000	-201.272995
2.634000	-205.617004
2.635000	-207.792999
2.636000	-203.445007
2.637000	-201.272995
2.638000	-199.100998
2.639000	-192.580994
2.640000	-183.888000
2.641000	-179.539993
2.642000	-173.018997
2.643000	-170.848007
2.644000	-173.018997
2.645000	-175.195999
2.646000	-179.539993
2.647000	-186.059998
2.648000	-192.580994
2.649000	-196.925003
2.650000	-201.272995
2.651000	-203.445007
2.652000	-205.617004
2.653000	-201.272995
2.654000	-199.100998
2.655000	-194.753006
2.656000	-186.059998
2.657000	-179.539993
2.658000	-173.018997
2.659000	-168.675995
2.660000	-166.498993
2.661000	-170.848007
2.662000	-173.018997
2.663000	-177.367996
2.664000	-188.231995
2.665000	-194.753006
2.666000	-201.272995
2.667000	-207.792999
2.668000	-209.964996
2.669000	-209.964996
2.670000	-207.792999
2.671000	-205.617004
2.672000	-196.925003
2.673000	-190.404007
2.674000	-183.888000
2.675000	-177.367996
2.676000	-175.195999
2.677000	-173.018997
2.678000	-177.367996
2.679000	-181.712006
2.680000	-186.059998
2.681000	-194.753006
2.682000	-199.100998
2.683000	-203.445007
2.684000	-209.964996
2.685000	-212.136993
2.686000	-209.964996
2.687000	-207.792999
2.688000	-203.445007
2.689000	-194.753006
2.690000	-188.231995
2.691000	-181.712006
2.692000	-175.195999
2.693000	-175.195999
2.694000	-175.195999
2.695000	-177.367996
2.696000	-179.539993
2.697000	-188.231995
2.698000	-194.753006
2.699000	-201.272995
2.700000	-207.792999
2.701000	-209.964996
2.702000	-214.313995
2.703000	-209.964996
2.704000	-205.617004
2.705000	-201.272995
2.706000	-190.404007
2.707000	-183.888000
2.708000	-179.539993
2.709000	-173.018997
2.710000	-170.848007
2.711000	-173.018997
2.712000	-179.539993
2.713000	-181.712006
2.714000	-190.404007
2.715000	-196.925003
2.716000	-201.272995
2.717000	-205.617004
2.718000	-209.964996
2.719000	-212.136993
2.720000	-209.964996
2.721000	-205.617004
2.722000	-199.100998
2.723000	-190.404007
2.724000	-186.059998
2.725000	-181.712006
2.726000	-179.539993
2.727000	-177.367996
2.728000	-179.539993
2.729000	-183.888000
2.730000	-183.888000
2.731000	-192.580994
2.732000	-199.100998
2.733000	-203.445007
2.734000	-212.136993
2.735000	-214.313995
2.736000	-212.136993
2.737000	-207.792999
2.738000	-203.445007
2.739000	-194.753006
2.740000	-188.231995
2.741000	-183.888000
2.742000	-177.367996
2.743000	-173.018997
2.744000	-177.367996
2.745000	-181.712006
2.746000	-183.888000
2.747000	-190.404007
2.748000	-196.925003
2.749000	-201.272995
2.750000	-207.792999
2.751000	-212.136993
2.752000	-214.313995
2.753000	-209.964996
2.754000	-207.792999
2.755000	-201.272995
2.756000	-192.580994
2.757000	-188.231995
2.758000	-181.712006
2.759000	-175.195999
2.760000	-175.195999
2.761000	-177.367996
2.762000	-179.539993
2.763000	-183.888000
2.764000	-190.404007
2.765000	-196.925003
2.766000	-203.445007
2.767000	-207.792999
2.768000	-212.136993
2.769000	-209.964996
2.770000	-207.792999
2.771000	-205.617004
2.772000	-196.925003
2.773000	-188.231995
2.774000	-181.712006
2.775000	-177.367996
2.776000	-175.195999
2.777000	-173.018997
2.778000	-177.367996
2.779000	-181.712006
2.780000	-188.231995
2.781000	-196.925003
2.782000	-199.100998
2.783000	-203.445007
2.784000	-209.964996
2.785000	-209.964996
2.786000	-209.964996
2.787000	-205.617004
2.788000	-201.272995
2.789000	-192.580994
2.790000	-183.888000
2.791000	-179.539993
2.792000	-173.018997
2.793000	-170.848007
2.794000	-170.848007
2.795000	-175.195999
2.796000	-177.367996
2.797000	-183.888000
2.798000	-192.580994
2.799000	-199.100998
2.800000	-205.617004
2.801000	-209.964996
2.802000	-212.136993
2.803000	-207.792999
2.804000	-205.617004
2.805000	-199.100998
2.806000	-190.404007
2.807000	-183.888000
2.808000	-177.367996
2.809000	-173.018997
2.810000	-170.848007
2.811000	-175.195999
2.812000	-179.539993
2.813000	-181.712006
2.814000	-190.404007
2.815000	-196.925003
2.816000	-201.272995
2.817000	-207.792999
2.818000	-212.136993
2.819000	-209.964996
2.820000	-207.792999
2.821000	-203.445007
2.822000	-194.753006
2.823000	-188.231995
2.824000	-181.712006
2.825000	-177.367996
2.826000	-173.018997
2.827000	-173.018997
2.828000	-177.367996
2.829000	-179.539993
2.830000	-186.059998
2.831000	-194.753006
2.832000	-201.272995
2.833000	-203.445007
2.834000	-209.964996
2.835000	-212.136993
2.836000	-209.964996
2.837000	-205.617004
2.838000	-203.445007
2.839000	-192.580994
2.840000	-186.059998
2.841000	-181.712006
2.842000	-175.195999
2.843000	-170.848007
2.844000	-175.195999
2.845000	-177.367996
2.846000	-181.712006
2.847000	-188.231995
2.848000	-196.925003
2.849000	-201.272995
2.850000	-207.792999
2.851000	-212.136993
2.852000	-214.313995
2.853000	-209.964996
2.854000	-205.617004
2.855000	-201.272995
2.856000	-192.580994
2.857000	-186.059998
2.858000	-181.712006
2.859000	-177.367996
2.860000	-177.367996
2.861000	-179.539993
2.862000	-181.712006
2.863000	-183.888000
2.864000	-194.753006
2.865000	-199.100998
2.866000	-205.617004
2.867000	-209.964996
2.868000	-214.313995
2.869000	-214.313995
2.870000	-209.964996
2.871000	-205.617004
2.872000	-199.100998
2.873000	-190.404007
2.874000	-186.059998
2.875000	-181.712006
2.876000	-179.539993
2.877000	-177.367996
2.878000	-181.712006
2.879000	-183.888000
2.880000	-188.231995
2.881000	-196.925003
2.882000	-203.445007
2.883000	-209.964996
2.884000	-214.313995
2.885000	-218.658005
2.886000	-216.485992
2.887000	-214.313995
2.888000	-209.964996
2.889000	-201.272995
2.890000	-192.580994
2.891000	-188.231995
2.892000	-183.888000
2.893000	-179.539993
2.894000	-179.539993
2.895000	-183.888000
2.896000	-188.231995
2.897000	-194.753006
2.898000	-203.445007
2.899000	-207.792999
2.900000	-214.313995
2.901000	-218.658005
2.902000	-220.830002
2.903000	-218.658005
2.904000	-216.485992
2.905000	-209.964996
2.906000	-199.100998
2.907000	-194.753006
2.908000	-188.231995
2.909000	-183.888000
2.910000	-181.712006
2.911000	-186.059998
2.912000	-188.231995
2.913000	-192.580994
2.914000	-199.100998
2.915000	-205.617004
2.916000	-209.964996
2.917000	-218.658005
2.918000	-220.830002
2.919000	-218.658005
2.920000	-214.313995
2.921000	-209.964996
2.922000	-201.272995
2.923000	-192.580994
2.924000	-188.231995
2.925000	-183.888000
2.926000	-181.712006
2.927000	-181.712006
2.928000	-183.888000
2.929000	-188.231995
2.930000	-192.580994
2.931000	-201.272995
2.932000	-207.792999
2.933000	-212.136993
2.934000	-216.485992
2.935000	-218.658005
2.936000	-216.485992
2.937000	-212.136993
2.938000	-207.792999
2.939000	-199.100998
2.940000	-192.580994
2.941000	-188.231995
2.942000	-183.888000
2.943000	-181.712006
2.944000	-183.888000
2.945000	-188.231995
2.946000	-190.404007
2.947000	-196.925003
2.948000	-205.617004
2.949000	-209.964996
2.950000	-216.485992
2.951000	-218.658005
2.952000	-220.830002
2.953000	-216.485992
2.954000	-214.313995
2.955000	-209.964996
2.956000	-199.100998
2.957000	-192.580994
2.958000	-190.404007
2.959000	-183.888000
2.960000	-181.712006
2.961000	-183.888000
2.962000	-188.231995
2.963000	-190.404007
2.964000	-201.272995
2.965000	-207.792999
2.966000	-214.313995
2.967000	-220.830002
2.968000	-223.005997
2.969000	-223.005997
2.970000	-218.658005
2.971000	-216.485992
2.972000	-205.617004
2.973000	-199.100998
2.974000	-194.753006
2.975000	-190.404007
2.976000	-190.404007
2.977000	-190.404007
2.978000	-194.753006
2.979000	-196.925003
2.980000	-201.272995
2.981000	-212.136993
2.982000	-216.485992
2.983000	-220.830002
2.984000	-225.177994
2.985000	-227.350006
2.986000	-225.177994
2.987000	-223.005997
2.988000	-218.658005
2.989000	-209.964996
2.990000	-205.617004
2.991000	-199.100998
2.992000	-194.753006
2.993000	-192.580994
2.994000	-196.925003
2.995000	-199.100998
2.996000	-203.445007
2.997000	-207.792999
2.998000	-214.313995
2.999000	-218.658005
3.000000	-225.177994
3.001000	-227.350006
3.002000	-227.350006
3.003000	-225.177994
3.004000	-223.005997
3.005000	-216.485992
3.006000	-207.792999
3.007000	-201.272995
3.008000	-196.925003
3.009000	-192.580994
3.010000	-190.404007
3.011000	-192.580994
3.012000	-194.753006
3.013000	-199.100998
3.014000	-207.792999
3.015000	-214.313995
3.016000	-218.658005
3.017000	-225.177994
3.018000	-229.526993
3.019000	-227.350006
3.020000	-225.177994
3.021000	-220.830002
3.022000	-212.136993
3.023000	-203.445007
3.024000	-196.925003
3.025000	-192.580994
3.026000	-190.404007
3.027000	-186.059998
3.028000	-190.404007
3.029000	-194.753006
3.030000	-201.272995
3.031000	-207.792999
3.032000	-214.313995
3.033000	-220.830002
3.034000	-225.177994
3.035000	-225.177994
3.036000	-225.177994
3.037000	-220.830002
3.038000	-216.485992
3.039000	-205.617004
3.040000	-199.100998
3.041000	-192.580994
3.042000	-188.231995
3.043000	-186.059998
3.044000	-188.231995
3.045000	-192.580994
3.046000	-194.753006
3.047000	-203.445007
3.048000	-207.792999
3.049000	-216.485992
3.050000	-220.830002
3.051000	-225.177994
3.052000	-225.177994
3.053000	-223.005997
3.054000	-220.830002
3.055000	-214.313995
3.056000	-203.445007
3.057000	-199.100998
3.058000	-194.753006
3.059000	-190.404007
3.060000	-188.231995
3.061000	-190.404007
3.062000	-192.580994
3.063000	-196.925003
3.064000	-205.617004
3.065000	-212.136993
3.066000	-216.485992
3.067000	-223.005997
3.068000	-225.177994
3.069000	-223.005997
3.070000	-220.830002
3.071000	-216.485992
3.072000	-207.792999
3.073000	-196.925003
3.074000	-192.580994
3.075000	-188.231995
3.076000	-186.059998
3.077000	-186.059998
3.078000	-190.404007
3.079000	-192.580994
3.080000	-199.100998
3.081000	-207.792999
3.082000	-214.313995
3.083000	-218.658005
3.084000	-223.005997
3.085000	-225.177994
3.086000	-223.005997
3.087000	-220.830002
3.088000	-216.485992
3.089000	-205.617004
3.090000	-199.100998
3.091000	-194.753006
3.092000	-188.231995
3.093000	-186.059998
3.094000	-186.059998
3.095000	-190.404007
3.096000	-194.753006
3.097000	-201.272995
3.098000	-209.964996
3.099000	-216.485992
3.100000	-223.005997
3.101000	-225.177994
3.102000	-227.350006
3.103000	-225.177994
3.104000	-223.005997
3.105000	-216.485992
3.106000	-205.617004
3.107000	-199.100998
3.108000	-196.925003
3.109000	-192.580994
3.110000	-188.231995
3.111000	-190.404007
3.112000	-192.580994
3.113000	-194.753006
3.114000	-203.445007
3.115000	-209.964996
3.116000	-216.485992
3.117000	-223.005997
3.118000	-225.177994
3.119000	-225.177994
3.120000	-220.830002
3.121000	-216.485992
3.122000	-207.792999
3.123000	-199.100998
3.124000	-194.753006
3.125000	-188.231995
3.126000	-186.059998
3.127000	-186.059998
3.128000	-190.404007
3.129000	-192.580994
3.130000	-196.925003
3.131000	-205.617004
3.132000	-207.792999
3.133000	-214.313995
3.134000	-218.658005
3.135000	-223.005997
3.136000	-220.830002
3.137000	-218.658005
3.138000	-214.313995
3.139000	-203.445007
3.140000	-199.100998
3.141000	-192.580994
3.142000	-188.231995
3.143000	-183.888000
3.144000	-188.231995
3.145000	-190.404007
3.146000	-192.580994
3.147000	-201.272995
3.148000	-209.964996
3.149000	-214.313995
3.150000	-220.830002
3.151000	-225.177994
3.152000	-225.177994
3.153000	-220.830002
3.154000	-218.658005
3.155000	-212.136993
3.156000	-201.272995
3.157000	-196.925003
3.158000	-190.404007
3.159000	-188.231995
3.160000	-188.231995
3.161000	-190.404007
3.162000	-192.580994
3.163000	-196.925003
3.164000	-205.617004
3.165000	-212.136993
3.166000	-218.658005
3.167000	-223.005997
3.168000	-227.350006
3.169000	-223.005997
3.170000	-220.830002
3.171000	-218.658005
3.172000	-209.964996
3.173000	-201.272995
3.174000	-196.925003
3.175000	-190.404007
3.176000	-188.231995
3.177000	-188.231995
3.178000	-190.404007
3.179000	-192.580994
3.180000	-199.100998
3.181000	-207.792999
3.182000	-214.313995
3.183000	-218.658005
3.184000	-223.005997
3.185000	-227.350006
3.186000	-225.177994
3.187000	-223.005997
3.188000	-216.485992
3.189000	-205.617004
3.190000	-199.100998
3.191000	-194.753006
3.192000	-188.231995
3.193000	-186.059998
3.194000	-188.231995
3.195000	-192.580994
3.196000	-194.753006
3.197000	-203.445007
3.198000	-209.964996
3.199000	-216.485992
3.200000	-223.005997
3.201000	-225.177994
3.202000	-225.177994
3.203000	-220.830002
3.204000	-216.485992
3.205000	-209.964996
3.206000	-201.272995
3.207000	-194.753006
3.208000	-190.404007
3.209000	-186.059998
3.210000	-183.888000
3.211000	-188.231995
3.212000	-190.404007
3.213000	-194.753006
3.214000	-203.445007
3.215000	-209.964996
3.216000	-214.313995
3.217000	-223.005997
3.218000	-225.177994
3.219000	-223.005997
3.220000	-220.830002
3.221000	-216.485992
3.222000	-207.792999
3.223000	-199.100998
3.224000	-196.925003
3.225000	-190.404007
3.226000	-186.059998
3.227000	-188.231995
3.228000	-190.404007
3.229000	-194.753006
3.230000	-199.100998
3.231000	-207.792999
3.232000	-212.136993
3.233000	-218.658005
3.234000	-223.005997
3.235000	-225.177994
3.236000	-223.005997
3.237000	-220.830002
3.238000	-214.313995
3.239000	-205.617004
3.240000	-199.100998
3.241000	-192.580994
3.242000	-188.231995
3.243000	-186.059998
3.244000	-188.231995
3.245000	-190.404007
3.246000	-194.753006
3.247000	-201.272995
3.248000	-207.792999
3.249000	-214.313995
3.250000	-220.830002
3.251000	-225.177994
3.252000	-225.177994
3.253000	-223.005997
3.254000	-220.830002
3.255000	-214.313995
3.256000	-205.617004
3.257000	-199.100998
3.258000	-194.753006
3.259000	-190.404007
3.260000	-190.404007
3.261000	-192.580994
3.262000	-196.925003
3.263000	-201.272995
3.264000	-207.792999
3.265000	-214.313995
3.266000	-220.830002
3.267000	-227.350006
3.268000	-229.526993
3.269000	-227.350006
3.270000	-223.005997
3.271000	-218.658005
3.272000	-209.964996
3.273000	-205.617004
3.274000	-199.100998
3.275000	-194.753006
3.276000	-192.580994
3.277000	-194.753006
3.278000	-196.925003
3.279000	-199.100998
3.280000	-205.617004
3.281000	-214.313995
3.282000	-218.658005
3.283000	-223.005997
3.284000	-227.350006
3.285000	-229.526993
3.286000	-225.177994
3.287000	-225.177994
3.288000	-220.830002
3.289000	-209.964996
3.290000	-203.445007
3.291000	-199.100998
3.292000	-192.580994
3.293000	-190.404007
3.294000	-194.753006
3.295000	-196.925003
3.296000	-199.100998
3.297000	-207.792999
3.298000	-214.313995
3.299000	-220.830002
3.300000	-225.177994
3.301000	-227.350006
3.302000	-227.350006
3.303000	-225.177994
3.304000	-220.830002
3.305000	-214.313995
3.306000	-205.617004
3.307000	-199.100998
3.308000	-196.925003
3.309000	-192.580994
3.310000	-192.580994
3.311000	-196.925003
3.312000	-199.100998
3.313000	-205.617004
3.314000	-214.313995
3.315000	-218.658005
3.316000	-223.005997
3.317000	-227.350006
3.318000	-231.699005
3.319000	-229.526993
3.320000	-227.350006
3.321000	-223.005997
3.322000	-214.313995
3.323000	-205.617004
3.324000	-201.272995
3.325000	-196.925003
3.326000	-194.753006
3.327000	-194.753006
3.328000	-196.925003
3.329000	-201.272995
3.330000	-205.617004
3.331000	-214.313995
3.332000	-218.658005
3.333000	-225.177994
3.334000	-227.350006
3.335000	-231.699005
3.336000	-227.350006
3.337000	-225.177994
3.338000	-216.485992
3.339000	-207.792999
3.340000	-199.100998
3.341000	-196.925003
3.342000	-190.404007
3.343000	-188.231995
3.344000	-190.404007
3.345000	-194.753006
3.346000	-196.925003
3.347000	-205.617004
3.348000	-212.136993
3.349000	-216.485992
3.350000	-223.005997
3.351000	-227.350006
3.352000	-227.350006
3.353000	-225.177994
3.354000	-223.005997
3.355000	-216.485992
3.356000	-207.792999
3.357000	-203.445007
3.358000	-196.925003
3.359000	-194.753006
3.360000	-190.404007
3.361000	-192.580994
3.362000	-194.753006
3.363000	-201.272995
3.364000	-209.964996
3.365000	-214.313995
3.366000	-220.830002
3.367000	-227.350006
3.368000	-229.526993
3.369000	-227.350006
3.370000	-225.177994
3.371000	-220.830002
3.372000	-214.313995
3.373000	-205.617004
3.374000	-199.100998
3.375000	-194.753006
3.376000	-190.404007
3.377000	-192.580994
3.378000	-194.753006
3.379000	-199.100998
3.380000	-203.445007
3.381000	-212.136993
3.382000	-216.485992
3.383000	-223.005997
3.384000	-227.350006
3.385000	-229.526993
3.386000	-225.177994
3.387000	-223.005997
3.388000	-218.658005
3.389000	-209.964996
3.390000	-203.445007
3.391000	-199.100998
3.392000	-192.580994
3.393000	-190.404007
3.394000	-192.580994
3.395000	-194.753006
3.396000	-196.925003
3.397000	-205.617004
3.398000	-214.313995
3.399000	-218.658005
3.400000	-225.177994
3.401000	-229.526993
3.402000	-231.699005
3.403000	-227.350006
3.404000	-225.177994
3.405000	-216.485992
3.406000	-207.792999
3.407000	-203.445007
3.408000	-199.100998
3.409000	-194.753006
3.410000	-192.580994
3.411000	-196.925003
3.412000	-199.100998
3.413000	-201.272995
3.414000	-212.136993
3.415000	-218.658005
3.416000	-223.005997
3.417000	-227.350006
3.418000	-229.526993
3.419000	-227.350006
3.420000	-225.177994
3.421000	-220.830002
3.422000	-209.964996
3.423000	-203.445007
3.424000	-199.100998
3.425000	-192.580994
3.426000	-190.404007
3.427000	-190.404007
3.428000	-192.580994
3.429000	-196.925003
3.430000	-203.445007
3.431000	-212.136993
3.432000	-218.658005
3.433000	-223.005997
3.434000	-225.177994
3.435000	-227.350006
3.436000	-223.005997
3.437000	-220.830002
3.438000	-216.485992
3.439000	-207.792999
3.440000	-201.272995
3.441000	-194.753006
3.442000	-190.404007
3.443000	-188.231995
3.444000	-190.404007
3.445000	-194.753006
3.446000	-196.925003
3.447000	-205.617004
3.448000	-212.136993
3.449000	-218.658005
3.450000	-223.005997
3.451000	-225.177994
3.452000	-225.177994
3.453000	-223.005997
3.454000	-220.830002
3.455000	-214.313995
3.456000	-205.617004
3.457000	-199.100998
3.458000	-192.580994
3.459000	-190.404007
3.460000	-190.404007
3.461000	-194.753006
3.462000	-196.925003
3.463000	-201.272995
3.464000	-207.792999
3.465000	-214.313995
3.466000	-220.830002
3.467000	-227.350006
3.468000	-229.526993
3.469000	-227.350006
3.470000	-225.177994
3.471000	-220.830002
3.472000	-214.313995
3.473000	-207.792999
3.474000	-201.272995
3.475000	-196.925003
3.476000	-194.753006
3.477000	-196.925003
3.478000	-196.925003
3.479000	-199.100998
3.480000	-205.617004
3.481000	-214.313995
3.482000	-220.830002
3.483000	-225.177994
3.484000	-229.526993
3.485000	-231.699005
3.486000	-227.350006
3.487000	-225.177994
3.488000	-220.830002
3.489000	-212.136993
3.490000	-207.792999
3.491000	-201.272995
3.492000	-196.925003
3.493000	-196.925003
3.494000	-199.100998
3.495000	-201.272995
3.496000	-205.617004
3.497000	-214.313995
3.498000	-218.658005
3.499000	-225.177994
3.500000	-231.699005
3.501000	-233.869995
3.502000	-231.699005
3.503000	-229.526993
3.504000	-225.177994
3.505000	-216.485992
3.506000	-207.792999
3.507000	-201.272995
3.508000	-196.925003
3.509000	-194.753006
3.510000	-192.580994
3.511000	-194.753006
3.512000	-199.100998
3.513000	-203.445007
3.514000	-212.136993
3.515000	-218.658005
3.516000	-223.005997
3.517000	-229.526993
3.518000	-231.699005
3.519000	-229.526993
3.520000	-225.177994
3.521000	-223.005997
3.522000	-214.313995
3.523000	-205.617004
3.524000	-201.272995
3.525000	-194.753006
3.526000	-192.580994
3.527000	-192.580994
3.528000	-196.925003
3.529000	-199.100998
3.530000	-205.617004
3.531000	-214.313995
3.532000	-218.658005
3.533000	-225.177994
3.534000	-227.350006
3.535000	-229.526993
3.536000	-225.177994
3.537000	-223.005997
3.538000	-218.658005
3.539000	-207.792999
3.540000	-201.272995
3.541000	-196.925003
3.542000	-190.404007
3.543000	-188.231995
3.544000	-192.580994
3.545000	-196.925003
3.546000	-199.100998
3.547000	-207.792999
3.548000	-214.313995
3.549000	-218.658005
3.550000	-225.177994
3.551000	-229.526993
3.552000	-227.350006
3.553000	-225.177994
3.554000	-223.005997
3.555000	-214.313995
3.556000	-205.617004
3.557000	-201.272995
3.558000	-194.753006
3.559000	-192.580994
3.560000	-190.404007
3.561000	-194.753006
3.562000	-194.753006
3.563000	-201.272995
3.564000	-209.964996
3.565000	-216.485992
3.566000	-223.005997
3.567000	-227.350006
3.568000	-229.526993
3.569000	-227.350006
3.570000	-225.177994
3.571000	-220.830002
3.572000	-212.136993
3.573000	-203.445007
3.574000	-199.100998
3.575000	-192.580994
3.576000	-190.404007
3.577000	-190.404007
3.578000	-192.580994
3.579000	-196.925003
3.580000	-205.617004
3.581000	-212.136993
3.582000	-218.658005
3.583000	-223.005997
3.584000	-227.350006
3.585000	-227.350006
3.586000	-225.177994
3.587000	-223.005997
3.588000	-216.485992
3.589000	-207.792999
3.590000	-201.272995
3.591000	-196.925003
3.592000	-190.404007
3.593000	-190.404007
3.594000	-194.753006
3.595000	-196.925003
3.596000	-199.100998
3.597000	-209.964996
3.598000	-216.485992
3.599000	-220.830002
3.600000	-227.350006
3.601000	-229.526993
3.602000	-229.526993
3.603000	-227.350006
3.604000	-223.005997
3.605000	-214.313995
3.606000	-205.617004
3.607000	-201.272995
3.608000	-196.925003
3.609000	-194.753006
3.610000	-194.753006
3.611000	-199.100998
3.612000	-201.272995
3.613000	-203.445007
3.614000	-212.136993
3.615000	-216.485992
3.616000	-223.005997
3.617000	-227.350006
3.618000	-231.699005
3.619000	-229.526993
3.620000	-225.177994
3.621000	-223.005997
3.622000	-212.136993
3.623000	-205.617004
3.624000	-201.272995
3.625000	-194.753006
3.626000	-192.580994
3.627000	-194.753006
3.628000	-199.100998
3.629000	-201.272995
3.630000	-207.792999
3.631000	-216.485992
3.632000	-220.830002
3.633000	-227.350006
3.634000	-229.526993
3.635000	-231.699005
3.636000	-229.526993
3.637000	-227.350006
3.638000	-223.005997
3.639000	-212.136993
3.640000	-205.617004
3.641000	-201.272995
3.642000	-194.753006
3.643000	-192.580994
3.644000	-194.753006
3.645000	-196.925003
3.646000	-201.272995
3.647000	-207.792999
3.648000	-214.313995
3.649000	-218.658005
3.650000	-225.177994
3.651000	-229.526993
3.652000	-227.350006
3.653000	-225.177994
3.654000	-223.005997
3.655000	-214.313995
3.656000	-207.792999
3.657000	-201.272995
3.658000	-196.925003
3.659000	-192.580994
3.660000	-192.580994
3.661000	-194.753006
3.662000	-199.100998
3.663000	-203.445007
3.664000	-212.136993
3.665000	-218.658005
3.666000	-223.005997
3.667000	-227.350006
3.668000	-231.699005
3.669000	-229.526993
3.670000	-227.350006
3.671000	-223.005997
3.672000	-214.313995
3.673000	-205.617004
3.674000	-201.272995
3.675000	-196.925003
3.676000	-192.580994
3.677000	-194.753006
3.678000	-196.925003
3.679000	-201.272995
3.680000	-207.792999
3.681000	-216.485992
3.682000	-223.005997
3.683000	-227.350006
3.684000	-229.526993
3.685000	-229.526993
3.686000	-229.526993
3.687000	-225.177994
3.688000	-220.830002
3.689000	-209.964996
3.690000	-205.617004
3.691000	-201.272995
3.692000	-196.925003
3.693000	-196.925003
3.694000	-199.100998
3.695000	-201.272995
3.696000	-205.617004
3.697000	-212.136993
3.698000	-216.485992
3.699000	-223.005997
3.700000	-229.526993
3.701000	-231.699005
3.702000	-229.526993
3.703000	-227.350006
3.704000	-225.177994
3.705000	-216.485992
3.706000	-207.792999
3.707000	-201.272995
3.708000	-196.925003
3.709000	-192.580994
3.710000	-192.580994
3.711000	-196.925003
3.712000	-199.100998
3.713000	-203.445007
3.714000	-212.136993
3.715000	-218.658005
3.716000	-223.005997
3.717000	-229.526993
3.718000	-231.699005
3.719000	-227.350006
3.720000	-225.177994
3.721000	-223.005997
3.722000	-214.313995
3.723000	-205.617004
3.724000	-199.100998
3.725000	-192.580994
3.726000	-190.404007
3.727000	-192.580994
3.728000	-196.925003
3.729000	-199.100998
3.730000	-205.617004
3.731000	-214.313995
3.732000	-220.830002
3.733000	-225.177994
3.734000	-229.526993
3.735000	-229.526993
3.736000	-229.526993
3.737000	-225.177994
3.738000	-218.658005
3.739000	-207.792999
3.740000	-203.445007
3.741000	-196.925003
3.742000	-192.580994
3.743000	-190.404007
3.744000	-194.753006
3.745000	-194.753006
3.746000	-199.100998
3.747000	-207.792999
3.748000	-214.313995
3.749000	-218.658005
3.750000	-225.177994
3.751000	-227.350006
3.752000	-227.350006
3.753000	-225.177994
3.754000	-220.830002
3.755000	-212.136993
3.756000	-203.445007
3.757000	-199.100998
3.758000	-192.580994
3.759000	-188.231995
3.760000	-188.231995
3.761000	-190.404007
3.762000	-192.580994
3.763000	-199.100998
3.764000	-207.792999
3.765000	-214.313995
3.766000	-218.658005
3.767000	-225.177994
3.768000	-227.350006
3.769000	-225.177994
3.770000	-220.830002
3.771000	-218.658005
3.772000	-209.964996
3.773000	-201.272995
3.774000	-196.925003
3.775000	-190.404007
3.776000	-188.231995
3.777000	-190.404007
3.778000	-192.580994
3.779000	-196.925003
3.780000	-203.445007
3.781000	-209.964996
3.782000	-214.313995
3.783000	-220.830002
3.784000	-225.177994
3.785000	-227.350006
3.786000	-225.177994
3.787000	-220.830002
3.788000	-216.485992
3.789000	-205.617004
3.790000	-201.272995
3.791000	-196.925003
3.792000	-190.404007
3.793000	-190.404007
3.794000	-192.580994
3.795000	-196.925003
3.796000	-201.272995
3.797000	-209.964996
3.798000	-214.313995
3.799000	-218.658005
3.800000	-225.177994
3.801000	-229.526993
3.802000	-227.350006
3.803000	-225.177994
3.804000	-220.830002
3.805000	-212.136993
3.806000	-203.445007
3.807000	-196.925003
3.808000	-192.580994
3.809000	-190.404007
3.810000	-190.404007
3.811000	-194.753006
3.812000	-196.925003
3.813000	-201.272995
3.814000	-209.964996
3.815000	-216.485992
3.816000	-220.830002
3.817000	-225.177994
3.818000	-229.526993
3.819000	-227.350006
3.820000	-223.005997
3.821000	-218.658005
3.822000	-209.964996
3.823000	-203.445007
3.824000	-196.925003
3.825000	-192.580994
3.826000	-188.231995
3.827000	-192.580994
3.828000	-194.753006
3.829000	-196.925003
3.830000	-205.617004
3.831000	-212.136993
3.832000	-218.658005
3.833000	-223.005997
3.834000	-227.350006
3.835000	-227.350006
3.836000	-225.177994
3.837000	-223.005997
3.838000	-216.485992
3.839000	-205.617004
3.840000	-201.272995
3.841000	-194.753006
3.842000	-192.580994
3.843000	-190.404007
3.844000	-192.580994
3.845000	-194.753006
3.846000	-199.100998
3.847000	-207.792999
3.848000	-214.313995
3.849000	-218.658005
3.850000	-225.177994
3.851000	-227.350006
3.852000	-227.350006
3.853000	-223.005997
3.854000	-220.830002
3.855000	-214.313995
3.856000	-205.617004
3.857000	-201.272995
3.858000	-194.753006
3.859000	-190.404007
3.860000	-190.404007
3.861000	-192.580994
3.862000	-196.925003
3.863000	-201.272995
3.864000	-209.964996
3.865000	-216.485992
3.866000	-223.005997
3.867000	-227.350006
3.868000	-229.526993
3.869000	-227.350006
3.870000	-225.177994
3.871000	-220.830002
3.872000	-212.136993
3.873000	-205.617004
3.874000	-199.100998
3.875000	-192.580994
3.876000	-190.404007
3.877000	-192.580994
3.878000	-196.925003
3.879000	-199.100998
3.880000	-207.792999
3.881000	-216.485992
3.882000	-220.830002
3.883000	-227.350006
3.884000	-231.699005
3.885000	-231.699005
3.886000	-229.526993
3.887000	-225.177994
3.888000	-218.658005
3.889000	-207.792999
3.890000	-203.445007
3.891000	-199.100998
3.892000	-192.580994
3.893000	-192.580994
3.894000	-194.753006
3.895000	-196.925003
3.896000	-201.272995
3.897000	-209.964996
3.898000	-216.485992
3.899000	-220.830002
3.900000	-227.350006
3.901000	-231.699005
3.902000	-229.526993
3.903000	-225.177994
3.904000	-223.005997
3.905000	-214.313995
3.906000	-205.617004
3.907000	-196.925003
3.908000	-192.580994
3.909000	-190.404007
3.910000	-190.404007
3.911000	-196.925003
3.912000	-201.272995
3.913000	-205.617004
3.914000	-214.313995
3.915000	-216.485992
3.916000	-223.005997
3.917000	-227.350006
3.918000	-229.526993
3.919000	-227.350006
3.920000	-225.177994
3.921000	-218.658005
3.922000	-209.964996
3.923000	-203.445007
3.924000	-199.100998
3.925000	-190.404007
3.926000	-190.404007
3.927000	-192.580994
3.928000	-194.753006
3.929000	-196.925003
3.930000	-205.617004
3.931000	-212.136993
3.932000	-218.658005
3.933000	-225.177994
3.934000	-227.350006
3.935000	-227.350006
3.936000	-227.350006
3.937000	-223.005997
3.938000	-216.485992
3.939000	-205.617004
3.940000	-199.100998
3.941000	-194.753006
3.942000	-192.580994
3.943000	-190.404007
3.944000	-192.580994
3.945000	-196.925003
3.946000	-201.272995
3.947000	-209.964996
3.948000	-218.658005
3.949000	-223.005997
3.950000	-231.699005
3.951000	-231.699005
3.952000	-229.526993
3.953000	-229.526993
3.954000	-225.177994
3.955000	-216.485992
3.956000	-209.964996
3.957000	-203.445007
3.958000	-199.100998
3.959000	-194.753006
3.960000	-194.753006
3.961000	-199.100998
3.962000	-201.272995
3.963000	-207.792999
3.964000	-216.485992
3.965000	-223.005997
3.966000	-227.350006
3.967000	-231.699005
3.968000	-233.869995
3.969000	-231.699005
3.970000	-229.526993
3.971000	-225.177994
3.972000	-216.485992
3.973000	-207.792999
3.974000	-205.617004
3.975000	-199.100998
3.976000	-199.100998
3.977000	-199.100998
3.978000	-203.445007
3.979000	-205.617004
3.980000	-212.136993
3.981000	-220.830002
3.982000	-225.177994
3.983000	-231.699005
3.984000	-236.042007
3.985000	-236.042007
3.986000	-233.869995
3.987000	-231.699005
3.988000	-225.177994
3.989000	-216.485992
3.990000	-209.964996
3.991000	-203.445007
3.992000	-199.100998
3.993000	-196.925003
3.994000	-201.272995
3.995000	-203.445007
3.996000	-207.792999
3.997000	-216.485992
3.998000	-223.005997
3.999000	-227.350006
4.000000	-233.869995
4.001000	-236.042007
4.002000	-233.869995
4.003000	-231.699005
4.004000	-227.350006
4.005000	-218.658005
4.006000	-209.964996
4.007000	-205.617004
4.008000	-201.272995
4.009000	-196.925003
4.010000	-199.100998
4.011000	-201.272995
4.012000	-205.617004
4.013000	-212.136993
4.014000	-220.830002
4.015000	-225.177994
4.016000	-231.699005
4.017000	-236.042007
4.018000	-236.042007
4.019000	-236.042007
4.020000	-231.699005
4.021000	-227.350006
4.022000	-218.658005
4.023000	-212.136993
4.024000	-205.617004
4.025000	-201.272995
4.026000	-199.100998
4.027000	-201.272995
4.028000	-203.445007
4.029000	-205.617004
4.030000	-216.485992
4.031000	-223.005997
4.032000	-227.350006
4.033000	-233.869995
4.034000	-236.042007
4.035000	-236.042007
4.036000	-233.869995
4.037000	-229.526993
4.038000	-223.005997
4.039000	-214.313995
4.040000	-207.792999
4.041000	-205.617004
4.042000	-201.272995
4.043000	-199.100998
4.044000	-203.445007
4.045000	-205.617004
4.046000	-209.964996
4.047000	-218.658005
4.048000	-223.005997
4.049000	-229.526993
4.050000	-236.042007
4.051000	-240.391006
4.052000	-238.218994
4.053000	-236.042007
4.054000	-231.699005
4.055000	-223.005997
4.056000	-216.485992
4.057000	-207.792999
4.058000	-203.445007
4.059000	-201.272995
4.060000	-201.272995
4.061000	-203.445007
4.062000	-205.617004
4.063000	-209.964996
4.064000	-218.658005
4.065000	-225.177994
4.066000	-231.699005
4.067000	-233.869995
4.068000	-236.042007
4.069000	-233.869995
4.070000	-231.699005
4.071000	-225.177994
4.072000	-216.485992
4.073000	-209.964996
4.074000	-205.617004
4.075000	-199.100998
4.076000	-196.925003
4.077000	-199.100998
4.078000	-201.272995
4.079000	-205.617004
4.080000	-214.313995
4.081000	-220.830002
4.082000	-227.350006
4.083000	-233.869995
4.084000	-236.042007
4.085000	-236.042007
4.086000	-233.869995
4.087000	-227.350006
4.088000	-218.658005
4.089000	-209.964996
4.090000	-203.445007
4.091000	-199.100998
4.092000	-194.753006
4.093000	-192.580994
4.094000	-196.925003
4.095000	-199.100998
4.096000	-203.445007
4.097000	-212.136993
4.098000	-218.658005
4.099000	-223.005997
4.100000	-229.526993
4.101000	-233.869995
4.102000	-231.699005
4.103000	-229.526993
4.104000	-225.177994
4.105000	-216.485992
4.106000	-209.964996
4.107000	-203.445007
4.108000	-196.925003
4.109000	-192.580994
4.110000	-194.753006
4.111000	-199.100998
4.112000	-201.272995
4.113000	-205.617004
4.114000	-214.313995
4.115000	-220.830002
4.116000	-225.177994
4.117000	-227.350006
4.118000	-231.699005
4.119000	-227.350006
4.120000	-225.177994
4.121000	-220.830002
4.122000	-209.964996
4.123000	-203.445007
4.124000	-199.100998
4.125000	-192.580994
4.126000	-190.404007
4.127000	-194.753006
4.128000	-196.925003
4.129000	-199.100998
4.130000	-207.792999
4.131000	-214.313995
4.132000	-218.658005
4.133000	-223.005997
4.134000	-227.350006
4.135000	-227.350006
4.136000	-225.177994
4.137000	-223.005997
4.138000	-214.313995
4.139000	-205.617004
4.140000	-199.100998
4.141000	-196.925003
4.142000	-194.753006
4.143000	-190.404007
4.144000	-192.580994
4.145000	-196.925003
4.146000	-201.272995
4.147000	-209.964996
4.148000	-216.485992
4.149000	-223.005997
4.150000	-229.526993
4.151000	-231.699005
4.152000	-231.699005
4.153000	-227.350006
4.154000	-225.177994
4.155000	-216.485992
4.156000	-207.792999
4.157000	-203.445007
4.158000	-196.925003
4.159000	-194.753006
4.160000	-194.753006
4.161000	-199.100998
4.162000	-203.445007
4.163000	-207.792999
4.164000	-216.485992
4.165000	-220.830002
4.166000	-227.350006
4.167000	-231.699005
4.168000	-233.869995
4.169000	-231.699005
4.170000	-229.526993
4.171000	-223.005997
4.172000	-214.313995
4.173000	-207.792999
4.174000	-203.445007
4.175000	-196.925003
4.176000	-194.753006
4.177000	-196.925003
4.178000	-199.100998
4.179000	-203.445007
4.180000	-212.136993
4.181000	-218.658005
4.182000	-223.005997
4.183000	-229.526993
4.184000	-231.699005
4.185000	-231.699005
4.186000	-229.526993
4.187000	-225.177994
4.188000	-218.658005
4.189000	-209.964996
4.190000	-205.617004
4.191000	-201.272995
4.192000	-196.925003
4.193000	-196.925003
4.194000	-199.100998
4.195000	-201.272995
4.196000	-205.617004
4.197000	-214.313995
4.198000	-218.658005
4.199000	-225.177994
4.200000	-229.526993
4.201000	-231.699005
4.202000	-231.699005
4.203000	-227.350006
4.204000	-223.005997
4.205000	-214.313995
4.206000	-205.617004
4.207000	-201.272995
4.208000	-192.580994
4.209000	-190.404007
4.210000	-192.580994
4.211000	-194.753006
4.212000	-199.100998
4.213000	-205.617004
4.214000	-214.313995
4.215000	-220.830002
4.216000	-225.177994
4.217000	-229.526993
4.218000	-231.699005
4.219000	-229.526993
4.220000	-227.350006
4.221000	-220.830002
4.222000	-214.313995
4.223000	-207.792999
4.224000	-201.272995
4.225000	-196.925003
4.226000	-194.753006
4.227000	-196.925003
4.228000	-201.272995
4.229000	-203.445007
4.230000	-209.964996
4.231000	-218.658005
4.232000	-223.005997
4.233000	-229.526993
4.234000	-233.869995
4.235000	-233.869995
4.236000	-231.699005
4.237000	-227.350006
4.238000	-220.830002
4.239000	-209.964996
4.240000	-203.445007
4.241000	-199.100998
4.242000	-196.925003
4.243000	-194.753006
4.244000	-196.925003
4.245000	-201.272995
4.246000	-205.617004
4.247000	-214.313995
4.248000	-220.830002
4.249000	-225.177994
4.250000	-231.699005
4.251000	-233.869995
4.252000	-231.699005
4.253000	-229.526993
4.254000	-225.177994
4.255000	-216.485992
4.256000	-209.964996
4.257000	-203.445007
4.258000	-199.100998
4.259000	-196.925003
4.260000	-196.925003
4.261000	-201.272995
4.262000	-201.272995
4.263000	-207.792999
4.264000	-216.485992
4.265000	-223.005997
4.266000	-227.350006
4.267000	-231.699005
4.268000	-233.869995
4.269000	-231.699005
4.270000	-229.526993
4.271000	-223.005997
4.272000	-214.313995
4.273000	-205.617004
4.274000	-201.272995
4.275000	-194.753006
4.276000	-192.580994
4.277000	-194.753006
4.278000	-196.925003
4.279000	-201.272995
4.280000	-209.964996
4.281000	-216.485992
4.282000	-220.830002
4.283000	-227.350006
4.284000	-231.699005
4.285000	-231.699005
4.286000	-227.350006
4.287000	-225.177994
4.288000	-216.485992
4.289000	-207.792999
4.290000	-203.445007
4.291000	-196.925003
4.292000	-194.753006
4.293000	-194.753006
4.294000	-196.925003
4.295000	-199.100998
4.296000	-203.445007
4.297000	-212.136993
4.298000	-218.658005
4.299000	-223.005997
4.300000	-227.350006
4.301000	-231.699005
4.302000	-229.526993
4.303000	-227.350006
4.304000	-225.177994
4.305000	-214.313995
4.306000	-207.792999
4.307000	-201.272995
4.308000	-196.925003
4.309000	-192.580994
4.310000	-194.753006
4.311000	-199.100998
4.312000	-201.272995
4.313000	-207.792999
4.314000	-216.485992
4.315000	-223.005997
4.316000	-227.350006
4.317000	-231.699005
4.318000	-231.699005
4.319000	-229.526993
4.320000	-225.177994
4.321000	-220.830002
4.322000	-209.964996
4.323000	-205.617004
4.324000	-199.100998
4.325000	-194.753006
4.326000	-194.753006
4.327000	-196.925003
4.328000	-199.100998
4.329000	-203.445007
4.330000	-214.313995
4.331000	-220.830002
4.332000	-225.177994
4.333000	-229.526993
4.334000	-233.869995
4.335000	-233.869995
4.336000	-231.699005
4.337000	-227.350006
4.338000	-218.658005
4.339000	-209.964996
4.340000	-205.617004
4.341000	-199.100998
4.342000	-196.925003
4.343000	-194.753006
4.344000	-199.100998
4.345000	-203.445007
4.346000	-207.792999
4.347000	-218.658005
4.348000	-225.177994
4.349000	-229.526993
4.350000	-233.869995
4.351000	-236.042007
4.352000	-231.699005
4.353000	-231.699005
4.354000	-227.350006
4.355000	-218.658005
4.356000	-209.964996
4.357000	-205.617004
4.358000	-201.272995
4.359000	-196.925003
4.360000	-196.925003
4.361000	-201.272995
4.362000	-203.445007
4.363000	-214.313995
4.364000	-225.177994
4.365000	-231.699005
4.366000	-238.218994
4.367000	-242.563004
4.368000	-244.738998
4.369000	-240.391006
4.370000	-236.042007
4.371000	-229.526993
4.372000	-220.830002
4.373000	-214.313995
4.374000	-207.792999
4.375000	-201.272995
4.376000	-199.100998
4.377000	-199.100998
4.378000	-196.925003
4.379000	-199.100998
4.380000	-207.792999
4.381000	-212.136993
4.382000	-218.658005
4.383000	-223.005997
4.384000	-227.350006
4.385000	-227.350006
4.386000	-225.177994
4.387000	-220.830002
4.388000	-212.136993
4.389000	-205.617004
4.390000	-199.100998
4.391000	-192.580994
4.392000	-190.404007
4.393000	-188.231995
4.394000	-192.580994
4.395000	-194.753006
4.396000	-196.925003
4.397000	-207.792999
4.398000	-212.136993
4.399000	-220.830002
4.400000	-225.177994
4.401000	-229.526993
4.402000	-227.350006
4.403000	-227.350006
4.404000	-225.177994
4.405000	-216.485992
4.406000	-209.964996
4.407000	-203.445007
4.408000	-199.100998
4.409000	-196.925003
4.410000	-196.925003
4.411000	-196.925003
4.412000	-199.100998
4.413000	-205.617004
4.414000	-214.313995
4.415000	-218.658005
4.416000	-225.177994
4.417000	-229.526993
4.418000	-231.699005
4.419000	-231.699005
4.420000	-229.526993
4.421000	-223.005997
4.422000	-212.136993
4.423000	-205.617004
4.424000	-199.100998
4.425000	-192.580994
4.426000	-192.580994
4.427000	-194.753006
4.428000	-196.925003
4.429000	-201.272995
4.430000	-209.964996
4.431000	-216.485992
4.432000	-223.005997
4.433000	-227.350006
4.434000	-231.699005
4.435000	-229.526993
4.436000	-229.526993
4.437000	-227.350006
4.438000	-218.658005
4.439000	-209.964996
4.440000	-203.445007
4.441000	-199.100998
4.442000	-194.753006
4.443000	-192.580994
4.444000	-196.925003
4.445000	-199.100998
4.446000	-203.445007
4.447000	-214.313995
4.448000	-218.658005
4.449000	-223.005997
4.450000	-229.526993
4.451000	-231.699005
4.452000	-231.699005
4.453000	-227.350006
4.454000	-223.005997
4.455000	-212.136993
4.456000	-205.617004
4.457000	-201.272995
4.458000	-194.753006
4.459000	-192.580994
4.460000	-194.753006
4.461000	-199.100998
4.462000	-203.445007
4.463000	-209.964996
4.464000	-218.658005
4.465000	-223.005997
4.466000	-229.526993
4.467000	-233.869995
4.468000	-233.869995
4.469000	-231.699005
4.470000	-229.526993
4.471000	-223.005997
4.472000	-214.313995
4.473000	-205.617004
4.474000	-201.272995
4.475000	-194.753006
4.476000	-192.580994
4.477000	-196.925003
4.478000	-201.272995
4.479000	-201.272995
4.480000	-212.136993
4.481000	-218.658005
4.482000	-225.177994
4.483000	-231.699005
4.484000	-236.042007
4.485000	-233.869995
4.486000	-231.699005
4.487000	-227.350006
4.488000	-220.830002
4.489000	-214.313995
4.490000	-205.617004
4.491000	-201.272995
4.492000	-199.100998
4.493000	-196.925003
4.494000	-201.272995
4.495000	-203.445007
4.496000	-209.964996
4.497000	-218.658005
4.498000	-225.177994
4.499000	-229.526993
4.500000	-233.869995
4.501000	-236.042007
4.502000	-233.869995
4.503000	-231.699005
4.504000	-227.350006
4.505000	-218.658005
4.506000	-212.136993
4.507000	-205.617004
4.508000	-201.272995
4.509000	-196.925003
4.510000	-199.100998
4.511000	-201.272995
4.512000	-203.445007
4.513000	-212.136993
4.514000	-218.658005
4.515000	-225.177994
4.516000	-231.699005
4.517000	-236.042007
4.518000	-240.391006
4.519000	-236.042007
4.520000	-231.699005
4.521000	-227.350006
4.522000	-216.485992
4.523000	-209.964996
4.524000	-205.617004
4.525000	-201.272995
4.526000	-199.100998
4.527000	-203.445007
4.528000	-205.617004
4.529000	-209.964996
4.530000	-218.658005
4.531000	-223.005997
4.532000	-229.526993
4.533000	-236.042007
4.534000	-238.218994
4.535000	-238.218994
4.536000	-233.869995
4.537000	-229.526993
4.538000	-220.830002
4.539000	-209.964996
4.540000	-203.445007
4.541000	-201.272995
4.542000	-196.925003
4.543000	-196.925003
4.544000	-199.100998
4.545000	-203.445007
4.546000	-207.792999
4.547000	-218.658005
4.548000	-223.005997
4.549000	-227.350006
4.550000	-231.699005
4.551000	-233.869995
4.552000	-231.699005
4.553000	-229.526993
4.554000	-227.350006
4.555000	-218.658005
4.556000	-209.964996
4.557000	-205.617004
4.558000	-199.100998
4.559000	-194.753006
4.560000	-196.925003
4.561000	-199.100998
4.562000	-201.272995
4.563000	-207.792999
4.564000	-216.485992
4.565000	-223.005997
4.566000	-231.699005
4.567000	-233.869995
4.568000	-236.042007
4.569000	-231.699005
4.570000	-229.526993
4.571000	-223.005997
4.572000	-212.136993
4.573000	-205.617004
4.574000	-201.272995
4.575000	-196.925003
4.576000	-194.753006
4.577000	-199.100998
4.578000	-201.272995
4.579000	-203.445007
4.580000	-214.313995
4.581000	-218.658005
4.582000	-225.177994
4.583000	-231.699005
4.584000	-233.869995
4.585000	-233.869995
4.586000	-231.699005
4.587000	-227.350006
4.588000	-218.658005
4.589000	-209.964996
4.590000	-205.617004
4.591000	-199.100998
4.592000	-194.753006
4.593000	-194.753006
4.594000	-196.925003
4.595000	-201.272995
4.596000	-207.792999
4.597000	-216.485992
4.598000	-223.005997
4.599000	-227.350006
4.600000	-233.869995
4.601000	-236.042007
4.602000	-233.869995
4.603000	-231.699005
4.604000	-227.350006
4.605000	-216.485992
4.606000	-209.964996
4.607000	-201.272995
4.608000	-196.925003
4.609000	-192.580994
4.610000	-192.580994
4.611000	-196.925003
4.612000	-199.100998
4.613000	-207.792999
4.614000	-214.313995
4.615000	-220.830002
4.616000	-227.350006
4.617000	-231.699005
4.618000	-233.869995
4.619000	-231.699005
4.620000	-227.350006
4.621000	-220.830002
4.622000	-212.136993
4.623000	-207.792999
4.624000	-203.445007
4.625000	-199.100998
4.626000	-196.925003
4.627000	-201.272995
4.628000	-203.445007
4.629000	-205.617004
4.630000	-214.313995
4.631000	-220.830002
4.632000	-225.177994
4.633000	-231.699005
4.634000	-236.042007
4.635000	-236.042007
4.636000	-231.699005
4.637000	-227.350006
4.638000	-218.658005
4.639000	-212.136993
4.640000	-205.617004
4.641000	-199.100998
4.642000	-196.925003
4.643000	-194.753006
4.644000	-196.925003
4.645000	-201.272995
4.646000	-205.617004
4.647000	-216.485992
4.648000	-223.005997
4.649000	-227.350006
4.650000	-233.869995
4.651000	-238.218994
4.652000	-236.042007
4.653000	-233.869995
4.654000	-227.350006
4.655000	-218.658005
4.656000	-209.964996
4.657000	-205.617004
4.658000	-201.272995
4.659000	-196.925003
4.660000	-199.100998
4.661000	-201.272995
4.662000	-205.617004
4.663000	-214.313995
4.664000	-220.830002
4.665000	-227.350006
4.666000	-231.699005
4.667000	-236.042007
4.668000	-236.042007
4.669000	-236.042007
4.670000	-231.699005
4.671000	-225.177994
4.672000	-216.485992
4.673000	-207.792999
4.674000	-201.272995
4.675000	-196.925003
4.676000	-194.753006
4.677000	-196.925003
4.678000	-199.100998
4.679000	-205.617004
4.680000	-214.313995
4.681000	-220.830002
4.682000	-225.177994
4.683000	-233.869995
4.684000	-238.218994
4.685000	-236.042007
4.686000	-233.869995
4.687000	-229.526993
4.688000	-223.005997
4.689000	-212.136993
4.690000	-207.792999
4.691000	-201.272995
4.692000	-199.100998
4.693000	-199.100998
4.694000	-201.272995
4.695000	-205.617004
4.696000	-212.136993
4.697000	-220.830002
4.698000	-225.177994
4.699000	-231.699005
4.700000	-236.042007
4.701000	-238.218994
4.702000	-236.042007
4.703000	-233.869995
4.704000	-229.526993
4.705000	-218.658005
4.706000	-214.313995
4.707000	-209.964996
4.708000	-203.445007
4.709000	-201.272995
4.710000	-203.445007
4.711000	-205.617004
4.712000	-207.792999
4.713000	-216.485992
4.714000	-223.005997
4.715000	-229.526993
4.716000	-233.869995
4.717000	-238.218994
4.718000	-240.391006
4.719000	-238.218994
4.720000	-236.042007
4.721000	-227.350006
4.722000	-218.658005
4.723000	-212.136993
4.724000	-205.617004
4.725000	-199.100998
4.726000	-196.925003
4.727000	-201.272995
4.728000	-201.272995
4.729000	-205.617004
4.730000	-214.313995
4.731000	-223.005997
4.732000	-227.350006
4.733000	-233.869995
4.734000	-238.218994
4.735000	-238.218994
4.736000	-236.042007
4.737000	-233.869995
4.738000	-225.177994
4.739000	-218.658005
4.740000	-214.313995
4.741000	-207.792999
4.742000	-201.272995
4.743000	-201.272995
4.744000	-203.445007
4.745000	-205.617004
4.746000	-209.964996
4.747000	-218.658005
4.748000	-225.177994
4.749000	-233.869995
4.750000	-236.042007
4.751000	-240.391006
4.752000	-238.218994
4.753000	-233.869995
4.754000	-231.699005
4.755000	-223.005997
4.756000	-216.485992
4.757000	-207.792999
4.758000	-205.617004
4.759000	-201.272995
4.760000	-205.617004
4.761000	-207.792999
4.762000	-207.792999
4.763000	-214.313995
4.764000	-220.830002
4.765000	-227.350006
4.766000	-231.699005
4.767000	-233.869995
4.768000	-233.869995
4.769000	-231.699005
4.770000	-227.350006
4.771000	-223.005997
4.772000	-212.136993
4.773000	-207.792999
4.774000	-203.445007
4.775000	-201.272995
4.776000	-199.100998
4.777000	-203.445007
4.778000	-205.617004
4.779000	-212.136993
4.780000	-220.830002
4.781000	-227.350006
4.782000	-231.699005
4.783000	-238.218994
4.784000	-242.563004
4.785000	-238.218994
4.786000	-236.042007
4.787000	-231.699005
4.788000	-223.005997
4.789000	-216.485992
4.790000	-209.964996
4.791000	-205.617004
4.792000	-201.272995
4.793000	-201.272995
4.794000	-203.445007
4.795000	-203.445007
4.796000	-207.792999
4.797000	-216.485992
4.798000	-223.005997
4.799000	-227.350006
4.800000	-233.869995
4.801000	-238.218994
4.802000	-236.042007
4.803000	-231.699005
4.804000	-227.350006
4.805000	-218.658005
4.806000	-212.136993
4.807000	-207.792999
4.808000	-203.445007
4.809000	-201.272995
4.810000	-207.792999
4.811000	-212.136993
4.812000	-216.485992
4.813000	-223.005997
4.814000	-229.526993
4.815000	-231.699005
4.816000	-238.218994
4.817000	-240.391006
4.818000	-240.391006
4.819000	-236.042007
4.820000	-233.869995
4.821000	-227.350006
4.822000	-220.830002
4.823000	-214.313995
4.824000	-209.964996
4.825000	-205.617004
4.826000	-203.445007
4.827000	-205.617004
4.828000	-207.792999
4.829000	-209.964996
4.830000	-218.658005
4.831000	-225.177994
4.832000	-229.526993
4.833000	-236.042007
4.834000	-240.391006
4.835000	-238.218994
4.836000	-233.869995
4.837000	-229.526993
4.838000	-220.830002
4.839000	-212.136993
4.840000	-207.792999
4.841000	-201.272995
4.842000	-196.925003
4.843000	-196.925003
4.844000	-199.100998
4.845000	-201.272995
4.846000	-207.792999
4.847000	-216.485992
4.848000	-223.005997
4.849000	-227.350006
4.850000	-231.699005
4.851000	-236.042007
4.852000	-233.869995
4.853000	-231.699005
4.854000	-227.350006
4.855000	-218.658005
4.856000	-212.136993
4.857000	-207.792999
4.858000	-201.272995
4.859000	-199.100998
4.860000	-201.272995
4.861000	-203.445007
4.862000	-205.617004
4.863000	-214.313995
4.864000	-223.005997
4.865000	-229.526993
4.866000	-236.042007
4.867000	-238.218994
4.868000	-240.391006
4.869000	-236.042007
4.870000	-231.699005
4.871000	-225.177994
4.872000	-216.485992
4.873000	-212.136993
4.874000	-205.617004
4.875000	-201.272995
4.876000	-201.272995
4.877000	-205.617004
4.878000	-207.792999
4.879000	-214.313995
4.880000	-220.830002
4.881000	-227.350006
4.882000	-231.699005
4.883000	-236.042007
4.884000	-238.218994
4.885000	-236.042007
4.886000	-233.869995
4.887000	-227.350006
4.888000	-218.658005
4.889000	-209.964996
4.890000	-203.445007
4.891000	-199.100998
4.892000	-196.925003
4.893000	-196.925003
4.894000	-201.272995
4.895000	-205.617004
4.896000	-209.964996
4.897000	-220.830002
4.898000	-227.350006
4.899000	-233.869995
4.900000	-236.042007
4.901000	-240.391006
4.902000	-238.218994
4.903000	-236.042007
4.904000	-231.699005
4.905000	-223.005997
4.906000	-216.485992
4.907000	-209.964996
4.908000	-203.445007
4.909000	-201.272995
4.910000	-207.792999
4.911000	-209.964996
4.912000	-209.964996
4.913000	-220.830002
4.914000	-225.177994
4.915000	-231.699005
4.916000	-236.042007
4.917000	-240.391006
4.918000	-240.391006
4.919000	-238.218994
4.920000	-236.042007
4.921000	-227.350006
4.922000	-218.658005
4.923000	-214.313995
4.924000	-205.617004
4.925000	-203.445007
4.926000	-201.272995
4.927000	-203.445007
4.928000	-205.617004
4.929000	-209.964996
4.930000	-218.658005
4.931000	-225.177994
4.932000	-231.699005
4.933000	-238.218994
4.934000	-240.391006
4.935000	-238.218994
4.936000	-236.042007
4.937000	-233.869995
4.938000	-223.005997
4.939000	-216.485992
4.940000	-209.964996
4.941000	-205.617004
4.942000	-203.445007
4.943000	-207.792999
4.944000	-209.964996
4.945000	-216.485992
4.946000	-220.830002
4.947000	-229.526993
4.948000	-233.869995
4.949000	-240.391006
4.950000	-242.563004
4.951000	-244.738998
4.952000	-242.563004
4.953000	-240.391006
4.954000	-233.869995
4.955000	-225.177994
4.956000	-218.658005
4.957000	-212.136993
4.958000	-205.617004
4.959000	-205.617004
4.960000	-205.617004
4.961000	-207.792999
4.962000	-212.136993
4.963000	-220.830002
4.964000	-227.350006
4.965000	-231.699005
4.966000	-238.218994
4.967000	-240.391006
4.968000	-242.563004
4.969000	-238.218994
4.970000	-236.042007
4.971000	-231.699005
4.972000	-223.005997
4.973000	-216.485992
4.974000	-212.136993
4.975000	-209.964996
4.976000	-207.792999
4.977000	-209.964996
4.978000	-212.136993
4.979000	-216.485992
4.980000	-225.177994
4.981000	-231.699005
4.982000	-236.042007
4.983000	-242.563004
4.984000	-244.738998
4.985000	-242.563004
4.986000	-240.391006
4.987000	-236.042007
4.988000	-227.350006
4.989000	-220.830002
4.990000	-214.313995
4.991000	-207.792999
4.992000	-205.617004
4.993000	-205.617004
4.994000	-209.964996
4.995000	-214.313995
4.996000	-220.830002
4.997000	-227.350006
4.998000	-233.869995
4.999000	-240.391006
5.000000	-242.563004
5.001000	-244.738998
5.002000	-242.563004
5.003000	-238.218994
5.004000	-233.869995
5.005000	-225.177994
5.006000	-218.658005
5.007000	-214.313995
5.008000	-209.964996
5.009000	-207.792999
5.010000	-209.964996
5.011000	-212.136993
5.012000	-214.313995
5.013000	-223.005997
5.014000	-231.699005
5.015000	-238.218994
5.016000	-242.563004
5.017000	-246.910995
5.018000	-244.738998
5.019000	-242.563004
5.020000	-240.391006
5.021000	-233.869995
5.022000	-225.177994
5.023000	-218.658005
5.024000	-214.313995
5.025000	-209.964996
5.026000	-207.792999
5.027000	-209.964996
5.028000	-214.313995
5.029000	-220.830002
5.030000	-229.526993
5.031000	-233.869995
5.032000	-240.391006
5.033000	-246.910995
5.034000	-249.082993
5.035000	-244.738998
5.036000	-242.563004
5.037000	-238.218994
5.038000	-229.526993
5.039000	-223.005997
5.040000	-218.658005
5.041000	-209.964996
5.042000	-207.792999
5.043000	-207.792999
5.044000	-214.313995
5.045000	-216.485992
5.046000	-220.830002
5.047000	-231.699005
5.048000	-236.042007
5.049000	-240.391006
5.050000	-244.738998
5.051000	-244.738998
5.052000	-244.738998
5.053000	-240.391006
5.054000	-236.042007
5.055000	-225.177994
5.056000	-220.830002
5.057000	-214.313995
5.058000	-207.792999
5.059000	-207.792999
5.060000	-209.964996
5.061000	-209.964996
5.062000	-214.313995
5.063000	-223.005997
5.064000	-231.699005
5.065000	-236.042007
5.066000	-242.563004
5.067000	-244.738998
5.068000	-244.738998
5.069000	-240.391006
5.070000	-238.218994
5.071000	-231.699005
5.072000	-223.005997
5.073000	-216.485992
5.074000	-209.964996
5.075000	-207.792999
5.076000	-205.617004
5.077000	-207.792999
5.078000	-209.964996
5.079000	-216.485992
5.080000	-225.177994
5.081000	-231.699005
5.082000	-236.042007
5.083000	-242.563004
5.084000	-244.738998
5.085000	-242.563004
5.086000	-242.563004
5.087000	-238.218994
5.088000	-227.350006
5.089000	-220.830002
5.090000	-214.313995
5.091000	-209.964996
5.092000	-205.617004
5.093000	-209.964996
5.094000	-214.313995
5.095000	-218.658005
5.096000	-223.005997
5.097000	-231.699005
5.098000	-236.042007
5.099000	-242.563004
5.100000	-244.738998
5.101000	-249.082993
5.102000	-244.738998
5.103000	-244.738998
5.104000	-238.218994
5.105000	-227.350006
5.106000	-220.830002
5.107000	-214.313995
5.108000	-209.964996
5.109000	-205.617004
5.110000	-209.964996
5.111000	-209.964996
5.112000	-214.313995
5.113000	-223.005997
5.114000	-227.350006
5.115000	-233.869995
5.116000	-240.391006
5.117000	-244.738998
5.118000	-244.738998
5.119000	-242.563004
5.120000	-240.391006
5.121000	-231.699005
5.122000	-225.177994
5.123000	-218.658005
5.124000	-209.964996
5.125000	-205.617004
5.126000	-205.617004
5.127000	-207.792999
5.128000	-212.136993
5.129000	-214.313995
5.130000	-225.177994
5.131000	-231.699005
5.132000	-236.042007
5.133000	-240.391006
5.134000	-242.563004
5.135000	-240.391006
5.136000	-238.218994
5.137000	-236.042007
5.138000	-225.177994
5.139000	-218.658005
5.140000	-212.136993
5.141000	-207.792999
5.142000	-203.445007
5.143000	-203.445007
5.144000	-205.617004
5.145000	-207.792999
5.146000	-214.313995
5.147000	-223.005997
5.148000	-227.350006
5.149000	-233.869995
5.150000	-238.218994
5.151000	-240.391006
5.152000	-236.042007
5.153000	-233.869995
5.154000	-229.526993
5.155000	-218.658005
5.156000	-214.313995
5.157000	-209.964996
5.158000	-205.617004
5.159000	-205.617004
5.160000	-207.792999
5.161000	-209.964996
5.162000	-214.313995
5.163000	-223.005997
5.164000	-227.350006
5.165000	-233.869995
5.166000	-240.391006
5.167000	-242.563004
5.168000	-242.563004
5.169000	-240.391006
5.170000	-238.218994
5.171000	-229.526993
5.172000	-220.830002
5.173000	-214.313995
5.174000	-207.792999
5.175000	-205.617004
5.176000	-203.445007
5.177000	-205.617004
5.178000	-209.964996
5.179000	-214.313995
5.180000	-225.177994
5.181000	-231.699005
5.182000	-236.042007
5.183000	-240.391006
5.184000	-242.563004
5.185000	-240.391006
5.186000	-238.218994
5.187000	-233.869995
5.188000	-225.177994
5.189000	-218.658005
5.190000	-214.313995
5.191000	-205.617004
5.192000	-203.445007
5.193000	-205.617004
5.194000	-207.792999
5.195000	-212.136993
5.196000	-218.658005
5.197000	-225.177994
5.198000	-231.699005
5.199000	-238.218994
5.200000	-242.563004
5.201000	-244.738998
5.202000	-242.563004
5.203000	-238.218994
5.204000	-233.869995
5.205000	-223.005997
5.206000	-218.658005
5.207000	-214.313995
5.208000	-207.792999
5.209000	-207.792999
5.210000	-207.792999
5.211000	-209.964996
5.212000	-212.136993
5.213000	-220.830002
5.214000	-227.350006
5.215000	-231.699005
5.216000	-238.218994
5.217000	-242.563004
5.218000	-242.563004
5.219000	-238.218994
5.220000	-236.042007
5.221000	-227.350006
5.222000	-218.658005
5.223000	-214.313995
5.224000	-207.792999
5.225000	-205.617004
5.226000	-203.445007
5.227000	-207.792999
5.228000	-209.964996
5.229000	-214.313995
5.230000	-225.177994
5.231000	-233.869995
5.232000	-238.218994
5.233000	-242.563004
5.234000	-244.738998
5.235000	-242.563004
5.236000	-240.391006
5.237000	-233.869995
5.238000	-225.177994
5.239000	-216.485992
5.240000	-209.964996
5.241000	-205.617004
5.242000	-203.445007
5.243000	-205.617004
5.244000	-207.792999
5.245000	-209.964996
5.246000	-218.658005
5.247000	-225.177994
5.248000	-229.526993
5.249000	-236.042007
5.250000	-240.391006
5.251000	-240.391006
5.252000	-238.218994
5.253000	-236.042007
5.254000	-229.526993
5.255000	-218.658005
5.256000	-214.313995
5.257000	-209.964996
5.258000	-209.964996
5.259000	-205.617004
5.260000	-207.792999
5.261000	-209.964996
5.262000	-214.313995
5.263000	-223.005997
5.264000	-227.350006
5.265000	-233.869995
5.266000	-240.391006
5.267000	-244.738998
5.268000	-244.738998
5.269000	-242.563004
5.270000	-238.218994
5.271000	-231.699005
5.272000	-223.005997
5.273000	-216.485992
5.274000	-209.964996
5.275000	-207.792999
5.276000	-207.792999
5.277000	-209.964996
5.278000	-212.136993
5.279000	-216.485992
5.280000	-225.177994
5.281000	-229.526993
5.282000	-233.869995
5.283000	-240.391006
5.284000	-242.563004
5.285000	-240.391006
5.286000	-238.218994
5.287000	-233.869995
5.288000	-225.177994
5.289000	-218.658005
5.290000	-214.313995
5.291000	-205.617004
5.292000	-203.445007
5.293000	-205.617004
5.294000	-207.792999
5.295000	-209.964996
5.296000	-216.485992
5.297000	-223.005997
5.298000	-229.526993
5.299000	-236.042007
5.300000	-240.391006
5.301000	-242.563004
5.302000	-240.391006
5.303000	-236.042007
5.304000	-229.526993
5.305000	-220.830002
5.306000	-214.313995
5.307000	-209.964996
5.308000	-205.617004
5.309000	-203.445007
5.310000	-205.617004
5.311000	-209.964996
5.312000	-214.313995
5.313000	-225.177994
5.314000	-231.699005
5.315000	-233.869995
5.316000	-240.391006
5.317000	-244.738998
5.318000	-244.738998
5.319000	-240.391006
5.320000	-236.042007
5.321000	-227.350006
5.322000	-218.658005
5.323000	-209.964996
5.324000	-205.617004
5.325000	-201.272995
5.326000	-199.100998
5.327000	-201.272995
5.328000	-205.617004
5.329000	-212.136993
5.330000	-223.005997
5.331000	-229.526993
5.332000	-233.869995
5.333000	-240.391006
5.334000	-242.563004
5.335000	-242.563004
5.336000	-240.391006
5.337000	-236.042007
5.338000	-227.350006
5.339000	-220.830002
5.340000	-216.485992
5.341000	-209.964996
5.342000	-207.792999
5.343000	-209.964996
5.344000	-214.313995
5.345000	-216.485992
5.346000	-223.005997
5.347000	-229.526993
5.348000	-233.869995
5.349000	-240.391006
5.350000	-242.563004
5.351000	-244.738998
5.352000	-240.391006
5.353000	-238.218994
5.354000	-231.699005
5.355000	-220.830002
5.356000	-216.485992
5.357000	-209.964996
5.358000	-205.617004
5.359000	-203.445007
5.360000	-205.617004
5.361000	-209.964996
5.362000	-214.313995
5.363000	-223.005997
5.364000	-229.526993
5.365000	-233.869995
5.366000	-240.391006
5.367000	-244.738998
5.368000	-244.738998
5.369000	-240.391006
5.370000	-238.218994
5.371000	-231.699005
5.372000	-225.177994
5.373000	-218.658005
5.374000	-214.313995
5.375000	-209.964996
5.376000	-209.964996
5.377000	-212.136993
5.378000	-214.313995
5.379000	-218.658005
5.380000	-227.350006
5.381000	-233.869995
5.382000	-240.391006
5.383000	-244.738998
5.384000	-246.910995
5.385000	-244.738998
5.386000	-242.563004
5.387000	-238.218994
5.388000	-229.526993
5.389000	-223.005997
5.390000	-218.658005
5.391000	-212.136993
5.392000	-209.964996
5.393000	-212.136993
5.394000	-214.313995
5.395000	-216.485992
5.396000	-223.005997
5.397000	-229.526993
5.398000	-233.869995
5.399000	-240.391006
5.400000	-242.563004
5.401000	-244.738998
5.402000	-240.391006
5.403000	-240.391006
5.404000	-233.869995
5.405000	-223.005997
5.406000	-218.658005
5.407000	-214.313995
5.408000	-205.617004
5.409000	-203.445007
5.410000	-207.792999
5.411000	-209.964996
5.412000	-214.313995
5.413000	-220.830002
5.414000	-227.350006
5.415000	-231.699005
5.416000	-238.218994
5.417000	-240.391006
5.418000	-240.391006
5.419000	-238.218994
5.420000	-233.869995
5.421000	-225.177994
5.422000	-216.485992
5.423000	-209.964996
5.424000	-205.617004
5.425000	-203.445007
5.426000	-203.445007
5.427000	-205.617004
5.428000	-209.964996
5.429000	-216.485992
5.430000	-225.177994
5.431000	-227.350006
5.432000	-233.869995
5.433000	-238.218994
5.434000	-240.391006
5.435000	-238.218994
5.436000	-236.042007
5.437000	-229.526993
5.438000	-220.830002
5.439000	-214.313995
5.440000	-205.617004
5.441000	-199.100998
5.442000	-199.100998
5.443000	-201.272995
5.444000	-205.617004
5.445000	-209.964996
5.446000	-218.658005
5.447000	-225.177994
5.448000	-231.699005
5.449000	-236.042007
5.450000	-240.391006
5.451000	-244.738998
5.452000	-244.738998
5.453000	-242.563004
5.454000	-236.042007
5.455000	-225.177994
5.456000	-220.830002
5.457000	-216.485992
5.458000	-209.964996
5.459000	-207.792999
5.460000	-212.136993
5.461000	-214.313995
5.462000	-218.658005
5.463000	-227.350006
5.464000	-233.869995
5.465000	-238.218994
5.466000	-244.738998
5.467000	-249.082993
5.468000	-246.910995
5.469000	-242.563004
5.470000	-238.218994
5.471000	-229.526993
5.472000	-223.005997
5.473000	-216.485992
5.474000	-209.964996
5.475000	-207.792999
5.476000	-205.617004
5.477000	-209.964996
5.478000	-212.136993
5.479000	-216.485992
5.480000	-225.177994
5.481000	-231.699005
5.482000	-236.042007
5.483000	-242.563004
5.484000	-244.738998
5.485000	-242.563004
5.486000	-240.391006
5.487000	-236.042007
5.488000	-225.177994
5.489000	-218.658005
5.490000	-212.136993
5.491000	-205.617004
5.492000	-203.445007
5.493000	-205.617004
5.494000	-207.792999
5.495000	-209.964996
5.496000	-218.658005
5.497000	-225.177994
5.498000	-231.699005
5.499000	-236.042007
5.500000	-238.218994
