-0.500000	0.033584
-0.499000	0.033584
-0.498000	0.033584
-0.497000	0.028491
-0.496000	0.028491
-0.495000	0.033584
-0.494000	0.028491
-0.493000	0.033584
-0.492000	0.033584
-0.491000	0.033584
-0.490000	0.028491
-0.489000	0.033584
-0.488000	0.038677
-0.487000	0.028491
-0.486000	0.028491
-0.485000	0.033584
-0.484000	0.028491
-0.483000	0.038677
-0.482000	0.033584
-0.481000	0.033584
-0.480000	0.033584
-0.479000	0.033584
-0.478000	0.033584
-0.477000	0.033584
-0.476000	0.028491
-0.475000	0.033584
-0.474000	0.028491
-0.473000	0.038677
-0.472000	0.028491
-0.471000	0.023387
-0.470000	0.033584
-0.469000	0.028491
-0.468000	0.033584
-0.467000	0.033584
-0.466000	0.033584
-0.465000	0.033584
-0.464000	0.028491
-0.463000	0.033584
-0.462000	0.038677
-0.461000	0.028491
-0.460000	0.033584
-0.459000	0.038677
-0.458000	0.023387
-0.457000	0.033584
-0.456000	0.028491
-0.455000	0.028491
-0.454000	0.038677
-0.453000	0.038677
-0.452000	0.033584
-0.451000	0.028491
-0.450000	0.033584
-0.449000	0.033584
-0.448000	0.028491
-0.447000	0.038677
-0.446000	0.033584
-0.445000	0.033584
-0.444000	0.033584
-0.443000	0.033584
-0.442000	0.038677
-0.441000	0.033584
-0.440000	0.028491
-0.439000	0.028491
-0.438000	0.028491
-0.437000	0.028491
-0.436000	0.028491
-0.435000	0.028491
-0.434000	0.033584
-0.433000	0.028491
-0.432000	0.028491
-0.431000	0.028491
-0.430000	0.033584
-0.429000	0.028491
-0.428000	0.033584
-0.427000	0.033584
-0.426000	0.033584
-0.425000	0.028491
-0.424000	0.033584
-0.423000	0.028491
-0.422000	0.033584
-0.421000	0.033584
-0.420000	0.033584
-0.419000	0.023387
-0.418000	0.033584
-0.417000	0.033584
-0.416000	0.033584
-0.415000	0.033584
-0.414000	0.033584
-0.413000	0.038677
-0.412000	0.033584
-0.411000	0.033584
-0.410000	0.028491
-0.409000	0.028491
-0.408000	0.033584
-0.407000	0.033584
-0.406000	0.033584
-0.405000	0.038677
-0.404000	0.033584
-0.403000	0.038677
-0.402000	0.033584
-0.401000	0.043780
-0.400000	0.033584
-0.399000	0.033584
-0.398000	0.033584
-0.397000	0.038677
-0.396000	0.023387
-0.395000	0.033584
-0.394000	0.028491
-0.393000	0.028491
-0.392000	0.033584
-0.391000	0.028491
-0.390000	0.038677
-0.389000	0.038677
-0.388000	0.038677
-0.387000	0.033584
-0.386000	0.038677
-0.385000	0.023387
-0.384000	0.033584
-0.383000	0.028491
-0.382000	0.028491
-0.381000	0.033584
-0.380000	0.038677
-0.379000	0.028491
-0.378000	0.038677
-0.377000	0.028491
-0.376000	0.023387
-0.375000	0.028491
-0.374000	0.028491
-0.373000	0.028491
-0.372000	0.023387
-0.371000	0.033584
-0.370000	0.033584
-0.369000	0.028491
-0.368000	0.033584
-0.367000	0.033584
-0.366000	0.028491
-0.365000	0.033584
-0.364000	0.038677
-0.363000	0.028491
-0.362000	0.033584
-0.361000	0.033584
-0.360000	0.033584
-0.359000	0.033584
-0.358000	0.028491
-0.357000	0.033584
-0.356000	0.028491
-0.355000	0.028491
-0.354000	0.038677
-0.353000	0.038677
-0.352000	0.028491
-0.351000	0.043780
-0.350000	0.033584
-0.349000	0.028491
-0.348000	0.028491
-0.347000	0.033584
-0.346000	0.028491
-0.345000	0.028491
-0.344000	0.033584
-0.343000	0.028491
-0.342000	0.023387
-0.341000	0.033584
-0.340000	0.038677
-0.339000	0.028491
-0.338000	0.028491
-0.337000	0.033584
-0.336000	0.038677
-0.335000	0.028491
-0.334000	0.033584
-0.333000	0.038677
-0.332000	0.028491
-0.331000	0.033584
-0.330000	0.033584
-0.329000	0.028491
-0.328000	0.033584
-0.327000	0.033584
-0.326000	0.033584
-0.325000	0.028491
-0.324000	0.033584
-0.323000	0.033584
-0.322000	0.028491
-0.321000	0.038677
-0.320000	0.033584
-0.319000	0.028491
-0.318000	0.033584
-0.317000	0.028491
-0.316000	0.033584
-0.315000	0.038677
-0.314000	0.033584
-0.313000	0.028491
-0.312000	0.033584
-0.311000	0.038677
-0.310000	0.033584
-0.309000	0.028491
-0.308000	0.033584
-0.307000	0.028491
-0.306000	0.028491
-0.305000	0.033584
-0.304000	0.038677
-0.303000	0.033584
-0.302000	0.028491
-0.301000	0.028491
-0.300000	0.033584
-0.299000	0.028491
-0.298000	0.028491
-0.297000	0.028491
-0.296000	0.028491
-0.295000	0.033584
-0.294000	0.028491
-0.293000	0.028491
-0.292000	0.038677
-0.291000	0.028491
-0.290000	0.033584
-0.289000	0.033584
-0.288000	0.028491
-0.287000	0.028491
-0.286000	0.033584
-0.285000	0.023387
-0.284000	0.033584
-0.283000	0.038677
-0.282000	0.028491
-0.281000	0.033584
-0.280000	0.028491
-0.279000	0.033584
-0.278000	0.033584
-0.277000	0.033584
-0.276000	0.028491
-0.275000	0.028491
-0.274000	0.033584
-0.273000	0.033584
-0.272000	0.023387
-0.271000	0.028491
-0.270000	0.023387
-0.269000	0.033584
-0.268000	0.033584
-0.267000	0.028491
-0.266000	0.028491
-0.265000	0.038677
-0.264000	0.038677
-0.263000	0.038677
-0.262000	0.028491
-0.261000	0.033584
-0.260000	0.033584
-0.259000	0.033584
-0.258000	0.028491
-0.257000	0.028491
-0.256000	0.033584
-0.255000	0.038677
-0.254000	0.028491
-0.253000	0.028491
-0.252000	0.028491
-0.251000	0.033584
-0.250000	0.033584
-0.249000	0.033584
-0.248000	0.033584
-0.247000	0.038677
-0.246000	0.028491
-0.245000	0.033584
-0.244000	0.038677
-0.243000	0.033584
-0.242000	0.023387
-0.241000	0.033584
-0.240000	0.028491
-0.239000	0.033584
-0.238000	0.033584
-0.237000	0.028491
-0.236000	0.033584
-0.235000	0.033584
-0.234000	0.028491
-0.233000	0.028491
-0.232000	0.033584
-0.231000	0.038677
-0.230000	0.028491
-0.229000	0.033584
-0.228000	0.028491
-0.227000	0.033584
-0.226000	0.028491
-0.225000	0.033584
-0.224000	0.033584
-0.223000	0.033584
-0.222000	0.028491
-0.221000	0.028491
-0.220000	0.033584
-0.219000	0.028491
-0.218000	0.038677
-0.217000	0.033584
-0.216000	0.033584
-0.215000	0.033584
-0.214000	0.033584
-0.213000	0.033584
-0.212000	0.028491
-0.211000	0.033584
-0.210000	0.028491
-0.209000	0.028491
-0.208000	0.028491
-0.207000	0.033584
-0.206000	0.028491
-0.205000	0.033584
-0.204000	0.033584
-0.203000	0.033584
-0.202000	0.033584
-0.201000	0.028491
-0.200000	0.033584
-0.199000	0.033584
-0.198000	0.038677
-0.197000	0.033584
-0.196000	0.033584
-0.195000	0.033584
-0.194000	0.028491
-0.193000	0.028491
-0.192000	0.033584
-0.191000	0.033584
-0.190000	0.033584
-0.189000	0.028491
-0.188000	0.033584
-0.187000	0.028491
-0.186000	0.023387
-0.185000	0.028491
-0.184000	0.033584
-0.183000	0.028491
-0.182000	0.033584
-0.181000	0.033584
-0.180000	0.033584
-0.179000	0.028491
-0.178000	0.033584
-0.177000	0.033584
-0.176000	0.033584
-0.175000	0.038677
-0.174000	0.028491
-0.173000	0.028491
-0.172000	0.028491
-0.171000	0.028491
-0.170000	0.033584
-0.169000	0.028491
-0.168000	0.033584
-0.167000	0.028491
-0.166000	0.028491
-0.165000	0.038677
-0.164000	0.033584
-0.163000	0.038677
-0.162000	0.038677
-0.161000	0.028491
-0.160000	0.033584
-0.159000	0.028491
-0.158000	0.033584
-0.157000	0.033584
-0.156000	0.038677
-0.155000	0.033584
-0.154000	0.033584
-0.153000	0.028491
-0.152000	0.033584
-0.151000	0.023387
-0.150000	0.028491
-0.149000	0.023387
-0.148000	0.033584
-0.147000	0.028491
-0.146000	0.028491
-0.145000	0.018295
-0.144000	0.028491
-0.143000	0.028491
-0.142000	0.033584
-0.141000	0.028491
-0.140000	0.028491
-0.139000	0.033584
-0.138000	0.033584
-0.137000	0.028491
-0.136000	0.033584
-0.135000	0.033584
-0.134000	0.033584
-0.133000	0.033584
-0.132000	0.033584
-0.131000	0.033584
-0.130000	0.028491
-0.129000	0.033584
-0.128000	0.038677
-0.127000	0.028491
-0.126000	0.028491
-0.125000	0.033584
-0.124000	0.028491
-0.123000	0.028491
-0.122000	0.028491
-0.121000	0.028491
-0.120000	0.033584
-0.119000	0.023387
-0.118000	0.038677
-0.117000	0.028491
-0.116000	0.038677
-0.115000	0.033584
-0.114000	0.033584
-0.113000	0.028491
-0.112000	0.033584
-0.111000	0.028491
-0.110000	0.033584
-0.109000	0.033584
-0.108000	0.028491
-0.107000	0.033584
-0.106000	0.028491
-0.105000	0.028491
-0.104000	0.033584
-0.103000	0.033584
-0.102000	0.033584
-0.101000	0.028491
-0.100000	0.028491
-0.099000	0.028491
-0.098000	0.038677
-0.097000	0.033584
-0.096000	0.028491
-0.095000	0.028491
-0.094000	0.038677
-0.093000	0.028491
-0.092000	0.028491
-0.091000	0.033584
-0.090000	0.028491
-0.089000	0.028491
-0.088000	0.033584
-0.087000	0.028491
-0.086000	0.033584
-0.085000	0.028491
-0.084000	0.033584
-0.083000	0.028491
-0.082000	0.033584
-0.081000	0.033584
-0.080000	0.028491
-0.079000	0.033584
-0.078000	0.038677
-0.077000	0.038677
-0.076000	0.033584
-0.075000	0.028491
-0.074000	0.033584
-0.073000	0.028491
-0.072000	0.028491
-0.071000	0.028491
-0.070000	0.028491
-0.069000	0.028491
-0.068000	0.043780
-0.067000	0.033584
-0.066000	0.038677
-0.065000	0.043780
-0.064000	0.028491
-0.063000	0.023387
-0.062000	0.033584
-0.061000	0.033584
-0.060000	0.038677
-0.059000	0.028491
-0.058000	0.028491
-0.057000	0.028491
-0.056000	0.028491
-0.055000	0.033584
-0.054000	0.033584
-0.053000	0.028491
-0.052000	0.028491
-0.051000	0.033584
-0.050000	0.038677
-0.049000	0.028491
-0.048000	0.033584
-0.047000	0.028491
-0.046000	0.028491
-0.045000	0.028491
-0.044000	0.033584
-0.043000	0.028491
-0.042000	0.033584
-0.041000	0.028491
-0.040000	0.038677
-0.039000	0.028491
-0.038000	0.023387
-0.037000	0.028491
-0.036000	0.033584
-0.035000	0.023387
-0.034000	0.028491
-0.033000	0.033584
-0.032000	0.033584
-0.031000	0.038677
-0.030000	0.033584
-0.029000	0.033584
-0.028000	0.028491
-0.027000	0.033584
-0.026000	0.033584
-0.025000	0.038677
-0.024000	0.028491
-0.023000	0.028491
-0.022000	0.028491
-0.021000	0.033584
-0.020000	0.038677
-0.019000	0.028491
-0.018000	0.008109
-0.017000	0.013202
-0.016000	0.008109
-0.015000	0.003006
-0.014000	-0.007180
-0.013000	-0.022469
-0.012000	-0.022469
-0.011000	-0.012283
-0.010000	-0.017376
-0.009000	-0.032665
-0.008000	-0.027562
-0.007000	-0.032665
-0.006000	-0.037758
-0.005000	-0.037758
-0.004000	-0.027562
-0.003000	-0.022469
-0.002000	-0.002087
-0.001000	0.018295
0.000000	0.028491
0.001000	0.038677
0.002000	0.043780
0.003000	0.064162
0.004000	0.074348
0.005000	0.094729
0.006000	0.110018
0.007000	0.099833
0.008000	0.099833
0.009000	0.099833
0.010000	0.110018
0.011000	0.125307
0.012000	0.104926
0.013000	0.059058
0.014000	0.018295
0.015000	0.008109
0.016000	-0.042851
0.017000	-0.098904
0.018000	-0.175349
0.019000	-0.134575
0.020000	-0.063233
0.021000	-0.119286
0.022000	-0.282351
0.023000	-0.256877
0.024000	-0.098904
0.025000	-0.027562
0.026000	-0.144771
0.027000	-0.261969
0.028000	-0.216113
0.029000	-0.063233
0.030000	-0.042851
0.031000	-0.134575
0.032000	-0.175349
0.033000	-0.047954
0.034000	0.099833
0.035000	0.089636
0.036000	-0.007180
0.037000	-0.027562
0.038000	0.069255
0.039000	0.140596
0.040000	0.069255
0.041000	-0.047954
0.042000	-0.032665
0.043000	0.053966
0.044000	0.064162
0.045000	-0.012283
0.046000	-0.042851
0.047000	-0.002087
0.048000	-0.002087
0.049000	-0.063233
0.050000	-0.134575
0.051000	-0.119286
0.052000	-0.053047
0.053000	-0.047954
0.054000	-0.098904
0.055000	-0.154957
0.056000	-0.119286
0.057000	-0.022469
0.058000	-0.017376
0.059000	-0.098904
0.060000	-0.129482
0.061000	-0.053047
0.062000	0.013202
0.063000	-0.037758
0.064000	-0.104007
0.065000	-0.098904
0.066000	-0.042851
0.067000	-0.002087
0.068000	-0.053047
0.069000	-0.078522
0.070000	-0.042851
0.071000	0.038677
0.072000	0.003006
0.073000	-0.058140
0.074000	-0.058140
0.075000	-0.017376
0.076000	-0.007180
0.077000	-0.058140
0.078000	-0.104007
0.079000	-0.053047
0.080000	-0.002087
0.081000	-0.012283
0.082000	-0.083625
0.083000	-0.114193
0.084000	-0.058140
0.085000	0.013202
0.086000	-0.017376
0.087000	-0.088718
0.088000	-0.098904
0.089000	-0.012283
0.090000	0.008109
0.091000	-0.073429
0.092000	-0.114193
0.093000	-0.058140
0.094000	0.038677
0.095000	0.008109
0.096000	-0.063233
0.097000	-0.073429
0.098000	-0.037758
0.099000	0.003006
0.100000	-0.098904
0.101000	-0.104007
0.102000	-0.338415
0.103000	-0.144771
0.104000	0.043780
0.105000	-0.353693
0.106000	-0.272166
0.107000	-0.236495
0.108000	-0.180442
0.109000	0.018295
0.110000	-0.098904
0.111000	-0.047954
0.112000	-0.093811
0.113000	-0.221206
0.114000	-0.165153
0.115000	-0.180442
0.116000	-0.205917
0.117000	-0.170246
0.118000	-0.114193
0.119000	0.206845
0.120000	0.512584
0.121000	0.624700
0.122000	0.028491
0.123000	-0.318022
0.124000	0.069255
0.125000	0.104926
0.126000	-0.190628
0.127000	-0.690021
0.128000	-0.633968
0.129000	0.008109
0.130000	0.018295
0.131000	-0.389364
0.132000	-0.725692
0.133000	-0.577915
0.134000	0.059058
0.135000	-0.047954
0.136000	-0.700217
0.137000	-0.735888
0.138000	-0.216113
0.139000	0.145689
0.140000	-0.358797
0.141000	-0.572822
0.142000	-0.042851
0.143000	0.273084
0.144000	-0.073429
0.145000	-0.307837
0.146000	0.028491
0.147000	0.604308
0.148000	0.375004
0.149000	-0.246691
0.150000	-0.379178
0.151000	0.140596
0.152000	0.507492
0.153000	-0.109100
0.154000	-0.904046
0.155000	-0.664546
0.156000	-0.012283
0.157000	0.191556
0.158000	-0.521862
0.159000	-1.174120
0.160000	-0.740981
0.161000	-0.047954
0.162000	-0.047954
0.163000	-0.761363
0.164000	-1.046730
0.165000	-0.216113
0.166000	0.369911
0.167000	0.038677
0.168000	-0.598297
0.169000	-0.613586
0.170000	0.099833
0.171000	0.369911
0.172000	-0.129482
0.173000	-0.618679
0.174000	-0.409757
0.175000	0.222124
0.176000	0.176267
0.177000	-0.450520
0.178000	-0.740981
0.179000	-0.409757
0.180000	0.089636
0.181000	-0.170246
0.182000	-0.776652
0.183000	-0.756270
0.184000	-0.251784
0.185000	0.018295
0.186000	-0.374086
0.187000	-0.791941
0.188000	-0.475995
0.189000	0.033584
0.190000	0.110018
0.191000	-0.353693
0.192000	-0.608483
0.193000	-0.165153
0.194000	0.247609
0.195000	0.008109
0.196000	-0.491284
0.197000	-0.516759
0.198000	-0.047954
0.199000	0.120215
0.200000	-0.241588
0.201000	-0.588101
0.202000	-0.409757
0.203000	-0.017376
0.204000	-0.063233
0.205000	-0.491284
0.206000	-0.639061
0.207000	-0.374086
0.208000	-0.078522
0.209000	-0.231402
0.210000	-0.567719
0.211000	-0.511666
0.212000	-0.154957
0.213000	-0.002087
0.214000	-0.282351
0.215000	-0.557533
0.216000	-0.374086
0.217000	-0.037758
0.218000	-0.022469
0.219000	-0.297640
0.220000	-0.501480
0.221000	-0.338415
0.222000	-0.078522
0.223000	-0.200824
0.224000	-0.506573
0.225000	-0.588101
0.226000	-0.328218
0.227000	-0.165153
0.228000	-0.363889
0.229000	-0.399560
0.230000	0.252702
0.231000	0.629793
0.232000	0.018295
0.233000	-1.005960
0.234000	-0.419942
0.235000	0.609411
0.236000	0.415768
0.237000	-0.914232
0.238000	-1.535930
0.239000	-0.318022
0.240000	0.833623
0.241000	0.120215
0.242000	-1.423810
0.243000	-1.500260
0.244000	-0.032665
0.245000	0.833623
0.246000	-0.246691
0.247000	-1.607270
0.248000	-1.393240
0.249000	0.104926
0.250000	0.400479
0.251000	-0.949903
0.252000	-1.597070
0.253000	-0.486191
0.254000	0.614504
0.255000	0.217031
0.256000	-0.939717
0.257000	-0.909139
0.258000	0.053966
0.259000	0.395386
0.260000	-0.226299
0.261000	-0.537151
0.262000	0.135504
0.263000	0.777570
0.264000	0.308755
0.265000	-0.532048
0.266000	-0.654350
0.267000	-0.287455
0.268000	-0.256877
0.269000	-0.440324
0.270000	0.171175
0.271000	0.874387
0.272000	-0.205917
0.273000	-0.649257
0.274000	-0.695114
0.275000	-0.027562
0.276000	-0.261969
0.277000	-1.174120
0.278000	-1.464580
0.279000	-1.041630
0.280000	-0.827612
0.281000	-1.194510
0.282000	-1.846770
0.283000	-1.444200
0.284000	-0.873468
0.285000	-0.944810
0.286000	-1.566490
0.287000	-1.999640
0.288000	-1.851860
0.289000	-1.225080
0.290000	-1.107880
0.291000	-1.693890
0.292000	-2.040410
0.293000	-1.459480
0.294000	-0.735888
0.295000	-1.118070
0.296000	-1.851860
0.297000	-1.841680
0.298000	-1.194510
0.299000	-0.603390
0.300000	-0.684928
0.301000	-1.235270
0.302000	-1.347380
0.303000	-0.939717
0.304000	-0.486191
0.305000	-0.761363
0.306000	-1.291320
0.307000	-1.403430
0.308000	-1.225080
0.309000	-1.337190
0.310000	-1.831480
0.311000	-2.366540
0.312000	-2.300300
0.313000	-1.969070
0.314000	-1.963970
0.315000	-2.290100
0.316000	-2.911790
0.317000	-3.090140
0.318000	-2.820070
0.319000	-2.702860
0.320000	-2.978030
0.321000	-3.360220
0.322000	-3.125810
0.323000	-2.662100
0.324000	-2.728340
0.325000	-3.161480
0.326000	-3.365320
0.327000	-2.840450
0.328000	-2.218760
0.329000	-2.183090
0.330000	-2.519410
0.331000	-2.519410
0.332000	-1.836570
0.333000	-1.301520
0.334000	-1.423810
0.335000	-1.709180
0.336000	-1.459480
0.337000	-0.949903
0.338000	-0.919335
0.339000	-1.169020
0.340000	-1.123160
0.341000	-0.730784
0.342000	-0.450520
0.343000	-0.588101
0.344000	-0.929521
0.345000	-0.949903
0.346000	-0.720599
0.347000	-0.735888
0.348000	-0.980481
0.349000	-1.153740
0.350000	-1.056920
0.351000	-0.980481
0.352000	-1.281140
0.353000	-1.571600
0.354000	-1.581780
0.355000	-1.418720
0.356000	-1.408530
0.357000	-1.642940
0.358000	-1.698990
0.359000	-1.520640
0.360000	-1.398340
0.361000	-1.500260
0.362000	-1.627650
0.363000	-1.510440
0.364000	-1.306610
0.365000	-1.240360
0.366000	-1.316810
0.367000	-1.423810
0.368000	-1.311710
0.369000	-1.097680
0.370000	-1.097680
0.371000	-1.158840
0.372000	-1.107880
0.373000	-0.909139
0.374000	-0.791941
0.375000	-0.868375
0.376000	-0.883664
0.377000	-0.822508
0.378000	-0.771548
0.379000	-0.873468
0.380000	-1.051820
0.381000	-1.021240
0.382000	-0.853086
0.383000	-0.832704
0.384000	-0.939717
0.385000	-0.990677
0.386000	-0.929521
0.387000	-0.924428
0.388000	-1.011060
0.389000	-1.021240
0.390000	-0.929521
0.391000	-1.123160
0.392000	-1.612360
0.393000	-0.868375
0.394000	1.419640
0.395000	2.250250
0.396000	0.262898
0.397000	-1.418720
0.398000	-0.236495
0.399000	2.015850
0.400000	1.659150
0.401000	-0.898953
0.402000	-1.943590
0.403000	-0.312929
0.404000	1.470600
0.405000	0.996688
0.406000	-0.970285
0.407000	-1.780520
0.408000	-0.654350
0.409000	0.125307
0.410000	-0.898953
0.411000	-2.254430
0.412000	-1.673510
0.413000	0.018295
0.414000	0.201742
0.415000	-1.245470
0.416000	-2.025120
0.417000	-1.143550
0.418000	-0.272166
0.419000	-0.853086
0.420000	-1.862060
0.421000	-1.734660
0.422000	-0.613586
0.423000	0.160978
0.424000	-0.312929
0.425000	-1.184310
0.426000	-0.965192
0.427000	0.079451
0.428000	0.217031
0.429000	-0.786837
0.430000	-1.276030
0.431000	-0.353693
0.432000	0.721517
0.433000	0.380097
0.434000	-0.588101
0.435000	-0.475995
0.436000	0.634886
0.437000	1.276960
0.438000	0.522781
0.439000	-0.399560
0.440000	-0.012283
0.441000	1.185240
0.442000	1.470600
0.443000	0.543162
0.444000	-0.211020
0.445000	0.288373
0.446000	1.144470
0.447000	1.006880
0.448000	0.110018
0.449000	-0.277259
0.450000	0.415768
0.451000	1.062940
0.452000	0.721517
0.453000	-0.058140
0.454000	-0.282351
0.455000	0.375004
0.456000	0.782663
0.457000	0.293466
0.458000	-0.318022
0.459000	-0.384271
0.460000	0.222124
0.461000	0.787766
0.462000	0.334240
0.463000	-0.404653
0.464000	-0.231402
0.465000	0.701135
0.466000	1.037450
0.467000	0.186453
0.468000	-0.389364
0.469000	0.084544
0.470000	0.803045
0.471000	0.696042
0.472000	0.048873
0.473000	-0.032665
0.474000	0.680753
0.475000	1.149570
0.476000	0.935543
0.477000	-0.058140
0.478000	-0.481088
0.479000	1.215810
0.480000	2.097380
0.481000	0.583926
0.482000	-0.583008
0.483000	0.242516
0.484000	1.862980
0.485000	1.552130
0.486000	-0.567719
0.487000	-1.459480
0.488000	0.028491
0.489000	1.557230
0.490000	0.813241
0.491000	-1.276030
0.492000	-1.281140
0.493000	0.594122
0.494000	1.210710
0.495000	-0.134575
0.496000	-1.724470
0.497000	-1.026350
0.498000	0.522781
0.499000	0.563544
0.500000	-0.532048
0.501000	-1.194510
0.502000	-0.246691
0.503000	0.894779
0.504000	0.201742
0.505000	-0.914232
0.506000	-0.802126
0.507000	0.222124
0.508000	1.011980
0.509000	0.538070
0.510000	-0.547337
0.511000	-0.537151
0.512000	0.507492
0.513000	1.139370
0.514000	0.344426
0.515000	-0.557533
0.516000	-0.154957
0.517000	0.752095
0.518000	0.706228
0.519000	-0.042851
0.520000	-0.256877
0.521000	0.176267
0.522000	0.589030
0.523000	0.405582
0.524000	-0.134575
0.525000	-0.399560
0.526000	-0.058140
0.527000	0.273084
0.528000	0.023387
0.529000	-0.343508
0.530000	-0.445417
0.531000	-0.205917
0.532000	0.094729
0.533000	-0.180442
0.534000	-0.567719
0.535000	-0.419942
0.536000	-0.165153
0.537000	-0.119286
0.538000	-0.272166
0.539000	-0.481088
0.540000	-0.450520
0.541000	-0.384271
0.542000	-0.475995
0.543000	-0.623772
0.544000	-0.649257
0.545000	-0.491284
0.546000	-0.394467
0.547000	-0.445417
0.548000	-0.633968
0.549000	-0.532048
0.550000	-0.277259
0.551000	-0.287455
0.552000	-0.491284
0.553000	-0.562626
0.554000	-0.302744
0.555000	-0.063233
0.556000	-0.282351
0.557000	-0.542244
0.558000	-0.450520
0.559000	-0.119286
0.560000	-0.104007
0.561000	-0.475995
0.562000	-0.511666
0.563000	-0.261969
0.564000	-0.098904
0.565000	-0.236495
0.566000	-0.588101
0.567000	-0.501480
0.568000	-0.185535
0.569000	-0.236495
0.570000	-0.557533
0.571000	-0.751166
0.572000	-0.583008
0.573000	-0.343508
0.574000	-0.481088
0.575000	-0.817415
0.576000	-0.919335
0.577000	-0.690021
0.578000	-0.516759
0.579000	-0.730784
0.580000	-1.021240
0.581000	-1.143550
0.582000	-1.056920
0.583000	-0.893850
0.584000	-0.955006
0.585000	-1.005960
0.586000	-0.990677
0.587000	-0.944810
0.588000	-0.909139
0.589000	-0.898953
0.590000	-0.832704
0.591000	-0.776652
0.592000	-0.817415
0.593000	-0.776652
0.594000	-0.700217
0.595000	-0.659443
0.596000	-0.832704
0.597000	-0.955006
0.598000	-0.797033
0.599000	-0.567719
0.600000	-0.552430
0.601000	-0.710403
0.602000	-0.847993
0.603000	-0.690021
0.604000	-0.501480
0.605000	-0.603390
0.606000	-0.791941
0.607000	-0.817415
0.608000	-0.593204
0.609000	-0.399560
0.610000	-0.613586
0.611000	-0.847993
0.612000	-0.664546
0.613000	-0.445417
0.614000	-0.414849
0.615000	-0.552430
0.616000	-0.730784
0.617000	-0.511666
0.618000	-0.277259
0.619000	-0.389364
0.620000	-0.409757
0.621000	-0.394467
0.622000	-0.384271
0.623000	-0.205917
0.624000	-0.297640
0.625000	-0.343508
0.626000	-0.277259
0.627000	-0.297640
0.628000	-0.205917
0.629000	-0.236495
0.630000	-0.419942
0.631000	-0.557533
0.632000	-0.470902
0.633000	-0.185535
0.634000	-0.165153
0.635000	-0.368982
0.636000	-0.455613
0.637000	-0.353693
0.638000	-0.073429
0.639000	-0.134575
0.640000	-0.465809
0.641000	-0.486191
0.642000	-0.256877
0.643000	-0.083625
0.644000	-0.195731
0.645000	-0.475995
0.646000	-0.435231
0.647000	-0.216113
0.648000	-0.129482
0.649000	-0.292548
0.650000	-0.445417
0.651000	-0.363889
0.652000	-0.165153
0.653000	-0.154957
0.654000	-0.297640
0.655000	-0.460706
0.656000	-0.409757
0.657000	-0.170246
0.658000	-0.211020
0.659000	-0.409757
0.660000	-0.450520
0.661000	-0.277259
0.662000	-0.037758
0.663000	-0.195731
0.664000	-0.450520
0.665000	-0.348600
0.666000	-0.114193
0.667000	-0.068336
0.668000	-0.241588
0.669000	-0.358797
0.670000	-0.256877
0.671000	-0.160060
0.672000	-0.124389
0.673000	-0.231402
0.674000	-0.348600
0.675000	-0.241588
0.676000	-0.134575
0.677000	-0.165153
0.678000	-0.251784
0.679000	-0.302744
0.680000	-0.195731
0.681000	-0.144771
0.682000	-0.272166
0.683000	-0.430138
0.684000	-0.440324
0.685000	-0.343508
0.686000	-0.287455
0.687000	-0.343508
0.688000	-0.445417
0.689000	-0.430138
0.690000	-0.368982
0.691000	-0.409757
0.692000	-0.501480
0.693000	-0.552430
0.694000	-0.501480
0.695000	-0.425035
0.696000	-0.425035
0.697000	-0.526955
0.698000	-0.593204
0.699000	-0.552430
0.700000	-0.562626
0.701000	-0.633968
0.702000	-0.730784
0.703000	-0.766455
0.704000	-0.659443
0.705000	-0.613586
0.706000	-0.705310
0.707000	-0.776652
0.708000	-0.735888
0.709000	-0.639061
0.710000	-0.664546
0.711000	-0.756270
0.712000	-0.756270
0.713000	-0.710403
0.714000	-0.669639
0.715000	-0.710403
0.716000	-0.812322
0.717000	-0.797033
0.718000	-0.730784
0.719000	-0.720599
0.720000	-0.771548
0.721000	-0.847993
0.722000	-0.791941
0.723000	-0.669639
0.724000	-0.664546
0.725000	-0.740981
0.726000	-0.781744
0.727000	-0.735888
0.728000	-0.679825
0.729000	-0.730784
0.730000	-0.807219
0.731000	-0.771548
0.732000	-0.664546
0.733000	-0.644154
0.734000	-0.740981
0.735000	-0.791941
0.736000	-0.684928
0.737000	-0.618679
0.738000	-0.679825
0.739000	-0.771548
0.740000	-0.746074
0.741000	-0.644154
0.742000	-0.633968
0.743000	-0.730784
0.744000	-0.781744
0.745000	-0.746074
0.746000	-0.700217
0.747000	-0.735888
0.748000	-0.807219
0.749000	-0.817415
0.750000	-0.781744
0.751000	-0.735888
0.752000	-0.771548
0.753000	-0.863282
0.754000	-0.853086
0.755000	-0.791941
0.756000	-0.776652
0.757000	-0.858179
0.758000	-0.919335
0.759000	-0.853086
0.760000	-0.791941
0.761000	-0.827612
0.762000	-0.898953
0.763000	-0.924428
0.764000	-0.842890
0.765000	-0.802126
0.766000	-0.832704
0.767000	-0.888757
0.768000	-0.873468
0.769000	-0.781744
0.770000	-0.766455
0.771000	-0.797033
0.772000	-0.807219
0.773000	-0.781744
0.774000	-0.730784
0.775000	-0.720599
0.776000	-0.730784
0.777000	-0.715495
0.778000	-0.705310
0.779000	-0.684928
0.780000	-0.639061
0.781000	-0.644154
0.782000	-0.659443
0.783000	-0.633968
0.784000	-0.593204
0.785000	-0.567719
0.786000	-0.593204
0.787000	-0.593204
0.788000	-0.547337
0.789000	-0.501480
0.790000	-0.521862
0.791000	-0.537151
0.792000	-0.511666
0.793000	-0.526955
0.794000	-0.486191
0.795000	-0.491284
0.796000	-0.486191
0.797000	-0.445417
0.798000	-0.481088
0.799000	-0.450520
0.800000	-0.425035
0.801000	-0.455613
0.802000	-0.409757
0.803000	-0.414849
0.804000	-0.404653
0.805000	-0.389364
0.806000	-0.394467
0.807000	-0.368982
0.808000	-0.414849
0.809000	-0.409757
0.810000	-0.328218
0.811000	-0.353693
0.812000	-0.353693
0.813000	-0.389364
0.814000	-0.358797
0.815000	-0.287455
0.816000	-0.363889
0.817000	-0.348600
0.818000	-0.282351
0.819000	-0.302744
0.820000	-0.287455
0.821000	-0.384271
0.822000	-0.368982
0.823000	-0.261969
0.824000	-0.282351
0.825000	-0.292548
0.826000	-0.358797
0.827000	-0.338415
0.828000	-0.251784
0.829000	-0.272166
0.830000	-0.261969
0.831000	-0.287455
0.832000	-0.307837
0.833000	-0.226299
0.834000	-0.236495
0.835000	-0.267073
0.836000	-0.282351
0.837000	-0.318022
0.838000	-0.211020
0.839000	-0.226299
0.840000	-0.323126
0.841000	-0.282351
0.842000	-0.251784
0.843000	-0.226299
0.844000	-0.246691
0.845000	-0.318022
0.846000	-0.272166
0.847000	-0.282351
0.848000	-0.267073
0.849000	-0.236495
0.850000	-0.307837
0.851000	-0.282351
0.852000	-0.307837
0.853000	-0.267073
0.854000	-0.216113
0.855000	-0.307837
0.856000	-0.312929
0.857000	-0.272166
0.858000	-0.221206
0.859000	-0.241588
0.860000	-0.348600
0.861000	-0.348600
0.862000	-0.272166
0.863000	-0.226299
0.864000	-0.241588
0.865000	-0.343508
0.866000	-0.368982
0.867000	-0.241588
0.868000	-0.185535
0.869000	-0.236495
0.870000	-0.379178
0.871000	-0.318022
0.872000	-0.144771
0.873000	-0.185535
0.874000	-0.282351
0.875000	-0.343508
0.876000	-0.267073
0.877000	-0.098904
0.878000	-0.154957
0.879000	-0.318022
0.880000	-0.353693
0.881000	-0.205917
0.882000	-0.088718
0.883000	-0.205917
0.884000	-0.333311
0.885000	-0.277259
0.886000	-0.129482
0.887000	-0.109100
0.888000	-0.216113
0.889000	-0.338415
0.890000	-0.272166
0.891000	-0.154957
0.892000	-0.124389
0.893000	-0.256877
0.894000	-0.389364
0.895000	-0.256877
0.896000	-0.129482
0.897000	-0.134575
0.898000	-0.277259
0.899000	-0.404653
0.900000	-0.267073
0.901000	-0.104007
0.902000	-0.134575
0.903000	-0.343508
0.904000	-0.379178
0.905000	-0.170246
0.906000	-0.068336
0.907000	-0.231402
0.908000	-0.389364
0.909000	-0.307837
0.910000	-0.149864
0.911000	-0.124389
0.912000	-0.261969
0.913000	-0.389364
0.914000	-0.282351
0.915000	-0.053047
0.916000	-0.053047
0.917000	-0.267073
0.918000	-0.333311
0.919000	-0.241588
0.920000	-0.078522
0.921000	-0.093811
0.922000	-0.256877
0.923000	-0.343508
0.924000	-0.251784
0.925000	0.028491
0.926000	-0.032665
0.927000	-0.379178
0.928000	-0.338415
0.929000	-0.047954
0.930000	0.089636
0.931000	-0.114193
0.932000	-0.394467
0.933000	-0.277259
0.934000	-0.012283
0.935000	0.053966
0.936000	-0.104007
0.937000	-0.358797
0.938000	-0.200824
0.939000	0.084544
0.940000	0.003006
0.941000	-0.261969
0.942000	-0.312929
0.943000	0.008109
0.944000	0.222124
0.945000	-0.022469
0.946000	-0.292548
0.947000	-0.195731
0.948000	0.110018
0.949000	0.191556
0.950000	-0.093811
0.951000	-0.272166
0.952000	-0.078522
0.953000	0.191556
0.954000	0.155886
0.955000	-0.098904
0.956000	-0.134575
0.957000	0.120215
0.958000	0.283280
0.959000	0.069255
0.960000	-0.119286
0.961000	0.008109
0.962000	0.237413
0.963000	0.267991
0.964000	0.084544
0.965000	-0.083625
0.966000	0.008109
0.967000	0.257795
0.968000	0.324044
0.969000	0.048873
0.970000	-0.078522
0.971000	0.181360
0.972000	0.405582
0.973000	0.293466
0.974000	0.033584
0.975000	0.053966
0.976000	0.313848
0.977000	0.410675
0.978000	0.217031
0.979000	0.033584
0.980000	0.140596
0.981000	0.364808
0.982000	0.364808
0.983000	0.074348
0.984000	0.048873
0.985000	0.283280
0.986000	0.405582
0.987000	0.273084
0.988000	0.079451
0.989000	0.099833
0.990000	0.257795
0.991000	0.303662
0.992000	0.237413
0.993000	0.059058
0.994000	0.008109
0.995000	0.206845
0.996000	0.303662
0.997000	0.160978
0.998000	-0.058140
0.999000	-0.012283
1.000000	0.273084
1.001000	0.262898
1.002000	0.033584
1.003000	-0.104007
1.004000	0.013202
1.005000	0.344426
1.006000	0.283280
1.007000	-0.063233
1.008000	-0.114193
1.009000	0.115111
1.010000	0.339333
1.011000	0.160978
1.012000	-0.170246
1.013000	-0.063233
1.014000	0.222124
1.015000	0.303662
1.016000	0.094729
1.017000	-0.083625
1.018000	0.059058
1.019000	0.247609
1.020000	0.242516
1.021000	0.064162
1.022000	-0.104007
1.023000	0.069255
1.024000	0.313848
1.025000	0.247609
1.026000	-0.068336
1.027000	-0.139678
1.028000	0.171175
1.029000	0.329137
1.030000	0.064162
1.031000	-0.170246
1.032000	-0.022469
1.033000	0.262898
1.034000	0.273084
1.035000	0.023387
1.036000	-0.098904
1.037000	0.064162
1.038000	0.308755
1.039000	0.201742
1.040000	-0.098904
1.041000	-0.104007
1.042000	0.099833
1.043000	0.145689
1.044000	0.028491
1.045000	-0.068336
1.046000	-0.022469
1.047000	0.079451
1.048000	0.120215
1.049000	0.033584
1.050000	-0.109100
1.051000	-0.114193
1.052000	0.008109
1.053000	0.038677
1.054000	-0.083625
1.055000	-0.200824
1.056000	-0.083625
1.057000	0.064162
1.058000	0.023387
1.059000	-0.139678
1.060000	-0.190628
1.061000	-0.042851
1.062000	0.028491
1.063000	-0.104007
1.064000	-0.221206
1.065000	-0.139678
1.066000	-0.012283
1.067000	-0.007180
1.068000	-0.104007
1.069000	-0.185535
1.070000	-0.119286
1.071000	-0.012283
1.072000	-0.017376
1.073000	-0.129482
1.074000	-0.144771
1.075000	-0.042851
1.076000	0.048873
1.077000	-0.002087
1.078000	-0.144771
1.079000	-0.129482
1.080000	0.003006
1.081000	0.048873
1.082000	-0.032665
1.083000	-0.119286
1.084000	-0.058140
1.085000	0.084544
1.086000	0.084544
1.087000	-0.047954
1.088000	-0.078522
1.089000	0.059058
1.090000	0.135504
1.091000	0.053966
1.092000	-0.073429
1.093000	-0.058140
1.094000	0.079451
1.095000	0.150782
1.096000	0.048873
1.097000	-0.042851
1.098000	-0.002087
1.099000	0.135504
1.100000	0.181360
1.101000	0.053966
1.102000	-0.032665
1.103000	0.059058
1.104000	0.222124
1.105000	0.222124
1.106000	0.069255
1.107000	0.043780
1.108000	0.181360
1.109000	0.308755
1.110000	0.247609
1.111000	0.094729
1.112000	0.104926
1.113000	0.252702
1.114000	0.329137
1.115000	0.201742
1.116000	0.079451
1.117000	0.155886
1.118000	0.324044
1.119000	0.339333
1.120000	0.206845
1.121000	0.135504
1.122000	0.257795
1.123000	0.369911
1.124000	0.334240
1.125000	0.217031
1.126000	0.211938
1.127000	0.324044
1.128000	0.410675
1.129000	0.334240
1.130000	0.222124
1.131000	0.252702
1.132000	0.380097
1.133000	0.410675
1.134000	0.303662
1.135000	0.227227
1.136000	0.298569
1.137000	0.436150
1.138000	0.441243
1.139000	0.318951
1.140000	0.257795
1.141000	0.329137
1.142000	0.431057
1.143000	0.385190
1.144000	0.273084
1.145000	0.273084
1.146000	0.380097
1.147000	0.446346
1.148000	0.395386
1.149000	0.303662
1.150000	0.303662
1.151000	0.410675
1.152000	0.476913
1.153000	0.390293
1.154000	0.313848
1.155000	0.344426
1.156000	0.431057
1.157000	0.461635
1.158000	0.395386
1.159000	0.334240
1.160000	0.354622
1.161000	0.425964
1.162000	0.471821
1.163000	0.420861
1.164000	0.339333
1.165000	0.400479
1.166000	0.476913
1.167000	0.456532
1.168000	0.420861
1.169000	0.390293
1.170000	0.436150
1.171000	0.451439
1.172000	0.446346
1.173000	0.441243
1.174000	0.405582
1.175000	0.461635
1.176000	0.492203
1.177000	0.487110
1.178000	0.471821
1.179000	0.441243
1.180000	0.451439
1.181000	0.466728
1.182000	0.456532
1.183000	0.431057
1.184000	0.364808
1.185000	0.400479
1.186000	0.476913
1.187000	0.451439
1.188000	0.375004
1.189000	0.375004
1.190000	0.420861
1.191000	0.456532
1.192000	0.431057
1.193000	0.375004
1.194000	0.349519
1.195000	0.400479
1.196000	0.410675
1.197000	0.359715
1.198000	0.334240
1.199000	0.375004
1.200000	0.425964
1.201000	0.400479
1.202000	0.324044
1.203000	0.303662
1.204000	0.344426
1.205000	0.405582
1.206000	0.385190
1.207000	0.283280
1.208000	0.273084
1.209000	0.334240
1.210000	0.324044
1.211000	0.237413
1.212000	0.227227
1.213000	0.313848
1.214000	0.354622
1.215000	0.211938
1.216000	0.176267
1.217000	0.293466
1.218000	0.313848
1.219000	0.293466
1.220000	0.247609
1.221000	0.211938
1.222000	0.257795
1.223000	0.283280
1.224000	0.211938
1.225000	0.160978
1.226000	0.206845
1.227000	0.298569
1.228000	0.232320
1.229000	0.094729
1.230000	0.176267
1.231000	0.191556
1.232000	0.166071
1.233000	0.206845
1.234000	0.160978
1.235000	0.094729
1.236000	0.084544
1.237000	0.176267
1.238000	0.206845
1.239000	0.064162
1.240000	0.023387
1.241000	0.120215
1.242000	0.206845
1.243000	0.191556
1.244000	0.038677
1.245000	0.018295
1.246000	0.140596
1.247000	0.150782
1.248000	0.089636
1.249000	0.013202
1.250000	0.028491
1.251000	0.125307
1.252000	0.084544
1.253000	0.003006
1.254000	-0.053047
1.255000	-0.022469
1.256000	0.099833
1.257000	0.069255
1.258000	-0.063233
1.259000	-0.093811
1.260000	0.008109
1.261000	0.048873
1.262000	-0.037758
1.263000	-0.078522
1.264000	-0.063233
1.265000	-0.053047
1.266000	-0.037758
1.267000	-0.058140
1.268000	-0.114193
1.269000	-0.114193
1.270000	-0.068336
1.271000	-0.078522
1.272000	-0.109100
1.273000	-0.139678
1.274000	-0.134575
1.275000	-0.093811
1.276000	-0.144771
1.277000	-0.231402
1.278000	-0.200824
1.279000	-0.139678
1.280000	-0.149864
1.281000	-0.211020
1.282000	-0.261969
1.283000	-0.226299
1.284000	-0.160060
1.285000	-0.165153
1.286000	-0.277259
1.287000	-0.297640
1.288000	-0.195731
1.289000	-0.180442
1.290000	-0.246691
1.291000	-0.297640
1.292000	-0.236495
1.293000	-0.190628
1.294000	-0.246691
1.295000	-0.312929
1.296000	-0.287455
1.297000	-0.246691
1.298000	-0.287455
1.299000	-0.328218
1.300000	-0.338415
1.301000	-0.307837
1.302000	-0.272166
1.303000	-0.307837
1.304000	-0.328218
1.305000	-0.297640
1.306000	-0.287455
1.307000	-0.328218
1.308000	-0.348600
1.309000	-0.328218
1.310000	-0.328218
1.311000	-0.318022
1.312000	-0.338415
1.313000	-0.353693
1.314000	-0.323126
1.315000	-0.363889
1.316000	-0.368982
1.317000	-0.333311
1.318000	-0.363889
1.319000	-0.368982
1.320000	-0.384271
1.321000	-0.394467
1.322000	-0.348600
1.323000	-0.399560
1.324000	-0.455613
1.325000	-0.430138
1.326000	-0.455613
1.327000	-0.455613
1.328000	-0.455613
1.329000	-0.430138
1.330000	-0.419942
1.331000	-0.486191
1.332000	-0.450520
1.333000	-0.389364
1.334000	-0.425035
1.335000	-0.465809
1.336000	-0.516759
1.337000	-0.475995
1.338000	-0.450520
1.339000	-0.516759
1.340000	-0.501480
1.341000	-0.389364
1.342000	-0.292548
1.343000	-0.338415
1.344000	-0.430138
1.345000	-0.394467
1.346000	-0.272166
1.347000	-0.190628
1.348000	-0.205917
1.349000	-0.272166
1.350000	-0.287455
1.351000	-0.226299
1.352000	-0.149864
1.353000	-0.175349
1.354000	-0.241588
1.355000	-0.236495
1.356000	-0.154957
1.357000	-0.109100
1.358000	-0.154957
1.359000	-0.175349
1.360000	-0.170246
1.361000	-0.149864
1.362000	-0.144771
1.363000	-0.205917
1.364000	-0.231402
1.365000	-0.216113
1.366000	-0.211020
1.367000	-0.251784
1.368000	-0.287455
1.369000	-0.261969
1.370000	-0.226299
1.371000	-0.246691
1.372000	-0.292548
1.373000	-0.261969
1.374000	-0.205917
1.375000	-0.216113
1.376000	-0.241588
1.377000	-0.205917
1.378000	-0.180442
1.379000	-0.180442
1.380000	-0.195731
1.381000	-0.256877
1.382000	-0.287455
1.383000	-0.205917
1.384000	-0.165153
1.385000	-0.195731
1.386000	-0.236495
1.387000	-0.261969
1.388000	-0.246691
1.389000	-0.231402
1.390000	-0.261969
1.391000	-0.277259
1.392000	-0.241588
1.393000	-0.205917
1.394000	-0.149864
1.395000	-0.139678
1.396000	-0.165153
1.397000	-0.154957
1.398000	-0.149864
1.399000	-0.165153
1.400000	-0.139678
1.401000	-0.160060
1.402000	-0.134575
1.403000	-0.068336
1.404000	-0.032665
1.405000	-0.093811
1.406000	-0.149864
1.407000	-0.124389
1.408000	-0.098904
1.409000	-0.109100
1.410000	-0.134575
1.411000	-0.114193
1.412000	-0.017376
1.413000	0.003006
1.414000	-0.037758
1.415000	-0.083625
1.416000	0.013202
1.417000	0.104926
1.418000	0.660371
1.419000	3.080870
1.420000	1.643860
1.421000	-2.121940
1.422000	-2.677390
1.423000	0.854005
1.424000	3.157310
1.425000	0.797952
1.426000	-2.529610
1.427000	-1.836570
1.428000	1.705000
1.429000	2.871950
1.430000	-0.318022
1.431000	-2.845540
1.432000	-1.107880
1.433000	2.041330
1.434000	2.107570
1.435000	-0.853086
1.436000	-2.483740
1.437000	-0.027562
1.438000	2.780220
1.439000	1.541940
1.440000	-2.030220
1.441000	-2.764010
1.442000	0.385190
1.443000	2.647730
1.444000	1.246380
1.445000	-1.719370
1.446000	-2.188190
1.447000	0.920254
1.448000	3.218460
1.449000	0.425964
1.450000	-3.538570
1.451000	-1.698990
1.452000	3.310190
1.453000	3.208270
1.454000	-2.055690
1.455000	-4.073630
1.456000	0.115111
1.457000	3.789190
1.458000	1.694820
1.459000	-2.549990
1.460000	-2.259530
1.461000	1.898650
1.462000	3.152210
1.463000	-0.837797
1.464000	-3.772980
1.465000	-0.949903
1.466000	3.269420
1.467000	2.433700
1.468000	-1.444200
1.469000	-3.136010
1.470000	0.267991
1.471000	2.606960
1.472000	0.645082
1.473000	-1.739760
1.474000	-1.495150
1.475000	0.976307
1.476000	2.311410
1.477000	0.461635
1.478000	-1.785610
1.479000	-1.653130
1.480000	0.843819
1.481000	2.285920
1.482000	0.222124
1.483000	-1.688800
1.484000	-0.802126
1.485000	0.731713
1.486000	1.343200
1.487000	0.064162
1.488000	-1.041630
1.489000	-0.486191
1.490000	0.955925
1.491000	1.587810
1.492000	-0.414849
1.493000	-2.157610
1.494000	-0.669639
1.495000	1.705000
1.496000	1.251480
1.497000	-1.260750
1.498000	-1.714280
1.499000	0.451439
1.500000	1.761060
1.501000	0.558451
1.502000	-1.357570
1.503000	-1.459480
1.504000	0.736806
1.505000	2.362370
1.506000	0.583926
1.507000	-1.994550
1.508000	-1.306610
1.509000	1.440030
1.510000	2.321600
1.511000	-0.328218
1.512000	-2.356350
1.513000	-0.542244
1.514000	1.969990
1.515000	1.506270
1.516000	-1.255650
1.517000	-2.295200
1.518000	0.237413
1.519000	2.499950
1.520000	1.022170
1.521000	-2.035310
1.522000	-1.862060
1.523000	1.032360
1.524000	2.163630
1.525000	0.130400
1.526000	-1.892630
1.527000	-0.904046
1.528000	1.506270
1.529000	1.434930
1.530000	-0.710403
1.531000	-1.709180
1.532000	0.043780
1.533000	1.975080
1.534000	0.955925
1.535000	-1.439100
1.536000	-1.439100
1.537000	0.971214
1.538000	2.061710
1.539000	0.115111
1.540000	-1.693890
1.541000	-0.965192
1.542000	1.037450
1.543000	1.496080
1.544000	-0.440324
1.545000	-1.877350
1.546000	-0.649257
1.547000	1.434930
1.548000	1.266770
1.549000	-0.613586
1.550000	-1.393240
1.551000	-0.012283
1.552000	1.547040
1.553000	0.772477
1.554000	-1.072200
1.555000	-1.133350
1.556000	0.589030
1.557000	1.480790
1.558000	0.003006
1.559000	-1.449300
1.560000	-0.567719
1.561000	1.093510
1.562000	1.358490
1.563000	-0.282351
1.564000	-1.454390
1.565000	-0.318022
1.566000	1.271860
1.567000	1.124080
1.568000	-0.593204
1.569000	-1.347380
1.570000	0.059058
1.571000	1.312630
1.572000	0.583926
1.573000	-0.990677
1.574000	-1.041630
1.575000	0.532977
1.576000	1.282060
1.577000	0.130400
1.578000	-1.123160
1.579000	-0.363889
1.580000	2.031130
1.581000	2.882130
1.582000	-0.628875
1.583000	-2.769110
1.584000	-3.049370
1.585000	-4.002290
1.586000	-0.572822
1.587000	5.165050
1.588000	2.744550
1.589000	-2.871020
1.590000	-3.564060
1.591000	0.797952
1.592000	4.798160
1.593000	0.986503
1.594000	-4.144980
1.595000	-2.764010
1.596000	2.708880
1.597000	4.344630
1.598000	-0.348600
1.599000	-4.216320
1.600000	-1.214890
1.601000	3.508920
1.602000	2.856660
1.603000	-1.591980
1.604000	-4.241790
1.605000	-0.532048
1.606000	3.993030
1.607000	2.255360
1.608000	-2.519410
1.609000	-3.558950
1.610000	0.930439
1.611000	4.120420
1.612000	0.935543
1.613000	-3.299070
1.614000	-2.774200
1.615000	1.755960
1.616000	3.544590
1.617000	-0.170246
1.618000	-3.202250
1.619000	-1.011060
1.620000	2.836280
1.621000	2.657920
1.622000	-1.439100
1.623000	-3.344940
1.624000	0.038677
1.625000	3.299990
1.626000	1.567420
1.627000	-2.437880
1.628000	-2.845540
1.629000	1.404360
1.630000	3.600650
1.631000	0.971214
1.632000	-2.279910
1.633000	-1.474770
1.634000	2.046420
1.635000	2.392940
1.636000	-0.440324
1.637000	-2.264620
1.638000	-0.898953
1.639000	1.786540
1.640000	1.806920
1.641000	-0.888757
1.642000	-1.943590
1.643000	0.099833
1.644000	2.041330
1.645000	0.961017
1.646000	-1.586880
1.647000	-1.663320
1.648000	0.920254
1.649000	2.153440
1.650000	0.150782
1.651000	-1.999640
1.652000	-1.072200
1.653000	1.577610
1.654000	1.954700
1.655000	-0.195731
1.656000	-1.806010
1.657000	-0.567719
1.658000	1.694820
1.659000	1.506270
1.660000	-0.715495
1.661000	-1.673510
1.662000	0.059058
1.663000	1.822210
1.664000	0.940636
1.665000	-1.311710
1.666000	-0.440324
1.667000	4.059260
1.668000	4.329340
1.669000	-1.087490
1.670000	-3.767890
1.671000	-0.312929
1.672000	3.692370
1.673000	2.285920
1.674000	-2.341060
1.675000	-3.161480
1.676000	1.490980
1.677000	4.828740
1.678000	2.184010
1.679000	-2.784400
1.680000	-2.794580
1.681000	1.954700
1.682000	4.563750
1.683000	0.904965
1.684000	-3.589530
1.685000	-2.020020
1.686000	2.953480
1.687000	3.626120
1.688000	-0.893850
1.689000	-3.686350
1.690000	-0.654350
1.691000	3.483440
1.692000	2.301210
1.693000	-2.335970
1.694000	-3.370410
1.695000	0.808148
1.696000	3.850340
1.697000	1.159750
1.698000	-3.161480
1.699000	-2.636610
1.700000	1.913940
1.701000	3.661790
1.702000	-0.063233
1.703000	-3.691450
1.704000	-1.755050
1.705000	2.780220
1.706000	3.142030
1.707000	-1.041630
1.708000	-3.640490
1.709000	-0.807219
1.710000	3.320370
1.711000	2.545820
1.712000	-1.806010
1.713000	-3.120720
1.714000	0.364808
1.715000	3.345860
1.716000	1.389070
1.717000	-2.682480
1.718000	-2.585660
1.719000	1.536850
1.720000	3.243940
1.721000	0.089636
1.722000	-3.110530
1.723000	-1.653130
1.724000	2.408230
1.725000	2.948380
1.726000	-0.847993
1.727000	-3.350030
1.728000	-0.807219
1.729000	3.029910
1.730000	2.260450
1.731000	-1.867150
1.732000	-3.197150
1.733000	0.232320
1.734000	3.371330
1.735000	1.516460
1.736000	-2.427690
1.737000	-2.468450
1.738000	1.333020
1.739000	3.401910
1.740000	0.293466
1.741000	-3.390790
1.742000	-1.744850
1.743000	2.556000
1.744000	3.014630
1.745000	-0.919335
1.746000	-3.446850
1.747000	-0.557533
1.748000	2.978960
1.749000	2.178910
1.750000	-1.459480
1.751000	1.526650
1.752000	9.256980
1.753000	7.509130
1.754000	-3.630290
1.755000	-8.624180
1.756000	-0.496377
1.757000	8.701540
1.758000	4.635090
1.759000	-6.030420
1.760000	-7.747710
1.761000	1.582700
1.762000	8.696440
1.763000	2.826080
1.764000	-6.906900
1.765000	-5.658420
1.766000	4.237620
1.767000	8.069670
1.768000	0.115111
1.769000	-6.754030
1.770000	-2.651900
1.771000	5.455510
1.772000	5.333210
1.773000	-2.718150
1.774000	-6.361650
1.775000	-0.088718
1.776000	6.647930
1.777000	4.645290
1.778000	-3.217530
1.779000	-5.632950
1.780000	0.568648
1.781000	5.847890
1.782000	2.652830
1.783000	-3.579330
1.784000	-3.548770
1.785000	2.285920
1.786000	4.986700
1.787000	0.543162
1.788000	-3.727120
1.789000	-1.316810
1.790000	3.585360
1.791000	3.396820
1.792000	-1.729560
1.793000	-3.839230
1.794000	0.038677
1.795000	4.074550
1.796000	2.902520
1.797000	-1.240360
1.798000	-2.213660
1.799000	0.787766
1.800000	2.994240
1.801000	1.200520
1.802000	-1.882440
1.803000	-1.316810
1.804000	1.806920
1.805000	2.571290
1.806000	0.053966
1.807000	-2.035310
1.808000	-0.572822
1.809000	2.087190
1.810000	1.842590
1.811000	-0.700217
1.812000	-1.755050
1.813000	0.227227
1.814000	2.260450
1.815000	1.144470
1.816000	-1.352480
1.817000	-1.525730
1.818000	0.864201
1.819000	1.735580
1.820000	-0.715495
1.821000	-2.432780
1.822000	-0.312929
1.823000	0.976307
1.824000	-1.204690
1.825000	-2.524510
1.826000	-0.863282
1.827000	0.996688
1.828000	1.628570
1.829000	0.140596
1.830000	-1.383050
1.831000	-0.338415
1.832000	1.215810
1.833000	1.363580
1.834000	-0.399560
1.835000	-1.265850
1.836000	0.115111
1.837000	1.587810
1.838000	1.144470
1.839000	-0.633968
1.840000	-1.128260
1.841000	0.385190
1.842000	1.582700
1.843000	0.548255
1.844000	-1.026350
1.845000	-0.827612
1.846000	1.068030
1.847000	1.781440
1.848000	0.313848
1.849000	-1.077300
1.850000	-0.450520
1.851000	1.118990
1.852000	1.241290
1.853000	-0.256877
1.854000	-1.036530
1.855000	0.084544
1.856000	1.383980
1.857000	1.011980
1.858000	-0.521862
1.859000	-0.873468
1.860000	0.476913
1.861000	1.373780
1.862000	0.558451
1.863000	-0.878561
1.864000	-0.751166
1.865000	0.711321
1.866000	1.302440
1.867000	0.196649
1.868000	-0.929521
1.869000	-0.353693
1.870000	1.103700
1.871000	1.190330
1.872000	-0.185535
1.873000	-0.960099
1.874000	-0.042851
1.875000	1.210710
1.876000	0.874387
1.877000	-0.496377
1.878000	-0.842890
1.879000	0.298569
1.880000	1.287150
1.881000	0.522781
1.882000	-0.878561
1.883000	-0.786837
1.884000	0.532977
1.885000	1.124080
1.886000	0.166071
1.887000	-0.847993
1.888000	-0.348600
1.889000	0.904965
1.890000	0.986503
1.891000	-0.175349
1.892000	-0.888757
1.893000	-0.098904
1.894000	1.047650
1.895000	0.690939
1.896000	-0.633968
1.897000	-0.898953
1.898000	0.278177
1.899000	1.159750
1.900000	0.441243
1.901000	-0.746074
1.902000	-0.649257
1.903000	0.512584
1.904000	0.966110
1.905000	0.094729
1.906000	-0.781744
1.907000	-0.358797
1.908000	0.675650
1.909000	0.741899
1.910000	-0.323126
1.911000	-0.868375
1.912000	0.018295
1.913000	0.955925
1.914000	0.532977
1.915000	-0.583008
1.916000	-0.751166
1.917000	0.334240
1.918000	1.027270
1.919000	0.344426
1.920000	-0.684928
1.921000	-0.593204
1.922000	0.502399
1.923000	0.889676
1.924000	-0.007180
1.925000	-0.842890
1.926000	-0.409757
1.927000	0.665464
1.928000	0.767374
1.929000	-0.216113
1.930000	-0.735888
1.931000	-0.098904
1.932000	0.731713
1.933000	0.492203
1.934000	-0.470902
1.935000	-0.654350
1.936000	0.140596
1.937000	0.752095
1.938000	0.273084
1.939000	-0.613586
1.940000	-0.532048
1.941000	0.425964
1.942000	0.762281
1.943000	0.003006
1.944000	-0.715495
1.945000	-0.302744
1.946000	0.558451
1.947000	0.517688
1.948000	-0.302744
1.949000	-0.710403
1.950000	-0.032665
1.951000	0.690939
1.952000	0.344426
1.953000	-0.486191
1.954000	-0.557533
1.955000	0.242516
1.956000	0.716424
1.957000	0.130400
1.958000	-0.588101
1.959000	-0.363889
1.960000	0.385190
1.961000	0.609411
1.962000	-0.058140
1.963000	-0.593204
1.964000	-0.149864
1.965000	0.543162
1.966000	0.441243
1.967000	-0.297640
1.968000	-0.547337
1.969000	0.110018
1.970000	0.614504
1.971000	0.252702
1.972000	-0.475995
1.973000	-0.552430
1.974000	0.211938
1.975000	0.578833
1.976000	-0.007180
1.977000	-0.577915
1.978000	-0.312929
1.979000	0.431057
1.980000	0.558451
1.981000	-0.119286
1.982000	-0.511666
1.983000	-0.063233
1.984000	0.553359
1.985000	0.369911
1.986000	-0.343508
1.987000	-0.506573
1.988000	0.104926
1.989000	0.578833
1.990000	0.206845
1.991000	-0.440324
1.992000	-0.348600
1.993000	0.329137
1.994000	0.594122
1.995000	0.059058
1.996000	-0.511666
1.997000	-0.277259
1.998000	0.375004
1.999000	0.461635
2.000000	-0.124389
2.001000	-0.496377
2.002000	-0.093811
2.003000	0.466728
2.004000	0.308755
2.005000	-0.282351
2.006000	-0.409757
2.007000	0.120215
2.008000	0.446346
2.009000	0.048873
2.010000	-0.419942
2.011000	-0.231402
2.012000	0.324044
2.013000	0.390293
2.014000	-0.104007
2.015000	-0.419942
2.016000	-0.073429
2.017000	0.405582
2.018000	0.283280
2.019000	-0.256877
2.020000	-0.353693
2.021000	0.145689
2.022000	0.512584
2.023000	0.166071
2.024000	-0.363889
2.025000	-0.282351
2.026000	0.273084
2.027000	0.487110
2.028000	0.018295
2.029000	-0.430138
2.030000	-0.200824
2.031000	0.313848
2.032000	0.375004
2.033000	-0.083625
2.034000	-0.384271
2.035000	-0.027562
2.036000	0.400479
2.037000	0.283280
2.038000	-0.231402
2.039000	-0.358797
2.040000	0.120215
2.041000	0.431057
2.042000	0.120215
2.043000	-0.297640
2.044000	-0.190628
2.045000	0.288373
2.046000	0.420861
2.047000	-0.002087
2.048000	-0.353693
2.049000	-0.109100
2.050000	0.369911
2.051000	0.359715
2.052000	-0.119286
2.053000	-0.348600
2.054000	-0.002087
2.055000	0.385190
2.056000	0.222124
2.057000	-0.216113
2.058000	-0.241588
2.059000	0.150782
2.060000	0.349519
2.061000	0.043780
2.062000	-0.318022
2.063000	-0.134575
2.064000	0.273084
2.065000	0.334240
2.066000	-0.088718
2.067000	-0.338415
2.068000	-0.032665
2.069000	0.354622
2.070000	0.283280
2.071000	-0.154957
2.072000	-0.287455
2.073000	0.064162
2.074000	0.334240
2.075000	0.171175
2.076000	-0.175349
2.077000	-0.185535
2.078000	0.155886
2.079000	0.324044
2.080000	0.048873
2.081000	-0.221206
2.082000	-0.088718
2.083000	0.242516
2.084000	0.303662
2.085000	-0.022469
2.086000	-0.216113
2.087000	0.038677
2.088000	0.339333
2.089000	0.211938
2.090000	-0.144771
2.091000	-0.175349
2.092000	0.135504
2.093000	0.329137
2.094000	0.110018
2.095000	-0.200824
2.096000	-0.124389
2.097000	0.181360
2.098000	0.293466
2.099000	0.079451
2.100000	-0.211020
2.101000	-0.114193
2.102000	0.242516
2.103000	0.273084
2.104000	-0.042851
2.105000	-0.226299
2.106000	-0.022469
2.107000	0.267991
2.108000	0.196649
2.109000	-0.098904
2.110000	-0.180442
2.111000	0.069255
2.112000	0.283280
2.113000	0.140596
2.114000	-0.134575
2.115000	-0.093811
2.116000	0.171175
2.117000	0.303662
2.118000	0.038677
2.119000	-0.195731
2.120000	-0.037758
2.121000	0.247609
2.122000	0.227227
2.123000	-0.078522
2.124000	-0.205917
2.125000	0.048873
2.126000	0.278177
2.127000	0.150782
2.128000	-0.119286
2.129000	-0.134575
2.130000	0.120215
2.131000	0.252702
2.132000	0.069255
2.133000	-0.129482
2.134000	-0.053047
2.135000	0.176267
2.136000	0.206845
2.137000	-0.012283
2.138000	-0.124389
2.139000	0.043780
2.140000	0.252702
2.141000	0.201742
2.142000	-0.073429
2.143000	-0.180442
2.144000	0.048873
2.145000	0.283280
2.146000	0.145689
2.147000	-0.139678
2.148000	-0.129482
2.149000	0.145689
2.150000	0.227227
2.151000	0.038677
2.152000	-0.104007
2.153000	0.003006
2.154000	0.196649
2.155000	0.155886
2.156000	-0.022469
2.157000	-0.104007
2.158000	0.033584
2.159000	0.232320
2.160000	0.155886
2.161000	-0.063233
2.162000	-0.098904
2.163000	0.084544
2.164000	0.242516
2.165000	0.110018
2.166000	-0.124389
2.167000	-0.098904
2.168000	0.104926
2.169000	0.217031
2.170000	0.048873
2.171000	-0.139678
2.172000	-0.053047
2.173000	0.145689
2.174000	0.166071
2.175000	-0.002087
2.176000	-0.114193
2.177000	0.018295
2.178000	0.176267
2.179000	0.104926
2.180000	-0.053047
2.181000	-0.093811
2.182000	0.115111
2.183000	0.211938
2.184000	0.074348
2.185000	-0.088718
2.186000	-0.073429
2.187000	0.120215
2.188000	0.227227
2.189000	0.079451
2.190000	-0.124389
2.191000	-0.058140
2.192000	0.166071
2.193000	0.191556
2.194000	-0.032665
2.195000	-0.129482
2.196000	0.023387
2.197000	0.191556
2.198000	0.140596
2.199000	-0.058140
2.200000	-0.098904
2.201000	0.074348
2.202000	0.196649
2.203000	0.120215
2.204000	-0.073429
2.205000	-0.063233
2.206000	0.130400
2.207000	0.211938
2.208000	0.074348
2.209000	-0.134575
2.210000	-0.063233
2.211000	0.166071
2.212000	0.206845
2.213000	0.038677
2.214000	-0.119286
2.215000	-0.017376
2.216000	0.171175
2.217000	0.160978
2.218000	-0.002087
2.219000	-0.083625
2.220000	0.028491
2.221000	0.181360
2.222000	0.130400
2.223000	-0.042851
2.224000	-0.098904
2.225000	0.084544
2.226000	0.201742
2.227000	0.099833
2.228000	-0.078522
2.229000	-0.063233
2.230000	0.125307
2.231000	0.206845
2.232000	0.023387
2.233000	-0.104007
2.234000	-0.002087
2.235000	0.160978
2.236000	0.140596
2.237000	-0.037758
2.238000	-0.093811
2.239000	0.053966
2.240000	0.176267
2.241000	0.074348
2.242000	-0.098904
2.243000	-0.053047
2.244000	0.115111
2.245000	0.155886
2.246000	0.028491
2.247000	-0.058140
2.248000	0.008109
2.249000	0.130400
2.250000	0.145689
2.251000	-0.002087
2.252000	-0.047954
2.253000	0.074348
2.254000	0.155886
2.255000	0.125307
2.256000	-0.063233
2.257000	-0.078522
2.258000	0.120215
2.259000	0.196649
2.260000	0.048873
2.261000	-0.093811
2.262000	-0.042851
2.263000	0.150782
2.264000	0.166071
2.265000	-0.002087
2.266000	-0.098904
2.267000	0.003006
2.268000	0.145689
2.269000	0.120215
2.270000	-0.037758
2.271000	-0.058140
2.272000	0.079451
2.273000	0.160978
2.274000	0.059058
2.275000	-0.093811
2.276000	-0.012283
2.277000	0.130400
2.278000	0.120215
2.279000	-0.012283
2.280000	-0.063233
2.281000	0.038677
2.282000	0.130400
2.283000	0.099833
2.284000	-0.022469
2.285000	-0.042851
2.286000	0.059058
2.287000	0.110018
2.288000	0.059058
2.289000	-0.022469
2.290000	-0.037758
2.291000	0.069255
2.292000	0.130400
2.293000	0.033584
2.294000	-0.042851
2.295000	-0.002087
2.296000	0.104926
2.297000	0.110018
2.298000	0.003006
2.299000	-0.063233
2.300000	0.018295
2.301000	0.125307
2.302000	0.115111
2.303000	-0.012283
2.304000	-0.042851
2.305000	0.064162
2.306000	0.130400
2.307000	0.079451
2.308000	-0.037758
2.309000	-0.027562
2.310000	0.110018
2.311000	0.120215
2.312000	0.023387
2.313000	-0.037758
2.314000	0.018295
2.315000	0.135504
2.316000	0.110018
2.317000	-0.022469
2.318000	-0.022469
2.319000	0.084544
2.320000	0.120215
2.321000	0.059058
2.322000	-0.032665
2.323000	0.008109
2.324000	0.110018
2.325000	0.110018
2.326000	0.018295
2.327000	-0.032665
2.328000	0.028491
2.329000	0.104926
2.330000	0.094729
2.331000	-0.002087
2.332000	-0.053047
2.333000	0.043780
2.334000	0.120215
2.335000	0.099833
2.336000	0.008109
2.337000	-0.047954
2.338000	0.033584
2.339000	0.115111
2.340000	0.053966
2.341000	-0.032665
2.342000	-0.022469
2.343000	0.084544
2.344000	0.120215
2.345000	0.038677
2.346000	-0.022469
2.347000	0.018295
2.348000	0.115111
2.349000	0.104926
2.350000	0.008109
2.351000	-0.002087
2.352000	0.043780
2.353000	0.099833
2.354000	0.074348
2.355000	0.003006
2.356000	0.013202
2.357000	0.059058
2.358000	0.074348
2.359000	0.048873
2.360000	0.008109
2.361000	0.023387
2.362000	0.079451
2.363000	0.084544
2.364000	0.028491
2.365000	-0.027562
2.366000	0.023387
2.367000	0.110018
2.368000	0.084544
2.369000	-0.002087
2.370000	-0.027562
2.371000	0.059058
2.372000	0.130400
2.373000	0.059058
2.374000	-0.017376
2.375000	0.008109
2.376000	0.084544
2.377000	0.094729
2.378000	0.048873
2.379000	-0.007180
2.380000	0.018295
2.381000	0.059058
2.382000	0.069255
2.383000	0.023387
2.384000	0.003006
2.385000	0.053966
2.386000	0.099833
2.387000	0.079451
2.388000	0.008109
2.389000	-0.022469
2.390000	0.028491
2.391000	0.089636
2.392000	0.089636
2.393000	0.013202
2.394000	-0.022469
2.395000	0.028491
2.396000	0.084544
2.397000	0.059058
2.398000	-0.002087
2.399000	-0.007180
2.400000	0.059058
2.401000	0.089636
2.402000	0.059058
2.403000	0.003006
2.404000	-0.007180
2.405000	0.064162
2.406000	0.104926
2.407000	0.028491
2.408000	-0.022469
2.409000	0.003006
2.410000	0.115111
2.411000	0.110018
2.412000	-0.007180
2.413000	-0.032665
2.414000	0.008109
2.415000	0.115111
2.416000	0.120215
2.417000	0.003006
2.418000	-0.012283
2.419000	0.043780
2.420000	0.099833
2.421000	0.064162
2.422000	-0.017376
2.423000	-0.002087
2.424000	0.074348
2.425000	0.110018
2.426000	0.043780
2.427000	-0.053047
2.428000	0.013202
2.429000	0.120215
2.430000	0.104926
2.431000	0.008109
2.432000	0.003006
2.433000	-0.012283
2.434000	-0.170246
2.435000	0.176267
2.436000	0.507492
2.437000	0.273084
2.438000	-0.073429
2.439000	-0.521862
2.440000	-0.419942
2.441000	0.288373
2.442000	0.125307
2.443000	-0.425035
2.444000	-0.521862
2.445000	-0.073429
2.446000	0.843819
2.447000	0.838716
2.448000	-0.129482
2.449000	-0.165153
2.450000	0.507492
2.451000	0.925347
2.452000	0.334240
2.453000	-0.705310
2.454000	-0.583008
2.455000	0.262898
2.456000	0.471821
2.457000	-0.348600
2.458000	-1.021240
2.459000	-0.175349
2.460000	0.874387
2.461000	0.487110
2.462000	-0.598297
2.463000	-0.679825
2.464000	0.431057
2.465000	0.925347
2.466000	0.110018
2.467000	-0.786837
2.468000	-0.455613
2.469000	0.532977
2.470000	0.772477
2.471000	-0.053047
2.472000	-0.776652
2.473000	-0.154957
2.474000	0.971214
2.475000	0.685846
2.476000	-0.419942
2.477000	-0.613586
2.478000	0.232320
2.479000	0.986503
2.480000	0.512584
2.481000	-0.445417
2.482000	-0.567719
2.483000	0.130400
2.484000	0.578833
2.485000	0.013202
2.486000	-0.725692
2.487000	-0.414849
2.488000	0.410675
2.489000	0.594122
2.490000	-0.165153
2.491000	-0.628875
2.492000	-0.104007
2.493000	0.578833
2.494000	0.471821
2.495000	-0.277259
2.496000	-0.506573
2.497000	0.120215
2.498000	0.690939
2.499000	0.436150
2.500000	-0.267073
2.501000	-0.338415
2.502000	0.313848
2.503000	0.639979
2.504000	0.140596
2.505000	-0.526955
2.506000	-0.379178
2.507000	0.329137
2.508000	0.456532
2.509000	-0.180442
2.510000	-0.552430
2.511000	-0.063233
2.512000	0.645082
2.513000	0.471821
2.514000	-0.307837
2.515000	-0.547337
2.516000	0.013202
2.517000	0.568648
2.518000	0.267991
2.519000	-0.445417
2.520000	-0.425035
2.521000	0.293466
2.522000	0.629793
2.523000	0.084544
2.524000	-0.496377
2.525000	-0.165153
2.526000	0.522781
2.527000	0.466728
2.528000	-0.190628
2.529000	-0.419942
2.530000	0.089636
2.531000	0.583926
2.532000	0.313848
2.533000	-0.312929
2.534000	-0.440324
2.535000	0.074348
2.536000	0.497306
2.537000	0.150782
2.538000	-0.450520
2.539000	-0.363889
2.540000	0.278177
2.541000	0.538070
2.542000	0.008109
2.543000	-0.419942
2.544000	-0.042851
2.545000	0.532977
2.546000	0.431057
2.547000	-0.185535
2.548000	-0.435231
2.549000	0.028491
2.550000	0.451439
2.551000	0.222124
2.552000	-0.307837
2.553000	-0.328218
2.554000	0.237413
2.555000	0.538070
2.556000	0.135504
2.557000	-0.404653
2.558000	-0.272166
2.559000	0.288373
2.560000	0.400479
2.561000	-0.093811
2.562000	-0.389364
2.563000	-0.063233
2.564000	0.390293
2.565000	0.278177
2.566000	-0.221206
2.567000	-0.358797
2.568000	0.069255
2.569000	0.446346
2.570000	0.181360
2.571000	-0.267073
2.572000	-0.226299
2.573000	0.252702
2.574000	0.461635
2.575000	0.104926
2.576000	-0.287455
2.577000	-0.134575
2.578000	0.308755
2.579000	0.359715
2.580000	-0.083625
2.581000	-0.389364
2.582000	-0.073429
2.583000	0.354622
2.584000	0.262898
2.585000	-0.165153
2.586000	-0.267073
2.587000	0.110018
2.588000	0.385190
2.589000	0.140596
2.590000	-0.282351
2.591000	-0.267073
2.592000	0.171175
2.593000	0.395386
2.594000	0.104926
2.595000	-0.236495
2.596000	-0.104007
2.597000	0.288373
2.598000	0.298569
2.599000	-0.068336
2.600000	-0.251784
2.601000	-0.012283
2.602000	0.288373
2.603000	0.201742
2.604000	-0.129482
2.605000	-0.195731
2.606000	0.110018
2.607000	0.334240
2.608000	0.115111
2.609000	-0.226299
2.610000	-0.185535
2.611000	0.181360
2.612000	0.308755
2.613000	0.013202
2.614000	-0.256877
2.615000	-0.083625
2.616000	0.257795
2.617000	0.262898
2.618000	-0.053047
2.619000	-0.195731
2.620000	0.043780
2.621000	0.273084
2.622000	0.145689
2.623000	-0.139678
2.624000	-0.139678
2.625000	0.166071
2.626000	0.308755
2.627000	0.094729
2.628000	-0.165153
2.629000	-0.114193
2.630000	0.166071
2.631000	0.227227
2.632000	-0.032665
2.633000	-0.216113
2.634000	-0.042851
2.635000	0.232320
2.636000	0.222124
2.637000	-0.068336
2.638000	-0.154957
2.639000	0.069255
2.640000	0.252702
2.641000	0.104926
2.642000	-0.139678
2.643000	-0.104007
2.644000	0.166071
2.645000	0.252702
2.646000	0.048873
2.647000	-0.149864
2.648000	-0.032665
2.649000	0.222124
2.650000	0.232320
2.651000	-0.017376
2.652000	-0.144771
2.653000	0.023387
2.654000	0.242516
2.655000	0.166071
2.656000	-0.083625
2.657000	-0.129482
2.658000	0.099833
2.659000	0.237413
2.660000	0.064162
2.661000	-0.170246
2.662000	-0.119286
2.663000	0.110018
2.664000	0.171175
2.665000	-0.012283
2.666000	-0.149864
2.667000	-0.002087
2.668000	0.217031
2.669000	0.176267
2.670000	-0.053047
2.671000	-0.129482
2.672000	0.053966
2.673000	0.206845
2.674000	0.104926
2.675000	-0.093811
2.676000	-0.078522
2.677000	0.135504
2.678000	0.232320
2.679000	0.064162
2.680000	-0.109100
2.681000	-0.032665
2.682000	0.181360
2.683000	0.181360
2.684000	-0.042851
2.685000	-0.154957
2.686000	0.013202
2.687000	0.181360
2.688000	0.110018
2.689000	-0.098904
2.690000	-0.114193
2.691000	0.074348
2.692000	0.191556
2.693000	0.084544
2.694000	-0.104007
2.695000	-0.073429
2.696000	0.130400
2.697000	0.201742
2.698000	0.038677
2.699000	-0.098904
2.700000	0.013202
2.701000	0.201742
2.702000	0.181360
2.703000	-0.032665
2.704000	-0.109100
2.705000	0.043780
2.706000	0.201742
2.707000	0.120215
2.708000	-0.058140
2.709000	-0.073429
2.710000	0.094729
2.711000	0.186453
2.712000	0.043780
2.713000	-0.114193
2.714000	-0.053047
2.715000	0.130400
2.716000	0.166071
2.717000	0.003006
2.718000	-0.083625
2.719000	0.038677
2.720000	0.191556
2.721000	0.140596
2.722000	-0.042851
2.723000	-0.068336
2.724000	0.084544
2.725000	0.181360
2.726000	0.064162
2.727000	-0.104007
2.728000	-0.073429
2.729000	0.110018
2.730000	0.155886
2.731000	0.023387
2.732000	-0.093811
2.733000	-0.012283
2.734000	0.135504
2.735000	0.130400
2.736000	-0.027562
2.737000	-0.093811
2.738000	0.023387
2.739000	0.150782
2.740000	0.089636
2.741000	-0.042851
2.742000	-0.042851
2.743000	0.094729
2.744000	0.181360
2.745000	0.069255
2.746000	-0.047954
2.747000	-0.007180
2.748000	0.140596
2.749000	0.166071
2.750000	0.033584
2.751000	-0.073429
2.752000	0.018295
2.753000	0.140596
2.754000	0.110018
2.755000	-0.027562
2.756000	-0.073429
2.757000	0.028491
2.758000	0.145689
2.759000	0.094729
2.760000	-0.042851
2.761000	-0.068336
2.762000	0.043780
2.763000	0.115111
2.764000	0.043780
2.765000	-0.058140
2.766000	-0.042851
2.767000	0.099833
2.768000	0.145689
2.769000	0.053966
2.770000	-0.032665
2.771000	0.028491
2.772000	0.176267
2.773000	0.160978
2.774000	0.023387
2.775000	-0.047954
2.776000	0.028491
2.777000	0.110018
2.778000	0.064162
2.779000	-0.037758
2.780000	-0.047954
2.781000	0.038677
2.782000	0.110018
2.783000	0.059058
2.784000	-0.032665
2.785000	-0.027562
2.786000	0.048873
2.787000	0.084544
2.788000	0.018295
2.789000	-0.058140
2.790000	-0.007180
2.791000	0.120215
2.792000	0.125307
2.793000	0.018295
2.794000	-0.032665
2.795000	0.059058
2.796000	0.150782
2.797000	0.110018
2.798000	-0.012283
2.799000	-0.027562
2.800000	0.064162
2.801000	0.120215
2.802000	0.053966
2.803000	-0.032665
2.804000	-0.007180
2.805000	0.084544
2.806000	0.099833
2.807000	0.018295
2.808000	-0.053047
2.809000	0.003006
2.810000	0.110018
2.811000	0.110018
2.812000	0.013202
2.813000	-0.032665
2.814000	0.048873
2.815000	0.150782
2.816000	0.110018
2.817000	-0.002087
2.818000	-0.022469
2.819000	0.069255
2.820000	0.115111
2.821000	0.074348
2.822000	-0.002087
2.823000	0.018295
2.824000	0.089636
2.825000	0.104926
2.826000	0.033584
2.827000	-0.027562
2.828000	0.008109
2.829000	0.069255
2.830000	0.053966
2.831000	-0.012283
2.832000	-0.032665
2.833000	0.028491
2.834000	0.089636
2.835000	0.059058
2.836000	-0.012283
2.837000	-0.017376
2.838000	0.059058
2.839000	0.089636
2.840000	0.043780
2.841000	-0.007180
2.842000	0.018295
2.843000	0.084544
2.844000	0.094729
2.845000	0.038677
2.846000	0.008109
2.847000	0.059058
2.848000	0.104926
2.849000	0.074348
2.850000	0.003006
2.851000	-0.017376
2.852000	0.043780
2.853000	0.084544
2.854000	0.048873
2.855000	-0.007180
2.856000	-0.002087
2.857000	0.053966
2.858000	0.069255
2.859000	0.033584
2.860000	-0.012283
2.861000	0.023387
2.862000	0.069255
2.863000	0.069255
2.864000	0.028491
2.865000	0.018295
2.866000	0.053966
2.867000	0.094729
2.868000	0.079451
2.869000	0.023387
2.870000	0.018295
2.871000	0.064162
2.872000	0.094729
2.873000	0.059058
2.874000	0.003006
2.875000	0.013202
2.876000	0.053966
2.877000	0.074348
2.878000	0.028491
2.879000	0.003006
2.880000	0.013202
2.881000	0.064162
2.882000	0.059058
2.883000	0.018295
2.884000	0.003006
2.885000	0.043780
2.886000	0.084544
2.887000	0.064162
2.888000	0.018295
2.889000	0.023387
2.890000	0.064162
2.891000	0.084544
2.892000	0.033584
2.893000	-0.007180
2.894000	0.013202
2.895000	0.059058
2.896000	0.069255
2.897000	0.028491
2.898000	-0.007180
2.899000	0.023387
2.900000	0.059058
2.901000	0.053966
2.902000	0.018295
2.903000	-0.002087
2.904000	0.048873
2.905000	0.074348
2.906000	0.048873
2.907000	0.008109
2.908000	0.023387
2.909000	0.064162
2.910000	0.084544
2.911000	0.043780
2.912000	0.008109
2.913000	0.033584
2.914000	0.084544
2.915000	0.079451
2.916000	0.038677
2.917000	0.023387
2.918000	0.053966
2.919000	0.084544
2.920000	0.064162
2.921000	0.023387
2.922000	0.018295
2.923000	0.048873
2.924000	0.059058
2.925000	0.033584
2.926000	0.003006
2.927000	0.018295
2.928000	0.053966
2.929000	0.064162
2.930000	0.033584
2.931000	0.018295
2.932000	0.043780
2.933000	0.074348
2.934000	0.064162
2.935000	0.028491
2.936000	0.023387
2.937000	0.048873
2.938000	0.064162
2.939000	0.048873
2.940000	0.013202
2.941000	0.018295
2.942000	0.053966
2.943000	0.064162
2.944000	0.033584
2.945000	0.018295
2.946000	0.038677
2.947000	0.053966
2.948000	0.053966
2.949000	0.023387
2.950000	0.013202
2.951000	0.033584
2.952000	0.059058
2.953000	0.043780
2.954000	0.028491
2.955000	0.018295
2.956000	0.038677
2.957000	0.053966
2.958000	0.043780
2.959000	0.018295
2.960000	0.018295
2.961000	0.038677
2.962000	0.048873
2.963000	0.038677
2.964000	0.018295
2.965000	0.033584
2.966000	0.053966
2.967000	0.048873
2.968000	0.033584
2.969000	0.033584
2.970000	0.043780
2.971000	0.064162
2.972000	0.064162
2.973000	0.038677
2.974000	0.033584
2.975000	0.053966
2.976000	0.059058
2.977000	0.053966
2.978000	0.033584
2.979000	0.028491
2.980000	0.048873
2.981000	0.059058
2.982000	0.053966
2.983000	0.038677
2.984000	0.038677
2.985000	0.053966
2.986000	0.059058
2.987000	0.043780
2.988000	0.028491
2.989000	0.043780
2.990000	0.053966
2.991000	0.043780
2.992000	0.023387
2.993000	0.023387
2.994000	0.048873
2.995000	0.048873
2.996000	0.033584
2.997000	0.028491
2.998000	0.028491
2.999000	0.038677
3.000000	0.048873
3.001000	0.043780
3.002000	0.028491
3.003000	0.038677
3.004000	0.048873
3.005000	0.038677
3.006000	0.028491
3.007000	0.018295
3.008000	0.038677
3.009000	0.048873
3.010000	0.038677
3.011000	0.033584
3.012000	0.038677
3.013000	0.048873
3.014000	0.048873
3.015000	0.043780
3.016000	0.033584
3.017000	0.033584
3.018000	0.053966
3.019000	0.059058
3.020000	0.038677
3.021000	0.033584
3.022000	0.053966
3.023000	0.053966
3.024000	0.043780
3.025000	0.038677
3.026000	0.028491
3.027000	0.043780
3.028000	0.048873
3.029000	0.043780
3.030000	0.028491
3.031000	0.038677
3.032000	0.053966
3.033000	0.043780
3.034000	0.033584
3.035000	0.043780
3.036000	0.059058
3.037000	0.048873
3.038000	0.043780
3.039000	0.038677
3.040000	0.043780
3.041000	0.053966
3.042000	0.053966
3.043000	0.038677
3.044000	0.038677
3.045000	0.048873
3.046000	0.048873
3.047000	0.038677
3.048000	0.028491
3.049000	0.033584
3.050000	0.043780
3.051000	0.053966
3.052000	0.038677
3.053000	0.028491
3.054000	0.033584
3.055000	0.043780
3.056000	0.043780
3.057000	0.023387
3.058000	0.018295
3.059000	0.028491
3.060000	0.043780
3.061000	0.043780
3.062000	0.033584
3.063000	0.023387
3.064000	0.048873
3.065000	0.053966
3.066000	0.043780
3.067000	0.023387
3.068000	0.033584
3.069000	0.043780
3.070000	0.048873
3.071000	0.033584
3.072000	0.023387
3.073000	0.028491
3.074000	0.048873
3.075000	0.053966
3.076000	0.038677
3.077000	0.028491
3.078000	0.038677
3.079000	0.053966
3.080000	0.053966
3.081000	0.033584
3.082000	0.033584
3.083000	0.043780
3.084000	0.053966
3.085000	0.043780
3.086000	0.023387
3.087000	0.033584
3.088000	0.038677
3.089000	0.048873
3.090000	0.043780
3.091000	0.038677
3.092000	0.043780
3.093000	0.048873
3.094000	0.053966
3.095000	0.038677
3.096000	0.028491
3.097000	0.038677
3.098000	0.043780
3.099000	0.038677
3.100000	0.023387
3.101000	0.038677
3.102000	0.038677
3.103000	0.048873
3.104000	0.038677
3.105000	0.033584
3.106000	0.038677
3.107000	0.048873
3.108000	0.043780
3.109000	0.033584
3.110000	0.043780
3.111000	0.038677
3.112000	0.033584
3.113000	0.038677
3.114000	0.043780
3.115000	0.043780
3.116000	0.033584
3.117000	0.033584
3.118000	0.043780
3.119000	0.038677
3.120000	0.038677
3.121000	0.028491
3.122000	0.038677
3.123000	0.038677
3.124000	0.043780
3.125000	0.028491
3.126000	0.028491
3.127000	0.023387
3.128000	0.033584
3.129000	0.038677
3.130000	0.028491
3.131000	0.023387
3.132000	0.033584
3.133000	0.043780
3.134000	0.053966
3.135000	0.043780
3.136000	0.038677
3.137000	0.048873
3.138000	0.053966
3.139000	0.053966
3.140000	0.043780
3.141000	0.038677
3.142000	0.053966
3.143000	0.048873
3.144000	0.048873
3.145000	0.043780
3.146000	0.043780
3.147000	0.048873
3.148000	0.048873
3.149000	0.043780
3.150000	0.038677
3.151000	0.038677
3.152000	0.048873
3.153000	0.048873
3.154000	0.038677
3.155000	0.038677
3.156000	0.048873
3.157000	0.053966
3.158000	0.048873
3.159000	0.038677
3.160000	0.038677
3.161000	0.048873
3.162000	0.053966
3.163000	0.038677
3.164000	0.033584
3.165000	0.043780
3.166000	0.048873
3.167000	0.053966
3.168000	0.038677
3.169000	0.033584
3.170000	0.038677
3.171000	0.048873
3.172000	0.038677
3.173000	0.028491
3.174000	0.013202
3.175000	0.048873
3.176000	0.048873
3.177000	0.038677
3.178000	0.028491
3.179000	0.038677
3.180000	0.038677
3.181000	0.043780
3.182000	0.038677
3.183000	0.038677
3.184000	0.033584
3.185000	0.064162
3.186000	0.038677
3.187000	0.028491
3.188000	0.033584
3.189000	0.048873
3.190000	0.048873
3.191000	0.043780
3.192000	0.018295
3.193000	0.028491
3.194000	0.043780
3.195000	0.048873
3.196000	0.038677
3.197000	0.028491
3.198000	0.033584
3.199000	0.043780
3.200000	0.043780
3.201000	0.033584
3.202000	0.038677
3.203000	0.053966
3.204000	0.059058
3.205000	0.048873
3.206000	0.033584
3.207000	0.028491
3.208000	0.053966
3.209000	0.053966
3.210000	0.043780
3.211000	0.033584
3.212000	0.038677
3.213000	0.053966
3.214000	0.048873
3.215000	0.033584
3.216000	0.023387
3.217000	0.038677
3.218000	0.048873
3.219000	0.033584
3.220000	0.023387
3.221000	0.033584
3.222000	0.043780
3.223000	0.038677
3.224000	0.023387
3.225000	0.028491
3.226000	0.033584
3.227000	0.033584
3.228000	0.033584
3.229000	0.028491
3.230000	0.023387
3.231000	0.043780
3.232000	0.043780
3.233000	0.038677
3.234000	0.028491
3.235000	0.038677
3.236000	0.048873
3.237000	0.053966
3.238000	0.028491
3.239000	0.043780
3.240000	0.038677
3.241000	0.038677
3.242000	0.038677
3.243000	0.028491
3.244000	0.038677
3.245000	0.048873
3.246000	0.043780
3.247000	0.033584
3.248000	0.038677
3.249000	0.043780
3.250000	0.048873
3.251000	0.043780
3.252000	0.038677
3.253000	0.038677
3.254000	0.053966
3.255000	0.048873
3.256000	0.033584
3.257000	0.043780
3.258000	0.048873
3.259000	0.053966
3.260000	0.038677
3.261000	0.028491
3.262000	0.028491
3.263000	0.048873
3.264000	0.038677
3.265000	0.028491
3.266000	0.028491
3.267000	0.038677
3.268000	0.053966
3.269000	0.043780
3.270000	0.028491
3.271000	0.033584
3.272000	0.048873
3.273000	0.048873
3.274000	0.033584
3.275000	0.028491
3.276000	0.043780
3.277000	0.053966
3.278000	0.048873
3.279000	0.038677
3.280000	0.043780
3.281000	0.048873
3.282000	0.048873
3.283000	0.033584
3.284000	0.033584
3.285000	0.043780
3.286000	0.043780
3.287000	0.048873
3.288000	0.038677
3.289000	0.043780
3.290000	0.033584
3.291000	0.038677
3.292000	0.028491
3.293000	0.028491
3.294000	0.033584
3.295000	0.038677
3.296000	0.043780
3.297000	0.043780
3.298000	0.033584
3.299000	0.043780
3.300000	0.053966
3.301000	0.043780
3.302000	0.033584
3.303000	0.038677
3.304000	0.048873
3.305000	0.048873
3.306000	0.043780
3.307000	0.033584
3.308000	0.038677
3.309000	0.053966
3.310000	0.048873
3.311000	0.043780
3.312000	0.038677
3.313000	0.033584
3.314000	0.038677
3.315000	0.038677
3.316000	0.028491
3.317000	0.043780
3.318000	0.043780
3.319000	0.043780
3.320000	0.038677
3.321000	0.038677
3.322000	0.048873
3.323000	0.043780
3.324000	0.048873
3.325000	0.038677
3.326000	0.033584
3.327000	0.033584
3.328000	0.043780
3.329000	0.048873
3.330000	0.038677
3.331000	0.043780
3.332000	0.043780
3.333000	0.043780
3.334000	0.033584
3.335000	0.028491
3.336000	0.043780
3.337000	0.048873
3.338000	0.043780
3.339000	0.033584
3.340000	0.023387
3.341000	0.043780
3.342000	0.048873
3.343000	0.048873
3.344000	0.043780
3.345000	0.028491
3.346000	0.048873
3.347000	0.053966
3.348000	0.038677
3.349000	0.033584
3.350000	0.028491
3.351000	0.048873
3.352000	0.053966
3.353000	0.033584
3.354000	0.028491
3.355000	0.043780
3.356000	0.053966
3.357000	0.043780
3.358000	0.018295
3.359000	0.028491
3.360000	0.048873
3.361000	0.053966
3.362000	0.038677
3.363000	0.018295
3.364000	0.033584
3.365000	0.053966
3.366000	0.048873
3.367000	0.038677
3.368000	0.028491
3.369000	0.038677
3.370000	0.059058
3.371000	0.059058
3.372000	0.033584
3.373000	0.033584
3.374000	0.053966
3.375000	0.069255
3.376000	0.053966
3.377000	0.023387
3.378000	0.018295
3.379000	0.048873
3.380000	0.069255
3.381000	0.038677
3.382000	0.013202
3.383000	0.033584
3.384000	0.053966
3.385000	0.064162
3.386000	0.028491
3.387000	0.008109
3.388000	0.028491
3.389000	0.064162
3.390000	0.064162
3.391000	0.023387
3.392000	0.003006
3.393000	0.028491
3.394000	0.074348
3.395000	0.059058
3.396000	0.018295
3.397000	0.008109
3.398000	0.048873
3.399000	0.084544
3.400000	0.048873
3.401000	0.008109
3.402000	0.013202
3.403000	0.064162
3.404000	0.079451
3.405000	0.038677
3.406000	0.008109
3.407000	0.018295
3.408000	0.069255
3.409000	0.079451
3.410000	0.023387
3.411000	-0.007180
3.412000	0.038677
3.413000	0.079451
3.414000	0.064162
3.415000	0.018295
3.416000	0.008109
3.417000	0.053966
3.418000	0.089636
3.419000	0.048873
3.420000	0.008109
3.421000	0.013202
3.422000	0.053966
3.423000	0.079451
3.424000	0.033584
3.425000	0.003006
3.426000	0.018295
3.427000	0.069255
3.428000	0.074348
3.429000	0.018295
3.430000	-0.002087
3.431000	0.028491
3.432000	0.074348
3.433000	0.064162
3.434000	0.018295
3.435000	0.003006
3.436000	0.043780
3.437000	0.079451
3.438000	0.059058
3.439000	0.008109
3.440000	0.003006
3.441000	0.059058
3.442000	0.079451
3.443000	0.033584
3.444000	0.003006
3.445000	0.023387
3.446000	0.064162
3.447000	0.069255
3.448000	0.038677
3.449000	-0.002087
3.450000	0.023387
3.451000	0.069255
3.452000	0.069255
3.453000	0.028491
3.454000	0.003006
3.455000	0.038677
3.456000	0.064162
3.457000	0.059058
3.458000	0.018295
3.459000	0.013202
3.460000	0.048873
3.461000	0.069255
3.462000	0.048873
3.463000	0.018295
3.464000	0.023387
3.465000	0.053966
3.466000	0.064162
3.467000	0.048873
3.468000	0.023387
3.469000	0.038677
3.470000	0.064162
3.471000	0.059058
3.472000	0.038677
3.473000	0.023387
3.474000	0.033584
3.475000	0.059058
3.476000	0.048873
3.477000	0.023387
3.478000	0.028491
3.479000	0.048873
3.480000	0.064162
3.481000	0.043780
3.482000	0.033584
3.483000	0.033584
3.484000	0.048873
3.485000	0.053966
3.486000	0.038677
3.487000	0.028491
3.488000	0.033584
3.489000	0.059058
3.490000	0.048873
3.491000	0.033584
3.492000	0.033584
3.493000	0.043780
3.494000	0.053966
3.495000	0.043780
3.496000	0.033584
3.497000	0.028491
3.498000	0.038677
3.499000	0.043780
3.500000	0.038677
3.501000	0.043780
3.502000	0.038677
3.503000	0.043780
3.504000	0.043780
3.505000	0.033584
3.506000	0.038677
3.507000	0.048873
3.508000	0.053966
3.509000	0.043780
3.510000	0.033584
3.511000	0.043780
3.512000	0.053966
3.513000	0.043780
3.514000	0.033584
3.515000	0.038677
3.516000	0.053966
3.517000	0.053966
3.518000	0.043780
3.519000	0.033584
3.520000	0.038677
3.521000	0.048873
3.522000	0.043780
3.523000	0.033584
3.524000	0.028491
3.525000	0.038677
3.526000	0.053966
3.527000	0.043780
3.528000	0.028491
3.529000	0.028491
3.530000	0.038677
3.531000	0.048873
3.532000	0.033584
3.533000	0.033584
3.534000	0.043780
3.535000	0.048873
3.536000	0.053966
3.537000	0.033584
3.538000	0.028491
3.539000	0.043780
3.540000	0.048873
3.541000	0.038677
3.542000	0.033584
3.543000	0.028491
3.544000	0.038677
3.545000	0.043780
3.546000	0.038677
3.547000	0.028491
3.548000	0.033584
3.549000	0.043780
3.550000	0.038677
3.551000	0.038677
3.552000	0.028491
3.553000	0.038677
3.554000	0.043780
3.555000	0.053966
3.556000	0.038677
3.557000	0.038677
3.558000	0.038677
3.559000	0.048873
3.560000	0.043780
3.561000	0.028491
3.562000	0.023387
3.563000	0.038677
3.564000	0.048873
3.565000	0.043780
3.566000	0.033584
3.567000	0.038677
3.568000	0.048873
3.569000	0.048873
3.570000	0.043780
3.571000	0.033584
3.572000	0.038677
3.573000	0.048873
3.574000	0.053966
3.575000	0.043780
3.576000	0.033584
3.577000	0.038677
3.578000	0.048873
3.579000	0.043780
3.580000	0.033584
3.581000	0.033584
3.582000	0.038677
3.583000	0.043780
3.584000	0.043780
3.585000	0.038677
3.586000	0.038677
3.587000	0.038677
3.588000	0.043780
3.589000	0.043780
3.590000	0.033584
3.591000	0.038677
3.592000	0.043780
3.593000	0.038677
3.594000	0.038677
3.595000	0.038677
3.596000	0.048873
3.597000	0.043780
3.598000	0.043780
3.599000	0.038677
3.600000	0.033584
3.601000	0.048873
3.602000	0.038677
3.603000	0.043780
3.604000	0.038677
3.605000	0.038677
3.606000	0.038677
3.607000	0.033584
3.608000	0.038677
3.609000	0.038677
3.610000	0.038677
3.611000	0.038677
3.612000	0.038677
3.613000	0.038677
3.614000	0.038677
3.615000	0.038677
3.616000	0.038677
3.617000	0.033584
3.618000	0.038677
3.619000	0.043780
3.620000	0.043780
3.621000	0.038677
3.622000	0.038677
3.623000	0.043780
3.624000	0.043780
3.625000	0.043780
3.626000	0.038677
3.627000	0.038677
3.628000	0.038677
3.629000	0.043780
3.630000	0.043780
3.631000	0.043780
3.632000	0.043780
3.633000	0.043780
3.634000	0.043780
3.635000	0.043780
3.636000	0.038677
3.637000	0.043780
3.638000	0.048873
3.639000	0.043780
3.640000	0.038677
3.641000	0.038677
3.642000	0.043780
3.643000	0.043780
3.644000	0.043780
3.645000	0.038677
3.646000	0.043780
3.647000	0.038677
3.648000	0.038677
3.649000	0.048873
3.650000	0.038677
3.651000	0.043780
3.652000	0.048873
3.653000	0.038677
3.654000	0.043780
3.655000	0.033584
3.656000	0.043780
3.657000	0.038677
3.658000	0.043780
3.659000	0.033584
3.660000	0.033584
3.661000	0.033584
3.662000	0.038677
3.663000	0.043780
3.664000	0.043780
3.665000	0.038677
3.666000	0.038677
3.667000	0.043780
3.668000	0.038677
3.669000	0.033584
3.670000	0.038677
3.671000	0.038677
3.672000	0.048873
3.673000	0.048873
3.674000	0.043780
3.675000	0.043780
3.676000	0.043780
3.677000	0.043780
3.678000	0.038677
3.679000	0.038677
3.680000	0.048873
3.681000	0.033584
3.682000	0.043780
3.683000	0.043780
3.684000	0.038677
3.685000	0.043780
3.686000	0.048873
3.687000	0.043780
3.688000	0.043780
3.689000	0.043780
3.690000	0.043780
3.691000	0.043780
3.692000	0.033584
3.693000	0.038677
3.694000	0.043780
3.695000	0.038677
3.696000	0.043780
3.697000	0.043780
3.698000	0.038677
3.699000	0.038677
3.700000	0.033584
3.701000	0.038677
3.702000	0.043780
3.703000	0.048873
3.704000	0.043780
3.705000	0.048873
3.706000	0.048873
3.707000	0.038677
3.708000	0.043780
3.709000	0.038677
3.710000	0.038677
3.711000	0.043780
3.712000	0.043780
3.713000	0.043780
3.714000	0.048873
3.715000	0.038677
3.716000	0.033584
3.717000	0.048873
3.718000	0.048873
3.719000	0.043780
3.720000	0.043780
3.721000	0.043780
3.722000	0.043780
3.723000	0.048873
3.724000	0.043780
3.725000	0.038677
3.726000	0.038677
3.727000	0.043780
3.728000	0.048873
3.729000	0.038677
3.730000	0.038677
3.731000	0.038677
3.732000	0.043780
3.733000	0.043780
3.734000	0.043780
3.735000	0.043780
3.736000	0.048873
3.737000	0.048873
3.738000	0.043780
3.739000	0.038677
3.740000	0.043780
3.741000	0.038677
3.742000	0.043780
3.743000	0.043780
3.744000	0.038677
3.745000	0.033584
3.746000	0.033584
3.747000	0.038677
3.748000	0.038677
3.749000	0.043780
3.750000	0.033584
3.751000	0.043780
3.752000	0.038677
3.753000	0.038677
3.754000	0.043780
3.755000	0.038677
3.756000	0.043780
3.757000	0.043780
3.758000	0.038677
3.759000	0.043780
3.760000	0.033584
3.761000	0.043780
3.762000	0.048873
3.763000	0.038677
3.764000	0.038677
3.765000	0.038677
3.766000	0.043780
3.767000	0.043780
3.768000	0.033584
3.769000	0.038677
3.770000	0.043780
3.771000	0.043780
3.772000	0.048873
3.773000	0.043780
3.774000	0.038677
3.775000	0.038677
3.776000	0.038677
3.777000	0.038677
3.778000	0.038677
3.779000	0.038677
3.780000	0.043780
3.781000	0.043780
3.782000	0.038677
3.783000	0.043780
3.784000	0.043780
3.785000	0.038677
3.786000	0.038677
3.787000	0.038677
3.788000	0.033584
3.789000	0.043780
3.790000	0.043780
3.791000	0.038677
3.792000	0.038677
3.793000	0.038677
3.794000	0.033584
3.795000	0.038677
3.796000	0.043780
3.797000	0.038677
3.798000	0.038677
3.799000	0.048873
3.800000	0.038677
3.801000	0.033584
3.802000	0.038677
3.803000	0.048873
3.804000	0.038677
3.805000	0.043780
3.806000	0.033584
3.807000	0.043780
3.808000	0.038677
3.809000	0.033584
3.810000	0.038677
3.811000	0.043780
3.812000	0.048873
3.813000	0.038677
3.814000	0.033584
3.815000	0.038677
3.816000	0.038677
3.817000	0.043780
3.818000	0.043780
3.819000	0.038677
3.820000	0.043780
3.821000	0.043780
3.822000	0.043780
3.823000	0.038677
3.824000	0.038677
3.825000	0.043780
3.826000	0.043780
3.827000	0.038677
3.828000	0.043780
3.829000	0.028491
3.830000	0.038677
3.831000	0.038677
3.832000	0.048873
3.833000	0.043780
3.834000	0.038677
3.835000	0.043780
3.836000	0.048873
3.837000	0.048873
3.838000	0.043780
3.839000	0.033584
3.840000	0.038677
3.841000	0.048873
3.842000	0.048873
3.843000	0.043780
3.844000	0.033584
3.845000	0.043780
3.846000	0.048873
3.847000	0.048873
3.848000	0.033584
3.849000	0.038677
3.850000	0.038677
3.851000	0.048873
3.852000	0.043780
3.853000	0.038677
3.854000	0.043780
3.855000	0.043780
3.856000	0.048873
3.857000	0.048873
3.858000	0.038677
3.859000	0.043780
3.860000	0.043780
3.861000	0.053966
3.862000	0.043780
3.863000	0.028491
3.864000	0.028491
3.865000	0.053966
3.866000	0.053966
3.867000	0.033584
3.868000	0.028491
3.869000	0.038677
3.870000	0.048873
3.871000	0.053966
3.872000	0.033584
3.873000	0.028491
3.874000	0.043780
3.875000	0.059058
3.876000	0.038677
3.877000	0.023387
3.878000	0.033584
3.879000	0.053966
3.880000	0.059058
3.881000	0.033584
3.882000	0.028491
3.883000	0.043780
3.884000	0.048873
3.885000	0.048873
3.886000	0.038677
3.887000	0.023387
3.888000	0.043780
3.889000	0.059058
3.890000	0.043780
3.891000	0.018295
3.892000	0.028491
3.893000	0.043780
3.894000	0.059058
3.895000	0.038677
3.896000	0.028491
3.897000	0.028491
3.898000	0.053966
3.899000	0.064162
3.900000	0.033584
3.901000	0.018295
3.902000	0.038677
3.903000	0.059058
3.904000	0.053966
3.905000	0.023387
3.906000	0.018295
3.907000	0.043780
3.908000	0.064162
3.909000	0.043780
3.910000	0.018295
3.911000	0.018295
3.912000	0.043780
3.913000	0.064162
3.914000	0.033584
3.915000	0.013202
3.916000	0.033584
3.917000	0.064162
3.918000	0.059058
3.919000	0.018295
3.920000	0.013202
3.921000	0.038677
3.922000	0.064162
3.923000	0.048873
3.924000	0.023387
3.925000	0.023387
3.926000	0.048873
3.927000	0.069255
3.928000	0.043780
3.929000	0.018295
3.930000	0.018295
3.931000	0.053966
3.932000	0.064162
3.933000	0.033584
3.934000	0.013202
3.935000	0.033584
3.936000	0.064162
3.937000	0.053966
3.938000	0.028491
3.939000	0.018295
3.940000	0.043780
3.941000	0.074348
3.942000	0.048873
3.943000	0.018295
3.944000	0.023387
3.945000	0.059058
3.946000	0.064162
3.947000	0.028491
3.948000	0.013202
3.949000	0.033584
3.950000	0.064162
3.951000	0.064162
3.952000	0.028491
3.953000	0.023387
3.954000	0.043780
3.955000	0.069255
3.956000	0.048873
3.957000	0.018295
3.958000	0.023387
3.959000	0.053966
3.960000	0.069255
3.961000	0.038677
3.962000	0.013202
3.963000	0.023387
3.964000	0.053966
3.965000	0.064162
3.966000	0.038677
3.967000	0.018295
3.968000	0.028491
3.969000	0.059058
3.970000	0.048873
3.971000	0.028491
3.972000	0.023387
3.973000	0.048873
3.974000	0.053966
3.975000	0.043780
3.976000	0.018295
3.977000	0.023387
3.978000	0.048873
3.979000	0.069255
3.980000	0.038677
3.981000	0.013202
3.982000	0.028491
3.983000	0.064162
3.984000	0.053966
3.985000	0.028491
3.986000	0.018295
3.987000	0.043780
3.988000	0.064162
3.989000	0.048873
3.990000	0.023387
3.991000	0.028491
3.992000	0.053966
3.993000	0.059058
3.994000	0.038677
3.995000	0.018295
3.996000	0.033584
3.997000	0.053966
3.998000	0.048873
3.999000	0.038677
4.000000	0.023387
4.001000	0.038677
4.002000	0.064162
4.003000	0.048873
4.004000	0.033584
4.005000	0.033584
4.006000	0.048873
4.007000	0.053966
4.008000	0.033584
4.009000	0.023387
4.010000	0.028491
4.011000	0.043780
4.012000	0.048873
4.013000	0.033584
4.014000	0.028491
4.015000	0.043780
4.016000	0.048873
4.017000	0.048873
4.018000	0.028491
4.019000	0.023387
4.020000	0.048873
4.021000	0.048873
4.022000	0.038677
4.023000	0.023387
4.024000	0.033584
4.025000	0.053966
4.026000	0.033584
4.027000	0.023387
4.028000	0.018295
4.029000	0.038677
4.030000	0.053966
4.031000	0.043780
4.032000	0.028491
4.033000	0.023387
4.034000	0.048873
4.035000	0.064162
4.036000	0.043780
4.037000	0.023387
4.038000	0.033584
4.039000	0.048873
4.040000	0.048873
4.041000	0.033584
4.042000	0.028491
4.043000	0.033584
4.044000	0.059058
4.045000	0.043780
4.046000	0.028491
4.047000	0.023387
4.048000	0.048873
4.049000	0.064162
4.050000	0.043780
4.051000	0.023387
4.052000	0.038677
4.053000	0.053966
4.054000	0.053966
4.055000	0.043780
4.056000	0.023387
4.057000	0.028491
4.058000	0.064162
4.059000	0.053966
4.060000	0.033584
4.061000	0.028491
4.062000	0.033584
4.063000	0.059058
4.064000	0.038677
4.065000	0.038677
4.066000	0.033584
4.067000	0.043780
4.068000	0.059058
4.069000	0.043780
4.070000	0.018295
4.071000	0.033584
4.072000	0.048873
4.073000	0.059058
4.074000	0.023387
4.075000	0.018295
4.076000	0.038677
4.077000	0.059058
4.078000	0.053966
4.079000	0.023387
4.080000	0.018295
4.081000	0.043780
4.082000	0.059058
4.083000	0.053966
4.084000	0.028491
4.085000	0.028491
4.086000	0.048873
4.087000	0.059058
4.088000	0.043780
4.089000	0.028491
4.090000	0.028491
4.091000	0.053966
4.092000	0.048873
4.093000	0.033584
4.094000	0.028491
4.095000	0.038677
4.096000	0.053966
4.097000	0.048873
4.098000	0.028491
4.099000	0.023387
4.100000	0.048873
4.101000	0.059058
4.102000	0.043780
4.103000	0.028491
4.104000	0.028491
4.105000	0.043780
4.106000	0.053966
4.107000	0.043780
4.108000	0.028491
4.109000	0.038677
4.110000	0.053966
4.111000	0.048873
4.112000	0.033584
4.113000	0.023387
4.114000	0.033584
4.115000	0.053966
4.116000	0.048873
4.117000	0.028491
4.118000	0.028491
4.119000	0.043780
4.120000	0.059058
4.121000	0.038677
4.122000	0.033584
4.123000	0.033584
4.124000	0.043780
4.125000	0.048873
4.126000	0.033584
4.127000	0.038677
4.128000	0.043780
4.129000	0.043780
4.130000	0.038677
4.131000	0.038677
4.132000	0.038677
4.133000	0.043780
4.134000	0.043780
4.135000	0.043780
4.136000	0.028491
4.137000	0.028491
4.138000	0.043780
4.139000	0.043780
4.140000	0.038677
4.141000	0.028491
4.142000	0.043780
4.143000	0.043780
4.144000	0.043780
4.145000	0.038677
4.146000	0.038677
4.147000	0.043780
4.148000	0.048873
4.149000	0.048873
4.150000	0.033584
4.151000	0.038677
4.152000	0.043780
4.153000	0.048873
4.154000	0.033584
4.155000	0.038677
4.156000	0.043780
4.157000	0.048873
4.158000	0.043780
4.159000	0.038677
4.160000	0.033584
4.161000	0.053966
4.162000	0.043780
4.163000	0.043780
4.164000	0.033584
4.165000	0.038677
4.166000	0.043780
4.167000	0.043780
4.168000	0.038677
4.169000	0.033584
4.170000	0.038677
4.171000	0.043780
4.172000	0.038677
4.173000	0.033584
4.174000	0.043780
4.175000	0.048873
4.176000	0.043780
4.177000	0.038677
4.178000	0.033584
4.179000	0.038677
4.180000	0.048873
4.181000	0.043780
4.182000	0.038677
4.183000	0.033584
4.184000	0.038677
4.185000	0.048873
4.186000	0.043780
4.187000	0.028491
4.188000	0.028491
4.189000	0.043780
4.190000	0.043780
4.191000	0.038677
4.192000	0.033584
4.193000	0.023387
4.194000	0.038677
4.195000	0.048873
4.196000	0.038677
4.197000	0.028491
4.198000	0.038677
4.199000	0.053966
4.200000	0.043780
4.201000	0.033584
4.202000	0.043780
4.203000	0.043780
4.204000	0.043780
4.205000	0.043780
4.206000	0.038677
4.207000	0.033584
4.208000	0.043780
4.209000	0.048873
4.210000	0.038677
4.211000	0.033584
4.212000	0.033584
4.213000	0.048873
4.214000	0.048873
4.215000	0.038677
4.216000	0.033584
4.217000	0.038677
4.218000	0.053966
4.219000	0.048873
4.220000	0.028491
4.221000	0.033584
4.222000	0.038677
4.223000	0.048873
4.224000	0.038677
4.225000	0.038677
4.226000	0.038677
4.227000	0.043780
4.228000	0.048873
4.229000	0.043780
4.230000	0.028491
4.231000	0.033584
4.232000	0.043780
4.233000	0.048873
4.234000	0.033584
4.235000	0.038677
4.236000	0.038677
4.237000	0.048873
4.238000	0.043780
4.239000	0.033584
4.240000	0.028491
4.241000	0.043780
4.242000	0.048873
4.243000	0.038677
4.244000	0.028491
4.245000	0.033584
4.246000	0.043780
4.247000	0.043780
4.248000	0.033584
4.249000	0.033584
4.250000	0.038677
4.251000	0.043780
4.252000	0.048873
4.253000	0.038677
4.254000	0.028491
4.255000	0.033584
4.256000	0.053966
4.257000	0.043780
4.258000	0.033584
4.259000	0.023387
4.260000	0.043780
4.261000	0.048873
4.262000	0.043780
4.263000	0.033584
4.264000	0.043780
4.265000	0.043780
4.266000	0.048873
4.267000	0.043780
4.268000	0.033584
4.269000	0.033584
4.270000	0.053966
4.271000	0.053966
4.272000	0.038677
4.273000	0.043780
4.274000	0.033584
4.275000	0.038677
4.276000	0.043780
4.277000	0.038677
4.278000	0.038677
4.279000	0.043780
4.280000	0.043780
4.281000	0.043780
4.282000	0.033584
4.283000	0.028491
4.284000	0.043780
4.285000	0.048873
4.286000	0.043780
4.287000	0.033584
4.288000	0.038677
4.289000	0.053966
4.290000	0.043780
4.291000	0.038677
4.292000	0.038677
4.293000	0.033584
4.294000	0.048873
4.295000	0.043780
4.296000	0.028491
4.297000	0.033584
4.298000	0.038677
4.299000	0.048873
4.300000	0.043780
4.301000	0.033584
4.302000	0.038677
4.303000	0.043780
4.304000	0.043780
4.305000	0.048873
4.306000	0.028491
4.307000	0.028491
4.308000	0.043780
4.309000	0.053966
4.310000	0.033584
4.311000	0.033584
4.312000	0.038677
4.313000	0.048873
4.314000	0.038677
4.315000	0.038677
4.316000	0.038677
4.317000	0.038677
4.318000	0.048873
4.319000	0.043780
4.320000	0.033584
4.321000	0.033584
4.322000	0.043780
4.323000	0.053966
4.324000	0.043780
4.325000	0.028491
4.326000	0.028491
4.327000	0.048873
4.328000	0.043780
4.329000	0.038677
4.330000	0.028491
4.331000	0.038677
4.332000	0.043780
4.333000	0.043780
4.334000	0.043780
4.335000	0.033584
4.336000	0.043780
4.337000	0.053966
4.338000	0.038677
4.339000	0.028491
4.340000	0.033584
4.341000	0.053966
4.342000	0.043780
4.343000	0.048873
4.344000	0.028491
4.345000	0.033584
4.346000	0.048873
4.347000	0.053966
4.348000	0.033584
4.349000	0.028491
4.350000	0.043780
4.351000	0.053966
4.352000	0.048873
4.353000	0.028491
4.354000	0.028491
4.355000	0.038677
4.356000	0.053966
4.357000	0.038677
4.358000	0.033584
4.359000	0.033584
4.360000	0.043780
4.361000	0.043780
4.362000	0.038677
4.363000	0.028491
4.364000	0.038677
4.365000	0.048873
4.366000	0.048873
4.367000	0.043780
4.368000	0.033584
4.369000	0.038677
4.370000	0.048873
4.371000	0.038677
4.372000	0.038677
4.373000	0.028491
4.374000	0.043780
4.375000	0.048873
4.376000	0.038677
4.377000	0.028491
4.378000	0.038677
4.379000	0.048873
4.380000	0.043780
4.381000	0.043780
4.382000	0.038677
4.383000	0.038677
4.384000	0.043780
4.385000	0.048873
4.386000	0.033584
4.387000	0.033584
4.388000	0.038677
4.389000	0.048873
4.390000	0.043780
4.391000	0.038677
4.392000	0.038677
4.393000	0.043780
4.394000	0.043780
4.395000	0.028491
4.396000	0.033584
4.397000	0.038677
4.398000	0.038677
4.399000	0.038677
4.400000	0.033584
4.401000	0.038677
4.402000	0.048873
4.403000	0.043780
4.404000	0.043780
4.405000	0.038677
4.406000	0.038677
4.407000	0.038677
4.408000	0.043780
4.409000	0.043780
4.410000	0.038677
4.411000	0.033584
4.412000	0.038677
4.413000	0.038677
4.414000	0.038677
4.415000	0.038677
4.416000	0.038677
4.417000	0.048873
4.418000	0.043780
4.419000	0.043780
4.420000	0.033584
4.421000	0.043780
4.422000	0.048873
4.423000	0.043780
4.424000	0.048873
4.425000	0.038677
4.426000	0.043780
4.427000	0.043780
4.428000	0.043780
4.429000	0.033584
4.430000	0.038677
4.431000	0.048873
4.432000	0.043780
4.433000	0.043780
4.434000	0.038677
4.435000	0.048873
4.436000	0.043780
4.437000	0.043780
4.438000	0.033584
4.439000	0.043780
4.440000	0.048873
4.441000	0.053966
4.442000	0.038677
4.443000	0.028491
4.444000	0.033584
4.445000	0.043780
4.446000	0.043780
4.447000	0.028491
4.448000	0.038677
4.449000	0.043780
4.450000	0.043780
4.451000	0.038677
4.452000	0.038677
4.453000	0.033584
4.454000	0.048873
4.455000	0.053966
4.456000	0.038677
4.457000	0.028491
4.458000	0.028491
4.459000	0.053966
4.460000	0.048873
4.461000	0.033584
4.462000	0.023387
4.463000	0.043780
4.464000	0.048873
4.465000	0.038677
4.466000	0.028491
4.467000	0.028491
4.468000	0.048873
4.469000	0.043780
4.470000	0.043780
4.471000	0.033584
4.472000	0.038677
4.473000	0.048873
4.474000	0.053966
4.475000	0.038677
4.476000	0.033584
4.477000	0.043780
4.478000	0.053966
4.479000	0.048873
4.480000	0.033584
4.481000	0.033584
4.482000	0.048873
4.483000	0.048873
4.484000	0.038677
4.485000	0.038677
4.486000	0.028491
4.487000	0.048873
4.488000	0.048873
4.489000	0.038677
4.490000	0.033584
4.491000	0.038677
4.492000	0.043780
4.493000	0.048873
4.494000	0.028491
4.495000	0.028491
4.496000	0.048873
4.497000	0.043780
4.498000	0.038677
4.499000	0.023387
4.500000	0.033584
4.501000	0.043780
4.502000	0.053966
4.503000	0.028491
4.504000	0.033584
4.505000	0.043780
4.506000	0.043780
4.507000	0.038677
4.508000	0.033584
4.509000	0.033584
4.510000	0.048873
4.511000	0.043780
4.512000	0.038677
4.513000	0.033584
4.514000	0.033584
4.515000	0.048873
4.516000	0.043780
4.517000	0.033584
4.518000	0.038677
4.519000	0.038677
4.520000	0.048873
4.521000	0.043780
4.522000	0.033584
4.523000	0.033584
4.524000	0.038677
4.525000	0.043780
4.526000	0.043780
4.527000	0.033584
4.528000	0.043780
4.529000	0.048873
4.530000	0.043780
4.531000	0.033584
4.532000	0.033584
4.533000	0.038677
4.534000	0.048873
4.535000	0.043780
4.536000	0.028491
4.537000	0.028491
4.538000	0.038677
4.539000	0.048873
4.540000	0.043780
4.541000	0.033584
4.542000	0.033584
4.543000	0.048873
4.544000	0.048873
4.545000	0.038677
4.546000	0.028491
4.547000	0.033584
4.548000	0.048873
4.549000	0.043780
4.550000	0.033584
4.551000	0.038677
4.552000	0.048873
4.553000	0.053966
4.554000	0.048873
4.555000	0.028491
4.556000	0.038677
4.557000	0.043780
4.558000	0.048873
4.559000	0.033584
4.560000	0.033584
4.561000	0.033584
4.562000	0.048873
4.563000	0.043780
4.564000	0.028491
4.565000	0.028491
4.566000	0.048873
4.567000	0.053966
4.568000	0.038677
4.569000	0.028491
4.570000	0.033584
4.571000	0.038677
4.572000	0.059058
4.573000	0.033584
4.574000	0.028491
4.575000	0.038677
4.576000	0.048873
4.577000	0.048873
4.578000	0.033584
4.579000	0.028491
4.580000	0.038677
4.581000	0.043780
4.582000	0.043780
4.583000	0.038677
4.584000	0.033584
4.585000	0.043780
4.586000	0.043780
4.587000	0.038677
4.588000	0.038677
4.589000	0.033584
4.590000	0.048873
4.591000	0.059058
4.592000	0.043780
4.593000	0.033584
4.594000	0.043780
4.595000	0.048873
4.596000	0.043780
4.597000	0.038677
4.598000	0.038677
4.599000	0.048873
4.600000	0.048873
4.601000	0.038677
4.602000	0.028491
4.603000	0.038677
4.604000	0.053966
4.605000	0.048873
4.606000	0.038677
4.607000	0.033584
4.608000	0.043780
4.609000	0.043780
4.610000	0.043780
4.611000	0.038677
4.612000	0.033584
4.613000	0.043780
4.614000	0.048873
4.615000	0.043780
4.616000	0.033584
4.617000	0.033584
4.618000	0.043780
4.619000	0.048873
4.620000	0.033584
4.621000	0.038677
4.622000	0.038677
4.623000	0.038677
4.624000	0.038677
4.625000	0.033584
4.626000	0.033584
4.627000	0.038677
4.628000	0.048873
4.629000	0.043780
4.630000	0.033584
4.631000	0.033584
4.632000	0.048873
4.633000	0.043780
4.634000	0.038677
4.635000	0.033584
4.636000	0.043780
4.637000	0.043780
4.638000	0.048873
4.639000	0.038677
4.640000	0.028491
4.641000	0.043780
4.642000	0.048873
4.643000	0.038677
4.644000	0.038677
4.645000	0.033584
4.646000	0.043780
4.647000	0.048873
4.648000	0.033584
4.649000	0.033584
4.650000	0.038677
4.651000	0.048873
4.652000	0.048873
4.653000	0.033584
4.654000	0.033584
4.655000	0.048873
4.656000	0.043780
4.657000	0.038677
4.658000	0.028491
4.659000	0.033584
4.660000	0.043780
4.661000	0.043780
4.662000	0.033584
4.663000	0.028491
4.664000	0.033584
4.665000	0.048873
4.666000	0.043780
4.667000	0.038677
4.668000	0.033584
4.669000	0.038677
4.670000	0.043780
4.671000	0.043780
4.672000	0.043780
4.673000	0.043780
4.674000	0.043780
4.675000	0.043780
4.676000	0.038677
4.677000	0.038677
4.678000	0.033584
4.679000	0.038677
4.680000	0.043780
4.681000	0.028491
4.682000	0.033584
4.683000	0.043780
4.684000	0.048873
4.685000	0.043780
4.686000	0.043780
4.687000	0.033584
4.688000	0.043780
4.689000	0.048873
4.690000	0.043780
4.691000	0.033584
4.692000	0.038677
4.693000	0.043780
4.694000	0.043780
4.695000	0.038677
4.696000	0.033584
4.697000	0.043780
4.698000	0.038677
4.699000	0.048873
4.700000	0.043780
4.701000	0.038677
4.702000	0.033584
4.703000	0.048873
4.704000	0.043780
4.705000	0.038677
4.706000	0.038677
4.707000	0.038677
4.708000	0.043780
4.709000	0.043780
4.710000	0.033584
4.711000	0.038677
4.712000	0.048873
4.713000	0.043780
4.714000	0.033584
4.715000	0.043780
4.716000	0.038677
4.717000	0.038677
4.718000	0.043780
4.719000	0.043780
4.720000	0.028491
4.721000	0.038677
4.722000	0.048873
4.723000	0.038677
4.724000	0.043780
4.725000	0.033584
4.726000	0.043780
4.727000	0.043780
4.728000	0.038677
4.729000	0.038677
4.730000	0.038677
4.731000	0.038677
4.732000	0.043780
4.733000	0.038677
4.734000	0.033584
4.735000	0.038677
4.736000	0.033584
4.737000	0.043780
4.738000	0.043780
4.739000	0.038677
4.740000	0.043780
4.741000	0.043780
4.742000	0.038677
4.743000	0.038677
4.744000	0.028491
4.745000	0.038677
4.746000	0.038677
4.747000	0.038677
4.748000	0.043780
4.749000	0.038677
4.750000	0.038677
4.751000	0.048873
4.752000	0.043780
4.753000	0.038677
4.754000	0.043780
4.755000	0.048873
4.756000	0.043780
4.757000	0.048873
4.758000	0.038677
4.759000	0.038677
4.760000	0.038677
4.761000	0.048873
4.762000	0.038677
4.763000	0.038677
4.764000	0.048873
4.765000	0.043780
4.766000	0.033584
4.767000	0.038677
4.768000	0.038677
4.769000	0.038677
4.770000	0.043780
4.771000	0.038677
4.772000	0.038677
4.773000	0.033584
4.774000	0.043780
4.775000	0.043780
4.776000	0.033584
4.777000	0.033584
4.778000	0.033584
4.779000	0.043780
4.780000	0.033584
4.781000	0.038677
4.782000	0.038677
4.783000	0.038677
4.784000	0.038677
4.785000	0.043780
4.786000	0.038677
4.787000	0.028491
4.788000	0.043780
4.789000	0.043780
4.790000	0.043780
4.791000	0.038677
4.792000	0.038677
4.793000	0.038677
4.794000	0.038677
4.795000	0.043780
4.796000	0.043780
4.797000	0.038677
4.798000	0.043780
4.799000	0.038677
4.800000	0.038677
4.801000	0.038677
4.802000	0.043780
4.803000	0.038677
4.804000	0.038677
4.805000	0.043780
4.806000	0.043780
4.807000	0.038677
4.808000	0.043780
4.809000	0.048873
4.810000	0.038677
4.811000	0.038677
4.812000	0.038677
4.813000	0.043780
4.814000	0.043780
4.815000	0.038677
4.816000	0.038677
4.817000	0.048873
4.818000	0.043780
4.819000	0.043780
4.820000	0.048873
4.821000	0.038677
4.822000	0.038677
4.823000	0.038677
4.824000	0.028491
4.825000	0.038677
4.826000	0.043780
4.827000	0.043780
4.828000	0.038677
4.829000	0.038677
4.830000	0.043780
4.831000	0.038677
4.832000	0.043780
4.833000	0.038677
4.834000	0.043780
4.835000	0.043780
4.836000	0.043780
4.837000	0.048873
4.838000	0.038677
4.839000	0.043780
4.840000	0.043780
4.841000	0.043780
4.842000	0.038677
4.843000	0.033584
4.844000	0.038677
4.845000	0.038677
4.846000	0.043780
4.847000	0.038677
4.848000	0.043780
4.849000	0.038677
4.850000	0.038677
4.851000	0.038677
4.852000	0.043780
4.853000	0.038677
4.854000	0.038677
4.855000	0.043780
4.856000	0.043780
4.857000	0.038677
4.858000	0.038677
4.859000	0.038677
4.860000	0.038677
4.861000	0.038677
4.862000	0.043780
4.863000	0.038677
4.864000	0.033584
4.865000	0.048873
4.866000	0.038677
4.867000	0.038677
4.868000	0.048873
4.869000	0.043780
4.870000	0.048873
4.871000	0.038677
4.872000	0.043780
4.873000	0.038677
4.874000	0.048873
4.875000	0.048873
4.876000	0.043780
4.877000	0.038677
4.878000	0.043780
4.879000	0.043780
4.880000	0.038677
4.881000	0.033584
4.882000	0.033584
4.883000	0.033584
4.884000	0.043780
4.885000	0.043780
4.886000	0.038677
4.887000	0.043780
4.888000	0.048873
4.889000	0.038677
4.890000	0.038677
4.891000	0.038677
4.892000	0.033584
4.893000	0.038677
4.894000	0.043780
4.895000	0.038677
4.896000	0.038677
4.897000	0.038677
4.898000	0.043780
4.899000	0.033584
4.900000	0.033584
4.901000	0.043780
4.902000	0.048873
4.903000	0.038677
4.904000	0.033584
4.905000	0.033584
4.906000	0.038677
4.907000	0.038677
4.908000	0.038677
4.909000	0.038677
4.910000	0.038677
4.911000	0.043780
4.912000	0.033584
4.913000	0.048873
4.914000	0.038677
4.915000	0.043780
4.916000	0.053966
4.917000	0.043780
4.918000	0.033584
4.919000	0.038677
4.920000	0.038677
4.921000	0.053966
4.922000	0.043780
4.923000	0.033584
4.924000	0.038677
4.925000	0.043780
4.926000	0.038677
4.927000	0.033584
4.928000	0.038677
4.929000	0.038677
4.930000	0.043780
4.931000	0.038677
4.932000	0.033584
4.933000	0.038677
4.934000	0.043780
4.935000	0.043780
4.936000	0.033584
4.937000	0.028491
4.938000	0.038677
4.939000	0.048873
4.940000	0.043780
4.941000	0.038677
4.942000	0.033584
4.943000	0.038677
4.944000	0.048873
4.945000	0.043780
4.946000	0.038677
4.947000	0.038677
4.948000	0.048873
4.949000	0.043780
4.950000	0.038677
4.951000	0.038677
4.952000	0.043780
4.953000	0.048873
4.954000	0.048873
4.955000	0.038677
4.956000	0.033584
4.957000	0.038677
4.958000	0.053966
4.959000	0.048873
4.960000	0.033584
4.961000	0.033584
4.962000	0.043780
4.963000	0.053966
4.964000	0.043780
4.965000	0.033584
4.966000	0.028491
4.967000	0.033584
4.968000	0.043780
4.969000	0.043780
4.970000	0.038677
4.971000	0.033584
4.972000	0.048873
4.973000	0.053966
4.974000	0.038677
4.975000	0.028491
4.976000	0.043780
4.977000	0.053966
4.978000	0.048873
4.979000	0.043780
4.980000	0.038677
4.981000	0.033584
4.982000	0.059058
4.983000	0.048873
4.984000	0.038677
4.985000	0.033584
4.986000	0.038677
4.987000	0.053966
4.988000	0.053966
4.989000	0.033584
4.990000	0.028491
4.991000	0.038677
4.992000	0.043780
4.993000	0.043780
4.994000	0.028491
4.995000	0.033584
4.996000	0.043780
4.997000	0.038677
4.998000	0.043780
4.999000	0.028491
5.000000	0.023387
5.001000	0.048873
5.002000	0.043780
5.003000	0.033584
5.004000	0.023387
5.005000	0.028491
5.006000	0.048873
5.007000	0.053966
5.008000	0.033584
5.009000	0.028491
5.010000	0.038677
5.011000	0.048873
5.012000	0.043780
5.013000	0.033584
5.014000	0.033584
5.015000	0.043780
5.016000	0.043780
5.017000	0.043780
5.018000	0.028491
5.019000	0.043780
5.020000	0.048873
5.021000	0.043780
5.022000	0.038677
5.023000	0.023387
5.024000	0.033584
5.025000	0.053966
5.026000	0.053966
5.027000	0.033584
5.028000	0.028491
5.029000	0.038677
5.030000	0.053966
5.031000	0.033584
5.032000	0.033584
5.033000	0.033584
5.034000	0.043780
5.035000	0.048873
5.036000	0.043780
5.037000	0.038677
5.038000	0.043780
5.039000	0.053966
5.040000	0.048873
5.041000	0.038677
5.042000	0.028491
5.043000	0.043780
5.044000	0.043780
5.045000	0.048873
5.046000	0.038677
5.047000	0.038677
5.048000	0.038677
5.049000	0.053966
5.050000	0.038677
5.051000	0.028491
5.052000	0.033584
5.053000	0.048873
5.054000	0.043780
5.055000	0.043780
5.056000	0.033584
5.057000	0.033584
5.058000	0.043780
5.059000	0.038677
5.060000	0.028491
5.061000	0.033584
5.062000	0.043780
5.063000	0.043780
5.064000	0.043780
5.065000	0.038677
5.066000	0.038677
5.067000	0.048873
5.068000	0.043780
5.069000	0.038677
5.070000	0.038677
5.071000	0.038677
5.072000	0.053966
5.073000	0.043780
5.074000	0.043780
5.075000	0.043780
5.076000	0.038677
5.077000	0.043780
5.078000	0.043780
5.079000	0.038677
5.080000	0.033584
5.081000	0.043780
5.082000	0.048873
5.083000	0.043780
5.084000	0.038677
5.085000	0.038677
5.086000	0.043780
5.087000	0.048873
5.088000	0.038677
5.089000	0.033584
5.090000	0.033584
5.091000	0.043780
5.092000	0.043780
5.093000	0.038677
5.094000	0.028491
5.095000	0.033584
5.096000	0.038677
5.097000	0.043780
5.098000	0.033584
5.099000	0.028491
5.100000	0.038677
5.101000	0.038677
5.102000	0.033584
5.103000	0.033584
5.104000	0.038677
5.105000	0.043780
5.106000	0.038677
5.107000	0.033584
5.108000	0.033584
5.109000	0.033584
5.110000	0.033584
5.111000	0.043780
5.112000	0.038677
5.113000	0.033584
5.114000	0.043780
5.115000	0.043780
5.116000	0.043780
5.117000	0.038677
5.118000	0.033584
5.119000	0.043780
5.120000	0.043780
5.121000	0.043780
5.122000	0.033584
5.123000	0.028491
5.124000	0.043780
5.125000	0.053966
5.126000	0.038677
5.127000	0.033584
5.128000	0.033584
5.129000	0.043780
5.130000	0.043780
5.131000	0.033584
5.132000	0.038677
5.133000	0.038677
5.134000	0.038677
5.135000	0.043780
5.136000	0.038677
5.137000	0.028491
5.138000	0.038677
5.139000	0.048873
5.140000	0.043780
5.141000	0.038677
5.142000	0.033584
5.143000	0.043780
5.144000	0.043780
5.145000	0.048873
5.146000	0.038677
5.147000	0.028491
5.148000	0.048873
5.149000	0.048873
5.150000	0.033584
5.151000	0.033584
5.152000	0.038677
5.153000	0.064162
5.154000	0.053966
5.155000	0.028491
5.156000	0.028491
5.157000	0.043780
5.158000	0.048873
5.159000	0.033584
5.160000	0.028491
5.161000	0.033584
5.162000	0.043780
5.163000	0.048873
5.164000	0.033584
5.165000	0.033584
5.166000	0.033584
5.167000	0.048873
5.168000	0.048873
5.169000	0.038677
5.170000	0.018295
5.171000	0.038677
5.172000	0.048873
5.173000	0.038677
5.174000	0.038677
5.175000	0.033584
5.176000	0.043780
5.177000	0.043780
5.178000	0.053966
5.179000	0.033584
5.180000	0.033584
5.181000	0.038677
5.182000	0.053966
5.183000	0.048873
5.184000	0.038677
5.185000	0.033584
5.186000	0.043780
5.187000	0.053966
5.188000	0.048873
5.189000	0.033584
5.190000	0.033584
5.191000	0.048873
5.192000	0.048873
5.193000	0.038677
5.194000	0.033584
5.195000	0.038677
5.196000	0.043780
5.197000	0.038677
5.198000	0.038677
5.199000	0.038677
5.200000	0.038677
5.201000	0.038677
5.202000	0.043780
5.203000	0.043780
5.204000	0.033584
5.205000	0.043780
5.206000	0.053966
5.207000	0.043780
5.208000	0.038677
5.209000	0.033584
5.210000	0.043780
5.211000	0.048873
5.212000	0.038677
5.213000	0.033584
5.214000	0.028491
5.215000	0.048873
5.216000	0.053966
5.217000	0.043780
5.218000	0.043780
5.219000	0.033584
5.220000	0.048873
5.221000	0.043780
5.222000	0.038677
5.223000	0.028491
5.224000	0.038677
5.225000	0.048873
5.226000	0.043780
5.227000	0.033584
5.228000	0.028491
5.229000	0.043780
5.230000	0.043780
5.231000	0.043780
5.232000	0.023387
5.233000	0.038677
5.234000	0.043780
5.235000	0.048873
5.236000	0.038677
5.237000	0.033584
5.238000	0.038677
5.239000	0.053966
5.240000	0.043780
5.241000	0.038677
5.242000	0.033584
5.243000	0.043780
5.244000	0.048873
5.245000	0.043780
5.246000	0.038677
5.247000	0.033584
5.248000	0.048873
5.249000	0.053966
5.250000	0.048873
5.251000	0.033584
5.252000	0.043780
5.253000	0.033584
5.254000	0.043780
5.255000	0.033584
5.256000	0.033584
5.257000	0.038677
5.258000	0.043780
5.259000	0.038677
5.260000	0.028491
5.261000	0.028491
5.262000	0.038677
5.263000	0.043780
5.264000	0.033584
5.265000	0.033584
5.266000	0.033584
5.267000	0.043780
5.268000	0.043780
5.269000	0.043780
5.270000	0.033584
5.271000	0.038677
5.272000	0.043780
5.273000	0.043780
5.274000	0.043780
5.275000	0.038677
5.276000	0.038677
5.277000	0.043780
5.278000	0.043780
5.279000	0.043780
5.280000	0.043780
5.281000	0.038677
5.282000	0.043780
5.283000	0.043780
5.284000	0.043780
5.285000	0.043780
5.286000	0.043780
5.287000	0.043780
5.288000	0.038677
5.289000	0.038677
5.290000	0.043780
5.291000	0.043780
5.292000	0.043780
5.293000	0.033584
5.294000	0.038677
5.295000	0.038677
5.296000	0.043780
5.297000	0.033584
5.298000	0.038677
5.299000	0.043780
5.300000	0.043780
5.301000	0.043780
5.302000	0.043780
5.303000	0.033584
5.304000	0.043780
5.305000	0.048873
5.306000	0.048873
5.307000	0.038677
5.308000	0.028491
5.309000	0.038677
5.310000	0.053966
5.311000	0.048873
5.312000	0.038677
5.313000	0.028491
5.314000	0.038677
5.315000	0.043780
5.316000	0.043780
5.317000	0.038677
5.318000	0.033584
5.319000	0.033584
5.320000	0.048873
5.321000	0.033584
5.322000	0.033584
5.323000	0.028491
5.324000	0.038677
5.325000	0.043780
5.326000	0.043780
5.327000	0.033584
5.328000	0.038677
5.329000	0.043780
5.330000	0.038677
5.331000	0.038677
5.332000	0.043780
5.333000	0.043780
5.334000	0.043780
5.335000	0.033584
5.336000	0.038677
5.337000	0.033584
5.338000	0.038677
5.339000	0.043780
5.340000	0.043780
5.341000	0.038677
5.342000	0.033584
5.343000	0.043780
5.344000	0.043780
5.345000	0.038677
5.346000	0.033584
5.347000	0.033584
5.348000	0.048873
5.349000	0.048873
5.350000	0.038677
5.351000	0.038677
5.352000	0.033584
5.353000	0.043780
5.354000	0.043780
5.355000	0.043780
5.356000	0.038677
5.357000	0.038677
5.358000	0.043780
5.359000	0.043780
5.360000	0.038677
5.361000	0.038677
5.362000	0.043780
5.363000	0.038677
5.364000	0.028491
5.365000	0.038677
5.366000	0.038677
5.367000	0.038677
5.368000	0.048873
5.369000	0.043780
5.370000	0.033584
5.371000	0.038677
5.372000	0.048873
5.373000	0.043780
5.374000	0.038677
5.375000	0.028491
5.376000	0.033584
5.377000	0.038677
5.378000	0.043780
5.379000	0.038677
5.380000	0.043780
5.381000	0.038677
5.382000	0.048873
5.383000	0.043780
5.384000	0.038677
5.385000	0.043780
5.386000	0.038677
5.387000	0.043780
5.388000	0.038677
5.389000	0.038677
5.390000	0.038677
5.391000	0.043780
5.392000	0.038677
5.393000	0.033584
5.394000	0.038677
5.395000	0.033584
5.396000	0.038677
5.397000	0.033584
5.398000	0.033584
5.399000	0.043780
5.400000	0.038677
5.401000	0.038677
5.402000	0.043780
5.403000	0.033584
5.404000	0.043780
5.405000	0.048873
5.406000	0.038677
5.407000	0.028491
5.408000	0.033584
5.409000	0.038677
5.410000	0.048873
5.411000	0.048873
5.412000	0.038677
5.413000	0.038677
5.414000	0.038677
5.415000	0.048873
5.416000	0.053966
5.417000	0.038677
5.418000	0.043780
5.419000	0.038677
5.420000	0.048873
5.421000	0.043780
5.422000	0.043780
5.423000	0.043780
5.424000	0.048873
5.425000	0.038677
5.426000	0.043780
5.427000	0.043780
5.428000	0.038677
5.429000	0.038677
5.430000	0.033584
5.431000	0.028491
5.432000	0.033584
5.433000	0.048873
5.434000	0.043780
5.435000	0.043780
5.436000	0.033584
5.437000	0.033584
5.438000	0.033584
5.439000	0.043780
5.440000	0.033584
5.441000	0.033584
5.442000	0.043780
5.443000	0.043780
5.444000	0.043780
5.445000	0.038677
5.446000	0.048873
5.447000	0.038677
5.448000	0.048873
5.449000	0.043780
5.450000	0.033584
5.451000	0.038677
5.452000	0.048873
5.453000	0.048873
5.454000	0.053966
5.455000	0.038677
5.456000	0.028491
5.457000	0.038677
5.458000	0.043780
5.459000	0.038677
5.460000	0.033584
5.461000	0.038677
5.462000	0.038677
5.463000	0.043780
5.464000	0.028491
5.465000	0.038677
5.466000	0.043780
5.467000	0.043780
5.468000	0.038677
5.469000	0.038677
5.470000	0.033584
5.471000	0.048873
5.472000	0.043780
5.473000	0.043780
5.474000	0.033584
5.475000	0.038677
5.476000	0.043780
5.477000	0.043780
5.478000	0.038677
5.479000	0.038677
5.480000	0.043780
5.481000	0.048873
5.482000	0.043780
5.483000	0.043780
5.484000	0.038677
5.485000	0.043780
5.486000	0.048873
5.487000	0.038677
5.488000	0.048873
5.489000	0.038677
5.490000	0.043780
5.491000	0.043780
5.492000	0.038677
5.493000	0.028491
5.494000	0.038677
5.495000	0.043780
5.496000	0.038677
5.497000	0.038677
5.498000	0.038677
5.499000	0.043780
5.500000	0.038677
