-0.500000	-17.700701
-0.499000	-18.214800
-0.498000	-17.185600
-0.497000	-18.214800
-0.496000	-17.700701
-0.495000	-17.700701
-0.494000	-17.185600
-0.493000	-16.671499
-0.492000	-17.185600
-0.491000	-18.214800
-0.490000	-17.700701
-0.489000	-17.700701
-0.488000	-17.185600
-0.487000	-17.700701
-0.486000	-17.185600
-0.485000	-17.185600
-0.484000	-17.700701
-0.483000	-17.185600
-0.482000	-17.700701
-0.481000	-17.700701
-0.480000	-17.185600
-0.479000	-17.185600
-0.478000	-18.214800
-0.477000	-17.700701
-0.476000	-16.671499
-0.475000	-17.700701
-0.474000	-17.700701
-0.473000	-17.185600
-0.472000	-17.700701
-0.471000	-17.185600
-0.470000	-17.700701
-0.469000	-16.671499
-0.468000	-17.700701
-0.467000	-17.700701
-0.466000	-17.185600
-0.465000	-17.700701
-0.464000	-17.185600
-0.463000	-17.700701
-0.462000	-17.185600
-0.461000	-17.185600
-0.460000	-17.700701
-0.459000	-17.700701
-0.458000	-17.700701
-0.457000	-17.700701
-0.456000	-17.700701
-0.455000	-17.700701
-0.454000	-17.185600
-0.453000	-17.185600
-0.452000	-17.185600
-0.451000	-17.185600
-0.450000	-17.185600
-0.449000	-17.700701
-0.448000	-17.700701
-0.447000	-17.700701
-0.446000	-17.700701
-0.445000	-17.700701
-0.444000	-17.700701
-0.443000	-17.700701
-0.442000	-17.700701
-0.441000	-17.185600
-0.440000	-17.700701
-0.439000	-17.185600
-0.438000	-17.700701
-0.437000	-17.185600
-0.436000	-17.185600
-0.435000	-16.671499
-0.434000	-16.671499
-0.433000	-17.185600
-0.432000	-17.700701
-0.431000	-17.700701
-0.430000	-16.671499
-0.429000	-17.185600
-0.428000	-16.671499
-0.427000	-17.700701
-0.426000	-17.185600
-0.425000	-17.700701
-0.424000	-17.700701
-0.423000	-17.700701
-0.422000	-16.671499
-0.421000	-16.671499
-0.420000	-17.185600
-0.419000	-17.700701
-0.418000	-17.700701
-0.417000	-17.700701
-0.416000	-17.185600
-0.415000	-17.185600
-0.414000	-17.700701
-0.413000	-17.700701
-0.412000	-17.185600
-0.411000	-17.185600
-0.410000	-17.700701
-0.409000	-17.700701
-0.408000	-17.700701
-0.407000	-17.700701
-0.406000	-17.700701
-0.405000	-17.700701
-0.404000	-17.700701
-0.403000	-16.671499
-0.402000	-17.185600
-0.401000	-17.700701
-0.400000	-16.671499
-0.399000	-17.700701
-0.398000	-17.700701
-0.397000	-18.214800
-0.396000	-18.214800
-0.395000	-17.700701
-0.394000	-17.700701
-0.393000	-16.671499
-0.392000	-16.671499
-0.391000	-18.214800
-0.390000	-18.214800
-0.389000	-17.185600
-0.388000	-16.671499
-0.387000	-17.700701
-0.386000	-17.185600
-0.385000	-17.700701
-0.384000	-16.671499
-0.383000	-17.185600
-0.382000	-17.700701
-0.381000	-16.671499
-0.380000	-17.700701
-0.379000	-17.700701
-0.378000	-17.700701
-0.377000	-17.700701
-0.376000	-18.214800
-0.375000	-17.185600
-0.374000	-17.700701
-0.373000	-17.185600
-0.372000	-17.185600
-0.371000	-17.185600
-0.370000	-16.671499
-0.369000	-17.700701
-0.368000	-17.700701
-0.367000	-17.700701
-0.366000	-16.671499
-0.365000	-17.185600
-0.364000	-17.700701
-0.363000	-17.700701
-0.362000	-16.671499
-0.361000	-17.700701
-0.360000	-17.185600
-0.359000	-17.700701
-0.358000	-17.700701
-0.357000	-17.185600
-0.356000	-17.185600
-0.355000	-17.700701
-0.354000	-17.185600
-0.353000	-17.700701
-0.352000	-17.700701
-0.351000	-16.671499
-0.350000	-17.700701
-0.349000	-16.671499
-0.348000	-17.700701
-0.347000	-17.185600
-0.346000	-17.700701
-0.345000	-17.185600
-0.344000	-17.700701
-0.343000	-17.700701
-0.342000	-17.700701
-0.341000	-16.671499
-0.340000	-18.214800
-0.339000	-17.700701
-0.338000	-16.671499
-0.337000	-16.671499
-0.336000	-17.700701
-0.335000	-17.185600
-0.334000	-17.700701
-0.333000	-16.671499
-0.332000	-17.700701
-0.331000	-17.700701
-0.330000	-17.700701
-0.329000	-17.700701
-0.328000	-17.700701
-0.327000	-17.700701
-0.326000	-16.671499
-0.325000	-17.700701
-0.324000	-17.700701
-0.323000	-17.185600
-0.322000	-17.185600
-0.321000	-17.185600
-0.320000	-16.671499
-0.319000	-17.700701
-0.318000	-17.700701
-0.317000	-17.185600
-0.316000	-17.185600
-0.315000	-17.185600
-0.314000	-17.700701
-0.313000	-17.185600
-0.312000	-16.671499
-0.311000	-18.214800
-0.310000	-17.700701
-0.309000	-17.700701
-0.308000	-17.700701
-0.307000	-17.700701
-0.306000	-17.185600
-0.305000	-16.671499
-0.304000	-17.185600
-0.303000	-16.671499
-0.302000	-17.700701
-0.301000	-17.185600
-0.300000	-17.700701
-0.299000	-16.671499
-0.298000	-17.700701
-0.297000	-17.185600
-0.296000	-17.700701
-0.295000	-17.700701
-0.294000	-17.700701
-0.293000	-17.700701
-0.292000	-17.700701
-0.291000	-17.700701
-0.290000	-17.185600
-0.289000	-17.185600
-0.288000	-17.700701
-0.287000	-16.671499
-0.286000	-17.700701
-0.285000	-17.700701
-0.284000	-17.700701
-0.283000	-17.185600
-0.282000	-17.700701
-0.281000	-17.185600
-0.280000	-16.671499
-0.279000	-17.700701
-0.278000	-17.700701
-0.277000	-16.671499
-0.276000	-17.185600
-0.275000	-17.700701
-0.274000	-17.700701
-0.273000	-17.700701
-0.272000	-16.671499
-0.271000	-17.185600
-0.270000	-17.185600
-0.269000	-17.185600
-0.268000	-17.700701
-0.267000	-17.185600
-0.266000	-17.700701
-0.265000	-17.185600
-0.264000	-17.700701
-0.263000	-17.700701
-0.262000	-17.700701
-0.261000	-17.700701
-0.260000	-17.700701
-0.259000	-16.671499
-0.258000	-17.700701
-0.257000	-17.185600
-0.256000	-17.700701
-0.255000	-17.185600
-0.254000	-16.671499
-0.253000	-17.185600
-0.252000	-17.700701
-0.251000	-17.700701
-0.250000	-16.671499
-0.249000	-17.700701
-0.248000	-17.700701
-0.247000	-17.700701
-0.246000	-17.700701
-0.245000	-17.700701
-0.244000	-17.185600
-0.243000	-17.185600
-0.242000	-17.700701
-0.241000	-17.700701
-0.240000	-17.185600
-0.239000	-16.671499
-0.238000	-17.700701
-0.237000	-17.185600
-0.236000	-17.185600
-0.235000	-17.700701
-0.234000	-17.700701
-0.233000	-17.700701
-0.232000	-16.671499
-0.231000	-17.700701
-0.230000	-17.185600
-0.229000	-17.700701
-0.228000	-17.185600
-0.227000	-17.700701
-0.226000	-17.185600
-0.225000	-17.185600
-0.224000	-17.700701
-0.223000	-16.671499
-0.222000	-17.185600
-0.221000	-17.700701
-0.220000	-16.671499
-0.219000	-16.671499
-0.218000	-17.700701
-0.217000	-17.185600
-0.216000	-17.185600
-0.215000	-16.671499
-0.214000	-17.700701
-0.213000	-17.700701
-0.212000	-17.700701
-0.211000	-17.700701
-0.210000	-16.671499
-0.209000	-16.671499
-0.208000	-17.700701
-0.207000	-17.185600
-0.206000	-18.214800
-0.205000	-17.700701
-0.204000	-17.700701
-0.203000	-17.700701
-0.202000	-17.185600
-0.201000	-16.157400
-0.200000	-16.671499
-0.199000	-17.185600
-0.198000	-17.185600
-0.197000	-17.700701
-0.196000	-17.700701
-0.195000	-16.671499
-0.194000	-17.700701
-0.193000	-17.700701
-0.192000	-17.700701
-0.191000	-17.700701
-0.190000	-17.700701
-0.189000	-17.185600
-0.188000	-16.671499
-0.187000	-17.185600
-0.186000	-17.700701
-0.185000	-17.185600
-0.184000	-16.671499
-0.183000	-17.700701
-0.182000	-16.157400
-0.181000	-17.185600
-0.180000	-18.214800
-0.179000	-17.700701
-0.178000	-17.700701
-0.177000	-17.700701
-0.176000	-17.700701
-0.175000	-17.185600
-0.174000	-17.700701
-0.173000	-17.185600
-0.172000	-17.700701
-0.171000	-17.700701
-0.170000	-16.671499
-0.169000	-17.185600
-0.168000	-16.671499
-0.167000	-16.671499
-0.166000	-17.185600
-0.165000	-16.671499
-0.164000	-17.700701
-0.163000	-17.185600
-0.162000	-17.700701
-0.161000	-17.185600
-0.160000	-16.671499
-0.159000	-16.671499
-0.158000	-17.700701
-0.157000	-17.700701
-0.156000	-17.185600
-0.155000	-17.700701
-0.154000	-18.214800
-0.153000	-17.185600
-0.152000	-16.671499
-0.151000	-17.185600
-0.150000	-16.671499
-0.149000	-17.700701
-0.148000	-17.700701
-0.147000	-18.214800
-0.146000	-18.214800
-0.145000	-17.700701
-0.144000	-17.185600
-0.143000	-17.700701
-0.142000	-17.700701
-0.141000	-17.700701
-0.140000	-17.700701
-0.139000	-17.185600
-0.138000	-17.185600
-0.137000	-17.700701
-0.136000	-17.185600
-0.135000	-17.700701
-0.134000	-17.185600
-0.133000	-17.700701
-0.132000	-16.671499
-0.131000	-17.700701
-0.130000	-17.700701
-0.129000	-17.700701
-0.128000	-17.185600
-0.127000	-17.700701
-0.126000	-17.700701
-0.125000	-17.185600
-0.124000	-17.185600
-0.123000	-17.185600
-0.122000	-17.700701
-0.121000	-17.700701
-0.120000	-17.185600
-0.119000	-16.671499
-0.118000	-17.185600
-0.117000	-17.185600
-0.116000	-17.700701
-0.115000	-17.700701
-0.114000	-18.214800
-0.113000	-17.700701
-0.112000	-17.700701
-0.111000	-17.185600
-0.110000	-17.700701
-0.109000	-18.214800
-0.108000	-17.700701
-0.107000	-18.214800
-0.106000	-17.700701
-0.105000	-17.700701
-0.104000	-17.700701
-0.103000	-17.185600
-0.102000	-16.671499
-0.101000	-18.214800
-0.100000	-17.700701
-0.099000	-17.700701
-0.098000	-17.700701
-0.097000	-17.185600
-0.096000	-17.700701
-0.095000	-17.700701
-0.094000	-17.700701
-0.093000	-18.214800
-0.092000	-17.700701
-0.091000	-17.700701
-0.090000	-17.185600
-0.089000	-16.671499
-0.088000	-17.185600
-0.087000	-17.700701
-0.086000	-17.700701
-0.085000	-16.671499
-0.084000	-16.671499
-0.083000	-16.671499
-0.082000	-17.700701
-0.081000	-17.700701
-0.080000	-17.700701
-0.079000	-17.700701
-0.078000	-17.700701
-0.077000	-17.185600
-0.076000	-17.185600
-0.075000	-17.700701
-0.074000	-17.185600
-0.073000	-17.700701
-0.072000	-16.671499
-0.071000	-17.700701
-0.070000	-17.185600
-0.069000	-17.700701
-0.068000	-16.671499
-0.067000	-17.700701
-0.066000	-17.185600
-0.065000	-16.671499
-0.064000	-17.700701
-0.063000	-17.185600
-0.062000	-16.671499
-0.061000	-18.214800
-0.060000	-17.700701
-0.059000	-17.700701
-0.058000	-17.700701
-0.057000	-17.700701
-0.056000	-17.700701
-0.055000	-16.671499
-0.054000	-17.700701
-0.053000	-17.185600
-0.052000	-17.185600
-0.051000	-17.185600
-0.050000	-16.671499
-0.049000	-17.185600
-0.048000	-16.671499
-0.047000	-17.700701
-0.046000	-17.185600
-0.045000	-16.671499
-0.044000	-17.185600
-0.043000	-17.700701
-0.042000	-17.700701
-0.041000	-16.671499
-0.040000	-16.671499
-0.039000	-16.671499
-0.038000	-16.671499
-0.037000	-17.700701
-0.036000	-17.185600
-0.035000	-16.671499
-0.034000	-17.700701
-0.033000	-17.185600
-0.032000	-17.185600
-0.031000	-16.671499
-0.030000	-17.185600
-0.029000	-17.185600
-0.028000	-17.700701
-0.027000	-17.185600
-0.026000	-16.671499
-0.025000	-17.700701
-0.024000	-18.214800
-0.023000	-17.700701
-0.022000	-17.700701
-0.021000	-18.728901
-0.020000	-20.272301
-0.019000	-19.758200
-0.018000	-19.243000
-0.017000	-20.786400
-0.016000	-20.786400
-0.015000	-22.329800
-0.014000	-23.358999
-0.013000	-23.358999
-0.012000	-23.358999
-0.011000	-23.873100
-0.010000	-24.902399
-0.009000	-25.416500
-0.008000	-25.416500
-0.007000	-25.930599
-0.006000	-25.930599
-0.005000	-26.444700
-0.004000	-26.444700
-0.003000	-26.959900
-0.002000	-27.474001
-0.001000	-28.502199
0.000000	-28.502199
0.001000	-28.502199
0.002000	-29.531401
0.003000	-30.560699
0.004000	-31.074800
0.005000	-32.103001
0.006000	-33.132301
0.007000	-33.646400
0.008000	-34.161499
0.009000	-34.675598
0.010000	-35.703800
0.011000	-37.247200
0.012000	-36.733101
0.013000	-35.703800
0.014000	-34.161499
0.015000	-33.132301
0.016000	-26.959900
0.017000	-22.843901
0.018000	-30.560699
0.019000	-39.304699
0.020000	-36.733101
0.021000	-33.646400
0.022000	-39.819801
0.023000	-42.391399
0.024000	-41.363201
0.025000	-40.848000
0.026000	-41.363201
0.027000	-38.790600
0.028000	-34.161499
0.029000	-33.646400
0.030000	-37.247200
0.031000	-39.819801
0.032000	-39.819801
0.033000	-38.276501
0.034000	-38.276501
0.035000	-37.762299
0.036000	-37.247200
0.037000	-36.219002
0.038000	-35.189701
0.039000	-34.675598
0.040000	-32.103001
0.041000	-32.103001
0.042000	-32.103001
0.043000	-33.132301
0.044000	-34.675598
0.045000	-36.733101
0.046000	-37.762299
0.047000	-39.304699
0.048000	-38.790600
0.049000	-36.219002
0.050000	-35.703800
0.051000	-35.189701
0.052000	-36.219002
0.053000	-37.247200
0.054000	-38.790600
0.055000	-39.304699
0.056000	-38.790600
0.057000	-39.304699
0.058000	-37.762299
0.059000	-37.762299
0.060000	-35.703800
0.061000	-33.646400
0.062000	-33.132301
0.063000	-34.161499
0.064000	-33.132301
0.065000	-34.161499
0.066000	-35.189701
0.067000	-37.762299
0.068000	-31.074800
0.069000	-36.733101
0.070000	-34.675598
0.071000	-31.588900
0.072000	-31.074800
0.073000	-35.703800
0.074000	-35.189701
0.075000	-35.189701
0.076000	-36.733101
0.077000	-38.276501
0.078000	-36.733101
0.079000	-36.733101
0.080000	-37.247200
0.081000	-36.219002
0.082000	-34.675598
0.083000	-34.161499
0.084000	-33.646400
0.085000	-32.618198
0.086000	-32.103001
0.087000	-33.646400
0.088000	-33.646400
0.089000	-33.132301
0.090000	-35.189701
0.091000	-34.161499
0.092000	-33.132301
0.093000	-30.045500
0.094000	-31.588900
0.095000	-28.502199
0.096000	-32.103001
0.097000	-31.074800
0.098000	-31.588900
0.099000	-134.468994
0.100000	29.110001
0.101000	15.220800
0.102000	-93.317101
0.103000	-6.898250
0.104000	-4.325630
0.105000	-27.474001
0.106000	-35.189701
0.107000	-16.671499
0.108000	-52.679798
0.109000	-37.247200
0.110000	-26.444700
0.111000	-34.161499
0.112000	-41.877300
0.113000	-25.416500
0.114000	-28.502199
0.115000	-37.762299
0.116000	-20.786400
0.117000	-16.671499
0.118000	-20.786400
0.119000	-73.769600
0.120000	8.020220
0.121000	-12.041400
0.122000	-73.769600
0.123000	-15.642200
0.124000	-6.383100
0.125000	-25.930599
0.126000	-26.444700
0.127000	-11.527300
0.128000	-20.786400
0.129000	-31.588900
0.130000	-29.531401
0.131000	-26.959900
0.132000	-29.531401
0.133000	-32.103001
0.134000	-30.045500
0.135000	-29.017300
0.136000	-29.017300
0.137000	-23.358999
0.138000	-21.815701
0.139000	-45.478100
0.140000	-15.642200
0.141000	-19.243000
0.142000	-41.877300
0.143000	-33.132301
0.144000	-9.983920
0.145000	-27.988100
0.146000	-23.873100
0.147000	-9.983920
0.148000	-14.099900
0.149000	-21.301600
0.150000	-20.786400
0.151000	-24.387199
0.152000	-27.988100
0.153000	-30.045500
0.154000	-27.988100
0.155000	-27.988100
0.156000	-21.301600
0.157000	-18.214800
0.158000	-18.214800
0.159000	-19.758200
0.160000	-17.700701
0.161000	-20.786400
0.162000	-24.902399
0.163000	-25.930599
0.164000	-23.873100
0.165000	-25.416500
0.166000	-23.873100
0.167000	-22.329800
0.168000	-18.214800
0.169000	-19.758200
0.170000	-19.758200
0.171000	-15.128100
0.172000	-17.700701
0.173000	-21.301600
0.174000	-21.301600
0.175000	-22.843901
0.176000	-22.843901
0.177000	-21.301600
0.178000	-21.301600
0.179000	-19.758200
0.180000	-18.728901
0.181000	-17.700701
0.182000	-19.243000
0.183000	-19.243000
0.184000	-19.758200
0.185000	-19.758200
0.186000	-18.728901
0.187000	-16.157400
0.188000	-16.157400
0.189000	-17.700701
0.190000	-18.728901
0.191000	-17.700701
0.192000	-19.758200
0.193000	-20.786400
0.194000	-18.214800
0.195000	-20.272301
0.196000	-20.786400
0.197000	-20.272301
0.198000	-19.243000
0.199000	-19.243000
0.200000	-19.758200
0.201000	-19.758200
0.202000	-19.758200
0.203000	-20.272301
0.204000	-22.329800
0.205000	-21.301600
0.206000	-22.329800
0.207000	-19.758200
0.208000	-18.728901
0.209000	-16.157400
0.210000	-16.671499
0.211000	-18.728901
0.212000	-18.214800
0.213000	-19.758200
0.214000	-20.272301
0.215000	-21.301600
0.216000	-18.214800
0.217000	-20.786400
0.218000	-20.786400
0.219000	-16.157400
0.220000	-22.843901
0.221000	-19.758200
0.222000	-17.185600
0.223000	-18.728901
0.224000	-19.758200
0.225000	-19.758200
0.226000	-21.815701
0.227000	-21.301600
0.228000	-20.786400
0.229000	9.562530
0.230000	-37.247200
0.231000	-22.843901
0.232000	-3.297420
0.233000	-19.243000
0.234000	-23.358999
0.235000	-13.070700
0.236000	-24.387199
0.237000	-15.128100
0.238000	-22.843901
0.239000	-15.642200
0.240000	-27.988100
0.241000	-14.099900
0.242000	-25.930599
0.243000	-16.671499
0.244000	-22.843901
0.245000	-19.243000
0.246000	-19.758200
0.247000	-17.700701
0.248000	-19.758200
0.249000	-23.358999
0.250000	-18.728901
0.251000	-32.103001
0.252000	-6.383100
0.253000	-12.556500
0.254000	-11.527300
0.255000	-11.527300
0.256000	-9.469820
0.257000	-22.329800
0.258000	-12.556500
0.259000	-23.873100
0.260000	-12.041400
0.261000	-18.214800
0.262000	-18.728901
0.263000	-24.902399
0.264000	-14.614000
0.265000	-15.642200
0.266000	-16.157400
0.267000	-23.358999
0.268000	-20.272301
0.269000	38.369202
0.270000	-42.905499
0.271000	6.990960
0.272000	-25.416500
0.273000	-20.786400
0.274000	-54.737202
0.275000	3.390130
0.276000	-14.099900
0.277000	-3.297420
0.278000	-15.128100
0.279000	2.876030
0.280000	-12.041400
0.281000	-27.474001
0.282000	-22.843901
0.283000	-21.815701
0.284000	-16.671499
0.285000	-12.556500
0.286000	-16.157400
0.287000	-18.214800
0.288000	-24.387199
0.289000	-1.754060
0.290000	-5.868990
0.291000	-4.325630
0.292000	-6.898250
0.293000	-1.754060
0.294000	-6.383100
0.295000	1.332660
0.296000	-7.926460
0.297000	-8.441620
0.298000	-14.099900
0.299000	-5.354890
0.300000	-4.325630
0.301000	-0.210698
0.302000	-4.840790
0.303000	0.818562
0.304000	-4.840790
0.305000	-9.983920
0.306000	-13.584800
0.307000	-1.239960
0.308000	-4.325630
0.309000	-2.268160
0.310000	-6.383100
0.311000	-1.754060
0.312000	3.904230
0.313000	2.360870
0.314000	-7.412360
0.315000	-4.325630
0.316000	-7.412360
0.317000	-6.898250
0.318000	-8.955720
0.319000	-1.754060
0.320000	-1.754060
0.321000	4.933490
0.322000	3.390130
0.323000	8.534320
0.324000	-1.239960
0.325000	4.419390
0.326000	2.360870
0.327000	5.961700
0.328000	-0.724801
0.329000	9.562530
0.330000	5.961700
0.331000	9.562530
0.332000	3.904230
0.333000	9.048430
0.334000	5.447600
0.335000	8.020220
0.336000	8.534320
0.337000	9.562530
0.338000	8.020220
0.339000	5.447600
0.340000	8.534320
0.341000	11.105900
0.342000	11.620000
0.343000	12.135200
0.344000	14.192600
0.345000	10.077700
0.346000	11.105900
0.347000	12.135200
0.348000	10.591800
0.349000	7.505060
0.350000	11.105900
0.351000	9.048430
0.352000	11.105900
0.353000	9.048430
0.354000	12.135200
0.355000	10.077700
0.356000	9.048430
0.357000	9.048430
0.358000	7.505060
0.359000	5.961700
0.360000	4.419390
0.361000	7.505060
0.362000	6.476860
0.363000	5.447600
0.364000	5.961700
0.365000	2.360870
0.366000	2.360870
0.367000	2.360870
0.368000	2.876030
0.369000	-0.210698
0.370000	0.818562
0.371000	1.332660
0.372000	3.390130
0.373000	4.419390
0.374000	3.390130
0.375000	1.846770
0.376000	-0.210698
0.377000	0.303405
0.378000	-1.754060
0.379000	-2.268160
0.380000	-3.811530
0.381000	-1.754060
0.382000	-3.297420
0.383000	0.303405
0.384000	1.332660
0.385000	1.846770
0.386000	2.360870
0.387000	2.360870
0.388000	0.818562
0.389000	0.303405
0.390000	1.846770
0.391000	2.360870
0.392000	-1.754060
0.393000	-2.268160
0.394000	1.846770
0.395000	11.105900
0.396000	22.422501
0.397000	22.937599
0.398000	31.167500
0.399000	26.023300
0.400000	13.678500
0.401000	9.048430
0.402000	18.307501
0.403000	17.279301
0.404000	21.394300
0.405000	19.850901
0.406000	22.422501
0.407000	24.995100
0.408000	33.740101
0.409000	31.681601
0.410000	28.595900
0.411000	30.139299
0.412000	33.224998
0.413000	24.995100
0.414000	22.937599
0.415000	23.451700
0.416000	24.481001
0.417000	23.965799
0.418000	29.110001
0.419000	24.995100
0.420000	29.110001
0.421000	31.681601
0.422000	33.224998
0.423000	32.196800
0.424000	28.080799
0.425000	32.196800
0.426000	44.027500
0.427000	52.772499
0.428000	54.315800
0.429000	50.715000
0.430000	45.570801
0.431000	42.999199
0.432000	33.224998
0.433000	33.224998
0.434000	27.052601
0.435000	33.740101
0.436000	34.768299
0.437000	39.398399
0.438000	39.398399
0.439000	47.114201
0.440000	45.570801
0.441000	49.685699
0.442000	48.657501
0.443000	49.171600
0.444000	42.484100
0.445000	44.027500
0.446000	38.369202
0.447000	49.171600
0.448000	45.570801
0.449000	53.286598
0.450000	55.344002
0.451000	60.488201
0.452000	61.517502
0.453000	54.315800
0.454000	53.286598
0.455000	41.455898
0.456000	46.084900
0.457000	46.084900
0.458000	49.171600
0.459000	43.513401
0.460000	51.743198
0.461000	53.801701
0.462000	56.887402
0.463000	59.974098
0.464000	59.974098
0.465000	57.916698
0.466000	59.974098
0.467000	62.031601
0.468000	62.545700
0.469000	52.258400
0.470000	96.496498
0.471000	46.600101
0.472000	68.719200
0.473000	45.056702
0.474000	36.825802
0.475000	45.570801
0.476000	63.060902
0.477000	62.031601
0.478000	38.883301
0.479000	86.723297
0.480000	59.974098
0.481000	97.524696
0.482000	60.488201
0.483000	94.953201
0.484000	66.146500
0.485000	98.554001
0.486000	85.179901
0.487000	73.863297
0.488000	73.863297
0.489000	71.804802
0.490000	70.776604
0.491000	68.719200
0.492000	71.804802
0.493000	67.175797
0.494000	65.632401
0.495000	75.920799
0.496000	68.719200
0.497000	72.834099
0.498000	74.891602
0.499000	79.521599
0.500000	76.948997
0.501000	81.579102
0.502000	79.006500
0.503000	81.579102
0.504000	76.948997
0.505000	89.808998
0.506000	82.607300
0.507000	81.063904
0.508000	86.723297
0.509000	89.808998
0.510000	89.294899
0.511000	92.381599
0.512000	84.150703
0.513000	81.063904
0.514000	79.006500
0.515000	87.751503
0.516000	78.492401
0.517000	85.694000
0.518000	79.521599
0.519000	83.636597
0.520000	80.035698
0.521000	96.496498
0.522000	86.723297
0.523000	95.467300
0.524000	89.294899
0.525000	99.583199
0.526000	97.010597
0.527000	99.068100
0.528000	91.866402
0.529000	93.923897
0.530000	90.838203
0.531000	97.524696
0.532000	95.467300
0.533000	97.010597
0.534000	98.554001
0.535000	100.097000
0.536000	104.211998
0.537000	106.269997
0.538000	100.611000
0.539000	97.524696
0.540000	95.982399
0.541000	96.496498
0.542000	92.895699
0.543000	93.923897
0.544000	87.237396
0.545000	89.808998
0.546000	89.294899
0.547000	98.554001
0.548000	91.866402
0.549000	100.611000
0.550000	93.923897
0.551000	98.554001
0.552000	96.496498
0.553000	98.554001
0.554000	95.982399
0.555000	95.467300
0.556000	88.265602
0.557000	90.838203
0.558000	90.838203
0.559000	92.895699
0.560000	88.780800
0.561000	92.381599
0.562000	90.324097
0.563000	97.010597
0.564000	95.467300
0.565000	102.154999
0.566000	99.068100
0.567000	103.183998
0.568000	103.183998
0.569000	98.039902
0.570000	94.439102
0.571000	97.010597
0.572000	93.923897
0.573000	96.496498
0.574000	95.982399
0.575000	92.381599
0.576000	91.352303
0.577000	93.923897
0.578000	92.381599
0.579000	92.381599
0.580000	94.439102
0.581000	94.439102
0.582000	94.953201
0.583000	94.953201
0.584000	98.554001
0.585000	97.010597
0.586000	96.496498
0.587000	94.439102
0.588000	99.583199
0.589000	98.554001
0.590000	102.154999
0.591000	102.154999
0.592000	104.211998
0.593000	104.211998
0.594000	103.183998
0.595000	98.039902
0.596000	102.668999
0.597000	99.583199
0.598000	101.640999
0.599000	99.583199
0.600000	102.668999
0.601000	94.439102
0.602000	99.583199
0.603000	94.439102
0.604000	97.524696
0.605000	97.010597
0.606000	101.125999
0.607000	100.611000
0.608000	102.154999
0.609000	105.241997
0.610000	105.755997
0.611000	107.299004
0.612000	108.327003
0.613000	102.668999
0.614000	104.725998
0.615000	100.097000
0.616000	104.211998
0.617000	97.524696
0.618000	105.241997
0.619000	98.554001
0.620000	103.183998
0.621000	100.611000
0.622000	105.755997
0.623000	102.154999
0.624000	104.211998
0.625000	100.611000
0.626000	102.668999
0.627000	102.668999
0.628000	102.154999
0.629000	105.241997
0.630000	105.755997
0.631000	106.785004
0.632000	107.813004
0.633000	107.299004
0.634000	107.813004
0.635000	111.414001
0.636000	103.183998
0.637000	109.871002
0.638000	104.725998
0.639000	107.299004
0.640000	106.785004
0.641000	108.327003
0.642000	105.755997
0.643000	107.813004
0.644000	109.871002
0.645000	110.385002
0.646000	111.928001
0.647000	112.957001
0.648000	115.528999
0.649000	113.986000
0.650000	117.585999
0.651000	115.014999
0.652000	118.100998
0.653000	118.100998
0.654000	120.672997
0.655000	118.615997
0.656000	122.731003
0.657000	119.644997
0.658000	120.672997
0.659000	120.158997
0.660000	121.702003
0.661000	122.731003
0.662000	125.303001
0.663000	125.817001
0.664000	127.875000
0.665000	128.389008
0.666000	129.932007
0.667000	131.475998
0.668000	131.990005
0.669000	132.505005
0.670000	134.561996
0.671000	136.619995
0.672000	136.619995
0.673000	137.134003
0.674000	136.619995
0.675000	138.162994
0.676000	137.647995
0.677000	139.190994
0.678000	138.162994
0.679000	137.647995
0.680000	139.705994
0.681000	139.705994
0.682000	141.764008
0.683000	141.248993
0.684000	140.735001
0.685000	137.647995
0.686000	137.647995
0.687000	137.647995
0.688000	137.134003
0.689000	137.647995
0.690000	138.677002
0.691000	137.647995
0.692000	138.677002
0.693000	139.190994
0.694000	136.619995
0.695000	137.647995
0.696000	135.589996
0.697000	135.589996
0.698000	134.561996
0.699000	136.106003
0.700000	136.106003
0.701000	137.647995
0.702000	136.619995
0.703000	136.619995
0.704000	135.589996
0.705000	135.589996
0.706000	134.561996
0.707000	131.990005
0.708000	132.505005
0.709000	133.018997
0.710000	134.046997
0.711000	135.076004
0.712000	134.046997
0.713000	134.561996
0.714000	134.561996
0.715000	134.046997
0.716000	134.046997
0.717000	132.505005
0.718000	131.990005
0.719000	131.990005
0.720000	130.445999
0.721000	130.960999
0.722000	130.445999
0.723000	131.475998
0.724000	133.533005
0.725000	132.505005
0.726000	131.990005
0.727000	133.018997
0.728000	131.475998
0.729000	130.960999
0.730000	130.445999
0.731000	129.417999
0.732000	129.932007
0.733000	130.960999
0.734000	130.960999
0.735000	130.445999
0.736000	128.904007
0.737000	129.932007
0.738000	128.389008
0.739000	127.361000
0.740000	127.361000
0.741000	125.303001
0.742000	124.788002
0.743000	125.303001
0.744000	125.817001
0.745000	127.361000
0.746000	128.389008
0.747000	128.904007
0.748000	128.904007
0.749000	128.904007
0.750000	129.417999
0.751000	129.417999
0.752000	128.389008
0.753000	128.904007
0.754000	127.875000
0.755000	128.904007
0.756000	128.389008
0.757000	127.875000
0.758000	128.389008
0.759000	127.875000
0.760000	126.845001
0.761000	127.361000
0.762000	126.845001
0.763000	127.361000
0.764000	126.331001
0.765000	126.331001
0.766000	127.875000
0.767000	128.389008
0.768000	128.904007
0.769000	128.904007
0.770000	128.389008
0.771000	128.389008
0.772000	128.389008
0.773000	128.389008
0.774000	128.904007
0.775000	129.417999
0.776000	129.417999
0.777000	128.904007
0.778000	129.932007
0.779000	129.417999
0.780000	128.904007
0.781000	129.932007
0.782000	130.445999
0.783000	130.445999
0.784000	130.960999
0.785000	131.475998
0.786000	130.960999
0.787000	132.505005
0.788000	130.445999
0.789000	130.960999
0.790000	130.445999
0.791000	130.960999
0.792000	131.475998
0.793000	131.990005
0.794000	132.505005
0.795000	134.046997
0.796000	135.076004
0.797000	134.561996
0.798000	135.589996
0.799000	134.561996
0.800000	135.076004
0.801000	134.046997
0.802000	134.561996
0.803000	134.561996
0.804000	134.046997
0.805000	134.561996
0.806000	134.561996
0.807000	133.533005
0.808000	134.561996
0.809000	133.533005
0.810000	134.046997
0.811000	135.076004
0.812000	134.561996
0.813000	135.076004
0.814000	133.018997
0.815000	134.046997
0.816000	135.589996
0.817000	137.134003
0.818000	137.647995
0.819000	138.677002
0.820000	138.162994
0.821000	138.162994
0.822000	139.705994
0.823000	138.162994
0.824000	137.647995
0.825000	136.619995
0.826000	137.134003
0.827000	136.619995
0.828000	137.134003
0.829000	137.647995
0.830000	138.162994
0.831000	138.162994
0.832000	139.705994
0.833000	138.162994
0.834000	138.677002
0.835000	138.162994
0.836000	137.647995
0.837000	138.677002
0.838000	138.677002
0.839000	138.677002
0.840000	139.705994
0.841000	140.735001
0.842000	139.190994
0.843000	140.220993
0.844000	138.677002
0.845000	139.190994
0.846000	137.647995
0.847000	138.677002
0.848000	138.677002
0.849000	138.677002
0.850000	140.735001
0.851000	138.677002
0.852000	139.705994
0.853000	140.220993
0.854000	138.677002
0.855000	140.220993
0.856000	140.220993
0.857000	141.764008
0.858000	140.220993
0.859000	142.278000
0.860000	141.764008
0.861000	140.220993
0.862000	142.278000
0.863000	143.306000
0.864000	142.792007
0.865000	144.850006
0.866000	144.335999
0.867000	144.850006
0.868000	144.850006
0.869000	144.850006
0.870000	144.850006
0.871000	146.393005
0.872000	144.850006
0.873000	145.365005
0.874000	144.850006
0.875000	145.878998
0.876000	145.365005
0.877000	146.393005
0.878000	147.421997
0.879000	148.449997
0.880000	148.966003
0.881000	148.966003
0.882000	149.994003
0.883000	150.507996
0.884000	151.022995
0.885000	148.449997
0.886000	151.537003
0.887000	150.507996
0.888000	149.479996
0.889000	149.994003
0.890000	152.565994
0.891000	151.022995
0.892000	151.022995
0.893000	152.565994
0.894000	154.108994
0.895000	151.022995
0.896000	154.623993
0.897000	153.595001
0.898000	149.994003
0.899000	152.565994
0.900000	153.595001
0.901000	153.080994
0.902000	154.108994
0.903000	155.651993
0.904000	153.595001
0.905000	155.651993
0.906000	156.681000
0.907000	152.565994
0.908000	153.595001
0.909000	154.623993
0.910000	155.138000
0.911000	151.537003
0.912000	155.138000
0.913000	153.595001
0.914000	152.565994
0.915000	157.195007
0.916000	154.108994
0.917000	158.225006
0.918000	156.167007
0.919000	160.796005
0.920000	155.138000
0.921000	158.738998
0.922000	155.651993
0.923000	156.167007
0.924000	154.623993
0.925000	156.167007
0.926000	154.108994
0.927000	155.651993
0.928000	159.253006
0.929000	156.167007
0.930000	160.796005
0.931000	156.681000
0.932000	159.253006
0.933000	155.651993
0.934000	159.766998
0.935000	152.565994
0.936000	158.738998
0.937000	156.681000
0.938000	161.309998
0.939000	157.710007
0.940000	162.339996
0.941000	159.253006
0.942000	162.854004
0.943000	158.738998
0.944000	161.309998
0.945000	158.225006
0.946000	157.710007
0.947000	160.281998
0.948000	159.253006
0.949000	159.766998
0.950000	163.367996
0.951000	162.854004
0.952000	164.397003
0.953000	163.882996
0.954000	161.309998
0.955000	162.339996
0.956000	163.882996
0.957000	162.339996
0.958000	164.910995
0.959000	164.397003
0.960000	164.910995
0.961000	164.910995
0.962000	167.998001
0.963000	165.425995
0.964000	168.511993
0.965000	165.425995
0.966000	166.968994
0.967000	167.483994
0.968000	166.968994
0.969000	166.968994
0.970000	170.054993
0.971000	170.570007
0.972000	171.085007
0.973000	173.141998
0.974000	170.570007
0.975000	171.598999
0.976000	170.570007
0.977000	171.085007
0.978000	170.570007
0.979000	172.628006
0.980000	171.085007
0.981000	173.656006
0.982000	173.656006
0.983000	177.257004
0.984000	176.227997
0.985000	174.684998
0.986000	177.257004
0.987000	173.656006
0.988000	174.684998
0.989000	173.141998
0.990000	175.714005
0.991000	172.628006
0.992000	177.770996
0.993000	174.169998
0.994000	178.800003
0.995000	177.770996
0.996000	178.800003
0.997000	176.227997
0.998000	177.257004
0.999000	176.742996
1.000000	176.227997
1.001000	175.199997
1.002000	174.169998
1.003000	175.199997
1.004000	173.656006
1.005000	176.742996
1.006000	176.227997
1.007000	179.828995
1.008000	179.315002
1.009000	182.914993
1.010000	180.858002
1.011000	181.886993
1.012000	180.343994
1.013000	179.315002
1.014000	178.285995
1.015000	178.285995
1.016000	178.800003
1.017000	178.800003
1.018000	180.343994
1.019000	180.343994
1.020000	181.886993
1.021000	180.858002
1.022000	182.914993
1.023000	181.886993
1.024000	181.371994
1.025000	181.371994
1.026000	177.257004
1.027000	178.800003
1.028000	179.315002
1.029000	179.828995
1.030000	181.886993
1.031000	184.973007
1.032000	183.945007
1.033000	187.029999
1.034000	187.029999
1.035000	187.029999
1.036000	183.429001
1.037000	184.459000
1.038000	182.914993
1.039000	181.371994
1.040000	183.945007
1.041000	183.429001
1.042000	183.945007
1.043000	185.488007
1.044000	185.488007
1.045000	184.973007
1.046000	185.488007
1.047000	184.973007
1.048000	184.973007
1.049000	183.945007
1.050000	187.029999
1.051000	186.516006
1.052000	186.516006
1.053000	186.516006
1.054000	186.001999
1.055000	184.973007
1.056000	184.973007
1.057000	183.945007
1.058000	183.429001
1.059000	185.488007
1.060000	185.488007
1.061000	186.516006
1.062000	188.574005
1.063000	189.602997
1.064000	189.089005
1.065000	188.059998
1.066000	187.544998
1.067000	186.001999
1.068000	183.945007
1.069000	181.371994
1.070000	181.371994
1.071000	180.858002
1.072000	182.401001
1.073000	184.973007
1.074000	186.001999
1.075000	187.029999
1.076000	188.059998
1.077000	187.544998
1.078000	186.516006
1.079000	184.973007
1.080000	184.459000
1.081000	184.973007
1.082000	186.001999
1.083000	186.516006
1.084000	187.029999
1.085000	187.544998
1.086000	187.029999
1.087000	187.544998
1.088000	186.001999
1.089000	185.488007
1.090000	185.488007
1.091000	185.488007
1.092000	185.488007
1.093000	187.029999
1.094000	187.029999
1.095000	187.544998
1.096000	188.059998
1.097000	187.544998
1.098000	187.029999
1.099000	187.029999
1.100000	186.001999
1.101000	183.945007
1.102000	183.945007
1.103000	183.429001
1.104000	183.429001
1.105000	182.914993
1.106000	183.945007
1.107000	182.914993
1.108000	182.401001
1.109000	181.371994
1.110000	179.828995
1.111000	178.800003
1.112000	177.770996
1.113000	177.257004
1.114000	176.227997
1.115000	175.714005
1.116000	176.227997
1.117000	177.257004
1.118000	176.742996
1.119000	177.770996
1.120000	178.800003
1.121000	180.858002
1.122000	180.858002
1.123000	181.886993
1.124000	182.401001
1.125000	181.886993
1.126000	182.401001
1.127000	181.886993
1.128000	181.886993
1.129000	181.371994
1.130000	180.343994
1.131000	181.371994
1.132000	179.828995
1.133000	181.371994
1.134000	182.401001
1.135000	182.914993
1.136000	183.429001
1.137000	184.459000
1.138000	183.945007
1.139000	183.429001
1.140000	182.401001
1.141000	182.914993
1.142000	182.401001
1.143000	183.945007
1.144000	184.973007
1.145000	186.001999
1.146000	187.029999
1.147000	186.516006
1.148000	186.001999
1.149000	186.516006
1.150000	186.001999
1.151000	186.001999
1.152000	184.973007
1.153000	186.001999
1.154000	186.001999
1.155000	186.001999
1.156000	187.029999
1.157000	187.544998
1.158000	187.544998
1.159000	186.516006
1.160000	188.059998
1.161000	187.029999
1.162000	188.059998
1.163000	188.574005
1.164000	189.089005
1.165000	190.630997
1.166000	191.660004
1.167000	191.660004
1.168000	191.145996
1.169000	190.630997
1.170000	191.145996
1.171000	190.117004
1.172000	190.630997
1.173000	191.145996
1.174000	190.117004
1.175000	192.173996
1.176000	192.173996
1.177000	193.203995
1.178000	192.173996
1.179000	193.718002
1.180000	192.688995
1.181000	192.688995
1.182000	192.173996
1.183000	192.688995
1.184000	191.660004
1.185000	193.203995
1.186000	192.173996
1.187000	193.203995
1.188000	193.203995
1.189000	194.231995
1.190000	195.261002
1.191000	193.718002
1.192000	193.718002
1.193000	191.660004
1.194000	191.145996
1.195000	192.173996
1.196000	191.660004
1.197000	192.688995
1.198000	192.688995
1.199000	193.718002
1.200000	193.718002
1.201000	195.261002
1.202000	193.718002
1.203000	192.173996
1.204000	192.688995
1.205000	190.630997
1.206000	191.660004
1.207000	191.660004
1.208000	192.173996
1.209000	191.145996
1.210000	192.688995
1.211000	192.688995
1.212000	193.718002
1.213000	193.718002
1.214000	194.746994
1.215000	193.718002
1.216000	192.688995
1.217000	192.688995
1.218000	191.660004
1.219000	192.173996
1.220000	192.688995
1.221000	193.203995
1.222000	192.173996
1.223000	193.203995
1.224000	193.718002
1.225000	193.718002
1.226000	192.688995
1.227000	194.231995
1.228000	195.261002
1.229000	195.774994
1.230000	193.718002
1.231000	195.261002
1.232000	196.289001
1.233000	195.261002
1.234000	195.774994
1.235000	198.348007
1.236000	196.804993
1.237000	198.348007
1.238000	197.319000
1.239000	197.832993
1.240000	197.832993
1.241000	199.889999
1.242000	197.319000
1.243000	198.348007
1.244000	197.832993
1.245000	199.889999
1.246000	197.832993
1.247000	199.889999
1.248000	198.862000
1.249000	197.832993
1.250000	198.862000
1.251000	200.919998
1.252000	200.919998
1.253000	201.434006
1.254000	202.462997
1.255000	200.919998
1.256000	199.889999
1.257000	201.434006
1.258000	199.376007
1.259000	198.862000
1.260000	200.404999
1.261000	199.376007
1.262000	200.919998
1.263000	201.949005
1.264000	202.977005
1.265000	199.889999
1.266000	202.977005
1.267000	199.376007
1.268000	200.404999
1.269000	198.862000
1.270000	199.376007
1.271000	199.889999
1.272000	199.889999
1.273000	201.434006
1.274000	201.434006
1.275000	201.949005
1.276000	200.404999
1.277000	201.434006
1.278000	201.949005
1.279000	201.434006
1.280000	200.404999
1.281000	201.434006
1.282000	200.404999
1.283000	201.434006
1.284000	201.949005
1.285000	201.434006
1.286000	201.949005
1.287000	202.462997
1.288000	202.977005
1.289000	204.005997
1.290000	202.462997
1.291000	202.977005
1.292000	201.949005
1.293000	203.490997
1.294000	204.005997
1.295000	205.033997
1.296000	205.550003
1.297000	206.578003
1.298000	204.005997
1.299000	205.033997
1.300000	205.033997
1.301000	204.005997
1.302000	206.063995
1.303000	206.578003
1.304000	205.033997
1.305000	207.091995
1.306000	207.606995
1.307000	206.063995
1.308000	207.091995
1.309000	208.634995
1.310000	208.121002
1.311000	208.121002
1.312000	209.664993
1.313000	208.634995
1.314000	209.664993
1.315000	210.179001
1.316000	211.207993
1.317000	210.692993
1.318000	211.722000
1.319000	212.235992
1.320000	212.750000
1.321000	212.235992
1.322000	210.692993
1.323000	211.722000
1.324000	211.207993
1.325000	207.606995
1.326000	207.606995
1.327000	208.634995
1.328000	206.578003
1.329000	205.550003
1.330000	201.434006
1.331000	201.434006
1.332000	198.348007
1.333000	199.889999
1.334000	196.289001
1.335000	196.804993
1.336000	195.261002
1.337000	194.746994
1.338000	192.173996
1.339000	191.145996
1.340000	190.117004
1.341000	188.059998
1.342000	187.544998
1.343000	191.660004
1.344000	190.117004
1.345000	188.574005
1.346000	188.059998
1.347000	188.059998
1.348000	189.089005
1.349000	189.089005
1.350000	190.630997
1.351000	187.544998
1.352000	187.029999
1.353000	186.001999
1.354000	184.459000
1.355000	184.973007
1.356000	188.059998
1.357000	187.029999
1.358000	187.029999
1.359000	190.630997
1.360000	190.630997
1.361000	190.630997
1.362000	190.117004
1.363000	189.602997
1.364000	186.001999
1.365000	186.001999
1.366000	184.973007
1.367000	183.945007
1.368000	183.429001
1.369000	184.459000
1.370000	183.945007
1.371000	184.459000
1.372000	185.488007
1.373000	184.459000
1.374000	183.429001
1.375000	182.401001
1.376000	182.401001
1.377000	180.858002
1.378000	177.770996
1.379000	174.684998
1.380000	168.511993
1.381000	171.598999
1.382000	170.570007
1.383000	171.085007
1.384000	172.113007
1.385000	173.656006
1.386000	171.598999
1.387000	170.570007
1.388000	166.455002
1.389000	162.854004
1.390000	161.309998
1.391000	159.253006
1.392000	155.138000
1.393000	152.050995
1.394000	146.393005
1.395000	141.764008
1.396000	137.134003
1.397000	131.475998
1.398000	129.417999
1.399000	123.760002
1.400000	115.528999
1.401000	112.957001
1.402000	108.842003
1.403000	103.697998
1.404000	93.409798
1.405000	88.265602
1.406000	80.549797
1.407000	70.262497
1.408000	58.944901
1.409000	49.685699
1.410000	43.513401
1.411000	35.797600
1.412000	24.995100
1.413000	18.821699
1.414000	11.105900
1.415000	5.447600
1.416000	-1.239960
1.417000	-5.868990
1.418000	-1.754060
1.419000	-10.499100
1.420000	-9.983920
1.421000	-11.527300
1.422000	-17.700701
1.423000	-8.441620
1.424000	-4.325630
1.425000	-7.412360
1.426000	-7.412360
1.427000	-2.782270
1.428000	-5.354890
1.429000	-11.527300
1.430000	-0.724801
1.431000	-3.297420
1.432000	-2.268160
1.433000	9.048430
1.434000	2.360870
1.435000	-25.416500
1.436000	-26.959900
1.437000	-27.988100
1.438000	-37.247200
1.439000	-35.703800
1.440000	8.020220
1.441000	4.933490
1.442000	19.850901
1.443000	21.394300
1.444000	21.908400
1.445000	24.995100
1.446000	15.220800
1.447000	10.077700
1.448000	-6.383100
1.449000	-18.728901
1.450000	-43.934700
1.451000	-35.703800
1.452000	-14.614000
1.453000	0.818562
1.454000	-11.527300
1.455000	21.908400
1.456000	-2.782270
1.457000	26.023300
1.458000	-14.099900
1.459000	26.538500
1.460000	20.880199
1.461000	26.538500
1.462000	33.224998
1.463000	32.196800
1.464000	14.192600
1.465000	-65.024597
1.466000	-7.926460
1.467000	-24.902399
1.468000	-2.268160
1.469000	-34.161499
1.470000	18.307501
1.471000	-47.535599
1.472000	-16.157400
1.473000	-12.556500
1.474000	-10.499100
1.475000	-35.189701
1.476000	-17.700701
1.477000	33.740101
1.478000	-12.556500
1.479000	4.933490
1.480000	-1.239960
1.481000	18.821699
1.482000	-16.671499
1.483000	20.365000
1.484000	20.365000
1.485000	4.419390
1.486000	4.419390
1.487000	-11.527300
1.488000	-10.499100
1.489000	-45.992199
1.490000	-18.728901
1.491000	-44.963001
1.492000	-35.189701
1.493000	-32.618198
1.494000	-22.843901
1.495000	-16.671499
1.496000	-15.642200
1.497000	7.505060
1.498000	2.360870
1.499000	1.846770
1.500000	22.422501
1.501000	3.904230
1.502000	6.476860
1.503000	8.020220
1.504000	-18.214800
1.505000	16.764200
1.506000	-12.041400
1.507000	11.105900
1.508000	-28.502199
1.509000	3.904230
1.510000	-11.527300
1.511000	-1.754060
1.512000	-5.354890
1.513000	-3.811530
1.514000	-9.469820
1.515000	3.904230
1.516000	13.163400
1.517000	6.476860
1.518000	-18.214800
1.519000	2.876030
1.520000	0.818562
1.521000	2.360870
1.522000	-10.499100
1.523000	17.279301
1.524000	-6.383100
1.525000	26.538500
1.526000	-10.499100
1.527000	-2.268160
1.528000	-22.843901
1.529000	-4.325630
1.530000	-16.157400
1.531000	-1.754060
1.532000	-4.325630
1.533000	-11.527300
1.534000	-13.070700
1.535000	-2.782270
1.536000	-2.268160
1.537000	-0.210698
1.538000	1.846770
1.539000	15.220800
1.540000	-3.297420
1.541000	4.419390
1.542000	-13.584800
1.543000	-9.983920
1.544000	-23.873100
1.545000	-8.955720
1.546000	-14.614000
1.547000	-14.099900
1.548000	-4.840790
1.549000	-15.642200
1.550000	-12.556500
1.551000	-11.527300
1.552000	-8.441620
1.553000	-16.671499
1.554000	-6.898250
1.555000	-3.297420
1.556000	-7.926460
1.557000	-7.926460
1.558000	-4.325630
1.559000	-3.297420
1.560000	-2.268160
1.561000	2.360870
1.562000	-3.297420
1.563000	-0.724801
1.564000	-2.782270
1.565000	-4.840790
1.566000	-5.354890
1.567000	-0.210698
1.568000	-3.811530
1.569000	-3.811530
1.570000	1.846770
1.571000	1.846770
1.572000	-1.239960
1.573000	-8.441620
1.574000	-6.383100
1.575000	-9.469820
1.576000	-7.412360
1.577000	-1.239960
1.578000	0.303405
1.579000	0.303405
1.580000	-13.584800
1.581000	6.990960
1.582000	4.933490
1.583000	2.360870
1.584000	-490.433014
1.585000	-227.574997
1.586000	-106.691002
1.587000	-32.618198
1.588000	-39.304699
1.589000	-37.247200
1.590000	-39.304699
1.591000	11.105900
1.592000	57.402599
1.593000	27.566700
1.594000	2.360870
1.595000	-6.898250
1.596000	-21.301600
1.597000	-13.584800
1.598000	-57.824001
1.599000	-35.189701
1.600000	-37.762299
1.601000	8.020220
1.602000	6.990960
1.603000	30.139299
1.604000	0.818562
1.605000	16.250099
1.606000	-14.614000
1.607000	6.476860
1.608000	-58.338100
1.609000	-29.017300
1.610000	-54.737202
1.611000	-6.383100
1.612000	-8.441620
1.613000	24.995100
1.614000	21.908400
1.615000	23.451700
1.616000	-0.210698
1.617000	-22.329800
1.618000	-15.642200
1.619000	-43.420601
1.620000	-14.614000
1.621000	-34.675598
1.622000	7.505060
1.623000	-8.441620
1.624000	26.023300
1.625000	13.163400
1.626000	24.995100
1.627000	2.876030
1.628000	-2.782270
1.629000	-24.387199
1.630000	-31.074800
1.631000	-23.873100
1.632000	-32.618198
1.633000	-12.556500
1.634000	2.360870
1.635000	15.220800
1.636000	12.135200
1.637000	2.876030
1.638000	-6.383100
1.639000	-13.070700
1.640000	-20.786400
1.641000	-14.614000
1.642000	-16.671499
1.643000	3.390130
1.644000	2.360870
1.645000	18.821699
1.646000	9.562530
1.647000	10.591800
1.648000	1.846770
1.649000	3.904230
1.650000	-9.469820
1.651000	-12.041400
1.652000	-18.728901
1.653000	-22.843901
1.654000	-19.758200
1.655000	-11.013200
1.656000	-9.469820
1.657000	-10.499100
1.658000	3.904230
1.659000	-3.297420
1.660000	1.846770
1.661000	-8.441620
1.662000	-7.412360
1.663000	-10.499100
1.664000	-9.469820
1.665000	-2.268160
1.666000	-7.412360
1.667000	-16.671499
1.668000	-18.214800
1.669000	-0.210698
1.670000	-7.926460
1.671000	-3.297420
1.672000	-8.955720
1.673000	-3.811530
1.674000	1.846770
1.675000	-2.268160
1.676000	-5.354890
1.677000	-16.157400
1.678000	-13.584800
1.679000	-15.642200
1.680000	-14.614000
1.681000	-12.041400
1.682000	-11.527300
1.683000	-1.754060
1.684000	2.876030
1.685000	6.990960
1.686000	6.476860
1.687000	5.961700
1.688000	4.419390
1.689000	-3.811530
1.690000	0.303405
1.691000	-3.811530
1.692000	-9.469820
1.693000	-13.070700
1.694000	-2.268160
1.695000	-4.325630
1.696000	3.904230
1.697000	1.846770
1.698000	-3.811530
1.699000	-11.527300
1.700000	-10.499100
1.701000	-14.614000
1.702000	-12.556500
1.703000	-12.041400
1.704000	-6.383100
1.705000	-4.840790
1.706000	0.818562
1.707000	6.476860
1.708000	6.476860
1.709000	3.904230
1.710000	6.476860
1.711000	4.933490
1.712000	3.390130
1.713000	-3.811530
1.714000	-4.325630
1.715000	-7.412360
1.716000	-1.754060
1.717000	-1.754060
1.718000	1.332660
1.719000	-5.354890
1.720000	-3.811530
1.721000	-7.926460
1.722000	-13.584800
1.723000	-12.556500
1.724000	-13.070700
1.725000	-10.499100
1.726000	-5.354890
1.727000	2.876030
1.728000	3.390130
1.729000	5.447600
1.730000	2.876030
1.731000	3.390130
1.732000	-1.754060
1.733000	0.818562
1.734000	-6.383100
1.735000	-6.383100
1.736000	-8.955720
1.737000	-4.840790
1.738000	-5.868990
1.739000	-17.185600
1.740000	-8.955720
1.741000	-6.898250
1.742000	3.904230
1.743000	-6.383100
1.744000	-7.926460
1.745000	-16.157400
1.746000	-14.614000
1.747000	-11.527300
1.748000	-0.724801
1.749000	-5.354890
1.750000	-25.930599
1.751000	-112.348999
1.752000	-86.115402
1.753000	-42.391399
1.754000	-57.824001
1.755000	-29.017300
1.756000	-36.733101
1.757000	-2.782270
1.758000	-5.354890
1.759000	39.398399
1.760000	12.649300
1.761000	0.818562
1.762000	-4.325630
1.763000	-15.128100
1.764000	-11.527300
1.765000	-16.671499
1.766000	4.933490
1.767000	-13.070700
1.768000	-36.219002
1.769000	-40.848000
1.770000	6.990960
1.771000	-9.469820
1.772000	13.163400
1.773000	-1.754060
1.774000	-12.041400
1.775000	-7.926460
1.776000	-2.268160
1.777000	-15.128100
1.778000	-20.272301
1.779000	-16.157400
1.780000	-6.383100
1.781000	5.961700
1.782000	15.220800
1.783000	-0.210698
1.784000	-5.354890
1.785000	-11.527300
1.786000	-14.614000
1.787000	-19.243000
1.788000	-34.161499
1.789000	-12.556500
1.790000	-16.157400
1.791000	-1.239960
1.792000	-7.412360
1.793000	1.332660
1.794000	1.846770
1.795000	2.360870
1.796000	-14.099900
1.797000	-24.902399
1.798000	-18.214800
1.799000	-25.930599
1.800000	-12.556500
1.801000	-21.301600
1.802000	-16.157400
1.803000	-18.214800
1.804000	-4.325630
1.805000	-6.383100
1.806000	-2.268160
1.807000	-6.383100
1.808000	-5.868990
1.809000	-5.354890
1.810000	-6.898250
1.811000	-9.983920
1.812000	-16.671499
1.813000	-6.383100
1.814000	-8.955720
1.815000	-5.354890
1.816000	-2.782270
1.817000	4.933490
1.818000	2.360870
1.819000	-2.268160
1.820000	-7.926460
1.821000	-14.099900
1.822000	-13.070700
1.823000	-36.733101
1.824000	2.360870
1.825000	-20.786400
1.826000	14.706700
1.827000	-14.614000
1.828000	7.505060
1.829000	-11.013200
1.830000	6.990960
1.831000	-0.724801
1.832000	-9.469820
1.833000	-14.614000
1.834000	-16.157400
1.835000	-17.700701
1.836000	-16.157400
1.837000	-9.983920
1.838000	-5.868990
1.839000	0.303405
1.840000	12.649300
1.841000	11.620000
1.842000	10.591800
1.843000	4.933490
1.844000	0.818562
1.845000	-5.354890
1.846000	-8.955720
1.847000	-12.041400
1.848000	-7.412360
1.849000	-12.556500
1.850000	-1.239960
1.851000	-3.297420
1.852000	3.904230
1.853000	4.933490
1.854000	0.303405
1.855000	-4.325630
1.856000	-9.983920
1.857000	-14.614000
1.858000	-13.584800
1.859000	-6.898250
1.860000	1.332660
1.861000	-0.210698
1.862000	5.447600
1.863000	1.846770
1.864000	3.904230
1.865000	1.332660
1.866000	-1.754060
1.867000	-4.840790
1.868000	-10.499100
1.869000	-8.955720
1.870000	-7.926460
1.871000	-3.811530
1.872000	-3.297420
1.873000	-5.354890
1.874000	-3.297420
1.875000	-7.412360
1.876000	-3.811530
1.877000	-3.297420
1.878000	-1.754060
1.879000	-3.811530
1.880000	-7.926460
1.881000	-9.983920
1.882000	-6.898250
1.883000	-4.325630
1.884000	-1.239960
1.885000	0.303405
1.886000	0.303405
1.887000	-2.782270
1.888000	-1.754060
1.889000	-4.840790
1.890000	-5.868990
1.891000	-6.383100
1.892000	-2.268160
1.893000	-1.239960
1.894000	1.846770
1.895000	0.818562
1.896000	0.818562
1.897000	-0.210698
1.898000	-4.325630
1.899000	-3.811530
1.900000	-5.354890
1.901000	-3.297420
1.902000	-5.354890
1.903000	0.303405
1.904000	-4.325630
1.905000	1.332660
1.906000	1.846770
1.907000	4.419390
1.908000	4.933490
1.909000	0.818562
1.910000	0.303405
1.911000	-4.325630
1.912000	-2.268160
1.913000	-6.898250
1.914000	-2.782270
1.915000	-3.811530
1.916000	-1.239960
1.917000	1.846770
1.918000	0.303405
1.919000	1.332660
1.920000	-2.782270
1.921000	-4.325630
1.922000	-7.926460
1.923000	-6.898250
1.924000	-8.441620
1.925000	-6.383100
1.926000	-5.868990
1.927000	-3.811530
1.928000	-2.268160
1.929000	0.303405
1.930000	-0.210698
1.931000	2.360870
1.932000	2.360870
1.933000	1.846770
1.934000	1.332660
1.935000	1.846770
1.936000	-2.782270
1.937000	-4.325630
1.938000	-3.297420
1.939000	-3.297420
1.940000	-0.210698
1.941000	0.303405
1.942000	1.846770
1.943000	0.818562
1.944000	-0.724801
1.945000	-0.724801
1.946000	-7.412360
1.947000	-6.383100
1.948000	-9.983920
1.949000	-5.868990
1.950000	-5.354890
1.951000	2.360870
1.952000	2.360870
1.953000	4.933490
1.954000	0.818562
1.955000	0.818562
1.956000	-2.268160
1.957000	-4.840790
1.958000	-4.840790
1.959000	-5.868990
1.960000	-2.782270
1.961000	-3.297420
1.962000	-0.210698
1.963000	-1.239960
1.964000	1.846770
1.965000	-0.724801
1.966000	-2.782270
1.967000	-4.325630
1.968000	-2.782270
1.969000	-2.782270
1.970000	-1.754060
1.971000	-0.724801
1.972000	-1.754060
1.973000	-0.210698
1.974000	-0.724801
1.975000	1.846770
1.976000	1.846770
1.977000	0.818562
1.978000	-1.239960
1.979000	-3.297420
1.980000	-4.325630
1.981000	-3.811530
1.982000	-5.868990
1.983000	-4.325630
1.984000	-3.811530
1.985000	-3.297420
1.986000	-4.840790
1.987000	-3.811530
1.988000	-5.354890
1.989000	-4.840790
1.990000	-6.383100
1.991000	-6.383100
1.992000	-5.354890
1.993000	-2.782270
1.994000	-0.724801
1.995000	0.303405
1.996000	1.846770
1.997000	3.904230
1.998000	0.818562
1.999000	0.303405
2.000000	-1.754060
2.001000	-3.811530
2.002000	-4.840790
2.003000	-5.354890
2.004000	-4.325630
2.005000	-4.325630
2.006000	-2.268160
2.007000	-3.297420
2.008000	-4.840790
2.009000	-4.325630
2.010000	-3.811530
2.011000	-6.383100
2.012000	-4.840790
2.013000	-4.325630
2.014000	-4.325630
2.015000	-3.297420
2.016000	0.303405
2.017000	-0.210698
2.018000	-0.210698
2.019000	-1.239960
2.020000	-1.239960
2.021000	-3.297420
2.022000	-3.297420
2.023000	-3.811530
2.024000	-4.325630
2.025000	-7.412360
2.026000	-6.383100
2.027000	-4.840790
2.028000	-2.782270
2.029000	-4.840790
2.030000	-5.354890
2.031000	-5.868990
2.032000	-5.354890
2.033000	-3.297420
2.034000	-3.297420
2.035000	-1.754060
2.036000	-1.754060
2.037000	0.303405
2.038000	-1.754060
2.039000	-1.239960
2.040000	-0.724801
2.041000	-1.754060
2.042000	-1.754060
2.043000	-1.239960
2.044000	-1.754060
2.045000	-2.268160
2.046000	-2.782270
2.047000	-4.325630
2.048000	-5.868990
2.049000	-7.412360
2.050000	-6.383100
2.051000	-7.412360
2.052000	-5.354890
2.053000	-4.325630
2.054000	-3.811530
2.055000	-3.297420
2.056000	-2.268160
2.057000	-3.297420
2.058000	-1.754060
2.059000	-2.782270
2.060000	-1.239960
2.061000	-2.782270
2.062000	-1.754060
2.063000	-3.297420
2.064000	-1.754060
2.065000	-4.325630
2.066000	-2.782270
2.067000	-4.325630
2.068000	-2.782270
2.069000	-3.811530
2.070000	-3.811530
2.071000	-4.840790
2.072000	-5.868990
2.073000	-6.383100
2.074000	-8.441620
2.075000	-6.898250
2.076000	-6.383100
2.077000	-3.811530
2.078000	-2.268160
2.079000	-0.724801
2.080000	-0.210698
2.081000	-2.268160
2.082000	-4.325630
2.083000	-5.868990
2.084000	-6.383100
2.085000	-5.868990
2.086000	-5.354890
2.087000	-4.325630
2.088000	-5.868990
2.089000	-3.297420
2.090000	-2.782270
2.091000	-5.354890
2.092000	-5.354890
2.093000	-5.354890
2.094000	-7.412360
2.095000	-7.926460
2.096000	-5.354890
2.097000	-4.325630
2.098000	-1.754060
2.099000	-0.724801
2.100000	-0.724801
2.101000	-1.239960
2.102000	-1.754060
2.103000	-3.297420
2.104000	-2.782270
2.105000	-4.840790
2.106000	-5.354890
2.107000	-6.383100
2.108000	-4.325630
2.109000	-3.811530
2.110000	-3.811530
2.111000	-2.268160
2.112000	-3.297420
2.113000	-3.297420
2.114000	-4.840790
2.115000	-5.354890
2.116000	-6.383100
2.117000	-5.354890
2.118000	-6.383100
2.119000	-4.840790
2.120000	-4.325630
2.121000	-2.268160
2.122000	-4.325630
2.123000	-2.782270
2.124000	-4.840790
2.125000	-4.840790
2.126000	-6.383100
2.127000	-4.840790
2.128000	-6.898250
2.129000	-6.383100
2.130000	-5.868990
2.131000	-3.297420
2.132000	-4.325630
2.133000	-1.754060
2.134000	-3.297420
2.135000	-4.325630
2.136000	-4.840790
2.137000	-6.383100
2.138000	-7.412360
2.139000	-8.441620
2.140000	-4.325630
2.141000	-6.383100
2.142000	-4.325630
2.143000	-4.325630
2.144000	-1.754060
2.145000	-2.782270
2.146000	-3.297420
2.147000	-4.840790
2.148000	-6.898250
2.149000	-7.926460
2.150000	-5.354890
2.151000	-6.383100
2.152000	-4.840790
2.153000	-3.297420
2.154000	-3.297420
2.155000	-2.268160
2.156000	-2.782270
2.157000	-5.354890
2.158000	-6.383100
2.159000	-5.868990
2.160000	-7.926460
2.161000	-5.354890
2.162000	-5.868990
2.163000	-3.297420
2.164000	-3.297420
2.165000	-2.268160
2.166000	-2.782270
2.167000	-3.297420
2.168000	-4.840790
2.169000	-4.840790
2.170000	-6.383100
2.171000	-5.868990
2.172000	-5.354890
2.173000	-4.840790
2.174000	-3.297420
2.175000	-4.840790
2.176000	-3.811530
2.177000	-4.840790
2.178000	-4.325630
2.179000	-4.840790
2.180000	-5.868990
2.181000	-6.383100
2.182000	-6.383100
2.183000	-5.868990
2.184000	-5.868990
2.185000	-6.383100
2.186000	-4.840790
2.187000	-5.354890
2.188000	-4.325630
2.189000	-4.325630
2.190000	-5.354890
2.191000	-6.898250
2.192000	-6.898250
2.193000	-7.412360
2.194000	-6.898250
2.195000	-5.868990
2.196000	-5.354890
2.197000	-4.325630
2.198000	-3.297420
2.199000	-2.268160
2.200000	-3.811530
2.201000	-4.840790
2.202000	-6.383100
2.203000	-5.868990
2.204000	-6.898250
2.205000	-5.868990
2.206000	-5.868990
2.207000	-4.840790
2.208000	-5.354890
2.209000	-3.297420
2.210000	-5.868990
2.211000	-6.898250
2.212000	-5.868990
2.213000	-5.868990
2.214000	-4.840790
2.215000	-5.354890
2.216000	-3.811530
2.217000	-3.811530
2.218000	-2.782270
2.219000	-3.811530
2.220000	-3.811530
2.221000	-5.354890
2.222000	-5.354890
2.223000	-6.383100
2.224000	-6.383100
2.225000	-5.868990
2.226000	-4.840790
2.227000	-4.840790
2.228000	-3.297420
2.229000	-5.354890
2.230000	-4.325630
2.231000	-4.840790
2.232000	-4.325630
2.233000	-4.325630
2.234000	-4.325630
2.235000	-5.354890
2.236000	-3.297420
2.237000	-5.354890
2.238000	-3.297420
2.239000	-4.840790
2.240000	-3.811530
2.241000	-6.898250
2.242000	-6.898250
2.243000	-7.412360
2.244000	-6.383100
2.245000	-4.840790
2.246000	-4.325630
2.247000	-4.325630
2.248000	-4.840790
2.249000	-5.354890
2.250000	-4.840790
2.251000	-5.354890
2.252000	-5.354890
2.253000	-4.325630
2.254000	-4.840790
2.255000	-4.840790
2.256000	-4.840790
2.257000	-4.325630
2.258000	-4.325630
2.259000	-3.297420
2.260000	-4.325630
2.261000	-4.325630
2.262000	-5.354890
2.263000	-5.354890
2.264000	-4.840790
2.265000	-4.840790
2.266000	-5.354890
2.267000	-4.325630
2.268000	-4.325630
2.269000	-3.811530
2.270000	-4.325630
2.271000	-3.297420
2.272000	-3.811530
2.273000	-3.297420
2.274000	-4.840790
2.275000	-6.383100
2.276000	-5.354890
2.277000	-5.868990
2.278000	-5.354890
2.279000	-4.840790
2.280000	-3.811530
2.281000	-4.325630
2.282000	-4.325630
2.283000	-3.297420
2.284000	-4.840790
2.285000	-5.354890
2.286000	-6.383100
2.287000	-6.383100
2.288000	-5.868990
2.289000	-4.325630
2.290000	-3.297420
2.291000	-3.811530
2.292000	-2.268160
2.293000	-3.297420
2.294000	-4.840790
2.295000	-5.354890
2.296000	-5.354890
2.297000	-5.868990
2.298000	-4.840790
2.299000	-2.782270
2.300000	-3.297420
2.301000	-2.268160
2.302000	-2.782270
2.303000	-4.325630
2.304000	-5.868990
2.305000	-6.383100
2.306000	-6.898250
2.307000	-7.412360
2.308000	-5.354890
2.309000	-6.898250
2.310000	-4.325630
2.311000	-5.354890
2.312000	-4.840790
2.313000	-4.840790
2.314000	-5.868990
2.315000	-6.383100
2.316000	-7.412360
2.317000	-6.383100
2.318000	-5.354890
2.319000	-3.811530
2.320000	-5.868990
2.321000	-4.840790
2.322000	-3.811530
2.323000	-3.297420
2.324000	-3.811530
2.325000	-4.325630
2.326000	-5.868990
2.327000	-4.840790
2.328000	-5.354890
2.329000	-4.325630
2.330000	-5.354890
2.331000	-5.354890
2.332000	-4.325630
2.333000	-3.811530
2.334000	-3.811530
2.335000	-4.325630
2.336000	-3.811530
2.337000	-3.297420
2.338000	-3.811530
2.339000	-3.811530
2.340000	-6.383100
2.341000	-5.868990
2.342000	-6.383100
2.343000	-5.868990
2.344000	-5.868990
2.345000	-4.325630
2.346000	-3.811530
2.347000	-3.811530
2.348000	-4.325630
2.349000	-5.354890
2.350000	-7.412360
2.351000	-7.412360
2.352000	-8.441620
2.353000	-7.412360
2.354000	-4.840790
2.355000	-4.325630
2.356000	-3.811530
2.357000	-5.354890
2.358000	-3.811530
2.359000	-6.898250
2.360000	-5.354890
2.361000	-6.383100
2.362000	-4.325630
2.363000	-5.354890
2.364000	-3.297420
2.365000	-2.782270
2.366000	-2.782270
2.367000	-4.325630
2.368000	-5.868990
2.369000	-5.868990
2.370000	-5.868990
2.371000	-3.297420
2.372000	-3.811530
2.373000	-3.297420
2.374000	-3.297420
2.375000	-4.325630
2.376000	-3.811530
2.377000	-3.811530
2.378000	-5.868990
2.379000	-5.868990
2.380000	-4.325630
2.381000	-4.325630
2.382000	-3.811530
2.383000	-4.325630
2.384000	-3.297420
2.385000	-3.811530
2.386000	-3.811530
2.387000	-4.325630
2.388000	-4.325630
2.389000	-4.325630
2.390000	-5.868990
2.391000	-5.354890
2.392000	-5.868990
2.393000	-3.811530
2.394000	-4.325630
2.395000	-4.840790
2.396000	-5.868990
2.397000	-4.325630
2.398000	-5.354890
2.399000	-6.383100
2.400000	-3.811530
2.401000	-4.840790
2.402000	-4.840790
2.403000	-5.354890
2.404000	-4.325630
2.405000	-5.868990
2.406000	-4.325630
2.407000	-5.868990
2.408000	-4.840790
2.409000	-5.354890
2.410000	-4.325630
2.411000	-5.868990
2.412000	-5.354890
2.413000	-4.840790
2.414000	-6.383100
2.415000	-6.383100
2.416000	-6.383100
2.417000	-6.383100
2.418000	-4.840790
2.419000	-3.297420
2.420000	-4.325630
2.421000	-3.297420
2.422000	-5.354890
2.423000	-4.840790
2.424000	-5.868990
2.425000	-4.840790
2.426000	-4.840790
2.427000	-4.325630
2.428000	-3.811530
2.429000	-3.811530
2.430000	-2.268160
2.431000	-3.297420
2.432000	-5.354890
2.433000	-2.268160
2.434000	-9.983920
2.435000	-5.868990
2.436000	-2.268160
2.437000	-3.811530
2.438000	-5.354890
2.439000	-5.868990
2.440000	2.360870
2.441000	-3.297420
2.442000	-4.840790
2.443000	-9.469820
2.444000	-6.898250
2.445000	-15.128100
2.446000	-7.926460
2.447000	-8.441620
2.448000	-5.868990
2.449000	-5.354890
2.450000	-1.754060
2.451000	-5.354890
2.452000	-10.499100
2.453000	2.876030
2.454000	-12.556500
2.455000	-1.239960
2.456000	-4.840790
2.457000	0.818562
2.458000	-3.297420
2.459000	4.419390
2.460000	-5.868990
2.461000	-8.955720
2.462000	-9.983920
2.463000	-6.383100
2.464000	-11.527300
2.465000	4.933490
2.466000	-6.898250
2.467000	3.390130
2.468000	-6.898250
2.469000	-1.239960
2.470000	-16.157400
2.471000	-9.469820
2.472000	-14.614000
2.473000	-12.556500
2.474000	-4.325630
2.475000	-1.239960
2.476000	-6.383100
2.477000	-2.782270
2.478000	-6.383100
2.479000	-0.724801
2.480000	-7.926460
2.481000	1.332660
2.482000	-7.926460
2.483000	3.390130
2.484000	0.818562
2.485000	1.332660
2.486000	-4.840790
2.487000	-9.983920
2.488000	-9.983920
2.489000	-11.527300
2.490000	-8.441620
2.491000	-7.412360
2.492000	-4.325630
2.493000	-5.868990
2.494000	2.876030
2.495000	-2.268160
2.496000	-1.754060
2.497000	-5.868990
2.498000	-3.811530
2.499000	-7.412360
2.500000	-4.325630
2.501000	-5.354890
2.502000	-5.868990
2.503000	-3.811530
2.504000	-6.383100
2.505000	-2.782270
2.506000	-3.811530
2.507000	-1.754060
2.508000	-4.325630
2.509000	-4.325630
2.510000	-7.412360
2.511000	-6.898250
2.512000	-8.955720
2.513000	-8.441620
2.514000	-7.412360
2.515000	-4.325630
2.516000	-3.811530
2.517000	-3.297420
2.518000	-5.354890
2.519000	-5.354890
2.520000	-6.383100
2.521000	-4.840790
2.522000	-7.926460
2.523000	-3.811530
2.524000	-3.811530
2.525000	-2.268160
2.526000	-0.210698
2.527000	1.846770
2.528000	-0.210698
2.529000	-1.754060
2.530000	-3.297420
2.531000	-4.840790
2.532000	-5.354890
2.533000	-7.412360
2.534000	-7.412360
2.535000	-5.868990
2.536000	-5.868990
2.537000	-5.354890
2.538000	-3.811530
2.539000	-4.325630
2.540000	-4.840790
2.541000	-6.383100
2.542000	-7.412360
2.543000	-7.412360
2.544000	-5.868990
2.545000	-6.383100
2.546000	-3.297420
2.547000	-3.297420
2.548000	-2.268160
2.549000	-4.325630
2.550000	-3.811530
2.551000	-5.354890
2.552000	-4.325630
2.553000	-4.325630
2.554000	-4.325630
2.555000	-4.840790
2.556000	-4.325630
2.557000	-4.325630
2.558000	-4.325630
2.559000	-5.354890
2.560000	-6.383100
2.561000	-6.898250
2.562000	-6.383100
2.563000	-5.868990
2.564000	-5.868990
2.565000	-5.354890
2.566000	-4.840790
2.567000	-4.840790
2.568000	-3.811530
2.569000	-3.811530
2.570000	-3.811530
2.571000	-4.325630
2.572000	-4.840790
2.573000	-3.811530
2.574000	-3.811530
2.575000	-4.325630
2.576000	-5.868990
2.577000	-5.354890
2.578000	-4.840790
2.579000	-5.868990
2.580000	-5.354890
2.581000	-6.898250
2.582000	-7.412360
2.583000	-6.383100
2.584000	-5.354890
2.585000	-5.354890
2.586000	-4.325630
2.587000	-3.297420
2.588000	-3.297420
2.589000	-2.268160
2.590000	-2.782270
2.591000	-3.297420
2.592000	-4.325630
2.593000	-2.782270
2.594000	-2.268160
2.595000	-1.754060
2.596000	-1.754060
2.597000	-2.268160
2.598000	-3.811530
2.599000	-3.811530
2.600000	-5.354890
2.601000	-6.383100
2.602000	-5.868990
2.603000	-5.354890
2.604000	-5.354890
2.605000	-4.325630
2.606000	-3.297420
2.607000	-3.811530
2.608000	-4.840790
2.609000	-6.383100
2.610000	-6.383100
2.611000	-6.898250
2.612000	-6.383100
2.613000	-7.412360
2.614000	-6.898250
2.615000	-6.898250
2.616000	-5.868990
2.617000	-5.354890
2.618000	-4.840790
2.619000	-3.811530
2.620000	-3.297420
2.621000	-4.325630
2.622000	-5.354890
2.623000	-6.383100
2.624000	-7.926460
2.625000	-7.412360
2.626000	-6.383100
2.627000	-5.868990
2.628000	-4.325630
2.629000	-3.811530
2.630000	-3.811530
2.631000	-5.354890
2.632000	-5.354890
2.633000	-6.383100
2.634000	-7.412360
2.635000	-5.868990
2.636000	-5.354890
2.637000	-3.811530
2.638000	-2.782270
2.639000	-3.297420
2.640000	-3.297420
2.641000	-4.840790
2.642000	-5.868990
2.643000	-5.868990
2.644000	-5.868990
2.645000	-4.840790
2.646000	-3.811530
2.647000	-3.297420
2.648000	-2.782270
2.649000	-1.754060
2.650000	-1.754060
2.651000	-3.297420
2.652000	-3.811530
2.653000	-3.811530
2.654000	-5.354890
2.655000	-5.354890
2.656000	-6.383100
2.657000	-5.868990
2.658000	-4.840790
2.659000	-5.354890
2.660000	-2.782270
2.661000	-2.782270
2.662000	-2.268160
2.663000	-1.754060
2.664000	-2.782270
2.665000	-3.811530
2.666000	-4.325630
2.667000	-5.354890
2.668000	-5.868990
2.669000	-6.383100
2.670000	-5.354890
2.671000	-5.354890
2.672000	-5.868990
2.673000	-6.383100
2.674000	-6.383100
2.675000	-6.898250
2.676000	-6.898250
2.677000	-6.383100
2.678000	-6.383100
2.679000	-5.868990
2.680000	-6.383100
2.681000	-5.868990
2.682000	-5.354890
2.683000	-4.325630
2.684000	-4.840790
2.685000	-5.354890
2.686000	-5.868990
2.687000	-5.868990
2.688000	-5.868990
2.689000	-5.868990
2.690000	-5.868990
2.691000	-6.383100
2.692000	-4.840790
2.693000	-5.354890
2.694000	-4.325630
2.695000	-3.811530
2.696000	-3.811530
2.697000	-4.840790
2.698000	-4.325630
2.699000	-4.325630
2.700000	-3.811530
2.701000	-4.325630
2.702000	-4.325630
2.703000	-4.325630
2.704000	-3.811530
2.705000	-3.811530
2.706000	-3.297420
2.707000	-3.811530
2.708000	-3.811530
2.709000	-4.325630
2.710000	-4.325630
2.711000	-4.325630
2.712000	-3.297420
2.713000	-3.811530
2.714000	-2.782270
2.715000	-2.782270
2.716000	-3.811530
2.717000	-3.811530
2.718000	-4.840790
2.719000	-4.840790
2.720000	-4.840790
2.721000	-4.325630
2.722000	-3.811530
2.723000	-3.811530
2.724000	-3.297420
2.725000	-3.811530
2.726000	-3.297420
2.727000	-3.297420
2.728000	-3.811530
2.729000	-4.325630
2.730000	-5.354890
2.731000	-5.354890
2.732000	-4.840790
2.733000	-5.868990
2.734000	-4.840790
2.735000	-4.840790
2.736000	-4.840790
2.737000	-6.383100
2.738000	-5.868990
2.739000	-6.898250
2.740000	-6.898250
2.741000	-7.412360
2.742000	-6.383100
2.743000	-6.383100
2.744000	-5.354890
2.745000	-6.383100
2.746000	-5.868990
2.747000	-6.383100
2.748000	-6.898250
2.749000	-6.383100
2.750000	-6.383100
2.751000	-6.383100
2.752000	-6.383100
2.753000	-6.383100
2.754000	-5.354890
2.755000	-4.840790
2.756000	-5.354890
2.757000	-5.354890
2.758000	-4.325630
2.759000	-4.840790
2.760000	-4.840790
2.761000	-4.325630
2.762000	-4.325630
2.763000	-3.297420
2.764000	-4.325630
2.765000	-3.811530
2.766000	-3.811530
2.767000	-3.811530
2.768000	-4.325630
2.769000	-4.840790
2.770000	-4.325630
2.771000	-4.325630
2.772000	-4.325630
2.773000	-3.297420
2.774000	-3.297420
2.775000	-3.297420
2.776000	-2.782270
2.777000	-3.297420
2.778000	-3.297420
2.779000	-3.297420
2.780000	-4.840790
2.781000	-5.868990
2.782000	-4.840790
2.783000	-4.840790
2.784000	-5.868990
2.785000	-4.840790
2.786000	-4.840790
2.787000	-4.325630
2.788000	-4.325630
2.789000	-4.840790
2.790000	-5.354890
2.791000	-6.383100
2.792000	-6.898250
2.793000	-6.898250
2.794000	-6.383100
2.795000	-6.383100
2.796000	-5.868990
2.797000	-5.354890
2.798000	-4.325630
2.799000	-4.840790
2.800000	-5.354890
2.801000	-5.868990
2.802000	-6.383100
2.803000	-6.898250
2.804000	-6.383100
2.805000	-5.868990
2.806000	-5.354890
2.807000	-5.868990
2.808000	-4.325630
2.809000	-4.840790
2.810000	-5.354890
2.811000	-5.354890
2.812000	-5.354890
2.813000	-5.354890
2.814000	-4.840790
2.815000	-4.325630
2.816000	-5.354890
2.817000	-3.297420
2.818000	-3.811530
2.819000	-4.325630
2.820000	-4.325630
2.821000	-4.840790
2.822000	-4.325630
2.823000	-4.840790
2.824000	-4.840790
2.825000	-4.325630
2.826000	-3.297420
2.827000	-3.297420
2.828000	-3.297420
2.829000	-1.754060
2.830000	-2.782270
2.831000	-2.268160
2.832000	-3.297420
2.833000	-3.297420
2.834000	-3.811530
2.835000	-5.354890
2.836000	-4.840790
2.837000	-5.354890
2.838000	-5.354890
2.839000	-4.325630
2.840000	-4.840790
2.841000	-4.840790
2.842000	-4.325630
2.843000	-3.811530
2.844000	-4.325630
2.845000	-4.840790
2.846000	-4.325630
2.847000	-4.325630
2.848000	-4.325630
2.849000	-4.840790
2.850000	-4.325630
2.851000	-3.811530
2.852000	-4.325630
2.853000	-4.325630
2.854000	-4.840790
2.855000	-5.868990
2.856000	-5.354890
2.857000	-6.383100
2.858000	-5.868990
2.859000	-5.868990
2.860000	-6.383100
2.861000	-5.868990
2.862000	-4.840790
2.863000	-4.325630
2.864000	-5.354890
2.865000	-4.325630
2.866000	-5.868990
2.867000	-4.840790
2.868000	-5.868990
2.869000	-5.868990
2.870000	-5.868990
2.871000	-5.354890
2.872000	-4.840790
2.873000	-4.325630
2.874000	-4.325630
2.875000	-4.840790
2.876000	-5.868990
2.877000	-5.868990
2.878000	-6.383100
2.879000	-6.383100
2.880000	-5.354890
2.881000	-5.868990
2.882000	-4.325630
2.883000	-4.325630
2.884000	-4.325630
2.885000	-4.325630
2.886000	-3.811530
2.887000	-4.840790
2.888000	-4.840790
2.889000	-4.840790
2.890000	-4.840790
2.891000	-4.325630
2.892000	-4.325630
2.893000	-4.325630
2.894000	-3.811530
2.895000	-3.297420
2.896000	-3.297420
2.897000	-4.325630
2.898000	-4.325630
2.899000	-4.325630
2.900000	-4.325630
2.901000	-5.354890
2.902000	-5.354890
2.903000	-4.325630
2.904000	-5.354890
2.905000	-4.840790
2.906000	-4.840790
2.907000	-4.840790
2.908000	-5.354890
2.909000	-5.354890
2.910000	-5.354890
2.911000	-5.354890
2.912000	-5.354890
2.913000	-5.354890
2.914000	-4.840790
2.915000	-4.325630
2.916000	-4.325630
2.917000	-3.811530
2.918000	-4.325630
2.919000	-4.325630
2.920000	-5.354890
2.921000	-4.840790
2.922000	-5.354890
2.923000	-5.868990
2.924000	-4.840790
2.925000	-5.354890
2.926000	-5.354890
2.927000	-4.840790
2.928000	-4.325630
2.929000	-4.840790
2.930000	-4.325630
2.931000	-4.840790
2.932000	-5.354890
2.933000	-5.868990
2.934000	-4.840790
2.935000	-4.325630
2.936000	-4.840790
2.937000	-4.325630
2.938000	-4.325630
2.939000	-4.325630
2.940000	-4.325630
2.941000	-4.840790
2.942000	-5.354890
2.943000	-4.840790
2.944000	-4.840790
2.945000	-4.840790
2.946000	-5.354890
2.947000	-4.840790
2.948000	-4.840790
2.949000	-4.325630
2.950000	-4.325630
2.951000	-4.840790
2.952000	-5.354890
2.953000	-4.325630
2.954000	-4.325630
2.955000	-4.325630
2.956000	-4.325630
2.957000	-3.811530
2.958000	-4.325630
2.959000	-4.325630
2.960000	-4.325630
2.961000	-4.325630
2.962000	-4.325630
2.963000	-4.325630
2.964000	-4.325630
2.965000	-4.325630
2.966000	-4.325630
2.967000	-4.840790
2.968000	-4.840790
2.969000	-5.354890
2.970000	-5.354890
2.971000	-4.325630
2.972000	-4.325630
2.973000	-3.811530
2.974000	-4.325630
2.975000	-5.354890
2.976000	-4.840790
2.977000	-4.325630
2.978000	-4.840790
2.979000	-5.354890
2.980000	-4.325630
2.981000	-5.354890
2.982000	-4.840790
2.983000	-4.325630
2.984000	-4.840790
2.985000	-4.840790
2.986000	-5.868990
2.987000	-5.868990
2.988000	-5.354890
2.989000	-5.354890
2.990000	-5.354890
2.991000	-5.354890
2.992000	-4.840790
2.993000	-5.354890
2.994000	-4.840790
2.995000	-5.354890
2.996000	-4.840790
2.997000	-5.354890
2.998000	-5.868990
2.999000	-5.354890
3.000000	-5.354890
3.001000	-4.840790
3.002000	-4.840790
3.003000	-3.811530
3.004000	-4.325630
3.005000	-4.840790
3.006000	-4.840790
3.007000	-5.868990
3.008000	-5.868990
3.009000	-5.354890
3.010000	-5.354890
3.011000	-4.840790
3.012000	-4.840790
3.013000	-3.811530
3.014000	-4.325630
3.015000	-4.325630
3.016000	-4.840790
3.017000	-4.325630
3.018000	-5.354890
3.019000	-4.840790
3.020000	-4.325630
3.021000	-4.840790
3.022000	-4.325630
3.023000	-5.354890
3.024000	-5.354890
3.025000	-5.868990
3.026000	-5.354890
3.027000	-4.840790
3.028000	-4.840790
3.029000	-4.325630
3.030000	-4.840790
3.031000	-4.325630
3.032000	-4.840790
3.033000	-4.840790
3.034000	-4.840790
3.035000	-4.840790
3.036000	-4.840790
3.037000	-5.354890
3.038000	-5.354890
3.039000	-5.354890
3.040000	-5.868990
3.041000	-5.354890
3.042000	-5.354890
3.043000	-5.354890
3.044000	-4.325630
3.045000	-4.325630
3.046000	-4.840790
3.047000	-4.325630
3.048000	-3.811530
3.049000	-3.811530
3.050000	-4.325630
3.051000	-4.840790
3.052000	-5.354890
3.053000	-4.840790
3.054000	-4.840790
3.055000	-4.840790
3.056000	-4.325630
3.057000	-4.325630
3.058000	-4.325630
3.059000	-4.840790
3.060000	-4.325630
3.061000	-4.840790
3.062000	-4.840790
3.063000	-5.354890
3.064000	-4.840790
3.065000	-4.325630
3.066000	-4.325630
3.067000	-4.325630
3.068000	-4.840790
3.069000	-5.354890
3.070000	-5.354890
3.071000	-4.840790
3.072000	-5.868990
3.073000	-5.868990
3.074000	-5.354890
3.075000	-5.354890
3.076000	-4.325630
3.077000	-4.840790
3.078000	-4.325630
3.079000	-4.325630
3.080000	-5.354890
3.081000	-4.840790
3.082000	-5.354890
3.083000	-5.354890
3.084000	-5.354890
3.085000	-5.354890
3.086000	-5.354890
3.087000	-5.354890
3.088000	-3.811530
3.089000	-4.840790
3.090000	-4.325630
3.091000	-5.354890
3.092000	-5.354890
3.093000	-4.840790
3.094000	-5.354890
3.095000	-4.840790
3.096000	-4.325630
3.097000	-3.811530
3.098000	-5.354890
3.099000	-4.325630
3.100000	-4.840790
3.101000	-5.354890
3.102000	-4.325630
3.103000	-5.354890
3.104000	-4.840790
3.105000	-5.354890
3.106000	-5.868990
3.107000	-5.354890
3.108000	-5.354890
3.109000	-5.354890
3.110000	-4.840790
3.111000	-4.325630
3.112000	-4.325630
3.113000	-4.840790
3.114000	-5.354890
3.115000	-4.840790
3.116000	-5.354890
3.117000	-4.840790
3.118000	-4.840790
3.119000	-4.840790
3.120000	-5.354890
3.121000	-4.840790
3.122000	-4.325630
3.123000	-4.325630
3.124000	-4.840790
3.125000	-5.868990
3.126000	-5.354890
3.127000	-5.354890
3.128000	-5.868990
3.129000	-4.840790
3.130000	-4.840790
3.131000	-4.840790
3.132000	-4.325630
3.133000	-4.325630
3.134000	-5.354890
3.135000	-5.354890
3.136000	-5.354890
3.137000	-5.868990
3.138000	-5.354890
3.139000	-4.840790
3.140000	-4.840790
3.141000	-4.840790
3.142000	-4.325630
3.143000	-4.840790
3.144000	-4.840790
3.145000	-5.354890
3.146000	-5.868990
3.147000	-5.354890
3.148000	-5.354890
3.149000	-4.840790
3.150000	-4.325630
3.151000	-4.325630
3.152000	-4.840790
3.153000	-4.840790
3.154000	-5.354890
3.155000	-4.325630
3.156000	-5.354890
3.157000	-4.840790
3.158000	-5.354890
3.159000	-4.840790
3.160000	-4.325630
3.161000	-4.840790
3.162000	-4.840790
3.163000	-4.325630
3.164000	-3.811530
3.165000	-3.811530
3.166000	-3.811530
3.167000	-3.811530
3.168000	-4.325630
3.169000	-4.325630
3.170000	-4.840790
3.171000	-5.354890
3.172000	-5.354890
3.173000	-4.840790
3.174000	-4.840790
3.175000	-5.354890
3.176000	-4.325630
3.177000	-3.811530
3.178000	-4.325630
3.179000	-5.354890
3.180000	-5.354890
3.181000	-5.354890
3.182000	-5.354890
3.183000	-5.354890
3.184000	-4.325630
3.185000	-4.840790
3.186000	-4.325630
3.187000	-4.325630
3.188000	-4.840790
3.189000	-5.868990
3.190000	-5.868990
3.191000	-5.868990
3.192000	-6.383100
3.193000	-5.868990
3.194000	-4.840790
3.195000	-4.840790
3.196000	-4.840790
3.197000	-4.325630
3.198000	-4.840790
3.199000	-5.354890
3.200000	-5.868990
3.201000	-5.354890
3.202000	-5.354890
3.203000	-5.868990
3.204000	-5.354890
3.205000	-5.354890
3.206000	-4.325630
3.207000	-4.325630
3.208000	-4.325630
3.209000	-4.840790
3.210000	-5.354890
3.211000	-5.354890
3.212000	-5.354890
3.213000	-5.354890
3.214000	-4.325630
3.215000	-3.811530
3.216000	-4.325630
3.217000	-4.325630
3.218000	-4.840790
3.219000	-4.325630
3.220000	-5.354890
3.221000	-4.840790
3.222000	-4.325630
3.223000	-4.325630
3.224000	-4.325630
3.225000	-4.325630
3.226000	-4.325630
3.227000	-4.840790
3.228000	-3.811530
3.229000	-4.325630
3.230000	-4.325630
3.231000	-4.325630
3.232000	-3.811530
3.233000	-5.354890
3.234000	-4.325630
3.235000	-5.354890
3.236000	-5.354890
3.237000	-4.840790
3.238000	-4.840790
3.239000	-4.840790
3.240000	-4.840790
3.241000	-4.840790
3.242000	-5.354890
3.243000	-4.325630
3.244000	-5.354890
3.245000	-5.354890
3.246000	-5.354890
3.247000	-5.354890
3.248000	-5.354890
3.249000	-4.840790
3.250000	-4.325630
3.251000	-4.325630
3.252000	-4.325630
3.253000	-4.840790
3.254000	-5.354890
3.255000	-5.354890
3.256000	-5.354890
3.257000	-5.354890
3.258000	-4.840790
3.259000	-5.354890
3.260000	-4.840790
3.261000	-4.325630
3.262000	-3.811530
3.263000	-4.325630
3.264000	-5.868990
3.265000	-4.840790
3.266000	-5.354890
3.267000	-5.354890
3.268000	-5.354890
3.269000	-4.840790
3.270000	-4.840790
3.271000	-5.354890
3.272000	-4.325630
3.273000	-4.840790
3.274000	-4.840790
3.275000	-5.354890
3.276000	-5.354890
3.277000	-4.840790
3.278000	-4.840790
3.279000	-4.840790
3.280000	-4.325630
3.281000	-4.325630
3.282000	-3.811530
3.283000	-4.325630
3.284000	-4.325630
3.285000	-4.840790
3.286000	-5.354890
3.287000	-4.325630
3.288000	-4.325630
3.289000	-4.325630
3.290000	-4.325630
3.291000	-4.325630
3.292000	-4.325630
3.293000	-4.325630
3.294000	-4.325630
3.295000	-5.354890
3.296000	-4.325630
3.297000	-3.811530
3.298000	-4.325630
3.299000	-4.325630
3.300000	-4.840790
3.301000	-5.868990
3.302000	-5.354890
3.303000	-5.354890
3.304000	-4.840790
3.305000	-4.325630
3.306000	-3.811530
3.307000	-5.354890
3.308000	-5.354890
3.309000	-5.868990
3.310000	-5.868990
3.311000	-5.354890
3.312000	-5.354890
3.313000	-4.840790
3.314000	-4.840790
3.315000	-4.325630
3.316000	-4.325630
3.317000	-4.840790
3.318000	-5.354890
3.319000	-6.383100
3.320000	-5.868990
3.321000	-6.383100
3.322000	-6.383100
3.323000	-4.840790
3.324000	-4.840790
3.325000	-4.840790
3.326000	-4.840790
3.327000	-4.840790
3.328000	-4.840790
3.329000	-5.354890
3.330000	-4.840790
3.331000	-5.354890
3.332000	-4.840790
3.333000	-4.325630
3.334000	-4.325630
3.335000	-4.325630
3.336000	-4.325630
3.337000	-4.325630
3.338000	-5.868990
3.339000	-5.354890
3.340000	-5.354890
3.341000	-4.840790
3.342000	-5.354890
3.343000	-4.325630
3.344000	-4.840790
3.345000	-3.297420
3.346000	-3.811530
3.347000	-3.811530
3.348000	-4.325630
3.349000	-4.325630
3.350000	-4.325630
3.351000	-4.325630
3.352000	-4.840790
3.353000	-4.325630
3.354000	-4.840790
3.355000	-4.840790
3.356000	-4.325630
3.357000	-5.354890
3.358000	-5.354890
3.359000	-4.840790
3.360000	-4.840790
3.361000	-5.354890
3.362000	-4.840790
3.363000	-4.325630
3.364000	-4.840790
3.365000	-4.840790
3.366000	-4.840790
3.367000	-4.840790
3.368000	-4.840790
3.369000	-5.354890
3.370000	-5.354890
3.371000	-4.840790
3.372000	-5.354890
3.373000	-5.868990
3.374000	-5.868990
3.375000	-4.840790
3.376000	-5.868990
3.377000	-5.354890
3.378000	-4.840790
3.379000	-4.325630
3.380000	-4.840790
3.381000	-4.325630
3.382000	-4.840790
3.383000	-5.868990
3.384000	-4.840790
3.385000	-5.868990
3.386000	-5.354890
3.387000	-4.840790
3.388000	-5.354890
3.389000	-4.840790
3.390000	-3.811530
3.391000	-4.840790
3.392000	-5.354890
3.393000	-4.325630
3.394000	-4.840790
3.395000	-5.354890
3.396000	-4.325630
3.397000	-3.811530
3.398000	-4.325630
3.399000	-3.811530
3.400000	-4.325630
3.401000	-3.811530
3.402000	-5.354890
3.403000	-4.840790
3.404000	-4.840790
3.405000	-5.354890
3.406000	-5.354890
3.407000	-4.840790
3.408000	-4.325630
3.409000	-4.325630
3.410000	-3.811530
3.411000	-3.811530
3.412000	-4.840790
3.413000	-4.325630
3.414000	-4.840790
3.415000	-4.840790
3.416000	-4.325630
3.417000	-4.840790
3.418000	-4.840790
3.419000	-4.840790
3.420000	-5.354890
3.421000	-4.840790
3.422000	-5.354890
3.423000	-5.354890
3.424000	-4.840790
3.425000	-5.354890
3.426000	-5.354890
3.427000	-4.840790
3.428000	-5.354890
3.429000	-4.840790
3.430000	-5.354890
3.431000	-4.840790
3.432000	-5.354890
3.433000	-4.325630
3.434000	-5.354890
3.435000	-5.354890
3.436000	-6.383100
3.437000	-5.354890
3.438000	-5.868990
3.439000	-5.354890
3.440000	-5.868990
3.441000	-5.354890
3.442000	-5.868990
3.443000	-4.840790
3.444000	-4.840790
3.445000	-4.840790
3.446000	-4.840790
3.447000	-5.354890
3.448000	-5.354890
3.449000	-5.354890
3.450000	-5.354890
3.451000	-3.811530
3.452000	-4.325630
3.453000	-4.840790
3.454000	-4.840790
3.455000	-4.325630
3.456000	-3.811530
3.457000	-4.840790
3.458000	-5.354890
3.459000	-4.840790
3.460000	-4.840790
3.461000	-4.840790
3.462000	-4.325630
3.463000	-3.811530
3.464000	-4.325630
3.465000	-3.811530
3.466000	-3.811530
3.467000	-4.325630
3.468000	-5.354890
3.469000	-4.840790
3.470000	-5.354890
3.471000	-5.354890
3.472000	-5.354890
3.473000	-4.840790
3.474000	-4.840790
3.475000	-4.325630
3.476000	-5.354890
3.477000	-4.840790
3.478000	-4.840790
3.479000	-5.354890
3.480000	-5.354890
3.481000	-5.354890
3.482000	-4.840790
3.483000	-4.325630
3.484000	-4.840790
3.485000	-4.325630
3.486000	-4.840790
3.487000	-5.354890
3.488000	-4.325630
3.489000	-5.354890
3.490000	-5.354890
3.491000	-5.354890
3.492000	-5.354890
3.493000	-5.354890
3.494000	-4.325630
3.495000	-4.325630
3.496000	-4.325630
3.497000	-4.840790
3.498000	-5.354890
3.499000	-4.325630
3.500000	-4.325630
3.501000	-4.840790
3.502000	-4.840790
3.503000	-4.840790
3.504000	-4.840790
3.505000	-4.840790
3.506000	-5.354890
3.507000	-4.840790
3.508000	-5.354890
3.509000	-4.840790
3.510000	-4.325630
3.511000	-5.354890
3.512000	-5.354890
3.513000	-5.354890
3.514000	-5.354890
3.515000	-4.840790
3.516000	-5.354890
3.517000	-4.840790
3.518000	-4.325630
3.519000	-4.840790
3.520000	-4.325630
3.521000	-4.325630
3.522000	-4.840790
3.523000	-5.354890
3.524000	-5.354890
3.525000	-5.868990
3.526000	-5.354890
3.527000	-4.840790
3.528000	-4.325630
3.529000	-4.325630
3.530000	-4.325630
3.531000	-4.840790
3.532000	-4.840790
3.533000	-5.354890
3.534000	-4.840790
3.535000	-5.354890
3.536000	-5.868990
3.537000	-4.325630
3.538000	-4.840790
3.539000	-4.840790
3.540000	-4.325630
3.541000	-5.354890
3.542000	-5.354890
3.543000	-4.840790
3.544000	-5.354890
3.545000	-5.354890
3.546000	-5.354890
3.547000	-5.354890
3.548000	-4.840790
3.549000	-5.354890
3.550000	-4.325630
3.551000	-4.840790
3.552000	-6.383100
3.553000	-5.354890
3.554000	-5.868990
3.555000	-5.354890
3.556000	-5.354890
3.557000	-4.840790
3.558000	-4.840790
3.559000	-4.325630
3.560000	-5.354890
3.561000	-4.325630
3.562000	-4.840790
3.563000	-4.325630
3.564000	-4.840790
3.565000	-3.811530
3.566000	-4.840790
3.567000	-4.325630
3.568000	-4.840790
3.569000	-5.354890
3.570000	-5.354890
3.571000	-5.354890
3.572000	-5.354890
3.573000	-4.325630
3.574000	-4.325630
3.575000	-4.325630
3.576000	-3.811530
3.577000	-3.811530
3.578000	-4.840790
3.579000	-4.840790
3.580000	-4.325630
3.581000	-4.840790
3.582000	-4.840790
3.583000	-4.325630
3.584000	-5.354890
3.585000	-4.840790
3.586000	-4.840790
3.587000	-5.868990
3.588000	-4.840790
3.589000	-4.840790
3.590000	-5.354890
3.591000	-5.354890
3.592000	-5.354890
3.593000	-5.354890
3.594000	-4.840790
3.595000	-4.840790
3.596000	-4.840790
3.597000	-4.840790
3.598000	-5.354890
3.599000	-4.840790
3.600000	-4.840790
3.601000	-4.840790
3.602000	-4.325630
3.603000	-4.840790
3.604000	-4.840790
3.605000	-5.354890
3.606000	-4.325630
3.607000	-5.354890
3.608000	-5.354890
3.609000	-5.354890
3.610000	-4.840790
3.611000	-4.840790
3.612000	-4.325630
3.613000	-4.325630
3.614000	-4.325630
3.615000	-4.325630
3.616000	-4.325630
3.617000	-4.325630
3.618000	-5.354890
3.619000	-5.354890
3.620000	-4.325630
3.621000	-4.325630
3.622000	-4.325630
3.623000	-4.325630
3.624000	-4.840790
3.625000	-5.354890
3.626000	-5.354890
3.627000	-4.325630
3.628000	-4.325630
3.629000	-5.354890
3.630000	-4.325630
3.631000	-4.840790
3.632000	-3.811530
3.633000	-4.325630
3.634000	-4.840790
3.635000	-5.354890
3.636000	-5.354890
3.637000	-5.354890
3.638000	-5.354890
3.639000	-4.840790
3.640000	-5.354890
3.641000	-5.354890
3.642000	-5.354890
3.643000	-5.354890
3.644000	-4.840790
3.645000	-5.354890
3.646000	-4.325630
3.647000	-5.354890
3.648000	-5.354890
3.649000	-4.840790
3.650000	-4.840790
3.651000	-5.354890
3.652000	-5.354890
3.653000	-5.354890
3.654000	-5.354890
3.655000	-5.354890
3.656000	-4.840790
3.657000	-4.325630
3.658000	-4.840790
3.659000	-4.840790
3.660000	-4.840790
3.661000	-5.354890
3.662000	-5.354890
3.663000	-5.868990
3.664000	-4.840790
3.665000	-4.840790
3.666000	-4.840790
3.667000	-4.325630
3.668000	-4.325630
3.669000	-5.868990
3.670000	-5.354890
3.671000	-5.354890
3.672000	-5.354890
3.673000	-5.354890
3.674000	-5.868990
3.675000	-5.354890
3.676000	-4.840790
3.677000	-4.325630
3.678000	-3.297420
3.679000	-4.840790
3.680000	-5.354890
3.681000	-4.840790
3.682000	-4.840790
3.683000	-5.354890
3.684000	-4.840790
3.685000	-4.840790
3.686000	-4.840790
3.687000	-4.325630
3.688000	-4.325630
3.689000	-4.840790
3.690000	-4.325630
3.691000	-4.840790
3.692000	-5.868990
3.693000	-4.840790
3.694000	-4.325630
3.695000	-4.325630
3.696000	-4.840790
3.697000	-4.325630
3.698000	-4.840790
3.699000	-4.325630
3.700000	-4.325630
3.701000	-5.354890
3.702000	-4.840790
3.703000	-5.354890
3.704000	-5.354890
3.705000	-5.354890
3.706000	-5.354890
3.707000	-4.840790
3.708000	-5.354890
3.709000	-4.840790
3.710000	-4.840790
3.711000	-4.840790
3.712000	-4.325630
3.713000	-4.325630
3.714000	-5.868990
3.715000	-5.354890
3.716000	-4.325630
3.717000	-5.354890
3.718000	-4.840790
3.719000	-5.354890
3.720000	-4.325630
3.721000	-4.840790
3.722000	-4.840790
3.723000	-4.325630
3.724000	-5.354890
3.725000	-5.868990
3.726000	-5.354890
3.727000	-4.840790
3.728000	-4.325630
3.729000	-4.840790
3.730000	-4.840790
3.731000	-4.325630
3.732000	-4.325630
3.733000	-3.811530
3.734000	-4.325630
3.735000	-4.840790
3.736000	-4.840790
3.737000	-5.354890
3.738000	-4.840790
3.739000	-4.840790
3.740000	-4.840790
3.741000	-4.840790
3.742000	-5.354890
3.743000	-4.840790
3.744000	-4.325630
3.745000	-4.325630
3.746000	-4.840790
3.747000	-4.840790
3.748000	-5.354890
3.749000	-5.354890
3.750000	-4.840790
3.751000	-4.840790
3.752000	-4.840790
3.753000	-4.325630
3.754000	-4.840790
3.755000	-4.840790
3.756000	-5.354890
3.757000	-5.868990
3.758000	-5.868990
3.759000	-4.840790
3.760000	-5.354890
3.761000	-4.325630
3.762000	-4.325630
3.763000	-4.325630
3.764000	-4.840790
3.765000	-4.840790
3.766000	-5.354890
3.767000	-5.354890
3.768000	-5.354890
3.769000	-5.354890
3.770000	-5.354890
3.771000	-5.354890
3.772000	-4.840790
3.773000	-4.325630
3.774000	-5.354890
3.775000	-4.840790
3.776000	-4.840790
3.777000	-4.840790
3.778000	-3.811530
3.779000	-4.840790
3.780000	-4.840790
3.781000	-4.840790
3.782000	-4.325630
3.783000	-4.840790
3.784000	-4.325630
3.785000	-4.325630
3.786000	-5.354890
3.787000	-3.811530
3.788000	-4.840790
3.789000	-4.840790
3.790000	-5.354890
3.791000	-5.354890
3.792000	-4.840790
3.793000	-5.354890
3.794000	-4.840790
3.795000	-4.325630
3.796000	-4.325630
3.797000	-3.811530
3.798000	-4.840790
3.799000	-4.325630
3.800000	-4.840790
3.801000	-4.840790
3.802000	-4.840790
3.803000	-4.840790
3.804000	-4.840790
3.805000	-4.325630
3.806000	-4.840790
3.807000	-4.325630
3.808000	-4.840790
3.809000	-4.840790
3.810000	-4.840790
3.811000	-4.840790
3.812000	-5.354890
3.813000	-4.325630
3.814000	-5.354890
3.815000	-4.325630
3.816000	-4.325630
3.817000	-4.840790
3.818000	-4.840790
3.819000	-4.840790
3.820000	-5.354890
3.821000	-5.868990
3.822000	-5.354890
3.823000	-4.325630
3.824000	-4.325630
3.825000	-5.354890
3.826000	-4.325630
3.827000	-4.840790
3.828000	-5.354890
3.829000	-5.354890
3.830000	-5.354890
3.831000	-4.325630
3.832000	-4.840790
3.833000	-4.840790
3.834000	-4.840790
3.835000	-4.840790
3.836000	-4.840790
3.837000	-4.840790
3.838000	-4.840790
3.839000	-4.325630
3.840000	-4.840790
3.841000	-5.354890
3.842000	-5.354890
3.843000	-5.354890
3.844000	-4.325630
3.845000	-4.325630
3.846000	-4.325630
3.847000	-4.325630
3.848000	-4.325630
3.849000	-4.325630
3.850000	-4.840790
3.851000	-4.840790
3.852000	-4.840790
3.853000	-5.868990
3.854000	-5.354890
3.855000	-5.354890
3.856000	-4.840790
3.857000	-4.325630
3.858000	-5.354890
3.859000	-4.325630
3.860000	-4.840790
3.861000	-4.325630
3.862000	-4.325630
3.863000	-5.354890
3.864000	-5.354890
3.865000	-4.840790
3.866000	-5.354890
3.867000	-3.811530
3.868000	-4.840790
3.869000	-4.325630
3.870000	-5.354890
3.871000	-4.840790
3.872000	-5.354890
3.873000	-4.325630
3.874000	-4.840790
3.875000	-5.354890
3.876000	-5.354890
3.877000	-4.840790
3.878000	-4.840790
3.879000	-4.840790
3.880000	-4.840790
3.881000	-4.325630
3.882000	-5.354890
3.883000	-3.811530
3.884000	-4.325630
3.885000	-4.840790
3.886000	-5.868990
3.887000	-5.354890
3.888000	-5.354890
3.889000	-5.354890
3.890000	-4.325630
3.891000	-4.840790
3.892000	-4.325630
3.893000	-4.840790
3.894000	-5.354890
3.895000	-4.840790
3.896000	-5.354890
3.897000	-5.354890
3.898000	-5.354890
3.899000	-4.325630
3.900000	-4.840790
3.901000	-4.325630
3.902000	-4.840790
3.903000	-4.840790
3.904000	-4.840790
3.905000	-5.354890
3.906000	-5.354890
3.907000	-5.354890
3.908000	-4.840790
3.909000	-5.354890
3.910000	-4.840790
3.911000	-4.840790
3.912000	-4.840790
3.913000	-4.325630
3.914000	-4.840790
3.915000	-4.840790
3.916000	-4.840790
3.917000	-4.840790
3.918000	-5.354890
3.919000	-3.811530
3.920000	-4.840790
3.921000	-5.354890
3.922000	-4.840790
3.923000	-4.840790
3.924000	-4.325630
3.925000	-5.354890
3.926000	-5.354890
3.927000	-5.354890
3.928000	-4.840790
3.929000	-4.840790
3.930000	-5.354890
3.931000	-4.325630
3.932000	-4.840790
3.933000	-4.325630
3.934000	-4.325630
3.935000	-4.325630
3.936000	-4.840790
3.937000	-5.868990
3.938000	-5.354890
3.939000	-4.325630
3.940000	-4.840790
3.941000	-5.354890
3.942000	-4.325630
3.943000	-4.840790
3.944000	-4.840790
3.945000	-4.325630
3.946000	-4.325630
3.947000	-4.325630
3.948000	-4.325630
3.949000	-4.325630
3.950000	-5.354890
3.951000	-4.840790
3.952000	-5.354890
3.953000	-4.840790
3.954000	-4.840790
3.955000	-4.840790
3.956000	-4.840790
3.957000	-5.354890
3.958000	-5.354890
3.959000	-5.354890
3.960000	-5.354890
3.961000	-4.840790
3.962000	-4.325630
3.963000	-4.840790
3.964000	-5.354890
3.965000	-4.325630
3.966000	-4.325630
3.967000	-4.325630
3.968000	-4.325630
3.969000	-4.840790
3.970000	-4.840790
3.971000	-4.840790
3.972000	-4.840790
3.973000	-4.840790
3.974000	-4.840790
3.975000	-4.840790
3.976000	-4.325630
3.977000	-4.325630
3.978000	-4.840790
3.979000	-4.325630
3.980000	-4.325630
3.981000	-4.840790
3.982000	-5.354890
3.983000	-4.840790
3.984000	-4.325630
3.985000	-4.325630
3.986000	-4.840790
3.987000	-4.840790
3.988000	-4.840790
3.989000	-5.354890
3.990000	-5.354890
3.991000	-5.354890
3.992000	-5.354890
3.993000	-5.354890
3.994000	-4.325630
3.995000	-4.840790
3.996000	-4.325630
3.997000	-4.840790
3.998000	-5.354890
3.999000	-4.325630
4.000000	-4.840790
4.001000	-4.840790
4.002000	-4.840790
4.003000	-5.354890
4.004000	-5.354890
4.005000	-5.354890
4.006000	-5.354890
4.007000	-4.840790
4.008000	-4.840790
4.009000	-4.840790
4.010000	-4.840790
4.011000	-4.840790
4.012000	-4.840790
4.013000	-4.325630
4.014000	-4.325630
4.015000	-5.354890
4.016000	-4.325630
4.017000	-4.840790
4.018000	-3.811530
4.019000	-4.325630
4.020000	-4.840790
4.021000	-4.325630
4.022000	-5.868990
4.023000	-4.840790
4.024000	-4.840790
4.025000	-4.840790
4.026000	-5.354890
4.027000	-5.354890
4.028000	-4.325630
4.029000	-4.840790
4.030000	-4.325630
4.031000	-4.325630
4.032000	-4.840790
4.033000	-5.354890
4.034000	-5.354890
4.035000	-4.840790
4.036000	-5.354890
4.037000	-5.354890
4.038000	-5.354890
4.039000	-4.840790
4.040000	-4.840790
4.041000	-4.325630
4.042000	-4.840790
4.043000	-4.325630
4.044000	-4.325630
4.045000	-4.325630
4.046000	-5.354890
4.047000	-5.354890
4.048000	-4.840790
4.049000	-4.840790
4.050000	-3.811530
4.051000	-4.325630
4.052000	-3.811530
4.053000	-4.840790
4.054000	-5.354890
4.055000	-4.840790
4.056000	-4.325630
4.057000	-5.354890
4.058000	-5.354890
4.059000	-4.840790
4.060000	-5.354890
4.061000	-5.354890
4.062000	-4.325630
4.063000	-4.840790
4.064000	-4.325630
4.065000	-4.840790
4.066000	-4.840790
4.067000	-4.325630
4.068000	-4.840790
4.069000	-4.840790
4.070000	-5.354890
4.071000	-5.354890
4.072000	-4.325630
4.073000	-5.354890
4.074000	-4.325630
4.075000	-4.840790
4.076000	-5.354890
4.077000	-5.354890
4.078000	-5.354890
4.079000	-5.354890
4.080000	-4.840790
4.081000	-5.354890
4.082000	-5.354890
4.083000	-4.840790
4.084000	-4.325630
4.085000	-3.811530
4.086000	-5.354890
4.087000	-5.354890
4.088000	-4.840790
4.089000	-5.354890
4.090000	-4.840790
4.091000	-4.840790
4.092000	-5.354890
4.093000	-5.354890
4.094000	-4.325630
4.095000	-4.325630
4.096000	-4.840790
4.097000	-4.325630
4.098000	-5.354890
4.099000	-4.840790
4.100000	-4.840790
4.101000	-4.840790
4.102000	-5.354890
4.103000	-4.840790
4.104000	-4.840790
4.105000	-5.354890
4.106000	-4.325630
4.107000	-4.840790
4.108000	-4.325630
4.109000	-4.840790
4.110000	-4.840790
4.111000	-4.325630
4.112000	-4.840790
4.113000	-4.840790
4.114000	-4.840790
4.115000	-4.325630
4.116000	-4.325630
4.117000	-5.354890
4.118000	-5.354890
4.119000	-5.868990
4.120000	-5.868990
4.121000	-5.354890
4.122000	-4.325630
4.123000	-4.840790
4.124000	-5.354890
4.125000	-4.840790
4.126000	-4.325630
4.127000	-4.325630
4.128000	-4.325630
4.129000	-4.325630
4.130000	-4.840790
4.131000	-5.354890
4.132000	-5.354890
4.133000	-4.325630
4.134000	-5.354890
4.135000	-4.840790
4.136000	-4.325630
4.137000	-4.840790
4.138000	-5.354890
4.139000	-4.840790
4.140000	-5.354890
4.141000	-4.325630
4.142000	-4.325630
4.143000	-5.354890
4.144000	-4.840790
4.145000	-4.840790
4.146000	-4.840790
4.147000	-3.811530
4.148000	-4.325630
4.149000	-5.354890
4.150000	-4.325630
4.151000	-4.840790
4.152000	-5.354890
4.153000	-5.354890
4.154000	-4.840790
4.155000	-4.840790
4.156000	-5.354890
4.157000	-5.354890
4.158000	-4.325630
4.159000	-4.840790
4.160000	-4.840790
4.161000	-4.325630
4.162000	-4.840790
4.163000	-4.325630
4.164000	-4.840790
4.165000	-5.354890
4.166000	-4.325630
4.167000	-4.325630
4.168000	-4.325630
4.169000	-4.325630
4.170000	-4.840790
4.171000	-5.354890
4.172000	-5.354890
4.173000	-4.325630
4.174000	-4.840790
4.175000	-5.354890
4.176000	-5.868990
4.177000	-4.840790
4.178000	-4.840790
4.179000	-4.325630
4.180000	-4.840790
4.181000	-4.840790
4.182000	-4.840790
4.183000	-4.840790
4.184000	-5.354890
4.185000	-4.840790
4.186000	-5.354890
4.187000	-5.354890
4.188000	-5.354890
4.189000	-5.354890
4.190000	-4.325630
4.191000	-4.840790
4.192000	-5.868990
4.193000	-4.325630
4.194000	-5.354890
4.195000	-4.840790
4.196000	-4.840790
4.197000	-5.354890
4.198000	-4.840790
4.199000	-4.325630
4.200000	-4.325630
4.201000	-4.840790
4.202000	-5.354890
4.203000	-5.354890
4.204000	-5.354890
4.205000	-4.840790
4.206000	-5.354890
4.207000	-5.354890
4.208000	-5.354890
4.209000	-4.840790
4.210000	-5.354890
4.211000	-4.325630
4.212000	-4.325630
4.213000	-4.325630
4.214000	-4.325630
4.215000	-4.325630
4.216000	-4.840790
4.217000	-4.840790
4.218000	-4.840790
4.219000	-4.840790
4.220000	-5.354890
4.221000	-4.325630
4.222000	-4.840790
4.223000	-4.840790
4.224000	-4.840790
4.225000	-4.840790
4.226000	-4.325630
4.227000	-4.325630
4.228000	-4.840790
4.229000	-4.840790
4.230000	-4.325630
4.231000	-4.325630
4.232000	-4.840790
4.233000	-4.325630
4.234000	-5.354890
4.235000	-5.354890
4.236000	-5.354890
4.237000	-5.354890
4.238000	-4.840790
4.239000	-5.354890
4.240000	-5.354890
4.241000	-5.354890
4.242000	-5.354890
4.243000	-5.354890
4.244000	-4.325630
4.245000	-4.325630
4.246000	-5.354890
4.247000	-4.325630
4.248000	-4.325630
4.249000	-5.354890
4.250000	-5.354890
4.251000	-4.325630
4.252000	-4.325630
4.253000	-4.840790
4.254000	-4.325630
4.255000	-4.840790
4.256000	-5.354890
4.257000	-5.354890
4.258000	-5.354890
4.259000	-5.868990
4.260000	-5.354890
4.261000	-4.325630
4.262000	-5.354890
4.263000	-4.840790
4.264000	-4.840790
4.265000	-4.325630
4.266000	-4.840790
4.267000	-5.354890
4.268000	-4.325630
4.269000	-5.354890
4.270000	-4.325630
4.271000	-4.840790
4.272000	-4.840790
4.273000	-4.325630
4.274000	-4.840790
4.275000	-5.354890
4.276000	-4.840790
4.277000	-4.840790
4.278000	-4.840790
4.279000	-5.354890
4.280000	-4.325630
4.281000	-5.354890
4.282000	-4.840790
4.283000	-4.840790
4.284000	-4.840790
4.285000	-5.354890
4.286000	-4.840790
4.287000	-5.354890
4.288000	-4.840790
4.289000	-4.840790
4.290000	-4.325630
4.291000	-4.840790
4.292000	-5.354890
4.293000	-5.354890
4.294000	-4.840790
4.295000	-3.811530
4.296000	-4.325630
4.297000	-3.811530
4.298000	-4.325630
4.299000	-4.325630
4.300000	-4.325630
4.301000	-4.325630
4.302000	-5.354890
4.303000	-5.354890
4.304000	-4.840790
4.305000	-5.354890
4.306000	-4.840790
4.307000	-4.840790
4.308000	-4.840790
4.309000	-4.840790
4.310000	-5.354890
4.311000	-5.354890
4.312000	-5.354890
4.313000	-5.354890
4.314000	-5.354890
4.315000	-4.325630
4.316000	-4.325630
4.317000	-4.325630
4.318000	-4.840790
4.319000	-4.840790
4.320000	-5.354890
4.321000	-5.354890
4.322000	-4.840790
4.323000	-4.840790
4.324000	-5.354890
4.325000	-5.354890
4.326000	-5.868990
4.327000	-4.840790
4.328000	-4.840790
4.329000	-4.840790
4.330000	-4.325630
4.331000	-5.354890
4.332000	-4.840790
4.333000	-4.840790
4.334000	-4.325630
4.335000	-4.840790
4.336000	-5.354890
4.337000	-4.840790
4.338000	-4.840790
4.339000	-4.840790
4.340000	-5.354890
4.341000	-4.840790
4.342000	-5.354890
4.343000	-5.354890
4.344000	-4.840790
4.345000	-4.840790
4.346000	-4.840790
4.347000	-4.325630
4.348000	-4.840790
4.349000	-4.325630
4.350000	-4.325630
4.351000	-4.840790
4.352000	-4.840790
4.353000	-4.840790
4.354000	-5.354890
4.355000	-4.840790
4.356000	-4.840790
4.357000	-4.840790
4.358000	-5.354890
4.359000	-5.354890
4.360000	-4.325630
4.361000	-4.325630
4.362000	-4.840790
4.363000	-4.325630
4.364000	-5.354890
4.365000	-4.840790
4.366000	-4.840790
4.367000	-5.354890
4.368000	-4.840790
4.369000	-4.325630
4.370000	-5.354890
4.371000	-4.840790
4.372000	-4.325630
4.373000	-4.325630
4.374000	-4.840790
4.375000	-5.354890
4.376000	-4.325630
4.377000	-4.840790
4.378000	-5.354890
4.379000	-4.840790
4.380000	-4.840790
4.381000	-4.325630
4.382000	-3.811530
4.383000	-3.811530
4.384000	-4.840790
4.385000	-5.354890
4.386000	-4.840790
4.387000	-5.354890
4.388000	-5.354890
4.389000	-5.354890
4.390000	-4.840790
4.391000	-5.354890
4.392000	-5.354890
4.393000	-4.325630
4.394000	-4.325630
4.395000	-4.840790
4.396000	-4.325630
4.397000	-4.325630
4.398000	-5.354890
4.399000	-4.840790
4.400000	-4.840790
4.401000	-4.325630
4.402000	-4.840790
4.403000	-5.354890
4.404000	-5.354890
4.405000	-5.354890
4.406000	-4.840790
4.407000	-5.354890
4.408000	-4.840790
4.409000	-4.840790
4.410000	-5.354890
4.411000	-5.354890
4.412000	-4.840790
4.413000	-4.325630
4.414000	-4.840790
4.415000	-4.840790
4.416000	-4.325630
4.417000	-4.325630
4.418000	-4.840790
4.419000	-4.325630
4.420000	-4.840790
4.421000	-4.840790
4.422000	-4.325630
4.423000	-4.840790
4.424000	-4.325630
4.425000	-4.840790
4.426000	-4.840790
4.427000	-5.354890
4.428000	-4.840790
4.429000	-4.840790
4.430000	-5.354890
4.431000	-5.354890
4.432000	-5.354890
4.433000	-5.354890
4.434000	-4.840790
4.435000	-5.354890
4.436000	-4.325630
4.437000	-5.354890
4.438000	-4.840790
4.439000	-4.325630
4.440000	-5.354890
4.441000	-5.868990
4.442000	-5.868990
4.443000	-5.354890
4.444000	-5.354890
4.445000	-3.811530
4.446000	-4.840790
4.447000	-4.325630
4.448000	-4.840790
4.449000	-4.840790
4.450000	-4.325630
4.451000	-5.354890
4.452000	-4.840790
4.453000	-5.354890
4.454000	-5.354890
4.455000	-5.354890
4.456000	-5.354890
4.457000	-4.325630
4.458000	-5.354890
4.459000	-5.354890
4.460000	-4.325630
4.461000	-4.840790
4.462000	-4.840790
4.463000	-4.325630
4.464000	-4.840790
4.465000	-4.325630
4.466000	-4.840790
4.467000	-4.840790
4.468000	-4.840790
4.469000	-4.840790
4.470000	-5.354890
4.471000	-5.354890
4.472000	-5.868990
4.473000	-3.811530
4.474000	-4.840790
4.475000	-4.840790
4.476000	-5.354890
4.477000	-4.325630
4.478000	-4.325630
4.479000	-4.840790
4.480000	-4.325630
4.481000	-4.325630
4.482000	-4.840790
4.483000	-4.325630
4.484000	-4.325630
4.485000	-4.840790
4.486000	-4.840790
4.487000	-4.840790
4.488000	-5.354890
4.489000	-4.840790
4.490000	-5.354890
4.491000	-5.354890
4.492000	-5.354890
4.493000	-4.840790
4.494000	-5.354890
4.495000	-5.354890
4.496000	-5.354890
4.497000	-4.840790
4.498000	-4.840790
4.499000	-5.354890
4.500000	-3.811530
4.501000	-4.325630
4.502000	-4.840790
4.503000	-5.354890
4.504000	-5.354890
4.505000	-4.840790
4.506000	-4.325630
4.507000	-4.840790
4.508000	-4.325630
4.509000	-5.354890
4.510000	-4.840790
4.511000	-4.840790
4.512000	-4.325630
4.513000	-4.325630
4.514000	-4.840790
4.515000	-4.840790
4.516000	-4.840790
4.517000	-4.840790
4.518000	-4.840790
4.519000	-5.354890
4.520000	-5.354890
4.521000	-4.840790
4.522000	-4.840790
4.523000	-4.325630
4.524000	-5.354890
4.525000	-4.840790
4.526000	-4.840790
4.527000	-4.840790
4.528000	-5.354890
4.529000	-4.325630
4.530000	-4.840790
4.531000	-4.840790
4.532000	-5.354890
4.533000	-4.840790
4.534000	-4.325630
4.535000	-5.354890
4.536000	-5.354890
4.537000	-4.840790
4.538000	-5.354890
4.539000	-3.811530
4.540000	-4.325630
4.541000	-4.840790
4.542000	-4.325630
4.543000	-4.840790
4.544000	-4.840790
4.545000	-4.840790
4.546000	-4.325630
4.547000	-4.840790
4.548000	-5.354890
4.549000	-4.840790
4.550000	-4.325630
4.551000	-5.354890
4.552000	-5.354890
4.553000	-5.868990
4.554000	-4.840790
4.555000	-5.354890
4.556000	-5.354890
4.557000	-4.840790
4.558000	-5.354890
4.559000	-4.840790
4.560000	-4.840790
4.561000	-4.840790
4.562000	-4.325630
4.563000	-4.840790
4.564000	-4.840790
4.565000	-5.354890
4.566000	-5.354890
4.567000	-4.840790
4.568000	-4.840790
4.569000	-4.840790
4.570000	-5.354890
4.571000	-4.840790
4.572000	-4.840790
4.573000	-3.811530
4.574000	-4.840790
4.575000	-5.354890
4.576000	-4.840790
4.577000	-4.325630
4.578000	-4.840790
4.579000	-5.354890
4.580000	-4.840790
4.581000	-4.840790
4.582000	-4.840790
4.583000	-4.840790
4.584000	-4.325630
4.585000	-4.325630
4.586000	-5.354890
4.587000	-4.325630
4.588000	-4.840790
4.589000	-5.354890
4.590000	-5.354890
4.591000	-4.840790
4.592000	-5.354890
4.593000	-5.354890
4.594000	-4.325630
4.595000	-4.325630
4.596000	-4.325630
4.597000	-5.354890
4.598000	-5.354890
4.599000	-4.840790
4.600000	-4.325630
4.601000	-4.840790
4.602000	-4.840790
4.603000	-4.840790
4.604000	-4.840790
4.605000	-4.840790
4.606000	-4.325630
4.607000	-4.840790
4.608000	-5.354890
4.609000	-3.811530
4.610000	-4.840790
4.611000	-4.325630
4.612000	-4.325630
4.613000	-5.354890
4.614000	-4.840790
4.615000	-5.354890
4.616000	-4.325630
4.617000	-4.325630
4.618000	-4.840790
4.619000	-4.840790
4.620000	-4.840790
4.621000	-4.840790
4.622000	-4.325630
4.623000	-4.325630
4.624000	-5.354890
4.625000	-4.325630
4.626000	-5.354890
4.627000	-4.840790
4.628000	-4.840790
4.629000	-4.325630
4.630000	-5.354890
4.631000	-5.354890
4.632000	-4.325630
4.633000	-5.354890
4.634000	-4.325630
4.635000	-5.354890
4.636000	-4.325630
4.637000	-4.840790
4.638000	-5.354890
4.639000	-5.354890
4.640000	-4.840790
4.641000	-4.840790
4.642000	-4.840790
4.643000	-5.354890
4.644000	-4.325630
4.645000	-4.325630
4.646000	-4.840790
4.647000	-4.325630
4.648000	-4.325630
4.649000	-4.840790
4.650000	-4.325630
4.651000	-4.840790
4.652000	-4.840790
4.653000	-4.840790
4.654000	-4.840790
4.655000	-4.840790
4.656000	-5.354890
4.657000	-4.840790
4.658000	-4.840790
4.659000	-5.354890
4.660000	-4.840790
4.661000	-4.840790
4.662000	-4.325630
4.663000	-4.840790
4.664000	-4.840790
4.665000	-4.325630
4.666000	-5.354890
4.667000	-4.325630
4.668000	-4.840790
4.669000	-4.325630
4.670000	-4.325630
4.671000	-4.840790
4.672000	-4.840790
4.673000	-4.840790
4.674000	-4.325630
4.675000	-4.840790
4.676000	-5.354890
4.677000	-4.840790
4.678000	-5.354890
4.679000	-5.868990
4.680000	-4.325630
4.681000	-4.325630
4.682000	-4.325630
4.683000	-4.325630
4.684000	-4.840790
4.685000	-5.354890
4.686000	-5.354890
4.687000	-5.354890
4.688000	-4.325630
4.689000	-5.354890
4.690000	-4.840790
4.691000	-4.325630
4.692000	-4.325630
4.693000	-5.354890
4.694000	-4.325630
4.695000	-4.840790
4.696000	-4.840790
4.697000	-4.325630
4.698000	-4.840790
4.699000	-4.325630
4.700000	-4.840790
4.701000	-4.840790
4.702000	-5.354890
4.703000	-4.325630
4.704000	-5.354890
4.705000	-5.354890
4.706000	-4.840790
4.707000	-5.354890
4.708000	-4.325630
4.709000	-5.354890
4.710000	-4.325630
4.711000	-4.840790
4.712000	-4.840790
4.713000	-4.325630
4.714000	-4.325630
4.715000	-4.840790
4.716000	-5.354890
4.717000	-5.354890
4.718000	-4.325630
4.719000	-4.840790
4.720000	-4.840790
4.721000	-4.840790
4.722000	-5.868990
4.723000	-4.325630
4.724000	-4.840790
4.725000	-4.840790
4.726000	-5.354890
4.727000	-4.325630
4.728000	-5.354890
4.729000	-5.354890
4.730000	-4.325630
4.731000	-4.840790
4.732000	-4.840790
4.733000	-4.840790
4.734000	-4.325630
4.735000	-3.811530
4.736000	-5.354890
4.737000	-4.840790
4.738000	-5.354890
4.739000	-5.354890
4.740000	-4.840790
4.741000	-5.354890
4.742000	-5.354890
4.743000	-4.840790
4.744000	-4.840790
4.745000	-4.325630
4.746000	-4.325630
4.747000	-4.840790
4.748000	-5.354890
4.749000	-4.840790
4.750000	-4.840790
4.751000	-4.840790
4.752000	-4.840790
4.753000	-4.840790
4.754000	-5.354890
4.755000	-5.354890
4.756000	-4.840790
4.757000	-4.840790
4.758000	-5.354890
4.759000	-5.868990
4.760000	-4.325630
4.761000	-4.840790
4.762000	-4.840790
4.763000	-4.325630
4.764000	-5.354890
4.765000	-4.840790
4.766000	-4.840790
4.767000	-4.325630
4.768000	-4.840790
4.769000	-4.840790
4.770000	-5.354890
4.771000	-4.840790
4.772000	-4.840790
4.773000	-5.354890
4.774000	-4.840790
4.775000	-4.325630
4.776000	-5.354890
4.777000	-5.354890
4.778000	-4.325630
4.779000	-4.840790
4.780000	-3.811530
4.781000	-4.325630
4.782000	-4.325630
4.783000	-4.325630
4.784000	-5.354890
4.785000	-5.354890
4.786000	-5.354890
4.787000	-4.840790
4.788000	-5.354890
4.789000	-4.840790
4.790000	-4.840790
4.791000	-5.354890
4.792000	-4.840790
4.793000	-4.840790
4.794000	-5.354890
4.795000	-4.840790
4.796000	-5.354890
4.797000	-5.354890
4.798000	-4.325630
4.799000	-4.840790
4.800000	-4.840790
4.801000	-4.325630
4.802000	-3.811530
4.803000	-5.354890
4.804000	-4.325630
4.805000	-5.354890
4.806000	-5.354890
4.807000	-4.840790
4.808000	-4.840790
4.809000	-4.840790
4.810000	-4.325630
4.811000	-4.325630
4.812000	-4.325630
4.813000	-4.840790
4.814000	-4.840790
4.815000	-4.325630
4.816000	-4.325630
4.817000	-4.840790
4.818000	-4.840790
4.819000	-5.354890
4.820000	-4.840790
4.821000	-4.840790
4.822000	-4.325630
4.823000	-4.840790
4.824000	-4.325630
4.825000	-4.840790
4.826000	-5.354890
4.827000	-4.840790
4.828000	-4.325630
4.829000	-4.840790
4.830000	-5.354890
4.831000	-4.840790
4.832000	-5.354890
4.833000	-4.840790
4.834000	-3.811530
4.835000	-4.325630
4.836000	-4.840790
4.837000	-4.840790
4.838000	-4.840790
4.839000	-4.840790
4.840000	-5.354890
4.841000	-4.325630
4.842000	-5.868990
4.843000	-4.325630
4.844000	-4.840790
4.845000	-4.840790
4.846000	-4.840790
4.847000	-4.840790
4.848000	-4.840790
4.849000	-4.325630
4.850000	-4.840790
4.851000	-4.840790
4.852000	-5.354890
4.853000	-5.354890
4.854000	-4.840790
4.855000	-5.354890
4.856000	-4.840790
4.857000	-5.354890
4.858000	-4.325630
4.859000	-4.840790
4.860000	-4.325630
4.861000	-4.325630
4.862000	-4.840790
4.863000	-4.840790
4.864000	-4.840790
4.865000	-4.325630
4.866000	-4.840790
4.867000	-4.840790
4.868000	-5.354890
4.869000	-4.325630
4.870000	-4.840790
4.871000	-4.325630
4.872000	-4.840790
4.873000	-4.840790
4.874000	-4.840790
4.875000	-5.354890
4.876000	-4.840790
4.877000	-5.354890
4.878000	-3.811530
4.879000	-5.354890
4.880000	-4.840790
4.881000	-3.811530
4.882000	-4.840790
4.883000	-4.325630
4.884000	-4.325630
4.885000	-4.840790
4.886000	-4.840790
4.887000	-5.354890
4.888000	-4.325630
4.889000	-4.840790
4.890000	-4.840790
4.891000	-4.325630
4.892000	-5.354890
4.893000	-4.325630
4.894000	-4.840790
4.895000	-3.811530
4.896000	-5.354890
4.897000	-4.840790
4.898000	-5.354890
4.899000	-4.325630
4.900000	-5.354890
4.901000	-5.354890
4.902000	-4.840790
4.903000	-4.325630
4.904000	-4.840790
4.905000	-4.840790
4.906000	-5.354890
4.907000	-4.325630
4.908000	-5.354890
4.909000	-5.354890
4.910000	-5.354890
4.911000	-4.840790
4.912000	-4.840790
4.913000	-4.325630
4.914000	-4.325630
4.915000	-5.354890
4.916000	-4.325630
4.917000	-3.811530
4.918000	-5.354890
4.919000	-4.840790
4.920000	-5.354890
4.921000	-5.354890
4.922000	-5.354890
4.923000	-5.354890
4.924000	-4.840790
4.925000	-4.840790
4.926000	-4.325630
4.927000	-4.325630
4.928000	-4.840790
4.929000	-4.840790
4.930000	-4.325630
4.931000	-5.354890
4.932000	-4.325630
4.933000	-4.325630
4.934000	-4.840790
4.935000	-5.354890
4.936000	-4.325630
4.937000	-4.840790
4.938000	-4.325630
4.939000	-5.354890
4.940000	-4.840790
4.941000	-4.840790
4.942000	-5.868990
4.943000	-5.354890
4.944000	-4.840790
4.945000	-4.840790
4.946000	-4.840790
4.947000	-4.840790
4.948000	-4.325630
4.949000	-4.325630
4.950000	-4.325630
4.951000	-4.840790
4.952000	-4.840790
4.953000	-5.354890
4.954000	-4.840790
4.955000	-4.840790
4.956000	-4.840790
4.957000	-4.325630
4.958000	-4.840790
4.959000	-4.840790
4.960000	-4.840790
4.961000	-5.354890
4.962000	-4.840790
4.963000	-4.325630
4.964000	-5.354890
4.965000	-4.840790
4.966000	-4.840790
4.967000	-4.325630
4.968000	-4.325630
4.969000	-4.325630
4.970000	-4.325630
4.971000	-5.354890
4.972000	-5.354890
4.973000	-4.840790
4.974000	-4.840790
4.975000	-4.840790
4.976000	-4.840790
4.977000	-4.325630
4.978000	-4.325630
4.979000	-4.840790
4.980000	-4.325630
4.981000	-4.325630
4.982000	-4.325630
4.983000	-4.840790
4.984000	-4.325630
4.985000	-5.354890
4.986000	-4.840790
4.987000	-4.840790
4.988000	-5.354890
4.989000	-5.354890
4.990000	-4.325630
4.991000	-4.325630
4.992000	-3.811530
4.993000	-5.354890
4.994000	-4.840790
4.995000	-4.840790
4.996000	-5.354890
4.997000	-5.354890
4.998000	-4.325630
4.999000	-4.325630
5.000000	-4.325630
5.001000	-4.325630
5.002000	-4.840790
5.003000	-5.354890
5.004000	-4.840790
5.005000	-5.354890
5.006000	-4.840790
5.007000	-5.354890
5.008000	-5.868990
5.009000	-5.354890
5.010000	-4.325630
5.011000	-5.354890
5.012000	-4.325630
5.013000	-5.354890
5.014000	-4.840790
5.015000	-4.325630
5.016000	-4.325630
5.017000	-5.354890
5.018000	-4.840790
5.019000	-4.840790
5.020000	-4.840790
5.021000	-4.840790
5.022000	-4.325630
5.023000	-4.325630
5.024000	-4.840790
5.025000	-5.354890
5.026000	-4.840790
5.027000	-4.840790
5.028000	-4.840790
5.029000	-4.840790
5.030000	-5.354890
5.031000	-5.354890
5.032000	-4.840790
5.033000	-4.325630
5.034000	-4.325630
5.035000	-4.840790
5.036000	-4.840790
5.037000	-4.325630
5.038000	-4.840790
5.039000	-4.325630
5.040000	-4.325630
5.041000	-4.840790
5.042000	-5.354890
5.043000	-4.840790
5.044000	-4.840790
5.045000	-4.325630
5.046000	-4.840790
5.047000	-4.325630
5.048000	-5.354890
5.049000	-4.325630
5.050000	-3.811530
5.051000	-5.354890
5.052000	-4.840790
5.053000	-4.840790
5.054000	-4.325630
5.055000	-4.325630
5.056000	-4.840790
5.057000	-4.840790
5.058000	-4.840790
5.059000	-4.325630
5.060000	-5.354890
5.061000	-4.325630
5.062000	-4.840790
5.063000	-4.840790
5.064000	-4.325630
5.065000	-4.325630
5.066000	-4.325630
5.067000	-4.325630
5.068000	-4.840790
5.069000	-4.840790
5.070000	-5.354890
5.071000	-5.354890
5.072000	-5.868990
5.073000	-4.325630
5.074000	-4.840790
5.075000	-5.354890
5.076000	-4.840790
5.077000	-4.840790
5.078000	-4.325630
5.079000	-4.325630
5.080000	-4.840790
5.081000	-5.354890
5.082000	-4.840790
5.083000	-4.840790
5.084000	-3.811530
5.085000	-5.354890
5.086000	-4.840790
5.087000	-5.354890
5.088000	-4.840790
5.089000	-4.840790
5.090000	-4.325630
5.091000	-4.840790
5.092000	-5.354890
5.093000	-4.840790
5.094000	-4.325630
5.095000	-4.325630
5.096000	-4.325630
5.097000	-4.325630
5.098000	-4.840790
5.099000	-5.354890
5.100000	-4.325630
5.101000	-4.325630
5.102000	-4.325630
5.103000	-4.325630
5.104000	-5.354890
5.105000	-4.840790
5.106000	-4.325630
5.107000	-4.840790
5.108000	-5.354890
5.109000	-5.354890
5.110000	-5.354890
5.111000	-4.325630
5.112000	-4.325630
5.113000	-4.840790
5.114000	-4.325630
5.115000	-4.325630
5.116000	-3.811530
5.117000	-5.354890
5.118000	-4.325630
5.119000	-4.840790
5.120000	-5.354890
5.121000	-4.840790
5.122000	-4.325630
5.123000	-4.325630
5.124000	-4.840790
5.125000	-4.840790
5.126000	-4.840790
5.127000	-3.811530
5.128000	-4.840790
5.129000	-5.354890
5.130000	-4.840790
5.131000	-4.840790
5.132000	-4.325630
5.133000	-4.325630
5.134000	-4.840790
5.135000	-4.840790
5.136000	-4.840790
5.137000	-5.354890
5.138000	-5.354890
5.139000	-4.840790
5.140000	-4.840790
5.141000	-4.840790
5.142000	-5.354890
5.143000	-4.325630
5.144000	-5.354890
5.145000	-4.840790
5.146000	-4.325630
5.147000	-5.354890
5.148000	-4.840790
5.149000	-4.325630
5.150000	-4.840790
5.151000	-5.354890
5.152000	-4.840790
5.153000	-5.354890
5.154000	-4.325630
5.155000	-4.325630
5.156000	-5.354890
5.157000	-4.840790
5.158000	-4.840790
5.159000	-4.325630
5.160000	-4.325630
5.161000	-5.354890
5.162000	-4.840790
5.163000	-4.840790
5.164000	-4.325630
5.165000	-4.840790
5.166000	-4.840790
5.167000	-4.325630
5.168000	-4.325630
5.169000	-4.840790
5.170000	-4.840790
5.171000	-5.868990
5.172000	-4.325630
5.173000	-5.354890
5.174000	-5.354890
5.175000	-5.868990
5.176000	-4.840790
5.177000	-4.325630
5.178000	-4.840790
5.179000	-3.811530
5.180000	-3.811530
5.181000	-4.840790
5.182000	-4.325630
5.183000	-4.325630
5.184000	-4.840790
5.185000	-5.354890
5.186000	-4.840790
5.187000	-5.354890
5.188000	-4.325630
5.189000	-4.840790
5.190000	-5.354890
5.191000	-5.354890
5.192000	-4.325630
5.193000	-5.354890
5.194000	-4.325630
5.195000	-4.325630
5.196000	-5.354890
5.197000	-4.325630
5.198000	-4.325630
5.199000	-5.354890
5.200000	-4.840790
5.201000	-3.811530
5.202000	-4.840790
5.203000	-5.354890
5.204000	-4.840790
5.205000	-5.354890
5.206000	-3.811530
5.207000	-5.354890
5.208000	-4.840790
5.209000	-5.354890
5.210000	-4.325630
5.211000	-4.840790
5.212000	-4.325630
5.213000	-4.325630
5.214000	-4.840790
5.215000	-4.840790
5.216000	-4.840790
5.217000	-4.840790
5.218000	-4.325630
5.219000	-5.354890
5.220000	-4.840790
5.221000	-4.325630
5.222000	-4.840790
5.223000	-4.840790
5.224000	-4.840790
5.225000	-5.354890
5.226000	-4.840790
5.227000	-4.325630
5.228000	-5.354890
5.229000	-4.840790
5.230000	-4.840790
5.231000	-4.840790
5.232000	-4.840790
5.233000	-4.325630
5.234000	-4.325630
5.235000	-4.840790
5.236000	-4.325630
5.237000	-4.840790
5.238000	-5.354890
5.239000	-4.325630
5.240000	-4.840790
5.241000	-4.325630
5.242000	-4.840790
5.243000	-4.840790
5.244000	-4.840790
5.245000	-4.325630
5.246000	-4.325630
5.247000	-4.325630
5.248000	-5.354890
5.249000	-4.325630
5.250000	-4.840790
5.251000	-4.325630
5.252000	-4.840790
5.253000	-4.840790
5.254000	-5.354890
5.255000	-5.354890
5.256000	-4.840790
5.257000	-4.840790
5.258000	-4.840790
5.259000	-4.325630
5.260000	-4.325630
5.261000	-5.354890
5.262000	-4.325630
5.263000	-4.840790
5.264000	-4.325630
5.265000	-4.840790
5.266000	-5.354890
5.267000	-3.811530
5.268000	-4.840790
5.269000	-4.840790
5.270000	-4.325630
5.271000	-4.840790
5.272000	-4.325630
5.273000	-4.840790
5.274000	-4.840790
5.275000	-5.354890
5.276000	-5.354890
5.277000	-5.354890
5.278000	-3.811530
5.279000	-4.325630
5.280000	-4.325630
5.281000	-4.840790
5.282000	-4.840790
5.283000	-4.840790
5.284000	-4.840790
5.285000	-4.840790
5.286000	-4.840790
5.287000	-5.354890
5.288000	-4.840790
5.289000	-4.840790
5.290000	-4.840790
5.291000	-4.325630
5.292000	-4.840790
5.293000	-4.325630
5.294000	-4.325630
5.295000	-5.354890
5.296000	-4.840790
5.297000	-4.325630
5.298000	-4.325630
5.299000	-4.840790
5.300000	-4.840790
5.301000	-3.811530
5.302000	-5.354890
5.303000	-4.840790
5.304000	-5.354890
5.305000	-4.840790
5.306000	-5.354890
5.307000	-4.840790
5.308000	-4.840790
5.309000	-4.325630
5.310000	-3.811530
5.311000	-4.325630
5.312000	-4.325630
5.313000	-4.840790
5.314000	-4.325630
5.315000	-4.840790
5.316000	-5.354890
5.317000	-4.325630
5.318000	-5.354890
5.319000	-4.840790
5.320000	-4.840790
5.321000	-4.325630
5.322000	-4.325630
5.323000	-5.354890
5.324000	-4.325630
5.325000	-4.840790
5.326000	-4.840790
5.327000	-4.325630
5.328000	-4.325630
5.329000	-4.325630
5.330000	-4.325630
5.331000	-3.811530
5.332000	-4.325630
5.333000	-4.325630
5.334000	-4.325630
5.335000	-4.840790
5.336000	-4.840790
5.337000	-5.354890
5.338000	-5.354890
5.339000	-4.840790
5.340000	-5.354890
5.341000	-4.840790
5.342000	-4.840790
5.343000	-4.840790
5.344000	-5.354890
5.345000	-4.325630
5.346000	-4.325630
5.347000	-4.840790
5.348000	-4.840790
5.349000	-4.840790
5.350000	-5.354890
5.351000	-5.354890
5.352000	-5.354890
5.353000	-4.325630
5.354000	-4.840790
5.355000	-4.840790
5.356000	-4.840790
5.357000	-4.840790
5.358000	-4.840790
5.359000	-5.868990
5.360000	-4.325630
5.361000	-3.811530
5.362000	-4.840790
5.363000	-4.840790
5.364000	-4.325630
5.365000	-4.840790
5.366000	-4.840790
5.367000	-4.840790
5.368000	-4.840790
5.369000	-5.354890
5.370000	-5.354890
5.371000	-5.868990
5.372000	-5.354890
5.373000	-4.840790
5.374000	-4.325630
5.375000	-5.354890
5.376000	-5.354890
5.377000	-4.840790
5.378000	-4.840790
5.379000	-4.325630
5.380000	-4.840790
5.381000	-4.840790
5.382000	-4.325630
5.383000	-4.325630
5.384000	-4.325630
5.385000	-4.840790
5.386000	-5.354890
5.387000	-4.840790
5.388000	-5.354890
5.389000	-4.325630
5.390000	-5.354890
5.391000	-5.354890
5.392000	-5.354890
5.393000	-4.325630
5.394000	-3.811530
5.395000	-4.325630
5.396000	-5.354890
5.397000	-4.840790
5.398000	-4.325630
5.399000	-4.840790
5.400000	-4.840790
5.401000	-4.840790
5.402000	-4.325630
5.403000	-5.354890
5.404000	-4.325630
5.405000	-4.325630
5.406000	-5.354890
5.407000	-5.354890
5.408000	-4.840790
5.409000	-5.354890
5.410000	-4.325630
5.411000	-5.354890
5.412000	-4.325630
5.413000	-4.840790
5.414000	-5.868990
5.415000	-5.354890
5.416000	-5.354890
5.417000	-4.325630
5.418000	-5.354890
5.419000	-4.325630
5.420000	-4.325630
5.421000	-5.868990
5.422000	-4.325630
5.423000	-5.354890
5.424000	-5.354890
5.425000	-5.868990
5.426000	-5.354890
5.427000	-4.325630
5.428000	-4.840790
5.429000	-5.354890
5.430000	-4.840790
5.431000	-5.354890
5.432000	-4.325630
5.433000	-4.325630
5.434000	-4.840790
5.435000	-4.840790
5.436000	-5.354890
5.437000	-4.840790
5.438000	-5.354890
5.439000	-4.840790
5.440000	-4.325630
5.441000	-4.325630
5.442000	-5.354890
5.443000	-5.354890
5.444000	-4.325630
5.445000	-4.840790
5.446000	-4.325630
5.447000	-4.325630
5.448000	-4.840790
5.449000	-4.840790
5.450000	-4.840790
5.451000	-4.325630
5.452000	-5.354890
5.453000	-5.354890
5.454000	-4.840790
5.455000	-4.840790
5.456000	-4.840790
5.457000	-4.325630
5.458000	-4.840790
5.459000	-5.354890
5.460000	-4.840790
5.461000	-4.840790
5.462000	-4.840790
5.463000	-5.354890
5.464000	-4.840790
5.465000	-4.840790
5.466000	-4.840790
5.467000	-4.325630
5.468000	-5.354890
5.469000	-5.354890
5.470000	-5.354890
5.471000	-5.354890
5.472000	-4.840790
5.473000	-4.325630
5.474000	-4.840790
5.475000	-4.840790
5.476000	-4.325630
5.477000	-4.840790
5.478000	-4.840790
5.479000	-4.325630
5.480000	-4.840790
5.481000	-4.325630
5.482000	-5.354890
5.483000	-4.325630
5.484000	-5.354890
5.485000	-4.840790
5.486000	-4.840790
5.487000	-5.354890
5.488000	-4.840790
5.489000	-4.325630
5.490000	-4.325630
5.491000	-5.354890
5.492000	-5.354890
5.493000	-4.840790
5.494000	-4.840790
5.495000	-4.325630
5.496000	-4.840790
5.497000	-3.811530
5.498000	-4.840790
5.499000	-4.325630
5.500000	-4.840790
