-0.500000	0.589695
-0.499000	0.589695
-0.498000	0.589695
-0.497000	0.589695
-0.496000	0.589695
-0.495000	0.589695
-0.494000	0.652486
-0.493000	0.652486
-0.492000	0.589695
-0.491000	0.589695
-0.490000	0.589695
-0.489000	0.589695
-0.488000	0.652486
-0.487000	0.589695
-0.486000	0.526904
-0.485000	0.589695
-0.484000	0.652486
-0.483000	0.526904
-0.482000	0.589695
-0.481000	0.589695
-0.480000	0.589695
-0.479000	0.652486
-0.478000	0.589695
-0.477000	0.526904
-0.476000	0.589695
-0.475000	0.589695
-0.474000	0.652486
-0.473000	0.589695
-0.472000	0.589695
-0.471000	0.526904
-0.470000	0.589695
-0.469000	0.589695
-0.468000	0.652486
-0.467000	0.589695
-0.466000	0.526904
-0.465000	0.589695
-0.464000	0.589695
-0.463000	0.589695
-0.462000	0.589695
-0.461000	0.589695
-0.460000	0.589695
-0.459000	0.526904
-0.458000	0.652486
-0.457000	0.652486
-0.456000	0.589695
-0.455000	0.589695
-0.454000	0.652486
-0.453000	0.589695
-0.452000	0.526904
-0.451000	0.589695
-0.450000	0.589695
-0.449000	0.589695
-0.448000	0.652486
-0.447000	0.652486
-0.446000	0.652486
-0.445000	0.652486
-0.444000	0.652486
-0.443000	0.589695
-0.442000	0.589695
-0.441000	0.526904
-0.440000	0.715277
-0.439000	0.589695
-0.438000	0.589695
-0.437000	0.589695
-0.436000	0.589695
-0.435000	0.652486
-0.434000	0.589695
-0.433000	0.526904
-0.432000	0.589695
-0.431000	0.589695
-0.430000	0.589695
-0.429000	0.589695
-0.428000	0.589695
-0.427000	0.652486
-0.426000	0.652486
-0.425000	0.589695
-0.424000	0.715277
-0.423000	0.589695
-0.422000	0.652486
-0.421000	0.589695
-0.420000	0.589695
-0.419000	0.589695
-0.418000	0.652486
-0.417000	0.652486
-0.416000	0.589695
-0.415000	0.526904
-0.414000	0.589695
-0.413000	0.589695
-0.412000	0.652486
-0.411000	0.589695
-0.410000	0.589695
-0.409000	0.652486
-0.408000	0.526904
-0.407000	0.589695
-0.406000	0.589695
-0.405000	0.652486
-0.404000	0.526904
-0.403000	0.589695
-0.402000	0.526904
-0.401000	0.715277
-0.400000	0.526904
-0.399000	0.589695
-0.398000	0.526904
-0.397000	0.652486
-0.396000	0.652486
-0.395000	0.589695
-0.394000	0.589695
-0.393000	0.589695
-0.392000	0.589695
-0.391000	0.589695
-0.390000	0.589695
-0.389000	0.589695
-0.388000	0.589695
-0.387000	0.526904
-0.386000	0.526904
-0.385000	0.589695
-0.384000	0.526904
-0.383000	0.589695
-0.382000	0.589695
-0.381000	0.526904
-0.380000	0.589695
-0.379000	0.589695
-0.378000	0.589695
-0.377000	0.589695
-0.376000	0.589695
-0.375000	0.589695
-0.374000	0.652486
-0.373000	0.589695
-0.372000	0.526904
-0.371000	0.526904
-0.370000	0.526904
-0.369000	0.652486
-0.368000	0.526904
-0.367000	0.526904
-0.366000	0.589695
-0.365000	0.526904
-0.364000	0.589695
-0.363000	0.652486
-0.362000	0.526904
-0.361000	0.589695
-0.360000	0.589695
-0.359000	0.589695
-0.358000	0.589695
-0.357000	0.589695
-0.356000	0.526904
-0.355000	0.589695
-0.354000	0.652486
-0.353000	0.589695
-0.352000	0.526904
-0.351000	0.715277
-0.350000	0.589695
-0.349000	0.652486
-0.348000	0.589695
-0.347000	0.589695
-0.346000	0.715277
-0.345000	0.589695
-0.344000	0.589695
-0.343000	0.652486
-0.342000	0.589695
-0.341000	0.589695
-0.340000	0.589695
-0.339000	0.589695
-0.338000	0.589695
-0.337000	0.589695
-0.336000	0.526904
-0.335000	0.589695
-0.334000	0.652486
-0.333000	0.526904
-0.332000	0.652486
-0.331000	0.526904
-0.330000	0.589695
-0.329000	0.589695
-0.328000	0.589695
-0.327000	0.652486
-0.326000	0.589695
-0.325000	0.589695
-0.324000	0.589695
-0.323000	0.589695
-0.322000	0.589695
-0.321000	0.589695
-0.320000	0.589695
-0.319000	0.589695
-0.318000	0.589695
-0.317000	0.652486
-0.316000	0.652486
-0.315000	0.589695
-0.314000	0.652486
-0.313000	0.652486
-0.312000	0.652486
-0.311000	0.652486
-0.310000	0.589695
-0.309000	0.463984
-0.308000	0.652486
-0.307000	0.589695
-0.306000	0.589695
-0.305000	0.589695
-0.304000	0.589695
-0.303000	0.526904
-0.302000	0.652486
-0.301000	0.589695
-0.300000	0.652486
-0.299000	0.526904
-0.298000	0.589695
-0.297000	0.589695
-0.296000	0.526904
-0.295000	0.526904
-0.294000	0.589695
-0.293000	0.589695
-0.292000	0.526904
-0.291000	0.715277
-0.290000	0.652486
-0.289000	0.589695
-0.288000	0.652486
-0.287000	0.589695
-0.286000	0.526904
-0.285000	0.652486
-0.284000	0.589695
-0.283000	0.526904
-0.282000	0.589695
-0.281000	0.589695
-0.280000	0.589695
-0.279000	0.589695
-0.278000	0.589695
-0.277000	0.652486
-0.276000	0.526904
-0.275000	0.652486
-0.274000	0.715277
-0.273000	0.589695
-0.272000	0.589695
-0.271000	0.652486
-0.270000	0.652486
-0.269000	0.589695
-0.268000	0.526904
-0.267000	0.589695
-0.266000	0.589695
-0.265000	0.589695
-0.264000	0.589695
-0.263000	0.589695
-0.262000	0.652486
-0.261000	0.652486
-0.260000	0.589695
-0.259000	0.589695
-0.258000	0.589695
-0.257000	0.589695
-0.256000	0.589695
-0.255000	0.652486
-0.254000	0.652486
-0.253000	0.589695
-0.252000	0.589695
-0.251000	0.526904
-0.250000	0.589695
-0.249000	0.589695
-0.248000	0.652486
-0.247000	0.589695
-0.246000	0.652486
-0.245000	0.589695
-0.244000	0.589695
-0.243000	0.589695
-0.242000	0.589695
-0.241000	0.652486
-0.240000	0.589695
-0.239000	0.526904
-0.238000	0.589695
-0.237000	0.526904
-0.236000	0.526904
-0.235000	0.589695
-0.234000	0.652486
-0.233000	0.589695
-0.232000	0.589695
-0.231000	0.589695
-0.230000	0.589695
-0.229000	0.589695
-0.228000	0.652486
-0.227000	0.589695
-0.226000	0.652486
-0.225000	0.652486
-0.224000	0.589695
-0.223000	0.589695
-0.222000	0.526904
-0.221000	0.652486
-0.220000	0.589695
-0.219000	0.652486
-0.218000	0.589695
-0.217000	0.589695
-0.216000	0.652486
-0.215000	0.589695
-0.214000	0.652486
-0.213000	0.589695
-0.212000	0.589695
-0.211000	0.589695
-0.210000	0.589695
-0.209000	0.589695
-0.208000	0.652486
-0.207000	0.589695
-0.206000	0.589695
-0.205000	0.589695
-0.204000	0.589695
-0.203000	0.589695
-0.202000	0.526904
-0.201000	0.715277
-0.200000	0.589695
-0.199000	0.589695
-0.198000	0.652486
-0.197000	0.589695
-0.196000	0.652486
-0.195000	0.589695
-0.194000	0.589695
-0.193000	0.589695
-0.192000	0.589695
-0.191000	0.652486
-0.190000	0.589695
-0.189000	0.589695
-0.188000	0.526904
-0.187000	0.589695
-0.186000	0.526904
-0.185000	0.589695
-0.184000	0.589695
-0.183000	0.589695
-0.182000	0.589695
-0.181000	0.652486
-0.180000	0.652486
-0.179000	0.589695
-0.178000	0.652486
-0.177000	0.526904
-0.176000	0.589695
-0.175000	0.589695
-0.174000	0.589695
-0.173000	0.589695
-0.172000	0.526904
-0.171000	0.652486
-0.170000	0.589695
-0.169000	0.652486
-0.168000	0.589695
-0.167000	0.589695
-0.166000	0.589695
-0.165000	0.589695
-0.164000	0.526904
-0.163000	0.589695
-0.162000	0.589695
-0.161000	0.589695
-0.160000	0.526904
-0.159000	0.589695
-0.158000	0.589695
-0.157000	0.652486
-0.156000	0.589695
-0.155000	0.526904
-0.154000	0.589695
-0.153000	0.526904
-0.152000	0.526904
-0.151000	0.589695
-0.150000	0.652486
-0.149000	0.526904
-0.148000	0.589695
-0.147000	0.589695
-0.146000	0.589695
-0.145000	0.589695
-0.144000	0.589695
-0.143000	0.526904
-0.142000	0.589695
-0.141000	0.652486
-0.140000	0.526904
-0.139000	0.526904
-0.138000	0.589695
-0.137000	0.589695
-0.136000	0.589695
-0.135000	0.589695
-0.134000	0.589695
-0.133000	0.589695
-0.132000	0.589695
-0.131000	0.526904
-0.130000	0.652486
-0.129000	0.526904
-0.128000	0.589695
-0.127000	0.589695
-0.126000	0.589695
-0.125000	0.589695
-0.124000	0.526904
-0.123000	0.526904
-0.122000	0.526904
-0.121000	0.652486
-0.120000	0.652486
-0.119000	0.526904
-0.118000	0.652486
-0.117000	0.589695
-0.116000	0.589695
-0.115000	0.589695
-0.114000	0.589695
-0.113000	0.652486
-0.112000	0.589695
-0.111000	0.652486
-0.110000	0.652486
-0.109000	0.652486
-0.108000	0.589695
-0.107000	0.589695
-0.106000	0.589695
-0.105000	0.526904
-0.104000	0.526904
-0.103000	0.589695
-0.102000	0.589695
-0.101000	0.652486
-0.100000	0.589695
-0.099000	0.589695
-0.098000	0.589695
-0.097000	0.652486
-0.096000	0.652486
-0.095000	0.589695
-0.094000	0.589695
-0.093000	0.589695
-0.092000	0.589695
-0.091000	0.589695
-0.090000	0.526904
-0.089000	0.589695
-0.088000	0.652486
-0.087000	0.589695
-0.086000	0.526904
-0.085000	0.652486
-0.084000	0.589695
-0.083000	0.526904
-0.082000	0.526904
-0.081000	0.589695
-0.080000	0.652486
-0.079000	0.652486
-0.078000	0.589695
-0.077000	0.652486
-0.076000	0.589695
-0.075000	0.715277
-0.074000	0.652486
-0.073000	0.652486
-0.072000	0.589695
-0.071000	0.589695
-0.070000	0.526904
-0.069000	0.526904
-0.068000	0.589695
-0.067000	0.652486
-0.066000	0.463984
-0.065000	0.526904
-0.064000	0.526904
-0.063000	0.589695
-0.062000	0.652486
-0.061000	0.589695
-0.060000	0.652486
-0.059000	0.589695
-0.058000	0.526904
-0.057000	0.526904
-0.056000	0.589695
-0.055000	0.589695
-0.054000	0.526904
-0.053000	0.526904
-0.052000	0.526904
-0.051000	0.589695
-0.050000	0.463984
-0.049000	0.526904
-0.048000	0.526904
-0.047000	0.589695
-0.046000	0.526904
-0.045000	0.463984
-0.044000	0.526904
-0.043000	0.526904
-0.042000	0.589695
-0.041000	0.589695
-0.040000	0.526904
-0.039000	0.526904
-0.038000	0.715277
-0.037000	0.715277
-0.036000	0.715277
-0.035000	0.840987
-0.034000	0.840987
-0.033000	1.029490
-0.032000	0.903778
-0.031000	0.526904
-0.030000	0.275482
-0.029000	-0.415604
-0.028000	-0.980980
-0.027000	-1.295190
-0.026000	-2.049070
-0.025000	-3.179950
-0.024000	-4.436540
-0.023000	-5.190420
-0.022000	-5.818710
-0.021000	-6.258510
-0.020000	-7.200890
-0.019000	-7.829180
-0.018000	-8.457480
-0.017000	-8.708770
-0.016000	-8.960060
-0.015000	-9.022860
-0.014000	-9.211360
-0.013000	-8.834350
-0.012000	-8.331770
-0.011000	-7.640680
-0.010000	-7.012390
-0.009000	-6.132800
-0.008000	-5.316130
-0.007000	-4.499330
-0.006000	-3.368450
-0.005000	-2.049070
-0.004000	-0.980980
-0.003000	0.149901
-0.002000	1.092280
-0.001000	2.034660
0.000000	2.725750
0.001000	3.354040
0.002000	4.233630
0.003000	4.987640
0.004000	5.490220
0.005000	5.867090
0.006000	6.118520
0.007000	6.495390
0.008000	6.683890
0.009000	7.060890
0.010000	7.312190
0.011000	7.437770
0.012000	7.563480
0.013000	7.500690
0.014000	7.626270
0.015000	7.437770
0.016000	7.312190
0.017000	7.186480
0.018000	6.872390
0.019000	6.432600
0.020000	6.055600
0.021000	5.992810
0.022000	5.553010
0.023000	5.050430
0.024000	4.547840
0.025000	4.170840
0.026000	4.108050
0.027000	3.856630
0.028000	3.605330
0.029000	3.479750
0.030000	3.479750
0.031000	3.102750
0.032000	2.788660
0.033000	2.537370
0.034000	2.223160
0.035000	2.097580
0.036000	2.034660
0.037000	1.909080
0.038000	1.909080
0.039000	1.909080
0.040000	2.285950
0.041000	3.102750
0.042000	3.793830
0.043000	4.422130
0.044000	5.364510
0.045000	6.306890
0.046000	7.249400
0.047000	7.877560
0.048000	8.317360
0.049000	8.882860
0.050000	9.134150
0.051000	9.196950
0.052000	9.259870
0.053000	9.071360
0.054000	8.820070
0.055000	8.505860
0.056000	8.191780
0.057000	8.003270
0.058000	7.689190
0.059000	7.249400
0.060000	7.060890
0.061000	6.621100
0.062000	6.181310
0.063000	5.867090
0.064000	5.553010
0.065000	5.301720
0.066000	5.113220
0.067000	4.673420
0.068000	4.233630
0.069000	3.919550
0.070000	3.479750
0.071000	3.165540
0.072000	2.851460
0.073000	2.600160
0.074000	2.160370
0.075000	1.909080
0.076000	1.783370
0.077000	1.657780
0.078000	1.406360
0.079000	1.343570
0.080000	1.406360
0.081000	1.469280
0.082000	1.532070
0.083000	1.594860
0.084000	1.720580
0.085000	1.909080
0.086000	2.097580
0.087000	2.223160
0.088000	2.474450
0.089000	2.662950
0.090000	2.851460
0.091000	3.102750
0.092000	3.228460
0.093000	3.416830
0.094000	3.731040
0.095000	4.045130
0.096000	4.359340
0.097000	4.861920
0.098000	5.050430
0.099000	5.490220
0.100000	5.741510
0.101000	5.992810
0.102000	6.181310
0.103000	6.495390
0.104000	6.621100
0.105000	6.746680
0.106000	6.621100
0.107000	6.558310
0.108000	6.432600
0.109000	6.306890
0.110000	6.181310
0.111000	5.992810
0.112000	6.181310
0.113000	5.992810
0.114000	5.364510
0.115000	5.238930
0.116000	4.924720
0.117000	4.736210
0.118000	4.547840
0.119000	4.359340
0.120000	4.359340
0.121000	4.422130
0.122000	4.296420
0.123000	4.233630
0.124000	4.233630
0.125000	4.296420
0.126000	4.484920
0.127000	4.610630
0.128000	4.736210
0.129000	4.861920
0.130000	4.861920
0.131000	5.176010
0.132000	5.301720
0.133000	5.364510
0.134000	5.490220
0.135000	5.553010
0.136000	5.678720
0.137000	5.804300
0.138000	5.804300
0.139000	5.804300
0.140000	5.867090
0.141000	6.055600
0.142000	5.992810
0.143000	6.181310
0.144000	6.244100
0.145000	6.244100
0.146000	6.306890
0.147000	6.369810
0.148000	6.558310
0.149000	6.683890
0.150000	6.683890
0.151000	6.809600
0.152000	6.872390
0.153000	6.872390
0.154000	6.998100
0.155000	6.998100
0.156000	7.123690
0.157000	7.123690
0.158000	6.998100
0.159000	6.998100
0.160000	6.809600
0.161000	6.683890
0.162000	6.495390
0.163000	6.244100
0.164000	6.118520
0.165000	5.992810
0.166000	5.867090
0.167000	5.553010
0.168000	5.364510
0.169000	5.238930
0.170000	5.176010
0.171000	5.238930
0.172000	5.176010
0.173000	5.176010
0.174000	5.238930
0.175000	5.301720
0.176000	5.553010
0.177000	5.678720
0.178000	5.867090
0.179000	6.118520
0.180000	6.369810
0.181000	6.621100
0.182000	6.872390
0.183000	7.123690
0.184000	7.437770
0.185000	7.689190
0.186000	7.940480
0.187000	8.066060
0.188000	8.380280
0.189000	8.568780
0.190000	8.568780
0.191000	8.820070
0.192000	8.945650
0.193000	9.134150
0.194000	9.134150
0.195000	9.385450
0.196000	9.448240
0.197000	9.511160
0.198000	9.511160
0.199000	9.511160
0.200000	9.573950
0.201000	9.573950
0.202000	9.573950
0.203000	9.573950
0.204000	9.573950
0.205000	9.573950
0.206000	9.511160
0.207000	9.511160
0.208000	9.636740
0.209000	9.699660
0.210000	9.699660
0.211000	9.699660
0.212000	9.825240
0.213000	9.888030
0.214000	10.076500
0.215000	10.139500
0.216000	10.202200
0.217000	10.327800
0.218000	10.453500
0.219000	10.579200
0.220000	10.767600
0.221000	10.893300
0.222000	10.893300
0.223000	11.144600
0.224000	11.207400
0.225000	11.333100
0.226000	11.521600
0.227000	11.647200
0.228000	11.835700
0.229000	11.961400
0.230000	12.275500
0.231000	12.401200
0.232000	12.526800
0.233000	12.715300
0.234000	12.903800
0.235000	13.155100
0.236000	13.343600
0.237000	13.469200
0.238000	13.720600
0.239000	13.971900
0.240000	14.034700
0.241000	14.160400
0.242000	14.160400
0.243000	14.348800
0.244000	14.348800
0.245000	14.286000
0.246000	14.411700
0.247000	14.348800
0.248000	14.348800
0.249000	14.411700
0.250000	14.411700
0.251000	14.348800
0.252000	14.223200
0.253000	14.348800
0.254000	14.411700
0.255000	14.411700
0.256000	14.537300
0.257000	14.411700
0.258000	14.663000
0.259000	14.663000
0.260000	14.914300
0.261000	14.914300
0.262000	15.165600
0.263000	15.416900
0.264000	15.542600
0.265000	15.856600
0.266000	16.045099
0.267000	16.170900
0.268000	16.359200
0.269000	16.673401
0.270000	17.050400
0.271000	17.176001
0.272000	17.427299
0.273000	17.427299
0.274000	17.678600
0.275000	17.804300
0.276000	18.055599
0.277000	18.244101
0.278000	18.432600
0.279000	18.621099
0.280000	18.872400
0.281000	19.060900
0.282000	19.186501
0.283000	19.437799
0.284000	19.689100
0.285000	19.877600
0.286000	20.191799
0.287000	20.191799
0.288000	20.254601
0.289000	20.443100
0.290000	20.757200
0.291000	20.820000
0.292000	21.071400
0.293000	21.071400
0.294000	21.197001
0.295000	21.259800
0.296000	21.385500
0.297000	21.385500
0.298000	21.385500
0.299000	21.385500
0.300000	21.322701
0.301000	21.385500
0.302000	21.511101
0.303000	21.573999
0.304000	21.636801
0.305000	21.762501
0.306000	21.825300
0.307000	22.013800
0.308000	22.202299
0.309000	22.327801
0.310000	22.516300
0.311000	22.642099
0.312000	22.893400
0.313000	23.144600
0.314000	23.333099
0.315000	23.458700
0.316000	23.709999
0.317000	23.961300
0.318000	24.212700
0.319000	24.526800
0.320000	24.715300
0.321000	24.966600
0.322000	25.343599
0.323000	25.594900
0.324000	25.846201
0.325000	26.097500
0.326000	26.285999
0.327000	26.600100
0.328000	26.977100
0.329000	27.165600
0.330000	27.291201
0.331000	27.416901
0.332000	27.668200
0.333000	27.731001
0.334000	27.731001
0.335000	27.856701
0.336000	27.982300
0.337000	28.045200
0.338000	28.170799
0.339000	28.296499
0.340000	28.296499
0.341000	28.296499
0.342000	28.547800
0.343000	28.673500
0.344000	28.799000
0.345000	29.176100
0.346000	29.301600
0.347000	29.427299
0.348000	29.678600
0.349000	29.867100
0.350000	29.867100
0.351000	30.181200
0.352000	30.432501
0.353000	30.495399
0.354000	30.683901
0.355000	30.809500
0.356000	30.935200
0.357000	31.060801
0.358000	31.186501
0.359000	31.375000
0.360000	31.626301
0.361000	31.689100
0.362000	31.689100
0.363000	31.814800
0.364000	32.003201
0.365000	32.191700
0.366000	32.380199
0.367000	32.443001
0.368000	32.882801
0.369000	33.071301
0.370000	33.322601
0.371000	33.573898
0.372000	33.762402
0.373000	33.825298
0.374000	34.139400
0.375000	34.390701
0.376000	34.641998
0.377000	34.767700
0.378000	34.956200
0.379000	34.956200
0.380000	35.270199
0.381000	35.458698
0.382000	35.709999
0.383000	35.898499
0.384000	35.961300
0.385000	36.087002
0.386000	36.149799
0.387000	36.212601
0.388000	36.275501
0.389000	36.338299
0.390000	36.463902
0.391000	36.463902
0.392000	36.652401
0.393000	36.715302
0.394000	36.778099
0.395000	36.778099
0.396000	36.966599
0.397000	36.966599
0.398000	37.280701
0.399000	37.343498
0.400000	37.594799
0.401000	37.594799
0.402000	37.720501
0.403000	37.909000
0.404000	37.909000
0.405000	37.846199
0.406000	37.909000
0.407000	38.034599
0.408000	38.097500
0.409000	38.034599
0.410000	38.097500
0.411000	38.160301
0.412000	38.223099
0.413000	38.411598
0.414000	38.474400
0.415000	38.600101
0.416000	38.725800
0.417000	38.914200
0.418000	38.977100
0.419000	39.102699
0.420000	39.291199
0.421000	39.542500
0.422000	39.605301
0.423000	39.919498
0.424000	39.919498
0.425000	40.233601
0.426000	40.359299
0.427000	40.610600
0.428000	40.673401
0.429000	40.799099
0.430000	41.050400
0.431000	41.176102
0.432000	41.301701
0.433000	41.364399
0.434000	41.364399
0.435000	41.427399
0.436000	41.490200
0.437000	41.552898
0.438000	41.552898
0.439000	41.615700
0.440000	41.741402
0.441000	41.741402
0.442000	41.678699
0.443000	41.741402
0.444000	41.804199
0.445000	41.804199
0.446000	41.741402
0.447000	41.804199
0.448000	41.804199
0.449000	41.867199
0.450000	41.867199
0.451000	41.804199
0.452000	41.867199
0.453000	41.930000
0.454000	41.741402
0.455000	41.804199
0.456000	41.741402
0.457000	41.678699
0.458000	41.741402
0.459000	41.867199
0.460000	41.804199
0.461000	41.741402
0.462000	41.867199
0.463000	41.804199
0.464000	41.992699
0.465000	42.055500
0.466000	42.118500
0.467000	42.181198
0.468000	42.243999
0.469000	42.306999
0.470000	42.432499
0.471000	42.369701
0.472000	42.369701
0.473000	42.432499
0.474000	42.495300
0.475000	42.432499
0.476000	42.495300
0.477000	42.432499
0.478000	42.432499
0.479000	42.432499
0.480000	42.495300
0.481000	42.495300
0.482000	42.558201
0.483000	42.558201
0.484000	42.558201
0.485000	42.620998
0.486000	42.620998
0.487000	42.620998
0.488000	42.620998
0.489000	42.558201
0.490000	42.558201
0.491000	42.558201
0.492000	42.558201
0.493000	42.620998
0.494000	42.432499
0.495000	42.558201
0.496000	42.495300
0.497000	42.432499
0.498000	42.495300
0.499000	42.495300
0.500000	42.432499
0.501000	42.306999
0.502000	42.306999
0.503000	42.369701
0.504000	42.369701
0.505000	42.369701
0.506000	42.369701
0.507000	42.243999
0.508000	42.369701
0.509000	42.306999
0.510000	42.306999
0.511000	42.306999
0.512000	42.181198
0.513000	42.306999
0.514000	42.118500
0.515000	42.118500
0.516000	42.055500
0.517000	42.055500
0.518000	41.992699
0.519000	41.992699
0.520000	42.055500
0.521000	42.055500
0.522000	41.992699
0.523000	41.992699
0.524000	41.930000
0.525000	41.930000
0.526000	41.930000
0.527000	41.867199
0.528000	41.867199
0.529000	41.804199
0.530000	41.741402
0.531000	41.741402
0.532000	41.804199
0.533000	41.741402
0.534000	41.678699
0.535000	41.678699
0.536000	41.678699
0.537000	41.552898
0.538000	41.490200
0.539000	41.427399
0.540000	41.427399
0.541000	41.301701
0.542000	41.238899
0.543000	41.176102
0.544000	41.176102
0.545000	40.987598
0.546000	40.861900
0.547000	40.736301
0.548000	40.673401
0.549000	40.673401
0.550000	40.610600
0.551000	40.610600
0.552000	40.547798
0.553000	40.610600
0.554000	40.484901
0.555000	40.484901
0.556000	40.484901
0.557000	40.422100
0.558000	40.484901
0.559000	40.422100
0.560000	40.296501
0.561000	40.359299
0.562000	40.296501
0.563000	40.296501
0.564000	40.296501
0.565000	40.296501
0.566000	40.170799
0.567000	40.233601
0.568000	40.233601
0.569000	40.170799
0.570000	40.108002
0.571000	40.045101
0.572000	40.108002
0.573000	40.045101
0.574000	39.982300
0.575000	39.919498
0.576000	39.982300
0.577000	39.856701
0.578000	39.730999
0.579000	39.730999
0.580000	39.605301
0.581000	39.668201
0.582000	39.668201
0.583000	39.542500
0.584000	39.479698
0.585000	39.542500
0.586000	39.479698
0.587000	39.354000
0.588000	39.416901
0.589000	39.291199
0.590000	39.291199
0.591000	39.165600
0.592000	39.165600
0.593000	39.102699
0.594000	39.039902
0.595000	38.914200
0.596000	38.914200
0.597000	38.851398
0.598000	38.914200
0.599000	38.851398
0.600000	38.725800
0.601000	38.788601
0.602000	38.725800
0.603000	38.662899
0.604000	38.662899
0.605000	38.600101
0.606000	38.474400
0.607000	38.537300
0.608000	38.600101
0.609000	38.662899
0.610000	38.600101
0.611000	38.600101
0.612000	38.600101
0.613000	38.600101
0.614000	38.600101
0.615000	38.662899
0.616000	38.788601
0.617000	38.788601
0.618000	38.725800
0.619000	38.725800
0.620000	38.788601
0.621000	38.851398
0.622000	38.851398
0.623000	38.725800
0.624000	38.725800
0.625000	38.662899
0.626000	38.725800
0.627000	38.600101
0.628000	38.662899
0.629000	38.662899
0.630000	38.600101
0.631000	38.600101
0.632000	38.474400
0.633000	38.600101
0.634000	38.600101
0.635000	38.474400
0.636000	38.474400
0.637000	38.537300
0.638000	38.537300
0.639000	38.537300
0.640000	38.474400
0.641000	38.537300
0.642000	38.474400
0.643000	38.411598
0.644000	38.411598
0.645000	38.411598
0.646000	38.411598
0.647000	38.285999
0.648000	38.348801
0.649000	38.348801
0.650000	38.285999
0.651000	37.720501
0.652000	38.160301
0.653000	37.971802
0.654000	37.909000
0.655000	37.909000
0.656000	38.097500
0.657000	37.532001
0.658000	37.783298
0.659000	37.657700
0.660000	37.594799
0.661000	37.469200
0.662000	37.532001
0.663000	37.343498
0.664000	37.280701
0.665000	37.280701
0.666000	37.155102
0.667000	36.966599
0.668000	37.092201
0.669000	37.155102
0.670000	37.029400
0.671000	37.092201
0.672000	37.155102
0.673000	37.280701
0.674000	37.217899
0.675000	37.343498
0.676000	37.532001
0.677000	37.783298
0.678000	37.971802
0.679000	38.034599
0.680000	38.285999
0.681000	38.411598
0.682000	38.411598
0.683000	38.537300
0.684000	38.788601
0.685000	38.914200
0.686000	38.914200
0.687000	39.039902
0.688000	39.165600
0.689000	39.228401
0.690000	39.354000
0.691000	39.416901
0.692000	39.542500
0.693000	39.416901
0.694000	39.479698
0.695000	39.542500
0.696000	39.542500
0.697000	39.542500
0.698000	39.542500
0.699000	39.416901
0.700000	39.291199
0.701000	39.354000
0.702000	39.165600
0.703000	39.165600
0.704000	39.102699
0.705000	39.102699
0.706000	39.039902
0.707000	38.914200
0.708000	38.851398
0.709000	38.851398
0.710000	38.788601
0.711000	38.788601
0.712000	38.914200
0.713000	38.977100
0.714000	38.914200
0.715000	39.039902
0.716000	39.165600
0.717000	39.228401
0.718000	39.354000
0.719000	39.542500
0.720000	39.668201
0.721000	39.793800
0.722000	39.919498
0.723000	40.045101
0.724000	40.861900
0.725000	41.930000
0.726000	41.050400
0.727000	41.301701
0.728000	41.930000
0.729000	40.924702
0.730000	39.919498
0.731000	39.856701
0.732000	39.291199
0.733000	38.411598
0.734000	37.594799
0.735000	36.778099
0.736000	35.647301
0.737000	34.893200
0.738000	34.767700
0.739000	34.139400
0.740000	34.265099
0.741000	34.641998
0.742000	34.767700
0.743000	35.081699
0.744000	35.396000
0.745000	35.521500
0.746000	36.149799
0.747000	36.903702
0.748000	37.469200
0.749000	38.348801
0.750000	38.851398
0.751000	39.165600
0.752000	39.479698
0.753000	39.982300
0.754000	40.170799
0.755000	40.422100
0.756000	40.987598
0.757000	41.427399
0.758000	41.490200
0.759000	41.552898
0.760000	41.930000
0.761000	42.118500
0.762000	42.306999
0.763000	42.495300
0.764000	42.872299
0.765000	43.186501
0.766000	43.186501
0.767000	43.563400
0.768000	43.814701
0.769000	43.940399
0.770000	44.003201
0.771000	44.191700
0.772000	44.191700
0.773000	44.128899
0.774000	44.066002
0.775000	44.003201
0.776000	43.689098
0.777000	43.437801
0.778000	43.249298
0.779000	42.998001
0.780000	42.746700
0.781000	42.432499
0.782000	41.992699
0.783000	41.615700
0.784000	41.301701
0.785000	40.924702
0.786000	40.799099
0.787000	40.484901
0.788000	40.422100
0.789000	40.359299
0.790000	40.422100
0.791000	40.484901
0.792000	40.799099
0.793000	41.176102
0.794000	41.490200
0.795000	41.930000
0.796000	42.369701
0.797000	42.998001
0.798000	43.374901
0.799000	43.877602
0.800000	44.380199
0.801000	44.882801
0.802000	45.385399
0.803000	45.762402
0.804000	46.202202
0.805000	46.641998
0.806000	46.893299
0.807000	47.270302
0.808000	47.458801
0.809000	47.584400
0.810000	47.584400
0.811000	47.647099
0.812000	47.647099
0.813000	47.521599
0.814000	47.584400
0.815000	47.333099
0.816000	47.207500
0.817000	47.207500
0.818000	47.081799
0.819000	47.081799
0.820000	47.019001
0.821000	47.019001
0.822000	46.893299
0.823000	46.830502
0.824000	46.830502
0.825000	46.893299
0.826000	46.830502
0.827000	46.830502
0.828000	46.704800
0.829000	46.704800
0.830000	46.453499
0.831000	49.029400
0.832000	46.579201
0.833000	49.029400
0.834000	46.202202
0.835000	45.699600
0.836000	46.516300
0.837000	42.872299
0.838000	40.296501
0.839000	40.170799
0.840000	35.019001
0.841000	31.626301
0.842000	30.055599
0.843000	25.594900
0.844000	24.338301
0.845000	23.333099
0.846000	23.709999
0.847000	23.898500
0.848000	24.401100
0.849000	25.846201
0.850000	28.296499
0.851000	31.689100
0.852000	34.013699
0.853000	35.772800
0.854000	40.045101
0.855000	43.500599
0.856000	44.820000
0.857000	47.458801
0.858000	48.840900
0.859000	50.537201
0.860000	51.982300
0.861000	52.547699
0.862000	53.050400
0.863000	53.427299
0.864000	53.238899
0.865000	53.238899
0.866000	52.736198
0.867000	52.359299
0.868000	51.982300
0.869000	51.605301
0.870000	51.605301
0.871000	51.479698
0.872000	51.416801
0.873000	51.730999
0.874000	51.793800
0.875000	52.296398
0.876000	52.924702
0.877000	53.238899
0.878000	53.867100
0.879000	54.495300
0.880000	54.432598
0.881000	54.935101
0.882000	55.312099
0.883000	55.186401
0.884000	55.123600
0.885000	54.746601
0.886000	54.118301
0.887000	53.427299
0.888000	52.736198
0.889000	51.479698
0.890000	50.097401
0.891000	48.652401
0.892000	47.207500
0.893000	45.888100
0.894000	44.505798
0.895000	43.751900
0.896000	42.998001
0.897000	42.243999
0.898000	42.181198
0.899000	42.243999
0.900000	42.620998
0.901000	43.374901
0.902000	44.317402
0.903000	45.448299
0.904000	46.579201
0.905000	47.961399
0.906000	49.343498
0.907000	50.600101
0.908000	51.982300
0.909000	53.238899
0.910000	54.432598
0.911000	55.626202
0.912000	56.505798
0.913000	57.448200
0.914000	58.264999
0.915000	58.704800
0.916000	58.767601
0.917000	58.767601
0.918000	58.579102
0.919000	58.264999
0.920000	57.762402
0.921000	57.259800
0.922000	56.568600
0.923000	55.877499
0.924000	55.312099
0.925000	54.809601
0.926000	54.432598
0.927000	53.992802
0.928000	53.678600
0.929000	53.867100
0.930000	53.930000
0.931000	53.992802
0.932000	54.181301
0.933000	54.306801
0.934000	54.432598
0.935000	54.683800
0.936000	54.746601
0.937000	54.809601
0.938000	54.935101
0.939000	54.997898
0.940000	54.997898
0.941000	54.872398
0.942000	54.558102
0.943000	54.181301
0.944000	53.804298
0.945000	53.364498
0.946000	52.924702
0.947000	52.359299
0.948000	51.919498
0.949000	51.416801
0.950000	51.102699
0.951000	50.914200
0.952000	50.725700
0.953000	50.725700
0.954000	50.725700
0.955000	50.977001
0.956000	51.228401
0.957000	51.668098
0.958000	52.296398
0.959000	52.861900
0.960000	53.553001
0.961000	54.244099
0.962000	54.809601
0.963000	55.500599
0.964000	56.128799
0.965000	56.757099
0.966000	57.385399
0.967000	57.825199
0.968000	58.264999
0.969000	58.516300
0.970000	58.641998
0.971000	58.641998
0.972000	58.579102
0.973000	58.390701
0.974000	58.076500
0.975000	57.699501
0.976000	57.385399
0.977000	56.631500
0.978000	56.128799
0.979000	55.751900
0.980000	55.123600
0.981000	54.683800
0.982000	54.495300
0.983000	54.181301
0.984000	53.930000
0.985000	53.992802
0.986000	53.992802
0.987000	54.055599
0.988000	54.118301
0.989000	54.244099
0.990000	54.306801
0.991000	54.369801
0.992000	54.558102
0.993000	54.621101
0.994000	54.621101
0.995000	54.746601
0.996000	54.621101
0.997000	54.621101
0.998000	54.495300
0.999000	54.495300
1.000000	54.244099
1.001000	53.992802
1.002000	53.930000
1.003000	53.553001
1.004000	53.364498
1.005000	53.238899
1.006000	53.113201
1.007000	53.113201
1.008000	53.050400
1.009000	53.175999
1.010000	53.364498
1.011000	53.615799
1.012000	53.930000
1.013000	54.369801
1.014000	54.809601
1.015000	55.374901
1.016000	55.814701
1.017000	56.443001
1.018000	56.945599
1.019000	57.511101
1.020000	57.888000
1.021000	58.327801
1.022000	58.641998
1.023000	58.893299
1.024000	59.018902
1.025000	59.081799
1.026000	59.018902
1.027000	58.767601
1.028000	58.453499
1.029000	58.202202
1.030000	57.825199
1.031000	57.448200
1.032000	56.945599
1.033000	56.443001
1.034000	56.003201
1.035000	55.500599
1.036000	55.123600
1.037000	54.621101
1.038000	54.495300
1.039000	54.244099
1.040000	54.118301
1.041000	54.118301
1.042000	54.055599
1.043000	54.118301
1.044000	54.369801
1.045000	54.558102
1.046000	54.872398
1.047000	55.249401
1.048000	55.563400
1.049000	55.814701
1.050000	56.254501
1.051000	56.631500
1.052000	56.945599
1.053000	57.259800
1.054000	57.448200
1.055000	57.699501
1.056000	57.762402
1.057000	57.888000
1.058000	58.139301
1.059000	58.076500
1.060000	58.013699
1.061000	58.076500
1.062000	58.076500
1.063000	58.013699
1.064000	58.013699
1.065000	58.076500
1.066000	58.076500
1.067000	58.139301
1.068000	58.264999
1.069000	58.327801
1.070000	58.453499
1.071000	58.641998
1.072000	58.830502
1.073000	58.893299
1.074000	59.018902
1.075000	59.081799
1.076000	59.270302
1.077000	59.333099
1.078000	59.395901
1.079000	59.458698
1.080000	59.333099
1.081000	59.270302
1.082000	59.207401
1.083000	59.081799
1.084000	58.956100
1.085000	58.767601
1.086000	58.641998
1.087000	58.390701
1.088000	58.202202
1.089000	58.013699
1.090000	57.888000
1.091000	57.762402
1.092000	57.762402
1.093000	57.573898
1.094000	57.573898
1.095000	57.573898
1.096000	57.636700
1.097000	57.636700
1.098000	57.888000
1.099000	57.950901
1.100000	58.076500
1.101000	58.327801
1.102000	58.453499
1.103000	58.641998
1.104000	58.893299
1.105000	59.018902
1.106000	59.270302
1.107000	59.333099
1.108000	59.584400
1.109000	59.709999
1.110000	59.835701
1.111000	59.835701
1.112000	59.898499
1.113000	59.898499
1.114000	59.898499
1.115000	59.961399
1.116000	59.835701
1.117000	60.024200
1.118000	59.835701
1.119000	59.772900
1.120000	59.709999
1.121000	59.772900
1.122000	59.584400
1.123000	59.647202
1.124000	59.584400
1.125000	59.584400
1.126000	59.395901
1.127000	59.395901
1.128000	59.333099
1.129000	59.333099
1.130000	59.207401
1.131000	59.081799
1.132000	59.018902
1.133000	59.018902
1.134000	59.018902
1.135000	58.830502
1.136000	58.767601
1.137000	58.767601
1.138000	58.767601
1.139000	58.641998
1.140000	58.641998
1.141000	58.704800
1.142000	58.641998
1.143000	58.579102
1.144000	58.579102
1.145000	58.641998
1.146000	58.641998
1.147000	58.767601
1.148000	58.830502
1.149000	59.018902
1.150000	59.081799
1.151000	59.144600
1.152000	59.270302
1.153000	59.395901
1.154000	59.584400
1.155000	59.584400
1.156000	59.709999
1.157000	59.772900
1.158000	59.835701
1.159000	59.898499
1.160000	59.898499
1.161000	59.961399
1.162000	59.961399
1.163000	59.898499
1.164000	59.835701
1.165000	59.772900
1.166000	59.709999
1.167000	59.647202
1.168000	59.584400
1.169000	59.458698
1.170000	59.395901
1.171000	59.207401
1.172000	59.144600
1.173000	59.081799
1.174000	59.144600
1.175000	59.018902
1.176000	58.956100
1.177000	59.018902
1.178000	58.893299
1.179000	58.956100
1.180000	58.956100
1.181000	58.956100
1.182000	59.018902
1.183000	59.081799
1.184000	59.081799
1.185000	59.081799
1.186000	59.144600
1.187000	59.207401
1.188000	59.270302
1.189000	59.207401
1.190000	59.270302
1.191000	59.207401
1.192000	59.270302
1.193000	59.207401
1.194000	59.144600
1.195000	59.018902
1.196000	58.956100
1.197000	58.956100
1.198000	58.956100
1.199000	58.893299
1.200000	58.830502
1.201000	58.830502
1.202000	58.767601
1.203000	58.830502
1.204000	58.830502
1.205000	58.893299
1.206000	58.956100
1.207000	59.081799
1.208000	59.144600
1.209000	59.333099
1.210000	59.458698
1.211000	59.584400
1.212000	59.835701
1.213000	59.835701
1.214000	60.087002
1.215000	60.212700
1.216000	60.275501
1.217000	60.401199
1.218000	60.526798
1.219000	60.526798
1.220000	60.652500
1.221000	60.652500
1.222000	60.589500
1.223000	60.589500
1.224000	60.526798
1.225000	60.526798
1.226000	60.401199
1.227000	60.275501
1.228000	60.212700
1.229000	60.149799
1.230000	60.087002
1.231000	60.024200
1.232000	59.961399
1.233000	60.024200
1.234000	59.961399
1.235000	60.024200
1.236000	60.212700
1.237000	60.149799
1.238000	60.338299
1.239000	60.338299
1.240000	60.338299
1.241000	60.589500
1.242000	60.715302
1.243000	60.841000
1.244000	61.029301
1.245000	61.092300
1.246000	61.280800
1.247000	61.406300
1.248000	61.594799
1.249000	61.657600
1.250000	61.783298
1.251000	61.908901
1.252000	62.034599
1.253000	62.097401
1.254000	62.034599
1.255000	62.160198
1.256000	62.223099
1.257000	62.223099
1.258000	62.348701
1.259000	62.474400
1.260000	62.537201
1.261000	62.662899
1.262000	62.725700
1.263000	62.725700
1.264000	62.851398
1.265000	63.165501
1.266000	63.165501
1.267000	63.291199
1.268000	63.354000
1.269000	63.479599
1.270000	63.668098
1.271000	63.856602
1.272000	63.982300
1.273000	64.045097
1.274000	64.233597
1.275000	64.484901
1.276000	64.547699
1.277000	64.736198
1.278000	64.861900
1.279000	64.987503
1.280000	65.113197
1.281000	65.176003
1.282000	65.364502
1.283000	65.427299
1.284000	65.490097
1.285000	65.615799
1.286000	65.804298
1.287000	65.867104
1.288000	65.992798
1.289000	66.055603
1.290000	66.118401
1.291000	66.244102
1.292000	66.369698
1.293000	66.306900
1.294000	66.369698
1.295000	66.306900
1.296000	66.306900
1.297000	66.369698
1.298000	66.244102
1.299000	66.055603
1.300000	65.992798
1.301000	65.804298
1.302000	65.678596
1.303000	65.490097
1.304000	65.301697
1.305000	65.113197
1.306000	64.987503
1.307000	64.861900
1.308000	64.673401
1.309000	64.422096
1.310000	64.359200
1.311000	64.233597
1.312000	64.107903
1.313000	64.045097
1.314000	63.982300
1.315000	63.919399
1.316000	63.793800
1.317000	63.668098
1.318000	63.668098
1.319000	63.668098
1.320000	63.668098
1.321000	63.542500
1.322000	63.542500
1.323000	63.416801
1.324000	63.354000
1.325000	63.416801
1.326000	63.228298
1.327000	63.165501
1.328000	63.165501
1.329000	63.102699
1.330000	63.102699
1.331000	63.165501
1.332000	63.039799
1.333000	63.228298
1.334000	63.228298
1.335000	63.291199
1.336000	63.354000
1.337000	63.354000
1.338000	63.416801
1.339000	63.416801
1.340000	63.479599
1.341000	63.416801
1.342000	63.479599
1.343000	63.416801
1.344000	63.542500
1.345000	63.542500
1.346000	63.479599
1.347000	63.354000
1.348000	63.354000
1.349000	63.102699
1.350000	63.102699
1.351000	62.851398
1.352000	62.599998
1.353000	62.411598
1.354000	62.223099
1.355000	61.908901
1.356000	61.720402
1.357000	61.406300
1.358000	61.154999
1.359000	61.029301
1.360000	60.778000
1.361000	60.464001
1.362000	60.212700
1.363000	59.961399
1.364000	59.772900
1.365000	59.521599
1.366000	59.395901
1.367000	59.144600
1.368000	59.081799
1.369000	58.956100
1.370000	58.893299
1.371000	58.893299
1.372000	58.767601
1.373000	58.704800
1.374000	58.641998
1.375000	58.579102
1.376000	58.579102
1.377000	58.579102
1.378000	58.453499
1.379000	58.516300
1.380000	58.390701
1.381000	58.453499
1.382000	58.516300
1.383000	58.390701
1.384000	58.516300
1.385000	58.516300
1.386000	58.453499
1.387000	58.453499
1.388000	58.390701
1.389000	58.327801
1.390000	58.264999
1.391000	58.139301
1.392000	58.013699
1.393000	57.825199
1.394000	57.699501
1.395000	57.636700
1.396000	57.448200
1.397000	57.385399
1.398000	57.196899
1.399000	57.008400
1.400000	56.882801
1.401000	56.694302
1.402000	56.568600
1.403000	56.443001
1.404000	56.254501
1.405000	56.066002
1.406000	55.814701
1.407000	55.688999
1.408000	55.500599
1.409000	55.374901
1.410000	55.186401
1.411000	55.060902
1.412000	54.935101
1.413000	54.746601
1.414000	54.746601
1.415000	54.558102
1.416000	54.558102
1.417000	54.432598
1.418000	54.306801
1.419000	54.244099
1.420000	54.118301
1.421000	54.055599
1.422000	54.055599
1.423000	53.992802
1.424000	53.992802
1.425000	54.055599
1.426000	53.992802
1.427000	53.992802
1.428000	53.867100
1.429000	53.867100
1.430000	53.867100
1.431000	53.930000
1.432000	53.930000
1.433000	53.930000
1.434000	53.867100
1.435000	53.804298
1.436000	53.804298
1.437000	53.804298
1.438000	53.741501
1.439000	53.804298
1.440000	53.741501
1.441000	53.553001
1.442000	53.615799
1.443000	53.490200
1.444000	53.490200
1.445000	53.238899
1.446000	53.175999
1.447000	52.987499
1.448000	52.987499
1.449000	52.799099
1.450000	52.673401
1.451000	52.610600
1.452000	52.484901
1.453000	52.233601
1.454000	52.170799
1.455000	52.045101
1.456000	51.919498
1.457000	51.856602
1.458000	51.668098
1.459000	51.605301
1.460000	51.416801
1.461000	51.354000
1.462000	51.291199
1.463000	51.228401
1.464000	51.165501
1.465000	51.165501
1.466000	51.039902
1.467000	51.039902
1.468000	51.039902
1.469000	51.039902
1.470000	51.039902
1.471000	51.102699
1.472000	51.102699
1.473000	51.165501
1.474000	51.165501
1.475000	51.291199
1.476000	51.354000
1.477000	51.291199
1.478000	51.479698
1.479000	51.479698
1.480000	51.416801
1.481000	51.542500
1.482000	51.605301
1.483000	51.542500
1.484000	51.542500
1.485000	51.479698
1.486000	51.542500
1.487000	51.479698
1.488000	51.416801
1.489000	51.416801
1.490000	51.228401
1.491000	51.228401
1.492000	51.039902
1.493000	51.039902
1.494000	50.851398
1.495000	50.788601
1.496000	50.662899
1.497000	50.600101
1.498000	50.537201
1.499000	50.348801
1.500000	50.285900
1.501000	50.160301
1.502000	50.034599
1.503000	49.971802
1.504000	49.971802
1.505000	49.846100
1.506000	49.846100
1.507000	49.783298
1.508000	49.783298
1.509000	49.846100
1.510000	49.783298
1.511000	49.783298
1.512000	49.783298
1.513000	49.720501
1.514000	49.783298
1.515000	49.846100
1.516000	49.846100
1.517000	49.720501
1.518000	49.783298
1.519000	49.846100
1.520000	49.846100
1.521000	49.846100
1.522000	49.909000
1.523000	49.846100
1.524000	49.846100
1.525000	49.846100
1.526000	49.783298
1.527000	49.720501
1.528000	49.657600
1.529000	49.720501
1.530000	49.783298
1.531000	49.720501
1.532000	49.594799
1.533000	49.594799
1.534000	49.532001
1.535000	49.406300
1.536000	49.406300
1.537000	49.280701
1.538000	49.343498
1.539000	49.217899
1.540000	49.154999
1.541000	48.966499
1.542000	48.966499
1.543000	48.903702
1.544000	48.715199
1.545000	48.652401
1.546000	48.463902
1.547000	48.401199
1.548000	48.338402
1.549000	48.212601
1.550000	48.149899
1.551000	48.086899
1.552000	47.898602
1.553000	47.835602
1.554000	47.772900
1.555000	47.647099
1.556000	47.584400
1.557000	47.521599
1.558000	47.458801
1.559000	47.458801
1.560000	47.270302
1.561000	47.207500
1.562000	47.270302
1.563000	47.333099
1.564000	47.333099
1.565000	47.270302
1.566000	47.207500
1.567000	47.270302
1.568000	47.333099
1.569000	47.270302
1.570000	47.333099
1.571000	47.270302
1.572000	47.207500
1.573000	47.333099
1.574000	47.207500
1.575000	47.207500
1.576000	47.207500
1.577000	47.144600
1.578000	47.144600
1.579000	47.019001
1.580000	46.956100
1.581000	46.893299
1.582000	46.830502
1.583000	46.893299
1.584000	46.704800
1.585000	46.641998
1.586000	46.516300
1.587000	46.453499
1.588000	46.264999
1.589000	46.202202
1.590000	46.076500
1.591000	45.950901
1.592000	45.888100
1.593000	45.825199
1.594000	45.699600
1.595000	45.573898
1.596000	45.448299
1.597000	45.385399
1.598000	45.385399
1.599000	45.322601
1.600000	45.259800
1.601000	45.196999
1.602000	45.259800
1.603000	45.134102
1.604000	45.134102
1.605000	45.196999
1.606000	45.071301
1.607000	45.071301
1.608000	45.134102
1.609000	45.071301
1.610000	45.071301
1.611000	45.071301
1.612000	45.071301
1.613000	45.008499
1.614000	44.945599
1.615000	44.882801
1.616000	44.945599
1.617000	44.882801
1.618000	44.945599
1.619000	44.882801
1.620000	44.882801
1.621000	44.757198
1.622000	44.757198
1.623000	44.694302
1.624000	44.631500
1.625000	44.631500
1.626000	44.568699
1.627000	44.568699
1.628000	44.443001
1.629000	44.443001
1.630000	44.380199
1.631000	44.380199
1.632000	44.380199
1.633000	44.254501
1.634000	44.254501
1.635000	44.254501
1.636000	44.128899
1.637000	44.191700
1.638000	44.128899
1.639000	44.128899
1.640000	43.940399
1.641000	43.940399
1.642000	44.003201
1.643000	43.877602
1.644000	43.751900
1.645000	43.751900
1.646000	43.751900
1.647000	43.751900
1.648000	43.751900
1.649000	43.626202
1.650000	43.626202
1.651000	43.689098
1.652000	43.563400
1.653000	43.626202
1.654000	43.563400
1.655000	43.626202
1.656000	43.500599
1.657000	43.500599
1.658000	43.626202
1.659000	43.563400
1.660000	43.500599
1.661000	43.437801
1.662000	43.500599
1.663000	43.437801
1.664000	43.437801
1.665000	43.500599
1.666000	43.437801
1.667000	43.437801
1.668000	43.500599
1.669000	43.500599
1.670000	43.437801
1.671000	43.437801
1.672000	43.500599
1.673000	43.437801
1.674000	43.500599
1.675000	43.437801
1.676000	43.437801
1.677000	43.374901
1.678000	43.437801
1.679000	43.374901
1.680000	43.374901
1.681000	43.249298
1.682000	43.186501
1.683000	43.249298
1.684000	43.186501
1.685000	43.060799
1.686000	43.123600
1.687000	42.998001
1.688000	42.935101
1.689000	42.935101
1.690000	42.809502
1.691000	42.809502
1.692000	42.872299
1.693000	42.809502
1.694000	42.746700
1.695000	42.683800
1.696000	42.620998
1.697000	42.620998
1.698000	42.683800
1.699000	42.620998
1.700000	42.558201
1.701000	42.495300
1.702000	42.558201
1.703000	42.558201
1.704000	42.558201
1.705000	42.620998
1.706000	42.495300
1.707000	42.432499
1.708000	42.495300
1.709000	42.432499
1.710000	42.495300
1.711000	42.369701
1.712000	42.306999
1.713000	42.306999
1.714000	42.306999
1.715000	42.243999
1.716000	42.243999
1.717000	42.118500
1.718000	42.118500
1.719000	42.118500
1.720000	41.992699
1.721000	41.930000
1.722000	41.930000
1.723000	41.867199
1.724000	41.804199
1.725000	41.804199
1.726000	41.678699
1.727000	41.615700
1.728000	41.552898
1.729000	41.490200
1.730000	41.427399
1.731000	41.427399
1.732000	41.364399
1.733000	41.238899
1.734000	41.238899
1.735000	41.301701
1.736000	41.238899
1.737000	41.176102
1.738000	41.176102
1.739000	41.176102
1.740000	41.050400
1.741000	40.987598
1.742000	40.924702
1.743000	40.987598
1.744000	40.924702
1.745000	40.924702
1.746000	40.861900
1.747000	40.736301
1.748000	40.736301
1.749000	40.736301
1.750000	40.736301
1.751000	40.610600
1.752000	40.610600
1.753000	40.610600
1.754000	40.547798
1.755000	40.422100
1.756000	40.422100
1.757000	40.484901
1.758000	40.296501
1.759000	40.422100
1.760000	40.296501
1.761000	40.233601
1.762000	40.233601
1.763000	40.233601
1.764000	40.170799
1.765000	40.170799
1.766000	40.108002
1.767000	40.045101
1.768000	40.108002
1.769000	40.170799
1.770000	40.045101
1.771000	40.045101
1.772000	39.919498
1.773000	39.793800
1.774000	39.793800
1.775000	39.793800
1.776000	39.730999
1.777000	39.668201
1.778000	39.668201
1.779000	39.542500
1.780000	39.542500
1.781000	39.416901
1.782000	39.416901
1.783000	39.354000
1.784000	39.291199
1.785000	39.228401
1.786000	39.165600
1.787000	39.102699
1.788000	39.102699
1.789000	39.039902
1.790000	39.102699
1.791000	38.977100
1.792000	38.977100
1.793000	39.039902
1.794000	38.977100
1.795000	38.914200
1.796000	38.977100
1.797000	38.914200
1.798000	38.977100
1.799000	38.977100
1.800000	38.851398
1.801000	38.914200
1.802000	38.914200
1.803000	38.977100
1.804000	38.914200
1.805000	38.851398
1.806000	38.977100
1.807000	38.977100
1.808000	38.914200
1.809000	38.851398
1.810000	38.914200
1.811000	38.851398
1.812000	38.788601
1.813000	38.662899
1.814000	38.725800
1.815000	38.662899
1.816000	38.662899
1.817000	38.662899
1.818000	38.537300
1.819000	38.537300
1.820000	38.537300
1.821000	38.537300
1.822000	38.474400
1.823000	38.411598
1.824000	38.348801
1.825000	38.348801
1.826000	38.411598
1.827000	38.348801
1.828000	38.285999
1.829000	38.223099
1.830000	38.223099
1.831000	38.285999
1.832000	38.285999
1.833000	38.223099
1.834000	38.285999
1.835000	38.348801
1.836000	38.348801
1.837000	38.285999
1.838000	38.223099
1.839000	38.285999
1.840000	38.223099
1.841000	38.285999
1.842000	38.348801
1.843000	38.348801
1.844000	38.285999
1.845000	38.285999
1.846000	38.285999
1.847000	38.160301
1.848000	38.348801
1.849000	38.160301
1.850000	38.223099
1.851000	38.160301
1.852000	38.097500
1.853000	38.160301
1.854000	38.223099
1.855000	38.223099
1.856000	38.097500
1.857000	38.097500
1.858000	37.971802
1.859000	38.034599
1.860000	38.097500
1.861000	38.034599
1.862000	38.034599
1.863000	37.909000
1.864000	38.034599
1.865000	37.909000
1.866000	37.909000
1.867000	37.909000
1.868000	37.909000
1.869000	37.846199
1.870000	37.846199
1.871000	37.846199
1.872000	37.720501
1.873000	37.783298
1.874000	37.720501
1.875000	37.657700
1.876000	37.657700
1.877000	37.657700
1.878000	37.532001
1.879000	37.532001
1.880000	37.469200
1.881000	37.469200
1.882000	37.469200
1.883000	37.280701
1.884000	37.280701
1.885000	37.280701
1.886000	37.217899
1.887000	37.217899
1.888000	37.155102
1.889000	37.280701
1.890000	37.217899
1.891000	37.155102
1.892000	37.155102
1.893000	37.029400
1.894000	36.903702
1.895000	36.966599
1.896000	37.029400
1.897000	36.966599
1.898000	36.903702
1.899000	36.840900
1.900000	36.903702
1.901000	36.903702
1.902000	36.903702
1.903000	36.903702
1.904000	36.778099
1.905000	36.840900
1.906000	36.715302
1.907000	36.778099
1.908000	36.715302
1.909000	36.715302
1.910000	36.652401
1.911000	36.589600
1.912000	36.589600
1.913000	36.401100
1.914000	36.526798
1.915000	36.463902
1.916000	36.338299
1.917000	36.338299
1.918000	36.275501
1.919000	36.212601
1.920000	36.149799
1.921000	36.149799
1.922000	36.087002
1.923000	36.024101
1.924000	36.087002
1.925000	36.024101
1.926000	36.024101
1.927000	35.961300
1.928000	35.898499
1.929000	35.898499
1.930000	35.898499
1.931000	35.898499
1.932000	35.898499
1.933000	35.772800
1.934000	35.835800
1.935000	35.772800
1.936000	35.772800
1.937000	35.898499
1.938000	35.898499
1.939000	35.835800
1.940000	35.772800
1.941000	35.709999
1.942000	35.647301
1.943000	35.647301
1.944000	35.647301
1.945000	35.647301
1.946000	35.521500
1.947000	35.521500
1.948000	35.458698
1.949000	35.584301
1.950000	35.396000
1.951000	35.396000
1.952000	35.396000
1.953000	35.396000
1.954000	35.333000
1.955000	35.333000
1.956000	35.207500
1.957000	35.270199
1.958000	35.270199
1.959000	35.270199
1.960000	35.207500
1.961000	35.207500
1.962000	35.207500
1.963000	35.144699
1.964000	35.144699
1.965000	35.144699
1.966000	35.144699
1.967000	35.207500
1.968000	35.081699
1.969000	35.081699
1.970000	35.144699
1.971000	35.019001
1.972000	35.081699
1.973000	35.019001
1.974000	35.019001
1.975000	35.019001
1.976000	35.081699
1.977000	35.019001
1.978000	34.956200
1.979000	35.019001
1.980000	35.019001
1.981000	34.956200
1.982000	34.893200
1.983000	34.767700
1.984000	34.893200
1.985000	34.830502
1.986000	34.893200
1.987000	34.830502
1.988000	34.767700
1.989000	34.830502
1.990000	34.830502
1.991000	34.767700
1.992000	34.830502
1.993000	34.830502
1.994000	34.767700
1.995000	34.767700
1.996000	34.767700
1.997000	34.830502
1.998000	34.830502
1.999000	34.830502
2.000000	34.704899
2.001000	34.830502
2.002000	34.830502
2.003000	34.830502
2.004000	34.767700
2.005000	34.767700
2.006000	34.830502
2.007000	34.704899
2.008000	34.704899
2.009000	34.704899
2.010000	34.641998
2.011000	34.641998
2.012000	34.704899
2.013000	34.641998
2.014000	34.641998
2.015000	34.641998
2.016000	34.579201
2.017000	34.516399
2.018000	34.579201
2.019000	34.516399
2.020000	34.516399
2.021000	34.516399
2.022000	34.453499
2.023000	34.453499
2.024000	34.453499
2.025000	34.516399
2.026000	34.390701
2.027000	34.390701
2.028000	34.453499
2.029000	34.390701
2.030000	34.453499
2.031000	34.453499
2.032000	34.453499
2.033000	34.390701
2.034000	34.327900
2.035000	34.390701
2.036000	34.390701
2.037000	34.390701
2.038000	34.265099
2.039000	34.327900
2.040000	34.265099
2.041000	34.265099
2.042000	34.139400
2.043000	34.202202
2.044000	34.139400
2.045000	34.076599
2.046000	34.013699
2.047000	34.013699
2.048000	34.013699
2.049000	33.888100
2.050000	33.888100
2.051000	33.825298
2.052000	33.825298
2.053000	33.762402
2.054000	33.699600
2.055000	33.699600
2.056000	33.636799
2.057000	33.573898
2.058000	33.573898
2.059000	33.573898
2.060000	33.448299
2.061000	33.448299
2.062000	33.385502
2.063000	33.448299
2.064000	33.448299
2.065000	33.511101
2.066000	33.322601
2.067000	33.448299
2.068000	33.385502
2.069000	33.385502
2.070000	33.385502
2.071000	33.259800
2.072000	33.322601
2.073000	33.259800
2.074000	33.259800
2.075000	33.196999
2.076000	33.259800
2.077000	33.134201
2.078000	33.196999
2.079000	33.134201
2.080000	33.134201
2.081000	33.071301
2.082000	33.008499
2.083000	32.945702
2.084000	32.945702
2.085000	32.882801
2.086000	32.882801
2.087000	32.820000
2.088000	32.820000
2.089000	32.820000
2.090000	32.820000
2.091000	32.757198
2.092000	32.757198
2.093000	32.694401
2.094000	32.631500
2.095000	32.631500
2.096000	32.631500
2.097000	32.694401
2.098000	32.694401
2.099000	32.694401
2.100000	32.568699
2.101000	32.568699
2.102000	32.568699
2.103000	32.568699
2.104000	32.568699
2.105000	32.505901
2.106000	32.505901
2.107000	32.505901
2.108000	32.505901
2.109000	32.443001
2.110000	32.380199
2.111000	32.443001
2.112000	32.380199
2.113000	32.443001
2.114000	32.380199
2.115000	32.380199
2.116000	32.317402
2.117000	32.254601
2.118000	32.254601
2.119000	32.317402
2.120000	32.317402
2.121000	32.254601
2.122000	32.254601
2.123000	32.317402
2.124000	32.254601
2.125000	32.191700
2.126000	32.191700
2.127000	32.254601
2.128000	32.254601
2.129000	32.191700
2.130000	32.254601
2.131000	32.254601
2.132000	32.191700
2.133000	32.191700
2.134000	32.191700
2.135000	32.191700
2.136000	32.191700
2.137000	32.191700
2.138000	32.128899
2.139000	32.066101
2.140000	32.128899
2.141000	32.066101
2.142000	32.066101
2.143000	32.066101
2.144000	32.066101
2.145000	32.003201
2.146000	32.003201
2.147000	32.066101
2.148000	32.003201
2.149000	32.003201
2.150000	32.003201
2.151000	32.003201
2.152000	32.003201
2.153000	31.940399
2.154000	32.003201
2.155000	31.940399
2.156000	31.940399
2.157000	31.940399
2.158000	32.003201
2.159000	31.877600
2.160000	31.877600
2.161000	31.940399
2.162000	31.877600
2.163000	31.940399
2.164000	31.877600
2.165000	31.877600
2.166000	31.877600
2.167000	31.877600
2.168000	31.814800
2.169000	31.814800
2.170000	31.814800
2.171000	31.877600
2.172000	31.814800
2.173000	31.814800
2.174000	31.814800
2.175000	31.814800
2.176000	31.814800
2.177000	31.751900
2.178000	31.751900
2.179000	31.751900
2.180000	31.689100
2.181000	31.751900
2.182000	31.814800
2.183000	31.751900
2.184000	31.689100
2.185000	31.689100
2.186000	31.751900
2.187000	31.626301
2.188000	31.626301
2.189000	31.626301
2.190000	31.751900
2.191000	31.626301
2.192000	31.689100
2.193000	31.563400
2.194000	31.626301
2.195000	31.626301
2.196000	31.563400
2.197000	31.563400
2.198000	31.563400
2.199000	31.626301
2.200000	31.563400
2.201000	31.500601
2.202000	31.500601
2.203000	31.437799
2.204000	31.437799
2.205000	31.437799
2.206000	31.375000
2.207000	31.375000
2.208000	31.375000
2.209000	31.249300
2.210000	31.312099
2.211000	31.186501
2.212000	31.249300
2.213000	31.186501
2.214000	31.186501
2.215000	31.123699
2.216000	31.060801
2.217000	30.997999
2.218000	31.060801
2.219000	31.060801
2.220000	30.935200
2.221000	30.935200
2.222000	30.935200
2.223000	30.935200
2.224000	30.872299
2.225000	30.935200
2.226000	30.935200
2.227000	30.809500
2.228000	30.809500
2.229000	30.809500
2.230000	30.746700
2.231000	30.809500
2.232000	30.746700
2.233000	30.809500
2.234000	30.809500
2.235000	30.621000
2.236000	30.683901
2.237000	30.746700
2.238000	30.683901
2.239000	30.683901
2.240000	30.683901
2.241000	30.746700
2.242000	30.558201
2.243000	30.558201
2.244000	30.621000
2.245000	30.495399
2.246000	30.495399
2.247000	30.432501
2.248000	30.495399
2.249000	30.369699
2.250000	30.244101
2.251000	30.306900
2.252000	30.306900
2.253000	30.369699
2.254000	30.369699
2.255000	30.244101
2.256000	30.244101
2.257000	30.244101
2.258000	30.244101
2.259000	30.244101
2.260000	30.118401
2.261000	30.244101
2.262000	30.118401
2.263000	30.118401
2.264000	30.181200
2.265000	30.118401
2.266000	29.992701
2.267000	30.118401
2.268000	30.118401
2.269000	30.244101
2.270000	30.118401
2.271000	30.118401
2.272000	29.992701
2.273000	29.929899
2.274000	29.992701
2.275000	29.992701
2.276000	29.992701
2.277000	29.992701
2.278000	29.929899
2.279000	29.992701
2.280000	29.929899
2.281000	29.992701
2.282000	29.867100
2.283000	29.867100
2.284000	29.867100
2.285000	29.867100
2.286000	29.992701
2.287000	29.867100
2.288000	29.929899
2.289000	29.929899
2.290000	29.867100
2.291000	29.867100
2.292000	29.929899
2.293000	29.867100
2.294000	29.867100
2.295000	29.804300
2.296000	29.867100
2.297000	29.804300
2.298000	29.867100
2.299000	29.741400
2.300000	29.741400
2.301000	29.804300
2.302000	29.678600
2.303000	29.741400
2.304000	29.741400
2.305000	29.804300
2.306000	29.741400
2.307000	29.678600
2.308000	29.678600
2.309000	29.741400
2.310000	29.678600
2.311000	29.678600
2.312000	29.678600
2.313000	29.678600
2.314000	29.615801
2.315000	29.615801
2.316000	29.552900
2.317000	29.552900
2.318000	29.615801
2.319000	29.552900
2.320000	29.552900
2.321000	29.615801
2.322000	29.490101
2.323000	29.490101
2.324000	29.615801
2.325000	29.552900
2.326000	29.615801
2.327000	29.490101
2.328000	29.552900
2.329000	29.552900
2.330000	29.615801
2.331000	29.615801
2.332000	29.490101
2.333000	29.490101
2.334000	29.552900
2.335000	29.552900
2.336000	29.552900
2.337000	29.552900
2.338000	29.490101
2.339000	29.427299
2.340000	29.427299
2.341000	29.490101
2.342000	29.490101
2.343000	29.427299
2.344000	29.364599
2.345000	29.364599
2.346000	29.427299
2.347000	29.364599
2.348000	29.427299
2.349000	29.364599
2.350000	29.364599
2.351000	29.301600
2.352000	29.301600
2.353000	29.364599
2.354000	29.238800
2.355000	29.364599
2.356000	29.301600
2.357000	29.301600
2.358000	29.301600
2.359000	29.238800
2.360000	29.176100
2.361000	29.301600
2.362000	29.238800
2.363000	29.176100
2.364000	29.176100
2.365000	29.176100
2.366000	29.176100
2.367000	29.176100
2.368000	29.113300
2.369000	29.113300
2.370000	29.113300
2.371000	29.176100
2.372000	29.113300
2.373000	29.050301
2.374000	29.113300
2.375000	29.050301
2.376000	28.987499
2.377000	28.861799
2.378000	28.799000
2.379000	28.924801
2.380000	28.861799
2.381000	28.924801
2.382000	28.924801
2.383000	28.861799
2.384000	28.861799
2.385000	28.799000
2.386000	28.799000
2.387000	28.736300
2.388000	28.799000
2.389000	28.736300
2.390000	28.673500
2.391000	28.673500
2.392000	28.736300
2.393000	28.673500
2.394000	28.673500
2.395000	28.673500
2.396000	28.673500
2.397000	28.673500
2.398000	28.610500
2.399000	28.547800
2.400000	28.547800
2.401000	28.485001
2.402000	28.547800
2.403000	28.422001
2.404000	28.422001
2.405000	28.485001
2.406000	28.485001
2.407000	28.422001
2.408000	28.422001
2.409000	28.359301
2.410000	28.359301
2.411000	28.359301
2.412000	28.296499
2.413000	28.359301
2.414000	28.296499
2.415000	28.296499
2.416000	28.233700
2.417000	28.233700
2.418000	28.170799
2.419000	28.170799
2.420000	28.233700
2.421000	28.170799
2.422000	28.108000
2.423000	28.108000
2.424000	28.170799
2.425000	28.108000
2.426000	28.108000
2.427000	28.045200
2.428000	28.108000
2.429000	27.982300
2.430000	27.982300
2.431000	28.108000
2.432000	27.982300
2.433000	27.982300
2.434000	27.919500
2.435000	27.856701
2.436000	27.982300
2.437000	27.919500
2.438000	27.982300
2.439000	27.919500
2.440000	27.856701
2.441000	27.856701
2.442000	27.919500
2.443000	27.856701
2.444000	27.856701
2.445000	27.856701
2.446000	27.856701
2.447000	27.856701
2.448000	27.856701
2.449000	27.793900
2.450000	27.856701
2.451000	27.856701
2.452000	27.856701
2.453000	27.793900
2.454000	27.856701
2.455000	27.793900
2.456000	27.731001
2.457000	27.856701
2.458000	27.793900
2.459000	27.856701
2.460000	27.793900
2.461000	27.856701
2.462000	27.793900
2.463000	27.731001
2.464000	27.919500
2.465000	27.793900
2.466000	27.793900
2.467000	27.793900
2.468000	27.793900
2.469000	27.793900
2.470000	27.793900
2.471000	27.793900
2.472000	27.731001
2.473000	27.793900
2.474000	27.731001
2.475000	27.731001
2.476000	27.731001
2.477000	27.731001
2.478000	27.668200
2.479000	27.731001
2.480000	27.668200
2.481000	27.731001
2.482000	27.605400
2.483000	27.605400
2.484000	27.668200
2.485000	27.668200
2.486000	27.668200
2.487000	27.605400
2.488000	27.668200
2.489000	27.605400
2.490000	27.668200
2.491000	27.605400
2.492000	27.668200
2.493000	27.605400
2.494000	27.668200
2.495000	27.605400
2.496000	27.668200
2.497000	27.668200
2.498000	27.605400
2.499000	27.542500
2.500000	27.605400
2.501000	27.605400
2.502000	27.542500
2.503000	27.542500
2.504000	27.605400
2.505000	27.542500
2.506000	27.479700
2.507000	27.542500
2.508000	27.542500
2.509000	27.416901
2.510000	27.416901
2.511000	27.479700
2.512000	27.479700
2.513000	27.479700
2.514000	27.479700
2.515000	27.479700
2.516000	27.416901
2.517000	27.479700
2.518000	27.416901
2.519000	27.479700
2.520000	27.416901
2.521000	27.416901
2.522000	27.479700
2.523000	27.416901
2.524000	27.416901
2.525000	27.479700
2.526000	27.354099
2.527000	27.354099
2.528000	27.354099
2.529000	27.354099
2.530000	27.291201
2.531000	27.291201
2.532000	27.165600
2.533000	27.165600
2.534000	27.165600
2.535000	27.228399
2.536000	27.165600
2.537000	27.165600
2.538000	27.165600
2.539000	27.102800
2.540000	27.039900
2.541000	27.039900
2.542000	27.039900
2.543000	26.977100
2.544000	26.977100
2.545000	27.039900
2.546000	26.914301
2.547000	26.977100
2.548000	26.977100
2.549000	26.914301
2.550000	26.914301
2.551000	26.851400
2.552000	26.851400
2.553000	26.788601
2.554000	26.851400
2.555000	26.851400
2.556000	26.788601
2.557000	26.851400
2.558000	26.851400
2.559000	26.725800
2.560000	26.788601
2.561000	26.725800
2.562000	26.725800
2.563000	26.725800
2.564000	26.788601
2.565000	26.725800
2.566000	26.663000
2.567000	26.600100
2.568000	26.663000
2.569000	26.663000
2.570000	26.663000
2.571000	26.600100
2.572000	26.600100
2.573000	26.600100
2.574000	26.600100
2.575000	26.600100
2.576000	26.474501
2.577000	26.474501
2.578000	26.537300
2.579000	26.411600
2.580000	26.411600
2.581000	26.411600
2.582000	26.348801
2.583000	26.411600
2.584000	26.285999
2.585000	26.285999
2.586000	26.285999
2.587000	26.285999
2.588000	26.348801
2.589000	26.223200
2.590000	26.285999
2.591000	26.223200
2.592000	26.285999
2.593000	26.160299
2.594000	26.285999
2.595000	26.160299
2.596000	26.097500
2.597000	26.223200
2.598000	26.160299
2.599000	26.160299
2.600000	26.097500
2.601000	26.160299
2.602000	26.160299
2.603000	26.223200
2.604000	26.160299
2.605000	26.097500
2.606000	26.097500
2.607000	26.034700
2.608000	26.097500
2.609000	26.097500
2.610000	26.097500
2.611000	26.097500
2.612000	26.160299
2.613000	26.097500
2.614000	26.034700
2.615000	26.160299
2.616000	26.097500
2.617000	26.097500
2.618000	26.097500
2.619000	26.160299
2.620000	26.097500
2.621000	26.160299
2.622000	26.097500
2.623000	26.160299
2.624000	26.097500
2.625000	26.160299
2.626000	26.097500
2.627000	26.034700
2.628000	26.097500
2.629000	26.034700
2.630000	26.034700
2.631000	26.097500
2.632000	25.971800
2.633000	26.034700
2.634000	25.971800
2.635000	26.034700
2.636000	26.097500
2.637000	26.097500
2.638000	26.097500
2.639000	26.097500
2.640000	26.034700
2.641000	26.034700
2.642000	25.909000
2.643000	25.971800
2.644000	26.097500
2.645000	25.971800
2.646000	25.971800
2.647000	25.971800
2.648000	26.034700
2.649000	25.971800
2.650000	25.909000
2.651000	25.971800
2.652000	26.160299
2.653000	26.034700
2.654000	26.097500
2.655000	26.034700
2.656000	26.097500
2.657000	26.034700
2.658000	26.097500
2.659000	26.097500
2.660000	25.971800
2.661000	25.971800
2.662000	25.909000
2.663000	25.971800
2.664000	25.971800
2.665000	25.909000
2.666000	25.846201
2.667000	25.971800
2.668000	25.971800
2.669000	25.846201
2.670000	26.034700
2.671000	25.971800
2.672000	25.909000
2.673000	25.909000
2.674000	25.909000
2.675000	25.971800
2.676000	25.909000
2.677000	25.909000
2.678000	25.846201
2.679000	25.909000
2.680000	25.909000
2.681000	25.846201
2.682000	25.783400
2.683000	25.783400
2.684000	25.720501
2.685000	25.846201
2.686000	25.783400
2.687000	25.846201
2.688000	25.720501
2.689000	25.783400
2.690000	25.720501
2.691000	25.720501
2.692000	25.657700
2.693000	25.594900
2.694000	25.657700
2.695000	25.720501
2.696000	25.657700
2.697000	25.657700
2.698000	25.594900
2.699000	25.594900
2.700000	25.532000
2.701000	25.532000
2.702000	25.469200
2.703000	25.532000
2.704000	25.469200
2.705000	25.406401
2.706000	25.406401
2.707000	25.406401
2.708000	25.469200
2.709000	25.406401
2.710000	25.343599
2.711000	25.343599
2.712000	25.280701
2.713000	25.343599
2.714000	25.343599
2.715000	25.280701
2.716000	25.280701
2.717000	25.280701
2.718000	25.343599
2.719000	25.280701
2.720000	25.280701
2.721000	25.217899
2.722000	25.217899
2.723000	25.217899
2.724000	25.217899
2.725000	25.217899
2.726000	25.155100
2.727000	25.155100
2.728000	25.155100
2.729000	25.155100
2.730000	25.155100
2.731000	25.092300
2.732000	25.092300
2.733000	25.092300
2.734000	25.092300
2.735000	25.029400
2.736000	24.966600
2.737000	25.029400
2.738000	25.092300
2.739000	24.966600
2.740000	24.966600
2.741000	24.966600
2.742000	24.903799
2.743000	24.903799
2.744000	24.903799
2.745000	24.778099
2.746000	24.778099
2.747000	24.840900
2.748000	24.903799
2.749000	24.778099
2.750000	24.840900
2.751000	24.840900
2.752000	24.778099
2.753000	24.715300
2.754000	24.778099
2.755000	24.778099
2.756000	24.778099
2.757000	24.840900
2.758000	24.778099
2.759000	24.715300
2.760000	24.778099
2.761000	24.778099
2.762000	24.715300
2.763000	24.715300
2.764000	24.715300
2.765000	24.715300
2.766000	24.652500
2.767000	24.715300
2.768000	24.652500
2.769000	24.715300
2.770000	24.652500
2.771000	24.840900
2.772000	24.715300
2.773000	24.715300
2.774000	24.715300
2.775000	24.715300
2.776000	24.778099
2.777000	24.715300
2.778000	24.589600
2.779000	24.652500
2.780000	24.715300
2.781000	24.778099
2.782000	24.652500
2.783000	24.715300
2.784000	24.715300
2.785000	24.715300
2.786000	24.715300
2.787000	24.715300
2.788000	24.715300
2.789000	24.715300
2.790000	24.778099
2.791000	24.652500
2.792000	24.778099
2.793000	24.715300
2.794000	24.652500
2.795000	24.715300
2.796000	24.652500
2.797000	24.652500
2.798000	24.715300
2.799000	24.715300
2.800000	24.652500
2.801000	24.715300
2.802000	24.652500
2.803000	24.715300
2.804000	24.715300
2.805000	24.715300
2.806000	24.652500
2.807000	24.652500
2.808000	24.589600
2.809000	24.589600
2.810000	24.589600
2.811000	24.652500
2.812000	24.652500
2.813000	24.715300
2.814000	24.778099
2.815000	24.715300
2.816000	24.652500
2.817000	24.589600
2.818000	24.652500
2.819000	24.715300
2.820000	24.652500
2.821000	24.715300
2.822000	24.715300
2.823000	24.652500
2.824000	24.715300
2.825000	24.652500
2.826000	24.652500
2.827000	24.652500
2.828000	24.715300
2.829000	24.652500
2.830000	24.652500
2.831000	24.652500
2.832000	24.652500
2.833000	24.589600
2.834000	24.715300
2.835000	24.715300
2.836000	24.589600
2.837000	24.589600
2.838000	24.652500
2.839000	24.526800
2.840000	24.526800
2.841000	24.526800
2.842000	24.589600
2.843000	24.526800
2.844000	24.526800
2.845000	24.526800
2.846000	24.401100
2.847000	24.464001
2.848000	24.464001
2.849000	24.464001
2.850000	24.338301
2.851000	24.401100
2.852000	24.338301
2.853000	24.401100
2.854000	24.401100
2.855000	24.338301
2.856000	24.275499
2.857000	24.338301
2.858000	24.338301
2.859000	24.212700
2.860000	24.275499
2.861000	24.212700
2.862000	24.149799
2.863000	24.212700
2.864000	24.212700
2.865000	24.212700
2.866000	24.149799
2.867000	24.149799
2.868000	24.149799
2.869000	24.087000
2.870000	24.212700
2.871000	24.149799
2.872000	24.024200
2.873000	24.149799
2.874000	24.024200
2.875000	24.087000
2.876000	24.024200
2.877000	24.087000
2.878000	24.087000
2.879000	23.961300
2.880000	24.087000
2.881000	23.961300
2.882000	24.024200
2.883000	23.898500
2.884000	24.024200
2.885000	24.024200
2.886000	24.024200
2.887000	23.961300
2.888000	23.961300
2.889000	23.898500
2.890000	23.898500
2.891000	23.898500
2.892000	23.835699
2.893000	23.835699
2.894000	23.835699
2.895000	23.772900
2.896000	23.772900
2.897000	23.835699
2.898000	23.835699
2.899000	23.772900
2.900000	23.835699
2.901000	23.709999
2.902000	23.898500
2.903000	23.835699
2.904000	23.772900
2.905000	23.835699
2.906000	23.709999
2.907000	23.835699
2.908000	23.772900
2.909000	23.709999
2.910000	23.709999
2.911000	23.772900
2.912000	23.709999
2.913000	23.584400
2.914000	23.647200
2.915000	23.647200
2.916000	23.647200
2.917000	23.709999
2.918000	23.647200
2.919000	23.584400
2.920000	23.647200
2.921000	23.647200
2.922000	23.647200
2.923000	23.584400
2.924000	23.584400
2.925000	23.584400
2.926000	23.647200
2.927000	23.584400
2.928000	23.584400
2.929000	23.584400
2.930000	23.521500
2.931000	23.521500
2.932000	23.521500
2.933000	23.584400
2.934000	23.584400
2.935000	23.521500
2.936000	23.584400
2.937000	23.584400
2.938000	23.584400
2.939000	23.521500
2.940000	23.584400
2.941000	23.521500
2.942000	23.458700
2.943000	23.584400
2.944000	23.521500
2.945000	23.521500
2.946000	23.584400
2.947000	23.521500
2.948000	23.521500
2.949000	23.584400
2.950000	23.584400
2.951000	23.584400
2.952000	23.584400
2.953000	23.584400
2.954000	23.521500
2.955000	23.521500
2.956000	23.584400
2.957000	23.584400
2.958000	23.647200
2.959000	23.584400
2.960000	23.521500
2.961000	23.521500
2.962000	23.584400
2.963000	23.584400
2.964000	23.584400
2.965000	23.521500
2.966000	23.584400
2.967000	23.584400
2.968000	23.521500
2.969000	23.521500
2.970000	23.458700
2.971000	23.521500
2.972000	23.521500
2.973000	23.521500
2.974000	23.584400
2.975000	23.521500
2.976000	23.458700
2.977000	23.458700
2.978000	23.521500
2.979000	23.458700
2.980000	23.584400
2.981000	23.584400
2.982000	23.458700
2.983000	23.521500
2.984000	23.521500
2.985000	23.521500
2.986000	23.521500
2.987000	23.647200
2.988000	23.584400
2.989000	23.521500
2.990000	23.584400
2.991000	23.584400
2.992000	23.584400
2.993000	23.458700
2.994000	23.458700
2.995000	23.458700
2.996000	23.458700
2.997000	23.521500
2.998000	23.521500
2.999000	23.521500
3.000000	23.458700
3.001000	23.521500
3.002000	23.458700
3.003000	23.521500
3.004000	23.458700
3.005000	23.458700
3.006000	23.521500
3.007000	23.521500
3.008000	23.458700
3.009000	23.395901
3.010000	23.458700
3.011000	23.395901
3.012000	23.395901
3.013000	23.270201
3.014000	23.458700
3.015000	23.333099
3.016000	23.333099
3.017000	23.333099
3.018000	23.270201
3.019000	23.333099
3.020000	23.333099
3.021000	23.333099
3.022000	23.270201
3.023000	23.207399
3.024000	23.270201
3.025000	23.270201
3.026000	23.207399
3.027000	23.207399
3.028000	23.207399
3.029000	23.144600
3.030000	23.207399
3.031000	23.144600
3.032000	23.207399
3.033000	23.144600
3.034000	23.144600
3.035000	23.081900
3.036000	23.144600
3.037000	23.144600
3.038000	23.081900
3.039000	23.081900
3.040000	23.081900
3.041000	23.144600
3.042000	23.144600
3.043000	23.144600
3.044000	23.018900
3.045000	23.081900
3.046000	23.018900
3.047000	22.956100
3.048000	22.956100
3.049000	23.018900
3.050000	22.956100
3.051000	22.956100
3.052000	23.018900
3.053000	22.956100
3.054000	22.956100
3.055000	22.830400
3.056000	22.893400
3.057000	22.893400
3.058000	22.956100
3.059000	22.893400
3.060000	22.956100
3.061000	22.956100
3.062000	22.893400
3.063000	22.893400
3.064000	22.893400
3.065000	22.767599
3.066000	22.767599
3.067000	22.704901
3.068000	22.830400
3.069000	22.767599
3.070000	22.767599
3.071000	22.767599
3.072000	22.704901
3.073000	22.830400
3.074000	22.767599
3.075000	22.767599
3.076000	22.767599
3.077000	22.704901
3.078000	22.704901
3.079000	22.642099
3.080000	22.642099
3.081000	22.642099
3.082000	22.642099
3.083000	22.579100
3.084000	22.642099
3.085000	22.642099
3.086000	22.642099
3.087000	22.642099
3.088000	22.642099
3.089000	22.579100
3.090000	22.642099
3.091000	22.704901
3.092000	22.579100
3.093000	22.579100
3.094000	22.704901
3.095000	22.579100
3.096000	22.642099
3.097000	22.642099
3.098000	22.642099
3.099000	22.579100
3.100000	22.579100
3.101000	22.642099
3.102000	22.642099
3.103000	22.642099
3.104000	22.642099
3.105000	22.579100
3.106000	22.579100
3.107000	22.579100
3.108000	22.579100
3.109000	22.579100
3.110000	22.579100
3.111000	22.579100
3.112000	22.579100
3.113000	22.579100
3.114000	22.642099
3.115000	22.642099
3.116000	22.579100
3.117000	22.516300
3.118000	22.579100
3.119000	22.642099
3.120000	22.579100
3.121000	22.579100
3.122000	22.642099
3.123000	22.579100
3.124000	22.579100
3.125000	22.516300
3.126000	22.579100
3.127000	22.642099
3.128000	22.579100
3.129000	22.579100
3.130000	22.579100
3.131000	22.516300
3.132000	22.579100
3.133000	22.453600
3.134000	22.579100
3.135000	22.516300
3.136000	22.642099
3.137000	22.579100
3.138000	22.579100
3.139000	22.579100
3.140000	22.516300
3.141000	22.579100
3.142000	22.579100
3.143000	22.453600
3.144000	22.579100
3.145000	22.516300
3.146000	22.516300
3.147000	22.579100
3.148000	22.579100
3.149000	22.579100
3.150000	22.579100
3.151000	22.642099
3.152000	22.642099
3.153000	22.579100
3.154000	22.579100
3.155000	22.642099
3.156000	22.516300
3.157000	22.579100
3.158000	22.579100
3.159000	22.579100
3.160000	22.642099
3.161000	22.579100
3.162000	22.579100
3.163000	22.642099
3.164000	22.642099
3.165000	22.579100
3.166000	22.579100
3.167000	22.579100
3.168000	22.516300
3.169000	22.579100
3.170000	22.579100
3.171000	22.453600
3.172000	22.642099
3.173000	22.453600
3.174000	22.516300
3.175000	22.516300
3.176000	22.579100
3.177000	22.453600
3.178000	22.453600
3.179000	22.453600
3.180000	22.390600
3.181000	22.390600
3.182000	22.327801
3.183000	22.390600
3.184000	22.390600
3.185000	22.390600
3.186000	22.453600
3.187000	22.327801
3.188000	22.327801
3.189000	22.327801
3.190000	22.265100
3.191000	22.327801
3.192000	22.202299
3.193000	22.265100
3.194000	22.202299
3.195000	22.139299
3.196000	22.202299
3.197000	22.265100
3.198000	22.139299
3.199000	22.139299
3.200000	22.076599
3.201000	22.202299
3.202000	22.202299
3.203000	22.139299
3.204000	22.139299
3.205000	22.202299
3.206000	22.139299
3.207000	22.139299
3.208000	22.076599
3.209000	22.076599
3.210000	22.013800
3.211000	22.076599
3.212000	22.013800
3.213000	22.013800
3.214000	22.076599
3.215000	21.950800
3.216000	21.950800
3.217000	22.076599
3.218000	22.076599
3.219000	22.013800
3.220000	22.076599
3.221000	21.950800
3.222000	21.950800
3.223000	21.950800
3.224000	21.950800
3.225000	21.950800
3.226000	21.950800
3.227000	21.888100
3.228000	21.825300
3.229000	21.950800
3.230000	21.762501
3.231000	21.762501
3.232000	21.762501
3.233000	21.762501
3.234000	21.762501
3.235000	21.888100
3.236000	21.762501
3.237000	21.762501
3.238000	21.762501
3.239000	21.825300
3.240000	21.699600
3.241000	21.762501
3.242000	21.699600
3.243000	21.699600
3.244000	21.699600
3.245000	21.636801
3.246000	21.636801
3.247000	21.699600
3.248000	21.699600
3.249000	21.636801
3.250000	21.636801
3.251000	21.636801
3.252000	21.699600
3.253000	21.699600
3.254000	21.699600
3.255000	21.699600
3.256000	21.699600
3.257000	21.699600
3.258000	21.699600
3.259000	21.636801
3.260000	21.699600
3.261000	21.636801
3.262000	21.636801
3.263000	21.573999
3.264000	21.636801
3.265000	21.573999
3.266000	21.699600
3.267000	21.636801
3.268000	21.762501
3.269000	21.699600
3.270000	21.762501
3.271000	21.699600
3.272000	21.636801
3.273000	21.636801
3.274000	21.699600
3.275000	21.636801
3.276000	21.699600
3.277000	21.636801
3.278000	21.636801
3.279000	21.636801
3.280000	21.699600
3.281000	21.636801
3.282000	21.636801
3.283000	21.636801
3.284000	21.636801
3.285000	21.636801
3.286000	21.636801
3.287000	21.636801
3.288000	21.573999
3.289000	21.636801
3.290000	21.636801
3.291000	21.636801
3.292000	21.699600
3.293000	21.573999
3.294000	21.573999
3.295000	21.636801
3.296000	21.636801
3.297000	21.636801
3.298000	21.699600
3.299000	21.573999
3.300000	21.636801
3.301000	21.699600
3.302000	21.636801
3.303000	21.636801
3.304000	21.762501
3.305000	21.699600
3.306000	21.699600
3.307000	21.636801
3.308000	21.699600
3.309000	21.699600
3.310000	21.699600
3.311000	21.699600
3.312000	21.699600
3.313000	21.762501
3.314000	21.699600
3.315000	21.699600
3.316000	21.636801
3.317000	21.699600
3.318000	21.699600
3.319000	21.699600
3.320000	21.699600
3.321000	21.636801
3.322000	21.699600
3.323000	21.699600
3.324000	21.636801
3.325000	21.762501
3.326000	21.636801
3.327000	21.699600
3.328000	21.636801
3.329000	21.699600
3.330000	21.636801
3.331000	21.636801
3.332000	21.699600
3.333000	21.636801
3.334000	21.636801
3.335000	21.573999
3.336000	21.573999
3.337000	21.573999
3.338000	21.699600
3.339000	21.573999
3.340000	21.511101
3.341000	21.573999
3.342000	21.573999
3.343000	21.573999
3.344000	21.511101
3.345000	21.511101
3.346000	21.573999
3.347000	21.511101
3.348000	21.448299
3.349000	21.448299
3.350000	21.511101
3.351000	21.511101
3.352000	21.448299
3.353000	21.511101
3.354000	21.511101
3.355000	21.511101
3.356000	21.448299
3.357000	21.448299
3.358000	21.448299
3.359000	21.322701
3.360000	21.385500
3.361000	21.385500
3.362000	21.322701
3.363000	21.385500
3.364000	21.322701
3.365000	21.322701
3.366000	21.322701
3.367000	21.322701
3.368000	21.259800
3.369000	21.259800
3.370000	21.197001
3.371000	21.322701
3.372000	21.259800
3.373000	21.197001
3.374000	21.259800
3.375000	21.259800
3.376000	21.197001
3.377000	21.259800
3.378000	21.197001
3.379000	21.134199
3.380000	21.197001
3.381000	21.197001
3.382000	21.197001
3.383000	21.197001
3.384000	21.197001
3.385000	21.197001
3.386000	21.134199
3.387000	21.197001
3.388000	21.134199
3.389000	21.071400
3.390000	21.134199
3.391000	21.134199
3.392000	21.134199
3.393000	21.134199
3.394000	21.008499
3.395000	21.071400
3.396000	21.008499
3.397000	21.008499
3.398000	20.945700
3.399000	21.071400
3.400000	21.071400
3.401000	20.945700
3.402000	21.008499
3.403000	21.071400
3.404000	21.008499
3.405000	20.945700
3.406000	21.008499
3.407000	20.945700
3.408000	21.071400
3.409000	20.945700
3.410000	20.945700
3.411000	21.008499
3.412000	20.882900
3.413000	20.945700
3.414000	21.008499
3.415000	20.945700
3.416000	20.945700
3.417000	20.945700
3.418000	21.008499
3.419000	20.945700
3.420000	20.882900
3.421000	20.945700
3.422000	20.882900
3.423000	20.945700
3.424000	20.882900
3.425000	21.008499
3.426000	20.945700
3.427000	21.008499
3.428000	20.945700
3.429000	20.945700
3.430000	21.008499
3.431000	21.008499
3.432000	20.945700
3.433000	21.008499
3.434000	20.945700
3.435000	21.071400
3.436000	20.945700
3.437000	21.071400
3.438000	21.008499
3.439000	21.071400
3.440000	21.008499
3.441000	21.008499
3.442000	21.071400
3.443000	20.945700
3.444000	21.008499
3.445000	20.945700
3.446000	21.008499
3.447000	20.945700
3.448000	20.945700
3.449000	20.945700
3.450000	20.945700
3.451000	20.945700
3.452000	20.945700
3.453000	21.008499
3.454000	20.945700
3.455000	20.945700
3.456000	21.008499
3.457000	20.945700
3.458000	20.945700
3.459000	20.945700
3.460000	20.882900
3.461000	20.945700
3.462000	20.882900
3.463000	21.008499
3.464000	20.945700
3.465000	20.945700
3.466000	20.820000
3.467000	20.882900
3.468000	21.008499
3.469000	20.945700
3.470000	20.945700
3.471000	21.008499
3.472000	20.945700
3.473000	20.882900
3.474000	20.882900
3.475000	20.945700
3.476000	20.945700
3.477000	20.945700
3.478000	20.945700
3.479000	21.008499
3.480000	20.945700
3.481000	20.945700
3.482000	20.945700
3.483000	20.945700
3.484000	20.945700
3.485000	20.945700
3.486000	21.008499
3.487000	21.008499
3.488000	20.945700
3.489000	21.008499
3.490000	20.945700
3.491000	21.008499
3.492000	20.882900
3.493000	20.945700
3.494000	20.945700
3.495000	20.882900
3.496000	20.882900
3.497000	20.945700
3.498000	20.882900
3.499000	20.820000
3.500000	20.882900
3.501000	20.882900
3.502000	20.882900
3.503000	20.757200
3.504000	20.820000
3.505000	20.820000
3.506000	20.757200
3.507000	20.757200
3.508000	20.820000
3.509000	20.820000
3.510000	20.757200
3.511000	20.757200
3.512000	20.694401
3.513000	20.757200
3.514000	20.694401
3.515000	20.631599
3.516000	20.694401
3.517000	20.694401
3.518000	20.694401
3.519000	20.694401
3.520000	20.694401
3.521000	20.631599
3.522000	20.631599
3.523000	20.631599
3.524000	20.631599
3.525000	20.631599
3.526000	20.568701
3.527000	20.568701
3.528000	20.631599
3.529000	20.568701
3.530000	20.631599
3.531000	20.568701
3.532000	20.631599
3.533000	20.568701
3.534000	20.505899
3.535000	20.568701
3.536000	20.568701
3.537000	20.505899
3.538000	20.568701
3.539000	20.505899
3.540000	20.568701
3.541000	20.505899
3.542000	20.505899
3.543000	20.505899
3.544000	20.443100
3.545000	20.505899
3.546000	20.443100
3.547000	20.505899
3.548000	20.443100
3.549000	20.443100
3.550000	20.443100
3.551000	20.443100
3.552000	20.505899
3.553000	20.380199
3.554000	20.380199
3.555000	20.443100
3.556000	20.317400
3.557000	20.380199
3.558000	20.380199
3.559000	20.380199
3.560000	20.317400
3.561000	20.380199
3.562000	20.317400
3.563000	20.317400
3.564000	20.380199
3.565000	20.380199
3.566000	20.317400
3.567000	20.317400
3.568000	20.317400
3.569000	20.254601
3.570000	20.191799
3.571000	20.317400
3.572000	20.254601
3.573000	20.317400
3.574000	20.191799
3.575000	20.317400
3.576000	20.254601
3.577000	20.191799
3.578000	20.191799
3.579000	20.191799
3.580000	20.254601
3.581000	20.254601
3.582000	20.191799
3.583000	20.191799
3.584000	20.191799
3.585000	20.254601
3.586000	20.191799
3.587000	20.254601
3.588000	20.254601
3.589000	20.317400
3.590000	20.254601
3.591000	20.191799
3.592000	20.191799
3.593000	20.254601
3.594000	20.191799
3.595000	20.191799
3.596000	20.191799
3.597000	20.191799
3.598000	20.254601
3.599000	20.191799
3.600000	20.128901
3.601000	20.191799
3.602000	20.191799
3.603000	20.191799
3.604000	20.191799
3.605000	20.128901
3.606000	20.191799
3.607000	20.128901
3.608000	20.191799
3.609000	20.128901
3.610000	20.191799
3.611000	20.128901
3.612000	20.191799
3.613000	20.128901
3.614000	20.128901
3.615000	20.128901
3.616000	20.066099
3.617000	20.128901
3.618000	20.003300
3.619000	20.128901
3.620000	20.066099
3.621000	20.128901
3.622000	20.066099
3.623000	20.128901
3.624000	20.128901
3.625000	20.066099
3.626000	20.128901
3.627000	20.066099
3.628000	20.066099
3.629000	19.940399
3.630000	20.003300
3.631000	20.003300
3.632000	20.066099
3.633000	20.128901
3.634000	20.066099
3.635000	20.003300
3.636000	20.066099
3.637000	20.066099
3.638000	20.003300
3.639000	20.003300
3.640000	20.128901
3.641000	20.066099
3.642000	19.940399
3.643000	20.066099
3.644000	20.003300
3.645000	19.940399
3.646000	20.003300
3.647000	20.066099
3.648000	20.066099
3.649000	20.003300
3.650000	19.940399
3.651000	19.940399
3.652000	20.003300
3.653000	20.066099
3.654000	20.003300
3.655000	19.940399
3.656000	20.066099
3.657000	20.003300
3.658000	19.940399
3.659000	19.940399
3.660000	20.003300
3.661000	19.940399
3.662000	19.940399
3.663000	19.940399
3.664000	19.940399
3.665000	19.877600
3.666000	19.877600
3.667000	19.940399
3.668000	19.940399
3.669000	19.877600
3.670000	19.877600
3.671000	19.877600
3.672000	19.877600
3.673000	19.877600
3.674000	19.814800
3.675000	19.814800
3.676000	19.877600
3.677000	19.814800
3.678000	19.752001
3.679000	19.814800
3.680000	19.814800
3.681000	19.752001
3.682000	19.814800
3.683000	19.814800
3.684000	19.689100
3.685000	19.752001
3.686000	19.752001
3.687000	19.814800
3.688000	19.689100
3.689000	19.752001
3.690000	19.689100
3.691000	19.752001
3.692000	19.689100
3.693000	19.814800
3.694000	19.814800
3.695000	19.752001
3.696000	19.814800
3.697000	19.814800
3.698000	19.752001
3.699000	19.689100
3.700000	19.689100
3.701000	19.689100
3.702000	19.689100
3.703000	19.752001
3.704000	19.626301
3.705000	19.752001
3.706000	19.689100
3.707000	19.752001
3.708000	19.626301
3.709000	19.752001
3.710000	19.626301
3.711000	19.626301
3.712000	19.626301
3.713000	19.626301
3.714000	19.563499
3.715000	19.626301
3.716000	19.563499
3.717000	19.689100
3.718000	19.626301
3.719000	19.626301
3.720000	19.626301
3.721000	19.500601
3.722000	19.563499
3.723000	19.626301
3.724000	19.626301
3.725000	19.626301
3.726000	19.563499
3.727000	19.626301
3.728000	19.500601
3.729000	19.500601
3.730000	19.563499
3.731000	19.437799
3.732000	19.437799
3.733000	19.626301
3.734000	19.563499
3.735000	19.563499
3.736000	19.563499
3.737000	19.500601
3.738000	19.500601
3.739000	19.437799
3.740000	19.563499
3.741000	19.500601
3.742000	19.563499
3.743000	19.500601
3.744000	19.437799
3.745000	19.437799
3.746000	19.500601
3.747000	19.437799
3.748000	19.437799
3.749000	19.500601
3.750000	19.500601
3.751000	19.500601
3.752000	19.500601
3.753000	19.563499
3.754000	19.500601
3.755000	19.563499
3.756000	19.500601
3.757000	19.563499
3.758000	19.500601
3.759000	19.500601
3.760000	19.563499
3.761000	19.563499
3.762000	19.500601
3.763000	19.563499
3.764000	19.500601
3.765000	19.500601
3.766000	19.437799
3.767000	19.437799
3.768000	19.563499
3.769000	19.437799
3.770000	19.500601
3.771000	19.500601
3.772000	19.500601
3.773000	19.500601
3.774000	19.563499
3.775000	19.437799
3.776000	19.500601
3.777000	19.500601
3.778000	19.500601
3.779000	19.437799
3.780000	19.437799
3.781000	19.500601
3.782000	19.500601
3.783000	19.437799
3.784000	19.563499
3.785000	19.563499
3.786000	19.437799
3.787000	19.500601
3.788000	19.500601
3.789000	19.500601
3.790000	19.563499
3.791000	19.563499
3.792000	19.500601
3.793000	19.500601
3.794000	19.500601
3.795000	19.437799
3.796000	19.437799
3.797000	19.437799
3.798000	19.437799
3.799000	19.500601
3.800000	19.437799
3.801000	19.437799
3.802000	19.500601
3.803000	19.563499
3.804000	19.500601
3.805000	19.437799
3.806000	19.500601
3.807000	19.500601
3.808000	19.500601
3.809000	19.500601
3.810000	19.437799
3.811000	19.437799
3.812000	19.437799
3.813000	19.437799
3.814000	19.437799
3.815000	19.437799
3.816000	19.375000
3.817000	19.437799
3.818000	19.500601
3.819000	19.437799
3.820000	19.437799
3.821000	19.437799
3.822000	19.375000
3.823000	19.437799
3.824000	19.375000
3.825000	19.437799
3.826000	19.375000
3.827000	19.375000
3.828000	19.375000
3.829000	19.312201
3.830000	19.375000
3.831000	19.312201
3.832000	19.375000
3.833000	19.312201
3.834000	19.312201
3.835000	19.249300
3.836000	19.375000
3.837000	19.312201
3.838000	19.312201
3.839000	19.186501
3.840000	19.375000
3.841000	19.249300
3.842000	19.312201
3.843000	19.249300
3.844000	19.249300
3.845000	19.249300
3.846000	19.312201
3.847000	19.249300
3.848000	19.312201
3.849000	19.249300
3.850000	19.186501
3.851000	19.249300
3.852000	19.249300
3.853000	19.312201
3.854000	19.123699
3.855000	19.186501
3.856000	19.186501
3.857000	19.186501
3.858000	19.249300
3.859000	19.186501
3.860000	19.123699
3.861000	19.186501
3.862000	19.186501
3.863000	19.123699
3.864000	19.123699
3.865000	19.123699
3.866000	19.186501
3.867000	19.123699
3.868000	19.186501
3.869000	19.123699
3.870000	19.060900
3.871000	19.123699
3.872000	19.060900
3.873000	19.060900
3.874000	19.123699
3.875000	19.060900
3.876000	19.060900
3.877000	19.123699
3.878000	18.997999
3.879000	19.060900
3.880000	18.997999
3.881000	19.060900
3.882000	18.997999
3.883000	19.123699
3.884000	18.997999
3.885000	19.060900
3.886000	18.997999
3.887000	18.997999
3.888000	18.935200
3.889000	18.935200
3.890000	18.997999
3.891000	18.997999
3.892000	18.935200
3.893000	18.997999
3.894000	18.935200
3.895000	18.997999
3.896000	18.935200
3.897000	19.060900
3.898000	18.935200
3.899000	18.935200
3.900000	18.935200
3.901000	18.997999
3.902000	18.997999
3.903000	18.935200
3.904000	18.935200
3.905000	18.935200
3.906000	18.997999
3.907000	18.997999
3.908000	18.935200
3.909000	18.997999
3.910000	18.935200
3.911000	18.997999
3.912000	19.060900
3.913000	18.997999
3.914000	18.935200
3.915000	18.997999
3.916000	19.060900
3.917000	19.060900
3.918000	18.997999
3.919000	19.060900
3.920000	19.060900
3.921000	18.997999
3.922000	19.060900
3.923000	18.997999
3.924000	18.997999
3.925000	18.935200
3.926000	18.997999
3.927000	18.997999
3.928000	19.060900
3.929000	19.060900
3.930000	19.060900
3.931000	18.935200
3.932000	19.060900
3.933000	18.997999
3.934000	19.060900
3.935000	19.060900
3.936000	19.060900
3.937000	19.060900
3.938000	19.060900
3.939000	18.935200
3.940000	18.997999
3.941000	18.997999
3.942000	19.060900
3.943000	19.060900
3.944000	19.060900
3.945000	19.060900
3.946000	19.060900
3.947000	18.935200
3.948000	19.060900
3.949000	18.997999
3.950000	19.060900
3.951000	19.060900
3.952000	18.997999
3.953000	19.060900
3.954000	19.060900
3.955000	19.060900
3.956000	19.060900
3.957000	19.060900
3.958000	19.060900
3.959000	19.060900
3.960000	18.997999
3.961000	19.060900
3.962000	19.060900
3.963000	19.060900
3.964000	19.123699
3.965000	19.060900
3.966000	19.060900
3.967000	18.997999
3.968000	19.060900
3.969000	19.060900
3.970000	19.060900
3.971000	18.997999
3.972000	18.997999
3.973000	18.997999
3.974000	18.935200
3.975000	18.997999
3.976000	19.060900
3.977000	19.060900
3.978000	18.997999
3.979000	19.060900
3.980000	18.935200
3.981000	18.935200
3.982000	18.935200
3.983000	18.935200
3.984000	18.935200
3.985000	18.935200
3.986000	18.935200
3.987000	18.872400
3.988000	18.935200
3.989000	18.935200
3.990000	18.935200
3.991000	18.935200
3.992000	18.872400
3.993000	18.872400
3.994000	18.872400
3.995000	18.872400
3.996000	18.872400
3.997000	18.872400
3.998000	18.809500
3.999000	18.872400
4.000000	18.809500
4.001000	18.809500
4.002000	18.746700
4.003000	18.746700
4.004000	18.809500
4.005000	18.809500
4.006000	18.809500
4.007000	18.809500
4.008000	18.746700
4.009000	18.746700
4.010000	18.746700
4.011000	18.746700
4.012000	18.746700
4.013000	18.746700
4.014000	18.683901
4.015000	18.746700
4.016000	18.621099
4.017000	18.683901
4.018000	18.683901
4.019000	18.683901
4.020000	18.683901
4.021000	18.621099
4.022000	18.621099
4.023000	18.621099
4.024000	18.746700
4.025000	18.683901
4.026000	18.621099
4.027000	18.683901
4.028000	18.621099
4.029000	18.683901
4.030000	18.621099
4.031000	18.683901
4.032000	18.683901
4.033000	18.621099
4.034000	18.621099
4.035000	18.683901
4.036000	18.683901
4.037000	18.621099
4.038000	18.621099
4.039000	18.621099
4.040000	18.621099
4.041000	18.621099
4.042000	18.621099
4.043000	18.621099
4.044000	18.683901
4.045000	18.495399
4.046000	18.558201
4.047000	18.621099
4.048000	18.558201
4.049000	18.558201
4.050000	18.621099
4.051000	18.558201
4.052000	18.495399
4.053000	18.621099
4.054000	18.495399
4.055000	18.495399
4.056000	18.558201
4.057000	18.495399
4.058000	18.495399
4.059000	18.558201
4.060000	18.558201
4.061000	18.495399
4.062000	18.495399
4.063000	18.621099
4.064000	18.558201
4.065000	18.495399
4.066000	18.558201
4.067000	18.558201
4.068000	18.621099
4.069000	18.495399
4.070000	18.558201
4.071000	18.558201
4.072000	18.495399
4.073000	18.621099
4.074000	18.558201
4.075000	18.621099
4.076000	18.558201
4.077000	18.558201
4.078000	18.558201
4.079000	18.558201
4.080000	18.621099
4.081000	18.621099
4.082000	18.621099
4.083000	18.558201
4.084000	18.558201
4.085000	18.558201
4.086000	18.621099
4.087000	18.621099
4.088000	18.558201
4.089000	18.621099
4.090000	18.621099
4.091000	18.683901
4.092000	18.621099
4.093000	18.621099
4.094000	18.621099
4.095000	18.621099
4.096000	18.621099
4.097000	18.621099
4.098000	18.558201
4.099000	18.683901
4.100000	18.621099
4.101000	18.558201
4.102000	18.621099
4.103000	18.621099
4.104000	18.558201
4.105000	18.621099
4.106000	18.558201
4.107000	18.621099
4.108000	18.683901
4.109000	18.558201
4.110000	18.621099
4.111000	18.558201
4.112000	18.558201
4.113000	18.621099
4.114000	18.621099
4.115000	18.621099
4.116000	18.558201
4.117000	18.558201
4.118000	18.621099
4.119000	18.621099
4.120000	18.621099
4.121000	18.558201
4.122000	18.558201
4.123000	18.558201
4.124000	18.621099
4.125000	18.621099
4.126000	18.621099
4.127000	18.558201
4.128000	18.558201
4.129000	18.558201
4.130000	18.558201
4.131000	18.558201
4.132000	18.558201
4.133000	18.558201
4.134000	18.495399
4.135000	18.621099
4.136000	18.621099
4.137000	18.558201
4.138000	18.558201
4.139000	18.495399
4.140000	18.495399
4.141000	18.558201
4.142000	18.495399
4.143000	18.558201
4.144000	18.558201
4.145000	18.432600
4.146000	18.558201
4.147000	18.495399
4.148000	18.495399
4.149000	18.369699
4.150000	18.495399
4.151000	18.432600
4.152000	18.432600
4.153000	18.432600
4.154000	18.432600
4.155000	18.432600
4.156000	18.432600
4.157000	18.432600
4.158000	18.432600
4.159000	18.369699
4.160000	18.306900
4.161000	18.369699
4.162000	18.306900
4.163000	18.306900
4.164000	18.369699
4.165000	18.369699
4.166000	18.306900
4.167000	18.432600
4.168000	18.369699
4.169000	18.306900
4.170000	18.306900
4.171000	18.306900
4.172000	18.306900
4.173000	18.306900
4.174000	18.306900
4.175000	18.306900
4.176000	18.244101
4.177000	18.306900
4.178000	18.306900
4.179000	18.244101
4.180000	18.306900
4.181000	18.306900
4.182000	18.181299
4.183000	18.244101
4.184000	18.244101
4.185000	18.244101
4.186000	18.244101
4.187000	18.181299
4.188000	18.244101
4.189000	18.181299
4.190000	18.244101
4.191000	18.181299
4.192000	18.118401
4.193000	18.181299
4.194000	18.118401
4.195000	18.181299
4.196000	18.244101
4.197000	18.181299
4.198000	18.244101
4.199000	18.181299
4.200000	18.118401
4.201000	18.118401
4.202000	18.181299
4.203000	18.181299
4.204000	18.181299
4.205000	18.118401
4.206000	18.118401
4.207000	18.181299
4.208000	18.118401
4.209000	18.181299
4.210000	18.118401
4.211000	18.118401
4.212000	18.055599
4.213000	18.055599
4.214000	18.181299
4.215000	18.118401
4.216000	18.118401
4.217000	18.118401
4.218000	18.118401
4.219000	18.118401
4.220000	18.118401
4.221000	18.181299
4.222000	18.055599
4.223000	18.244101
4.224000	18.118401
4.225000	18.181299
4.226000	18.055599
4.227000	18.181299
4.228000	18.118401
4.229000	18.055599
4.230000	18.244101
4.231000	18.055599
4.232000	18.181299
4.233000	18.118401
4.234000	18.118401
4.235000	18.118401
4.236000	18.118401
4.237000	18.181299
4.238000	18.181299
4.239000	18.181299
4.240000	18.181299
4.241000	18.181299
4.242000	18.118401
4.243000	18.181299
4.244000	18.244101
4.245000	18.118401
4.246000	18.181299
4.247000	18.181299
4.248000	18.244101
4.249000	18.118401
4.250000	18.181299
4.251000	18.181299
4.252000	18.306900
4.253000	18.244101
4.254000	18.181299
4.255000	18.118401
4.256000	18.181299
4.257000	18.306900
4.258000	18.306900
4.259000	18.244101
4.260000	18.181299
4.261000	18.181299
4.262000	18.181299
4.263000	18.118401
4.264000	18.118401
4.265000	18.244101
4.266000	18.244101
4.267000	18.244101
4.268000	18.181299
4.269000	18.181299
4.270000	18.181299
4.271000	18.181299
4.272000	18.181299
4.273000	18.181299
4.274000	18.181299
4.275000	18.181299
4.276000	18.306900
4.277000	18.181299
4.278000	18.181299
4.279000	18.055599
4.280000	18.181299
4.281000	18.181299
4.282000	18.181299
4.283000	18.181299
4.284000	18.244101
4.285000	18.055599
4.286000	18.181299
4.287000	18.118401
4.288000	18.244101
4.289000	18.181299
4.290000	18.181299
4.291000	18.118401
4.292000	18.181299
4.293000	18.181299
4.294000	18.181299
4.295000	18.118401
4.296000	18.118401
4.297000	18.118401
4.298000	18.118401
4.299000	18.118401
4.300000	18.118401
4.301000	18.181299
4.302000	18.181299
4.303000	18.181299
4.304000	18.118401
4.305000	18.055599
4.306000	18.055599
4.307000	18.181299
4.308000	18.055599
4.309000	18.118401
4.310000	18.118401
4.311000	18.055599
4.312000	18.055599
4.313000	18.055599
4.314000	18.055599
4.315000	18.055599
4.316000	18.055599
4.317000	18.055599
4.318000	18.118401
4.319000	17.992800
4.320000	18.055599
4.321000	18.055599
4.322000	17.992800
4.323000	18.055599
4.324000	17.992800
4.325000	18.055599
4.326000	17.929899
4.327000	18.055599
4.328000	17.929899
4.329000	17.929899
4.330000	18.055599
4.331000	17.929899
4.332000	17.992800
4.333000	17.992800
4.334000	17.867100
4.335000	17.929899
4.336000	17.992800
4.337000	17.992800
4.338000	17.867100
4.339000	17.867100
4.340000	17.929899
4.341000	17.929899
4.342000	17.867100
4.343000	17.929899
4.344000	17.929899
4.345000	17.867100
4.346000	17.867100
4.347000	17.929899
4.348000	17.867100
4.349000	17.867100
4.350000	17.867100
4.351000	17.804300
4.352000	17.867100
4.353000	17.867100
4.354000	17.867100
4.355000	17.804300
4.356000	17.867100
4.357000	17.929899
4.358000	17.804300
4.359000	17.804300
4.360000	17.741501
4.361000	17.804300
4.362000	17.741501
4.363000	17.804300
4.364000	17.804300
4.365000	17.804300
4.366000	17.804300
4.367000	17.741501
4.368000	17.804300
4.369000	17.804300
4.370000	17.804300
4.371000	17.678600
4.372000	17.804300
4.373000	17.804300
4.374000	17.804300
4.375000	17.867100
4.376000	17.804300
4.377000	17.804300
4.378000	17.804300
4.379000	17.741501
4.380000	17.741501
4.381000	17.741501
4.382000	17.804300
4.383000	17.741501
4.384000	17.741501
4.385000	17.678600
4.386000	17.741501
4.387000	17.804300
4.388000	17.804300
4.389000	17.678600
4.390000	17.804300
4.391000	17.804300
4.392000	17.741501
4.393000	17.678600
4.394000	17.678600
4.395000	17.804300
4.396000	17.741501
4.397000	17.804300
4.398000	17.741501
4.399000	17.804300
4.400000	17.741501
4.401000	17.741501
4.402000	17.741501
4.403000	17.804300
4.404000	17.804300
4.405000	17.741501
4.406000	17.741501
4.407000	17.804300
4.408000	17.741501
4.409000	17.804300
4.410000	17.867100
4.411000	17.804300
4.412000	17.867100
4.413000	17.804300
4.414000	17.867100
4.415000	17.741501
4.416000	17.741501
4.417000	17.804300
4.418000	17.867100
4.419000	17.867100
4.420000	17.804300
4.421000	17.804300
4.422000	17.804300
4.423000	17.867100
4.424000	17.804300
4.425000	17.867100
4.426000	17.804300
4.427000	17.741501
4.428000	17.804300
4.429000	17.804300
4.430000	17.804300
4.431000	17.929899
4.432000	17.804300
4.433000	17.741501
4.434000	17.804300
4.435000	17.804300
4.436000	17.804300
4.437000	17.741501
4.438000	17.678600
4.439000	17.867100
4.440000	17.804300
4.441000	17.804300
4.442000	17.804300
4.443000	17.804300
4.444000	17.804300
4.445000	17.804300
4.446000	17.804300
4.447000	17.804300
4.448000	17.867100
4.449000	17.804300
4.450000	17.804300
4.451000	17.867100
4.452000	17.804300
4.453000	17.804300
4.454000	17.867100
4.455000	17.804300
4.456000	17.804300
4.457000	17.804300
4.458000	17.804300
4.459000	17.741501
4.460000	17.741501
4.461000	17.804300
4.462000	17.804300
4.463000	17.741501
4.464000	17.804300
4.465000	17.741501
4.466000	17.741501
4.467000	17.741501
4.468000	17.741501
4.469000	17.741501
4.470000	17.804300
4.471000	17.741501
4.472000	17.678600
4.473000	17.741501
4.474000	17.741501
4.475000	17.678600
4.476000	17.678600
4.477000	17.741501
4.478000	17.678600
4.479000	17.741501
4.480000	17.678600
4.481000	17.678600
4.482000	17.741501
4.483000	17.678600
4.484000	17.615801
4.485000	17.678600
4.486000	17.741501
4.487000	17.678600
4.488000	17.615801
4.489000	17.678600
4.490000	17.615801
4.491000	17.615801
4.492000	17.615801
4.493000	17.615801
4.494000	17.615801
4.495000	17.615801
4.496000	17.552999
4.497000	17.615801
4.498000	17.552999
4.499000	17.552999
4.500000	17.552999
4.501000	17.552999
4.502000	17.615801
4.503000	17.615801
4.504000	17.490101
4.505000	17.552999
4.506000	17.615801
4.507000	17.552999
4.508000	17.552999
4.509000	17.552999
4.510000	17.552999
4.511000	17.552999
4.512000	17.552999
4.513000	17.615801
4.514000	17.552999
4.515000	17.490101
4.516000	17.552999
4.517000	17.552999
4.518000	17.552999
4.519000	17.427299
4.520000	17.490101
4.521000	17.552999
4.522000	17.490101
4.523000	17.552999
4.524000	17.490101
4.525000	17.490101
4.526000	17.552999
4.527000	17.490101
4.528000	17.552999
4.529000	17.490101
4.530000	17.490101
4.531000	17.490101
4.532000	17.427299
4.533000	17.427299
4.534000	17.427299
4.535000	17.427299
4.536000	17.427299
4.537000	17.552999
4.538000	17.364500
4.539000	17.427299
4.540000	17.427299
4.541000	17.427299
4.542000	17.364500
4.543000	17.427299
4.544000	17.427299
4.545000	17.364500
4.546000	17.364500
4.547000	17.427299
4.548000	17.427299
4.549000	17.364500
4.550000	17.427299
4.551000	17.427299
4.552000	17.364500
4.553000	17.427299
4.554000	17.490101
4.555000	17.364500
4.556000	17.490101
4.557000	17.427299
4.558000	17.427299
4.559000	17.427299
4.560000	17.427299
4.561000	17.427299
4.562000	17.490101
4.563000	17.490101
4.564000	17.490101
4.565000	17.490101
4.566000	17.490101
4.567000	17.552999
4.568000	17.552999
4.569000	17.552999
4.570000	17.552999
4.571000	17.552999
4.572000	17.427299
4.573000	17.552999
4.574000	17.490101
4.575000	17.615801
4.576000	17.552999
4.577000	17.490101
4.578000	17.490101
4.579000	17.615801
4.580000	17.490101
4.581000	17.552999
4.582000	17.490101
4.583000	17.552999
4.584000	17.552999
4.585000	17.552999
4.586000	17.615801
4.587000	17.552999
4.588000	17.552999
4.589000	17.552999
4.590000	17.552999
4.591000	17.552999
4.592000	17.552999
4.593000	17.615801
4.594000	17.552999
4.595000	17.615801
4.596000	17.615801
4.597000	17.678600
4.598000	17.552999
4.599000	17.615801
4.600000	17.678600
4.601000	17.615801
4.602000	17.741501
4.603000	17.678600
4.604000	17.678600
4.605000	17.678600
4.606000	17.678600
4.607000	17.741501
4.608000	17.741501
4.609000	17.741501
4.610000	17.741501
4.611000	17.804300
4.612000	17.741501
4.613000	17.804300
4.614000	17.804300
4.615000	17.804300
4.616000	17.867100
4.617000	17.867100
4.618000	17.867100
4.619000	17.804300
4.620000	17.929899
4.621000	17.929899
4.622000	18.055599
4.623000	18.118401
4.624000	18.181299
4.625000	18.369699
4.626000	18.369699
4.627000	18.495399
4.628000	18.809500
4.629000	19.060900
4.630000	19.123699
4.631000	19.437799
4.632000	19.689100
4.633000	19.940399
4.634000	20.254601
4.635000	20.568701
4.636000	20.757200
4.637000	20.945700
4.638000	21.322701
4.639000	21.511101
4.640000	21.825300
4.641000	22.013800
4.642000	22.202299
4.643000	22.390600
4.644000	22.516300
4.645000	22.579100
4.646000	22.704901
4.647000	22.767599
4.648000	22.704901
4.649000	22.830400
4.650000	22.704901
4.651000	22.704901
4.652000	22.704901
4.653000	22.579100
4.654000	22.516300
4.655000	22.453600
4.656000	22.390600
4.657000	22.327801
4.658000	22.265100
4.659000	22.327801
4.660000	22.139299
4.661000	22.202299
4.662000	22.202299
4.663000	22.202299
4.664000	22.202299
4.665000	22.139299
4.666000	22.202299
4.667000	22.327801
4.668000	22.390600
4.669000	22.453600
4.670000	22.579100
4.671000	22.579100
4.672000	22.704901
4.673000	22.830400
4.674000	23.018900
4.675000	23.081900
4.676000	23.144600
4.677000	23.270201
4.678000	23.458700
4.679000	23.584400
4.680000	23.709999
4.681000	23.772900
4.682000	23.898500
4.683000	24.149799
4.684000	24.275499
4.685000	24.401100
4.686000	24.589600
4.687000	24.652500
4.688000	24.840900
4.689000	25.029400
4.690000	25.155100
4.691000	25.280701
4.692000	25.280701
4.693000	25.343599
4.694000	25.594900
4.695000	25.469200
4.696000	25.532000
4.697000	25.594900
4.698000	25.532000
4.699000	25.532000
4.700000	25.532000
4.701000	25.532000
4.702000	25.469200
4.703000	25.343599
4.704000	25.343599
4.705000	25.217899
4.706000	25.217899
4.707000	25.217899
4.708000	25.217899
4.709000	25.155100
4.710000	25.217899
4.711000	25.155100
4.712000	25.217899
4.713000	25.343599
4.714000	25.343599
4.715000	25.343599
4.716000	25.532000
4.717000	25.594900
4.718000	25.720501
4.719000	25.846201
4.720000	25.971800
4.721000	26.034700
4.722000	26.160299
4.723000	26.285999
4.724000	26.411600
4.725000	26.600100
4.726000	26.663000
4.727000	26.788601
4.728000	26.851400
4.729000	26.977100
4.730000	27.102800
4.731000	27.165600
4.732000	27.291201
4.733000	27.479700
4.734000	27.542500
4.735000	27.605400
4.736000	27.605400
4.737000	27.856701
4.738000	27.856701
4.739000	27.982300
4.740000	28.045200
4.741000	27.982300
4.742000	28.045200
4.743000	28.170799
4.744000	28.170799
4.745000	28.170799
4.746000	28.170799
4.747000	28.170799
4.748000	28.108000
4.749000	28.108000
4.750000	28.170799
4.751000	28.045200
4.752000	28.045200
4.753000	28.045200
4.754000	27.982300
4.755000	28.045200
4.756000	28.045200
4.757000	27.982300
4.758000	27.919500
4.759000	28.045200
4.760000	28.108000
4.761000	28.108000
4.762000	28.233700
4.763000	28.296499
4.764000	28.422001
4.765000	28.547800
4.766000	28.547800
4.767000	28.673500
4.768000	28.799000
4.769000	28.924801
4.770000	29.176100
4.771000	29.301600
4.772000	29.427299
4.773000	29.490101
4.774000	29.741400
4.775000	29.804300
4.776000	29.804300
4.777000	29.929899
4.778000	30.055599
4.779000	30.055599
4.780000	30.181200
4.781000	30.244101
4.782000	30.244101
4.783000	30.244101
4.784000	30.306900
4.785000	30.244101
4.786000	30.306900
4.787000	30.306900
4.788000	30.306900
4.789000	30.369699
4.790000	30.369699
4.791000	30.369699
4.792000	30.306900
4.793000	30.306900
4.794000	30.244101
4.795000	30.369699
4.796000	30.432501
4.797000	30.369699
4.798000	30.369699
4.799000	30.432501
4.800000	30.432501
4.801000	30.495399
4.802000	30.558201
4.803000	30.621000
4.804000	30.683901
4.805000	30.558201
4.806000	30.621000
4.807000	30.683901
4.808000	30.746700
4.809000	30.683901
4.810000	30.746700
4.811000	30.809500
4.812000	30.809500
4.813000	30.809500
4.814000	30.997999
4.815000	30.935200
4.816000	31.123699
4.817000	31.123699
4.818000	31.186501
4.819000	31.186501
4.820000	31.375000
4.821000	31.500601
4.822000	31.563400
4.823000	31.689100
4.824000	31.751900
4.825000	31.940399
4.826000	32.003201
4.827000	32.128899
4.828000	32.066101
4.829000	32.191700
4.830000	32.317402
4.831000	32.380199
4.832000	32.317402
4.833000	32.380199
4.834000	32.380199
4.835000	32.443001
4.836000	32.380199
4.837000	32.380199
4.838000	32.317402
4.839000	32.317402
4.840000	32.254601
4.841000	32.317402
4.842000	32.254601
4.843000	32.191700
4.844000	32.066101
4.845000	32.128899
4.846000	32.191700
4.847000	32.191700
4.848000	32.128899
4.849000	32.128899
4.850000	32.254601
4.851000	32.191700
4.852000	32.254601
4.853000	32.380199
4.854000	32.443001
4.855000	32.380199
4.856000	32.505901
4.857000	32.631500
4.858000	32.757198
4.859000	32.757198
4.860000	32.882801
4.861000	33.008499
4.862000	33.008499
4.863000	33.196999
4.864000	33.259800
4.865000	33.322601
4.866000	33.385502
4.867000	33.573898
4.868000	33.511101
4.869000	33.636799
4.870000	33.699600
4.871000	33.699600
4.872000	33.825298
4.873000	33.825298
4.874000	33.888100
4.875000	33.888100
4.876000	33.888100
4.877000	34.013699
4.878000	33.950901
4.879000	33.950901
4.880000	34.076599
4.881000	34.013699
4.882000	34.013699
4.883000	34.013699
4.884000	34.076599
4.885000	34.013699
4.886000	34.013699
4.887000	34.139400
4.888000	34.013699
4.889000	34.013699
4.890000	34.013699
4.891000	33.950901
4.892000	34.013699
4.893000	33.950901
4.894000	34.013699
4.895000	34.013699
4.896000	34.076599
4.897000	34.139400
4.898000	34.202202
4.899000	34.202202
4.900000	34.265099
4.901000	34.327900
4.902000	34.390701
4.903000	34.516399
4.904000	34.579201
4.905000	34.579201
4.906000	34.767700
4.907000	34.830502
4.908000	34.893200
4.909000	34.956200
4.910000	35.019001
4.911000	35.019001
4.912000	35.144699
4.913000	35.270199
4.914000	35.270199
4.915000	35.333000
4.916000	35.396000
4.917000	35.458698
4.918000	35.458698
4.919000	35.521500
4.920000	35.458698
4.921000	35.521500
4.922000	35.584301
4.923000	35.521500
4.924000	35.521500
4.925000	35.521500
4.926000	35.521500
4.927000	35.521500
4.928000	35.584301
4.929000	35.584301
4.930000	35.647301
4.931000	35.709999
4.932000	35.709999
4.933000	35.772800
4.934000	35.647301
4.935000	35.772800
4.936000	35.835800
4.937000	35.772800
4.938000	35.835800
4.939000	35.835800
4.940000	35.898499
4.941000	35.961300
4.942000	35.961300
4.943000	36.024101
4.944000	36.087002
4.945000	36.024101
4.946000	36.087002
4.947000	36.149799
4.948000	36.149799
4.949000	36.212601
4.950000	36.275501
4.951000	36.275501
4.952000	36.401100
4.953000	36.401100
4.954000	36.463902
4.955000	36.463902
4.956000	36.526798
4.957000	36.652401
4.958000	36.652401
4.959000	36.715302
4.960000	36.778099
4.961000	36.778099
4.962000	36.840900
4.963000	36.966599
4.964000	36.903702
4.965000	36.903702
4.966000	37.029400
4.967000	37.155102
4.968000	37.092201
4.969000	37.092201
4.970000	37.155102
4.971000	37.155102
4.972000	37.155102
4.973000	37.217899
4.974000	37.217899
4.975000	37.280701
4.976000	37.217899
4.977000	37.155102
4.978000	37.155102
4.979000	37.155102
4.980000	37.155102
4.981000	37.217899
4.982000	37.217899
4.983000	37.217899
4.984000	37.217899
4.985000	37.280701
4.986000	37.217899
4.987000	37.280701
4.988000	37.280701
4.989000	37.343498
4.990000	37.469200
4.991000	37.469200
4.992000	37.469200
4.993000	37.532001
4.994000	37.594799
4.995000	37.594799
4.996000	37.657700
4.997000	37.657700
4.998000	37.720501
4.999000	37.783298
5.000000	37.909000
5.001000	37.846199
5.002000	37.909000
5.003000	37.909000
5.004000	37.971802
5.005000	37.971802
5.006000	37.971802
5.007000	37.909000
5.008000	38.097500
5.009000	38.034599
5.010000	38.034599
5.011000	38.160301
5.012000	38.160301
5.013000	38.285999
5.014000	38.160301
5.015000	38.223099
5.016000	38.160301
5.017000	38.285999
5.018000	38.285999
5.019000	38.285999
5.020000	38.285999
5.021000	38.411598
5.022000	38.348801
5.023000	38.411598
5.024000	38.411598
5.025000	38.411598
5.026000	38.411598
5.027000	38.537300
5.028000	38.537300
5.029000	38.474400
5.030000	38.537300
5.031000	38.474400
5.032000	38.600101
5.033000	38.537300
5.034000	38.537300
5.035000	38.537300
5.036000	38.537300
5.037000	38.662899
5.038000	38.662899
5.039000	38.725800
5.040000	38.725800
5.041000	38.662899
5.042000	38.725800
5.043000	38.725800
5.044000	38.725800
5.045000	38.851398
5.046000	38.851398
5.047000	38.914200
5.048000	38.851398
5.049000	38.977100
5.050000	39.039902
5.051000	39.039902
5.052000	39.039902
5.053000	39.165600
5.054000	39.165600
5.055000	39.228401
5.056000	39.228401
5.057000	39.416901
5.058000	39.291199
5.059000	39.354000
5.060000	39.354000
5.061000	39.416901
5.062000	39.416901
5.063000	39.416901
5.064000	39.416901
5.065000	39.479698
5.066000	39.542500
5.067000	39.542500
5.068000	39.605301
5.069000	39.542500
5.070000	39.542500
5.071000	39.605301
5.072000	39.605301
5.073000	39.542500
5.074000	39.605301
5.075000	39.668201
5.076000	39.605301
5.077000	39.668201
5.078000	39.668201
5.079000	39.730999
5.080000	39.668201
5.081000	39.668201
5.082000	39.793800
5.083000	39.668201
5.084000	39.730999
5.085000	39.793800
5.086000	39.793800
5.087000	39.919498
5.088000	39.856701
5.089000	40.045101
5.090000	40.045101
5.091000	39.919498
5.092000	39.919498
5.093000	39.982300
5.094000	40.108002
5.095000	39.982300
5.096000	40.233601
5.097000	40.170799
5.098000	40.233601
5.099000	40.359299
5.100000	40.359299
5.101000	40.296501
5.102000	40.359299
5.103000	40.359299
5.104000	40.422100
5.105000	40.422100
5.106000	40.422100
5.107000	40.484901
5.108000	40.484901
5.109000	40.547798
5.110000	40.484901
5.111000	40.673401
5.112000	40.610600
5.113000	40.610600
5.114000	40.547798
5.115000	40.547798
5.116000	40.484901
5.117000	40.610600
5.118000	40.547798
5.119000	40.610600
5.120000	40.673401
5.121000	40.736301
5.122000	40.610600
5.123000	40.736301
5.124000	40.799099
5.125000	40.736301
5.126000	40.799099
5.127000	40.736301
5.128000	40.799099
5.129000	40.799099
5.130000	40.924702
5.131000	40.861900
5.132000	40.924702
5.133000	40.924702
5.134000	40.987598
5.135000	40.987598
5.136000	41.050400
5.137000	41.050400
5.138000	41.050400
5.139000	41.050400
5.140000	41.113201
5.141000	41.113201
5.142000	41.176102
5.143000	41.113201
5.144000	41.113201
5.145000	41.176102
5.146000	41.176102
5.147000	41.238899
5.148000	41.176102
5.149000	41.301701
5.150000	41.364399
5.151000	41.364399
5.152000	41.364399
5.153000	41.301701
5.154000	41.364399
5.155000	41.364399
5.156000	41.364399
5.157000	41.427399
5.158000	41.490200
5.159000	41.427399
5.160000	41.364399
5.161000	41.490200
5.162000	41.427399
5.163000	41.490200
5.164000	41.490200
5.165000	41.490200
5.166000	41.490200
5.167000	41.552898
5.168000	41.490200
5.169000	41.490200
5.170000	41.490200
5.171000	41.552898
5.172000	41.490200
5.173000	41.490200
5.174000	41.301701
5.175000	41.364399
5.176000	41.238899
5.177000	41.050400
5.178000	40.987598
5.179000	40.799099
5.180000	40.547798
5.181000	40.484901
5.182000	40.233601
5.183000	39.982300
5.184000	39.730999
5.185000	39.479698
5.186000	39.228401
5.187000	38.851398
5.188000	38.662899
5.189000	38.411598
5.190000	38.160301
5.191000	37.783298
5.192000	37.469200
5.193000	37.280701
5.194000	36.966599
5.195000	36.715302
5.196000	36.589600
5.197000	36.463902
5.198000	36.275501
5.199000	36.087002
5.200000	35.961300
5.201000	35.835800
5.202000	35.772800
5.203000	35.709999
5.204000	35.709999
5.205000	35.647301
5.206000	35.521500
5.207000	35.458698
5.208000	35.521500
5.209000	35.458698
5.210000	35.521500
5.211000	35.458698
5.212000	35.521500
5.213000	35.584301
5.214000	35.521500
5.215000	35.584301
5.216000	35.647301
5.217000	35.709999
5.218000	35.647301
5.219000	35.772800
5.220000	35.835800
5.221000	35.709999
5.222000	35.835800
5.223000	35.835800
5.224000	35.961300
5.225000	35.835800
5.226000	35.898499
5.227000	35.835800
5.228000	35.709999
5.229000	35.772800
5.230000	35.647301
5.231000	35.709999
5.232000	35.647301
5.233000	35.458698
5.234000	35.270199
5.235000	35.207500
5.236000	35.081699
5.237000	34.893200
5.238000	34.830502
5.239000	34.641998
5.240000	34.579201
5.241000	34.390701
5.242000	34.202202
5.243000	34.013699
5.244000	33.888100
5.245000	33.762402
5.246000	33.699600
5.247000	33.511101
5.248000	33.385502
5.249000	33.385502
5.250000	33.322601
5.251000	33.134201
5.252000	33.134201
5.253000	33.134201
5.254000	32.945702
5.255000	32.945702
5.256000	32.945702
5.257000	32.882801
5.258000	32.757198
5.259000	32.757198
5.260000	32.694401
5.261000	32.694401
5.262000	32.568699
5.263000	32.505901
5.264000	32.443001
5.265000	32.317402
5.266000	32.254601
5.267000	32.254601
5.268000	32.191700
5.269000	32.191700
5.270000	32.066101
5.271000	32.003201
5.272000	32.003201
5.273000	31.877600
5.274000	31.814800
5.275000	31.814800
5.276000	31.626301
5.277000	31.626301
5.278000	31.563400
5.279000	31.500601
5.280000	31.437799
5.281000	31.312099
5.282000	31.312099
5.283000	31.186501
5.284000	31.123699
5.285000	30.997999
5.286000	30.935200
5.287000	30.746700
5.288000	30.621000
5.289000	30.558201
5.290000	30.495399
5.291000	30.369699
5.292000	30.244101
5.293000	30.181200
5.294000	30.118401
5.295000	29.929899
5.296000	29.867100
5.297000	29.741400
5.298000	29.678600
5.299000	29.615801
5.300000	29.490101
5.301000	29.364599
5.302000	29.427299
5.303000	29.301600
5.304000	29.176100
5.305000	29.176100
5.306000	29.176100
5.307000	29.176100
5.308000	29.113300
5.309000	28.987499
5.310000	28.987499
5.311000	28.861799
5.312000	28.799000
5.313000	28.736300
5.314000	28.673500
5.315000	28.547800
5.316000	28.547800
5.317000	28.485001
5.318000	28.422001
5.319000	28.359301
5.320000	28.233700
5.321000	28.233700
5.322000	28.170799
5.323000	27.982300
5.324000	27.982300
5.325000	27.793900
5.326000	27.793900
5.327000	27.731001
5.328000	27.605400
5.329000	27.542500
5.330000	27.479700
5.331000	27.416901
5.332000	27.354099
5.333000	27.291201
5.334000	27.228399
5.335000	27.165600
5.336000	27.102800
5.337000	26.914301
5.338000	26.914301
5.339000	26.851400
5.340000	26.788601
5.341000	26.663000
5.342000	26.600100
5.343000	26.474501
5.344000	26.411600
5.345000	26.285999
5.346000	26.348801
5.347000	26.160299
5.348000	26.034700
5.349000	25.971800
5.350000	25.846201
5.351000	25.720501
5.352000	25.657700
5.353000	25.657700
5.354000	25.594900
5.355000	25.406401
5.356000	25.406401
5.357000	25.406401
5.358000	25.280701
5.359000	25.217899
5.360000	25.155100
5.361000	25.092300
5.362000	25.029400
5.363000	25.029400
5.364000	24.903799
5.365000	24.903799
5.366000	24.778099
5.367000	24.715300
5.368000	24.652500
5.369000	24.526800
5.370000	24.526800
5.371000	24.464001
5.372000	24.338301
5.373000	24.275499
5.374000	24.275499
5.375000	24.087000
5.376000	24.087000
5.377000	23.961300
5.378000	23.835699
5.379000	23.772900
5.380000	23.772900
5.381000	23.647200
5.382000	23.521500
5.383000	23.458700
5.384000	23.458700
5.385000	23.395901
5.386000	23.333099
5.387000	23.270201
5.388000	23.207399
5.389000	23.144600
5.390000	23.081900
5.391000	23.018900
5.392000	23.018900
5.393000	22.956100
5.394000	22.893400
5.395000	22.830400
5.396000	22.767599
5.397000	22.704901
5.398000	22.642099
5.399000	22.579100
5.400000	22.516300
5.401000	22.453600
5.402000	22.390600
5.403000	22.202299
5.404000	22.139299
5.405000	22.013800
5.406000	22.013800
5.407000	21.950800
5.408000	21.825300
5.409000	21.825300
5.410000	21.699600
5.411000	21.573999
5.412000	21.573999
5.413000	21.511101
5.414000	21.448299
5.415000	21.197001
5.416000	21.322701
5.417000	21.197001
5.418000	21.197001
5.419000	21.197001
5.420000	21.134199
5.421000	21.071400
5.422000	20.945700
5.423000	20.945700
5.424000	20.882900
5.425000	20.757200
5.426000	20.757200
5.427000	20.694401
5.428000	20.631599
5.429000	20.694401
5.430000	20.505899
5.431000	20.443100
5.432000	20.505899
5.433000	20.380199
5.434000	20.317400
5.435000	20.380199
5.436000	20.380199
5.437000	20.254601
5.438000	20.254601
5.439000	20.128901
5.440000	20.128901
5.441000	20.003300
5.442000	20.003300
5.443000	19.877600
5.444000	19.814800
5.445000	19.814800
5.446000	19.752001
5.447000	19.626301
5.448000	19.563499
5.449000	19.500601
5.450000	19.375000
5.451000	19.312201
5.452000	19.249300
5.453000	19.186501
5.454000	19.186501
5.455000	19.060900
5.456000	18.935200
5.457000	18.872400
5.458000	18.809500
5.459000	18.746700
5.460000	18.621099
5.461000	18.558201
5.462000	18.558201
5.463000	18.495399
5.464000	18.369699
5.465000	18.369699
5.466000	18.244101
5.467000	18.306900
5.468000	18.306900
5.469000	18.306900
5.470000	18.181299
5.471000	18.055599
5.472000	17.992800
5.473000	17.992800
5.474000	17.992800
5.475000	17.929899
5.476000	17.867100
5.477000	17.867100
5.478000	17.741501
5.479000	17.678600
5.480000	17.678600
5.481000	17.615801
5.482000	17.552999
5.483000	17.552999
5.484000	17.552999
5.485000	17.364500
5.486000	17.364500
5.487000	17.238800
5.488000	17.113199
5.489000	17.176001
5.490000	17.113199
5.491000	17.113199
5.492000	16.924700
5.493000	16.924700
5.494000	16.861900
5.495000	16.861900
5.496000	16.799000
5.497000	16.736200
5.498000	16.673401
5.499000	16.610701
5.500000	16.610701
