-0.500000	-0.885157
-0.499000	-0.794888
-0.498000	-0.794888
-0.497000	-0.794888
-0.496000	-0.704803
-0.495000	-0.704803
-0.494000	-0.794888
-0.493000	-0.794888
-0.492000	-0.704803
-0.491000	-0.704803
-0.490000	-0.794888
-0.489000	-0.794888
-0.488000	-0.704803
-0.487000	-0.614718
-0.486000	-0.704803
-0.485000	-0.885157
-0.484000	-0.614718
-0.483000	-0.794888
-0.482000	-0.885157
-0.481000	-0.794888
-0.480000	-0.704803
-0.479000	-0.794888
-0.478000	-0.704803
-0.477000	-0.885157
-0.476000	-0.794888
-0.475000	-0.704803
-0.474000	-0.704803
-0.473000	-0.704803
-0.472000	-0.704803
-0.471000	-0.704803
-0.470000	-0.614718
-0.469000	-0.704803
-0.468000	-0.704803
-0.467000	-0.704803
-0.466000	-0.794888
-0.465000	-0.794888
-0.464000	-0.794888
-0.463000	-0.794888
-0.462000	-0.794888
-0.461000	-0.794888
-0.460000	-0.794888
-0.459000	-0.704803
-0.458000	-0.794888
-0.457000	-0.704803
-0.456000	-0.794888
-0.455000	-0.885157
-0.454000	-0.704803
-0.453000	-0.794888
-0.452000	-0.704803
-0.451000	-0.794888
-0.450000	-0.704803
-0.449000	-0.794888
-0.448000	-0.794888
-0.447000	-0.704803
-0.446000	-0.614718
-0.445000	-0.704803
-0.444000	-0.794888
-0.443000	-0.704803
-0.442000	-0.794888
-0.441000	-0.704803
-0.440000	-0.794888
-0.439000	-0.704803
-0.438000	-0.704803
-0.437000	-0.704803
-0.436000	-0.794888
-0.435000	-0.614718
-0.434000	-0.794888
-0.433000	-0.614718
-0.432000	-0.794888
-0.431000	-0.794888
-0.430000	-0.794888
-0.429000	-0.704803
-0.428000	-0.794888
-0.427000	-0.794888
-0.426000	-0.794888
-0.425000	-0.794888
-0.424000	-0.704803
-0.423000	-0.704803
-0.422000	-0.794888
-0.421000	-0.794888
-0.420000	-0.614718
-0.419000	-0.794888
-0.418000	-0.704803
-0.417000	-0.794888
-0.416000	-0.794888
-0.415000	-0.885157
-0.414000	-0.704803
-0.413000	-0.794888
-0.412000	-0.794888
-0.411000	-0.794888
-0.410000	-0.794888
-0.409000	-0.794888
-0.408000	-0.794888
-0.407000	-0.704803
-0.406000	-0.794888
-0.405000	-0.704803
-0.404000	-0.794888
-0.403000	-0.704803
-0.402000	-0.704803
-0.401000	-0.704803
-0.400000	-0.794888
-0.399000	-0.794888
-0.398000	-0.794888
-0.397000	-0.794888
-0.396000	-0.794888
-0.395000	-0.704803
-0.394000	-0.704803
-0.393000	-0.885157
-0.392000	-0.794888
-0.391000	-0.614718
-0.390000	-0.704803
-0.389000	-0.704803
-0.388000	-0.794888
-0.387000	-0.794888
-0.386000	-0.794888
-0.385000	-0.794888
-0.384000	-0.794888
-0.383000	-0.885157
-0.382000	-0.975242
-0.381000	-0.704803
-0.380000	-0.704803
-0.379000	-0.794888
-0.378000	-0.794888
-0.377000	-0.885157
-0.376000	-0.794888
-0.375000	-0.794888
-0.374000	-0.704803
-0.373000	-0.794888
-0.372000	-0.704803
-0.371000	-0.794888
-0.370000	-0.794888
-0.369000	-0.614718
-0.368000	-0.704803
-0.367000	-0.794888
-0.366000	-0.794888
-0.365000	-0.885157
-0.364000	-0.885157
-0.363000	-0.885157
-0.362000	-0.704803
-0.361000	-0.794888
-0.360000	-0.704803
-0.359000	-0.704803
-0.358000	-0.614718
-0.357000	-0.704803
-0.356000	-0.794888
-0.355000	-0.794888
-0.354000	-0.704803
-0.353000	-0.794888
-0.352000	-0.704803
-0.351000	-0.704803
-0.350000	-0.794888
-0.349000	-0.794888
-0.348000	-0.704803
-0.347000	-0.704803
-0.346000	-0.794888
-0.345000	-0.704803
-0.344000	-0.704803
-0.343000	-0.704803
-0.342000	-0.794888
-0.341000	-0.794888
-0.340000	-0.704803
-0.339000	-0.794888
-0.338000	-0.794888
-0.337000	-0.794888
-0.336000	-0.704803
-0.335000	-0.885157
-0.334000	-0.704803
-0.333000	-0.885157
-0.332000	-0.794888
-0.331000	-0.794888
-0.330000	-0.885157
-0.329000	-0.614718
-0.328000	-0.704803
-0.327000	-0.794888
-0.326000	-0.885157
-0.325000	-0.704803
-0.324000	-0.794888
-0.323000	-0.614718
-0.322000	-0.704803
-0.321000	-0.704803
-0.320000	-0.704803
-0.319000	-0.794888
-0.318000	-0.614718
-0.317000	-0.704803
-0.316000	-0.794888
-0.315000	-0.794888
-0.314000	-0.885157
-0.313000	-0.704803
-0.312000	-0.794888
-0.311000	-0.704803
-0.310000	-0.794888
-0.309000	-0.704803
-0.308000	-0.885157
-0.307000	-0.704803
-0.306000	-0.794888
-0.305000	-0.794888
-0.304000	-0.794888
-0.303000	-0.794888
-0.302000	-0.794888
-0.301000	-0.794888
-0.300000	-0.794888
-0.299000	-0.794888
-0.298000	-0.704803
-0.297000	-0.704803
-0.296000	-0.704803
-0.295000	-0.704803
-0.294000	-0.794888
-0.293000	-0.794888
-0.292000	-0.794888
-0.291000	-0.794888
-0.290000	-0.794888
-0.289000	-0.794888
-0.288000	-0.794888
-0.287000	-0.794888
-0.286000	-0.885157
-0.285000	-0.794888
-0.284000	-0.794888
-0.283000	-0.794888
-0.282000	-0.794888
-0.281000	-0.885157
-0.280000	-0.885157
-0.279000	-0.885157
-0.278000	-0.794888
-0.277000	-0.794888
-0.276000	-0.704803
-0.275000	-0.794888
-0.274000	-0.885157
-0.273000	-0.794888
-0.272000	-0.704803
-0.271000	-0.794888
-0.270000	-0.794888
-0.269000	-0.794888
-0.268000	-0.704803
-0.267000	-0.614718
-0.266000	-0.794888
-0.265000	-0.704803
-0.264000	-0.794888
-0.263000	-0.794888
-0.262000	-0.794888
-0.261000	-0.794888
-0.260000	-0.794888
-0.259000	-0.794888
-0.258000	-0.704803
-0.257000	-0.794888
-0.256000	-0.704803
-0.255000	-0.885157
-0.254000	-0.704803
-0.253000	-0.794888
-0.252000	-0.704803
-0.251000	-0.794888
-0.250000	-0.794888
-0.249000	-0.794888
-0.248000	-0.885157
-0.247000	-0.794888
-0.246000	-0.794888
-0.245000	-0.794888
-0.244000	-0.885157
-0.243000	-0.794888
-0.242000	-0.794888
-0.241000	-0.704803
-0.240000	-0.704803
-0.239000	-0.794888
-0.238000	-0.704803
-0.237000	-0.794888
-0.236000	-0.794888
-0.235000	-0.614718
-0.234000	-0.704803
-0.233000	-0.794888
-0.232000	-0.794888
-0.231000	-0.885157
-0.230000	-0.794888
-0.229000	-0.794888
-0.228000	-0.794888
-0.227000	-0.704803
-0.226000	-0.704803
-0.225000	-0.704803
-0.224000	-0.885157
-0.223000	-0.794888
-0.222000	-0.704803
-0.221000	-0.704803
-0.220000	-0.885157
-0.219000	-0.885157
-0.218000	-0.885157
-0.217000	-0.794888
-0.216000	-0.794888
-0.215000	-0.794888
-0.214000	-0.794888
-0.213000	-0.794888
-0.212000	-0.794888
-0.211000	-0.794888
-0.210000	-0.794888
-0.209000	-0.704803
-0.208000	-0.704803
-0.207000	-0.794888
-0.206000	-0.794888
-0.205000	-0.794888
-0.204000	-0.794888
-0.203000	-0.885157
-0.202000	-0.794888
-0.201000	-0.704803
-0.200000	-0.704803
-0.199000	-0.794888
-0.198000	-0.794888
-0.197000	-0.704803
-0.196000	-0.794888
-0.195000	-0.794888
-0.194000	-0.885157
-0.193000	-0.794888
-0.192000	-0.885157
-0.191000	-0.704803
-0.190000	-0.794888
-0.189000	-0.704803
-0.188000	-0.885157
-0.187000	-0.794888
-0.186000	-0.794888
-0.185000	-0.794888
-0.184000	-0.975242
-0.183000	-0.794888
-0.182000	-0.704803
-0.181000	-0.794888
-0.180000	-0.794888
-0.179000	-0.794888
-0.178000	-0.794888
-0.177000	-0.794888
-0.176000	-0.794888
-0.175000	-0.794888
-0.174000	-0.704803
-0.173000	-0.704803
-0.172000	-0.614718
-0.171000	-0.794888
-0.170000	-0.704803
-0.169000	-0.704803
-0.168000	-0.704803
-0.167000	-0.794888
-0.166000	-0.704803
-0.165000	-0.794888
-0.164000	-0.794888
-0.163000	-0.704803
-0.162000	-0.794888
-0.161000	-0.794888
-0.160000	-0.704803
-0.159000	-0.704803
-0.158000	-0.704803
-0.157000	-0.704803
-0.156000	-0.794888
-0.155000	-0.794888
-0.154000	-0.704803
-0.153000	-0.704803
-0.152000	-0.885157
-0.151000	-0.794888
-0.150000	-0.885157
-0.149000	-0.794888
-0.148000	-0.794888
-0.147000	-0.704803
-0.146000	-0.885157
-0.145000	-0.794888
-0.144000	-0.794888
-0.143000	-0.794888
-0.142000	-0.794888
-0.141000	-0.704803
-0.140000	-0.794888
-0.139000	-0.704803
-0.138000	-0.794888
-0.137000	-0.794888
-0.136000	-0.794888
-0.135000	-0.614718
-0.134000	-0.704803
-0.133000	-0.704803
-0.132000	-0.704803
-0.131000	-0.794888
-0.130000	-0.614718
-0.129000	-0.794888
-0.128000	-0.614718
-0.127000	-0.704803
-0.126000	-0.704803
-0.125000	-0.614718
-0.124000	-0.794888
-0.123000	-0.614718
-0.122000	-0.704803
-0.121000	-0.794888
-0.120000	-0.794888
-0.119000	-0.704803
-0.118000	-0.794888
-0.117000	-0.794888
-0.116000	-0.885157
-0.115000	-0.885157
-0.114000	-0.975242
-0.113000	-0.704803
-0.112000	-0.794888
-0.111000	-0.704803
-0.110000	-0.794888
-0.109000	-0.885157
-0.108000	-0.975242
-0.107000	-0.794888
-0.106000	-0.704803
-0.105000	-0.704803
-0.104000	-0.794888
-0.103000	-0.794888
-0.102000	-0.794888
-0.101000	-0.794888
-0.100000	-0.794888
-0.099000	-0.794888
-0.098000	-0.704803
-0.097000	-0.794888
-0.096000	-0.794888
-0.095000	-0.704803
-0.094000	-0.614718
-0.093000	-0.794888
-0.092000	-0.794888
-0.091000	-0.885157
-0.090000	-0.704803
-0.089000	-0.885157
-0.088000	-0.704803
-0.087000	-0.704803
-0.086000	-0.704803
-0.085000	-0.794888
-0.084000	-0.794888
-0.083000	-0.794888
-0.082000	-0.704803
-0.081000	-0.794888
-0.080000	-0.794888
-0.079000	-0.704803
-0.078000	-0.704803
-0.077000	-0.885157
-0.076000	-0.794888
-0.075000	-0.704803
-0.074000	-0.704803
-0.073000	-0.704803
-0.072000	-0.614718
-0.071000	-0.704803
-0.070000	-0.704803
-0.069000	-0.704803
-0.068000	-0.704803
-0.067000	-0.614718
-0.066000	-0.794888
-0.065000	-0.704803
-0.064000	-0.704803
-0.063000	-0.794888
-0.062000	-0.704803
-0.061000	-0.794888
-0.060000	-0.794888
-0.059000	-0.704803
-0.058000	-0.704803
-0.057000	-0.704803
-0.056000	-0.704803
-0.055000	-0.794888
-0.054000	-0.885157
-0.053000	-0.704803
-0.052000	-0.794888
-0.051000	-0.704803
-0.050000	-0.704803
-0.049000	-0.794888
-0.048000	-0.794888
-0.047000	-0.794888
-0.046000	-0.885157
-0.045000	-0.794888
-0.044000	-0.885157
-0.043000	-0.794888
-0.042000	-0.794888
-0.041000	-0.794888
-0.040000	-0.885157
-0.039000	-0.794888
-0.038000	-0.885157
-0.037000	-0.885157
-0.036000	-0.794888
-0.035000	-0.794888
-0.034000	-0.885157
-0.033000	-0.975242
-0.032000	-0.975242
-0.031000	-0.794888
-0.030000	-0.885157
-0.029000	-0.794888
-0.028000	-0.794888
-0.027000	-0.885157
-0.026000	-0.975242
-0.025000	-0.975242
-0.024000	-0.524449
-0.023000	0.196599
-0.022000	1.368440
-0.021000	2.179570
-0.020000	2.900620
-0.019000	3.351410
-0.018000	3.531580
-0.017000	3.802020
-0.016000	4.162550
-0.015000	4.252810
-0.014000	4.162550
-0.013000	4.252810
-0.012000	4.703420
-0.011000	5.334390
-0.010000	5.875260
-0.009000	6.415960
-0.008000	6.596310
-0.007000	6.866750
-0.006000	6.776480
-0.005000	6.596310
-0.004000	7.046920
-0.003000	6.776480
-0.002000	7.497710
-0.001000	8.669370
0.000000	6.956840
0.001000	3.982380
0.002000	0.557123
0.003000	0.016245
0.004000	1.819050
0.005000	3.171060
0.006000	6.055430
0.007000	3.621850
0.008000	2.450010
0.009000	0.917647
0.010000	0.106514
0.011000	-2.958220
0.012000	-6.383470
0.013000	-8.907320
0.014000	-8.907320
0.015000	-7.915650
0.016000	-5.031270
0.017000	-3.499090
0.018000	-2.597690
0.019000	-2.777860
0.020000	-1.786370
0.021000	-2.417340
0.022000	-4.039790
0.023000	-6.022940
0.024000	-8.636880
0.025000	-8.907320
0.026000	-6.383470
0.027000	-5.662240
0.028000	-0.524449
0.029000	6.686400
0.030000	9.841210
0.031000	12.725600
0.032000	10.472200
0.033000	2.089490
0.034000	-4.761020
0.035000	-9.898810
0.036000	-11.431000
0.037000	-9.538280
0.038000	-10.439500
0.039000	-3.679260
0.040000	-3.859620
0.041000	1.458520
0.042000	4.793510
0.043000	7.227270
0.044000	7.046920
0.045000	4.432980
0.046000	0.106514
0.047000	-2.868130
0.048000	-5.662240
0.049000	-7.194600
0.050000	-6.743990
0.051000	-6.203110
0.052000	-4.220140
0.053000	-0.434364
0.054000	4.613340
0.055000	10.111600
0.056000	11.283300
0.057000	11.644000
0.058000	2.269660
0.059000	3.802020
0.060000	5.424470
0.061000	3.171060
0.062000	1.548610
0.063000	3.441500
0.064000	12.996000
0.065000	15.700000
0.066000	20.567400
0.067000	12.455100
0.068000	13.627000
0.069000	11.193200
0.070000	8.128680
0.071000	6.956840
0.072000	-4.761020
0.073000	-6.473550
0.074000	1.368440
0.075000	11.013100
0.076000	17.142300
0.077000	24.263100
0.078000	25.615101
0.079000	27.778400
0.080000	23.001200
0.081000	12.365100
0.082000	1.999220
0.083000	-5.482070
0.084000	-4.220140
0.085000	-1.876640
0.086000	-0.163925
0.087000	2.540100
0.088000	5.063950
0.089000	11.644000
0.090000	16.691500
0.091000	14.979000
0.092000	13.536700
0.093000	8.579290
0.094000	4.883590
0.095000	0.557123
0.096000	-3.499090
0.097000	-7.194600
0.098000	-9.357930
0.099000	-9.087490
0.100000	-7.284870
0.101000	-4.310230
0.102000	-3.859620
0.103000	-4.941190
0.104000	-5.482070
0.105000	-7.645390
0.106000	-6.293200
0.107000	-10.529800
0.108000	-8.276360
0.109000	-9.988890
0.110000	-9.538280
0.111000	-10.259300
0.112000	-13.414100
0.113000	-11.160700
0.114000	-10.169200
0.115000	-8.726960
0.116000	-3.318740
0.117000	-3.318740
0.118000	-1.516120
0.119000	-0.975242
0.120000	-1.786370
0.121000	-0.975242
0.122000	-0.434364
0.123000	-0.073840
0.124000	2.269660
0.125000	4.973860
0.126000	7.677880
0.127000	10.291800
0.128000	11.283300
0.129000	11.463700
0.130000	11.103100
0.131000	10.652300
0.132000	10.472200
0.133000	11.644000
0.134000	11.463700
0.135000	12.275000
0.136000	11.914300
0.137000	11.644000
0.138000	12.004500
0.139000	12.365100
0.140000	12.184700
0.141000	13.176200
0.142000	13.627000
0.143000	13.446600
0.144000	12.815700
0.145000	11.644000
0.146000	8.939810
0.147000	7.948320
0.148000	6.956840
0.149000	7.407440
0.150000	10.111600
0.151000	10.201700
0.152000	11.553700
0.153000	10.832700
0.154000	11.553700
0.155000	12.004500
0.156000	10.742600
0.157000	7.587800
0.158000	-4.130060
0.159000	14.077600
0.160000	12.094600
0.161000	21.829300
0.162000	23.722200
0.163000	12.815700
0.164000	12.996000
0.165000	8.489200
0.166000	8.308850
0.167000	13.086100
0.168000	10.562300
0.169000	10.922800
0.170000	9.931300
0.171000	13.446600
0.172000	12.365100
0.173000	13.897400
0.174000	13.446600
0.175000	12.275000
0.176000	12.725600
0.177000	9.570770
0.178000	7.858240
0.179000	6.866750
0.180000	5.875260
0.181000	6.506230
0.182000	8.579290
0.183000	7.227270
0.184000	15.159400
0.185000	13.987500
0.186000	13.086100
0.187000	16.511400
0.188000	14.167700
0.189000	15.069100
0.190000	12.545200
0.191000	10.382100
0.192000	14.708600
0.193000	13.987500
0.194000	19.846300
0.195000	19.215401
0.196000	21.468800
0.197000	23.271601
0.198000	25.434900
0.199000	29.310801
0.200000	30.121901
0.201000	27.688299
0.202000	22.370199
0.203000	13.356500
0.204000	10.652300
0.205000	11.373600
0.206000	17.953501
0.207000	20.567400
0.208000	22.189800
0.209000	20.928101
0.210000	21.559099
0.211000	25.525000
0.212000	28.229000
0.213000	25.525000
0.214000	19.125299
0.215000	15.970500
0.216000	14.798600
0.217000	10.742600
0.218000	8.579290
0.219000	9.210250
0.220000	13.536700
0.221000	21.649099
0.222000	24.263100
0.223000	26.426399
0.224000	21.559099
0.225000	18.674700
0.226000	16.781799
0.227000	12.004500
0.228000	22.640600
0.229000	24.893999
0.230000	25.975599
0.231000	26.696899
0.232000	20.657700
0.233000	16.330999
0.234000	12.996000
0.235000	16.511400
0.236000	23.902599
0.237000	29.671301
0.238000	31.834600
0.239000	29.941799
0.240000	26.246099
0.241000	20.387199
0.242000	18.404301
0.243000	8.849720
0.244000	8.038410
0.245000	6.686400
0.246000	10.382100
0.247000	17.683001
0.248000	18.133801
0.249000	21.198400
0.250000	19.215401
0.251000	24.082701
0.252000	16.601400
0.253000	9.029890
0.254000	-2.777860
0.255000	-13.954800
0.256000	-15.216800
0.257000	-12.332400
0.258000	-0.614718
0.259000	11.283300
0.260000	12.725600
0.261000	17.863400
0.262000	11.283300
0.263000	9.480690
0.264000	0.106514
0.265000	12.815700
0.266000	15.339500
0.267000	1.278170
0.268000	-3.048300
0.269000	-3.679260
0.270000	12.184700
0.271000	29.490999
0.272000	31.473900
0.273000	32.285198
0.274000	26.606600
0.275000	27.598101
0.276000	25.615101
0.277000	30.031799
0.278000	35.259701
0.279000	40.307400
0.280000	42.110199
0.281000	46.977600
0.282000	55.089802
0.283000	51.304001
0.284000	51.213902
0.285000	47.608501
0.286000	11.824200
0.287000	-4.670750
0.288000	-19.813900
0.289000	-23.869900
0.290000	-2.777860
0.291000	7.317360
0.292000	14.708600
0.293000	16.150801
0.294000	5.604830
0.295000	20.928101
0.296000	34.989300
0.297000	40.036999
0.298000	29.671301
0.299000	-0.975242
0.300000	-26.483801
0.301000	-40.725498
0.302000	-37.029800
0.303000	-18.101101
0.304000	1.819050
0.305000	21.018200
0.306000	27.507999
0.307000	71.134102
0.308000	70.683502
0.309000	100.068001
0.310000	130.173996
0.311000	102.772003
0.312000	62.390900
0.313000	21.378700
0.314000	-18.461700
0.315000	-27.565599
0.316000	-30.810499
0.317000	-16.568800
0.318000	12.094600
0.319000	29.040300
0.320000	55.901100
0.321000	62.120499
0.322000	41.839802
0.323000	41.028500
0.324000	17.592899
0.325000	16.330999
0.326000	16.871901
0.327000	23.812500
0.328000	23.001200
0.329000	24.623600
0.330000	19.035200
0.331000	5.694910
0.332000	0.827562
0.333000	-10.709900
0.334000	-5.482070
0.335000	-2.777860
0.336000	6.776480
0.337000	15.519900
0.338000	28.860001
0.339000	38.955399
0.340000	31.023300
0.341000	34.268200
0.342000	36.341499
0.343000	35.620201
0.344000	37.062500
0.345000	23.722200
0.346000	15.970500
0.347000	13.807200
0.348000	10.742600
0.349000	16.511400
0.350000	17.953501
0.351000	19.035200
0.352000	19.395700
0.353000	18.223900
0.354000	16.421101
0.355000	10.652300
0.356000	6.776480
0.357000	9.120160
0.358000	7.587800
0.359000	9.029890
0.360000	8.128680
0.361000	4.342900
0.362000	1.458520
0.363000	2.089490
0.364000	2.089490
0.365000	5.154030
0.366000	1.368440
0.367000	2.900620
0.368000	1.278170
0.369000	-0.254194
0.370000	2.359930
0.371000	6.235790
0.372000	9.660860
0.373000	13.446600
0.374000	15.790300
0.375000	15.069100
0.376000	11.824200
0.377000	11.013100
0.378000	15.700000
0.379000	17.683001
0.380000	17.322500
0.381000	16.962000
0.382000	10.742600
0.383000	10.922800
0.384000	9.300330
0.385000	9.210250
0.386000	10.382100
0.387000	6.866750
0.388000	3.621850
0.389000	7.046920
0.390000	7.407440
0.391000	13.536700
0.392000	11.103100
0.393000	9.390600
0.394000	9.029890
0.395000	8.579290
0.396000	10.562300
0.397000	11.463700
0.398000	10.562300
0.399000	12.455100
0.400000	10.832700
0.401000	11.103100
0.402000	12.094600
0.403000	11.463700
0.404000	10.832700
0.405000	9.300330
0.406000	7.587800
0.407000	8.669370
0.408000	7.948320
0.409000	8.849720
0.410000	10.472200
0.411000	7.948320
0.412000	8.939810
0.413000	9.300330
0.414000	11.193200
0.415000	15.069100
0.416000	17.052099
0.417000	15.970500
0.418000	16.781799
0.419000	13.627000
0.420000	13.897400
0.421000	14.348000
0.422000	15.159400
0.423000	15.970500
0.424000	13.717100
0.425000	13.356500
0.426000	14.438100
0.427000	13.446600
0.428000	15.159400
0.429000	14.618500
0.430000	13.717100
0.431000	13.987500
0.432000	12.725600
0.433000	12.365100
0.434000	10.922800
0.435000	9.931300
0.436000	10.021600
0.437000	8.308850
0.438000	9.029890
0.439000	8.939810
0.440000	9.120160
0.441000	8.579290
0.442000	8.128680
0.443000	7.497710
0.444000	8.038410
0.445000	8.849720
0.446000	9.390600
0.447000	11.013100
0.448000	11.463700
0.449000	13.176200
0.450000	12.725600
0.451000	13.356500
0.452000	13.807200
0.453000	13.266500
0.454000	13.987500
0.455000	15.429600
0.456000	16.330999
0.457000	16.871901
0.458000	16.511400
0.459000	15.790300
0.460000	13.807200
0.461000	11.553700
0.462000	12.455100
0.463000	12.725600
0.464000	11.103100
0.465000	9.300330
0.466000	2.089490
0.467000	7.046920
0.468000	8.579290
0.469000	3.892110
0.470000	7.046920
0.471000	6.506230
0.472000	0.016245
0.473000	5.604830
0.474000	3.351410
0.475000	2.990890
0.476000	-0.704803
0.477000	-0.344279
0.478000	-2.237170
0.479000	4.523070
0.480000	1.548610
0.481000	5.514560
0.482000	5.604830
0.483000	9.029890
0.484000	9.300330
0.485000	10.201700
0.486000	9.390600
0.487000	10.652300
0.488000	8.218760
0.489000	8.939810
0.490000	7.227270
0.491000	5.875260
0.492000	5.154030
0.493000	6.145520
0.494000	7.046920
0.495000	6.956840
0.496000	6.235790
0.497000	5.334390
0.498000	4.613340
0.499000	7.497710
0.500000	5.604830
0.501000	6.596310
0.502000	5.965350
0.503000	1.999220
0.504000	3.531580
0.505000	0.557123
0.506000	1.278170
0.507000	1.548610
0.508000	0.647208
0.509000	5.334390
0.510000	3.892110
0.511000	6.956840
0.512000	6.956840
0.513000	6.596310
0.514000	6.956840
0.515000	3.982380
0.516000	8.308850
0.517000	7.046920
0.518000	12.545200
0.519000	13.807200
0.520000	10.021600
0.521000	11.644000
0.522000	10.742600
0.523000	9.841210
0.524000	8.308850
0.525000	2.810540
0.526000	2.450010
0.527000	1.458520
0.528000	4.342900
0.529000	5.875260
0.530000	5.334390
0.531000	2.900620
0.532000	0.827562
0.533000	1.368440
0.534000	0.647208
0.535000	1.368440
0.536000	0.106514
0.537000	3.802020
0.538000	0.917647
0.539000	0.196599
0.540000	1.188090
0.541000	6.776480
0.542000	13.176200
0.543000	15.880400
0.544000	12.455100
0.545000	6.686400
0.546000	2.359930
0.547000	0.286684
0.548000	1.909130
0.549000	2.810540
0.550000	3.531580
0.551000	2.540100
0.552000	3.621850
0.553000	1.728960
0.554000	6.686400
0.555000	6.145520
0.556000	6.325870
0.557000	3.982380
0.558000	0.106514
0.559000	-1.245680
0.560000	-0.704803
0.561000	-0.975242
0.562000	-0.344279
0.563000	0.827562
0.564000	0.196599
0.565000	-0.524449
0.566000	-1.876640
0.567000	-5.391980
0.568000	-5.842590
0.569000	-6.113030
0.570000	-5.842590
0.571000	-4.400490
0.572000	-4.220140
0.573000	-2.868130
0.574000	-2.417340
0.575000	-2.237170
0.576000	-1.335770
0.577000	-0.794888
0.578000	-0.975242
0.579000	-0.975242
0.580000	-1.155410
0.581000	-2.417340
0.582000	-2.327250
0.583000	-3.318740
0.584000	-4.310230
0.585000	-4.400490
0.586000	-5.662240
0.587000	-2.958220
0.588000	-4.220140
0.589000	-1.516120
0.590000	-2.777860
0.591000	-2.056810
0.592000	-2.146900
0.593000	-4.580660
0.594000	-4.039790
0.595000	-4.400490
0.596000	-5.662240
0.597000	-6.743990
0.598000	-4.761020
0.599000	-9.448010
0.600000	-11.160700
0.601000	-10.529800
0.602000	-9.808540
0.603000	-5.301710
0.604000	-4.220140
0.605000	-4.220140
0.606000	-5.932670
0.607000	-7.825560
0.608000	-9.628370
0.609000	-8.997400
0.610000	-8.636880
0.611000	-8.636880
0.612000	-10.619900
0.613000	-11.971900
0.614000	-12.061900
0.615000	-11.070500
0.616000	-11.701400
0.617000	-9.448010
0.618000	-8.366440
0.619000	-6.473550
0.620000	-6.383470
0.621000	-7.915650
0.622000	-8.726960
0.623000	-8.186090
0.624000	-10.619900
0.625000	-9.898810
0.626000	-11.340900
0.627000	-11.791700
0.628000	-11.070500
0.629000	-12.512700
0.630000	-11.971900
0.631000	-11.791700
0.632000	-12.332400
0.633000	-10.980400
0.634000	-8.817050
0.635000	-13.414100
0.636000	-12.873300
0.637000	-19.092600
0.638000	-16.749100
0.639000	-11.881800
0.640000	-9.988890
0.641000	-9.988890
0.642000	-12.242300
0.643000	-15.216800
0.644000	-16.568800
0.645000	-15.667600
0.646000	-15.757600
0.647000	-13.504200
0.648000	-13.864800
0.649000	-14.225300
0.650000	-14.946300
0.651000	-15.847700
0.652000	-17.740601
0.653000	-17.830700
0.654000	-18.461700
0.655000	-16.478701
0.656000	-15.036600
0.657000	-12.602800
0.658000	-11.521300
0.659000	-12.061900
0.660000	-12.873300
0.661000	-14.495700
0.662000	-15.757600
0.663000	-17.019600
0.664000	-16.749100
0.665000	-16.118200
0.666000	-15.307000
0.667000	-15.397100
0.668000	-16.118200
0.669000	-17.740601
0.670000	-19.813900
0.671000	-20.444799
0.672000	-20.084101
0.673000	-20.354500
0.674000	-18.912500
0.675000	-20.264500
0.676000	-18.822399
0.677000	-20.084101
0.678000	-19.813900
0.679000	-19.903900
0.680000	-20.444799
0.681000	-21.165899
0.682000	-21.706699
0.683000	-22.517900
0.684000	-22.608000
0.685000	-22.247400
0.686000	-18.732100
0.687000	-1.876640
0.688000	32.195202
0.689000	-1.335770
0.690000	4.523070
0.691000	-11.791700
0.692000	-41.716999
0.693000	-33.965302
0.694000	-54.696602
0.695000	-40.094601
0.696000	-32.883499
0.697000	-31.982300
0.698000	-11.881800
0.699000	-10.079000
0.700000	-2.417340
0.701000	-1.516120
0.702000	-18.281500
0.703000	-27.926100
0.704000	-52.984100
0.705000	-42.528099
0.706000	-38.832600
0.707000	-29.007700
0.708000	-18.011101
0.709000	-11.250800
0.710000	-8.276360
0.711000	-12.783200
0.712000	-19.182899
0.713000	-25.402300
0.714000	-32.522999
0.715000	-34.145500
0.716000	-30.450001
0.717000	-23.509399
0.718000	-14.856200
0.719000	-10.169200
0.720000	-8.546610
0.721000	-9.267840
0.722000	-16.659000
0.723000	-23.689699
0.724000	-28.466999
0.725000	-32.703400
0.726000	-34.325802
0.727000	-34.235699
0.728000	-31.982300
0.729000	-30.359900
0.730000	-27.655701
0.731000	-27.745701
0.732000	-27.385201
0.733000	-30.359900
0.734000	-32.973801
0.735000	-36.759399
0.736000	-41.086102
0.737000	-40.905701
0.738000	-41.176102
0.739000	-38.201698
0.740000	-36.308800
0.741000	-34.776402
0.742000	-32.342800
0.743000	-32.342800
0.744000	-31.711901
0.745000	-29.638599
0.746000	-31.892000
0.747000	-30.359900
0.748000	-31.351400
0.749000	-30.900600
0.750000	-28.737200
0.751000	-28.917601
0.752000	-26.213600
0.753000	-26.033199
0.754000	-28.466999
0.755000	-29.999201
0.756000	-32.703400
0.757000	-33.784901
0.758000	-32.252602
0.759000	-28.196501
0.760000	-24.320700
0.761000	-21.796801
0.762000	-19.273001
0.763000	-22.157400
0.764000	-26.393700
0.765000	-30.720400
0.766000	-33.875000
0.767000	-33.784901
0.768000	-32.432899
0.769000	-29.368200
0.770000	-24.951599
0.771000	-22.427799
0.772000	-18.642000
0.773000	-18.191401
0.774000	-19.273001
0.775000	-21.976999
0.776000	-24.771299
0.777000	-25.943100
0.778000	-26.303699
0.779000	-24.951599
0.780000	-22.337500
0.781000	-21.796801
0.782000	-20.444799
0.783000	-22.517900
0.784000	-23.689699
0.785000	-25.492300
0.786000	-25.762800
0.787000	-25.943100
0.788000	-25.762800
0.789000	-26.033199
0.790000	-24.410801
0.791000	-22.608000
0.792000	-21.436300
0.793000	-20.715099
0.794000	-21.616501
0.795000	-23.058800
0.796000	-25.131800
0.797000	-25.402300
0.798000	-26.123301
0.799000	-25.312201
0.800000	-23.960199
0.801000	-23.148800
0.802000	-20.985500
0.803000	-19.813900
0.804000	-18.732100
0.805000	-18.642000
0.806000	-19.182899
0.807000	-18.642000
0.808000	-19.543400
0.809000	-18.461700
0.810000	-17.560400
0.811000	-16.208200
0.812000	-14.676100
0.813000	-13.954800
0.814000	-13.053600
0.815000	-13.684400
0.816000	-15.126700
0.817000	-17.019600
0.818000	-18.461700
0.819000	-19.002501
0.820000	-18.281500
0.821000	-15.577300
0.822000	-13.504200
0.823000	-11.791700
0.824000	-12.152200
0.825000	-13.684400
0.826000	-14.856200
0.827000	-15.847700
0.828000	-16.659000
0.829000	-16.208200
0.830000	-14.495700
0.831000	-11.701400
0.832000	-10.709900
0.833000	-10.619900
0.834000	-11.160700
0.835000	-16.118200
0.836000	-16.568800
0.837000	-16.298500
0.838000	-17.199699
0.839000	-15.036600
0.840000	-12.512700
0.841000	-10.800000
0.842000	-6.293200
0.843000	-8.546610
0.844000	-5.391980
0.845000	-8.546610
0.846000	-10.349400
0.847000	-9.267840
0.848000	-5.121540
0.849000	-0.614718
0.850000	1.098000
0.851000	2.990890
0.852000	1.548610
0.853000	0.196599
0.854000	-4.761020
0.855000	-7.825560
0.856000	-14.315400
0.857000	-10.890300
0.858000	-3.138570
0.859000	2.179570
0.860000	5.334390
0.861000	5.514560
0.862000	3.080970
0.863000	3.351410
0.864000	0.016245
0.865000	-3.859620
0.866000	-6.293200
0.867000	-7.284870
0.868000	-6.653910
0.869000	-2.597690
0.870000	1.819050
0.871000	2.359930
0.872000	1.909130
0.873000	0.016245
0.874000	-3.408820
0.875000	-5.572150
0.876000	-5.572150
0.877000	-5.031270
0.878000	-2.056810
0.879000	-0.524449
0.880000	2.089490
0.881000	3.531580
0.882000	3.802020
0.883000	2.630180
0.884000	0.376769
0.885000	-2.056810
0.886000	-3.318740
0.887000	-2.958220
0.888000	-1.966730
0.889000	0.196599
0.890000	0.737477
0.891000	5.784990
0.892000	6.776480
0.893000	1.458520
0.894000	-2.958220
0.895000	3.531580
0.896000	-2.868130
0.897000	4.252810
0.898000	-0.434364
0.899000	-4.400490
0.900000	-12.783200
0.901000	-5.301710
0.902000	-8.636880
0.903000	0.917647
0.904000	6.596310
0.905000	1.007730
0.906000	-2.507610
0.907000	4.252810
0.908000	10.742600
0.909000	0.827562
0.910000	-1.516120
0.911000	-11.791700
0.912000	-8.186090
0.913000	-6.924160
0.914000	4.432980
0.915000	15.069100
0.916000	15.519900
0.917000	11.283300
0.918000	10.742600
0.919000	-2.958220
0.920000	-16.388599
0.921000	-16.478701
0.922000	-3.769530
0.923000	1.098000
0.924000	14.167700
0.925000	11.463700
0.926000	1.728960
0.927000	-8.276360
0.928000	0.827562
0.929000	-0.163925
0.930000	2.900620
0.931000	-3.949700
0.932000	-5.482070
0.933000	1.819050
0.934000	5.334390
0.935000	5.694910
0.936000	11.824200
0.937000	-1.425850
0.938000	-2.237170
0.939000	-4.490580
0.940000	-2.507610
0.941000	-6.653910
0.942000	-5.572150
0.943000	-11.971900
0.944000	-7.194600
0.945000	-2.777860
0.946000	-1.155410
0.947000	1.368440
0.948000	0.557123
0.949000	-3.408820
0.950000	1.999220
0.951000	-2.507610
0.952000	-2.327250
0.953000	-7.284870
0.954000	-0.254194
0.955000	-1.876640
0.956000	-0.254194
0.957000	-1.696290
0.958000	-0.344279
0.959000	1.188090
0.960000	3.171060
0.961000	5.334390
0.962000	7.858240
0.963000	4.883590
0.964000	10.832700
0.965000	4.793510
0.966000	6.325870
0.967000	4.703420
0.968000	-3.408820
0.969000	-6.563640
0.970000	6.235790
0.971000	-4.220140
0.972000	-1.966730
0.973000	0.286684
0.974000	0.016245
0.975000	-12.963400
0.976000	-9.898810
0.977000	-0.975242
0.978000	-2.777860
0.979000	7.767970
0.980000	4.793510
0.981000	0.827562
0.982000	1.007730
0.983000	2.089490
0.984000	-10.259300
0.985000	-17.109699
0.986000	-7.915650
0.987000	-12.422700
0.988000	-9.087490
0.989000	1.909130
0.990000	3.892110
0.991000	5.514560
0.992000	5.784990
0.993000	7.948320
0.994000	6.235790
0.995000	7.497710
0.996000	6.055430
0.997000	0.737477
0.998000	4.072460
0.999000	8.669370
1.000000	2.269660
1.001000	-1.335770
1.002000	0.557123
1.003000	-1.786370
1.004000	-2.507610
1.005000	-2.777860
1.006000	-1.696290
1.007000	-0.434364
1.008000	-6.924160
1.009000	-11.881800
1.010000	-12.512700
1.011000	-12.422700
1.012000	-8.907320
1.013000	-10.529800
1.014000	-15.126700
1.015000	-16.929501
1.016000	-15.487200
1.017000	-16.298500
1.018000	-9.448010
1.019000	-11.250800
1.020000	-7.555120
1.021000	-7.374950
1.022000	-4.400490
1.023000	0.016245
1.024000	4.072460
1.025000	10.832700
1.026000	10.382100
1.027000	9.480690
1.028000	6.866750
1.029000	4.883590
1.030000	1.999220
1.031000	1.548610
1.032000	3.080970
1.033000	0.467038
1.034000	2.720450
1.035000	4.613340
1.036000	4.432980
1.037000	6.055430
1.038000	4.252810
1.039000	3.711940
1.040000	0.647208
1.041000	-1.696290
1.042000	-3.318740
1.043000	-2.507610
1.044000	-4.580660
1.045000	-5.482070
1.046000	-4.941190
1.047000	-3.769530
1.048000	-4.490580
1.049000	-7.284870
1.050000	-5.932670
1.051000	-3.949700
1.052000	-1.606200
1.053000	4.072460
1.054000	1.548610
1.055000	4.793510
1.056000	4.072460
1.057000	4.703420
1.058000	3.892110
1.059000	-0.254194
1.060000	-0.794888
1.061000	0.467038
1.062000	0.917647
1.063000	4.342900
1.064000	2.359930
1.065000	6.235790
1.066000	9.029890
1.067000	7.948320
1.068000	5.244300
1.069000	3.982380
1.070000	2.179570
1.071000	-0.163925
1.072000	-0.975242
1.073000	-1.516120
1.074000	-1.516120
1.075000	-0.344279
1.076000	-0.885157
1.077000	-0.975242
1.078000	-6.743990
1.079000	-5.842590
1.080000	-6.563640
1.081000	-8.546610
1.082000	-8.005920
1.083000	-8.276360
1.084000	-4.761020
1.085000	-0.885157
1.086000	-2.056810
1.087000	-2.146900
1.088000	-2.687780
1.089000	-3.408820
1.090000	-3.769530
1.091000	-3.859620
1.092000	-3.138570
1.093000	-2.146900
1.094000	1.188090
1.095000	10.201700
1.096000	18.944901
1.097000	60.588100
1.098000	72.936897
1.099000	64.914803
1.100000	72.756599
1.101000	39.225800
1.102000	8.759640
1.103000	-15.126700
1.104000	-29.458500
1.105000	-12.692900
1.106000	-5.391980
1.107000	7.587800
1.108000	35.890701
1.109000	24.804001
1.110000	26.786900
1.111000	15.700000
1.112000	-11.611300
1.113000	-22.427799
1.114000	-28.016199
1.115000	-22.968500
1.116000	-17.019600
1.117000	-9.267840
1.118000	-6.383470
1.119000	-0.614718
1.120000	-2.597690
1.121000	-1.606200
1.122000	-10.079000
1.123000	-19.092600
1.124000	-18.551901
1.125000	-14.585800
1.126000	-8.276360
1.127000	-2.597690
1.128000	5.424470
1.129000	16.962000
1.130000	28.860001
1.131000	37.062500
1.132000	34.989300
1.133000	30.482401
1.134000	14.618500
1.135000	0.917647
1.136000	-7.645390
1.137000	-8.636880
1.138000	-0.794888
1.139000	11.283300
1.140000	16.421101
1.141000	16.511400
1.142000	17.863400
1.143000	16.871901
1.144000	3.802020
1.145000	-8.276360
1.146000	-11.250800
1.147000	-13.053600
1.148000	-5.752510
1.149000	1.909130
1.150000	1.368440
1.151000	-1.696290
1.152000	-4.761020
1.153000	-2.958220
1.154000	-6.653910
1.155000	-10.349400
1.156000	-14.135200
1.157000	-10.079000
1.158000	-8.366440
1.159000	-2.237170
1.160000	-1.516120
1.161000	-0.614718
1.162000	3.351410
1.163000	5.875260
1.164000	3.802020
1.165000	2.179570
1.166000	3.171060
1.167000	2.990890
1.168000	0.917647
1.169000	1.728960
1.170000	3.351410
1.171000	6.415960
1.172000	10.021600
1.173000	11.553700
1.174000	11.193200
1.175000	9.931300
1.176000	5.334390
1.177000	2.630180
1.178000	-0.975242
1.179000	-2.958220
1.180000	-2.146900
1.181000	-1.155410
1.182000	-0.885157
1.183000	-1.876640
1.184000	-4.580660
1.185000	-8.005920
1.186000	-10.800000
1.187000	-14.766200
1.188000	-13.594300
1.189000	-11.881800
1.190000	-10.079000
1.191000	-7.645390
1.192000	-7.104520
1.193000	-6.383470
1.194000	-5.031270
1.195000	-4.761020
1.196000	-5.932670
1.197000	-5.662240
1.198000	-4.761020
1.199000	-1.786370
1.200000	0.376769
1.201000	1.098000
1.202000	2.450010
1.203000	3.531580
1.204000	4.613340
1.205000	4.523070
1.206000	2.810540
1.207000	2.810540
1.208000	2.540100
1.209000	2.630180
1.210000	3.261140
1.211000	1.999220
1.212000	3.351410
1.213000	3.802020
1.214000	2.990890
1.215000	2.179570
1.216000	-1.335770
1.217000	-3.769530
1.218000	-4.130060
1.219000	1.098000
1.220000	-6.924160
1.221000	-8.726960
1.222000	2.810540
1.223000	17.773300
1.224000	29.310801
1.225000	-33.063900
1.226000	13.266500
1.227000	-37.029800
1.228000	19.936399
1.229000	-57.851398
1.230000	-36.849701
1.231000	19.756300
1.232000	6.776480
1.233000	31.473900
1.234000	22.009701
1.235000	13.807200
1.236000	10.562300
1.237000	-17.380100
1.238000	-19.363100
1.239000	-11.431000
1.240000	-12.332400
1.241000	11.193200
1.242000	14.438100
1.243000	14.888900
1.244000	24.893999
1.245000	17.052099
1.246000	5.875260
1.247000	1.188090
1.248000	-14.225300
1.249000	-10.619900
1.250000	-7.915650
1.251000	0.376769
1.252000	6.325870
1.253000	23.181499
1.254000	19.215401
1.255000	-1.245680
1.256000	-2.868130
1.257000	-9.628370
1.258000	-17.921000
1.259000	-6.834080
1.260000	-11.791700
1.261000	-0.434364
1.262000	1.909130
1.263000	-4.851100
1.264000	-7.014430
1.265000	-4.310230
1.266000	-8.186090
1.267000	-4.490580
1.268000	-7.194600
1.269000	-4.580660
1.270000	10.472200
1.271000	18.133801
1.272000	18.764799
1.273000	20.928101
1.274000	16.060600
1.275000	6.776480
1.276000	-2.507610
1.277000	-1.876640
1.278000	1.368440
1.279000	5.063950
1.280000	8.038410
1.281000	11.103100
1.282000	16.150801
1.283000	13.176200
1.284000	5.244300
1.285000	0.106514
1.286000	-5.842590
1.287000	-4.130060
1.288000	-8.186090
1.289000	-6.203110
1.290000	2.540100
1.291000	-1.876640
1.292000	-5.752510
1.293000	-8.726960
1.294000	-11.971900
1.295000	-6.022940
1.296000	-9.267840
1.297000	-10.800000
1.298000	-3.679260
1.299000	-6.293200
1.300000	-3.859620
1.301000	-0.885157
1.302000	-1.065330
1.303000	2.269660
1.304000	2.990890
1.305000	1.999220
1.306000	3.621850
1.307000	4.793510
1.308000	5.965350
1.309000	6.506230
1.310000	6.055430
1.311000	5.154030
1.312000	5.334390
1.313000	5.154030
1.314000	2.810540
1.315000	1.548610
1.316000	2.450010
1.317000	1.909130
1.318000	31.113400
1.319000	18.404301
1.320000	-10.619900
1.321000	-20.264500
1.322000	-25.312201
1.323000	3.621850
1.324000	5.965350
1.325000	0.106514
1.326000	6.776480
1.327000	1.278170
1.328000	-2.507610
1.329000	-8.546610
1.330000	-14.495700
1.331000	-12.873300
1.332000	-8.005920
1.333000	-7.465040
1.334000	-1.245680
1.335000	2.540100
1.336000	8.038410
1.337000	8.308850
1.338000	3.171060
1.339000	-0.254194
1.340000	-1.335770
1.341000	-3.859620
1.342000	-2.597690
1.343000	1.007730
1.344000	3.802020
1.345000	7.317360
1.346000	8.308850
1.347000	7.587800
1.348000	5.784990
1.349000	1.909130
1.350000	-0.614718
1.351000	-4.310230
1.352000	-6.293200
1.353000	-4.220140
1.354000	-2.237170
1.355000	0.016245
1.356000	0.106514
1.357000	-0.885157
1.358000	-2.327250
1.359000	-4.490580
1.360000	-7.014430
1.361000	-7.465040
1.362000	-7.284870
1.363000	-4.039790
1.364000	-1.335770
1.365000	0.737477
1.366000	2.179570
1.367000	1.007730
1.368000	-0.254194
1.369000	-2.868130
1.370000	-4.490580
1.371000	-3.949700
1.372000	-2.958220
1.373000	-0.434364
1.374000	1.278170
1.375000	2.269660
1.376000	2.540100
1.377000	1.999220
1.378000	0.647208
1.379000	-1.696290
1.380000	-2.417340
1.381000	-3.499090
1.382000	-2.868130
1.383000	-0.254194
1.384000	0.286684
1.385000	-2.958220
1.386000	-2.597690
1.387000	1.188090
1.388000	-2.146900
1.389000	-2.958220
1.390000	-2.597690
1.391000	-1.696290
1.392000	0.106514
1.393000	2.450010
1.394000	1.999220
1.395000	-2.777860
1.396000	-4.670750
1.397000	-0.073840
1.398000	0.827562
1.399000	-4.220140
1.400000	-4.310230
1.401000	-2.146900
1.402000	-1.696290
1.403000	-0.704803
1.404000	1.548610
1.405000	0.737477
1.406000	1.098000
1.407000	-0.344279
1.408000	-1.425850
1.409000	-0.704803
1.410000	1.098000
1.411000	2.089490
1.412000	0.196599
1.413000	-0.163925
1.414000	0.467038
1.415000	0.647208
1.416000	2.720450
1.417000	1.909130
1.418000	2.179570
1.419000	1.728960
1.420000	0.467038
1.421000	1.188090
1.422000	0.557123
1.423000	1.728960
1.424000	2.269660
1.425000	0.467038
1.426000	0.376769
1.427000	-0.163925
1.428000	-0.163925
1.429000	1.278170
1.430000	0.827562
1.431000	-0.524449
1.432000	-1.155410
1.433000	-2.327250
1.434000	-2.687780
1.435000	-1.966730
1.436000	-1.876640
1.437000	0.016245
1.438000	1.098000
1.439000	0.737477
1.440000	1.548610
1.441000	0.196599
1.442000	-0.885157
1.443000	-1.245680
1.444000	-2.417340
1.445000	-1.245680
1.446000	0.647208
1.447000	1.548610
1.448000	2.990890
1.449000	3.171060
1.450000	2.450010
1.451000	1.098000
1.452000	-0.344279
1.453000	-0.885157
1.454000	-0.975242
1.455000	-0.794888
1.456000	-0.434364
1.457000	0.647208
1.458000	2.179570
1.459000	2.179570
1.460000	0.917647
1.461000	-0.614718
1.462000	-2.507610
1.463000	-3.769530
1.464000	-4.039790
1.465000	-4.039790
1.466000	-3.228650
1.467000	-1.876640
1.468000	-1.245680
1.469000	-1.335770
1.470000	-1.786370
1.471000	-2.507610
1.472000	-2.868130
1.473000	-3.228650
1.474000	-2.868130
1.475000	-2.237170
1.476000	-0.614718
1.477000	0.196599
1.478000	0.647208
1.479000	0.827562
1.480000	0.196599
1.481000	0.106514
1.482000	0.467038
1.483000	1.098000
1.484000	1.999220
1.485000	2.630180
1.486000	2.269660
1.487000	1.999220
1.488000	1.548610
1.489000	0.647208
1.490000	-0.073840
1.491000	-0.434364
1.492000	-1.425850
1.493000	-1.966730
1.494000	-2.597690
1.495000	-3.679260
1.496000	-4.039790
1.497000	-4.039790
1.498000	-4.220140
1.499000	-3.228650
1.500000	-2.237170
1.501000	-2.056810
1.502000	-1.516120
1.503000	-1.335770
1.504000	-1.786370
1.505000	-1.696290
1.506000	-1.155410
1.507000	-1.065330
1.508000	-0.975242
1.509000	0.106514
1.510000	0.467038
1.511000	1.007730
1.512000	1.819050
1.513000	2.179570
1.514000	1.819050
1.515000	2.540100
1.516000	2.179570
1.517000	1.458520
1.518000	0.467038
1.519000	-0.254194
1.520000	-0.794888
1.521000	-0.885157
1.522000	-1.155410
1.523000	-0.794888
1.524000	-0.434364
1.525000	-0.524449
1.526000	-1.335770
1.527000	-1.696290
1.528000	-3.318740
1.529000	-3.769530
1.530000	-2.868130
1.531000	-1.876640
1.532000	-0.704803
1.533000	0.647208
1.534000	0.467038
1.535000	-0.254194
1.536000	-0.794888
1.537000	-1.966730
1.538000	-2.777860
1.539000	-2.597690
1.540000	-1.966730
1.541000	-0.975242
1.542000	-0.434364
1.543000	0.016245
1.544000	0.196599
1.545000	-0.885157
1.546000	-0.254194
1.547000	-0.794888
1.548000	-1.245680
1.549000	-0.975242
1.550000	-0.344279
1.551000	-0.794888
1.552000	-0.163925
1.553000	-0.614718
1.554000	-1.065330
1.555000	-1.065330
1.556000	-1.155410
1.557000	-1.425850
1.558000	-1.245680
1.559000	-1.155410
1.560000	-1.696290
1.561000	-1.155410
1.562000	-0.794888
1.563000	-1.155410
1.564000	-0.163925
1.565000	-0.524449
1.566000	-1.245680
1.567000	-1.696290
1.568000	-2.597690
1.569000	-3.318740
1.570000	-3.318740
1.571000	-3.408820
1.572000	-2.687780
1.573000	-2.237170
1.574000	-1.245680
1.575000	-1.155410
1.576000	-0.254194
1.577000	-0.163925
1.578000	-0.163925
1.579000	-0.254194
1.580000	0.106514
1.581000	0.106514
1.582000	0.467038
1.583000	0.467038
1.584000	0.106514
1.585000	0.106514
1.586000	0.286684
1.587000	0.647208
1.588000	1.098000
1.589000	0.917647
1.590000	0.737477
1.591000	0.286684
1.592000	-0.524449
1.593000	-0.704803
1.594000	-0.704803
1.595000	-0.254194
1.596000	0.376769
1.597000	0.647208
1.598000	0.557123
1.599000	0.016245
1.600000	-1.245680
1.601000	-2.237170
1.602000	-3.138570
1.603000	-2.868130
1.604000	-1.696290
1.605000	-0.254194
1.606000	1.548610
1.607000	3.080970
1.608000	3.351410
1.609000	2.720450
1.610000	1.548610
1.611000	0.106514
1.612000	-0.254194
1.613000	-0.073840
1.614000	0.467038
1.615000	1.999220
1.616000	2.810540
1.617000	3.080970
1.618000	3.261140
1.619000	2.450010
1.620000	1.458520
1.621000	0.827562
1.622000	0.106514
1.623000	-0.344279
1.624000	0.106514
1.625000	0.106514
1.626000	-0.163925
1.627000	0.106514
1.628000	-0.344279
1.629000	-1.065330
1.630000	-0.975242
1.631000	-1.516120
1.632000	-2.417340
1.633000	-1.876640
1.634000	-1.245680
1.635000	-1.786370
1.636000	-1.425850
1.637000	-0.885157
1.638000	-0.704803
1.639000	-0.614718
1.640000	-0.614718
1.641000	-0.434364
1.642000	-0.794888
1.643000	-0.885157
1.644000	-0.975242
1.645000	-0.704803
1.646000	-0.794888
1.647000	-0.704803
1.648000	-0.254194
1.649000	-0.254194
1.650000	-0.524449
1.651000	-0.254194
1.652000	-0.163925
1.653000	-0.614718
1.654000	-0.344279
1.655000	-0.434364
1.656000	-1.065330
1.657000	-1.335770
1.658000	-1.786370
1.659000	-2.237170
1.660000	-2.417340
1.661000	-1.966730
1.662000	-1.786370
1.663000	-1.335770
1.664000	-1.606200
1.665000	-2.237170
1.666000	-2.597690
1.667000	-3.318740
1.668000	-3.589180
1.669000	-2.868130
1.670000	-2.597690
1.671000	-1.335770
1.672000	-0.704803
1.673000	-0.704803
1.674000	-0.254194
1.675000	-0.885157
1.676000	-1.335770
1.677000	-0.885157
1.678000	-1.335770
1.679000	-0.885157
1.680000	0.467038
1.681000	1.098000
1.682000	1.458520
1.683000	1.278170
1.684000	0.557123
1.685000	-0.163925
1.686000	-0.524449
1.687000	-1.065330
1.688000	-0.975242
1.689000	-0.704803
1.690000	0.016245
1.691000	0.467038
1.692000	0.467038
1.693000	-0.344279
1.694000	-1.245680
1.695000	-1.696290
1.696000	-2.597690
1.697000	-2.597690
1.698000	-2.417340
1.699000	-2.056810
1.700000	-1.516120
1.701000	-0.885157
1.702000	-0.975242
1.703000	-1.696290
1.704000	-1.606200
1.705000	-1.786370
1.706000	-1.516120
1.707000	-1.155410
1.708000	-0.704803
1.709000	-0.434364
1.710000	-0.254194
1.711000	-0.434364
1.712000	-0.434364
1.713000	-0.254194
1.714000	-0.254194
1.715000	0.016245
1.716000	0.376769
1.717000	0.286684
1.718000	-0.073840
1.719000	-0.344279
1.720000	-0.434364
1.721000	-0.885157
1.722000	-0.704803
1.723000	-0.163925
1.724000	0.557123
1.725000	1.188090
1.726000	1.188090
1.727000	0.286684
1.728000	-0.524449
1.729000	-1.335770
1.730000	-2.146900
1.731000	-2.327250
1.732000	-1.876640
1.733000	-1.155410
1.734000	-0.344279
1.735000	0.196599
1.736000	0.376769
1.737000	0.016245
1.738000	-0.344279
1.739000	-1.065330
1.740000	-1.425850
1.741000	-1.425850
1.742000	-0.975242
1.743000	-0.434364
1.744000	0.106514
1.745000	0.557123
1.746000	0.557123
1.747000	0.917647
1.748000	0.557123
1.749000	0.196599
1.750000	-0.344279
1.751000	-0.704803
1.752000	-0.975242
1.753000	-1.065330
1.754000	-0.975242
1.755000	-0.614718
1.756000	-0.614718
1.757000	-0.434364
1.758000	-0.614718
1.759000	-1.425850
1.760000	-1.696290
1.761000	-2.327250
1.762000	-2.777860
1.763000	-2.507610
1.764000	-2.056810
1.765000	-1.425850
1.766000	-0.614718
1.767000	-0.614718
1.768000	-0.524449
1.769000	-0.794888
1.770000	-1.065330
1.771000	-0.975242
1.772000	-1.065330
1.773000	-1.065330
1.774000	-0.434364
1.775000	0.286684
1.776000	0.286684
1.777000	1.007730
1.778000	1.007730
1.779000	1.007730
1.780000	0.737477
1.781000	0.647208
1.782000	0.286684
1.783000	0.016245
1.784000	0.106514
1.785000	0.196599
1.786000	0.196599
1.787000	0.286684
1.788000	0.196599
1.789000	0.286684
1.790000	0.376769
1.791000	0.106514
1.792000	-0.163925
1.793000	-0.163925
1.794000	-0.344279
1.795000	-0.254194
1.796000	-0.163925
1.797000	0.016245
1.798000	0.467038
1.799000	0.557123
1.800000	0.196599
1.801000	0.016245
1.802000	-0.073840
1.803000	-0.254194
1.804000	-0.524449
1.805000	-0.163925
1.806000	0.016245
1.807000	0.376769
1.808000	0.917647
1.809000	1.098000
1.810000	0.737477
1.811000	0.647208
1.812000	0.286684
1.813000	-0.254194
1.814000	-0.614718
1.815000	-0.885157
1.816000	-0.794888
1.817000	-0.344279
1.818000	0.016245
1.819000	0.196599
1.820000	0.557123
1.821000	0.286684
1.822000	0.016245
1.823000	-0.344279
1.824000	-1.245680
1.825000	-1.966730
1.826000	-2.056810
1.827000	-2.417340
1.828000	-2.146900
1.829000	-1.696290
1.830000	-1.606200
1.831000	-1.516120
1.832000	-1.425850
1.833000	-2.146900
1.834000	-2.958220
1.835000	-3.228650
1.836000	-3.408820
1.837000	-3.138570
1.838000	-2.417340
1.839000	-1.786370
1.840000	-0.975242
1.841000	-0.434364
1.842000	-0.524449
1.843000	-0.614718
1.844000	-0.794888
1.845000	-1.065330
1.846000	-0.975242
1.847000	-0.614718
1.848000	-0.254194
1.849000	0.106514
1.850000	0.106514
1.851000	0.286684
1.852000	0.286684
1.853000	-0.073840
1.854000	-0.254194
1.855000	-0.344279
1.856000	-0.254194
1.857000	-0.344279
1.858000	-0.524449
1.859000	-0.794888
1.860000	-1.155410
1.861000	-1.335770
1.862000	-1.516120
1.863000	-1.335770
1.864000	-1.065330
1.865000	-0.794888
1.866000	-0.704803
1.867000	-0.975242
1.868000	-0.975242
1.869000	-1.425850
1.870000	-1.876640
1.871000	-1.876640
1.872000	-1.786370
1.873000	-1.155410
1.874000	-0.614718
1.875000	-0.524449
1.876000	-0.254194
1.877000	-0.614718
1.878000	-1.245680
1.879000	-1.425850
1.880000	-1.425850
1.881000	-1.786370
1.882000	-1.425850
1.883000	-0.885157
1.884000	-0.434364
1.885000	-0.073840
1.886000	-0.254194
1.887000	-0.614718
1.888000	-1.245680
1.889000	-1.516120
1.890000	-2.056810
1.891000	-1.876640
1.892000	-1.516120
1.893000	-0.885157
1.894000	1.728960
1.895000	2.540100
1.896000	2.810540
1.897000	3.441500
1.898000	2.810540
1.899000	1.007730
1.900000	-0.975242
1.901000	-1.876640
1.902000	-0.524449
1.903000	-0.344279
1.904000	0.737477
1.905000	2.359930
1.906000	2.179570
1.907000	2.720450
1.908000	3.261140
1.909000	1.548610
1.910000	0.917647
1.911000	0.376769
1.912000	-0.794888
1.913000	-0.794888
1.914000	-0.434364
1.915000	-0.073840
1.916000	0.917647
1.917000	1.188090
1.918000	0.827562
1.919000	0.557123
1.920000	-0.614718
1.921000	-0.163925
1.922000	-0.975242
1.923000	-1.425850
1.924000	-1.065330
1.925000	-0.704803
1.926000	-0.073840
1.927000	0.467038
1.928000	0.376769
1.929000	0.467038
1.930000	0.737477
1.931000	0.196599
1.932000	-0.344279
1.933000	-0.254194
1.934000	-0.344279
1.935000	-0.344279
1.936000	-0.344279
1.937000	0.737477
1.938000	1.188090
1.939000	0.827562
1.940000	1.188090
1.941000	0.647208
1.942000	0.106514
1.943000	0.376769
1.944000	0.106514
1.945000	-0.073840
1.946000	0.647208
1.947000	0.467038
1.948000	0.016245
1.949000	0.286684
1.950000	0.647208
1.951000	0.827562
1.952000	0.737477
1.953000	0.557123
1.954000	0.286684
1.955000	0.557123
1.956000	0.106514
1.957000	0.376769
1.958000	0.376769
1.959000	-0.073840
1.960000	0.376769
1.961000	0.286684
1.962000	0.106514
1.963000	0.286684
1.964000	0.557123
1.965000	0.467038
1.966000	0.286684
1.967000	0.196599
1.968000	0.376769
1.969000	0.467038
1.970000	0.557123
1.971000	0.827562
1.972000	0.376769
1.973000	0.106514
1.974000	0.286684
1.975000	0.286684
1.976000	0.196599
1.977000	0.557123
1.978000	0.737477
1.979000	1.368440
1.980000	1.548610
1.981000	1.458520
1.982000	1.458520
1.983000	0.917647
1.984000	0.557123
1.985000	0.196599
1.986000	-0.073840
1.987000	0.016245
1.988000	0.286684
1.989000	0.196599
1.990000	0.196599
1.991000	0.286684
1.992000	0.196599
1.993000	3.080970
1.994000	-0.434364
1.995000	-1.516120
1.996000	4.252810
1.997000	-2.777860
1.998000	-2.327250
1.999000	0.196599
2.000000	-3.318740
2.001000	-0.704803
2.002000	-1.786370
2.003000	-1.876640
2.004000	-0.434364
2.005000	-2.146900
2.006000	-1.065330
2.007000	0.016245
2.008000	0.286684
2.009000	-3.499090
2.010000	0.286684
2.011000	0.286684
2.012000	-1.966730
2.013000	1.819050
2.014000	-0.254194
2.015000	-0.885157
2.016000	-0.794888
2.017000	-1.245680
2.018000	-1.966730
2.019000	-0.794888
2.020000	-1.876640
2.021000	-0.524449
2.022000	-2.777860
2.023000	0.917647
2.024000	-1.065330
2.025000	-1.335770
2.026000	1.909130
2.027000	-2.417340
2.028000	-1.786370
2.029000	-1.335770
2.030000	-1.966730
2.031000	-1.516120
2.032000	0.376769
2.033000	-0.975242
2.034000	-0.254194
2.035000	-0.073840
2.036000	-0.434364
2.037000	0.376769
2.038000	-0.885157
2.039000	-0.163925
2.040000	-0.794888
2.041000	-1.245680
2.042000	-0.163925
2.043000	0.286684
2.044000	0.196599
2.045000	0.737477
2.046000	0.286684
2.047000	-0.254194
2.048000	0.196599
2.049000	-0.794888
2.050000	-0.524449
2.051000	0.557123
2.052000	-0.344279
2.053000	0.106514
2.054000	1.098000
2.055000	0.467038
2.056000	0.737477
2.057000	0.286684
2.058000	-0.344279
2.059000	-0.163925
2.060000	-0.614718
2.061000	0.647208
2.062000	0.016245
2.063000	0.917647
2.064000	0.827562
2.065000	0.557123
2.066000	-0.073840
2.067000	-0.704803
2.068000	-0.794888
2.069000	-0.885157
2.070000	-0.614718
2.071000	-0.254194
2.072000	0.016245
2.073000	0.106514
2.074000	0.106514
2.075000	0.016245
2.076000	-0.073840
2.077000	-0.524449
2.078000	-0.704803
2.079000	0.106514
2.080000	2.089490
2.081000	7.317360
2.082000	11.193200
2.083000	9.300330
2.084000	10.021600
2.085000	2.720450
2.086000	-3.228650
2.087000	-5.482070
2.088000	-8.005920
2.089000	-6.022940
2.090000	0.557123
2.091000	3.351410
2.092000	6.055430
2.093000	6.686400
2.094000	4.072460
2.095000	0.737477
2.096000	-2.237170
2.097000	-5.121540
2.098000	-5.572150
2.099000	-4.130060
2.100000	-1.245680
2.101000	1.098000
2.102000	2.630180
2.103000	2.900620
2.104000	0.647208
2.105000	-2.056810
2.106000	-4.941190
2.107000	-6.022940
2.108000	-4.851100
2.109000	-2.868130
2.110000	-0.344279
2.111000	1.098000
2.112000	2.179570
2.113000	1.819050
2.114000	0.647208
2.115000	-0.344279
2.116000	-1.245680
2.117000	-1.786370
2.118000	-1.335770
2.119000	-0.794888
2.120000	0.376769
2.121000	1.368440
2.122000	1.819050
2.123000	1.819050
2.124000	1.188090
2.125000	0.196599
2.126000	-0.794888
2.127000	-1.516120
2.128000	-1.245680
2.129000	-0.975242
2.130000	-0.524449
2.131000	-0.163925
2.132000	-0.344279
2.133000	-0.885157
2.134000	-1.516120
2.135000	-2.237170
2.136000	-2.687780
2.137000	-2.597690
2.138000	-2.327250
2.139000	-1.696290
2.140000	-0.975242
2.141000	-0.434364
2.142000	-0.344279
2.143000	-0.254194
2.144000	-0.614718
2.145000	-1.065330
2.146000	-1.516120
2.147000	-1.065330
2.148000	1.098000
2.149000	1.188090
2.150000	4.342900
2.151000	7.677880
2.152000	4.162550
2.153000	0.917647
2.154000	0.737477
2.155000	-0.975242
2.156000	-2.958220
2.157000	-2.417340
2.158000	-0.163925
2.159000	1.458520
2.160000	1.999220
2.161000	2.179570
2.162000	1.819050
2.163000	0.917647
2.164000	0.016245
2.165000	-1.245680
2.166000	-2.237170
2.167000	-1.786370
2.168000	-1.065330
2.169000	0.016245
2.170000	0.827562
2.171000	1.278170
2.172000	0.737477
2.173000	-0.434364
2.174000	-1.516120
2.175000	-2.237170
2.176000	-2.597690
2.177000	-2.597690
2.178000	-1.606200
2.179000	-0.975242
2.180000	0.286684
2.181000	0.647208
2.182000	2.450010
2.183000	2.359930
2.184000	1.548610
2.185000	1.909130
2.186000	0.557123
2.187000	-2.146900
2.188000	-1.606200
2.189000	-0.704803
2.190000	-1.516120
2.191000	-1.335770
2.192000	0.286684
2.193000	0.737477
2.194000	-0.073840
2.195000	-0.524449
2.196000	-0.794888
2.197000	-0.975242
2.198000	-0.885157
2.199000	-1.335770
2.200000	-2.056810
2.201000	-1.516120
2.202000	-1.155410
2.203000	-1.155410
2.204000	-0.614718
2.205000	-1.425850
2.206000	-1.155410
2.207000	-2.056810
2.208000	-2.868130
2.209000	-3.138570
2.210000	-2.958220
2.211000	-2.597690
2.212000	-2.237170
2.213000	-1.696290
2.214000	-0.524449
2.215000	-0.344279
2.216000	-0.434364
2.217000	-0.885157
2.218000	-1.335770
2.219000	-1.786370
2.220000	-2.507610
2.221000	-2.146900
2.222000	-0.975242
2.223000	-0.163925
2.224000	0.557123
2.225000	0.917647
2.226000	1.007730
2.227000	0.737477
2.228000	0.016245
2.229000	-0.524449
2.230000	-0.614718
2.231000	-0.344279
2.232000	0.016245
2.233000	0.196599
2.234000	0.106514
2.235000	-0.163925
2.236000	-0.344279
2.237000	-0.794888
2.238000	-1.155410
2.239000	-1.245680
2.240000	-1.245680
2.241000	-1.065330
2.242000	-1.065330
2.243000	-0.794888
2.244000	-0.614718
2.245000	-1.065330
2.246000	-0.975242
2.247000	-0.614718
2.248000	-0.524449
2.249000	-0.434364
2.250000	-0.614718
2.251000	-0.794888
2.252000	-1.155410
2.253000	-1.065330
2.254000	-1.155410
2.255000	-0.704803
2.256000	-0.073840
2.257000	0.467038
2.258000	0.647208
2.259000	0.647208
2.260000	0.286684
2.261000	-0.254194
2.262000	-0.434364
2.263000	-0.434364
2.264000	-0.163925
2.265000	0.286684
2.266000	0.286684
2.267000	0.106514
2.268000	-0.163925
2.269000	-0.254194
2.270000	-1.065330
2.271000	-1.606200
2.272000	-1.516120
2.273000	-1.245680
2.274000	-1.155410
2.275000	-0.885157
2.276000	-0.794888
2.277000	-0.794888
2.278000	-0.975242
2.279000	-0.794888
2.280000	-0.975242
2.281000	-0.614718
2.282000	-0.614718
2.283000	-0.704803
2.284000	-0.794888
2.285000	-0.704803
2.286000	-0.434364
2.287000	-0.254194
2.288000	-0.073840
2.289000	0.106514
2.290000	0.376769
2.291000	0.467038
2.292000	0.467038
2.293000	0.196599
2.294000	0.196599
2.295000	0.376769
2.296000	0.557123
2.297000	1.007730
2.298000	0.827562
2.299000	0.557123
2.300000	0.196599
2.301000	-0.344279
2.302000	-0.614718
2.303000	-1.065330
2.304000	-0.975242
2.305000	-0.794888
2.306000	-0.704803
2.307000	-0.614718
2.308000	-0.794888
2.309000	-1.155410
2.310000	-1.425850
2.311000	-1.516120
2.312000	-1.876640
2.313000	-1.696290
2.314000	-1.516120
2.315000	-1.606200
2.316000	-1.696290
2.317000	-1.696290
2.318000	-1.606200
2.319000	-1.245680
2.320000	-0.975242
2.321000	-0.344279
2.322000	0.106514
2.323000	0.286684
2.324000	0.467038
2.325000	0.196599
2.326000	0.016245
2.327000	-0.434364
2.328000	-0.614718
2.329000	-0.614718
2.330000	-0.434364
2.331000	-0.073840
2.332000	0.196599
2.333000	0.106514
2.334000	0.016245
2.335000	-0.434364
2.336000	-0.794888
2.337000	-1.155410
2.338000	-1.065330
2.339000	-1.065330
2.340000	-1.065330
2.341000	-0.885157
2.342000	-0.794888
2.343000	-0.975242
2.344000	-1.065330
2.345000	-1.516120
2.346000	-1.606200
2.347000	-1.876640
2.348000	-1.696290
2.349000	-1.606200
2.350000	-1.425850
2.351000	-0.885157
2.352000	-0.524449
2.353000	-0.254194
2.354000	-0.073840
2.355000	-0.434364
2.356000	-0.614718
2.357000	-0.794888
2.358000	-0.885157
2.359000	-1.065330
2.360000	-0.794888
2.361000	-0.434364
2.362000	-0.254194
2.363000	0.106514
2.364000	0.286684
2.365000	0.016245
2.366000	-0.434364
2.367000	-0.704803
2.368000	-1.155410
2.369000	-1.155410
2.370000	-1.065330
2.371000	-0.794888
2.372000	-0.524449
2.373000	-0.614718
2.374000	-0.794888
2.375000	-1.155410
2.376000	-1.516120
2.377000	-1.876640
2.378000	-2.146900
2.379000	-2.146900
2.380000	-2.146900
2.381000	-1.876640
2.382000	-1.876640
2.383000	-1.876640
2.384000	-1.876640
2.385000	-1.876640
2.386000	-1.786370
2.387000	-1.516120
2.388000	-1.425850
2.389000	-1.245680
2.390000	-0.975242
2.391000	-0.794888
2.392000	-0.794888
2.393000	-0.614718
2.394000	-0.614718
2.395000	-0.344279
2.396000	0.016245
2.397000	0.196599
2.398000	-0.073840
2.399000	0.286684
2.400000	0.016245
2.401000	-0.163925
2.402000	-0.344279
2.403000	-0.614718
2.404000	-0.434364
2.405000	-0.434364
2.406000	-0.163925
2.407000	-0.073840
2.408000	-0.254194
2.409000	-0.614718
2.410000	-0.704803
2.411000	-1.155410
2.412000	-1.155410
2.413000	-1.245680
2.414000	-1.155410
2.415000	-0.794888
2.416000	-0.434364
2.417000	-0.163925
2.418000	0.016245
2.419000	-0.073840
2.420000	-0.434364
2.421000	-0.434364
2.422000	-0.704803
2.423000	-0.794888
2.424000	-0.434364
2.425000	0.196599
2.426000	0.376769
2.427000	0.737477
2.428000	0.917647
2.429000	0.737477
2.430000	0.647208
2.431000	0.376769
2.432000	0.106514
2.433000	0.016245
2.434000	0.016245
2.435000	0.016245
2.436000	0.196599
2.437000	0.196599
2.438000	0.196599
2.439000	-0.163925
2.440000	-0.524449
2.441000	-0.794888
2.442000	-0.975242
2.443000	-1.245680
2.444000	-0.975242
2.445000	-1.065330
2.446000	-0.794888
2.447000	-0.794888
2.448000	-0.975242
2.449000	-0.975242
2.450000	-1.335770
2.451000	-1.245680
2.452000	-1.245680
2.453000	-1.245680
2.454000	-0.975242
2.455000	-0.794888
2.456000	-0.524449
2.457000	-0.344279
2.458000	-0.163925
2.459000	-0.434364
2.460000	-0.434364
2.461000	-0.434364
2.462000	-0.344279
2.463000	-0.254194
2.464000	-0.163925
2.465000	-0.254194
2.466000	-0.614718
2.467000	-0.794888
2.468000	-0.975242
2.469000	-1.155410
2.470000	-1.155410
2.471000	-0.975242
2.472000	-0.885157
2.473000	-0.975242
2.474000	-0.975242
2.475000	-1.155410
2.476000	-1.696290
2.477000	-2.056810
2.478000	-1.966730
2.479000	-1.786370
2.480000	-1.335770
2.481000	-1.155410
2.482000	-0.794888
2.483000	-0.794888
2.484000	-0.975242
2.485000	-1.155410
2.486000	-1.335770
2.487000	-1.155410
2.488000	-0.885157
2.489000	-0.614718
2.490000	-0.163925
2.491000	0.196599
2.492000	0.196599
2.493000	0.106514
2.494000	-0.163925
2.495000	-0.524449
2.496000	-0.704803
2.497000	-0.794888
2.498000	-0.704803
2.499000	-0.434364
2.500000	-0.254194
2.501000	0.016245
2.502000	-0.073840
2.503000	-0.434364
2.504000	-0.614718
2.505000	-0.794888
2.506000	-1.155410
2.507000	-1.245680
2.508000	-1.155410
2.509000	-1.065330
2.510000	-0.794888
2.511000	-0.704803
2.512000	-0.704803
2.513000	-0.794888
2.514000	-0.885157
2.515000	-0.975242
2.516000	-1.065330
2.517000	-0.885157
2.518000	-0.704803
2.519000	-0.434364
2.520000	-0.344279
2.521000	-0.163925
2.522000	-0.163925
2.523000	-0.163925
2.524000	-0.254194
2.525000	-0.073840
2.526000	-0.163925
2.527000	-0.163925
2.528000	-0.073840
2.529000	-0.163925
2.530000	-0.073840
2.531000	-0.163925
2.532000	-0.344279
2.533000	-0.344279
2.534000	-0.434364
2.535000	-0.344279
2.536000	-0.434364
2.537000	-0.434364
2.538000	-0.614718
2.539000	-0.885157
2.540000	-1.065330
2.541000	-1.155410
2.542000	-1.065330
2.543000	-1.065330
2.544000	-0.885157
2.545000	-0.704803
2.546000	-0.614718
2.547000	-0.524449
2.548000	-0.614718
2.549000	-0.885157
2.550000	-0.975242
2.551000	-1.245680
2.552000	-1.065330
2.553000	-1.065330
2.554000	-0.794888
2.555000	-0.434364
2.556000	-0.163925
2.557000	-0.254194
2.558000	-0.434364
2.559000	-0.794888
2.560000	-1.245680
2.561000	-1.245680
2.562000	-1.425850
2.563000	-1.155410
2.564000	-0.794888
2.565000	-0.614718
2.566000	-0.434364
2.567000	-0.614718
2.568000	-0.975242
2.569000	-1.335770
2.570000	-1.696290
2.571000	-1.786370
2.572000	-1.696290
2.573000	-1.335770
2.574000	-0.885157
2.575000	-0.614718
2.576000	-0.524449
2.577000	-0.614718
2.578000	-0.794888
2.579000	-1.155410
2.580000	-1.245680
2.581000	-1.335770
2.582000	-1.155410
2.583000	-0.885157
2.584000	-0.614718
2.585000	-0.524449
2.586000	-0.344279
2.587000	-0.434364
2.588000	-0.614718
2.589000	-0.614718
2.590000	-0.794888
2.591000	-0.704803
2.592000	-0.614718
2.593000	-0.614718
2.594000	-0.434364
2.595000	-0.344279
2.596000	-0.434364
2.597000	-0.434364
2.598000	-0.434364
2.599000	-0.344279
2.600000	-0.434364
2.601000	-0.344279
2.602000	-0.254194
2.603000	-0.254194
2.604000	-0.254194
2.605000	-0.163925
2.606000	-0.163925
2.607000	-0.254194
2.608000	-0.073840
2.609000	0.016245
2.610000	0.106514
2.611000	0.196599
2.612000	0.196599
2.613000	0.016245
2.614000	0.016245
2.615000	-0.254194
2.616000	0.016245
2.617000	-0.073840
2.618000	-0.163925
2.619000	0.376769
2.620000	0.376769
2.621000	0.376769
2.622000	0.467038
2.623000	0.106514
2.624000	-0.163925
2.625000	-0.344279
2.626000	-0.524449
2.627000	-0.344279
2.628000	-0.344279
2.629000	0.016245
2.630000	0.016245
2.631000	0.106514
2.632000	0.016245
2.633000	-0.344279
2.634000	-0.524449
2.635000	-0.794888
2.636000	-0.975242
2.637000	-0.614718
2.638000	-0.524449
2.639000	-0.434364
2.640000	-0.163925
2.641000	0.016245
2.642000	-0.073840
2.643000	-0.254194
2.644000	-0.524449
2.645000	-0.794888
2.646000	-0.704803
2.647000	-0.614718
2.648000	-0.524449
2.649000	-0.344279
2.650000	0.917647
2.651000	1.188090
2.652000	7.227270
2.653000	10.201700
2.654000	7.587800
2.655000	4.162550
2.656000	3.621850
2.657000	0.286684
2.658000	-3.859620
2.659000	-4.039790
2.660000	-2.507610
2.661000	-1.425850
2.662000	1.007730
2.663000	3.171060
2.664000	3.531580
2.665000	2.630180
2.666000	0.016245
2.667000	-2.327250
2.668000	-4.039790
2.669000	-4.220140
2.670000	-3.679260
2.671000	-2.146900
2.672000	-0.614718
2.673000	0.286684
2.674000	0.016245
2.675000	-0.524449
2.676000	-1.786370
2.677000	-3.408820
2.678000	-4.039790
2.679000	-4.039790
2.680000	-3.138570
2.681000	-1.696290
2.682000	-0.163925
2.683000	0.917647
2.684000	1.548610
2.685000	1.548610
2.686000	0.737477
2.687000	-0.344279
2.688000	-1.155410
2.689000	-1.335770
2.690000	-1.155410
2.691000	-0.344279
2.692000	0.557123
2.693000	1.188090
2.694000	1.278170
2.695000	0.917647
2.696000	-0.073840
2.697000	-0.975242
2.698000	-1.606200
2.699000	-1.966730
2.700000	-2.056810
2.701000	-1.786370
2.702000	-1.335770
2.703000	-0.975242
2.704000	-0.975242
2.705000	-1.335770
2.706000	-1.696290
2.707000	-2.237170
2.708000	-2.237170
2.709000	-2.417340
2.710000	-2.056810
2.711000	-1.425850
2.712000	-0.885157
2.713000	0.016245
2.714000	0.467038
2.715000	0.467038
2.716000	0.286684
2.717000	0.106514
2.718000	-0.344279
2.719000	-0.614718
2.720000	-0.614718
2.721000	-0.254194
2.722000	0.286684
2.723000	0.827562
2.724000	1.007730
2.725000	1.007730
2.726000	0.557123
2.727000	-0.163925
2.728000	-0.704803
2.729000	-1.155410
2.730000	-1.245680
2.731000	-0.975242
2.732000	-0.794888
2.733000	-0.885157
2.734000	-0.885157
2.735000	-1.065330
2.736000	-1.335770
2.737000	-1.516120
2.738000	-1.516120
2.739000	-1.516120
2.740000	-1.245680
2.741000	-0.794888
2.742000	-0.704803
2.743000	-0.704803
2.744000	-0.614718
2.745000	-0.614718
2.746000	-0.614718
2.747000	-0.524449
2.748000	-0.434364
2.749000	-0.254194
2.750000	-0.254194
2.751000	-0.073840
2.752000	-0.163925
2.753000	-0.073840
2.754000	-0.163925
2.755000	-0.254194
2.756000	-0.163925
2.757000	-0.163925
2.758000	-0.163925
2.759000	-0.163925
2.760000	-0.254194
2.761000	0.196599
2.762000	1.188090
2.763000	2.359930
2.764000	3.982380
2.765000	2.810540
2.766000	3.982380
2.767000	2.810540
2.768000	0.016245
2.769000	-0.254194
2.770000	-1.155410
2.771000	-2.056810
2.772000	-0.704803
2.773000	-0.344279
2.774000	0.647208
2.775000	1.548610
2.776000	0.917647
2.777000	0.737477
2.778000	0.016245
2.779000	-0.794888
2.780000	-0.975242
2.781000	-1.155410
2.782000	-0.975242
2.783000	-0.434364
2.784000	-0.254194
2.785000	0.016245
2.786000	-0.073840
2.787000	-0.434364
2.788000	-0.794888
2.789000	-1.155410
2.790000	-1.425850
2.791000	-1.155410
2.792000	-1.065330
2.793000	-0.704803
2.794000	-0.254194
2.795000	-0.073840
2.796000	0.196599
2.797000	0.376769
2.798000	0.376769
2.799000	0.196599
2.800000	-0.073840
2.801000	-0.434364
2.802000	-0.524449
2.803000	-0.434364
2.804000	-0.614718
2.805000	-0.254194
2.806000	0.016245
2.807000	-0.163925
2.808000	-0.163925
2.809000	-0.344279
2.810000	-0.704803
2.811000	-0.885157
2.812000	-0.975242
2.813000	-0.794888
2.814000	-0.524449
2.815000	-0.344279
2.816000	-0.254194
2.817000	-0.434364
2.818000	-0.794888
2.819000	-1.065330
2.820000	-1.065330
2.821000	-1.425850
2.822000	-1.065330
2.823000	-0.344279
2.824000	0.196599
2.825000	0.286684
2.826000	0.376769
2.827000	0.016245
2.828000	-0.524449
2.829000	-0.975242
2.830000	-1.155410
2.831000	-1.065330
2.832000	-0.704803
2.833000	0.106514
2.834000	0.467038
2.835000	0.467038
2.836000	0.286684
2.837000	-0.344279
2.838000	-0.885157
2.839000	-1.335770
2.840000	-1.516120
2.841000	-0.434364
2.842000	0.016245
2.843000	0.737477
2.844000	0.737477
2.845000	0.376769
2.846000	0.016245
2.847000	-1.065330
2.848000	-1.786370
2.849000	-1.966730
2.850000	-2.146900
2.851000	-1.425850
2.852000	-0.704803
2.853000	-0.163925
2.854000	0.376769
2.855000	0.647208
2.856000	0.196599
2.857000	-0.163925
2.858000	-0.975242
2.859000	-1.425850
2.860000	-1.425850
2.861000	-1.245680
2.862000	-0.614718
2.863000	-0.254194
2.864000	0.196599
2.865000	0.106514
2.866000	-0.344279
2.867000	-0.975242
2.868000	-1.516120
2.869000	-1.696290
2.870000	-1.606200
2.871000	-1.065330
2.872000	-0.614718
2.873000	-0.254194
2.874000	-0.163925
2.875000	-0.254194
2.876000	-0.704803
2.877000	-1.155410
2.878000	-1.335770
2.879000	-1.425850
2.880000	-0.794888
2.881000	-0.344279
2.882000	0.196599
2.883000	0.376769
2.884000	0.376769
2.885000	0.196599
2.886000	0.106514
2.887000	-0.254194
2.888000	-0.073840
2.889000	-0.073840
2.890000	0.016245
2.891000	-0.073840
2.892000	-0.073840
2.893000	-0.163925
2.894000	-0.344279
2.895000	-0.524449
2.896000	-0.524449
2.897000	-0.434364
2.898000	-0.524449
2.899000	-0.614718
2.900000	-0.704803
2.901000	-0.975242
2.902000	-1.245680
2.903000	-1.335770
2.904000	-1.245680
2.905000	-1.245680
2.906000	-1.065330
2.907000	-0.975242
2.908000	-0.794888
2.909000	-0.524449
2.910000	-0.794888
2.911000	-0.794888
2.912000	-0.794888
2.913000	-0.794888
2.914000	-0.434364
2.915000	-0.524449
2.916000	-0.344279
2.917000	-0.073840
2.918000	-0.073840
2.919000	-0.163925
2.920000	-0.344279
2.921000	-0.434364
2.922000	-0.434364
2.923000	-0.524449
2.924000	-0.614718
2.925000	-0.614718
2.926000	-0.614718
2.927000	-0.434364
2.928000	-0.434364
2.929000	-0.434364
2.930000	-0.434364
2.931000	-0.704803
2.932000	-0.975242
2.933000	-1.155410
2.934000	-1.335770
2.935000	-1.335770
2.936000	-1.155410
2.937000	-0.794888
2.938000	-0.434364
2.939000	-0.344279
2.940000	-0.434364
2.941000	-0.344279
2.942000	-0.614718
2.943000	-0.704803
2.944000	-0.885157
2.945000	-0.704803
2.946000	-0.344279
2.947000	0.016245
2.948000	0.196599
2.949000	0.106514
2.950000	0.016245
2.951000	-0.163925
2.952000	-0.344279
2.953000	-0.434364
2.954000	-0.344279
2.955000	-0.254194
2.956000	0.016245
2.957000	0.016245
2.958000	-0.073840
2.959000	-0.254194
2.960000	-0.434364
2.961000	-0.524449
2.962000	-0.794888
2.963000	-0.794888
2.964000	-0.614718
2.965000	-0.524449
2.966000	-0.434364
2.967000	-0.614718
2.968000	-0.614718
2.969000	-0.794888
2.970000	-0.614718
2.971000	-0.524449
2.972000	-0.434364
2.973000	-0.344279
2.974000	-0.434364
2.975000	-0.344279
2.976000	-0.434364
2.977000	-0.434364
2.978000	-0.434364
2.979000	-0.344279
2.980000	-0.254194
2.981000	-0.073840
2.982000	-0.163925
2.983000	-0.073840
2.984000	-0.073840
2.985000	-0.254194
2.986000	-0.344279
2.987000	-0.344279
2.988000	-0.344279
2.989000	-0.524449
2.990000	-0.614718
2.991000	-0.434364
2.992000	-0.434364
2.993000	-0.524449
2.994000	-0.434364
2.995000	-0.434364
2.996000	-0.524449
2.997000	-0.524449
2.998000	-0.704803
2.999000	-0.794888
3.000000	-0.975242
3.001000	-0.975242
3.002000	-0.704803
3.003000	-0.704803
3.004000	-0.614718
3.005000	-0.524449
3.006000	-0.704803
3.007000	-0.794888
3.008000	-0.975242
3.009000	-0.794888
3.010000	-0.794888
3.011000	-0.614718
3.012000	-0.434364
3.013000	-0.434364
3.014000	-0.254194
3.015000	-0.434364
3.016000	-0.704803
3.017000	-0.885157
3.018000	-1.065330
3.019000	-1.155410
3.020000	-1.155410
3.021000	-0.885157
3.022000	-0.885157
3.023000	-0.794888
3.024000	-0.794888
3.025000	-0.975242
3.026000	-1.065330
3.027000	-1.155410
3.028000	-1.245680
3.029000	-1.245680
3.030000	-1.065330
3.031000	-0.975242
3.032000	-1.155410
3.033000	-1.155410
3.034000	-1.155410
3.035000	-1.155410
3.036000	-1.155410
3.037000	-1.155410
3.038000	-1.065330
3.039000	-0.975242
3.040000	-0.885157
3.041000	-0.885157
3.042000	-0.794888
3.043000	-0.704803
3.044000	-0.704803
3.045000	-0.614718
3.046000	-0.614718
3.047000	-0.434364
3.048000	-0.434364
3.049000	-0.434364
3.050000	-0.614718
3.051000	-0.524449
3.052000	-0.434364
3.053000	-0.614718
3.054000	-0.434364
3.055000	-0.344279
3.056000	-0.254194
3.057000	-0.163925
3.058000	-0.254194
3.059000	-0.344279
3.060000	-0.344279
3.061000	-0.614718
3.062000	-0.614718
3.063000	-0.614718
3.064000	-0.614718
3.065000	-0.524449
3.066000	-0.344279
3.067000	-0.434364
3.068000	-0.434364
3.069000	-0.434364
3.070000	-0.434364
3.071000	-0.614718
3.072000	-0.614718
3.073000	-0.704803
3.074000	-0.704803
3.075000	-0.434364
3.076000	-0.344279
3.077000	-0.254194
3.078000	-0.254194
3.079000	-0.344279
3.080000	-0.344279
3.081000	-0.434364
3.082000	-0.524449
3.083000	-0.704803
3.084000	-0.614718
3.085000	-0.344279
3.086000	-0.254194
3.087000	-0.163925
3.088000	0.016245
3.089000	-0.163925
3.090000	-0.434364
3.091000	-0.434364
3.092000	-0.524449
3.093000	-0.704803
3.094000	-0.524449
3.095000	-0.344279
3.096000	-0.434364
3.097000	-0.163925
3.098000	-0.254194
3.099000	-0.344279
3.100000	-0.434364
3.101000	-0.614718
3.102000	-0.704803
3.103000	-0.704803
3.104000	-0.614718
3.105000	-0.614718
3.106000	-0.524449
3.107000	-0.434364
3.108000	-0.524449
3.109000	-0.524449
3.110000	-0.614718
3.111000	-0.524449
3.112000	-0.614718
3.113000	-0.434364
3.114000	-0.344279
3.115000	-0.524449
3.116000	-0.434364
3.117000	-0.434364
3.118000	-0.614718
3.119000	-0.524449
3.120000	-0.344279
3.121000	-0.254194
3.122000	-0.254194
3.123000	-0.434364
3.124000	-0.254194
3.125000	-0.344279
3.126000	-0.434364
3.127000	-0.434364
3.128000	-0.524449
3.129000	-0.524449
3.130000	-0.434364
3.131000	-0.344279
3.132000	-0.434364
3.133000	-0.434364
3.134000	-0.614718
3.135000	-0.794888
3.136000	-0.975242
3.137000	-0.885157
3.138000	-1.065330
3.139000	-0.885157
3.140000	-0.794888
3.141000	-0.614718
3.142000	-0.614718
3.143000	-0.524449
3.144000	-0.704803
3.145000	-0.704803
3.146000	-0.704803
3.147000	-0.794888
3.148000	-0.794888
3.149000	-0.704803
3.150000	-0.524449
3.151000	-0.344279
3.152000	-0.434364
3.153000	-0.344279
3.154000	-0.344279
3.155000	-0.434364
3.156000	-0.614718
3.157000	-0.704803
3.158000	-0.614718
3.159000	-0.524449
3.160000	-0.524449
3.161000	-0.434364
3.162000	-0.344279
3.163000	-0.434364
3.164000	-0.434364
3.165000	-0.524449
3.166000	-0.885157
3.167000	-0.794888
3.168000	-0.794888
3.169000	-0.524449
3.170000	-0.524449
3.171000	-0.524449
3.172000	-0.524449
3.173000	-0.524449
3.174000	-0.614718
3.175000	-0.614718
3.176000	-0.704803
3.177000	-0.885157
3.178000	-0.704803
3.179000	-0.704803
3.180000	-0.704803
3.181000	-0.704803
3.182000	-0.794888
3.183000	-0.614718
3.184000	-0.975242
3.185000	-0.704803
3.186000	-0.885157
3.187000	-0.794888
3.188000	-0.704803
3.189000	-0.794888
3.190000	-0.885157
3.191000	-0.794888
3.192000	-0.794888
3.193000	-0.885157
3.194000	-0.885157
3.195000	-0.794888
3.196000	-0.794888
3.197000	-0.794888
3.198000	-0.794888
3.199000	-0.794888
3.200000	-0.975242
3.201000	-0.975242
3.202000	-1.065330
3.203000	-1.065330
3.204000	-0.885157
3.205000	-0.885157
3.206000	-0.794888
3.207000	-0.704803
3.208000	-0.614718
3.209000	-0.704803
3.210000	-0.794888
3.211000	-0.794888
3.212000	-0.794888
3.213000	-0.704803
3.214000	-0.614718
3.215000	-0.434364
3.216000	-0.344279
3.217000	-0.344279
3.218000	-0.344279
3.219000	-0.524449
3.220000	-0.614718
3.221000	-0.704803
3.222000	-0.794888
3.223000	-0.614718
3.224000	-0.524449
3.225000	-0.344279
3.226000	-0.344279
3.227000	-0.344279
3.228000	-0.344279
3.229000	-0.524449
3.230000	-0.524449
3.231000	-0.704803
3.232000	-0.794888
3.233000	-0.524449
3.234000	-0.524449
3.235000	-0.434364
3.236000	-0.344279
3.237000	-0.344279
3.238000	-0.254194
3.239000	-0.524449
3.240000	-0.524449
3.241000	-0.614718
3.242000	-0.434364
3.243000	-0.344279
3.244000	-0.254194
3.245000	-0.254194
3.246000	-0.254194
3.247000	-0.254194
3.248000	-0.254194
3.249000	-0.434364
3.250000	-0.434364
3.251000	-0.434364
3.252000	-0.344279
3.253000	-0.344279
3.254000	-0.434364
3.255000	-0.163925
3.256000	-0.163925
3.257000	-0.344279
3.258000	-0.254194
3.259000	-0.344279
3.260000	-0.434364
3.261000	-0.434364
3.262000	-0.344279
3.263000	-0.434364
3.264000	-0.434364
3.265000	-0.434364
3.266000	-0.614718
3.267000	-0.704803
3.268000	-0.524449
3.269000	-0.614718
3.270000	-0.524449
3.271000	-0.524449
3.272000	-0.434364
3.273000	-0.524449
3.274000	-0.614718
3.275000	-0.614718
3.276000	-0.794888
3.277000	-0.614718
3.278000	-0.704803
3.279000	-0.614718
3.280000	-0.524449
3.281000	-0.434364
3.282000	-0.434364
3.283000	-0.434364
3.284000	-0.434364
3.285000	-0.614718
3.286000	-0.704803
3.287000	-0.704803
3.288000	-0.614718
3.289000	-0.524449
3.290000	-0.344279
3.291000	-0.344279
3.292000	-0.434364
3.293000	-0.524449
3.294000	-0.794888
3.295000	-0.794888
3.296000	-0.794888
3.297000	-0.794888
3.298000	-0.704803
3.299000	-0.614718
3.300000	-0.524449
3.301000	-0.614718
3.302000	-0.704803
3.303000	-0.704803
3.304000	-0.885157
3.305000	-0.975242
3.306000	-1.065330
3.307000	-0.885157
3.308000	-0.794888
3.309000	-0.614718
3.310000	-0.614718
3.311000	-0.524449
3.312000	-0.434364
3.313000	-0.524449
3.314000	-0.524449
3.315000	-0.614718
3.316000	-0.524449
3.317000	-0.704803
3.318000	-0.524449
3.319000	-0.614718
3.320000	-0.434364
3.321000	-0.254194
3.322000	-0.344279
3.323000	-0.524449
3.324000	-0.434364
3.325000	-0.524449
3.326000	-0.614718
3.327000	-0.524449
3.328000	-0.614718
3.329000	-0.524449
3.330000	-0.434364
3.331000	-0.434364
3.332000	-0.524449
3.333000	-0.524449
3.334000	-0.704803
3.335000	-0.704803
3.336000	-0.614718
3.337000	-0.614718
3.338000	-0.614718
3.339000	-0.704803
3.340000	-0.614718
3.341000	-0.704803
3.342000	-0.704803
3.343000	-0.614718
3.344000	-0.524449
3.345000	-0.614718
3.346000	-0.524449
3.347000	-0.434364
3.348000	-0.434364
3.349000	-0.614718
3.350000	-0.614718
3.351000	-0.704803
3.352000	-0.704803
3.353000	-0.704803
3.354000	-0.614718
3.355000	-0.524449
3.356000	-0.524449
3.357000	-0.434364
3.358000	-0.704803
3.359000	-0.614718
3.360000	-0.794888
3.361000	-0.794888
3.362000	-0.975242
3.363000	-0.704803
3.364000	-0.704803
3.365000	-0.704803
3.366000	-0.704803
3.367000	-0.704803
3.368000	-0.794888
3.369000	-0.885157
3.370000	-0.975242
3.371000	-0.975242
3.372000	-0.975242
3.373000	-0.794888
3.374000	-0.704803
3.375000	-0.524449
3.376000	-0.524449
3.377000	-0.614718
3.378000	-0.614718
3.379000	-0.794888
3.380000	-0.975242
3.381000	-0.885157
3.382000	-0.885157
3.383000	-0.794888
3.384000	-0.614718
3.385000	-0.614718
3.386000	-0.614718
3.387000	-0.704803
3.388000	-0.704803
3.389000	-0.794888
3.390000	-1.065330
3.391000	-0.885157
3.392000	-0.704803
3.393000	-0.614718
3.394000	-0.704803
3.395000	-0.704803
3.396000	-0.614718
3.397000	-0.794888
3.398000	-0.614718
3.399000	-0.704803
3.400000	-0.614718
3.401000	-0.704803
3.402000	-0.614718
3.403000	-0.434364
3.404000	-0.614718
3.405000	-0.614718
3.406000	-0.524449
3.407000	-0.704803
3.408000	-0.434364
3.409000	-0.434364
3.410000	-0.434364
3.411000	-0.344279
3.412000	-0.344279
3.413000	-0.344279
3.414000	-0.344279
3.415000	-0.344279
3.416000	-0.614718
3.417000	-0.434364
3.418000	-0.434364
3.419000	-0.344279
3.420000	-0.344279
3.421000	-0.254194
3.422000	-0.344279
3.423000	-0.434364
3.424000	-0.434364
3.425000	-0.344279
3.426000	-0.073840
3.427000	0.106514
3.428000	0.106514
3.429000	0.647208
3.430000	0.557123
3.431000	0.106514
3.432000	0.196599
3.433000	0.286684
3.434000	-0.254194
3.435000	-0.254194
3.436000	-0.163925
3.437000	-0.254194
3.438000	0.016245
3.439000	0.106514
3.440000	0.106514
3.441000	0.286684
3.442000	0.016245
3.443000	-0.073840
3.444000	-0.254194
3.445000	-0.434364
3.446000	-0.434364
3.447000	-0.254194
3.448000	0.016245
3.449000	0.196599
3.450000	0.196599
3.451000	0.196599
3.452000	0.016245
3.453000	-0.163925
3.454000	-0.344279
3.455000	-0.614718
3.456000	-0.524449
3.457000	-0.614718
3.458000	-0.614718
3.459000	-0.434364
3.460000	-0.344279
3.461000	-0.254194
3.462000	-0.254194
3.463000	-0.254194
3.464000	-0.344279
3.465000	-0.344279
3.466000	-0.434364
3.467000	-0.524449
3.468000	-0.524449
3.469000	-0.614718
3.470000	-0.524449
3.471000	-0.524449
3.472000	-0.254194
3.473000	-0.254194
3.474000	-0.254194
3.475000	-0.344279
3.476000	-0.434364
3.477000	-0.434364
3.478000	-0.524449
3.479000	-0.614718
3.480000	-0.524449
3.481000	-0.434364
3.482000	-0.524449
3.483000	-0.434364
3.484000	-0.344279
3.485000	-0.254194
3.486000	-0.434364
3.487000	-0.434364
3.488000	-0.434364
3.489000	-0.524449
3.490000	-0.434364
3.491000	-0.524449
3.492000	-0.434364
3.493000	-0.254194
3.494000	-0.254194
3.495000	-0.344279
3.496000	-0.254194
3.497000	-0.434364
3.498000	-0.434364
3.499000	-0.704803
3.500000	-0.794888
3.501000	-0.794888
3.502000	-0.614718
3.503000	-0.524449
3.504000	-0.434364
3.505000	-0.344279
3.506000	-0.434364
3.507000	-0.434364
3.508000	-0.614718
3.509000	-0.704803
3.510000	-0.704803
3.511000	-0.614718
3.512000	-0.524449
3.513000	-0.434364
3.514000	-0.344279
3.515000	-0.254194
3.516000	-0.254194
3.517000	-0.254194
3.518000	-0.434364
3.519000	-0.434364
3.520000	-0.434364
3.521000	-0.344279
3.522000	-0.524449
3.523000	-0.344279
3.524000	-0.163925
3.525000	-0.163925
3.526000	-0.254194
3.527000	-0.344279
3.528000	-0.524449
3.529000	-0.524449
3.530000	-0.614718
3.531000	-0.434364
3.532000	-0.434364
3.533000	-0.344279
3.534000	-0.254194
3.535000	-0.254194
3.536000	-0.434364
3.537000	-0.344279
3.538000	-0.434364
3.539000	-0.344279
3.540000	-0.524449
3.541000	-0.163925
3.542000	-0.254194
3.543000	-0.254194
3.544000	-0.254194
3.545000	-0.163925
3.546000	-0.344279
3.547000	-0.254194
3.548000	-0.344279
3.549000	-0.434364
3.550000	-0.254194
3.551000	-0.344279
3.552000	-0.344279
3.553000	-0.344279
3.554000	-0.344279
3.555000	-0.344279
3.556000	-0.524449
3.557000	-0.344279
3.558000	-0.434364
3.559000	-0.344279
3.560000	-0.254194
3.561000	-0.344279
3.562000	-0.434364
3.563000	-0.434364
3.564000	-0.524449
3.565000	-0.704803
3.566000	-0.524449
3.567000	-0.524449
3.568000	-0.614718
3.569000	-0.434364
3.570000	-0.344279
3.571000	-0.434364
3.572000	-0.524449
3.573000	-0.614718
3.574000	-0.524449
3.575000	-0.614718
3.576000	-0.434364
3.577000	-0.434364
3.578000	-0.344279
3.579000	-0.163925
3.580000	-0.254194
3.581000	-0.344279
3.582000	-0.344279
3.583000	-0.614718
3.584000	-0.614718
3.585000	-0.614718
3.586000	-0.614718
3.587000	-0.434364
3.588000	-0.434364
3.589000	-0.434364
3.590000	-0.434364
3.591000	-0.434364
3.592000	-0.524449
3.593000	-0.614718
3.594000	-0.885157
3.595000	-0.885157
3.596000	-0.614718
3.597000	-0.614718
3.598000	-0.524449
3.599000	-0.434364
3.600000	-0.614718
3.601000	-0.614718
3.602000	-0.704803
3.603000	-0.614718
3.604000	-0.704803
3.605000	-0.614718
3.606000	-0.524449
3.607000	-0.344279
3.608000	-0.254194
3.609000	-0.344279
3.610000	-0.344279
3.611000	-0.434364
3.612000	-0.524449
3.613000	-0.614718
3.614000	-0.614718
3.615000	-0.524449
3.616000	-0.614718
3.617000	-0.524449
3.618000	-0.524449
3.619000	-0.614718
3.620000	-0.614718
3.621000	-0.704803
3.622000	-0.794888
3.623000	-0.794888
3.624000	-0.794888
3.625000	-0.614718
3.626000	-0.704803
3.627000	-0.704803
3.628000	-0.794888
3.629000	-0.794888
3.630000	-0.885157
3.631000	-0.794888
3.632000	-0.885157
3.633000	-0.885157
3.634000	-0.704803
3.635000	-0.704803
3.636000	-0.704803
3.637000	-0.614718
3.638000	-0.614718
3.639000	-0.704803
3.640000	-0.704803
3.641000	-0.614718
3.642000	-0.434364
3.643000	-0.434364
3.644000	-0.434364
3.645000	-0.344279
3.646000	-0.344279
3.647000	-0.524449
3.648000	-0.524449
3.649000	-0.614718
3.650000	-0.794888
3.651000	-0.524449
3.652000	-0.434364
3.653000	-0.434364
3.654000	-0.344279
3.655000	-0.434364
3.656000	-0.524449
3.657000	-0.614718
3.658000	-0.614718
3.659000	-0.704803
3.660000	-0.704803
3.661000	-0.524449
3.662000	-0.614718
3.663000	-0.434364
3.664000	-0.434364
3.665000	-0.614718
3.666000	-0.614718
3.667000	-0.704803
3.668000	-0.524449
3.669000	-0.614718
3.670000	-0.524449
3.671000	-0.524449
3.672000	-0.524449
3.673000	-0.344279
3.674000	-0.524449
3.675000	-0.434364
3.676000	-0.614718
3.677000	-0.614718
3.678000	-0.704803
3.679000	-0.794888
3.680000	-0.614718
3.681000	-0.614718
3.682000	-0.524449
3.683000	-0.524449
3.684000	-0.524449
3.685000	-0.524449
3.686000	-0.704803
3.687000	-0.704803
3.688000	-0.794888
3.689000	-0.794888
3.690000	-0.614718
3.691000	-0.614718
3.692000	-0.704803
3.693000	-0.524449
3.694000	-0.614718
3.695000	-0.614718
3.696000	-0.704803
3.697000	-0.614718
3.698000	-0.614718
3.699000	-0.614718
3.700000	-0.524449
3.701000	-0.524449
3.702000	-0.614718
3.703000	-0.704803
3.704000	-0.794888
3.705000	-0.704803
3.706000	-0.704803
3.707000	-0.614718
3.708000	-0.524449
3.709000	-0.614718
3.710000	-0.614718
3.711000	-0.614718
3.712000	-0.704803
3.713000	-0.704803
3.714000	-0.704803
3.715000	-0.614718
3.716000	-0.704803
3.717000	-0.614718
3.718000	-0.524449
3.719000	-0.524449
3.720000	-0.704803
3.721000	8.669370
3.722000	-2.507610
3.723000	19.485800
3.724000	-3.949700
3.725000	-12.602800
3.726000	13.446600
3.727000	4.432980
3.728000	-2.327250
3.729000	4.703420
3.730000	1.368440
3.731000	-0.614718
3.732000	1.638690
3.733000	-0.885157
3.734000	-0.794888
3.735000	-0.434364
3.736000	-1.786370
3.737000	-0.344279
3.738000	0.647208
3.739000	0.467038
3.740000	0.106514
3.741000	-1.065330
3.742000	-0.975242
3.743000	-0.885157
3.744000	-1.696290
3.745000	-2.327250
3.746000	-1.876640
3.747000	-1.786370
3.748000	-1.786370
3.749000	-1.516120
3.750000	-1.155410
3.751000	-0.885157
3.752000	-0.704803
3.753000	-0.885157
3.754000	-0.794888
3.755000	-0.975242
3.756000	-0.344279
3.757000	-0.254194
3.758000	0.016245
3.759000	0.557123
3.760000	0.196599
3.761000	0.016245
3.762000	0.647208
3.763000	0.467038
3.764000	0.196599
3.765000	0.106514
3.766000	0.016245
3.767000	0.286684
3.768000	0.467038
3.769000	0.016245
3.770000	0.106514
3.771000	-0.163925
3.772000	-0.434364
3.773000	-0.434364
3.774000	-0.704803
3.775000	-0.975242
3.776000	-0.794888
3.777000	-0.794888
3.778000	-0.975242
3.779000	-1.155410
3.780000	-0.975242
3.781000	-0.885157
3.782000	-0.704803
3.783000	-0.794888
3.784000	-0.794888
3.785000	-0.794888
3.786000	-0.524449
3.787000	-0.344279
3.788000	-0.344279
3.789000	-0.434364
3.790000	-0.524449
3.791000	-0.344279
3.792000	0.016245
3.793000	-0.073840
3.794000	-0.254194
3.795000	-0.073840
3.796000	0.016245
3.797000	0.016245
3.798000	-0.163925
3.799000	-0.163925
3.800000	-0.344279
3.801000	-0.434364
3.802000	-0.794888
3.803000	-0.704803
3.804000	-0.975242
3.805000	-0.794888
3.806000	-0.704803
3.807000	-1.245680
3.808000	-1.065330
3.809000	-0.794888
3.810000	-0.975242
3.811000	-0.614718
3.812000	-0.704803
3.813000	-0.885157
3.814000	-0.614718
3.815000	-0.704803
3.816000	-0.885157
3.817000	-0.794888
3.818000	-0.885157
3.819000	-0.704803
3.820000	-0.614718
3.821000	-0.524449
3.822000	-0.524449
3.823000	-0.524449
3.824000	-0.434364
3.825000	-0.344279
3.826000	-0.434364
3.827000	-0.434364
3.828000	-0.434364
3.829000	-0.254194
3.830000	-0.254194
3.831000	-0.524449
3.832000	-0.704803
3.833000	-0.614718
3.834000	-0.614718
3.835000	-0.704803
3.836000	-0.885157
3.837000	-0.975242
3.838000	-0.704803
3.839000	-0.524449
3.840000	-0.524449
3.841000	-0.524449
3.842000	-0.614718
3.843000	-0.704803
3.844000	-0.704803
3.845000	-0.975242
3.846000	-1.155410
3.847000	-0.975242
3.848000	-0.975242
3.849000	-0.885157
3.850000	-0.975242
3.851000	-1.065330
3.852000	-0.885157
3.853000	-0.794888
3.854000	-0.704803
3.855000	-0.794888
3.856000	-0.704803
3.857000	-0.614718
3.858000	-0.434364
3.859000	-0.434364
3.860000	-0.524449
3.861000	-0.614718
3.862000	-0.794888
3.863000	-0.704803
3.864000	-0.704803
3.865000	-0.704803
3.866000	-0.704803
3.867000	-0.524449
3.868000	-0.344279
3.869000	-0.434364
3.870000	-0.254194
3.871000	-0.254194
3.872000	-0.344279
3.873000	-0.344279
3.874000	-0.524449
3.875000	-0.704803
3.876000	-0.704803
3.877000	-0.794888
3.878000	-0.704803
3.879000	-0.704803
3.880000	-0.794888
3.881000	-0.704803
3.882000	-0.704803
3.883000	-0.794888
3.884000	-0.794888
3.885000	-0.704803
3.886000	-0.614718
3.887000	-0.434364
3.888000	-0.344279
3.889000	-0.614718
3.890000	-0.614718
3.891000	-0.614718
3.892000	-0.704803
3.893000	-0.794888
3.894000	-0.524449
3.895000	-0.434364
3.896000	-0.344279
3.897000	-0.254194
3.898000	-0.344279
3.899000	-0.254194
3.900000	-0.073840
3.901000	-0.163925
3.902000	-0.163925
3.903000	-0.344279
3.904000	-0.434364
3.905000	-0.344279
3.906000	-0.344279
3.907000	-0.794888
3.908000	-0.704803
3.909000	-0.704803
3.910000	-0.614718
3.911000	-0.614718
3.912000	-0.524449
3.913000	-0.614718
3.914000	-0.524449
3.915000	-0.794888
3.916000	-0.885157
3.917000	-0.885157
3.918000	-0.794888
3.919000	-0.794888
3.920000	-0.704803
3.921000	-0.614718
3.922000	-0.614718
3.923000	-0.614718
3.924000	-0.524449
3.925000	-0.434364
3.926000	-0.344279
3.927000	-0.434364
3.928000	-0.254194
3.929000	-0.163925
3.930000	-0.073840
3.931000	-0.254194
3.932000	-0.073840
3.933000	-0.254194
3.934000	-0.254194
3.935000	-0.344279
3.936000	-0.434364
3.937000	-0.614718
3.938000	-0.614718
3.939000	-0.614718
3.940000	-0.524449
3.941000	-0.614718
3.942000	-0.434364
3.943000	-0.524449
3.944000	-0.524449
3.945000	-0.704803
3.946000	-0.975242
3.947000	-0.885157
3.948000	-0.975242
3.949000	-1.065330
3.950000	-1.065330
3.951000	-0.975242
3.952000	-0.885157
3.953000	-0.794888
3.954000	-0.794888
3.955000	-0.794888
3.956000	-0.524449
3.957000	-0.524449
3.958000	-0.434364
3.959000	-0.434364
3.960000	-0.434364
3.961000	-0.344279
3.962000	-0.254194
3.963000	-0.344279
3.964000	-0.344279
3.965000	-0.524449
3.966000	-0.434364
3.967000	-0.434364
3.968000	-0.434364
3.969000	-0.524449
3.970000	-0.434364
3.971000	-0.524449
3.972000	-0.434364
3.973000	-0.524449
3.974000	-0.524449
3.975000	-0.704803
3.976000	-0.794888
3.977000	-0.794888
3.978000	-0.794888
3.979000	-0.885157
3.980000	-0.794888
3.981000	-0.885157
3.982000	-0.794888
3.983000	-0.885157
3.984000	-0.794888
3.985000	-0.794888
3.986000	-0.614718
3.987000	-0.434364
3.988000	-0.434364
3.989000	-0.434364
3.990000	-0.434364
3.991000	-0.434364
3.992000	-0.434364
3.993000	-0.434364
3.994000	-0.614718
3.995000	-0.434364
3.996000	-0.434364
3.997000	-0.344279
3.998000	-0.254194
3.999000	-0.344279
4.000000	-0.344279
4.001000	-0.434364
4.002000	-0.524449
4.003000	-0.614718
4.004000	-0.614718
4.005000	-0.524449
4.006000	-0.524449
4.007000	-0.614718
4.008000	-0.794888
4.009000	-0.794888
4.010000	-0.794888
4.011000	-0.704803
4.012000	-0.794888
4.013000	-0.704803
4.014000	-0.614718
4.015000	-0.524449
4.016000	-0.614718
4.017000	-0.524449
4.018000	-0.434364
4.019000	-0.614718
4.020000	-0.704803
4.021000	-0.614718
4.022000	-0.614718
4.023000	-0.434364
4.024000	-0.614718
4.025000	-0.434364
4.026000	-0.434364
4.027000	-0.434364
4.028000	-0.524449
4.029000	-0.434364
4.030000	-0.434364
4.031000	-0.524449
4.032000	-0.344279
4.033000	-0.614718
4.034000	-0.524449
4.035000	-0.704803
4.036000	-0.794888
4.037000	-0.704803
4.038000	-0.794888
4.039000	-0.794888
4.040000	-0.704803
4.041000	-0.614718
4.042000	-0.704803
4.043000	-0.704803
4.044000	-0.704803
4.045000	-0.794888
4.046000	-0.704803
4.047000	-0.704803
4.048000	-0.704803
4.049000	-0.794888
4.050000	-0.794888
4.051000	-0.704803
4.052000	-0.704803
4.053000	-0.614718
4.054000	-0.614718
4.055000	-0.614718
4.056000	-0.524449
4.057000	-0.524449
4.058000	-0.614718
4.059000	-0.524449
4.060000	-0.524449
4.061000	-0.614718
4.062000	-0.524449
4.063000	-0.614718
4.064000	-0.524449
4.065000	-0.614718
4.066000	-0.704803
4.067000	-0.794888
4.068000	-0.794888
4.069000	-0.794888
4.070000	-0.704803
4.071000	-0.524449
4.072000	-0.614718
4.073000	-0.524449
4.074000	-0.434364
4.075000	-0.524449
4.076000	-0.704803
4.077000	-0.614718
4.078000	-0.614718
4.079000	-0.704803
4.080000	-0.524449
4.081000	-0.434364
4.082000	-0.524449
4.083000	-0.344279
4.084000	-0.434364
4.085000	-0.614718
4.086000	-0.434364
4.087000	-0.434364
4.088000	-0.524449
4.089000	-0.614718
4.090000	-0.434364
4.091000	-0.434364
4.092000	-0.434364
4.093000	-0.524449
4.094000	-0.434364
4.095000	-0.524449
4.096000	-0.524449
4.097000	-0.434364
4.098000	-0.614718
4.099000	-0.524449
4.100000	-0.344279
4.101000	-0.524449
4.102000	-0.434364
4.103000	-0.434364
4.104000	-0.524449
4.105000	-0.434364
4.106000	-0.614718
4.107000	-0.614718
4.108000	-0.524449
4.109000	-0.434364
4.110000	-0.524449
4.111000	-0.524449
4.112000	-0.434364
4.113000	-0.614718
4.114000	-0.524449
4.115000	-0.524449
4.116000	-0.434364
4.117000	-0.524449
4.118000	-0.614718
4.119000	-0.524449
4.120000	-0.614718
4.121000	-0.434364
4.122000	-0.614718
4.123000	-0.524449
4.124000	-0.344279
4.125000	-0.434364
4.126000	-0.434364
4.127000	-0.344279
4.128000	-0.344279
4.129000	-0.434364
4.130000	-0.344279
4.131000	-0.344279
4.132000	-0.524449
4.133000	-0.614718
4.134000	-0.614718
4.135000	-0.524449
4.136000	-0.524449
4.137000	-0.524449
4.138000	-0.434364
4.139000	-0.434364
4.140000	-0.524449
4.141000	-0.704803
4.142000	-0.704803
4.143000	-0.704803
4.144000	-0.704803
4.145000	-0.614718
4.146000	-0.614718
4.147000	-0.524449
4.148000	-0.524449
4.149000	-0.704803
4.150000	-0.794888
4.151000	-0.794888
4.152000	-0.885157
4.153000	-0.794888
4.154000	-0.704803
4.155000	-0.704803
4.156000	-0.704803
4.157000	-0.524449
4.158000	-0.614718
4.159000	-0.614718
4.160000	96.372498
4.161000	-20.084101
4.162000	41.659401
4.163000	41.749699
4.164000	-28.106300
4.165000	17.592899
4.166000	-11.431000
4.167000	-34.776402
4.168000	13.176200
4.169000	-11.521300
4.170000	1.819050
4.171000	24.804001
4.172000	-0.434364
4.173000	19.575899
4.174000	11.824200
4.175000	-11.971900
4.176000	-3.679260
4.177000	-15.036600
4.178000	-12.422700
4.179000	1.909130
4.180000	-0.254194
4.181000	2.089490
4.182000	-0.254194
4.183000	-2.868130
4.184000	0.647208
4.185000	-7.825560
4.186000	-10.619900
4.187000	-8.546610
4.188000	-6.834080
4.189000	-2.056810
4.190000	0.016245
4.191000	2.269660
4.192000	2.630180
4.193000	8.218760
4.194000	2.630180
4.195000	3.441500
4.196000	-0.704803
4.197000	-1.516120
4.198000	-1.245680
4.199000	-0.163925
4.200000	0.557123
4.201000	2.359930
4.202000	3.351410
4.203000	4.883590
4.204000	4.703420
4.205000	2.089490
4.206000	-0.163925
4.207000	-0.614718
4.208000	-5.211630
4.209000	-3.318740
4.210000	-2.327250
4.211000	-1.516120
4.212000	0.647208
4.213000	-0.163925
4.214000	-1.606200
4.215000	-3.318740
4.216000	-5.121540
4.217000	-5.932670
4.218000	-4.761020
4.219000	-2.327250
4.220000	-1.155410
4.221000	1.007730
4.222000	1.638690
4.223000	1.458520
4.224000	1.188090
4.225000	-0.254194
4.226000	-1.786370
4.227000	-2.146900
4.228000	-0.794888
4.229000	-0.073840
4.230000	1.278170
4.231000	2.450010
4.232000	2.179570
4.233000	3.261140
4.234000	1.909130
4.235000	1.098000
4.236000	0.917647
4.237000	-0.704803
4.238000	-0.885157
4.239000	-1.966730
4.240000	-1.696290
4.241000	-1.425850
4.242000	-0.704803
4.243000	-1.065330
4.244000	-1.335770
4.245000	-1.516120
4.246000	-2.146900
4.247000	-2.237170
4.248000	-2.237170
4.249000	-2.237170
4.250000	-1.516120
4.251000	-1.245680
4.252000	-1.065330
4.253000	-1.065330
4.254000	-0.794888
4.255000	-1.155410
4.256000	-0.885157
4.257000	-0.975242
4.258000	-0.614718
4.259000	0.106514
4.260000	0.557123
4.261000	0.647208
4.262000	1.007730
4.263000	0.917647
4.264000	0.917647
4.265000	0.827562
4.266000	0.376769
4.267000	0.376769
4.268000	0.286684
4.269000	0.286684
4.270000	0.106514
4.271000	0.557123
4.272000	-0.163925
4.273000	-0.614718
4.274000	-0.794888
4.275000	-0.885157
4.276000	-0.794888
4.277000	-0.524449
4.278000	-0.254194
4.279000	-0.163925
4.280000	-0.344279
4.281000	-0.975242
4.282000	-1.516120
4.283000	-2.237170
4.284000	-2.597690
4.285000	-2.146900
4.286000	-2.146900
4.287000	-1.425850
4.288000	-1.065330
4.289000	-0.704803
4.290000	-0.794888
4.291000	-0.704803
4.292000	-1.065330
4.293000	-0.885157
4.294000	-0.614718
4.295000	-0.254194
4.296000	-0.254194
4.297000	0.016245
4.298000	0.016245
4.299000	-0.434364
4.300000	-0.614718
4.301000	-0.794888
4.302000	-0.434364
4.303000	0.376769
4.304000	0.467038
4.305000	0.827562
4.306000	0.827562
4.307000	1.007730
4.308000	0.467038
4.309000	-0.073840
4.310000	-0.704803
4.311000	-0.975242
4.312000	-1.425850
4.313000	-1.876640
4.314000	-1.876640
4.315000	-1.876640
4.316000	-1.425850
4.317000	-1.335770
4.318000	-1.335770
4.319000	-1.335770
4.320000	-1.696290
4.321000	-1.876640
4.322000	-1.966730
4.323000	-1.606200
4.324000	-1.155410
4.325000	-0.614718
4.326000	-0.434364
4.327000	-0.344279
4.328000	-0.704803
4.329000	-0.885157
4.330000	-1.155410
4.331000	-1.065330
4.332000	-0.524449
4.333000	0.196599
4.334000	0.827562
4.335000	1.458520
4.336000	1.638690
4.337000	1.368440
4.338000	0.827562
4.339000	0.016245
4.340000	-0.614718
4.341000	-0.975242
4.342000	-0.975242
4.343000	-0.885157
4.344000	-1.065330
4.345000	-0.885157
4.346000	-0.975242
4.347000	-0.885157
4.348000	-0.975242
4.349000	-0.885157
4.350000	-0.975242
4.351000	-1.155410
4.352000	-1.516120
4.353000	-1.786370
4.354000	-1.876640
4.355000	-1.786370
4.356000	-1.516120
4.357000	-1.606200
4.358000	-1.155410
4.359000	-0.975242
4.360000	-0.614718
4.361000	-0.254194
4.362000	0.016245
4.363000	1.548610
4.364000	30.752899
4.365000	23.992599
4.366000	5.514560
4.367000	2.630180
4.368000	8.398930
4.369000	-1.425850
4.370000	8.038410
4.371000	-0.524449
4.372000	-3.228650
4.373000	1.458520
4.374000	-0.344279
4.375000	1.999220
4.376000	9.029890
4.377000	6.686400
4.378000	2.720450
4.379000	-1.155410
4.380000	-4.941190
4.381000	-5.482070
4.382000	-5.211630
4.383000	-2.056810
4.384000	-0.254194
4.385000	-1.516120
4.386000	-1.786370
4.387000	-2.868130
4.388000	-3.589180
4.389000	-5.301710
4.390000	-4.941190
4.391000	-4.941190
4.392000	-2.868130
4.393000	-1.876640
4.394000	-0.254194
4.395000	1.548610
4.396000	3.351410
4.397000	2.720450
4.398000	1.007730
4.399000	0.376769
4.400000	-0.254194
4.401000	0.376769
4.402000	0.917647
4.403000	1.999220
4.404000	2.540100
4.405000	2.179570
4.406000	1.638690
4.407000	2.089490
4.408000	1.458520
4.409000	0.737477
4.410000	-0.885157
4.411000	0.647208
4.412000	4.973860
4.413000	2.990890
4.414000	1.278170
4.415000	-1.065330
4.416000	-5.572150
4.417000	1.548610
4.418000	2.450010
4.419000	-1.966730
4.420000	-1.245680
4.421000	-7.465040
4.422000	-1.516120
4.423000	1.819050
4.424000	-1.155410
4.425000	0.286684
4.426000	0.737477
4.427000	0.196599
4.428000	0.557123
4.429000	-1.065330
4.430000	-0.885157
4.431000	0.467038
4.432000	0.106514
4.433000	1.098000
4.434000	-0.163925
4.435000	0.196599
4.436000	1.548610
4.437000	79.607101
4.438000	-34.235699
4.439000	-38.742599
4.440000	19.756300
4.441000	-56.229000
4.442000	3.892110
4.443000	32.465599
4.444000	-23.238899
4.445000	43.912800
4.446000	2.359930
4.447000	-7.284870
4.448000	8.128680
4.449000	-22.157400
4.450000	-18.281500
4.451000	1.188090
4.452000	-18.912500
4.453000	9.390600
4.454000	5.334390
4.455000	3.621850
4.456000	16.330999
4.457000	3.171060
4.458000	-5.482070
4.459000	-3.048300
4.460000	-15.216800
4.461000	-8.005920
4.462000	-1.425850
4.463000	-2.327250
4.464000	5.784990
4.465000	9.931300
4.466000	6.055430
4.467000	7.587800
4.468000	0.737477
4.469000	22.550600
4.470000	-21.075800
4.471000	0.016245
4.472000	-5.842590
4.473000	-14.676100
4.474000	-3.859620
4.475000	8.849720
4.476000	9.120160
4.477000	12.996000
4.478000	4.523070
4.479000	2.630180
4.480000	-4.130060
4.481000	-6.563640
4.482000	-9.898810
4.483000	-7.284870
4.484000	30.843000
4.485000	-17.650499
4.486000	-1.155410
4.487000	23.542000
4.488000	12.545200
4.489000	-31.261101
4.490000	19.305500
4.491000	0.286684
4.492000	-11.791700
4.493000	23.451799
4.494000	1.909130
4.495000	-7.735480
4.496000	9.570770
4.497000	1.007730
4.498000	-5.211630
4.499000	3.080970
4.500000	1.007730
4.501000	0.647208
4.502000	2.269660
4.503000	5.424470
4.504000	-0.885157
4.505000	0.917647
4.506000	4.613340
4.507000	-2.507610
4.508000	-0.073840
4.509000	-0.704803
4.510000	-0.794888
4.511000	0.647208
4.512000	5.063950
4.513000	13.627000
4.514000	-8.096000
4.515000	0.106514
4.516000	-9.267840
4.517000	-12.512700
4.518000	-7.194600
4.519000	-5.391980
4.520000	2.540100
4.521000	9.660860
4.522000	8.759640
4.523000	-0.704803
4.524000	-7.284870
4.525000	-8.456530
4.526000	-12.422700
4.527000	-7.645390
4.528000	0.286684
4.529000	-0.975242
4.530000	8.489200
4.531000	0.376769
4.532000	-0.344279
4.533000	-2.777860
4.534000	-4.670750
4.535000	0.557123
4.536000	9.480690
4.537000	-4.761020
4.538000	3.711940
4.539000	1.458520
4.540000	5.965350
4.541000	8.849720
4.542000	3.621850
4.543000	2.269660
4.544000	-1.786370
4.545000	-2.777860
4.546000	0.286684
4.547000	-1.155410
4.548000	2.089490
4.549000	1.188090
4.550000	-1.065330
4.551000	3.982380
4.552000	3.621850
4.553000	0.647208
4.554000	-2.146900
4.555000	-2.417340
4.556000	-3.408820
4.557000	-2.507610
4.558000	-3.228650
4.559000	-1.065330
4.560000	0.467038
4.561000	1.368440
4.562000	1.458520
4.563000	-0.344279
4.564000	-2.146900
4.565000	-1.966730
4.566000	-2.417340
4.567000	0.647208
4.568000	1.007730
4.569000	0.737477
4.570000	2.269660
4.571000	2.179570
4.572000	2.900620
4.573000	2.540100
4.574000	2.179570
4.575000	1.458520
4.576000	1.909130
4.577000	1.368440
4.578000	0.827562
4.579000	0.376769
4.580000	0.016245
4.581000	0.737477
4.582000	0.917647
4.583000	1.188090
4.584000	0.917647
4.585000	0.737477
4.586000	0.286684
4.587000	-0.794888
4.588000	-1.065330
4.589000	-1.245680
4.590000	-1.425850
4.591000	-0.614718
4.592000	-0.073840
4.593000	-0.524449
4.594000	-0.524449
4.595000	-0.254194
4.596000	0.196599
4.597000	0.376769
4.598000	0.827562
4.599000	0.557123
4.600000	0.647208
4.601000	0.557123
4.602000	1.007730
4.603000	1.007730
4.604000	1.638690
4.605000	1.819050
4.606000	2.540100
4.607000	2.990890
4.608000	2.720450
4.609000	2.269660
4.610000	1.638690
4.611000	0.647208
4.612000	0.196599
4.613000	0.016245
4.614000	-0.163925
4.615000	0.286684
4.616000	0.196599
4.617000	0.467038
4.618000	0.376769
4.619000	0.106514
4.620000	0.106514
4.621000	-0.254194
4.622000	-0.524449
4.623000	-1.065330
4.624000	-1.516120
4.625000	-1.516120
4.626000	-1.155410
4.627000	-0.794888
4.628000	0.106514
4.629000	0.557123
4.630000	0.827562
4.631000	0.827562
4.632000	0.557123
4.633000	0.647208
4.634000	0.376769
4.635000	0.467038
4.636000	0.467038
4.637000	1.188090
4.638000	1.728960
4.639000	2.089490
4.640000	2.359930
4.641000	2.089490
4.642000	1.819050
4.643000	1.458520
4.644000	0.827562
4.645000	0.016245
4.646000	-0.254194
4.647000	-0.704803
4.648000	-0.254194
4.649000	0.376769
4.650000	1.007730
4.651000	1.548610
4.652000	1.909130
4.653000	1.548610
4.654000	0.557123
4.655000	-0.704803
4.656000	-1.516120
4.657000	-1.696290
4.658000	-1.516120
4.659000	-1.065330
4.660000	-0.434364
4.661000	0.376769
4.662000	1.188090
4.663000	1.278170
4.664000	1.098000
4.665000	0.827562
4.666000	0.737477
4.667000	0.376769
4.668000	0.196599
4.669000	0.106514
4.670000	0.196599
4.671000	0.286684
4.672000	0.827562
4.673000	1.098000
4.674000	1.638690
4.675000	1.819050
4.676000	1.548610
4.677000	1.458520
4.678000	0.827562
4.679000	0.106514
4.680000	0.196599
4.681000	0.106514
4.682000	0.737477
4.683000	0.737477
4.684000	1.007730
4.685000	0.917647
4.686000	0.557123
4.687000	0.467038
4.688000	0.106514
4.689000	-0.434364
4.690000	-0.704803
4.691000	-0.704803
4.692000	-0.524449
4.693000	0.016245
4.694000	0.016245
4.695000	0.737477
4.696000	1.098000
4.697000	1.638690
4.698000	1.368440
4.699000	1.098000
4.700000	0.737477
4.701000	0.286684
4.702000	0.467038
4.703000	0.196599
4.704000	0.196599
4.705000	0.286684
4.706000	1.098000
4.707000	1.819050
4.708000	2.269660
4.709000	2.450010
4.710000	1.999220
4.711000	0.827562
4.712000	0.557123
4.713000	0.376769
4.714000	0.737477
4.715000	0.737477
4.716000	0.376769
4.717000	0.286684
4.718000	0.647208
4.719000	0.286684
4.720000	0.106514
4.721000	0.106514
4.722000	0.106514
4.723000	0.106514
4.724000	0.737477
4.725000	0.557123
4.726000	0.376769
4.727000	0.557123
4.728000	0.647208
4.729000	0.196599
4.730000	-0.073840
4.731000	-0.163925
4.732000	0.376769
4.733000	-0.163925
4.734000	0.286684
4.735000	1.188090
4.736000	1.728960
4.737000	1.548610
4.738000	0.737477
4.739000	1.007730
4.740000	1.188090
4.741000	0.827562
4.742000	0.917647
4.743000	1.278170
4.744000	1.458520
4.745000	0.827562
4.746000	0.737477
4.747000	0.827562
4.748000	0.647208
4.749000	0.196599
4.750000	0.016245
4.751000	0.286684
4.752000	0.827562
4.753000	0.737477
4.754000	0.557123
4.755000	0.376769
4.756000	-0.073840
4.757000	-0.434364
4.758000	-0.614718
4.759000	-0.344279
4.760000	-0.073840
4.761000	0.106514
4.762000	0.557123
4.763000	0.557123
4.764000	0.106514
4.765000	-0.344279
4.766000	-0.073840
4.767000	0.016245
4.768000	0.467038
4.769000	1.098000
4.770000	1.819050
4.771000	1.909130
4.772000	0.737477
4.773000	0.737477
4.774000	1.188090
4.775000	1.007730
4.776000	0.827562
4.777000	0.917647
4.778000	0.737477
4.779000	0.376769
4.780000	0.196599
4.781000	1.007730
4.782000	0.917647
4.783000	0.467038
4.784000	0.917647
4.785000	1.188090
4.786000	0.467038
4.787000	-0.163925
4.788000	-0.434364
4.789000	-0.254194
4.790000	-0.434364
4.791000	-0.163925
4.792000	0.016245
4.793000	0.106514
4.794000	0.647208
4.795000	1.007730
4.796000	0.917647
4.797000	0.917647
4.798000	0.106514
4.799000	-0.344279
4.800000	-0.254194
4.801000	0.467038
4.802000	0.647208
4.803000	1.278170
4.804000	1.909130
4.805000	2.179570
4.806000	1.638690
4.807000	1.098000
4.808000	0.737477
4.809000	0.106514
4.810000	0.286684
4.811000	0.196599
4.812000	0.737477
4.813000	1.098000
4.814000	1.458520
4.815000	1.458520
4.816000	1.278170
4.817000	0.917647
4.818000	0.376769
4.819000	-0.254194
4.820000	0.016245
4.821000	-0.254194
4.822000	-0.073840
4.823000	0.196599
4.824000	0.376769
4.825000	0.737477
4.826000	0.557123
4.827000	0.376769
4.828000	0.016245
4.829000	0.106514
4.830000	0.016245
4.831000	0.016245
4.832000	0.376769
4.833000	0.467038
4.834000	0.647208
4.835000	0.827562
4.836000	1.007730
4.837000	0.917647
4.838000	0.737477
4.839000	1.007730
4.840000	1.007730
4.841000	1.368440
4.842000	1.458520
4.843000	1.188090
4.844000	1.098000
4.845000	1.007730
4.846000	1.007730
4.847000	0.557123
4.848000	0.467038
4.849000	0.557123
4.850000	0.376769
4.851000	0.286684
4.852000	0.467038
4.853000	0.467038
4.854000	0.376769
4.855000	0.557123
4.856000	0.467038
4.857000	0.376769
4.858000	0.286684
4.859000	0.196599
4.860000	0.286684
4.861000	0.196599
4.862000	0.196599
4.863000	0.376769
4.864000	0.647208
4.865000	0.647208
4.866000	0.917647
4.867000	1.098000
4.868000	1.098000
4.869000	0.917647
4.870000	0.827562
4.871000	0.557123
4.872000	0.467038
4.873000	0.376769
4.874000	0.557123
4.875000	1.007730
4.876000	1.007730
4.877000	1.007730
4.878000	1.007730
4.879000	0.827562
4.880000	0.647208
4.881000	0.467038
4.882000	0.286684
4.883000	0.106514
4.884000	0.196599
4.885000	0.467038
4.886000	0.647208
4.887000	0.827562
4.888000	0.917647
4.889000	0.737477
4.890000	0.467038
4.891000	0.467038
4.892000	0.016245
4.893000	-0.073840
4.894000	0.106514
4.895000	0.196599
4.896000	0.737477
4.897000	1.368440
4.898000	1.548610
4.899000	1.728960
4.900000	1.458520
4.901000	1.098000
4.902000	0.737477
4.903000	0.557123
4.904000	0.467038
4.905000	0.557123
4.906000	1.007730
4.907000	1.368440
4.908000	1.819050
4.909000	1.728960
4.910000	1.728960
4.911000	1.368440
4.912000	1.098000
4.913000	0.827562
4.914000	0.376769
4.915000	0.286684
4.916000	0.376769
4.917000	0.286684
4.918000	0.286684
4.919000	0.737477
4.920000	0.917647
4.921000	1.007730
4.922000	0.827562
4.923000	0.737477
4.924000	0.286684
4.925000	-0.073840
4.926000	-0.254194
4.927000	0.196599
4.928000	0.376769
4.929000	0.917647
4.930000	1.098000
4.931000	1.458520
4.932000	1.368440
4.933000	1.098000
4.934000	0.917647
4.935000	0.737477
4.936000	0.467038
4.937000	0.376769
4.938000	0.827562
4.939000	1.007730
4.940000	1.278170
4.941000	1.638690
4.942000	1.638690
4.943000	1.458520
4.944000	1.098000
4.945000	0.827562
4.946000	0.467038
4.947000	0.286684
4.948000	0.106514
4.949000	0.106514
4.950000	0.467038
4.951000	0.647208
4.952000	0.917647
4.953000	0.917647
4.954000	1.007730
4.955000	0.737477
4.956000	0.467038
4.957000	0.106514
4.958000	0.016245
4.959000	0.106514
4.960000	0.286684
4.961000	0.467038
4.962000	0.827562
4.963000	1.098000
4.964000	1.007730
4.965000	0.827562
4.966000	0.737477
4.967000	0.647208
4.968000	0.467038
4.969000	0.557123
4.970000	0.827562
4.971000	1.188090
4.972000	1.188090
4.973000	1.188090
4.974000	1.098000
4.975000	0.917647
4.976000	0.647208
4.977000	0.376769
4.978000	0.286684
4.979000	0.286684
4.980000	0.286684
4.981000	0.737477
4.982000	0.827562
4.983000	0.647208
4.984000	0.647208
4.985000	0.467038
4.986000	0.196599
4.987000	0.016245
4.988000	-0.073840
4.989000	0.016245
4.990000	0.106514
4.991000	0.376769
4.992000	0.557123
4.993000	0.737477
4.994000	0.647208
4.995000	0.557123
4.996000	0.376769
4.997000	0.376769
4.998000	0.376769
4.999000	0.647208
