-0.500000	0.030578
-0.499000	0.025475
-0.498000	0.025475
-0.497000	0.025475
-0.496000	0.025475
-0.495000	0.020382
-0.494000	0.030578
-0.493000	0.020382
-0.492000	0.030578
-0.491000	0.025475
-0.490000	0.025475
-0.489000	0.025475
-0.488000	0.030578
-0.487000	0.025475
-0.486000	0.025475
-0.485000	0.025475
-0.484000	0.025475
-0.483000	0.030578
-0.482000	0.020382
-0.481000	0.030578
-0.480000	0.030578
-0.479000	0.030578
-0.478000	0.025475
-0.477000	0.025475
-0.476000	0.025475
-0.475000	0.020382
-0.474000	0.025475
-0.473000	0.025475
-0.472000	0.025475
-0.471000	0.025475
-0.470000	0.030578
-0.469000	0.025475
-0.468000	0.030578
-0.467000	0.025475
-0.466000	0.025475
-0.465000	0.025475
-0.464000	0.025475
-0.463000	0.030578
-0.462000	0.030578
-0.461000	0.020382
-0.460000	0.030578
-0.459000	0.025475
-0.458000	0.030578
-0.457000	0.030578
-0.456000	0.025475
-0.455000	0.025475
-0.454000	0.025475
-0.453000	0.030578
-0.452000	0.030578
-0.451000	0.030578
-0.450000	0.025475
-0.449000	0.030578
-0.448000	0.030578
-0.447000	0.030578
-0.446000	0.030578
-0.445000	0.025475
-0.444000	0.020382
-0.443000	0.025475
-0.442000	0.030578
-0.441000	0.030578
-0.440000	0.020382
-0.439000	0.025475
-0.438000	0.030578
-0.437000	0.025475
-0.436000	0.025475
-0.435000	0.030578
-0.434000	0.030578
-0.433000	0.020382
-0.432000	0.020382
-0.431000	0.025475
-0.430000	0.030578
-0.429000	0.025475
-0.428000	0.025475
-0.427000	0.030578
-0.426000	0.025475
-0.425000	0.030578
-0.424000	0.025475
-0.423000	0.025475
-0.422000	0.025475
-0.421000	0.025475
-0.420000	0.030578
-0.419000	0.030578
-0.418000	0.035671
-0.417000	0.025475
-0.416000	0.030578
-0.415000	0.025475
-0.414000	0.025475
-0.413000	0.025475
-0.412000	0.025475
-0.411000	0.025475
-0.410000	0.025475
-0.409000	0.030578
-0.408000	0.015289
-0.407000	0.025475
-0.406000	0.025475
-0.405000	0.030578
-0.404000	0.025475
-0.403000	0.020382
-0.402000	0.030578
-0.401000	0.030578
-0.400000	0.030578
-0.399000	0.025475
-0.398000	0.025475
-0.397000	0.025475
-0.396000	0.025475
-0.395000	0.025475
-0.394000	0.025475
-0.393000	0.030578
-0.392000	0.025475
-0.391000	0.025475
-0.390000	0.030578
-0.389000	0.025475
-0.388000	0.025475
-0.387000	0.030578
-0.386000	0.025475
-0.385000	0.030578
-0.384000	0.025475
-0.383000	0.030578
-0.382000	0.030578
-0.381000	0.025475
-0.380000	0.030578
-0.379000	0.020382
-0.378000	0.030578
-0.377000	0.030578
-0.376000	0.025475
-0.375000	0.020382
-0.374000	0.025475
-0.373000	0.030578
-0.372000	0.025475
-0.371000	0.025475
-0.370000	0.025475
-0.369000	0.025475
-0.368000	0.030578
-0.367000	0.025475
-0.366000	0.030578
-0.365000	0.030578
-0.364000	0.025475
-0.363000	0.030578
-0.362000	0.020382
-0.361000	0.030578
-0.360000	0.040764
-0.359000	0.030578
-0.358000	0.025475
-0.357000	0.025475
-0.356000	0.025475
-0.355000	0.025475
-0.354000	0.025475
-0.353000	0.030578
-0.352000	0.030578
-0.351000	0.030578
-0.350000	0.025475
-0.349000	0.025475
-0.348000	0.020382
-0.347000	0.030578
-0.346000	0.020382
-0.345000	0.030578
-0.344000	0.030578
-0.343000	0.030578
-0.342000	0.025475
-0.341000	0.025475
-0.340000	0.030578
-0.339000	0.030578
-0.338000	0.025475
-0.337000	0.020382
-0.336000	0.030578
-0.335000	0.030578
-0.334000	0.025475
-0.333000	0.030578
-0.332000	0.025475
-0.331000	0.025475
-0.330000	0.030578
-0.329000	0.025475
-0.328000	0.025475
-0.327000	0.030578
-0.326000	0.020382
-0.325000	0.025475
-0.324000	0.025475
-0.323000	0.020382
-0.322000	0.035671
-0.321000	0.030578
-0.320000	0.025475
-0.319000	0.020382
-0.318000	0.025475
-0.317000	0.030578
-0.316000	0.030578
-0.315000	0.020382
-0.314000	0.020382
-0.313000	0.030578
-0.312000	0.025475
-0.311000	0.025475
-0.310000	0.025475
-0.309000	0.025475
-0.308000	0.025475
-0.307000	0.025475
-0.306000	0.030578
-0.305000	0.030578
-0.304000	0.020382
-0.303000	0.035671
-0.302000	0.030578
-0.301000	0.025475
-0.300000	0.025475
-0.299000	0.025475
-0.298000	0.025475
-0.297000	0.025475
-0.296000	0.030578
-0.295000	0.030578
-0.294000	0.030578
-0.293000	0.025475
-0.292000	0.015289
-0.291000	0.025475
-0.290000	0.030578
-0.289000	0.025475
-0.288000	0.020382
-0.287000	0.025475
-0.286000	0.025475
-0.285000	0.025475
-0.284000	0.025475
-0.283000	0.020382
-0.282000	0.030578
-0.281000	0.020382
-0.280000	0.025475
-0.279000	0.025475
-0.278000	0.025475
-0.277000	0.025475
-0.276000	0.030578
-0.275000	0.020382
-0.274000	0.030578
-0.273000	0.025475
-0.272000	0.030578
-0.271000	0.020382
-0.270000	0.025475
-0.269000	0.030578
-0.268000	0.030578
-0.267000	0.030578
-0.266000	0.025475
-0.265000	0.030578
-0.264000	0.025475
-0.263000	0.030578
-0.262000	0.030578
-0.261000	0.025475
-0.260000	0.025475
-0.259000	0.025475
-0.258000	0.020382
-0.257000	0.020382
-0.256000	0.030578
-0.255000	0.025475
-0.254000	0.025475
-0.253000	0.025475
-0.252000	0.025475
-0.251000	0.030578
-0.250000	0.030578
-0.249000	0.030578
-0.248000	0.025475
-0.247000	0.030578
-0.246000	0.030578
-0.245000	0.030578
-0.244000	0.025475
-0.243000	0.025475
-0.242000	0.030578
-0.241000	0.030578
-0.240000	0.030578
-0.239000	0.025475
-0.238000	0.020382
-0.237000	0.030578
-0.236000	0.025475
-0.235000	0.025475
-0.234000	0.030578
-0.233000	0.030578
-0.232000	0.025475
-0.231000	0.020382
-0.230000	0.030578
-0.229000	0.025475
-0.228000	0.030578
-0.227000	0.020382
-0.226000	0.030578
-0.225000	0.020382
-0.224000	0.025475
-0.223000	0.025475
-0.222000	0.025475
-0.221000	0.030578
-0.220000	0.025475
-0.219000	0.025475
-0.218000	0.025475
-0.217000	0.025475
-0.216000	0.025475
-0.215000	0.025475
-0.214000	0.025475
-0.213000	0.030578
-0.212000	0.030578
-0.211000	0.025475
-0.210000	0.030578
-0.209000	0.025475
-0.208000	0.025475
-0.207000	0.025475
-0.206000	0.035671
-0.205000	0.025475
-0.204000	0.025475
-0.203000	0.030578
-0.202000	0.030578
-0.201000	0.030578
-0.200000	0.030578
-0.199000	0.030578
-0.198000	0.025475
-0.197000	0.030578
-0.196000	0.025475
-0.195000	0.030578
-0.194000	0.025475
-0.193000	0.025475
-0.192000	0.025475
-0.191000	0.025475
-0.190000	0.025475
-0.189000	0.030578
-0.188000	0.025475
-0.187000	0.030578
-0.186000	0.030578
-0.185000	0.025475
-0.184000	0.030578
-0.183000	0.030578
-0.182000	0.025475
-0.181000	0.030578
-0.180000	0.030578
-0.179000	0.025475
-0.178000	0.030578
-0.177000	0.025475
-0.176000	0.025475
-0.175000	0.025475
-0.174000	0.030578
-0.173000	0.025475
-0.172000	0.030578
-0.171000	0.020382
-0.170000	0.030578
-0.169000	0.025475
-0.168000	0.030578
-0.167000	0.025475
-0.166000	0.025475
-0.165000	0.030578
-0.164000	0.030578
-0.163000	0.025475
-0.162000	0.030578
-0.161000	0.030578
-0.160000	0.030578
-0.159000	0.030578
-0.158000	0.030578
-0.157000	0.025475
-0.156000	0.030578
-0.155000	0.020382
-0.154000	0.025475
-0.153000	0.025475
-0.152000	0.020382
-0.151000	0.030578
-0.150000	0.030578
-0.149000	0.030578
-0.148000	0.025475
-0.147000	0.030578
-0.146000	0.025475
-0.145000	0.025475
-0.144000	0.030578
-0.143000	0.025475
-0.142000	0.030578
-0.141000	0.020382
-0.140000	0.030578
-0.139000	0.030578
-0.138000	0.030578
-0.137000	0.025475
-0.136000	0.025475
-0.135000	0.030578
-0.134000	0.025475
-0.133000	0.030578
-0.132000	0.035671
-0.131000	0.025475
-0.130000	0.025475
-0.129000	0.030578
-0.128000	0.030578
-0.127000	0.025475
-0.126000	0.025475
-0.125000	0.030578
-0.124000	0.030578
-0.123000	0.025475
-0.122000	0.030578
-0.121000	0.030578
-0.120000	0.025475
-0.119000	0.030578
-0.118000	0.025475
-0.117000	0.025475
-0.116000	0.025475
-0.115000	0.030578
-0.114000	0.020382
-0.113000	0.025475
-0.112000	0.025475
-0.111000	0.035671
-0.110000	0.020382
-0.109000	0.025475
-0.108000	0.020382
-0.107000	0.020382
-0.106000	0.030578
-0.105000	0.025475
-0.104000	0.025475
-0.103000	0.025475
-0.102000	0.025475
-0.101000	0.030578
-0.100000	0.030578
-0.099000	0.020382
-0.098000	0.025475
-0.097000	0.030578
-0.096000	0.025475
-0.095000	0.020382
-0.094000	0.025475
-0.093000	0.025475
-0.092000	0.025475
-0.091000	0.025475
-0.090000	0.025475
-0.089000	0.025475
-0.088000	0.025475
-0.087000	0.025475
-0.086000	0.025475
-0.085000	0.020382
-0.084000	0.030578
-0.083000	0.030578
-0.082000	0.030578
-0.081000	0.025475
-0.080000	0.030578
-0.079000	0.025475
-0.078000	0.030578
-0.077000	0.030578
-0.076000	0.025475
-0.075000	0.025475
-0.074000	0.025475
-0.073000	0.025475
-0.072000	0.030578
-0.071000	0.025475
-0.070000	0.030578
-0.069000	0.030578
-0.068000	0.030578
-0.067000	0.030578
-0.066000	0.030578
-0.065000	0.025475
-0.064000	0.025475
-0.063000	0.025475
-0.062000	0.030578
-0.061000	0.025475
-0.060000	0.020382
-0.059000	0.020382
-0.058000	0.020382
-0.057000	0.030578
-0.056000	0.030578
-0.055000	0.025475
-0.054000	0.025475
-0.053000	0.020382
-0.052000	0.025475
-0.051000	0.035671
-0.050000	0.020382
-0.049000	0.030578
-0.048000	0.025475
-0.047000	0.030578
-0.046000	0.030578
-0.045000	0.020382
-0.044000	0.030578
-0.043000	0.030578
-0.042000	0.030578
-0.041000	0.025475
-0.040000	0.025475
-0.039000	0.025475
-0.038000	0.020382
-0.037000	0.030578
-0.036000	0.025475
-0.035000	0.025475
-0.034000	0.025475
-0.033000	0.030578
-0.032000	0.030578
-0.031000	0.030578
-0.030000	0.030578
-0.029000	0.030578
-0.028000	0.030578
-0.027000	0.025475
-0.026000	0.030578
-0.025000	0.020382
-0.024000	0.030578
-0.023000	0.025475
-0.022000	0.015289
-0.021000	0.015289
-0.020000	0.010196
-0.019000	0.010196
-0.018000	0.015289
-0.017000	0.010196
-0.016000	0.030578
-0.015000	0.015289
-0.014000	0.020382
-0.013000	0.035671
-0.012000	0.020382
-0.011000	0.015289
-0.010000	0.025475
-0.009000	0.030578
-0.008000	0.030578
-0.007000	0.015289
-0.006000	0.020382
-0.005000	0.030578
-0.004000	0.035671
-0.003000	-0.005093
-0.002000	-0.010196
-0.001000	0.020382
0.000000	0.050960
0.001000	0.005093
0.002000	-0.020382
0.003000	0.025475
0.004000	0.056053
0.005000	0.015289
0.006000	-0.025475
0.007000	-0.005093
0.008000	0.030578
0.009000	0.056053
0.010000	0.030578
0.011000	-0.015289
0.012000	0.020382
0.013000	0.096817
0.014000	0.112106
0.015000	0.045867
0.016000	0.030578
0.017000	0.066249
0.018000	0.101920
0.019000	0.107013
0.020000	0.107013
0.021000	0.091724
0.022000	0.091724
0.023000	0.107013
0.024000	0.127395
0.025000	0.096817
0.026000	0.061146
0.027000	0.071342
0.028000	0.122302
0.029000	0.193644
0.030000	0.249697
0.031000	0.254789
0.032000	0.249697
0.033000	0.224211
0.034000	0.270078
0.035000	0.321038
0.036000	0.356709
0.037000	0.290460
0.038000	0.173262
0.039000	0.101920
0.040000	0.045867
0.041000	0.030578
0.042000	0.000000
0.043000	-0.076435
0.044000	-0.117199
0.045000	-0.056053
0.046000	0.076435
0.047000	0.137591
0.048000	0.066249
0.049000	0.071342
0.050000	0.229315
0.051000	0.417855
0.052000	0.468815
0.053000	0.387277
0.054000	0.336327
0.055000	0.422948
0.056000	0.535064
0.057000	0.504486
0.058000	0.361802
0.059000	0.030578
0.060000	0.061146
0.061000	0.310842
0.062000	0.351606
0.063000	0.152869
0.064000	0.086631
0.065000	0.249697
0.066000	0.321038
0.067000	0.219118
0.068000	0.173262
0.069000	0.326131
0.070000	0.529961
0.071000	0.428051
0.072000	0.163066
0.073000	-0.010196
0.074000	0.203829
0.075000	0.336327
0.076000	0.270078
0.077000	0.091724
0.078000	0.132488
0.079000	0.275171
0.080000	0.387277
0.081000	0.305749
0.082000	0.224211
0.083000	0.275171
0.084000	0.417855
0.085000	0.438237
0.086000	0.321038
0.087000	0.173262
0.088000	0.173262
0.089000	0.244604
0.090000	0.244604
0.091000	0.071342
0.092000	0.005093
0.093000	0.101920
0.094000	0.264986
0.095000	0.366895
0.096000	0.315935
0.097000	0.208933
0.098000	0.259882
0.099000	0.468815
0.100000	0.545250
0.101000	0.392380
0.102000	0.280264
0.103000	0.326131
0.104000	0.422948
0.105000	0.371998
0.106000	0.208933
0.107000	0.173262
0.108000	0.310842
0.109000	0.407669
0.110000	0.310842
0.111000	0.147777
0.112000	0.071342
0.113000	0.163066
0.114000	0.208933
0.115000	0.112106
0.116000	-0.010196
0.117000	-0.010196
0.118000	0.107013
0.119000	0.142684
0.120000	0.035671
0.121000	0.005093
0.122000	0.142684
0.123000	0.300656
0.124000	0.300656
0.125000	0.219118
0.126000	0.229315
0.127000	0.402566
0.128000	0.504486
0.129000	0.468815
0.130000	0.422948
0.131000	0.529961
0.132000	0.647170
0.133000	0.580921
0.134000	0.433144
0.135000	0.402566
0.136000	0.504486
0.137000	0.560539
0.138000	0.443330
0.139000	0.280264
0.140000	0.244604
0.141000	0.341420
0.142000	0.346513
0.143000	0.188540
0.144000	0.076435
0.145000	0.147777
0.146000	0.290460
0.147000	0.295553
0.148000	0.152869
0.149000	0.091724
0.150000	0.224211
0.151000	0.377091
0.152000	0.371998
0.153000	0.275171
0.154000	0.244604
0.155000	0.371998
0.156000	0.504486
0.157000	0.545250
0.158000	0.596210
0.159000	0.586014
0.160000	0.540157
0.161000	0.463722
0.162000	0.529961
0.163000	0.611499
0.164000	0.458619
0.165000	0.326131
0.166000	0.305749
0.167000	0.438237
0.168000	0.448433
0.169000	0.264986
0.170000	0.107013
0.171000	0.234407
0.172000	0.458619
0.173000	0.479001
0.174000	0.239500
0.175000	0.127395
0.176000	0.264986
0.177000	0.509579
0.178000	0.468815
0.179000	0.219118
0.180000	0.122302
0.181000	0.264986
0.182000	0.458619
0.183000	0.377091
0.184000	0.025475
0.185000	-0.086631
0.186000	0.168158
0.187000	0.387277
0.188000	0.264986
0.189000	-0.071342
0.190000	-0.066249
0.191000	0.229315
0.192000	0.321038
0.193000	0.117199
0.194000	-0.112106
0.195000	0.101920
0.196000	0.468815
0.197000	0.489197
0.198000	0.203829
0.199000	0.045867
0.200000	0.198737
0.201000	0.249697
0.202000	-0.035671
0.203000	-0.321038
0.204000	-0.402566
0.205000	-0.270078
0.206000	-0.193644
0.207000	-0.377091
0.208000	-0.499393
0.209000	-0.259882
0.210000	0.086631
0.211000	0.132488
0.212000	-0.081538
0.213000	-0.122302
0.214000	0.198737
0.215000	0.397473
0.216000	0.295553
0.217000	0.127395
0.218000	0.254789
0.219000	0.616592
0.220000	0.779657
0.221000	0.494290
0.222000	0.188540
0.223000	0.275171
0.224000	0.514672
0.225000	0.341420
0.226000	-0.096817
0.227000	-0.550343
0.228000	-0.907052
0.229000	-0.958012
0.230000	-1.151660
0.231000	-1.350390
0.232000	-1.360580
0.233000	-1.284140
0.234000	-1.258660
0.235000	-1.370770
0.236000	-1.452300
0.237000	-1.421720
0.238000	-1.447210
0.239000	-1.493070
0.240000	-1.523640
0.241000	-1.554220
0.242000	-1.538930
0.243000	-1.518550
0.244000	-1.513460
0.245000	-1.380960
0.246000	-1.401340
0.247000	-1.600080
0.248000	-1.717290
0.249000	-1.605180
0.250000	-1.503260
0.251000	-1.462500
0.252000	-1.538930
0.253000	-1.696910
0.254000	-1.493070
0.255000	-1.075210
0.256000	-0.958012
0.257000	-1.075210
0.258000	-1.126170
0.259000	-1.044640
0.260000	-1.110880
0.261000	-1.100700
0.262000	-0.845906
0.263000	-0.754182
0.264000	-1.080310
0.265000	-1.054830
0.266000	-0.535064
0.267000	-0.244604
0.268000	-0.270078
0.269000	-0.270078
0.270000	-0.056053
0.271000	-0.127395
0.272000	-0.310842
0.273000	-0.173262
0.274000	0.346513
0.275000	0.876474
0.276000	1.126170
0.277000	0.723604
0.278000	0.157973
0.279000	0.438237
0.280000	1.258660
0.281000	1.365670
0.282000	0.738893
0.283000	0.708315
0.284000	1.482880
0.285000	1.635750
0.286000	0.377091
0.287000	-0.193644
0.288000	0.733801
0.289000	1.793720
0.290000	1.579700
0.291000	0.315935
0.292000	0.132488
0.293000	1.110880
0.294000	1.656130
0.295000	1.100700
0.296000	0.504486
0.297000	1.085410
0.298000	1.671420
0.299000	1.182220
0.300000	0.168158
0.301000	0.203829
0.302000	1.141460
0.303000	1.661230
0.304000	1.421720
0.305000	1.319810
0.306000	1.875260
0.307000	2.588670
0.308000	2.777210
0.309000	2.471460
0.310000	2.884220
0.311000	2.053600
0.312000	0.698130
0.313000	1.141460
0.314000	1.966980
0.315000	2.007750
0.316000	0.682841
0.317000	-0.188540
0.318000	0.830617
0.319000	1.972080
0.320000	2.374640
0.321000	1.518550
0.322000	0.779657
0.323000	1.039540
0.324000	1.615370
0.325000	1.482880
0.326000	1.314720
0.327000	0.810235
0.328000	1.197510
0.329000	1.482880
0.330000	0.947816
0.331000	0.494290
0.332000	0.479001
0.333000	1.105790
0.334000	1.768250
0.335000	1.457390
0.336000	0.820421
0.337000	0.407669
0.338000	0.677737
0.339000	1.054830
0.340000	0.963105
0.341000	1.044640
0.342000	1.059930
0.343000	0.866288
0.344000	0.479001
0.345000	0.219118
0.346000	0.713408
0.347000	1.019160
0.348000	0.749079
0.349000	0.377091
0.350000	0.178355
0.351000	0.529961
0.352000	0.927434
0.353000	0.519775
0.354000	-0.214026
0.355000	-0.371998
0.356000	0.229315
0.357000	0.682841
0.358000	0.224211
0.359000	-0.300656
0.360000	-0.346513
0.361000	0.050960
0.362000	0.305749
0.363000	-0.020382
0.364000	-0.259882
0.365000	-0.015289
0.366000	0.152869
0.367000	-0.035671
0.368000	-0.417855
0.369000	-0.382184
0.370000	0.035671
0.371000	0.203829
0.372000	-0.127395
0.373000	-0.331224
0.374000	-0.152869
0.375000	0.020382
0.376000	0.005093
0.377000	-0.071342
0.378000	0.005093
0.379000	0.025475
0.380000	-0.152869
0.381000	-0.326131
0.382000	-0.234407
0.383000	0.000000
0.384000	-0.091724
0.385000	-0.290460
0.386000	-0.392380
0.387000	-0.300656
0.388000	-0.127395
0.389000	-0.178355
0.390000	-0.361802
0.391000	-0.382184
0.392000	-0.300656
0.393000	-0.193644
0.394000	-0.137591
0.395000	-0.198737
0.396000	-0.249697
0.397000	-0.239500
0.398000	-0.285367
0.399000	-0.270078
0.400000	-0.188540
0.401000	-0.137591
0.402000	-0.178355
0.403000	-0.264986
0.404000	-0.275171
0.405000	-0.198737
0.406000	-0.101920
0.407000	-0.101920
0.408000	-0.219118
0.409000	-0.305749
0.410000	-0.300656
0.411000	-0.193644
0.412000	-0.030578
0.413000	-0.040764
0.414000	-0.132488
0.415000	-0.157973
0.416000	-0.122302
0.417000	-0.030578
0.418000	0.040764
0.419000	-0.030578
0.420000	0.010196
0.421000	0.107013
0.422000	0.020382
0.423000	-0.050960
0.424000	0.025475
0.425000	0.168158
0.426000	0.285367
0.427000	0.137591
0.428000	-0.010196
0.429000	0.061146
0.430000	0.198737
0.431000	0.321038
0.432000	0.264986
0.433000	0.071342
0.434000	0.086631
0.435000	0.249697
0.436000	0.300656
0.437000	0.259882
0.438000	0.183448
0.439000	0.152869
0.440000	0.188540
0.441000	0.275171
0.442000	0.295553
0.443000	0.178355
0.444000	0.142684
0.445000	0.234407
0.446000	0.275171
0.447000	0.259882
0.448000	0.254789
0.449000	0.224211
0.450000	0.264986
0.451000	0.310842
0.452000	0.290460
0.453000	0.234407
0.454000	0.244604
0.455000	0.326131
0.456000	0.351606
0.457000	0.300656
0.458000	0.234407
0.459000	0.224211
0.460000	0.270078
0.461000	0.326131
0.462000	0.366895
0.463000	0.275171
0.464000	0.142684
0.465000	0.112106
0.466000	0.208933
0.467000	0.417855
0.468000	0.356709
0.469000	0.035671
0.470000	-0.142684
0.471000	0.152869
0.472000	0.290460
0.473000	-0.015289
0.474000	-0.112106
0.475000	-0.076435
0.476000	-0.010196
0.477000	0.081538
0.478000	0.081538
0.479000	0.071342
0.480000	0.086631
0.481000	0.137591
0.482000	0.061146
0.483000	-0.015289
0.484000	0.050960
0.485000	0.346513
0.486000	0.489197
0.487000	0.163066
0.488000	-0.275171
0.489000	-0.112106
0.490000	0.448433
0.491000	0.458619
0.492000	0.040764
0.493000	-0.076435
0.494000	0.168158
0.495000	0.514672
0.496000	0.535064
0.497000	0.331224
0.498000	0.091724
0.499000	0.208933
0.500000	0.672644
0.501000	0.738893
0.502000	0.254789
0.503000	0.112106
0.504000	0.504486
0.505000	0.784750
0.506000	0.489197
0.507000	0.188540
0.508000	0.371998
0.509000	0.825524
0.510000	0.998776
0.511000	0.631881
0.512000	0.295553
0.513000	0.448433
0.514000	0.850999
0.515000	1.059930
0.516000	0.825524
0.517000	0.473908
0.518000	0.519775
0.519000	0.769461
0.520000	0.871381
0.521000	0.754182
0.522000	0.468815
0.523000	0.326131
0.524000	0.591117
0.525000	0.718511
0.526000	0.591117
0.527000	0.504486
0.528000	0.479001
0.529000	0.611499
0.530000	0.560539
0.531000	0.397473
0.532000	0.443330
0.533000	0.611499
0.534000	0.591117
0.535000	0.356709
0.536000	0.270078
0.537000	0.448433
0.538000	0.489197
0.539000	0.295553
0.540000	0.336327
0.541000	0.417855
0.542000	0.433144
0.543000	0.193644
0.544000	0.091724
0.545000	0.280264
0.546000	0.371998
0.547000	0.290460
0.548000	0.066249
0.549000	-0.010196
0.550000	0.112106
0.551000	0.132488
0.552000	0.025475
0.553000	-0.066249
0.554000	-0.020382
0.555000	-0.045867
0.556000	-0.152869
0.557000	-0.163066
0.558000	-0.152869
0.559000	-0.081538
0.560000	-0.091724
0.561000	-0.310842
0.562000	-0.341420
0.563000	-0.193644
0.564000	-0.137591
0.565000	-0.229315
0.566000	-0.402566
0.567000	-0.428051
0.568000	-0.249697
0.569000	-0.285367
0.570000	-0.438237
0.571000	-0.463722
0.572000	-0.412762
0.573000	-0.366895
0.574000	-0.387277
0.575000	-0.438237
0.576000	-0.479001
0.577000	-0.422948
0.578000	-0.366895
0.579000	-0.392380
0.580000	-0.397473
0.581000	-0.417855
0.582000	-0.392380
0.583000	-0.366895
0.584000	-0.448433
0.585000	-0.484104
0.586000	-0.428051
0.587000	-0.443330
0.588000	-0.443330
0.589000	-0.443330
0.590000	-0.494290
0.591000	-0.428051
0.592000	-0.453526
0.593000	-0.540157
0.594000	-0.428051
0.595000	-0.412762
0.596000	-0.601303
0.597000	-0.524868
0.598000	-0.463722
0.599000	-0.621684
0.600000	-0.667552
0.601000	-0.560539
0.602000	-0.504486
0.603000	-0.570735
0.604000	-0.693026
0.605000	-0.713408
0.606000	-0.545250
0.607000	-0.484104
0.608000	-0.586014
0.609000	-0.596210
0.610000	-0.519775
0.611000	-0.565632
0.612000	-0.631881
0.613000	-0.545250
0.614000	-0.479001
0.615000	-0.453526
0.616000	-0.499393
0.617000	-0.499393
0.618000	-0.377091
0.619000	-0.275171
0.620000	-0.305749
0.621000	-0.433144
0.622000	-0.422948
0.623000	-0.295553
0.624000	-0.229315
0.625000	-0.346513
0.626000	-0.535064
0.627000	-0.433144
0.628000	-0.270078
0.629000	-0.346513
0.630000	-0.448433
0.631000	-0.479001
0.632000	-0.422948
0.633000	-0.305749
0.634000	-0.382184
0.635000	-0.621684
0.636000	-0.682841
0.637000	-0.580921
0.638000	-0.392380
0.639000	-0.371998
0.640000	-0.698130
0.641000	-0.896866
0.642000	-0.718511
0.643000	-0.412762
0.644000	-0.392380
0.645000	-0.703222
0.646000	-0.815328
0.647000	-0.631881
0.648000	-0.428051
0.649000	-0.433144
0.650000	-0.647170
0.651000	-0.723604
0.652000	-0.570735
0.653000	-0.407669
0.654000	-0.417855
0.655000	-0.545250
0.656000	-0.596210
0.657000	-0.407669
0.658000	-0.280264
0.659000	-0.412762
0.660000	-0.555446
0.661000	-0.504486
0.662000	-0.326131
0.663000	-0.275171
0.664000	-0.412762
0.665000	-0.494290
0.666000	-0.417855
0.667000	-0.300656
0.668000	-0.346513
0.669000	-0.489197
0.670000	-0.489197
0.671000	-0.387277
0.672000	-0.326131
0.673000	-0.356709
0.674000	-0.479001
0.675000	-0.529961
0.676000	-0.377091
0.677000	-0.351606
0.678000	-0.438237
0.679000	-0.494290
0.680000	-0.468815
0.681000	-0.351606
0.682000	-0.331224
0.683000	-0.453526
0.684000	-0.504486
0.685000	-0.433144
0.686000	-0.147777
0.687000	4.504690
0.688000	6.945570
0.689000	1.340200
0.690000	-5.804110
0.691000	-3.995110
0.692000	5.895840
0.693000	6.379940
0.694000	-2.221770
0.695000	-6.634730
0.696000	-1.411540
0.697000	4.198940
0.698000	3.113540
0.699000	0.545250
0.700000	0.086631
0.701000	0.183448
0.702000	-0.163066
0.703000	-0.422948
0.704000	0.484104
0.705000	1.416630
0.706000	0.540157
0.707000	-1.177130
0.708000	-0.866288
0.709000	1.100700
0.710000	2.109660
0.711000	0.642066
0.712000	-1.187330
0.713000	-0.907052
0.714000	0.708315
0.715000	1.172040
0.716000	-0.091724
0.717000	-1.121080
0.718000	-0.591117
0.719000	0.484104
0.720000	0.682841
0.721000	-0.214026
0.722000	-1.014060
0.723000	-0.713408
0.724000	0.142684
0.725000	0.280264
0.726000	-0.591117
0.727000	-1.523640
0.728000	-1.279050
0.729000	-0.270078
0.730000	0.234407
0.731000	-0.458619
0.732000	-1.538930
0.733000	-1.442120
0.734000	-0.321038
0.735000	0.061146
0.736000	-0.993683
0.737000	-2.109660
0.738000	-1.686710
0.739000	-0.397473
0.740000	-0.234407
0.741000	-1.375870
0.742000	-2.109660
0.743000	-1.406440
0.744000	-0.280264
0.745000	-0.280264
0.746000	-1.401340
0.747000	-2.023040
0.748000	-1.299430
0.749000	-0.275171
0.750000	-0.422948
0.751000	-1.513460
0.752000	-1.926210
0.753000	-1.044640
0.754000	-0.147777
0.755000	-0.473908
0.756000	-1.477790
0.757000	-1.630660
0.758000	-0.677737
0.759000	0.234407
0.760000	0.000000
0.761000	-1.008970
0.762000	-1.467590
0.763000	-0.723604
0.764000	0.315935
0.765000	0.050960
0.766000	-1.182220
0.767000	-1.651040
0.768000	-0.647170
0.769000	0.361802
0.770000	-0.107013
0.771000	-1.324910
0.772000	-1.396250
0.773000	-0.208933
0.774000	0.305749
0.775000	-0.616592
0.776000	-1.630660
0.777000	-1.238280
0.778000	-0.137591
0.779000	0.045867
0.780000	-0.805132
0.781000	-1.386060
0.782000	-0.835710
0.783000	-0.086631
0.784000	-0.107013
0.785000	-0.871381
0.786000	-1.197510
0.787000	-0.764368
0.788000	-0.346513
0.789000	-0.443330
0.790000	-0.891763
0.791000	-1.003870
0.792000	-0.698130
0.793000	-0.529961
0.794000	-0.718511
0.795000	-0.963105
0.796000	-0.886670
0.797000	-0.642066
0.798000	-0.555446
0.799000	-0.774564
0.800000	-0.937630
0.801000	-0.830617
0.802000	-0.591117
0.803000	-0.560539
0.804000	-0.784750
0.805000	-0.901959
0.806000	-0.723604
0.807000	-0.524868
0.808000	-0.580921
0.809000	-0.774564
0.810000	-0.825524
0.811000	-0.631881
0.812000	-0.504486
0.813000	-0.580921
0.814000	-0.754182
0.815000	-0.754182
0.816000	-0.611499
0.817000	-0.519775
0.818000	-0.626788
0.819000	-0.800039
0.820000	-0.754182
0.821000	-0.560539
0.822000	-0.499393
0.823000	-0.631881
0.824000	-0.749079
0.825000	-0.652262
0.826000	-0.484104
0.827000	-0.448433
0.828000	-0.596210
0.829000	-0.636973
0.830000	-0.484104
0.831000	-0.397473
0.832000	-0.504486
0.833000	-0.647170
0.834000	-0.626788
0.835000	-0.468815
0.836000	-0.315935
0.837000	-0.412762
0.838000	-0.560539
0.839000	-0.519775
0.840000	-0.264986
0.841000	-0.112106
0.842000	-0.254789
0.843000	-0.402566
0.844000	-0.315935
0.845000	-0.137591
0.846000	-0.163066
0.847000	-0.112106
0.848000	0.035671
0.849000	-0.005093
0.850000	-0.178355
0.851000	-0.188540
0.852000	-0.010196
0.853000	0.147777
0.854000	0.071342
0.855000	-0.030578
0.856000	0.000000
0.857000	0.066249
0.858000	0.168158
0.859000	0.132488
0.860000	0.015289
0.861000	-0.015289
0.862000	0.071342
0.863000	0.219118
0.864000	0.132488
0.865000	-0.066249
0.866000	-0.045867
0.867000	0.157973
0.868000	0.270078
0.869000	0.112106
0.870000	-0.132488
0.871000	-0.112106
0.872000	0.101920
0.873000	0.178355
0.874000	0.030578
0.875000	-0.137591
0.876000	-0.056053
0.877000	0.137591
0.878000	0.157973
0.879000	-0.005093
0.880000	-0.132488
0.881000	-0.015289
0.882000	0.163066
0.883000	0.132488
0.884000	-0.015289
0.885000	-0.076435
0.886000	0.050960
0.887000	0.188540
0.888000	0.101920
0.889000	-0.045867
0.890000	-0.005093
0.891000	0.132488
0.892000	0.112106
0.893000	-0.219118
0.894000	-0.061146
0.895000	0.214026
0.896000	0.122302
0.897000	-0.264986
0.898000	0.015289
0.899000	0.259882
0.900000	0.107013
0.901000	-0.157973
0.902000	0.101920
0.903000	0.178355
0.904000	-0.270078
0.905000	-0.560539
0.906000	-0.219118
0.907000	0.968198
0.908000	0.856092
0.909000	-0.728697
0.910000	-0.575828
0.911000	0.718511
0.912000	0.769461
0.913000	-0.264986
0.914000	-0.840803
0.915000	-0.193644
0.916000	0.626788
0.917000	0.708315
0.918000	-0.030578
0.919000	-0.998776
0.920000	-0.371998
0.921000	0.866288
0.922000	0.876474
0.923000	-0.203829
0.924000	-0.850999
0.925000	-0.361802
0.926000	0.667552
0.927000	0.998776
0.928000	0.045867
0.929000	-1.192420
0.930000	-0.438237
0.931000	0.606395
0.932000	0.723604
0.933000	0.010196
0.934000	-0.504486
0.935000	-0.219118
0.936000	0.203829
0.937000	0.254789
0.938000	0.091724
0.939000	-0.142684
0.940000	-0.005093
0.941000	0.468815
0.942000	0.397473
0.943000	-0.285367
0.944000	-0.371998
0.945000	-0.035671
0.946000	0.254789
0.947000	0.020382
0.948000	-0.137591
0.949000	-0.096817
0.950000	-0.214026
0.951000	-0.178355
0.952000	0.168158
0.953000	0.249697
0.954000	0.203829
0.955000	-0.091724
0.956000	-0.071342
0.957000	0.127395
0.958000	0.305749
0.959000	0.168158
0.960000	-0.188540
0.961000	-0.122302
0.962000	0.061146
0.963000	0.188540
0.964000	0.071342
0.965000	-0.270078
0.966000	0.005093
0.967000	0.305749
0.968000	0.280264
0.969000	-0.132488
0.970000	-0.535064
0.971000	-0.132488
0.972000	0.677737
0.973000	0.861195
0.974000	-0.392380
0.975000	-0.886670
0.976000	0.351606
0.977000	1.039540
0.978000	0.137591
0.979000	-0.983487
0.980000	-0.825524
0.981000	0.285367
0.982000	1.228090
0.983000	0.499393
0.984000	-0.835710
0.985000	-0.871381
0.986000	0.259882
0.987000	0.519775
0.988000	0.326131
0.989000	0.040764
0.990000	-0.652262
0.991000	-0.096817
0.992000	0.504486
0.993000	0.020382
0.994000	-0.336327
0.995000	-0.091724
0.996000	0.219118
0.997000	0.407669
0.998000	0.193644
0.999000	-0.081538
1.000000	-0.163066
1.001000	0.178355
1.002000	0.392380
1.003000	0.081538
1.004000	-0.239500
1.005000	-0.147777
1.006000	0.366895
1.007000	0.529961
1.008000	-0.259882
1.009000	-0.703222
1.010000	-0.280264
1.011000	0.397473
1.012000	0.422948
1.013000	-0.346513
1.014000	-0.601303
1.015000	-0.091724
1.016000	0.433144
1.017000	0.208933
1.018000	-0.193644
1.019000	-0.219118
1.020000	0.071342
1.021000	0.300656
1.022000	0.203829
1.023000	-0.193644
1.024000	-0.336327
1.025000	0.025475
1.026000	0.295553
1.027000	0.107013
1.028000	-0.127395
1.029000	-0.050960
1.030000	0.264986
1.031000	0.422948
1.032000	0.147777
1.033000	-0.152869
1.034000	0.112106
1.035000	0.351606
1.036000	0.234407
1.037000	-0.005093
1.038000	-0.305749
1.039000	-0.208933
1.040000	0.066249
1.041000	0.127395
1.042000	0.112106
1.043000	-0.122302
1.044000	-0.264986
1.045000	-0.025475
1.046000	0.285367
1.047000	0.341420
1.048000	-0.061146
1.049000	-0.315935
1.050000	0.005093
1.051000	0.346513
1.052000	0.168158
1.053000	-0.219118
1.054000	-0.331224
1.055000	0.066249
1.056000	0.346513
1.057000	0.173262
1.058000	-0.132488
1.059000	-0.214026
1.060000	0.132488
1.061000	0.453526
1.062000	0.229315
1.063000	-0.275171
1.064000	-0.300656
1.065000	0.259882
1.066000	0.351606
1.067000	-0.112106
1.068000	-0.428051
1.069000	-0.142684
1.070000	0.377091
1.071000	0.428051
1.072000	-0.081538
1.073000	-0.326131
1.074000	-0.035671
1.075000	0.382184
1.076000	0.336327
1.077000	-0.127395
1.078000	-0.244604
1.079000	0.142684
1.080000	0.234407
1.081000	0.010196
1.082000	-0.214026
1.083000	-0.234407
1.084000	0.107013
1.085000	0.219118
1.086000	-0.112106
1.087000	-0.331224
1.088000	-0.137591
1.089000	0.214026
1.090000	0.305749
1.091000	-0.030578
1.092000	-0.280264
1.093000	-0.015289
1.094000	0.371998
1.095000	0.366895
1.096000	1.482880
1.097000	1.747850
1.098000	0.677737
1.099000	-0.285367
1.100000	0.356709
1.101000	1.635750
1.102000	0.805132
1.103000	-0.764368
1.104000	-0.443330
1.105000	1.029350
1.106000	1.080310
1.107000	-0.341420
1.108000	-1.217890
1.109000	-0.224211
1.110000	0.835710
1.111000	0.524868
1.112000	-0.524868
1.113000	-0.784750
1.114000	0.147777
1.115000	0.769461
1.116000	0.020382
1.117000	-0.784750
1.118000	-0.407669
1.119000	0.331224
1.120000	0.295553
1.121000	-0.295553
1.122000	-0.535064
1.123000	-0.015289
1.124000	0.519775
1.125000	0.412762
1.126000	-0.137591
1.127000	-0.443330
1.128000	-0.030578
1.129000	0.667552
1.130000	0.743986
1.131000	0.137591
1.132000	-0.377091
1.133000	-0.020382
1.134000	0.723604
1.135000	0.545250
1.136000	-0.239500
1.137000	-0.366895
1.138000	0.275171
1.139000	0.693026
1.140000	0.183448
1.141000	-0.463722
1.142000	-0.377091
1.143000	0.285367
1.144000	0.489197
1.145000	0.000000
1.146000	-0.453526
1.147000	-0.208933
1.148000	0.443330
1.149000	0.392380
1.150000	-0.157973
1.151000	-0.336327
1.152000	0.035671
1.153000	0.407669
1.154000	0.183448
1.155000	-0.422948
1.156000	-0.326131
1.157000	0.377091
1.158000	0.458619
1.159000	-0.086631
1.160000	-0.529961
1.161000	-0.096817
1.162000	0.428051
1.163000	0.244604
1.164000	-0.275171
1.165000	-0.402566
1.166000	0.137591
1.167000	0.611499
1.168000	0.315935
1.169000	-0.270078
1.170000	-0.387277
1.171000	0.163066
1.172000	0.550343
1.173000	0.224211
1.174000	-0.254789
1.175000	-0.183448
1.176000	0.254789
1.177000	0.377091
1.178000	-0.010196
1.179000	-0.300656
1.180000	-0.061146
1.181000	0.326131
1.182000	0.239500
1.183000	-0.173262
1.184000	-0.346513
1.185000	0.025475
1.186000	0.377091
1.187000	0.122302
1.188000	-0.300656
1.189000	-0.336327
1.190000	0.061146
1.191000	0.285367
1.192000	0.005093
1.193000	-0.331224
1.194000	-0.239500
1.195000	0.112106
1.196000	0.244604
1.197000	0.040764
1.198000	-0.152869
1.199000	0.020382
1.200000	0.254789
1.201000	0.214026
1.202000	-0.030578
1.203000	-0.152869
1.204000	0.030578
1.205000	0.219118
1.206000	0.142684
1.207000	-0.076435
1.208000	-0.147777
1.209000	0.045867
1.210000	0.244604
1.211000	0.152869
1.212000	-0.050960
1.213000	-0.122302
1.214000	0.035671
1.215000	0.224211
1.216000	0.127395
1.217000	-0.101920
1.218000	-0.091724
1.219000	0.056053
1.220000	-0.010196
1.221000	-0.163066
1.222000	-0.163066
1.223000	-0.422948
1.224000	-1.233180
1.225000	-1.467590
1.226000	0.417855
1.227000	2.746640
1.228000	1.472680
1.229000	-1.192420
1.230000	-1.696910
1.231000	0.713408
1.232000	1.574600
1.233000	-0.096817
1.234000	-1.447210
1.235000	-0.662459
1.236000	0.922341
1.237000	1.049740
1.238000	-0.254789
1.239000	-0.952919
1.240000	0.020382
1.241000	0.998776
1.242000	0.422948
1.243000	-0.687933
1.244000	-0.754182
1.245000	0.331224
1.246000	0.876474
1.247000	0.249697
1.248000	-0.652262
1.249000	-0.356709
1.250000	0.591117
1.251000	0.764368
1.252000	-0.122302
1.253000	-0.616592
1.254000	0.025475
1.255000	0.784750
1.256000	0.448433
1.257000	-0.305749
1.258000	-0.473908
1.259000	0.168158
1.260000	0.555446
1.261000	0.285367
1.262000	-0.224211
1.263000	-0.203829
1.264000	0.193644
1.265000	0.433144
1.266000	0.132488
1.267000	-0.264986
1.268000	-0.122302
1.269000	0.433144
1.270000	0.499393
1.271000	-0.066249
1.272000	-0.315935
1.273000	0.173262
1.274000	0.499393
1.275000	0.214026
1.276000	-0.208933
1.277000	-0.025475
1.278000	0.351606
1.279000	0.351606
1.280000	0.020382
1.281000	-0.254789
1.282000	0.025475
1.283000	0.326131
1.284000	0.152869
1.285000	-0.147777
1.286000	-0.229315
1.287000	0.045867
1.288000	0.178355
1.289000	-0.091724
1.290000	-0.305749
1.291000	-0.326131
1.292000	-0.163066
1.293000	0.122302
1.294000	0.142684
1.295000	-0.101920
1.296000	-0.275171
1.297000	-0.107013
1.298000	0.290460
1.299000	0.183448
1.300000	-0.152869
1.301000	-0.254789
1.302000	0.015289
1.303000	0.397473
1.304000	0.132488
1.305000	-0.290460
1.306000	-0.101920
1.307000	0.285367
1.308000	0.275171
1.309000	-0.056053
1.310000	-0.254789
1.311000	0.040764
1.312000	0.315935
1.313000	0.193644
1.314000	-0.101920
1.315000	-0.188540
1.316000	0.117199
1.317000	0.295553
1.318000	-0.229315
1.319000	-1.380960
1.320000	-1.819200
1.321000	-0.025475
1.322000	2.012840
1.323000	0.932527
1.324000	-1.233180
1.325000	-1.396250
1.326000	0.382184
1.327000	1.406440
1.328000	0.107013
1.329000	-1.110880
1.330000	-0.382184
1.331000	0.794946
1.332000	0.596210
1.333000	-0.377091
1.334000	-0.713408
1.335000	0.035671
1.336000	0.713408
1.337000	0.346513
1.338000	-0.514672
1.339000	-0.586014
1.340000	0.300656
1.341000	0.815328
1.342000	0.290460
1.343000	-0.529961
1.344000	-0.484104
1.345000	0.356709
1.346000	0.682841
1.347000	0.086631
1.348000	-0.535064
1.349000	-0.285367
1.350000	0.428051
1.351000	0.535064
1.352000	-0.081538
1.353000	-0.565632
1.354000	-0.188540
1.355000	0.489197
1.356000	0.366895
1.357000	-0.341420
1.358000	-0.540157
1.359000	0.045867
1.360000	0.540157
1.361000	0.234407
1.362000	-0.366895
1.363000	-0.356709
1.364000	0.198737
1.365000	0.514672
1.366000	0.107013
1.367000	-0.433144
1.368000	-0.275171
1.369000	0.300656
1.370000	0.468815
1.371000	0.015289
1.372000	-0.412762
1.373000	-0.132488
1.374000	0.382184
1.375000	0.326131
1.376000	-0.117199
1.377000	-0.290460
1.378000	0.035671
1.379000	0.382184
1.380000	-1.304520
1.381000	-2.685480
1.382000	-1.161840
1.383000	0.275171
1.384000	0.224211
1.385000	-0.743986
1.386000	-0.565632
1.387000	0.448433
1.388000	0.764368
1.389000	-0.015289
1.390000	-0.728697
1.391000	-0.040764
1.392000	1.156750
1.393000	0.998776
1.394000	-0.677737
1.395000	-1.243380
1.396000	0.147777
1.397000	1.335100
1.398000	0.667552
1.399000	-0.866288
1.400000	-1.080310
1.401000	0.331224
1.402000	1.212800
1.403000	0.321038
1.404000	-0.973301
1.405000	-0.738893
1.406000	0.575828
1.407000	0.998776
1.408000	-0.030578
1.409000	-0.886670
1.410000	-0.346513
1.411000	0.693026
1.412000	0.708315
1.413000	-0.300656
1.414000	-0.835710
1.415000	-0.076435
1.416000	0.850999
1.417000	0.545250
1.418000	-0.479001
1.419000	-0.693026
1.420000	0.173262
1.421000	0.840803
1.422000	0.371998
1.423000	-0.509579
1.424000	-0.529961
1.425000	0.280264
1.426000	0.703222
1.427000	0.107013
1.428000	-0.601303
1.429000	-0.412762
1.430000	0.351606
1.431000	0.596210
1.432000	-0.020382
1.433000	-0.570735
1.434000	-0.219118
1.435000	0.453526
1.436000	0.484104
1.437000	-0.193644
1.438000	-0.565632
1.439000	-0.040764
1.440000	0.611499
1.441000	0.422948
1.442000	-0.310842
1.443000	-0.519775
1.444000	0.122302
1.445000	0.642066
1.446000	0.264986
1.447000	-0.402566
1.448000	-0.407669
1.449000	0.239500
1.450000	0.529961
1.451000	0.020382
1.452000	-0.453526
1.453000	-0.198737
1.454000	0.407669
1.455000	0.453526
1.456000	-0.122302
1.457000	-0.443330
1.458000	-0.045867
1.459000	0.468815
1.460000	0.310842
1.461000	-0.270078
1.462000	-0.402566
1.463000	0.127395
1.464000	0.494290
1.465000	0.152869
1.466000	-0.397473
1.467000	-0.326131
1.468000	0.244604
1.469000	0.438237
1.470000	-0.005093
1.471000	-0.422948
1.472000	-0.219118
1.473000	0.295553
1.474000	0.366895
1.475000	-0.112106
1.476000	-0.407669
1.477000	-0.071342
1.478000	0.397473
1.479000	0.310842
1.480000	-0.203829
1.481000	-0.371998
1.482000	0.050960
1.483000	0.438237
1.484000	0.239500
1.485000	-0.214026
1.486000	-0.239500
1.487000	0.188540
1.488000	0.417855
1.489000	0.086631
1.490000	-0.295553
1.491000	-0.168158
1.492000	0.249697
1.493000	0.361802
1.494000	-0.020382
1.495000	-0.341420
1.496000	-0.091724
1.497000	0.295553
1.498000	0.239500
1.499000	-0.157973
1.500000	-0.290460
1.501000	0.040764
1.502000	0.356709
1.503000	0.178355
1.504000	-0.229315
1.505000	-0.280264
1.506000	0.137591
1.507000	0.417855
1.508000	0.122302
1.509000	-0.254789
1.510000	-0.178355
1.511000	0.244604
1.512000	0.412762
1.513000	0.025475
1.514000	-0.305749
1.515000	-0.076435
1.516000	0.326131
1.517000	0.336327
1.518000	-0.086631
1.519000	-0.315935
1.520000	-0.020382
1.521000	0.310842
1.522000	0.163066
1.523000	-0.219118
1.524000	-0.280264
1.525000	0.101920
1.526000	0.356709
1.527000	0.117199
1.528000	-0.259882
1.529000	-0.219118
1.530000	0.198737
1.531000	0.326131
1.532000	0.005093
1.533000	-0.275171
1.534000	-0.122302
1.535000	0.224211
1.536000	0.280264
1.537000	-0.056053
1.538000	-0.234407
1.539000	0.020382
1.540000	0.305749
1.541000	0.208933
1.542000	-0.132488
1.543000	-0.198737
1.544000	0.066249
1.545000	0.244604
1.546000	0.101920
1.547000	-0.214026
1.548000	-0.183448
1.549000	0.163066
1.550000	0.300656
1.551000	0.066249
1.552000	-0.203829
1.553000	-0.152869
1.554000	0.208933
1.555000	0.315935
1.556000	0.010196
1.557000	-0.229315
1.558000	-0.081538
1.559000	0.244604
1.560000	0.254789
1.561000	-0.045867
1.562000	-0.193644
1.563000	0.000000
1.564000	0.244604
1.565000	0.163066
1.566000	-0.122302
1.567000	-0.147777
1.568000	0.071342
1.569000	0.203829
1.570000	0.056053
1.571000	-0.163066
1.572000	-0.101920
1.573000	0.127395
1.574000	0.183448
1.575000	0.015289
1.576000	-0.137591
1.577000	-0.061146
1.578000	0.137591
1.579000	0.137591
1.580000	-0.015289
1.581000	-0.112106
1.582000	0.000000
1.583000	0.152869
1.584000	0.112106
1.585000	-0.045867
1.586000	-0.091724
1.587000	0.040764
1.588000	0.157973
1.589000	0.081538
1.590000	-0.056053
1.591000	-0.040764
1.592000	0.096817
1.593000	0.132488
1.594000	0.005093
1.595000	-0.117199
1.596000	-0.061146
1.597000	0.086631
1.598000	0.117199
1.599000	0.000000
1.600000	-0.076435
1.601000	0.005093
1.602000	0.112106
1.603000	0.091724
1.604000	-0.030578
1.605000	-0.066249
1.606000	0.056053
1.607000	0.127395
1.608000	0.056053
1.609000	-0.050960
1.610000	-0.025475
1.611000	0.101920
1.612000	0.147777
1.613000	0.030578
1.614000	-0.056053
1.615000	0.035671
1.616000	0.132488
1.617000	0.117199
1.618000	-0.020382
1.619000	-0.066249
1.620000	0.045867
1.621000	0.132488
1.622000	0.056053
1.623000	-0.030578
1.624000	-0.030578
1.625000	0.066249
1.626000	0.091724
1.627000	0.010196
1.628000	-0.061146
1.629000	-0.035671
1.630000	0.086631
1.631000	0.076435
1.632000	-0.020382
1.633000	-0.035671
1.634000	0.025475
1.635000	0.086631
1.636000	0.071342
1.637000	-0.025475
1.638000	-0.066249
1.639000	0.015289
1.640000	0.096817
1.641000	0.050960
1.642000	-0.050960
1.643000	-0.050960
1.644000	0.056053
1.645000	0.122302
1.646000	0.045867
1.647000	-0.056053
1.648000	-0.015289
1.649000	0.086631
1.650000	0.101920
1.651000	0.010196
1.652000	-0.091724
1.653000	-0.040764
1.654000	0.112106
1.655000	0.127395
1.656000	0.005093
1.657000	-0.076435
1.658000	0.010196
1.659000	0.137591
1.660000	0.091724
1.661000	-0.030578
1.662000	-0.056053
1.663000	0.015289
1.664000	0.107013
1.665000	0.071342
1.666000	-0.020382
1.667000	-0.050960
1.668000	0.025475
1.669000	0.132488
1.670000	0.066249
1.671000	-0.035671
1.672000	-0.056053
1.673000	0.071342
1.674000	0.122302
1.675000	0.015289
1.676000	-0.045867
1.677000	0.015289
1.678000	0.081538
1.679000	0.086631
1.680000	0.025475
1.681000	-0.025475
1.682000	0.020382
1.683000	0.096817
1.684000	0.101920
1.685000	0.035671
1.686000	-0.015289
1.687000	0.020382
1.688000	0.071342
1.689000	0.076435
1.690000	0.005093
1.691000	-0.056053
1.692000	0.020382
1.693000	0.086631
1.694000	0.056053
1.695000	-0.010196
1.696000	-0.056053
1.697000	0.015289
1.698000	0.086631
1.699000	0.056053
1.700000	-0.015289
1.701000	-0.015289
1.702000	0.040764
1.703000	0.076435
1.704000	0.056053
1.705000	-0.005093
1.706000	-0.015289
1.707000	0.025475
1.708000	0.071342
1.709000	0.040764
1.710000	-0.010196
1.711000	0.005093
1.712000	0.025475
1.713000	0.050960
1.714000	0.035671
1.715000	0.020382
1.716000	0.040764
1.717000	0.056053
1.718000	0.066249
1.719000	0.056053
1.720000	0.020382
1.721000	0.005093
1.722000	0.025475
1.723000	0.035671
1.724000	0.035671
1.725000	0.025475
1.726000	0.025475
1.727000	0.030578
1.728000	0.050960
1.729000	0.056053
1.730000	0.035671
1.731000	0.020382
1.732000	0.025475
1.733000	0.045867
1.734000	0.025475
1.735000	0.000000
1.736000	0.000000
1.737000	0.025475
1.738000	0.045867
1.739000	0.025475
1.740000	0.030578
1.741000	0.030578
1.742000	0.040764
1.743000	0.045867
1.744000	0.025475
1.745000	-0.005093
1.746000	-0.010196
1.747000	0.025475
1.748000	0.030578
1.749000	0.025475
1.750000	0.025475
1.751000	0.015289
1.752000	0.040764
1.753000	0.061146
1.754000	0.040764
1.755000	0.005093
1.756000	-0.010196
1.757000	0.005093
1.758000	0.015289
1.759000	0.000000
1.760000	0.000000
1.761000	0.005093
1.762000	0.020382
1.763000	0.030578
1.764000	0.025475
1.765000	0.020382
1.766000	0.020382
1.767000	0.030578
1.768000	0.035671
1.769000	0.010196
1.770000	-0.005093
1.771000	0.010196
1.772000	0.040764
1.773000	0.056053
1.774000	0.040764
1.775000	0.035671
1.776000	0.040764
1.777000	0.056053
1.778000	0.071342
1.779000	0.030578
1.780000	0.020382
1.781000	0.020382
1.782000	0.035671
1.783000	0.045867
1.784000	0.025475
1.785000	0.010196
1.786000	0.025475
1.787000	0.050960
1.788000	0.030578
1.789000	0.015289
1.790000	0.025475
1.791000	0.030578
1.792000	0.035671
1.793000	0.020382
1.794000	0.025475
1.795000	0.015289
1.796000	0.030578
1.797000	0.040764
1.798000	0.040764
1.799000	0.015289
1.800000	0.020382
1.801000	0.035671
1.802000	0.050960
1.803000	0.030578
1.804000	0.025475
1.805000	0.035671
1.806000	0.015289
1.807000	0.020382
1.808000	0.025475
1.809000	0.015289
1.810000	0.015289
1.811000	0.015289
1.812000	0.025475
1.813000	0.040764
1.814000	0.025475
1.815000	0.010196
1.816000	0.035671
1.817000	0.056053
1.818000	0.045867
1.819000	0.010196
1.820000	0.000000
1.821000	0.035671
1.822000	0.061146
1.823000	0.050960
1.824000	0.005093
1.825000	0.010196
1.826000	0.076435
1.827000	0.066249
1.828000	0.005093
1.829000	0.005093
1.830000	0.020382
1.831000	0.045867
1.832000	0.035671
1.833000	0.010196
1.834000	0.000000
1.835000	0.030578
1.836000	0.035671
1.837000	0.030578
1.838000	-0.005093
1.839000	0.010196
1.840000	0.035671
1.841000	0.045867
1.842000	0.025475
1.843000	0.010196
1.844000	0.025475
1.845000	0.040764
1.846000	0.050960
1.847000	0.045867
1.848000	0.050960
1.849000	0.030578
1.850000	0.030578
1.851000	0.040764
1.852000	0.045867
1.853000	0.015289
1.854000	0.000000
1.855000	0.020382
1.856000	0.045867
1.857000	0.035671
1.858000	0.010196
1.859000	0.010196
1.860000	0.035671
1.861000	0.040764
1.862000	0.015289
1.863000	-0.005093
1.864000	-0.005093
1.865000	0.030578
1.866000	0.030578
1.867000	0.015289
1.868000	0.015289
1.869000	0.025475
1.870000	0.045867
1.871000	0.045867
1.872000	0.030578
1.873000	0.035671
1.874000	0.025475
1.875000	0.035671
1.876000	0.040764
1.877000	0.020382
1.878000	0.010196
1.879000	0.030578
1.880000	0.045867
1.881000	0.040764
1.882000	0.025475
1.883000	0.020382
1.884000	0.025475
1.885000	0.045867
1.886000	0.040764
1.887000	0.030578
1.888000	0.020382
1.889000	0.035671
1.890000	0.050960
1.891000	0.030578
1.892000	0.020382
1.893000	0.030578
1.894000	0.056053
1.895000	0.101920
1.896000	0.086631
1.897000	0.000000
1.898000	0.020382
1.899000	0.112106
1.900000	0.091724
1.901000	-0.010196
1.902000	-0.040764
1.903000	0.040764
1.904000	0.081538
1.905000	0.045867
1.906000	-0.025475
1.907000	-0.081538
1.908000	-0.045867
1.909000	0.066249
1.910000	0.096817
1.911000	0.020382
1.912000	-0.020382
1.913000	0.030578
1.914000	0.101920
1.915000	0.081538
1.916000	-0.010196
1.917000	-0.045867
1.918000	0.020382
1.919000	0.086631
1.920000	0.056053
1.921000	-0.020382
1.922000	-0.020382
1.923000	0.056053
1.924000	0.081538
1.925000	0.040764
1.926000	-0.035671
1.927000	-0.030578
1.928000	0.035671
1.929000	0.076435
1.930000	0.015289
1.931000	-0.076435
1.932000	-0.035671
1.933000	0.086631
1.934000	0.107013
1.935000	-0.005093
1.936000	-0.050960
1.937000	0.040764
1.938000	0.081538
1.939000	0.045867
1.940000	0.015289
1.941000	-0.010196
1.942000	0.030578
1.943000	0.050960
1.944000	0.035671
1.945000	0.010196
1.946000	0.020382
1.947000	0.040764
1.948000	0.061146
1.949000	0.035671
1.950000	0.010196
1.951000	-0.010196
1.952000	0.005093
1.953000	0.040764
1.954000	0.015289
1.955000	0.005093
1.956000	0.005093
1.957000	-0.005093
1.958000	0.010196
1.959000	0.015289
1.960000	0.020382
1.961000	0.020382
1.962000	0.010196
1.963000	-0.005093
1.964000	-0.005093
1.965000	0.015289
1.966000	0.035671
1.967000	0.020382
1.968000	-0.015289
1.969000	-0.020382
1.970000	0.030578
1.971000	0.056053
1.972000	0.010196
1.973000	-0.020382
1.974000	0.005093
1.975000	0.025475
1.976000	0.030578
1.977000	-0.010196
1.978000	-0.015289
1.979000	0.020382
1.980000	0.040764
1.981000	0.025475
1.982000	-0.005093
1.983000	-0.005093
1.984000	0.050960
1.985000	0.061146
1.986000	0.030578
1.987000	-0.020382
1.988000	-0.010196
1.989000	0.040764
1.990000	0.040764
1.991000	0.020382
1.992000	-0.010196
1.993000	-0.030578
1.994000	-0.020382
1.995000	0.025475
1.996000	0.056053
1.997000	0.015289
1.998000	-0.020382
1.999000	0.035671
2.000000	0.061146
2.001000	0.015289
2.002000	-0.025475
2.003000	-0.005093
2.004000	0.061146
2.005000	0.086631
2.006000	0.025475
2.007000	-0.071342
2.008000	-0.045867
2.009000	0.076435
2.010000	0.112106
2.011000	0.005093
2.012000	-0.081538
2.013000	-0.030578
2.014000	0.056053
2.015000	0.050960
2.016000	0.010196
2.017000	-0.015289
2.018000	0.030578
2.019000	0.071342
2.020000	0.010196
2.021000	-0.081538
2.022000	0.000000
2.023000	0.091724
2.024000	0.061146
2.025000	-0.040764
2.026000	-0.076435
2.027000	-0.010196
2.028000	0.091724
2.029000	0.071342
2.030000	-0.010196
2.031000	-0.050960
2.032000	0.010196
2.033000	0.045867
2.034000	0.040764
2.035000	0.020382
2.036000	-0.010196
2.037000	0.010196
2.038000	0.050960
2.039000	0.040764
2.040000	0.000000
2.041000	0.005093
2.042000	0.066249
2.043000	0.061146
2.044000	-0.005093
2.045000	-0.045867
2.046000	0.010196
2.047000	0.081538
2.048000	0.081538
2.049000	0.015289
2.050000	0.010196
2.051000	0.015289
2.052000	0.040764
2.053000	0.071342
2.054000	0.050960
2.055000	0.010196
2.056000	0.005093
2.057000	0.035671
2.058000	0.061146
2.059000	0.050960
2.060000	0.020382
2.061000	-0.005093
2.062000	-0.030578
2.063000	0.045867
2.064000	0.101920
2.065000	0.061146
2.066000	-0.025475
2.067000	-0.030578
2.068000	0.050960
2.069000	0.096817
2.070000	0.030578
2.071000	-0.040764
2.072000	-0.005093
2.073000	0.066249
2.074000	0.071342
2.075000	0.015289
2.076000	-0.050960
2.077000	0.000000
2.078000	0.091724
2.079000	-0.025475
2.080000	-1.100700
2.081000	-1.182220
2.082000	-0.183448
2.083000	0.173262
2.084000	-0.168158
2.085000	-0.193644
2.086000	0.071342
2.087000	0.275171
2.088000	0.127395
2.089000	-0.091724
2.090000	-0.101920
2.091000	0.117199
2.092000	0.214026
2.093000	0.020382
2.094000	-0.178355
2.095000	-0.112106
2.096000	0.147777
2.097000	0.219118
2.098000	0.010196
2.099000	-0.127395
2.100000	-0.010196
2.101000	0.173262
2.102000	0.132488
2.103000	-0.076435
2.104000	-0.168158
2.105000	0.005093
2.106000	0.188540
2.107000	0.112106
2.108000	-0.071342
2.109000	-0.101920
2.110000	0.076435
2.111000	0.173262
2.112000	0.040764
2.113000	-0.122302
2.114000	-0.061146
2.115000	0.137591
2.116000	0.188540
2.117000	0.010196
2.118000	-0.112106
2.119000	-0.015289
2.120000	0.168158
2.121000	0.147777
2.122000	-0.035671
2.123000	-0.107013
2.124000	0.020382
2.125000	0.152869
2.126000	0.101920
2.127000	-0.040764
2.128000	-0.076435
2.129000	0.061146
2.130000	0.137591
2.131000	0.025475
2.132000	-0.101920
2.133000	-0.066249
2.134000	0.086631
2.135000	0.122302
2.136000	-0.005093
2.137000	-0.091724
2.138000	-0.010196
2.139000	0.132488
2.140000	0.096817
2.141000	-0.056053
2.142000	-0.101920
2.143000	0.030578
2.144000	0.147777
2.145000	0.071342
2.146000	-0.081538
2.147000	-0.494290
2.148000	-1.003870
2.149000	-0.983487
2.150000	-0.300656
2.151000	0.300656
2.152000	-0.183448
2.153000	-0.764368
2.154000	-0.117199
2.155000	0.693026
2.156000	0.509579
2.157000	-0.331224
2.158000	-0.580921
2.159000	0.107013
2.160000	0.677737
2.161000	0.275171
2.162000	-0.494290
2.163000	-0.489197
2.164000	0.290460
2.165000	0.662459
2.166000	0.122302
2.167000	-0.504486
2.168000	-0.315935
2.169000	0.407669
2.170000	0.550343
2.171000	-0.086631
2.172000	-0.570735
2.173000	-0.183448
2.174000	0.499393
2.175000	0.489197
2.176000	-0.193644
2.177000	-0.494290
2.178000	-0.010196
2.179000	0.540157
2.180000	0.326131
2.181000	-0.631881
2.182000	-1.202610
2.183000	-0.662459
2.184000	0.239500
2.185000	0.300656
2.186000	-0.693026
2.187000	-1.085410
2.188000	0.000000
2.189000	1.095590
2.190000	0.565632
2.191000	-0.682841
2.192000	-0.830617
2.193000	0.300656
2.194000	0.983487
2.195000	0.239500
2.196000	-0.805132
2.197000	-0.601303
2.198000	0.499393
2.199000	0.845906
2.200000	-0.025475
2.201000	-0.835710
2.202000	-0.621684
2.203000	0.020382
2.204000	0.076435
2.205000	-0.290460
2.206000	-0.463722
2.207000	-0.229315
2.208000	0.045867
2.209000	0.096817
2.210000	0.015289
2.211000	-0.066249
2.212000	-0.030578
2.213000	0.020382
2.214000	-0.112106
2.215000	-0.290460
2.216000	-0.183448
2.217000	0.168158
2.218000	0.275171
2.219000	-0.066249
2.220000	-0.422948
2.221000	-0.249697
2.222000	0.203829
2.223000	0.244604
2.224000	-0.178355
2.225000	-0.458619
2.226000	-0.203829
2.227000	0.173262
2.228000	0.142684
2.229000	-0.208933
2.230000	-0.392380
2.231000	-0.173262
2.232000	0.112106
2.233000	0.122302
2.234000	-0.086631
2.235000	-0.183448
2.236000	-0.071342
2.237000	0.050960
2.238000	0.010196
2.239000	-0.076435
2.240000	-0.112106
2.241000	-0.076435
2.242000	-0.081538
2.243000	-0.117199
2.244000	-0.132488
2.245000	-0.147777
2.246000	-0.178355
2.247000	-0.188540
2.248000	-0.101920
2.249000	0.015289
2.250000	0.040764
2.251000	-0.061146
2.252000	-0.163066
2.253000	-0.122302
2.254000	0.005093
2.255000	0.035671
2.256000	-0.096817
2.257000	-0.219118
2.258000	-0.152869
2.259000	0.005093
2.260000	0.020382
2.261000	-0.132488
2.262000	-0.244604
2.263000	-0.147777
2.264000	0.015289
2.265000	0.040764
2.266000	-0.061146
2.267000	-0.137591
2.268000	-0.076435
2.269000	-0.010196
2.270000	-0.035671
2.271000	-0.096817
2.272000	-0.071342
2.273000	-0.005093
2.274000	0.015289
2.275000	-0.030578
2.276000	-0.071342
2.277000	-0.025475
2.278000	0.020382
2.279000	-0.010196
2.280000	-0.066249
2.281000	-0.025475
2.282000	0.061146
2.283000	0.056053
2.284000	0.000000
2.285000	-0.010196
2.286000	0.050960
2.287000	0.076435
2.288000	0.020382
2.289000	-0.020382
2.290000	0.035671
2.291000	0.091724
2.292000	0.071342
2.293000	-0.005093
2.294000	-0.030578
2.295000	0.045867
2.296000	0.096817
2.297000	0.050960
2.298000	-0.015289
2.299000	-0.010196
2.300000	0.061146
2.301000	0.091724
2.302000	0.025475
2.303000	-0.030578
2.304000	0.005093
2.305000	0.076435
2.306000	0.081538
2.307000	-0.005093
2.308000	-0.050960
2.309000	0.005093
2.310000	0.076435
2.311000	0.050960
2.312000	-0.030578
2.313000	-0.045867
2.314000	0.030578
2.315000	0.096817
2.316000	0.056053
2.317000	-0.035671
2.318000	-0.030578
2.319000	0.050960
2.320000	0.091724
2.321000	0.040764
2.322000	-0.030578
2.323000	0.000000
2.324000	0.071342
2.325000	0.096817
2.326000	0.030578
2.327000	-0.020382
2.328000	0.010196
2.329000	0.081538
2.330000	0.086631
2.331000	0.010196
2.332000	-0.020382
2.333000	0.030578
2.334000	0.086631
2.335000	0.061146
2.336000	-0.015289
2.337000	-0.020382
2.338000	0.045867
2.339000	0.091724
2.340000	0.040764
2.341000	-0.040764
2.342000	-0.030578
2.343000	0.045867
2.344000	0.076435
2.345000	0.030578
2.346000	-0.030578
2.347000	0.000000
2.348000	0.081538
2.349000	0.091724
2.350000	0.025475
2.351000	-0.035671
2.352000	0.005093
2.353000	0.071342
2.354000	0.050960
2.355000	-0.010196
2.356000	-0.035671
2.357000	0.020382
2.358000	0.081538
2.359000	0.050960
2.360000	-0.005093
2.361000	-0.015289
2.362000	0.050960
2.363000	0.076435
2.364000	0.040764
2.365000	-0.015289
2.366000	0.005093
2.367000	0.045867
2.368000	0.071342
2.369000	0.020382
2.370000	-0.015289
2.371000	0.010196
2.372000	0.061146
2.373000	0.066249
2.374000	0.010196
2.375000	-0.015289
2.376000	0.020382
2.377000	0.061146
2.378000	0.045867
2.379000	0.005093
2.380000	-0.005093
2.381000	0.040764
2.382000	0.061146
2.383000	0.035671
2.384000	-0.010196
2.385000	0.000000
2.386000	0.045867
2.387000	0.061146
2.388000	0.025475
2.389000	0.005093
2.390000	0.020382
2.391000	0.050960
2.392000	0.050960
2.393000	0.025475
2.394000	0.005093
2.395000	0.030578
2.396000	0.056053
2.397000	0.040764
2.398000	0.010196
2.399000	0.020382
2.400000	0.045867
2.401000	0.061146
2.402000	0.025475
2.403000	0.010196
2.404000	0.025475
2.405000	0.045867
2.406000	0.040764
2.407000	0.005093
2.408000	0.005093
2.409000	0.025475
2.410000	0.045867
2.411000	0.040764
2.412000	0.005093
2.413000	0.010196
2.414000	0.035671
2.415000	0.050960
2.416000	0.020382
2.417000	-0.005093
2.418000	0.015289
2.419000	0.050960
2.420000	0.035671
2.421000	0.005093
2.422000	0.010196
2.423000	0.040764
2.424000	0.066249
2.425000	0.035671
2.426000	-0.005093
2.427000	0.010196
2.428000	0.040764
2.429000	0.061146
2.430000	0.030578
2.431000	0.000000
2.432000	0.015289
2.433000	0.050960
2.434000	0.066249
2.435000	0.025475
2.436000	0.000000
2.437000	0.020382
2.438000	0.056053
2.439000	0.050960
2.440000	0.015289
2.441000	0.005093
2.442000	0.030578
2.443000	0.061146
2.444000	0.045867
2.445000	0.005093
2.446000	0.000000
2.447000	0.035671
2.448000	0.056053
2.449000	0.030578
2.450000	-0.005093
2.451000	0.005093
2.452000	0.035671
2.453000	0.050960
2.454000	0.025475
2.455000	-0.005093
2.456000	0.015289
2.457000	0.050960
2.458000	0.050960
2.459000	0.020382
2.460000	0.005093
2.461000	0.025475
2.462000	0.050960
2.463000	0.045867
2.464000	0.010196
2.465000	0.010196
2.466000	0.035671
2.467000	0.061146
2.468000	0.030578
2.469000	0.000000
2.470000	-0.005093
2.471000	0.025475
2.472000	0.040764
2.473000	0.025475
2.474000	-0.015289
2.475000	-0.010196
2.476000	0.030578
2.477000	0.040764
2.478000	0.015289
2.479000	-0.015289
2.480000	0.005093
2.481000	0.045867
2.482000	0.045867
2.483000	0.010196
2.484000	-0.010196
2.485000	0.015289
2.486000	0.061146
2.487000	0.056053
2.488000	0.015289
2.489000	0.000000
2.490000	0.030578
2.491000	0.061146
2.492000	0.030578
2.493000	0.005093
2.494000	0.010196
2.495000	0.040764
2.496000	0.061146
2.497000	0.040764
2.498000	0.015289
2.499000	0.020382
2.500000	0.045867
2.501000	0.045867
2.502000	0.015289
2.503000	0.005093
2.504000	0.030578
2.505000	0.050960
2.506000	0.040764
2.507000	0.015289
2.508000	0.010196
2.509000	0.040764
2.510000	0.056053
2.511000	0.025475
2.512000	0.000000
2.513000	0.010196
2.514000	0.035671
2.515000	0.045867
2.516000	0.020382
2.517000	0.010196
2.518000	0.020382
2.519000	0.030578
2.520000	0.045867
2.521000	0.025475
2.522000	0.010196
2.523000	0.020382
2.524000	0.040764
2.525000	0.035671
2.526000	0.020382
2.527000	0.015289
2.528000	0.035671
2.529000	0.040764
2.530000	0.030578
2.531000	0.010196
2.532000	0.020382
2.533000	0.035671
2.534000	0.040764
2.535000	0.025475
2.536000	0.020382
2.537000	0.025475
2.538000	0.025475
2.539000	0.030578
2.540000	0.020382
2.541000	0.025475
2.542000	0.025475
2.543000	0.035671
2.544000	0.030578
2.545000	0.010196
2.546000	0.015289
2.547000	0.025475
2.548000	0.030578
2.549000	0.030578
2.550000	0.035671
2.551000	0.025475
2.552000	0.040764
2.553000	0.045867
2.554000	0.035671
2.555000	0.015289
2.556000	0.025475
2.557000	0.035671
2.558000	0.040764
2.559000	0.030578
2.560000	0.015289
2.561000	0.030578
2.562000	0.030578
2.563000	0.030578
2.564000	0.015289
2.565000	0.015289
2.566000	0.035671
2.567000	0.035671
2.568000	0.025475
2.569000	0.010196
2.570000	0.020382
2.571000	0.035671
2.572000	0.035671
2.573000	0.020382
2.574000	0.010196
2.575000	0.020382
2.576000	0.040764
2.577000	0.030578
2.578000	0.015289
2.579000	0.015289
2.580000	0.025475
2.581000	0.035671
2.582000	0.035671
2.583000	0.015289
2.584000	0.015289
2.585000	0.030578
2.586000	0.030578
2.587000	0.025475
2.588000	0.010196
2.589000	0.015289
2.590000	0.040764
2.591000	0.040764
2.592000	0.020382
2.593000	0.015289
2.594000	0.025475
2.595000	0.035671
2.596000	0.040764
2.597000	0.020382
2.598000	0.020382
2.599000	0.030578
2.600000	0.045867
2.601000	0.035671
2.602000	0.015289
2.603000	0.025475
2.604000	0.035671
2.605000	0.040764
2.606000	0.030578
2.607000	0.020382
2.608000	0.020382
2.609000	0.030578
2.610000	0.035671
2.611000	0.025475
2.612000	0.020382
2.613000	0.030578
2.614000	0.045867
2.615000	0.035671
2.616000	0.025475
2.617000	0.015289
2.618000	0.030578
2.619000	0.035671
2.620000	0.025475
2.621000	0.015289
2.622000	0.025475
2.623000	0.040764
2.624000	0.040764
2.625000	0.025475
2.626000	0.020382
2.627000	0.020382
2.628000	0.035671
2.629000	0.035671
2.630000	0.020382
2.631000	0.015289
2.632000	0.030578
2.633000	0.035671
2.634000	0.040764
2.635000	0.020382
2.636000	0.020382
2.637000	0.025475
2.638000	0.040764
2.639000	0.030578
2.640000	0.020382
2.641000	0.015289
2.642000	0.025475
2.643000	0.040764
2.644000	0.035671
2.645000	0.020382
2.646000	0.025475
2.647000	0.040764
2.648000	0.035671
2.649000	0.025475
2.650000	0.050960
2.651000	0.310842
2.652000	0.422948
2.653000	0.025475
2.654000	-0.295553
2.655000	0.081538
2.656000	0.494290
2.657000	0.229315
2.658000	-0.305749
2.659000	-0.300656
2.660000	0.234407
2.661000	0.473908
2.662000	0.076435
2.663000	-0.361802
2.664000	-0.208933
2.665000	0.285367
2.666000	0.387277
2.667000	-0.061146
2.668000	-0.356709
2.669000	-0.061146
2.670000	0.371998
2.671000	0.290460
2.672000	-0.183448
2.673000	-0.361802
2.674000	0.000000
2.675000	0.366895
2.676000	0.188540
2.677000	-0.244604
2.678000	-0.275171
2.679000	0.147777
2.680000	0.387277
2.681000	0.101920
2.682000	-0.295553
2.683000	-0.208933
2.684000	0.219118
2.685000	0.351606
2.686000	-0.015289
2.687000	-0.300656
2.688000	-0.091724
2.689000	0.310842
2.690000	0.290460
2.691000	-0.107013
2.692000	-0.280264
2.693000	0.020382
2.694000	0.326131
2.695000	0.193644
2.696000	-0.188540
2.697000	-0.244604
2.698000	0.101920
2.699000	0.346513
2.700000	0.101920
2.701000	-0.244604
2.702000	-0.183448
2.703000	0.163066
2.704000	0.295553
2.705000	-0.010196
2.706000	-0.264986
2.707000	-0.091724
2.708000	0.249697
2.709000	0.264986
2.710000	-0.071342
2.711000	-0.244604
2.712000	-0.005093
2.713000	0.275171
2.714000	0.183448
2.715000	-0.147777
2.716000	-0.203829
2.717000	0.101920
2.718000	0.310842
2.719000	0.117199
2.720000	-0.188540
2.721000	-0.147777
2.722000	0.173262
2.723000	0.285367
2.724000	0.020382
2.725000	-0.219118
2.726000	-0.081538
2.727000	0.219118
2.728000	0.224211
2.729000	-0.076435
2.730000	-0.219118
2.731000	0.000000
2.732000	0.254789
2.733000	0.157973
2.734000	-0.132488
2.735000	-0.193644
2.736000	0.071342
2.737000	0.259882
2.738000	0.086631
2.739000	-0.183448
2.740000	-0.137591
2.741000	0.142684
2.742000	0.239500
2.743000	0.005093
2.744000	-0.208933
2.745000	-0.071342
2.746000	0.203829
2.747000	0.214026
2.748000	-0.050960
2.749000	-0.183448
2.750000	0.015289
2.751000	0.234407
2.752000	0.157973
2.753000	-0.112106
2.754000	-0.163066
2.755000	0.081538
2.756000	0.244604
2.757000	0.086631
2.758000	-0.142684
2.759000	-0.122302
2.760000	0.132488
2.761000	0.239500
2.762000	0.142684
2.763000	0.137591
2.764000	0.193644
2.765000	0.219118
2.766000	0.183448
2.767000	0.096817
2.768000	-0.061146
2.769000	-0.071342
2.770000	0.081538
2.771000	0.163066
2.772000	0.066249
2.773000	-0.061146
2.774000	-0.035671
2.775000	0.101920
2.776000	0.137591
2.777000	0.015289
2.778000	-0.076435
2.779000	-0.010196
2.780000	0.117199
2.781000	0.122302
2.782000	-0.015289
2.783000	-0.081538
2.784000	0.020382
2.785000	0.117199
2.786000	0.066249
2.787000	-0.050960
2.788000	-0.071342
2.789000	0.045867
2.790000	0.127395
2.791000	0.050960
2.792000	-0.061146
2.793000	-0.040764
2.794000	0.086631
2.795000	0.117199
2.796000	0.020382
2.797000	-0.071342
2.798000	-0.010196
2.799000	0.112106
2.800000	0.107013
2.801000	-0.005093
2.802000	-0.066249
2.803000	0.020382
2.804000	0.122302
2.805000	0.086631
2.806000	-0.020382
2.807000	-0.056053
2.808000	0.045867
2.809000	0.122302
2.810000	0.050960
2.811000	-0.056053
2.812000	-0.035671
2.813000	0.071342
2.814000	0.107013
2.815000	0.025475
2.816000	-0.050960
2.817000	0.000000
2.818000	0.091724
2.819000	0.122302
2.820000	0.025475
2.821000	-0.045867
2.822000	0.000000
2.823000	0.101920
2.824000	0.132488
2.825000	0.056053
2.826000	-0.030578
2.827000	-0.015289
2.828000	0.076435
2.829000	0.101920
2.830000	0.005093
2.831000	-0.040764
2.832000	0.025475
2.833000	0.157973
2.834000	0.188540
2.835000	0.050960
2.836000	-0.101920
2.837000	-0.040764
2.838000	0.132488
2.839000	0.137591
2.840000	-0.015289
2.841000	-0.076435
2.842000	0.091724
2.843000	0.224211
2.844000	0.081538
2.845000	-0.137591
2.846000	-0.096817
2.847000	0.117199
2.848000	0.193644
2.849000	0.015289
2.850000	-0.132488
2.851000	-0.030578
2.852000	0.168158
2.853000	0.147777
2.854000	-0.056053
2.855000	-0.142684
2.856000	0.015289
2.857000	0.183448
2.858000	0.117199
2.859000	-0.081538
2.860000	-0.091724
2.861000	0.086631
2.862000	0.183448
2.863000	0.050960
2.864000	-0.107013
2.865000	-0.071342
2.866000	0.127395
2.867000	0.173262
2.868000	-0.005093
2.869000	-0.112106
2.870000	-0.015289
2.871000	0.152869
2.872000	0.137591
2.873000	-0.035671
2.874000	-0.112106
2.875000	0.025475
2.876000	0.168158
2.877000	0.086631
2.878000	-0.076435
2.879000	-0.081538
2.880000	0.086631
2.881000	0.178355
2.882000	0.061146
2.883000	-0.091724
2.884000	-0.056053
2.885000	0.112106
2.886000	0.152869
2.887000	0.015289
2.888000	-0.096817
2.889000	-0.005093
2.890000	0.147777
2.891000	0.132488
2.892000	-0.030578
2.893000	-0.091724
2.894000	0.025475
2.895000	0.147777
2.896000	0.091724
2.897000	-0.066249
2.898000	-0.081538
2.899000	0.061146
2.900000	0.152869
2.901000	0.045867
2.902000	-0.096817
2.903000	-0.050960
2.904000	0.091724
2.905000	0.137591
2.906000	0.000000
2.907000	-0.096817
2.908000	-0.020382
2.909000	0.117199
2.910000	0.112106
2.911000	-0.030578
2.912000	-0.091724
2.913000	0.030578
2.914000	0.147777
2.915000	0.091724
2.916000	-0.061146
2.917000	-0.076435
2.918000	0.061146
2.919000	0.142684
2.920000	0.050960
2.921000	-0.076435
2.922000	-0.040764
2.923000	0.101920
2.924000	0.127395
2.925000	0.015289
2.926000	-0.091724
2.927000	-0.010196
2.928000	0.112106
2.929000	0.101920
2.930000	-0.030578
2.931000	-0.076435
2.932000	0.030578
2.933000	0.132488
2.934000	0.076435
2.935000	-0.045867
2.936000	-0.066249
2.937000	0.061146
2.938000	0.127395
2.939000	0.045867
2.940000	-0.066249
2.941000	-0.040764
2.942000	0.086631
2.943000	0.112106
2.944000	0.010196
2.945000	-0.081538
2.946000	-0.010196
2.947000	0.107013
2.948000	0.112106
2.949000	-0.015289
2.950000	-0.071342
2.951000	0.030578
2.952000	0.112106
2.953000	0.081538
2.954000	-0.035671
2.955000	-0.050960
2.956000	0.045867
2.957000	0.112106
2.958000	0.045867
2.959000	-0.061146
2.960000	-0.040764
2.961000	0.061146
2.962000	0.107013
2.963000	0.010196
2.964000	-0.066249
2.965000	-0.010196
2.966000	0.096817
2.967000	0.096817
2.968000	-0.015289
2.969000	-0.056053
2.970000	0.020382
2.971000	0.107013
2.972000	0.071342
2.973000	-0.020382
2.974000	-0.050960
2.975000	0.050960
2.976000	0.112106
2.977000	0.050960
2.978000	-0.045867
2.979000	-0.025475
2.980000	0.081538
2.981000	0.112106
2.982000	0.025475
2.983000	-0.050960
2.984000	-0.005093
2.985000	0.091724
2.986000	0.091724
2.987000	0.000000
2.988000	-0.045867
2.989000	0.025475
2.990000	0.101920
2.991000	0.081538
2.992000	-0.030578
2.993000	-0.035671
2.994000	0.040764
2.995000	0.101920
2.996000	0.040764
2.997000	-0.040764
2.998000	-0.025475
2.999000	0.076435
3.000000	0.091724
3.001000	0.015289
3.002000	-0.045867
3.003000	-0.005093
3.004000	0.081538
3.005000	0.086631
3.006000	0.000000
3.007000	-0.040764
3.008000	0.020382
3.009000	0.096817
3.010000	0.066249
3.011000	-0.025475
3.012000	-0.040764
3.013000	0.040764
3.014000	0.096817
3.015000	0.045867
3.016000	-0.030578
3.017000	-0.015289
3.018000	0.061146
3.019000	0.091724
3.020000	0.015289
3.021000	-0.040764
3.022000	-0.005093
3.023000	0.076435
3.024000	0.081538
3.025000	-0.010196
3.026000	-0.045867
3.027000	0.015289
3.028000	0.091724
3.029000	0.066249
3.030000	-0.015289
3.031000	-0.030578
3.032000	0.040764
3.033000	0.081538
3.034000	0.040764
3.035000	-0.025475
3.036000	-0.010196
3.037000	0.061146
3.038000	0.086631
3.039000	0.025475
3.040000	-0.030578
3.041000	0.000000
3.042000	0.071342
3.043000	0.076435
3.044000	0.000000
3.045000	-0.030578
3.046000	0.030578
3.047000	0.086631
3.048000	0.061146
3.049000	-0.010196
3.050000	-0.025475
3.051000	0.040764
3.052000	0.086631
3.053000	0.040764
3.054000	-0.025475
3.055000	-0.010196
3.056000	0.061146
3.057000	0.081538
3.058000	0.020382
3.059000	-0.030578
3.060000	0.010196
3.061000	0.071342
3.062000	0.076435
3.063000	0.005093
3.064000	-0.030578
3.065000	0.015289
3.066000	0.076435
3.067000	0.045867
3.068000	-0.020382
3.069000	-0.025475
3.070000	0.035671
3.071000	0.076435
3.072000	0.035671
3.073000	-0.020382
3.074000	-0.025475
3.075000	0.050960
3.076000	0.076435
3.077000	0.020382
3.078000	-0.030578
3.079000	0.005093
3.080000	0.066249
3.081000	0.071342
3.082000	0.015289
3.083000	-0.020382
3.084000	0.025475
3.085000	0.071342
3.086000	0.061146
3.087000	-0.005093
3.088000	-0.020382
3.089000	0.040764
3.090000	0.071342
3.091000	0.035671
3.092000	-0.010196
3.093000	0.000000
3.094000	0.056053
3.095000	0.066249
3.096000	0.030578
3.097000	-0.015289
3.098000	0.010196
3.099000	0.066249
3.100000	0.071342
3.101000	0.010196
3.102000	-0.020382
3.103000	0.025475
3.104000	0.071342
3.105000	0.056053
3.106000	-0.005093
3.107000	-0.015289
3.108000	0.035671
3.109000	0.066249
3.110000	0.040764
3.111000	-0.015289
3.112000	-0.010196
3.113000	0.040764
3.114000	0.066249
3.115000	0.020382
3.116000	-0.015289
3.117000	0.010196
3.118000	0.056053
3.119000	0.061146
3.120000	0.015289
3.121000	-0.015289
3.122000	0.025475
3.123000	0.061146
3.124000	0.045867
3.125000	0.005093
3.126000	-0.005093
3.127000	0.040764
3.128000	0.066249
3.129000	0.040764
3.130000	-0.010196
3.131000	0.005093
3.132000	0.050960
3.133000	0.056053
3.134000	0.015289
3.135000	-0.010196
3.136000	0.015289
3.137000	0.056053
3.138000	0.061146
3.139000	0.010196
3.140000	-0.005093
3.141000	0.020382
3.142000	0.056053
3.143000	0.045867
3.144000	0.005093
3.145000	-0.005093
3.146000	0.040764
3.147000	0.066249
3.148000	0.035671
3.149000	0.010196
3.150000	0.010196
3.151000	0.050960
3.152000	0.061146
3.153000	0.025475
3.154000	0.000000
3.155000	0.020382
3.156000	0.061146
3.157000	0.050960
3.158000	0.020382
3.159000	-0.005093
3.160000	0.030578
3.161000	0.050960
3.162000	0.045867
3.163000	-0.005093
3.164000	-0.005093
3.165000	0.035671
3.166000	0.056053
3.167000	0.030578
3.168000	0.005093
3.169000	0.010196
3.170000	0.045867
3.171000	0.050960
3.172000	0.020382
3.173000	0.000000
3.174000	0.020382
3.175000	0.045867
3.176000	0.050960
3.177000	0.010196
3.178000	-0.005093
3.179000	0.030578
3.180000	0.050960
3.181000	0.040764
3.182000	0.005093
3.183000	-0.005093
3.184000	0.035671
3.185000	0.050960
3.186000	0.025475
3.187000	-0.005093
3.188000	0.015289
3.189000	0.040764
3.190000	0.050960
3.191000	0.020382
3.192000	0.005093
3.193000	0.020382
3.194000	0.050960
3.195000	0.050960
3.196000	0.010196
3.197000	0.000000
3.198000	0.025475
3.199000	0.061146
3.200000	0.040764
3.201000	0.000000
3.202000	0.005093
3.203000	0.035671
3.204000	0.050960
3.205000	0.035671
3.206000	0.000000
3.207000	0.010196
3.208000	0.040764
3.209000	0.050960
3.210000	0.025475
3.211000	0.005093
3.212000	0.020382
3.213000	0.056053
3.214000	0.050960
3.215000	0.010196
3.216000	0.005093
3.217000	0.030578
3.218000	0.050960
3.219000	0.035671
3.220000	0.005093
3.221000	0.010196
3.222000	0.040764
3.223000	0.056053
3.224000	0.025475
3.225000	0.000000
3.226000	0.010196
3.227000	0.040764
3.228000	0.050960
3.229000	0.020382
3.230000	0.010196
3.231000	0.015289
3.232000	0.050960
3.233000	0.040764
3.234000	0.010196
3.235000	0.005093
3.236000	0.030578
3.237000	0.045867
3.238000	0.030578
3.239000	0.005093
3.240000	0.010196
3.241000	0.035671
3.242000	0.050960
3.243000	0.030578
3.244000	0.005093
3.245000	0.010196
3.246000	0.045867
3.247000	0.050960
3.248000	0.020382
3.249000	0.005093
3.250000	0.020382
3.251000	0.045867
3.252000	0.040764
3.253000	0.020382
3.254000	0.005093
3.255000	0.025475
3.256000	0.050960
3.257000	0.035671
3.258000	0.005093
3.259000	0.010196
3.260000	0.035671
3.261000	0.050960
3.262000	0.035671
3.263000	0.015289
3.264000	0.020382
3.265000	0.045867
3.266000	0.050960
3.267000	0.025475
3.268000	0.000000
3.269000	0.020382
3.270000	0.040764
3.271000	0.040764
3.272000	0.020382
3.273000	0.000000
3.274000	0.020382
3.275000	0.040764
3.276000	0.030578
3.277000	0.005093
3.278000	0.010196
3.279000	0.030578
3.280000	0.045867
3.281000	0.030578
3.282000	0.005093
3.283000	0.010196
3.284000	0.035671
3.285000	0.045867
3.286000	0.020382
3.287000	0.005093
3.288000	0.020382
3.289000	0.035671
3.290000	0.040764
3.291000	0.020382
3.292000	0.010196
3.293000	0.030578
3.294000	0.040764
3.295000	0.035671
3.296000	0.015289
3.297000	0.015289
3.298000	0.025475
3.299000	0.045867
3.300000	0.030578
3.301000	0.015289
3.302000	0.020382
3.303000	0.030578
3.304000	0.040764
3.305000	0.030578
3.306000	0.010196
3.307000	0.020382
3.308000	0.035671
3.309000	0.035671
3.310000	0.015289
3.311000	0.015289
3.312000	0.025475
3.313000	0.045867
3.314000	0.035671
3.315000	0.025475
3.316000	0.015289
3.317000	0.030578
3.318000	0.045867
3.319000	0.030578
3.320000	0.015289
3.321000	0.025475
3.322000	0.035671
3.323000	0.045867
3.324000	0.025475
3.325000	0.020382
3.326000	0.020382
3.327000	0.045867
3.328000	0.040764
3.329000	0.025475
3.330000	0.025475
3.331000	0.025475
3.332000	0.040764
3.333000	0.035671
3.334000	0.020382
3.335000	0.015289
3.336000	0.035671
3.337000	0.035671
3.338000	0.020382
3.339000	0.015289
3.340000	0.015289
3.341000	0.035671
3.342000	0.035671
3.343000	0.025475
3.344000	0.015289
3.345000	0.025475
3.346000	0.035671
3.347000	0.035671
3.348000	0.020382
3.349000	0.015289
3.350000	0.035671
3.351000	0.045867
3.352000	0.030578
3.353000	0.025475
3.354000	0.010196
3.355000	0.030578
3.356000	0.040764
3.357000	0.030578
3.358000	0.025475
3.359000	0.020382
3.360000	0.030578
3.361000	0.040764
3.362000	0.025475
3.363000	0.015289
3.364000	0.030578
3.365000	0.035671
3.366000	0.030578
3.367000	0.020382
3.368000	0.020382
3.369000	0.035671
3.370000	0.045867
3.371000	0.030578
3.372000	0.015289
3.373000	0.015289
3.374000	0.035671
3.375000	0.045867
3.376000	0.030578
3.377000	0.020382
3.378000	0.020382
3.379000	0.040764
3.380000	0.040764
3.381000	0.025475
3.382000	0.015289
3.383000	0.020382
3.384000	0.035671
3.385000	0.035671
3.386000	0.020382
3.387000	0.005093
3.388000	0.020382
3.389000	0.035671
3.390000	0.025475
3.391000	0.020382
3.392000	0.020382
3.393000	0.030578
3.394000	0.030578
3.395000	0.025475
3.396000	0.020382
3.397000	0.015289
3.398000	0.035671
3.399000	0.045867
3.400000	0.035671
3.401000	0.015289
3.402000	0.010196
3.403000	0.030578
3.404000	0.040764
3.405000	0.035671
3.406000	0.015289
3.407000	0.020382
3.408000	0.035671
3.409000	0.040764
3.410000	0.030578
3.411000	0.020382
3.412000	0.025475
3.413000	0.040764
3.414000	0.040764
3.415000	0.020382
3.416000	0.015289
3.417000	0.025475
3.418000	0.045867
3.419000	0.040764
3.420000	0.025475
3.421000	0.020382
3.422000	0.030578
3.423000	0.040764
3.424000	0.040764
3.425000	0.025475
3.426000	0.076435
3.427000	0.112106
3.428000	0.071342
3.429000	0.020382
3.430000	0.081538
3.431000	0.107013
3.432000	0.056053
3.433000	0.030578
3.434000	0.056053
3.435000	0.050960
3.436000	0.025475
3.437000	0.020382
3.438000	0.040764
3.439000	0.040764
3.440000	0.050960
3.441000	0.040764
3.442000	0.020382
3.443000	0.015289
3.444000	0.035671
3.445000	0.045867
3.446000	0.045867
3.447000	0.040764
3.448000	0.035671
3.449000	0.050960
3.450000	0.066249
3.451000	0.050960
3.452000	0.035671
3.453000	0.061146
3.454000	0.056053
3.455000	0.030578
3.456000	0.020382
3.457000	0.025475
3.458000	0.045867
3.459000	0.035671
3.460000	0.025475
3.461000	0.025475
3.462000	0.045867
3.463000	0.056053
3.464000	0.045867
3.465000	0.025475
3.466000	0.030578
3.467000	0.030578
3.468000	0.040764
3.469000	0.030578
3.470000	0.030578
3.471000	0.040764
3.472000	0.050960
3.473000	0.056053
3.474000	0.035671
3.475000	0.025475
3.476000	0.045867
3.477000	0.045867
3.478000	0.035671
3.479000	0.030578
3.480000	0.025475
3.481000	0.050960
3.482000	0.056053
3.483000	0.040764
3.484000	0.025475
3.485000	0.030578
3.486000	0.050960
3.487000	0.056053
3.488000	0.035671
3.489000	0.030578
3.490000	0.045867
3.491000	0.056053
3.492000	0.045867
3.493000	0.030578
3.494000	0.025475
3.495000	0.040764
3.496000	0.061146
3.497000	0.040764
3.498000	0.030578
3.499000	0.025475
3.500000	0.040764
3.501000	0.050960
3.502000	0.040764
3.503000	0.025475
3.504000	0.030578
3.505000	0.050960
3.506000	0.040764
3.507000	0.025475
3.508000	0.025475
3.509000	0.035671
3.510000	0.061146
3.511000	0.040764
3.512000	0.025475
3.513000	0.025475
3.514000	0.050960
3.515000	0.061146
3.516000	0.045867
3.517000	0.030578
3.518000	0.040764
3.519000	0.056053
3.520000	0.045867
3.521000	0.040764
3.522000	0.035671
3.523000	0.040764
3.524000	0.050960
3.525000	0.045867
3.526000	0.030578
3.527000	0.025475
3.528000	0.035671
3.529000	0.056053
3.530000	0.050960
3.531000	0.025475
3.532000	0.030578
3.533000	0.050960
3.534000	0.045867
3.535000	0.035671
3.536000	0.030578
3.537000	0.030578
3.538000	0.045867
3.539000	0.045867
3.540000	0.035671
3.541000	0.020382
3.542000	0.040764
3.543000	0.056053
3.544000	0.045867
3.545000	0.015289
3.546000	0.015289
3.547000	0.040764
3.548000	0.050960
3.549000	0.040764
3.550000	0.020382
3.551000	0.020382
3.552000	0.045867
3.553000	0.040764
3.554000	0.025475
3.555000	0.015289
3.556000	0.025475
3.557000	0.045867
3.558000	0.045867
3.559000	0.025475
3.560000	0.010196
3.561000	0.025475
3.562000	0.056053
3.563000	0.045867
3.564000	0.020382
3.565000	0.015289
3.566000	0.035671
3.567000	0.045867
3.568000	0.030578
3.569000	0.020382
3.570000	0.025475
3.571000	0.030578
3.572000	0.030578
3.573000	0.025475
3.574000	0.025475
3.575000	0.035671
3.576000	0.030578
3.577000	0.025475
3.578000	0.030578
3.579000	0.030578
3.580000	0.030578
3.581000	0.020382
3.582000	0.035671
3.583000	0.040764
3.584000	0.025475
3.585000	0.020382
3.586000	0.030578
3.587000	0.040764
3.588000	0.030578
3.589000	0.020382
3.590000	0.015289
3.591000	0.030578
3.592000	0.040764
3.593000	0.030578
3.594000	0.020382
3.595000	0.020382
3.596000	0.035671
3.597000	0.030578
3.598000	0.025475
3.599000	0.015289
3.600000	0.020382
3.601000	0.030578
3.602000	0.035671
3.603000	0.025475
3.604000	0.015289
3.605000	0.025475
3.606000	0.040764
3.607000	0.020382
3.608000	0.020382
3.609000	0.020382
3.610000	0.030578
3.611000	0.035671
3.612000	0.030578
3.613000	0.020382
3.614000	0.020382
3.615000	0.035671
3.616000	0.030578
3.617000	0.030578
3.618000	0.015289
3.619000	0.025475
3.620000	0.030578
3.621000	0.025475
3.622000	0.015289
3.623000	0.020382
3.624000	0.025475
3.625000	0.030578
3.626000	0.030578
3.627000	0.020382
3.628000	0.020382
3.629000	0.025475
3.630000	0.030578
3.631000	0.025475
3.632000	0.025475
3.633000	0.020382
3.634000	0.030578
3.635000	0.040764
3.636000	0.030578
3.637000	0.025475
3.638000	0.020382
3.639000	0.035671
3.640000	0.030578
3.641000	0.025475
3.642000	0.020382
3.643000	0.030578
3.644000	0.040764
3.645000	0.030578
3.646000	0.025475
3.647000	0.020382
3.648000	0.030578
3.649000	0.035671
3.650000	0.035671
3.651000	0.025475
3.652000	0.025475
3.653000	0.030578
3.654000	0.025475
3.655000	0.020382
3.656000	0.020382
3.657000	0.025475
3.658000	0.025475
3.659000	0.025475
3.660000	0.025475
3.661000	0.025475
3.662000	0.030578
3.663000	0.025475
3.664000	0.020382
3.665000	0.020382
3.666000	0.030578
3.667000	0.025475
3.668000	0.025475
3.669000	0.025475
3.670000	0.025475
3.671000	0.020382
3.672000	0.030578
3.673000	0.020382
3.674000	0.020382
3.675000	0.025475
3.676000	0.030578
3.677000	0.035671
3.678000	0.030578
3.679000	0.025475
3.680000	0.025475
3.681000	0.030578
3.682000	0.025475
3.683000	0.025475
3.684000	0.015289
3.685000	0.020382
3.686000	0.030578
3.687000	0.025475
3.688000	0.020382
3.689000	0.030578
3.690000	0.040764
3.691000	0.025475
3.692000	0.025475
3.693000	0.030578
3.694000	0.025475
3.695000	0.030578
3.696000	0.030578
3.697000	0.030578
3.698000	0.025475
3.699000	0.030578
3.700000	0.035671
3.701000	0.035671
3.702000	0.030578
3.703000	0.025475
3.704000	0.025475
3.705000	0.035671
3.706000	0.030578
3.707000	0.025475
3.708000	0.020382
3.709000	0.030578
3.710000	0.025475
3.711000	0.025475
3.712000	0.020382
3.713000	0.025475
3.714000	0.035671
3.715000	0.030578
3.716000	0.025475
3.717000	0.020382
3.718000	0.030578
3.719000	0.035671
3.720000	0.025475
3.721000	-0.056053
3.722000	-0.764368
3.723000	-1.223000
3.724000	-0.463722
3.725000	0.657355
3.726000	0.366895
3.727000	-0.901959
3.728000	-1.090500
3.729000	0.346513
3.730000	1.248470
3.731000	0.326131
3.732000	-0.988590
3.733000	-0.759275
3.734000	0.616592
3.735000	1.085410
3.736000	0.010196
3.737000	-0.988590
3.738000	-0.453526
3.739000	0.764368
3.740000	0.861195
3.741000	-0.300656
3.742000	-0.958012
3.743000	-0.163066
3.744000	0.891763
3.745000	0.642066
3.746000	-0.504486
3.747000	-0.845906
3.748000	0.107013
3.749000	0.907052
3.750000	0.397473
3.751000	-0.642066
3.752000	-0.672644
3.753000	0.331224
3.754000	0.856092
3.755000	0.137591
3.756000	-0.728697
3.757000	-0.463722
3.758000	0.540157
3.759000	0.764368
3.760000	-0.117199
3.761000	-0.764368
3.762000	-0.208933
3.763000	0.693026
3.764000	0.596210
3.765000	-0.326131
3.766000	-0.687933
3.767000	0.030578
3.768000	0.743986
3.769000	0.387277
3.770000	-0.489197
3.771000	-0.596210
3.772000	0.219118
3.773000	0.728697
3.774000	0.188540
3.775000	-0.580921
3.776000	-0.438237
3.777000	0.382184
3.778000	0.657355
3.779000	-0.020382
3.780000	-0.616592
3.781000	-0.239500
3.782000	0.524868
3.783000	0.529961
3.784000	-0.224211
3.785000	-0.586014
3.786000	-0.030578
3.787000	0.611499
3.788000	0.377091
3.789000	-0.377091
3.790000	-0.509579
3.791000	0.173262
3.792000	0.636973
3.793000	0.193644
3.794000	-0.479001
3.795000	-0.371998
3.796000	0.336327
3.797000	0.591117
3.798000	0.005093
3.799000	-0.524868
3.800000	-0.224211
3.801000	0.448433
3.802000	0.479001
3.803000	-0.173262
3.804000	-0.509579
3.805000	-0.040764
3.806000	0.519775
3.807000	0.336327
3.808000	-0.315935
3.809000	-0.443330
3.810000	0.132488
3.811000	0.555446
3.812000	0.183448
3.813000	-0.412762
3.814000	-0.351606
3.815000	0.275171
3.816000	0.519775
3.817000	0.025475
3.818000	-0.458619
3.819000	-0.208933
3.820000	0.387277
3.821000	0.448433
3.822000	-0.117199
3.823000	-0.458619
3.824000	-0.061146
3.825000	0.458619
3.826000	0.326131
3.827000	-0.249697
3.828000	-0.397473
3.829000	0.086631
3.830000	0.479001
3.831000	0.188540
3.832000	-0.346513
3.833000	-0.315935
3.834000	0.224211
3.835000	0.468815
3.836000	0.040764
3.837000	-0.402566
3.838000	-0.198737
3.839000	0.331224
3.840000	0.407669
3.841000	-0.086631
3.842000	-0.402566
3.843000	-0.071342
3.844000	0.397473
3.845000	0.295553
3.846000	-0.198737
3.847000	-0.366895
3.848000	0.071342
3.849000	0.438237
3.850000	0.188540
3.851000	-0.290460
3.852000	-0.285367
3.853000	0.188540
3.854000	0.412762
3.855000	0.056053
3.856000	-0.346513
3.857000	-0.193644
3.858000	0.290460
3.859000	0.361802
3.860000	-0.061146
3.861000	-0.351606
3.862000	-0.071342
3.863000	0.351606
3.864000	0.295553
3.865000	-0.152869
3.866000	-0.321038
3.867000	0.040764
3.868000	0.371998
3.869000	0.183448
3.870000	-0.229315
3.871000	-0.254789
3.872000	0.157973
3.873000	0.366895
3.874000	0.066249
3.875000	-0.285367
3.876000	-0.173262
3.877000	0.229315
3.878000	0.326131
3.879000	-0.040764
3.880000	-0.305749
3.881000	-0.071342
3.882000	0.295553
3.883000	0.259882
3.884000	-0.132488
3.885000	-0.280264
3.886000	0.030578
3.887000	0.326131
3.888000	0.178355
3.889000	-0.198737
3.890000	-0.229315
3.891000	0.122302
3.892000	0.326131
3.893000	0.081538
3.894000	-0.239500
3.895000	-0.152869
3.896000	0.208933
3.897000	0.295553
3.898000	-0.020382
3.899000	-0.254789
3.900000	-0.061146
3.901000	0.264986
3.902000	0.244604
3.903000	-0.096817
3.904000	-0.239500
3.905000	0.030578
3.906000	0.300656
3.907000	0.163066
3.908000	-0.163066
3.909000	-0.198737
3.910000	0.112106
3.911000	0.295553
3.912000	0.081538
3.913000	-0.214026
3.914000	-0.137591
3.915000	0.188540
3.916000	0.264986
3.917000	-0.015289
3.918000	-0.224211
3.919000	-0.056053
3.920000	0.244604
3.921000	0.219118
3.922000	-0.091724
3.923000	-0.214026
3.924000	0.025475
3.925000	0.270078
3.926000	0.152869
3.927000	-0.147777
3.928000	-0.178355
3.929000	0.107013
3.930000	0.264986
3.931000	0.081538
3.932000	-0.178355
3.933000	-0.117199
3.934000	0.163066
3.935000	0.244604
3.936000	0.000000
3.937000	-0.198737
3.938000	-0.056053
3.939000	0.208933
3.940000	0.193644
3.941000	-0.076435
3.942000	-0.198737
3.943000	0.015289
3.944000	0.239500
3.945000	0.127395
3.946000	-0.132488
3.947000	-0.163066
3.948000	0.081538
3.949000	0.239500
3.950000	0.071342
3.951000	-0.173262
3.952000	-0.112106
3.953000	0.152869
3.954000	0.219118
3.955000	-0.005093
3.956000	-0.178355
3.957000	-0.056053
3.958000	0.198737
3.959000	0.188540
3.960000	-0.056053
3.961000	-0.173262
3.962000	0.025475
3.963000	0.219118
3.964000	0.132488
3.965000	-0.101920
3.966000	-0.142684
3.967000	0.076435
3.968000	0.224211
3.969000	0.066249
3.970000	-0.142684
3.971000	-0.101920
3.972000	0.137591
3.973000	0.208933
3.974000	0.005093
3.975000	-0.157973
3.976000	-0.045867
3.977000	0.163066
3.978000	0.163066
3.979000	-0.050960
3.980000	-0.157973
3.981000	0.010196
3.982000	0.198737
3.983000	0.122302
3.984000	-0.096817
3.985000	-0.127395
3.986000	0.061146
3.987000	0.198737
3.988000	0.071342
3.989000	-0.132488
3.990000	-0.081538
3.991000	0.112106
3.992000	0.183448
3.993000	0.020382
3.994000	-0.137591
3.995000	-0.040764
3.996000	0.152869
3.997000	0.163066
3.998000	-0.030578
3.999000	-0.122302
4.000000	0.010196
4.001000	0.178355
4.002000	0.117199
4.003000	-0.076435
4.004000	-0.117199
4.005000	0.061146
4.006000	0.178355
4.007000	0.066249
4.008000	-0.107013
4.009000	-0.081538
4.010000	0.107013
4.011000	0.173262
4.012000	0.020382
4.013000	-0.117199
4.014000	-0.035671
4.015000	0.147777
4.016000	0.142684
4.017000	-0.020382
4.018000	-0.112106
4.019000	0.010196
4.020000	0.168158
4.021000	0.112106
4.022000	-0.056053
4.023000	-0.091724
4.024000	0.066249
4.025000	0.168158
4.026000	0.061146
4.027000	-0.086631
4.028000	-0.071342
4.029000	0.091724
4.030000	0.163066
4.031000	0.030578
4.032000	-0.096817
4.033000	-0.030578
4.034000	0.122302
4.035000	0.137591
4.036000	-0.020382
4.037000	-0.107013
4.038000	0.010196
4.039000	0.142684
4.040000	0.107013
4.041000	-0.050960
4.042000	-0.086631
4.043000	0.045867
4.044000	0.152869
4.045000	0.066249
4.046000	-0.081538
4.047000	-0.066249
4.048000	0.081538
4.049000	0.142684
4.050000	0.025475
4.051000	-0.096817
4.052000	-0.030578
4.053000	0.112106
4.054000	0.132488
4.055000	-0.005093
4.056000	-0.091724
4.057000	0.000000
4.058000	0.127395
4.059000	0.107013
4.060000	-0.035671
4.061000	-0.086631
4.062000	0.035671
4.063000	0.142684
4.064000	0.066249
4.065000	-0.061146
4.066000	-0.061146
4.067000	0.081538
4.068000	0.137591
4.069000	0.030578
4.070000	-0.071342
4.071000	-0.030578
4.072000	0.096817
4.073000	0.112106
4.074000	-0.005093
4.075000	-0.071342
4.076000	0.000000
4.077000	0.117199
4.078000	0.091724
4.079000	-0.020382
4.080000	-0.066249
4.081000	0.035671
4.082000	0.132488
4.083000	0.066249
4.084000	-0.050960
4.085000	-0.050960
4.086000	0.071342
4.087000	0.127395
4.088000	0.040764
4.089000	-0.066249
4.090000	-0.030578
4.091000	0.091724
4.092000	0.112106
4.093000	0.005093
4.094000	-0.066249
4.095000	0.000000
4.096000	0.117199
4.097000	0.091724
4.098000	-0.020382
4.099000	-0.061146
4.100000	0.035671
4.101000	0.117199
4.102000	0.061146
4.103000	-0.050960
4.104000	-0.056053
4.105000	0.061146
4.106000	0.117199
4.107000	0.030578
4.108000	-0.061146
4.109000	-0.030578
4.110000	0.091724
4.111000	0.101920
4.112000	0.010196
4.113000	-0.061146
4.114000	-0.005093
4.115000	0.107013
4.116000	0.091724
4.117000	-0.015289
4.118000	-0.056053
4.119000	0.035671
4.120000	0.112106
4.121000	0.061146
4.122000	-0.040764
4.123000	-0.040764
4.124000	0.050960
4.125000	0.112106
4.126000	0.040764
4.127000	-0.045867
4.128000	-0.020382
4.129000	0.076435
4.130000	0.112106
4.131000	0.015289
4.132000	-0.040764
4.133000	0.005093
4.134000	0.091724
4.135000	0.091724
4.136000	-0.010196
4.137000	-0.050960
4.138000	0.030578
4.139000	0.101920
4.140000	0.061146
4.141000	-0.030578
4.142000	-0.035671
4.143000	0.050960
4.144000	0.101920
4.145000	0.030578
4.146000	-0.035671
4.147000	-0.025475
4.148000	0.081538
4.149000	0.091724
4.150000	0.015289
4.151000	-0.045867
4.152000	0.010196
4.153000	0.086631
4.154000	0.081538
4.155000	-0.010196
4.156000	-0.045867
4.157000	0.020382
4.158000	0.091724
4.159000	0.061146
4.160000	-0.030578
4.161000	0.621684
4.162000	0.275171
4.163000	-0.315935
4.164000	-0.723604
4.165000	0.030578
4.166000	0.591117
4.167000	0.611499
4.168000	-0.264986
4.169000	-0.591117
4.170000	0.295553
4.171000	0.494290
4.172000	0.178355
4.173000	-0.305749
4.174000	-0.407669
4.175000	0.290460
4.176000	0.509579
4.177000	-0.061146
4.178000	-0.356709
4.179000	-0.112106
4.180000	0.244604
4.181000	0.244604
4.182000	-0.188540
4.183000	-0.270078
4.184000	-0.020382
4.185000	0.163066
4.186000	0.178355
4.187000	-0.086631
4.188000	-0.071342
4.189000	0.081538
4.190000	0.137591
4.191000	0.107013
4.192000	-0.122302
4.193000	-0.091724
4.194000	0.081538
4.195000	0.127395
4.196000	0.066249
4.197000	0.010196
4.198000	-0.005093
4.199000	0.112106
4.200000	0.066249
4.201000	-0.050960
4.202000	-0.020382
4.203000	0.071342
4.204000	0.157973
4.205000	0.086631
4.206000	-0.066249
4.207000	-0.030578
4.208000	0.025475
4.209000	0.101920
4.210000	-0.010196
4.211000	-0.061146
4.212000	0.005093
4.213000	0.020382
4.214000	0.040764
4.215000	-0.020382
4.216000	-0.005093
4.217000	0.050960
4.218000	0.086631
4.219000	0.066249
4.220000	-0.025475
4.221000	-0.030578
4.222000	0.015289
4.223000	0.066249
4.224000	0.015289
4.225000	-0.066249
4.226000	-0.005093
4.227000	0.122302
4.228000	0.163066
4.229000	0.056053
4.230000	-0.035671
4.231000	-0.005093
4.232000	0.091724
4.233000	0.112106
4.234000	0.015289
4.235000	-0.025475
4.236000	0.015289
4.237000	0.066249
4.238000	0.071342
4.239000	-0.015289
4.240000	-0.010196
4.241000	0.040764
4.242000	0.086631
4.243000	0.035671
4.244000	-0.050960
4.245000	-0.035671
4.246000	0.050960
4.247000	0.096817
4.248000	0.035671
4.249000	-0.045867
4.250000	-0.025475
4.251000	0.045867
4.252000	0.066249
4.253000	0.005093
4.254000	-0.025475
4.255000	0.005093
4.256000	0.066249
4.257000	0.076435
4.258000	0.020382
4.259000	0.005093
4.260000	0.030578
4.261000	0.050960
4.262000	0.020382
4.263000	-0.005093
4.264000	0.015289
4.265000	0.061146
4.266000	0.061146
4.267000	0.005093
4.268000	-0.020382
4.269000	0.020382
4.270000	0.071342
4.271000	0.076435
4.272000	0.030578
4.273000	-0.005093
4.274000	0.005093
4.275000	0.040764
4.276000	0.040764
4.277000	0.000000
4.278000	0.005093
4.279000	0.030578
4.280000	0.056053
4.281000	0.035671
4.282000	0.000000
4.283000	0.015289
4.284000	0.045867
4.285000	0.061146
4.286000	0.030578
4.287000	0.005093
4.288000	0.030578
4.289000	0.061146
4.290000	0.025475
4.291000	-0.020382
4.292000	-0.030578
4.293000	0.030578
4.294000	0.076435
4.295000	0.056053
4.296000	0.000000
4.297000	0.005093
4.298000	0.045867
4.299000	0.071342
4.300000	0.035671
4.301000	0.010196
4.302000	0.030578
4.303000	0.066249
4.304000	0.045867
4.305000	-0.010196
4.306000	-0.015289
4.307000	0.025475
4.308000	0.066249
4.309000	0.045867
4.310000	0.005093
4.311000	0.005093
4.312000	0.056053
4.313000	0.061146
4.314000	0.010196
4.315000	-0.030578
4.316000	-0.010196
4.317000	0.035671
4.318000	0.045867
4.319000	0.010196
4.320000	-0.020382
4.321000	0.005093
4.322000	0.050960
4.323000	0.030578
4.324000	0.010196
4.325000	0.000000
4.326000	0.030578
4.327000	0.050960
4.328000	0.025475
4.329000	0.000000
4.330000	0.015289
4.331000	0.056053
4.332000	0.071342
4.333000	0.050960
4.334000	0.010196
4.335000	0.020382
4.336000	0.040764
4.337000	0.040764
4.338000	0.025475
4.339000	0.010196
4.340000	0.025475
4.341000	0.050960
4.342000	0.066249
4.343000	0.030578
4.344000	0.005093
4.345000	0.020382
4.346000	0.045867
4.347000	0.040764
4.348000	0.010196
4.349000	-0.005093
4.350000	0.020382
4.351000	0.035671
4.352000	0.020382
4.353000	0.005093
4.354000	0.000000
4.355000	0.035671
4.356000	0.050960
4.357000	0.025475
4.358000	0.000000
4.359000	0.015289
4.360000	0.045867
4.361000	0.045867
4.362000	0.020382
4.363000	0.025475
4.364000	0.428051
4.365000	1.044640
4.366000	0.840803
4.367000	0.076435
4.368000	-0.326131
4.369000	0.198737
4.370000	0.433144
4.371000	0.142684
4.372000	-0.193644
4.373000	-0.178355
4.374000	0.224211
4.375000	0.244604
4.376000	-0.030578
4.377000	-0.157973
4.378000	-0.040764
4.379000	0.264986
4.380000	0.178355
4.381000	-0.188540
4.382000	-0.178355
4.383000	0.086631
4.384000	0.183448
4.385000	0.056053
4.386000	-0.173262
4.387000	-0.122302
4.388000	0.086631
4.389000	0.152869
4.390000	0.061146
4.391000	-0.132488
4.392000	-0.086631
4.393000	0.117199
4.394000	0.203829
4.395000	0.050960
4.396000	-0.142684
4.397000	-0.081538
4.398000	0.147777
4.399000	0.183448
4.400000	0.025475
4.401000	-0.071342
4.402000	0.020382
4.403000	0.183448
4.404000	0.107013
4.405000	-0.091724
4.406000	-0.096817
4.407000	0.091724
4.408000	0.198737
4.409000	0.071342
4.410000	-0.122302
4.411000	-0.040764
4.412000	0.504486
4.413000	0.728697
4.414000	-0.015289
4.415000	-0.723604
4.416000	-0.366895
4.417000	0.759275
4.418000	0.958012
4.419000	-0.101920
4.420000	-0.871381
4.421000	-0.382184
4.422000	0.657355
4.423000	0.728697
4.424000	-0.254789
4.425000	-0.774564
4.426000	-0.117199
4.427000	0.743986
4.428000	0.499393
4.429000	-0.473908
4.430000	-0.652262
4.431000	0.198737
4.432000	0.815328
4.433000	0.280264
4.434000	-0.626788
4.435000	-0.529961
4.436000	0.387277
4.437000	0.631881
4.438000	-1.014060
4.439000	-1.075210
4.440000	-0.219118
4.441000	1.411540
4.442000	0.830617
4.443000	-0.820421
4.444000	-0.636973
4.445000	-0.030578
4.446000	0.392380
4.447000	0.392380
4.448000	-0.529961
4.449000	-0.071342
4.450000	0.377091
4.451000	0.402566
4.452000	-0.101920
4.453000	-0.560539
4.454000	-0.076435
4.455000	0.540157
4.456000	0.127395
4.457000	-0.326131
4.458000	-0.361802
4.459000	0.198737
4.460000	0.591117
4.461000	0.178355
4.462000	-0.321038
4.463000	-0.326131
4.464000	0.137591
4.465000	0.504486
4.466000	0.045867
4.467000	-0.356709
4.468000	-0.224211
4.469000	0.219118
4.470000	0.030578
4.471000	-0.056053
4.472000	-0.356709
4.473000	-0.244604
4.474000	0.356709
4.475000	0.371998
4.476000	-0.025475
4.477000	-0.484104
4.478000	-0.285367
4.479000	0.438237
4.480000	0.377091
4.481000	-0.066249
4.482000	-0.346513
4.483000	-0.025475
4.484000	0.397473
4.485000	-0.076435
4.486000	-0.234407
4.487000	-1.487970
4.488000	-1.054830
4.489000	1.105790
4.490000	1.166930
4.491000	-0.239500
4.492000	-1.263760
4.493000	-0.647170
4.494000	0.586014
4.495000	0.519775
4.496000	-0.356709
4.497000	-0.769461
4.498000	-0.234407
4.499000	0.560539
4.500000	0.433144
4.501000	-0.448433
4.502000	-0.687933
4.503000	-0.081538
4.504000	0.504486
4.505000	0.331224
4.506000	-0.468815
4.507000	-0.733801
4.508000	-0.025475
4.509000	0.580921
4.510000	0.183448
4.511000	-0.519775
4.512000	-0.489197
4.513000	0.132488
4.514000	0.636973
4.515000	0.346513
4.516000	-0.321038
4.517000	-0.331224
4.518000	0.127395
4.519000	0.453526
4.520000	0.112106
4.521000	-0.326131
4.522000	-0.173262
4.523000	0.224211
4.524000	0.346513
4.525000	-0.081538
4.526000	-0.280264
4.527000	0.010196
4.528000	0.346513
4.529000	0.264986
4.530000	-0.035671
4.531000	-0.244604
4.532000	-0.086631
4.533000	0.198737
4.534000	0.157973
4.535000	-0.020382
4.536000	-0.371998
4.537000	-0.794946
4.538000	-0.152869
4.539000	0.509579
4.540000	0.295553
4.541000	-0.468815
4.542000	-0.845906
4.543000	0.101920
4.544000	0.932527
4.545000	0.499393
4.546000	-0.504486
4.547000	-0.764368
4.548000	-0.045867
4.549000	0.428051
4.550000	0.101920
4.551000	-0.438237
4.552000	-0.448433
4.553000	0.050960
4.554000	0.433144
4.555000	0.157973
4.556000	-0.366895
4.557000	-0.397473
4.558000	0.045867
4.559000	0.392380
4.560000	0.091724
4.561000	-0.428051
4.562000	-0.448433
4.563000	-0.010196
4.564000	0.346513
4.565000	0.168158
4.566000	-0.229315
4.567000	-0.254789
4.568000	-0.030578
4.569000	0.142684
4.570000	-0.015289
4.571000	-0.275171
4.572000	-0.254789
4.573000	-0.020382
4.574000	0.096817
4.575000	0.045867
4.576000	-0.076435
4.577000	-0.112106
4.578000	-0.040764
4.579000	-0.040764
4.580000	-0.101920
4.581000	-0.142684
4.582000	-0.117199
4.583000	-0.035671
4.584000	-0.015289
4.585000	-0.091724
4.586000	-0.147777
4.587000	-0.122302
4.588000	0.005093
4.589000	0.040764
4.590000	-0.020382
4.591000	-0.101920
4.592000	-0.142684
4.593000	-0.117199
4.594000	-0.045867
4.595000	0.010196
4.596000	-0.020382
4.597000	-0.076435
4.598000	-0.112106
4.599000	-0.076435
4.600000	-0.040764
4.601000	-0.050960
4.602000	-0.066249
4.603000	-0.076435
4.604000	-0.045867
4.605000	-0.015289
4.606000	-0.005093
4.607000	-0.045867
4.608000	-0.096817
4.609000	-0.071342
4.610000	-0.050960
4.611000	-0.045867
4.612000	-0.040764
4.613000	-0.050960
4.614000	-0.035671
4.615000	-0.015289
4.616000	-0.050960
4.617000	-0.076435
4.618000	-0.091724
4.619000	-0.040764
4.620000	0.020382
4.621000	-0.005093
4.622000	-0.076435
4.623000	-0.132488
4.624000	-0.086631
4.625000	-0.015289
4.626000	0.000000
4.627000	-0.056053
4.628000	-0.091724
4.629000	-0.066249
4.630000	-0.020382
4.631000	-0.025475
4.632000	-0.071342
4.633000	-0.076435
4.634000	-0.061146
4.635000	-0.015289
4.636000	0.005093
4.637000	-0.020382
4.638000	-0.066249
4.639000	-0.076435
4.640000	-0.056053
4.641000	-0.040764
4.642000	-0.061146
4.643000	-0.056053
4.644000	-0.056053
4.645000	-0.045867
4.646000	-0.040764
4.647000	-0.061146
4.648000	-0.056053
4.649000	-0.020382
4.650000	-0.005093
4.651000	-0.030578
4.652000	-0.076435
4.653000	-0.096817
4.654000	-0.081538
4.655000	-0.050960
4.656000	-0.020382
4.657000	-0.025475
4.658000	-0.030578
4.659000	-0.030578
4.660000	-0.025475
4.661000	-0.010196
4.662000	-0.025475
4.663000	-0.076435
4.664000	-0.081538
4.665000	-0.061146
4.666000	-0.035671
4.667000	-0.050960
4.668000	-0.066249
4.669000	-0.040764
4.670000	-0.015289
4.671000	0.000000
4.672000	-0.030578
4.673000	-0.050960
4.674000	-0.030578
4.675000	-0.015289
4.676000	-0.045867
4.677000	-0.101920
4.678000	-0.112106
4.679000	-0.061146
4.680000	0.010196
4.681000	-0.005093
4.682000	-0.056053
4.683000	-0.096817
4.684000	-0.066249
4.685000	-0.020382
4.686000	-0.056053
4.687000	-0.117199
4.688000	-0.112106
4.689000	-0.050960
4.690000	0.005093
4.691000	-0.015289
4.692000	-0.061146
4.693000	-0.066249
4.694000	-0.035671
4.695000	-0.005093
4.696000	-0.035671
4.697000	-0.101920
4.698000	-0.112106
4.699000	-0.066249
4.700000	-0.030578
4.701000	-0.040764
4.702000	-0.056053
4.703000	-0.040764
4.704000	-0.020382
4.705000	-0.005093
4.706000	-0.015289
4.707000	-0.066249
4.708000	-0.107013
4.709000	-0.086631
4.710000	-0.035671
4.711000	-0.020382
4.712000	-0.045867
4.713000	-0.056053
4.714000	-0.030578
4.715000	-0.010196
4.716000	-0.025475
4.717000	-0.050960
4.718000	-0.035671
4.719000	-0.040764
4.720000	-0.056053
4.721000	-0.061146
4.722000	-0.061146
4.723000	-0.050960
4.724000	-0.040764
4.725000	-0.040764
4.726000	-0.040764
4.727000	-0.030578
4.728000	-0.035671
4.729000	-0.040764
4.730000	-0.061146
4.731000	-0.061146
4.732000	-0.040764
4.733000	-0.035671
4.734000	-0.045867
4.735000	-0.040764
4.736000	-0.035671
4.737000	-0.045867
4.738000	-0.071342
4.739000	-0.061146
4.740000	-0.035671
4.741000	-0.050960
4.742000	-0.071342
4.743000	-0.071342
4.744000	-0.045867
4.745000	-0.025475
4.746000	-0.035671
4.747000	-0.040764
4.748000	-0.050960
4.749000	-0.045867
4.750000	-0.035671
4.751000	-0.020382
4.752000	-0.045867
4.753000	-0.071342
4.754000	-0.081538
4.755000	-0.035671
4.756000	-0.010196
4.757000	-0.015289
4.758000	-0.045867
4.759000	-0.061146
4.760000	-0.035671
4.761000	-0.035671
4.762000	-0.050960
4.763000	-0.066249
4.764000	-0.061146
4.765000	-0.040764
4.766000	-0.020382
4.767000	-0.030578
4.768000	-0.040764
4.769000	-0.056053
4.770000	-0.045867
4.771000	-0.025475
4.772000	-0.040764
4.773000	-0.030578
4.774000	-0.035671
4.775000	-0.050960
4.776000	-0.056053
4.777000	-0.030578
4.778000	-0.015289
4.779000	-0.010196
4.780000	-0.035671
4.781000	-0.045867
4.782000	-0.056053
4.783000	-0.056053
4.784000	-0.030578
4.785000	-0.040764
4.786000	-0.066249
4.787000	-0.071342
4.788000	-0.030578
4.789000	0.005093
4.790000	-0.035671
4.791000	-0.081538
4.792000	-0.050960
4.793000	-0.020382
4.794000	-0.035671
4.795000	-0.071342
4.796000	-0.091724
4.797000	-0.045867
4.798000	-0.010196
4.799000	-0.010196
4.800000	-0.040764
4.801000	-0.071342
4.802000	-0.066249
4.803000	-0.040764
4.804000	-0.040764
4.805000	-0.071342
4.806000	-0.101920
4.807000	-0.066249
4.808000	-0.010196
4.809000	-0.005093
4.810000	-0.050960
4.811000	-0.081538
4.812000	-0.040764
4.813000	0.000000
4.814000	-0.010196
4.815000	-0.061146
4.816000	-0.076435
4.817000	-0.050960
4.818000	-0.010196
4.819000	-0.015289
4.820000	-0.040764
4.821000	-0.050960
4.822000	-0.030578
4.823000	-0.020382
4.824000	-0.035671
4.825000	-0.050960
4.826000	-0.061146
4.827000	-0.056053
4.828000	-0.025475
4.829000	-0.030578
4.830000	-0.045867
4.831000	-0.050960
4.832000	-0.040764
4.833000	-0.015289
4.834000	-0.025475
4.835000	-0.035671
4.836000	-0.045867
4.837000	-0.050960
4.838000	-0.030578
4.839000	-0.015289
4.840000	-0.035671
4.841000	-0.050960
4.842000	-0.045867
4.843000	-0.030578
4.844000	-0.020382
4.845000	-0.025475
4.846000	-0.050960
4.847000	-0.045867
4.848000	-0.030578
4.849000	-0.010196
4.850000	-0.020382
4.851000	-0.040764
4.852000	-0.030578
4.853000	-0.020382
4.854000	-0.025475
4.855000	-0.030578
4.856000	-0.040764
4.857000	-0.025475
4.858000	-0.025475
4.859000	-0.025475
4.860000	-0.035671
4.861000	-0.040764
4.862000	-0.015289
4.863000	-0.015289
4.864000	-0.040764
4.865000	-0.050960
4.866000	-0.045867
4.867000	-0.020382
4.868000	-0.020382
4.869000	-0.040764
4.870000	-0.045867
4.871000	-0.035671
4.872000	-0.025475
4.873000	-0.025475
4.874000	-0.040764
4.875000	-0.035671
4.876000	-0.035671
4.877000	-0.025475
4.878000	-0.030578
4.879000	-0.030578
4.880000	-0.045867
4.881000	-0.030578
4.882000	-0.015289
4.883000	-0.030578
4.884000	-0.035671
4.885000	-0.030578
4.886000	-0.020382
4.887000	-0.030578
4.888000	-0.030578
4.889000	-0.040764
4.890000	-0.040764
4.891000	-0.040764
4.892000	-0.025475
4.893000	-0.020382
4.894000	-0.025475
4.895000	-0.025475
4.896000	-0.025475
4.897000	-0.025475
4.898000	-0.030578
4.899000	-0.040764
4.900000	-0.035671
4.901000	-0.035671
4.902000	-0.030578
4.903000	-0.015289
4.904000	-0.025475
4.905000	-0.025475
4.906000	-0.035671
4.907000	-0.035671
4.908000	-0.030578
4.909000	-0.025475
4.910000	-0.040764
4.911000	-0.056053
4.912000	-0.035671
4.913000	-0.030578
4.914000	-0.020382
4.915000	-0.020382
4.916000	-0.030578
4.917000	-0.030578
4.918000	-0.040764
4.919000	-0.035671
4.920000	-0.045867
4.921000	-0.050960
4.922000	-0.040764
4.923000	-0.030578
4.924000	-0.020382
4.925000	-0.035671
4.926000	-0.030578
4.927000	-0.030578
4.928000	-0.040764
4.929000	-0.035671
4.930000	-0.040764
4.931000	-0.025475
4.932000	-0.035671
4.933000	-0.035671
4.934000	-0.035671
4.935000	-0.030578
4.936000	-0.025475
4.937000	-0.025475
4.938000	-0.030578
4.939000	-0.035671
4.940000	-0.040764
4.941000	-0.030578
4.942000	-0.040764
4.943000	-0.035671
4.944000	-0.045867
4.945000	-0.030578
4.946000	-0.030578
4.947000	-0.030578
4.948000	-0.035671
4.949000	-0.030578
4.950000	-0.030578
4.951000	-0.035671
4.952000	-0.040764
4.953000	-0.040764
4.954000	-0.050960
4.955000	-0.035671
4.956000	-0.030578
4.957000	-0.045867
4.958000	-0.030578
4.959000	-0.020382
4.960000	-0.030578
4.961000	-0.035671
4.962000	-0.035671
4.963000	-0.035671
4.964000	-0.030578
4.965000	-0.035671
4.966000	-0.030578
4.967000	-0.040764
4.968000	-0.035671
4.969000	-0.025475
4.970000	-0.025475
4.971000	-0.035671
4.972000	-0.040764
4.973000	-0.040764
4.974000	-0.030578
4.975000	-0.025475
4.976000	-0.030578
4.977000	-0.020382
4.978000	-0.025475
4.979000	-0.025475
4.980000	-0.030578
4.981000	-0.020382
4.982000	-0.030578
4.983000	-0.030578
4.984000	-0.035671
4.985000	-0.025475
4.986000	-0.015289
4.987000	-0.020382
4.988000	-0.025475
4.989000	-0.025475
4.990000	-0.020382
4.991000	-0.025475
4.992000	-0.020382
4.993000	-0.035671
4.994000	-0.030578
4.995000	-0.020382
4.996000	-0.015289
4.997000	-0.025475
4.998000	-0.030578
4.999000	-0.025475
