-0.500000	-0.479344
-0.499000	-0.390219
-0.498000	-0.390219
-0.497000	-0.390219
-0.496000	-0.479344
-0.495000	-0.479344
-0.494000	-0.479344
-0.493000	-0.479344
-0.492000	-0.479344
-0.491000	-0.479344
-0.490000	-0.390219
-0.489000	-0.479344
-0.488000	-0.568287
-0.487000	-0.390219
-0.486000	-0.390219
-0.485000	-0.390219
-0.484000	-0.479344
-0.483000	-0.390219
-0.482000	-0.479344
-0.481000	-0.568287
-0.480000	-0.390219
-0.479000	-0.479344
-0.478000	-0.390219
-0.477000	-0.390219
-0.476000	-0.479344
-0.475000	-0.479344
-0.474000	-0.390219
-0.473000	-0.568287
-0.472000	-0.390219
-0.471000	-0.390219
-0.470000	-0.390219
-0.469000	-0.390219
-0.468000	-0.390219
-0.467000	-0.479344
-0.466000	-0.479344
-0.465000	-0.479344
-0.464000	-0.568287
-0.463000	-0.479344
-0.462000	-0.479344
-0.461000	-0.479344
-0.460000	-0.479344
-0.459000	-0.568287
-0.458000	-0.479344
-0.457000	-0.479344
-0.456000	-0.479344
-0.455000	-0.390219
-0.454000	-0.301276
-0.453000	-0.479344
-0.452000	-0.390219
-0.451000	-0.390219
-0.450000	-0.390219
-0.449000	-0.479344
-0.448000	-0.390219
-0.447000	-0.479344
-0.446000	-0.479344
-0.445000	-0.479344
-0.444000	-0.479344
-0.443000	-0.479344
-0.442000	-0.390219
-0.441000	-0.390219
-0.440000	-0.479344
-0.439000	-0.479344
-0.438000	-0.301276
-0.437000	-0.390219
-0.436000	-0.390219
-0.435000	-0.301276
-0.434000	-0.479344
-0.433000	-0.479344
-0.432000	-0.479344
-0.431000	-0.479344
-0.430000	-0.479344
-0.429000	-0.390219
-0.428000	-0.568287
-0.427000	-0.568287
-0.426000	-0.479344
-0.425000	-0.390219
-0.424000	-0.301276
-0.423000	-0.390219
-0.422000	-0.479344
-0.421000	-0.479344
-0.420000	-0.479344
-0.419000	-0.390219
-0.418000	-0.390219
-0.417000	-0.479344
-0.416000	-0.568287
-0.415000	-0.390219
-0.414000	-0.479344
-0.413000	-0.390219
-0.412000	-0.568287
-0.411000	-0.479344
-0.410000	-0.479344
-0.409000	-0.479344
-0.408000	-0.390219
-0.407000	-0.390219
-0.406000	-0.479344
-0.405000	-0.390219
-0.404000	-0.568287
-0.403000	-0.390219
-0.402000	-0.390219
-0.401000	-0.390219
-0.400000	-0.390219
-0.399000	-0.390219
-0.398000	-0.479344
-0.397000	-0.479344
-0.396000	-0.479344
-0.395000	-0.479344
-0.394000	-0.479344
-0.393000	-0.479344
-0.392000	-0.390219
-0.391000	-0.301276
-0.390000	-0.390219
-0.389000	-0.568287
-0.388000	-0.479344
-0.387000	-0.390219
-0.386000	-0.479344
-0.385000	-0.390219
-0.384000	-0.390219
-0.383000	-0.479344
-0.382000	-0.390219
-0.381000	-0.479344
-0.380000	-0.479344
-0.379000	-0.390219
-0.378000	-0.390219
-0.377000	-0.479344
-0.376000	-0.479344
-0.375000	-0.479344
-0.374000	-0.390219
-0.373000	-0.479344
-0.372000	-0.390219
-0.371000	-0.301276
-0.370000	-0.390219
-0.369000	-0.301276
-0.368000	-0.390219
-0.367000	-0.301276
-0.366000	-0.479344
-0.365000	-0.479344
-0.364000	-0.479344
-0.363000	-0.390219
-0.362000	-0.479344
-0.361000	-0.390219
-0.360000	-0.479344
-0.359000	-0.479344
-0.358000	-0.390219
-0.357000	-0.479344
-0.356000	-0.390219
-0.355000	-0.390219
-0.354000	-0.390219
-0.353000	-0.479344
-0.352000	-0.479344
-0.351000	-0.390219
-0.350000	-0.479344
-0.349000	-0.301276
-0.348000	-0.568287
-0.347000	-0.479344
-0.346000	-0.479344
-0.345000	-0.479344
-0.344000	-0.568287
-0.343000	-0.479344
-0.342000	-0.479344
-0.341000	-0.479344
-0.340000	-0.301276
-0.339000	-0.479344
-0.338000	-0.479344
-0.337000	-0.390219
-0.336000	-0.390219
-0.335000	-0.301276
-0.334000	-0.479344
-0.333000	-0.390219
-0.332000	-0.568287
-0.331000	-0.479344
-0.330000	-0.479344
-0.329000	-0.390219
-0.328000	-0.568287
-0.327000	-0.479344
-0.326000	-0.479344
-0.325000	-0.390219
-0.324000	-0.390219
-0.323000	-0.479344
-0.322000	-0.301276
-0.321000	-0.479344
-0.320000	-0.479344
-0.319000	-0.479344
-0.318000	-0.301276
-0.317000	-0.390219
-0.316000	-0.479344
-0.315000	-0.479344
-0.314000	-0.479344
-0.313000	-0.479344
-0.312000	-0.568287
-0.311000	-0.390219
-0.310000	-0.479344
-0.309000	-0.479344
-0.308000	-0.390219
-0.307000	-0.390219
-0.306000	-0.390219
-0.305000	-0.568287
-0.304000	-0.479344
-0.303000	-0.390219
-0.302000	-0.390219
-0.301000	-0.390219
-0.300000	-0.390219
-0.299000	-0.568287
-0.298000	-0.390219
-0.297000	-0.390219
-0.296000	-0.390219
-0.295000	-0.568287
-0.294000	-0.479344
-0.293000	-0.479344
-0.292000	-0.479344
-0.291000	-0.390219
-0.290000	-0.390219
-0.289000	-0.479344
-0.288000	-0.390219
-0.287000	-0.301276
-0.286000	-0.390219
-0.285000	-0.390219
-0.284000	-0.390219
-0.283000	-0.479344
-0.282000	-0.479344
-0.281000	-0.568287
-0.280000	-0.479344
-0.279000	-0.479344
-0.278000	-0.390219
-0.277000	-0.479344
-0.276000	-0.479344
-0.275000	-0.390219
-0.274000	-0.390219
-0.273000	-0.390219
-0.272000	-0.390219
-0.271000	-0.479344
-0.270000	-0.479344
-0.269000	-0.390219
-0.268000	-0.390219
-0.267000	-0.390219
-0.266000	-0.390219
-0.265000	-0.568287
-0.264000	-0.390219
-0.263000	-0.390219
-0.262000	-0.390219
-0.261000	-0.479344
-0.260000	-0.479344
-0.259000	-0.479344
-0.258000	-0.479344
-0.257000	-0.390219
-0.256000	-0.301276
-0.255000	-0.390219
-0.254000	-0.479344
-0.253000	-0.390219
-0.252000	-0.390219
-0.251000	-0.479344
-0.250000	-0.479344
-0.249000	-0.568287
-0.248000	-0.479344
-0.247000	-0.479344
-0.246000	-0.479344
-0.245000	-0.390219
-0.244000	-0.390219
-0.243000	-0.479344
-0.242000	-0.479344
-0.241000	-0.479344
-0.240000	-0.301276
-0.239000	-0.479344
-0.238000	-0.301276
-0.237000	-0.390219
-0.236000	-0.390219
-0.235000	-0.390219
-0.234000	-0.479344
-0.233000	-0.568287
-0.232000	-0.568287
-0.231000	-0.568287
-0.230000	-0.479344
-0.229000	-0.390219
-0.228000	-0.479344
-0.227000	-0.479344
-0.226000	-0.479344
-0.225000	-0.390219
-0.224000	-0.390219
-0.223000	-0.479344
-0.222000	-0.479344
-0.221000	-0.390219
-0.220000	-0.390219
-0.219000	-0.390219
-0.218000	-0.390219
-0.217000	-0.479344
-0.216000	-0.479344
-0.215000	-0.479344
-0.214000	-0.479344
-0.213000	-0.479344
-0.212000	-0.390219
-0.211000	-0.479344
-0.210000	-0.479344
-0.209000	-0.390219
-0.208000	-0.390219
-0.207000	-0.390219
-0.206000	-0.390219
-0.205000	-0.390219
-0.204000	-0.390219
-0.203000	-0.390219
-0.202000	-0.301276
-0.201000	-0.390219
-0.200000	-0.568287
-0.199000	-0.479344
-0.198000	-0.479344
-0.197000	-0.390219
-0.196000	-0.390219
-0.195000	-0.568287
-0.194000	-0.568287
-0.193000	-0.568287
-0.192000	-0.390219
-0.191000	-0.479344
-0.190000	-0.479344
-0.189000	-0.479344
-0.188000	-0.479344
-0.187000	-0.390219
-0.186000	-0.390219
-0.185000	-0.390219
-0.184000	-0.301276
-0.183000	-0.390219
-0.182000	-0.568287
-0.181000	-0.479344
-0.180000	-0.479344
-0.179000	-0.479344
-0.178000	-0.479344
-0.177000	-0.479344
-0.176000	-0.479344
-0.175000	-0.479344
-0.174000	-0.390219
-0.173000	-0.479344
-0.172000	-0.301276
-0.171000	-0.479344
-0.170000	-0.479344
-0.169000	-0.301276
-0.168000	-0.390219
-0.167000	-0.479344
-0.166000	-0.568287
-0.165000	-0.479344
-0.164000	-0.479344
-0.163000	-0.390219
-0.162000	-0.479344
-0.161000	-0.479344
-0.160000	-0.568287
-0.159000	-0.479344
-0.158000	-0.479344
-0.157000	-0.390219
-0.156000	-0.390219
-0.155000	-0.479344
-0.154000	-0.390219
-0.153000	-0.390219
-0.152000	-0.390219
-0.151000	-0.390219
-0.150000	-0.568287
-0.149000	-0.390219
-0.148000	-0.390219
-0.147000	-0.390219
-0.146000	-0.479344
-0.145000	-0.479344
-0.144000	-0.479344
-0.143000	-0.479344
-0.142000	-0.479344
-0.141000	-0.479344
-0.140000	-0.479344
-0.139000	-0.479344
-0.138000	-0.479344
-0.137000	-0.479344
-0.136000	-0.301276
-0.135000	-0.390219
-0.134000	-0.390219
-0.133000	-0.479344
-0.132000	-0.479344
-0.131000	-0.479344
-0.130000	-0.301276
-0.129000	-0.568287
-0.128000	-0.568287
-0.127000	-0.479344
-0.126000	-0.568287
-0.125000	-0.390219
-0.124000	-0.479344
-0.123000	-0.479344
-0.122000	-0.301276
-0.121000	-0.568287
-0.120000	-0.479344
-0.119000	-0.479344
-0.118000	-0.390219
-0.117000	-0.479344
-0.116000	-0.479344
-0.115000	-0.479344
-0.114000	-0.479344
-0.113000	-0.479344
-0.112000	-0.479344
-0.111000	-0.479344
-0.110000	-0.568287
-0.109000	-0.479344
-0.108000	-0.479344
-0.107000	-0.390219
-0.106000	-0.479344
-0.105000	-0.568287
-0.104000	-0.479344
-0.103000	-0.479344
-0.102000	-0.479344
-0.101000	-0.301276
-0.100000	-0.390219
-0.099000	-0.568287
-0.098000	-0.568287
-0.097000	-0.479344
-0.096000	-0.479344
-0.095000	-0.479344
-0.094000	-0.568287
-0.093000	-0.479344
-0.092000	-0.479344
-0.091000	-0.390219
-0.090000	-0.479344
-0.089000	-0.390219
-0.088000	-0.390219
-0.087000	-0.479344
-0.086000	-0.390219
-0.085000	-0.390219
-0.084000	-0.390219
-0.083000	-0.479344
-0.082000	-0.568287
-0.081000	-0.568287
-0.080000	-0.390219
-0.079000	-0.479344
-0.078000	-0.390219
-0.077000	-0.568287
-0.076000	-0.479344
-0.075000	-0.390219
-0.074000	-0.479344
-0.073000	-0.390219
-0.072000	-0.390219
-0.071000	-0.479344
-0.070000	-0.390219
-0.069000	-0.390219
-0.068000	-0.390219
-0.067000	-0.390219
-0.066000	-0.479344
-0.065000	-0.479344
-0.064000	-0.479344
-0.063000	-0.390219
-0.062000	-0.479344
-0.061000	-0.479344
-0.060000	-0.568287
-0.059000	-0.479344
-0.058000	-0.390219
-0.057000	-0.390219
-0.056000	-0.390219
-0.055000	-0.301276
-0.054000	-0.301276
-0.053000	-0.390219
-0.052000	-0.390219
-0.051000	-0.390219
-0.050000	-0.479344
-0.049000	-0.390219
-0.048000	-0.479344
-0.047000	-0.479344
-0.046000	-0.390219
-0.045000	-0.479344
-0.044000	-0.479344
-0.043000	-0.568287
-0.042000	-0.568287
-0.041000	-0.301276
-0.040000	-0.390219
-0.039000	-0.479344
-0.038000	-0.479344
-0.037000	-0.479344
-0.036000	-0.479344
-0.035000	-0.301276
-0.034000	-0.479344
-0.033000	-0.479344
-0.032000	-0.568287
-0.031000	-0.390219
-0.030000	-0.568287
-0.029000	-0.568287
-0.028000	-0.479344
-0.027000	-0.568287
-0.026000	-0.568287
-0.025000	-0.657230
-0.024000	-0.390219
-0.023000	-0.301276
-0.022000	-0.212333
-0.021000	-0.568287
-0.020000	-0.479344
-0.019000	-0.301276
-0.018000	-0.123390
-0.017000	-0.034265
-0.016000	-0.123390
-0.015000	-0.034265
-0.014000	-0.123390
-0.013000	-0.301276
-0.012000	-0.212333
-0.011000	-0.123390
-0.010000	-0.568287
-0.009000	-0.034265
-0.008000	0.588700
-0.007000	0.321689
-0.006000	0.054678
-0.005000	0.232746
-0.004000	0.499575
-0.003000	0.499575
-0.002000	0.410632
-0.001000	0.588700
0.000000	-1.191250
0.001000	-0.301276
0.002000	-0.568287
0.003000	-0.123390
0.004000	0.855711
0.005000	0.677643
0.006000	-0.212333
0.007000	-0.924240
0.008000	-1.636150
0.009000	-1.636150
0.010000	-0.835298
0.011000	-0.123390
0.012000	-0.212333
0.013000	-0.835298
0.014000	-1.636150
0.015000	-1.547210
0.016000	-1.636150
0.017000	-1.903160
0.018000	-1.547210
0.019000	-1.636150
0.020000	-1.725270
0.021000	-1.636150
0.022000	-1.547210
0.023000	-1.458260
0.024000	-1.814220
0.025000	-1.102310
0.026000	-0.123390
0.027000	-0.835298
0.028000	0.766586
0.029000	-0.123390
0.030000	-1.903160
0.031000	0.054678
0.032000	0.321689
0.033000	-1.013180
0.034000	0.677643
0.035000	0.410632
0.036000	-1.725270
0.037000	-1.280190
0.038000	1.033600
0.039000	-5.196050
0.040000	-0.657230
0.041000	0.410632
0.042000	-1.636150
0.043000	-1.102310
0.044000	-1.725270
0.045000	0.143621
0.046000	0.855711
0.047000	-0.301276
0.048000	0.054678
0.049000	0.944654
0.050000	1.656560
0.051000	1.300610
0.052000	1.389550
0.053000	1.567620
0.054000	2.368470
0.055000	1.745500
0.056000	0.944654
0.057000	2.902490
0.058000	0.588700
0.059000	2.368470
0.060000	14.115700
0.061000	2.991430
0.062000	-0.123390
0.063000	-0.657230
0.064000	0.677643
0.065000	-3.416100
0.066000	0.855711
0.067000	6.462210
0.068000	2.991430
0.069000	-1.369320
0.070000	-3.149090
0.071000	1.033600
0.072000	2.457590
0.073000	3.169500
0.074000	2.635480
0.075000	-2.348240
0.076000	0.944654
0.077000	1.033600
0.078000	-1.280190
0.079000	0.677643
0.080000	4.504370
0.081000	-1.013180
0.082000	-0.568287
0.083000	0.677643
0.084000	-2.437180
0.085000	2.279530
0.086000	3.525460
0.087000	-8.666830
0.088000	-6.441980
0.089000	-7.064940
0.090000	-6.441980
0.091000	-1.458260
0.092000	2.546540
0.093000	-0.390219
0.094000	-1.013180
0.095000	-4.039060
0.096000	-7.687730
0.097000	-3.416100
0.098000	0.677643
0.099000	2.012510
0.100000	0.766586
0.101000	0.944654
0.102000	-1.013180
0.103000	-0.034265
0.104000	1.745500
0.105000	3.347390
0.106000	4.682440
0.107000	5.483290
0.108000	4.682440
0.109000	3.525460
0.110000	2.101460
0.111000	3.258440
0.112000	1.567620
0.113000	4.504370
0.114000	4.415430
0.115000	5.038400
0.116000	4.593320
0.117000	4.771380
0.118000	5.661360
0.119000	4.682440
0.120000	6.640280
0.121000	6.284320
0.122000	3.970350
0.123000	2.991430
0.124000	3.703520
0.125000	4.059480
0.126000	3.080560
0.127000	2.902490
0.128000	1.923570
0.129000	1.834630
0.130000	1.923570
0.131000	0.766586
0.132000	1.478680
0.133000	3.614400
0.134000	4.504370
0.135000	3.080560
0.136000	2.101460
0.137000	0.588700
0.138000	0.766586
0.139000	1.923570
0.140000	2.991430
0.141000	2.368470
0.142000	2.724420
0.143000	1.745500
0.144000	-0.301276
0.145000	-0.212333
0.146000	1.033600
0.147000	1.389550
0.148000	1.122540
0.149000	2.546540
0.150000	1.656560
0.151000	2.101460
0.152000	2.012510
0.153000	2.012510
0.154000	1.300610
0.155000	1.567620
0.156000	1.300610
0.157000	-0.479344
0.158000	-12.760600
0.159000	4.415430
0.160000	2.546540
0.161000	0.143621
0.162000	1.211660
0.163000	-5.729890
0.164000	0.054678
0.165000	1.656560
0.166000	2.902490
0.167000	3.970350
0.168000	5.305410
0.169000	4.059480
0.170000	0.232746
0.171000	0.855711
0.172000	2.368470
0.173000	2.902490
0.174000	6.373270
0.175000	5.394350
0.176000	6.373270
0.177000	5.928370
0.178000	6.551340
0.179000	6.284320
0.180000	8.598120
0.181000	12.424800
0.182000	15.005600
0.183000	11.001000
0.184000	12.157800
0.185000	12.335900
0.186000	10.556000
0.187000	12.335900
0.188000	8.776180
0.189000	11.445900
0.190000	14.115700
0.191000	5.661360
0.192000	9.488090
0.193000	8.865130
0.194000	7.886210
0.195000	5.928370
0.196000	6.551340
0.197000	4.860330
0.198000	6.017310
0.199000	7.085180
0.200000	6.462210
0.201000	5.127340
0.202000	6.551340
0.203000	5.483290
0.204000	7.975150
0.205000	12.958900
0.206000	10.911900
0.207000	9.399150
0.208000	8.064090
0.209000	7.174300
0.210000	4.415430
0.211000	6.462210
0.212000	8.064090
0.213000	7.530250
0.214000	-3.238030
0.215000	6.462210
0.216000	6.284320
0.217000	-0.746355
0.218000	0.499575
0.219000	0.232746
0.220000	-0.568287
0.221000	2.190580
0.222000	0.232746
0.223000	1.567620
0.224000	0.410632
0.225000	0.766586
0.226000	2.101460
0.227000	4.593320
0.228000	14.026700
0.229000	16.429600
0.230000	19.811300
0.231000	15.628600
0.232000	12.513800
0.233000	11.445900
0.234000	18.209400
0.235000	23.905001
0.236000	21.591200
0.237000	19.366400
0.238000	20.790400
0.239000	17.764500
0.240000	19.633400
0.241000	27.019899
0.242000	27.998800
0.243000	27.108999
0.244000	26.575001
0.245000	26.308001
0.246000	23.727200
0.247000	29.778700
0.248000	35.029499
0.249000	31.647600
0.250000	30.668699
0.251000	33.605499
0.252000	33.872501
0.253000	35.563301
0.254000	33.427399
0.255000	24.617100
0.256000	26.486000
0.257000	31.113600
0.258000	26.308001
0.259000	25.506901
0.260000	23.282101
0.261000	27.197901
0.262000	21.591200
0.263000	20.612301
0.264000	20.167400
0.265000	26.841999
0.266000	21.858299
0.267000	14.649700
0.268000	11.979900
0.269000	-1.814220
0.270000	1.834630
0.271000	11.357000
0.272000	11.001000
0.273000	5.928370
0.274000	3.169500
0.275000	-7.865790
0.276000	-2.882080
0.277000	4.682440
0.278000	8.687060
0.279000	0.321689
0.280000	1.923570
0.281000	10.200000
0.282000	8.153220
0.283000	9.488090
0.284000	18.387501
0.285000	19.989401
0.286000	-14.896300
0.287000	-17.299200
0.288000	-17.655199
0.289000	-10.624700
0.290000	6.195200
0.291000	10.911900
0.292000	12.780800
0.293000	2.546540
0.294000	-12.582500
0.295000	-1.280190
0.296000	5.216280
0.297000	4.504370
0.298000	6.373270
0.299000	12.780800
0.300000	-2.348240
0.301000	-2.259110
0.302000	0.321689
0.303000	1.300610
0.304000	0.054678
0.305000	-0.568287
0.306000	-17.922199
0.307000	26.129900
0.308000	29.333799
0.309000	15.984600
0.310000	36.275200
0.311000	23.994200
0.312000	-5.819020
0.313000	10.734000
0.314000	18.209400
0.315000	9.665980
0.316000	0.855711
0.317000	-11.158500
0.318000	-18.723000
0.319000	-16.053301
0.320000	-11.603600
0.321000	-9.823630
0.322000	-16.142200
0.323000	21.324200
0.324000	16.607500
0.325000	22.303200
0.326000	19.188299
0.327000	19.366400
0.328000	1.745500
0.329000	-16.142200
0.330000	-14.896300
0.331000	-2.882080
0.332000	-3.505040
0.333000	-12.404400
0.334000	-18.278099
0.335000	-14.540300
0.336000	-12.671400
0.337000	-7.153890
0.338000	5.216280
0.339000	4.326490
0.340000	-6.886880
0.341000	-9.111720
0.342000	-8.221750
0.343000	-7.509840
0.344000	-1.725270
0.345000	-0.924240
0.346000	-4.839910
0.347000	-1.547210
0.348000	-9.022780
0.349000	-18.456200
0.350000	-7.598780
0.351000	0.232746
0.352000	0.677643
0.353000	5.394350
0.354000	0.499575
0.355000	2.190580
0.356000	7.886210
0.357000	9.399150
0.358000	10.823000
0.359000	7.708140
0.360000	5.572230
0.361000	4.415430
0.362000	6.195200
0.363000	11.712900
0.364000	11.979900
0.365000	7.708140
0.366000	5.038400
0.367000	9.755100
0.368000	13.492700
0.369000	8.064090
0.370000	11.357000
0.371000	16.607500
0.372000	15.183700
0.373000	10.378100
0.374000	8.865130
0.375000	8.509170
0.376000	10.467000
0.377000	14.916700
0.378000	14.204800
0.379000	11.712900
0.380000	10.556000
0.381000	10.734000
0.382000	6.996230
0.383000	4.682440
0.384000	9.043010
0.385000	10.556000
0.386000	6.729220
0.387000	3.436510
0.388000	3.703520
0.389000	2.902490
0.390000	-0.746355
0.391000	-1.369320
0.392000	1.478680
0.393000	0.410632
0.394000	1.211660
0.395000	-0.479344
0.396000	-0.835298
0.397000	0.766586
0.398000	2.012510
0.399000	2.457590
0.400000	2.101460
0.401000	0.944654
0.402000	0.232746
0.403000	0.410632
0.404000	0.410632
0.405000	1.656560
0.406000	1.656560
0.407000	-0.034265
0.408000	0.232746
0.409000	1.389550
0.410000	3.258440
0.411000	5.572230
0.412000	6.284320
0.413000	6.106260
0.414000	7.441130
0.415000	7.886210
0.416000	7.352190
0.417000	7.352190
0.418000	11.624000
0.419000	12.780800
0.420000	9.399150
0.421000	8.954070
0.422000	7.708140
0.423000	8.865130
0.424000	12.247000
0.425000	11.001000
0.426000	10.378100
0.427000	11.712900
0.428000	9.221080
0.429000	10.556000
0.430000	10.556000
0.431000	10.911900
0.432000	10.378100
0.433000	8.776180
0.434000	6.195200
0.435000	4.504370
0.436000	5.038400
0.437000	4.593320
0.438000	4.593320
0.439000	3.792470
0.440000	4.059480
0.441000	1.389550
0.442000	3.169500
0.443000	1.834630
0.444000	-0.301276
0.445000	0.944654
0.446000	-1.636150
0.447000	-1.547210
0.448000	-2.170170
0.449000	-4.750970
0.450000	-5.996900
0.451000	-4.395020
0.452000	-3.861000
0.453000	-2.615070
0.454000	-3.327160
0.455000	-3.416100
0.456000	-3.772050
0.457000	-3.149090
0.458000	-3.772050
0.459000	-3.683110
0.460000	-3.416100
0.461000	-3.861000
0.462000	-3.238030
0.463000	3.703520
0.464000	-3.060150
0.465000	-12.582500
0.466000	8.509170
0.467000	14.204800
0.468000	-15.519300
0.469000	-14.540300
0.470000	11.801900
0.471000	20.879299
0.472000	6.818160
0.473000	-7.331770
0.474000	7.797080
0.475000	18.565599
0.476000	6.996230
0.477000	2.012510
0.478000	4.771380
0.479000	9.043010
0.480000	9.310020
0.481000	2.724420
0.482000	0.944654
0.483000	6.373270
0.484000	12.335900
0.485000	4.504370
0.486000	-1.458260
0.487000	2.546540
0.488000	11.267900
0.489000	6.106260
0.490000	2.902490
0.491000	1.033600
0.492000	2.190580
0.493000	0.499575
0.494000	-2.882080
0.495000	-5.106930
0.496000	-5.462880
0.497000	-3.149090
0.498000	-0.835298
0.499000	-5.106930
0.500000	-4.750970
0.501000	-8.043860
0.502000	-8.488760
0.503000	-6.886880
0.504000	-8.844710
0.505000	-7.687730
0.506000	-9.111720
0.507000	-11.870600
0.508000	-11.514600
0.509000	-12.938500
0.510000	-9.556620
0.511000	-9.200670
0.512000	-11.336600
0.513000	-13.472500
0.514000	-14.184400
0.515000	-11.336600
0.516000	-8.399820
0.517000	-8.488760
0.518000	-10.268700
0.519000	-9.645750
0.520000	-7.420900
0.521000	-9.467680
0.522000	-3.238030
0.523000	-6.530920
0.524000	-7.954740
0.525000	-7.331770
0.526000	-8.132810
0.527000	-5.462880
0.528000	-7.687730
0.529000	-9.022780
0.530000	-7.331770
0.531000	-6.085840
0.532000	-6.352850
0.533000	-6.708810
0.534000	-7.954740
0.535000	-2.526120
0.536000	-1.725270
0.537000	-3.327160
0.538000	-5.462880
0.539000	-3.772050
0.540000	-1.013180
0.541000	-1.547210
0.542000	-1.903160
0.543000	0.232746
0.544000	-1.992100
0.545000	-3.149090
0.546000	-5.552000
0.547000	-3.594170
0.548000	-1.636150
0.549000	-2.971200
0.550000	-2.882080
0.551000	-2.348240
0.552000	-0.301276
0.553000	-5.196050
0.554000	-5.106930
0.555000	-5.196050
0.556000	-2.793130
0.557000	-0.479344
0.558000	-2.704190
0.559000	-5.640950
0.560000	-4.839910
0.561000	-6.886880
0.562000	-5.196050
0.563000	-4.217130
0.564000	-5.284990
0.565000	-5.106930
0.566000	-3.861000
0.567000	-4.573090
0.568000	-4.839910
0.569000	-4.662030
0.570000	-5.907960
0.571000	-4.395020
0.572000	-4.839910
0.573000	-5.907960
0.574000	-5.196050
0.575000	-4.306070
0.576000	-3.772050
0.577000	-3.505040
0.578000	-1.280190
0.579000	-2.882080
0.580000	-2.704190
0.581000	-3.505040
0.582000	-2.348240
0.583000	-0.212333
0.584000	-0.835298
0.585000	-2.170170
0.586000	-0.034265
0.587000	-0.301276
0.588000	0.588700
0.589000	0.499575
0.590000	0.410632
0.591000	0.143621
0.592000	1.745500
0.593000	0.677643
0.594000	0.410632
0.595000	1.033600
0.596000	2.813550
0.597000	3.436510
0.598000	2.368470
0.599000	2.635480
0.600000	2.991430
0.601000	3.080560
0.602000	1.834630
0.603000	0.855711
0.604000	1.300610
0.605000	0.855711
0.606000	2.101460
0.607000	1.122540
0.608000	-1.280190
0.609000	-1.013180
0.610000	-1.013180
0.611000	0.588700
0.612000	1.300610
0.613000	-0.746355
0.614000	-2.437180
0.615000	-4.128010
0.616000	-2.615070
0.617000	-3.416100
0.618000	-3.416100
0.619000	-3.505040
0.620000	-5.907960
0.621000	-5.552000
0.622000	-5.996900
0.623000	-4.395020
0.624000	-3.683110
0.625000	-3.950120
0.626000	-4.573090
0.627000	-4.929040
0.628000	-5.017980
0.629000	-5.907960
0.630000	-6.708810
0.631000	-6.085840
0.632000	-5.907960
0.633000	-5.017980
0.634000	-6.174970
0.635000	-2.526120
0.636000	-1.547210
0.637000	1.033600
0.638000	-2.170170
0.639000	-2.437180
0.640000	-1.102310
0.641000	2.724420
0.642000	1.923570
0.643000	0.855711
0.644000	0.677643
0.645000	1.211660
0.646000	0.766586
0.647000	1.300610
0.648000	2.012510
0.649000	3.525460
0.650000	1.923570
0.651000	0.499575
0.652000	1.300610
0.653000	2.279530
0.654000	3.080560
0.655000	0.944654
0.656000	-1.725270
0.657000	-2.259110
0.658000	-0.835298
0.659000	-0.123390
0.660000	0.499575
0.661000	-1.191250
0.662000	-1.547210
0.663000	-0.924240
0.664000	-0.746355
0.665000	-1.369320
0.666000	-2.081230
0.667000	-3.505040
0.668000	-4.128010
0.669000	-5.017980
0.670000	-4.395020
0.671000	-3.950120
0.672000	-5.106930
0.673000	-4.662030
0.674000	-5.284990
0.675000	-6.530920
0.676000	-7.420900
0.677000	-7.509840
0.678000	-6.441980
0.679000	-6.263910
0.680000	-6.975820
0.681000	-8.933660
0.682000	-9.022780
0.683000	-8.577700
0.684000	-7.865790
0.685000	-7.865790
0.686000	-7.420900
0.687000	-11.692500
0.688000	-13.472500
0.689000	-7.954740
0.690000	-10.446600
0.691000	0.944654
0.692000	-5.996900
0.693000	-28.334499
0.694000	-16.231199
0.695000	-9.912760
0.696000	-14.985400
0.697000	-16.765200
0.698000	-23.973801
0.699000	-20.236000
0.700000	-21.214899
0.701000	-20.058100
0.702000	-10.090600
0.703000	-8.933660
0.704000	-10.268700
0.705000	-16.765200
0.706000	-15.964300
0.707000	-9.022780
0.708000	-7.865790
0.709000	-5.907960
0.710000	-5.552000
0.711000	-11.603600
0.712000	-11.158500
0.713000	-9.556620
0.714000	-6.263910
0.715000	-6.619870
0.716000	-10.446600
0.717000	-12.582500
0.718000	-11.336600
0.719000	-8.666830
0.720000	-7.598780
0.721000	-4.750970
0.722000	-5.552000
0.723000	-8.043860
0.724000	-8.399820
0.725000	-6.085840
0.726000	-2.615070
0.727000	-4.395020
0.728000	-5.819020
0.729000	-7.064940
0.730000	-6.263910
0.731000	-2.971200
0.732000	0.232746
0.733000	-0.568287
0.734000	-3.772050
0.735000	-4.039060
0.736000	-2.615070
0.737000	-1.458260
0.738000	-1.547210
0.739000	0.143621
0.740000	0.766586
0.741000	1.211660
0.742000	0.677643
0.743000	1.389550
0.744000	2.902490
0.745000	2.813550
0.746000	1.033600
0.747000	-0.123390
0.748000	0.054678
0.749000	2.635480
0.750000	1.923570
0.751000	0.143621
0.752000	-0.034265
0.753000	-2.170170
0.754000	-2.259110
0.755000	-4.483960
0.756000	-1.903160
0.757000	-3.060150
0.758000	-4.039060
0.759000	-3.327160
0.760000	-0.924240
0.761000	-0.301276
0.762000	-6.619870
0.763000	-5.552000
0.764000	-4.662030
0.765000	-0.034265
0.766000	0.499575
0.767000	-2.793130
0.768000	-4.217130
0.769000	-4.128010
0.770000	-3.327160
0.771000	-2.348240
0.772000	-1.102310
0.773000	-1.547210
0.774000	-1.369320
0.775000	-1.369320
0.776000	-0.123390
0.777000	-0.390219
0.778000	-0.568287
0.779000	-0.924240
0.780000	-1.280190
0.781000	-0.568287
0.782000	-3.238030
0.783000	-1.013180
0.784000	1.478680
0.785000	1.745500
0.786000	2.635480
0.787000	1.122540
0.788000	3.703520
0.789000	4.860330
0.790000	4.148420
0.791000	4.148420
0.792000	4.682440
0.793000	6.106260
0.794000	4.771380
0.795000	5.483290
0.796000	3.703520
0.797000	5.572230
0.798000	5.572230
0.799000	5.394350
0.800000	7.530250
0.801000	8.153220
0.802000	7.352190
0.803000	6.462210
0.804000	5.661360
0.805000	7.085180
0.806000	8.064090
0.807000	8.420050
0.808000	8.242160
0.809000	6.907290
0.810000	6.106260
0.811000	7.708140
0.812000	8.687060
0.813000	8.687060
0.814000	6.996230
0.815000	5.572230
0.816000	6.551340
0.817000	7.441130
0.818000	8.776180
0.819000	8.064090
0.820000	6.373270
0.821000	5.661360
0.822000	6.017310
0.823000	6.640280
0.824000	6.462210
0.825000	5.928370
0.826000	4.860330
0.827000	3.703520
0.828000	4.237360
0.829000	4.059480
0.830000	3.614400
0.831000	2.902490
0.832000	3.258440
0.833000	3.792470
0.834000	4.059480
0.835000	5.483290
0.836000	3.614400
0.837000	3.881410
0.838000	3.258440
0.839000	3.347390
0.840000	2.101460
0.841000	1.211660
0.842000	0.321689
0.843000	0.232746
0.844000	-1.636150
0.845000	2.813550
0.846000	1.923570
0.847000	1.033600
0.848000	-1.191250
0.849000	-0.479344
0.850000	-0.301276
0.851000	-0.034265
0.852000	3.169500
0.853000	1.745500
0.854000	2.279530
0.855000	2.635480
0.856000	-4.217130
0.857000	-2.081230
0.858000	-0.034265
0.859000	-2.259110
0.860000	-1.369320
0.861000	-0.212333
0.862000	2.190580
0.863000	2.635480
0.864000	-0.212333
0.865000	-0.657230
0.866000	0.944654
0.867000	-0.390219
0.868000	-3.060150
0.869000	-2.170170
0.870000	-0.835298
0.871000	-0.479344
0.872000	-1.191250
0.873000	-1.191250
0.874000	0.054678
0.875000	-0.301276
0.876000	-0.746355
0.877000	-1.102310
0.878000	-1.903160
0.879000	-0.390219
0.880000	-0.034265
0.881000	-0.657230
0.882000	-1.992100
0.883000	-1.547210
0.884000	-0.835298
0.885000	-1.280190
0.886000	-1.191250
0.887000	-0.835298
0.888000	-0.212333
0.889000	-5.552000
0.890000	-4.395020
0.891000	4.504370
0.892000	3.792470
0.893000	-4.217130
0.894000	1.656560
0.895000	2.279530
0.896000	8.242160
0.897000	-2.170170
0.898000	-9.111720
0.899000	-28.690500
0.900000	-9.556620
0.901000	1.923570
0.902000	-17.121099
0.903000	11.357000
0.904000	40.725101
0.905000	6.818160
0.906000	-8.844710
0.907000	-16.320299
0.908000	1.656560
0.909000	10.378100
0.910000	-10.446600
0.911000	-9.022780
0.912000	-5.284990
0.913000	-10.891700
0.914000	10.200000
0.915000	18.387501
0.916000	-25.397600
0.917000	-19.079000
0.918000	25.596001
0.919000	37.165199
0.920000	6.818160
0.921000	-2.081230
0.922000	-25.308599
0.923000	-22.193800
0.924000	1.656560
0.925000	22.036100
0.926000	-2.615070
0.927000	-26.821600
0.928000	-18.812099
0.929000	21.235300
0.930000	7.975150
0.931000	-10.980600
0.932000	-4.573090
0.933000	0.143621
0.934000	-0.479344
0.935000	0.677643
0.936000	-3.416100
0.937000	-3.505040
0.938000	1.834630
0.939000	0.232746
0.940000	-10.802600
0.941000	3.525460
0.942000	3.703520
0.943000	-5.552000
0.944000	-9.022780
0.945000	1.300610
0.946000	6.017310
0.947000	4.326490
0.948000	-9.734690
0.949000	-17.833200
0.950000	2.902490
0.951000	13.314800
0.952000	5.394350
0.953000	-8.043860
0.954000	-1.191250
0.955000	5.839250
0.956000	1.923570
0.957000	-1.013180
0.958000	2.012510
0.959000	4.771380
0.960000	5.038400
0.961000	11.534900
0.962000	-0.479344
0.963000	-10.624700
0.964000	-19.168100
0.965000	0.232746
0.966000	6.640280
0.967000	5.661360
0.968000	-7.331770
0.969000	17.675600
0.970000	18.298500
0.971000	-15.074400
0.972000	-35.898998
0.973000	13.670800
0.974000	18.209400
0.975000	-30.470200
0.976000	-17.477100
0.977000	-4.306070
0.978000	-17.655199
0.979000	24.172100
0.980000	20.434299
0.981000	-17.744101
0.982000	-11.514600
0.983000	-1.458260
0.984000	1.656560
0.985000	14.471800
0.986000	4.148420
0.987000	-19.969000
0.988000	-22.905899
0.989000	-12.760600
0.990000	-9.823630
0.991000	-1.992100
0.992000	12.068900
0.993000	9.043010
0.994000	-3.060150
0.995000	-2.170170
0.996000	7.619200
0.997000	0.499575
0.998000	-1.013180
0.999000	9.221080
1.000000	5.572230
1.001000	-4.573090
1.002000	-4.217130
1.003000	2.635480
1.004000	4.860330
1.005000	0.232746
1.006000	-1.903160
1.007000	7.085180
1.008000	12.602900
1.009000	8.153220
1.010000	1.834630
1.011000	3.169500
1.012000	4.593320
1.013000	4.682440
1.014000	4.237360
1.015000	2.190580
1.016000	-1.102310
1.017000	-4.750970
1.018000	-5.196050
1.019000	2.012510
1.020000	-1.013180
1.021000	-0.301276
1.022000	-2.615070
1.023000	0.944654
1.024000	2.991430
1.025000	3.169500
1.026000	2.635480
1.027000	0.588700
1.028000	0.232746
1.029000	-6.085840
1.030000	-10.179600
1.031000	-6.263910
1.032000	-4.306070
1.033000	-3.505040
1.034000	-4.395020
1.035000	-3.238030
1.036000	-1.903160
1.037000	2.190580
1.038000	5.127340
1.039000	5.839250
1.040000	1.567620
1.041000	-3.327160
1.042000	-3.416100
1.043000	1.389550
1.044000	2.368470
1.045000	-1.725270
1.046000	-6.263910
1.047000	-5.196050
1.048000	1.567620
1.049000	7.975150
1.050000	2.991430
1.051000	-0.212333
1.052000	0.588700
1.053000	5.216280
1.054000	7.174300
1.055000	2.902490
1.056000	-0.212333
1.057000	-0.123390
1.058000	1.478680
1.059000	6.284320
1.060000	4.949270
1.061000	-0.034265
1.062000	0.499575
1.063000	3.970350
1.064000	5.394350
1.065000	1.745500
1.066000	2.012510
1.067000	5.127340
1.068000	6.195200
1.069000	2.902490
1.070000	-1.369320
1.071000	-2.348240
1.072000	3.258440
1.073000	5.839250
1.074000	-0.123390
1.075000	-5.907960
1.076000	-4.395020
1.077000	-0.924240
1.078000	0.499575
1.079000	-2.793130
1.080000	-2.615070
1.081000	-2.526120
1.082000	-4.217130
1.083000	-2.704190
1.084000	-3.772050
1.085000	-3.416100
1.086000	-1.280190
1.087000	-1.369320
1.088000	-3.416100
1.089000	-8.132810
1.090000	-8.221750
1.091000	-4.395020
1.092000	-4.750970
1.093000	-8.221750
1.094000	-8.755770
1.095000	-7.598780
1.096000	-24.952700
1.097000	-41.505501
1.098000	-0.657230
1.099000	2.368470
1.100000	-14.362500
1.101000	13.581800
1.102000	12.247000
1.103000	-8.310690
1.104000	-4.395020
1.105000	-7.509840
1.106000	0.410632
1.107000	-8.666830
1.108000	-11.781500
1.109000	-1.102310
1.110000	11.178900
1.111000	13.136800
1.112000	6.640280
1.113000	-1.369320
1.114000	4.949270
1.115000	5.305410
1.116000	-9.378740
1.117000	-6.441980
1.118000	0.677643
1.119000	-3.950120
1.120000	2.190580
1.121000	12.513800
1.122000	5.038400
1.123000	-1.280190
1.124000	0.410632
1.125000	3.614400
1.126000	3.525460
1.127000	0.410632
1.128000	-1.102310
1.129000	-0.924240
1.130000	0.232746
1.131000	0.499575
1.132000	-3.416100
1.133000	-1.992100
1.134000	-1.102310
1.135000	-2.704190
1.136000	4.415430
1.137000	6.195200
1.138000	0.143621
1.139000	-7.331770
1.140000	-9.022780
1.141000	-11.870600
1.142000	0.321689
1.143000	3.525460
1.144000	-3.950120
1.145000	-0.924240
1.146000	0.054678
1.147000	-3.861000
1.148000	-6.886880
1.149000	-0.568287
1.150000	-0.746355
1.151000	-7.865790
1.152000	-10.268700
1.153000	1.656560
1.154000	4.682440
1.155000	-1.725270
1.156000	-7.153890
1.157000	-8.043860
1.158000	-2.348240
1.159000	5.216280
1.160000	5.928370
1.161000	-2.348240
1.162000	-2.259110
1.163000	0.766586
1.164000	0.855711
1.165000	-1.458260
1.166000	-3.505040
1.167000	-5.196050
1.168000	-0.835298
1.169000	6.551340
1.170000	8.242160
1.171000	0.855711
1.172000	-3.149090
1.173000	1.478680
1.174000	7.352190
1.175000	7.619200
1.176000	5.127340
1.177000	0.944654
1.178000	0.410632
1.179000	0.944654
1.180000	-1.013180
1.181000	0.766586
1.182000	2.724420
1.183000	1.656560
1.184000	0.766586
1.185000	0.588700
1.186000	4.682440
1.187000	6.640280
1.188000	2.368470
1.189000	-2.081230
1.190000	-1.191250
1.191000	-0.390219
1.192000	-3.505040
1.193000	-5.373940
1.194000	-3.683110
1.195000	-1.102310
1.196000	-1.369320
1.197000	-3.416100
1.198000	-4.039060
1.199000	-3.594170
1.200000	-2.437180
1.201000	-0.390219
1.202000	0.054678
1.203000	-2.615070
1.204000	-7.331770
1.205000	-5.907960
1.206000	-1.280190
1.207000	0.766586
1.208000	-1.814220
1.209000	-6.886880
1.210000	-5.373940
1.211000	1.300610
1.212000	1.656560
1.213000	-1.636150
1.214000	-3.327160
1.215000	-3.327160
1.216000	0.499575
1.217000	2.635480
1.218000	2.190580
1.219000	0.944654
1.220000	2.457590
1.221000	-0.479344
1.222000	-1.814220
1.223000	4.949270
1.224000	11.445900
1.225000	18.565599
1.226000	-10.446600
1.227000	-3.594170
1.228000	-13.116500
1.229000	9.132140
1.230000	8.687060
1.231000	0.232746
1.232000	2.902490
1.233000	-6.797930
1.234000	6.907290
1.235000	12.602900
1.236000	-1.191250
1.237000	3.347390
1.238000	3.614400
1.239000	-0.924240
1.240000	-0.568287
1.241000	-8.221750
1.242000	0.944654
1.243000	-0.034265
1.244000	12.424800
1.245000	2.635480
1.246000	-6.441980
1.247000	1.122540
1.248000	11.534900
1.249000	0.766586
1.250000	-3.149090
1.251000	-2.615070
1.252000	-2.348240
1.253000	-3.683110
1.254000	-0.657230
1.255000	0.232746
1.256000	-6.085840
1.257000	0.321689
1.258000	1.122540
1.259000	-1.903160
1.260000	-1.458260
1.261000	-6.975820
1.262000	-8.577700
1.263000	-0.034265
1.264000	2.813550
1.265000	-7.509840
1.266000	-8.755770
1.267000	-2.615070
1.268000	2.279530
1.269000	-13.917400
1.270000	-17.744101
1.271000	-7.509840
1.272000	-10.535500
1.273000	-13.828400
1.274000	0.054678
1.275000	-0.835298
1.276000	-4.750970
1.277000	0.143621
1.278000	1.834630
1.279000	0.410632
1.280000	-2.704190
1.281000	-2.615070
1.282000	2.101460
1.283000	2.012510
1.284000	0.054678
1.285000	0.054678
1.286000	0.232746
1.287000	-0.301276
1.288000	1.656560
1.289000	1.211660
1.290000	-0.301276
1.291000	3.169500
1.292000	2.635480
1.293000	0.855711
1.294000	2.279530
1.295000	2.457590
1.296000	3.703520
1.297000	1.300610
1.298000	0.588700
1.299000	5.216280
1.300000	2.368470
1.301000	-1.369320
1.302000	-1.636150
1.303000	-2.526120
1.304000	1.923570
1.305000	3.436510
1.306000	-1.191250
1.307000	-5.284990
1.308000	-5.196050
1.309000	-0.034265
1.310000	4.949270
1.311000	4.237360
1.312000	-2.170170
1.313000	-4.128010
1.314000	-2.615070
1.315000	-1.547210
1.316000	-3.060150
1.317000	-3.861000
1.318000	-8.221750
1.319000	9.221080
1.320000	16.874500
1.321000	-6.886880
1.322000	-10.891700
1.323000	-10.535500
1.324000	-4.750970
1.325000	-2.793130
1.326000	-7.064940
1.327000	11.001000
1.328000	0.143621
1.329000	-12.582500
1.330000	-4.750970
1.331000	-2.793130
1.332000	-4.929040
1.333000	-3.950120
1.334000	-5.552000
1.335000	-6.530920
1.336000	-4.483960
1.337000	-4.128010
1.338000	-1.191250
1.339000	2.012510
1.340000	-0.034265
1.341000	-2.437180
1.342000	-2.615070
1.343000	0.143621
1.344000	2.012510
1.345000	0.054678
1.346000	-1.458260
1.347000	-1.636150
1.348000	-0.835298
1.349000	0.054678
1.350000	1.923570
1.351000	5.127340
1.352000	4.949270
1.353000	0.944654
1.354000	-0.746355
1.355000	1.567620
1.356000	5.572230
1.357000	5.572230
1.358000	2.813550
1.359000	0.499575
1.360000	1.211660
1.361000	3.614400
1.362000	4.682440
1.363000	2.279530
1.364000	0.232746
1.365000	-1.191250
1.366000	-1.191250
1.367000	0.766586
1.368000	1.745500
1.369000	2.813550
1.370000	1.834630
1.371000	0.677643
1.372000	-1.191250
1.373000	-2.437180
1.374000	-1.369320
1.375000	-0.924240
1.376000	-2.170170
1.377000	-3.594170
1.378000	-3.505040
1.379000	-4.039060
1.380000	24.528000
1.381000	18.298500
1.382000	-2.704190
1.383000	-0.835298
1.384000	4.949270
1.385000	-0.835298
1.386000	-6.174970
1.387000	-4.573090
1.388000	-0.301276
1.389000	-0.034265
1.390000	1.656560
1.391000	-14.451400
1.392000	-28.601500
1.393000	-15.875200
1.394000	6.195200
1.395000	7.797080
1.396000	-0.835298
1.397000	-2.437180
1.398000	-4.929040
1.399000	-5.373940
1.400000	2.991430
1.401000	8.331100
1.402000	6.017310
1.403000	2.279530
1.404000	0.855711
1.405000	-1.725270
1.406000	-0.568287
1.407000	3.792470
1.408000	5.127340
1.409000	2.368470
1.410000	-0.123390
1.411000	-0.657230
1.412000	2.012510
1.413000	6.106260
1.414000	5.750300
1.415000	3.970350
1.416000	1.923570
1.417000	5.305410
1.418000	3.436510
1.419000	2.635480
1.420000	1.389550
1.421000	0.677643
1.422000	1.122540
1.423000	-0.924240
1.424000	-0.924240
1.425000	1.122540
1.426000	1.478680
1.427000	1.745500
1.428000	-0.034265
1.429000	-1.903160
1.430000	-0.301276
1.431000	0.944654
1.432000	-0.568287
1.433000	-1.369320
1.434000	-3.505040
1.435000	-5.017980
1.436000	-3.060150
1.437000	-0.746355
1.438000	0.232746
1.439000	-1.369320
1.440000	-3.950120
1.441000	-5.552000
1.442000	-5.196050
1.443000	-1.992100
1.444000	-0.568287
1.445000	-2.437180
1.446000	-2.704190
1.447000	-1.903160
1.448000	-0.924240
1.449000	0.321689
1.450000	-0.568287
1.451000	-1.191250
1.452000	-1.013180
1.453000	-2.615070
1.454000	-1.903160
1.455000	-0.034265
1.456000	0.143621
1.457000	-0.390219
1.458000	-0.835298
1.459000	-0.657230
1.460000	1.656560
1.461000	3.792470
1.462000	3.881410
1.463000	3.436510
1.464000	3.258440
1.465000	2.190580
1.466000	0.677643
1.467000	-0.390219
1.468000	0.321689
1.469000	2.012510
1.470000	2.635480
1.471000	2.101460
1.472000	1.211660
1.473000	1.389550
1.474000	2.279530
1.475000	2.546540
1.476000	1.211660
1.477000	0.410632
1.478000	0.143621
1.479000	0.054678
1.480000	0.855711
1.481000	1.033600
1.482000	-0.390219
1.483000	-2.348240
1.484000	-3.505040
1.485000	-2.081230
1.486000	-0.034265
1.487000	-0.123390
1.488000	-2.526120
1.489000	-4.573090
1.490000	-4.128010
1.491000	-1.992100
1.492000	-1.280190
1.493000	-2.793130
1.494000	-4.128010
1.495000	-5.196050
1.496000	-3.861000
1.497000	-2.615070
1.498000	-3.060150
1.499000	-4.306070
1.500000	-4.483960
1.501000	-4.929040
1.502000	-3.683110
1.503000	-2.170170
1.504000	-3.149090
1.505000	-4.306070
1.506000	-4.839910
1.507000	-3.861000
1.508000	-1.102310
1.509000	-0.657230
1.510000	-0.657230
1.511000	-0.479344
1.512000	0.499575
1.513000	1.478680
1.514000	0.143621
1.515000	-2.170170
1.516000	-1.992100
1.517000	-0.746355
1.518000	1.122540
1.519000	2.101460
1.520000	1.656560
1.521000	1.834630
1.522000	2.546540
1.523000	3.347390
1.524000	4.059480
1.525000	3.258440
1.526000	1.656560
1.527000	1.300610
1.528000	1.834630
1.529000	1.033600
1.530000	0.054678
1.531000	0.054678
1.532000	-0.034265
1.533000	1.834630
1.534000	2.635480
1.535000	0.855711
1.536000	-0.123390
1.537000	-0.212333
1.538000	-0.479344
1.539000	0.321689
1.540000	-0.212333
1.541000	-2.081230
1.542000	-2.704190
1.543000	-1.992100
1.544000	-1.814220
1.545000	-1.547210
1.546000	-2.793130
1.547000	-3.861000
1.548000	-4.573090
1.549000	-4.128010
1.550000	-3.594170
1.551000	-3.238030
1.552000	-2.615070
1.553000	-2.437180
1.554000	-2.793130
1.555000	-2.081230
1.556000	-2.437180
1.557000	-2.882080
1.558000	-1.992100
1.559000	-2.615070
1.560000	-2.971200
1.561000	-2.615070
1.562000	-2.437180
1.563000	-1.458260
1.564000	-1.013180
1.565000	-0.924240
1.566000	-0.568287
1.567000	0.499575
1.568000	1.478680
1.569000	1.656560
1.570000	1.567620
1.571000	0.855711
1.572000	0.766586
1.573000	2.190580
1.574000	2.991430
1.575000	2.368470
1.576000	1.567620
1.577000	1.033600
1.578000	1.656560
1.579000	3.347390
1.580000	3.792470
1.581000	2.546540
1.582000	2.101460
1.583000	3.169500
1.584000	3.970350
1.585000	4.059480
1.586000	3.347390
1.587000	1.834630
1.588000	1.033600
1.589000	0.766586
1.590000	0.054678
1.591000	0.321689
1.592000	1.122540
1.593000	1.211660
1.594000	1.122540
1.595000	0.855711
1.596000	0.232746
1.597000	-0.034265
1.598000	-0.301276
1.599000	-0.924240
1.600000	-0.924240
1.601000	-1.547210
1.602000	-2.170170
1.603000	-2.259110
1.604000	-1.547210
1.605000	-0.835298
1.606000	-1.102310
1.607000	-1.903160
1.608000	-2.259110
1.609000	-2.259110
1.610000	-1.725270
1.611000	-1.547210
1.612000	-1.992100
1.613000	-1.992100
1.614000	-1.992100
1.615000	-1.280190
1.616000	-0.479344
1.617000	-0.568287
1.618000	-0.835298
1.619000	-0.835298
1.620000	-1.013180
1.621000	-0.034265
1.622000	-0.301276
1.623000	-0.924240
1.624000	-0.746355
1.625000	-0.301276
1.626000	1.122540
1.627000	1.389550
1.628000	0.944654
1.629000	0.321689
1.630000	1.033600
1.631000	2.457590
1.632000	2.368470
1.633000	0.855711
1.634000	0.143621
1.635000	1.122540
1.636000	2.101460
1.637000	2.101460
1.638000	1.033600
1.639000	0.588700
1.640000	1.300610
1.641000	2.368470
1.642000	2.546540
1.643000	1.389550
1.644000	0.766586
1.645000	0.677643
1.646000	0.410632
1.647000	0.232746
1.648000	0.499575
1.649000	0.143621
1.650000	0.143621
1.651000	0.588700
1.652000	0.232746
1.653000	-0.123390
1.654000	-0.835298
1.655000	-1.725270
1.656000	-1.814220
1.657000	-1.903160
1.658000	-2.348240
1.659000	-2.704190
1.660000	-2.259110
1.661000	-1.725270
1.662000	-1.725270
1.663000	-2.259110
1.664000	-2.971200
1.665000	-3.327160
1.666000	-3.594170
1.667000	-3.505040
1.668000	-2.882080
1.669000	-2.882080
1.670000	-2.971200
1.671000	-3.683110
1.672000	-3.060150
1.673000	-2.170170
1.674000	-2.259110
1.675000	-2.526120
1.676000	-2.971200
1.677000	-1.992100
1.678000	-0.479344
1.679000	-0.746355
1.680000	-1.102310
1.681000	-1.992100
1.682000	-1.013180
1.683000	0.588700
1.684000	1.122540
1.685000	0.054678
1.686000	-0.301276
1.687000	0.232746
1.688000	1.567620
1.689000	1.567620
1.690000	-0.212333
1.691000	-0.479344
1.692000	0.499575
1.693000	2.368470
1.694000	3.169500
1.695000	1.923570
1.696000	0.766586
1.697000	1.033600
1.698000	1.745500
1.699000	1.033600
1.700000	-0.390219
1.701000	-0.568287
1.702000	0.143621
1.703000	0.855711
1.704000	0.499575
1.705000	-0.212333
1.706000	-0.835298
1.707000	-0.746355
1.708000	-1.369320
1.709000	-1.369320
1.710000	-1.458260
1.711000	-1.547210
1.712000	-1.369320
1.713000	-1.992100
1.714000	-2.526120
1.715000	-2.615070
1.716000	-2.793130
1.717000	-2.704190
1.718000	-3.060150
1.719000	-3.505040
1.720000	-3.594170
1.721000	-2.259110
1.722000	-1.280190
1.723000	-1.814220
1.724000	-2.793130
1.725000	-3.060150
1.726000	-2.259110
1.727000	-2.081230
1.728000	-2.259110
1.729000	-2.348240
1.730000	-1.992100
1.731000	-1.369320
1.732000	-0.924240
1.733000	-0.390219
1.734000	0.143621
1.735000	0.410632
1.736000	0.143621
1.737000	-0.123390
1.738000	-0.123390
1.739000	0.232746
1.740000	0.677643
1.741000	0.677643
1.742000	0.766586
1.743000	0.944654
1.744000	1.656560
1.745000	2.457590
1.746000	2.546540
1.747000	1.567620
1.748000	1.478680
1.749000	1.478680
1.750000	1.567620
1.751000	1.300610
1.752000	0.944654
1.753000	0.944654
1.754000	1.211660
1.755000	1.300610
1.756000	1.300610
1.757000	1.478680
1.758000	1.567620
1.759000	0.766586
1.760000	-0.301276
1.761000	-0.657230
1.762000	-0.657230
1.763000	-0.390219
1.764000	-0.390219
1.765000	-1.280190
1.766000	-1.547210
1.767000	-0.657230
1.768000	0.143621
1.769000	0.054678
1.770000	-1.102310
1.771000	-1.992100
1.772000	-1.903160
1.773000	-1.458260
1.774000	-1.903160
1.775000	-2.615070
1.776000	-2.704190
1.777000	-1.725270
1.778000	-0.657230
1.779000	-0.924240
1.780000	-1.280190
1.781000	-0.746355
1.782000	-0.301276
1.783000	-0.212333
1.784000	-0.924240
1.785000	-1.369320
1.786000	-0.746355
1.787000	-0.123390
1.788000	-0.123390
1.789000	-0.301276
1.790000	-0.034265
1.791000	0.677643
1.792000	1.300610
1.793000	1.478680
1.794000	1.389550
1.795000	1.567620
1.796000	1.567620
1.797000	1.656560
1.798000	1.478680
1.799000	1.567620
1.800000	1.656560
1.801000	1.834630
1.802000	1.834630
1.803000	1.834630
1.804000	2.101460
1.805000	2.279530
1.806000	2.190580
1.807000	1.567620
1.808000	1.745500
1.809000	1.923570
1.810000	1.656560
1.811000	1.656560
1.812000	0.677643
1.813000	0.054678
1.814000	0.499575
1.815000	0.588700
1.816000	0.143621
1.817000	-0.479344
1.818000	-0.835298
1.819000	-0.123390
1.820000	0.321689
1.821000	-0.746355
1.822000	-1.725270
1.823000	-2.259110
1.824000	-1.814220
1.825000	-1.280190
1.826000	-2.081230
1.827000	-3.238030
1.828000	-3.060150
1.829000	-1.992100
1.830000	-1.814220
1.831000	-2.526120
1.832000	-2.971200
1.833000	-2.704190
1.834000	-1.992100
1.835000	-1.814220
1.836000	-2.615070
1.837000	-2.704190
1.838000	-2.170170
1.839000	-2.081230
1.840000	-1.992100
1.841000	-1.636150
1.842000	-1.102310
1.843000	-0.301276
1.844000	-0.301276
1.845000	-0.568287
1.846000	-0.479344
1.847000	-0.034265
1.848000	0.143621
1.849000	0.321689
1.850000	0.143621
1.851000	0.410632
1.852000	1.300610
1.853000	2.012510
1.854000	2.012510
1.855000	1.567620
1.856000	1.122540
1.857000	1.122540
1.858000	1.300610
1.859000	1.122540
1.860000	0.499575
1.861000	0.499575
1.862000	1.033600
1.863000	1.033600
1.864000	0.677643
1.865000	0.321689
1.866000	0.499575
1.867000	0.499575
1.868000	-0.212333
1.869000	-1.369320
1.870000	-1.903160
1.871000	-1.191250
1.872000	-0.835298
1.873000	-1.547210
1.874000	-2.526120
1.875000	-2.971200
1.876000	-2.348240
1.877000	-1.636150
1.878000	-2.526120
1.879000	-3.683110
1.880000	-3.772050
1.881000	-2.882080
1.882000	-1.903160
1.883000	-2.615070
1.884000	-3.772050
1.885000	-3.950120
1.886000	-3.149090
1.887000	-2.793130
1.888000	-2.882080
1.889000	-3.594170
1.890000	-3.149090
1.891000	-1.814220
1.892000	-1.636150
1.893000	-2.170170
1.894000	-3.683110
1.895000	-1.992100
1.896000	-0.835298
1.897000	-0.924240
1.898000	-0.835298
1.899000	-2.170170
1.900000	-1.369320
1.901000	2.101460
1.902000	0.410632
1.903000	-1.725270
1.904000	-0.034265
1.905000	2.279530
1.906000	1.923570
1.907000	0.410632
1.908000	0.499575
1.909000	2.279530
1.910000	2.902490
1.911000	1.478680
1.912000	0.944654
1.913000	0.944654
1.914000	2.279530
1.915000	2.991430
1.916000	1.834630
1.917000	1.478680
1.918000	1.834630
1.919000	1.834630
1.920000	1.834630
1.921000	1.122540
1.922000	0.588700
1.923000	0.855711
1.924000	1.033600
1.925000	0.944654
1.926000	0.499575
1.927000	0.054678
1.928000	-0.123390
1.929000	0.143621
1.930000	-0.212333
1.931000	-1.191250
1.932000	-1.903160
1.933000	-1.725270
1.934000	-1.191250
1.935000	-1.814220
1.936000	-2.081230
1.937000	-1.903160
1.938000	-1.903160
1.939000	-2.081230
1.940000	-2.081230
1.941000	-2.615070
1.942000	-3.060150
1.943000	-1.547210
1.944000	-1.547210
1.945000	-2.704190
1.946000	-2.704190
1.947000	-1.547210
1.948000	-1.102310
1.949000	-0.924240
1.950000	-1.814220
1.951000	-1.814220
1.952000	-0.390219
1.953000	0.232746
1.954000	-0.212333
1.955000	-0.924240
1.956000	-0.034265
1.957000	1.300610
1.958000	2.012510
1.959000	1.033600
1.960000	0.410632
1.961000	1.567620
1.962000	2.546540
1.963000	2.457590
1.964000	2.190580
1.965000	1.300610
1.966000	2.190580
1.967000	3.881410
1.968000	3.614400
1.969000	2.101460
1.970000	1.745500
1.971000	2.457590
1.972000	3.080560
1.973000	3.080560
1.974000	2.190580
1.975000	1.745500
1.976000	1.478680
1.977000	1.923570
1.978000	1.834630
1.979000	0.944654
1.980000	0.677643
1.981000	0.321689
1.982000	0.054678
1.983000	-0.568287
1.984000	-1.102310
1.985000	-0.835298
1.986000	-0.746355
1.987000	-1.191250
1.988000	-1.636150
1.989000	-1.814220
1.990000	-1.903160
1.991000	-1.903160
1.992000	-2.170170
1.993000	-2.259110
1.994000	-2.348240
1.995000	-4.750970
1.996000	-3.683110
1.997000	-0.034265
1.998000	-4.662030
1.999000	-2.882080
2.000000	-0.301276
2.001000	-4.306070
2.002000	-1.369320
2.003000	-1.013180
2.004000	-3.327160
2.005000	-1.369320
2.006000	-2.704190
2.007000	-2.971200
2.008000	0.499575
2.009000	0.410632
2.010000	-1.369320
2.011000	1.567620
2.012000	0.677643
2.013000	-0.746355
2.014000	2.724420
2.015000	1.122540
2.016000	0.054678
2.017000	1.567620
2.018000	0.499575
2.019000	1.300610
2.020000	3.525460
2.021000	1.923570
2.022000	2.190580
2.023000	2.190580
2.024000	2.546540
2.025000	1.745500
2.026000	1.656560
2.027000	2.724420
2.028000	0.410632
2.029000	1.300610
2.030000	1.923570
2.031000	-0.034265
2.032000	1.122540
2.033000	2.101460
2.034000	-0.123390
2.035000	0.766586
2.036000	0.588700
2.037000	-1.191250
2.038000	-0.568287
2.039000	-1.280190
2.040000	-1.814220
2.041000	-1.102310
2.042000	-2.170170
2.043000	-2.526120
2.044000	-2.259110
2.045000	-2.170170
2.046000	-2.081230
2.047000	-2.170170
2.048000	-2.793130
2.049000	-2.348240
2.050000	-2.615070
2.051000	-2.793130
2.052000	-2.793130
2.053000	-3.505040
2.054000	-3.327160
2.055000	-2.526120
2.056000	-2.704190
2.057000	-2.437180
2.058000	-2.170170
2.059000	-2.081230
2.060000	-1.191250
2.061000	-1.013180
2.062000	-0.746355
2.063000	-1.547210
2.064000	-0.835298
2.065000	-0.924240
2.066000	-1.102310
2.067000	0.054678
2.068000	0.143621
2.069000	-0.123390
2.070000	0.410632
2.071000	0.766586
2.072000	0.944654
2.073000	1.300610
2.074000	1.122540
2.075000	1.300610
2.076000	1.211660
2.077000	1.122540
2.078000	0.944654
2.079000	5.750300
2.080000	8.954070
2.081000	16.251600
2.082000	2.190580
2.083000	0.321689
2.084000	9.310020
2.085000	-1.547210
2.086000	-2.526120
2.087000	2.991430
2.088000	2.902490
2.089000	0.588700
2.090000	0.677643
2.091000	-0.123390
2.092000	-1.458260
2.093000	-0.301276
2.094000	0.588700
2.095000	0.321689
2.096000	0.677643
2.097000	-0.301276
2.098000	-1.102310
2.099000	-1.013180
2.100000	-1.102310
2.101000	-2.259110
2.102000	-3.060150
2.103000	-3.149090
2.104000	-2.882080
2.105000	-2.081230
2.106000	-1.725270
2.107000	-2.348240
2.108000	-2.971200
2.109000	-3.149090
2.110000	-2.971200
2.111000	-2.793130
2.112000	-2.882080
2.113000	-3.149090
2.114000	-2.971200
2.115000	-2.793130
2.116000	-2.081230
2.117000	-1.547210
2.118000	-1.280190
2.119000	-1.458260
2.120000	-1.814220
2.121000	-1.102310
2.122000	-0.746355
2.123000	-0.568287
2.124000	-0.212333
2.125000	-0.034265
2.126000	0.499575
2.127000	1.033600
2.128000	1.478680
2.129000	2.279530
2.130000	2.546540
2.131000	2.101460
2.132000	1.656560
2.133000	1.656560
2.134000	2.101460
2.135000	2.457590
2.136000	2.635480
2.137000	2.635480
2.138000	2.546540
2.139000	1.923570
2.140000	2.101460
2.141000	2.724420
2.142000	2.813550
2.143000	2.279530
2.144000	1.656560
2.145000	1.567620
2.146000	1.656560
2.147000	8.865130
2.148000	14.738600
2.149000	3.881410
2.150000	0.855711
2.151000	9.755100
2.152000	6.907290
2.153000	-4.662030
2.154000	-3.505040
2.155000	0.855711
2.156000	-0.034265
2.157000	-0.390219
2.158000	-0.835298
2.159000	-3.149090
2.160000	-2.348240
2.161000	0.588700
2.162000	0.944654
2.163000	-1.280190
2.164000	-2.793130
2.165000	-1.903160
2.166000	-0.479344
2.167000	-0.568287
2.168000	-1.458260
2.169000	-1.903160
2.170000	-1.725270
2.171000	-1.013180
2.172000	-0.746355
2.173000	-0.212333
2.174000	-0.301276
2.175000	-1.013180
2.176000	-1.191250
2.177000	-0.479344
2.178000	0.855711
2.179000	0.410632
2.180000	-1.102310
2.181000	0.410632
2.182000	8.509170
2.183000	8.064090
2.184000	1.834630
2.185000	3.080560
2.186000	9.043010
2.187000	4.682440
2.188000	-0.568287
2.189000	0.232746
2.190000	1.033600
2.191000	1.300610
2.192000	1.923570
2.193000	1.122540
2.194000	0.944654
2.195000	2.457590
2.196000	2.546540
2.197000	1.300610
2.198000	1.478680
2.199000	2.190580
2.200000	2.190580
2.201000	3.080560
2.202000	3.347390
2.203000	3.970350
2.204000	6.996230
2.205000	4.237360
2.206000	-0.123390
2.207000	-0.212333
2.208000	1.656560
2.209000	1.567620
2.210000	-0.034265
2.211000	-0.835298
2.212000	-1.458260
2.213000	-1.725270
2.214000	-1.102310
2.215000	1.300610
2.216000	1.033600
2.217000	-2.170170
2.218000	-4.217130
2.219000	-1.992100
2.220000	0.143621
2.221000	0.499575
2.222000	-0.568287
2.223000	-2.526120
2.224000	-3.060150
2.225000	-1.280190
2.226000	0.143621
2.227000	0.054678
2.228000	-0.301276
2.229000	-1.013180
2.230000	-1.280190
2.231000	-0.568287
2.232000	0.054678
2.233000	-0.034265
2.234000	-0.568287
2.235000	-1.191250
2.236000	-0.301276
2.237000	1.389550
2.238000	1.389550
2.239000	0.944654
2.240000	0.944654
2.241000	1.122540
2.242000	1.923570
2.243000	2.546540
2.244000	3.080560
2.245000	3.703520
2.246000	3.258440
2.247000	2.279530
2.248000	1.656560
2.249000	1.923570
2.250000	2.724420
2.251000	2.813550
2.252000	2.546540
2.253000	2.279530
2.254000	1.834630
2.255000	1.923570
2.256000	2.724420
2.257000	3.258440
2.258000	2.635480
2.259000	1.300610
2.260000	1.033600
2.261000	1.745500
2.262000	2.457590
2.263000	1.656560
2.264000	0.232746
2.265000	-0.479344
2.266000	-0.301276
2.267000	-0.034265
2.268000	0.054678
2.269000	0.321689
2.270000	0.054678
2.271000	-0.568287
2.272000	-1.013180
2.273000	-1.369320
2.274000	-1.280190
2.275000	-1.280190
2.276000	-1.458260
2.277000	-1.814220
2.278000	-1.992100
2.279000	-1.992100
2.280000	-1.725270
2.281000	-1.814220
2.282000	-1.369320
2.283000	-1.191250
2.284000	-1.191250
2.285000	-1.280190
2.286000	-1.369320
2.287000	-0.746355
2.288000	-0.479344
2.289000	-0.835298
2.290000	-1.458260
2.291000	-1.191250
2.292000	-0.479344
2.293000	0.321689
2.294000	0.855711
2.295000	0.766586
2.296000	0.766586
2.297000	1.033600
2.298000	1.656560
2.299000	1.834630
2.300000	1.656560
2.301000	1.478680
2.302000	1.122540
2.303000	1.122540
2.304000	1.478680
2.305000	1.389550
2.306000	1.389550
2.307000	1.478680
2.308000	1.745500
2.309000	1.923570
2.310000	1.923570
2.311000	1.656560
2.312000	1.478680
2.313000	1.122540
2.314000	0.499575
2.315000	-0.034265
2.316000	-0.212333
2.317000	-0.034265
2.318000	0.232746
2.319000	0.143621
2.320000	-0.301276
2.321000	-0.746355
2.322000	-0.746355
2.323000	-0.746355
2.324000	-0.746355
2.325000	-1.191250
2.326000	-1.814220
2.327000	-1.903160
2.328000	-1.547210
2.329000	-1.191250
2.330000	-1.013180
2.331000	-1.369320
2.332000	-1.725270
2.333000	-1.725270
2.334000	-1.458260
2.335000	-1.102310
2.336000	-1.102310
2.337000	-1.725270
2.338000	-2.170170
2.339000	-1.814220
2.340000	-1.013180
2.341000	-0.568287
2.342000	-0.479344
2.343000	-0.746355
2.344000	-0.657230
2.345000	-0.301276
2.346000	0.054678
2.347000	-0.034265
2.348000	-0.034265
2.349000	-0.034265
2.350000	0.232746
2.351000	0.410632
2.352000	0.588700
2.353000	0.766586
2.354000	1.033600
2.355000	0.944654
2.356000	1.033600
2.357000	0.855711
2.358000	0.944654
2.359000	1.122540
2.360000	1.300610
2.361000	1.211660
2.362000	1.033600
2.363000	1.033600
2.364000	1.033600
2.365000	1.033600
2.366000	1.122540
2.367000	0.855711
2.368000	0.499575
2.369000	0.321689
2.370000	0.232746
2.371000	0.410632
2.372000	0.321689
2.373000	0.143621
2.374000	-0.034265
2.375000	-0.123390
2.376000	-0.212333
2.377000	-0.390219
2.378000	-0.479344
2.379000	-0.568287
2.380000	-0.924240
2.381000	-1.013180
2.382000	-0.924240
2.383000	-0.657230
2.384000	-0.746355
2.385000	-0.924240
2.386000	-1.191250
2.387000	-1.458260
2.388000	-1.636150
2.389000	-1.992100
2.390000	-2.081230
2.391000	-1.814220
2.392000	-1.280190
2.393000	-0.924240
2.394000	-1.013180
2.395000	-1.102310
2.396000	-1.102310
2.397000	-0.657230
2.398000	-0.657230
2.399000	-0.924240
2.400000	-1.013180
2.401000	-1.102310
2.402000	-0.657230
2.403000	-0.212333
2.404000	-0.034265
2.405000	0.143621
2.406000	0.143621
2.407000	0.499575
2.408000	0.766586
2.409000	0.766586
2.410000	0.499575
2.411000	0.410632
2.412000	0.588700
2.413000	0.677643
2.414000	0.588700
2.415000	0.766586
2.416000	0.677643
2.417000	0.944654
2.418000	1.033600
2.419000	1.122540
2.420000	0.766586
2.421000	0.499575
2.422000	0.499575
2.423000	0.321689
2.424000	0.143621
2.425000	0.054678
2.426000	-0.123390
2.427000	-0.212333
2.428000	-0.034265
2.429000	-0.301276
2.430000	-0.479344
2.431000	-0.479344
2.432000	-0.657230
2.433000	-0.835298
2.434000	-0.835298
2.435000	-1.013180
2.436000	-1.280190
2.437000	-1.191250
2.438000	-1.191250
2.439000	-1.013180
2.440000	-1.013180
2.441000	-1.191250
2.442000	-1.280190
2.443000	-1.280190
2.444000	-1.191250
2.445000	-1.102310
2.446000	-1.191250
2.447000	-1.191250
2.448000	-0.835298
2.449000	-0.657230
2.450000	-0.390219
2.451000	-0.301276
2.452000	-0.479344
2.453000	-0.212333
2.454000	-0.212333
2.455000	-0.212333
2.456000	-0.123390
2.457000	-0.034265
2.458000	0.232746
2.459000	0.588700
2.460000	0.766586
2.461000	0.855711
2.462000	0.766586
2.463000	0.766586
2.464000	0.766586
2.465000	1.033600
2.466000	1.122540
2.467000	1.033600
2.468000	1.033600
2.469000	1.033600
2.470000	1.211660
2.471000	1.122540
2.472000	0.855711
2.473000	0.588700
2.474000	0.588700
2.475000	0.588700
2.476000	0.677643
2.477000	0.588700
2.478000	0.321689
2.479000	0.410632
2.480000	0.499575
2.481000	0.410632
2.482000	0.143621
2.483000	-0.301276
2.484000	-0.390219
2.485000	-0.657230
2.486000	-0.657230
2.487000	-0.835298
2.488000	-1.013180
2.489000	-1.013180
2.490000	-1.013180
2.491000	-1.013180
2.492000	-1.013180
2.493000	-1.102310
2.494000	-1.280190
2.495000	-1.458260
2.496000	-1.458260
2.497000	-1.369320
2.498000	-1.369320
2.499000	-1.547210
2.500000	-1.547210
2.501000	-1.280190
2.502000	-1.102310
2.503000	-0.924240
2.504000	-0.924240
2.505000	-0.835298
2.506000	-0.924240
2.507000	-0.657230
2.508000	-0.746355
2.509000	-0.746355
2.510000	-0.390219
2.511000	-0.034265
2.512000	0.143621
2.513000	0.410632
2.514000	0.410632
2.515000	0.499575
2.516000	0.766586
2.517000	0.677643
2.518000	0.766586
2.519000	0.677643
2.520000	0.855711
2.521000	1.033600
2.522000	1.122540
2.523000	1.211660
2.524000	1.122540
2.525000	1.211660
2.526000	1.033600
2.527000	1.033600
2.528000	0.944654
2.529000	0.855711
2.530000	0.766586
2.531000	0.766586
2.532000	0.588700
2.533000	0.499575
2.534000	0.499575
2.535000	0.321689
2.536000	0.143621
2.537000	-0.123390
2.538000	-0.390219
2.539000	-0.657230
2.540000	-0.657230
2.541000	-1.013180
2.542000	-0.924240
2.543000	-0.835298
2.544000	-0.835298
2.545000	-0.835298
2.546000	-1.102310
2.547000	-1.280190
2.548000	-1.369320
2.549000	-1.369320
2.550000	-1.547210
2.551000	-1.547210
2.552000	-1.636150
2.553000	-1.369320
2.554000	-1.191250
2.555000	-1.191250
2.556000	-1.280190
2.557000	-1.102310
2.558000	-0.924240
2.559000	-0.657230
2.560000	-0.568287
2.561000	-0.657230
2.562000	-0.479344
2.563000	-0.212333
2.564000	0.054678
2.565000	0.232746
2.566000	0.054678
2.567000	0.143621
2.568000	0.321689
2.569000	0.410632
2.570000	0.499575
2.571000	0.588700
2.572000	0.588700
2.573000	0.677643
2.574000	0.855711
2.575000	0.855711
2.576000	0.944654
2.577000	0.855711
2.578000	0.855711
2.579000	0.588700
2.580000	0.677643
2.581000	0.410632
2.582000	0.232746
2.583000	0.143621
2.584000	-0.034265
2.585000	0.054678
2.586000	-0.212333
2.587000	-0.301276
2.588000	-0.301276
2.589000	-0.479344
2.590000	-0.568287
2.591000	-0.657230
2.592000	-1.013180
2.593000	-1.280190
2.594000	-1.547210
2.595000	-1.547210
2.596000	-1.369320
2.597000	-1.280190
2.598000	-1.547210
2.599000	-1.636150
2.600000	-1.636150
2.601000	-1.636150
2.602000	-1.636150
2.603000	-1.814220
2.604000	-1.903160
2.605000	-1.814220
2.606000	-1.636150
2.607000	-1.369320
2.608000	-1.280190
2.609000	-1.102310
2.610000	-1.013180
2.611000	-1.013180
2.612000	-1.013180
2.613000	-1.013180
2.614000	-0.835298
2.615000	-0.657230
2.616000	-0.301276
2.617000	-0.301276
2.618000	-0.212333
2.619000	-0.034265
2.620000	0.232746
2.621000	0.321689
2.622000	0.321689
2.623000	0.321689
2.624000	0.321689
2.625000	0.499575
2.626000	0.410632
2.627000	0.410632
2.628000	0.588700
2.629000	0.588700
2.630000	0.766586
2.631000	0.677643
2.632000	0.588700
2.633000	0.499575
2.634000	0.410632
2.635000	0.321689
2.636000	0.232746
2.637000	0.321689
2.638000	0.054678
2.639000	0.054678
2.640000	0.143621
2.641000	-0.123390
2.642000	-0.301276
2.643000	-0.479344
2.644000	-0.479344
2.645000	-0.568287
2.646000	-0.657230
2.647000	-0.835298
2.648000	-0.924240
2.649000	-0.924240
2.650000	-2.526120
2.651000	-3.772050
2.652000	-2.615070
2.653000	-0.479344
2.654000	-3.238030
2.655000	-3.861000
2.656000	-0.746355
2.657000	-1.191250
2.658000	-2.437180
2.659000	-1.013180
2.660000	-1.369320
2.661000	-1.725270
2.662000	-0.924240
2.663000	-1.013180
2.664000	-2.348240
2.665000	-1.725270
2.666000	-0.479344
2.667000	-0.924240
2.668000	-1.458260
2.669000	-1.369320
2.670000	-1.191250
2.671000	-0.479344
2.672000	0.054678
2.673000	-0.212333
2.674000	-0.746355
2.675000	-0.479344
2.676000	-0.212333
2.677000	0.321689
2.678000	0.766586
2.679000	0.766586
2.680000	0.321689
2.681000	0.143621
2.682000	0.499575
2.683000	1.033600
2.684000	1.300610
2.685000	1.122540
2.686000	0.944654
2.687000	1.122540
2.688000	1.122540
2.689000	0.944654
2.690000	0.944654
2.691000	0.766586
2.692000	0.766586
2.693000	0.588700
2.694000	0.499575
2.695000	0.766586
2.696000	0.766586
2.697000	0.410632
2.698000	0.143621
2.699000	-0.034265
2.700000	-0.034265
2.701000	-0.123390
2.702000	-0.390219
2.703000	-0.835298
2.704000	-0.924240
2.705000	-1.102310
2.706000	-1.547210
2.707000	-1.547210
2.708000	-1.458260
2.709000	-1.369320
2.710000	-1.191250
2.711000	-1.280190
2.712000	-1.547210
2.713000	-1.903160
2.714000	-1.725270
2.715000	-1.369320
2.716000	-1.369320
2.717000	-1.636150
2.718000	-1.814220
2.719000	-1.636150
2.720000	-1.191250
2.721000	-1.013180
2.722000	-1.191250
2.723000	-1.191250
2.724000	-0.835298
2.725000	-0.301276
2.726000	0.054678
2.727000	0.143621
2.728000	0.232746
2.729000	0.232746
2.730000	0.232746
2.731000	0.143621
2.732000	0.588700
2.733000	0.677643
2.734000	0.766586
2.735000	0.588700
2.736000	0.855711
2.737000	1.122540
2.738000	1.211660
2.739000	1.122540
2.740000	1.033600
2.741000	1.033600
2.742000	1.122540
2.743000	1.122540
2.744000	0.855711
2.745000	0.855711
2.746000	0.944654
2.747000	1.033600
2.748000	0.677643
2.749000	0.232746
2.750000	0.232746
2.751000	0.054678
2.752000	0.054678
2.753000	-0.034265
2.754000	-0.301276
2.755000	-0.568287
2.756000	-0.479344
2.757000	-0.301276
2.758000	-0.390219
2.759000	-1.013180
2.760000	-1.458260
2.761000	-1.191250
2.762000	-0.924240
2.763000	-1.191250
2.764000	-1.725270
2.765000	-0.924240
2.766000	-1.636150
2.767000	-1.903160
2.768000	-1.280190
2.769000	-1.636150
2.770000	-1.280190
2.771000	-1.547210
2.772000	-1.814220
2.773000	-1.102310
2.774000	-1.458260
2.775000	-1.636150
2.776000	-1.013180
2.777000	-1.280190
2.778000	-1.102310
2.779000	-0.568287
2.780000	-0.479344
2.781000	-0.212333
2.782000	-0.301276
2.783000	-0.568287
2.784000	-0.301276
2.785000	0.143621
2.786000	0.410632
2.787000	0.410632
2.788000	0.321689
2.789000	0.410632
2.790000	0.499575
2.791000	0.677643
2.792000	0.677643
2.793000	0.499575
2.794000	0.766586
2.795000	0.855711
2.796000	0.677643
2.797000	0.677643
2.798000	0.766586
2.799000	0.588700
2.800000	0.499575
2.801000	0.321689
2.802000	0.410632
2.803000	0.588700
2.804000	0.232746
2.805000	-0.301276
2.806000	-0.479344
2.807000	-0.479344
2.808000	-0.657230
2.809000	-0.568287
2.810000	-0.746355
2.811000	-0.568287
2.812000	-0.568287
2.813000	-0.835298
2.814000	-1.102310
2.815000	-1.280190
2.816000	-1.725270
2.817000	-1.636150
2.818000	-1.547210
2.819000	-1.547210
2.820000	-1.547210
2.821000	-1.725270
2.822000	-1.725270
2.823000	-1.636150
2.824000	-1.814220
2.825000	-2.081230
2.826000	-1.814220
2.827000	-1.369320
2.828000	-1.280190
2.829000	-1.547210
2.830000	-1.547210
2.831000	-1.369320
2.832000	-1.369320
2.833000	-1.280190
2.834000	-0.746355
2.835000	-0.835298
2.836000	-0.568287
2.837000	-0.301276
2.838000	-0.835298
2.839000	-0.657230
2.840000	-0.034265
2.841000	0.054678
2.842000	0.499575
2.843000	0.232746
2.844000	0.499575
2.845000	0.944654
2.846000	0.499575
2.847000	0.143621
2.848000	0.766586
2.849000	0.944654
2.850000	0.766586
2.851000	0.766586
2.852000	0.855711
2.853000	0.855711
2.854000	0.766586
2.855000	0.588700
2.856000	0.410632
2.857000	0.677643
2.858000	0.677643
2.859000	0.410632
2.860000	0.410632
2.861000	0.232746
2.862000	-0.034265
2.863000	-0.301276
2.864000	-0.479344
2.865000	-0.479344
2.866000	-0.390219
2.867000	-0.746355
2.868000	-0.746355
2.869000	-0.835298
2.870000	-1.013180
2.871000	-1.191250
2.872000	-1.547210
2.873000	-1.547210
2.874000	-1.369320
2.875000	-1.369320
2.876000	-1.369320
2.877000	-1.280190
2.878000	-1.369320
2.879000	-1.369320
2.880000	-1.458260
2.881000	-1.458260
2.882000	-1.280190
2.883000	-1.191250
2.884000	-1.191250
2.885000	-0.835298
2.886000	-0.835298
2.887000	-0.657230
2.888000	-0.657230
2.889000	-0.657230
2.890000	-0.479344
2.891000	-0.301276
2.892000	-0.123390
2.893000	-0.034265
2.894000	0.232746
2.895000	0.410632
2.896000	0.499575
2.897000	0.677643
2.898000	0.588700
2.899000	0.677643
2.900000	0.677643
2.901000	0.766586
2.902000	0.855711
2.903000	0.855711
2.904000	0.677643
2.905000	0.766586
2.906000	0.766586
2.907000	0.944654
2.908000	0.855711
2.909000	0.677643
2.910000	0.766586
2.911000	0.766586
2.912000	0.677643
2.913000	0.321689
2.914000	0.054678
2.915000	0.232746
2.916000	0.054678
2.917000	-0.034265
2.918000	-0.123390
2.919000	-0.301276
2.920000	-0.568287
2.921000	-0.657230
2.922000	-0.924240
2.923000	-1.013180
2.924000	-0.835298
2.925000	-0.924240
2.926000	-0.924240
2.927000	-1.013180
2.928000	-1.191250
2.929000	-1.191250
2.930000	-1.280190
2.931000	-1.369320
2.932000	-1.458260
2.933000	-1.547210
2.934000	-1.547210
2.935000	-1.458260
2.936000	-1.369320
2.937000	-1.280190
2.938000	-1.191250
2.939000	-1.280190
2.940000	-1.013180
2.941000	-0.924240
2.942000	-0.835298
2.943000	-0.746355
2.944000	-0.657230
2.945000	-0.479344
2.946000	-0.657230
2.947000	-0.568287
2.948000	-0.390219
2.949000	-0.212333
2.950000	0.143621
2.951000	0.232746
2.952000	0.232746
2.953000	0.232746
2.954000	0.321689
2.955000	0.410632
2.956000	0.410632
2.957000	0.588700
2.958000	0.766586
2.959000	0.855711
2.960000	0.766586
2.961000	0.677643
2.962000	0.588700
2.963000	0.766586
2.964000	0.588700
2.965000	0.410632
2.966000	0.321689
2.967000	0.410632
2.968000	0.321689
2.969000	0.232746
2.970000	0.054678
2.971000	-0.034265
2.972000	-0.301276
2.973000	-0.390219
2.974000	-0.568287
2.975000	-0.657230
2.976000	-0.835298
2.977000	-0.924240
2.978000	-1.102310
2.979000	-1.191250
2.980000	-1.102310
2.981000	-1.102310
2.982000	-1.280190
2.983000	-1.369320
2.984000	-1.369320
2.985000	-1.458260
2.986000	-1.725270
2.987000	-1.725270
2.988000	-1.636150
2.989000	-1.636150
2.990000	-1.547210
2.991000	-1.369320
2.992000	-1.280190
2.993000	-1.191250
2.994000	-1.280190
2.995000	-1.102310
2.996000	-1.102310
2.997000	-0.924240
2.998000	-0.835298
2.999000	-0.657230
3.000000	-0.479344
3.001000	-0.479344
3.002000	-0.301276
3.003000	-0.212333
3.004000	-0.034265
3.005000	-0.034265
3.006000	0.054678
3.007000	0.143621
3.008000	0.410632
3.009000	0.410632
3.010000	0.499575
3.011000	0.499575
3.012000	0.588700
3.013000	0.499575
3.014000	0.677643
3.015000	0.766586
3.016000	0.588700
3.017000	0.499575
3.018000	0.410632
3.019000	0.232746
3.020000	0.232746
3.021000	0.143621
3.022000	0.054678
3.023000	-0.034265
3.024000	0.054678
3.025000	-0.034265
3.026000	-0.123390
3.027000	-0.301276
3.028000	-0.479344
3.029000	-0.657230
3.030000	-0.835298
3.031000	-0.835298
3.032000	-0.924240
3.033000	-1.102310
3.034000	-1.191250
3.035000	-1.102310
3.036000	-1.191250
3.037000	-1.280190
3.038000	-1.369320
3.039000	-1.458260
3.040000	-1.636150
3.041000	-1.547210
3.042000	-1.458260
3.043000	-1.369320
3.044000	-1.280190
3.045000	-1.280190
3.046000	-1.102310
3.047000	-1.013180
3.048000	-1.013180
3.049000	-1.013180
3.050000	-0.924240
3.051000	-0.657230
3.052000	-0.657230
3.053000	-0.568287
3.054000	-0.301276
3.055000	-0.123390
3.056000	-0.123390
3.057000	-0.034265
3.058000	0.054678
3.059000	0.054678
3.060000	0.143621
3.061000	0.232746
3.062000	0.321689
3.063000	0.321689
3.064000	0.588700
3.065000	0.677643
3.066000	0.677643
3.067000	0.766586
3.068000	0.766586
3.069000	0.499575
3.070000	0.588700
3.071000	0.588700
3.072000	0.499575
3.073000	0.410632
3.074000	0.499575
3.075000	0.410632
3.076000	0.321689
3.077000	0.232746
3.078000	0.143621
3.079000	-0.034265
3.080000	-0.123390
3.081000	-0.212333
3.082000	-0.301276
3.083000	-0.390219
3.084000	-0.390219
3.085000	-0.568287
3.086000	-0.657230
3.087000	-0.746355
3.088000	-0.746355
3.089000	-0.924240
3.090000	-0.924240
3.091000	-1.013180
3.092000	-1.013180
3.093000	-1.013180
3.094000	-1.013180
3.095000	-1.280190
3.096000	-1.102310
3.097000	-1.102310
3.098000	-0.924240
3.099000	-0.924240
3.100000	-1.013180
3.101000	-0.924240
3.102000	-0.924240
3.103000	-0.835298
3.104000	-0.924240
3.105000	-0.746355
3.106000	-0.835298
3.107000	-0.568287
3.108000	-0.390219
3.109000	-0.212333
3.110000	-0.212333
3.111000	-0.034265
3.112000	0.054678
3.113000	-0.034265
3.114000	0.143621
3.115000	0.232746
3.116000	0.232746
3.117000	0.232746
3.118000	0.499575
3.119000	0.499575
3.120000	0.499575
3.121000	0.410632
3.122000	0.588700
3.123000	0.588700
3.124000	0.766586
3.125000	0.499575
3.126000	0.499575
3.127000	0.410632
3.128000	0.410632
3.129000	0.410632
3.130000	0.410632
3.131000	0.232746
3.132000	0.143621
3.133000	-0.034265
3.134000	-0.212333
3.135000	-0.212333
3.136000	-0.301276
3.137000	-0.479344
3.138000	-0.657230
3.139000	-0.657230
3.140000	-0.835298
3.141000	-0.657230
3.142000	-0.835298
3.143000	-0.924240
3.144000	-1.013180
3.145000	-1.102310
3.146000	-1.191250
3.147000	-1.191250
3.148000	-1.369320
3.149000	-1.280190
3.150000	-1.369320
3.151000	-1.369320
3.152000	-1.191250
3.153000	-1.369320
3.154000	-1.280190
3.155000	-1.369320
3.156000	-1.191250
3.157000	-1.102310
3.158000	-1.013180
3.159000	-0.835298
3.160000	-0.835298
3.161000	-0.657230
3.162000	-0.657230
3.163000	-0.479344
3.164000	-0.301276
3.165000	-0.123390
3.166000	-0.212333
3.167000	-0.123390
3.168000	-0.212333
3.169000	0.143621
3.170000	0.143621
3.171000	0.143621
3.172000	0.232746
3.173000	0.321689
3.174000	0.321689
3.175000	0.499575
3.176000	0.499575
3.177000	0.499575
3.178000	0.321689
3.179000	0.321689
3.180000	0.321689
3.181000	0.321689
3.182000	0.321689
3.183000	0.143621
3.184000	0.143621
3.185000	-0.034265
3.186000	-0.034265
3.187000	-0.123390
3.188000	-0.390219
3.189000	-0.479344
3.190000	-0.657230
3.191000	-0.657230
3.192000	-0.835298
3.193000	-0.746355
3.194000	-0.835298
3.195000	-0.835298
3.196000	-1.013180
3.197000	-1.013180
3.198000	-1.102310
3.199000	-1.280190
3.200000	-1.280190
3.201000	-1.280190
3.202000	-1.369320
3.203000	-1.280190
3.204000	-1.191250
3.205000	-1.280190
3.206000	-1.191250
3.207000	-1.102310
3.208000	-1.191250
3.209000	-1.191250
3.210000	-1.102310
3.211000	-0.924240
3.212000	-0.835298
3.213000	-0.657230
3.214000	-0.657230
3.215000	-0.479344
3.216000	-0.479344
3.217000	-0.390219
3.218000	-0.212333
3.219000	-0.212333
3.220000	-0.123390
3.221000	-0.034265
3.222000	0.054678
3.223000	0.143621
3.224000	0.232746
3.225000	0.321689
3.226000	0.410632
3.227000	0.321689
3.228000	0.410632
3.229000	0.410632
3.230000	0.588700
3.231000	0.588700
3.232000	0.410632
3.233000	0.321689
3.234000	0.410632
3.235000	0.410632
3.236000	0.410632
3.237000	0.410632
3.238000	0.321689
3.239000	0.143621
3.240000	0.143621
3.241000	0.054678
3.242000	-0.034265
3.243000	-0.123390
3.244000	-0.301276
3.245000	-0.390219
3.246000	-0.301276
3.247000	-0.479344
3.248000	-0.479344
3.249000	-0.746355
3.250000	-0.657230
3.251000	-0.835298
3.252000	-0.924240
3.253000	-0.924240
3.254000	-1.013180
3.255000	-1.102310
3.256000	-1.102310
3.257000	-1.102310
3.258000	-1.102310
3.259000	-1.013180
3.260000	-1.013180
3.261000	-1.013180
3.262000	-1.013180
3.263000	-1.013180
3.264000	-1.013180
3.265000	-0.924240
3.266000	-0.924240
3.267000	-0.746355
3.268000	-0.568287
3.269000	-0.479344
3.270000	-0.479344
3.271000	-0.390219
3.272000	-0.301276
3.273000	-0.301276
3.274000	-0.034265
3.275000	-0.034265
3.276000	0.143621
3.277000	0.143621
3.278000	0.232746
3.279000	0.410632
3.280000	0.499575
3.281000	0.588700
3.282000	0.499575
3.283000	0.499575
3.284000	0.499575
3.285000	0.499575
3.286000	0.499575
3.287000	0.499575
3.288000	0.410632
3.289000	0.499575
3.290000	0.410632
3.291000	0.499575
3.292000	0.499575
3.293000	0.232746
3.294000	0.143621
3.295000	-0.123390
3.296000	-0.123390
3.297000	-0.212333
3.298000	-0.301276
3.299000	-0.301276
3.300000	-0.479344
3.301000	-0.657230
3.302000	-0.746355
3.303000	-0.657230
3.304000	-0.835298
3.305000	-1.013180
3.306000	-1.191250
3.307000	-1.102310
3.308000	-0.924240
3.309000	-1.102310
3.310000	-1.191250
3.311000	-1.191250
3.312000	-1.191250
3.313000	-1.102310
3.314000	-1.102310
3.315000	-1.102310
3.316000	-1.013180
3.317000	-1.191250
3.318000	-1.191250
3.319000	-1.013180
3.320000	-0.924240
3.321000	-0.835298
3.322000	-0.746355
3.323000	-0.568287
3.324000	-0.479344
3.325000	-0.301276
3.326000	-0.301276
3.327000	-0.301276
3.328000	-0.123390
3.329000	-0.034265
3.330000	0.143621
3.331000	0.143621
3.332000	0.143621
3.333000	0.321689
3.334000	0.410632
3.335000	0.410632
3.336000	0.321689
3.337000	0.410632
3.338000	0.321689
3.339000	0.410632
3.340000	0.321689
3.341000	0.321689
3.342000	0.499575
3.343000	0.410632
3.344000	0.321689
3.345000	0.321689
3.346000	0.321689
3.347000	0.054678
3.348000	-0.034265
3.349000	-0.212333
3.350000	-0.212333
3.351000	-0.212333
3.352000	-0.390219
3.353000	-0.390219
3.354000	-0.479344
3.355000	-0.746355
3.356000	-0.835298
3.357000	-0.924240
3.358000	-0.924240
3.359000	-1.013180
3.360000	-1.102310
3.361000	-1.191250
3.362000	-1.191250
3.363000	-1.191250
3.364000	-1.191250
3.365000	-1.280190
3.366000	-1.280190
3.367000	-1.369320
3.368000	-1.369320
3.369000	-1.191250
3.370000	-1.280190
3.371000	-1.280190
3.372000	-1.280190
3.373000	-1.102310
3.374000	-1.013180
3.375000	-0.746355
3.376000	-0.746355
3.377000	-0.657230
3.378000	-0.657230
3.379000	-0.657230
3.380000	-0.390219
3.381000	-0.390219
3.382000	-0.301276
3.383000	-0.301276
3.384000	-0.212333
3.385000	-0.123390
3.386000	0.054678
3.387000	0.232746
3.388000	0.232746
3.389000	0.143621
3.390000	0.232746
3.391000	0.321689
3.392000	0.321689
3.393000	0.321689
3.394000	0.321689
3.395000	0.499575
3.396000	0.410632
3.397000	0.410632
3.398000	0.232746
3.399000	0.321689
3.400000	0.232746
3.401000	0.054678
3.402000	-0.034265
3.403000	-0.123390
3.404000	-0.123390
3.405000	-0.212333
3.406000	-0.479344
3.407000	-0.123390
3.408000	-0.390219
3.409000	-0.390219
3.410000	-0.568287
3.411000	-0.657230
3.412000	-0.746355
3.413000	-0.746355
3.414000	-0.835298
3.415000	-0.924240
3.416000	-0.924240
3.417000	-0.924240
3.418000	-0.835298
3.419000	-0.835298
3.420000	-0.835298
3.421000	-0.924240
3.422000	-1.013180
3.423000	-1.013180
3.424000	-0.924240
3.425000	-0.924240
3.426000	-0.835298
3.427000	-0.924240
3.428000	-0.746355
3.429000	-0.568287
3.430000	-0.657230
3.431000	-0.657230
3.432000	-0.390219
3.433000	-0.390219
3.434000	-0.301276
3.435000	-0.390219
3.436000	0.054678
3.437000	-0.034265
3.438000	-0.390219
3.439000	0.143621
3.440000	0.410632
3.441000	0.232746
3.442000	0.410632
3.443000	0.410632
3.444000	0.321689
3.445000	0.499575
3.446000	0.499575
3.447000	0.588700
3.448000	0.677643
3.449000	0.677643
3.450000	0.499575
3.451000	0.588700
3.452000	0.588700
3.453000	0.499575
3.454000	0.321689
3.455000	0.410632
3.456000	0.232746
3.457000	0.054678
3.458000	0.143621
3.459000	0.054678
3.460000	-0.034265
3.461000	0.054678
3.462000	-0.034265
3.463000	-0.212333
3.464000	-0.301276
3.465000	-0.479344
3.466000	-0.568287
3.467000	-0.835298
3.468000	-0.924240
3.469000	-0.924240
3.470000	-1.013180
3.471000	-1.013180
3.472000	-1.102310
3.473000	-1.013180
3.474000	-1.013180
3.475000	-1.102310
3.476000	-1.102310
3.477000	-1.191250
3.478000	-1.013180
3.479000	-1.102310
3.480000	-1.013180
3.481000	-0.924240
3.482000	-0.835298
3.483000	-0.924240
3.484000	-0.835298
3.485000	-0.657230
3.486000	-0.657230
3.487000	-0.657230
3.488000	-0.568287
3.489000	-0.568287
3.490000	-0.301276
3.491000	-0.212333
3.492000	-0.123390
3.493000	0.054678
3.494000	0.143621
3.495000	0.143621
3.496000	0.232746
3.497000	0.321689
3.498000	0.321689
3.499000	0.232746
3.500000	0.321689
3.501000	0.321689
3.502000	0.321689
3.503000	0.410632
3.504000	0.499575
3.505000	0.321689
3.506000	0.321689
3.507000	0.232746
3.508000	0.321689
3.509000	0.232746
3.510000	0.143621
3.511000	0.143621
3.512000	0.054678
3.513000	-0.034265
3.514000	-0.123390
3.515000	-0.212333
3.516000	-0.301276
3.517000	-0.390219
3.518000	-0.479344
3.519000	-0.746355
3.520000	-0.568287
3.521000	-0.835298
3.522000	-0.924240
3.523000	-1.013180
3.524000	-0.835298
3.525000	-0.924240
3.526000	-1.013180
3.527000	-1.102310
3.528000	-1.013180
3.529000	-1.102310
3.530000	-1.102310
3.531000	-1.013180
3.532000	-1.013180
3.533000	-1.191250
3.534000	-1.102310
3.535000	-1.013180
3.536000	-0.924240
3.537000	-0.924240
3.538000	-0.746355
3.539000	-0.835298
3.540000	-0.657230
3.541000	-0.479344
3.542000	-0.568287
3.543000	-0.568287
3.544000	-0.479344
3.545000	-0.123390
3.546000	-0.034265
3.547000	-0.034265
3.548000	-0.034265
3.549000	0.054678
3.550000	-0.034265
3.551000	0.054678
3.552000	0.232746
3.553000	0.321689
3.554000	0.410632
3.555000	0.321689
3.556000	0.410632
3.557000	0.321689
3.558000	0.499575
3.559000	0.321689
3.560000	0.321689
3.561000	0.321689
3.562000	0.232746
3.563000	0.232746
3.564000	0.143621
3.565000	0.143621
3.566000	0.143621
3.567000	-0.034265
3.568000	-0.212333
3.569000	-0.212333
3.570000	-0.123390
3.571000	-0.479344
3.572000	-0.479344
3.573000	-0.568287
3.574000	-0.657230
3.575000	-0.568287
3.576000	-0.746355
3.577000	-0.657230
3.578000	-0.835298
3.579000	-0.924240
3.580000	-0.924240
3.581000	-1.013180
3.582000	-1.013180
3.583000	-1.013180
3.584000	-1.102310
3.585000	-1.013180
3.586000	-1.013180
3.587000	-1.102310
3.588000	-1.102310
3.589000	-0.924240
3.590000	-0.924240
3.591000	-0.835298
3.592000	-0.835298
3.593000	-0.746355
3.594000	-0.657230
3.595000	-0.568287
3.596000	-0.568287
3.597000	-0.568287
3.598000	-0.390219
3.599000	-0.390219
3.600000	-0.301276
3.601000	-0.212333
3.602000	-0.123390
3.603000	0.054678
3.604000	-0.034265
3.605000	0.054678
3.606000	0.054678
3.607000	0.143621
3.608000	0.232746
3.609000	0.232746
3.610000	0.232746
3.611000	0.321689
3.612000	0.321689
3.613000	0.321689
3.614000	0.410632
3.615000	0.321689
3.616000	0.321689
3.617000	0.232746
3.618000	0.054678
3.619000	0.143621
3.620000	-0.034265
3.621000	0.054678
3.622000	-0.034265
3.623000	-0.123390
3.624000	-0.212333
3.625000	-0.212333
3.626000	-0.390219
3.627000	-0.568287
3.628000	-0.479344
3.629000	-0.568287
3.630000	-0.568287
3.631000	-0.657230
3.632000	-0.746355
3.633000	-0.924240
3.634000	-0.924240
3.635000	-0.835298
3.636000	-1.013180
3.637000	-0.924240
3.638000	-1.102310
3.639000	-1.102310
3.640000	-1.013180
3.641000	-0.924240
3.642000	-1.013180
3.643000	-1.013180
3.644000	-0.924240
3.645000	-0.746355
3.646000	-0.835298
3.647000	-0.657230
3.648000	-0.657230
3.649000	-0.657230
3.650000	-0.568287
3.651000	-0.568287
3.652000	-0.390219
3.653000	-0.390219
3.654000	-0.301276
3.655000	-0.301276
3.656000	-0.212333
3.657000	-0.034265
3.658000	0.143621
3.659000	0.143621
3.660000	0.232746
3.661000	0.321689
3.662000	0.232746
3.663000	0.321689
3.664000	0.410632
3.665000	0.232746
3.666000	0.321689
3.667000	0.232746
3.668000	0.232746
3.669000	0.232746
3.670000	0.232746
3.671000	0.143621
3.672000	0.143621
3.673000	0.143621
3.674000	0.232746
3.675000	0.143621
3.676000	-0.034265
3.677000	0.054678
3.678000	-0.034265
3.679000	-0.123390
3.680000	-0.301276
3.681000	-0.479344
3.682000	-0.390219
3.683000	-0.568287
3.684000	-0.568287
3.685000	-0.568287
3.686000	-0.657230
3.687000	-0.568287
3.688000	-0.746355
3.689000	-0.835298
3.690000	-0.924240
3.691000	-1.013180
3.692000	-1.013180
3.693000	-1.013180
3.694000	-1.013180
3.695000	-0.924240
3.696000	-0.835298
3.697000	-0.835298
3.698000	-0.835298
3.699000	-0.924240
3.700000	-0.924240
3.701000	-0.835298
3.702000	-0.835298
3.703000	-0.835298
3.704000	-0.835298
3.705000	-0.835298
3.706000	-0.657230
3.707000	-0.390219
3.708000	-0.301276
3.709000	-0.479344
3.710000	-0.390219
3.711000	-0.212333
3.712000	-0.301276
3.713000	-0.123390
3.714000	-0.123390
3.715000	-0.034265
3.716000	-0.123390
3.717000	-0.034265
3.718000	0.054678
3.719000	0.143621
3.720000	0.232746
3.721000	-2.793130
3.722000	14.293700
3.723000	-4.483960
3.724000	-4.306070
3.725000	5.127340
3.726000	-0.835298
3.727000	1.122540
3.728000	-1.636150
3.729000	-0.034265
3.730000	0.677643
3.731000	-0.746355
3.732000	1.478680
3.733000	-0.479344
3.734000	-4.750970
3.735000	0.855711
3.736000	4.148420
3.737000	-0.924240
3.738000	-4.039060
3.739000	-2.526120
3.740000	0.588700
3.741000	2.724420
3.742000	-0.390219
3.743000	-2.170170
3.744000	-1.102310
3.745000	-0.301276
3.746000	-0.479344
3.747000	-0.835298
3.748000	-1.013180
3.749000	-1.458260
3.750000	-2.259110
3.751000	-1.725270
3.752000	-0.390219
3.753000	0.232746
3.754000	-0.212333
3.755000	-1.636150
3.756000	-1.903160
3.757000	-0.924240
3.758000	-0.390219
3.759000	-0.123390
3.760000	-0.034265
3.761000	-1.013180
3.762000	-1.102310
3.763000	-0.746355
3.764000	-0.479344
3.765000	0.321689
3.766000	0.321689
3.767000	-0.924240
3.768000	-1.280190
3.769000	-0.123390
3.770000	0.855711
3.771000	0.766586
3.772000	0.321689
3.773000	-0.212333
3.774000	-0.034265
3.775000	0.588700
3.776000	0.321689
3.777000	0.410632
3.778000	0.410632
3.779000	-0.123390
3.780000	-0.301276
3.781000	-0.301276
3.782000	-0.034265
3.783000	0.588700
3.784000	0.766586
3.785000	0.410632
3.786000	-0.212333
3.787000	-0.568287
3.788000	-0.212333
3.789000	0.499575
3.790000	0.232746
3.791000	-0.657230
3.792000	-1.280190
3.793000	-0.657230
3.794000	-0.212333
3.795000	-0.301276
3.796000	-0.657230
3.797000	-0.657230
3.798000	-0.568287
3.799000	-0.657230
3.800000	-1.191250
3.801000	-0.835298
3.802000	-0.123390
3.803000	-0.479344
3.804000	-1.191250
3.805000	-1.636150
3.806000	-1.191250
3.807000	-0.390219
3.808000	-0.479344
3.809000	-1.102310
3.810000	-1.191250
3.811000	-1.102310
3.812000	-0.568287
3.813000	-0.390219
3.814000	-0.212333
3.815000	-0.479344
3.816000	-0.479344
3.817000	-0.657230
3.818000	-0.212333
3.819000	0.232746
3.820000	-0.123390
3.821000	-0.479344
3.822000	-0.746355
3.823000	-0.479344
3.824000	-0.034265
3.825000	0.054678
3.826000	0.232746
3.827000	0.232746
3.828000	-0.034265
3.829000	-0.479344
3.830000	-0.034265
3.831000	0.766586
3.832000	0.855711
3.833000	0.143621
3.834000	-0.568287
3.835000	-0.390219
3.836000	0.232746
3.837000	0.321689
3.838000	-0.212333
3.839000	-0.746355
3.840000	-0.479344
3.841000	-0.123390
3.842000	-0.034265
3.843000	-0.212333
3.844000	-0.301276
3.845000	-0.212333
3.846000	-0.390219
3.847000	-0.568287
3.848000	-0.657230
3.849000	-0.479344
3.850000	-0.301276
3.851000	-0.746355
3.852000	-1.280190
3.853000	-1.280190
3.854000	-0.657230
3.855000	-0.390219
3.856000	-0.568287
3.857000	-0.924240
3.858000	-0.924240
3.859000	-0.746355
3.860000	-0.568287
3.861000	-0.746355
3.862000	-0.835298
3.863000	-0.924240
3.864000	-0.746355
3.865000	-0.835298
3.866000	-0.746355
3.867000	-0.568287
3.868000	-0.479344
3.869000	-0.657230
3.870000	-0.746355
3.871000	-0.568287
3.872000	-0.390219
3.873000	-0.212333
3.874000	-0.212333
3.875000	-0.390219
3.876000	-0.479344
3.877000	-0.212333
3.878000	-0.034265
3.879000	0.232746
3.880000	0.321689
3.881000	0.143621
3.882000	-0.301276
3.883000	-0.212333
3.884000	-0.034265
3.885000	0.054678
3.886000	-0.034265
3.887000	-0.123390
3.888000	0.143621
3.889000	0.143621
3.890000	0.143621
3.891000	-0.034265
3.892000	0.054678
3.893000	0.143621
3.894000	-0.123390
3.895000	-0.301276
3.896000	-0.301276
3.897000	-0.212333
3.898000	-0.123390
3.899000	-0.301276
3.900000	-0.479344
3.901000	-0.390219
3.902000	-0.390219
3.903000	-0.301276
3.904000	-0.568287
3.905000	-0.746355
3.906000	-0.835298
3.907000	-0.746355
3.908000	-0.835298
3.909000	-0.746355
3.910000	-0.657230
3.911000	-0.479344
3.912000	-0.657230
3.913000	-0.924240
3.914000	-1.013180
3.915000	-0.835298
3.916000	-0.568287
3.917000	-0.657230
3.918000	-0.924240
3.919000	-0.835298
3.920000	-0.657230
3.921000	-0.568287
3.922000	-0.479344
3.923000	-0.479344
3.924000	-0.479344
3.925000	-0.479344
3.926000	-0.479344
3.927000	-0.301276
3.928000	-0.390219
3.929000	-0.212333
3.930000	-0.212333
3.931000	-0.212333
3.932000	-0.123390
3.933000	0.054678
3.934000	0.054678
3.935000	0.143621
3.936000	-0.034265
3.937000	-0.212333
3.938000	-0.212333
3.939000	-0.212333
3.940000	0.054678
3.941000	0.143621
3.942000	0.054678
3.943000	-0.123390
3.944000	-0.034265
3.945000	-0.034265
3.946000	-0.034265
3.947000	-0.212333
3.948000	-0.390219
3.949000	-0.479344
3.950000	-0.390219
3.951000	-0.301276
3.952000	-0.479344
3.953000	-0.479344
3.954000	-0.479344
3.955000	-0.568287
3.956000	-0.657230
3.957000	-0.746355
3.958000	-0.657230
3.959000	-0.657230
3.960000	-0.746355
3.961000	-1.013180
3.962000	-1.013180
3.963000	-0.924240
3.964000	-0.657230
3.965000	-0.746355
3.966000	-0.835298
3.967000	-1.013180
3.968000	-0.746355
3.969000	-0.746355
3.970000	-0.746355
3.971000	-0.924240
3.972000	-0.835298
3.973000	-0.924240
3.974000	-0.746355
3.975000	-0.657230
3.976000	-0.390219
3.977000	-0.390219
3.978000	-0.479344
3.979000	-0.390219
3.980000	-0.390219
3.981000	-0.390219
3.982000	-0.301276
3.983000	-0.301276
3.984000	-0.301276
3.985000	-0.212333
3.986000	-0.123390
3.987000	-0.123390
3.988000	-0.034265
3.989000	-0.123390
3.990000	-0.034265
3.991000	-0.123390
3.992000	-0.034265
3.993000	0.054678
3.994000	0.054678
3.995000	-0.034265
3.996000	0.054678
3.997000	0.143621
3.998000	-0.034265
3.999000	-0.123390
4.000000	-0.123390
4.001000	0.143621
4.002000	-0.034265
4.003000	-0.212333
4.004000	-0.479344
4.005000	-0.479344
4.006000	-0.390219
4.007000	-0.390219
4.008000	-0.390219
4.009000	-0.568287
4.010000	-0.568287
4.011000	-0.479344
4.012000	-0.479344
4.013000	-0.568287
4.014000	-0.568287
4.015000	-0.657230
4.016000	-0.835298
4.017000	-0.746355
4.018000	-0.746355
4.019000	-0.746355
4.020000	-0.746355
4.021000	-0.657230
4.022000	-0.924240
4.023000	-0.924240
4.024000	-0.568287
4.025000	-0.568287
4.026000	-0.657230
4.027000	-0.479344
4.028000	-0.568287
4.029000	-0.479344
4.030000	-0.479344
4.031000	-0.301276
4.032000	-0.390219
4.033000	-0.390219
4.034000	-0.390219
4.035000	-0.390219
4.036000	-0.301276
4.037000	-0.123390
4.038000	-0.123390
4.039000	-0.123390
4.040000	-0.123390
4.041000	0.054678
4.042000	0.054678
4.043000	-0.034265
4.044000	0.143621
4.045000	0.143621
4.046000	0.143621
4.047000	0.054678
4.048000	0.143621
4.049000	-0.034265
4.050000	-0.034265
4.051000	-0.123390
4.052000	-0.212333
4.053000	-0.123390
4.054000	-0.034265
4.055000	-0.123390
4.056000	-0.123390
4.057000	-0.301276
4.058000	-0.390219
4.059000	-0.301276
4.060000	-0.301276
4.061000	-0.479344
4.062000	-0.479344
4.063000	-0.568287
4.064000	-0.568287
4.065000	-0.657230
4.066000	-0.835298
4.067000	-0.746355
4.068000	-0.746355
4.069000	-0.924240
4.070000	-0.924240
4.071000	-0.746355
4.072000	-0.835298
4.073000	-0.746355
4.074000	-0.835298
4.075000	-0.835298
4.076000	-0.835298
4.077000	-0.924240
4.078000	-0.835298
4.079000	-0.835298
4.080000	-0.835298
4.081000	-0.657230
4.082000	-0.746355
4.083000	-0.657230
4.084000	-0.568287
4.085000	-0.479344
4.086000	-0.479344
4.087000	-0.479344
4.088000	-0.301276
4.089000	-0.390219
4.090000	-0.301276
4.091000	-0.301276
4.092000	-0.123390
4.093000	-0.034265
4.094000	-0.034265
4.095000	-0.034265
4.096000	-0.034265
4.097000	0.143621
4.098000	0.054678
4.099000	0.054678
4.100000	0.054678
4.101000	-0.034265
4.102000	-0.034265
4.103000	-0.034265
4.104000	0.054678
4.105000	-0.034265
4.106000	-0.212333
4.107000	-0.212333
4.108000	-0.123390
4.109000	-0.123390
4.110000	-0.301276
4.111000	-0.301276
4.112000	-0.212333
4.113000	-0.301276
4.114000	-0.390219
4.115000	-0.479344
4.116000	-0.479344
4.117000	-0.479344
4.118000	-0.657230
4.119000	-0.746355
4.120000	-0.657230
4.121000	-0.746355
4.122000	-0.835298
4.123000	-0.835298
4.124000	-0.746355
4.125000	-0.835298
4.126000	-0.835298
4.127000	-0.835298
4.128000	-0.835298
4.129000	-0.746355
4.130000	-0.746355
4.131000	-0.835298
4.132000	-0.835298
4.133000	-0.746355
4.134000	-0.746355
4.135000	-0.746355
4.136000	-0.746355
4.137000	-0.657230
4.138000	-0.479344
4.139000	-0.568287
4.140000	-0.568287
4.141000	-0.390219
4.142000	-0.301276
4.143000	-0.212333
4.144000	-0.390219
4.145000	-0.212333
4.146000	-0.123390
4.147000	-0.034265
4.148000	-0.034265
4.149000	-0.123390
4.150000	-0.034265
4.151000	-0.212333
4.152000	-0.034265
4.153000	0.054678
4.154000	-0.034265
4.155000	-0.123390
4.156000	0.054678
4.157000	-0.034265
4.158000	0.054678
4.159000	0.054678
4.160000	-71.852501
4.161000	1.300610
4.162000	-2.259110
4.163000	-27.355600
4.164000	40.903000
4.165000	-8.399820
4.166000	-11.069600
4.167000	16.785601
4.168000	-7.242830
4.169000	-7.954740
4.170000	-0.301276
4.171000	-1.903160
4.172000	1.389550
4.173000	-0.301276
4.174000	-0.390219
4.175000	-10.179600
4.176000	-5.017980
4.177000	2.190580
4.178000	3.080560
4.179000	-5.373940
4.180000	3.436510
4.181000	-2.170170
4.182000	-4.039060
4.183000	-0.034265
4.184000	-1.636150
4.185000	-3.327160
4.186000	-3.772050
4.187000	-3.238030
4.188000	-1.102310
4.189000	1.834630
4.190000	3.169500
4.191000	2.635480
4.192000	-0.123390
4.193000	-2.259110
4.194000	-1.903160
4.195000	2.368470
4.196000	4.237360
4.197000	0.766586
4.198000	-3.861000
4.199000	-0.568287
4.200000	0.766586
4.201000	2.635480
4.202000	1.567620
4.203000	0.766586
4.204000	-0.212333
4.205000	0.855711
4.206000	1.300610
4.207000	0.855711
4.208000	2.101460
4.209000	0.321689
4.210000	0.677643
4.211000	-0.301276
4.212000	0.321689
4.213000	0.499575
4.214000	-0.034265
4.215000	-0.657230
4.216000	-0.301276
4.217000	-1.191250
4.218000	-1.280190
4.219000	-1.636150
4.220000	0.410632
4.221000	0.766586
4.222000	0.588700
4.223000	-2.882080
4.224000	-2.615070
4.225000	-1.191250
4.226000	0.321689
4.227000	-0.746355
4.228000	-2.793130
4.229000	-4.662030
4.230000	-2.615070
4.231000	-0.835298
4.232000	-0.034265
4.233000	-1.102310
4.234000	-0.123390
4.235000	-1.725270
4.236000	-1.903160
4.237000	-1.903160
4.238000	-1.191250
4.239000	-0.390219
4.240000	-0.479344
4.241000	-1.992100
4.242000	-1.458260
4.243000	0.410632
4.244000	0.944654
4.245000	-0.301276
4.246000	-1.547210
4.247000	-1.547210
4.248000	0.232746
4.249000	1.389550
4.250000	0.855711
4.251000	0.855711
4.252000	0.143621
4.253000	0.321689
4.254000	0.143621
4.255000	1.033600
4.256000	1.478680
4.257000	1.656560
4.258000	-0.123390
4.259000	-1.013180
4.260000	-0.746355
4.261000	0.855711
4.262000	1.923570
4.263000	1.923570
4.264000	0.588700
4.265000	-0.390219
4.266000	-0.123390
4.267000	0.855711
4.268000	1.122540
4.269000	1.033600
4.270000	-0.657230
4.271000	-1.636150
4.272000	-0.924240
4.273000	-0.301276
4.274000	0.143621
4.275000	-0.390219
4.276000	-1.547210
4.277000	-1.547210
4.278000	-0.657230
4.279000	-0.390219
4.280000	-0.123390
4.281000	-0.479344
4.282000	-1.280190
4.283000	-1.903160
4.284000	-1.814220
4.285000	-1.814220
4.286000	-1.191250
4.287000	-1.280190
4.288000	-1.992100
4.289000	-2.615070
4.290000	-1.814220
4.291000	-1.013180
4.292000	-0.123390
4.293000	-0.657230
4.294000	-1.102310
4.295000	-0.835298
4.296000	-0.479344
4.297000	-0.746355
4.298000	-1.102310
4.299000	-1.369320
4.300000	-1.102310
4.301000	-0.835298
4.302000	-0.924240
4.303000	-0.301276
4.304000	0.855711
4.305000	1.033600
4.306000	0.410632
4.307000	-0.212333
4.308000	0.143621
4.309000	0.855711
4.310000	1.122540
4.311000	0.321689
4.312000	-0.212333
4.313000	-0.034265
4.314000	0.232746
4.315000	0.766586
4.316000	1.211660
4.317000	1.122540
4.318000	0.855711
4.319000	0.410632
4.320000	-0.034265
4.321000	-0.034265
4.322000	0.143621
4.323000	0.054678
4.324000	0.054678
4.325000	-0.034265
4.326000	-0.034265
4.327000	0.232746
4.328000	-0.034265
4.329000	-0.301276
4.330000	-0.568287
4.331000	-1.191250
4.332000	-1.547210
4.333000	-1.725270
4.334000	-1.191250
4.335000	-0.924240
4.336000	-0.835298
4.337000	-1.191250
4.338000	-1.191250
4.339000	-0.924240
4.340000	-0.924240
4.341000	-1.369320
4.342000	-1.636150
4.343000	-2.081230
4.344000	-2.437180
4.345000	-1.903160
4.346000	-1.191250
4.347000	-0.568287
4.348000	-0.123390
4.349000	-0.835298
4.350000	-1.102310
4.351000	-1.013180
4.352000	-0.390219
4.353000	-0.212333
4.354000	-0.657230
4.355000	-1.102310
4.356000	-0.924240
4.357000	-0.301276
4.358000	0.143621
4.359000	0.410632
4.360000	0.588700
4.361000	0.588700
4.362000	0.499575
4.363000	0.321689
4.364000	-14.718400
4.365000	-11.781500
4.366000	15.539700
4.367000	-12.048500
4.368000	17.764500
4.369000	4.593320
4.370000	-8.933660
4.371000	-0.746355
4.372000	0.855711
4.373000	-5.552000
4.374000	2.635480
4.375000	2.546540
4.376000	2.012510
4.377000	-1.992100
4.378000	-8.577700
4.379000	-1.369320
4.380000	3.792470
4.381000	1.923570
4.382000	-0.657230
4.383000	-1.725270
4.384000	-2.615070
4.385000	-1.725270
4.386000	-1.013180
4.387000	-0.301276
4.388000	-0.835298
4.389000	-2.348240
4.390000	-3.683110
4.391000	-2.526120
4.392000	0.766586
4.393000	2.368470
4.394000	-0.924240
4.395000	-2.526120
4.396000	-1.725270
4.397000	-0.657230
4.398000	-0.479344
4.399000	0.321689
4.400000	-1.369320
4.401000	-2.259110
4.402000	-1.903160
4.403000	-0.301276
4.404000	1.923570
4.405000	2.635480
4.406000	-0.301276
4.407000	-2.348240
4.408000	-1.458260
4.409000	0.588700
4.410000	2.724420
4.411000	0.410632
4.412000	-4.839910
4.413000	-5.552000
4.414000	2.457590
4.415000	-0.301276
4.416000	3.258440
4.417000	0.855711
4.418000	-2.259110
4.419000	-2.615070
4.420000	-0.479344
4.421000	0.232746
4.422000	2.635480
4.423000	-1.191250
4.424000	-1.280190
4.425000	-0.924240
4.426000	1.923570
4.427000	-1.725270
4.428000	-3.060150
4.429000	1.656560
4.430000	1.389550
4.431000	-2.437180
4.432000	-3.505040
4.433000	-2.259110
4.434000	0.677643
4.435000	0.677643
4.436000	-1.191250
4.437000	-8.577700
4.438000	-4.662030
4.439000	15.183700
4.440000	-31.182301
4.441000	18.387501
4.442000	-12.315500
4.443000	-24.952700
4.444000	16.874500
4.445000	-11.781500
4.446000	14.293700
4.447000	4.415430
4.448000	-10.535500
4.449000	-1.191250
4.450000	-2.526120
4.451000	-5.196050
4.452000	5.928370
4.453000	-0.657230
4.454000	-3.683110
4.455000	0.944654
4.456000	-1.725270
4.457000	3.970350
4.458000	3.881410
4.459000	0.944654
4.460000	-1.102310
4.461000	-3.238030
4.462000	-1.725270
4.463000	2.991430
4.464000	-1.636150
4.465000	-1.013180
4.466000	0.499575
4.467000	-1.102310
4.468000	1.745500
4.469000	-9.022780
4.470000	6.729220
4.471000	-1.547210
4.472000	6.818160
4.473000	3.436510
4.474000	-12.760600
4.475000	-2.882080
4.476000	6.017310
4.477000	1.122540
4.478000	2.101460
4.479000	-0.301276
4.480000	-1.814220
4.481000	-3.327160
4.482000	-0.301276
4.483000	-0.835298
4.484000	-16.854099
4.485000	10.644900
4.486000	2.279530
4.487000	16.518600
4.488000	-17.833200
4.489000	14.471800
4.490000	-11.158500
4.491000	0.499575
4.492000	7.797080
4.493000	-4.128010
4.494000	-2.259110
4.495000	0.232746
4.496000	-4.929040
4.497000	-0.924240
4.498000	-2.882080
4.499000	-2.615070
4.500000	3.792470
4.501000	2.991430
4.502000	0.410632
4.503000	-5.196050
4.504000	1.478680
4.505000	-0.212333
4.506000	-2.081230
4.507000	5.305410
4.508000	-0.034265
4.509000	-2.348240
4.510000	-2.081230
4.511000	-1.725270
4.512000	0.410632
4.513000	-1.102310
4.514000	7.352190
4.515000	-2.526120
4.516000	0.944654
4.517000	0.143621
4.518000	-2.704190
4.519000	0.855711
4.520000	2.368470
4.521000	1.834630
4.522000	1.389550
4.523000	2.279530
4.524000	2.190580
4.525000	-2.971200
4.526000	-1.547210
4.527000	-2.437180
4.528000	-1.903160
4.529000	1.300610
4.530000	0.054678
4.531000	4.682440
4.532000	-2.170170
4.533000	-1.636150
4.534000	0.766586
4.535000	-1.191250
4.536000	1.122540
4.537000	13.581800
4.538000	-7.153890
4.539000	-3.683110
4.540000	-4.128010
4.541000	-4.483960
4.542000	3.347390
4.543000	2.991430
4.544000	-1.102310
4.545000	-2.348240
4.546000	-3.683110
4.547000	-1.013180
4.548000	0.410632
4.549000	3.525460
4.550000	1.122540
4.551000	-4.128010
4.552000	-1.102310
4.553000	-1.013180
4.554000	0.232746
4.555000	1.122540
4.556000	-0.212333
4.557000	-2.348240
4.558000	-1.191250
4.559000	-1.992100
4.560000	-0.657230
4.561000	1.211660
4.562000	0.855711
4.563000	-0.212333
4.564000	-1.102310
4.565000	-0.835298
4.566000	1.300610
4.567000	2.724420
4.568000	2.635480
4.569000	0.143621
4.570000	-2.170170
4.571000	-1.102310
4.572000	-0.479344
4.573000	2.101460
4.574000	1.834630
4.575000	-0.479344
4.576000	-1.191250
4.577000	-0.390219
4.578000	0.944654
4.579000	2.457590
4.580000	2.368470
4.581000	0.766586
4.582000	0.766586
4.583000	-0.301276
4.584000	0.321689
4.585000	1.211660
4.586000	0.588700
4.587000	-0.212333
4.588000	-1.458260
4.589000	-1.636150
4.590000	-1.102310
4.591000	0.143621
4.592000	0.588700
4.593000	0.588700
4.594000	-0.390219
4.595000	-0.479344
4.596000	-0.390219
4.597000	0.410632
4.598000	0.677643
4.599000	-0.301276
4.600000	-1.547210
4.601000	-2.437180
4.602000	-2.526120
4.603000	-0.746355
4.604000	-0.034265
4.605000	0.143621
4.606000	-0.568287
4.607000	-1.458260
4.608000	-1.458260
4.609000	-0.479344
4.610000	0.054678
4.611000	0.499575
4.612000	-0.390219
4.613000	-1.013180
4.614000	-1.280190
4.615000	-0.479344
4.616000	0.766586
4.617000	0.588700
4.618000	-0.390219
4.619000	-1.013180
4.620000	-1.102310
4.621000	-0.390219
4.622000	0.054678
4.623000	0.232746
4.624000	0.499575
4.625000	0.143621
4.626000	0.232746
4.627000	1.122540
4.628000	1.300610
4.629000	1.211660
4.630000	0.499575
4.631000	-0.568287
4.632000	-0.479344
4.633000	-0.568287
4.634000	0.054678
4.635000	0.054678
4.636000	-0.212333
4.637000	0.232746
4.638000	0.232746
4.639000	0.766586
4.640000	0.944654
4.641000	0.588700
4.642000	-0.034265
4.643000	-0.479344
4.644000	-0.924240
4.645000	-0.212333
4.646000	-0.123390
4.647000	0.232746
4.648000	-0.390219
4.649000	-0.835298
4.650000	-0.568287
4.651000	-0.390219
4.652000	-0.479344
4.653000	-0.568287
4.654000	-1.013180
4.655000	-0.835298
4.656000	-0.835298
4.657000	-0.479344
4.658000	0.143621
4.659000	-0.212333
4.660000	-0.479344
4.661000	-1.013180
4.662000	-1.280190
4.663000	-0.835298
4.664000	-0.835298
4.665000	-1.013180
4.666000	-0.835298
4.667000	-1.013180
4.668000	-0.835298
4.669000	-0.301276
4.670000	0.054678
4.671000	0.588700
4.672000	0.232746
4.673000	-0.123390
4.674000	-0.479344
4.675000	-1.013180
4.676000	-0.657230
4.677000	-0.479344
4.678000	-0.123390
4.679000	0.232746
4.680000	-0.123390
4.681000	0.499575
4.682000	0.944654
4.683000	0.855711
4.684000	0.766586
4.685000	0.232746
4.686000	-0.034265
4.687000	0.054678
4.688000	0.143621
4.689000	0.588700
4.690000	0.677643
4.691000	0.321689
4.692000	0.410632
4.693000	0.410632
4.694000	0.499575
4.695000	0.410632
4.696000	0.143621
4.697000	0.054678
4.698000	-0.034265
4.699000	-0.479344
4.700000	-0.123390
4.701000	-0.034265
4.702000	0.143621
4.703000	0.410632
4.704000	0.054678
4.705000	-0.123390
4.706000	-0.479344
4.707000	-0.568287
4.708000	-0.657230
4.709000	-1.102310
4.710000	-1.013180
4.711000	-0.746355
4.712000	-0.924240
4.713000	-0.568287
4.714000	-0.212333
4.715000	-0.123390
4.716000	-0.123390
4.717000	-0.568287
4.718000	-0.835298
4.719000	-0.924240
4.720000	-1.013180
4.721000	-1.102310
4.722000	-0.746355
4.723000	-0.657230
4.724000	-0.657230
4.725000	0.054678
4.726000	0.054678
4.727000	-0.301276
4.728000	-0.301276
4.729000	-0.034265
4.730000	0.054678
4.731000	-0.123390
4.732000	-0.568287
4.733000	0.232746
4.734000	0.232746
4.735000	-0.034265
4.736000	0.410632
4.737000	0.677643
4.738000	0.588700
4.739000	-0.034265
4.740000	-0.212333
4.741000	0.410632
4.742000	0.410632
4.743000	0.143621
4.744000	0.410632
4.745000	0.588700
4.746000	0.232746
4.747000	0.321689
4.748000	0.321689
4.749000	0.677643
4.750000	0.410632
4.751000	-0.390219
4.752000	-0.657230
4.753000	-0.301276
4.754000	-0.123390
4.755000	0.054678
4.756000	-0.034265
4.757000	-0.123390
4.758000	-0.390219
4.759000	-0.568287
4.760000	-0.390219
4.761000	-0.301276
4.762000	-0.390219
4.763000	-0.568287
4.764000	-0.746355
4.765000	-0.924240
4.766000	-0.746355
4.767000	-0.301276
4.768000	-0.390219
4.769000	-0.568287
4.770000	-0.924240
4.771000	-0.924240
4.772000	-0.568287
4.773000	-1.102310
4.774000	-1.280190
4.775000	-0.568287
4.776000	-0.568287
4.777000	-0.390219
4.778000	-0.212333
4.779000	-0.212333
4.780000	-0.034265
4.781000	-0.657230
4.782000	-0.479344
4.783000	-0.301276
4.784000	-0.657230
4.785000	-0.301276
4.786000	-0.034265
4.787000	-0.123390
4.788000	-0.034265
4.789000	-0.212333
4.790000	0.232746
4.791000	0.588700
4.792000	0.143621
4.793000	-0.034265
4.794000	-0.123390
4.795000	0.054678
4.796000	0.410632
4.797000	0.143621
4.798000	0.499575
4.799000	0.410632
4.800000	0.054678
4.801000	-0.034265
4.802000	0.143621
4.803000	0.232746
4.804000	0.143621
4.805000	-0.123390
4.806000	-0.034265
4.807000	0.232746
4.808000	-0.212333
4.809000	0.232746
4.810000	0.321689
4.811000	0.232746
4.812000	0.054678
4.813000	-0.390219
4.814000	-0.479344
4.815000	-0.301276
4.816000	-0.657230
4.817000	-0.390219
4.818000	-0.568287
4.819000	-0.390219
4.820000	-0.568287
4.821000	-0.301276
4.822000	-0.479344
4.823000	-0.568287
4.824000	-0.479344
4.825000	-0.746355
4.826000	-0.835298
4.827000	-0.568287
4.828000	-0.390219
4.829000	-0.479344
4.830000	-0.390219
4.831000	-0.568287
4.832000	-0.746355
4.833000	-0.390219
4.834000	-0.568287
4.835000	-0.479344
4.836000	-0.924240
4.837000	-0.657230
4.838000	-0.479344
4.839000	-0.568287
4.840000	-0.212333
4.841000	-0.212333
4.842000	-0.123390
4.843000	0.054678
4.844000	-0.390219
4.845000	-0.212333
4.846000	-0.034265
4.847000	-0.034265
4.848000	-0.301276
4.849000	-0.301276
4.850000	-0.123390
4.851000	0.321689
4.852000	0.232746
4.853000	0.143621
4.854000	0.143621
4.855000	-0.123390
4.856000	-0.034265
4.857000	-0.034265
4.858000	-0.123390
4.859000	0.054678
4.860000	-0.123390
4.861000	-0.034265
4.862000	-0.123390
4.863000	-0.034265
4.864000	0.143621
4.865000	0.054678
4.866000	-0.123390
4.867000	-0.390219
4.868000	-0.301276
4.869000	-0.301276
4.870000	-0.212333
4.871000	-0.390219
4.872000	-0.212333
4.873000	-0.301276
4.874000	-0.479344
4.875000	-0.479344
4.876000	-0.479344
4.877000	-0.568287
4.878000	-0.657230
4.879000	-0.746355
4.880000	-0.835298
4.881000	-0.835298
4.882000	-0.657230
4.883000	-0.568287
4.884000	-0.568287
4.885000	-0.479344
4.886000	-0.657230
4.887000	-0.657230
4.888000	-0.657230
4.889000	-0.746355
4.890000	-0.657230
4.891000	-0.657230
4.892000	-0.568287
4.893000	-0.479344
4.894000	-0.568287
4.895000	-0.123390
4.896000	-0.123390
4.897000	-0.301276
4.898000	-0.212333
4.899000	-0.390219
4.900000	-0.212333
4.901000	-0.123390
4.902000	-0.034265
4.903000	0.054678
4.904000	0.054678
4.905000	-0.123390
4.906000	-0.034265
4.907000	0.054678
4.908000	0.143621
4.909000	0.143621
4.910000	0.054678
4.911000	0.054678
4.912000	0.054678
4.913000	0.232746
4.914000	0.321689
4.915000	0.143621
4.916000	-0.123390
4.917000	0.143621
4.918000	-0.123390
4.919000	-0.034265
4.920000	-0.123390
4.921000	-0.212333
4.922000	-0.301276
4.923000	-0.390219
4.924000	-0.301276
4.925000	-0.123390
4.926000	-0.212333
4.927000	-0.479344
4.928000	-0.390219
4.929000	-0.390219
4.930000	-0.390219
4.931000	-0.657230
4.932000	-0.746355
4.933000	-0.657230
4.934000	-0.568287
4.935000	-0.657230
4.936000	-0.568287
4.937000	-0.479344
4.938000	-0.568287
4.939000	-0.746355
4.940000	-0.568287
4.941000	-0.568287
4.942000	-0.568287
4.943000	-0.568287
4.944000	-0.568287
4.945000	-0.568287
4.946000	-0.568287
4.947000	-0.390219
4.948000	-0.390219
4.949000	-0.390219
4.950000	-0.301276
4.951000	-0.390219
4.952000	-0.301276
4.953000	-0.212333
4.954000	-0.212333
4.955000	-0.212333
4.956000	-0.123390
4.957000	-0.123390
4.958000	-0.034265
4.959000	-0.034265
4.960000	0.143621
4.961000	-0.034265
4.962000	-0.034265
4.963000	-0.034265
4.964000	-0.034265
4.965000	-0.123390
4.966000	-0.123390
4.967000	0.054678
4.968000	0.054678
4.969000	-0.034265
4.970000	-0.212333
4.971000	-0.034265
4.972000	-0.123390
4.973000	-0.212333
4.974000	-0.212333
4.975000	-0.390219
4.976000	-0.212333
4.977000	-0.212333
4.978000	-0.212333
4.979000	-0.123390
4.980000	-0.301276
4.981000	-0.301276
4.982000	-0.479344
4.983000	-0.568287
4.984000	-0.479344
4.985000	-0.479344
4.986000	-0.390219
4.987000	-0.568287
4.988000	-0.746355
4.989000	-0.746355
4.990000	-0.568287
4.991000	-0.568287
4.992000	-0.568287
4.993000	-0.657230
4.994000	-0.568287
4.995000	-0.568287
4.996000	-0.568287
4.997000	-0.479344
4.998000	-0.479344
4.999000	-0.568287
