-0.500000	1.720580
-0.499000	1.657780
-0.498000	1.720580
-0.497000	1.594860
-0.496000	1.720580
-0.495000	1.594860
-0.494000	1.657780
-0.493000	1.720580
-0.492000	1.720580
-0.491000	1.594860
-0.490000	1.720580
-0.489000	1.720580
-0.488000	1.657780
-0.487000	1.720580
-0.486000	1.720580
-0.485000	1.720580
-0.484000	1.720580
-0.483000	1.720580
-0.482000	1.657780
-0.481000	1.657780
-0.480000	1.720580
-0.479000	1.720580
-0.478000	1.657780
-0.477000	1.720580
-0.476000	1.657780
-0.475000	1.720580
-0.474000	1.657780
-0.473000	1.783370
-0.472000	1.783370
-0.471000	1.594860
-0.470000	1.657780
-0.469000	1.657780
-0.468000	1.720580
-0.467000	1.720580
-0.466000	1.657780
-0.465000	1.720580
-0.464000	1.720580
-0.463000	1.720580
-0.462000	1.783370
-0.461000	1.720580
-0.460000	1.657780
-0.459000	1.720580
-0.458000	1.720580
-0.457000	1.657780
-0.456000	1.657780
-0.455000	1.657780
-0.454000	1.720580
-0.453000	1.783370
-0.452000	1.657780
-0.451000	1.657780
-0.450000	1.657780
-0.449000	1.720580
-0.448000	1.657780
-0.447000	1.720580
-0.446000	1.720580
-0.445000	1.720580
-0.444000	1.657780
-0.443000	1.720580
-0.442000	1.720580
-0.441000	1.657780
-0.440000	1.720580
-0.439000	1.720580
-0.438000	1.657780
-0.437000	1.720580
-0.436000	1.720580
-0.435000	1.720580
-0.434000	1.720580
-0.433000	1.657780
-0.432000	1.720580
-0.431000	1.720580
-0.430000	1.657780
-0.429000	1.657780
-0.428000	1.594860
-0.427000	1.657780
-0.426000	1.720580
-0.425000	1.720580
-0.424000	1.657780
-0.423000	1.720580
-0.422000	1.594860
-0.421000	1.657780
-0.420000	1.720580
-0.419000	1.657780
-0.418000	1.657780
-0.417000	1.657780
-0.416000	1.657780
-0.415000	1.657780
-0.414000	1.720580
-0.413000	1.720580
-0.412000	1.594860
-0.411000	1.657780
-0.410000	1.657780
-0.409000	1.720580
-0.408000	1.657780
-0.407000	1.657780
-0.406000	1.657780
-0.405000	1.657780
-0.404000	1.720580
-0.403000	1.594860
-0.402000	1.720580
-0.401000	1.720580
-0.400000	1.783370
-0.399000	1.720580
-0.398000	1.594860
-0.397000	1.594860
-0.396000	1.720580
-0.395000	1.657780
-0.394000	1.657780
-0.393000	1.657780
-0.392000	1.657780
-0.391000	1.720580
-0.390000	1.720580
-0.389000	1.720580
-0.388000	1.657780
-0.387000	1.720580
-0.386000	1.657780
-0.385000	1.783370
-0.384000	1.657780
-0.383000	1.657780
-0.382000	1.720580
-0.381000	1.657780
-0.380000	1.657780
-0.379000	1.720580
-0.378000	1.594860
-0.377000	1.720580
-0.376000	1.720580
-0.375000	1.657780
-0.374000	1.720580
-0.373000	1.657780
-0.372000	1.594860
-0.371000	1.594860
-0.370000	1.657780
-0.369000	1.720580
-0.368000	1.783370
-0.367000	1.657780
-0.366000	1.720580
-0.365000	1.657780
-0.364000	1.657780
-0.363000	1.657780
-0.362000	1.720580
-0.361000	1.720580
-0.360000	1.657780
-0.359000	1.720580
-0.358000	1.657780
-0.357000	1.720580
-0.356000	1.783370
-0.355000	1.657780
-0.354000	1.657780
-0.353000	1.720580
-0.352000	1.720580
-0.351000	1.657780
-0.350000	1.720580
-0.349000	1.783370
-0.348000	1.720580
-0.347000	1.720580
-0.346000	1.783370
-0.345000	1.657780
-0.344000	1.783370
-0.343000	1.720580
-0.342000	1.657780
-0.341000	1.657780
-0.340000	1.657780
-0.339000	1.594860
-0.338000	1.720580
-0.337000	1.720580
-0.336000	1.720580
-0.335000	1.720580
-0.334000	1.657780
-0.333000	1.720580
-0.332000	1.720580
-0.331000	1.657780
-0.330000	1.657780
-0.329000	1.720580
-0.328000	1.594860
-0.327000	1.720580
-0.326000	1.720580
-0.325000	1.720580
-0.324000	1.720580
-0.323000	1.657780
-0.322000	1.720580
-0.321000	1.720580
-0.320000	1.720580
-0.319000	1.657780
-0.318000	1.720580
-0.317000	1.720580
-0.316000	1.720580
-0.315000	1.657780
-0.314000	1.720580
-0.313000	1.720580
-0.312000	1.783370
-0.311000	1.657780
-0.310000	1.657780
-0.309000	1.720580
-0.308000	1.720580
-0.307000	1.720580
-0.306000	1.594860
-0.305000	1.657780
-0.304000	1.783370
-0.303000	1.720580
-0.302000	1.720580
-0.301000	1.720580
-0.300000	1.783370
-0.299000	1.594860
-0.298000	1.657780
-0.297000	1.720580
-0.296000	1.720580
-0.295000	1.720580
-0.294000	1.720580
-0.293000	1.720580
-0.292000	1.720580
-0.291000	1.720580
-0.290000	1.720580
-0.289000	1.783370
-0.288000	1.720580
-0.287000	1.720580
-0.286000	1.720580
-0.285000	1.720580
-0.284000	1.657780
-0.283000	1.657780
-0.282000	1.657780
-0.281000	1.657780
-0.280000	1.720580
-0.279000	1.720580
-0.278000	1.720580
-0.277000	1.657780
-0.276000	1.720580
-0.275000	1.720580
-0.274000	1.720580
-0.273000	1.720580
-0.272000	1.720580
-0.271000	1.594860
-0.270000	1.594860
-0.269000	1.657780
-0.268000	1.657780
-0.267000	1.657780
-0.266000	1.720580
-0.265000	1.657780
-0.264000	1.720580
-0.263000	1.657780
-0.262000	1.720580
-0.261000	1.657780
-0.260000	1.720580
-0.259000	1.657780
-0.258000	1.720580
-0.257000	1.720580
-0.256000	1.657780
-0.255000	1.657780
-0.254000	1.720580
-0.253000	1.720580
-0.252000	1.720580
-0.251000	1.657780
-0.250000	1.720580
-0.249000	1.657780
-0.248000	1.720580
-0.247000	1.594860
-0.246000	1.783370
-0.245000	1.720580
-0.244000	1.720580
-0.243000	1.657780
-0.242000	1.720580
-0.241000	1.720580
-0.240000	1.720580
-0.239000	1.657780
-0.238000	1.720580
-0.237000	1.720580
-0.236000	1.783370
-0.235000	1.657780
-0.234000	1.720580
-0.233000	1.594860
-0.232000	1.657780
-0.231000	1.720580
-0.230000	1.657780
-0.229000	1.783370
-0.228000	1.783370
-0.227000	1.657780
-0.226000	1.720580
-0.225000	1.720580
-0.224000	1.657780
-0.223000	1.657780
-0.222000	1.720580
-0.221000	1.657780
-0.220000	1.720580
-0.219000	1.720580
-0.218000	1.657780
-0.217000	1.720580
-0.216000	1.657780
-0.215000	1.783370
-0.214000	1.720580
-0.213000	1.720580
-0.212000	1.783370
-0.211000	1.657780
-0.210000	1.657780
-0.209000	1.657780
-0.208000	1.720580
-0.207000	1.720580
-0.206000	1.720580
-0.205000	1.720580
-0.204000	1.720580
-0.203000	1.720580
-0.202000	1.783370
-0.201000	1.720580
-0.200000	1.720580
-0.199000	1.720580
-0.198000	1.657780
-0.197000	1.720580
-0.196000	1.720580
-0.195000	1.720580
-0.194000	1.720580
-0.193000	1.657780
-0.192000	1.720580
-0.191000	1.720580
-0.190000	1.720580
-0.189000	1.720580
-0.188000	1.720580
-0.187000	1.720580
-0.186000	1.657780
-0.185000	1.657780
-0.184000	1.657780
-0.183000	1.657780
-0.182000	1.657780
-0.181000	1.657780
-0.180000	1.783370
-0.179000	1.657780
-0.178000	1.657780
-0.177000	1.657780
-0.176000	1.720580
-0.175000	1.657780
-0.174000	1.657780
-0.173000	1.783370
-0.172000	1.720580
-0.171000	1.720580
-0.170000	1.783370
-0.169000	1.657780
-0.168000	1.720580
-0.167000	1.657780
-0.166000	1.657780
-0.165000	1.594860
-0.164000	1.720580
-0.163000	1.657780
-0.162000	1.657780
-0.161000	1.657780
-0.160000	1.720580
-0.159000	1.783370
-0.158000	1.594860
-0.157000	1.720580
-0.156000	1.720580
-0.155000	1.720580
-0.154000	1.594860
-0.153000	1.657780
-0.152000	1.657780
-0.151000	1.657780
-0.150000	1.657780
-0.149000	1.720580
-0.148000	1.720580
-0.147000	1.720580
-0.146000	1.657780
-0.145000	1.657780
-0.144000	1.657780
-0.143000	1.657780
-0.142000	1.657780
-0.141000	1.720580
-0.140000	1.720580
-0.139000	1.783370
-0.138000	1.720580
-0.137000	1.720580
-0.136000	1.657780
-0.135000	1.657780
-0.134000	1.657780
-0.133000	1.720580
-0.132000	1.720580
-0.131000	1.783370
-0.130000	1.657780
-0.129000	1.720580
-0.128000	1.657780
-0.127000	1.657780
-0.126000	1.720580
-0.125000	1.720580
-0.124000	1.783370
-0.123000	1.720580
-0.122000	1.657780
-0.121000	1.657780
-0.120000	1.720580
-0.119000	1.720580
-0.118000	1.783370
-0.117000	1.720580
-0.116000	1.720580
-0.115000	1.594860
-0.114000	1.720580
-0.113000	1.783370
-0.112000	1.594860
-0.111000	1.657780
-0.110000	1.720580
-0.109000	1.720580
-0.108000	1.657780
-0.107000	1.720580
-0.106000	1.783370
-0.105000	1.720580
-0.104000	1.657780
-0.103000	1.720580
-0.102000	1.720580
-0.101000	1.720580
-0.100000	1.657780
-0.099000	1.720580
-0.098000	1.657780
-0.097000	1.783370
-0.096000	1.720580
-0.095000	1.720580
-0.094000	1.783370
-0.093000	1.657780
-0.092000	1.720580
-0.091000	1.720580
-0.090000	1.783370
-0.089000	1.657780
-0.088000	1.657780
-0.087000	1.657780
-0.086000	1.657780
-0.085000	1.783370
-0.084000	1.657780
-0.083000	1.657780
-0.082000	1.720580
-0.081000	1.783370
-0.080000	1.783370
-0.079000	1.657780
-0.078000	1.657780
-0.077000	1.720580
-0.076000	1.720580
-0.075000	1.720580
-0.074000	1.720580
-0.073000	1.720580
-0.072000	1.720580
-0.071000	1.594860
-0.070000	1.720580
-0.069000	1.783370
-0.068000	1.720580
-0.067000	1.720580
-0.066000	1.657780
-0.065000	1.657780
-0.064000	1.657780
-0.063000	1.720580
-0.062000	1.720580
-0.061000	1.657780
-0.060000	1.720580
-0.059000	1.657780
-0.058000	1.720580
-0.057000	1.720580
-0.056000	1.783370
-0.055000	1.909080
-0.054000	1.971870
-0.053000	1.909080
-0.052000	1.846160
-0.051000	1.846160
-0.050000	1.909080
-0.049000	1.909080
-0.048000	1.720580
-0.047000	1.846160
-0.046000	2.034660
-0.045000	2.160370
-0.044000	1.846160
-0.043000	1.720580
-0.042000	1.720580
-0.041000	1.343570
-0.040000	1.155070
-0.039000	1.343570
-0.038000	1.343570
-0.037000	0.715277
-0.036000	0.087110
-0.035000	0.338402
-0.034000	0.275482
-0.033000	-0.164312
-0.032000	-0.415604
-0.031000	-0.604106
-0.030000	-0.666897
-0.029000	-0.729688
-0.028000	-0.792479
-0.027000	-0.980980
-0.026000	-1.420770
-0.025000	-1.295190
-0.024000	-1.295190
-0.023000	-1.357980
-0.022000	-1.797780
-0.021000	-1.797780
-0.020000	-1.797780
-0.019000	-1.672070
-0.018000	-1.986280
-0.017000	-1.860570
-0.016000	-1.672070
-0.015000	-1.357980
-0.014000	-1.357980
-0.013000	-1.295190
-0.012000	-1.232270
-0.011000	-0.918189
-0.010000	-0.541186
-0.009000	-0.227103
-0.008000	-0.101392
-0.007000	0.401193
-0.006000	0.715277
-0.005000	1.280780
-0.004000	1.532070
-0.003000	1.971870
-0.002000	2.474450
-0.001000	3.039960
0.000000	3.479750
0.001000	3.731040
0.002000	4.108050
0.003000	4.484920
0.004000	4.861920
0.005000	5.050430
0.006000	5.113220
0.007000	5.364510
0.008000	5.615800
0.009000	5.678720
0.010000	5.427300
0.011000	5.301720
0.012000	4.987640
0.013000	4.924720
0.014000	4.799130
0.015000	4.422130
0.016000	4.170840
0.017000	3.731040
0.018000	3.479750
0.019000	3.354040
0.020000	3.228460
0.021000	3.165540
0.022000	3.228460
0.023000	3.354040
0.024000	3.605330
0.025000	3.731040
0.026000	4.170840
0.027000	4.547840
0.028000	4.987640
0.029000	5.427300
0.030000	5.867090
0.031000	6.306890
0.032000	6.683890
0.033000	7.060890
0.034000	7.437770
0.035000	7.751980
0.036000	8.003270
0.037000	8.443070
0.038000	8.631570
0.039000	8.820070
0.040000	8.945650
0.041000	9.071360
0.042000	9.259870
0.043000	9.385450
0.044000	9.322660
0.045000	9.385450
0.046000	9.385450
0.047000	9.259870
0.048000	9.196950
0.049000	8.945650
0.050000	8.820070
0.051000	8.631570
0.052000	8.380280
0.053000	8.254570
0.054000	8.003270
0.055000	7.689190
0.056000	7.563480
0.057000	7.186480
0.058000	6.998100
0.059000	6.683890
0.060000	6.495390
0.061000	6.369810
0.062000	6.055600
0.063000	5.741510
0.064000	5.553010
0.065000	5.364510
0.066000	5.113220
0.067000	4.861920
0.068000	4.736210
0.069000	4.610630
0.070000	4.610630
0.071000	4.547840
0.072000	4.422130
0.073000	4.484920
0.074000	4.547840
0.075000	4.799130
0.076000	4.861920
0.077000	4.987640
0.078000	5.238930
0.079000	5.364510
0.080000	5.615800
0.081000	5.867090
0.082000	6.055600
0.083000	6.244100
0.084000	6.495390
0.085000	6.558310
0.086000	6.621100
0.087000	6.746680
0.088000	6.872390
0.089000	6.872390
0.090000	6.935180
0.091000	6.998100
0.092000	6.872390
0.093000	6.872390
0.094000	6.683890
0.095000	6.558310
0.096000	6.369810
0.097000	6.244100
0.098000	6.118520
0.099000	5.992810
0.100000	5.867090
0.101000	5.741510
0.102000	5.678720
0.103000	5.678720
0.104000	5.615800
0.105000	5.615800
0.106000	5.741510
0.107000	5.678720
0.108000	5.804300
0.109000	5.867090
0.110000	6.055600
0.111000	6.118520
0.112000	6.244100
0.113000	6.244100
0.114000	6.306890
0.115000	6.432600
0.116000	6.558310
0.117000	6.683890
0.118000	6.746680
0.119000	6.809600
0.120000	6.935180
0.121000	6.998100
0.122000	7.060890
0.123000	7.060890
0.124000	7.123690
0.125000	7.249400
0.126000	7.249400
0.127000	7.312190
0.128000	7.249400
0.129000	7.374980
0.130000	7.500690
0.131000	7.689190
0.132000	7.689190
0.133000	7.877560
0.134000	8.003270
0.135000	8.128980
0.136000	8.254570
0.137000	8.443070
0.138000	8.443070
0.139000	8.380280
0.140000	8.631570
0.141000	8.631570
0.142000	8.568780
0.143000	8.505860
0.144000	8.568780
0.145000	8.505860
0.146000	8.443070
0.147000	8.505860
0.148000	8.443070
0.149000	8.317360
0.150000	8.443070
0.151000	8.380280
0.152000	8.317360
0.153000	8.191780
0.154000	8.380280
0.155000	8.191780
0.156000	8.191780
0.157000	8.191780
0.158000	8.191780
0.159000	8.191780
0.160000	8.191780
0.161000	8.191780
0.162000	8.191780
0.163000	8.254570
0.164000	8.254570
0.165000	8.191780
0.166000	8.317360
0.167000	8.317360
0.168000	8.254570
0.169000	8.191780
0.170000	8.191780
0.171000	8.254570
0.172000	8.191780
0.173000	8.128980
0.174000	8.191780
0.175000	8.254570
0.176000	8.128980
0.177000	8.066060
0.178000	8.066060
0.179000	8.128980
0.180000	8.128980
0.181000	7.940480
0.182000	7.877560
0.183000	8.003270
0.184000	8.003270
0.185000	8.003270
0.186000	8.128980
0.187000	8.254570
0.188000	8.380280
0.189000	8.443070
0.190000	8.505860
0.191000	8.631570
0.192000	8.820070
0.193000	8.820070
0.194000	9.071360
0.195000	9.008570
0.196000	9.259870
0.197000	9.385450
0.198000	9.511160
0.199000	9.699660
0.200000	9.762450
0.201000	9.888030
0.202000	9.888030
0.203000	10.139500
0.204000	10.390700
0.205000	10.327800
0.206000	10.390700
0.207000	10.453500
0.208000	10.579200
0.209000	10.767600
0.210000	10.830500
0.211000	10.830500
0.212000	10.893300
0.213000	11.019000
0.214000	11.081800
0.215000	11.144600
0.216000	11.270300
0.217000	11.333100
0.218000	11.333100
0.219000	11.458700
0.220000	11.584400
0.221000	11.584400
0.222000	11.710100
0.223000	11.772900
0.224000	11.772900
0.225000	11.772900
0.226000	11.898500
0.227000	11.961400
0.228000	11.961400
0.229000	12.087000
0.230000	12.087000
0.231000	12.149900
0.232000	12.212700
0.233000	12.275500
0.234000	12.275500
0.235000	12.338300
0.236000	12.338300
0.237000	12.464000
0.238000	12.464000
0.239000	12.652500
0.240000	12.715300
0.241000	12.966600
0.242000	13.092300
0.243000	13.155100
0.244000	13.280800
0.245000	13.594900
0.246000	13.720600
0.247000	13.846200
0.248000	14.097500
0.249000	14.097500
0.250000	14.286000
0.251000	14.411700
0.252000	14.537300
0.253000	14.600200
0.254000	14.600200
0.255000	14.348800
0.256000	14.474500
0.257000	14.411700
0.258000	14.725800
0.259000	14.663000
0.260000	14.788600
0.261000	14.663000
0.262000	14.851500
0.263000	14.600200
0.264000	14.851500
0.265000	14.851500
0.266000	15.040000
0.267000	14.914300
0.268000	14.977100
0.269000	15.040000
0.270000	15.228400
0.271000	15.354100
0.272000	15.416900
0.273000	15.542600
0.274000	15.605400
0.275000	15.793900
0.276000	15.919400
0.277000	16.170900
0.278000	16.233700
0.279000	16.484900
0.280000	16.547701
0.281000	16.861900
0.282000	16.924700
0.283000	16.987499
0.284000	17.176001
0.285000	17.238800
0.286000	17.490101
0.287000	17.552999
0.288000	17.552999
0.289000	17.678600
0.290000	17.741501
0.291000	17.804300
0.292000	17.741501
0.293000	17.867100
0.294000	17.992800
0.295000	17.929899
0.296000	17.992800
0.297000	17.929899
0.298000	18.055599
0.299000	17.867100
0.300000	17.992800
0.301000	18.118401
0.302000	18.244101
0.303000	18.244101
0.304000	18.369699
0.305000	18.683901
0.306000	18.935200
0.307000	18.997999
0.308000	19.249300
0.309000	19.689100
0.310000	20.254601
0.311000	20.317400
0.312000	20.317400
0.313000	20.568701
0.314000	20.945700
0.315000	21.134199
0.316000	21.322701
0.317000	21.322701
0.318000	21.511101
0.319000	21.636801
0.320000	21.825300
0.321000	21.888100
0.322000	21.825300
0.323000	21.762501
0.324000	21.888100
0.325000	21.950800
0.326000	22.013800
0.327000	21.950800
0.328000	21.950800
0.329000	22.013800
0.330000	22.139299
0.331000	22.202299
0.332000	22.139299
0.333000	22.265100
0.334000	22.265100
0.335000	22.516300
0.336000	22.579100
0.337000	22.830400
0.338000	22.704901
0.339000	22.767599
0.340000	22.893400
0.341000	23.081900
0.342000	23.081900
0.343000	23.207399
0.344000	23.333099
0.345000	23.521500
0.346000	23.647200
0.347000	23.772900
0.348000	23.835699
0.349000	24.149799
0.350000	24.526800
0.351000	24.652500
0.352000	24.840900
0.353000	24.903799
0.354000	25.217899
0.355000	25.532000
0.356000	25.783400
0.357000	25.846201
0.358000	26.160299
0.359000	26.160299
0.360000	26.411600
0.361000	26.725800
0.362000	26.788601
0.363000	26.851400
0.364000	26.914301
0.365000	27.165600
0.366000	27.165600
0.367000	27.039900
0.368000	26.977100
0.369000	27.039900
0.370000	27.165600
0.371000	27.039900
0.372000	27.102800
0.373000	27.102800
0.374000	27.291201
0.375000	27.291201
0.376000	27.165600
0.377000	27.291201
0.378000	27.416901
0.379000	27.542500
0.380000	27.668200
0.381000	27.919500
0.382000	27.291201
0.383000	27.668200
0.384000	27.856701
0.385000	27.919500
0.386000	27.605400
0.387000	28.108000
0.388000	27.982300
0.389000	27.982300
0.390000	27.668200
0.391000	27.919500
0.392000	28.359301
0.393000	28.296499
0.394000	27.982300
0.395000	27.919500
0.396000	28.296499
0.397000	28.485001
0.398000	28.422001
0.399000	28.610500
0.400000	28.861799
0.401000	29.113300
0.402000	29.113300
0.403000	29.615801
0.404000	29.867100
0.405000	29.804300
0.406000	30.055599
0.407000	30.558201
0.408000	30.746700
0.409000	30.809500
0.410000	30.746700
0.411000	30.997999
0.412000	31.249300
0.413000	31.312099
0.414000	31.312099
0.415000	31.437799
0.416000	31.563400
0.417000	31.375000
0.418000	31.500601
0.419000	31.500601
0.420000	31.689100
0.421000	31.626301
0.422000	31.563400
0.423000	31.751900
0.424000	31.877600
0.425000	31.689100
0.426000	31.500601
0.427000	31.500601
0.428000	31.626301
0.429000	31.437799
0.430000	31.186501
0.431000	31.249300
0.432000	31.123699
0.433000	30.997999
0.434000	30.683901
0.435000	30.558201
0.436000	30.621000
0.437000	30.809500
0.438000	30.683901
0.439000	30.872299
0.440000	30.935200
0.441000	31.060801
0.442000	31.186501
0.443000	31.375000
0.444000	31.500601
0.445000	31.689100
0.446000	31.751900
0.447000	32.003201
0.448000	32.003201
0.449000	32.254601
0.450000	32.443001
0.451000	32.505901
0.452000	32.631500
0.453000	32.694401
0.454000	32.945702
0.455000	33.071301
0.456000	33.071301
0.457000	33.134201
0.458000	33.385502
0.459000	33.448299
0.460000	33.573898
0.461000	33.573898
0.462000	33.448299
0.463000	33.448299
0.464000	33.636799
0.465000	33.636799
0.466000	33.699600
0.467000	33.573898
0.468000	33.573898
0.469000	33.448299
0.470000	31.626301
0.471000	31.123699
0.472000	31.940399
0.473000	30.935200
0.474000	30.495399
0.475000	30.621000
0.476000	28.861799
0.477000	27.102800
0.478000	26.663000
0.479000	25.720501
0.480000	24.840900
0.481000	23.647200
0.482000	23.584400
0.483000	22.893400
0.484000	22.516300
0.485000	22.516300
0.486000	21.762501
0.487000	21.699600
0.488000	22.893400
0.489000	22.327801
0.490000	22.139299
0.491000	22.579100
0.492000	22.767599
0.493000	22.453600
0.494000	22.830400
0.495000	23.333099
0.496000	23.584400
0.497000	24.149799
0.498000	24.589600
0.499000	24.464001
0.500000	25.406401
0.501000	26.285999
0.502000	26.663000
0.503000	27.354099
0.504000	27.731001
0.505000	27.856701
0.506000	28.359301
0.507000	28.736300
0.508000	28.987499
0.509000	29.238800
0.510000	29.615801
0.511000	29.615801
0.512000	29.552900
0.513000	29.490101
0.514000	29.238800
0.515000	29.113300
0.516000	29.050301
0.517000	28.610500
0.518000	28.108000
0.519000	27.668200
0.520000	27.165600
0.521000	26.537300
0.522000	26.034700
0.523000	25.657700
0.524000	24.966600
0.525000	24.526800
0.526000	24.087000
0.527000	23.521500
0.528000	23.207399
0.529000	22.767599
0.530000	22.265100
0.531000	22.013800
0.532000	21.825300
0.533000	21.636801
0.534000	21.636801
0.535000	21.448299
0.536000	21.385500
0.537000	21.448299
0.538000	21.699600
0.539000	21.762501
0.540000	21.888100
0.541000	22.202299
0.542000	22.579100
0.543000	22.956100
0.544000	22.579100
0.545000	22.579100
0.546000	23.333099
0.547000	23.458700
0.548000	22.704901
0.549000	22.704901
0.550000	22.579100
0.551000	22.453600
0.552000	20.945700
0.553000	20.128901
0.554000	20.317400
0.555000	19.500601
0.556000	18.809500
0.557000	17.992800
0.558000	18.118401
0.559000	18.181299
0.560000	17.741501
0.561000	17.867100
0.562000	17.992800
0.563000	18.118401
0.564000	18.118401
0.565000	18.244101
0.566000	18.495399
0.567000	18.683901
0.568000	18.621099
0.569000	18.746700
0.570000	18.935200
0.571000	18.997999
0.572000	18.809500
0.573000	18.683901
0.574000	18.746700
0.575000	18.746700
0.576000	18.683901
0.577000	18.558201
0.578000	18.306900
0.579000	18.306900
0.580000	18.118401
0.581000	17.867100
0.582000	17.929899
0.583000	17.867100
0.584000	18.306900
0.585000	19.814800
0.586000	20.568701
0.587000	20.568701
0.588000	20.317400
0.589000	21.322701
0.590000	21.762501
0.591000	21.511101
0.592000	21.197001
0.593000	21.699600
0.594000	22.076599
0.595000	21.448299
0.596000	20.380199
0.597000	19.437799
0.598000	19.123699
0.599000	18.809500
0.600000	18.118401
0.601000	17.552999
0.602000	16.987499
0.603000	16.547701
0.604000	15.605400
0.605000	15.040000
0.606000	14.788600
0.607000	14.411700
0.608000	14.097500
0.609000	13.909000
0.610000	13.783400
0.611000	13.657700
0.612000	13.406400
0.613000	13.532100
0.614000	14.034700
0.615000	14.223200
0.616000	14.537300
0.617000	14.537300
0.618000	14.600200
0.619000	14.914300
0.620000	15.102800
0.621000	15.291300
0.622000	16.359200
0.623000	16.422199
0.624000	16.107901
0.625000	16.736200
0.626000	17.301701
0.627000	17.364500
0.628000	17.615801
0.629000	18.118401
0.630000	18.181299
0.631000	18.621099
0.632000	18.872400
0.633000	18.809500
0.634000	18.683901
0.635000	18.935200
0.636000	19.123699
0.637000	19.060900
0.638000	18.683901
0.639000	18.746700
0.640000	18.495399
0.641000	18.244101
0.642000	17.929899
0.643000	17.615801
0.644000	17.427299
0.645000	17.238800
0.646000	16.861900
0.647000	16.547701
0.648000	16.233700
0.649000	16.107901
0.650000	15.982400
0.651000	15.793900
0.652000	15.479600
0.653000	15.354100
0.654000	15.354100
0.655000	15.291300
0.656000	15.040000
0.657000	14.914300
0.658000	14.977100
0.659000	15.228400
0.660000	15.354100
0.661000	15.354100
0.662000	15.479600
0.663000	15.919400
0.664000	16.359200
0.665000	16.736200
0.666000	16.987499
0.667000	17.364500
0.668000	17.804300
0.669000	18.118401
0.670000	18.306900
0.671000	18.495399
0.672000	18.809500
0.673000	19.060900
0.674000	19.123699
0.675000	19.060900
0.676000	19.186501
0.677000	19.186501
0.678000	19.123699
0.679000	18.997999
0.680000	18.809500
0.681000	18.809500
0.682000	18.558201
0.683000	18.432600
0.684000	18.244101
0.685000	17.929899
0.686000	17.741501
0.687000	17.615801
0.688000	17.427299
0.689000	17.176001
0.690000	17.050400
0.691000	16.924700
0.692000	16.799000
0.693000	16.736200
0.694000	16.610701
0.695000	16.547701
0.696000	16.547701
0.697000	16.610701
0.698000	16.547701
0.699000	16.673401
0.700000	16.736200
0.701000	16.736200
0.702000	16.861900
0.703000	16.924700
0.704000	17.050400
0.705000	17.113199
0.706000	17.301701
0.707000	17.364500
0.708000	17.552999
0.709000	17.678600
0.710000	17.804300
0.711000	17.992800
0.712000	18.055599
0.713000	18.181299
0.714000	18.118401
0.715000	18.244101
0.716000	18.244101
0.717000	18.181299
0.718000	18.118401
0.719000	18.055599
0.720000	17.992800
0.721000	17.867100
0.722000	17.804300
0.723000	17.678600
0.724000	17.804300
0.725000	17.741501
0.726000	17.678600
0.727000	17.552999
0.728000	17.615801
0.729000	17.490101
0.730000	17.427299
0.731000	17.238800
0.732000	17.176001
0.733000	17.050400
0.734000	16.861900
0.735000	16.736200
0.736000	16.610701
0.737000	16.422199
0.738000	16.422199
0.739000	16.233700
0.740000	16.296400
0.741000	16.296400
0.742000	16.233700
0.743000	16.296400
0.744000	16.170900
0.745000	16.170900
0.746000	16.170900
0.747000	16.233700
0.748000	16.296400
0.749000	16.296400
0.750000	16.296400
0.751000	16.359200
0.752000	16.422199
0.753000	16.484900
0.754000	16.547701
0.755000	16.610701
0.756000	16.610701
0.757000	16.736200
0.758000	16.673401
0.759000	16.547701
0.760000	16.484900
0.761000	16.422199
0.762000	16.233700
0.763000	16.107901
0.764000	15.856600
0.765000	15.793900
0.766000	15.542600
0.767000	15.416900
0.768000	15.291300
0.769000	15.228400
0.770000	15.102800
0.771000	15.102800
0.772000	14.914300
0.773000	14.851500
0.774000	14.725800
0.775000	14.663000
0.776000	14.537300
0.777000	14.411700
0.778000	14.286000
0.779000	14.223200
0.780000	14.160400
0.781000	14.097500
0.782000	14.034700
0.783000	13.909000
0.784000	13.909000
0.785000	13.909000
0.786000	13.909000
0.787000	13.846200
0.788000	13.783400
0.789000	13.657700
0.790000	13.657700
0.791000	13.720600
0.792000	13.657700
0.793000	13.594900
0.794000	13.594900
0.795000	13.469200
0.796000	13.532100
0.797000	13.469200
0.798000	13.406400
0.799000	13.406400
0.800000	13.343600
0.801000	13.406400
0.802000	13.406400
0.803000	13.217900
0.804000	13.217900
0.805000	13.092300
0.806000	12.903800
0.807000	12.841000
0.808000	12.778100
0.809000	12.652500
0.810000	12.526800
0.811000	12.338300
0.812000	12.275500
0.813000	12.087000
0.814000	12.024200
0.815000	11.961400
0.816000	11.772900
0.817000	11.772900
0.818000	11.647200
0.819000	11.647200
0.820000	11.521600
0.821000	11.458700
0.822000	11.333100
0.823000	11.207400
0.824000	11.270300
0.825000	11.144600
0.826000	11.144600
0.827000	11.207400
0.828000	11.144600
0.829000	11.144600
0.830000	11.144600
0.831000	11.081800
0.832000	11.144600
0.833000	11.207400
0.834000	11.081800
0.835000	11.144600
0.836000	11.144600
0.837000	11.207400
0.838000	11.144600
0.839000	11.019000
0.840000	11.081800
0.841000	11.081800
0.842000	10.956100
0.843000	10.830500
0.844000	10.893300
0.845000	10.767600
0.846000	10.642000
0.847000	10.579200
0.848000	10.516300
0.849000	10.390700
0.850000	10.265000
0.851000	10.202200
0.852000	10.076500
0.853000	10.013700
0.854000	9.950950
0.855000	9.825240
0.856000	9.950950
0.857000	9.888030
0.858000	9.888030
0.859000	9.888030
0.860000	9.888030
0.861000	9.888030
0.862000	9.888030
0.863000	10.013700
0.864000	10.076500
0.865000	10.013700
0.866000	10.013700
0.867000	10.013700
0.868000	10.013700
0.869000	10.013700
0.870000	10.013700
0.871000	10.013700
0.872000	10.076500
0.873000	9.888030
0.874000	9.888030
0.875000	9.950950
0.876000	9.825240
0.877000	9.825240
0.878000	9.762450
0.879000	9.762450
0.880000	9.762450
0.881000	9.699660
0.882000	9.573950
0.883000	9.636740
0.884000	9.573950
0.885000	9.573950
0.886000	9.573950
0.887000	9.699660
0.888000	9.636740
0.889000	9.573950
0.890000	9.699660
0.891000	9.699660
0.892000	9.636740
0.893000	9.636740
0.894000	9.699660
0.895000	9.636740
0.896000	9.699660
0.897000	9.825240
0.898000	9.762450
0.899000	9.762450
0.900000	9.762450
0.901000	9.699660
0.902000	9.699660
0.903000	9.762450
0.904000	9.762450
0.905000	9.762450
0.906000	9.825240
0.907000	9.825240
0.908000	9.825240
0.909000	9.825240
0.910000	9.825240
0.911000	9.888030
0.912000	9.950950
0.913000	10.013700
0.914000	9.950950
0.915000	10.139500
0.916000	10.076500
0.917000	10.139500
0.918000	10.139500
0.919000	10.202200
0.920000	10.265000
0.921000	10.327800
0.922000	10.265000
0.923000	10.265000
0.924000	10.327800
0.925000	10.327800
0.926000	10.327800
0.927000	10.390700
0.928000	10.265000
0.929000	10.327800
0.930000	10.327800
0.931000	10.202200
0.932000	10.327800
0.933000	10.202200
0.934000	10.265000
0.935000	10.139500
0.936000	10.202200
0.937000	10.265000
0.938000	10.202200
0.939000	10.202200
0.940000	10.139500
0.941000	10.265000
0.942000	10.265000
0.943000	10.265000
0.944000	10.327800
0.945000	10.390700
0.946000	10.390700
0.947000	10.516300
0.948000	10.516300
0.949000	10.579200
0.950000	10.704800
0.951000	10.830500
0.952000	10.893300
0.953000	10.956100
0.954000	11.019000
0.955000	11.081800
0.956000	11.270300
0.957000	11.270300
0.958000	11.395900
0.959000	11.395900
0.960000	11.521600
0.961000	11.521600
0.962000	11.521600
0.963000	11.458700
0.964000	11.584400
0.965000	11.521600
0.966000	11.584400
0.967000	11.584400
0.968000	11.647200
0.969000	11.647200
0.970000	11.710100
0.971000	11.647200
0.972000	11.647200
0.973000	11.647200
0.974000	11.772900
0.975000	11.710100
0.976000	11.772900
0.977000	11.710100
0.978000	11.772900
0.979000	11.772900
0.980000	11.772900
0.981000	11.772900
0.982000	11.772900
0.983000	11.835700
0.984000	11.898500
0.985000	12.024200
0.986000	11.961400
0.987000	12.024200
0.988000	12.087000
0.989000	12.087000
0.990000	12.149900
0.991000	12.087000
0.992000	12.275500
0.993000	12.275500
0.994000	12.401200
0.995000	12.464000
0.996000	12.526800
0.997000	12.652500
0.998000	12.652500
0.999000	12.778100
1.000000	12.841000
1.001000	12.841000
1.002000	12.841000
1.003000	12.903800
1.004000	12.966600
1.005000	13.029500
1.006000	12.966600
1.007000	13.029500
1.008000	13.029500
1.009000	12.966600
1.010000	13.029500
1.011000	12.966600
1.012000	12.903800
1.013000	12.778100
1.014000	12.778100
1.015000	12.841000
1.016000	12.778100
1.017000	12.778100
1.018000	12.778100
1.019000	12.715300
1.020000	12.652500
1.021000	12.715300
1.022000	12.778100
1.023000	12.652500
1.024000	12.715300
1.025000	12.715300
1.026000	12.652500
1.027000	12.715300
1.028000	12.778100
1.029000	12.841000
1.030000	12.778100
1.031000	12.903800
1.032000	12.841000
1.033000	12.841000
1.034000	12.841000
1.035000	12.903800
1.036000	12.903800
1.037000	12.903800
1.038000	12.903800
1.039000	12.841000
1.040000	12.841000
1.041000	12.841000
1.042000	12.841000
1.043000	12.903800
1.044000	12.903800
1.045000	12.903800
1.046000	12.903800
1.047000	12.903800
1.048000	12.841000
1.049000	12.841000
1.050000	12.841000
1.051000	12.778100
1.052000	12.778100
1.053000	12.841000
1.054000	12.652500
1.055000	12.652500
1.056000	12.652500
1.057000	12.652500
1.058000	12.589700
1.059000	12.526800
1.060000	12.652500
1.061000	12.464000
1.062000	12.401200
1.063000	12.338300
1.064000	12.338300
1.065000	12.338300
1.066000	12.275500
1.067000	12.275500
1.068000	12.212700
1.069000	12.149900
1.070000	12.149900
1.071000	12.212700
1.072000	12.149900
1.073000	12.024200
1.074000	12.149900
1.075000	12.149900
1.076000	12.087000
1.077000	12.149900
1.078000	12.149900
1.079000	12.087000
1.080000	12.149900
1.081000	12.212700
1.082000	12.087000
1.083000	12.149900
1.084000	12.149900
1.085000	12.212700
1.086000	12.149900
1.087000	12.149900
1.088000	12.149900
1.089000	12.149900
1.090000	12.149900
1.091000	12.149900
1.092000	12.087000
1.093000	12.087000
1.094000	12.024200
1.095000	12.024200
1.096000	11.961400
1.097000	11.835700
1.098000	11.835700
1.099000	11.772900
1.100000	11.647200
1.101000	11.584400
1.102000	11.521600
1.103000	11.458700
1.104000	11.395900
1.105000	11.333100
1.106000	11.395900
1.107000	11.270300
1.108000	11.270300
1.109000	11.144600
1.110000	11.081800
1.111000	11.144600
1.112000	11.081800
1.113000	11.019000
1.114000	11.081800
1.115000	11.081800
1.116000	11.019000
1.117000	11.081800
1.118000	11.144600
1.119000	11.144600
1.120000	11.207400
1.121000	11.144600
1.122000	11.144600
1.123000	11.207400
1.124000	11.207400
1.125000	11.081800
1.126000	11.207400
1.127000	11.270300
1.128000	11.207400
1.129000	11.270300
1.130000	11.144600
1.131000	11.144600
1.132000	11.144600
1.133000	11.144600
1.134000	11.081800
1.135000	11.019000
1.136000	11.019000
1.137000	11.144600
1.138000	11.019000
1.139000	11.019000
1.140000	11.019000
1.141000	10.956100
1.142000	10.893300
1.143000	11.019000
1.144000	10.893300
1.145000	10.893300
1.146000	10.893300
1.147000	10.830500
1.148000	10.767600
1.149000	10.830500
1.150000	10.767600
1.151000	10.642000
1.152000	10.704800
1.153000	10.767600
1.154000	10.704800
1.155000	10.767600
1.156000	10.830500
1.157000	10.830500
1.158000	10.767600
1.159000	10.830500
1.160000	10.893300
1.161000	10.893300
1.162000	10.893300
1.163000	10.956100
1.164000	10.893300
1.165000	11.019000
1.166000	11.081800
1.167000	11.019000
1.168000	11.019000
1.169000	11.081800
1.170000	11.144600
1.171000	11.144600
1.172000	11.144600
1.173000	11.333100
1.174000	11.207400
1.175000	11.144600
1.176000	11.270300
1.177000	11.207400
1.178000	11.270300
1.179000	11.207400
1.180000	11.081800
1.181000	11.270300
1.182000	11.207400
1.183000	11.144600
1.184000	11.144600
1.185000	11.144600
1.186000	11.081800
1.187000	11.081800
1.188000	11.144600
1.189000	11.019000
1.190000	11.081800
1.191000	11.019000
1.192000	11.144600
1.193000	11.081800
1.194000	10.956100
1.195000	11.019000
1.196000	11.019000
1.197000	11.081800
1.198000	11.019000
1.199000	10.956100
1.200000	11.019000
1.201000	11.019000
1.202000	11.019000
1.203000	10.956100
1.204000	11.019000
1.205000	10.956100
1.206000	11.081800
1.207000	11.019000
1.208000	11.144600
1.209000	11.144600
1.210000	11.144600
1.211000	11.144600
1.212000	11.144600
1.213000	11.144600
1.214000	11.207400
1.215000	11.144600
1.216000	11.207400
1.217000	11.207400
1.218000	11.144600
1.219000	11.207400
1.220000	11.207400
1.221000	11.207400
1.222000	11.081800
1.223000	11.144600
1.224000	11.081800
1.225000	11.081800
1.226000	11.144600
1.227000	11.081800
1.228000	10.956100
1.229000	11.019000
1.230000	11.019000
1.231000	10.893300
1.232000	10.830500
1.233000	10.830500
1.234000	10.767600
1.235000	10.767600
1.236000	10.704800
1.237000	10.704800
1.238000	10.767600
1.239000	10.642000
1.240000	10.579200
1.241000	10.704800
1.242000	10.579200
1.243000	10.642000
1.244000	10.579200
1.245000	10.579200
1.246000	10.579200
1.247000	10.642000
1.248000	10.704800
1.249000	10.642000
1.250000	10.579200
1.251000	10.642000
1.252000	10.642000
1.253000	10.704800
1.254000	10.642000
1.255000	10.704800
1.256000	10.704800
1.257000	10.767600
1.258000	10.767600
1.259000	10.642000
1.260000	10.642000
1.261000	10.579200
1.262000	10.642000
1.263000	10.579200
1.264000	10.579200
1.265000	10.453500
1.266000	10.453500
1.267000	10.516300
1.268000	10.390700
1.269000	10.327800
1.270000	10.327800
1.271000	10.265000
1.272000	10.202200
1.273000	10.202200
1.274000	10.202200
1.275000	10.202200
1.276000	10.139500
1.277000	10.139500
1.278000	10.013700
1.279000	10.076500
1.280000	10.076500
1.281000	10.076500
1.282000	10.139500
1.283000	10.013700
1.284000	10.013700
1.285000	10.013700
1.286000	10.013700
1.287000	10.013700
1.288000	9.950950
1.289000	9.950950
1.290000	9.950950
1.291000	10.013700
1.292000	9.950950
1.293000	9.950950
1.294000	10.013700
1.295000	10.013700
1.296000	10.013700
1.297000	10.076500
1.298000	10.076500
1.299000	10.013700
1.300000	10.076500
1.301000	10.076500
1.302000	10.013700
1.303000	10.013700
1.304000	10.013700
1.305000	9.950950
1.306000	10.076500
1.307000	10.013700
1.308000	10.013700
1.309000	10.076500
1.310000	10.076500
1.311000	10.013700
1.312000	9.950950
1.313000	10.013700
1.314000	10.013700
1.315000	9.888030
1.316000	9.888030
1.317000	9.888030
1.318000	9.825240
1.319000	9.825240
1.320000	9.888030
1.321000	9.825240
1.322000	9.888030
1.323000	9.762450
1.324000	9.762450
1.325000	9.762450
1.326000	9.762450
1.327000	9.762450
1.328000	9.762450
1.329000	9.762450
1.330000	9.825240
1.331000	9.762450
1.332000	9.825240
1.333000	9.825240
1.334000	9.762450
1.335000	9.825240
1.336000	9.888030
1.337000	9.888030
1.338000	9.950950
1.339000	9.888030
1.340000	10.013700
1.341000	9.950950
1.342000	10.076500
1.343000	10.013700
1.344000	10.013700
1.345000	10.013700
1.346000	10.076500
1.347000	10.076500
1.348000	10.013700
1.349000	10.013700
1.350000	10.013700
1.351000	10.076500
1.352000	10.076500
1.353000	10.076500
1.354000	10.013700
1.355000	10.076500
1.356000	10.013700
1.357000	10.013700
1.358000	10.013700
1.359000	9.950950
1.360000	10.013700
1.361000	9.950950
1.362000	9.888030
1.363000	10.013700
1.364000	9.950950
1.365000	9.950950
1.366000	9.888030
1.367000	9.950950
1.368000	9.888030
1.369000	9.950950
1.370000	10.013700
1.371000	9.888030
1.372000	9.888030
1.373000	9.825240
1.374000	9.888030
1.375000	9.888030
1.376000	9.888030
1.377000	9.950950
1.378000	9.950950
1.379000	9.950950
1.380000	9.950950
1.381000	9.888030
1.382000	9.950950
1.383000	10.013700
1.384000	9.888030
1.385000	9.950950
1.386000	9.950950
1.387000	10.013700
1.388000	10.013700
1.389000	9.950950
1.390000	10.013700
1.391000	9.950950
1.392000	9.888030
1.393000	9.888030
1.394000	9.950950
1.395000	9.825240
1.396000	9.825240
1.397000	9.950950
1.398000	9.888030
1.399000	9.950950
1.400000	9.825240
1.401000	9.825240
1.402000	9.825240
1.403000	9.825240
1.404000	9.888030
1.405000	9.762450
1.406000	9.636740
1.407000	9.699660
1.408000	9.699660
1.409000	9.762450
1.410000	9.699660
1.411000	9.636740
1.412000	9.573950
1.413000	9.699660
1.414000	9.573950
1.415000	9.636740
1.416000	9.636740
1.417000	9.636740
1.418000	9.636740
1.419000	9.573950
1.420000	9.699660
1.421000	9.573950
1.422000	9.573950
1.423000	9.573950
1.424000	9.636740
1.425000	9.573950
1.426000	9.573950
1.427000	9.573950
1.428000	9.573950
1.429000	9.573950
1.430000	9.573950
1.431000	9.511160
1.432000	9.511160
1.433000	9.448240
1.434000	9.448240
1.435000	9.385450
1.436000	9.448240
1.437000	9.385450
1.438000	9.448240
1.439000	9.322660
1.440000	9.385450
1.441000	9.385450
1.442000	9.322660
1.443000	9.259870
1.444000	9.322660
1.445000	9.196950
1.446000	9.259870
1.447000	9.259870
1.448000	9.259870
1.449000	9.134150
1.450000	9.134150
1.451000	9.071360
1.452000	9.134150
1.453000	9.134150
1.454000	9.071360
1.455000	9.071360
1.456000	9.071360
1.457000	9.071360
1.458000	9.134150
1.459000	9.134150
1.460000	9.071360
1.461000	9.134150
1.462000	9.071360
1.463000	9.134150
1.464000	9.134150
1.465000	9.134150
1.466000	9.134150
1.467000	9.071360
1.468000	9.134150
1.469000	9.134150
1.470000	9.134150
1.471000	9.259870
1.472000	9.134150
1.473000	9.134150
1.474000	9.196950
1.475000	9.259870
1.476000	9.259870
1.477000	9.196950
1.478000	9.196950
1.479000	9.196950
1.480000	9.134150
1.481000	9.134150
1.482000	9.071360
1.483000	9.071360
1.484000	9.071360
1.485000	9.071360
1.486000	9.008570
1.487000	9.008570
1.488000	9.008570
1.489000	9.008570
1.490000	8.945650
1.491000	9.008570
1.492000	9.008570
1.493000	9.071360
1.494000	9.008570
1.495000	8.882860
1.496000	9.008570
1.497000	8.945650
1.498000	9.008570
1.499000	8.945650
1.500000	9.071360
1.501000	8.945650
1.502000	9.071360
1.503000	9.008570
1.504000	9.008570
1.505000	9.008570
1.506000	8.945650
1.507000	9.134150
1.508000	9.008570
1.509000	9.071360
1.510000	9.134150
1.511000	9.071360
1.512000	9.134150
1.513000	9.134150
1.514000	9.071360
1.515000	9.196950
1.516000	9.196950
1.517000	9.196950
1.518000	9.071360
1.519000	9.134150
1.520000	9.196950
1.521000	9.134150
1.522000	9.196950
1.523000	9.071360
1.524000	9.259870
1.525000	9.134150
1.526000	9.134150
1.527000	9.134150
1.528000	9.134150
1.529000	9.134150
1.530000	9.134150
1.531000	9.134150
1.532000	9.071360
1.533000	9.071360
1.534000	9.134150
1.535000	9.134150
1.536000	9.071360
1.537000	9.071360
1.538000	9.008570
1.539000	9.008570
1.540000	9.008570
1.541000	9.071360
1.542000	9.071360
1.543000	9.071360
1.544000	9.071360
1.545000	9.071360
1.546000	9.008570
1.547000	9.071360
1.548000	9.071360
1.549000	9.071360
1.550000	9.008570
1.551000	9.008570
1.552000	9.071360
1.553000	9.071360
1.554000	9.071360
1.555000	9.071360
1.556000	9.134150
1.557000	9.134150
1.558000	9.071360
1.559000	9.134150
1.560000	9.196950
1.561000	9.071360
1.562000	9.134150
1.563000	9.134150
1.564000	9.196950
1.565000	9.134150
1.566000	9.008570
1.567000	9.134150
1.568000	9.071360
1.569000	9.134150
1.570000	9.196950
1.571000	9.071360
1.572000	9.071360
1.573000	9.134150
1.574000	9.134150
1.575000	9.008570
1.576000	9.071360
1.577000	9.071360
1.578000	9.071360
1.579000	9.008570
1.580000	9.134150
1.581000	9.071360
1.582000	9.071360
1.583000	9.071360
1.584000	9.008570
1.585000	9.008570
1.586000	9.008570
1.587000	9.008570
1.588000	8.945650
1.589000	9.008570
1.590000	8.945650
1.591000	8.945650
1.592000	9.071360
1.593000	8.882860
1.594000	9.008570
1.595000	9.008570
1.596000	8.945650
1.597000	8.945650
1.598000	8.945650
1.599000	8.945650
1.600000	8.945650
1.601000	8.882860
1.602000	8.882860
1.603000	8.945650
1.604000	8.882860
1.605000	8.882860
1.606000	8.882860
1.607000	8.882860
1.608000	8.882860
1.609000	8.882860
1.610000	8.882860
1.611000	8.820070
1.612000	8.757150
1.613000	8.757150
1.614000	8.757150
1.615000	8.757150
1.616000	8.694360
1.617000	8.631570
1.618000	8.694360
1.619000	8.757150
1.620000	8.694360
1.621000	8.631570
1.622000	8.631570
1.623000	8.631570
1.624000	8.631570
1.625000	8.631570
1.626000	8.694360
1.627000	8.631570
1.628000	8.631570
1.629000	8.631570
1.630000	8.568780
1.631000	8.694360
1.632000	8.694360
1.633000	8.694360
1.634000	8.631570
1.635000	8.631570
1.636000	8.631570
1.637000	8.631570
1.638000	8.631570
1.639000	8.631570
1.640000	8.694360
1.641000	8.631570
1.642000	8.694360
1.643000	8.631570
1.644000	8.631570
1.645000	8.568780
1.646000	8.694360
1.647000	8.694360
1.648000	8.631570
1.649000	8.631570
1.650000	8.631570
1.651000	8.631570
1.652000	8.694360
1.653000	8.631570
1.654000	8.568780
1.655000	8.505860
1.656000	8.568780
1.657000	8.505860
1.658000	8.568780
1.659000	8.631570
1.660000	8.568780
1.661000	8.631570
1.662000	8.631570
1.663000	8.568780
1.664000	8.568780
1.665000	8.568780
1.666000	8.568780
1.667000	8.568780
1.668000	8.505860
1.669000	8.505860
1.670000	8.568780
1.671000	8.568780
1.672000	8.568780
1.673000	8.443070
1.674000	8.568780
1.675000	8.505860
1.676000	8.505860
1.677000	8.505860
1.678000	8.505860
1.679000	8.568780
1.680000	8.631570
1.681000	8.568780
1.682000	8.568780
1.683000	8.694360
1.684000	8.568780
1.685000	8.568780
1.686000	8.505860
1.687000	8.631570
1.688000	8.631570
1.689000	8.568780
1.690000	8.631570
1.691000	8.631570
1.692000	8.631570
1.693000	8.631570
1.694000	8.631570
1.695000	8.568780
1.696000	8.631570
1.697000	8.694360
1.698000	8.631570
1.699000	8.631570
1.700000	8.631570
1.701000	8.568780
1.702000	8.631570
1.703000	8.631570
1.704000	8.631570
1.705000	8.631570
1.706000	8.694360
1.707000	8.694360
1.708000	8.694360
1.709000	8.568780
1.710000	8.568780
1.711000	8.631570
1.712000	8.631570
1.713000	8.568780
1.714000	8.568780
1.715000	8.568780
1.716000	8.505860
1.717000	8.568780
1.718000	8.505860
1.719000	8.505860
1.720000	8.568780
1.721000	8.505860
1.722000	8.505860
1.723000	8.505860
1.724000	8.505860
1.725000	8.443070
1.726000	8.505860
1.727000	8.568780
1.728000	8.568780
1.729000	8.568780
1.730000	8.443070
1.731000	8.505860
1.732000	8.568780
1.733000	8.568780
1.734000	8.443070
1.735000	8.505860
1.736000	8.568780
1.737000	8.505860
1.738000	8.568780
1.739000	8.568780
1.740000	8.568780
1.741000	8.568780
1.742000	8.631570
1.743000	8.568780
1.744000	8.568780
1.745000	8.568780
1.746000	8.568780
1.747000	8.568780
1.748000	8.568780
1.749000	8.568780
1.750000	8.505860
1.751000	8.505860
1.752000	8.505860
1.753000	8.505860
1.754000	8.505860
1.755000	8.568780
1.756000	8.443070
1.757000	8.505860
1.758000	8.505860
1.759000	8.380280
1.760000	8.380280
1.761000	8.505860
1.762000	8.380280
1.763000	8.380280
1.764000	8.380280
1.765000	8.317360
1.766000	8.317360
1.767000	8.317360
1.768000	8.317360
1.769000	8.317360
1.770000	8.317360
1.771000	8.254570
1.772000	8.254570
1.773000	8.254570
1.774000	8.254570
1.775000	8.128980
1.776000	8.254570
1.777000	8.317360
1.778000	8.254570
1.779000	8.254570
1.780000	8.254570
1.781000	8.128980
1.782000	8.191780
1.783000	8.191780
1.784000	8.066060
1.785000	8.066060
1.786000	8.254570
1.787000	8.191780
1.788000	8.191780
1.789000	8.254570
1.790000	8.254570
1.791000	8.254570
1.792000	8.191780
1.793000	8.254570
1.794000	8.128980
1.795000	8.128980
1.796000	8.128980
1.797000	8.128980
1.798000	8.191780
1.799000	8.066060
1.800000	8.191780
1.801000	8.191780
1.802000	8.191780
1.803000	8.191780
1.804000	8.254570
1.805000	8.254570
1.806000	8.128980
1.807000	8.128980
1.808000	8.254570
1.809000	8.191780
1.810000	8.254570
1.811000	8.191780
1.812000	8.003270
1.813000	8.128980
1.814000	8.128980
1.815000	8.066060
1.816000	8.128980
1.817000	8.128980
1.818000	7.940480
1.819000	8.003270
1.820000	8.066060
1.821000	8.066060
1.822000	8.128980
1.823000	8.066060
1.824000	8.003270
1.825000	8.003270
1.826000	8.066060
1.827000	8.003270
1.828000	8.003270
1.829000	8.003270
1.830000	8.066060
1.831000	8.003270
1.832000	8.066060
1.833000	7.940480
1.834000	8.003270
1.835000	8.066060
1.836000	8.066060
1.837000	8.128980
1.838000	8.066060
1.839000	8.066060
1.840000	8.066060
1.841000	8.066060
1.842000	8.128980
1.843000	8.066060
1.844000	8.066060
1.845000	8.003270
1.846000	8.066060
1.847000	8.066060
1.848000	8.066060
1.849000	8.066060
1.850000	8.003270
1.851000	8.066060
1.852000	8.066060
1.853000	8.128980
1.854000	8.066060
1.855000	8.066060
1.856000	8.066060
1.857000	8.128980
1.858000	8.066060
1.859000	8.003270
1.860000	8.128980
1.861000	8.066060
1.862000	7.940480
1.863000	8.066060
1.864000	8.128980
1.865000	8.128980
1.866000	7.877560
1.867000	8.128980
1.868000	8.066060
1.869000	8.066060
1.870000	8.066060
1.871000	8.003270
1.872000	8.003270
1.873000	8.066060
1.874000	8.003270
1.875000	7.940480
1.876000	8.003270
1.877000	7.940480
1.878000	7.877560
1.879000	8.003270
1.880000	8.003270
1.881000	8.003270
1.882000	7.940480
1.883000	7.940480
1.884000	7.877560
1.885000	7.877560
1.886000	7.877560
1.887000	8.003270
1.888000	7.877560
1.889000	7.814770
1.890000	8.066060
1.891000	7.940480
1.892000	8.003270
1.893000	7.940480
1.894000	7.940480
1.895000	7.877560
1.896000	7.940480
1.897000	8.003270
1.898000	8.003270
1.899000	7.940480
1.900000	7.877560
1.901000	7.877560
1.902000	7.940480
1.903000	7.940480
1.904000	7.940480
1.905000	7.940480
1.906000	7.940480
1.907000	7.940480
1.908000	7.940480
1.909000	7.877560
1.910000	7.940480
1.911000	7.814770
1.912000	7.814770
1.913000	7.814770
1.914000	7.877560
1.915000	7.814770
1.916000	7.814770
1.917000	7.751980
1.918000	7.814770
1.919000	7.751980
1.920000	7.751980
1.921000	7.689190
1.922000	7.751980
1.923000	7.751980
1.924000	7.814770
1.925000	7.751980
1.926000	7.751980
1.927000	7.689190
1.928000	7.689190
1.929000	7.689190
1.930000	7.689190
1.931000	7.689190
1.932000	7.689190
1.933000	7.626270
1.934000	7.689190
1.935000	7.626270
1.936000	7.626270
1.937000	7.689190
1.938000	7.626270
1.939000	7.563480
1.940000	7.626270
1.941000	7.626270
1.942000	7.563480
1.943000	7.563480
1.944000	7.437770
1.945000	7.563480
1.946000	7.500690
1.947000	7.563480
1.948000	7.500690
1.949000	7.437770
1.950000	7.437770
1.951000	7.500690
1.952000	7.374980
1.953000	7.500690
1.954000	7.437770
1.955000	7.437770
1.956000	7.437770
1.957000	7.500690
1.958000	7.563480
1.959000	7.500690
1.960000	7.500690
1.961000	7.437770
1.962000	7.500690
1.963000	7.500690
1.964000	7.500690
1.965000	7.500690
1.966000	7.500690
1.967000	7.437770
1.968000	7.500690
1.969000	7.437770
1.970000	7.500690
1.971000	7.437770
1.972000	7.437770
1.973000	7.500690
1.974000	7.500690
1.975000	7.500690
1.976000	7.500690
1.977000	7.437770
1.978000	7.437770
1.979000	7.500690
1.980000	7.374980
1.981000	7.437770
1.982000	7.437770
1.983000	7.500690
1.984000	7.500690
1.985000	7.437770
1.986000	7.437770
1.987000	7.437770
1.988000	7.437770
1.989000	7.437770
1.990000	7.374980
1.991000	7.437770
1.992000	7.437770
1.993000	7.437770
1.994000	7.374980
1.995000	7.374980
1.996000	7.374980
1.997000	7.437770
1.998000	7.500690
1.999000	7.437770
2.000000	7.312190
2.001000	7.374980
2.002000	7.374980
2.003000	7.437770
2.004000	7.374980
2.005000	7.437770
2.006000	7.437770
2.007000	7.437770
2.008000	7.437770
2.009000	7.500690
2.010000	7.437770
2.011000	7.563480
2.012000	7.500690
2.013000	7.437770
2.014000	7.563480
2.015000	7.500690
2.016000	7.500690
2.017000	7.563480
2.018000	7.500690
2.019000	7.500690
2.020000	7.563480
2.021000	7.500690
2.022000	7.500690
2.023000	7.563480
2.024000	7.626270
2.025000	7.563480
2.026000	7.500690
2.027000	7.500690
2.028000	7.500690
2.029000	7.500690
2.030000	7.626270
2.031000	7.500690
2.032000	7.563480
2.033000	7.563480
2.034000	7.437770
2.035000	7.500690
2.036000	7.500690
2.037000	7.437770
2.038000	7.374980
2.039000	7.500690
2.040000	7.437770
2.041000	7.437770
2.042000	7.437770
2.043000	7.437770
2.044000	7.500690
2.045000	7.500690
2.046000	7.437770
2.047000	7.437770
2.048000	7.374980
2.049000	7.374980
2.050000	7.374980
2.051000	7.374980
2.052000	7.374980
2.053000	7.437770
2.054000	7.312190
2.055000	7.249400
2.056000	7.374980
2.057000	7.374980
2.058000	7.374980
2.059000	7.374980
2.060000	7.374980
2.061000	7.374980
2.062000	7.374980
2.063000	7.374980
2.064000	7.374980
2.065000	7.312190
2.066000	7.312190
2.067000	7.312190
2.068000	7.249400
2.069000	7.312190
2.070000	7.312190
2.071000	7.249400
2.072000	7.249400
2.073000	7.312190
2.074000	7.249400
2.075000	7.249400
2.076000	7.374980
2.077000	7.312190
2.078000	7.186480
2.079000	7.249400
2.080000	7.249400
2.081000	7.312190
2.082000	7.249400
2.083000	7.186480
2.084000	7.186480
2.085000	7.186480
2.086000	7.186480
2.087000	7.312190
2.088000	7.123690
2.089000	7.186480
2.090000	7.186480
2.091000	7.186480
2.092000	7.123690
2.093000	7.186480
2.094000	7.186480
2.095000	7.186480
2.096000	7.186480
2.097000	7.060890
2.098000	7.060890
2.099000	7.123690
2.100000	7.123690
2.101000	7.060890
2.102000	7.060890
2.103000	7.060890
2.104000	6.998100
2.105000	6.998100
2.106000	7.060890
2.107000	7.123690
2.108000	6.998100
2.109000	7.060890
2.110000	6.998100
2.111000	6.998100
2.112000	6.935180
2.113000	7.123690
2.114000	7.060890
2.115000	7.060890
2.116000	7.060890
2.117000	6.998100
2.118000	6.998100
2.119000	6.998100
2.120000	6.998100
2.121000	6.998100
2.122000	6.935180
2.123000	6.998100
2.124000	6.998100
2.125000	6.998100
2.126000	7.060890
2.127000	6.935180
2.128000	6.998100
2.129000	6.998100
2.130000	6.998100
2.131000	6.998100
2.132000	6.998100
2.133000	7.060890
2.134000	7.060890
2.135000	6.935180
2.136000	7.060890
2.137000	6.998100
2.138000	6.935180
2.139000	6.998100
2.140000	6.998100
2.141000	6.998100
2.142000	6.935180
2.143000	6.998100
2.144000	6.935180
2.145000	6.935180
2.146000	6.935180
2.147000	6.998100
2.148000	6.998100
2.149000	6.935180
2.150000	6.998100
2.151000	6.935180
2.152000	6.935180
2.153000	6.935180
2.154000	6.935180
2.155000	6.872390
2.156000	6.998100
2.157000	6.935180
2.158000	6.935180
2.159000	6.872390
2.160000	6.872390
2.161000	6.935180
2.162000	6.872390
2.163000	6.935180
2.164000	6.872390
2.165000	6.872390
2.166000	6.809600
2.167000	6.872390
2.168000	6.809600
2.169000	6.998100
2.170000	6.935180
2.171000	6.935180
2.172000	6.809600
2.173000	6.872390
2.174000	6.872390
2.175000	6.809600
2.176000	6.935180
2.177000	6.998100
2.178000	6.872390
2.179000	6.998100
2.180000	6.935180
2.181000	6.998100
2.182000	6.998100
2.183000	6.935180
2.184000	6.998100
2.185000	6.872390
2.186000	6.998100
2.187000	6.998100
2.188000	6.872390
2.189000	6.998100
2.190000	6.935180
2.191000	6.998100
2.192000	6.998100
2.193000	6.998100
2.194000	6.998100
2.195000	6.998100
2.196000	6.935180
2.197000	6.935180
2.198000	6.998100
2.199000	6.872390
2.200000	6.872390
2.201000	6.872390
2.202000	6.935180
2.203000	6.998100
2.204000	6.872390
2.205000	6.872390
2.206000	6.872390
2.207000	6.872390
2.208000	6.872390
2.209000	6.872390
2.210000	6.872390
2.211000	6.935180
2.212000	6.809600
2.213000	6.872390
2.214000	6.935180
2.215000	6.872390
2.216000	6.809600
2.217000	6.935180
2.218000	6.809600
2.219000	6.809600
2.220000	6.872390
2.221000	6.809600
2.222000	6.809600
2.223000	6.809600
2.224000	6.809600
2.225000	6.872390
2.226000	6.872390
2.227000	6.935180
2.228000	6.809600
2.229000	6.872390
2.230000	6.809600
2.231000	6.809600
2.232000	6.872390
2.233000	6.872390
2.234000	6.872390
2.235000	6.872390
2.236000	6.872390
2.237000	6.872390
2.238000	6.809600
2.239000	6.809600
2.240000	6.809600
2.241000	6.809600
2.242000	6.872390
2.243000	6.872390
2.244000	6.809600
2.245000	6.809600
2.246000	6.872390
2.247000	6.746680
2.248000	6.683890
2.249000	6.746680
2.250000	6.809600
2.251000	6.683890
2.252000	6.746680
2.253000	6.746680
2.254000	6.746680
2.255000	6.746680
2.256000	6.809600
2.257000	6.746680
2.258000	6.746680
2.259000	6.683890
2.260000	6.683890
2.261000	6.621100
2.262000	6.683890
2.263000	6.746680
2.264000	6.621100
2.265000	6.621100
2.266000	6.746680
2.267000	6.621100
2.268000	6.621100
2.269000	6.558310
2.270000	6.683890
2.271000	6.558310
2.272000	6.683890
2.273000	6.621100
2.274000	6.621100
2.275000	6.558310
2.276000	6.621100
2.277000	6.621100
2.278000	6.558310
2.279000	6.683890
2.280000	6.621100
2.281000	6.621100
2.282000	6.558310
2.283000	6.558310
2.284000	6.495390
2.285000	6.495390
2.286000	6.495390
2.287000	6.558310
2.288000	6.558310
2.289000	6.558310
2.290000	6.558310
2.291000	6.558310
2.292000	6.558310
2.293000	6.558310
2.294000	6.558310
2.295000	6.495390
2.296000	6.558310
2.297000	6.495390
2.298000	6.558310
2.299000	6.558310
2.300000	6.495390
2.301000	6.558310
2.302000	6.432600
2.303000	6.558310
2.304000	6.558310
2.305000	6.495390
2.306000	6.432600
2.307000	6.432600
2.308000	6.432600
2.309000	6.558310
2.310000	6.495390
2.311000	6.495390
2.312000	6.558310
2.313000	6.558310
2.314000	6.495390
2.315000	6.495390
2.316000	6.432600
2.317000	6.369810
2.318000	6.432600
2.319000	6.432600
2.320000	6.495390
2.321000	6.495390
2.322000	6.432600
2.323000	6.432600
2.324000	6.369810
2.325000	6.432600
2.326000	6.495390
2.327000	6.432600
2.328000	6.495390
2.329000	6.432600
2.330000	6.495390
2.331000	6.432600
2.332000	6.495390
2.333000	6.432600
2.334000	6.369810
2.335000	6.432600
2.336000	6.495390
2.337000	6.495390
2.338000	6.432600
2.339000	6.495390
2.340000	6.495390
2.341000	6.432600
2.342000	6.432600
2.343000	6.558310
2.344000	6.495390
2.345000	6.495390
2.346000	6.495390
2.347000	6.495390
2.348000	6.495390
2.349000	6.558310
2.350000	6.558310
2.351000	6.432600
2.352000	6.495390
2.353000	6.558310
2.354000	6.495390
2.355000	6.558310
2.356000	6.558310
2.357000	6.558310
2.358000	6.558310
2.359000	6.495390
2.360000	6.558310
2.361000	6.495390
2.362000	6.495390
2.363000	6.558310
2.364000	6.621100
2.365000	6.495390
2.366000	6.495390
2.367000	6.495390
2.368000	6.558310
2.369000	6.495390
2.370000	6.495390
2.371000	6.432600
2.372000	6.495390
2.373000	6.495390
2.374000	6.495390
2.375000	6.432600
2.376000	6.495390
2.377000	6.558310
2.378000	6.369810
2.379000	6.432600
2.380000	6.495390
2.381000	6.495390
2.382000	6.432600
2.383000	6.432600
2.384000	6.495390
2.385000	6.495390
2.386000	6.369810
2.387000	6.432600
2.388000	6.432600
2.389000	6.432600
2.390000	6.369810
2.391000	6.369810
2.392000	6.432600
2.393000	6.495390
2.394000	6.432600
2.395000	6.432600
2.396000	6.558310
2.397000	6.495390
2.398000	6.432600
2.399000	6.432600
2.400000	6.369810
2.401000	6.369810
2.402000	6.432600
2.403000	6.495390
2.404000	6.369810
2.405000	6.495390
2.406000	6.432600
2.407000	6.432600
2.408000	6.432600
2.409000	6.369810
2.410000	6.369810
2.411000	6.369810
2.412000	6.369810
2.413000	6.432600
2.414000	6.369810
2.415000	6.432600
2.416000	6.306890
2.417000	6.369810
2.418000	6.369810
2.419000	6.306890
2.420000	6.369810
2.421000	6.306890
2.422000	6.306890
2.423000	6.244100
2.424000	6.244100
2.425000	6.369810
2.426000	6.306890
2.427000	6.244100
2.428000	6.306890
2.429000	6.306890
2.430000	6.306890
2.431000	6.244100
2.432000	6.244100
2.433000	6.181310
2.434000	6.181310
2.435000	6.181310
2.436000	6.244100
2.437000	6.181310
2.438000	6.244100
2.439000	6.244100
2.440000	6.244100
2.441000	6.181310
2.442000	6.181310
2.443000	6.244100
2.444000	6.118520
2.445000	6.244100
2.446000	6.181310
2.447000	6.118520
2.448000	6.118520
2.449000	6.181310
2.450000	6.181310
2.451000	6.181310
2.452000	6.181310
2.453000	6.244100
2.454000	6.181310
2.455000	6.181310
2.456000	6.181310
2.457000	6.181310
2.458000	6.244100
2.459000	6.244100
2.460000	6.181310
2.461000	6.181310
2.462000	6.118520
2.463000	6.118520
2.464000	6.181310
2.465000	6.181310
2.466000	6.181310
2.467000	6.181310
2.468000	6.055600
2.469000	6.118520
2.470000	6.181310
2.471000	6.055600
2.472000	6.118520
2.473000	6.181310
2.474000	6.181310
2.475000	5.992810
2.476000	6.118520
2.477000	6.118520
2.478000	6.055600
2.479000	6.118520
2.480000	6.181310
2.481000	6.055600
2.482000	6.055600
2.483000	6.181310
2.484000	6.118520
2.485000	6.118520
2.486000	6.055600
2.487000	6.055600
2.488000	6.118520
2.489000	6.118520
2.490000	6.055600
2.491000	6.055600
2.492000	6.118520
2.493000	6.055600
2.494000	6.118520
2.495000	6.118520
2.496000	6.118520
2.497000	6.244100
2.498000	6.118520
2.499000	6.118520
2.500000	6.055600
2.501000	6.118520
2.502000	6.181310
2.503000	6.244100
2.504000	6.055600
2.505000	6.118520
2.506000	6.181310
2.507000	6.118520
2.508000	6.118520
2.509000	6.118520
2.510000	6.181310
2.511000	6.118520
2.512000	6.181310
2.513000	6.244100
2.514000	6.181310
2.515000	6.118520
2.516000	6.118520
2.517000	6.181310
2.518000	6.181310
2.519000	6.118520
2.520000	6.181310
2.521000	6.118520
2.522000	6.118520
2.523000	6.118520
2.524000	6.118520
2.525000	6.118520
2.526000	6.181310
2.527000	6.244100
2.528000	6.118520
2.529000	6.306890
2.530000	6.244100
2.531000	6.244100
2.532000	6.306890
2.533000	6.306890
2.534000	6.244100
2.535000	6.306890
2.536000	6.181310
2.537000	6.181310
2.538000	6.244100
2.539000	6.181310
2.540000	6.118520
2.541000	6.118520
2.542000	6.181310
2.543000	6.181310
2.544000	6.118520
2.545000	6.118520
2.546000	6.244100
2.547000	6.181310
2.548000	6.244100
2.549000	6.118520
2.550000	6.181310
2.551000	6.118520
2.552000	6.055600
2.553000	6.118520
2.554000	5.992810
2.555000	6.118520
2.556000	6.118520
2.557000	6.118520
2.558000	6.118520
2.559000	5.992810
2.560000	6.118520
2.561000	6.055600
2.562000	6.118520
2.563000	6.118520
2.564000	6.118520
2.565000	6.055600
2.566000	6.055600
2.567000	6.118520
2.568000	6.118520
2.569000	6.118520
2.570000	6.181310
2.571000	6.181310
2.572000	6.118520
2.573000	6.118520
2.574000	6.118520
2.575000	6.181310
2.576000	6.118520
2.577000	6.181310
2.578000	6.118520
2.579000	6.055600
2.580000	6.055600
2.581000	6.055600
2.582000	6.055600
2.583000	6.055600
2.584000	6.055600
2.585000	5.992810
2.586000	6.118520
2.587000	5.992810
2.588000	5.992810
2.589000	5.992810
2.590000	6.055600
2.591000	5.867090
2.592000	5.930010
2.593000	5.992810
2.594000	5.867090
2.595000	5.867090
2.596000	5.992810
2.597000	5.867090
2.598000	5.992810
2.599000	5.867090
2.600000	5.867090
2.601000	5.804300
2.602000	5.867090
2.603000	5.867090
2.604000	5.867090
2.605000	5.867090
2.606000	5.804300
2.607000	5.804300
2.608000	5.867090
2.609000	5.804300
2.610000	5.804300
2.611000	5.867090
2.612000	5.867090
2.613000	5.930010
2.614000	5.867090
2.615000	5.867090
2.616000	5.930010
2.617000	5.804300
2.618000	5.804300
2.619000	5.867090
2.620000	5.867090
2.621000	5.867090
2.622000	5.930010
2.623000	5.804300
2.624000	5.867090
2.625000	5.930010
2.626000	5.867090
2.627000	5.867090
2.628000	5.804300
2.629000	5.930010
2.630000	5.930010
2.631000	5.992810
2.632000	5.867090
2.633000	5.867090
2.634000	5.804300
2.635000	5.867090
2.636000	5.867090
2.637000	5.804300
2.638000	5.867090
2.639000	5.867090
2.640000	5.804300
2.641000	5.867090
2.642000	5.804300
2.643000	5.867090
2.644000	5.867090
2.645000	5.741510
2.646000	5.741510
2.647000	5.867090
2.648000	5.804300
2.649000	5.804300
2.650000	5.804300
2.651000	5.804300
2.652000	5.741510
2.653000	5.804300
2.654000	5.804300
2.655000	5.741510
2.656000	5.804300
2.657000	5.867090
2.658000	5.804300
2.659000	5.867090
2.660000	5.867090
2.661000	5.867090
2.662000	5.804300
2.663000	5.804300
2.664000	5.804300
2.665000	5.867090
2.666000	5.804300
2.667000	5.867090
2.668000	5.804300
2.669000	5.867090
2.670000	5.930010
2.671000	5.741510
2.672000	5.867090
2.673000	5.867090
2.674000	5.867090
2.675000	5.867090
2.676000	5.867090
2.677000	5.930010
2.678000	5.930010
2.679000	5.930010
2.680000	5.804300
2.681000	5.930010
2.682000	5.867090
2.683000	5.867090
2.684000	5.867090
2.685000	5.804300
2.686000	5.930010
2.687000	5.867090
2.688000	5.867090
2.689000	5.930010
2.690000	5.930010
2.691000	5.930010
2.692000	5.804300
2.693000	5.804300
2.694000	5.867090
2.695000	5.804300
2.696000	5.867090
2.697000	5.867090
2.698000	5.867090
2.699000	5.741510
2.700000	5.804300
2.701000	5.867090
2.702000	5.867090
2.703000	5.867090
2.704000	5.804300
2.705000	5.804300
2.706000	5.804300
2.707000	5.867090
2.708000	5.867090
2.709000	5.867090
2.710000	5.804300
2.711000	5.804300
2.712000	5.867090
2.713000	5.867090
2.714000	5.867090
2.715000	5.867090
2.716000	5.804300
2.717000	5.867090
2.718000	5.804300
2.719000	5.804300
2.720000	5.804300
2.721000	5.804300
2.722000	5.741510
2.723000	5.804300
2.724000	5.804300
2.725000	5.804300
2.726000	5.741510
2.727000	5.867090
2.728000	5.741510
2.729000	5.741510
2.730000	5.741510
2.731000	5.741510
2.732000	5.804300
2.733000	5.804300
2.734000	5.804300
2.735000	5.867090
2.736000	5.867090
2.737000	5.741510
2.738000	5.804300
2.739000	5.741510
2.740000	5.804300
2.741000	5.804300
2.742000	5.741510
2.743000	5.741510
2.744000	5.804300
2.745000	5.678720
2.746000	5.804300
2.747000	5.804300
2.748000	5.741510
2.749000	5.804300
2.750000	5.741510
2.751000	5.741510
2.752000	5.804300
2.753000	5.741510
2.754000	5.678720
2.755000	5.678720
2.756000	5.741510
2.757000	5.741510
2.758000	5.678720
2.759000	5.741510
2.760000	5.804300
2.761000	5.678720
2.762000	5.741510
2.763000	5.678720
2.764000	5.804300
2.765000	5.678720
2.766000	5.678720
2.767000	5.678720
2.768000	5.741510
2.769000	5.678720
2.770000	5.678720
2.771000	5.741510
2.772000	5.678720
2.773000	5.678720
2.774000	5.615800
2.775000	5.615800
2.776000	5.678720
2.777000	5.678720
2.778000	5.553010
2.779000	5.615800
2.780000	5.615800
2.781000	5.678720
2.782000	5.678720
2.783000	5.553010
2.784000	5.615800
2.785000	5.678720
2.786000	5.615800
2.787000	5.678720
2.788000	5.678720
2.789000	5.615800
2.790000	5.615800
2.791000	5.678720
2.792000	5.615800
2.793000	5.615800
2.794000	5.615800
2.795000	5.615800
2.796000	5.615800
2.797000	5.741510
2.798000	5.615800
2.799000	5.678720
2.800000	5.678720
2.801000	5.615800
2.802000	5.553010
2.803000	5.553010
2.804000	5.615800
2.805000	5.553010
2.806000	5.615800
2.807000	5.615800
2.808000	5.615800
2.809000	5.553010
2.810000	5.553010
2.811000	5.553010
2.812000	5.615800
2.813000	5.615800
2.814000	5.553010
2.815000	5.553010
2.816000	5.553010
2.817000	5.615800
2.818000	5.490220
2.819000	5.615800
2.820000	5.615800
2.821000	5.615800
2.822000	5.553010
2.823000	5.553010
2.824000	5.615800
2.825000	5.553010
2.826000	5.553010
2.827000	5.615800
2.828000	5.615800
2.829000	5.615800
2.830000	5.678720
2.831000	5.615800
2.832000	5.553010
2.833000	5.615800
2.834000	5.553010
2.835000	5.615800
2.836000	5.615800
2.837000	5.553010
2.838000	5.553010
2.839000	5.553010
2.840000	5.553010
2.841000	5.615800
2.842000	5.615800
2.843000	5.615800
2.844000	5.553010
2.845000	5.615800
2.846000	5.615800
2.847000	5.615800
2.848000	5.615800
2.849000	5.615800
2.850000	5.615800
2.851000	5.490220
2.852000	5.615800
2.853000	5.678720
2.854000	5.678720
2.855000	5.553010
2.856000	5.678720
2.857000	5.678720
2.858000	5.615800
2.859000	5.615800
2.860000	5.678720
2.861000	5.678720
2.862000	5.678720
2.863000	5.678720
2.864000	5.678720
2.865000	5.615800
2.866000	5.615800
2.867000	5.615800
2.868000	5.490220
2.869000	5.553010
2.870000	5.615800
2.871000	5.553010
2.872000	5.553010
2.873000	5.553010
2.874000	5.553010
2.875000	5.678720
2.876000	5.553010
2.877000	5.615800
2.878000	5.553010
2.879000	5.678720
2.880000	5.678720
2.881000	5.553010
2.882000	5.553010
2.883000	5.490220
2.884000	5.553010
2.885000	5.553010
2.886000	5.553010
2.887000	5.553010
2.888000	5.553010
2.889000	5.615800
2.890000	5.615800
2.891000	5.615800
2.892000	5.615800
2.893000	5.553010
2.894000	5.615800
2.895000	5.553010
2.896000	5.615800
2.897000	5.553010
2.898000	5.678720
2.899000	5.615800
2.900000	5.615800
2.901000	5.615800
2.902000	5.615800
2.903000	5.615800
2.904000	5.615800
2.905000	5.553010
2.906000	5.553010
2.907000	5.553010
2.908000	5.553010
2.909000	5.615800
2.910000	5.678720
2.911000	5.553010
2.912000	5.553010
2.913000	5.553010
2.914000	5.490220
2.915000	5.553010
2.916000	5.490220
2.917000	5.553010
2.918000	5.553010
2.919000	5.553010
2.920000	5.553010
2.921000	5.427300
2.922000	5.490220
2.923000	5.490220
2.924000	5.490220
2.925000	5.490220
2.926000	5.427300
2.927000	5.615800
2.928000	5.427300
2.929000	5.364510
2.930000	5.490220
2.931000	5.490220
2.932000	5.553010
2.933000	5.364510
2.934000	5.490220
2.935000	5.427300
2.936000	5.553010
2.937000	5.490220
2.938000	5.427300
2.939000	5.427300
2.940000	5.490220
2.941000	5.490220
2.942000	5.490220
2.943000	5.427300
2.944000	5.427300
2.945000	5.364510
2.946000	5.490220
2.947000	5.490220
2.948000	5.364510
2.949000	5.427300
2.950000	5.427300
2.951000	5.427300
2.952000	5.427300
2.953000	5.490220
2.954000	5.427300
2.955000	5.427300
2.956000	5.427300
2.957000	5.364510
2.958000	5.427300
2.959000	5.427300
2.960000	5.490220
2.961000	5.427300
2.962000	5.490220
2.963000	5.490220
2.964000	5.427300
2.965000	5.427300
2.966000	5.490220
2.967000	5.364510
2.968000	5.364510
2.969000	5.490220
2.970000	5.490220
2.971000	5.364510
2.972000	5.427300
2.973000	5.427300
2.974000	5.364510
2.975000	5.364510
2.976000	5.364510
2.977000	5.427300
2.978000	5.364510
2.979000	5.364510
2.980000	5.427300
2.981000	5.427300
2.982000	5.427300
2.983000	5.364510
2.984000	5.364510
2.985000	5.364510
2.986000	5.301720
2.987000	5.238930
2.988000	5.301720
2.989000	5.301720
2.990000	5.301720
2.991000	5.364510
2.992000	5.301720
2.993000	5.364510
2.994000	5.301720
2.995000	5.364510
2.996000	5.301720
2.997000	5.364510
2.998000	5.238930
2.999000	5.364510
3.000000	5.364510
3.001000	5.364510
3.002000	5.364510
3.003000	5.301720
3.004000	5.364510
3.005000	5.364510
3.006000	5.427300
3.007000	5.427300
3.008000	5.427300
3.009000	5.427300
3.010000	5.364510
3.011000	5.364510
3.012000	5.364510
3.013000	5.364510
3.014000	5.427300
3.015000	5.364510
3.016000	5.427300
3.017000	5.364510
3.018000	5.364510
3.019000	5.427300
3.020000	5.427300
3.021000	5.427300
3.022000	5.427300
3.023000	5.490220
3.024000	5.427300
3.025000	5.364510
3.026000	5.427300
3.027000	5.364510
3.028000	5.364510
3.029000	5.364510
3.030000	5.364510
3.031000	5.364510
3.032000	5.427300
3.033000	5.427300
3.034000	5.364510
3.035000	5.301720
3.036000	5.364510
3.037000	5.364510
3.038000	5.364510
3.039000	5.427300
3.040000	5.364510
3.041000	5.238930
3.042000	5.364510
3.043000	5.364510
3.044000	5.364510
3.045000	5.364510
3.046000	5.427300
3.047000	5.490220
3.048000	5.364510
3.049000	5.427300
3.050000	5.490220
3.051000	5.427300
3.052000	5.490220
3.053000	5.490220
3.054000	5.427300
3.055000	5.427300
3.056000	5.427300
3.057000	5.427300
3.058000	5.427300
3.059000	5.427300
3.060000	5.364510
3.061000	5.364510
3.062000	5.490220
3.063000	5.427300
3.064000	5.364510
3.065000	5.364510
3.066000	5.364510
3.067000	5.427300
3.068000	5.427300
3.069000	5.301720
3.070000	5.364510
3.071000	5.364510
3.072000	5.427300
3.073000	5.301720
3.074000	5.301720
3.075000	5.301720
3.076000	5.427300
3.077000	5.301720
3.078000	5.364510
3.079000	5.301720
3.080000	5.301720
3.081000	5.427300
3.082000	5.364510
3.083000	5.364510
3.084000	5.238930
3.085000	5.301720
3.086000	5.301720
3.087000	5.301720
3.088000	5.238930
3.089000	5.238930
3.090000	5.301720
3.091000	5.301720
3.092000	5.364510
3.093000	5.301720
3.094000	5.301720
3.095000	5.238930
3.096000	5.301720
3.097000	5.301720
3.098000	5.301720
3.099000	5.301720
3.100000	5.301720
3.101000	5.238930
3.102000	5.301720
3.103000	5.238930
3.104000	5.238930
3.105000	5.238930
3.106000	5.301720
3.107000	5.238930
3.108000	5.238930
3.109000	5.238930
3.110000	5.238930
3.111000	5.238930
3.112000	5.238930
3.113000	5.301720
3.114000	5.301720
3.115000	5.176010
3.116000	5.176010
3.117000	5.176010
3.118000	5.176010
3.119000	5.238930
3.120000	5.238930
3.121000	5.176010
3.122000	5.113220
3.123000	5.113220
3.124000	5.176010
3.125000	5.176010
3.126000	5.238930
3.127000	5.238930
3.128000	5.176010
3.129000	5.238930
3.130000	5.176010
3.131000	5.176010
3.132000	5.176010
3.133000	5.238930
3.134000	5.176010
3.135000	5.113220
3.136000	5.238930
3.137000	5.176010
3.138000	5.238930
3.139000	5.238930
3.140000	5.238930
3.141000	5.301720
3.142000	5.301720
3.143000	5.238930
3.144000	5.176010
3.145000	5.238930
3.146000	5.238930
3.147000	5.238930
3.148000	5.238930
3.149000	5.176010
3.150000	5.238930
3.151000	5.176010
3.152000	5.176010
3.153000	5.176010
3.154000	5.050430
3.155000	5.176010
3.156000	5.176010
3.157000	5.176010
3.158000	5.176010
3.159000	5.176010
3.160000	5.238930
3.161000	5.113220
3.162000	5.176010
3.163000	5.176010
3.164000	5.176010
3.165000	5.176010
3.166000	5.176010
3.167000	5.176010
3.168000	5.113220
3.169000	5.176010
3.170000	5.238930
3.171000	5.238930
3.172000	5.113220
3.173000	5.238930
3.174000	5.238930
3.175000	5.176010
3.176000	5.238930
3.177000	5.238930
3.178000	5.238930
3.179000	5.238930
3.180000	5.238930
3.181000	5.301720
3.182000	5.238930
3.183000	5.238930
3.184000	5.176010
3.185000	5.301720
3.186000	5.301720
3.187000	5.238930
3.188000	5.238930
3.189000	5.301720
3.190000	5.301720
3.191000	5.238930
3.192000	5.238930
3.193000	5.301720
3.194000	5.238930
3.195000	5.238930
3.196000	5.238930
3.197000	5.301720
3.198000	5.238930
3.199000	5.238930
3.200000	5.238930
3.201000	5.176010
3.202000	5.176010
3.203000	5.301720
3.204000	5.238930
3.205000	5.176010
3.206000	5.113220
3.207000	5.238930
3.208000	5.176010
3.209000	5.176010
3.210000	5.238930
3.211000	5.238930
3.212000	5.113220
3.213000	5.176010
3.214000	5.238930
3.215000	5.176010
3.216000	5.176010
3.217000	5.238930
3.218000	5.176010
3.219000	5.176010
3.220000	5.176010
3.221000	5.238930
3.222000	5.176010
3.223000	5.176010
3.224000	5.176010
3.225000	5.176010
3.226000	5.176010
3.227000	5.176010
3.228000	5.113220
3.229000	5.176010
3.230000	5.301720
3.231000	5.238930
3.232000	5.176010
3.233000	5.176010
3.234000	5.176010
3.235000	5.176010
3.236000	5.238930
3.237000	5.113220
3.238000	5.176010
3.239000	5.113220
3.240000	5.176010
3.241000	5.113220
3.242000	5.176010
3.243000	5.176010
3.244000	5.113220
3.245000	5.176010
3.246000	5.238930
3.247000	5.238930
3.248000	5.113220
3.249000	5.050430
3.250000	5.113220
3.251000	5.113220
3.252000	5.113220
3.253000	5.113220
3.254000	5.113220
3.255000	4.987640
3.256000	5.113220
3.257000	5.113220
3.258000	5.113220
3.259000	5.050430
3.260000	4.987640
3.261000	5.050430
3.262000	5.113220
3.263000	5.113220
3.264000	5.050430
3.265000	5.050430
3.266000	5.050430
3.267000	5.050430
3.268000	5.050430
3.269000	5.113220
3.270000	5.050430
3.271000	5.113220
3.272000	5.050430
3.273000	5.050430
3.274000	5.113220
3.275000	5.113220
3.276000	5.050430
3.277000	5.050430
3.278000	5.050430
3.279000	5.050430
3.280000	5.050430
3.281000	5.113220
3.282000	5.050430
3.283000	5.113220
3.284000	5.050430
3.285000	5.050430
3.286000	5.113220
3.287000	4.987640
3.288000	5.050430
3.289000	5.113220
3.290000	4.987640
3.291000	5.050430
3.292000	5.050430
3.293000	5.050430
3.294000	5.050430
3.295000	4.987640
3.296000	5.050430
3.297000	5.050430
3.298000	5.050430
3.299000	4.924720
3.300000	5.050430
3.301000	5.050430
3.302000	4.987640
3.303000	5.050430
3.304000	5.050430
3.305000	5.050430
3.306000	5.050430
3.307000	4.987640
3.308000	4.987640
3.309000	5.113220
3.310000	4.987640
3.311000	4.987640
3.312000	4.987640
3.313000	5.050430
3.314000	5.050430
3.315000	4.987640
3.316000	5.113220
3.317000	4.987640
3.318000	4.987640
3.319000	4.987640
3.320000	4.987640
3.321000	4.987640
3.322000	4.987640
3.323000	4.987640
3.324000	5.050430
3.325000	5.050430
3.326000	4.987640
3.327000	5.050430
3.328000	5.113220
3.329000	5.050430
3.330000	5.113220
3.331000	5.113220
3.332000	5.050430
3.333000	4.987640
3.334000	5.050430
3.335000	5.050430
3.336000	5.113220
3.337000	5.050430
3.338000	5.050430
3.339000	5.050430
3.340000	4.987640
3.341000	5.113220
3.342000	5.050430
3.343000	5.050430
3.344000	5.050430
3.345000	5.050430
3.346000	5.050430
3.347000	4.987640
3.348000	4.987640
3.349000	4.987640
3.350000	4.987640
3.351000	4.987640
3.352000	4.987640
3.353000	5.050430
3.354000	4.924720
3.355000	5.050430
3.356000	5.050430
3.357000	5.050430
3.358000	5.050430
3.359000	4.987640
3.360000	4.987640
3.361000	4.861920
3.362000	4.987640
3.363000	4.987640
3.364000	4.987640
3.365000	5.050430
3.366000	4.987640
3.367000	5.050430
3.368000	4.987640
3.369000	4.987640
3.370000	4.987640
3.371000	5.113220
3.372000	4.987640
3.373000	4.987640
3.374000	5.050430
3.375000	4.987640
3.376000	4.924720
3.377000	5.050430
3.378000	4.987640
3.379000	4.987640
3.380000	5.050430
3.381000	4.987640
3.382000	4.924720
3.383000	4.924720
3.384000	4.924720
3.385000	4.987640
3.386000	5.050430
3.387000	5.050430
3.388000	5.050430
3.389000	4.987640
3.390000	4.987640
3.391000	4.987640
3.392000	4.987640
3.393000	4.987640
3.394000	4.924720
3.395000	4.924720
3.396000	4.987640
3.397000	4.987640
3.398000	4.861920
3.399000	4.987640
3.400000	5.050430
3.401000	4.987640
3.402000	4.987640
3.403000	4.987640
3.404000	4.861920
3.405000	4.861920
3.406000	4.924720
3.407000	4.987640
3.408000	4.861920
3.409000	4.924720
3.410000	4.987640
3.411000	4.987640
3.412000	4.924720
3.413000	4.924720
3.414000	4.987640
3.415000	4.987640
3.416000	4.924720
3.417000	4.924720
3.418000	4.861920
3.419000	4.987640
3.420000	4.924720
3.421000	4.799130
3.422000	4.861920
3.423000	4.987640
3.424000	4.861920
3.425000	4.861920
3.426000	4.861920
3.427000	4.924720
3.428000	4.924720
3.429000	4.861920
3.430000	4.861920
3.431000	4.924720
3.432000	4.924720
3.433000	4.861920
3.434000	4.861920
3.435000	4.799130
3.436000	4.924720
3.437000	4.861920
3.438000	4.861920
3.439000	4.799130
3.440000	4.799130
3.441000	4.861920
3.442000	4.861920
3.443000	4.861920
3.444000	4.861920
3.445000	4.799130
3.446000	4.861920
3.447000	4.861920
3.448000	4.861920
3.449000	4.799130
3.450000	4.861920
3.451000	4.799130
3.452000	4.799130
3.453000	4.861920
3.454000	4.799130
3.455000	4.799130
3.456000	4.861920
3.457000	4.861920
3.458000	4.799130
3.459000	4.861920
3.460000	4.799130
3.461000	4.799130
3.462000	4.799130
3.463000	4.924720
3.464000	4.861920
3.465000	4.799130
3.466000	4.861920
3.467000	4.799130
3.468000	4.799130
3.469000	4.799130
3.470000	4.861920
3.471000	4.736210
3.472000	4.799130
3.473000	4.799130
3.474000	4.799130
3.475000	4.924720
3.476000	4.861920
3.477000	4.924720
3.478000	4.799130
3.479000	4.861920
3.480000	4.799130
3.481000	4.799130
3.482000	4.736210
3.483000	4.736210
3.484000	4.799130
3.485000	4.799130
3.486000	4.799130
3.487000	4.736210
3.488000	4.799130
3.489000	4.799130
3.490000	4.861920
3.491000	4.799130
3.492000	4.799130
3.493000	4.799130
3.494000	4.736210
3.495000	4.799130
3.496000	4.799130
3.497000	4.799130
3.498000	4.736210
3.499000	4.799130
3.500000	4.799130
3.501000	4.799130
3.502000	4.799130
3.503000	4.861920
3.504000	4.799130
3.505000	4.799130
3.506000	4.861920
3.507000	4.861920
3.508000	4.799130
3.509000	4.861920
3.510000	4.736210
3.511000	4.799130
3.512000	4.799130
3.513000	4.799130
3.514000	4.736210
3.515000	4.736210
3.516000	4.799130
3.517000	4.799130
3.518000	4.799130
3.519000	4.799130
3.520000	4.799130
3.521000	4.736210
3.522000	4.736210
3.523000	4.799130
3.524000	4.799130
3.525000	4.799130
3.526000	4.799130
3.527000	4.736210
3.528000	4.799130
3.529000	4.799130
3.530000	4.736210
3.531000	4.799130
3.532000	4.736210
3.533000	4.799130
3.534000	4.736210
3.535000	4.673420
3.536000	4.799130
3.537000	4.799130
3.538000	4.799130
3.539000	4.799130
3.540000	4.736210
3.541000	4.799130
3.542000	4.799130
3.543000	4.799130
3.544000	4.861920
3.545000	4.736210
3.546000	4.736210
3.547000	4.736210
3.548000	4.799130
3.549000	4.736210
3.550000	4.799130
3.551000	4.736210
3.552000	4.736210
3.553000	4.799130
3.554000	4.799130
3.555000	4.861920
3.556000	4.673420
3.557000	4.799130
3.558000	4.799130
3.559000	4.736210
3.560000	4.736210
3.561000	4.673420
3.562000	4.736210
3.563000	4.736210
3.564000	4.673420
3.565000	4.736210
3.566000	4.799130
3.567000	4.799130
3.568000	4.736210
3.569000	4.736210
3.570000	4.799130
3.571000	4.736210
3.572000	4.736210
3.573000	4.673420
3.574000	4.799130
3.575000	4.799130
3.576000	4.736210
3.577000	4.736210
3.578000	4.736210
3.579000	4.736210
3.580000	4.610630
3.581000	4.736210
3.582000	4.610630
3.583000	4.673420
3.584000	4.736210
3.585000	4.736210
3.586000	4.736210
3.587000	4.736210
3.588000	4.736210
3.589000	4.673420
3.590000	4.673420
3.591000	4.673420
3.592000	4.610630
3.593000	4.673420
3.594000	4.610630
3.595000	4.610630
3.596000	4.736210
3.597000	4.673420
3.598000	4.610630
3.599000	4.610630
3.600000	4.736210
3.601000	4.673420
3.602000	4.673420
3.603000	4.673420
3.604000	4.673420
3.605000	4.673420
3.606000	4.673420
3.607000	4.736210
3.608000	4.610630
3.609000	4.673420
3.610000	4.610630
3.611000	4.673420
3.612000	4.736210
3.613000	4.736210
3.614000	4.736210
3.615000	4.673420
3.616000	4.673420
3.617000	4.673420
3.618000	4.673420
3.619000	4.673420
3.620000	4.610630
3.621000	4.673420
3.622000	4.610630
3.623000	4.673420
3.624000	4.610630
3.625000	4.610630
3.626000	4.610630
3.627000	4.547840
3.628000	4.610630
3.629000	4.547840
3.630000	4.673420
3.631000	4.673420
3.632000	4.673420
3.633000	4.673420
3.634000	4.673420
3.635000	4.547840
3.636000	4.610630
3.637000	4.673420
3.638000	4.610630
3.639000	4.610630
3.640000	4.610630
3.641000	4.673420
3.642000	4.673420
3.643000	4.673420
3.644000	4.610630
3.645000	4.610630
3.646000	4.610630
3.647000	4.610630
3.648000	4.673420
3.649000	4.610630
3.650000	4.610630
3.651000	4.673420
3.652000	4.610630
3.653000	4.610630
3.654000	4.610630
3.655000	4.610630
3.656000	4.673420
3.657000	4.610630
3.658000	4.673420
3.659000	4.673420
3.660000	4.610630
3.661000	4.673420
3.662000	4.610630
3.663000	4.673420
3.664000	4.673420
3.665000	4.610630
3.666000	4.610630
3.667000	4.610630
3.668000	4.610630
3.669000	4.673420
3.670000	4.610630
3.671000	4.673420
3.672000	4.673420
3.673000	4.610630
3.674000	4.610630
3.675000	4.673420
3.676000	4.610630
3.677000	4.673420
3.678000	4.673420
3.679000	4.610630
3.680000	4.610630
3.681000	4.673420
3.682000	4.736210
3.683000	4.610630
3.684000	4.736210
3.685000	4.610630
3.686000	4.736210
3.687000	4.610630
3.688000	4.673420
3.689000	4.673420
3.690000	4.673420
3.691000	4.673420
3.692000	4.736210
3.693000	4.673420
3.694000	4.673420
3.695000	4.673420
3.696000	4.673420
3.697000	4.736210
3.698000	4.673420
3.699000	4.673420
3.700000	4.673420
3.701000	4.547840
3.702000	4.736210
3.703000	4.610630
3.704000	4.610630
3.705000	4.673420
3.706000	4.547840
3.707000	4.610630
3.708000	4.673420
3.709000	4.673420
3.710000	4.610630
3.711000	4.610630
3.712000	4.673420
3.713000	4.673420
3.714000	4.736210
3.715000	4.610630
3.716000	4.673420
3.717000	4.610630
3.718000	4.673420
3.719000	4.610630
3.720000	4.673420
3.721000	4.673420
3.722000	4.610630
3.723000	4.673420
3.724000	4.610630
3.725000	4.673420
3.726000	4.673420
3.727000	4.610630
3.728000	4.673420
3.729000	4.673420
3.730000	4.673420
3.731000	4.736210
3.732000	4.610630
3.733000	4.673420
3.734000	4.673420
3.735000	4.610630
3.736000	4.610630
3.737000	4.610630
3.738000	4.610630
3.739000	4.610630
3.740000	4.610630
3.741000	4.610630
3.742000	4.673420
3.743000	4.610630
3.744000	4.610630
3.745000	4.610630
3.746000	4.610630
3.747000	4.610630
3.748000	4.610630
3.749000	4.610630
3.750000	4.610630
3.751000	4.547840
3.752000	4.610630
3.753000	4.610630
3.754000	4.547840
3.755000	4.610630
3.756000	4.610630
3.757000	4.673420
3.758000	4.484920
3.759000	4.547840
3.760000	4.547840
3.761000	4.484920
3.762000	4.422130
3.763000	4.484920
3.764000	4.422130
3.765000	4.359340
3.766000	4.359340
3.767000	4.359340
3.768000	4.422130
3.769000	4.422130
3.770000	4.359340
3.771000	4.359340
3.772000	4.422130
3.773000	4.484920
3.774000	4.422130
3.775000	4.547840
3.776000	4.484920
3.777000	4.484920
3.778000	4.547840
3.779000	4.422130
3.780000	4.547840
3.781000	4.547840
3.782000	4.484920
3.783000	4.484920
3.784000	4.422130
3.785000	4.484920
3.786000	4.484920
3.787000	4.422130
3.788000	4.484920
3.789000	4.484920
3.790000	4.547840
3.791000	4.422130
3.792000	4.422130
3.793000	4.484920
3.794000	4.422130
3.795000	4.484920
3.796000	4.484920
3.797000	4.484920
3.798000	4.422130
3.799000	4.422130
3.800000	4.547840
3.801000	4.422130
3.802000	4.422130
3.803000	4.359340
3.804000	4.422130
3.805000	4.422130
3.806000	4.422130
3.807000	4.422130
3.808000	4.422130
3.809000	4.484920
3.810000	4.359340
3.811000	4.359340
3.812000	4.422130
3.813000	4.422130
3.814000	4.422130
3.815000	4.359340
3.816000	4.359340
3.817000	4.296420
3.818000	4.296420
3.819000	4.359340
3.820000	4.359340
3.821000	4.359340
3.822000	4.359340
3.823000	4.422130
3.824000	4.359340
3.825000	4.422130
3.826000	4.484920
3.827000	4.359340
3.828000	4.484920
3.829000	4.547840
3.830000	4.547840
3.831000	4.547840
3.832000	4.673420
3.833000	4.547840
3.834000	4.547840
3.835000	4.484920
3.836000	4.547840
3.837000	4.422130
3.838000	4.610630
3.839000	4.484920
3.840000	4.547840
3.841000	4.484920
3.842000	4.359340
3.843000	4.484920
3.844000	4.422130
3.845000	4.484920
3.846000	4.422130
3.847000	4.422130
3.848000	4.359340
3.849000	4.359340
3.850000	4.359340
3.851000	4.422130
3.852000	4.359340
3.853000	4.296420
3.854000	4.422130
3.855000	4.422130
3.856000	4.422130
3.857000	4.484920
3.858000	4.484920
3.859000	4.484920
3.860000	4.484920
3.861000	4.422130
3.862000	4.484920
3.863000	4.422130
3.864000	4.484920
3.865000	4.484920
3.866000	4.484920
3.867000	4.484920
3.868000	4.422130
3.869000	4.484920
3.870000	4.359340
3.871000	4.359340
3.872000	4.422130
3.873000	4.422130
3.874000	4.484920
3.875000	4.547840
3.876000	4.547840
3.877000	4.484920
3.878000	4.484920
3.879000	4.484920
3.880000	4.547840
3.881000	4.422130
3.882000	4.484920
3.883000	4.547840
3.884000	4.422130
3.885000	4.484920
3.886000	4.547840
3.887000	4.484920
3.888000	4.422130
3.889000	4.422130
3.890000	4.484920
3.891000	4.359340
3.892000	4.484920
3.893000	4.359340
3.894000	4.359340
3.895000	4.359340
3.896000	4.359340
3.897000	4.359340
3.898000	4.296420
3.899000	4.359340
3.900000	4.233630
3.901000	4.296420
3.902000	4.296420
3.903000	4.359340
3.904000	4.296420
3.905000	4.359340
3.906000	4.422130
3.907000	4.359340
3.908000	4.484920
3.909000	4.422130
3.910000	4.422130
3.911000	4.422130
3.912000	4.359340
3.913000	4.422130
3.914000	4.422130
3.915000	4.359340
3.916000	4.484920
3.917000	4.422130
3.918000	4.422130
3.919000	4.484920
3.920000	4.359340
3.921000	4.422130
3.922000	4.296420
3.923000	4.359340
3.924000	4.359340
3.925000	4.359340
3.926000	4.359340
3.927000	4.359340
3.928000	4.233630
3.929000	4.359340
3.930000	4.359340
3.931000	4.296420
3.932000	4.296420
3.933000	4.233630
3.934000	4.296420
3.935000	4.233630
3.936000	4.233630
3.937000	4.296420
3.938000	4.296420
3.939000	4.296420
3.940000	4.359340
3.941000	4.296420
3.942000	4.296420
3.943000	4.296420
3.944000	4.296420
3.945000	4.359340
3.946000	4.296420
3.947000	4.233630
3.948000	4.296420
3.949000	4.233630
3.950000	4.296420
3.951000	4.296420
3.952000	4.359340
3.953000	4.296420
3.954000	4.296420
3.955000	4.296420
3.956000	4.296420
3.957000	4.359340
3.958000	4.296420
3.959000	4.359340
3.960000	4.296420
3.961000	4.359340
3.962000	4.359340
3.963000	4.359340
3.964000	4.359340
3.965000	4.359340
3.966000	4.296420
3.967000	4.296420
3.968000	4.359340
3.969000	4.422130
3.970000	4.296420
3.971000	4.359340
3.972000	4.359340
3.973000	4.359340
3.974000	4.359340
3.975000	4.484920
3.976000	4.359340
3.977000	4.296420
3.978000	4.359340
3.979000	4.359340
3.980000	4.296420
3.981000	4.233630
3.982000	4.296420
3.983000	4.296420
3.984000	4.233630
3.985000	4.296420
3.986000	4.233630
3.987000	4.359340
3.988000	4.170840
3.989000	4.296420
3.990000	4.233630
3.991000	4.233630
3.992000	4.296420
3.993000	4.296420
3.994000	4.170840
3.995000	4.233630
3.996000	4.296420
3.997000	4.359340
3.998000	4.233630
3.999000	4.233630
4.000000	4.233630
4.001000	4.359340
4.002000	4.296420
4.003000	4.359340
4.004000	4.296420
4.005000	4.233630
4.006000	4.296420
4.007000	4.296420
4.008000	4.233630
4.009000	4.296420
4.010000	4.296420
4.011000	4.296420
4.012000	4.422130
4.013000	4.359340
4.014000	4.359340
4.015000	4.359340
4.016000	4.359340
4.017000	4.359340
4.018000	4.359340
4.019000	4.359340
4.020000	4.359340
4.021000	4.359340
4.022000	4.296420
4.023000	4.296420
4.024000	4.359340
4.025000	4.296420
4.026000	4.296420
4.027000	4.296420
4.028000	4.296420
4.029000	4.359340
4.030000	4.233630
4.031000	4.296420
4.032000	4.296420
4.033000	4.233630
4.034000	4.233630
4.035000	4.359340
4.036000	4.233630
4.037000	4.233630
4.038000	4.233630
4.039000	4.233630
4.040000	4.296420
4.041000	4.296420
4.042000	4.296420
4.043000	4.296420
4.044000	4.296420
4.045000	4.296420
4.046000	4.296420
4.047000	4.233630
4.048000	4.296420
4.049000	4.233630
4.050000	4.359340
4.051000	4.296420
4.052000	4.359340
4.053000	4.296420
4.054000	4.296420
4.055000	4.359340
4.056000	4.359340
4.057000	4.296420
4.058000	4.233630
4.059000	4.359340
4.060000	4.296420
4.061000	4.296420
4.062000	4.296420
4.063000	4.359340
4.064000	4.359340
4.065000	4.233630
4.066000	4.359340
4.067000	4.233630
4.068000	4.233630
4.069000	4.296420
4.070000	4.233630
4.071000	4.233630
4.072000	4.233630
4.073000	4.296420
4.074000	4.233630
4.075000	4.233630
4.076000	4.296420
4.077000	4.359340
4.078000	4.233630
4.079000	4.296420
4.080000	4.233630
4.081000	4.233630
4.082000	4.170840
4.083000	4.170840
4.084000	4.045130
4.085000	4.108050
4.086000	4.170840
4.087000	4.170840
4.088000	4.108050
4.089000	4.170840
4.090000	4.170840
4.091000	4.170840
4.092000	4.296420
4.093000	4.233630
4.094000	4.170840
4.095000	4.170840
4.096000	4.170840
4.097000	4.108050
4.098000	4.170840
4.099000	4.108050
4.100000	4.233630
4.101000	4.296420
4.102000	4.233630
4.103000	4.170840
4.104000	4.233630
4.105000	4.233630
4.106000	4.233630
4.107000	4.233630
4.108000	4.233630
4.109000	4.233630
4.110000	4.233630
4.111000	4.170840
4.112000	4.170840
4.113000	4.233630
4.114000	4.233630
4.115000	4.233630
4.116000	4.233630
4.117000	4.108050
4.118000	4.233630
4.119000	4.170840
4.120000	4.108050
4.121000	4.108050
4.122000	4.170840
4.123000	4.233630
4.124000	4.170840
4.125000	4.170840
4.126000	4.170840
4.127000	4.170840
4.128000	4.108050
4.129000	4.170840
4.130000	4.170840
4.131000	4.108050
4.132000	4.108050
4.133000	4.108050
4.134000	4.108050
4.135000	4.045130
4.136000	4.108050
4.137000	4.170840
4.138000	4.045130
4.139000	4.108050
4.140000	4.170840
4.141000	4.170840
4.142000	4.233630
4.143000	4.170840
4.144000	4.108050
4.145000	4.108050
4.146000	4.108050
4.147000	4.170840
4.148000	4.170840
4.149000	4.170840
4.150000	4.108050
4.151000	4.108050
4.152000	4.233630
4.153000	4.170840
4.154000	4.233630
4.155000	4.170840
4.156000	4.170840
4.157000	4.233630
4.158000	4.170840
4.159000	4.233630
4.160000	4.233630
4.161000	4.170840
4.162000	4.233630
4.163000	4.170840
4.164000	4.108050
4.165000	4.170840
4.166000	4.170840
4.167000	4.108050
4.168000	4.170840
4.169000	4.170840
4.170000	4.108050
4.171000	4.170840
4.172000	4.170840
4.173000	4.108050
4.174000	4.045130
4.175000	4.045130
4.176000	4.170840
4.177000	4.108050
4.178000	4.170840
4.179000	4.233630
4.180000	4.170840
4.181000	4.233630
4.182000	4.108050
4.183000	4.170840
4.184000	4.045130
4.185000	4.170840
4.186000	4.170840
4.187000	4.233630
4.188000	4.170840
4.189000	4.108050
4.190000	4.170840
4.191000	4.108050
4.192000	4.170840
4.193000	4.233630
4.194000	4.170840
4.195000	4.170840
4.196000	4.108050
4.197000	4.108050
4.198000	4.170840
4.199000	4.170840
4.200000	4.170840
4.201000	4.108050
4.202000	4.170840
4.203000	4.108050
4.204000	4.170840
4.205000	4.296420
4.206000	4.170840
4.207000	4.233630
4.208000	4.170840
4.209000	4.233630
4.210000	4.108050
4.211000	4.170840
4.212000	4.170840
4.213000	4.170840
4.214000	4.170840
4.215000	4.170840
4.216000	4.108050
4.217000	4.170840
4.218000	4.108050
4.219000	4.108050
4.220000	4.045130
4.221000	4.108050
4.222000	4.108050
4.223000	4.108050
4.224000	4.170840
4.225000	4.108050
4.226000	4.108050
4.227000	4.108050
4.228000	4.108050
4.229000	4.045130
4.230000	4.108050
4.231000	4.170840
4.232000	4.170840
4.233000	4.108050
4.234000	4.108050
4.235000	4.170840
4.236000	4.233630
4.237000	4.108050
4.238000	4.108050
4.239000	4.170840
4.240000	4.108050
4.241000	4.170840
4.242000	4.170840
4.243000	4.170840
4.244000	4.045130
4.245000	4.108050
4.246000	4.170840
4.247000	4.170840
4.248000	4.108050
4.249000	4.108050
4.250000	4.108050
4.251000	4.108050
4.252000	4.045130
4.253000	4.045130
4.254000	4.108050
4.255000	4.170840
4.256000	4.108050
4.257000	4.108050
4.258000	4.108050
4.259000	4.108050
4.260000	4.045130
4.261000	4.108050
4.262000	4.108050
4.263000	4.045130
4.264000	4.045130
4.265000	3.982340
4.266000	4.108050
4.267000	4.045130
4.268000	4.045130
4.269000	4.045130
4.270000	4.045130
4.271000	3.919550
4.272000	4.108050
4.273000	4.045130
4.274000	4.045130
4.275000	4.108050
4.276000	4.045130
4.277000	4.108050
4.278000	4.045130
4.279000	4.045130
4.280000	4.045130
4.281000	4.045130
4.282000	4.108050
4.283000	3.982340
4.284000	4.045130
4.285000	4.045130
4.286000	4.045130
4.287000	4.045130
4.288000	4.045130
4.289000	4.045130
4.290000	4.108050
4.291000	4.045130
4.292000	4.045130
4.293000	4.045130
4.294000	4.045130
4.295000	4.045130
4.296000	4.108050
4.297000	4.045130
4.298000	4.045130
4.299000	3.982340
4.300000	3.982340
4.301000	3.982340
4.302000	4.045130
4.303000	4.045130
4.304000	3.982340
4.305000	4.045130
4.306000	4.108050
4.307000	3.982340
4.308000	4.045130
4.309000	3.982340
4.310000	3.982340
4.311000	3.982340
4.312000	3.982340
4.313000	4.045130
4.314000	4.108050
4.315000	4.045130
4.316000	3.982340
4.317000	4.108050
4.318000	3.982340
4.319000	4.045130
4.320000	3.982340
4.321000	3.982340
4.322000	3.919550
4.323000	4.045130
4.324000	3.982340
4.325000	4.045130
4.326000	3.982340
4.327000	4.045130
4.328000	4.045130
4.329000	4.045130
4.330000	4.045130
4.331000	4.108050
4.332000	3.919550
4.333000	3.982340
4.334000	3.919550
4.335000	3.982340
4.336000	4.045130
4.337000	4.045130
4.338000	3.982340
4.339000	4.045130
4.340000	4.108050
4.341000	4.045130
4.342000	4.045130
4.343000	3.982340
4.344000	4.045130
4.345000	3.982340
4.346000	4.045130
4.347000	4.108050
4.348000	4.108050
4.349000	4.045130
4.350000	3.919550
4.351000	4.045130
4.352000	4.045130
4.353000	4.045130
4.354000	4.045130
4.355000	3.982340
4.356000	4.045130
4.357000	4.045130
4.358000	3.982340
4.359000	4.045130
4.360000	3.919550
4.361000	4.108050
4.362000	3.982340
4.363000	3.982340
4.364000	4.108050
4.365000	4.045130
4.366000	3.982340
4.367000	4.045130
4.368000	4.045130
4.369000	4.045130
4.370000	3.982340
4.371000	3.982340
4.372000	3.919550
4.373000	4.045130
4.374000	4.045130
4.375000	4.045130
4.376000	4.108050
4.377000	3.982340
4.378000	3.919550
4.379000	3.982340
4.380000	3.982340
4.381000	3.982340
4.382000	3.982340
4.383000	3.919550
4.384000	3.919550
4.385000	4.045130
4.386000	3.982340
4.387000	3.982340
4.388000	3.919550
4.389000	3.982340
4.390000	4.045130
4.391000	4.045130
4.392000	3.982340
4.393000	4.045130
4.394000	3.982340
4.395000	4.045130
4.396000	3.982340
4.397000	4.045130
4.398000	4.045130
4.399000	3.982340
4.400000	3.919550
4.401000	3.919550
4.402000	3.982340
4.403000	3.982340
4.404000	3.856630
4.405000	3.982340
4.406000	3.856630
4.407000	3.919550
4.408000	3.982340
4.409000	3.982340
4.410000	3.919550
4.411000	3.982340
4.412000	3.982340
4.413000	3.982340
4.414000	3.856630
4.415000	3.856630
4.416000	3.856630
4.417000	3.856630
4.418000	3.982340
4.419000	4.045130
4.420000	3.919550
4.421000	3.856630
4.422000	3.856630
4.423000	3.919550
4.424000	3.982340
4.425000	3.856630
4.426000	3.856630
4.427000	3.856630
4.428000	3.919550
4.429000	3.919550
4.430000	3.919550
4.431000	3.856630
4.432000	3.856630
4.433000	3.856630
4.434000	3.856630
4.435000	3.856630
4.436000	3.982340
4.437000	3.919550
4.438000	3.856630
4.439000	3.856630
4.440000	3.856630
4.441000	3.919550
4.442000	3.856630
4.443000	3.856630
4.444000	3.793830
4.445000	3.919550
4.446000	3.919550
4.447000	3.856630
4.448000	3.793830
4.449000	3.793830
4.450000	3.856630
4.451000	3.856630
4.452000	3.856630
4.453000	3.856630
4.454000	3.856630
4.455000	3.856630
4.456000	3.856630
4.457000	3.856630
4.458000	3.919550
4.459000	3.793830
4.460000	3.856630
4.461000	3.856630
4.462000	3.919550
4.463000	3.856630
4.464000	3.731040
4.465000	3.793830
4.466000	3.793830
4.467000	3.793830
4.468000	3.731040
4.469000	3.856630
4.470000	3.793830
4.471000	3.793830
4.472000	3.856630
4.473000	3.793830
4.474000	3.856630
4.475000	3.793830
4.476000	3.856630
4.477000	3.793830
4.478000	3.856630
4.479000	3.793830
4.480000	3.793830
4.481000	3.856630
4.482000	3.856630
4.483000	3.856630
4.484000	3.793830
4.485000	3.731040
4.486000	3.793830
4.487000	3.793830
4.488000	3.793830
4.489000	3.856630
4.490000	3.793830
4.491000	3.856630
4.492000	3.856630
4.493000	3.793830
4.494000	3.793830
4.495000	3.793830
4.496000	3.856630
4.497000	3.856630
4.498000	3.793830
4.499000	3.793830
4.500000	3.856630
4.501000	3.793830
4.502000	3.856630
4.503000	3.856630
4.504000	3.856630
4.505000	3.793830
4.506000	3.856630
4.507000	3.856630
4.508000	3.856630
4.509000	3.856630
4.510000	3.793830
4.511000	3.856630
4.512000	3.793830
4.513000	3.856630
4.514000	3.856630
4.515000	3.856630
4.516000	3.793830
4.517000	3.793830
4.518000	3.731040
4.519000	3.856630
4.520000	3.793830
4.521000	3.731040
4.522000	3.793830
4.523000	3.856630
4.524000	3.731040
4.525000	3.793830
4.526000	3.793830
4.527000	3.793830
4.528000	3.793830
4.529000	3.856630
4.530000	3.793830
4.531000	3.793830
4.532000	3.731040
4.533000	3.856630
4.534000	3.731040
4.535000	3.856630
4.536000	3.856630
4.537000	3.731040
4.538000	3.731040
4.539000	3.793830
4.540000	3.793830
4.541000	3.856630
4.542000	3.793830
4.543000	3.793830
4.544000	3.793830
4.545000	3.856630
4.546000	3.856630
4.547000	3.731040
4.548000	3.793830
4.549000	3.793830
4.550000	3.793830
4.551000	3.793830
4.552000	3.793830
4.553000	3.793830
4.554000	3.793830
4.555000	3.793830
4.556000	3.856630
4.557000	3.793830
4.558000	3.793830
4.559000	3.856630
4.560000	3.731040
4.561000	3.731040
4.562000	3.731040
4.563000	3.731040
4.564000	3.731040
4.565000	3.793830
4.566000	3.731040
4.567000	3.793830
4.568000	3.793830
4.569000	3.731040
4.570000	3.731040
4.571000	3.731040
4.572000	3.731040
4.573000	3.731040
4.574000	3.731040
4.575000	3.731040
4.576000	3.731040
4.577000	3.668250
4.578000	3.668250
4.579000	3.731040
4.580000	3.668250
4.581000	3.668250
4.582000	3.731040
4.583000	3.731040
4.584000	3.793830
4.585000	3.668250
4.586000	3.731040
4.587000	3.793830
4.588000	3.668250
4.589000	3.731040
4.590000	3.668250
4.591000	3.731040
4.592000	3.731040
4.593000	3.731040
4.594000	3.668250
4.595000	3.668250
4.596000	3.605330
4.597000	3.668250
4.598000	3.731040
4.599000	3.605330
4.600000	3.605330
4.601000	3.668250
4.602000	3.731040
4.603000	3.668250
4.604000	3.793830
4.605000	3.731040
4.606000	3.668250
4.607000	3.731040
4.608000	3.668250
4.609000	3.731040
4.610000	3.668250
4.611000	3.668250
4.612000	3.731040
4.613000	3.731040
4.614000	3.668250
4.615000	3.731040
4.616000	3.668250
4.617000	3.668250
4.618000	3.668250
4.619000	3.731040
4.620000	3.668250
4.621000	3.668250
4.622000	3.668250
4.623000	3.731040
4.624000	3.668250
4.625000	3.731040
4.626000	3.731040
4.627000	3.668250
4.628000	3.731040
4.629000	3.668250
4.630000	3.668250
4.631000	3.668250
4.632000	3.731040
4.633000	3.731040
4.634000	3.668250
4.635000	3.731040
4.636000	3.668250
4.637000	3.668250
4.638000	3.668250
4.639000	3.668250
4.640000	3.668250
4.641000	3.605330
4.642000	3.793830
4.643000	3.731040
4.644000	3.605330
4.645000	3.668250
4.646000	3.605330
4.647000	3.668250
4.648000	3.668250
4.649000	3.731040
4.650000	3.668250
4.651000	3.668250
4.652000	3.668250
4.653000	3.731040
4.654000	3.605330
4.655000	3.668250
4.656000	3.731040
4.657000	3.731040
4.658000	3.731040
4.659000	3.731040
4.660000	3.668250
4.661000	3.731040
4.662000	3.731040
4.663000	3.668250
4.664000	3.793830
4.665000	3.668250
4.666000	3.668250
4.667000	3.668250
4.668000	3.668250
4.669000	3.731040
4.670000	3.731040
4.671000	3.731040
4.672000	3.668250
4.673000	3.668250
4.674000	3.668250
4.675000	3.731040
4.676000	3.731040
4.677000	3.731040
4.678000	3.668250
4.679000	3.605330
4.680000	3.668250
4.681000	3.668250
4.682000	3.605330
4.683000	3.605330
4.684000	3.668250
4.685000	3.731040
4.686000	3.668250
4.687000	3.668250
4.688000	3.668250
4.689000	3.668250
4.690000	3.668250
4.691000	3.668250
4.692000	3.605330
4.693000	3.668250
4.694000	3.668250
4.695000	3.731040
4.696000	3.731040
4.697000	3.668250
4.698000	3.605330
4.699000	3.668250
4.700000	3.668250
4.701000	3.668250
4.702000	3.668250
4.703000	3.668250
4.704000	3.605330
4.705000	3.605330
4.706000	3.668250
4.707000	3.668250
4.708000	3.605330
4.709000	3.668250
4.710000	3.731040
4.711000	3.668250
4.712000	3.668250
4.713000	3.668250
4.714000	3.605330
4.715000	3.668250
4.716000	3.605330
4.717000	3.605330
4.718000	3.668250
4.719000	3.731040
4.720000	3.605330
4.721000	3.668250
4.722000	3.668250
4.723000	3.668250
4.724000	3.605330
4.725000	3.731040
4.726000	3.605330
4.727000	3.605330
4.728000	3.605330
4.729000	3.668250
4.730000	3.605330
4.731000	3.605330
4.732000	3.605330
4.733000	3.605330
4.734000	3.668250
4.735000	3.668250
4.736000	3.605330
4.737000	3.605330
4.738000	3.668250
4.739000	3.668250
4.740000	3.668250
4.741000	3.605330
4.742000	3.605330
4.743000	3.605330
4.744000	3.668250
4.745000	3.731040
4.746000	3.605330
4.747000	3.668250
4.748000	3.605330
4.749000	3.605330
4.750000	3.605330
4.751000	3.605330
4.752000	3.605330
4.753000	3.542540
4.754000	3.605330
4.755000	3.605330
4.756000	3.605330
4.757000	3.605330
4.758000	3.542540
4.759000	3.668250
4.760000	3.668250
4.761000	3.605330
4.762000	3.605330
4.763000	3.605330
4.764000	3.668250
4.765000	3.605330
4.766000	3.605330
4.767000	3.542540
4.768000	3.605330
4.769000	3.668250
4.770000	3.605330
4.771000	3.605330
4.772000	3.542540
4.773000	3.605330
4.774000	3.605330
4.775000	3.605330
4.776000	3.668250
4.777000	3.605330
4.778000	3.542540
4.779000	3.668250
4.780000	3.605330
4.781000	3.542540
4.782000	3.542540
4.783000	3.605330
4.784000	3.605330
4.785000	3.605330
4.786000	3.605330
4.787000	3.605330
4.788000	3.542540
4.789000	3.605330
4.790000	3.542540
4.791000	3.542540
4.792000	3.605330
4.793000	3.605330
4.794000	3.542540
4.795000	3.542540
4.796000	3.605330
4.797000	3.542540
4.798000	3.542540
4.799000	3.605330
4.800000	3.479750
4.801000	3.479750
4.802000	3.542540
4.803000	3.542540
4.804000	3.542540
4.805000	3.605330
4.806000	3.542540
4.807000	3.542540
4.808000	3.605330
4.809000	3.542540
4.810000	3.605330
4.811000	3.416830
4.812000	3.605330
4.813000	3.605330
4.814000	3.605330
4.815000	3.542540
4.816000	3.542540
4.817000	3.542540
4.818000	3.605330
4.819000	3.605330
4.820000	3.605330
4.821000	3.605330
4.822000	3.605330
4.823000	3.605330
4.824000	3.605330
4.825000	3.668250
4.826000	3.542540
4.827000	3.542540
4.828000	3.605330
4.829000	3.605330
4.830000	3.605330
4.831000	3.605330
4.832000	3.605330
4.833000	3.542540
4.834000	3.605330
4.835000	3.542540
4.836000	3.605330
4.837000	3.605330
4.838000	3.605330
4.839000	3.605330
4.840000	3.668250
4.841000	3.605330
4.842000	3.605330
4.843000	3.605330
4.844000	3.605330
4.845000	3.542540
4.846000	3.605330
4.847000	3.605330
4.848000	3.542540
4.849000	3.668250
4.850000	3.542540
4.851000	3.605330
4.852000	3.668250
4.853000	3.605330
4.854000	3.605330
4.855000	3.668250
4.856000	3.605330
4.857000	3.542540
4.858000	3.542540
4.859000	3.605330
4.860000	3.605330
4.861000	3.605330
4.862000	3.542540
4.863000	3.668250
4.864000	3.605330
4.865000	3.605330
4.866000	3.668250
4.867000	3.605330
4.868000	3.542540
4.869000	3.605330
4.870000	3.668250
4.871000	3.542540
4.872000	3.605330
4.873000	3.605330
4.874000	3.605330
4.875000	3.542540
4.876000	3.605330
4.877000	3.605330
4.878000	3.605330
4.879000	3.605330
4.880000	3.605330
4.881000	3.542540
4.882000	3.479750
4.883000	3.605330
4.884000	3.605330
4.885000	3.668250
4.886000	3.542540
4.887000	3.542540
4.888000	3.668250
4.889000	3.605330
4.890000	3.605330
4.891000	3.605330
4.892000	3.605330
4.893000	3.542540
4.894000	3.542540
4.895000	3.542540
4.896000	3.605330
4.897000	3.605330
4.898000	3.605330
4.899000	3.542540
4.900000	3.605330
4.901000	3.542540
4.902000	3.668250
4.903000	3.542540
4.904000	3.542540
4.905000	3.542540
4.906000	3.542540
4.907000	3.542540
4.908000	3.542540
4.909000	3.542540
4.910000	3.479750
4.911000	3.542540
4.912000	3.542540
4.913000	3.542540
4.914000	3.479750
4.915000	3.542540
4.916000	3.542540
4.917000	3.479750
4.918000	3.542540
4.919000	3.605330
4.920000	3.479750
4.921000	3.479750
4.922000	3.542540
4.923000	3.542540
4.924000	3.479750
4.925000	3.479750
4.926000	3.479750
4.927000	3.479750
4.928000	3.416830
4.929000	3.542540
4.930000	3.605330
4.931000	3.605330
4.932000	3.542540
4.933000	3.479750
4.934000	3.479750
4.935000	3.542540
4.936000	3.479750
4.937000	3.542540
4.938000	3.542540
4.939000	3.542540
4.940000	3.479750
4.941000	3.479750
4.942000	3.479750
4.943000	3.542540
4.944000	3.542540
4.945000	3.542540
4.946000	3.542540
4.947000	3.479750
4.948000	3.479750
4.949000	3.479750
4.950000	3.479750
4.951000	3.479750
4.952000	3.479750
4.953000	3.416830
4.954000	3.479750
4.955000	3.542540
4.956000	3.479750
4.957000	3.542540
4.958000	3.542540
4.959000	3.605330
4.960000	3.479750
4.961000	3.479750
4.962000	3.479750
4.963000	3.605330
4.964000	3.479750
4.965000	3.542540
4.966000	3.479750
4.967000	3.416830
4.968000	3.605330
4.969000	3.542540
4.970000	3.479750
4.971000	3.479750
4.972000	3.479750
4.973000	3.479750
4.974000	3.479750
4.975000	3.479750
4.976000	3.416830
4.977000	3.416830
4.978000	3.542540
4.979000	3.479750
4.980000	3.542540
4.981000	3.479750
4.982000	3.479750
4.983000	3.479750
4.984000	3.479750
4.985000	3.542540
4.986000	3.542540
4.987000	3.542540
4.988000	3.542540
4.989000	3.542540
4.990000	3.542540
4.991000	3.542540
4.992000	3.542540
4.993000	3.479750
4.994000	3.542540
4.995000	3.542540
4.996000	3.542540
4.997000	3.479750
4.998000	3.479750
4.999000	3.542540
5.000000	3.479750
5.001000	3.479750
5.002000	3.479750
5.003000	3.542540
5.004000	3.542540
5.005000	3.605330
5.006000	3.542540
5.007000	3.542540
5.008000	3.542540
5.009000	3.542540
5.010000	3.542540
5.011000	3.542540
5.012000	3.479750
5.013000	3.542540
5.014000	3.479750
5.015000	3.542540
5.016000	3.542540
5.017000	3.479750
5.018000	3.479750
5.019000	3.542540
5.020000	3.542540
5.021000	3.542540
5.022000	3.542540
5.023000	3.542540
5.024000	3.479750
5.025000	3.542540
5.026000	3.542540
5.027000	3.479750
5.028000	3.542540
5.029000	3.479750
5.030000	3.416830
5.031000	3.479750
5.032000	3.479750
5.033000	3.479750
5.034000	3.542540
5.035000	3.479750
5.036000	3.542540
5.037000	3.479750
5.038000	3.416830
5.039000	3.479750
5.040000	3.479750
5.041000	3.479750
5.042000	3.542540
5.043000	3.542540
5.044000	3.479750
5.045000	3.479750
5.046000	3.542540
5.047000	3.479750
5.048000	3.479750
5.049000	3.479750
5.050000	3.479750
5.051000	3.542540
5.052000	3.479750
5.053000	3.542540
5.054000	3.479750
5.055000	3.479750
5.056000	3.479750
5.057000	3.542540
5.058000	3.542540
5.059000	3.479750
5.060000	3.354040
5.061000	3.479750
5.062000	3.416830
5.063000	3.479750
5.064000	3.416830
5.065000	3.479750
5.066000	3.416830
5.067000	3.479750
5.068000	3.479750
5.069000	3.354040
5.070000	3.354040
5.071000	3.479750
5.072000	3.479750
5.073000	3.416830
5.074000	3.354040
5.075000	3.479750
5.076000	3.354040
5.077000	3.354040
5.078000	3.416830
5.079000	3.479750
5.080000	3.479750
5.081000	3.479750
5.082000	3.416830
5.083000	3.354040
5.084000	3.416830
5.085000	3.354040
5.086000	3.479750
5.087000	3.416830
5.088000	3.416830
5.089000	3.479750
5.090000	3.479750
5.091000	3.479750
5.092000	3.354040
5.093000	3.416830
5.094000	3.479750
5.095000	3.416830
5.096000	3.479750
5.097000	3.479750
5.098000	3.416830
5.099000	3.354040
5.100000	3.354040
5.101000	3.479750
5.102000	3.479750
5.103000	3.354040
5.104000	3.354040
5.105000	3.416830
5.106000	3.479750
5.107000	3.354040
5.108000	3.354040
5.109000	3.416830
5.110000	3.416830
5.111000	3.479750
5.112000	3.479750
5.113000	3.479750
5.114000	3.354040
5.115000	3.416830
5.116000	3.479750
5.117000	3.354040
5.118000	3.354040
5.119000	3.479750
5.120000	3.479750
5.121000	3.416830
5.122000	3.291250
5.123000	3.354040
5.124000	3.416830
5.125000	3.354040
5.126000	3.479750
5.127000	3.291250
5.128000	3.416830
5.129000	3.354040
5.130000	3.416830
5.131000	3.354040
5.132000	3.416830
5.133000	3.354040
5.134000	3.416830
5.135000	3.354040
5.136000	3.416830
5.137000	3.416830
5.138000	3.354040
5.139000	3.354040
5.140000	3.416830
5.141000	3.416830
5.142000	3.479750
5.143000	3.416830
5.144000	3.416830
5.145000	3.354040
5.146000	3.416830
5.147000	3.416830
5.148000	3.416830
5.149000	3.479750
5.150000	3.416830
5.151000	3.354040
5.152000	3.479750
5.153000	3.354040
5.154000	3.354040
5.155000	3.479750
5.156000	3.416830
5.157000	3.479750
5.158000	3.479750
5.159000	3.479750
5.160000	3.354040
5.161000	3.416830
5.162000	3.479750
5.163000	3.354040
5.164000	3.479750
5.165000	3.416830
5.166000	3.479750
5.167000	3.416830
5.168000	3.416830
5.169000	3.416830
5.170000	3.416830
5.171000	3.416830
5.172000	3.416830
5.173000	3.354040
5.174000	3.479750
5.175000	3.416830
5.176000	3.354040
5.177000	3.416830
5.178000	3.416830
5.179000	3.416830
5.180000	3.416830
5.181000	3.416830
5.182000	3.354040
5.183000	3.354040
5.184000	3.416830
5.185000	3.416830
5.186000	3.354040
5.187000	3.354040
5.188000	3.479750
5.189000	3.354040
5.190000	3.479750
5.191000	3.416830
5.192000	3.416830
5.193000	3.416830
5.194000	3.416830
5.195000	3.354040
5.196000	3.479750
5.197000	3.416830
5.198000	3.416830
5.199000	3.416830
5.200000	3.416830
5.201000	3.479750
5.202000	3.416830
5.203000	3.354040
5.204000	3.416830
5.205000	3.416830
5.206000	3.354040
5.207000	3.479750
5.208000	3.354040
5.209000	3.354040
5.210000	3.416830
5.211000	3.354040
5.212000	3.479750
5.213000	3.354040
5.214000	3.354040
5.215000	3.416830
5.216000	3.291250
5.217000	3.354040
5.218000	3.354040
5.219000	3.479750
5.220000	3.354040
5.221000	3.354040
5.222000	3.416830
5.223000	3.416830
5.224000	3.354040
5.225000	3.354040
5.226000	3.416830
5.227000	3.354040
5.228000	3.291250
5.229000	3.291250
5.230000	3.354040
5.231000	3.354040
5.232000	3.354040
5.233000	3.291250
5.234000	3.354040
5.235000	3.354040
5.236000	3.416830
5.237000	3.354040
5.238000	3.354040
5.239000	3.354040
5.240000	3.354040
5.241000	3.291250
5.242000	3.354040
5.243000	3.354040
5.244000	3.354040
5.245000	3.416830
5.246000	3.291250
5.247000	3.416830
5.248000	3.354040
5.249000	3.354040
5.250000	3.354040
5.251000	3.291250
5.252000	3.354040
5.253000	3.354040
5.254000	3.354040
5.255000	3.416830
5.256000	3.354040
5.257000	3.291250
5.258000	3.354040
5.259000	3.354040
5.260000	3.291250
5.261000	3.354040
5.262000	3.291250
5.263000	3.354040
5.264000	3.354040
5.265000	3.354040
5.266000	3.291250
5.267000	3.354040
5.268000	3.354040
5.269000	3.354040
5.270000	3.354040
5.271000	3.291250
5.272000	3.354040
5.273000	3.354040
5.274000	3.354040
5.275000	3.291250
5.276000	3.354040
5.277000	3.291250
5.278000	3.228460
5.279000	3.354040
5.280000	3.354040
5.281000	3.291250
5.282000	3.354040
5.283000	3.291250
5.284000	3.291250
5.285000	3.291250
5.286000	3.354040
5.287000	3.291250
5.288000	3.354040
5.289000	3.354040
5.290000	3.291250
5.291000	3.291250
5.292000	3.354040
5.293000	3.291250
5.294000	3.228460
5.295000	3.416830
5.296000	3.354040
5.297000	3.291250
5.298000	3.354040
5.299000	3.291250
5.300000	3.228460
5.301000	3.354040
5.302000	3.354040
5.303000	3.354040
5.304000	3.291250
5.305000	3.354040
5.306000	3.416830
5.307000	3.354040
5.308000	3.354040
5.309000	3.416830
5.310000	3.354040
5.311000	3.291250
5.312000	3.354040
5.313000	3.354040
5.314000	3.354040
5.315000	3.354040
5.316000	3.291250
5.317000	3.228460
5.318000	3.291250
5.319000	3.354040
5.320000	3.291250
5.321000	3.354040
5.322000	3.354040
5.323000	3.354040
5.324000	3.354040
5.325000	3.354040
5.326000	3.354040
5.327000	3.291250
5.328000	3.354040
5.329000	3.354040
5.330000	3.354040
5.331000	3.354040
5.332000	3.354040
5.333000	3.416830
5.334000	3.291250
5.335000	3.354040
5.336000	3.291250
5.337000	3.354040
5.338000	3.354040
5.339000	3.291250
5.340000	3.416830
5.341000	3.354040
5.342000	3.354040
5.343000	3.416830
5.344000	3.354040
5.345000	3.354040
5.346000	3.416830
5.347000	3.228460
5.348000	3.354040
5.349000	3.291250
5.350000	3.354040
5.351000	3.354040
5.352000	3.354040
5.353000	3.291250
5.354000	3.228460
5.355000	3.291250
5.356000	3.354040
5.357000	3.354040
5.358000	3.354040
5.359000	3.354040
5.360000	3.354040
5.361000	3.291250
5.362000	3.291250
5.363000	3.291250
5.364000	3.291250
5.365000	3.291250
5.366000	3.291250
5.367000	3.291250
5.368000	3.291250
5.369000	3.354040
5.370000	3.291250
5.371000	3.291250
5.372000	3.291250
5.373000	3.228460
5.374000	3.291250
5.375000	3.354040
5.376000	3.291250
5.377000	3.228460
5.378000	3.291250
5.379000	3.291250
5.380000	3.291250
5.381000	3.291250
5.382000	3.354040
5.383000	3.291250
5.384000	3.228460
5.385000	3.291250
5.386000	3.291250
5.387000	3.291250
5.388000	3.354040
5.389000	3.291250
5.390000	3.354040
5.391000	3.354040
5.392000	3.354040
5.393000	3.291250
5.394000	3.354040
5.395000	3.354040
5.396000	3.291250
5.397000	3.354040
5.398000	3.291250
5.399000	3.291250
5.400000	3.228460
5.401000	3.291250
5.402000	3.354040
5.403000	3.228460
5.404000	3.291250
5.405000	3.291250
5.406000	3.291250
5.407000	3.291250
5.408000	3.291250
5.409000	3.291250
5.410000	3.291250
5.411000	3.291250
5.412000	3.354040
5.413000	3.354040
5.414000	3.291250
5.415000	3.228460
5.416000	3.291250
5.417000	3.165540
5.418000	3.165540
5.419000	3.228460
5.420000	3.291250
5.421000	3.291250
5.422000	3.228460
5.423000	3.291250
5.424000	3.228460
5.425000	3.291250
5.426000	3.291250
5.427000	3.291250
5.428000	3.291250
5.429000	3.228460
5.430000	3.291250
5.431000	3.291250
5.432000	3.228460
5.433000	3.291250
5.434000	3.228460
5.435000	3.228460
5.436000	3.228460
5.437000	3.291250
5.438000	3.291250
5.439000	3.291250
5.440000	3.291250
5.441000	3.165540
5.442000	3.165540
5.443000	3.228460
5.444000	3.228460
5.445000	3.228460
5.446000	3.354040
5.447000	3.228460
5.448000	3.165540
5.449000	3.165540
5.450000	3.165540
5.451000	3.228460
5.452000	3.228460
5.453000	3.228460
5.454000	3.165540
5.455000	3.291250
5.456000	3.228460
5.457000	3.354040
5.458000	3.228460
5.459000	3.291250
5.460000	3.165540
5.461000	3.228460
5.462000	3.291250
5.463000	3.228460
5.464000	3.354040
5.465000	3.228460
5.466000	3.228460
5.467000	3.165540
5.468000	3.228460
5.469000	3.165540
5.470000	3.165540
5.471000	3.102750
5.472000	3.165540
5.473000	3.165540
5.474000	3.291250
5.475000	3.228460
5.476000	3.102750
5.477000	3.102750
5.478000	3.165540
5.479000	3.228460
5.480000	3.165540
5.481000	3.165540
5.482000	3.291250
5.483000	3.228460
5.484000	3.165540
5.485000	3.228460
5.486000	3.228460
5.487000	3.165540
5.488000	3.291250
5.489000	3.291250
5.490000	3.228460
5.491000	3.291250
5.492000	3.228460
5.493000	3.228460
5.494000	3.291250
5.495000	3.228460
5.496000	3.291250
5.497000	3.228460
5.498000	3.228460
5.499000	3.228460
5.500000	3.165540
5.501000	3.228460
5.502000	3.354040
5.503000	3.228460
5.504000	3.228460
5.505000	3.165540
5.506000	3.291250
5.507000	3.228460
5.508000	3.228460
5.509000	3.291250
5.510000	3.228460
5.511000	3.291250
5.512000	3.228460
5.513000	3.291250
5.514000	3.228460
5.515000	3.228460
5.516000	3.228460
5.517000	3.291250
5.518000	3.228460
5.519000	3.228460
5.520000	3.165540
5.521000	3.165540
5.522000	3.228460
5.523000	3.291250
5.524000	3.228460
5.525000	3.228460
5.526000	3.291250
5.527000	3.228460
5.528000	3.165540
5.529000	3.228460
5.530000	3.228460
5.531000	3.228460
5.532000	3.228460
5.533000	3.165540
5.534000	3.165540
5.535000	3.291250
5.536000	3.291250
5.537000	3.228460
5.538000	3.228460
5.539000	3.228460
5.540000	3.228460
5.541000	3.291250
5.542000	3.291250
5.543000	3.228460
5.544000	3.228460
5.545000	3.291250
5.546000	3.354040
5.547000	3.228460
5.548000	3.228460
5.549000	3.228460
5.550000	3.228460
5.551000	3.228460
5.552000	3.291250
5.553000	3.228460
5.554000	3.228460
5.555000	3.228460
5.556000	3.165540
5.557000	3.291250
5.558000	3.291250
5.559000	3.228460
5.560000	3.291250
5.561000	3.291250
5.562000	3.165540
5.563000	3.228460
5.564000	3.165540
5.565000	3.228460
5.566000	3.165540
5.567000	3.165540
5.568000	3.165540
5.569000	3.228460
5.570000	3.291250
5.571000	3.102750
5.572000	3.165540
5.573000	3.165540
5.574000	3.228460
5.575000	3.165540
5.576000	3.165540
5.577000	3.165540
5.578000	3.228460
5.579000	3.291250
5.580000	3.228460
5.581000	3.228460
5.582000	3.165540
5.583000	3.165540
5.584000	3.228460
5.585000	3.228460
5.586000	3.228460
5.587000	3.228460
5.588000	3.165540
5.589000	3.165540
5.590000	3.165540
5.591000	3.165540
5.592000	3.228460
5.593000	3.165540
5.594000	3.228460
5.595000	3.165540
5.596000	3.102750
5.597000	3.165540
5.598000	3.228460
5.599000	3.165540
5.600000	3.165540
5.601000	3.165540
5.602000	3.102750
5.603000	3.165540
5.604000	3.165540
5.605000	3.228460
5.606000	3.228460
5.607000	3.165540
5.608000	3.102750
5.609000	3.165540
5.610000	3.165540
5.611000	3.228460
5.612000	3.165540
5.613000	3.165540
5.614000	3.165540
5.615000	3.165540
5.616000	3.165540
5.617000	3.102750
5.618000	3.228460
5.619000	3.165540
5.620000	3.165540
5.621000	3.165540
5.622000	3.228460
5.623000	3.102750
5.624000	3.165540
5.625000	3.228460
5.626000	3.165540
5.627000	3.165540
5.628000	3.165540
5.629000	3.165540
5.630000	3.165540
5.631000	3.165540
5.632000	3.228460
5.633000	3.165540
5.634000	3.165540
5.635000	3.165540
5.636000	3.102750
5.637000	3.228460
5.638000	3.165540
5.639000	3.165540
5.640000	3.228460
5.641000	3.102750
5.642000	3.228460
5.643000	3.165540
5.644000	3.165540
5.645000	3.165540
5.646000	3.102750
5.647000	3.102750
5.648000	3.165540
5.649000	3.102750
5.650000	3.228460
5.651000	3.102750
5.652000	3.165540
5.653000	3.165540
5.654000	3.228460
5.655000	3.228460
5.656000	3.165540
5.657000	3.165540
5.658000	3.102750
5.659000	3.165540
5.660000	3.165540
5.661000	3.165540
5.662000	3.165540
5.663000	3.228460
5.664000	3.165540
5.665000	3.165540
5.666000	3.165540
5.667000	3.165540
5.668000	3.165540
5.669000	3.228460
5.670000	3.165540
5.671000	3.165540
5.672000	3.291250
5.673000	3.228460
5.674000	3.165540
5.675000	3.165540
5.676000	3.165540
5.677000	3.228460
5.678000	3.291250
5.679000	3.165540
5.680000	3.102750
5.681000	3.165540
5.682000	3.165540
5.683000	3.165540
5.684000	3.165540
5.685000	3.102750
5.686000	3.228460
5.687000	3.165540
5.688000	3.165540
5.689000	3.228460
5.690000	3.165540
5.691000	3.228460
5.692000	3.165540
5.693000	3.165540
5.694000	3.102750
5.695000	3.228460
5.696000	3.228460
5.697001	3.102750
5.698000	3.165540
5.699000	3.102750
5.700000	3.102750
5.701000	3.228460
5.702000	3.102750
5.703000	3.165540
5.704000	3.102750
5.705000	3.102750
5.706000	3.165540
5.707000	3.165540
5.708000	3.165540
5.709000	3.165540
5.710000	3.165540
5.711000	3.165540
5.712000	3.102750
5.713000	3.102750
5.714000	3.228460
5.715000	3.102750
5.716000	3.165540
5.717000	3.165540
5.718000	3.165540
5.719000	3.039960
5.720000	3.165540
5.721000	3.165540
5.722000	3.102750
5.723000	3.165540
5.724000	3.165540
5.725000	3.165540
5.726000	3.102750
5.727000	3.165540
5.728000	3.102750
5.729000	3.102750
5.730000	3.165540
5.731000	3.102750
5.732000	3.165540
5.733000	3.165540
5.734000	3.228460
5.735000	3.165540
5.736000	3.102750
5.737000	3.165540
5.738000	3.165540
5.739000	3.102750
5.740000	3.039960
5.741000	3.102750
5.742000	3.102750
5.743001	3.165540
5.744000	3.039960
5.745000	3.165540
5.746000	3.165540
5.747000	3.165540
5.748000	3.102750
5.749000	3.102750
5.750000	3.039960
5.751000	3.165540
5.752000	3.102750
5.753000	3.165540
5.754000	3.102750
5.755000	3.165540
5.756000	3.165540
5.757000	3.102750
5.758000	3.165540
5.759000	3.102750
5.760000	3.102750
5.761000	3.102750
5.762000	3.102750
5.763000	3.102750
5.764000	3.102750
5.765000	3.165540
5.766000	3.102750
5.767000	3.102750
5.768000	3.102750
5.769000	3.165540
5.770000	3.102750
5.771000	3.165540
5.772000	3.165540
5.773000	3.039960
5.774000	3.039960
5.775000	3.165540
5.776000	3.102750
5.777000	3.165540
5.778000	3.165540
5.779000	3.165540
5.780000	3.165540
5.781000	3.102750
5.782000	3.165540
5.783000	3.039960
5.784000	3.102750
5.785000	3.102750
5.786000	3.039960
5.787000	3.039960
5.788000	3.165540
5.789001	3.102750
5.790000	3.102750
5.791000	3.039960
5.792000	3.102750
5.793000	3.039960
5.794000	3.165540
5.795000	3.039960
5.796000	3.039960
5.797000	3.039960
5.798000	3.102750
5.799000	3.102750
5.800000	3.039960
5.801000	3.039960
5.802000	3.102750
5.803000	2.977170
5.804000	3.102750
5.805000	3.102750
5.806000	3.165540
5.807000	3.102750
5.808000	3.102750
5.809000	3.102750
5.810000	3.102750
5.811000	3.102750
5.812000	3.102750
5.813000	3.102750
5.814000	3.039960
5.815000	3.102750
5.816000	3.102750
5.817000	3.165540
5.818000	3.165540
5.819000	3.039960
5.820000	3.102750
5.821000	3.102750
5.822001	3.102750
5.823000	3.165540
5.824000	3.102750
5.825000	3.102750
5.826000	3.102750
5.827000	3.165540
5.828000	3.039960
5.829000	3.102750
5.830000	3.102750
5.831000	3.102750
5.832000	2.977170
5.833000	3.102750
5.834000	2.977170
5.835001	3.165540
5.836000	3.102750
5.837000	3.102750
5.838000	3.102750
5.839000	3.102750
5.840000	3.039960
5.841000	3.102750
5.842000	3.165540
5.843000	3.039960
5.844000	3.165540
5.845000	3.165540
5.846000	3.039960
5.847000	3.102750
5.848000	3.102750
5.849000	3.039960
5.850000	3.102750
5.851000	3.102750
5.852000	3.039960
5.853000	3.102750
5.854000	3.039960
5.855000	3.165540
5.856000	3.165540
5.857000	3.102750
5.858000	3.102750
5.859000	3.102750
5.860000	3.102750
5.861000	3.165540
5.862000	3.102750
5.863000	3.039960
5.864000	3.039960
5.865000	3.102750
5.866000	3.102750
5.867000	3.102750
5.868001	3.165540
5.869000	3.039960
5.870000	3.102750
5.871000	3.102750
5.872000	3.102750
5.873000	3.102750
5.874000	3.165540
5.875000	3.102750
5.876000	3.102750
5.877000	3.102750
5.878000	3.102750
5.879000	3.165540
5.880000	3.102750
5.881000	3.039960
5.882000	3.102750
5.883000	3.102750
5.884000	3.102750
5.885000	3.102750
5.886000	3.102750
5.887000	3.039960
5.888000	3.039960
5.889000	3.039960
5.890000	3.039960
5.891000	3.165540
5.892000	3.102750
5.893000	3.039960
5.894000	3.102750
5.895000	3.102750
5.896000	2.977170
5.897000	3.165540
5.898000	3.165540
5.899000	3.039960
5.900000	3.102750
5.901000	3.039960
5.902000	3.102750
5.903000	2.977170
5.904000	2.977170
5.905000	3.039960
5.906000	3.102750
5.907000	3.102750
5.908000	3.039960
5.909000	3.102750
5.910000	3.039960
5.911000	3.039960
5.912000	3.102750
5.913000	3.039960
5.914001	3.039960
5.915000	3.102750
5.916000	3.102750
5.917000	3.039960
5.918000	2.977170
5.919000	3.039960
5.920000	3.039960
5.921000	2.977170
5.922000	3.039960
5.923000	3.039960
5.924000	3.039960
5.925000	2.977170
5.926000	3.039960
5.927000	2.977170
5.928000	3.039960
5.929000	3.102750
5.930000	3.039960
5.931000	3.102750
5.932000	3.039960
5.933000	3.039960
5.934000	3.039960
5.935000	3.039960
5.936000	3.039960
5.937000	3.039960
5.938000	2.977170
5.939000	3.039960
5.940000	3.039960
5.941000	3.102750
5.942000	3.039960
5.943000	3.039960
5.944000	3.102750
5.945000	3.102750
5.946000	3.039960
5.947001	3.039960
5.948000	2.977170
5.949000	3.039960
5.950000	3.039960
5.951000	3.039960
5.952000	3.039960
5.953000	2.977170
5.954000	3.039960
5.955000	3.039960
5.956000	3.039960
5.957000	3.102750
5.958000	3.039960
5.959000	3.039960
5.960001	3.039960
5.961000	3.039960
5.962000	2.977170
5.963000	3.102750
5.964000	3.102750
5.965000	3.039960
5.966000	3.039960
5.967000	3.039960
5.968000	2.977170
5.969000	2.977170
5.970000	3.039960
5.971000	3.039960
5.972000	3.039960
5.973000	3.039960
5.974000	3.039960
5.975000	3.039960
5.976000	3.039960
5.977000	2.977170
5.978000	3.039960
5.979000	3.039960
5.980000	3.039960
5.981000	2.977170
5.982000	2.977170
5.983000	2.977170
5.984000	2.977170
5.985000	3.039960
5.986000	3.039960
5.987000	3.039960
5.988000	3.102750
5.989000	3.039960
5.990000	3.039960
5.991000	3.039960
5.992000	3.039960
5.993001	3.102750
5.994000	3.039960
5.995000	3.102750
5.996000	3.039960
5.997000	3.102750
5.998000	2.977170
5.999000	3.039960
6.000000	3.039960
6.001000	3.102750
6.002000	2.977170
6.003000	3.039960
6.004000	2.977170
6.005000	2.977170
6.006001	3.039960
6.007000	3.039960
6.008000	2.977170
6.009000	3.039960
6.010000	2.977170
6.011000	3.039960
6.012000	3.039960
6.013000	3.039960
6.014000	2.977170
6.015000	2.977170
6.016000	3.039960
6.017000	2.977170
6.018000	3.039960
6.019000	2.977170
6.020000	3.102750
6.021000	3.039960
6.022000	2.914250
6.023000	3.039960
6.024000	3.039960
6.025000	3.039960
6.026000	2.977170
6.027000	2.977170
6.028000	3.039960
6.029000	3.039960
6.030000	3.039960
6.031000	2.977170
6.032000	2.977170
6.033000	2.977170
6.034000	2.977170
6.035000	3.039960
6.036000	3.039960
6.037000	3.039960
6.038000	3.039960
6.039001	3.102750
6.040000	2.977170
6.041000	3.039960
6.042000	2.977170
6.043000	3.039960
6.044000	3.039960
6.045000	3.039960
6.046000	3.102750
6.047000	3.039960
6.048000	2.977170
6.049000	2.977170
6.050000	3.039960
6.051000	2.977170
6.052001	3.102750
6.053000	3.039960
6.054000	2.977170
6.055000	3.039960
6.056000	3.039960
6.057000	2.977170
6.058000	3.039960
6.059000	3.039960
6.060000	2.977170
6.061000	2.977170
6.062000	3.039960
6.063000	2.977170
6.064000	3.039960
6.065000	2.977170
6.066000	3.039960
6.067000	2.977170
6.068000	3.039960
6.069000	3.039960
6.070000	2.977170
6.071000	2.977170
6.072001	2.977170
6.073000	3.039960
6.074000	2.977170
6.075000	3.039960
6.076000	2.914250
6.077000	3.039960
6.078000	3.039960
6.079000	2.977170
6.080000	3.039960
6.081000	2.977170
6.082000	2.914250
6.083000	2.977170
6.084000	2.914250
6.085001	3.039960
6.086000	2.914250
6.087000	2.977170
6.088000	3.039960
6.089000	2.977170
6.090000	2.977170
6.091000	2.977170
6.092000	2.977170
6.093000	2.977170
6.094000	2.977170
6.095000	3.039960
6.096000	2.977170
6.097000	2.914250
6.098001	2.914250
6.099000	3.039960
6.100000	2.914250
6.101000	2.977170
6.102000	3.039960
6.103000	2.914250
6.104000	2.851460
6.105000	2.914250
6.106000	2.851460
6.107000	2.977170
6.108000	2.977170
6.109000	2.977170
6.110000	2.914250
6.111000	2.977170
6.112000	2.977170
6.113000	2.851460
6.114000	2.977170
6.115000	2.977170
6.116000	2.977170
6.117000	2.851460
6.118001	2.977170
6.119000	2.977170
6.120000	2.914250
6.121000	2.977170
6.122000	2.914250
6.123000	2.914250
6.124000	2.977170
6.125000	2.914250
6.126000	2.914250
6.127000	2.914250
6.128000	2.914250
6.129000	2.914250
6.130000	2.977170
6.131001	2.914250
6.132000	2.977170
6.133000	2.977170
6.134000	2.977170
6.135000	2.977170
6.136000	2.977170
6.137000	2.977170
6.138000	2.914250
6.139000	2.977170
6.140000	2.914250
6.141000	2.977170
6.142000	2.977170
6.143000	2.977170
6.144000	2.977170
6.145000	2.977170
6.146000	2.977170
6.147000	2.977170
6.148000	2.977170
6.149000	3.039960
6.150000	2.914250
6.151000	3.039960
6.152000	2.977170
6.153000	2.977170
6.154000	2.977170
6.155000	2.977170
6.156000	3.039960
6.157000	2.977170
6.158000	2.914250
6.159000	2.977170
6.160000	2.977170
6.161000	2.977170
6.162000	2.977170
6.163000	3.039960
6.164001	2.914250
6.165000	2.977170
6.166000	2.914250
6.167000	2.977170
6.168000	2.977170
6.169000	2.977170
6.170000	2.977170
6.171000	2.914250
6.172000	2.914250
6.173000	2.977170
6.174000	2.977170
6.175000	3.102750
6.176000	2.914250
6.177001	3.039960
6.178000	2.977170
6.179000	2.977170
6.180000	2.914250
6.181000	2.851460
6.182000	2.977170
6.183000	2.977170
6.184000	2.977170
6.185000	2.977170
6.186000	2.914250
6.187000	2.977170
6.188000	2.977170
6.189000	2.914250
6.190000	3.039960
6.191000	2.977170
6.192000	3.039960
6.193000	2.914250
6.194000	2.977170
6.195000	2.977170
6.196000	2.977170
6.197001	2.977170
6.198000	2.851460
6.199000	2.977170
6.200000	2.977170
6.201000	2.977170
6.202000	2.914250
6.203000	2.977170
6.204000	2.977170
6.205000	2.977170
6.206000	2.977170
6.207000	2.851460
6.208000	2.977170
6.209000	3.039960
6.210001	2.914250
6.211000	2.977170
6.212000	2.977170
6.213000	3.039960
6.214000	2.977170
6.215000	2.977170
6.216000	2.977170
6.217000	2.914250
6.218000	2.914250
6.219000	2.977170
6.220000	2.914250
6.221000	2.851460
6.222000	2.977170
6.223001	2.851460
6.224000	2.914250
6.225000	2.914250
6.226000	2.914250
6.227000	2.977170
6.228000	2.977170
6.229000	2.977170
6.230000	2.914250
6.231000	2.914250
6.232000	2.977170
6.233000	2.977170
6.234000	2.914250
6.235000	2.977170
6.236000	2.977170
6.237000	2.977170
6.238000	2.914250
6.239000	2.914250
6.240000	2.914250
6.241000	2.977170
6.242000	3.039960
6.243001	2.914250
6.244000	2.914250
6.245000	2.977170
6.246000	2.851460
6.247000	2.851460
6.248000	2.851460
6.249000	3.039960
6.250000	2.851460
6.251000	2.914250
6.252000	2.851460
6.253000	2.914250
6.254000	2.851460
6.255000	2.851460
6.256001	2.851460
6.257000	2.851460
6.258000	2.977170
6.259000	2.977170
6.260000	2.914250
6.261000	2.914250
6.262000	2.914250
6.263000	2.914250
6.264000	2.914250
6.265000	2.914250
6.266000	2.851460
6.267000	2.851460
6.268000	2.914250
6.269001	2.914250
6.270000	2.914250
6.271000	2.851460
6.272000	2.914250
6.273000	2.851460
6.274000	2.851460
6.275000	2.851460
6.276000	2.977170
6.277000	2.914250
6.278000	2.851460
6.279000	2.851460
6.280000	2.851460
6.281000	2.914250
6.282000	2.977170
6.283000	2.851460
6.284000	2.851460
6.285000	2.914250
6.286000	2.851460
6.287000	2.788660
6.288000	2.851460
6.289001	2.977170
6.290000	2.914250
6.291000	2.914250
6.292000	2.851460
6.293000	2.914250
6.294000	2.977170
6.295000	2.977170
6.296000	2.914250
6.297000	2.851460
6.298000	2.914250
6.299000	2.851460
6.300000	2.851460
6.301000	2.914250
6.302001	2.977170
6.303000	2.914250
6.304000	2.914250
6.305000	2.914250
6.306000	2.914250
6.307000	2.977170
6.308000	2.914250
6.309000	2.977170
6.310000	2.851460
6.311000	2.851460
6.312000	2.977170
6.313000	2.914250
6.314000	2.914250
6.315001	2.914250
6.316000	2.977170
6.317000	2.914250
6.318000	2.914250
6.319000	2.851460
6.320000	2.977170
6.321000	2.914250
6.322001	2.851460
6.323000	2.977170
6.324000	2.851460
6.325000	2.977170
6.326000	2.914250
6.327000	2.977170
6.328000	2.851460
6.329000	2.977170
6.330000	2.851460
6.331000	2.977170
6.332000	2.788660
6.333000	2.851460
6.334000	2.851460
6.335001	2.851460
6.336000	2.977170
6.337000	2.977170
6.338000	2.851460
6.339000	2.977170
6.340000	2.977170
6.341000	2.977170
6.342000	2.914250
6.343000	2.914250
6.344000	2.977170
6.345000	2.914250
6.346000	2.977170
6.347000	2.851460
6.348001	2.914250
6.349000	2.914250
6.350000	2.914250
6.351000	2.914250
6.352000	2.914250
6.353000	2.914250
6.354000	2.851460
6.355000	2.914250
6.356000	2.914250
6.357000	2.977170
6.358000	2.851460
6.359000	2.914250
6.360000	2.851460
6.361001	2.977170
6.362000	2.914250
6.363000	2.851460
6.364000	2.851460
6.365000	2.851460
6.366000	2.851460
6.367000	2.977170
6.368001	2.914250
6.369000	2.851460
6.370000	2.851460
6.371000	2.851460
6.372000	2.914250
6.373000	2.914250
6.374000	2.914250
6.375000	2.914250
6.376000	2.914250
6.377000	2.851460
6.378000	2.914250
6.379000	2.914250
6.380000	2.914250
6.381001	2.851460
6.382000	2.851460
6.383000	2.914250
6.384000	2.851460
6.385000	2.977170
6.386000	2.914250
6.387000	2.851460
6.388000	2.851460
6.389000	2.851460
6.390000	2.914250
6.391000	2.914250
6.392000	2.914250
6.393000	2.977170
6.394001	2.977170
6.395000	2.914250
6.396000	2.977170
6.397000	2.851460
6.398000	2.851460
6.399000	2.851460
6.400000	2.851460
6.401000	2.914250
6.402000	2.914250
6.403000	2.851460
6.404000	2.788660
6.405000	2.914250
6.406000	2.977170
6.407001	2.914250
6.408000	2.851460
6.409000	2.851460
6.410000	2.788660
6.411000	2.851460
6.412000	2.851460
6.413000	2.851460
6.414001	2.851460
6.415000	2.851460
6.416000	2.851460
6.417000	2.788660
6.418000	2.788660
6.419000	2.914250
6.420000	2.788660
6.421000	2.851460
6.422000	2.914250
6.423000	2.851460
6.424000	2.851460
6.425000	2.851460
6.426000	2.851460
6.427001	2.851460
6.428000	2.851460
6.429000	2.851460
6.430000	2.788660
6.431000	2.914250
6.432000	2.851460
6.433000	2.725750
6.434000	2.851460
6.435000	2.914250
6.436000	2.788660
6.437000	2.851460
6.438000	2.851460
6.439000	2.851460
6.440001	2.851460
6.441000	2.851460
6.442000	2.851460
6.443000	2.851460
6.444000	2.851460
6.445000	2.851460
6.446000	2.851460
6.447001	2.977170
6.448000	2.851460
6.449000	2.851460
6.450000	2.851460
6.451000	2.977170
6.452000	2.851460
6.453000	2.788660
6.454000	2.725750
6.455000	2.851460
6.456000	2.788660
6.457000	2.851460
6.458000	2.788660
6.459000	2.788660
6.460001	2.851460
6.461000	2.851460
6.462000	2.914250
6.463000	2.851460
6.464000	2.851460
6.465000	2.851460
6.466000	2.851460
6.467000	2.851460
6.468000	2.851460
6.469000	2.851460
6.470000	2.851460
6.471000	2.851460
6.472000	2.851460
6.473001	2.851460
6.474000	2.851460
6.475000	2.851460
6.476000	2.851460
6.477000	2.851460
6.478000	2.851460
6.479000	2.851460
6.480000	2.914250
6.481000	2.788660
6.482000	2.851460
6.483000	2.851460
6.484000	2.914250
6.485000	2.977170
6.486001	2.788660
6.487000	2.851460
6.488000	2.851460
6.489000	2.851460
6.490000	2.977170
6.491000	2.914250
6.492000	2.851460
6.493001	2.851460
6.494000	2.851460
6.495000	2.851460
6.496000	2.851460
6.497000	2.851460
6.498000	2.851460
6.499000	2.851460
