-0.500000	16.494600
-0.499000	14.322600
-0.498000	14.322600
-0.497000	14.322600
-0.496000	12.150600
-0.495000	14.322600
-0.494000	12.150600
-0.493000	12.150600
-0.492000	12.150600
-0.491000	16.494600
-0.490000	14.322600
-0.489000	14.322600
-0.488000	12.150600
-0.487000	14.322600
-0.486000	14.322600
-0.485000	9.974190
-0.484000	12.150600
-0.483000	9.974190
-0.482000	12.150600
-0.481000	12.150600
-0.480000	12.150600
-0.479000	14.322600
-0.478000	12.150600
-0.477000	14.322600
-0.476000	14.322600
-0.475000	14.322600
-0.474000	12.150600
-0.473000	12.150600
-0.472000	16.494600
-0.471000	16.494600
-0.470000	9.974190
-0.469000	14.322600
-0.468000	14.322600
-0.467000	14.322600
-0.466000	16.494600
-0.465000	9.974190
-0.464000	12.150600
-0.463000	14.322600
-0.462000	14.322600
-0.461000	16.494600
-0.460000	14.322600
-0.459000	14.322600
-0.458000	16.494600
-0.457000	14.322600
-0.456000	16.494600
-0.455000	16.494600
-0.454000	16.494600
-0.453000	12.150600
-0.452000	16.494600
-0.451000	16.494600
-0.450000	12.150600
-0.449000	12.150600
-0.448000	16.494600
-0.447000	16.494600
-0.446000	14.322600
-0.445000	12.150600
-0.444000	12.150600
-0.443000	9.974190
-0.442000	14.322600
-0.441000	12.150600
-0.440000	14.322600
-0.439000	12.150600
-0.438000	14.322600
-0.437000	14.322600
-0.436000	14.322600
-0.435000	14.322600
-0.434000	12.150600
-0.433000	12.150600
-0.432000	12.150600
-0.431000	12.150600
-0.430000	14.322600
-0.429000	12.150600
-0.428000	14.322600
-0.427000	12.150600
-0.426000	12.150600
-0.425000	14.322600
-0.424000	16.494600
-0.423000	16.494600
-0.422000	12.150600
-0.421000	7.802210
-0.420000	12.150600
-0.419000	14.322600
-0.418000	16.494600
-0.417000	12.150600
-0.416000	14.322600
-0.415000	14.322600
-0.414000	9.974190
-0.413000	14.322600
-0.412000	16.494600
-0.411000	14.322600
-0.410000	14.322600
-0.409000	12.150600
-0.408000	14.322600
-0.407000	16.494600
-0.406000	14.322600
-0.405000	14.322600
-0.404000	16.494600
-0.403000	16.494600
-0.402000	14.322600
-0.401000	16.494600
-0.400000	14.322600
-0.399000	16.494600
-0.398000	16.494600
-0.397000	9.974190
-0.396000	18.671000
-0.395000	12.150600
-0.394000	12.150600
-0.393000	12.150600
-0.392000	14.322600
-0.391000	16.494600
-0.390000	16.494600
-0.389000	14.322600
-0.388000	12.150600
-0.387000	14.322600
-0.386000	12.150600
-0.385000	16.494600
-0.384000	12.150600
-0.383000	16.494600
-0.382000	12.150600
-0.381000	14.322600
-0.380000	12.150600
-0.379000	12.150600
-0.378000	14.322600
-0.377000	9.974190
-0.376000	14.322600
-0.375000	12.150600
-0.374000	14.322600
-0.373000	12.150600
-0.372000	9.974190
-0.371000	12.150600
-0.370000	16.494600
-0.369000	12.150600
-0.368000	12.150600
-0.367000	12.150600
-0.366000	16.494600
-0.365000	14.322600
-0.364000	16.494600
-0.363000	14.322600
-0.362000	12.150600
-0.361000	14.322600
-0.360000	12.150600
-0.359000	14.322600
-0.358000	14.322600
-0.357000	14.322600
-0.356000	16.494600
-0.355000	14.322600
-0.354000	14.322600
-0.353000	14.322600
-0.352000	14.322600
-0.351000	12.150600
-0.350000	9.974190
-0.349000	14.322600
-0.348000	12.150600
-0.347000	16.494600
-0.346000	14.322600
-0.345000	14.322600
-0.344000	16.494600
-0.343000	14.322600
-0.342000	16.494600
-0.341000	14.322600
-0.340000	14.322600
-0.339000	16.494600
-0.338000	16.494600
-0.337000	14.322600
-0.336000	14.322600
-0.335000	14.322600
-0.334000	14.322600
-0.333000	12.150600
-0.332000	14.322600
-0.331000	12.150600
-0.330000	12.150600
-0.329000	14.322600
-0.328000	14.322600
-0.327000	12.150600
-0.326000	12.150600
-0.325000	14.322600
-0.324000	14.322600
-0.323000	12.150600
-0.322000	12.150600
-0.321000	14.322600
-0.320000	12.150600
-0.319000	14.322600
-0.318000	12.150600
-0.317000	14.322600
-0.316000	12.150600
-0.315000	16.494600
-0.314000	16.494600
-0.313000	14.322600
-0.312000	14.322600
-0.311000	14.322600
-0.310000	14.322600
-0.309000	16.494600
-0.308000	14.322600
-0.307000	14.322600
-0.306000	14.322600
-0.305000	14.322600
-0.304000	14.322600
-0.303000	14.322600
-0.302000	12.150600
-0.301000	14.322600
-0.300000	14.322600
-0.299000	12.150600
-0.298000	16.494600
-0.297000	14.322600
-0.296000	16.494600
-0.295000	12.150600
-0.294000	14.322600
-0.293000	12.150600
-0.292000	14.322600
-0.291000	16.494600
-0.290000	14.322600
-0.289000	14.322600
-0.288000	12.150600
-0.287000	12.150600
-0.286000	14.322600
-0.285000	14.322600
-0.284000	12.150600
-0.283000	14.322600
-0.282000	12.150600
-0.281000	14.322600
-0.280000	16.494600
-0.279000	12.150600
-0.278000	12.150600
-0.277000	12.150600
-0.276000	12.150600
-0.275000	16.494600
-0.274000	16.494600
-0.273000	14.322600
-0.272000	12.150600
-0.271000	12.150600
-0.270000	12.150600
-0.269000	9.974190
-0.268000	16.494600
-0.267000	12.150600
-0.266000	12.150600
-0.265000	12.150600
-0.264000	12.150600
-0.263000	14.322600
-0.262000	14.322600
-0.261000	12.150600
-0.260000	12.150600
-0.259000	14.322600
-0.258000	12.150600
-0.257000	14.322600
-0.256000	9.974190
-0.255000	12.150600
-0.254000	14.322600
-0.253000	14.322600
-0.252000	14.322600
-0.251000	14.322600
-0.250000	12.150600
-0.249000	14.322600
-0.248000	16.494600
-0.247000	14.322600
-0.246000	12.150600
-0.245000	9.974190
-0.244000	14.322600
-0.243000	12.150600
-0.242000	12.150600
-0.241000	14.322600
-0.240000	16.494600
-0.239000	14.322600
-0.238000	14.322600
-0.237000	12.150600
-0.236000	14.322600
-0.235000	12.150600
-0.234000	12.150600
-0.233000	14.322600
-0.232000	9.974190
-0.231000	14.322600
-0.230000	14.322600
-0.229000	9.974190
-0.228000	16.494600
-0.227000	16.494600
-0.226000	14.322600
-0.225000	14.322600
-0.224000	14.322600
-0.223000	14.322600
-0.222000	14.322600
-0.221000	14.322600
-0.220000	14.322600
-0.219000	14.322600
-0.218000	12.150600
-0.217000	14.322600
-0.216000	12.150600
-0.215000	14.322600
-0.214000	12.150600
-0.213000	14.322600
-0.212000	12.150600
-0.211000	14.322600
-0.210000	9.974190
-0.209000	14.322600
-0.208000	16.494600
-0.207000	14.322600
-0.206000	16.494600
-0.205000	14.322600
-0.204000	16.494600
-0.203000	16.494600
-0.202000	12.150600
-0.201000	16.494600
-0.200000	14.322600
-0.199000	12.150600
-0.198000	14.322600
-0.197000	12.150600
-0.196000	16.494600
-0.195000	16.494600
-0.194000	12.150600
-0.193000	14.322600
-0.192000	14.322600
-0.191000	14.322600
-0.190000	12.150600
-0.189000	12.150600
-0.188000	14.322600
-0.187000	16.494600
-0.186000	14.322600
-0.185000	12.150600
-0.184000	9.974190
-0.183000	12.150600
-0.182000	14.322600
-0.181000	12.150600
-0.180000	12.150600
-0.179000	12.150600
-0.178000	9.974190
-0.177000	12.150600
-0.176000	14.322600
-0.175000	14.322600
-0.174000	12.150600
-0.173000	14.322600
-0.172000	12.150600
-0.171000	16.494600
-0.170000	12.150600
-0.169000	14.322600
-0.168000	12.150600
-0.167000	16.494600
-0.166000	12.150600
-0.165000	12.150600
-0.164000	14.322600
-0.163000	16.494600
-0.162000	14.322600
-0.161000	12.150600
-0.160000	12.150600
-0.159000	12.150600
-0.158000	14.322600
-0.157000	14.322600
-0.156000	14.322600
-0.155000	16.494600
-0.154000	16.494600
-0.153000	16.494600
-0.152000	14.322600
-0.151000	9.974190
-0.150000	12.150600
-0.149000	14.322600
-0.148000	14.322600
-0.147000	14.322600
-0.146000	16.494600
-0.145000	14.322600
-0.144000	12.150600
-0.143000	12.150600
-0.142000	14.322600
-0.141000	16.494600
-0.140000	12.150600
-0.139000	14.322600
-0.138000	16.494600
-0.137000	14.322600
-0.136000	16.494600
-0.135000	12.150600
-0.134000	12.150600
-0.133000	12.150600
-0.132000	12.150600
-0.131000	14.322600
-0.130000	14.322600
-0.129000	12.150600
-0.128000	12.150600
-0.127000	14.322600
-0.126000	12.150600
-0.125000	14.322600
-0.124000	14.322600
-0.123000	14.322600
-0.122000	16.494600
-0.121000	16.494600
-0.120000	14.322600
-0.119000	14.322600
-0.118000	14.322600
-0.117000	14.322600
-0.116000	16.494600
-0.115000	14.322600
-0.114000	12.150600
-0.113000	14.322600
-0.112000	12.150600
-0.111000	14.322600
-0.110000	14.322600
-0.109000	14.322600
-0.108000	12.150600
-0.107000	14.322600
-0.106000	14.322600
-0.105000	14.322600
-0.104000	16.494600
-0.103000	14.322600
-0.102000	14.322600
-0.101000	14.322600
-0.100000	12.150600
-0.099000	12.150600
-0.098000	12.150600
-0.097000	14.322600
-0.096000	12.150600
-0.095000	12.150600
-0.094000	12.150600
-0.093000	16.494600
-0.092000	14.322600
-0.091000	14.322600
-0.090000	14.322600
-0.089000	14.322600
-0.088000	12.150600
-0.087000	16.494600
-0.086000	12.150600
-0.085000	16.494600
-0.084000	16.494600
-0.083000	12.150600
-0.082000	12.150600
-0.081000	14.322600
-0.080000	14.322600
-0.079000	12.150600
-0.078000	14.322600
-0.077000	12.150600
-0.076000	14.322600
-0.075000	14.322600
-0.074000	14.322600
-0.073000	12.150600
-0.072000	12.150600
-0.071000	16.494600
-0.070000	16.494600
-0.069000	12.150600
-0.068000	16.494600
-0.067000	16.494600
-0.066000	12.150600
-0.065000	14.322600
-0.064000	12.150600
-0.063000	14.322600
-0.062000	12.150600
-0.061000	14.322600
-0.060000	16.494600
-0.059000	12.150600
-0.058000	12.150600
-0.057000	7.802210
-0.056000	16.494600
-0.055000	16.494600
-0.054000	16.494600
-0.053000	12.150600
-0.052000	14.322600
-0.051000	16.494600
-0.050000	12.150600
-0.049000	5.630230
-0.048000	9.974190
-0.047000	25.186899
-0.046000	16.494600
-0.045000	3.458250
-0.044000	7.802210
-0.043000	12.150600
-0.042000	20.843000
-0.041000	20.843000
-0.040000	20.843000
-0.039000	12.150600
-0.038000	14.322600
-0.037000	18.671000
-0.036000	23.014999
-0.035000	14.322600
-0.034000	16.494600
-0.033000	9.974190
-0.032000	23.014999
-0.031000	14.322600
-0.030000	27.363400
-0.029000	23.014999
-0.028000	23.014999
-0.027000	20.843000
-0.026000	20.843000
-0.025000	29.535400
-0.024000	25.186899
-0.023000	23.014999
-0.022000	18.671000
-0.021000	18.671000
-0.020000	23.014999
-0.019000	20.843000
-0.018000	18.671000
-0.017000	18.671000
-0.016000	25.186899
-0.015000	18.671000
-0.014000	18.671000
-0.013000	23.014999
-0.012000	20.843000
-0.011000	20.843000
-0.010000	23.014999
-0.009000	23.014999
-0.008000	18.671000
-0.007000	20.843000
-0.006000	20.843000
-0.005000	25.186899
-0.004000	20.843000
-0.003000	18.671000
-0.002000	23.014999
-0.001000	23.014999
0.000000	23.014999
0.001000	20.843000
0.002000	23.014999
0.003000	23.014999
0.004000	20.843000
0.005000	18.671000
0.006000	20.843000
0.007000	20.843000
0.008000	20.843000
0.009000	18.671000
0.010000	16.494600
0.011000	14.322600
0.012000	9.974190
0.013000	7.802210
0.014000	1.281820
0.015000	-0.890155
0.016000	1.281820
0.017000	7.802210
0.018000	9.974190
0.019000	9.974190
0.020000	14.322600
0.021000	14.322600
0.022000	23.014999
0.023000	23.014999
0.024000	20.843000
0.025000	27.363400
0.026000	20.843000
0.027000	18.671000
0.028000	12.150600
0.029000	14.322600
0.030000	14.322600
0.031000	14.322600
0.032000	12.150600
0.033000	12.150600
0.034000	7.802210
0.035000	12.150600
0.036000	14.322600
0.037000	12.150600
0.038000	7.802210
0.039000	7.802210
0.040000	7.802210
0.041000	9.974190
0.042000	7.802210
0.043000	12.150600
0.044000	9.974190
0.045000	12.150600
0.046000	12.150600
0.047000	9.974190
0.048000	12.150600
0.049000	12.150600
0.050000	14.322600
0.051000	14.322600
0.052000	12.150600
0.053000	14.322600
0.054000	14.322600
0.055000	9.974190
0.056000	9.974190
0.057000	12.150600
0.058000	12.150600
0.059000	12.150600
0.060000	14.322600
0.061000	9.974190
0.062000	9.974190
0.063000	12.150600
0.064000	7.802210
0.065000	7.802210
0.066000	7.802210
0.067000	7.802210
0.068000	7.802210
0.069000	5.630230
0.070000	5.630230
0.071000	5.630230
0.072000	5.630230
0.073000	5.630230
0.074000	9.974190
0.075000	9.974190
0.076000	9.974190
0.077000	5.630230
0.078000	7.802210
0.079000	5.630230
0.080000	5.630230
0.081000	3.458250
0.082000	7.802210
0.083000	7.802210
0.084000	7.802210
0.085000	3.458250
0.086000	1.281820
0.087000	5.630230
0.088000	5.630230
0.089000	1.281820
0.090000	3.458250
0.091000	5.630230
0.092000	7.802210
0.093000	5.630230
0.094000	3.458250
0.095000	3.458250
0.096000	5.630230
0.097000	5.630230
0.098000	7.802210
0.099000	5.630230
0.100000	3.458250
0.101000	5.630230
0.102000	7.802210
0.103000	7.802210
0.104000	7.802210
0.105000	7.802210
0.106000	5.630230
0.107000	7.802210
0.108000	12.150600
0.109000	7.802210
0.110000	7.802210
0.111000	7.802210
0.112000	7.802210
0.113000	9.974190
0.114000	9.974190
0.115000	9.974190
0.116000	5.630230
0.117000	5.630230
0.118000	9.974190
0.119000	7.802210
0.120000	7.802210
0.121000	7.802210
0.122000	5.630230
0.123000	5.630230
0.124000	7.802210
0.125000	7.802210
0.126000	5.630230
0.127000	7.802210
0.128000	9.974190
0.129000	9.974190
0.130000	5.630230
0.131000	9.974190
0.132000	7.802210
0.133000	7.802210
0.134000	7.802210
0.135000	5.630230
0.136000	5.630230
0.137000	7.802210
0.138000	9.974190
0.139000	7.802210
0.140000	12.150600
0.141000	14.322600
0.142000	12.150600
0.143000	9.974190
0.144000	7.802210
0.145000	7.802210
0.146000	5.630230
0.147000	7.802210
0.148000	5.630230
0.149000	3.458250
0.150000	5.630230
0.151000	5.630230
0.152000	5.630230
0.153000	7.802210
0.154000	7.802210
0.155000	7.802210
0.156000	9.974190
0.157000	12.150600
0.158000	9.974190
0.159000	12.150600
0.160000	9.974190
0.161000	9.974190
0.162000	9.974190
0.163000	9.974190
0.164000	12.150600
0.165000	9.974190
0.166000	9.974190
0.167000	9.974190
0.168000	7.802210
0.169000	12.150600
0.170000	7.802210
0.171000	7.802210
0.172000	5.630230
0.173000	5.630230
0.174000	7.802210
0.175000	7.802210
0.176000	7.802210
0.177000	5.630230
0.178000	9.974190
0.179000	7.802210
0.180000	5.630230
0.181000	7.802210
0.182000	7.802210
0.183000	5.630230
0.184000	5.630230
0.185000	3.458250
0.186000	5.630230
0.187000	7.802210
0.188000	3.458250
0.189000	5.630230
0.190000	5.630230
0.191000	7.802210
0.192000	3.458250
0.193000	3.458250
0.194000	7.802210
0.195000	1.281820
0.196000	9.974190
0.197000	5.630230
0.198000	9.974190
0.199000	7.802210
0.200000	7.802210
0.201000	3.458250
0.202000	3.458250
0.203000	7.802210
0.204000	3.458250
0.205000	3.458250
0.206000	5.630230
0.207000	7.802210
0.208000	7.802210
0.209000	3.458250
0.210000	3.458250
0.211000	5.630230
0.212000	5.630230
0.213000	3.458250
0.214000	5.630230
0.215000	1.281820
0.216000	5.630230
0.217000	3.458250
0.218000	-0.890155
0.219000	3.458250
0.220000	3.458250
0.221000	3.458250
0.222000	3.458250
0.223000	3.458250
0.224000	5.630230
0.225000	-0.890155
0.226000	3.458250
0.227000	3.458250
0.228000	7.802210
0.229000	5.630230
0.230000	1.281820
0.231000	5.630230
0.232000	3.458250
0.233000	5.630230
0.234000	1.281820
0.235000	3.458250
0.236000	3.458250
0.237000	3.458250
0.238000	1.281820
0.239000	3.458250
0.240000	1.281820
0.241000	-0.890155
0.242000	3.458250
0.243000	1.281820
0.244000	-3.062130
0.245000	1.281820
0.246000	-3.062130
0.247000	5.630230
0.248000	1.281820
0.249000	1.281820
0.250000	1.281820
0.251000	1.281820
0.252000	1.281820
0.253000	1.281820
0.254000	-3.062130
0.255000	3.458250
0.256000	-7.410540
0.257000	-3.062130
0.258000	-0.890155
0.259000	-0.890155
0.260000	7.802210
0.261000	-0.890155
0.262000	1.281820
0.263000	-3.062130
0.264000	1.281820
0.265000	3.458250
0.266000	3.458250
0.267000	5.630230
0.268000	-5.238560
0.269000	-0.890155
0.270000	-5.238560
0.271000	-3.062130
0.272000	-5.238560
0.273000	-5.238560
0.274000	-3.062130
0.275000	-5.238560
0.276000	-3.062130
0.277000	-5.238560
0.278000	-5.238560
0.279000	-5.238560
0.280000	-9.582520
0.281000	-5.238560
0.282000	-7.410540
0.283000	-7.410540
0.284000	-9.582520
0.285000	-9.582520
0.286000	-9.582520
0.287000	-9.582520
0.288000	-11.754500
0.289000	-7.410540
0.290000	-9.582520
0.291000	-7.410540
0.292000	-7.410540
0.293000	-9.582520
0.294000	-9.582520
0.295000	-7.410540
0.296000	-7.410540
0.297000	-9.582520
0.298000	-9.582520
0.299000	-7.410540
0.300000	-9.582520
0.301000	-9.582520
0.302000	-11.754500
0.303000	-9.582520
0.304000	-9.582520
0.305000	-13.930900
0.306000	-13.930900
0.307000	-18.274900
0.308000	-16.102900
0.309000	-16.102900
0.310000	-13.930900
0.311000	-11.754500
0.312000	-16.102900
0.313000	-13.930900
0.314000	-18.274900
0.315000	-16.102900
0.316000	-13.930900
0.317000	-9.582520
0.318000	-16.102900
0.319000	-13.930900
0.320000	-13.930900
0.321000	-13.930900
0.322000	-16.102900
0.323000	-18.274900
0.324000	-16.102900
0.325000	-20.451300
0.326000	-16.102900
0.327000	-16.102900
0.328000	-18.274900
0.329000	-16.102900
0.330000	-18.274900
0.331000	-20.451300
0.332000	-20.451300
0.333000	-20.451300
0.334000	-18.274900
0.335000	-18.274900
0.336000	-16.102900
0.337000	-13.930900
0.338000	-20.451300
0.339000	-20.451300
0.340000	-22.623301
0.341000	-22.623301
0.342000	-18.274900
0.343000	-18.274900
0.344000	-22.623301
0.345000	-24.795300
0.346000	-22.623301
0.347000	-22.623301
0.348000	-18.274900
0.349000	-22.623301
0.350000	-20.451300
0.351000	-24.795300
0.352000	-24.795300
0.353000	-22.623301
0.354000	-24.795300
0.355000	-26.967300
0.356000	-24.795300
0.357000	-22.623301
0.358000	-29.143700
0.359000	-24.795300
0.360000	-33.487598
0.361000	-26.967300
0.362000	-20.451300
0.363000	-26.967300
0.364000	-18.274900
0.365000	-24.795300
0.366000	-18.274900
0.367000	-16.102900
0.368000	-20.451300
0.369000	-18.274900
0.370000	-22.623301
0.371000	-22.623301
0.372000	-26.967300
0.373000	-18.274900
0.374000	-26.967300
0.375000	-26.967300
0.376000	-26.967300
0.377000	-22.623301
0.378000	-22.623301
0.379000	-24.795300
0.380000	-22.623301
0.381000	-24.795300
0.382000	-24.795300
0.383000	-29.143700
0.384000	-40.007999
0.385000	-24.795300
0.386000	-33.487598
0.387000	-29.143700
0.388000	-31.315701
0.389000	-24.795300
0.390000	-31.315701
0.391000	-26.967300
0.392000	-22.623301
0.393000	-24.795300
0.394000	-29.143700
0.395000	-31.315701
0.396000	-24.795300
0.397000	-31.315701
0.398000	-26.967300
0.399000	-26.967300
0.400000	-26.967300
0.401000	-33.487598
0.402000	-31.315701
0.403000	-29.143700
0.404000	-40.007999
0.405000	-29.143700
0.406000	-31.315701
0.407000	-26.967300
0.408000	-22.623301
0.409000	-26.967300
0.410000	-24.795300
0.411000	-26.967300
0.412000	-20.451300
0.413000	-22.623301
0.414000	-22.623301
0.415000	-26.967300
0.416000	-26.967300
0.417000	-26.967300
0.418000	-29.143700
0.419000	-26.967300
0.420000	-31.315701
0.421000	-26.967300
0.422000	-24.795300
0.423000	-22.623301
0.424000	-24.795300
0.425000	-26.967300
0.426000	-29.143700
0.427000	-33.487598
0.428000	-29.143700
0.429000	-29.143700
0.430000	-29.143700
0.431000	-29.143700
0.432000	-33.487598
0.433000	-33.487598
0.434000	-31.315701
0.435000	-29.143700
0.436000	-26.967300
0.437000	-22.623301
0.438000	-22.623301
0.439000	-26.967300
0.440000	-26.967300
0.441000	-22.623301
0.442000	-24.795300
0.443000	-26.967300
0.444000	-24.795300
0.445000	-24.795300
0.446000	-22.623301
0.447000	-31.315701
0.448000	-20.451300
0.449000	-26.967300
0.450000	-26.967300
0.451000	-24.795300
0.452000	-29.143700
0.453000	-26.967300
0.454000	-29.143700
0.455000	-33.487598
0.456000	-31.315701
0.457000	-31.315701
0.458000	-26.967300
0.459000	-26.967300
0.460000	-31.315701
0.461000	-31.315701
0.462000	-26.967300
0.463000	-29.143700
0.464000	-26.967300
0.465000	-22.623301
0.466000	-26.967300
0.467000	-26.967300
0.468000	-22.623301
0.469000	-22.623301
0.470000	-44.356400
0.471000	-35.664101
0.472000	-74.781898
0.473000	-35.664101
0.474000	-33.487598
0.475000	-35.664101
0.476000	-18.274900
0.477000	-35.664101
0.478000	-40.007999
0.479000	-44.356400
0.480000	-31.315701
0.481000	-31.315701
0.482000	-18.274900
0.483000	-16.102900
0.484000	-29.143700
0.485000	-42.180000
0.486000	-61.741199
0.487000	-40.007999
0.488000	-59.569199
0.489000	-42.180000
0.490000	-37.836102
0.491000	-57.392799
0.492000	-44.356400
0.493000	-44.356400
0.494000	-46.528400
0.495000	-46.528400
0.496000	-46.528400
0.497000	-55.220798
0.498000	-53.048801
0.499000	-33.487598
0.500000	-35.664101
0.501000	-35.664101
0.502000	-29.143700
0.503000	-40.007999
0.504000	-50.872398
0.505000	-46.528400
0.506000	-50.872398
0.507000	-46.528400
0.508000	-37.836102
0.509000	-33.487598
0.510000	-33.487598
0.511000	-37.836102
0.512000	-40.007999
0.513000	-35.664101
0.514000	-35.664101
0.515000	-33.487598
0.516000	-31.315701
0.517000	-26.967300
0.518000	-29.143700
0.519000	-35.664101
0.520000	-31.315701
0.521000	-40.007999
0.522000	-40.007999
0.523000	-35.664101
0.524000	-29.143700
0.525000	-29.143700
0.526000	-31.315701
0.527000	-33.487598
0.528000	-31.315701
0.529000	-29.143700
0.530000	-33.487598
0.531000	-29.143700
0.532000	-31.315701
0.533000	-29.143700
0.534000	-33.487598
0.535000	-29.143700
0.536000	-29.143700
0.537000	-31.315701
0.538000	-35.664101
0.539000	-35.664101
0.540000	-35.664101
0.541000	-35.664101
0.542000	-33.487598
0.543000	-29.143700
0.544000	-40.007999
0.545000	-44.356400
0.546000	-89.994698
0.547000	-48.700401
0.548000	-66.085098
0.549000	-46.528400
0.550000	-37.836102
0.551000	-44.356400
0.552000	-31.315701
0.553000	-50.872398
0.554000	-29.143700
0.555000	-50.872398
0.556000	-50.872398
0.557000	-48.700401
0.558000	-48.700401
0.559000	-50.872398
0.560000	-61.741199
0.561000	-35.664101
0.562000	-55.220798
0.563000	-42.180000
0.564000	-40.007999
0.565000	-40.007999
0.566000	-35.664101
0.567000	-35.664101
0.568000	-35.664101
0.569000	-35.664101
0.570000	-44.356400
0.571000	-44.356400
0.572000	-40.007999
0.573000	-42.180000
0.574000	-42.180000
0.575000	-44.356400
0.576000	-42.180000
0.577000	-46.528400
0.578000	-48.700401
0.579000	-48.700401
0.580000	-55.220798
0.581000	-48.700401
0.582000	-50.872398
0.583000	-48.700401
0.584000	-42.180000
0.585000	-33.487598
0.586000	-40.007999
0.587000	-42.180000
0.588000	-70.433502
0.589000	-81.297897
0.590000	-92.166702
0.591000	-72.605499
0.592000	-57.392799
0.593000	-33.487598
0.594000	-29.143700
0.595000	-42.180000
0.596000	-50.872398
0.597000	-61.741199
0.598000	-68.261597
0.599000	-68.261597
0.600000	-59.569199
0.601000	-53.048801
0.602000	-55.220798
0.603000	-53.048801
0.604000	-66.085098
0.605000	-70.433502
0.606000	-74.781898
0.607000	-72.605499
0.608000	-61.741199
0.609000	-63.913101
0.610000	-68.261597
0.611000	-66.085098
0.612000	-72.605499
0.613000	-70.433502
0.614000	-68.261597
0.615000	-66.085098
0.616000	-63.913101
0.617000	-59.569199
0.618000	-57.392799
0.619000	-63.913101
0.620000	-66.085098
0.621000	-74.781898
0.622000	-83.474297
0.623000	-87.818298
0.624000	-92.166702
0.625000	-89.994698
0.626000	-85.646301
0.627000	-76.953903
0.628000	-79.125900
0.629000	-79.125900
0.630000	-79.125900
0.631000	-83.474297
0.632000	-85.646301
0.633000	-83.474297
0.634000	-81.297897
0.635000	-79.125900
0.636000	-74.781898
0.637000	-72.605499
0.638000	-79.125900
0.639000	-87.818298
0.640000	-89.994698
0.641000	-94.338699
0.642000	-92.166702
0.643000	-89.994698
0.644000	-89.994698
0.645000	-92.166702
0.646000	-89.994698
0.647000	-89.994698
0.648000	-92.166702
0.649000	-89.994698
0.650000	-92.166702
0.651000	-87.818298
0.652000	-92.166702
0.653000	-94.338699
0.654000	-96.510597
0.655000	-96.510597
0.656000	-96.510597
0.657000	-98.687103
0.658000	-96.510597
0.659000	-100.859001
0.660000	-100.859001
0.661000	-103.030998
0.662000	-105.207001
0.663000	-103.030998
0.664000	-107.378998
0.665000	-107.378998
0.666000	-105.207001
0.667000	-107.378998
0.668000	-109.551003
0.669000	-105.207001
0.670000	-105.207001
0.671000	-107.378998
0.672000	-107.378998
0.673000	-109.551003
0.674000	-111.723000
0.675000	-111.723000
0.676000	-113.900002
0.677000	-111.723000
0.678000	-111.723000
0.679000	-111.723000
0.680000	-111.723000
0.681000	-111.723000
0.682000	-109.551003
0.683000	-113.900002
0.684000	-113.900002
0.685000	-116.071999
0.686000	-116.071999
0.687000	-113.900002
0.688000	-113.900002
0.689000	-116.071999
0.690000	-113.900002
0.691000	-116.071999
0.692000	-113.900002
0.693000	-116.071999
0.694000	-118.244003
0.695000	-116.071999
0.696000	-113.900002
0.697000	-113.900002
0.698000	-116.071999
0.699000	-116.071999
0.700000	-116.071999
0.701000	-118.244003
0.702000	-118.244003
0.703000	-118.244003
0.704000	-120.416000
0.705000	-120.416000
0.706000	-120.416000
0.707000	-118.244003
0.708000	-120.416000
0.709000	-120.416000
0.710000	-120.416000
0.711000	-122.592003
0.712000	-122.592003
0.713000	-124.764000
0.714000	-122.592003
0.715000	-126.935997
0.716000	-126.935997
0.717000	-126.935997
0.718000	-126.935997
0.719000	-126.935997
0.720000	-129.113007
0.721000	-131.285004
0.722000	-129.113007
0.723000	-131.285004
0.724000	-131.285004
0.725000	-129.113007
0.726000	-126.935997
0.727000	-129.113007
0.728000	-129.113007
0.729000	-131.285004
0.730000	-133.457001
0.731000	-129.113007
0.732000	-129.113007
0.733000	-129.113007
0.734000	-131.285004
0.735000	-131.285004
0.736000	-131.285004
0.737000	-131.285004
0.738000	-131.285004
0.739000	-129.113007
0.740000	-129.113007
0.741000	-131.285004
0.742000	-129.113007
0.743000	-133.457001
0.744000	-133.457001
0.745000	-131.285004
0.746000	-131.285004
0.747000	-133.457001
0.748000	-133.457001
0.749000	-131.285004
0.750000	-133.457001
0.751000	-135.628998
0.752000	-137.804993
0.753000	-133.457001
0.754000	-137.804993
0.755000	-135.628998
0.756000	-137.804993
0.757000	-135.628998
0.758000	-135.628998
0.759000	-137.804993
0.760000	-139.977005
0.761000	-137.804993
0.762000	-142.149002
0.763000	-137.804993
0.764000	-139.977005
0.765000	-139.977005
0.766000	-142.149002
0.767000	-144.324997
0.768000	-144.324997
0.769000	-142.149002
0.770000	-142.149002
0.771000	-142.149002
0.772000	-142.149002
0.773000	-144.324997
0.774000	-144.324997
0.775000	-144.324997
0.776000	-142.149002
0.777000	-142.149002
0.778000	-144.324997
0.779000	-144.324997
0.780000	-146.496994
0.781000	-142.149002
0.782000	-144.324997
0.783000	-146.496994
0.784000	-146.496994
0.785000	-144.324997
0.786000	-144.324997
0.787000	-144.324997
0.788000	-146.496994
0.789000	-144.324997
0.790000	-146.496994
0.791000	-146.496994
0.792000	-146.496994
0.793000	-146.496994
0.794000	-148.669006
0.795000	-146.496994
0.796000	-146.496994
0.797000	-146.496994
0.798000	-148.669006
0.799000	-148.669006
0.800000	-146.496994
0.801000	-148.669006
0.802000	-146.496994
0.803000	-144.324997
0.804000	-150.841003
0.805000	-148.669006
0.806000	-146.496994
0.807000	-146.496994
0.808000	-146.496994
0.809000	-150.841003
0.810000	-150.841003
0.811000	-146.496994
0.812000	-148.669006
0.813000	-148.669006
0.814000	-150.841003
0.815000	-148.669006
0.816000	-148.669006
0.817000	-150.841003
0.818000	-150.841003
0.819000	-148.669006
0.820000	-150.841003
0.821000	-148.669006
0.822000	-153.018005
0.823000	-155.190002
0.824000	-155.190002
0.825000	-153.018005
0.826000	-153.018005
0.827000	-153.018005
0.828000	-153.018005
0.829000	-153.018005
0.830000	-155.190002
0.831000	-155.190002
0.832000	-155.190002
0.833000	-157.362000
0.834000	-157.362000
0.835000	-153.018005
0.836000	-157.362000
0.837000	-159.537994
0.838000	-157.362000
0.839000	-155.190002
0.840000	-157.362000
0.841000	-155.190002
0.842000	-155.190002
0.843000	-155.190002
0.844000	-155.190002
0.845000	-157.362000
0.846000	-155.190002
0.847000	-153.018005
0.848000	-157.362000
0.849000	-153.018005
0.850000	-153.018005
0.851000	-157.362000
0.852000	-155.190002
0.853000	-155.190002
0.854000	-157.362000
0.855000	-157.362000
0.856000	-155.190002
0.857000	-157.362000
0.858000	-157.362000
0.859000	-157.362000
0.860000	-155.190002
0.861000	-159.537994
0.862000	-157.362000
0.863000	-161.710007
0.864000	-157.362000
0.865000	-161.710007
0.866000	-159.537994
0.867000	-161.710007
0.868000	-161.710007
0.869000	-161.710007
0.870000	-161.710007
0.871000	-161.710007
0.872000	-161.710007
0.873000	-161.710007
0.874000	-159.537994
0.875000	-163.882004
0.876000	-161.710007
0.877000	-159.537994
0.878000	-161.710007
0.879000	-159.537994
0.880000	-161.710007
0.881000	-166.054001
0.882000	-163.882004
0.883000	-166.054001
0.884000	-163.882004
0.885000	-168.229996
0.886000	-163.882004
0.887000	-168.229996
0.888000	-168.229996
0.889000	-168.229996
0.890000	-166.054001
0.891000	-166.054001
0.892000	-166.054001
0.893000	-166.054001
0.894000	-168.229996
0.895000	-170.401993
0.896000	-168.229996
0.897000	-170.401993
0.898000	-168.229996
0.899000	-166.054001
0.900000	-170.401993
0.901000	-170.401993
0.902000	-166.054001
0.903000	-170.401993
0.904000	-170.401993
0.905000	-168.229996
0.906000	-170.401993
0.907000	-170.401993
0.908000	-170.401993
0.909000	-174.751007
0.910000	-174.751007
0.911000	-174.751007
0.912000	-172.574005
0.913000	-174.751007
0.914000	-174.751007
0.915000	-174.751007
0.916000	-176.923004
0.917000	-174.751007
0.918000	-179.095001
0.919000	-174.751007
0.920000	-176.923004
0.921000	-179.095001
0.922000	-179.095001
0.923000	-179.095001
0.924000	-179.095001
0.925000	-181.266998
0.926000	-179.095001
0.927000	-179.095001
0.928000	-179.095001
0.929000	-181.266998
0.930000	-179.095001
0.931000	-179.095001
0.932000	-176.923004
0.933000	-183.442993
0.934000	-183.442993
0.935000	-181.266998
0.936000	-183.442993
0.937000	-185.615005
0.938000	-187.787003
0.939000	-185.615005
0.940000	-185.615005
0.941000	-187.787003
0.942000	-187.787003
0.943000	-185.615005
0.944000	-187.787003
0.945000	-187.787003
0.946000	-187.787003
0.947000	-189.959000
0.948000	-189.959000
0.949000	-189.959000
0.950000	-192.136002
0.951000	-189.959000
0.952000	-192.136002
0.953000	-192.136002
0.954000	-192.136002
0.955000	-192.136002
0.956000	-194.307999
0.957000	-194.307999
0.958000	-194.307999
0.959000	-192.136002
0.960000	-192.136002
0.961000	-196.479996
0.962000	-194.307999
0.963000	-194.307999
0.964000	-194.307999
0.965000	-196.479996
0.966000	-196.479996
0.967000	-198.656006
0.968000	-196.479996
0.969000	-198.656006
0.970000	-198.656006
0.971000	-196.479996
0.972000	-198.656006
0.973000	-198.656006
0.974000	-200.828003
0.975000	-200.828003
0.976000	-200.828003
0.977000	-200.828003
0.978000	-203.000000
0.979000	-200.828003
0.980000	-205.171997
0.981000	-203.000000
0.982000	-203.000000
0.983000	-205.171997
0.984000	-207.348007
0.985000	-205.171997
0.986000	-205.171997
0.987000	-207.348007
0.988000	-207.348007
0.989000	-209.520004
0.990000	-209.520004
0.991000	-209.520004
0.992000	-209.520004
0.993000	-211.692001
0.994000	-213.869003
0.995000	-213.869003
0.996000	-211.692001
0.997000	-209.520004
0.998000	-211.692001
0.999000	-213.869003
1.000000	-213.869003
1.001000	-218.212997
1.002000	-216.041000
1.003000	-216.041000
1.004000	-213.869003
1.005000	-216.041000
1.006000	-213.869003
1.007000	-216.041000
1.008000	-216.041000
1.009000	-216.041000
1.010000	-216.041000
1.011000	-216.041000
1.012000	-216.041000
1.013000	-218.212997
1.014000	-216.041000
1.015000	-218.212997
1.016000	-216.041000
1.017000	-216.041000
1.018000	-218.212997
1.019000	-220.384995
1.020000	-220.384995
1.021000	-218.212997
1.022000	-218.212997
1.023000	-220.384995
1.024000	-220.384995
1.025000	-222.561005
1.026000	-220.384995
1.027000	-220.384995
1.028000	-222.561005
1.029000	-224.733002
1.030000	-222.561005
1.031000	-220.384995
1.032000	-222.561005
1.033000	-224.733002
1.034000	-224.733002
1.035000	-226.904999
1.036000	-224.733002
1.037000	-226.904999
1.038000	-226.904999
1.039000	-226.904999
1.040000	-224.733002
1.041000	-226.904999
1.042000	-226.904999
1.043000	-224.733002
1.044000	-229.080994
1.045000	-226.904999
1.046000	-226.904999
1.047000	-224.733002
1.048000	-231.253006
1.049000	-231.253006
1.050000	-231.253006
1.051000	-226.904999
1.052000	-226.904999
1.053000	-229.080994
1.054000	-231.253006
1.055000	-233.425003
1.056000	-229.080994
1.057000	-231.253006
1.058000	-229.080994
1.059000	-233.425003
1.060000	-233.425003
1.061000	-231.253006
1.062000	-229.080994
1.063000	-231.253006
1.064000	-233.425003
1.065000	-233.425003
1.066000	-233.425003
1.067000	-233.425003
1.068000	-233.425003
1.069000	-235.597000
1.070000	-233.425003
1.071000	-233.425003
1.072000	-235.597000
1.073000	-233.425003
1.074000	-233.425003
1.075000	-235.597000
1.076000	-235.597000
1.077000	-239.945999
1.078000	-235.597000
1.079000	-235.597000
1.080000	-237.774002
1.081000	-237.774002
1.082000	-235.597000
1.083000	-235.597000
1.084000	-235.597000
1.085000	-235.597000
1.086000	-237.774002
1.087000	-237.774002
1.088000	-239.945999
1.089000	-239.945999
1.090000	-237.774002
1.091000	-239.945999
1.092000	-237.774002
1.093000	-239.945999
1.094000	-239.945999
1.095000	-239.945999
1.096000	-239.945999
1.097000	-239.945999
1.098000	-239.945999
1.099000	-239.945999
1.100000	-242.117996
1.101000	-246.466003
1.102000	-239.945999
1.103000	-242.117996
1.104000	-244.294006
1.105000	-242.117996
1.106000	-244.294006
1.107000	-242.117996
1.108000	-239.945999
1.109000	-244.294006
1.110000	-244.294006
1.111000	-246.466003
1.112000	-244.294006
1.113000	-246.466003
1.114000	-242.117996
1.115000	-246.466003
1.116000	-244.294006
1.117000	-248.638000
1.118000	-246.466003
1.119000	-248.638000
1.120000	-246.466003
1.121000	-248.638000
1.122000	-246.466003
1.123000	-246.466003
1.124000	-246.466003
1.125000	-248.638000
1.126000	-248.638000
1.127000	-248.638000
1.128000	-248.638000
1.129000	-248.638000
1.130000	-248.638000
1.131000	-246.466003
1.132000	-248.638000
1.133000	-248.638000
1.134000	-248.638000
1.135000	-248.638000
1.136000	-248.638000
1.137000	-255.158997
1.138000	-250.809998
1.139000	-248.638000
1.140000	-248.638000
1.141000	-252.987000
1.142000	-252.987000
1.143000	-252.987000
1.144000	-252.987000
1.145000	-252.987000
1.146000	-250.809998
1.147000	-255.158997
1.148000	-250.809998
1.149000	-252.987000
1.150000	-255.158997
1.151000	-255.158997
1.152000	-255.158997
1.153000	-255.158997
1.154000	-255.158997
1.155000	-257.330994
1.156000	-255.158997
1.157000	-257.330994
1.158000	-252.987000
1.159000	-257.330994
1.160000	-257.330994
1.161000	-257.330994
1.162000	-257.330994
1.163000	-257.330994
1.164000	-257.330994
1.165000	-257.330994
1.166000	-257.330994
1.167000	-261.678986
1.168000	-257.330994
1.169000	-259.502991
1.170000	-261.678986
1.171000	-261.678986
1.172000	-261.678986
1.173000	-261.678986
1.174000	-263.851013
1.175000	-261.678986
1.176000	-259.502991
1.177000	-263.851013
1.178000	-263.851013
1.179000	-261.678986
1.180000	-266.023010
1.181000	-266.023010
1.182000	-263.851013
1.183000	-266.023010
1.184000	-266.023010
1.185000	-263.851013
1.186000	-263.851013
1.187000	-266.023010
1.188000	-266.023010
1.189000	-263.851013
1.190000	-263.851013
1.191000	-266.023010
1.192000	-266.023010
1.193000	-268.199005
1.194000	-266.023010
1.195000	-266.023010
1.196000	-266.023010
1.197000	-266.023010
1.198000	-268.199005
1.199000	-270.371002
1.200000	-268.199005
1.201000	-266.023010
1.202000	-270.371002
1.203000	-270.371002
1.204000	-268.199005
1.205000	-268.199005
1.206000	-272.542999
1.207000	-272.542999
1.208000	-272.542999
1.209000	-272.542999
1.210000	-270.371002
1.211000	-272.542999
1.212000	-274.714996
1.213000	-272.542999
1.214000	-274.714996
1.215000	-276.891998
1.216000	-272.542999
1.217000	-276.891998
1.218000	-276.891998
1.219000	-276.891998
1.220000	-272.542999
1.221000	-272.542999
1.222000	-274.714996
1.223000	-276.891998
1.224000	-276.891998
1.225000	-274.714996
1.226000	-279.063995
1.227000	-276.891998
1.228000	-276.891998
1.229000	-276.891998
1.230000	-276.891998
1.231000	-276.891998
1.232000	-276.891998
1.233000	-279.063995
1.234000	-279.063995
1.235000	-279.063995
1.236000	-281.235992
1.237000	-281.235992
1.238000	-279.063995
1.239000	-281.235992
1.240000	-279.063995
1.241000	-279.063995
1.242000	-283.411987
1.243000	-281.235992
1.244000	-281.235992
1.245000	-281.235992
1.246000	-283.411987
1.247000	-283.411987
1.248000	-281.235992
1.249000	-281.235992
1.250000	-283.411987
1.251000	-285.584015
1.252000	-283.411987
1.253000	-283.411987
1.254000	-283.411987
1.255000	-283.411987
1.256000	-285.584015
1.257000	-283.411987
1.258000	-283.411987
1.259000	-283.411987
1.260000	-287.756012
1.261000	-285.584015
1.262000	-285.584015
1.263000	-285.584015
1.264000	-287.756012
1.265000	-285.584015
1.266000	-287.756012
1.267000	-287.756012
1.268000	-285.584015
1.269000	-289.928009
1.270000	-287.756012
1.271000	-287.756012
1.272000	-287.756012
1.273000	-287.756012
1.274000	-289.928009
1.275000	-287.756012
1.276000	-287.756012
1.277000	-289.928009
1.278000	-292.104004
1.279000	-287.756012
1.280000	-289.928009
1.281000	-289.928009
1.282000	-292.104004
1.283000	-292.104004
1.284000	-289.928009
1.285000	-289.928009
1.286000	-292.104004
1.287000	-289.928009
1.288000	-294.276001
1.289000	-294.276001
1.290000	-292.104004
1.291000	-292.104004
1.292000	-294.276001
1.293000	-294.276001
1.294000	-294.276001
1.295000	-294.276001
1.296000	-294.276001
1.297000	-294.276001
1.298000	-296.447998
1.299000	-294.276001
1.300000	-294.276001
1.301000	-294.276001
1.302000	-294.276001
1.303000	-294.276001
1.304000	-294.276001
1.305000	-294.276001
1.306000	-296.447998
1.307000	-296.447998
1.308000	-296.447998
1.309000	-294.276001
1.310000	-298.625000
1.311000	-298.625000
1.312000	-298.625000
1.313000	-298.625000
1.314000	-298.625000
1.315000	-300.796997
1.316000	-298.625000
1.317000	-300.796997
1.318000	-298.625000
1.319000	-300.796997
1.320000	-300.796997
1.321000	-300.796997
1.322000	-302.968994
1.323000	-302.968994
1.324000	-302.968994
1.325000	-300.796997
1.326000	-302.968994
1.327000	-302.968994
1.328000	-302.968994
1.329000	-302.968994
1.330000	-307.316986
1.331000	-302.968994
1.332000	-305.140991
1.333000	-307.316986
1.334000	-302.968994
1.335000	-305.140991
1.336000	-305.140991
1.337000	-307.316986
1.338000	-305.140991
1.339000	-307.316986
1.340000	-305.140991
1.341000	-307.316986
1.342000	-307.316986
1.343000	-305.140991
1.344000	-307.316986
1.345000	-309.489014
1.346000	-309.489014
1.347000	-309.489014
1.348000	-309.489014
1.349000	-305.140991
1.350000	-307.316986
1.351000	-307.316986
1.352000	-309.489014
1.353000	-311.661011
1.354000	-309.489014
1.355000	-309.489014
1.356000	-307.316986
1.357000	-311.661011
1.358000	-313.838013
1.359000	-311.661011
1.360000	-313.838013
1.361000	-311.661011
1.362000	-309.489014
1.363000	-311.661011
1.364000	-311.661011
1.365000	-313.838013
1.366000	-313.838013
1.367000	-311.661011
1.368000	-313.838013
1.369000	-313.838013
1.370000	-311.661011
1.371000	-311.661011
1.372000	-313.838013
1.373000	-313.838013
1.374000	-313.838013
1.375000	-313.838013
1.376000	-316.010010
1.377000	-316.010010
1.378000	-318.182007
1.379000	-316.010010
1.380000	-316.010010
1.381000	-313.838013
1.382000	-318.182007
1.383000	-318.182007
1.384000	-316.010010
1.385000	-318.182007
1.386000	-316.010010
1.387000	-318.182007
1.388000	-318.182007
1.389000	-316.010010
1.390000	-318.182007
1.391000	-320.354004
1.392000	-318.182007
1.393000	-316.010010
1.394000	-320.354004
1.395000	-320.354004
1.396000	-318.182007
1.397000	-322.529999
1.398000	-318.182007
1.399000	-324.701996
1.400000	-322.529999
1.401000	-322.529999
1.402000	-324.701996
1.403000	-320.354004
1.404000	-322.529999
1.405000	-322.529999
1.406000	-320.354004
1.407000	-324.701996
1.408000	-322.529999
1.409000	-326.873993
1.410000	-322.529999
1.411000	-324.701996
1.412000	-322.529999
1.413000	-322.529999
1.414000	-324.701996
1.415000	-324.701996
1.416000	-322.529999
1.417000	-324.701996
1.418000	-326.873993
1.419000	-324.701996
1.420000	-324.701996
1.421000	-324.701996
1.422000	-326.873993
1.423000	-326.873993
1.424000	-326.873993
1.425000	-326.873993
1.426000	-331.221985
1.427000	-326.873993
1.428000	-326.873993
1.429000	-326.873993
1.430000	-326.873993
1.431000	-326.873993
1.432000	-326.873993
1.433000	-329.045990
1.434000	-326.873993
1.435000	-326.873993
1.436000	-331.221985
1.437000	-329.045990
1.438000	-331.221985
1.439000	-329.045990
1.440000	-331.221985
1.441000	-331.221985
1.442000	-333.394012
1.443000	-331.221985
1.444000	-331.221985
1.445000	-331.221985
1.446000	-331.221985
1.447000	-331.221985
1.448000	-335.566010
1.449000	-333.394012
1.450000	-333.394012
1.451000	-333.394012
1.452000	-333.394012
1.453000	-335.566010
1.454000	-331.221985
1.455000	-333.394012
1.456000	-335.566010
1.457000	-335.566010
1.458000	-335.566010
1.459000	-335.566010
1.460000	-337.743011
1.461000	-335.566010
1.462000	-335.566010
1.463000	-337.743011
1.464000	-333.394012
1.465000	-333.394012
1.466000	-337.743011
1.467000	-337.743011
1.468000	-337.743011
1.469000	-337.743011
1.470000	-333.394012
1.471000	-335.566010
1.472000	-337.743011
1.473000	-335.566010
1.474000	-337.743011
1.475000	-335.566010
1.476000	-339.915009
1.477000	-337.743011
1.478000	-339.915009
1.479000	-339.915009
1.480000	-339.915009
1.481000	-342.087006
1.482000	-339.915009
1.483000	-337.743011
1.484000	-342.087006
1.485000	-342.087006
1.486000	-339.915009
1.487000	-339.915009
1.488000	-342.087006
1.489000	-339.915009
1.490000	-339.915009
1.491000	-342.087006
1.492000	-344.259003
1.493000	-342.087006
1.494000	-339.915009
1.495000	-346.434998
1.496000	-344.259003
1.497000	-344.259003
1.498000	-344.259003
1.499000	-342.087006
1.500000	-346.434998
1.501000	-342.087006
1.502000	-342.087006
1.503000	-346.434998
1.504000	-344.259003
1.505000	-346.434998
1.506000	-344.259003
1.507000	-344.259003
1.508000	-346.434998
1.509000	-344.259003
1.510000	-346.434998
1.511000	-348.606995
1.512000	-348.606995
1.513000	-346.434998
1.514000	-346.434998
1.515000	-344.259003
1.516000	-348.606995
1.517000	-346.434998
1.518000	-346.434998
1.519000	-348.606995
1.520000	-346.434998
1.521000	-346.434998
1.522000	-348.606995
1.523000	-346.434998
1.524000	-350.778992
1.525000	-346.434998
1.526000	-348.606995
1.527000	-348.606995
1.528000	-348.606995
1.529000	-352.954987
1.530000	-350.778992
1.531000	-348.606995
1.532000	-350.778992
1.533000	-352.954987
1.534000	-352.954987
1.535000	-350.778992
1.536000	-348.606995
1.537000	-352.954987
1.538000	-350.778992
1.539000	-352.954987
1.540000	-352.954987
1.541000	-355.127014
1.542000	-348.606995
1.543000	-350.778992
1.544000	-352.954987
1.545000	-352.954987
1.546000	-352.954987
1.547000	-352.954987
1.548000	-352.954987
1.549000	-355.127014
1.550000	-355.127014
1.551000	-355.127014
1.552000	-355.127014
1.553000	-355.127014
1.554000	-357.299011
1.555000	-357.299011
1.556000	-355.127014
1.557000	-357.299011
1.558000	-359.471008
1.559000	-357.299011
1.560000	-357.299011
1.561000	-355.127014
1.562000	-357.299011
1.563000	-361.648010
1.564000	-357.299011
1.565000	-359.471008
1.566000	-357.299011
1.567000	-361.648010
1.568000	-361.648010
1.569000	-359.471008
1.570000	-361.648010
1.571000	-357.299011
1.572000	-361.648010
1.573000	-359.471008
1.574000	-359.471008
1.575000	-361.648010
1.576000	-363.820007
1.577000	-359.471008
1.578000	-361.648010
1.579000	-359.471008
1.580000	-363.820007
1.581000	-363.820007
1.582000	-359.471008
1.583000	-363.820007
1.584000	-361.648010
1.585000	-361.648010
1.586000	-363.820007
1.587000	-363.820007
1.588000	-361.648010
1.589000	-361.648010
1.590000	-361.648010
1.591000	-361.648010
1.592000	-361.648010
1.593000	-363.820007
1.594000	-363.820007
1.595000	-363.820007
1.596000	-363.820007
1.597000	-363.820007
1.598000	-365.992004
1.599000	-363.820007
1.600000	-368.167999
1.601000	-365.992004
1.602000	-365.992004
1.603000	-363.820007
1.604000	-365.992004
1.605000	-365.992004
1.606000	-368.167999
1.607000	-368.167999
1.608000	-370.339996
1.609000	-365.992004
1.610000	-368.167999
1.611000	-363.820007
1.612000	-365.992004
1.613000	-365.992004
1.614000	-370.339996
1.615000	-370.339996
1.616000	-370.339996
1.617000	-368.167999
1.618000	-370.339996
1.619000	-365.992004
1.620000	-370.339996
1.621000	-370.339996
1.622000	-370.339996
1.623000	-372.511993
1.624000	-370.339996
1.625000	-370.339996
1.626000	-372.511993
1.627000	-372.511993
1.628000	-370.339996
1.629000	-370.339996
1.630000	-372.511993
1.631000	-370.339996
1.632000	-370.339996
1.633000	-370.339996
1.634000	-372.511993
1.635000	-372.511993
1.636000	-372.511993
1.637000	-374.683990
1.638000	-374.683990
1.639000	-374.683990
1.640000	-374.683990
1.641000	-372.511993
1.642000	-376.860992
1.643000	-374.683990
1.644000	-374.683990
1.645000	-372.511993
1.646000	-374.683990
1.647000	-372.511993
1.648000	-374.683990
1.649000	-374.683990
1.650000	-374.683990
1.651000	-379.032990
1.652000	-379.032990
1.653000	-376.860992
1.654000	-376.860992
1.655000	-379.032990
1.656000	-379.032990
1.657000	-376.860992
1.658000	-376.860992
1.659000	-374.683990
1.660000	-376.860992
1.661000	-379.032990
1.662000	-376.860992
1.663000	-376.860992
1.664000	-374.683990
1.665000	-379.032990
1.666000	-381.204987
1.667000	-379.032990
1.668000	-381.204987
1.669000	-379.032990
1.670000	-381.204987
1.671000	-381.204987
1.672000	-379.032990
1.673000	-379.032990
1.674000	-381.204987
1.675000	-381.204987
1.676000	-381.204987
1.677000	-381.204987
1.678000	-381.204987
1.679000	-381.204987
1.680000	-381.204987
1.681000	-379.032990
1.682000	-381.204987
1.683000	-381.204987
1.684000	-383.381012
1.685000	-381.204987
1.686000	-381.204987
1.687000	-381.204987
1.688000	-381.204987
1.689000	-383.381012
1.690000	-381.204987
1.691000	-383.381012
1.692000	-383.381012
1.693000	-383.381012
1.694000	-383.381012
1.695000	-383.381012
1.696000	-385.553009
1.697000	-383.381012
1.698000	-383.381012
1.699000	-385.553009
1.700000	-383.381012
1.701000	-387.725006
1.702000	-387.725006
1.703000	-383.381012
1.704000	-381.204987
1.705000	-387.725006
1.706000	-385.553009
1.707000	-383.381012
1.708000	-389.897003
1.709000	-383.381012
1.710000	-387.725006
1.711000	-385.553009
1.712000	-389.897003
1.713000	-385.553009
1.714000	-387.725006
1.715000	-389.897003
1.716000	-387.725006
1.717000	-387.725006
1.718000	-392.072998
1.719000	-387.725006
1.720000	-389.897003
1.721000	-387.725006
1.722000	-389.897003
1.723000	-389.897003
1.724000	-389.897003
1.725000	-389.897003
1.726000	-389.897003
1.727000	-387.725006
1.728000	-392.072998
1.729000	-389.897003
1.730000	-392.072998
1.731000	-392.072998
1.732000	-389.897003
1.733000	-389.897003
1.734000	-389.897003
1.735000	-392.072998
1.736000	-389.897003
1.737000	-394.244995
1.738000	-392.072998
1.739000	-394.244995
1.740000	-392.072998
1.741000	-392.072998
1.742000	-389.897003
1.743000	-396.416992
1.744000	-392.072998
1.745000	-394.244995
1.746000	-394.244995
1.747000	-394.244995
1.748000	-394.244995
1.749000	-394.244995
1.750000	-394.244995
1.751000	-392.072998
1.752000	-394.244995
1.753000	-396.416992
1.754000	-392.072998
1.755000	-396.416992
1.756000	-398.588989
1.757000	-396.416992
1.758000	-396.416992
1.759000	-396.416992
1.760000	-396.416992
1.761000	-396.416992
1.762000	-394.244995
1.763000	-396.416992
1.764000	-398.588989
1.765000	-398.588989
1.766000	-398.588989
1.767000	-396.416992
1.768000	-398.588989
1.769000	-400.765991
1.770000	-398.588989
1.771000	-398.588989
1.772000	-400.765991
1.773000	-398.588989
1.774000	-398.588989
1.775000	-400.765991
1.776000	-400.765991
1.777000	-400.765991
1.778000	-398.588989
1.779000	-400.765991
1.780000	-400.765991
1.781000	-400.765991
1.782000	-400.765991
1.783000	-400.765991
1.784000	-400.765991
1.785000	-400.765991
1.786000	-402.937988
1.787000	-402.937988
1.788000	-400.765991
1.789000	-400.765991
1.790000	-398.588989
1.791000	-405.109985
1.792000	-402.937988
1.793000	-400.765991
1.794000	-400.765991
1.795000	-398.588989
1.796000	-402.937988
1.797000	-405.109985
1.798000	-402.937988
1.799000	-405.109985
1.800000	-402.937988
1.801000	-402.937988
1.802000	-405.109985
1.803000	-405.109985
1.804000	-402.937988
1.805000	-405.109985
1.806000	-400.765991
1.807000	-400.765991
1.808000	-402.937988
1.809000	-402.937988
1.810000	-407.286011
1.811000	-400.765991
1.812000	-405.109985
1.813000	-407.286011
1.814000	-405.109985
1.815000	-400.765991
1.816000	-405.109985
1.817000	-405.109985
1.818000	-405.109985
1.819000	-405.109985
1.820000	-405.109985
1.821000	-407.286011
1.822000	-407.286011
1.823000	-405.109985
1.824000	-407.286011
1.825000	-409.458008
1.826000	-407.286011
1.827000	-409.458008
1.828000	-407.286011
1.829000	-407.286011
1.830000	-407.286011
1.831000	-409.458008
1.832000	-407.286011
1.833000	-407.286011
1.834000	-407.286011
1.835000	-409.458008
1.836000	-407.286011
1.837000	-411.630005
1.838000	-407.286011
1.839000	-411.630005
1.840000	-409.458008
1.841000	-411.630005
1.842000	-409.458008
1.843000	-409.458008
1.844000	-409.458008
1.845000	-409.458008
1.846000	-409.458008
1.847000	-409.458008
1.848000	-411.630005
1.849000	-409.458008
1.850000	-409.458008
1.851000	-409.458008
1.852000	-411.630005
1.853000	-411.630005
1.854000	-415.977997
1.855000	-413.802002
1.856000	-413.802002
1.857000	-411.630005
1.858000	-411.630005
1.859000	-413.802002
1.860000	-411.630005
1.861000	-411.630005
1.862000	-411.630005
1.863000	-413.802002
1.864000	-411.630005
1.865000	-411.630005
1.866000	-413.802002
1.867000	-413.802002
1.868000	-415.977997
1.869000	-413.802002
1.870000	-413.802002
1.871000	-413.802002
1.872000	-413.802002
1.873000	-413.802002
1.874000	-415.977997
1.875000	-413.802002
1.876000	-415.977997
1.877000	-418.149994
1.878000	-418.149994
1.879000	-415.977997
1.880000	-415.977997
1.881000	-413.802002
1.882000	-415.977997
1.883000	-418.149994
1.884000	-415.977997
1.885000	-415.977997
1.886000	-418.149994
1.887000	-418.149994
1.888000	-420.321991
1.889000	-418.149994
1.890000	-415.977997
1.891000	-418.149994
1.892000	-420.321991
1.893000	-415.977997
1.894000	-418.149994
1.895000	-420.321991
1.896000	-415.977997
1.897000	-418.149994
1.898000	-418.149994
1.899000	-418.149994
1.900000	-418.149994
1.901000	-420.321991
1.902000	-420.321991
1.903000	-418.149994
1.904000	-420.321991
1.905000	-418.149994
1.906000	-420.321991
1.907000	-420.321991
1.908000	-422.498993
1.909000	-420.321991
1.910000	-422.498993
1.911000	-420.321991
1.912000	-418.149994
1.913000	-420.321991
1.914000	-424.670990
1.915000	-418.149994
1.916000	-420.321991
1.917000	-422.498993
1.918000	-424.670990
1.919000	-422.498993
1.920000	-422.498993
1.921000	-424.670990
1.922000	-422.498993
1.923000	-422.498993
1.924000	-424.670990
1.925000	-424.670990
1.926000	-424.670990
1.927000	-422.498993
1.928000	-424.670990
1.929000	-424.670990
1.930000	-422.498993
1.931000	-424.670990
1.932000	-424.670990
1.933000	-424.670990
1.934000	-422.498993
1.935000	-426.842987
1.936000	-424.670990
1.937000	-426.842987
1.938000	-424.670990
1.939000	-426.842987
1.940000	-424.670990
1.941000	-424.670990
1.942000	-426.842987
1.943000	-424.670990
1.944000	-424.670990
1.945000	-422.498993
1.946000	-424.670990
1.947000	-426.842987
1.948000	-424.670990
1.949000	-424.670990
1.950000	-426.842987
1.951000	-426.842987
1.952000	-426.842987
1.953000	-426.842987
1.954000	-426.842987
1.955000	-429.015015
1.956000	-429.015015
1.957000	-426.842987
1.958000	-429.015015
1.959000	-426.842987
1.960000	-429.015015
1.961000	-429.015015
1.962000	-429.015015
1.963000	-426.842987
1.964000	-429.015015
1.965000	-424.670990
1.966000	-426.842987
1.967000	-429.015015
1.968000	-429.015015
1.969000	-426.842987
1.970000	-431.191010
1.971000	-431.191010
1.972000	-431.191010
1.973000	-426.842987
1.974000	-429.015015
1.975000	-429.015015
1.976000	-431.191010
1.977000	-431.191010
1.978000	-429.015015
1.979000	-431.191010
1.980000	-431.191010
1.981000	-433.363007
1.982000	-431.191010
1.983000	-433.363007
1.984000	-433.363007
1.985000	-431.191010
1.986000	-431.191010
1.987000	-431.191010
1.988000	-435.535004
1.989000	-429.015015
1.990000	-433.363007
1.991000	-431.191010
1.992000	-429.015015
1.993000	-433.363007
1.994000	-431.191010
1.995000	-433.363007
1.996000	-435.535004
1.997000	-433.363007
1.998000	-431.191010
1.999000	-433.363007
2.000000	-435.535004
2.001000	-433.363007
2.002000	-433.363007
2.003000	-433.363007
2.004000	-435.535004
2.005000	-435.535004
2.006000	-437.712006
2.007000	-433.363007
2.008000	-435.535004
2.009000	-433.363007
2.010000	-435.535004
2.011000	-435.535004
2.012000	-435.535004
2.013000	-435.535004
2.014000	-433.363007
2.015000	-433.363007
2.016000	-435.535004
2.017000	-435.535004
2.018000	-435.535004
2.019000	-433.363007
2.020000	-437.712006
2.021000	-437.712006
2.022000	-437.712006
2.023000	-437.712006
2.024000	-437.712006
2.025000	-435.535004
2.026000	-437.712006
2.027000	-437.712006
2.028000	-435.535004
2.029000	-435.535004
2.030000	-437.712006
2.031000	-435.535004
2.032000	-435.535004
2.033000	-439.884003
2.034000	-437.712006
2.035000	-437.712006
2.036000	-439.884003
2.037000	-439.884003
2.038000	-439.884003
2.039000	-439.884003
2.040000	-437.712006
2.041000	-439.884003
2.042000	-439.884003
2.043000	-439.884003
2.044000	-439.884003
2.045000	-439.884003
2.046000	-439.884003
2.047000	-439.884003
2.048000	-439.884003
2.049000	-437.712006
2.050000	-439.884003
2.051000	-439.884003
2.052000	-439.884003
2.053000	-439.884003
2.054000	-437.712006
2.055000	-442.056000
2.056000	-439.884003
2.057000	-442.056000
2.058000	-439.884003
2.059000	-442.056000
2.060000	-442.056000
2.061000	-442.056000
2.062000	-442.056000
2.063000	-442.056000
2.064000	-442.056000
2.065000	-442.056000
2.066000	-444.227997
2.067000	-442.056000
2.068000	-444.227997
2.069000	-442.056000
2.070000	-442.056000
2.071000	-442.056000
2.072000	-439.884003
2.073000	-442.056000
2.074000	-444.227997
2.075000	-442.056000
2.076000	-444.227997
2.077000	-444.227997
2.078000	-444.227997
2.079000	-442.056000
2.080000	-442.056000
2.081000	-446.403992
2.082000	-444.227997
2.083000	-442.056000
2.084000	-444.227997
2.085000	-444.227997
2.086000	-444.227997
2.087000	-444.227997
2.088000	-444.227997
2.089000	-444.227997
2.090000	-444.227997
2.091000	-446.403992
2.092000	-446.403992
2.093000	-444.227997
2.094000	-446.403992
2.095000	-442.056000
2.096000	-444.227997
2.097000	-444.227997
2.098000	-442.056000
2.099000	-444.227997
2.100000	-448.575989
2.101000	-446.403992
2.102000	-448.575989
2.103000	-444.227997
2.104000	-448.575989
2.105000	-448.575989
2.106000	-444.227997
2.107000	-446.403992
2.108000	-446.403992
2.109000	-446.403992
2.110000	-446.403992
2.111000	-448.575989
2.112000	-446.403992
2.113000	-446.403992
2.114000	-448.575989
2.115000	-448.575989
2.116000	-444.227997
2.117000	-448.575989
2.118000	-446.403992
2.119000	-448.575989
2.120000	-450.747986
2.121000	-448.575989
2.122000	-448.575989
2.123000	-446.403992
2.124000	-448.575989
2.125000	-448.575989
2.126000	-450.747986
2.127000	-450.747986
2.128000	-450.747986
2.129000	-450.747986
2.130000	-448.575989
2.131000	-450.747986
2.132000	-450.747986
2.133000	-452.924011
2.134000	-448.575989
2.135000	-450.747986
2.136000	-450.747986
2.137000	-452.924011
2.138000	-452.924011
2.139000	-448.575989
2.140000	-450.747986
2.141000	-448.575989
2.142000	-452.924011
2.143000	-448.575989
2.144000	-450.747986
2.145000	-448.575989
2.146000	-450.747986
2.147000	-448.575989
2.148000	-450.747986
2.149000	-450.747986
2.150000	-452.924011
2.151000	-452.924011
2.152000	-452.924011
2.153000	-450.747986
2.154000	-450.747986
2.155000	-452.924011
2.156000	-450.747986
2.157000	-450.747986
2.158000	-455.096008
2.159000	-450.747986
2.160000	-452.924011
2.161000	-455.096008
2.162000	-450.747986
2.163000	-452.924011
2.164000	-457.268005
2.165000	-455.096008
2.166000	-455.096008
2.167000	-452.924011
2.168000	-452.924011
2.169000	-452.924011
2.170000	-457.268005
2.171000	-455.096008
2.172000	-455.096008
2.173000	-455.096008
2.174000	-455.096008
2.175000	-455.096008
2.176000	-452.924011
2.177000	-452.924011
2.178000	-455.096008
2.179000	-455.096008
2.180000	-457.268005
2.181000	-452.924011
2.182000	-455.096008
2.183000	-457.268005
2.184000	-457.268005
2.185000	-452.924011
2.186000	-457.268005
2.187000	-457.268005
2.188000	-455.096008
2.189000	-455.096008
2.190000	-457.268005
2.191000	-457.268005
2.192000	-455.096008
2.193000	-457.268005
2.194000	-455.096008
2.195000	-457.268005
2.196000	-459.440002
2.197000	-457.268005
2.198000	-457.268005
2.199000	-452.924011
2.200000	-459.440002
2.201000	-457.268005
2.202000	-452.924011
2.203000	-455.096008
2.204000	-459.440002
2.205000	-457.268005
2.206000	-459.440002
2.207000	-459.440002
2.208000	-457.268005
2.209000	-461.617004
2.210000	-459.440002
2.211000	-457.268005
2.212000	-459.440002
2.213000	-457.268005
2.214000	-459.440002
2.215000	-461.617004
2.216000	-461.617004
2.217000	-461.617004
2.218000	-459.440002
2.219000	-459.440002
2.220000	-459.440002
2.221000	-461.617004
2.222000	-461.617004
2.223000	-457.268005
2.224000	-459.440002
2.225000	-459.440002
2.226000	-463.789001
2.227000	-459.440002
2.228000	-459.440002
2.229000	-461.617004
2.230000	-461.617004
2.231000	-461.617004
2.232000	-461.617004
2.233000	-461.617004
2.234000	-461.617004
2.235000	-461.617004
2.236000	-461.617004
2.237000	-461.617004
2.238000	-461.617004
2.239000	-463.789001
2.240000	-461.617004
2.241000	-461.617004
2.242000	-461.617004
2.243000	-459.440002
2.244000	-463.789001
2.245000	-461.617004
2.246000	-463.789001
2.247000	-461.617004
2.248000	-461.617004
2.249000	-459.440002
2.250000	-465.960999
2.251000	-463.789001
2.252000	-461.617004
2.253000	-461.617004
2.254000	-461.617004
2.255000	-463.789001
2.256000	-463.789001
2.257000	-463.789001
2.258000	-461.617004
2.259000	-465.960999
2.260000	-463.789001
2.261000	-465.960999
2.262000	-463.789001
2.263000	-465.960999
2.264000	-465.960999
2.265000	-463.789001
2.266000	-465.960999
2.267000	-465.960999
2.268000	-465.960999
2.269000	-463.789001
2.270000	-465.960999
2.271000	-463.789001
2.272000	-465.960999
2.273000	-465.960999
2.274000	-463.789001
2.275000	-468.132996
2.276000	-465.960999
2.277000	-463.789001
2.278000	-465.960999
2.279000	-465.960999
2.280000	-463.789001
2.281000	-463.789001
2.282000	-463.789001
2.283000	-465.960999
2.284000	-463.789001
2.285000	-468.132996
2.286000	-465.960999
2.287000	-468.132996
2.288000	-465.960999
2.289000	-470.308990
2.290000	-465.960999
2.291000	-468.132996
2.292000	-465.960999
2.293000	-463.789001
2.294000	-465.960999
2.295000	-465.960999
2.296000	-465.960999
2.297000	-465.960999
2.298000	-465.960999
2.299000	-465.960999
2.300000	-465.960999
2.301000	-468.132996
2.302000	-465.960999
2.303000	-468.132996
2.304000	-468.132996
2.305000	-465.960999
2.306000	-465.960999
2.307000	-465.960999
2.308000	-468.132996
2.309000	-465.960999
2.310000	-468.132996
2.311000	-465.960999
2.312000	-468.132996
2.313000	-468.132996
2.314000	-465.960999
2.315000	-465.960999
2.316000	-468.132996
2.317000	-470.308990
2.318000	-468.132996
2.319000	-465.960999
2.320000	-468.132996
2.321000	-468.132996
2.322000	-470.308990
2.323000	-470.308990
2.324000	-465.960999
2.325000	-470.308990
2.326000	-468.132996
2.327000	-468.132996
2.328000	-472.480988
2.329000	-470.308990
2.330000	-468.132996
2.331000	-468.132996
2.332000	-474.653015
2.333000	-472.480988
2.334000	-470.308990
2.335000	-472.480988
2.336000	-470.308990
2.337000	-468.132996
2.338000	-470.308990
2.339000	-470.308990
2.340000	-470.308990
2.341000	-470.308990
2.342000	-470.308990
2.343000	-470.308990
2.344000	-470.308990
2.345000	-470.308990
2.346000	-470.308990
2.347000	-470.308990
2.348000	-470.308990
2.349000	-470.308990
2.350000	-472.480988
2.351000	-472.480988
2.352000	-470.308990
2.353000	-472.480988
2.354000	-472.480988
2.355000	-470.308990
2.356000	-474.653015
2.357000	-472.480988
2.358000	-470.308990
2.359000	-472.480988
2.360000	-470.308990
2.361000	-472.480988
2.362000	-472.480988
2.363000	-470.308990
2.364000	-470.308990
2.365000	-472.480988
2.366000	-472.480988
2.367000	-476.829010
2.368000	-474.653015
2.369000	-472.480988
2.370000	-474.653015
2.371000	-472.480988
2.372000	-476.829010
2.373000	-470.308990
2.374000	-472.480988
2.375000	-474.653015
2.376000	-474.653015
2.377000	-474.653015
2.378000	-474.653015
2.379000	-470.308990
2.380000	-472.480988
2.381000	-474.653015
2.382000	-474.653015
2.383000	-474.653015
2.384000	-474.653015
2.385000	-470.308990
2.386000	-470.308990
2.387000	-476.829010
2.388000	-474.653015
2.389000	-474.653015
2.390000	-476.829010
2.391000	-476.829010
2.392000	-476.829010
2.393000	-474.653015
2.394000	-476.829010
2.395000	-474.653015
2.396000	-474.653015
2.397000	-472.480988
2.398000	-476.829010
2.399000	-474.653015
2.400000	-474.653015
2.401000	-476.829010
2.402000	-479.001007
2.403000	-476.829010
2.404000	-476.829010
2.405000	-476.829010
2.406000	-476.829010
2.407000	-474.653015
2.408000	-474.653015
2.409000	-474.653015
2.410000	-474.653015
2.411000	-476.829010
2.412000	-474.653015
2.413000	-479.001007
2.414000	-474.653015
2.415000	-474.653015
2.416000	-474.653015
2.417000	-476.829010
2.418000	-476.829010
2.419000	-474.653015
2.420000	-479.001007
2.421000	-476.829010
2.422000	-479.001007
2.423000	-479.001007
2.424000	-476.829010
2.425000	-476.829010
2.426000	-479.001007
2.427000	-476.829010
2.428000	-481.173004
2.429000	-479.001007
2.430000	-479.001007
2.431000	-479.001007
2.432000	-479.001007
2.433000	-479.001007
2.434000	-479.001007
2.435000	-479.001007
2.436000	-479.001007
2.437000	-479.001007
2.438000	-479.001007
2.439000	-479.001007
2.440000	-479.001007
2.441000	-481.173004
2.442000	-476.829010
2.443000	-479.001007
2.444000	-479.001007
2.445000	-481.173004
2.446000	-479.001007
2.447000	-479.001007
2.448000	-479.001007
2.449000	-481.173004
2.450000	-479.001007
2.451000	-481.173004
2.452000	-479.001007
2.453000	-476.829010
2.454000	-481.173004
2.455000	-481.173004
2.456000	-479.001007
2.457000	-479.001007
2.458000	-479.001007
2.459000	-476.829010
2.460000	-483.345001
2.461000	-479.001007
2.462000	-481.173004
2.463000	-476.829010
2.464000	-481.173004
2.465000	-479.001007
2.466000	-481.173004
2.467000	-479.001007
2.468000	-479.001007
2.469000	-481.173004
2.470000	-481.173004
2.471000	-481.173004
2.472000	-481.173004
2.473000	-483.345001
2.474000	-483.345001
2.475000	-479.001007
2.476000	-481.173004
2.477000	-481.173004
2.478000	-481.173004
2.479000	-481.173004
2.480000	-479.001007
2.481000	-483.345001
2.482000	-481.173004
2.483000	-481.173004
2.484000	-483.345001
2.485000	-481.173004
2.486000	-481.173004
2.487000	-483.345001
2.488000	-481.173004
2.489000	-481.173004
2.490000	-479.001007
2.491000	-481.173004
2.492000	-481.173004
2.493000	-483.345001
2.494000	-481.173004
2.495000	-481.173004
2.496000	-483.345001
2.497000	-481.173004
2.498000	-481.173004
2.499000	-481.173004
2.500000	-481.173004
2.501000	-483.345001
2.502000	-483.345001
2.503000	-481.173004
2.504000	-483.345001
2.505000	-483.345001
2.506000	-483.345001
2.507000	-485.522003
2.508000	-483.345001
2.509000	-483.345001
2.510000	-485.522003
2.511000	-479.001007
2.512000	-481.173004
2.513000	-481.173004
2.514000	-483.345001
2.515000	-481.173004
2.516000	-483.345001
2.517000	-485.522003
2.518000	-485.522003
2.519000	-483.345001
2.520000	-483.345001
2.521000	-485.522003
2.522000	-483.345001
2.523000	-483.345001
2.524000	-481.173004
2.525000	-481.173004
2.526000	-483.345001
2.527000	-483.345001
2.528000	-483.345001
2.529000	-481.173004
2.530000	-483.345001
2.531000	-483.345001
2.532000	-483.345001
2.533000	-481.173004
2.534000	-483.345001
2.535000	-483.345001
2.536000	-483.345001
2.537000	-485.522003
2.538000	-485.522003
2.539000	-485.522003
2.540000	-483.345001
2.541000	-481.173004
2.542000	-483.345001
2.543000	-483.345001
2.544000	-483.345001
2.545000	-483.345001
2.546000	-485.522003
2.547000	-485.522003
2.548000	-485.522003
2.549000	-485.522003
2.550000	-483.345001
2.551000	-485.522003
2.552000	-485.522003
2.553000	-487.694000
2.554000	-483.345001
2.555000	-481.173004
2.556000	-487.694000
2.557000	-485.522003
2.558000	-485.522003
2.559000	-485.522003
2.560000	-487.694000
2.561000	-485.522003
2.562000	-487.694000
2.563000	-485.522003
2.564000	-487.694000
2.565000	-487.694000
2.566000	-487.694000
2.567000	-487.694000
2.568000	-485.522003
2.569000	-485.522003
2.570000	-487.694000
2.571000	-485.522003
2.572000	-487.694000
2.573000	-487.694000
2.574000	-485.522003
2.575000	-485.522003
2.576000	-487.694000
2.577000	-487.694000
2.578000	-485.522003
2.579000	-487.694000
2.580000	-489.865997
2.581000	-485.522003
2.582000	-487.694000
2.583000	-492.041992
2.584000	-487.694000
2.585000	-487.694000
2.586000	-485.522003
2.587000	-487.694000
2.588000	-485.522003
2.589000	-487.694000
2.590000	-489.865997
2.591000	-492.041992
2.592000	-485.522003
2.593000	-487.694000
2.594000	-487.694000
2.595000	-487.694000
2.596000	-489.865997
2.597000	-489.865997
2.598000	-487.694000
2.599000	-487.694000
2.600000	-487.694000
2.601000	-489.865997
2.602000	-487.694000
2.603000	-492.041992
2.604000	-487.694000
2.605000	-492.041992
2.606000	-489.865997
2.607000	-492.041992
2.608000	-489.865997
2.609000	-489.865997
2.610000	-489.865997
2.611000	-489.865997
2.612000	-485.522003
2.613000	-487.694000
2.614000	-489.865997
2.615000	-487.694000
2.616000	-489.865997
2.617000	-487.694000
2.618000	-492.041992
2.619000	-489.865997
2.620000	-492.041992
2.621000	-487.694000
2.622000	-492.041992
2.623000	-489.865997
2.624000	-492.041992
2.625000	-489.865997
2.626000	-489.865997
2.627000	-492.041992
2.628000	-487.694000
2.629000	-487.694000
2.630000	-489.865997
2.631000	-489.865997
2.632000	-489.865997
2.633000	-489.865997
2.634000	-492.041992
2.635000	-492.041992
2.636000	-487.694000
2.637000	-489.865997
2.638000	-489.865997
2.639000	-492.041992
2.640000	-489.865997
2.641000	-492.041992
2.642000	-492.041992
2.643000	-487.694000
2.644000	-489.865997
2.645000	-489.865997
2.646000	-489.865997
2.647000	-492.041992
2.648000	-489.865997
2.649000	-489.865997
2.650000	-489.865997
2.651000	-494.213989
2.652000	-489.865997
2.653000	-494.213989
2.654000	-489.865997
2.655000	-492.041992
2.656000	-489.865997
2.657000	-494.213989
2.658000	-492.041992
2.659000	-492.041992
2.660000	-492.041992
2.661000	-492.041992
2.662000	-489.865997
2.663000	-492.041992
2.664000	-492.041992
2.665000	-492.041992
2.666000	-494.213989
2.667000	-489.865997
2.668000	-492.041992
2.669000	-489.865997
2.670000	-492.041992
2.671000	-492.041992
2.672000	-492.041992
2.673000	-492.041992
2.674000	-492.041992
2.675000	-492.041992
2.676000	-492.041992
2.677000	-494.213989
2.678000	-492.041992
2.679000	-492.041992
2.680000	-489.865997
2.681000	-494.213989
2.682000	-492.041992
2.683000	-494.213989
2.684000	-494.213989
2.685000	-494.213989
2.686000	-492.041992
2.687000	-492.041992
2.688000	-494.213989
2.689000	-496.385986
2.690000	-494.213989
2.691000	-492.041992
2.692000	-494.213989
2.693000	-492.041992
2.694000	-494.213989
2.695000	-492.041992
2.696000	-492.041992
2.697000	-494.213989
2.698000	-496.385986
2.699000	-492.041992
2.700000	-494.213989
2.701000	-494.213989
2.702000	-492.041992
2.703000	-494.213989
2.704000	-494.213989
2.705000	-494.213989
2.706000	-494.213989
2.707000	-494.213989
2.708000	-494.213989
2.709000	-494.213989
2.710000	-494.213989
2.711000	-492.041992
2.712000	-496.385986
2.713000	-494.213989
2.714000	-494.213989
2.715000	-494.213989
2.716000	-494.213989
2.717000	-496.385986
2.718000	-496.385986
2.719000	-494.213989
2.720000	-494.213989
2.721000	-494.213989
2.722000	-494.213989
2.723000	-494.213989
2.724000	-496.385986
2.725000	-494.213989
2.726000	-496.385986
2.727000	-496.385986
2.728000	-492.041992
2.729000	-494.213989
2.730000	-496.385986
2.731000	-494.213989
2.732000	-494.213989
2.733000	-494.213989
2.734000	-496.385986
2.735000	-496.385986
2.736000	-492.041992
2.737000	-496.385986
2.738000	-496.385986
2.739000	-494.213989
2.740000	-496.385986
2.741000	-496.385986
2.742000	-496.385986
2.743000	-496.385986
2.744000	-496.385986
2.745000	-494.213989
2.746000	-496.385986
2.747000	-492.041992
2.748000	-496.385986
2.749000	-494.213989
2.750000	-496.385986
2.751000	-496.385986
2.752000	-494.213989
2.753000	-494.213989
2.754000	-496.385986
2.755000	-494.213989
2.756000	-494.213989
2.757000	-498.558014
2.758000	-494.213989
2.759000	-496.385986
2.760000	-496.385986
2.761000	-496.385986
2.762000	-494.213989
2.763000	-498.558014
2.764000	-496.385986
2.765000	-496.385986
2.766000	-496.385986
2.767000	-496.385986
2.768000	-496.385986
2.769000	-500.734985
2.770000	-494.213989
2.771000	-496.385986
2.772000	-496.385986
2.773000	-496.385986
2.774000	-496.385986
2.775000	-498.558014
2.776000	-496.385986
2.777000	-498.558014
2.778000	-494.213989
2.779000	-496.385986
2.780000	-498.558014
2.781000	-496.385986
2.782000	-496.385986
2.783000	-500.734985
2.784000	-500.734985
2.785000	-494.213989
2.786000	-496.385986
2.787000	-500.734985
2.788000	-498.558014
2.789000	-494.213989
2.790000	-498.558014
2.791000	-498.558014
2.792000	-500.734985
2.793000	-496.385986
2.794000	-498.558014
2.795000	-496.385986
2.796000	-498.558014
2.797000	-498.558014
2.798000	-498.558014
2.799000	-498.558014
2.800000	-500.734985
2.801000	-498.558014
2.802000	-496.385986
2.803000	-500.734985
2.804000	-498.558014
2.805000	-500.734985
2.806000	-498.558014
2.807000	-500.734985
2.808000	-498.558014
2.809000	-500.734985
2.810000	-498.558014
2.811000	-500.734985
2.812000	-500.734985
2.813000	-496.385986
2.814000	-500.734985
2.815000	-498.558014
2.816000	-498.558014
2.817000	-500.734985
2.818000	-498.558014
2.819000	-496.385986
2.820000	-500.734985
2.821000	-502.907013
2.822000	-498.558014
2.823000	-500.734985
2.824000	-496.385986
2.825000	-500.734985
2.826000	-500.734985
2.827000	-498.558014
2.828000	-500.734985
2.829000	-500.734985
2.830000	-500.734985
2.831000	-498.558014
2.832000	-500.734985
2.833000	-500.734985
2.834000	-500.734985
2.835000	-498.558014
2.836000	-498.558014
2.837000	-498.558014
2.838000	-498.558014
2.839000	-500.734985
2.840000	-500.734985
2.841000	-500.734985
2.842000	-498.558014
2.843000	-500.734985
2.844000	-500.734985
2.845000	-500.734985
2.846000	-500.734985
2.847000	-500.734985
2.848000	-500.734985
2.849000	-500.734985
2.850000	-498.558014
2.851000	-500.734985
2.852000	-500.734985
2.853000	-502.907013
2.854000	-500.734985
2.855000	-498.558014
2.856000	-500.734985
2.857000	-502.907013
2.858000	-500.734985
2.859000	-500.734985
2.860000	-498.558014
2.861000	-500.734985
2.862000	-500.734985
2.863000	-500.734985
2.864000	-500.734985
2.865000	-500.734985
2.866000	-500.734985
2.867000	-500.734985
2.868000	-502.907013
2.869000	-498.558014
2.870000	-502.907013
2.871000	-502.907013
2.872000	-502.907013
2.873000	-500.734985
2.874000	-500.734985
2.875000	-500.734985
2.876000	-502.907013
2.877000	-500.734985
2.878000	-502.907013
2.879000	-502.907013
2.880000	-502.907013
2.881000	-500.734985
2.882000	-502.907013
2.883000	-500.734985
2.884000	-502.907013
2.885000	-502.907013
2.886000	-500.734985
2.887000	-500.734985
2.888000	-500.734985
2.889000	-502.907013
2.890000	-500.734985
2.891000	-502.907013
2.892000	-500.734985
2.893000	-500.734985
2.894000	-502.907013
2.895000	-502.907013
2.896000	-502.907013
2.897000	-500.734985
2.898000	-502.907013
2.899000	-500.734985
2.900000	-502.907013
2.901000	-500.734985
2.902000	-500.734985
2.903000	-502.907013
2.904000	-502.907013
2.905000	-500.734985
2.906000	-502.907013
2.907000	-502.907013
2.908000	-500.734985
2.909000	-502.907013
2.910000	-502.907013
2.911000	-502.907013
2.912000	-500.734985
2.913000	-500.734985
2.914000	-502.907013
2.915000	-502.907013
2.916000	-502.907013
2.917000	-505.079010
2.918000	-500.734985
2.919000	-500.734985
2.920000	-502.907013
2.921000	-502.907013
2.922000	-502.907013
2.923000	-502.907013
2.924000	-502.907013
2.925000	-505.079010
2.926000	-502.907013
2.927000	-502.907013
2.928000	-502.907013
2.929000	-505.079010
2.930000	-502.907013
2.931000	-502.907013
2.932000	-505.079010
2.933000	-502.907013
2.934000	-505.079010
2.935000	-505.079010
2.936000	-502.907013
2.937000	-502.907013
2.938000	-505.079010
2.939000	-505.079010
2.940000	-505.079010
2.941000	-502.907013
2.942000	-502.907013
2.943000	-505.079010
2.944000	-505.079010
2.945000	-502.907013
2.946000	-505.079010
2.947000	-502.907013
2.948000	-505.079010
2.949000	-502.907013
2.950000	-502.907013
2.951000	-505.079010
2.952000	-505.079010
2.953000	-505.079010
2.954000	-505.079010
2.955000	-502.907013
2.956000	-505.079010
2.957000	-502.907013
2.958000	-509.427002
2.959000	-505.079010
2.960000	-502.907013
2.961000	-502.907013
2.962000	-505.079010
2.963000	-502.907013
2.964000	-505.079010
2.965000	-505.079010
2.966000	-507.255005
2.967000	-505.079010
2.968000	-505.079010
2.969000	-505.079010
2.970000	-502.907013
2.971000	-505.079010
2.972000	-507.255005
2.973000	-502.907013
2.974000	-505.079010
2.975000	-505.079010
2.976000	-505.079010
2.977000	-507.255005
2.978000	-502.907013
2.979000	-505.079010
2.980000	-507.255005
2.981000	-505.079010
2.982000	-505.079010
2.983000	-505.079010
2.984000	-507.255005
2.985000	-502.907013
2.986000	-507.255005
2.987000	-505.079010
2.988000	-505.079010
2.989000	-502.907013
2.990000	-505.079010
2.991000	-505.079010
2.992000	-505.079010
2.993000	-505.079010
2.994000	-507.255005
2.995000	-502.907013
2.996000	-505.079010
2.997000	-505.079010
2.998000	-505.079010
2.999000	-505.079010
3.000000	-505.079010
3.001000	-505.079010
3.002000	-505.079010
3.003000	-507.255005
3.004000	-502.907013
3.005000	-502.907013
3.006000	-505.079010
3.007000	-502.907013
3.008000	-502.907013
3.009000	-507.255005
3.010000	-505.079010
3.011000	-502.907013
3.012000	-505.079010
3.013000	-505.079010
3.014000	-505.079010
3.015000	-505.079010
3.016000	-507.255005
3.017000	-505.079010
3.018000	-509.427002
3.019000	-507.255005
3.020000	-507.255005
3.021000	-505.079010
3.022000	-507.255005
3.023000	-505.079010
3.024000	-505.079010
3.025000	-505.079010
3.026000	-505.079010
3.027000	-505.079010
3.028000	-505.079010
3.029000	-509.427002
3.030000	-509.427002
3.031000	-505.079010
3.032000	-505.079010
3.033000	-509.427002
3.034000	-507.255005
3.035000	-505.079010
3.036000	-507.255005
3.037000	-507.255005
3.038000	-505.079010
3.039000	-507.255005
3.040000	-505.079010
3.041000	-505.079010
3.042000	-505.079010
3.043000	-505.079010
3.044000	-509.427002
3.045000	-502.907013
3.046000	-505.079010
3.047000	-507.255005
3.048000	-507.255005
3.049000	-507.255005
3.050000	-505.079010
3.051000	-507.255005
3.052000	-505.079010
3.053000	-509.427002
3.054000	-507.255005
3.055000	-502.907013
3.056000	-509.427002
3.057000	-505.079010
3.058000	-505.079010
3.059000	-509.427002
3.060000	-507.255005
3.061000	-507.255005
3.062000	-507.255005
3.063000	-505.079010
3.064000	-509.427002
3.065000	-509.427002
3.066000	-509.427002
3.067000	-509.427002
3.068000	-505.079010
3.069000	-505.079010
3.070000	-509.427002
3.071000	-505.079010
3.072000	-507.255005
3.073000	-507.255005
3.074000	-509.427002
3.075000	-509.427002
3.076000	-507.255005
3.077000	-507.255005
3.078000	-507.255005
3.079000	-509.427002
3.080000	-509.427002
3.081000	-507.255005
3.082000	-505.079010
3.083000	-507.255005
3.084000	-509.427002
3.085000	-507.255005
3.086000	-507.255005
3.087000	-509.427002
3.088000	-505.079010
3.089000	-509.427002
3.090000	-509.427002
3.091000	-509.427002
3.092000	-502.907013
3.093000	-509.427002
3.094000	-507.255005
3.095000	-509.427002
3.096000	-509.427002
3.097000	-507.255005
3.098000	-509.427002
3.099000	-507.255005
3.100000	-511.598999
3.101000	-509.427002
3.102000	-507.255005
3.103000	-507.255005
3.104000	-507.255005
3.105000	-505.079010
3.106000	-509.427002
3.107000	-509.427002
3.108000	-507.255005
3.109000	-509.427002
3.110000	-509.427002
3.111000	-507.255005
3.112000	-505.079010
3.113000	-507.255005
3.114000	-509.427002
3.115000	-507.255005
3.116000	-509.427002
3.117000	-509.427002
3.118000	-509.427002
3.119000	-505.079010
3.120000	-507.255005
3.121000	-509.427002
3.122000	-507.255005
3.123000	-509.427002
3.124000	-511.598999
3.125000	-505.079010
3.126000	-507.255005
3.127000	-505.079010
3.128000	-507.255005
3.129000	-505.079010
3.130000	-507.255005
3.131000	-507.255005
3.132000	-507.255005
3.133000	-505.079010
3.134000	-509.427002
3.135000	-509.427002
3.136000	-509.427002
3.137000	-507.255005
3.138000	-505.079010
3.139000	-507.255005
3.140000	-507.255005
3.141000	-509.427002
3.142000	-509.427002
3.143000	-509.427002
3.144000	-507.255005
3.145000	-509.427002
3.146000	-507.255005
3.147000	-507.255005
3.148000	-509.427002
3.149000	-511.598999
3.150000	-509.427002
3.151000	-509.427002
3.152000	-507.255005
3.153000	-511.598999
3.154000	-509.427002
3.155000	-507.255005
3.156000	-509.427002
3.157000	-509.427002
3.158000	-507.255005
3.159000	-507.255005
3.160000	-509.427002
3.161000	-509.427002
3.162000	-511.598999
3.163000	-511.598999
3.164000	-509.427002
3.165000	-505.079010
3.166000	-511.598999
3.167000	-507.255005
3.168000	-509.427002
3.169000	-509.427002
3.170000	-509.427002
3.171000	-509.427002
3.172000	-509.427002
3.173000	-509.427002
3.174000	-507.255005
3.175000	-509.427002
3.176000	-511.598999
3.177000	-507.255005
3.178000	-509.427002
3.179000	-507.255005
3.180000	-509.427002
3.181000	-511.598999
3.182000	-509.427002
3.183000	-509.427002
3.184000	-511.598999
3.185000	-509.427002
3.186000	-509.427002
3.187000	-511.598999
3.188000	-511.598999
3.189000	-509.427002
3.190000	-509.427002
3.191000	-509.427002
3.192000	-507.255005
3.193000	-507.255005
3.194000	-507.255005
3.195000	-509.427002
3.196000	-511.598999
3.197000	-507.255005
3.198000	-509.427002
3.199000	-509.427002
3.200000	-509.427002
3.201000	-509.427002
3.202000	-509.427002
3.203000	-509.427002
3.204000	-509.427002
3.205000	-509.427002
3.206000	-511.598999
3.207000	-511.598999
3.208000	-509.427002
3.209000	-509.427002
3.210000	-511.598999
3.211000	-511.598999
3.212000	-509.427002
3.213000	-509.427002
3.214000	-509.427002
3.215000	-511.598999
3.216000	-509.427002
3.217000	-509.427002
3.218000	-509.427002
3.219000	-509.427002
3.220000	-509.427002
3.221000	-511.598999
3.222000	-509.427002
3.223000	-511.598999
3.224000	-509.427002
3.225000	-507.255005
3.226000	-507.255005
3.227000	-511.598999
3.228000	-509.427002
3.229000	-509.427002
3.230000	-507.255005
3.231000	-511.598999
3.232000	-511.598999
3.233000	-509.427002
3.234000	-511.598999
3.235000	-511.598999
3.236000	-509.427002
3.237000	-509.427002
3.238000	-509.427002
3.239000	-511.598999
3.240000	-509.427002
3.241000	-511.598999
3.242000	-511.598999
3.243000	-509.427002
3.244000	-511.598999
3.245000	-515.947021
3.246000	-511.598999
3.247000	-511.598999
3.248000	-513.770996
3.249000	-511.598999
3.250000	-509.427002
3.251000	-511.598999
3.252000	-507.255005
3.253000	-511.598999
3.254000	-511.598999
3.255000	-509.427002
3.256000	-509.427002
3.257000	-513.770996
3.258000	-511.598999
3.259000	-509.427002
3.260000	-509.427002
3.261000	-509.427002
3.262000	-509.427002
3.263000	-509.427002
3.264000	-509.427002
3.265000	-511.598999
3.266000	-511.598999
3.267000	-511.598999
3.268000	-511.598999
3.269000	-509.427002
3.270000	-509.427002
3.271000	-511.598999
3.272000	-513.770996
3.273000	-513.770996
3.274000	-513.770996
3.275000	-507.255005
3.276000	-513.770996
3.277000	-509.427002
3.278000	-511.598999
3.279000	-511.598999
3.280000	-509.427002
3.281000	-509.427002
3.282000	-509.427002
3.283000	-509.427002
3.284000	-509.427002
3.285000	-511.598999
3.286000	-509.427002
3.287000	-507.255005
3.288000	-509.427002
3.289000	-509.427002
3.290000	-509.427002
3.291000	-511.598999
3.292000	-507.255005
3.293000	-509.427002
3.294000	-511.598999
3.295000	-511.598999
3.296000	-509.427002
3.297000	-511.598999
3.298000	-509.427002
3.299000	-511.598999
3.300000	-507.255005
3.301000	-511.598999
3.302000	-509.427002
3.303000	-513.770996
3.304000	-511.598999
3.305000	-509.427002
3.306000	-509.427002
3.307000	-511.598999
3.308000	-509.427002
3.309000	-511.598999
3.310000	-511.598999
3.311000	-509.427002
3.312000	-509.427002
3.313000	-511.598999
3.314000	-511.598999
3.315000	-511.598999
3.316000	-511.598999
3.317000	-511.598999
3.318000	-509.427002
3.319000	-509.427002
3.320000	-511.598999
3.321000	-509.427002
3.322000	-511.598999
3.323000	-509.427002
3.324000	-509.427002
3.325000	-509.427002
3.326000	-511.598999
3.327000	-511.598999
3.328000	-509.427002
3.329000	-513.770996
3.330000	-511.598999
3.331000	-511.598999
3.332000	-509.427002
3.333000	-511.598999
3.334000	-511.598999
3.335000	-513.770996
3.336000	-507.255005
3.337000	-511.598999
3.338000	-511.598999
3.339000	-511.598999
3.340000	-509.427002
3.341000	-513.770996
3.342000	-511.598999
3.343000	-509.427002
3.344000	-511.598999
3.345000	-509.427002
3.346000	-511.598999
3.347000	-511.598999
3.348000	-513.770996
3.349000	-513.770996
3.350000	-511.598999
3.351000	-509.427002
3.352000	-509.427002
3.353000	-513.770996
3.354000	-509.427002
3.355000	-513.770996
3.356000	-511.598999
3.357000	-511.598999
3.358000	-511.598999
3.359000	-513.770996
3.360000	-513.770996
3.361000	-513.770996
3.362000	-511.598999
3.363000	-511.598999
3.364000	-511.598999
3.365000	-511.598999
3.366000	-511.598999
3.367000	-511.598999
3.368000	-509.427002
3.369000	-509.427002
3.370000	-513.770996
3.371000	-513.770996
3.372000	-511.598999
3.373000	-509.427002
3.374000	-511.598999
3.375000	-511.598999
3.376000	-515.947021
3.377000	-513.770996
3.378000	-511.598999
3.379000	-511.598999
3.380000	-511.598999
3.381000	-511.598999
3.382000	-513.770996
3.383000	-511.598999
3.384000	-513.770996
3.385000	-513.770996
3.386000	-511.598999
3.387000	-513.770996
3.388000	-511.598999
3.389000	-511.598999
3.390000	-513.770996
3.391000	-511.598999
3.392000	-511.598999
3.393000	-511.598999
3.394000	-511.598999
3.395000	-511.598999
3.396000	-513.770996
3.397000	-511.598999
3.398000	-513.770996
3.399000	-513.770996
3.400000	-513.770996
3.401000	-515.947021
3.402000	-513.770996
3.403000	-513.770996
3.404000	-511.598999
3.405000	-511.598999
3.406000	-511.598999
3.407000	-511.598999
3.408000	-513.770996
3.409000	-511.598999
3.410000	-513.770996
3.411000	-511.598999
3.412000	-511.598999
3.413000	-511.598999
3.414000	-511.598999
3.415000	-513.770996
3.416000	-511.598999
3.417000	-509.427002
3.418000	-513.770996
3.419000	-513.770996
3.420000	-515.947021
3.421000	-513.770996
3.422000	-511.598999
3.423000	-511.598999
3.424000	-513.770996
3.425000	-511.598999
3.426000	-511.598999
3.427000	-509.427002
3.428000	-511.598999
3.429000	-509.427002
3.430000	-513.770996
3.431000	-513.770996
3.432000	-513.770996
3.433000	-513.770996
3.434000	-513.770996
3.435000	-513.770996
3.436000	-513.770996
3.437000	-511.598999
3.438000	-511.598999
3.439000	-513.770996
3.440000	-511.598999
3.441000	-509.427002
3.442000	-513.770996
3.443000	-511.598999
3.444000	-513.770996
3.445000	-513.770996
3.446000	-511.598999
3.447000	-513.770996
3.448000	-511.598999
3.449000	-511.598999
3.450000	-511.598999
3.451000	-513.770996
3.452000	-513.770996
3.453000	-513.770996
3.454000	-513.770996
3.455000	-509.427002
3.456000	-513.770996
3.457000	-511.598999
3.458000	-513.770996
3.459000	-513.770996
3.460000	-513.770996
3.461000	-511.598999
3.462000	-513.770996
3.463000	-509.427002
3.464000	-513.770996
3.465000	-513.770996
3.466000	-513.770996
3.467000	-513.770996
3.468000	-511.598999
3.469000	-513.770996
3.470000	-515.947021
3.471000	-515.947021
3.472000	-511.598999
3.473000	-513.770996
3.474000	-515.947021
3.475000	-511.598999
3.476000	-511.598999
3.477000	-513.770996
3.478000	-511.598999
3.479000	-511.598999
3.480000	-513.770996
3.481000	-513.770996
3.482000	-513.770996
3.483000	-513.770996
3.484000	-513.770996
3.485000	-515.947021
3.486000	-513.770996
3.487000	-513.770996
3.488000	-513.770996
3.489000	-513.770996
3.490000	-509.427002
3.491000	-511.598999
3.492000	-513.770996
3.493000	-511.598999
3.494000	-513.770996
3.495000	-513.770996
3.496000	-513.770996
3.497000	-511.598999
3.498000	-511.598999
3.499000	-515.947021
3.500000	-513.770996
3.501000	-513.770996
3.502000	-513.770996
3.503000	-513.770996
3.504000	-511.598999
3.505000	-511.598999
3.506000	-513.770996
3.507000	-513.770996
3.508000	-513.770996
3.509000	-511.598999
3.510000	-511.598999
3.511000	-513.770996
3.512000	-513.770996
3.513000	-511.598999
3.514000	-511.598999
3.515000	-513.770996
3.516000	-513.770996
3.517000	-515.947021
3.518000	-511.598999
3.519000	-515.947021
3.520000	-513.770996
3.521000	-515.947021
3.522000	-513.770996
3.523000	-513.770996
3.524000	-513.770996
3.525000	-513.770996
3.526000	-515.947021
3.527000	-511.598999
3.528000	-511.598999
3.529000	-515.947021
3.530000	-513.770996
3.531000	-513.770996
3.532000	-515.947021
3.533000	-513.770996
3.534000	-515.947021
3.535000	-513.770996
3.536000	-515.947021
3.537000	-511.598999
3.538000	-513.770996
3.539000	-513.770996
3.540000	-513.770996
3.541000	-513.770996
3.542000	-513.770996
3.543000	-513.770996
3.544000	-515.947021
3.545000	-513.770996
3.546000	-513.770996
3.547000	-513.770996
3.548000	-513.770996
3.549000	-513.770996
3.550000	-511.598999
3.551000	-513.770996
3.552000	-513.770996
3.553000	-513.770996
3.554000	-513.770996
3.555000	-513.770996
3.556000	-513.770996
3.557000	-513.770996
3.558000	-513.770996
3.559000	-513.770996
3.560000	-518.119019
3.561000	-513.770996
3.562000	-511.598999
3.563000	-513.770996
3.564000	-513.770996
3.565000	-515.947021
3.566000	-513.770996
3.567000	-515.947021
3.568000	-513.770996
3.569000	-513.770996
3.570000	-513.770996
3.571000	-511.598999
3.572000	-515.947021
3.573000	-515.947021
3.574000	-511.598999
3.575000	-515.947021
3.576000	-513.770996
3.577000	-513.770996
3.578000	-515.947021
3.579000	-513.770996
3.580000	-515.947021
3.581000	-513.770996
3.582000	-515.947021
3.583000	-513.770996
3.584000	-513.770996
3.585000	-513.770996
3.586000	-515.947021
3.587000	-513.770996
3.588000	-511.598999
3.589000	-511.598999
3.590000	-513.770996
3.591000	-513.770996
3.592000	-513.770996
3.593000	-513.770996
3.594000	-513.770996
3.595000	-515.947021
3.596000	-515.947021
3.597000	-513.770996
3.598000	-513.770996
3.599000	-513.770996
3.600000	-515.947021
3.601000	-513.770996
3.602000	-511.598999
3.603000	-515.947021
3.604000	-511.598999
3.605000	-513.770996
3.606000	-511.598999
3.607000	-513.770996
3.608000	-511.598999
3.609000	-515.947021
3.610000	-513.770996
3.611000	-511.598999
3.612000	-513.770996
3.613000	-513.770996
3.614000	-513.770996
3.615000	-513.770996
3.616000	-513.770996
3.617000	-513.770996
3.618000	-513.770996
3.619000	-513.770996
3.620000	-513.770996
3.621000	-513.770996
3.622000	-513.770996
3.623000	-511.598999
3.624000	-513.770996
3.625000	-513.770996
3.626000	-513.770996
3.627000	-515.947021
3.628000	-511.598999
3.629000	-511.598999
3.630000	-513.770996
3.631000	-513.770996
3.632000	-513.770996
3.633000	-513.770996
3.634000	-513.770996
3.635000	-515.947021
3.636000	-513.770996
3.637000	-513.770996
3.638000	-513.770996
3.639000	-513.770996
3.640000	-513.770996
3.641000	-513.770996
3.642000	-513.770996
3.643000	-513.770996
3.644000	-515.947021
3.645000	-513.770996
3.646000	-513.770996
3.647000	-513.770996
3.648000	-515.947021
3.649000	-513.770996
3.650000	-515.947021
3.651000	-513.770996
3.652000	-515.947021
3.653000	-515.947021
3.654000	-518.119019
3.655000	-513.770996
3.656000	-513.770996
3.657000	-513.770996
3.658000	-513.770996
3.659000	-515.947021
3.660000	-513.770996
3.661000	-511.598999
3.662000	-515.947021
3.663000	-515.947021
3.664000	-513.770996
3.665000	-515.947021
3.666000	-515.947021
3.667000	-515.947021
3.668000	-513.770996
3.669000	-513.770996
3.670000	-513.770996
3.671000	-513.770996
3.672000	-515.947021
3.673000	-515.947021
3.674000	-511.598999
3.675000	-515.947021
3.676000	-515.947021
3.677000	-515.947021
3.678000	-511.598999
3.679000	-513.770996
3.680000	-515.947021
3.681000	-513.770996
3.682000	-513.770996
3.683000	-515.947021
3.684000	-515.947021
3.685000	-513.770996
3.686000	-513.770996
3.687000	-513.770996
3.688000	-513.770996
3.689000	-515.947021
3.690000	-515.947021
3.691000	-513.770996
3.692000	-513.770996
3.693000	-515.947021
3.694000	-513.770996
3.695000	-511.598999
3.696000	-515.947021
3.697000	-515.947021
3.698000	-515.947021
3.699000	-515.947021
3.700000	-518.119019
3.701000	-515.947021
3.702000	-515.947021
3.703000	-513.770996
3.704000	-515.947021
3.705000	-513.770996
3.706000	-513.770996
3.707000	-515.947021
3.708000	-515.947021
3.709000	-515.947021
3.710000	-513.770996
3.711000	-513.770996
3.712000	-515.947021
3.713000	-513.770996
3.714000	-513.770996
3.715000	-513.770996
3.716000	-515.947021
3.717000	-515.947021
3.718000	-513.770996
3.719000	-515.947021
3.720000	-515.947021
3.721000	-515.947021
3.722000	-515.947021
3.723000	-515.947021
3.724000	-515.947021
3.725000	-515.947021
3.726000	-518.119019
3.727000	-515.947021
3.728000	-515.947021
3.729000	-518.119019
3.730000	-518.119019
3.731000	-515.947021
3.732000	-515.947021
3.733000	-515.947021
3.734000	-515.947021
3.735000	-515.947021
3.736000	-515.947021
3.737000	-515.947021
3.738000	-513.770996
3.739000	-513.770996
3.740000	-513.770996
3.741000	-515.947021
3.742000	-513.770996
3.743000	-515.947021
3.744000	-515.947021
3.745000	-515.947021
3.746000	-515.947021
3.747000	-513.770996
3.748000	-518.119019
3.749000	-515.947021
3.750000	-518.119019
3.751000	-515.947021
3.752000	-518.119019
3.753000	-511.598999
3.754000	-511.598999
3.755000	-518.119019
3.756000	-520.291016
3.757000	-515.947021
3.758000	-515.947021
3.759000	-515.947021
3.760000	-515.947021
3.761000	-513.770996
3.762000	-515.947021
3.763000	-511.598999
3.764000	-513.770996
3.765000	-518.119019
3.766000	-518.119019
3.767000	-515.947021
3.768000	-518.119019
3.769000	-511.598999
3.770000	-513.770996
3.771000	-515.947021
3.772000	-515.947021
3.773000	-515.947021
3.774000	-513.770996
3.775000	-511.598999
3.776000	-513.770996
3.777000	-515.947021
3.778000	-513.770996
3.779000	-515.947021
3.780000	-515.947021
3.781000	-513.770996
3.782000	-513.770996
3.783000	-513.770996
3.784000	-513.770996
3.785000	-513.770996
3.786000	-515.947021
3.787000	-518.119019
3.788000	-511.598999
3.789000	-518.119019
3.790000	-515.947021
3.791000	-515.947021
3.792000	-515.947021
3.793000	-515.947021
3.794000	-515.947021
3.795000	-515.947021
3.796000	-515.947021
3.797000	-515.947021
3.798000	-518.119019
3.799000	-515.947021
3.800000	-515.947021
3.801000	-515.947021
3.802000	-513.770996
3.803000	-518.119019
3.804000	-515.947021
3.805000	-515.947021
3.806000	-515.947021
3.807000	-515.947021
3.808000	-513.770996
3.809000	-513.770996
3.810000	-515.947021
3.811000	-513.770996
3.812000	-515.947021
3.813000	-513.770996
3.814000	-513.770996
3.815000	-518.119019
3.816000	-515.947021
3.817000	-513.770996
3.818000	-518.119019
3.819000	-513.770996
3.820000	-513.770996
3.821000	-515.947021
3.822000	-513.770996
3.823000	-515.947021
3.824000	-515.947021
3.825000	-518.119019
3.826000	-515.947021
3.827000	-515.947021
3.828000	-518.119019
3.829000	-515.947021
3.830000	-513.770996
3.831000	-515.947021
3.832000	-515.947021
3.833000	-513.770996
3.834000	-513.770996
3.835000	-515.947021
3.836000	-515.947021
3.837000	-515.947021
3.838000	-513.770996
3.839000	-515.947021
3.840000	-513.770996
3.841000	-515.947021
3.842000	-515.947021
3.843000	-513.770996
3.844000	-515.947021
3.845000	-515.947021
3.846000	-515.947021
3.847000	-515.947021
3.848000	-515.947021
3.849000	-513.770996
3.850000	-518.119019
3.851000	-513.770996
3.852000	-515.947021
3.853000	-515.947021
3.854000	-515.947021
3.855000	-515.947021
3.856000	-518.119019
3.857000	-518.119019
3.858000	-515.947021
3.859000	-513.770996
3.860000	-513.770996
3.861000	-515.947021
3.862000	-515.947021
3.863000	-515.947021
3.864000	-515.947021
3.865000	-513.770996
3.866000	-515.947021
3.867000	-515.947021
3.868000	-513.770996
3.869000	-513.770996
3.870000	-518.119019
3.871000	-515.947021
3.872000	-518.119019
3.873000	-518.119019
3.874000	-518.119019
3.875000	-515.947021
3.876000	-513.770996
3.877000	-518.119019
3.878000	-515.947021
3.879000	-518.119019
3.880000	-518.119019
3.881000	-515.947021
3.882000	-515.947021
3.883000	-518.119019
3.884000	-518.119019
3.885000	-513.770996
3.886000	-515.947021
3.887000	-515.947021
3.888000	-515.947021
3.889000	-518.119019
3.890000	-518.119019
3.891000	-520.291016
3.892000	-518.119019
3.893000	-515.947021
3.894000	-518.119019
3.895000	-520.291016
3.896000	-513.770996
3.897000	-515.947021
3.898000	-515.947021
3.899000	-518.119019
3.900000	-518.119019
3.901000	-513.770996
3.902000	-513.770996
3.903000	-515.947021
3.904000	-518.119019
3.905000	-515.947021
3.906000	-515.947021
3.907000	-515.947021
3.908000	-515.947021
3.909000	-518.119019
3.910000	-515.947021
3.911000	-518.119019
3.912000	-515.947021
3.913000	-515.947021
3.914000	-515.947021
3.915000	-515.947021
3.916000	-518.119019
3.917000	-518.119019
3.918000	-515.947021
3.919000	-515.947021
3.920000	-515.947021
3.921000	-515.947021
3.922000	-515.947021
3.923000	-515.947021
3.924000	-515.947021
3.925000	-515.947021
3.926000	-513.770996
3.927000	-515.947021
3.928000	-515.947021
3.929000	-515.947021
3.930000	-515.947021
3.931000	-513.770996
3.932000	-515.947021
3.933000	-518.119019
3.934000	-518.119019
3.935000	-518.119019
3.936000	-518.119019
3.937000	-515.947021
3.938000	-518.119019
3.939000	-515.947021
3.940000	-518.119019
3.941000	-518.119019
3.942000	-515.947021
3.943000	-513.770996
3.944000	-518.119019
3.945000	-515.947021
3.946000	-518.119019
3.947000	-518.119019
3.948000	-518.119019
3.949000	-518.119019
3.950000	-518.119019
3.951000	-518.119019
3.952000	-518.119019
3.953000	-518.119019
3.954000	-515.947021
3.955000	-518.119019
3.956000	-518.119019
3.957000	-522.468018
3.958000	-518.119019
3.959000	-518.119019
3.960000	-518.119019
3.961000	-515.947021
3.962000	-513.770996
3.963000	-515.947021
3.964000	-518.119019
3.965000	-520.291016
3.966000	-515.947021
3.967000	-518.119019
3.968000	-518.119019
3.969000	-518.119019
3.970000	-518.119019
3.971000	-518.119019
3.972000	-515.947021
3.973000	-518.119019
3.974000	-513.770996
3.975000	-515.947021
3.976000	-520.291016
3.977000	-513.770996
3.978000	-518.119019
3.979000	-520.291016
3.980000	-515.947021
3.981000	-518.119019
3.982000	-515.947021
3.983000	-518.119019
3.984000	-518.119019
3.985000	-518.119019
3.986000	-515.947021
3.987000	-515.947021
3.988000	-520.291016
3.989000	-515.947021
3.990000	-515.947021
3.991000	-515.947021
3.992000	-515.947021
3.993000	-515.947021
3.994000	-518.119019
3.995000	-513.770996
3.996000	-518.119019
3.997000	-518.119019
3.998000	-518.119019
3.999000	-515.947021
4.000000	-518.119019
4.001000	-513.770996
4.002000	-515.947021
4.003000	-518.119019
4.004000	-520.291016
4.005000	-518.119019
4.006000	-515.947021
4.007000	-518.119019
4.008000	-518.119019
4.009000	-520.291016
4.010000	-513.770996
4.011000	-515.947021
4.012000	-518.119019
4.013000	-515.947021
4.014000	-518.119019
4.015000	-518.119019
4.016000	-513.770996
4.017000	-520.291016
4.018000	-515.947021
4.019000	-515.947021
4.020000	-518.119019
4.021000	-515.947021
4.022000	-518.119019
4.023000	-520.291016
4.024000	-515.947021
4.025000	-518.119019
4.026000	-520.291016
4.027000	-520.291016
4.028000	-515.947021
4.029000	-518.119019
4.030000	-518.119019
4.031000	-518.119019
4.032000	-518.119019
4.033000	-520.291016
4.034000	-520.291016
4.035000	-515.947021
4.036000	-515.947021
4.037000	-518.119019
4.038000	-518.119019
4.039000	-518.119019
4.040000	-518.119019
4.041000	-518.119019
4.042000	-518.119019
4.043000	-515.947021
4.044000	-518.119019
4.045000	-518.119019
4.046000	-518.119019
4.047000	-520.291016
4.048000	-515.947021
4.049000	-518.119019
4.050000	-518.119019
4.051000	-518.119019
4.052000	-518.119019
4.053000	-518.119019
4.054000	-518.119019
4.055000	-518.119019
4.056000	-518.119019
4.057000	-515.947021
4.058000	-518.119019
4.059000	-515.947021
4.060000	-518.119019
4.061000	-518.119019
4.062000	-518.119019
4.063000	-518.119019
4.064000	-518.119019
4.065000	-518.119019
4.066000	-518.119019
4.067000	-518.119019
4.068000	-518.119019
4.069000	-518.119019
4.070000	-522.468018
4.071000	-520.291016
4.072000	-518.119019
4.073000	-518.119019
4.074000	-515.947021
4.075000	-515.947021
4.076000	-515.947021
4.077000	-518.119019
4.078000	-515.947021
4.079000	-518.119019
4.080000	-518.119019
4.081000	-518.119019
4.082000	-518.119019
4.083000	-515.947021
4.084000	-515.947021
4.085000	-518.119019
4.086000	-520.291016
4.087000	-520.291016
4.088000	-518.119019
4.089000	-515.947021
4.090000	-515.947021
4.091000	-513.770996
4.092000	-518.119019
4.093000	-515.947021
4.094000	-513.770996
4.095000	-515.947021
4.096000	-513.770996
4.097000	-515.947021
4.098000	-518.119019
4.099000	-518.119019
4.100000	-515.947021
4.101000	-518.119019
4.102000	-518.119019
4.103000	-518.119019
4.104000	-515.947021
4.105000	-515.947021
4.106000	-515.947021
4.107000	-513.770996
4.108000	-515.947021
4.109000	-515.947021
4.110000	-515.947021
4.111000	-515.947021
4.112000	-515.947021
4.113000	-515.947021
4.114000	-513.770996
4.115000	-515.947021
4.116000	-518.119019
4.117000	-518.119019
4.118000	-518.119019
4.119000	-518.119019
4.120000	-518.119019
4.121000	-518.119019
4.122000	-515.947021
4.123000	-515.947021
4.124000	-518.119019
4.125000	-515.947021
4.126000	-515.947021
4.127000	-515.947021
4.128000	-518.119019
4.129000	-520.291016
4.130000	-518.119019
4.131000	-518.119019
4.132000	-518.119019
4.133000	-518.119019
4.134000	-520.291016
4.135000	-515.947021
4.136000	-518.119019
4.137000	-515.947021
4.138000	-518.119019
4.139000	-518.119019
4.140000	-515.947021
4.141000	-518.119019
4.142000	-515.947021
4.143000	-518.119019
4.144000	-515.947021
4.145000	-518.119019
4.146000	-515.947021
4.147000	-515.947021
4.148000	-518.119019
4.149000	-518.119019
4.150000	-520.291016
4.151000	-515.947021
4.152000	-515.947021
4.153000	-518.119019
4.154000	-520.291016
4.155000	-515.947021
4.156000	-518.119019
4.157000	-513.770996
4.158000	-515.947021
4.159000	-515.947021
4.160000	-515.947021
4.161000	-518.119019
4.162000	-518.119019
4.163000	-518.119019
4.164000	-518.119019
4.165000	-518.119019
4.166000	-518.119019
4.167000	-520.291016
4.168000	-518.119019
4.169000	-518.119019
4.170000	-518.119019
4.171000	-518.119019
4.172000	-520.291016
4.173000	-518.119019
4.174000	-518.119019
4.175000	-515.947021
4.176000	-515.947021
4.177000	-518.119019
4.178000	-518.119019
4.179000	-515.947021
4.180000	-518.119019
4.181000	-518.119019
4.182000	-518.119019
4.183000	-518.119019
4.184000	-518.119019
4.185000	-515.947021
4.186000	-515.947021
4.187000	-515.947021
4.188000	-515.947021
4.189000	-518.119019
4.190000	-515.947021
4.191000	-518.119019
4.192000	-518.119019
4.193000	-520.291016
4.194000	-518.119019
4.195000	-520.291016
4.196000	-518.119019
4.197000	-520.291016
4.198000	-515.947021
4.199000	-518.119019
4.200000	-518.119019
4.201000	-518.119019
4.202000	-518.119019
4.203000	-522.468018
4.204000	-518.119019
4.205000	-520.291016
4.206000	-520.291016
4.207000	-520.291016
4.208000	-518.119019
4.209000	-515.947021
4.210000	-515.947021
4.211000	-518.119019
4.212000	-518.119019
4.213000	-518.119019
4.214000	-518.119019
4.215000	-518.119019
4.216000	-520.291016
4.217000	-520.291016
4.218000	-520.291016
4.219000	-518.119019
4.220000	-518.119019
4.221000	-520.291016
4.222000	-518.119019
4.223000	-518.119019
4.224000	-518.119019
4.225000	-518.119019
4.226000	-518.119019
4.227000	-518.119019
4.228000	-518.119019
4.229000	-515.947021
4.230000	-515.947021
4.231000	-518.119019
4.232000	-515.947021
4.233000	-518.119019
4.234000	-518.119019
4.235000	-518.119019
4.236000	-520.291016
4.237000	-520.291016
4.238000	-518.119019
4.239000	-515.947021
4.240000	-518.119019
4.241000	-520.291016
4.242000	-518.119019
4.243000	-520.291016
4.244000	-520.291016
4.245000	-518.119019
4.246000	-518.119019
4.247000	-518.119019
4.248000	-518.119019
4.249000	-518.119019
4.250000	-520.291016
4.251000	-520.291016
4.252000	-522.468018
4.253000	-520.291016
4.254000	-520.291016
4.255000	-518.119019
4.256000	-518.119019
4.257000	-518.119019
4.258000	-520.291016
4.259000	-518.119019
4.260000	-520.291016
4.261000	-513.770996
4.262000	-518.119019
4.263000	-518.119019
4.264000	-520.291016
4.265000	-518.119019
4.266000	-518.119019
4.267000	-522.468018
4.268000	-518.119019
4.269000	-518.119019
4.270000	-518.119019
4.271000	-522.468018
4.272000	-518.119019
4.273000	-520.291016
4.274000	-515.947021
4.275000	-518.119019
4.276000	-518.119019
4.277000	-518.119019
4.278000	-518.119019
4.279000	-515.947021
4.280000	-520.291016
4.281000	-518.119019
4.282000	-518.119019
4.283000	-520.291016
4.284000	-518.119019
4.285000	-515.947021
4.286000	-520.291016
4.287000	-518.119019
4.288000	-518.119019
4.289000	-515.947021
4.290000	-518.119019
4.291000	-520.291016
4.292000	-520.291016
4.293000	-520.291016
4.294000	-518.119019
4.295000	-520.291016
4.296000	-518.119019
4.297000	-518.119019
4.298000	-515.947021
4.299000	-520.291016
4.300000	-518.119019
4.301000	-515.947021
4.302000	-518.119019
4.303000	-520.291016
4.304000	-520.291016
4.305000	-515.947021
4.306000	-520.291016
4.307000	-520.291016
4.308000	-518.119019
4.309000	-518.119019
4.310000	-515.947021
4.311000	-518.119019
4.312000	-520.291016
4.313000	-518.119019
4.314000	-520.291016
4.315000	-518.119019
4.316000	-518.119019
4.317000	-515.947021
4.318000	-520.291016
4.319000	-518.119019
4.320000	-518.119019
4.321000	-520.291016
4.322000	-520.291016
4.323000	-518.119019
4.324000	-518.119019
4.325000	-518.119019
4.326000	-520.291016
4.327000	-518.119019
4.328000	-518.119019
4.329000	-515.947021
4.330000	-518.119019
4.331000	-515.947021
4.332000	-515.947021
4.333000	-520.291016
4.334000	-520.291016
4.335000	-518.119019
4.336000	-518.119019
4.337000	-520.291016
4.338000	-520.291016
4.339000	-520.291016
4.340000	-518.119019
4.341000	-515.947021
4.342000	-518.119019
4.343000	-518.119019
4.344000	-518.119019
4.345000	-520.291016
4.346000	-520.291016
4.347000	-518.119019
4.348000	-518.119019
4.349000	-518.119019
4.350000	-518.119019
4.351000	-518.119019
4.352000	-518.119019
4.353000	-520.291016
4.354000	-520.291016
4.355000	-518.119019
4.356000	-522.468018
4.357000	-520.291016
4.358000	-518.119019
4.359000	-518.119019
4.360000	-520.291016
4.361000	-515.947021
4.362000	-518.119019
4.363000	-520.291016
4.364000	-518.119019
4.365000	-520.291016
4.366000	-520.291016
4.367000	-518.119019
4.368000	-522.468018
4.369000	-518.119019
4.370000	-520.291016
4.371000	-518.119019
4.372000	-518.119019
4.373000	-518.119019
4.374000	-518.119019
4.375000	-518.119019
4.376000	-518.119019
4.377000	-518.119019
4.378000	-520.291016
4.379000	-520.291016
4.380000	-518.119019
4.381000	-520.291016
4.382000	-515.947021
4.383000	-520.291016
4.384000	-518.119019
4.385000	-518.119019
4.386000	-518.119019
4.387000	-520.291016
4.388000	-520.291016
4.389000	-520.291016
4.390000	-518.119019
4.391000	-520.291016
4.392000	-520.291016
4.393000	-518.119019
4.394000	-515.947021
4.395000	-518.119019
4.396000	-520.291016
4.397000	-520.291016
4.398000	-518.119019
4.399000	-518.119019
4.400000	-520.291016
4.401000	-520.291016
4.402000	-518.119019
4.403000	-518.119019
4.404000	-518.119019
4.405000	-518.119019
4.406000	-522.468018
4.407000	-520.291016
4.408000	-520.291016
4.409000	-513.770996
4.410000	-520.291016
4.411000	-518.119019
4.412000	-518.119019
4.413000	-515.947021
4.414000	-520.291016
4.415000	-518.119019
4.416000	-520.291016
4.417000	-518.119019
4.418000	-520.291016
4.419000	-520.291016
4.420000	-520.291016
4.421000	-518.119019
4.422000	-518.119019
4.423000	-515.947021
4.424000	-520.291016
4.425000	-520.291016
4.426000	-520.291016
4.427000	-518.119019
4.428000	-518.119019
4.429000	-518.119019
4.430000	-520.291016
4.431000	-518.119019
4.432000	-520.291016
4.433000	-522.468018
4.434000	-522.468018
4.435000	-518.119019
4.436000	-522.468018
4.437000	-520.291016
4.438000	-522.468018
4.439000	-520.291016
4.440000	-520.291016
4.441000	-518.119019
4.442000	-518.119019
4.443000	-522.468018
4.444000	-518.119019
4.445000	-515.947021
4.446000	-522.468018
4.447000	-520.291016
4.448000	-518.119019
4.449000	-518.119019
4.450000	-520.291016
4.451000	-518.119019
4.452000	-518.119019
4.453000	-522.468018
4.454000	-518.119019
4.455000	-518.119019
4.456000	-518.119019
4.457000	-520.291016
4.458000	-520.291016
4.459000	-520.291016
4.460000	-518.119019
4.461000	-520.291016
4.462000	-520.291016
4.463000	-518.119019
4.464000	-515.947021
4.465000	-520.291016
4.466000	-518.119019
4.467000	-522.468018
4.468000	-518.119019
4.469000	-520.291016
4.470000	-518.119019
4.471000	-518.119019
4.472000	-518.119019
4.473000	-520.291016
4.474000	-520.291016
4.475000	-518.119019
4.476000	-518.119019
4.477000	-520.291016
4.478000	-520.291016
4.479000	-520.291016
4.480000	-515.947021
4.481000	-518.119019
4.482000	-515.947021
4.483000	-520.291016
4.484000	-520.291016
4.485000	-518.119019
4.486000	-520.291016
4.487000	-520.291016
4.488000	-520.291016
4.489000	-515.947021
4.490000	-520.291016
4.491000	-520.291016
4.492000	-518.119019
4.493000	-520.291016
4.494000	-518.119019
4.495000	-518.119019
4.496000	-518.119019
4.497000	-518.119019
4.498000	-520.291016
4.499000	-518.119019
4.500000	-522.468018
4.501000	-520.291016
4.502000	-520.291016
4.503000	-520.291016
4.504000	-520.291016
4.505000	-518.119019
4.506000	-518.119019
4.507000	-518.119019
4.508000	-520.291016
4.509000	-518.119019
4.510000	-522.468018
4.511000	-520.291016
4.512000	-520.291016
4.513000	-520.291016
4.514000	-518.119019
4.515000	-520.291016
4.516000	-520.291016
4.517000	-522.468018
4.518000	-518.119019
4.519000	-520.291016
4.520000	-520.291016
4.521000	-520.291016
4.522000	-522.468018
4.523000	-520.291016
4.524000	-520.291016
4.525000	-515.947021
4.526000	-522.468018
4.527000	-520.291016
4.528000	-518.119019
4.529000	-520.291016
4.530000	-520.291016
4.531000	-518.119019
4.532000	-518.119019
4.533000	-520.291016
4.534000	-520.291016
4.535000	-518.119019
4.536000	-522.468018
4.537000	-522.468018
4.538000	-520.291016
4.539000	-518.119019
4.540000	-518.119019
4.541000	-518.119019
4.542000	-518.119019
4.543000	-520.291016
4.544000	-520.291016
4.545000	-518.119019
4.546000	-520.291016
4.547000	-518.119019
4.548000	-520.291016
4.549000	-520.291016
4.550000	-520.291016
4.551000	-522.468018
4.552000	-518.119019
4.553000	-522.468018
4.554000	-520.291016
4.555000	-520.291016
4.556000	-520.291016
4.557000	-522.468018
4.558000	-520.291016
4.559000	-522.468018
4.560000	-520.291016
4.561000	-518.119019
4.562000	-520.291016
4.563000	-520.291016
4.564000	-520.291016
4.565000	-520.291016
4.566000	-520.291016
4.567000	-520.291016
4.568000	-518.119019
4.569000	-522.468018
4.570000	-520.291016
4.571000	-518.119019
4.572000	-522.468018
4.573000	-520.291016
4.574000	-520.291016
4.575000	-522.468018
4.576000	-522.468018
4.577000	-520.291016
4.578000	-520.291016
4.579000	-522.468018
4.580000	-522.468018
4.581000	-520.291016
4.582000	-518.119019
4.583000	-520.291016
4.584000	-520.291016
4.585000	-518.119019
4.586000	-522.468018
4.587000	-520.291016
4.588000	-518.119019
4.589000	-522.468018
4.590000	-520.291016
4.591000	-520.291016
4.592000	-520.291016
4.593000	-518.119019
4.594000	-520.291016
4.595000	-518.119019
4.596000	-518.119019
4.597000	-520.291016
4.598000	-520.291016
4.599000	-520.291016
4.600000	-520.291016
4.601000	-518.119019
4.602000	-520.291016
4.603000	-518.119019
4.604000	-520.291016
4.605000	-520.291016
4.606000	-522.468018
4.607000	-520.291016
4.608000	-518.119019
4.609000	-518.119019
4.610000	-520.291016
4.611000	-520.291016
4.612000	-522.468018
4.613000	-520.291016
4.614000	-518.119019
4.615000	-518.119019
4.616000	-520.291016
4.617000	-520.291016
4.618000	-522.468018
4.619000	-520.291016
4.620000	-520.291016
4.621000	-518.119019
4.622000	-520.291016
4.623000	-520.291016
4.624000	-520.291016
4.625000	-520.291016
4.626000	-520.291016
4.627000	-518.119019
4.628000	-518.119019
4.629000	-520.291016
4.630000	-518.119019
4.631000	-520.291016
4.632000	-522.468018
4.633000	-522.468018
4.634000	-520.291016
4.635000	-520.291016
4.636000	-518.119019
4.637000	-520.291016
4.638000	-522.468018
4.639000	-518.119019
4.640000	-522.468018
4.641000	-522.468018
4.642000	-520.291016
4.643000	-520.291016
4.644000	-518.119019
4.645000	-520.291016
4.646000	-520.291016
4.647000	-522.468018
4.648000	-520.291016
4.649000	-520.291016
4.650000	-520.291016
4.651000	-518.119019
4.652000	-515.947021
4.653000	-518.119019
4.654000	-522.468018
4.655000	-520.291016
4.656000	-518.119019
4.657000	-522.468018
4.658000	-518.119019
4.659000	-520.291016
4.660000	-520.291016
4.661000	-515.947021
4.662000	-520.291016
4.663000	-522.468018
4.664000	-520.291016
4.665000	-520.291016
4.666000	-518.119019
4.667000	-520.291016
4.668000	-518.119019
4.669000	-520.291016
4.670000	-520.291016
4.671000	-520.291016
4.672000	-520.291016
4.673000	-518.119019
4.674000	-520.291016
4.675000	-520.291016
4.676000	-518.119019
4.677000	-518.119019
4.678000	-520.291016
4.679000	-520.291016
4.680000	-522.468018
4.681000	-518.119019
4.682000	-520.291016
4.683000	-520.291016
4.684000	-518.119019
4.685000	-520.291016
4.686000	-522.468018
4.687000	-522.468018
4.688000	-518.119019
4.689000	-520.291016
4.690000	-520.291016
4.691000	-520.291016
4.692000	-520.291016
4.693000	-520.291016
4.694000	-520.291016
4.695000	-522.468018
4.696000	-520.291016
4.697000	-520.291016
4.698000	-520.291016
4.699000	-520.291016
4.700000	-518.119019
4.701000	-520.291016
4.702000	-515.947021
4.703000	-522.468018
4.704000	-522.468018
4.705000	-518.119019
4.706000	-522.468018
4.707000	-522.468018
4.708000	-520.291016
4.709000	-520.291016
4.710000	-522.468018
4.711000	-522.468018
4.712000	-522.468018
4.713000	-520.291016
4.714000	-520.291016
4.715000	-520.291016
4.716000	-522.468018
4.717000	-520.291016
4.718000	-518.119019
4.719000	-522.468018
4.720000	-520.291016
4.721000	-518.119019
4.722000	-520.291016
4.723000	-518.119019
4.724000	-520.291016
4.725000	-520.291016
4.726000	-520.291016
4.727000	-518.119019
4.728000	-518.119019
4.729000	-520.291016
4.730000	-518.119019
4.731000	-520.291016
4.732000	-518.119019
4.733000	-520.291016
4.734000	-518.119019
4.735000	-520.291016
4.736000	-518.119019
4.737000	-520.291016
4.738000	-520.291016
4.739000	-520.291016
4.740000	-522.468018
4.741000	-520.291016
4.742000	-518.119019
4.743000	-518.119019
4.744000	-518.119019
4.745000	-518.119019
4.746000	-518.119019
4.747000	-518.119019
4.748000	-520.291016
4.749000	-520.291016
4.750000	-522.468018
4.751000	-520.291016
4.752000	-520.291016
4.753000	-518.119019
4.754000	-520.291016
4.755000	-520.291016
4.756000	-522.468018
4.757000	-520.291016
4.758000	-520.291016
4.759000	-520.291016
4.760000	-518.119019
4.761000	-520.291016
4.762000	-520.291016
4.763000	-522.468018
4.764000	-520.291016
4.765000	-518.119019
4.766000	-522.468018
4.767000	-520.291016
4.768000	-518.119019
4.769000	-520.291016
4.770000	-520.291016
4.771000	-522.468018
4.772000	-522.468018
4.773000	-520.291016
4.774000	-520.291016
4.775000	-522.468018
4.776000	-518.119019
4.777000	-520.291016
4.778000	-520.291016
4.779000	-520.291016
4.780000	-520.291016
4.781000	-522.468018
4.782000	-518.119019
4.783000	-522.468018
4.784000	-522.468018
4.785000	-520.291016
4.786000	-522.468018
4.787000	-522.468018
4.788000	-522.468018
4.789000	-522.468018
4.790000	-520.291016
4.791000	-522.468018
4.792000	-520.291016
4.793000	-522.468018
4.794000	-520.291016
4.795000	-520.291016
4.796000	-520.291016
4.797000	-520.291016
4.798000	-522.468018
4.799000	-522.468018
4.800000	-520.291016
4.801000	-522.468018
4.802000	-520.291016
4.803000	-520.291016
4.804000	-522.468018
4.805000	-518.119019
4.806000	-518.119019
4.807000	-518.119019
4.808000	-520.291016
4.809000	-520.291016
4.810000	-522.468018
4.811000	-520.291016
4.812000	-520.291016
4.813000	-522.468018
4.814000	-520.291016
4.815000	-522.468018
4.816000	-522.468018
4.817000	-522.468018
4.818000	-518.119019
4.819000	-520.291016
4.820000	-522.468018
4.821000	-522.468018
4.822000	-520.291016
4.823000	-520.291016
4.824000	-520.291016
4.825000	-522.468018
4.826000	-524.640015
4.827000	-522.468018
4.828000	-520.291016
4.829000	-520.291016
4.830000	-520.291016
4.831000	-520.291016
4.832000	-520.291016
4.833000	-520.291016
4.834000	-522.468018
4.835000	-522.468018
4.836000	-522.468018
4.837000	-522.468018
4.838000	-522.468018
4.839000	-520.291016
4.840000	-522.468018
4.841000	-518.119019
4.842000	-520.291016
4.843000	-522.468018
4.844000	-520.291016
4.845000	-518.119019
4.846000	-520.291016
4.847000	-522.468018
4.848000	-522.468018
4.849000	-520.291016
4.850000	-520.291016
4.851000	-520.291016
4.852000	-520.291016
4.853000	-522.468018
4.854000	-520.291016
4.855000	-522.468018
4.856000	-522.468018
4.857000	-518.119019
4.858000	-522.468018
4.859000	-520.291016
4.860000	-520.291016
4.861000	-520.291016
4.862000	-520.291016
4.863000	-522.468018
4.864000	-518.119019
4.865000	-520.291016
4.866000	-520.291016
4.867000	-520.291016
4.868000	-520.291016
4.869000	-520.291016
4.870000	-520.291016
4.871000	-520.291016
4.872000	-518.119019
4.873000	-520.291016
4.874000	-520.291016
4.875000	-518.119019
4.876000	-520.291016
4.877000	-522.468018
4.878000	-518.119019
4.879000	-520.291016
4.880000	-520.291016
4.881000	-520.291016
4.882000	-520.291016
4.883000	-520.291016
4.884000	-520.291016
4.885000	-520.291016
4.886000	-520.291016
4.887000	-520.291016
4.888000	-520.291016
4.889000	-520.291016
4.890000	-520.291016
4.891000	-520.291016
4.892000	-522.468018
4.893000	-520.291016
4.894000	-520.291016
4.895000	-520.291016
4.896000	-520.291016
4.897000	-518.119019
4.898000	-520.291016
4.899000	-518.119019
4.900000	-520.291016
4.901000	-522.468018
4.902000	-515.947021
4.903000	-522.468018
4.904000	-520.291016
4.905000	-520.291016
4.906000	-520.291016
4.907000	-520.291016
4.908000	-520.291016
4.909000	-520.291016
4.910000	-520.291016
4.911000	-520.291016
4.912000	-522.468018
4.913000	-520.291016
4.914000	-518.119019
4.915000	-522.468018
4.916000	-518.119019
4.917000	-522.468018
4.918000	-522.468018
4.919000	-522.468018
4.920000	-518.119019
4.921000	-522.468018
4.922000	-522.468018
4.923000	-520.291016
4.924000	-520.291016
4.925000	-518.119019
4.926000	-522.468018
4.927000	-518.119019
4.928000	-518.119019
4.929000	-520.291016
4.930000	-520.291016
4.931000	-518.119019
4.932000	-520.291016
4.933000	-524.640015
4.934000	-522.468018
4.935000	-520.291016
4.936000	-520.291016
4.937000	-520.291016
4.938000	-520.291016
4.939000	-520.291016
4.940000	-520.291016
4.941000	-522.468018
4.942000	-520.291016
4.943000	-522.468018
4.944000	-520.291016
4.945000	-522.468018
4.946000	-520.291016
4.947000	-520.291016
4.948000	-520.291016
4.949000	-522.468018
4.950000	-520.291016
4.951000	-518.119019
4.952000	-518.119019
4.953000	-522.468018
4.954000	-522.468018
4.955000	-520.291016
4.956000	-522.468018
4.957000	-522.468018
4.958000	-520.291016
4.959000	-522.468018
4.960000	-522.468018
4.961000	-520.291016
4.962000	-520.291016
4.963000	-522.468018
4.964000	-518.119019
4.965000	-518.119019
4.966000	-520.291016
4.967000	-522.468018
4.968000	-520.291016
4.969000	-522.468018
4.970000	-522.468018
4.971000	-524.640015
4.972000	-518.119019
4.973000	-518.119019
4.974000	-522.468018
4.975000	-520.291016
4.976000	-522.468018
4.977000	-520.291016
4.978000	-520.291016
4.979000	-522.468018
4.980000	-518.119019
4.981000	-520.291016
4.982000	-520.291016
4.983000	-522.468018
4.984000	-522.468018
4.985000	-518.119019
4.986000	-522.468018
4.987000	-520.291016
4.988000	-522.468018
4.989000	-522.468018
4.990000	-522.468018
4.991000	-520.291016
4.992000	-522.468018
4.993000	-522.468018
4.994000	-520.291016
4.995000	-522.468018
4.996000	-522.468018
4.997000	-518.119019
4.998000	-522.468018
4.999000	-522.468018
5.000000	-522.468018
5.001000	-522.468018
5.002000	-520.291016
5.003000	-522.468018
5.004000	-520.291016
5.005000	-522.468018
5.006000	-524.640015
5.007000	-520.291016
5.008000	-520.291016
5.009000	-522.468018
5.010000	-520.291016
5.011000	-522.468018
5.012000	-520.291016
5.013000	-522.468018
5.014000	-520.291016
5.015000	-522.468018
5.016000	-522.468018
5.017000	-518.119019
5.018000	-520.291016
5.019000	-522.468018
5.020000	-520.291016
5.021000	-518.119019
5.022000	-520.291016
5.023000	-520.291016
5.024000	-518.119019
5.025000	-524.640015
5.026000	-520.291016
5.027000	-522.468018
5.028000	-518.119019
5.029000	-520.291016
5.030000	-522.468018
5.031000	-520.291016
5.032000	-522.468018
5.033000	-522.468018
5.034000	-524.640015
5.035000	-520.291016
5.036000	-522.468018
5.037000	-520.291016
5.038000	-522.468018
5.039000	-522.468018
5.040000	-520.291016
5.041000	-522.468018
5.042000	-522.468018
5.043000	-520.291016
5.044000	-522.468018
5.045000	-522.468018
5.046000	-524.640015
5.047000	-518.119019
5.048000	-520.291016
5.049000	-524.640015
5.050000	-520.291016
5.051000	-522.468018
5.052000	-520.291016
5.053000	-522.468018
5.054000	-522.468018
5.055000	-522.468018
5.056000	-518.119019
5.057000	-520.291016
5.058000	-522.468018
5.059000	-520.291016
5.060000	-520.291016
5.061000	-520.291016
5.062000	-518.119019
5.063000	-518.119019
5.064000	-520.291016
5.065000	-520.291016
5.066000	-522.468018
5.067000	-520.291016
5.068000	-520.291016
5.069000	-520.291016
5.070000	-522.468018
5.071000	-522.468018
5.072000	-522.468018
5.073000	-520.291016
5.074000	-520.291016
5.075000	-524.640015
5.076000	-520.291016
5.077000	-518.119019
5.078000	-518.119019
5.079000	-520.291016
5.080000	-520.291016
5.081000	-520.291016
5.082000	-520.291016
5.083000	-522.468018
5.084000	-520.291016
5.085000	-522.468018
5.086000	-524.640015
5.087000	-520.291016
5.088000	-522.468018
5.089000	-522.468018
5.090000	-522.468018
5.091000	-522.468018
5.092000	-522.468018
5.093000	-522.468018
5.094000	-522.468018
5.095000	-522.468018
5.096000	-522.468018
5.097000	-520.291016
5.098000	-522.468018
5.099000	-522.468018
5.100000	-520.291016
5.101000	-518.119019
5.102000	-522.468018
5.103000	-522.468018
5.104000	-522.468018
5.105000	-522.468018
5.106000	-520.291016
5.107000	-520.291016
5.108000	-520.291016
5.109000	-522.468018
5.110000	-520.291016
5.111000	-518.119019
5.112000	-520.291016
5.113000	-522.468018
5.114000	-522.468018
5.115000	-520.291016
5.116000	-522.468018
5.117000	-522.468018
5.118000	-522.468018
5.119000	-522.468018
5.120000	-520.291016
5.121000	-522.468018
5.122000	-522.468018
5.123000	-520.291016
5.124000	-522.468018
5.125000	-520.291016
5.126000	-522.468018
5.127000	-522.468018
5.128000	-522.468018
5.129000	-522.468018
5.130000	-522.468018
5.131000	-524.640015
5.132000	-522.468018
5.133000	-522.468018
5.134000	-522.468018
5.135000	-520.291016
5.136000	-522.468018
5.137000	-522.468018
5.138000	-524.640015
5.139000	-524.640015
5.140000	-520.291016
5.141000	-522.468018
5.142000	-522.468018
5.143000	-520.291016
5.144000	-522.468018
5.145000	-520.291016
5.146000	-520.291016
5.147000	-520.291016
5.148000	-522.468018
5.149000	-522.468018
5.150000	-520.291016
5.151000	-522.468018
5.152000	-518.119019
5.153000	-520.291016
5.154000	-522.468018
5.155000	-520.291016
5.156000	-522.468018
5.157000	-520.291016
5.158000	-520.291016
5.159000	-524.640015
5.160000	-520.291016
5.161000	-522.468018
5.162000	-520.291016
5.163000	-518.119019
5.164000	-520.291016
5.165000	-522.468018
5.166000	-522.468018
5.167000	-520.291016
5.168000	-522.468018
5.169000	-520.291016
5.170000	-522.468018
5.171000	-522.468018
5.172000	-522.468018
5.173000	-520.291016
5.174000	-520.291016
5.175000	-522.468018
5.176000	-520.291016
5.177000	-522.468018
5.178000	-522.468018
5.179000	-520.291016
5.180000	-520.291016
5.181000	-520.291016
5.182000	-522.468018
5.183000	-522.468018
5.184000	-522.468018
5.185000	-522.468018
5.186000	-520.291016
5.187000	-522.468018
5.188000	-522.468018
5.189000	-522.468018
5.190000	-520.291016
5.191000	-520.291016
5.192000	-520.291016
5.193000	-518.119019
5.194000	-520.291016
5.195000	-520.291016
5.196000	-520.291016
5.197000	-520.291016
5.198000	-520.291016
5.199000	-522.468018
5.200000	-520.291016
5.201000	-520.291016
5.202000	-518.119019
5.203000	-524.640015
5.204000	-526.812012
5.205000	-522.468018
5.206000	-522.468018
5.207000	-518.119019
5.208000	-522.468018
5.209000	-522.468018
5.210000	-522.468018
5.211000	-522.468018
5.212000	-522.468018
5.213000	-518.119019
5.214000	-522.468018
5.215000	-524.640015
5.216000	-522.468018
5.217000	-522.468018
5.218000	-520.291016
5.219000	-526.812012
5.220000	-522.468018
5.221000	-522.468018
5.222000	-522.468018
5.223000	-522.468018
5.224000	-522.468018
5.225000	-520.291016
5.226000	-520.291016
5.227000	-520.291016
5.228000	-522.468018
5.229000	-522.468018
5.230000	-520.291016
5.231000	-522.468018
5.232000	-522.468018
5.233000	-522.468018
5.234000	-522.468018
5.235000	-520.291016
5.236000	-520.291016
5.237000	-522.468018
5.238000	-518.119019
5.239000	-520.291016
5.240000	-520.291016
5.241000	-522.468018
5.242000	-522.468018
5.243000	-522.468018
5.244000	-520.291016
5.245000	-522.468018
5.246000	-524.640015
5.247000	-522.468018
5.248000	-522.468018
5.249000	-524.640015
5.250000	-524.640015
5.251000	-522.468018
5.252000	-520.291016
5.253000	-520.291016
5.254000	-524.640015
5.255000	-522.468018
5.256000	-518.119019
5.257000	-520.291016
5.258000	-522.468018
5.259000	-524.640015
5.260000	-520.291016
5.261000	-522.468018
5.262000	-522.468018
5.263000	-520.291016
5.264000	-520.291016
5.265000	-522.468018
5.266000	-522.468018
5.267000	-522.468018
5.268000	-522.468018
5.269000	-524.640015
5.270000	-518.119019
5.271000	-524.640015
5.272000	-522.468018
5.273000	-520.291016
5.274000	-522.468018
5.275000	-524.640015
5.276000	-522.468018
5.277000	-526.812012
5.278000	-522.468018
5.279000	-522.468018
5.280000	-518.119019
5.281000	-520.291016
5.282000	-522.468018
5.283000	-524.640015
5.284000	-520.291016
5.285000	-520.291016
5.286000	-522.468018
5.287000	-522.468018
5.288000	-520.291016
5.289000	-520.291016
5.290000	-518.119019
5.291000	-522.468018
5.292000	-522.468018
5.293000	-522.468018
5.294000	-522.468018
5.295000	-520.291016
5.296000	-520.291016
5.297000	-522.468018
5.298000	-522.468018
5.299000	-522.468018
5.300000	-522.468018
5.301000	-524.640015
5.302000	-522.468018
5.303000	-524.640015
5.304000	-524.640015
5.305000	-518.119019
5.306000	-522.468018
5.307000	-520.291016
5.308000	-520.291016
5.309000	-522.468018
5.310000	-522.468018
5.311000	-524.640015
5.312000	-520.291016
5.313000	-522.468018
5.314000	-520.291016
5.315000	-522.468018
5.316000	-524.640015
5.317000	-518.119019
5.318000	-522.468018
5.319000	-522.468018
5.320000	-522.468018
5.321000	-522.468018
5.322000	-522.468018
5.323000	-522.468018
5.324000	-522.468018
5.325000	-522.468018
5.326000	-524.640015
5.327000	-518.119019
5.328000	-522.468018
5.329000	-524.640015
5.330000	-522.468018
5.331000	-522.468018
5.332000	-522.468018
5.333000	-522.468018
5.334000	-520.291016
5.335000	-520.291016
5.336000	-522.468018
5.337000	-520.291016
5.338000	-524.640015
5.339000	-520.291016
5.340000	-522.468018
5.341000	-520.291016
5.342000	-524.640015
5.343000	-520.291016
5.344000	-520.291016
5.345000	-526.812012
5.346000	-522.468018
5.347000	-522.468018
5.348000	-524.640015
5.349000	-522.468018
5.350000	-520.291016
5.351000	-520.291016
5.352000	-522.468018
5.353000	-522.468018
5.354000	-520.291016
5.355000	-520.291016
5.356000	-520.291016
5.357000	-522.468018
5.358000	-520.291016
5.359000	-520.291016
5.360000	-520.291016
5.361000	-522.468018
5.362000	-520.291016
5.363000	-522.468018
5.364000	-522.468018
5.365000	-520.291016
5.366000	-522.468018
5.367000	-522.468018
5.368000	-522.468018
5.369000	-524.640015
5.370000	-520.291016
5.371000	-524.640015
5.372000	-522.468018
5.373000	-520.291016
5.374000	-520.291016
5.375000	-522.468018
5.376000	-520.291016
5.377000	-522.468018
5.378000	-522.468018
5.379000	-524.640015
5.380000	-520.291016
5.381000	-520.291016
5.382000	-522.468018
5.383000	-522.468018
5.384000	-520.291016
5.385000	-522.468018
5.386000	-522.468018
5.387000	-520.291016
5.388000	-526.812012
5.389000	-522.468018
5.390000	-524.640015
5.391000	-522.468018
5.392000	-520.291016
5.393000	-520.291016
5.394000	-522.468018
5.395000	-522.468018
5.396000	-522.468018
5.397000	-520.291016
5.398000	-520.291016
5.399000	-524.640015
5.400000	-524.640015
5.401000	-518.119019
5.402000	-522.468018
5.403000	-524.640015
5.404000	-522.468018
5.405000	-522.468018
5.406000	-520.291016
5.407000	-522.468018
5.408000	-520.291016
5.409000	-522.468018
5.410000	-522.468018
5.411000	-522.468018
5.412000	-520.291016
5.413000	-522.468018
5.414000	-522.468018
5.415000	-524.640015
5.416000	-522.468018
5.417000	-522.468018
5.418000	-522.468018
5.419000	-522.468018
5.420000	-524.640015
5.421000	-522.468018
5.422000	-522.468018
5.423000	-522.468018
5.424000	-522.468018
5.425000	-522.468018
5.426000	-522.468018
5.427000	-522.468018
5.428000	-520.291016
5.429000	-522.468018
5.430000	-522.468018
5.431000	-522.468018
5.432000	-522.468018
5.433000	-524.640015
5.434000	-520.291016
5.435000	-520.291016
5.436000	-522.468018
5.437000	-522.468018
5.438000	-520.291016
5.439000	-520.291016
5.440000	-518.119019
5.441000	-522.468018
5.442000	-520.291016
5.443000	-522.468018
5.444000	-520.291016
5.445000	-520.291016
5.446000	-524.640015
5.447000	-520.291016
5.448000	-524.640015
5.449000	-524.640015
5.450000	-520.291016
5.451000	-526.812012
5.452000	-524.640015
5.453000	-522.468018
5.454000	-522.468018
5.455000	-522.468018
5.456000	-522.468018
5.457000	-522.468018
5.458000	-522.468018
5.459000	-520.291016
5.460000	-520.291016
5.461000	-520.291016
5.462000	-524.640015
5.463000	-522.468018
5.464000	-522.468018
5.465000	-524.640015
5.466000	-522.468018
5.467000	-522.468018
5.468000	-522.468018
5.469000	-522.468018
5.470000	-522.468018
5.471000	-524.640015
5.472000	-522.468018
5.473000	-522.468018
5.474000	-522.468018
5.475000	-522.468018
5.476000	-522.468018
5.477000	-520.291016
5.478000	-522.468018
5.479000	-522.468018
5.480000	-522.468018
5.481000	-524.640015
5.482000	-522.468018
5.483000	-522.468018
5.484000	-522.468018
5.485000	-522.468018
5.486000	-522.468018
5.487000	-522.468018
5.488000	-522.468018
5.489000	-522.468018
5.490000	-522.468018
5.491000	-520.291016
5.492000	-522.468018
5.493000	-522.468018
5.494000	-522.468018
5.495000	-522.468018
5.496000	-522.468018
5.497000	-520.291016
5.498000	-522.468018
5.499000	-524.640015
5.500000	-526.812012
5.501000	-520.291016
5.502000	-522.468018
5.503000	-522.468018
5.504000	-524.640015
5.505000	-524.640015
5.506000	-522.468018
5.507000	-522.468018
5.508000	-522.468018
5.509000	-524.640015
5.510000	-522.468018
5.511000	-522.468018
5.512000	-522.468018
5.513000	-522.468018
5.514000	-522.468018
5.515000	-522.468018
5.516000	-524.640015
5.517000	-524.640015
5.518000	-520.291016
5.519000	-522.468018
5.520000	-524.640015
5.521000	-524.640015
5.522000	-522.468018
5.523000	-522.468018
5.524000	-522.468018
5.525000	-524.640015
5.526000	-522.468018
5.527000	-520.291016
5.528000	-524.640015
5.529000	-522.468018
5.530000	-522.468018
5.531000	-524.640015
5.532000	-520.291016
5.533000	-522.468018
5.534000	-524.640015
5.535000	-524.640015
5.536000	-522.468018
5.537000	-522.468018
5.538000	-520.291016
5.539000	-526.812012
5.540000	-524.640015
5.541000	-522.468018
5.542000	-522.468018
5.543000	-522.468018
5.544000	-520.291016
5.545000	-520.291016
5.546000	-522.468018
5.547000	-522.468018
5.548000	-522.468018
5.549000	-522.468018
5.550000	-522.468018
5.551000	-524.640015
5.552000	-524.640015
5.553000	-522.468018
5.554000	-524.640015
5.555000	-522.468018
5.556000	-522.468018
5.557000	-522.468018
5.558000	-522.468018
5.559000	-522.468018
5.560000	-522.468018
5.561000	-522.468018
5.562000	-522.468018
5.563000	-520.291016
5.564000	-524.640015
5.565000	-522.468018
5.566000	-524.640015
5.567000	-522.468018
5.568000	-520.291016
5.569000	-524.640015
5.570000	-522.468018
5.571000	-522.468018
5.572000	-522.468018
5.573000	-522.468018
5.574000	-522.468018
5.575000	-522.468018
5.576000	-526.812012
5.577000	-518.119019
5.578000	-524.640015
5.579000	-522.468018
5.580000	-522.468018
5.581000	-522.468018
5.582000	-522.468018
5.583000	-524.640015
5.584000	-522.468018
5.585000	-524.640015
5.586000	-522.468018
5.587000	-524.640015
5.588000	-524.640015
5.589000	-524.640015
5.590000	-524.640015
5.591000	-522.468018
5.592000	-524.640015
5.593000	-522.468018
5.594000	-524.640015
5.595000	-520.291016
5.596000	-522.468018
5.597000	-522.468018
5.598000	-520.291016
5.599000	-524.640015
5.600000	-522.468018
5.601000	-524.640015
5.602000	-526.812012
5.603000	-522.468018
5.604000	-526.812012
5.605000	-522.468018
5.606000	-522.468018
5.607000	-522.468018
5.608000	-524.640015
5.609000	-520.291016
5.610000	-522.468018
5.611000	-522.468018
5.612000	-522.468018
5.613000	-520.291016
5.614000	-522.468018
5.615000	-522.468018
5.616000	-520.291016
5.617000	-522.468018
5.618000	-522.468018
5.619000	-524.640015
5.620000	-524.640015
5.621000	-522.468018
5.622000	-520.291016
5.623000	-524.640015
5.624000	-522.468018
5.625000	-522.468018
5.626000	-524.640015
5.627000	-522.468018
5.628000	-524.640015
5.629000	-522.468018
5.630000	-520.291016
5.631000	-520.291016
5.632000	-524.640015
5.633000	-520.291016
5.634000	-522.468018
5.635000	-522.468018
5.636000	-522.468018
5.637000	-520.291016
5.638000	-524.640015
5.639000	-524.640015
5.640000	-520.291016
5.641000	-522.468018
5.642000	-524.640015
5.643000	-522.468018
5.644000	-524.640015
5.645000	-522.468018
5.646000	-522.468018
5.647000	-520.291016
5.648000	-522.468018
5.649000	-522.468018
5.650000	-520.291016
5.651000	-524.640015
5.652000	-522.468018
5.653000	-520.291016
5.654000	-522.468018
5.655000	-520.291016
5.656000	-522.468018
5.657000	-524.640015
5.658000	-522.468018
5.659000	-522.468018
5.660000	-522.468018
5.661000	-524.640015
5.662000	-520.291016
5.663000	-522.468018
5.664000	-522.468018
5.665000	-522.468018
5.666000	-524.640015
5.667000	-520.291016
5.668000	-520.291016
5.669000	-522.468018
5.670000	-524.640015
5.671000	-522.468018
5.672000	-520.291016
5.673000	-520.291016
5.674000	-526.812012
5.675000	-522.468018
5.676000	-522.468018
5.677000	-522.468018
5.678000	-522.468018
5.679000	-520.291016
5.680000	-522.468018
5.681000	-522.468018
5.682000	-522.468018
5.683000	-522.468018
5.684000	-522.468018
5.685000	-524.640015
5.686000	-520.291016
5.687000	-522.468018
5.688000	-522.468018
5.689000	-520.291016
5.690000	-522.468018
5.691000	-522.468018
5.692000	-524.640015
5.693000	-520.291016
5.694000	-522.468018
5.695000	-524.640015
5.696000	-520.291016
5.697001	-522.468018
5.698000	-522.468018
5.699000	-522.468018
5.700000	-522.468018
5.701000	-522.468018
5.702000	-524.640015
5.703000	-522.468018
5.704000	-522.468018
5.705000	-526.812012
5.706000	-522.468018
5.707000	-522.468018
5.708000	-526.812012
5.709000	-522.468018
5.710000	-520.291016
5.711000	-522.468018
5.712000	-522.468018
5.713000	-524.640015
5.714000	-522.468018
5.715000	-522.468018
5.716000	-524.640015
5.717000	-522.468018
5.718000	-522.468018
5.719000	-522.468018
5.720000	-524.640015
5.721000	-524.640015
5.722000	-524.640015
5.723000	-524.640015
5.724000	-522.468018
5.725000	-522.468018
5.726000	-526.812012
5.727000	-520.291016
5.728000	-526.812012
5.729000	-524.640015
5.730000	-524.640015
5.731000	-522.468018
5.732000	-524.640015
5.733000	-520.291016
5.734000	-522.468018
5.735000	-522.468018
5.736000	-524.640015
5.737000	-526.812012
5.738000	-522.468018
5.739000	-522.468018
5.740000	-524.640015
5.741000	-522.468018
5.742000	-522.468018
5.743001	-524.640015
5.744000	-524.640015
5.745000	-522.468018
5.746000	-522.468018
5.747000	-522.468018
5.748000	-524.640015
5.749000	-522.468018
5.750000	-524.640015
5.751000	-524.640015
5.752000	-524.640015
5.753000	-522.468018
5.754000	-522.468018
5.755000	-524.640015
5.756000	-524.640015
5.757000	-522.468018
5.758000	-520.291016
5.759000	-526.812012
5.760000	-520.291016
5.761000	-520.291016
5.762000	-522.468018
5.763000	-522.468018
5.764000	-522.468018
5.765000	-522.468018
5.766000	-526.812012
5.767000	-522.468018
5.768000	-518.119019
5.769000	-526.812012
5.770000	-522.468018
5.771000	-522.468018
5.772000	-522.468018
5.773000	-522.468018
5.774000	-520.291016
5.775000	-520.291016
5.776000	-520.291016
5.777000	-520.291016
5.778000	-524.640015
5.779000	-522.468018
5.780000	-522.468018
5.781000	-522.468018
5.782000	-524.640015
5.783000	-522.468018
5.784000	-522.468018
5.785000	-522.468018
5.786000	-522.468018
5.787000	-520.291016
5.788000	-524.640015
5.789001	-524.640015
5.790000	-522.468018
5.791000	-522.468018
5.792000	-522.468018
5.793000	-522.468018
5.794000	-520.291016
5.795000	-522.468018
5.796000	-522.468018
5.797000	-524.640015
5.798000	-520.291016
5.799000	-520.291016
5.800000	-522.468018
5.801000	-524.640015
5.802000	-524.640015
5.803000	-522.468018
5.804000	-522.468018
5.805000	-524.640015
5.806000	-520.291016
5.807000	-520.291016
5.808000	-520.291016
5.809000	-522.468018
5.810000	-524.640015
5.811000	-522.468018
5.812000	-524.640015
5.813000	-522.468018
5.814000	-524.640015
5.815000	-522.468018
5.816000	-524.640015
5.817000	-522.468018
5.818000	-522.468018
5.819000	-522.468018
5.820000	-520.291016
5.821000	-522.468018
5.822001	-522.468018
5.823000	-522.468018
5.824000	-522.468018
5.825000	-522.468018
5.826000	-520.291016
5.827000	-522.468018
5.828000	-524.640015
5.829000	-522.468018
5.830000	-522.468018
5.831000	-522.468018
5.832000	-526.812012
5.833000	-524.640015
5.834000	-520.291016
5.835001	-522.468018
5.836000	-522.468018
5.837000	-524.640015
5.838000	-524.640015
5.839000	-520.291016
5.840000	-522.468018
5.841000	-522.468018
5.842000	-524.640015
5.843000	-522.468018
5.844000	-522.468018
5.845000	-522.468018
5.846000	-522.468018
5.847000	-520.291016
5.848000	-524.640015
5.849000	-524.640015
5.850000	-522.468018
5.851000	-520.291016
5.852000	-524.640015
5.853000	-522.468018
5.854000	-522.468018
5.855000	-524.640015
5.856000	-522.468018
5.857000	-524.640015
5.858000	-522.468018
5.859000	-522.468018
5.860000	-524.640015
5.861000	-522.468018
5.862000	-522.468018
5.863000	-522.468018
5.864000	-522.468018
5.865000	-526.812012
5.866000	-522.468018
5.867000	-522.468018
5.868001	-522.468018
5.869000	-522.468018
5.870000	-520.291016
5.871000	-524.640015
5.872000	-522.468018
5.873000	-524.640015
5.874000	-518.119019
5.875000	-524.640015
5.876000	-526.812012
5.877000	-524.640015
5.878000	-524.640015
5.879000	-522.468018
5.880000	-522.468018
5.881000	-522.468018
5.882000	-522.468018
5.883000	-522.468018
5.884000	-524.640015
5.885000	-522.468018
5.886000	-522.468018
5.887000	-524.640015
5.888000	-524.640015
5.889000	-522.468018
5.890000	-524.640015
5.891000	-524.640015
5.892000	-524.640015
5.893000	-522.468018
5.894000	-522.468018
5.895000	-524.640015
5.896000	-524.640015
5.897000	-524.640015
5.898000	-524.640015
5.899000	-520.291016
5.900000	-526.812012
5.901000	-522.468018
5.902000	-524.640015
5.903000	-520.291016
5.904000	-524.640015
5.905000	-522.468018
5.906000	-520.291016
5.907000	-524.640015
5.908000	-526.812012
5.909000	-520.291016
5.910000	-524.640015
5.911000	-522.468018
5.912000	-522.468018
5.913000	-522.468018
5.914001	-522.468018
5.915000	-522.468018
5.916000	-522.468018
5.917000	-520.291016
5.918000	-520.291016
5.919000	-524.640015
5.920000	-524.640015
5.921000	-522.468018
5.922000	-522.468018
5.923000	-522.468018
5.924000	-520.291016
5.925000	-524.640015
5.926000	-522.468018
5.927000	-526.812012
5.928000	-522.468018
5.929000	-520.291016
5.930000	-524.640015
5.931000	-522.468018
5.932000	-520.291016
5.933000	-522.468018
5.934000	-524.640015
5.935000	-522.468018
5.936000	-524.640015
5.937000	-522.468018
5.938000	-522.468018
5.939000	-522.468018
5.940000	-522.468018
5.941000	-522.468018
5.942000	-524.640015
5.943000	-522.468018
5.944000	-520.291016
5.945000	-520.291016
5.946000	-522.468018
5.947001	-522.468018
5.948000	-522.468018
5.949000	-522.468018
5.950000	-522.468018
5.951000	-522.468018
5.952000	-524.640015
5.953000	-526.812012
5.954000	-522.468018
5.955000	-524.640015
5.956000	-522.468018
5.957000	-520.291016
5.958000	-524.640015
5.959000	-520.291016
5.960001	-522.468018
5.961000	-520.291016
5.962000	-522.468018
5.963000	-526.812012
5.964000	-522.468018
5.965000	-524.640015
5.966000	-522.468018
5.967000	-524.640015
5.968000	-522.468018
5.969000	-526.812012
5.970000	-524.640015
5.971000	-526.812012
5.972000	-520.291016
5.973000	-522.468018
5.974000	-524.640015
5.975000	-522.468018
5.976000	-522.468018
5.977000	-524.640015
5.978000	-524.640015
5.979000	-522.468018
5.980000	-522.468018
5.981000	-520.291016
5.982000	-522.468018
5.983000	-524.640015
5.984000	-520.291016
5.985000	-522.468018
5.986000	-522.468018
5.987000	-524.640015
5.988000	-524.640015
5.989000	-522.468018
5.990000	-520.291016
5.991000	-520.291016
5.992000	-522.468018
5.993001	-522.468018
5.994000	-524.640015
5.995000	-524.640015
5.996000	-520.291016
5.997000	-522.468018
5.998000	-522.468018
5.999000	-524.640015
6.000000	-524.640015
6.001000	-524.640015
6.002000	-522.468018
6.003000	-524.640015
6.004000	-522.468018
6.005000	-522.468018
6.006001	-520.291016
6.007000	-522.468018
6.008000	-522.468018
6.009000	-524.640015
6.010000	-522.468018
6.011000	-522.468018
6.012000	-522.468018
6.013000	-522.468018
6.014000	-522.468018
6.015000	-522.468018
6.016000	-522.468018
6.017000	-522.468018
6.018000	-522.468018
6.019000	-522.468018
6.020000	-522.468018
6.021000	-522.468018
6.022000	-524.640015
6.023000	-526.812012
6.024000	-520.291016
6.025000	-522.468018
6.026000	-526.812012
6.027000	-522.468018
6.028000	-522.468018
6.029000	-522.468018
6.030000	-522.468018
6.031000	-522.468018
6.032000	-520.291016
6.033000	-522.468018
6.034000	-522.468018
6.035000	-522.468018
6.036000	-526.812012
6.037000	-526.812012
6.038000	-524.640015
6.039001	-520.291016
6.040000	-520.291016
6.041000	-522.468018
6.042000	-524.640015
6.043000	-522.468018
6.044000	-520.291016
6.045000	-522.468018
6.046000	-524.640015
6.047000	-522.468018
6.048000	-522.468018
6.049000	-522.468018
6.050000	-524.640015
6.051000	-524.640015
6.052001	-526.812012
6.053000	-522.468018
6.054000	-524.640015
6.055000	-522.468018
6.056000	-522.468018
6.057000	-522.468018
6.058000	-522.468018
6.059000	-524.640015
6.060000	-524.640015
6.061000	-524.640015
6.062000	-522.468018
6.063000	-522.468018
6.064000	-522.468018
6.065000	-522.468018
6.066000	-524.640015
6.067000	-524.640015
6.068000	-522.468018
6.069000	-524.640015
6.070000	-524.640015
6.071000	-524.640015
6.072001	-522.468018
6.073000	-522.468018
6.074000	-522.468018
6.075000	-522.468018
6.076000	-522.468018
6.077000	-522.468018
6.078000	-526.812012
6.079000	-524.640015
6.080000	-524.640015
6.081000	-526.812012
6.082000	-524.640015
6.083000	-524.640015
6.084000	-524.640015
6.085001	-524.640015
6.086000	-522.468018
6.087000	-524.640015
6.088000	-522.468018
6.089000	-522.468018
6.090000	-522.468018
6.091000	-524.640015
6.092000	-522.468018
6.093000	-524.640015
6.094000	-522.468018
6.095000	-526.812012
6.096000	-524.640015
6.097000	-524.640015
6.098001	-524.640015
6.099000	-526.812012
6.100000	-524.640015
6.101000	-522.468018
6.102000	-524.640015
6.103000	-526.812012
6.104000	-524.640015
6.105000	-524.640015
6.106000	-526.812012
6.107000	-524.640015
6.108000	-522.468018
6.109000	-526.812012
6.110000	-522.468018
6.111000	-522.468018
6.112000	-524.640015
6.113000	-522.468018
6.114000	-522.468018
6.115000	-522.468018
6.116000	-524.640015
6.117000	-522.468018
6.118001	-522.468018
6.119000	-522.468018
6.120000	-522.468018
6.121000	-522.468018
6.122000	-524.640015
6.123000	-524.640015
6.124000	-520.291016
6.125000	-526.812012
6.126000	-522.468018
6.127000	-524.640015
6.128000	-522.468018
6.129000	-524.640015
6.130000	-522.468018
6.131001	-524.640015
6.132000	-524.640015
6.133000	-528.984009
6.134000	-526.812012
6.135000	-522.468018
6.136000	-524.640015
6.137000	-522.468018
6.138000	-526.812012
6.139000	-524.640015
6.140000	-528.984009
6.141000	-522.468018
6.142000	-522.468018
6.143000	-526.812012
6.144000	-526.812012
6.145000	-524.640015
6.146000	-522.468018
6.147000	-522.468018
6.148000	-524.640015
6.149000	-522.468018
6.150000	-526.812012
6.151000	-522.468018
6.152000	-526.812012
6.153000	-524.640015
6.154000	-522.468018
6.155000	-522.468018
6.156000	-524.640015
6.157000	-524.640015
6.158000	-526.812012
6.159000	-524.640015
6.160000	-524.640015
6.161000	-522.468018
6.162000	-524.640015
6.163000	-526.812012
6.164001	-522.468018
6.165000	-524.640015
6.166000	-524.640015
6.167000	-522.468018
6.168000	-522.468018
6.169000	-522.468018
6.170000	-522.468018
6.171000	-526.812012
6.172000	-524.640015
6.173000	-522.468018
6.174000	-524.640015
6.175000	-522.468018
6.176000	-522.468018
6.177001	-524.640015
6.178000	-522.468018
6.179000	-522.468018
6.180000	-524.640015
6.181000	-524.640015
6.182000	-524.640015
6.183000	-522.468018
6.184000	-522.468018
6.185000	-522.468018
6.186000	-524.640015
6.187000	-522.468018
6.188000	-522.468018
6.189000	-522.468018
6.190000	-522.468018
6.191000	-522.468018
6.192000	-520.291016
6.193000	-524.640015
6.194000	-524.640015
6.195000	-524.640015
6.196000	-522.468018
6.197001	-522.468018
6.198000	-524.640015
6.199000	-522.468018
6.200000	-524.640015
6.201000	-520.291016
6.202000	-524.640015
6.203000	-524.640015
6.204000	-522.468018
6.205000	-522.468018
6.206000	-522.468018
6.207000	-524.640015
6.208000	-522.468018
6.209000	-522.468018
6.210001	-524.640015
6.211000	-522.468018
6.212000	-522.468018
6.213000	-524.640015
6.214000	-526.812012
6.215000	-524.640015
6.216000	-522.468018
6.217000	-524.640015
6.218000	-524.640015
6.219000	-524.640015
6.220000	-524.640015
6.221000	-524.640015
6.222000	-522.468018
6.223001	-524.640015
6.224000	-522.468018
6.225000	-524.640015
6.226000	-522.468018
6.227000	-524.640015
6.228000	-522.468018
6.229000	-524.640015
6.230000	-522.468018
6.231000	-524.640015
6.232000	-524.640015
6.233000	-524.640015
6.234000	-522.468018
6.235000	-522.468018
6.236000	-524.640015
6.237000	-522.468018
6.238000	-520.291016
6.239000	-524.640015
6.240000	-524.640015
6.241000	-524.640015
6.242000	-522.468018
6.243001	-524.640015
6.244000	-520.291016
6.245000	-526.812012
6.246000	-524.640015
6.247000	-522.468018
6.248000	-522.468018
6.249000	-526.812012
6.250000	-522.468018
6.251000	-520.291016
6.252000	-526.812012
6.253000	-522.468018
6.254000	-526.812012
6.255000	-528.984009
6.256001	-522.468018
6.257000	-524.640015
6.258000	-524.640015
6.259000	-526.812012
6.260000	-526.812012
6.261000	-526.812012
6.262000	-528.984009
6.263000	-524.640015
6.264000	-524.640015
6.265000	-522.468018
6.266000	-526.812012
6.267000	-524.640015
6.268000	-522.468018
6.269001	-526.812012
6.270000	-522.468018
6.271000	-524.640015
6.272000	-522.468018
6.273000	-524.640015
6.274000	-524.640015
6.275000	-524.640015
6.276000	-522.468018
6.277000	-526.812012
6.278000	-522.468018
6.279000	-522.468018
6.280000	-524.640015
6.281000	-526.812012
6.282000	-524.640015
6.283000	-522.468018
6.284000	-524.640015
6.285000	-524.640015
6.286000	-524.640015
6.287000	-524.640015
6.288000	-522.468018
6.289001	-520.291016
6.290000	-522.468018
6.291000	-526.812012
6.292000	-526.812012
6.293000	-526.812012
6.294000	-524.640015
6.295000	-522.468018
6.296000	-524.640015
6.297000	-522.468018
6.298000	-522.468018
6.299000	-524.640015
6.300000	-524.640015
6.301000	-522.468018
6.302001	-522.468018
6.303000	-526.812012
6.304000	-524.640015
6.305000	-524.640015
6.306000	-524.640015
6.307000	-526.812012
6.308000	-524.640015
6.309000	-526.812012
6.310000	-524.640015
6.311000	-524.640015
6.312000	-522.468018
6.313000	-524.640015
6.314000	-526.812012
6.315001	-524.640015
6.316000	-526.812012
6.317000	-524.640015
6.318000	-522.468018
6.319000	-526.812012
6.320000	-524.640015
6.321000	-526.812012
6.322001	-526.812012
6.323000	-524.640015
6.324000	-524.640015
6.325000	-526.812012
6.326000	-526.812012
6.327000	-522.468018
6.328000	-522.468018
6.329000	-522.468018
6.330000	-526.812012
6.331000	-526.812012
6.332000	-524.640015
6.333000	-522.468018
6.334000	-524.640015
6.335001	-524.640015
6.336000	-522.468018
6.337000	-524.640015
6.338000	-522.468018
6.339000	-526.812012
6.340000	-524.640015
6.341000	-522.468018
6.342000	-524.640015
6.343000	-524.640015
6.344000	-524.640015
6.345000	-522.468018
6.346000	-522.468018
6.347000	-526.812012
6.348001	-524.640015
6.349000	-524.640015
6.350000	-526.812012
6.351000	-524.640015
6.352000	-524.640015
6.353000	-524.640015
6.354000	-522.468018
6.355000	-526.812012
6.356000	-524.640015
6.357000	-520.291016
6.358000	-522.468018
6.359000	-524.640015
6.360000	-520.291016
6.361001	-524.640015
6.362000	-524.640015
6.363000	-526.812012
6.364000	-524.640015
6.365000	-524.640015
6.366000	-524.640015
6.367000	-524.640015
6.368001	-522.468018
6.369000	-522.468018
6.370000	-526.812012
6.371000	-522.468018
6.372000	-526.812012
6.373000	-526.812012
6.374000	-524.640015
6.375000	-526.812012
6.376000	-522.468018
6.377000	-524.640015
6.378000	-526.812012
6.379000	-526.812012
6.380000	-526.812012
6.381001	-524.640015
6.382000	-524.640015
6.383000	-526.812012
6.384000	-524.640015
6.385000	-526.812012
6.386000	-526.812012
6.387000	-524.640015
6.388000	-526.812012
6.389000	-522.468018
6.390000	-526.812012
6.391000	-526.812012
6.392000	-522.468018
6.393000	-526.812012
6.394001	-522.468018
6.395000	-522.468018
6.396000	-526.812012
6.397000	-524.640015
6.398000	-524.640015
6.399000	-526.812012
6.400000	-524.640015
6.401000	-526.812012
6.402000	-524.640015
6.403000	-524.640015
6.404000	-524.640015
6.405000	-524.640015
6.406000	-522.468018
6.407001	-526.812012
6.408000	-524.640015
6.409000	-526.812012
6.410000	-524.640015
6.411000	-522.468018
6.412000	-522.468018
6.413000	-524.640015
6.414001	-526.812012
6.415000	-526.812012
6.416000	-526.812012
6.417000	-524.640015
6.418000	-522.468018
6.419000	-522.468018
6.420000	-524.640015
6.421000	-528.984009
6.422000	-526.812012
6.423000	-524.640015
6.424000	-522.468018
6.425000	-524.640015
6.426000	-522.468018
6.427001	-522.468018
6.428000	-526.812012
6.429000	-524.640015
6.430000	-526.812012
6.431000	-524.640015
6.432000	-522.468018
6.433000	-526.812012
6.434000	-522.468018
6.435000	-522.468018
6.436000	-522.468018
6.437000	-522.468018
6.438000	-522.468018
6.439000	-522.468018
6.440001	-522.468018
6.441000	-526.812012
6.442000	-522.468018
6.443000	-526.812012
6.444000	-526.812012
6.445000	-526.812012
6.446000	-526.812012
6.447001	-526.812012
6.448000	-522.468018
6.449000	-526.812012
6.450000	-524.640015
6.451000	-524.640015
6.452000	-524.640015
6.453000	-526.812012
6.454000	-522.468018
6.455000	-526.812012
6.456000	-522.468018
6.457000	-520.291016
6.458000	-520.291016
6.459000	-524.640015
6.460001	-522.468018
6.461000	-526.812012
6.462000	-526.812012
6.463000	-522.468018
6.464000	-522.468018
6.465000	-524.640015
6.466000	-524.640015
6.467000	-524.640015
6.468000	-522.468018
6.469000	-522.468018
6.470000	-522.468018
6.471000	-522.468018
6.472000	-522.468018
6.473001	-522.468018
6.474000	-524.640015
6.475000	-526.812012
6.476000	-524.640015
6.477000	-522.468018
6.478000	-522.468018
6.479000	-522.468018
6.480000	-524.640015
6.481000	-526.812012
6.482000	-524.640015
6.483000	-526.812012
6.484000	-524.640015
6.485000	-524.640015
6.486001	-526.812012
6.487000	-524.640015
6.488000	-522.468018
6.489000	-526.812012
6.490000	-526.812012
6.491000	-524.640015
6.492000	-526.812012
6.493001	-522.468018
6.494000	-526.812012
6.495000	-524.640015
6.496000	-522.468018
6.497000	-526.812012
6.498000	-524.640015
6.499000	-524.640015
