-0.500000	1.134920
-0.499000	1.134920
-0.498000	1.134920
-0.497000	1.044650
-0.496000	1.044650
-0.495000	1.044650
-0.494000	1.044650
-0.493000	0.954567
-0.492000	1.044650
-0.491000	1.044650
-0.490000	0.864482
-0.489000	0.954567
-0.488000	1.225010
-0.487000	1.044650
-0.486000	1.134920
-0.485000	0.954567
-0.484000	1.044650
-0.483000	1.044650
-0.482000	0.954567
-0.481000	0.954567
-0.480000	0.954567
-0.479000	1.044650
-0.478000	0.954567
-0.477000	1.044650
-0.476000	1.044650
-0.475000	0.954567
-0.474000	0.954567
-0.473000	1.044650
-0.472000	1.044650
-0.471000	1.134920
-0.470000	1.044650
-0.469000	1.134920
-0.468000	1.044650
-0.467000	1.134920
-0.466000	0.954567
-0.465000	0.954567
-0.464000	0.954567
-0.463000	0.954567
-0.462000	1.044650
-0.461000	1.044650
-0.460000	0.954567
-0.459000	1.044650
-0.458000	0.954567
-0.457000	1.134920
-0.456000	1.134920
-0.455000	1.134920
-0.454000	1.044650
-0.453000	1.044650
-0.452000	1.044650
-0.451000	1.044650
-0.450000	1.044650
-0.449000	1.134920
-0.448000	1.134920
-0.447000	0.954567
-0.446000	0.954567
-0.445000	1.044650
-0.444000	1.044650
-0.443000	1.044650
-0.442000	1.134920
-0.441000	1.044650
-0.440000	1.134920
-0.439000	1.134920
-0.438000	1.044650
-0.437000	1.044650
-0.436000	1.134920
-0.435000	1.134920
-0.434000	1.044650
-0.433000	1.134920
-0.432000	0.954567
-0.431000	1.044650
-0.430000	0.954567
-0.429000	0.954567
-0.428000	0.864482
-0.427000	0.954567
-0.426000	1.134920
-0.425000	1.044650
-0.424000	0.954567
-0.423000	1.044650
-0.422000	1.134920
-0.421000	0.864482
-0.420000	0.954567
-0.419000	1.044650
-0.418000	1.044650
-0.417000	1.134920
-0.416000	1.044650
-0.415000	1.044650
-0.414000	0.864482
-0.413000	1.044650
-0.412000	0.954567
-0.411000	1.044650
-0.410000	1.044650
-0.409000	1.044650
-0.408000	1.044650
-0.407000	0.954567
-0.406000	1.134920
-0.405000	1.134920
-0.404000	1.044650
-0.403000	0.954567
-0.402000	1.044650
-0.401000	0.954567
-0.400000	1.134920
-0.399000	1.134920
-0.398000	0.954567
-0.397000	1.044650
-0.396000	1.044650
-0.395000	1.134920
-0.394000	0.954567
-0.393000	1.044650
-0.392000	1.134920
-0.391000	1.044650
-0.390000	1.044650
-0.389000	1.044650
-0.388000	0.864482
-0.387000	1.044650
-0.386000	1.044650
-0.385000	1.044650
-0.384000	1.134920
-0.383000	1.044650
-0.382000	1.044650
-0.381000	0.954567
-0.380000	1.134920
-0.379000	0.864482
-0.378000	1.044650
-0.377000	0.954567
-0.376000	1.044650
-0.375000	1.044650
-0.374000	0.864482
-0.373000	1.044650
-0.372000	1.044650
-0.371000	0.954567
-0.370000	1.044650
-0.369000	1.134920
-0.368000	1.044650
-0.367000	1.044650
-0.366000	0.954567
-0.365000	1.044650
-0.364000	0.954567
-0.363000	0.954567
-0.362000	1.044650
-0.361000	1.044650
-0.360000	0.954567
-0.359000	1.134920
-0.358000	1.044650
-0.357000	1.134920
-0.356000	1.044650
-0.355000	1.044650
-0.354000	0.954567
-0.353000	1.044650
-0.352000	0.864482
-0.351000	1.044650
-0.350000	1.044650
-0.349000	1.134920
-0.348000	1.044650
-0.347000	0.954567
-0.346000	1.044650
-0.345000	0.954567
-0.344000	1.044650
-0.343000	1.044650
-0.342000	0.954567
-0.341000	1.044650
-0.340000	1.044650
-0.339000	1.044650
-0.338000	0.954567
-0.337000	0.864482
-0.336000	1.044650
-0.335000	1.044650
-0.334000	1.044650
-0.333000	1.044650
-0.332000	0.954567
-0.331000	1.044650
-0.330000	0.954567
-0.329000	1.134920
-0.328000	1.044650
-0.327000	0.954567
-0.326000	1.134920
-0.325000	1.044650
-0.324000	1.044650
-0.323000	1.134920
-0.322000	1.134920
-0.321000	1.044650
-0.320000	1.134920
-0.319000	1.134920
-0.318000	1.044650
-0.317000	1.134920
-0.316000	1.134920
-0.315000	1.134920
-0.314000	0.954567
-0.313000	0.954567
-0.312000	1.044650
-0.311000	0.954567
-0.310000	1.044650
-0.309000	1.044650
-0.308000	1.044650
-0.307000	1.044650
-0.306000	1.044650
-0.305000	1.134920
-0.304000	0.954567
-0.303000	1.134920
-0.302000	1.134920
-0.301000	1.044650
-0.300000	1.044650
-0.299000	0.954567
-0.298000	1.044650
-0.297000	1.044650
-0.296000	1.044650
-0.295000	0.954567
-0.294000	1.044650
-0.293000	1.134920
-0.292000	1.134920
-0.291000	1.044650
-0.290000	1.044650
-0.289000	1.044650
-0.288000	1.134920
-0.287000	1.044650
-0.286000	1.044650
-0.285000	0.954567
-0.284000	1.134920
-0.283000	1.044650
-0.282000	0.954567
-0.281000	1.044650
-0.280000	0.954567
-0.279000	1.044650
-0.278000	1.044650
-0.277000	1.044650
-0.276000	1.134920
-0.275000	0.954567
-0.274000	0.954567
-0.273000	1.044650
-0.272000	1.044650
-0.271000	1.134920
-0.270000	1.134920
-0.269000	1.134920
-0.268000	1.044650
-0.267000	1.044650
-0.266000	0.954567
-0.265000	0.954567
-0.264000	1.044650
-0.263000	0.954567
-0.262000	1.044650
-0.261000	0.954567
-0.260000	1.044650
-0.259000	0.954567
-0.258000	1.044650
-0.257000	1.134920
-0.256000	1.044650
-0.255000	0.954567
-0.254000	1.044650
-0.253000	1.134920
-0.252000	0.954567
-0.251000	1.044650
-0.250000	1.134920
-0.249000	1.044650
-0.248000	1.044650
-0.247000	1.044650
-0.246000	1.044650
-0.245000	1.044650
-0.244000	0.954567
-0.243000	1.134920
-0.242000	1.044650
-0.241000	1.044650
-0.240000	0.954567
-0.239000	1.134920
-0.238000	1.134920
-0.237000	0.954567
-0.236000	0.954567
-0.235000	1.044650
-0.234000	1.044650
-0.233000	1.134920
-0.232000	0.954567
-0.231000	0.954567
-0.230000	1.044650
-0.229000	1.044650
-0.228000	1.044650
-0.227000	0.954567
-0.226000	1.044650
-0.225000	1.044650
-0.224000	1.044650
-0.223000	1.044650
-0.222000	1.044650
-0.221000	1.044650
-0.220000	0.954567
-0.219000	1.134920
-0.218000	1.044650
-0.217000	1.044650
-0.216000	1.134920
-0.215000	1.134920
-0.214000	1.044650
-0.213000	1.044650
-0.212000	0.954567
-0.211000	1.044650
-0.210000	1.044650
-0.209000	0.864482
-0.208000	1.044650
-0.207000	1.044650
-0.206000	0.954567
-0.205000	1.044650
-0.204000	0.954567
-0.203000	0.954567
-0.202000	0.954567
-0.201000	1.044650
-0.200000	1.134920
-0.199000	1.044650
-0.198000	0.954567
-0.197000	0.954567
-0.196000	0.954567
-0.195000	0.864482
-0.194000	1.044650
-0.193000	1.044650
-0.192000	1.134920
-0.191000	1.044650
-0.190000	1.044650
-0.189000	1.134920
-0.188000	1.134920
-0.187000	1.044650
-0.186000	0.954567
-0.185000	1.044650
-0.184000	0.954567
-0.183000	1.134920
-0.182000	1.134920
-0.181000	1.044650
-0.180000	1.044650
-0.179000	0.954567
-0.178000	0.954567
-0.177000	1.044650
-0.176000	1.134920
-0.175000	1.134920
-0.174000	0.954567
-0.173000	1.044650
-0.172000	1.044650
-0.171000	1.044650
-0.170000	1.044650
-0.169000	1.044650
-0.168000	1.044650
-0.167000	1.044650
-0.166000	1.044650
-0.165000	0.954567
-0.164000	1.044650
-0.163000	0.954567
-0.162000	1.044650
-0.161000	1.044650
-0.160000	1.044650
-0.159000	0.954567
-0.158000	0.954567
-0.157000	1.044650
-0.156000	1.044650
-0.155000	1.044650
-0.154000	1.044650
-0.153000	1.044650
-0.152000	0.954567
-0.151000	1.044650
-0.150000	0.954567
-0.149000	1.134920
-0.148000	1.134920
-0.147000	0.954567
-0.146000	1.044650
-0.145000	0.864482
-0.144000	0.954567
-0.143000	1.134920
-0.142000	1.044650
-0.141000	1.044650
-0.140000	1.134920
-0.139000	1.044650
-0.138000	1.044650
-0.137000	1.044650
-0.136000	1.044650
-0.135000	0.954567
-0.134000	1.044650
-0.133000	1.134920
-0.132000	0.954567
-0.131000	0.954567
-0.130000	0.864482
-0.129000	1.044650
-0.128000	0.954567
-0.127000	0.954567
-0.126000	0.954567
-0.125000	0.954567
-0.124000	0.864482
-0.123000	1.044650
-0.122000	1.044650
-0.121000	0.864482
-0.120000	1.044650
-0.119000	1.044650
-0.118000	1.134920
-0.117000	0.954567
-0.116000	1.044650
-0.115000	0.954567
-0.114000	0.954567
-0.113000	0.864482
-0.112000	1.044650
-0.111000	1.044650
-0.110000	1.134920
-0.109000	1.134920
-0.108000	1.044650
-0.107000	1.044650
-0.106000	1.044650
-0.105000	1.044650
-0.104000	1.044650
-0.103000	1.044650
-0.102000	1.134920
-0.101000	1.044650
-0.100000	0.954567
-0.099000	1.044650
-0.098000	1.044650
-0.097000	1.044650
-0.096000	0.954567
-0.095000	1.044650
-0.094000	0.954567
-0.093000	1.044650
-0.092000	1.044650
-0.091000	1.134920
-0.090000	1.044650
-0.089000	1.044650
-0.088000	0.954567
-0.087000	0.954567
-0.086000	0.954567
-0.085000	1.044650
-0.084000	0.954567
-0.083000	1.044650
-0.082000	1.134920
-0.081000	1.044650
-0.080000	1.044650
-0.079000	1.044650
-0.078000	1.044650
-0.077000	0.954567
-0.076000	1.134920
-0.075000	0.954567
-0.074000	1.044650
-0.073000	1.134920
-0.072000	1.044650
-0.071000	1.134920
-0.070000	0.954567
-0.069000	1.044650
-0.068000	1.134920
-0.067000	0.954567
-0.066000	1.134920
-0.065000	1.134920
-0.064000	0.864482
-0.063000	0.954567
-0.062000	1.044650
-0.061000	0.954567
-0.060000	0.954567
-0.059000	1.044650
-0.058000	0.954567
-0.057000	0.954567
-0.056000	1.044650
-0.055000	1.044650
-0.054000	0.954567
-0.053000	0.954567
-0.052000	1.044650
-0.051000	0.954567
-0.050000	0.954567
-0.049000	1.044650
-0.048000	0.954567
-0.047000	1.044650
-0.046000	0.864482
-0.045000	1.044650
-0.044000	1.044650
-0.043000	1.134920
-0.042000	1.044650
-0.041000	1.044650
-0.040000	1.044650
-0.039000	0.774397
-0.038000	0.233519
-0.037000	-0.667883
-0.036000	-1.479200
-0.035000	-2.380420
-0.034000	-3.462170
-0.033000	-4.002870
-0.032000	-4.453660
-0.031000	-5.084620
-0.030000	-5.805670
-0.029000	-6.346550
-0.028000	-7.247950
-0.027000	-7.969000
-0.026000	-8.509690
-0.025000	-9.230920
-0.024000	-9.951970
-0.023000	-10.853400
-0.022000	-11.394100
-0.021000	-11.934900
-0.020000	-12.025000
-0.019000	-12.205400
-0.018000	-12.565900
-0.017000	-12.836300
-0.016000	-13.196900
-0.015000	-13.377200
-0.014000	-13.467300
-0.013000	-13.377200
-0.012000	-12.926400
-0.011000	-12.656000
-0.010000	-12.565900
-0.009000	-12.205400
-0.008000	-11.934900
-0.007000	-11.484300
-0.006000	-10.853400
-0.005000	-10.492800
-0.004000	-9.951970
-0.003000	-9.411090
-0.002000	-9.050570
-0.001000	-8.509690
0.000000	-7.788640
0.001000	-7.067600
0.002000	-6.526720
0.003000	-5.715590
0.004000	-4.724100
0.005000	-3.822700
0.006000	-2.650860
0.007000	-1.028410
0.008000	0.684128
0.009000	2.396850
0.010000	4.830430
0.011000	7.534630
0.012000	10.148600
0.013000	11.230100
0.014000	12.762500
0.015000	14.024400
0.016000	15.646900
0.017000	17.269300
0.018000	18.981899
0.019000	21.055099
0.020000	21.235300
0.021000	21.235300
0.022000	21.325500
0.023000	22.767599
0.024000	24.660500
0.025000	27.364700
0.026000	29.708200
0.027000	29.978701
0.028000	28.626499
0.029000	24.660500
0.030000	19.522699
0.031000	13.483600
0.032000	8.796560
0.033000	4.109380
0.034000	-1.749450
0.035000	-9.411090
0.036000	-16.171301
0.037000	-21.128901
0.038000	-22.931601
0.039000	-22.210501
0.040000	-20.407900
0.041000	-18.785400
0.042000	-17.343201
0.043000	-16.622101
0.044000	-15.810800
0.045000	-14.458800
0.046000	-14.368700
0.047000	-15.810800
0.048000	-18.695200
0.049000	-23.292299
0.050000	-26.807600
0.051000	-28.880699
0.052000	-29.241199
0.053000	-26.176600
0.054000	-20.948601
0.055000	-13.827800
0.056000	-5.986020
0.057000	1.405360
0.058000	7.083840
0.059000	10.599200
0.060000	11.590700
0.061000	11.320200
0.062000	9.878130
0.063000	7.624720
0.064000	4.920510
0.065000	2.216490
0.066000	0.233519
0.067000	-1.749450
0.068000	-2.921300
0.069000	-3.101650
0.070000	-1.929810
0.071000	-0.667883
0.072000	-0.036920
0.073000	0.143434
0.074000	-1.028410
0.075000	-2.831210
0.076000	-6.346550
0.077000	-8.690040
0.078000	-11.304000
0.079000	-12.656000
0.080000	-13.917900
0.081000	-14.729200
0.082000	-15.450300
0.083000	-15.810800
0.084000	-14.729200
0.085000	-13.287000
0.086000	-11.213900
0.087000	-10.222400
0.088000	-9.681530
0.089000	-11.033500
0.090000	-12.475800
0.091000	-13.737700
0.092000	-14.278400
0.093000	-13.917900
0.094000	-13.287000
0.095000	-12.656000
0.096000	-12.656000
0.097000	-13.377200
0.098000	-13.737700
0.099000	-13.917900
0.100000	-13.647500
0.101000	-13.377200
0.102000	-12.926400
0.103000	-12.746300
0.104000	-12.836300
0.105000	-12.115300
0.106000	-11.754800
0.107000	-10.492800
0.108000	-9.411090
0.109000	-8.149170
0.110000	-7.067600
0.111000	-6.076110
0.112000	-6.616990
0.113000	-7.428120
0.114000	-7.608470
0.115000	-7.608470
0.116000	-7.969000
0.117000	-8.329520
0.118000	-8.870400
0.119000	-7.969000
0.120000	-7.698560
0.121000	-5.895750
0.122000	-4.724100
0.123000	-4.904270
0.124000	-5.805670
0.125000	-6.707070
0.126000	-7.428120
0.127000	-4.633830
0.128000	-3.011380
0.129000	15.466500
0.130000	-32.305901
0.131000	-36.812698
0.132000	-54.028702
0.133000	-36.722500
0.134000	-35.009899
0.135000	-43.482899
0.136000	-47.719299
0.137000	-66.557899
0.138000	-45.646000
0.139000	-52.586601
0.140000	-25.725901
0.141000	-21.399401
0.142000	-17.884001
0.143000	-25.635799
0.144000	-39.516800
0.145000	-36.632401
0.146000	-36.992901
0.147000	-23.111900
0.148000	-20.407900
0.149000	-17.433300
0.150000	-22.481001
0.151000	-20.137501
0.152000	-14.458800
0.153000	-1.479200
0.154000	3.929030
0.155000	11.951200
0.156000	12.582200
0.157000	9.788050
0.158000	16.458000
0.159000	7.354280
0.160000	12.311900
0.161000	-2.560770
0.162000	0.413689
0.163000	-7.788640
0.164000	-7.157680
0.165000	-15.720700
0.166000	-23.382401
0.167000	-23.292299
0.168000	-25.365299
0.169000	-10.763100
0.170000	-14.639100
0.171000	-3.912780
0.172000	-0.848237
0.173000	-6.797160
0.174000	-5.986020
0.175000	-17.884001
0.176000	-16.441799
0.177000	-18.244600
0.178000	-29.331301
0.179000	-31.855101
0.180000	-31.674999
0.181000	-32.305901
0.182000	-25.635799
0.183000	-14.368700
0.184000	-21.579599
0.185000	-6.797160
0.186000	-8.599960
0.187000	-9.861890
0.188000	-11.664500
0.189000	-20.497999
0.190000	-25.635799
0.191000	-32.486099
0.192000	-28.700300
0.193000	-25.184999
0.194000	-13.917900
0.195000	-17.072701
0.196000	-8.149170
0.197000	-17.072701
0.198000	-22.481001
0.199000	-19.236099
0.200000	-25.004801
0.201000	-17.974100
0.202000	-21.850000
0.203000	-22.931601
0.204000	-28.520100
0.205000	-28.159599
0.206000	-25.455400
0.207000	-15.360200
0.208000	-24.914700
0.209000	-28.790600
0.210000	-47.899502
0.211000	-49.702301
0.212000	-42.761700
0.213000	-39.697102
0.214000	-35.911301
0.215000	-38.435200
0.216000	-42.851898
0.217000	-40.598499
0.218000	-34.559299
0.219000	-36.362000
0.220000	-25.365299
0.221000	-32.035500
0.222000	-36.632401
0.223000	-37.623901
0.224000	-41.680099
0.225000	-36.992901
0.226000	-37.353401
0.227000	-33.657902
0.228000	-37.353401
0.229000	-42.671600
0.230000	-58.896301
0.231000	-58.715900
0.232000	-58.806000
0.233000	-46.908001
0.234000	-42.671600
0.235000	-36.632401
0.236000	-30.863600
0.237000	-25.906200
0.238000	-22.390900
0.239000	-23.562500
0.240000	-10.312500
0.241000	-11.304000
0.242000	-30.683500
0.243000	-29.421499
0.244000	-36.992901
0.245000	-33.477600
0.246000	-30.863600
0.247000	-30.142599
0.248000	-24.554199
0.249000	-16.802299
0.250000	-20.317600
0.251000	-20.047199
0.252000	-14.548900
0.253000	-9.321010
0.254000	-10.222400
0.255000	-16.261600
0.256000	-19.416201
0.257000	-17.703699
0.258000	-21.489500
0.259000	-19.867001
0.260000	-17.523500
0.261000	-15.360200
0.262000	-9.050570
0.263000	1.585530
0.264000	0.864482
0.265000	-20.047199
0.266000	-32.666401
0.267000	-51.414799
0.268000	-48.620701
0.269000	-52.586601
0.270000	-47.899502
0.271000	-45.916500
0.272000	-28.610201
0.273000	-25.004801
0.274000	-15.991200
0.275000	-20.497999
0.276000	-37.714100
0.277000	-24.283800
0.278000	-29.962200
0.279000	-19.055700
0.280000	-19.867001
0.281000	-17.974100
0.282000	-29.061001
0.283000	-23.652800
0.284000	-14.639100
0.285000	-12.475800
0.286000	-7.428120
0.287000	-2.650860
0.288000	-9.861890
0.289000	-12.025000
0.290000	-5.715590
0.291000	4.379820
0.292000	10.779500
0.293000	13.393500
0.294000	17.900299
0.295000	-6.166190
0.296000	-53.938599
0.297000	-87.559700
0.298000	-99.457703
0.299000	-96.753700
0.300000	-97.655098
0.301000	-88.731499
0.302000	-76.653099
0.303000	-64.033997
0.304000	-55.561100
0.305000	-40.778702
0.306000	-27.618700
0.307000	-41.319599
0.308000	-64.755096
0.309000	-99.547897
0.310000	-118.927002
0.311000	-106.759003
0.312000	-91.255302
0.313000	-69.171799
0.314000	-50.693699
0.315000	-48.620701
0.316000	-52.857101
0.317000	-64.124100
0.318000	-55.290699
0.319000	-48.530399
0.320000	-44.023602
0.321000	-48.620701
0.322000	-46.367298
0.323000	-14.458800
0.324000	11.771000
0.325000	36.738899
0.326000	64.320702
0.327000	59.272999
0.328000	39.893700
0.329000	26.012501
0.330000	-4.363570
0.331000	-15.720700
0.332000	-19.867001
0.333000	-20.047199
0.334000	-9.771620
0.335000	-11.844900
0.336000	-13.377200
0.337000	-15.089800
0.338000	-30.683500
0.339000	-33.928398
0.340000	-35.099998
0.341000	-37.623901
0.342000	-37.714100
0.343000	-49.431801
0.344000	-65.386101
0.345000	-88.551102
0.346000	-105.586998
0.347000	-104.776001
0.348000	-85.126099
0.349000	-55.921600
0.350000	-30.413000
0.351000	-14.639100
0.352000	-9.771620
0.353000	-12.205400
0.354000	-19.867001
0.355000	-17.613600
0.356000	-19.867001
0.357000	-17.433300
0.358000	-24.644300
0.359000	-31.224199
0.360000	-29.151100
0.361000	-21.399401
0.362000	-8.419610
0.363000	8.345770
0.364000	14.114500
0.365000	18.260799
0.366000	12.311900
0.367000	5.461390
0.368000	1.044650
0.369000	-3.732610
0.370000	-7.067600
0.371000	-4.183220
0.372000	-7.518200
0.373000	-6.076110
0.374000	-9.501360
0.375000	-15.179800
0.376000	-23.742901
0.377000	-38.525299
0.378000	-48.259998
0.379000	-52.586601
0.380000	-48.890900
0.381000	-34.829800
0.382000	-22.481001
0.383000	-14.999700
0.384000	-13.917900
0.385000	-22.030300
0.386000	-25.545700
0.387000	-25.996300
0.388000	-20.227501
0.389000	-8.509690
0.390000	-0.217274
0.391000	4.379820
0.392000	4.379820
0.393000	-1.028410
0.394000	-2.290330
0.395000	-4.453660
0.396000	-2.740940
0.397000	0.864482
0.398000	1.315090
0.399000	1.855970
0.400000	0.684128
0.401000	-1.118490
0.402000	-1.388930
0.403000	-3.462170
0.404000	-4.814180
0.405000	-7.247950
0.406000	-13.467300
0.407000	-16.261600
0.408000	-21.489500
0.409000	-25.635799
0.410000	-25.996300
0.411000	-28.249701
0.412000	-25.906200
0.413000	-25.635799
0.414000	-24.193501
0.415000	-23.472401
0.416000	-24.463900
0.417000	-23.292299
0.418000	-21.850000
0.419000	-17.162800
0.420000	-10.042100
0.421000	-6.166190
0.422000	-1.569280
0.423000	0.233519
0.424000	0.954567
0.425000	1.315090
0.426000	2.667100
0.427000	1.315090
0.428000	4.920510
0.429000	3.298060
0.430000	6.903670
0.431000	6.272710
0.432000	6.092350
0.433000	7.714800
0.434000	3.478420
0.435000	3.658770
0.436000	-0.397444
0.437000	-0.667883
0.438000	-1.569280
0.439000	-2.921300
0.440000	-3.642340
0.441000	-6.707070
0.442000	-8.960480
0.443000	-12.385700
0.444000	-11.664500
0.445000	-14.729200
0.446000	-13.467300
0.447000	-15.179800
0.448000	-13.106800
0.449000	-12.025000
0.450000	-9.501360
0.451000	-4.093140
0.452000	-2.290330
0.453000	1.495440
0.454000	2.937540
0.455000	3.658770
0.456000	6.092350
0.457000	8.345770
0.458000	10.779500
0.459000	14.114500
0.460000	13.213100
0.461000	15.827200
0.462000	16.007401
0.463000	15.556800
0.464000	18.170700
0.465000	13.573600
0.466000	16.728500
0.467000	14.204600
0.468000	14.565300
0.469000	15.196300
0.470000	11.590700
0.471000	13.844100
0.472000	7.804890
0.473000	7.444360
0.474000	4.289730
0.475000	0.233519
0.476000	2.396850
0.477000	1.405360
0.478000	-1.479200
0.479000	1.855970
0.480000	-0.667883
0.481000	1.405360
0.482000	3.117890
0.483000	2.667100
0.484000	7.534630
0.485000	8.075330
0.486000	7.083840
0.487000	14.024400
0.488000	10.148600
0.489000	14.565300
0.490000	14.024400
0.491000	13.032900
0.492000	17.990400
0.493000	15.827200
0.494000	19.162201
0.495000	18.891800
0.496000	19.432699
0.497000	19.793200
0.498000	20.424101
0.499000	21.325500
0.500000	21.235300
0.501000	20.874800
0.502000	20.153700
0.503000	18.350901
0.504000	16.818701
0.505000	15.917300
0.506000	15.286400
0.507000	14.835600
0.508000	15.466500
0.509000	12.311900
0.510000	12.492100
0.511000	10.148600
0.512000	10.599200
0.513000	11.500600
0.514000	13.754000
0.515000	16.187799
0.516000	17.179199
0.517000	19.793200
0.518000	17.539801
0.519000	17.359400
0.520000	16.908800
0.521000	15.556800
0.522000	18.981899
0.523000	18.981899
0.524000	22.497200
0.525000	22.857700
0.526000	23.488701
0.527000	22.407101
0.528000	24.390100
0.529000	24.480400
0.530000	25.652000
0.531000	26.373100
0.532000	27.004000
0.533000	29.347700
0.534000	27.815300
0.535000	27.725300
0.536000	27.364700
0.537000	25.922501
0.538000	27.995501
0.539000	26.643499
0.540000	25.832399
0.541000	25.021099
0.542000	23.759100
0.543000	25.381599
0.544000	24.299999
0.545000	25.291500
0.546000	27.454800
0.547000	26.283001
0.548000	25.652000
0.549000	27.004000
0.550000	23.579000
0.551000	27.184401
0.552000	23.308500
0.553000	27.454800
0.554000	28.716700
0.555000	27.274500
0.556000	31.150299
0.557000	28.266001
0.558000	31.060200
0.559000	29.888399
0.560000	30.429300
0.561000	31.420799
0.562000	32.412300
0.563000	31.781300
0.564000	37.009300
0.565000	36.017899
0.566000	36.198002
0.567000	37.820499
0.568000	36.828999
0.569000	38.721901
0.570000	37.820499
0.571000	36.558601
0.572000	36.828999
0.573000	34.575600
0.574000	34.665699
0.575000	35.206501
0.576000	33.403702
0.577000	34.575600
0.578000	32.322201
0.579000	32.682701
0.580000	33.854500
0.581000	32.592602
0.582000	34.125000
0.583000	33.403702
0.584000	32.141800
0.585000	33.313702
0.586000	33.223598
0.587000	34.125000
0.588000	38.361401
0.589000	36.468498
0.590000	37.820499
0.591000	35.837502
0.592000	31.871599
0.593000	33.584099
0.594000	32.051701
0.595000	36.198002
0.596000	38.902199
0.597000	40.254200
0.598000	42.147099
0.599000	40.975300
0.600000	41.876701
0.601000	42.417400
0.602000	41.876701
0.603000	43.769600
0.604000	43.409100
0.605000	43.048401
0.606000	43.859699
0.607000	41.425900
0.608000	40.704899
0.609000	39.623299
0.610000	36.828999
0.611000	36.648602
0.612000	35.296600
0.613000	35.927601
0.614000	35.296600
0.615000	34.936100
0.616000	34.395199
0.617000	35.116501
0.618000	34.846001
0.619000	36.919102
0.620000	35.657200
0.621000	37.009300
0.622000	36.468498
0.623000	37.820499
0.624000	38.902199
0.625000	39.442902
0.626000	41.606300
0.627000	42.687801
0.628000	44.130100
0.629000	44.941200
0.630000	46.022999
0.631000	46.293400
0.632000	47.284901
0.633000	47.284901
0.634000	48.186100
0.635000	48.186100
0.636000	48.456600
0.637000	49.267899
0.638000	48.817101
0.639000	49.267899
0.640000	48.276402
0.641000	46.743999
0.642000	45.572201
0.643000	44.310299
0.644000	43.409100
0.645000	42.778099
0.646000	41.425900
0.647000	40.073898
0.648000	38.361401
0.649000	36.919102
0.650000	35.927601
0.651000	35.657200
0.652000	35.296600
0.653000	35.026199
0.654000	34.755901
0.655000	34.665699
0.656000	34.755901
0.657000	35.477001
0.658000	36.017899
0.659000	36.648602
0.660000	37.099400
0.661000	37.279598
0.662000	37.459999
0.663000	37.730400
0.664000	38.000801
0.665000	38.902199
0.666000	39.533001
0.667000	40.614799
0.668000	41.065399
0.669000	41.065399
0.670000	40.524700
0.671000	39.983799
0.672000	39.803501
0.673000	39.623299
0.674000	39.623299
0.675000	38.000801
0.676000	36.107899
0.677000	33.313702
0.678000	31.781300
0.679000	29.978701
0.680000	29.888399
0.681000	28.356199
0.682000	28.175900
0.683000	26.643499
0.684000	26.012501
0.685000	25.291500
0.686000	24.750601
0.687000	25.381599
0.688000	26.102800
0.689000	27.544901
0.690000	28.716700
0.691000	29.798300
0.692000	30.429300
0.693000	31.601101
0.694000	32.682701
0.695000	34.755901
0.696000	35.657200
0.697000	36.107899
0.698000	36.378399
0.699000	36.288101
0.700000	37.009300
0.701000	37.369900
0.702000	38.000801
0.703000	38.090900
0.704000	37.910599
0.705000	36.468498
0.706000	35.296600
0.707000	33.944599
0.708000	32.502499
0.709000	31.781300
0.710000	30.789801
0.711000	29.618099
0.712000	28.266001
0.713000	27.544901
0.714000	25.652000
0.715000	24.480400
0.716000	24.209900
0.717000	23.759100
0.718000	23.488701
0.719000	23.398600
0.720000	23.218399
0.721000	24.390100
0.722000	24.750601
0.723000	25.201401
0.724000	26.913900
0.725000	27.454800
0.726000	27.905399
0.727000	28.626499
0.728000	29.077299
0.729000	30.970200
0.730000	32.682701
0.731000	33.944599
0.732000	35.747398
0.733000	36.107899
0.734000	35.296600
0.735000	34.215099
0.736000	33.133499
0.737000	32.502499
0.738000	31.871599
0.739000	31.060200
0.740000	31.510900
0.741000	28.896900
0.742000	28.356199
0.743000	25.742100
0.744000	24.390100
0.745000	24.480400
0.746000	22.226801
0.747000	21.686100
0.748000	21.866199
0.749000	19.703100
0.750000	18.441200
0.751000	18.350901
0.752000	17.539801
0.753000	19.432699
0.754000	18.711599
0.755000	19.432699
0.756000	20.604300
0.757000	19.883301
0.758000	21.596001
0.759000	23.579000
0.760000	23.488701
0.761000	26.553400
0.762000	27.184401
0.763000	26.553400
0.764000	27.274500
0.765000	27.184401
0.766000	28.175900
0.767000	28.626499
0.768000	27.274500
0.769000	28.085800
0.770000	26.192900
0.771000	25.111099
0.772000	24.570400
0.773000	23.759100
0.774000	23.308500
0.775000	22.046600
0.776000	18.080601
0.777000	19.703100
0.778000	14.655400
0.779000	15.466500
0.780000	14.475000
0.781000	13.213100
0.782000	14.385000
0.783000	11.140100
0.784000	13.123000
0.785000	12.041500
0.786000	11.590700
0.787000	13.303400
0.788000	14.024400
0.789000	15.286400
0.790000	17.990400
0.791000	16.908800
0.792000	18.170700
0.793000	18.981899
0.794000	17.719900
0.795000	21.055099
0.796000	20.063601
0.797000	21.505699
0.798000	22.767599
0.799000	20.243799
0.800000	22.226801
0.801000	20.063601
0.802000	19.973400
0.803000	20.784700
0.804000	19.252300
0.805000	18.441200
0.806000	17.990400
0.807000	15.106000
0.808000	14.655400
0.809000	13.573600
0.810000	10.869600
0.811000	11.680900
0.812000	7.624720
0.813000	8.075330
0.814000	6.452880
0.815000	3.298060
0.816000	6.182440
0.817000	5.010780
0.818000	4.920510
0.819000	4.469900
0.820000	2.937540
0.821000	3.027810
0.822000	0.684128
0.823000	1.044650
0.824000	1.405360
0.825000	0.684128
0.826000	-1.118490
0.827000	-2.740940
0.828000	-5.084620
0.829000	-4.543740
0.830000	-0.127005
0.831000	2.396850
0.832000	9.788050
0.833000	12.402000
0.834000	13.123000
0.835000	17.269300
0.836000	14.204600
0.837000	16.548300
0.838000	16.007401
0.839000	11.951200
0.840000	10.238700
0.841000	5.551480
0.842000	1.765880
0.843000	4.019300
0.844000	-1.118490
0.845000	-0.938322
0.846000	-5.264790
0.847000	-10.492800
0.848000	-11.934900
0.849000	-13.377200
0.850000	-12.475800
0.851000	-4.904270
0.852000	-3.552260
0.853000	-1.028410
0.854000	-0.757968
0.855000	-6.526720
0.856000	-4.093140
0.857000	-10.763100
0.858000	-7.067600
0.859000	-7.878730
0.860000	-10.402600
0.861000	-7.698560
0.862000	-12.295500
0.863000	-10.582900
0.864000	-9.861890
0.865000	-8.690040
0.866000	-7.428120
0.867000	-7.247950
0.868000	-10.943500
0.869000	-9.050570
0.870000	-11.213900
0.871000	-9.321010
0.872000	-5.445150
0.873000	-6.436630
0.874000	-2.290330
0.875000	-5.986020
0.876000	-7.878730
0.877000	-9.771620
0.878000	-16.712200
0.879000	-14.639100
0.880000	-18.875500
0.881000	-19.055700
0.882000	-18.695200
0.883000	-21.399401
0.884000	-21.579599
0.885000	-23.833000
0.886000	-26.717300
0.887000	-22.120399
0.888000	-25.635799
0.889000	-22.390900
0.890000	-25.275200
0.891000	-25.094900
0.892000	-24.283800
0.893000	-23.111900
0.894000	-23.923201
0.895000	-18.965599
0.896000	-20.137501
0.897000	-19.686701
0.898000	-20.497999
0.899000	-24.013300
0.900000	-21.489500
0.901000	-24.283800
0.902000	-20.588100
0.903000	-22.210501
0.904000	-22.210501
0.905000	-23.202000
0.906000	-24.554199
0.907000	-25.184999
0.908000	-25.094900
0.909000	-26.356800
0.910000	-25.365299
0.911000	-27.618700
0.912000	-27.258200
0.913000	-28.880699
0.914000	-30.142599
0.915000	-29.962200
0.916000	-30.683500
0.917000	-31.855101
0.918000	-33.117100
0.919000	-34.018501
0.920000	-36.091702
0.921000	-34.108501
0.922000	-35.370499
0.923000	-32.215698
0.924000	-33.297401
0.925000	-33.297401
0.926000	-34.469101
0.927000	-36.001400
0.928000	-34.018501
0.929000	-35.280399
0.930000	-31.764999
0.931000	-32.396000
0.932000	-31.674999
0.933000	-29.061001
0.934000	-28.700300
0.935000	-29.511600
0.936000	-30.322901
0.937000	-31.945400
0.938000	-33.387501
0.939000	-34.018501
0.940000	-34.829800
0.941000	-34.469101
0.942000	-34.829800
0.943000	-36.271900
0.944000	-36.632401
0.945000	-38.254799
0.946000	-38.525299
0.947000	-39.066200
0.948000	-40.237801
0.949000	-39.246300
0.950000	-41.319599
0.951000	-40.959000
0.952000	-41.590000
0.953000	-40.418201
0.954000	-38.795700
0.955000	-37.804199
0.956000	-36.812698
0.957000	-36.812698
0.958000	-38.615398
0.959000	-38.795700
0.960000	-39.697102
0.961000	-38.615398
0.962000	-37.353401
0.963000	-36.452202
0.964000	-33.207298
0.965000	-32.576401
0.966000	-32.756500
0.967000	-32.576401
0.968000	-34.919899
0.969000	-34.919899
0.970000	-35.730999
0.971000	-35.911301
0.972000	-35.190300
0.973000	-35.911301
0.974000	-35.821301
0.975000	-35.370499
0.976000	-35.911301
0.977000	-36.271900
0.978000	-36.362000
0.979000	-37.533798
0.980000	-37.353401
0.981000	-39.156200
0.982000	-38.615398
0.983000	-39.787201
0.984000	-38.705601
0.985000	-37.804199
0.986000	-36.452202
0.987000	-36.091702
0.988000	-35.460701
0.989000	-35.821301
0.990000	-35.099998
0.991000	-35.099998
0.992000	-34.739498
0.993000	-33.567799
0.994000	-33.297401
0.995000	-31.584700
0.996000	-30.593201
0.997000	-30.593201
0.998000	-29.151100
0.999000	-29.872200
1.000000	-27.618700
1.001000	-28.069401
1.002000	-28.159599
1.003000	-29.151100
1.004000	-29.331301
1.005000	-29.151100
1.006000	-29.151100
1.007000	-28.970800
1.008000	-29.782101
1.009000	-29.962200
1.010000	-31.404499
1.011000	-30.863600
1.012000	-32.396000
1.013000	-31.855101
1.014000	-32.035500
1.015000	-32.305901
1.016000	-32.666401
1.017000	-33.117100
1.018000	-33.748001
1.019000	-33.117100
1.020000	-35.009899
1.021000	-34.108501
1.022000	-34.559299
1.023000	-34.198799
1.024000	-33.387501
1.025000	-32.576401
1.026000	-31.404499
1.027000	-30.683500
1.028000	-30.953699
1.029000	-30.232700
1.030000	-30.953699
1.031000	-30.322901
1.032000	-30.503099
1.033000	-29.872200
1.034000	-29.241199
1.035000	-29.601700
1.036000	-29.511600
1.037000	-29.691999
1.038000	-28.970800
1.039000	-29.601700
1.040000	-27.979300
1.041000	-28.069401
1.042000	-28.339800
1.043000	-28.880699
1.044000	-29.331301
1.045000	-29.601700
1.046000	-29.421499
1.047000	-29.151100
1.048000	-28.249701
1.049000	-28.520100
1.050000	-28.790600
1.051000	-29.241199
1.052000	-30.232700
1.053000	-29.691999
1.054000	-29.421499
1.055000	-27.979300
1.056000	-26.807600
1.057000	-25.545700
1.058000	-25.455400
1.059000	-25.455400
1.060000	-25.365299
1.061000	-24.373800
1.062000	-25.004801
1.063000	-22.481001
1.064000	-22.030300
1.065000	-21.940100
1.066000	-20.678200
1.067000	-20.227501
1.068000	-20.227501
1.069000	-18.785400
1.070000	-19.236099
1.071000	-18.424700
1.072000	-17.523500
1.073000	-19.776899
1.074000	-18.424700
1.075000	-18.514999
1.076000	-19.416201
1.077000	-16.802299
1.078000	-18.875500
1.079000	-17.162800
1.080000	-18.064199
1.081000	-18.334700
1.082000	-17.523500
1.083000	-17.703699
1.084000	-17.613600
1.085000	-16.351700
1.086000	-17.253099
1.087000	-16.712200
1.088000	-15.720700
1.089000	-15.901100
1.090000	-13.106800
1.091000	-13.557400
1.092000	-13.196900
1.093000	-12.295500
1.094000	-12.205400
1.095000	-11.844900
1.096000	-11.844900
1.097000	-11.123800
1.098000	-9.861890
1.099000	-9.230920
1.100000	-7.788640
1.101000	-6.076110
1.102000	-6.076110
1.103000	-5.895750
1.104000	-3.642340
1.105000	-4.543740
1.106000	-1.929810
1.107000	-6.256280
1.108000	-7.878730
1.109000	-9.050570
1.110000	-9.321010
1.111000	-5.264790
1.112000	-2.109980
1.113000	-0.036920
1.114000	-0.217274
1.115000	-1.388930
1.116000	-2.740940
1.117000	-4.453660
1.118000	-3.822700
1.119000	-4.363570
1.120000	-2.831210
1.121000	-2.109980
1.122000	-1.298850
1.123000	-1.208760
1.124000	-0.667883
1.125000	0.323604
1.126000	1.495440
1.127000	2.306580
1.128000	2.757370
1.129000	2.486930
1.130000	2.847460
1.131000	2.306580
1.132000	3.298060
1.133000	4.199470
1.134000	4.289730
1.135000	5.912180
1.136000	5.821910
1.137000	7.354280
1.138000	6.633230
1.139000	6.993760
1.140000	5.010780
1.141000	5.371310
1.142000	6.903670
1.143000	6.543150
1.144000	9.517610
1.145000	8.886640
1.146000	9.697780
1.147000	9.066810
1.148000	8.075330
1.149000	8.886640
1.150000	8.526120
1.151000	10.328700
1.152000	10.599200
1.153000	12.672400
1.154000	11.590700
1.155000	12.492100
1.156000	12.041500
1.157000	12.672400
1.158000	13.754000
1.159000	14.475000
1.160000	15.286400
1.161000	15.286400
1.162000	16.458000
1.163000	15.646900
1.164000	16.728500
1.165000	18.531300
1.166000	19.522699
1.167000	20.243799
1.168000	18.441200
1.169000	18.891800
1.170000	16.908800
1.171000	16.638399
1.172000	18.260799
1.173000	18.170700
1.174000	19.793200
1.175000	20.694599
1.176000	20.424101
1.177000	20.694599
1.178000	19.793200
1.179000	19.432699
1.180000	18.981899
1.181000	17.900299
1.182000	17.359400
1.183000	18.891800
1.184000	17.449699
1.185000	19.072100
1.186000	19.612801
1.187000	19.703100
1.188000	20.784700
1.189000	19.072100
1.190000	19.612801
1.191000	20.694599
1.192000	18.981899
1.193000	20.334101
1.194000	20.874800
1.195000	21.145201
1.196000	23.759100
1.197000	22.407101
1.198000	24.209900
1.199000	25.381599
1.200000	22.677601
1.201000	27.184401
1.202000	24.840900
1.203000	26.283001
1.204000	24.840900
1.205000	25.201401
1.206000	23.939501
1.207000	24.840900
1.208000	23.128201
1.209000	23.128201
1.210000	22.857700
1.211000	22.316999
1.212000	23.939501
1.213000	22.497200
1.214000	23.038099
1.215000	20.514200
1.216000	21.415600
1.217000	22.316999
1.218000	20.965000
1.219000	20.874800
1.220000	19.252300
1.221000	18.981899
1.222000	20.424101
1.223000	21.686100
1.224000	24.390100
1.225000	22.407101
1.226000	21.325500
1.227000	18.621300
1.228000	16.638399
1.229000	18.531300
1.230000	21.145201
1.231000	24.480400
1.232000	23.759100
1.233000	24.750601
1.234000	20.063601
1.235000	21.776199
1.236000	17.449699
1.237000	20.694599
1.238000	20.784700
1.239000	12.852600
1.240000	4.830430
1.241000	1.946050
1.242000	4.469900
1.243000	8.435850
1.244000	14.835600
1.245000	12.762500
1.246000	10.058500
1.247000	2.396850
1.248000	-2.831210
1.249000	-6.707070
1.250000	-9.050570
1.251000	-6.887240
1.252000	-6.256280
1.253000	-4.724100
1.254000	-4.904270
1.255000	-6.346550
1.256000	-4.453660
1.257000	-2.019890
1.258000	1.315090
1.259000	0.954567
1.260000	0.143434
1.261000	-4.093140
1.262000	-4.183220
1.263000	-3.371900
1.264000	0.503958
1.265000	5.100870
1.266000	7.264190
1.267000	9.427520
1.268000	7.354280
1.269000	6.362790
1.270000	5.641750
1.271000	4.469900
1.272000	3.838940
1.273000	1.946050
1.274000	0.413689
1.275000	0.143434
1.276000	4.650260
1.277000	10.959700
1.278000	11.951200
1.279000	8.976730
1.280000	-3.552260
1.281000	-7.157680
1.282000	-11.664500
1.283000	-6.797160
1.284000	-4.994350
1.285000	-3.912780
1.286000	-11.754800
1.287000	-11.033500
1.288000	-16.441799
1.289000	1.134920
1.290000	-0.577798
1.291000	12.942900
1.292000	5.461390
1.293000	-6.977510
1.294000	-11.213900
1.295000	-19.146000
1.296000	1.134920
1.297000	10.238700
1.298000	25.742100
1.299000	23.939501
1.300000	23.218399
1.301000	-0.217274
1.302000	-2.109980
1.303000	-11.123800
1.304000	7.534630
1.305000	9.607690
1.306000	28.536400
1.307000	7.895160
1.308000	17.629900
1.309000	-7.067600
1.310000	-2.290330
1.311000	-0.217274
1.312000	-3.281820
1.313000	2.577020
1.314000	-8.239440
1.315000	-4.183220
1.316000	-22.661301
1.317000	-9.501360
1.318000	-16.622101
1.319000	6.182440
1.320000	11.140100
1.321000	1.315090
1.322000	-2.921300
1.323000	-12.656000
1.324000	-19.957100
1.325000	-12.836300
1.326000	-3.011380
1.327000	9.247170
1.328000	23.218399
1.329000	16.818701
1.330000	9.968220
1.331000	-5.715590
1.332000	-13.827800
1.333000	8.435850
1.334000	3.929030
1.335000	11.771000
1.336000	14.114500
1.337000	-1.569280
1.338000	3.298060
1.339000	-18.695200
1.340000	0.864482
1.341000	12.492100
1.342000	22.948000
1.343000	25.381599
1.344000	13.844100
1.345000	-6.526720
1.346000	-10.763100
1.347000	-26.627300
1.348000	-15.901100
1.349000	-9.591450
1.350000	8.616210
1.351000	20.604300
1.352000	24.750601
1.353000	14.925800
1.354000	-4.543740
1.355000	-20.948601
1.356000	-28.159599
1.357000	-16.982599
1.358000	-3.642340
1.359000	16.187799
1.360000	27.454800
1.361000	31.691200
1.362000	6.182440
1.363000	-0.848237
1.364000	-22.751400
1.365000	-19.506500
1.366000	-12.475800
1.367000	-5.895750
1.368000	13.754000
1.369000	12.221600
1.370000	9.157080
1.371000	0.323604
1.372000	-3.822700
1.373000	-3.642340
1.374000	4.920510
1.375000	14.024400
1.376000	19.072100
1.377000	3.838940
1.378000	-5.715590
1.379000	-25.725901
1.380000	-22.390900
1.381000	-13.196900
1.382000	7.264190
1.383000	27.635000
1.384000	28.987200
1.385000	22.046600
1.386000	2.667100
1.387000	-16.081200
1.388000	-27.528700
1.389000	-20.137501
1.390000	-5.174710
1.391000	17.810200
1.392000	23.398600
1.393000	25.832399
1.394000	15.015900
1.395000	-1.569280
1.396000	-13.737700
1.397000	-19.686701
1.398000	-15.450300
1.399000	-3.642340
1.400000	4.559990
1.401000	9.517610
1.402000	10.779500
1.403000	4.109380
1.404000	4.469900
1.405000	0.774397
1.406000	-6.076110
1.407000	-3.011380
1.408000	-5.625320
1.409000	-4.273310
1.410000	-4.363570
1.411000	-6.076110
1.412000	-1.388930
1.413000	1.134920
1.414000	5.731830
1.415000	9.337250
1.416000	9.697780
1.417000	10.869600
1.418000	8.616210
1.419000	-1.118490
1.420000	-3.101650
1.421000	-13.016700
1.422000	-7.067600
1.423000	-1.028410
1.424000	2.216490
1.425000	11.771000
1.426000	8.345770
1.427000	6.362790
1.428000	-0.127005
1.429000	-7.788640
1.430000	-7.878730
1.431000	-4.093140
1.432000	3.478420
1.433000	11.140100
1.434000	13.303400
1.435000	13.032900
1.436000	7.895160
1.437000	0.233519
1.438000	-2.831210
1.439000	-7.969000
1.440000	-4.814180
1.441000	-2.019890
1.442000	0.954567
1.443000	4.559990
1.444000	4.379820
1.445000	3.658770
1.446000	4.019300
1.447000	3.568500
1.448000	5.371310
1.449000	5.912180
1.450000	3.207980
1.451000	2.937540
1.452000	-2.019890
1.453000	-2.650860
1.454000	-3.371900
1.455000	-0.938322
1.456000	4.379820
1.457000	5.641750
1.458000	4.559990
1.459000	0.864482
1.460000	-2.650860
1.461000	-3.462170
1.462000	-3.462170
1.463000	-0.938322
1.464000	3.027810
1.465000	5.190950
1.466000	7.264190
1.467000	5.461390
1.468000	0.864482
1.469000	-1.929810
1.470000	-4.543740
1.471000	-4.543740
1.472000	-3.552260
1.473000	-2.019890
1.474000	2.667100
1.475000	6.182440
1.476000	7.444360
1.477000	6.182440
1.478000	2.847460
1.479000	0.684128
1.480000	-1.028410
1.481000	-3.732610
1.482000	-3.822700
1.483000	-3.732610
1.484000	-0.757968
1.485000	2.486930
1.486000	1.946050
1.487000	4.289730
1.488000	3.748860
1.489000	4.469900
1.490000	3.117890
1.491000	0.233519
1.492000	-2.109980
1.493000	-5.355060
1.494000	-6.616990
1.495000	-6.436630
1.496000	-5.715590
1.497000	-1.388930
1.498000	1.675610
1.499000	3.027810
1.500000	3.478420
1.501000	-0.217274
1.502000	-2.019890
1.503000	-2.560770
1.504000	-4.002870
1.505000	-1.208760
1.506000	1.225010
1.507000	4.650260
1.508000	8.075330
1.509000	6.272710
1.510000	4.650260
1.511000	0.864482
1.512000	-3.101650
1.513000	-2.740940
1.514000	-3.552260
1.515000	-0.397444
1.516000	1.405360
1.517000	3.027810
1.518000	4.920510
1.519000	2.847460
1.520000	1.495440
1.521000	1.134920
1.522000	0.053165
1.523000	0.143434
1.524000	-0.217274
1.525000	-1.479200
1.526000	-0.667883
1.527000	-1.028410
1.528000	0.323604
1.529000	1.495440
1.530000	2.577020
1.531000	3.388330
1.532000	3.298060
1.533000	0.954567
1.534000	-0.577798
1.535000	-3.822700
1.536000	-3.552260
1.537000	4.559990
1.538000	-8.509690
1.539000	-36.632401
1.540000	-22.481001
1.541000	-41.049099
1.542000	-3.732610
1.543000	-14.819300
1.544000	7.354280
1.545000	7.174110
1.546000	12.221600
1.547000	11.410500
1.548000	2.216490
1.549000	4.289730
1.550000	-11.033500
1.551000	-5.174710
1.552000	-18.424700
1.553000	-7.067600
1.554000	-11.033500
1.555000	3.117890
1.556000	5.912180
1.557000	15.286400
1.558000	17.539801
1.559000	9.878130
1.560000	9.427520
1.561000	-4.904270
1.562000	-3.371900
1.563000	-9.771620
1.564000	-1.388930
1.565000	2.937540
1.566000	12.221600
1.567000	16.548300
1.568000	17.359400
1.569000	14.024400
1.570000	4.830430
1.571000	-2.650860
1.572000	-11.844900
1.573000	-13.377200
1.574000	-13.647500
1.575000	-7.247950
1.576000	-0.757968
1.577000	6.272710
1.578000	10.328700
1.579000	9.157080
1.580000	5.190950
1.581000	-2.109980
1.582000	-7.247950
1.583000	-10.492800
1.584000	-9.230920
1.585000	-5.805670
1.586000	-2.019890
1.587000	2.847460
1.588000	4.920510
1.589000	8.886640
1.590000	8.526120
1.591000	7.985240
1.592000	4.019300
1.593000	0.774397
1.594000	-3.822700
1.595000	-5.174710
1.596000	-5.355060
1.597000	-0.397444
1.598000	6.543150
1.599000	10.238700
1.600000	14.294900
1.601000	9.607690
1.602000	4.019300
1.603000	-2.019890
1.604000	-8.599960
1.605000	-8.690040
1.606000	-6.526720
1.607000	-2.109980
1.608000	4.019300
1.609000	6.452880
1.610000	7.083840
1.611000	4.469900
1.612000	-0.397444
1.613000	-2.470690
1.614000	-6.616990
1.615000	-6.436630
1.616000	-5.355060
1.617000	-3.281820
1.618000	0.503958
1.619000	3.568500
1.620000	5.731830
1.621000	8.976730
1.622000	6.002270
1.623000	4.289730
1.624000	0.233519
1.625000	-3.912780
1.626000	-4.363570
1.627000	-4.814180
1.628000	-0.938322
1.629000	2.667100
1.630000	4.650260
1.631000	8.435850
1.632000	6.633230
1.633000	4.740340
1.634000	2.216490
1.635000	-1.479200
1.636000	-2.740940
1.637000	-4.363570
1.638000	-3.912780
1.639000	-0.307359
1.640000	0.954567
1.641000	4.019300
1.642000	4.650260
1.643000	3.748860
1.644000	2.306580
1.645000	-1.479200
1.646000	-3.101650
1.647000	-4.814180
1.648000	-4.363570
1.649000	-0.667883
1.650000	2.306580
1.651000	5.821910
1.652000	7.354280
1.653000	5.821910
1.654000	4.650260
1.655000	1.495440
1.656000	-1.298850
1.657000	-2.470690
1.658000	-4.093140
1.659000	-2.200250
1.660000	-0.397444
1.661000	2.036140
1.662000	4.650260
1.663000	5.190950
1.664000	4.650260
1.665000	2.486930
1.666000	-0.757968
1.667000	-2.740940
1.668000	-3.822700
1.669000	-3.552260
1.670000	-1.028410
1.671000	0.503958
1.672000	2.667100
1.673000	3.478420
1.674000	3.207980
1.675000	2.126410
1.676000	0.954567
1.677000	0.053165
1.678000	-0.127005
1.679000	0.053165
1.680000	0.503958
1.681000	1.405360
1.682000	2.306580
1.683000	3.658770
1.684000	3.658770
1.685000	3.027810
1.686000	2.396850
1.687000	-0.397444
1.688000	-1.659370
1.689000	-3.642340
1.690000	-3.371900
1.691000	-1.839720
1.692000	0.774397
1.693000	2.847460
1.694000	5.100870
1.695000	4.469900
1.696000	3.207980
1.697000	0.864482
1.698000	-0.667883
1.699000	-1.749450
1.700000	-1.929810
1.701000	-0.938322
1.702000	0.413689
1.703000	1.585530
1.704000	3.207980
1.705000	3.748860
1.706000	4.199470
1.707000	3.658770
1.708000	3.027810
1.709000	2.577020
1.710000	1.585530
1.711000	2.126410
1.712000	2.396850
1.713000	3.388330
1.714000	3.658770
1.715000	3.748860
1.716000	3.027810
1.717000	1.315090
1.718000	0.684128
1.719000	-0.938322
1.720000	-1.479200
1.721000	-1.839720
1.722000	-1.028410
1.723000	0.143434
1.724000	1.225010
1.725000	2.126410
1.726000	2.306580
1.727000	1.585530
1.728000	0.143434
1.729000	-1.118490
1.730000	-2.200250
1.731000	-1.839720
1.732000	-1.118490
1.733000	0.053165
1.734000	2.757370
1.735000	2.937540
1.736000	4.830430
1.737000	3.568500
1.738000	3.388330
1.739000	2.036140
1.740000	0.864482
1.741000	0.864482
1.742000	0.233519
1.743000	1.405360
1.744000	1.495440
1.745000	2.937540
1.746000	2.667100
1.747000	2.667100
1.748000	1.765880
1.749000	1.044650
1.750000	0.233519
1.751000	-0.757968
1.752000	-1.208760
1.753000	-1.479200
1.754000	-1.479200
1.755000	-1.118490
1.756000	-0.938322
1.757000	-0.217274
1.758000	-0.127005
1.759000	0.233519
1.760000	-0.127005
1.761000	-0.127005
1.762000	-0.577798
1.763000	-0.217274
1.764000	0.413689
1.765000	1.675610
1.766000	3.117890
1.767000	4.199470
1.768000	4.559990
1.769000	3.929030
1.770000	3.027810
1.771000	2.126410
1.772000	0.954567
1.773000	1.315090
1.774000	1.225010
1.775000	2.126410
1.776000	2.847460
1.777000	2.847460
1.778000	3.117890
1.779000	2.036140
1.780000	0.594043
1.781000	-0.127005
1.782000	-1.208760
1.783000	-2.019890
1.784000	-2.200250
1.785000	-2.560770
1.786000	-1.839720
1.787000	-2.109980
1.788000	-1.118490
1.789000	-0.577798
1.790000	-0.036920
1.791000	0.503958
1.792000	0.323604
1.793000	0.053165
1.794000	0.233519
1.795000	0.053165
1.796000	0.774397
1.797000	1.765880
1.798000	2.757370
1.799000	3.929030
1.800000	3.388330
1.801000	3.298060
1.802000	2.486930
1.803000	1.855970
1.804000	1.765880
1.805000	1.946050
1.806000	3.027810
1.807000	3.748860
1.808000	4.109380
1.809000	3.748860
1.810000	2.667100
1.811000	1.134920
1.812000	0.053165
1.813000	-1.298850
1.814000	-1.388930
1.815000	-1.208760
1.816000	-1.028410
1.817000	-0.127005
1.818000	-0.397444
1.819000	0.053165
1.820000	0.233519
1.821000	0.233519
1.822000	0.774397
1.823000	0.594043
1.824000	0.594043
1.825000	0.594043
1.826000	0.323604
1.827000	0.594043
1.828000	0.684128
1.829000	1.044650
1.830000	2.036140
1.831000	2.306580
1.832000	3.027810
1.833000	3.388330
1.834000	2.847460
1.835000	2.847460
1.836000	1.585530
1.837000	1.675610
1.838000	1.765880
1.839000	2.036140
1.840000	2.216490
1.841000	1.855970
1.842000	1.225010
1.843000	0.323604
1.844000	-0.757968
1.845000	-1.659370
1.846000	-2.200250
1.847000	-1.659370
1.848000	-1.208760
1.849000	-0.397444
1.850000	0.053165
1.851000	0.503958
1.852000	0.143434
1.853000	0.503958
1.854000	-0.217274
1.855000	0.053165
1.856000	0.413689
1.857000	0.864482
1.858000	1.315090
1.859000	1.495440
1.860000	1.855970
1.861000	2.396850
1.862000	3.117890
1.863000	3.207980
1.864000	3.929030
1.865000	3.478420
1.866000	3.658770
1.867000	2.486930
1.868000	2.126410
1.869000	1.225010
1.870000	1.315090
1.871000	1.405360
1.872000	1.675610
1.873000	1.315090
1.874000	1.585530
1.875000	0.503958
1.876000	0.143434
1.877000	-0.667883
1.878000	-0.577798
1.879000	-0.307359
1.880000	0.233519
1.881000	0.954567
1.882000	1.405360
1.883000	1.225010
1.884000	1.225010
1.885000	0.323604
1.886000	0.053165
1.887000	-0.217274
1.888000	0.233519
1.889000	1.044650
1.890000	1.765880
1.891000	2.667100
1.892000	3.027810
1.893000	2.937540
1.894000	3.388330
1.895000	2.667100
1.896000	3.117890
1.897000	3.027810
1.898000	3.027810
1.899000	2.847460
1.900000	2.306580
1.901000	1.946050
1.902000	1.225010
1.903000	1.044650
1.904000	1.225010
1.905000	1.225010
1.906000	0.864482
1.907000	0.594043
1.908000	0.233519
1.909000	-0.127005
1.910000	-0.487529
1.911000	-0.487529
1.912000	-0.397444
1.913000	0.053165
1.914000	-0.127005
1.915000	0.143434
1.916000	-0.397444
1.917000	-0.307359
1.918000	-0.577798
1.919000	-0.217274
1.920000	0.413689
1.921000	0.864482
1.922000	1.315090
1.923000	1.765880
1.924000	2.036140
1.925000	2.036140
1.926000	2.216490
1.927000	1.855970
1.928000	1.855970
1.929000	1.585530
1.930000	1.134920
1.931000	1.225010
1.932000	0.954567
1.933000	1.315090
1.934000	0.954567
1.935000	1.405360
1.936000	1.225010
1.937000	1.405360
1.938000	0.864482
1.939000	1.044650
1.940000	0.503958
1.941000	0.594043
1.942000	-0.127005
1.943000	-0.036920
1.944000	-0.127005
1.945000	-0.036920
1.946000	0.053165
1.947000	-0.036920
1.948000	0.323604
1.949000	0.143434
1.950000	0.233519
1.951000	0.143434
1.952000	0.233519
1.953000	0.413689
1.954000	0.774397
1.955000	1.044650
1.956000	1.134920
1.957000	1.044650
1.958000	0.594043
1.959000	0.413689
1.960000	0.053165
1.961000	0.053165
1.962000	0.323604
1.963000	0.503958
1.964000	1.225010
1.965000	1.134920
1.966000	1.495440
1.967000	1.225010
1.968000	1.405360
1.969000	1.225010
1.970000	1.044650
1.971000	0.774397
1.972000	0.954567
1.973000	0.594043
1.974000	0.954567
1.975000	0.684128
1.976000	1.044650
1.977000	1.225010
1.978000	1.405360
1.979000	1.495440
1.980000	1.495440
1.981000	1.225010
1.982000	1.675610
1.983000	1.495440
1.984000	1.765880
1.985000	1.765880
1.986000	1.585530
1.987000	1.765880
1.988000	1.675610
1.989000	1.225010
1.990000	1.405360
1.991000	0.954567
1.992000	1.044650
1.993000	1.044650
1.994000	1.134920
1.995000	1.585530
1.996000	1.405360
1.997000	1.585530
1.998000	1.585530
1.999000	1.225010
2.000000	1.225010
2.001000	1.134920
2.002000	0.954567
2.003000	0.864482
2.004000	0.954567
2.005000	1.225010
2.006000	1.134920
2.007000	1.225010
2.008000	1.225010
2.009000	1.405360
2.010000	1.405360
2.011000	1.675610
2.012000	1.585530
2.013000	1.495440
2.014000	1.225010
2.015000	1.044650
2.016000	0.864482
2.017000	0.684128
2.018000	0.503958
2.019000	0.684128
2.020000	0.594043
2.021000	1.044650
2.022000	0.954567
2.023000	0.774397
2.024000	0.774397
2.025000	0.594043
2.026000	0.684128
2.027000	0.954567
2.028000	1.405360
2.029000	1.405360
2.030000	1.946050
2.031000	1.675610
2.032000	1.675610
2.033000	1.225010
2.034000	1.405360
2.035000	1.134920
2.036000	1.405360
2.037000	1.765880
2.038000	1.855970
2.039000	2.216490
2.040000	2.126410
2.041000	2.036140
2.042000	1.855970
2.043000	1.585530
2.044000	1.044650
2.045000	1.134920
2.046000	0.594043
2.047000	0.954567
2.048000	0.503958
2.049000	0.774397
2.050000	0.503958
2.051000	0.684128
2.052000	0.594043
2.053000	0.594043
2.054000	0.684128
2.055000	0.503958
2.056000	0.503958
2.057000	0.594043
2.058000	0.774397
2.059000	1.044650
2.060000	1.495440
2.061000	1.585530
2.062000	1.765880
2.063000	1.495440
2.064000	1.405360
2.065000	1.315090
2.066000	1.585530
2.067000	1.855970
2.068000	2.126410
2.069000	2.216490
2.070000	2.486930
2.071000	2.126410
2.072000	1.855970
2.073000	1.315090
2.074000	1.044650
2.075000	0.774397
2.076000	0.774397
2.077000	0.864482
2.078000	0.954567
2.079000	0.774397
2.080000	0.503958
2.081000	0.503958
2.082000	0.143434
2.083000	0.233519
2.084000	0.053165
2.085000	0.053165
2.086000	0.323604
2.087000	0.143434
2.088000	0.323604
2.089000	0.053165
2.090000	-0.127005
2.091000	0.053165
2.092000	0.053165
2.093000	0.864482
2.094000	1.044650
2.095000	1.225010
2.096000	1.044650
2.097000	1.044650
2.098000	0.774397
2.099000	0.954567
2.100000	1.044650
2.101000	1.585530
2.102000	1.855970
2.103000	2.036140
2.104000	1.855970
2.105000	1.315090
2.106000	1.134920
2.107000	0.594043
2.108000	0.684128
2.109000	0.684128
2.110000	0.684128
2.111000	0.864482
2.112000	0.503958
2.113000	0.413689
2.114000	0.413689
2.115000	-0.036920
2.116000	0.053165
2.117000	-0.217274
2.118000	-0.307359
2.119000	-0.307359
2.120000	-0.397444
2.121000	0.053165
2.122000	0.143434
2.123000	0.503958
2.124000	1.044650
2.125000	0.864482
2.126000	1.134920
2.127000	1.134920
2.128000	1.044650
2.129000	1.134920
2.130000	0.954567
2.131000	1.225010
2.132000	1.405360
2.133000	1.675610
2.134000	1.946050
2.135000	1.855970
2.136000	1.585530
2.137000	1.225010
2.138000	0.864482
2.139000	0.684128
2.140000	0.774397
2.141000	0.684128
2.142000	0.954567
2.143000	0.864482
2.144000	0.864482
2.145000	0.594043
2.146000	0.323604
2.147000	0.594043
2.148000	0.503958
2.149000	0.684128
2.150000	0.864482
2.151000	0.954567
2.152000	0.864482
2.153000	0.954567
2.154000	0.864482
2.155000	1.315090
2.156000	1.134920
2.157000	1.765880
2.158000	1.946050
2.159000	2.036140
2.160000	2.126410
2.161000	1.946050
2.162000	2.126410
2.163000	1.765880
2.164000	1.765880
2.165000	2.036140
2.166000	2.216490
2.167000	2.306580
2.168000	2.486930
2.169000	2.126410
2.170000	1.765880
2.171000	1.495440
2.172000	1.134920
2.173000	1.225010
2.174000	0.954567
2.175000	0.954567
2.176000	0.954567
2.177000	0.954567
2.178000	0.864482
2.179000	0.684128
2.180000	0.684128
2.181000	0.594043
2.182000	0.594043
2.183000	0.503958
2.184000	0.503958
2.185000	0.323604
2.186000	0.594043
2.187000	0.774397
2.188000	1.315090
2.189000	1.495440
2.190000	1.675610
2.191000	1.585530
2.192000	1.225010
2.193000	1.044650
2.194000	1.225010
2.195000	1.134920
2.196000	1.765880
2.197000	1.765880
2.198000	2.126410
2.199000	2.036140
2.200000	2.216490
2.201000	1.855970
2.202000	1.675610
2.203000	1.134920
2.204000	1.225010
2.205000	0.954567
2.206000	1.044650
2.207000	1.044650
2.208000	0.954567
2.209000	1.044650
2.210000	0.774397
2.211000	0.864482
2.212000	0.503958
2.213000	0.684128
2.214000	1.315090
2.215000	2.036140
2.216000	1.225010
2.217000	1.855970
2.218000	0.774397
2.219000	0.684128
2.220000	0.323604
2.221000	-0.127005
2.222000	1.044650
2.223000	1.044650
2.224000	1.405360
2.225000	1.855970
2.226000	1.495440
2.227000	1.946050
2.228000	1.405360
2.229000	1.495440
2.230000	1.495440
2.231000	1.405360
2.232000	1.225010
2.233000	1.315090
2.234000	0.774397
2.235000	1.044650
2.236000	0.503958
2.237000	0.684128
2.238000	0.503958
2.239000	0.233519
2.240000	0.413689
2.241000	0.143434
2.242000	0.233519
2.243000	0.323604
2.244000	-0.036920
2.245000	0.323604
2.246000	0.233519
2.247000	0.233519
2.248000	0.684128
2.249000	0.594043
2.250000	0.864482
2.251000	0.774397
2.252000	0.594043
2.253000	0.954567
2.254000	0.864482
2.255000	1.405360
2.256000	1.855970
2.257000	1.946050
2.258000	2.036140
2.259000	1.585530
2.260000	1.315090
2.261000	1.585530
2.262000	1.405360
2.263000	1.765880
2.264000	1.855970
2.265000	1.405360
2.266000	1.315090
2.267000	0.774397
2.268000	0.323604
2.269000	0.323604
2.270000	0.143434
2.271000	0.233519
2.272000	0.233519
2.273000	-0.036920
2.274000	0.053165
2.275000	-0.487529
2.276000	-0.307359
2.277000	-0.397444
2.278000	-0.307359
2.279000	-0.036920
2.280000	0.143434
2.281000	0.323604
2.282000	0.413689
2.283000	0.143434
2.284000	0.594043
2.285000	0.594043
2.286000	0.594043
2.287000	1.134920
2.288000	1.134920
2.289000	1.585530
2.290000	1.495440
2.291000	1.405360
2.292000	1.495440
2.293000	1.225010
2.294000	1.405360
2.295000	1.585530
2.296000	1.495440
2.297000	1.765880
2.298000	1.495440
2.299000	1.225010
2.300000	1.134920
2.301000	0.774397
2.302000	0.594043
2.303000	0.503958
2.304000	0.503958
2.305000	0.684128
2.306000	0.594043
2.307000	0.774397
2.308000	0.774397
2.309000	0.594043
2.310000	0.954567
2.311000	0.774397
2.312000	0.954567
2.313000	1.044650
2.314000	0.864482
2.315000	0.954567
2.316000	1.134920
2.317000	1.225010
2.318000	1.675610
2.319000	1.495440
2.320000	1.855970
2.321000	1.675610
2.322000	1.405360
2.323000	1.495440
2.324000	1.405360
2.325000	1.495440
2.326000	1.675610
2.327000	1.765880
2.328000	1.946050
2.329000	1.675610
2.330000	1.495440
2.331000	1.405360
2.332000	1.044650
2.333000	1.044650
2.334000	1.134920
2.335000	1.044650
2.336000	1.225010
2.337000	1.315090
2.338000	1.495440
2.339000	1.495440
2.340000	1.315090
2.341000	1.044650
2.342000	0.864482
2.343000	0.864482
2.344000	0.954567
2.345000	1.134920
2.346000	1.225010
2.347000	1.225010
2.348000	1.405360
2.349000	1.585530
2.350000	1.405360
2.351000	1.495440
2.352000	1.495440
2.353000	1.405360
2.354000	1.495440
2.355000	1.315090
2.356000	1.134920
2.357000	1.225010
2.358000	1.134920
2.359000	1.134920
2.360000	1.225010
2.361000	1.134920
2.362000	1.225010
2.363000	1.134920
2.364000	1.044650
2.365000	1.044650
2.366000	0.864482
2.367000	1.044650
2.368000	1.044650
2.369000	1.044650
2.370000	1.225010
2.371000	1.225010
2.372000	1.315090
2.373000	1.315090
2.374000	1.044650
2.375000	1.134920
2.376000	1.134920
2.377000	1.315090
2.378000	1.405360
2.379000	1.315090
2.380000	1.315090
2.381000	1.495440
2.382000	1.405360
2.383000	1.675610
2.384000	1.585530
2.385000	1.495440
2.386000	1.134920
2.387000	0.864482
2.388000	0.774397
2.389000	0.684128
2.390000	1.134920
2.391000	1.315090
2.392000	1.495440
2.393000	1.585530
2.394000	1.585530
2.395000	1.134920
2.396000	1.134920
2.397000	0.864482
2.398000	0.864482
2.399000	0.954567
2.400000	1.044650
2.401000	1.315090
2.402000	1.225010
2.403000	1.225010
2.404000	1.134920
2.405000	0.954567
2.406000	0.684128
2.407000	0.594043
2.408000	0.684128
2.409000	0.503958
2.410000	0.684128
2.411000	0.774397
2.412000	0.774397
2.413000	0.684128
2.414000	0.684128
2.415000	0.594043
2.416000	0.684128
2.417000	0.413689
2.418000	0.413689
2.419000	0.503958
2.420000	0.503958
2.421000	0.503958
2.422000	0.413689
2.423000	0.684128
2.424000	0.954567
2.425000	0.954567
2.426000	1.044650
2.427000	1.044650
2.428000	1.134920
2.429000	0.864482
2.430000	0.954567
2.431000	0.954567
2.432000	0.864482
2.433000	1.044650
2.434000	0.954567
2.435000	1.134920
2.436000	0.954567
2.437000	1.044650
2.438000	0.413689
2.439000	0.594043
2.440000	0.323604
2.441000	0.233519
2.442000	0.323604
2.443000	0.143434
2.444000	0.323604
2.445000	0.143434
2.446000	0.413689
2.447000	0.233519
2.448000	0.323604
2.449000	0.143434
2.450000	0.233519
2.451000	0.143434
2.452000	-0.036920
2.453000	0.233519
2.454000	0.323604
2.455000	0.684128
2.456000	0.954567
2.457000	1.134920
2.458000	1.225010
2.459000	1.225010
2.460000	1.134920
2.461000	1.134920
2.462000	1.044650
2.463000	1.134920
2.464000	1.315090
2.465000	1.495440
2.466000	1.675610
2.467000	1.585530
2.468000	1.765880
2.469000	1.495440
2.470000	1.315090
2.471000	0.864482
2.472000	0.774397
2.473000	0.684128
2.474000	0.684128
2.475000	0.864482
2.476000	0.864482
2.477000	0.864482
2.478000	1.044650
2.479000	0.864482
2.480000	0.864482
2.481000	0.774397
2.482000	0.774397
2.483000	0.684128
2.484000	1.134920
2.485000	0.954567
2.486000	1.134920
2.487000	1.495440
2.488000	1.585530
2.489000	1.765880
2.490000	1.675610
2.491000	2.126410
2.492000	1.946050
2.493000	2.036140
2.494000	1.946050
2.495000	2.036140
2.496000	1.946050
2.497000	2.126410
2.498000	2.306580
2.499000	2.216490
2.500000	2.126410
2.501000	1.946050
2.502000	1.855970
2.503000	1.315090
2.504000	1.315090
2.505000	1.134920
2.506000	1.134920
2.507000	1.134920
2.508000	0.954567
2.509000	0.864482
2.510000	1.044650
2.511000	1.044650
2.512000	1.044650
2.513000	0.954567
2.514000	0.864482
2.515000	0.954567
2.516000	0.864482
2.517000	1.134920
2.518000	1.044650
2.519000	1.315090
2.520000	1.495440
2.521000	1.675610
2.522000	1.765880
2.523000	1.765880
2.524000	1.675610
2.525000	1.585530
2.526000	1.495440
2.527000	1.495440
2.528000	1.495440
2.529000	1.495440
2.530000	1.675610
2.531000	1.495440
2.532000	1.405360
2.533000	1.225010
2.534000	1.134920
2.535000	0.774397
2.536000	0.503958
2.537000	0.413689
2.538000	0.323604
2.539000	0.503958
2.540000	0.413689
2.541000	0.503958
2.542000	0.503958
2.543000	0.594043
2.544000	0.323604
2.545000	0.323604
2.546000	0.233519
2.547000	0.233519
2.548000	0.413689
2.549000	0.503958
2.550000	0.954567
2.551000	1.044650
2.552000	1.134920
2.553000	1.134920
2.554000	1.225010
2.555000	1.134920
2.556000	1.315090
2.557000	1.225010
2.558000	1.315090
2.559000	1.225010
2.560000	1.405360
2.561000	1.405360
2.562000	1.315090
2.563000	1.315090
2.564000	1.225010
2.565000	0.864482
2.566000	0.684128
2.567000	0.594043
2.568000	0.594043
2.569000	0.413689
2.570000	0.323604
2.571000	0.323604
2.572000	0.323604
2.573000	0.413689
2.574000	0.503958
2.575000	0.503958
2.576000	0.503958
2.577000	0.684128
2.578000	0.684128
2.579000	0.503958
2.580000	0.684128
2.581000	0.594043
2.582000	0.774397
2.583000	1.044650
2.584000	1.315090
2.585000	1.315090
2.586000	1.405360
2.587000	1.225010
2.588000	1.044650
2.589000	1.044650
2.590000	1.134920
2.591000	1.134920
2.592000	1.134920
2.593000	0.954567
2.594000	1.044650
2.595000	0.864482
2.596000	0.954567
2.597000	0.864482
2.598000	0.954567
2.599000	0.594043
2.600000	0.503958
2.601000	0.323604
2.602000	0.143434
2.603000	0.413689
2.604000	0.594043
2.605000	0.864482
2.606000	1.044650
2.607000	0.954567
2.608000	0.774397
2.609000	0.594043
2.610000	0.684128
2.611000	0.864482
2.612000	0.954567
2.613000	1.134920
2.614000	1.225010
2.615000	1.315090
2.616000	1.405360
2.617000	1.405360
2.618000	1.315090
2.619000	1.495440
2.620000	1.405360
2.621000	1.225010
2.622000	1.134920
2.623000	0.954567
2.624000	0.954567
2.625000	1.134920
2.626000	1.044650
2.627000	1.225010
2.628000	1.225010
2.629000	1.044650
2.630000	0.864482
2.631000	0.684128
2.632000	0.594043
2.633000	0.684128
2.634000	0.864482
2.635000	0.774397
2.636000	0.684128
2.637000	0.774397
2.638000	0.774397
2.639000	0.864482
2.640000	0.954567
2.641000	0.864482
2.642000	0.864482
2.643000	1.044650
2.644000	1.044650
2.645000	1.134920
2.646000	1.225010
2.647000	1.405360
2.648000	1.315090
2.649000	1.495440
2.650000	1.495440
2.651000	1.495440
2.652000	1.495440
2.653000	1.495440
2.654000	1.405360
2.655000	1.495440
2.656000	1.405360
2.657000	1.495440
2.658000	1.495440
2.659000	1.495440
2.660000	1.495440
2.661000	1.585530
2.662000	1.495440
2.663000	1.495440
2.664000	1.405360
2.665000	1.225010
2.666000	1.225010
2.667000	1.225010
2.668000	1.225010
2.669000	1.315090
2.670000	1.315090
2.671000	1.315090
2.672000	1.225010
2.673000	1.225010
2.674000	1.134920
2.675000	1.044650
2.676000	1.044650
2.677000	1.225010
2.678000	1.225010
2.679000	1.134920
2.680000	1.134920
2.681000	1.225010
2.682000	1.225010
2.683000	1.225010
2.684000	1.134920
2.685000	1.134920
2.686000	1.044650
2.687000	0.954567
2.688000	1.044650
2.689000	1.134920
2.690000	1.225010
2.691000	1.315090
2.692000	1.315090
2.693000	1.225010
2.694000	1.225010
2.695000	1.225010
2.696000	1.225010
2.697000	1.134920
2.698000	1.225010
2.699000	1.134920
2.700000	1.134920
2.701000	1.225010
2.702000	0.954567
2.703000	0.954567
2.704000	0.864482
2.705000	0.684128
2.706000	0.684128
2.707000	0.774397
2.708000	0.684128
2.709000	0.774397
2.710000	0.684128
2.711000	0.864482
2.712000	0.684128
2.713000	0.503958
2.714000	0.503958
2.715000	0.774397
2.716000	0.684128
2.717000	0.864482
2.718000	0.954567
2.719000	0.684128
2.720000	0.774397
2.721000	0.774397
2.722000	0.774397
2.723000	0.864482
2.724000	1.044650
2.725000	1.044650
2.726000	1.225010
2.727000	1.134920
2.728000	1.044650
2.729000	1.044650
2.730000	0.954567
2.731000	1.044650
2.732000	1.134920
2.733000	1.134920
2.734000	1.044650
2.735000	1.044650
2.736000	0.954567
2.737000	0.864482
2.738000	0.774397
2.739000	0.864482
2.740000	0.864482
2.741000	0.774397
2.742000	0.774397
2.743000	0.774397
2.744000	0.864482
2.745000	0.774397
2.746000	0.864482
2.747000	0.864482
2.748000	0.864482
2.749000	0.684128
2.750000	0.684128
2.751000	0.594043
2.752000	0.864482
2.753000	0.684128
2.754000	1.044650
2.755000	0.954567
2.756000	1.134920
2.757000	1.044650
2.758000	0.954567
2.759000	0.954567
2.760000	0.864482
2.761000	1.044650
2.762000	0.954567
2.763000	1.044650
2.764000	1.044650
2.765000	1.134920
2.766000	1.134920
2.767000	1.044650
2.768000	0.954567
2.769000	0.954567
2.770000	0.684128
2.771000	0.864482
2.772000	0.864482
2.773000	0.774397
2.774000	0.954567
2.775000	0.864482
2.776000	0.864482
2.777000	0.864482
2.778000	0.864482
2.779000	0.864482
2.780000	0.954567
2.781000	1.044650
2.782000	1.134920
2.783000	1.134920
2.784000	1.225010
2.785000	1.225010
2.786000	1.225010
2.787000	1.315090
2.788000	1.225010
2.789000	1.225010
2.790000	1.225010
2.791000	1.134920
2.792000	1.315090
2.793000	1.225010
2.794000	1.405360
2.795000	1.405360
2.796000	1.225010
2.797000	1.134920
2.798000	1.044650
2.799000	1.134920
2.800000	1.134920
2.801000	1.134920
2.802000	1.134920
2.803000	1.044650
2.804000	1.044650
2.805000	0.864482
2.806000	0.774397
2.807000	0.684128
2.808000	0.774397
2.809000	0.954567
2.810000	1.134920
2.811000	1.225010
2.812000	1.225010
2.813000	1.134920
2.814000	1.044650
2.815000	1.315090
2.816000	1.225010
2.817000	1.495440
2.818000	1.405360
2.819000	1.675610
2.820000	1.585530
2.821000	1.585530
2.822000	1.495440
2.823000	1.585530
2.824000	1.585530
2.825000	1.585530
2.826000	1.405360
2.827000	1.585530
2.828000	1.585530
2.829000	1.495440
2.830000	1.585530
2.831000	1.405360
2.832000	1.315090
2.833000	1.225010
2.834000	1.134920
2.835000	1.044650
2.836000	0.954567
2.837000	1.134920
2.838000	1.044650
2.839000	1.044650
2.840000	1.134920
2.841000	1.044650
2.842000	1.044650
2.843000	1.044650
2.844000	1.044650
2.845000	1.134920
2.846000	1.225010
2.847000	1.225010
2.848000	1.315090
2.849000	1.044650
2.850000	1.225010
2.851000	1.315090
2.852000	1.134920
2.853000	1.225010
2.854000	1.225010
2.855000	1.225010
2.856000	1.225010
2.857000	1.225010
2.858000	1.315090
2.859000	1.225010
2.860000	1.134920
2.861000	1.044650
2.862000	0.864482
2.863000	0.864482
2.864000	0.864482
2.865000	0.774397
2.866000	0.774397
2.867000	0.684128
2.868000	0.684128
2.869000	0.594043
2.870000	0.413689
2.871000	0.413689
2.872000	0.503958
2.873000	0.503958
2.874000	0.413689
2.875000	0.503958
2.876000	0.503958
2.877000	0.684128
2.878000	0.594043
2.879000	0.594043
2.880000	0.684128
2.881000	0.864482
2.882000	0.774397
2.883000	0.864482
2.884000	0.954567
2.885000	1.044650
2.886000	0.954567
2.887000	0.954567
2.888000	1.044650
2.889000	0.954567
2.890000	0.864482
2.891000	0.864482
2.892000	1.044650
2.893000	1.044650
2.894000	1.134920
2.895000	1.044650
2.896000	0.954567
2.897000	0.954567
2.898000	0.774397
2.899000	0.684128
2.900000	0.864482
2.901000	0.864482
2.902000	0.864482
2.903000	0.774397
2.904000	0.774397
2.905000	0.864482
2.906000	0.774397
2.907000	0.774397
2.908000	0.774397
2.909000	0.774397
2.910000	0.774397
2.911000	0.864482
2.912000	0.954567
2.913000	0.954567
2.914000	1.134920
2.915000	1.134920
2.916000	1.225010
2.917000	1.225010
2.918000	1.044650
2.919000	1.044650
2.920000	1.134920
2.921000	1.044650
2.922000	1.044650
2.923000	1.225010
2.924000	1.134920
2.925000	1.315090
2.926000	1.225010
2.927000	1.044650
2.928000	1.225010
2.929000	1.134920
2.930000	1.225010
2.931000	1.134920
2.932000	1.225010
2.933000	1.134920
2.934000	1.134920
2.935000	1.134920
2.936000	0.954567
2.937000	0.954567
2.938000	1.044650
2.939000	1.044650
2.940000	1.134920
2.941000	1.044650
2.942000	1.134920
2.943000	1.134920
2.944000	1.134920
2.945000	1.134920
2.946000	1.225010
2.947000	1.315090
2.948000	1.134920
2.949000	1.225010
2.950000	1.315090
2.951000	1.225010
2.952000	1.225010
2.953000	1.134920
2.954000	1.134920
2.955000	1.134920
2.956000	1.315090
2.957000	1.405360
2.958000	1.315090
2.959000	1.225010
2.960000	1.225010
2.961000	1.225010
2.962000	1.134920
2.963000	1.134920
2.964000	1.134920
2.965000	1.134920
2.966000	1.225010
2.967000	1.134920
2.968000	1.134920
2.969000	1.134920
2.970000	1.044650
2.971000	1.044650
2.972000	0.954567
2.973000	0.954567
2.974000	1.044650
2.975000	0.954567
2.976000	1.044650
2.977000	1.044650
2.978000	1.134920
2.979000	1.225010
2.980000	1.134920
2.981000	1.225010
2.982000	1.134920
2.983000	1.225010
2.984000	1.134920
2.985000	1.225010
2.986000	1.134920
2.987000	1.225010
2.988000	1.225010
2.989000	1.225010
2.990000	1.134920
2.991000	1.134920
2.992000	1.225010
2.993000	1.225010
2.994000	1.225010
2.995000	1.315090
2.996000	1.225010
2.997000	1.225010
2.998000	1.225010
2.999000	1.225010
3.000000	1.225010
3.001000	1.044650
3.002000	1.044650
3.003000	0.954567
3.004000	1.134920
3.005000	0.954567
3.006000	1.134920
3.007000	1.225010
3.008000	1.044650
3.009000	1.044650
3.010000	1.134920
3.011000	1.134920
3.012000	1.044650
3.013000	1.044650
3.014000	1.134920
3.015000	1.134920
3.016000	1.225010
3.017000	1.044650
3.018000	1.044650
3.019000	0.954567
3.020000	0.954567
3.021000	0.954567
3.022000	0.954567
3.023000	1.134920
3.024000	1.044650
3.025000	1.134920
3.026000	1.044650
3.027000	1.044650
3.028000	0.864482
3.029000	0.774397
3.030000	0.684128
3.031000	0.774397
3.032000	0.774397
3.033000	0.774397
3.034000	0.864482
3.035000	0.774397
3.036000	0.684128
3.037000	0.503958
3.038000	0.594043
3.039000	0.864482
3.040000	0.594043
3.041000	0.684128
3.042000	0.774397
3.043000	0.774397
3.044000	0.864482
3.045000	0.774397
3.046000	0.774397
3.047000	0.684128
3.048000	0.684128
3.049000	0.864482
3.050000	0.864482
3.051000	0.954567
3.052000	0.954567
3.053000	1.044650
3.054000	1.044650
3.055000	1.044650
3.056000	1.044650
3.057000	1.044650
3.058000	1.044650
3.059000	1.134920
3.060000	1.044650
3.061000	1.134920
3.062000	1.044650
3.063000	0.954567
3.064000	0.954567
3.065000	1.044650
3.066000	0.774397
3.067000	0.864482
3.068000	0.774397
3.069000	0.774397
3.070000	0.774397
3.071000	0.774397
3.072000	0.864482
3.073000	0.864482
3.074000	0.864482
3.075000	0.774397
3.076000	0.594043
3.077000	0.774397
3.078000	0.774397
3.079000	1.044650
3.080000	0.954567
3.081000	1.044650
3.082000	1.044650
3.083000	1.134920
3.084000	1.134920
3.085000	1.134920
3.086000	1.225010
3.087000	1.134920
3.088000	1.225010
3.089000	1.225010
3.090000	1.405360
3.091000	1.225010
3.092000	1.315090
3.093000	1.044650
3.094000	1.225010
3.095000	1.225010
3.096000	1.225010
3.097000	1.315090
3.098000	1.225010
3.099000	1.225010
3.100000	1.315090
3.101000	1.225010
3.102000	1.134920
3.103000	1.044650
3.104000	1.134920
3.105000	0.864482
3.106000	1.044650
3.107000	1.134920
3.108000	1.315090
3.109000	1.134920
3.110000	1.225010
3.111000	1.134920
3.112000	1.134920
3.113000	1.134920
3.114000	1.225010
3.115000	1.315090
3.116000	1.315090
3.117000	1.315090
3.118000	1.405360
3.119000	1.225010
3.120000	1.405360
3.121000	1.134920
3.122000	1.225010
3.123000	1.134920
3.124000	1.225010
3.125000	1.225010
3.126000	1.405360
3.127000	1.315090
3.128000	1.225010
3.129000	1.225010
3.130000	1.225010
3.131000	1.044650
3.132000	1.044650
3.133000	1.044650
3.134000	0.954567
3.135000	1.044650
3.136000	0.954567
3.137000	0.954567
3.138000	0.954567
3.139000	1.044650
3.140000	0.954567
3.141000	0.954567
3.142000	0.954567
3.143000	0.954567
3.144000	1.044650
3.145000	1.134920
3.146000	1.225010
3.147000	1.134920
3.148000	1.134920
3.149000	1.134920
3.150000	1.134920
3.151000	1.225010
3.152000	1.134920
3.153000	1.134920
3.154000	1.134920
3.155000	1.225010
3.156000	1.225010
3.157000	1.225010
3.158000	1.134920
3.159000	1.134920
3.160000	1.134920
3.161000	1.225010
3.162000	1.134920
3.163000	1.134920
3.164000	1.044650
3.165000	1.044650
3.166000	1.044650
3.167000	0.954567
3.168000	0.954567
3.169000	0.864482
3.170000	0.864482
3.171000	0.954567
3.172000	1.044650
3.173000	1.134920
3.174000	1.134920
3.175000	1.044650
3.176000	1.134920
3.177000	1.044650
3.178000	1.044650
3.179000	0.954567
3.180000	1.044650
3.181000	1.134920
3.182000	1.134920
3.183000	1.225010
3.184000	1.225010
3.185000	1.134920
3.186000	1.044650
3.187000	0.954567
3.188000	0.954567
3.189000	0.864482
3.190000	0.954567
3.191000	0.954567
3.192000	1.044650
3.193000	0.954567
3.194000	0.954567
3.195000	0.774397
3.196000	0.594043
3.197000	0.684128
3.198000	0.684128
3.199000	0.684128
3.200000	0.684128
3.201000	0.774397
3.202000	0.684128
3.203000	0.684128
3.204000	0.684128
3.205000	0.594043
3.206000	0.684128
3.207000	0.684128
3.208000	0.684128
3.209000	0.684128
3.210000	0.954567
3.211000	0.954567
3.212000	0.864482
3.213000	0.954567
3.214000	0.954567
3.215000	0.774397
3.216000	0.954567
3.217000	0.954567
3.218000	1.044650
3.219000	1.134920
3.220000	0.954567
3.221000	0.954567
3.222000	0.954567
3.223000	0.954567
3.224000	0.954567
3.225000	1.044650
3.226000	0.954567
3.227000	0.954567
3.228000	0.954567
3.229000	0.954567
3.230000	0.954567
3.231000	0.864482
3.232000	0.864482
3.233000	0.864482
3.234000	0.864482
3.235000	0.774397
3.236000	0.864482
3.237000	0.864482
3.238000	0.954567
3.239000	0.864482
3.240000	0.864482
3.241000	0.954567
3.242000	0.954567
3.243000	0.864482
3.244000	0.954567
3.245000	1.134920
3.246000	1.225010
3.247000	1.225010
3.248000	1.225010
3.249000	1.405360
3.250000	1.315090
3.251000	1.315090
3.252000	1.134920
3.253000	1.134920
3.254000	1.134920
3.255000	1.134920
3.256000	1.405360
3.257000	1.405360
3.258000	1.405360
3.259000	1.405360
3.260000	1.315090
3.261000	1.315090
3.262000	1.225010
3.263000	1.225010
3.264000	1.044650
3.265000	1.225010
3.266000	1.225010
3.267000	1.405360
3.268000	1.315090
3.269000	1.134920
3.270000	1.134920
3.271000	1.044650
3.272000	1.225010
3.273000	1.225010
3.274000	1.225010
3.275000	1.225010
3.276000	1.315090
3.277000	1.405360
3.278000	1.315090
3.279000	1.225010
3.280000	1.315090
3.281000	1.225010
3.282000	1.315090
3.283000	1.405360
3.284000	1.315090
3.285000	1.405360
3.286000	1.315090
3.287000	1.134920
3.288000	1.225010
3.289000	1.225010
3.290000	1.315090
3.291000	1.225010
3.292000	1.315090
3.293000	1.315090
3.294000	1.225010
3.295000	1.044650
3.296000	1.134920
3.297000	1.134920
3.298000	1.044650
3.299000	1.044650
3.300000	1.134920
3.301000	1.044650
3.302000	0.954567
3.303000	0.954567
3.304000	0.954567
3.305000	1.044650
3.306000	0.954567
3.307000	0.954567
3.308000	0.954567
3.309000	1.044650
3.310000	1.044650
3.311000	1.044650
3.312000	1.134920
3.313000	1.044650
3.314000	1.044650
3.315000	0.864482
3.316000	0.954567
3.317000	0.864482
3.318000	0.954567
3.319000	0.954567
3.320000	0.954567
3.321000	0.954567
3.322000	0.954567
3.323000	0.954567
3.324000	0.954567
3.325000	1.044650
3.326000	0.864482
3.327000	1.044650
3.328000	0.954567
3.329000	1.044650
3.330000	0.954567
3.331000	1.134920
3.332000	1.044650
3.333000	0.954567
3.334000	0.954567
3.335000	0.954567
3.336000	0.954567
3.337000	0.864482
3.338000	0.954567
3.339000	0.864482
3.340000	0.864482
3.341000	0.954567
3.342000	1.134920
3.343000	1.134920
3.344000	1.134920
3.345000	1.044650
3.346000	0.954567
3.347000	0.954567
3.348000	1.044650
3.349000	0.954567
3.350000	1.044650
3.351000	1.044650
3.352000	1.044650
3.353000	0.774397
3.354000	0.864482
3.355000	0.864482
3.356000	0.864482
3.357000	0.864482
3.358000	0.864482
3.359000	0.864482
3.360000	0.954567
3.361000	0.864482
3.362000	0.864482
3.363000	0.864482
3.364000	0.864482
3.365000	0.864482
3.366000	0.684128
3.367000	0.864482
3.368000	0.864482
3.369000	0.774397
3.370000	0.774397
3.371000	0.864482
3.372000	0.864482
3.373000	0.774397
3.374000	0.954567
3.375000	0.864482
3.376000	0.954567
3.377000	0.954567
3.378000	1.044650
3.379000	0.954567
3.380000	1.044650
3.381000	1.044650
3.382000	0.864482
3.383000	1.044650
3.384000	1.044650
3.385000	1.134920
3.386000	0.954567
3.387000	1.044650
3.388000	0.864482
3.389000	0.954567
3.390000	1.044650
3.391000	1.044650
3.392000	0.954567
3.393000	0.864482
3.394000	0.954567
3.395000	0.954567
3.396000	0.954567
3.397000	1.044650
3.398000	0.954567
3.399000	0.954567
3.400000	0.954567
3.401000	0.864482
3.402000	0.954567
3.403000	0.774397
3.404000	0.864482
3.405000	0.864482
3.406000	1.044650
3.407000	1.134920
3.408000	0.954567
3.409000	1.044650
3.410000	1.134920
3.411000	1.044650
3.412000	1.134920
3.413000	1.134920
3.414000	1.315090
3.415000	1.315090
3.416000	1.315090
3.417000	1.405360
3.418000	1.225010
3.419000	1.315090
3.420000	1.225010
3.421000	1.225010
3.422000	1.225010
3.423000	1.315090
3.424000	1.225010
3.425000	1.405360
3.426000	1.315090
3.427000	1.315090
3.428000	1.225010
3.429000	1.315090
3.430000	1.134920
3.431000	1.315090
3.432000	1.134920
3.433000	1.225010
3.434000	1.225010
3.435000	1.134920
3.436000	1.225010
3.437000	0.954567
3.438000	1.044650
3.439000	1.134920
3.440000	1.225010
3.441000	1.315090
3.442000	1.225010
3.443000	1.315090
3.444000	1.315090
3.445000	1.315090
3.446000	1.225010
3.447000	1.225010
3.448000	1.225010
3.449000	1.134920
3.450000	1.405360
3.451000	1.405360
3.452000	1.225010
3.453000	1.134920
3.454000	1.044650
3.455000	1.225010
3.456000	1.225010
3.457000	1.134920
3.458000	1.225010
3.459000	1.134920
3.460000	1.134920
3.461000	1.225010
3.462000	1.134920
3.463000	1.044650
3.464000	1.044650
3.465000	0.954567
3.466000	0.954567
3.467000	0.954567
3.468000	1.134920
3.469000	0.954567
3.470000	0.954567
3.471000	0.864482
3.472000	0.954567
3.473000	1.044650
3.474000	0.954567
3.475000	0.954567
3.476000	0.954567
3.477000	1.044650
3.478000	1.044650
3.479000	0.954567
3.480000	1.044650
3.481000	1.044650
3.482000	1.134920
3.483000	1.134920
3.484000	1.044650
3.485000	0.954567
3.486000	0.864482
3.487000	0.864482
3.488000	1.044650
3.489000	0.954567
3.490000	1.044650
3.491000	1.044650
3.492000	1.134920
3.493000	1.134920
3.494000	0.954567
3.495000	0.954567
3.496000	0.864482
3.497000	0.954567
3.498000	0.954567
3.499000	0.954567
3.500000	0.864482
3.501000	0.954567
3.502000	0.864482
3.503000	0.774397
3.504000	0.864482
3.505000	0.864482
3.506000	0.954567
3.507000	0.954567
3.508000	0.954567
3.509000	1.044650
3.510000	1.044650
3.511000	0.954567
3.512000	0.954567
3.513000	1.044650
3.514000	0.864482
3.515000	1.044650
3.516000	0.954567
3.517000	1.044650
3.518000	0.864482
3.519000	0.864482
3.520000	0.774397
3.521000	0.864482
3.522000	0.774397
3.523000	0.864482
3.524000	0.954567
3.525000	1.044650
3.526000	0.954567
3.527000	1.044650
3.528000	0.864482
3.529000	0.774397
3.530000	0.864482
3.531000	0.954567
3.532000	0.774397
3.533000	0.864482
3.534000	1.044650
3.535000	0.864482
3.536000	0.864482
3.537000	0.864482
3.538000	0.864482
3.539000	1.044650
3.540000	0.954567
3.541000	0.954567
3.542000	0.954567
3.543000	1.134920
3.544000	1.044650
3.545000	1.044650
3.546000	1.134920
3.547000	1.044650
3.548000	1.134920
3.549000	0.954567
3.550000	1.044650
3.551000	0.954567
3.552000	0.864482
3.553000	0.864482
3.554000	0.954567
3.555000	1.134920
3.556000	1.044650
3.557000	0.954567
3.558000	1.044650
3.559000	0.864482
3.560000	0.954567
3.561000	0.954567
3.562000	0.954567
3.563000	0.954567
3.564000	1.044650
3.565000	0.954567
3.566000	0.954567
3.567000	0.954567
3.568000	1.044650
3.569000	0.954567
3.570000	1.044650
3.571000	0.864482
3.572000	1.044650
3.573000	1.134920
3.574000	1.134920
3.575000	1.134920
3.576000	1.134920
3.577000	1.225010
3.578000	1.134920
3.579000	1.134920
3.580000	1.225010
3.581000	1.225010
3.582000	1.315090
3.583000	1.225010
3.584000	1.225010
3.585000	1.225010
3.586000	1.315090
3.587000	1.225010
3.588000	1.225010
3.589000	1.134920
3.590000	1.225010
3.591000	1.134920
3.592000	1.225010
3.593000	1.315090
3.594000	1.225010
3.595000	1.225010
3.596000	1.134920
3.597000	1.225010
3.598000	1.225010
3.599000	1.315090
3.600000	1.225010
3.601000	1.225010
3.602000	1.225010
3.603000	1.225010
3.604000	1.134920
3.605000	1.044650
3.606000	1.225010
3.607000	1.134920
3.608000	1.225010
3.609000	1.225010
3.610000	1.225010
3.611000	1.495440
3.612000	1.405360
3.613000	1.225010
3.614000	1.315090
3.615000	1.134920
3.616000	1.134920
3.617000	1.315090
3.618000	1.225010
3.619000	1.225010
3.620000	1.134920
3.621000	1.315090
3.622000	1.044650
3.623000	1.134920
3.624000	1.134920
3.625000	1.044650
3.626000	0.954567
3.627000	1.134920
3.628000	1.044650
3.629000	1.044650
3.630000	1.044650
3.631000	1.044650
3.632000	0.954567
3.633000	0.954567
3.634000	0.954567
3.635000	0.864482
3.636000	0.864482
3.637000	0.864482
3.638000	0.864482
3.639000	0.864482
3.640000	0.954567
3.641000	1.044650
3.642000	0.954567
3.643000	0.864482
3.644000	1.044650
3.645000	0.954567
3.646000	1.044650
3.647000	1.134920
3.648000	1.044650
3.649000	1.134920
3.650000	1.134920
3.651000	1.134920
3.652000	0.954567
3.653000	0.954567
3.654000	0.864482
3.655000	0.774397
3.656000	0.954567
3.657000	0.954567
3.658000	1.044650
3.659000	0.954567
3.660000	0.864482
3.661000	1.044650
3.662000	0.864482
3.663000	0.864482
3.664000	0.864482
3.665000	0.954567
3.666000	1.044650
3.667000	0.954567
3.668000	1.044650
3.669000	0.864482
3.670000	0.864482
3.671000	0.774397
3.672000	0.864482
3.673000	0.864482
3.674000	0.954567
3.675000	0.954567
3.676000	0.954567
3.677000	1.044650
3.678000	1.044650
3.679000	1.044650
3.680000	0.864482
3.681000	0.954567
3.682000	0.954567
3.683000	1.044650
3.684000	1.044650
3.685000	1.044650
3.686000	0.864482
3.687000	0.954567
3.688000	1.044650
3.689000	0.954567
3.690000	0.954567
3.691000	0.954567
3.692000	1.044650
3.693000	0.774397
3.694000	1.134920
3.695000	1.044650
3.696000	0.864482
3.697000	0.864482
3.698000	1.044650
3.699000	0.954567
3.700000	0.954567
3.701000	1.044650
3.702000	1.044650
3.703000	0.954567
3.704000	0.954567
3.705000	0.954567
3.706000	0.864482
3.707000	0.864482
3.708000	0.954567
3.709000	0.954567
3.710000	1.134920
3.711000	1.044650
3.712000	0.954567
3.713000	1.044650
3.714000	0.954567
3.715000	0.954567
3.716000	1.044650
3.717000	1.044650
3.718000	0.954567
3.719000	0.954567
3.720000	0.954567
3.721000	1.044650
3.722000	1.044650
3.723000	1.044650
3.724000	1.134920
3.725000	0.954567
3.726000	0.954567
3.727000	0.954567
3.728000	0.954567
3.729000	1.134920
3.730000	0.954567
3.731000	1.225010
3.732000	1.225010
3.733000	1.134920
3.734000	1.134920
3.735000	0.954567
3.736000	0.864482
3.737000	0.954567
3.738000	1.044650
3.739000	1.134920
3.740000	1.225010
3.741000	1.315090
3.742000	1.225010
3.743000	1.225010
3.744000	1.225010
3.745000	1.044650
3.746000	1.044650
3.747000	1.134920
3.748000	1.134920
3.749000	1.134920
3.750000	1.225010
3.751000	1.225010
3.752000	1.225010
3.753000	1.225010
3.754000	1.225010
3.755000	1.134920
3.756000	1.044650
3.757000	1.044650
3.758000	1.225010
3.759000	1.225010
3.760000	1.315090
3.761000	1.225010
3.762000	1.044650
3.763000	1.044650
3.764000	1.044650
3.765000	1.044650
3.766000	1.044650
3.767000	1.134920
3.768000	1.134920
3.769000	1.134920
3.770000	1.134920
3.771000	1.134920
3.772000	1.225010
3.773000	1.225010
3.774000	1.225010
3.775000	1.225010
3.776000	1.405360
3.777000	1.225010
3.778000	1.134920
3.779000	1.134920
3.780000	1.225010
3.781000	1.044650
3.782000	1.134920
3.783000	1.315090
3.784000	1.225010
3.785000	1.225010
3.786000	1.044650
3.787000	0.954567
3.788000	1.044650
3.789000	0.954567
3.790000	0.864482
3.791000	0.864482
3.792000	0.774397
3.793000	0.954567
3.794000	1.044650
3.795000	0.954567
3.796000	1.044650
3.797000	1.044650
3.798000	0.954567
3.799000	0.954567
3.800000	0.954567
3.801000	0.864482
3.802000	0.864482
3.803000	0.864482
3.804000	0.864482
3.805000	0.954567
3.806000	0.864482
3.807000	0.864482
3.808000	0.954567
3.809000	0.954567
3.810000	0.954567
3.811000	0.954567
3.812000	0.954567
3.813000	0.864482
3.814000	1.225010
3.815000	1.225010
3.816000	1.134920
3.817000	1.134920
3.818000	1.044650
3.819000	0.864482
3.820000	0.774397
3.821000	0.774397
3.822000	0.954567
3.823000	1.044650
3.824000	1.044650
3.825000	1.044650
3.826000	0.954567
3.827000	1.044650
3.828000	1.134920
3.829000	0.864482
3.830000	0.864482
3.831000	0.774397
3.832000	0.774397
3.833000	0.954567
3.834000	0.954567
3.835000	0.954567
3.836000	0.864482
3.837000	0.954567
3.838000	0.864482
3.839000	1.044650
3.840000	1.044650
3.841000	1.044650
3.842000	1.044650
3.843000	1.044650
3.844000	1.044650
3.845000	1.044650
3.846000	0.954567
3.847000	1.044650
3.848000	1.134920
3.849000	1.134920
3.850000	1.225010
3.851000	1.134920
3.852000	1.044650
3.853000	0.954567
3.854000	1.044650
3.855000	1.044650
3.856000	1.134920
3.857000	1.225010
3.858000	1.225010
3.859000	1.044650
3.860000	1.044650
3.861000	1.044650
3.862000	0.954567
3.863000	1.044650
3.864000	1.044650
3.865000	1.134920
3.866000	1.044650
3.867000	1.044650
3.868000	1.134920
3.869000	1.044650
3.870000	1.225010
3.871000	1.044650
3.872000	1.044650
3.873000	1.134920
3.874000	1.044650
3.875000	1.044650
3.876000	1.044650
3.877000	0.954567
3.878000	1.044650
3.879000	0.954567
3.880000	1.044650
3.881000	1.044650
3.882000	1.044650
3.883000	0.954567
3.884000	0.954567
3.885000	0.864482
3.886000	1.044650
3.887000	0.864482
3.888000	0.864482
3.889000	0.864482
3.890000	1.044650
3.891000	1.044650
3.892000	1.044650
3.893000	1.044650
3.894000	1.134920
3.895000	1.044650
3.896000	1.225010
3.897000	1.044650
3.898000	1.134920
3.899000	1.044650
3.900000	1.225010
3.901000	1.134920
3.902000	1.134920
3.903000	0.864482
3.904000	1.044650
3.905000	0.864482
3.906000	1.134920
3.907000	1.044650
3.908000	1.134920
3.909000	1.134920
3.910000	1.134920
3.911000	1.134920
3.912000	1.134920
3.913000	1.044650
3.914000	1.134920
3.915000	1.225010
3.916000	1.134920
3.917000	1.225010
3.918000	1.134920
3.919000	1.044650
3.920000	0.954567
3.921000	0.954567
3.922000	1.044650
3.923000	1.134920
3.924000	1.225010
3.925000	1.134920
3.926000	1.134920
3.927000	1.134920
3.928000	1.134920
3.929000	1.134920
3.930000	1.044650
3.931000	1.134920
3.932000	1.134920
3.933000	1.134920
3.934000	1.134920
3.935000	1.044650
3.936000	1.044650
3.937000	1.044650
3.938000	1.044650
3.939000	1.044650
3.940000	1.044650
3.941000	1.044650
3.942000	1.044650
3.943000	1.044650
3.944000	1.225010
3.945000	1.044650
3.946000	1.134920
3.947000	1.044650
3.948000	0.954567
3.949000	0.954567
3.950000	1.044650
3.951000	1.044650
3.952000	0.954567
3.953000	1.044650
3.954000	1.134920
3.955000	1.044650
3.956000	1.044650
3.957000	1.044650
3.958000	1.044650
3.959000	0.864482
3.960000	1.134920
3.961000	1.044650
3.962000	1.134920
3.963000	1.044650
3.964000	1.134920
3.965000	1.044650
3.966000	1.044650
3.967000	0.954567
3.968000	0.954567
3.969000	1.044650
3.970000	0.864482
3.971000	0.774397
3.972000	1.044650
3.973000	0.774397
3.974000	1.044650
3.975000	0.954567
3.976000	1.044650
3.977000	0.954567
3.978000	0.954567
3.979000	0.864482
3.980000	0.864482
3.981000	0.864482
3.982000	0.954567
3.983000	0.954567
3.984000	0.954567
3.985000	0.954567
3.986000	1.044650
3.987000	1.044650
3.988000	0.864482
3.989000	0.864482
3.990000	0.864482
3.991000	1.044650
3.992000	0.954567
3.993000	0.954567
3.994000	0.954567
3.995000	0.864482
3.996000	1.044650
3.997000	0.864482
3.998000	0.954567
3.999000	0.954567
4.000000	1.044650
4.001000	1.044650
4.002000	0.954567
4.003000	0.774397
4.004000	0.954567
4.005000	0.954567
4.006000	0.864482
4.007000	1.044650
4.008000	1.044650
4.009000	1.134920
4.010000	1.134920
4.011000	1.134920
4.012000	1.134920
4.013000	1.134920
4.014000	1.044650
4.015000	1.225010
4.016000	1.044650
4.017000	1.134920
4.018000	1.225010
4.019000	1.225010
4.020000	1.134920
4.021000	1.134920
4.022000	1.044650
4.023000	1.044650
4.024000	1.134920
4.025000	1.134920
4.026000	1.134920
4.027000	1.134920
4.028000	1.134920
4.029000	1.225010
4.030000	1.134920
4.031000	1.225010
4.032000	1.134920
4.033000	1.134920
4.034000	1.225010
4.035000	1.044650
4.036000	1.134920
4.037000	1.134920
4.038000	1.134920
4.039000	1.134920
4.040000	1.134920
4.041000	1.134920
4.042000	1.044650
4.043000	1.134920
4.044000	1.134920
4.045000	1.044650
4.046000	1.225010
4.047000	1.044650
4.048000	1.225010
4.049000	1.134920
4.050000	0.954567
4.051000	0.954567
4.052000	1.044650
4.053000	1.044650
4.054000	1.044650
4.055000	1.044650
4.056000	1.134920
4.057000	1.134920
4.058000	1.134920
4.059000	0.954567
4.060000	1.044650
4.061000	1.044650
4.062000	1.134920
4.063000	1.044650
4.064000	1.044650
4.065000	1.044650
4.066000	0.954567
4.067000	1.044650
4.068000	1.134920
4.069000	1.044650
4.070000	0.954567
4.071000	0.954567
4.072000	1.044650
4.073000	1.134920
4.074000	1.134920
4.075000	1.044650
4.076000	1.044650
4.077000	1.225010
4.078000	1.044650
4.079000	1.044650
4.080000	1.044650
4.081000	0.954567
4.082000	1.134920
4.083000	1.134920
4.084000	1.134920
4.085000	1.134920
4.086000	1.134920
4.087000	1.044650
4.088000	1.044650
4.089000	1.044650
4.090000	1.134920
4.091000	1.134920
4.092000	1.044650
4.093000	1.044650
4.094000	1.134920
4.095000	1.134920
4.096000	1.134920
4.097000	1.044650
4.098000	1.134920
4.099000	1.134920
4.100000	1.044650
4.101000	1.134920
4.102000	1.044650
4.103000	0.954567
4.104000	1.044650
4.105000	0.954567
4.106000	0.954567
4.107000	1.044650
4.108000	0.954567
4.109000	1.044650
4.110000	0.954567
4.111000	1.044650
4.112000	1.044650
4.113000	1.044650
4.114000	1.134920
4.115000	1.134920
4.116000	1.044650
4.117000	0.954567
4.118000	0.864482
4.119000	0.954567
4.120000	0.864482
4.121000	0.864482
4.122000	0.954567
4.123000	0.954567
4.124000	0.954567
4.125000	1.044650
4.126000	0.954567
4.127000	1.044650
4.128000	1.044650
4.129000	0.954567
4.130000	1.044650
4.131000	0.954567
4.132000	0.954567
4.133000	1.044650
4.134000	0.954567
4.135000	0.864482
4.136000	0.864482
4.137000	1.044650
4.138000	0.864482
4.139000	0.774397
4.140000	0.954567
4.141000	0.954567
4.142000	0.954567
4.143000	1.044650
4.144000	0.954567
4.145000	0.954567
4.146000	0.864482
4.147000	0.864482
4.148000	0.954567
4.149000	0.954567
4.150000	0.954567
4.151000	0.954567
4.152000	0.684128
4.153000	0.864482
4.154000	0.864482
4.155000	0.864482
4.156000	0.864482
4.157000	0.954567
4.158000	0.954567
4.159000	0.864482
4.160000	1.044650
4.161000	1.044650
4.162000	0.864482
4.163000	0.954567
4.164000	0.954567
4.165000	0.954567
4.166000	1.134920
4.167000	1.134920
4.168000	1.225010
4.169000	1.044650
4.170000	1.134920
4.171000	1.044650
4.172000	1.044650
4.173000	1.044650
4.174000	1.134920
4.175000	1.044650
4.176000	1.134920
4.177000	1.134920
4.178000	1.225010
4.179000	1.225010
4.180000	1.225010
4.181000	1.134920
4.182000	1.044650
4.183000	1.134920
4.184000	1.134920
4.185000	1.134920
4.186000	1.225010
4.187000	1.225010
4.188000	1.225010
4.189000	1.225010
4.190000	1.225010
4.191000	1.134920
4.192000	1.225010
4.193000	1.315090
4.194000	1.225010
4.195000	1.225010
4.196000	1.225010
4.197000	1.225010
4.198000	1.225010
4.199000	1.225010
4.200000	1.134920
4.201000	1.225010
4.202000	1.225010
4.203000	1.044650
4.204000	1.134920
4.205000	1.044650
4.206000	1.134920
4.207000	1.225010
4.208000	1.044650
4.209000	1.134920
4.210000	1.134920
4.211000	1.044650
4.212000	1.044650
4.213000	1.134920
4.214000	1.225010
4.215000	1.134920
4.216000	1.134920
4.217000	1.225010
4.218000	1.225010
4.219000	1.134920
4.220000	0.954567
4.221000	1.044650
4.222000	1.044650
4.223000	1.134920
4.224000	1.044650
4.225000	1.134920
4.226000	1.044650
4.227000	1.044650
4.228000	1.134920
4.229000	1.044650
4.230000	1.134920
4.231000	1.134920
4.232000	1.134920
4.233000	1.225010
4.234000	1.134920
4.235000	1.044650
4.236000	0.864482
4.237000	0.864482
4.238000	0.954567
4.239000	0.954567
4.240000	1.044650
4.241000	1.044650
4.242000	1.044650
4.243000	1.044650
4.244000	1.134920
4.245000	1.044650
4.246000	1.044650
4.247000	0.954567
4.248000	0.864482
4.249000	1.044650
4.250000	0.954567
4.251000	1.134920
4.252000	1.044650
4.253000	0.954567
4.254000	0.954567
4.255000	0.954567
4.256000	0.954567
4.257000	1.134920
4.258000	0.954567
4.259000	0.954567
4.260000	1.044650
4.261000	1.044650
4.262000	1.225010
4.263000	0.954567
4.264000	1.044650
4.265000	0.954567
4.266000	0.864482
4.267000	1.044650
4.268000	0.954567
4.269000	1.044650
4.270000	1.044650
4.271000	0.954567
4.272000	1.044650
4.273000	0.954567
4.274000	1.044650
4.275000	0.954567
4.276000	0.954567
4.277000	1.044650
4.278000	1.044650
4.279000	0.954567
4.280000	1.044650
4.281000	0.954567
4.282000	0.954567
4.283000	0.954567
4.284000	1.044650
4.285000	0.954567
4.286000	0.954567
4.287000	1.044650
4.288000	0.954567
4.289000	0.954567
4.290000	1.044650
4.291000	0.864482
4.292000	0.954567
4.293000	0.864482
4.294000	1.044650
4.295000	0.954567
4.296000	1.044650
4.297000	0.954567
4.298000	1.134920
4.299000	1.044650
4.300000	1.044650
4.301000	1.044650
4.302000	0.954567
4.303000	0.864482
4.304000	0.864482
4.305000	0.864482
4.306000	1.044650
4.307000	0.954567
4.308000	1.044650
4.309000	0.954567
4.310000	0.954567
4.311000	0.864482
4.312000	0.954567
4.313000	0.864482
4.314000	0.864482
4.315000	0.954567
4.316000	1.044650
4.317000	1.134920
4.318000	0.954567
4.319000	0.774397
4.320000	0.864482
4.321000	0.774397
4.322000	0.864482
4.323000	0.954567
4.324000	1.044650
4.325000	1.044650
4.326000	1.044650
4.327000	1.134920
4.328000	1.044650
4.329000	1.134920
4.330000	1.044650
4.331000	1.044650
4.332000	1.044650
4.333000	1.134920
4.334000	1.134920
4.335000	1.134920
4.336000	1.134920
4.337000	1.044650
4.338000	1.044650
4.339000	1.044650
4.340000	1.225010
4.341000	1.134920
4.342000	1.134920
4.343000	1.134920
4.344000	1.134920
4.345000	1.225010
4.346000	1.134920
4.347000	1.225010
4.348000	1.134920
4.349000	1.225010
4.350000	1.134920
4.351000	1.225010
4.352000	1.044650
4.353000	1.134920
4.354000	1.134920
4.355000	1.134920
4.356000	1.134920
4.357000	1.225010
4.358000	1.134920
4.359000	1.134920
4.360000	1.225010
4.361000	1.134920
4.362000	1.134920
4.363000	1.134920
4.364000	1.225010
4.365000	1.225010
4.366000	1.225010
4.367000	1.225010
4.368000	1.315090
4.369000	1.225010
4.370000	1.225010
4.371000	1.134920
4.372000	1.134920
4.373000	1.225010
4.374000	1.134920
4.375000	1.134920
4.376000	1.044650
4.377000	1.134920
4.378000	1.044650
4.379000	1.134920
4.380000	1.225010
4.381000	1.225010
4.382000	1.134920
4.383000	1.225010
4.384000	1.044650
4.385000	1.134920
4.386000	1.044650
4.387000	0.954567
4.388000	1.134920
4.389000	0.954567
4.390000	1.134920
4.391000	1.225010
4.392000	1.225010
4.393000	1.044650
4.394000	1.134920
4.395000	1.044650
4.396000	0.954567
4.397000	1.044650
4.398000	1.044650
4.399000	1.044650
4.400000	1.134920
4.401000	1.044650
4.402000	1.044650
4.403000	1.044650
4.404000	0.954567
4.405000	1.134920
4.406000	0.954567
4.407000	1.044650
4.408000	1.044650
4.409000	1.044650
4.410000	1.134920
4.411000	1.044650
4.412000	0.954567
4.413000	0.954567
4.414000	0.954567
4.415000	1.044650
4.416000	0.954567
4.417000	1.044650
4.418000	1.134920
4.419000	0.954567
4.420000	1.044650
4.421000	0.954567
4.422000	0.954567
4.423000	0.864482
4.424000	1.044650
4.425000	0.864482
4.426000	1.044650
4.427000	0.954567
4.428000	1.134920
4.429000	1.044650
4.430000	1.044650
4.431000	1.044650
4.432000	1.044650
4.433000	0.954567
4.434000	1.044650
4.435000	0.954567
4.436000	0.864482
4.437000	0.954567
4.438000	1.044650
4.439000	1.044650
4.440000	0.864482
4.441000	0.954567
4.442000	0.774397
4.443000	0.954567
4.444000	0.954567
4.445000	1.044650
4.446000	0.954567
4.447000	0.954567
4.448000	1.134920
4.449000	1.044650
4.450000	1.044650
4.451000	1.044650
4.452000	0.954567
4.453000	0.864482
4.454000	0.954567
4.455000	0.954567
4.456000	1.134920
4.457000	0.954567
4.458000	1.134920
4.459000	1.134920
4.460000	1.044650
4.461000	0.954567
4.462000	0.954567
4.463000	1.044650
4.464000	1.044650
4.465000	1.134920
4.466000	1.044650
4.467000	1.134920
4.468000	1.134920
4.469000	0.864482
4.470000	0.954567
4.471000	0.954567
4.472000	0.954567
4.473000	0.954567
4.474000	0.864482
4.475000	0.954567
4.476000	0.954567
4.477000	0.864482
4.478000	0.954567
4.479000	0.774397
4.480000	0.864482
4.481000	0.774397
4.482000	0.774397
4.483000	0.864482
4.484000	0.954567
4.485000	1.044650
4.486000	0.864482
4.487000	0.864482
4.488000	0.774397
4.489000	0.864482
4.490000	0.864482
4.491000	0.954567
4.492000	0.954567
4.493000	1.044650
4.494000	1.225010
4.495000	0.954567
4.496000	0.864482
4.497000	1.044650
4.498000	1.044650
4.499000	1.044650
4.500000	0.954567
4.501000	1.044650
4.502000	1.044650
4.503000	0.954567
4.504000	0.954567
4.505000	1.044650
4.506000	1.044650
4.507000	1.044650
4.508000	0.954567
4.509000	1.044650
4.510000	1.044650
4.511000	1.134920
4.512000	1.044650
4.513000	1.044650
4.514000	1.134920
4.515000	1.134920
4.516000	1.044650
4.517000	1.044650
4.518000	1.044650
4.519000	1.044650
4.520000	1.134920
4.521000	1.134920
4.522000	1.134920
4.523000	1.134920
4.524000	1.225010
4.525000	1.134920
4.526000	1.134920
4.527000	1.134920
4.528000	1.225010
4.529000	1.225010
4.530000	1.405360
4.531000	1.134920
4.532000	1.315090
4.533000	1.134920
4.534000	1.225010
4.535000	1.225010
4.536000	1.225010
4.537000	1.134920
4.538000	1.225010
4.539000	1.225010
4.540000	1.225010
4.541000	1.225010
4.542000	1.225010
4.543000	1.134920
4.544000	1.134920
4.545000	1.225010
4.546000	1.225010
4.547000	1.134920
4.548000	1.134920
4.549000	1.225010
4.550000	1.225010
4.551000	1.225010
4.552000	1.044650
4.553000	1.044650
4.554000	1.134920
4.555000	1.134920
4.556000	1.044650
4.557000	1.225010
4.558000	1.044650
4.559000	1.134920
4.560000	1.044650
4.561000	0.954567
4.562000	1.134920
4.563000	1.134920
4.564000	1.044650
4.565000	1.044650
4.566000	1.044650
4.567000	1.134920
4.568000	1.044650
4.569000	1.044650
4.570000	0.954567
4.571000	1.044650
4.572000	0.954567
4.573000	1.044650
4.574000	1.044650
4.575000	1.044650
4.576000	1.044650
4.577000	0.954567
4.578000	1.044650
4.579000	1.044650
4.580000	1.044650
4.581000	0.954567
4.582000	1.044650
4.583000	0.954567
4.584000	0.954567
4.585000	1.044650
4.586000	1.044650
4.587000	0.864482
4.588000	0.954567
4.589000	0.864482
4.590000	0.954567
4.591000	0.954567
4.592000	1.134920
4.593000	1.044650
4.594000	1.134920
4.595000	0.954567
4.596000	0.954567
4.597000	1.044650
4.598000	0.954567
4.599000	0.954567
4.600000	0.954567
4.601000	0.954567
4.602000	0.954567
4.603000	0.954567
4.604000	1.044650
4.605000	0.864482
4.606000	0.954567
4.607000	0.954567
4.608000	0.864482
4.609000	0.954567
4.610000	0.954567
4.611000	1.044650
4.612000	1.044650
4.613000	1.044650
4.614000	1.044650
4.615000	1.044650
4.616000	1.134920
4.617000	1.134920
4.618000	1.044650
4.619000	1.044650
4.620000	1.044650
4.621000	0.954567
4.622000	0.954567
4.623000	1.044650
4.624000	1.134920
4.625000	1.044650
4.626000	1.134920
4.627000	1.044650
4.628000	1.044650
4.629000	1.044650
4.630000	1.044650
4.631000	1.044650
4.632000	1.044650
4.633000	1.044650
4.634000	1.134920
4.635000	0.954567
4.636000	0.954567
4.637000	0.954567
4.638000	0.954567
4.639000	0.864482
4.640000	0.954567
4.641000	0.954567
4.642000	1.044650
4.643000	1.044650
4.644000	1.044650
4.645000	0.954567
4.646000	0.954567
4.647000	0.774397
4.648000	0.954567
4.649000	1.044650
4.650000	0.954567
4.651000	0.954567
4.652000	1.044650
4.653000	0.954567
4.654000	0.954567
4.655000	0.954567
4.656000	1.044650
4.657000	1.044650
4.658000	1.044650
4.659000	0.954567
4.660000	1.044650
4.661000	1.044650
4.662000	1.134920
4.663000	1.134920
4.664000	1.044650
4.665000	1.044650
4.666000	1.044650
4.667000	1.134920
4.668000	0.954567
4.669000	0.954567
4.670000	1.044650
4.671000	1.044650
4.672000	1.044650
4.673000	1.044650
4.674000	1.044650
4.675000	1.044650
4.676000	1.044650
4.677000	0.954567
4.678000	1.044650
4.679000	1.044650
4.680000	1.134920
4.681000	1.044650
4.682000	1.134920
4.683000	1.134920
4.684000	1.044650
4.685000	1.134920
4.686000	1.044650
4.687000	1.044650
4.688000	1.134920
4.689000	1.134920
4.690000	1.225010
4.691000	1.225010
4.692000	1.225010
4.693000	1.225010
4.694000	1.044650
4.695000	1.134920
4.696000	1.134920
4.697000	1.134920
4.698000	1.134920
4.699000	1.225010
4.700000	1.044650
4.701000	1.134920
4.702000	1.134920
4.703000	1.044650
4.704000	1.225010
4.705000	1.134920
4.706000	1.134920
4.707000	1.225010
4.708000	1.225010
4.709000	1.134920
4.710000	1.225010
4.711000	1.134920
4.712000	1.225010
4.713000	1.044650
4.714000	1.225010
4.715000	1.225010
4.716000	1.134920
4.717000	1.134920
4.718000	1.044650
4.719000	1.044650
4.720000	1.134920
4.721000	0.954567
4.722000	1.044650
4.723000	1.134920
4.724000	1.044650
4.725000	1.134920
4.726000	1.134920
4.727000	1.044650
4.728000	1.044650
4.729000	1.044650
4.730000	1.044650
4.731000	1.134920
4.732000	1.044650
4.733000	1.044650
4.734000	1.225010
4.735000	1.134920
4.736000	1.044650
4.737000	1.044650
4.738000	0.954567
4.739000	1.044650
4.740000	0.954567
4.741000	1.044650
4.742000	1.044650
4.743000	1.134920
4.744000	1.044650
4.745000	1.044650
4.746000	1.134920
4.747000	0.864482
4.748000	0.954567
4.749000	0.954567
4.750000	1.044650
4.751000	0.954567
4.752000	0.954567
4.753000	0.864482
4.754000	0.954567
4.755000	1.044650
4.756000	1.044650
4.757000	1.044650
4.758000	1.044650
4.759000	0.864482
4.760000	0.954567
4.761000	1.044650
4.762000	0.864482
4.763000	0.954567
4.764000	1.044650
4.765000	1.044650
4.766000	0.954567
4.767000	0.954567
4.768000	0.954567
4.769000	0.954567
4.770000	0.954567
4.771000	0.954567
4.772000	1.044650
4.773000	1.044650
4.774000	1.044650
4.775000	1.134920
4.776000	1.044650
4.777000	1.044650
4.778000	0.954567
4.779000	1.044650
4.780000	0.954567
4.781000	1.044650
4.782000	1.044650
4.783000	1.044650
4.784000	1.044650
4.785000	0.954567
4.786000	0.954567
4.787000	1.134920
4.788000	0.954567
4.789000	0.954567
4.790000	1.044650
4.791000	1.044650
4.792000	1.044650
4.793000	1.044650
4.794000	1.044650
4.795000	1.044650
4.796000	1.044650
4.797000	0.954567
4.798000	1.044650
4.799000	0.954567
4.800000	1.044650
4.801000	0.954567
4.802000	1.044650
4.803000	0.864482
4.804000	0.864482
4.805000	0.954567
4.806000	0.864482
4.807000	1.044650
4.808000	1.044650
4.809000	0.954567
4.810000	1.134920
4.811000	1.044650
4.812000	0.954567
4.813000	0.954567
4.814000	0.954567
4.815000	0.954567
4.816000	1.044650
4.817000	0.954567
4.818000	0.954567
4.819000	1.044650
4.820000	1.044650
4.821000	0.864482
4.822000	0.954567
4.823000	0.954567
4.824000	1.044650
4.825000	0.954567
4.826000	0.954567
4.827000	1.044650
4.828000	1.134920
4.829000	1.134920
4.830000	1.134920
4.831000	1.044650
4.832000	1.044650
4.833000	1.134920
4.834000	1.134920
4.835000	0.954567
4.836000	0.954567
4.837000	1.044650
4.838000	1.044650
4.839000	0.954567
4.840000	1.134920
4.841000	1.044650
4.842000	1.044650
4.843000	0.954567
4.844000	1.134920
4.845000	1.044650
4.846000	1.134920
4.847000	1.044650
4.848000	1.134920
4.849000	1.044650
4.850000	1.134920
4.851000	1.044650
4.852000	1.134920
4.853000	1.134920
4.854000	1.044650
4.855000	1.044650
4.856000	1.044650
4.857000	1.134920
4.858000	1.044650
4.859000	1.044650
4.860000	1.044650
4.861000	1.134920
4.862000	1.134920
4.863000	1.225010
4.864000	1.134920
4.865000	1.134920
4.866000	1.134920
4.867000	1.134920
4.868000	1.044650
4.869000	1.134920
4.870000	1.044650
4.871000	1.134920
4.872000	1.134920
4.873000	1.134920
4.874000	1.225010
4.875000	1.134920
4.876000	1.044650
4.877000	1.134920
4.878000	1.044650
4.879000	1.134920
4.880000	1.134920
4.881000	1.225010
4.882000	1.044650
4.883000	1.315090
4.884000	1.134920
4.885000	1.134920
4.886000	1.044650
4.887000	1.044650
4.888000	1.044650
4.889000	1.134920
4.890000	1.134920
4.891000	1.225010
4.892000	1.225010
4.893000	1.044650
4.894000	1.225010
4.895000	1.134920
4.896000	1.044650
4.897000	1.134920
4.898000	1.044650
4.899000	1.134920
4.900000	1.044650
4.901000	1.134920
4.902000	1.044650
4.903000	1.044650
4.904000	1.044650
4.905000	1.044650
4.906000	0.954567
4.907000	1.044650
4.908000	1.044650
4.909000	1.044650
4.910000	1.044650
4.911000	1.044650
4.912000	1.044650
4.913000	1.044650
4.914000	1.044650
4.915000	0.954567
4.916000	1.044650
4.917000	1.134920
4.918000	0.954567
4.919000	0.954567
4.920000	0.954567
4.921000	0.864482
4.922000	0.774397
4.923000	0.954567
4.924000	1.044650
4.925000	0.954567
4.926000	0.954567
4.927000	0.864482
4.928000	0.954567
4.929000	1.044650
4.930000	1.044650
4.931000	0.954567
4.932000	1.044650
4.933000	0.864482
4.934000	1.044650
4.935000	0.954567
4.936000	0.864482
4.937000	0.864482
4.938000	0.954567
4.939000	1.044650
4.940000	1.044650
4.941000	1.044650
4.942000	1.044650
4.943000	0.954567
4.944000	1.044650
4.945000	1.044650
4.946000	1.044650
4.947000	1.044650
4.948000	1.044650
4.949000	1.044650
4.950000	0.954567
4.951000	0.954567
4.952000	1.044650
4.953000	0.954567
4.954000	0.864482
4.955000	0.954567
4.956000	0.864482
4.957000	0.954567
4.958000	0.954567
4.959000	0.954567
4.960000	0.954567
4.961000	1.044650
4.962000	1.134920
4.963000	0.954567
4.964000	1.044650
4.965000	0.954567
4.966000	0.954567
4.967000	1.044650
4.968000	1.134920
4.969000	0.954567
4.970000	0.954567
4.971000	0.864482
4.972000	0.954567
4.973000	0.954567
4.974000	0.954567
4.975000	1.044650
4.976000	1.044650
4.977000	1.134920
4.978000	1.044650
4.979000	1.044650
4.980000	0.954567
4.981000	1.044650
4.982000	0.954567
4.983000	1.044650
4.984000	1.134920
4.985000	1.134920
4.986000	0.954567
4.987000	0.954567
4.988000	0.864482
4.989000	0.954567
4.990000	1.044650
4.991000	1.044650
4.992000	1.044650
4.993000	1.044650
4.994000	1.134920
4.995000	1.044650
4.996000	1.134920
4.997000	1.044650
4.998000	1.134920
4.999000	1.044650
5.000000	0.954567
5.001000	0.954567
5.002000	0.954567
5.003000	0.954567
5.004000	1.044650
5.005000	0.954567
5.006000	1.044650
5.007000	1.044650
5.008000	1.225010
5.009000	1.044650
5.010000	0.954567
5.011000	1.044650
5.012000	0.864482
5.013000	1.134920
5.014000	1.134920
5.015000	1.044650
5.016000	1.134920
5.017000	1.044650
5.018000	0.954567
5.019000	1.044650
5.020000	0.954567
5.021000	0.954567
5.022000	1.044650
5.023000	1.044650
5.024000	1.044650
5.025000	1.134920
5.026000	0.954567
5.027000	1.044650
5.028000	1.044650
5.029000	1.044650
5.030000	1.134920
5.031000	1.134920
5.032000	1.225010
5.033000	1.134920
5.034000	1.225010
5.035000	1.225010
5.036000	1.044650
5.037000	0.954567
5.038000	1.044650
5.039000	1.044650
5.040000	1.134920
5.041000	1.225010
5.042000	1.134920
5.043000	1.044650
5.044000	1.044650
5.045000	0.954567
5.046000	1.044650
5.047000	1.134920
5.048000	1.134920
5.049000	1.225010
5.050000	1.134920
5.051000	1.044650
5.052000	1.134920
5.053000	1.134920
5.054000	1.134920
5.055000	1.044650
5.056000	0.954567
5.057000	1.134920
5.058000	1.044650
5.059000	1.134920
5.060000	1.044650
5.061000	1.225010
5.062000	1.134920
5.063000	1.134920
5.064000	1.044650
5.065000	1.044650
5.066000	1.134920
5.067000	1.134920
5.068000	1.044650
5.069000	1.044650
5.070000	0.954567
5.071000	1.044650
5.072000	0.954567
5.073000	1.044650
5.074000	1.044650
5.075000	1.044650
5.076000	1.044650
5.077000	1.134920
5.078000	1.044650
5.079000	1.044650
5.080000	1.044650
5.081000	1.134920
5.082000	1.134920
5.083000	1.044650
5.084000	0.954567
5.085000	0.864482
5.086000	0.954567
5.087000	0.954567
5.088000	0.864482
5.089000	1.044650
5.090000	1.044650
5.091000	1.044650
5.092000	0.954567
5.093000	1.044650
5.094000	1.134920
5.095000	0.954567
5.096000	1.044650
5.097000	0.954567
5.098000	1.044650
5.099000	1.134920
5.100000	1.044650
5.101000	0.954567
5.102000	1.044650
5.103000	0.954567
5.104000	0.954567
5.105000	0.954567
5.106000	1.044650
5.107000	1.225010
5.108000	1.044650
5.109000	1.044650
5.110000	1.134920
5.111000	1.044650
5.112000	0.954567
5.113000	1.044650
5.114000	1.044650
5.115000	1.134920
5.116000	0.954567
5.117000	1.044650
5.118000	1.044650
5.119000	0.954567
5.120000	1.044650
5.121000	1.044650
5.122000	1.044650
5.123000	1.044650
5.124000	1.044650
5.125000	1.044650
5.126000	1.044650
5.127000	1.134920
5.128000	1.044650
5.129000	1.134920
5.130000	1.044650
5.131000	0.954567
5.132000	1.044650
5.133000	0.954567
5.134000	1.134920
5.135000	1.044650
5.136000	1.044650
5.137000	1.044650
5.138000	0.954567
5.139000	1.044650
5.140000	1.044650
5.141000	1.044650
5.142000	1.044650
5.143000	1.044650
5.144000	1.134920
5.145000	1.134920
5.146000	1.044650
5.147000	1.134920
5.148000	1.044650
5.149000	0.954567
5.150000	1.044650
5.151000	0.954567
5.152000	0.864482
5.153000	1.044650
5.154000	1.044650
5.155000	1.044650
5.156000	1.044650
5.157000	1.225010
5.158000	0.954567
5.159000	0.954567
5.160000	1.044650
5.161000	1.044650
5.162000	1.044650
5.163000	1.044650
5.164000	1.044650
5.165000	1.044650
5.166000	1.134920
5.167000	1.044650
5.168000	1.044650
5.169000	1.044650
5.170000	1.134920
5.171000	1.044650
5.172000	1.044650
5.173000	1.134920
5.174000	1.134920
5.175000	1.225010
5.176000	1.134920
5.177000	1.044650
5.178000	1.044650
5.179000	1.044650
5.180000	1.044650
5.181000	1.044650
5.182000	1.044650
5.183000	1.134920
5.184000	1.134920
5.185000	1.044650
5.186000	1.044650
5.187000	1.044650
5.188000	1.134920
5.189000	1.044650
5.190000	0.954567
5.191000	0.954567
5.192000	0.864482
5.193000	0.864482
5.194000	0.774397
5.195000	0.864482
5.196000	0.954567
5.197000	1.134920
5.198000	1.044650
5.199000	1.134920
5.200000	1.134920
5.201000	1.134920
5.202000	1.134920
5.203000	1.134920
5.204000	1.044650
5.205000	1.044650
5.206000	1.044650
5.207000	1.044650
5.208000	1.044650
5.209000	1.134920
5.210000	1.134920
5.211000	1.134920
5.212000	1.134920
5.213000	1.134920
5.214000	1.225010
5.215000	1.315090
5.216000	1.225010
5.217000	1.315090
5.218000	1.134920
5.219000	1.134920
5.220000	1.134920
5.221000	1.044650
5.222000	0.954567
5.223000	0.954567
5.224000	0.954567
5.225000	0.954567
5.226000	0.864482
5.227000	0.954567
5.228000	1.044650
5.229000	1.044650
5.230000	1.134920
5.231000	1.134920
5.232000	1.044650
5.233000	1.044650
5.234000	0.954567
5.235000	0.954567
5.236000	0.774397
5.237000	0.954567
5.238000	1.044650
5.239000	0.954567
5.240000	1.044650
5.241000	1.134920
5.242000	1.134920
5.243000	1.044650
5.244000	1.225010
5.245000	1.134920
5.246000	1.134920
5.247000	1.134920
5.248000	1.134920
5.249000	1.134920
5.250000	1.134920
5.251000	1.044650
5.252000	1.044650
5.253000	0.954567
5.254000	1.044650
5.255000	0.954567
5.256000	0.954567
5.257000	1.044650
5.258000	1.044650
5.259000	1.044650
5.260000	0.954567
5.261000	1.044650
5.262000	0.954567
5.263000	0.954567
5.264000	0.864482
5.265000	0.954567
5.266000	1.044650
5.267000	0.864482
5.268000	1.044650
5.269000	0.864482
5.270000	0.954567
5.271000	0.864482
5.272000	0.954567
5.273000	0.954567
5.274000	1.134920
5.275000	1.044650
5.276000	1.134920
5.277000	1.134920
5.278000	1.134920
5.279000	1.134920
5.280000	1.134920
5.281000	1.315090
5.282000	1.134920
5.283000	1.225010
5.284000	1.225010
5.285000	1.134920
5.286000	1.044650
5.287000	0.954567
5.288000	0.954567
5.289000	0.954567
5.290000	0.954567
5.291000	0.954567
5.292000	1.044650
5.293000	1.044650
5.294000	1.044650
5.295000	0.954567
5.296000	0.954567
5.297000	0.864482
5.298000	0.954567
5.299000	0.954567
5.300000	0.864482
5.301000	0.864482
5.302000	0.864482
5.303000	0.864482
5.304000	0.864482
5.305000	0.864482
5.306000	0.954567
5.307000	1.044650
5.308000	1.044650
5.309000	1.134920
5.310000	1.044650
5.311000	1.134920
5.312000	1.134920
5.313000	1.134920
5.314000	1.044650
5.315000	1.225010
5.316000	1.044650
5.317000	1.134920
5.318000	1.134920
5.319000	1.134920
5.320000	1.044650
5.321000	1.044650
5.322000	1.134920
5.323000	1.134920
5.324000	1.044650
5.325000	1.134920
5.326000	1.044650
5.327000	1.044650
5.328000	1.044650
5.329000	0.954567
5.330000	0.954567
5.331000	0.954567
5.332000	0.864482
5.333000	0.954567
5.334000	0.954567
5.335000	0.954567
5.336000	0.864482
5.337000	0.954567
5.338000	0.954567
5.339000	1.044650
5.340000	1.134920
5.341000	0.954567
5.342000	1.044650
5.343000	0.954567
5.344000	1.044650
5.345000	1.044650
5.346000	1.044650
5.347000	1.134920
5.348000	1.134920
5.349000	1.225010
5.350000	1.134920
5.351000	1.134920
5.352000	1.225010
5.353000	1.134920
5.354000	1.044650
5.355000	1.134920
5.356000	1.225010
5.357000	1.044650
5.358000	1.134920
5.359000	1.044650
5.360000	1.044650
5.361000	0.954567
5.362000	0.954567
5.363000	0.954567
5.364000	0.954567
5.365000	0.954567
5.366000	1.044650
5.367000	1.044650
5.368000	0.864482
5.369000	1.044650
5.370000	0.864482
5.371000	0.954567
5.372000	0.954567
5.373000	0.954567
5.374000	0.954567
5.375000	1.134920
5.376000	1.134920
5.377000	1.134920
5.378000	1.134920
5.379000	1.134920
5.380000	1.225010
5.381000	1.134920
5.382000	1.134920
5.383000	1.225010
5.384000	1.134920
5.385000	1.225010
5.386000	1.134920
5.387000	1.044650
5.388000	1.134920
5.389000	1.044650
5.390000	1.225010
5.391000	1.134920
5.392000	1.225010
5.393000	1.044650
5.394000	1.044650
5.395000	1.134920
5.396000	1.044650
5.397000	0.954567
5.398000	1.044650
5.399000	0.954567
5.400000	0.954567
5.401000	0.954567
5.402000	0.954567
5.403000	0.864482
5.404000	0.954567
5.405000	0.954567
5.406000	0.864482
5.407000	0.954567
5.408000	1.044650
5.409000	1.044650
5.410000	0.954567
5.411000	0.954567
5.412000	1.044650
5.413000	1.044650
5.414000	1.044650
5.415000	1.044650
5.416000	1.134920
5.417000	1.044650
5.418000	1.044650
5.419000	0.954567
5.420000	1.044650
5.421000	1.044650
5.422000	0.954567
5.423000	1.134920
5.424000	1.044650
5.425000	1.134920
5.426000	1.044650
5.427000	1.044650
5.428000	1.044650
5.429000	0.954567
5.430000	0.864482
5.431000	0.954567
5.432000	0.954567
5.433000	0.864482
5.434000	0.864482
5.435000	0.954567
5.436000	0.864482
5.437000	0.864482
5.438000	0.954567
5.439000	0.954567
5.440000	0.954567
5.441000	0.954567
5.442000	1.044650
5.443000	1.044650
5.444000	1.225010
5.445000	1.134920
5.446000	1.044650
5.447000	1.044650
5.448000	1.134920
5.449000	1.044650
5.450000	1.134920
5.451000	1.134920
5.452000	1.044650
5.453000	1.134920
5.454000	1.134920
5.455000	1.225010
5.456000	1.134920
5.457000	1.134920
5.458000	1.134920
5.459000	0.954567
5.460000	1.044650
5.461000	1.134920
5.462000	0.954567
5.463000	0.864482
5.464000	0.954567
5.465000	0.954567
5.466000	1.044650
5.467000	1.044650
5.468000	1.044650
5.469000	0.954567
5.470000	0.954567
5.471000	1.044650
5.472000	1.044650
5.473000	0.954567
5.474000	1.044650
5.475000	0.954567
5.476000	0.954567
5.477000	1.134920
5.478000	1.134920
5.479000	1.134920
5.480000	1.134920
5.481000	1.134920
5.482000	1.134920
5.483000	1.225010
5.484000	1.225010
5.485000	1.044650
5.486000	1.225010
5.487000	1.134920
5.488000	1.044650
5.489000	1.044650
5.490000	1.044650
5.491000	1.044650
5.492000	1.044650
5.493000	1.044650
5.494000	1.134920
5.495000	1.134920
5.496000	1.044650
5.497000	1.044650
5.498000	0.954567
5.499000	1.134920
5.500000	1.044650
