-0.500000	0.041807
-0.499000	0.052004
-0.498000	0.052004
-0.497000	0.046911
-0.496000	0.046911
-0.495000	0.046911
-0.494000	0.052004
-0.493000	0.046911
-0.492000	0.052004
-0.491000	0.046911
-0.490000	0.041807
-0.489000	0.046911
-0.488000	0.052004
-0.487000	0.041807
-0.486000	0.041807
-0.485000	0.046911
-0.484000	0.046911
-0.483000	0.057096
-0.482000	0.046911
-0.481000	0.052004
-0.480000	0.046911
-0.479000	0.046911
-0.478000	0.046911
-0.477000	0.052004
-0.476000	0.046911
-0.475000	0.057096
-0.474000	0.041807
-0.473000	0.041807
-0.472000	0.041807
-0.471000	0.046911
-0.470000	0.046911
-0.469000	0.052004
-0.468000	0.046911
-0.467000	0.041807
-0.466000	0.052004
-0.465000	0.046911
-0.464000	0.052004
-0.463000	0.041807
-0.462000	0.041807
-0.461000	0.046911
-0.460000	0.052004
-0.459000	0.052004
-0.458000	0.046911
-0.457000	0.041807
-0.456000	0.041807
-0.455000	0.046911
-0.454000	0.046911
-0.453000	0.046911
-0.452000	0.041807
-0.451000	0.046911
-0.450000	0.046911
-0.449000	0.041807
-0.448000	0.046911
-0.447000	0.046911
-0.446000	0.052004
-0.445000	0.041807
-0.444000	0.052004
-0.443000	0.052004
-0.442000	0.052004
-0.441000	0.046911
-0.440000	0.046911
-0.439000	0.046911
-0.438000	0.052004
-0.437000	0.046911
-0.436000	0.046911
-0.435000	0.046911
-0.434000	0.052004
-0.433000	0.052004
-0.432000	0.052004
-0.431000	0.052004
-0.430000	0.046911
-0.429000	0.052004
-0.428000	0.041807
-0.427000	0.052004
-0.426000	0.041807
-0.425000	0.046911
-0.424000	0.052004
-0.423000	0.041807
-0.422000	0.052004
-0.421000	0.041807
-0.420000	0.046911
-0.419000	0.041807
-0.418000	0.052004
-0.417000	0.052004
-0.416000	0.052004
-0.415000	0.046911
-0.414000	0.057096
-0.413000	0.046911
-0.412000	0.046911
-0.411000	0.052004
-0.410000	0.052004
-0.409000	0.041807
-0.408000	0.052004
-0.407000	0.052004
-0.406000	0.052004
-0.405000	0.046911
-0.404000	0.046911
-0.403000	0.046911
-0.402000	0.046911
-0.401000	0.046911
-0.400000	0.046911
-0.399000	0.052004
-0.398000	0.052004
-0.397000	0.052004
-0.396000	0.052004
-0.395000	0.052004
-0.394000	0.041807
-0.393000	0.046911
-0.392000	0.052004
-0.391000	0.041807
-0.390000	0.052004
-0.389000	0.041807
-0.388000	0.052004
-0.387000	0.046911
-0.386000	0.046911
-0.385000	0.046911
-0.384000	0.046911
-0.383000	0.046911
-0.382000	0.046911
-0.381000	0.046911
-0.380000	0.046911
-0.379000	0.041807
-0.378000	0.052004
-0.377000	0.052004
-0.376000	0.052004
-0.375000	0.041807
-0.374000	0.046911
-0.373000	0.046911
-0.372000	0.041807
-0.371000	0.046911
-0.370000	0.057096
-0.369000	0.046911
-0.368000	0.046911
-0.367000	0.046911
-0.366000	0.052004
-0.365000	0.046911
-0.364000	0.046911
-0.363000	0.052004
-0.362000	0.046911
-0.361000	0.046911
-0.360000	0.052004
-0.359000	0.041807
-0.358000	0.046911
-0.357000	0.046911
-0.356000	0.036715
-0.355000	0.046911
-0.354000	0.052004
-0.353000	0.041807
-0.352000	0.046911
-0.351000	0.052004
-0.350000	0.046911
-0.349000	0.052004
-0.348000	0.046911
-0.347000	0.052004
-0.346000	0.052004
-0.345000	0.046911
-0.344000	0.046911
-0.343000	0.052004
-0.342000	0.046911
-0.341000	0.046911
-0.340000	0.046911
-0.339000	0.041807
-0.338000	0.052004
-0.337000	0.046911
-0.336000	0.046911
-0.335000	0.041807
-0.334000	0.046911
-0.333000	0.046911
-0.332000	0.052004
-0.331000	0.046911
-0.330000	0.052004
-0.329000	0.041807
-0.328000	0.046911
-0.327000	0.046911
-0.326000	0.046911
-0.325000	0.052004
-0.324000	0.046911
-0.323000	0.046911
-0.322000	0.046911
-0.321000	0.052004
-0.320000	0.046911
-0.319000	0.046911
-0.318000	0.046911
-0.317000	0.046911
-0.316000	0.052004
-0.315000	0.046911
-0.314000	0.046911
-0.313000	0.046911
-0.312000	0.046911
-0.311000	0.057096
-0.310000	0.052004
-0.309000	0.041807
-0.308000	0.052004
-0.307000	0.046911
-0.306000	0.052004
-0.305000	0.046911
-0.304000	0.046911
-0.303000	0.046911
-0.302000	0.041807
-0.301000	0.057096
-0.300000	0.046911
-0.299000	0.046911
-0.298000	0.052004
-0.297000	0.046911
-0.296000	0.046911
-0.295000	0.041807
-0.294000	0.052004
-0.293000	0.046911
-0.292000	0.052004
-0.291000	0.046911
-0.290000	0.046911
-0.289000	0.046911
-0.288000	0.052004
-0.287000	0.052004
-0.286000	0.046911
-0.285000	0.041807
-0.284000	0.057096
-0.283000	0.057096
-0.282000	0.041807
-0.281000	0.046911
-0.280000	0.046911
-0.279000	0.057096
-0.278000	0.046911
-0.277000	0.046911
-0.276000	0.046911
-0.275000	0.046911
-0.274000	0.041807
-0.273000	0.046911
-0.272000	0.046911
-0.271000	0.052004
-0.270000	0.046911
-0.269000	0.041807
-0.268000	0.046911
-0.267000	0.052004
-0.266000	0.052004
-0.265000	0.046911
-0.264000	0.052004
-0.263000	0.052004
-0.262000	0.046911
-0.261000	0.036715
-0.260000	0.062189
-0.259000	0.046911
-0.258000	0.052004
-0.257000	0.046911
-0.256000	0.046911
-0.255000	0.046911
-0.254000	0.046911
-0.253000	0.041807
-0.252000	0.046911
-0.251000	0.041807
-0.250000	0.046911
-0.249000	0.052004
-0.248000	0.052004
-0.247000	0.057096
-0.246000	0.046911
-0.245000	0.046911
-0.244000	0.052004
-0.243000	0.052004
-0.242000	0.046911
-0.241000	0.046911
-0.240000	0.041807
-0.239000	0.052004
-0.238000	0.052004
-0.237000	0.041807
-0.236000	0.046911
-0.235000	0.046911
-0.234000	0.052004
-0.233000	0.052004
-0.232000	0.046911
-0.231000	0.041807
-0.230000	0.046911
-0.229000	0.046911
-0.228000	0.057096
-0.227000	0.046911
-0.226000	0.046911
-0.225000	0.046911
-0.224000	0.046911
-0.223000	0.046911
-0.222000	0.041807
-0.221000	0.046911
-0.220000	0.046911
-0.219000	0.046911
-0.218000	0.041807
-0.217000	0.052004
-0.216000	0.046911
-0.215000	0.052004
-0.214000	0.052004
-0.213000	0.046911
-0.212000	0.052004
-0.211000	0.052004
-0.210000	0.052004
-0.209000	0.052004
-0.208000	0.046911
-0.207000	0.046911
-0.206000	0.041807
-0.205000	0.046911
-0.204000	0.046911
-0.203000	0.046911
-0.202000	0.046911
-0.201000	0.052004
-0.200000	0.052004
-0.199000	0.046911
-0.198000	0.057096
-0.197000	0.046911
-0.196000	0.041807
-0.195000	0.052004
-0.194000	0.046911
-0.193000	0.046911
-0.192000	0.052004
-0.191000	0.046911
-0.190000	0.046911
-0.189000	0.041807
-0.188000	0.052004
-0.187000	0.052004
-0.186000	0.052004
-0.185000	0.041807
-0.184000	0.052004
-0.183000	0.046911
-0.182000	0.052004
-0.181000	0.052004
-0.180000	0.046911
-0.179000	0.041807
-0.178000	0.052004
-0.177000	0.046911
-0.176000	0.041807
-0.175000	0.052004
-0.174000	0.052004
-0.173000	0.046911
-0.172000	0.036715
-0.171000	0.041807
-0.170000	0.046911
-0.169000	0.046911
-0.168000	0.041807
-0.167000	0.052004
-0.166000	0.046911
-0.165000	0.052004
-0.164000	0.046911
-0.163000	0.052004
-0.162000	0.041807
-0.161000	0.052004
-0.160000	0.052004
-0.159000	0.046911
-0.158000	0.046911
-0.157000	0.046911
-0.156000	0.046911
-0.155000	0.041807
-0.154000	0.052004
-0.153000	0.041807
-0.152000	0.046911
-0.151000	0.046911
-0.150000	0.052004
-0.149000	0.046911
-0.148000	0.046911
-0.147000	0.046911
-0.146000	0.046911
-0.145000	0.052004
-0.144000	0.052004
-0.143000	0.046911
-0.142000	0.046911
-0.141000	0.046911
-0.140000	0.046911
-0.139000	0.046911
-0.138000	0.052004
-0.137000	0.046911
-0.136000	0.041807
-0.135000	0.046911
-0.134000	0.046911
-0.133000	0.046911
-0.132000	0.052004
-0.131000	0.052004
-0.130000	0.046911
-0.129000	0.046911
-0.128000	0.046911
-0.127000	0.046911
-0.126000	0.046911
-0.125000	0.046911
-0.124000	0.052004
-0.123000	0.052004
-0.122000	0.052004
-0.121000	0.041807
-0.120000	0.041807
-0.119000	0.041807
-0.118000	0.046911
-0.117000	0.046911
-0.116000	0.046911
-0.115000	0.046911
-0.114000	0.046911
-0.113000	0.052004
-0.112000	0.052004
-0.111000	0.052004
-0.110000	0.046911
-0.109000	0.046911
-0.108000	0.046911
-0.107000	0.052004
-0.106000	0.052004
-0.105000	0.046911
-0.104000	0.052004
-0.103000	0.046911
-0.102000	0.052004
-0.101000	0.052004
-0.100000	0.052004
-0.099000	0.057096
-0.098000	0.046911
-0.097000	0.046911
-0.096000	0.046911
-0.095000	0.046911
-0.094000	0.046911
-0.093000	0.041807
-0.092000	0.052004
-0.091000	0.052004
-0.090000	0.041807
-0.089000	0.052004
-0.088000	0.046911
-0.087000	0.052004
-0.086000	0.046911
-0.085000	0.041807
-0.084000	0.052004
-0.083000	0.052004
-0.082000	0.046911
-0.081000	0.046911
-0.080000	0.046911
-0.079000	0.046911
-0.078000	0.052004
-0.077000	0.052004
-0.076000	0.046911
-0.075000	0.057096
-0.074000	0.046911
-0.073000	0.041807
-0.072000	0.046911
-0.071000	0.046911
-0.070000	0.041807
-0.069000	0.052004
-0.068000	0.052004
-0.067000	0.046911
-0.066000	0.046911
-0.065000	0.052004
-0.064000	0.052004
-0.063000	0.052004
-0.062000	0.041807
-0.061000	0.046911
-0.060000	0.062189
-0.059000	0.046911
-0.058000	0.046911
-0.057000	0.041807
-0.056000	0.041807
-0.055000	0.052004
-0.054000	0.052004
-0.053000	0.052004
-0.052000	0.046911
-0.051000	0.052004
-0.050000	0.052004
-0.049000	0.046911
-0.048000	0.046911
-0.047000	0.041807
-0.046000	0.046911
-0.045000	0.046911
-0.044000	0.046911
-0.043000	0.041807
-0.042000	0.046911
-0.041000	0.052004
-0.040000	0.041807
-0.039000	0.036715
-0.038000	0.041807
-0.037000	0.052004
-0.036000	0.046911
-0.035000	0.046911
-0.034000	0.052004
-0.033000	0.057096
-0.032000	0.062189
-0.031000	0.067293
-0.030000	0.057096
-0.029000	0.077478
-0.028000	0.082582
-0.027000	0.092767
-0.026000	0.092767
-0.025000	0.108056
-0.024000	0.113149
-0.023000	0.118242
-0.022000	0.128438
-0.021000	0.128438
-0.020000	0.128438
-0.019000	0.123345
-0.018000	0.138634
-0.017000	0.138634
-0.016000	0.153913
-0.015000	0.148820
-0.014000	0.148820
-0.013000	0.153913
-0.012000	0.143727
-0.011000	0.133531
-0.010000	0.133531
-0.009000	0.108056
-0.008000	0.102964
-0.007000	0.092767
-0.006000	0.072385
-0.005000	0.052004
-0.004000	0.026518
-0.003000	0.011240
-0.002000	-0.019338
-0.001000	-0.055009
0.000000	-0.095773
0.001000	-0.126351
0.002000	-0.167115
0.003000	-0.202786
0.004000	-0.243560
0.005000	-0.284324
0.006000	-0.345470
0.007000	-0.386233
0.008000	-0.437193
0.009000	-0.477957
0.010000	-0.503442
0.011000	-0.549299
0.012000	-0.574784
0.013000	-0.579877
0.014000	-0.569691
0.015000	-0.539113
0.016000	-0.508535
0.017000	-0.472864
0.018000	-0.421904
0.019000	-0.365851
0.020000	-0.274128
0.021000	-0.197693
0.022000	-0.116155
0.023000	-0.029534
0.024000	0.057096
0.025000	0.128438
0.026000	0.184491
0.027000	0.240544
0.028000	0.296597
0.029000	0.347557
0.030000	0.403610
0.031000	0.454570
0.032000	0.495333
0.033000	0.541200
0.034000	0.571779
0.035000	0.592160
0.036000	0.612542
0.037000	0.617635
0.038000	0.587057
0.039000	0.556489
0.040000	0.531004
0.041000	0.505530
0.042000	0.469859
0.043000	0.403610
0.044000	0.342464
0.045000	0.301700
0.046000	0.240544
0.047000	0.189584
0.048000	0.169202
0.049000	0.159016
0.050000	0.164109
0.051000	0.138634
0.052000	0.102964
0.053000	0.036715
0.054000	-0.039720
0.055000	-0.090680
0.056000	-0.151826
0.057000	-0.223168
0.058000	-0.289417
0.059000	-0.345470
0.060000	-0.360759
0.061000	-0.370955
0.062000	-0.416811
0.063000	-0.442286
0.064000	-0.467771
0.065000	-0.427008
0.066000	-0.406626
0.067000	-0.432100
0.068000	-0.477957
0.069000	-0.477957
0.070000	-0.452482
0.071000	-0.432100
0.072000	-0.432100
0.073000	-0.432100
0.074000	-0.427008
0.075000	-0.421904
0.076000	-0.432100
0.077000	-0.427008
0.078000	-0.376048
0.079000	-0.304706
0.080000	-0.253746
0.081000	-0.269035
0.082000	-0.294510
0.083000	-0.269035
0.084000	-0.218075
0.085000	-0.187497
0.086000	-0.223168
0.087000	-0.243560
0.088000	-0.202786
0.089000	-0.151826
0.090000	-0.167115
0.091000	-0.212982
0.092000	-0.218075
0.093000	-0.167115
0.094000	-0.116155
0.095000	-0.116155
0.096000	-0.162022
0.097000	-0.187497
0.098000	-0.141640
0.099000	-0.100876
0.100000	-0.121258
0.101000	-0.151826
0.102000	-0.141640
0.103000	-0.100876
0.104000	-0.100876
0.105000	-0.146733
0.106000	-0.167115
0.107000	-0.156929
0.108000	-0.111062
0.109000	-0.095773
0.110000	-0.111062
0.111000	-0.146733
0.112000	-0.131444
0.113000	-0.075391
0.114000	-0.065205
0.115000	-0.126351
0.116000	-0.131444
0.117000	-0.095773
0.118000	-0.060102
0.119000	-0.080494
0.120000	-0.131444
0.121000	-0.162022
0.122000	-0.141640
0.123000	-0.126351
0.124000	-0.151826
0.125000	-0.187497
0.126000	-0.177311
0.127000	-0.131444
0.128000	0.067293
0.129000	0.087674
0.130000	-0.080494
0.131000	-0.442286
0.132000	-0.070298
0.133000	0.301700
0.134000	0.225255
0.135000	-0.218075
0.136000	-0.544206
0.137000	-0.085587
0.138000	0.357753
0.139000	0.021426
0.140000	-0.661415
0.141000	-0.768417
0.142000	-0.172218
0.143000	0.194687
0.144000	-0.187497
0.145000	-0.783706
0.146000	-0.809192
0.147000	-0.238457
0.148000	0.148820
0.149000	-0.263942
0.150000	-0.702179
0.151000	-0.549299
0.152000	-0.111062
0.153000	0.067293
0.154000	-0.248653
0.155000	-0.569691
0.156000	-0.406626
0.157000	0.067293
0.158000	0.393424
0.159000	0.352650
0.160000	-0.029534
0.161000	0.006136
0.162000	0.388321
0.163000	0.836754
0.164000	0.678781
0.165000	0.378135
0.166000	0.551386
0.167000	0.790897
0.168000	0.872425
0.169000	0.632924
0.170000	0.337371
0.171000	0.495333
0.172000	0.617635
0.173000	0.429095
0.174000	0.271122
0.175000	0.169202
0.176000	0.240544
0.177000	0.311886
0.178000	0.159016
0.179000	0.250740
0.180000	0.408713
0.181000	0.322082
0.182000	0.092767
0.183000	-0.070298
0.184000	0.031622
0.185000	-0.019338
0.186000	-0.075391
0.187000	-0.060102
0.188000	0.021426
0.189000	0.204873
0.190000	0.220162
0.191000	0.062189
0.192000	-0.029534
0.193000	0.092767
0.194000	0.286411
0.195000	0.311886
0.196000	0.138634
0.197000	0.006136
0.198000	0.159016
0.199000	0.434188
0.200000	0.337371
0.201000	0.082582
0.202000	0.067293
0.203000	0.332268
0.204000	0.581964
0.205000	0.199780
0.206000	0.041807
0.207000	0.658399
0.208000	1.152700
0.209000	0.903003
0.210000	0.485148
0.211000	0.510622
0.212000	1.066070
0.213000	1.208750
0.214000	0.765412
0.215000	0.587057
0.216000	0.892806
0.217000	1.539980
0.218000	1.509400
0.219000	1.035490
0.220000	1.111920
0.221000	1.468630
0.222000	1.570550
0.223000	1.290280
0.224000	0.923385
0.225000	1.035490
0.226000	1.315760
0.227000	1.331040
0.228000	0.903003
0.229000	0.362846
0.230000	0.556489
0.231000	1.162880
0.232000	1.239320
0.233000	0.551386
0.234000	0.082582
0.235000	0.398517
0.236000	0.857136
0.237000	0.576871
0.238000	-0.131444
0.239000	-0.416811
0.240000	0.194687
0.241000	0.867332
0.242000	0.719555
0.243000	0.281308
0.244000	0.393424
0.245000	0.811279
0.246000	0.974345
0.247000	0.525911
0.248000	0.225255
0.249000	0.439281
0.250000	0.811279
0.251000	0.862239
0.252000	0.505530
0.253000	0.215069
0.254000	0.449477
0.255000	0.826568
0.256000	0.862239
0.257000	0.429095
0.258000	0.194687
0.259000	0.546293
0.260000	0.857136
0.261000	0.632924
0.262000	0.052004
0.263000	-0.100876
0.264000	0.286411
0.265000	0.556489
0.266000	0.347557
0.267000	0.143727
0.268000	0.184491
0.269000	0.531004
0.270000	0.607439
0.271000	0.337371
0.272000	0.026518
0.273000	-0.121258
0.274000	0.021426
0.275000	0.052004
0.276000	-0.294510
0.277000	-0.498349
0.278000	-0.162022
0.279000	0.057096
0.280000	-0.162022
0.281000	-0.590073
0.282000	-0.391337
0.283000	-0.162022
0.284000	-0.493246
0.285000	-0.768417
0.286000	-0.472864
0.287000	-0.065205
0.288000	-0.666508
0.289000	-1.288190
0.290000	-0.763325
0.291000	0.036715
0.292000	-0.156929
0.293000	-1.043600
0.294000	-1.176090
0.295000	-0.406626
0.296000	0.118242
0.297000	0.337371
0.298000	0.046911
0.299000	-0.381140
0.300000	-0.248653
0.301000	0.031622
0.302000	-0.090680
0.303000	-0.131444
0.304000	-0.141640
0.305000	-0.223168
0.306000	-0.697086
0.307000	-1.048690
0.308000	-0.600259
0.309000	-0.192600
0.310000	-0.014245
0.311000	-0.111062
0.312000	-0.732757
0.313000	-0.931483
0.314000	-0.340377
0.315000	0.434188
0.316000	0.291504
0.317000	-0.641023
0.318000	-0.732757
0.319000	0.133531
0.320000	0.648213
0.321000	0.306793
0.322000	-0.523824
0.323000	-0.707272
0.324000	-0.151826
0.325000	0.031622
0.326000	-0.279221
0.327000	-0.880534
0.328000	-0.564588
0.329000	0.332268
0.330000	0.357753
0.331000	-0.105969
0.332000	-0.111062
0.333000	0.525911
0.334000	0.943766
0.335000	0.179398
0.336000	-0.136547
0.337000	0.133531
0.338000	0.408713
0.339000	0.607439
0.340000	0.296597
0.341000	-0.100876
0.342000	0.159016
0.343000	0.638017
0.344000	0.719555
0.345000	0.174305
0.346000	-0.370955
0.347000	0.026518
0.348000	0.872425
0.349000	1.066070
0.350000	0.327175
0.351000	-0.253746
0.352000	-0.111062
0.353000	0.174305
0.354000	0.199780
0.355000	-0.060102
0.356000	-0.049916
0.357000	0.622728
0.358000	1.142500
0.359000	1.117030
0.360000	0.867332
0.361000	0.561582
0.362000	0.612542
0.363000	0.765412
0.364000	0.587057
0.365000	0.403610
0.366000	0.505530
0.367000	0.928477
0.368000	1.086450
0.369000	0.546293
0.370000	0.123345
0.371000	0.327175
0.372000	0.643110
0.373000	0.739937
0.374000	0.480044
0.375000	0.383228
0.376000	0.581964
0.377000	0.643110
0.378000	0.632924
0.379000	0.464766
0.380000	0.332268
0.381000	0.551386
0.382000	0.678781
0.383000	0.541200
0.384000	0.316979
0.385000	0.260926
0.386000	0.571779
0.387000	0.617635
0.388000	0.383228
0.389000	0.301700
0.390000	0.316979
0.391000	0.429095
0.392000	0.403610
0.393000	0.291504
0.394000	0.337371
0.395000	0.398517
0.396000	0.439281
0.397000	0.383228
0.398000	0.204873
0.399000	0.276215
0.400000	0.393424
0.401000	0.215069
0.402000	-0.034627
0.403000	-0.146733
0.404000	0.052004
0.405000	0.189584
0.406000	0.062189
0.407000	-0.019338
0.408000	-0.075391
0.409000	-0.065205
0.410000	-0.029534
0.411000	-0.095773
0.412000	-0.136547
0.413000	-0.182404
0.414000	-0.131444
0.415000	-0.095773
0.416000	-0.162022
0.417000	-0.279221
0.418000	-0.304706
0.419000	-0.156929
0.420000	-0.111062
0.421000	-0.335284
0.422000	-0.483060
0.423000	-0.376048
0.424000	-0.177311
0.425000	-0.136547
0.426000	-0.416811
0.427000	-0.518731
0.428000	-0.340377
0.429000	-0.187497
0.430000	-0.233364
0.431000	-0.483060
0.432000	-0.518731
0.433000	-0.319995
0.434000	-0.253746
0.435000	-0.437193
0.436000	-0.615548
0.437000	-0.544206
0.438000	-0.294510
0.439000	-0.355666
0.440000	-0.635930
0.441000	-0.712365
0.442000	-0.503442
0.443000	-0.299613
0.444000	-0.447389
0.445000	-0.691983
0.446000	-0.686890
0.447000	-0.406626
0.448000	-0.238457
0.449000	-0.386233
0.450000	-0.610455
0.451000	-0.554402
0.452000	-0.253746
0.453000	-0.111062
0.454000	-0.360759
0.455000	-0.569691
0.456000	-0.360759
0.457000	-0.095773
0.458000	-0.100876
0.459000	-0.335284
0.460000	-0.411719
0.461000	-0.126351
0.462000	0.026518
0.463000	0.021426
0.464000	-0.218075
0.465000	-0.335284
0.466000	0.041807
0.467000	0.276215
0.468000	-0.019338
0.469000	-0.314891
0.470000	-0.187497
0.471000	0.189584
0.472000	0.189584
0.473000	-0.116155
0.474000	-0.197693
0.475000	0.016333
0.476000	0.306793
0.477000	0.113149
0.478000	-0.162022
0.479000	0.057096
0.480000	0.209976
0.481000	0.164109
0.482000	0.077478
0.483000	0.072385
0.484000	0.255833
0.485000	0.153913
0.486000	0.148820
0.487000	0.327175
0.488000	0.225255
0.489000	0.133531
0.490000	0.138634
0.491000	0.311886
0.492000	0.469859
0.493000	0.250740
0.494000	0.209976
0.495000	0.342464
0.496000	0.393424
0.497000	0.322082
0.498000	0.209976
0.499000	0.260926
0.500000	0.352650
0.501000	0.362846
0.502000	0.327175
0.503000	0.189584
0.504000	0.189584
0.505000	0.322082
0.506000	0.357753
0.507000	0.296597
0.508000	0.174305
0.509000	0.174305
0.510000	0.337371
0.511000	0.423991
0.512000	0.281308
0.513000	0.164109
0.514000	0.215069
0.515000	0.286411
0.516000	0.332268
0.517000	0.230358
0.518000	0.118242
0.519000	0.255833
0.520000	0.332268
0.521000	0.281308
0.522000	0.250740
0.523000	0.215069
0.524000	0.276215
0.525000	0.327175
0.526000	0.189584
0.527000	0.174305
0.528000	0.281308
0.529000	0.291504
0.530000	0.230358
0.531000	0.220162
0.532000	0.301700
0.533000	0.306793
0.534000	0.209976
0.535000	0.148820
0.536000	0.204873
0.537000	0.260926
0.538000	0.235451
0.539000	0.209976
0.540000	0.220162
0.541000	0.189584
0.542000	0.271122
0.543000	0.276215
0.544000	0.087674
0.545000	0.082582
0.546000	0.250740
0.547000	0.291504
0.548000	0.204873
0.549000	0.113149
0.550000	0.184491
0.551000	0.230358
0.552000	0.174305
0.553000	0.184491
0.554000	0.123345
0.555000	0.138634
0.556000	0.266029
0.557000	0.230358
0.558000	0.133531
0.559000	0.169202
0.560000	0.255833
0.561000	0.260926
0.562000	0.118242
0.563000	0.159016
0.564000	0.316979
0.565000	0.184491
0.566000	0.128438
0.567000	0.220162
0.568000	0.255833
0.569000	0.199780
0.570000	0.097860
0.571000	0.174305
0.572000	0.271122
0.573000	0.220162
0.574000	0.215069
0.575000	0.204873
0.576000	0.189584
0.577000	0.204873
0.578000	0.209976
0.579000	0.225255
0.580000	0.133531
0.581000	0.072385
0.582000	0.225255
0.583000	0.250740
0.584000	0.143727
0.585000	0.108056
0.586000	0.123345
0.587000	0.271122
0.588000	0.255833
0.589000	0.057096
0.590000	0.143727
0.591000	0.250740
0.592000	0.266029
0.593000	0.225255
0.594000	0.194687
0.595000	0.250740
0.596000	0.255833
0.597000	0.225255
0.598000	0.250740
0.599000	0.235451
0.600000	0.225255
0.601000	0.230358
0.602000	0.215069
0.603000	0.245647
0.604000	0.230358
0.605000	0.245647
0.606000	0.260926
0.607000	0.179398
0.608000	0.184491
0.609000	0.245647
0.610000	0.225255
0.611000	0.215069
0.612000	0.215069
0.613000	0.230358
0.614000	0.230358
0.615000	0.159016
0.616000	0.133531
0.617000	0.143727
0.618000	0.199780
0.619000	0.220162
0.620000	0.153913
0.621000	0.082582
0.622000	0.169202
0.623000	0.286411
0.624000	0.245647
0.625000	0.143727
0.626000	0.133531
0.627000	0.245647
0.628000	0.316979
0.629000	0.306793
0.630000	0.230358
0.631000	0.245647
0.632000	0.332268
0.633000	0.362846
0.634000	0.301700
0.635000	0.230358
0.636000	0.271122
0.637000	0.357753
0.638000	0.367939
0.639000	0.306793
0.640000	0.250740
0.641000	0.281308
0.642000	0.393424
0.643000	0.408713
0.644000	0.311886
0.645000	0.266029
0.646000	0.311886
0.647000	0.383228
0.648000	0.352650
0.649000	0.250740
0.650000	0.245647
0.651000	0.337371
0.652000	0.378135
0.653000	0.306793
0.654000	0.235451
0.655000	0.266029
0.656000	0.332268
0.657000	0.332268
0.658000	0.255833
0.659000	0.199780
0.660000	0.235451
0.661000	0.301700
0.662000	0.286411
0.663000	0.215069
0.664000	0.189584
0.665000	0.250740
0.666000	0.327175
0.667000	0.286411
0.668000	0.204873
0.669000	0.179398
0.670000	0.266029
0.671000	0.301700
0.672000	0.225255
0.673000	0.143727
0.674000	0.164109
0.675000	0.245647
0.676000	0.240544
0.677000	0.153913
0.678000	0.113149
0.679000	0.174305
0.680000	0.255833
0.681000	0.235451
0.682000	0.174305
0.683000	0.128438
0.684000	0.169202
0.685000	0.215069
0.686000	0.194687
0.687000	0.138634
0.688000	0.123345
0.689000	0.194687
0.690000	0.250740
0.691000	0.199780
0.692000	0.138634
0.693000	0.164109
0.694000	0.276215
0.695000	0.301700
0.696000	0.204873
0.697000	0.133531
0.698000	0.225255
0.699000	0.316979
0.700000	0.255833
0.701000	0.133531
0.702000	0.113149
0.703000	0.240544
0.704000	0.291504
0.705000	0.194687
0.706000	0.128438
0.707000	0.128438
0.708000	0.204873
0.709000	0.245647
0.710000	0.138634
0.711000	0.011240
0.712000	0.067293
0.713000	0.174305
0.714000	0.153913
0.715000	0.057096
0.716000	0.036715
0.717000	0.097860
0.718000	0.159016
0.719000	0.113149
0.720000	0.052004
0.721000	0.052004
0.722000	0.062189
0.723000	0.097860
0.724000	0.138634
0.725000	0.067293
0.726000	0.011240
0.727000	0.036715
0.728000	0.108056
0.729000	0.153913
0.730000	0.041807
0.731000	-0.039720
0.732000	0.108056
0.733000	0.204873
0.734000	0.123345
0.735000	0.011240
0.736000	0.046911
0.737000	0.143727
0.738000	0.148820
0.739000	0.108056
0.740000	0.046911
0.741000	0.021426
0.742000	0.102964
0.743000	0.097860
0.744000	0.067293
0.745000	0.031622
0.746000	-0.024431
0.747000	0.123345
0.748000	0.169202
0.749000	-0.029534
0.750000	-0.080494
0.751000	0.046911
0.752000	0.159016
0.753000	0.118242
0.754000	-0.090680
0.755000	-0.090680
0.756000	0.092767
0.757000	0.148820
0.758000	0.108056
0.759000	-0.065205
0.760000	-0.075391
0.761000	0.189584
0.762000	0.194687
0.763000	-0.034627
0.764000	-0.070298
0.765000	0.143727
0.766000	0.291504
0.767000	0.087674
0.768000	-0.085587
0.769000	0.041807
0.770000	0.174305
0.771000	0.189584
0.772000	0.052004
0.773000	-0.049916
0.774000	0.036715
0.775000	0.092767
0.776000	0.138634
0.777000	0.113149
0.778000	-0.065205
0.779000	-0.029534
0.780000	0.128438
0.781000	0.184491
0.782000	0.046911
0.783000	-0.100876
0.784000	0.041807
0.785000	0.215069
0.786000	0.143727
0.787000	0.006136
0.788000	-0.075391
0.789000	0.133531
0.790000	0.276215
0.791000	0.102964
0.792000	-0.034627
0.793000	-0.009153
0.794000	0.159016
0.795000	0.260926
0.796000	0.113149
0.797000	-0.009153
0.798000	0.026518
0.799000	0.164109
0.800000	0.271122
0.801000	0.087674
0.802000	-0.014245
0.803000	0.082582
0.804000	0.148820
0.805000	0.179398
0.806000	0.082582
0.807000	-0.055009
0.808000	0.052004
0.809000	0.174305
0.810000	0.184491
0.811000	0.021426
0.812000	-0.095773
0.813000	0.102964
0.814000	0.225255
0.815000	0.128438
0.816000	0.006136
0.817000	-0.070298
0.818000	0.001044
0.819000	0.138634
0.820000	0.118242
0.821000	0.016333
0.822000	-0.029534
0.823000	0.092767
0.824000	0.235451
0.825000	0.133531
0.826000	0.046911
0.827000	0.097860
0.828000	0.174305
0.829000	0.250740
0.830000	0.179398
0.831000	0.128438
0.832000	0.164109
0.833000	0.057096
0.834000	0.072385
0.835000	0.153913
0.836000	0.062189
0.837000	0.092767
0.838000	0.148820
0.839000	0.108056
0.840000	0.143727
0.841000	0.128438
0.842000	0.271122
0.843000	0.327175
0.844000	0.123345
0.845000	0.128438
0.846000	0.281308
0.847000	0.347557
0.848000	0.306793
0.849000	0.092767
0.850000	0.215069
0.851000	0.439281
0.852000	0.266029
0.853000	0.036715
0.854000	-0.060102
0.855000	0.118242
0.856000	0.306793
0.857000	0.209976
0.858000	0.174305
0.859000	0.062189
0.860000	0.123345
0.861000	0.337371
0.862000	0.260926
0.863000	0.153913
0.864000	0.133531
0.865000	0.159016
0.866000	0.373042
0.867000	0.316979
0.868000	0.164109
0.869000	0.138634
0.870000	0.184491
0.871000	0.332268
0.872000	0.215069
0.873000	-0.029534
0.874000	0.031622
0.875000	0.159016
0.876000	0.255833
0.877000	0.148820
0.878000	-0.019338
0.879000	0.128438
0.880000	0.194687
0.881000	0.194687
0.882000	0.108056
0.883000	-0.029534
0.884000	0.148820
0.885000	0.215069
0.886000	0.143727
0.887000	0.072385
0.888000	-0.034627
0.889000	0.138634
0.890000	0.240544
0.891000	0.072385
0.892000	0.001044
0.893000	0.001044
0.894000	0.138634
0.895000	0.215069
0.896000	0.021426
0.897000	-0.055009
0.898000	-0.004049
0.899000	0.164109
0.900000	0.215069
0.901000	0.036715
0.902000	-0.044824
0.903000	0.031622
0.904000	0.143727
0.905000	0.189584
0.906000	-0.009153
0.907000	-0.095773
0.908000	0.011240
0.909000	0.123345
0.910000	0.031622
0.911000	-0.182404
0.912000	-0.136547
0.913000	0.046911
0.914000	0.026518
0.915000	-0.070298
0.916000	-0.202786
0.917000	-0.162022
0.918000	-0.009153
0.919000	0.021426
0.920000	-0.060102
0.921000	-0.212982
0.922000	-0.156929
0.923000	0.011240
0.924000	-0.009153
0.925000	-0.141640
0.926000	-0.223168
0.927000	-0.121258
0.928000	0.021426
0.929000	0.016333
0.930000	-0.116155
0.931000	-0.212982
0.932000	-0.136547
0.933000	0.006136
0.934000	-0.024431
0.935000	-0.274128
0.936000	-0.299613
0.937000	-0.100876
0.938000	0.041807
0.939000	-0.095773
0.940000	-0.284324
0.941000	-0.248653
0.942000	-0.049916
0.943000	-0.029534
0.944000	-0.212982
0.945000	-0.340377
0.946000	-0.238457
0.947000	-0.090680
0.948000	-0.075391
0.949000	-0.192600
0.950000	-0.309799
0.951000	-0.238457
0.952000	-0.100876
0.953000	-0.136547
0.954000	-0.284324
0.955000	-0.350562
0.956000	-0.182404
0.957000	-0.065205
0.958000	-0.187497
0.959000	-0.319995
0.960000	-0.284324
0.961000	-0.116155
0.962000	-0.095773
0.963000	-0.233364
0.964000	-0.325088
0.965000	-0.279221
0.966000	-0.126351
0.967000	-0.095773
0.968000	-0.269035
0.969000	-0.335284
0.970000	-0.223168
0.971000	-0.085587
0.972000	-0.116155
0.973000	-0.319995
0.974000	-0.335284
0.975000	-0.167115
0.976000	-0.121258
0.977000	-0.212982
0.978000	-0.314891
0.979000	-0.294510
0.980000	-0.151826
0.981000	-0.100876
0.982000	-0.197693
0.983000	-0.314891
0.984000	-0.258839
0.985000	-0.100876
0.986000	-0.111062
0.987000	-0.258839
0.988000	-0.340377
0.989000	-0.197693
0.990000	-0.039720
0.991000	-0.111062
0.992000	-0.274128
0.993000	-0.289417
0.994000	-0.146733
0.995000	-0.014245
0.996000	-0.100876
0.997000	-0.263942
0.998000	-0.263942
0.999000	-0.121258
1.000000	-0.014245
1.001000	-0.111062
1.002000	-0.258839
1.003000	-0.233364
1.004000	-0.095773
1.005000	-0.029534
1.006000	-0.146733
1.007000	-0.294510
1.008000	-0.218075
1.009000	-0.085587
1.010000	-0.055009
1.011000	-0.187497
1.012000	-0.299613
1.013000	-0.182404
1.014000	-0.055009
1.015000	-0.116155
1.016000	-0.253746
1.017000	-0.284324
1.018000	-0.131444
1.019000	-0.039720
1.020000	-0.197693
1.021000	-0.325088
1.022000	-0.253746
1.023000	-0.080494
1.024000	-0.075391
1.025000	-0.223168
1.026000	-0.330180
1.027000	-0.269035
1.028000	-0.126351
1.029000	-0.090680
1.030000	-0.233364
1.031000	-0.355666
1.032000	-0.294510
1.033000	-0.100876
1.034000	-0.055009
1.035000	-0.263942
1.036000	-0.421904
1.037000	-0.269035
1.038000	-0.090680
1.039000	-0.131444
1.040000	-0.304706
1.041000	-0.360759
1.042000	-0.223168
1.043000	-0.105969
1.044000	-0.192600
1.045000	-0.345470
1.046000	-0.314891
1.047000	-0.228271
1.048000	-0.177311
1.049000	-0.263942
1.050000	-0.345470
1.051000	-0.319995
1.052000	-0.238457
1.053000	-0.212982
1.054000	-0.269035
1.055000	-0.355666
1.056000	-0.319995
1.057000	-0.212982
1.058000	-0.212982
1.059000	-0.304706
1.060000	-0.370955
1.061000	-0.299613
1.062000	-0.172218
1.063000	-0.162022
1.064000	-0.355666
1.065000	-0.452482
1.066000	-0.258839
1.067000	-0.085587
1.068000	-0.233364
1.069000	-0.462678
1.070000	-0.406626
1.071000	-0.146733
1.072000	-0.151826
1.073000	-0.386233
1.074000	-0.406626
1.075000	-0.309799
1.076000	-0.212982
1.077000	-0.218075
1.078000	-0.381140
1.079000	-0.391337
1.080000	-0.263942
1.081000	-0.172218
1.082000	-0.212982
1.083000	-0.376048
1.084000	-0.360759
1.085000	-0.238457
1.086000	-0.202786
1.087000	-0.228271
1.088000	-0.360759
1.089000	-0.304706
1.090000	-0.146733
1.091000	-0.202786
1.092000	-0.325088
1.093000	-0.319995
1.094000	-0.212982
1.095000	-0.182404
1.096000	-0.238457
1.097000	-0.253746
1.098000	-0.253746
1.099000	-0.202786
1.100000	-0.121258
1.101000	-0.162022
1.102000	-0.304706
1.103000	-0.274128
1.104000	-0.100876
1.105000	-0.049916
1.106000	-0.202786
1.107000	-0.355666
1.108000	-0.233364
1.109000	-0.044824
1.110000	-0.049916
1.111000	-0.197693
1.112000	-0.309799
1.113000	-0.192600
1.114000	-0.049916
1.115000	-0.116155
1.116000	-0.228271
1.117000	-0.253746
1.118000	-0.141640
1.119000	-0.060102
1.120000	-0.111062
1.121000	-0.192600
1.122000	-0.202786
1.123000	-0.131444
1.124000	-0.044824
1.125000	-0.060102
1.126000	-0.177311
1.127000	-0.172218
1.128000	-0.055009
1.129000	0.092767
1.130000	0.006136
1.131000	-0.187497
1.132000	-0.172218
1.133000	0.006136
1.134000	0.067293
1.135000	-0.055009
1.136000	-0.151826
1.137000	-0.080494
1.138000	0.097860
1.139000	0.057096
1.140000	-0.126351
1.141000	-0.095773
1.142000	0.046911
1.143000	0.108056
1.144000	-0.009153
1.145000	-0.111062
1.146000	-0.055009
1.147000	0.016333
1.148000	0.077478
1.149000	0.046911
1.150000	-0.111062
1.151000	-0.080494
1.152000	0.138634
1.153000	0.194687
1.154000	0.016333
1.155000	-0.131444
1.156000	0.026518
1.157000	0.230358
1.158000	0.174305
1.159000	-0.055009
1.160000	-0.121258
1.161000	0.113149
1.162000	0.286411
1.163000	0.082582
1.164000	-0.121258
1.165000	-0.024431
1.166000	0.164109
1.167000	0.189584
1.168000	0.077478
1.169000	-0.014245
1.170000	0.006136
1.171000	0.164109
1.172000	0.245647
1.173000	0.062189
1.174000	-0.034627
1.175000	0.072385
1.176000	0.184491
1.177000	0.148820
1.178000	0.016333
1.179000	-0.039720
1.180000	0.041807
1.181000	0.138634
1.182000	0.179398
1.183000	0.046911
1.184000	-0.090680
1.185000	0.041807
1.186000	0.209976
1.187000	0.153913
1.188000	-0.055009
1.189000	-0.126351
1.190000	0.123345
1.191000	0.296597
1.192000	0.102964
1.193000	-0.105969
1.194000	-0.090680
1.195000	0.194687
1.196000	0.281308
1.197000	-0.004049
1.198000	-0.141640
1.199000	0.021426
1.200000	0.189584
1.201000	0.194687
1.202000	-0.004049
1.203000	-0.146733
1.204000	-0.019338
1.205000	0.159016
1.206000	0.169202
1.207000	-0.055009
1.208000	-0.212982
1.209000	-0.029534
1.210000	0.164109
1.211000	0.138634
1.212000	-0.080494
1.213000	-0.146733
1.214000	0.006136
1.215000	0.113149
1.216000	0.072385
1.217000	-0.024431
1.218000	-0.039720
1.219000	0.072385
1.220000	0.118242
1.221000	0.082582
1.222000	-0.014245
1.223000	-0.136547
1.224000	-0.141640
1.225000	-0.049916
1.226000	-0.019338
1.227000	-0.070298
1.228000	-0.151826
1.229000	-0.105969
1.230000	-0.029534
1.231000	-0.029534
1.232000	-0.085587
1.233000	-0.156929
1.234000	0.006136
1.235000	0.118242
1.236000	0.062189
1.237000	-0.060102
1.238000	-0.070298
1.239000	0.067293
1.240000	0.164109
1.241000	0.102964
1.242000	-0.014245
1.243000	-0.004049
1.244000	0.082582
1.245000	0.087674
1.246000	-0.009153
1.247000	-0.070298
1.248000	-0.009153
1.249000	0.067293
1.250000	-0.019338
1.251000	-0.116155
1.252000	-0.126351
1.253000	-0.060102
1.254000	0.011240
1.255000	-0.019338
1.256000	-0.095773
1.257000	-0.075391
1.258000	-0.049916
1.259000	-0.014245
1.260000	-0.009153
1.261000	0.026518
1.262000	0.102964
1.263000	0.077478
1.264000	0.001044
1.265000	-0.055009
1.266000	-0.044824
1.267000	0.041807
1.268000	0.097860
1.269000	0.087674
1.270000	0.072385
1.271000	0.052004
1.272000	0.052004
1.273000	0.052004
1.274000	0.041807
1.275000	0.113149
1.276000	0.184491
1.277000	0.153913
1.278000	-0.024431
1.279000	-0.279221
1.280000	-0.146733
1.281000	0.225255
1.282000	0.311886
1.283000	0.031622
1.284000	-0.121258
1.285000	-0.167115
1.286000	0.036715
1.287000	0.153913
1.288000	0.138634
1.289000	-0.325088
1.290000	-0.396429
1.291000	0.444373
1.292000	0.658399
1.293000	-0.238457
1.294000	-0.875430
1.295000	-0.314891
1.296000	1.004910
1.297000	0.969241
1.298000	-0.432100
1.299000	-1.069070
1.300000	-0.162022
1.301000	0.897910
1.302000	0.811279
1.303000	-0.105969
1.304000	-0.691983
1.305000	0.062189
1.306000	0.780701
1.307000	0.413806
1.308000	-0.483060
1.309000	-0.773521
1.310000	0.536108
1.311000	0.785794
1.312000	-0.243560
1.313000	-0.600259
1.314000	-0.055009
1.315000	0.739937
1.316000	0.128438
1.317000	-0.997732
1.318000	-0.442286
1.319000	1.055870
1.320000	0.923385
1.321000	-0.972257
1.322000	-1.247430
1.323000	0.423991
1.324000	1.351440
1.325000	0.118242
1.326000	-1.272900
1.327000	-0.223168
1.328000	1.473730
1.329000	0.627831
1.330000	-0.951875
1.331000	-1.441070
1.332000	0.663502
1.333000	2.059750
1.334000	0.046911
1.335000	-1.731530
1.336000	-0.661415
1.337000	1.692850
1.338000	1.759090
1.339000	-1.104740
1.340000	-1.955740
1.341000	0.021426
1.342000	1.555270
1.343000	0.755226
1.344000	-1.359530
1.345000	-0.926390
1.346000	1.351440
1.347000	1.524690
1.348000	-0.788810
1.349000	-1.858930
1.350000	-0.070298
1.351000	1.947630
1.352000	1.351440
1.353000	-1.089460
1.354000	-1.960840
1.355000	0.067293
1.356000	1.973120
1.357000	0.948859
1.358000	-1.588850
1.359000	-1.884400
1.360000	0.969241
1.361000	2.273770
1.362000	0.153913
1.363000	-2.021990
1.364000	-1.323860
1.365000	1.198560
1.366000	1.886490
1.367000	-0.034627
1.368000	-1.303480
1.369000	-0.498349
1.370000	1.229130
1.371000	1.173080
1.372000	-0.941679
1.373000	-1.772300
1.374000	0.011240
1.375000	1.947630
1.376000	1.081360
1.377000	-1.283100
1.378000	-1.711150
1.379000	0.495333
1.380000	2.018980
1.381000	0.622728
1.382000	-1.700950
1.383000	-1.655090
1.384000	0.673688
1.385000	2.085230
1.386000	0.612542
1.387000	-1.639810
1.388000	-1.328960
1.389000	1.020200
1.390000	2.034270
1.391000	0.001044
1.392000	-2.021990
1.393000	-0.855048
1.394000	1.748900
1.395000	1.754000
1.396000	-0.849955
1.397000	-2.271680
1.398000	-0.233364
1.399000	2.238100
1.400000	1.351440
1.401000	-1.379920
1.402000	-2.108610
1.403000	0.322082
1.404000	2.411360
1.405000	0.683884
1.406000	-2.215630
1.407000	-1.639810
1.408000	1.458440
1.409000	2.605000
1.410000	0.072385
1.411000	-2.383800
1.412000	-1.135320
1.413000	1.703040
1.414000	1.850820
1.415000	-0.936586
1.416000	-2.409270
1.417000	-0.197693
1.418000	2.350210
1.419000	1.422770
1.420000	-1.512410
1.421000	-2.129010
1.422000	0.699173
1.423000	2.477610
1.424000	0.597253
1.425000	-1.971030
1.426000	-1.542980
1.427000	1.218940
1.428000	2.171860
1.429000	-0.177311
1.430000	-2.179960
1.431000	-0.941679
1.432000	1.682660
1.433000	1.774380
1.434000	-0.748036
1.435000	-2.006700
1.436000	-0.314891
1.437000	1.850820
1.438000	1.274990
1.439000	-1.114940
1.440000	-1.695860
1.441000	0.342464
1.442000	2.064840
1.443000	0.938674
1.444000	-1.517510
1.445000	-1.609230
1.446000	0.709359
1.447000	1.957830
1.448000	0.367939
1.449000	-1.741720
1.450000	-1.165890
1.451000	1.188370
1.452000	1.743810
1.453000	-0.274128
1.454000	-1.879310
1.455000	-0.666508
1.456000	1.555270
1.457000	1.402390
1.458000	-0.783706
1.459000	-1.665280
1.460000	0.092767
1.461000	1.886490
1.462000	0.959055
1.463000	-1.267810
1.464000	-1.548090
1.465000	0.505530
1.466000	1.876300
1.467000	0.444373
1.468000	-1.649990
1.469000	-1.288190
1.470000	0.989634
1.471000	1.815150
1.472000	-0.060102
1.473000	-1.746810
1.474000	-0.676694
1.475000	1.438060
1.476000	1.417670
1.477000	-0.686890
1.478000	-1.700950
1.479000	-0.111062
1.480000	1.606230
1.481000	0.933570
1.482000	-1.018110
1.483000	-1.328960
1.484000	0.500437
1.485000	1.687750
1.486000	0.393424
1.487000	-1.400300
1.488000	-1.063980
1.489000	0.887714
1.490000	1.545070
1.491000	-0.055009
1.492000	-1.507310
1.493000	-0.681797
1.494000	1.167980
1.495000	1.234230
1.496000	-0.574784
1.497000	-1.486930
1.498000	-0.238457
1.499000	1.356530
1.500000	0.959055
1.501000	-0.788810
1.502000	-1.140420
1.503000	0.347557
1.504000	1.361620
1.505000	0.434188
1.506000	-1.028310
1.507000	-0.890719
1.508000	0.546293
1.509000	1.117030
1.510000	0.057096
1.511000	-1.120030
1.512000	-0.646126
1.513000	0.846950
1.514000	1.152700
1.515000	-0.121258
1.516000	-1.079270
1.517000	-0.284324
1.518000	1.060980
1.519000	0.811279
1.520000	-0.600259
1.521000	-1.084360
1.522000	-0.009153
1.523000	1.081360
1.524000	0.551386
1.525000	-0.737850
1.526000	-0.829574
1.527000	0.352650
1.528000	1.066070
1.529000	0.240544
1.530000	-0.885626
1.531000	-0.620641
1.532000	0.612542
1.533000	1.004910
1.534000	-0.044824
1.535000	-0.982443
1.536000	-0.391337
1.537000	0.092767
1.538000	-0.202786
1.539000	-0.579877
1.540000	-0.427008
1.541000	0.357753
1.542000	0.393424
1.543000	-0.060102
1.544000	-0.396429
1.545000	-0.049916
1.546000	0.286411
1.547000	0.143727
1.548000	-0.345470
1.549000	-0.437193
1.550000	0.057096
1.551000	0.418899
1.552000	0.306793
1.553000	-0.167115
1.554000	-0.187497
1.555000	0.113149
1.556000	0.260926
1.557000	0.016333
1.558000	-0.309799
1.559000	-0.141640
1.560000	0.322082
1.561000	0.418899
1.562000	0.077478
1.563000	-0.156929
1.564000	-0.044824
1.565000	0.266029
1.566000	0.133531
1.567000	-0.202786
1.568000	-0.238457
1.569000	0.062189
1.570000	0.306793
1.571000	0.143727
1.572000	-0.111062
1.573000	-0.080494
1.574000	0.209976
1.575000	0.316979
1.576000	0.052004
1.577000	-0.248653
1.578000	-0.202786
1.579000	0.067293
1.580000	0.128438
1.581000	-0.085587
1.582000	-0.197693
1.583000	0.072385
1.584000	0.357753
1.585000	0.255833
1.586000	-0.080494
1.587000	-0.228271
1.588000	-0.004049
1.589000	0.235451
1.590000	0.138634
1.591000	-0.146733
1.592000	-0.156929
1.593000	0.179398
1.594000	0.408713
1.595000	0.153913
1.596000	-0.202786
1.597000	-0.065205
1.598000	0.209976
1.599000	0.189584
1.600000	-0.080494
1.601000	-0.253746
1.602000	0.006136
1.603000	0.306793
1.604000	0.159016
1.605000	-0.105969
1.606000	-0.162022
1.607000	0.097860
1.608000	0.281308
1.609000	0.031622
1.610000	-0.238457
1.611000	-0.172218
1.612000	0.153913
1.613000	0.281308
1.614000	0.016333
1.615000	-0.136547
1.616000	0.001044
1.617000	0.204873
1.618000	0.199780
1.619000	-0.090680
1.620000	-0.197693
1.621000	-0.004049
1.622000	0.128438
1.623000	0.102964
1.624000	-0.060102
1.625000	-0.060102
1.626000	0.169202
1.627000	0.235451
1.628000	0.108056
1.629000	-0.126351
1.630000	-0.126351
1.631000	0.148820
1.632000	0.189584
1.633000	0.006136
1.634000	-0.146733
1.635000	-0.014245
1.636000	0.245647
1.637000	0.189584
1.638000	-0.039720
1.639000	-0.105969
1.640000	-0.004049
1.641000	0.133531
1.642000	0.067293
1.643000	-0.090680
1.644000	-0.080494
1.645000	0.052004
1.646000	0.194687
1.647000	0.097860
1.648000	-0.049916
1.649000	-0.014245
1.650000	0.072385
1.651000	0.097860
1.652000	-0.024431
1.653000	-0.105969
1.654000	0.026518
1.655000	0.143727
1.656000	0.123345
1.657000	0.016333
1.658000	-0.029534
1.659000	0.082582
1.660000	0.143727
1.661000	0.041807
1.662000	-0.085587
1.663000	-0.065205
1.664000	0.062189
1.665000	0.067293
1.666000	-0.024431
1.667000	-0.034627
1.668000	0.062189
1.669000	0.128438
1.670000	0.092767
1.671000	-0.019338
1.672000	-0.039720
1.673000	0.041807
1.674000	0.082582
1.675000	0.041807
1.676000	-0.039720
1.677000	-0.004049
1.678000	0.108056
1.679000	0.143727
1.680000	0.041807
1.681000	-0.075391
1.682000	-0.014245
1.683000	0.113149
1.684000	0.087674
1.685000	-0.014245
1.686000	-0.039720
1.687000	0.046911
1.688000	0.128438
1.689000	0.087674
1.690000	-0.014245
1.691000	-0.029534
1.692000	0.016333
1.693000	0.062189
1.694000	0.021426
1.695000	-0.065205
1.696000	-0.049916
1.697000	0.067293
1.698000	0.138634
1.699000	0.052004
1.700000	-0.049916
1.701000	0.006136
1.702000	0.128438
1.703000	0.143727
1.704000	-0.009153
1.705000	-0.090680
1.706000	0.001044
1.707000	0.118242
1.708000	0.108056
1.709000	0.006136
1.710000	-0.055009
1.711000	0.052004
1.712000	0.164109
1.713000	0.077478
1.714000	-0.060102
1.715000	-0.075391
1.716000	0.067293
1.717000	0.148820
1.718000	0.052004
1.719000	-0.075391
1.720000	-0.039720
1.721000	0.118242
1.722000	0.138634
1.723000	0.001044
1.724000	-0.100876
1.725000	-0.034627
1.726000	0.113149
1.727000	0.102964
1.728000	-0.044824
1.729000	-0.105969
1.730000	0.021426
1.731000	0.148820
1.732000	0.067293
1.733000	-0.060102
1.734000	-0.055009
1.735000	0.057096
1.736000	0.123345
1.737000	0.057096
1.738000	-0.039720
1.739000	-0.014245
1.740000	0.108056
1.741000	0.143727
1.742000	0.046911
1.743000	-0.044824
1.744000	0.011240
1.745000	0.092767
1.746000	0.087674
1.747000	-0.019338
1.748000	-0.060102
1.749000	0.046911
1.750000	0.133531
1.751000	0.087674
1.752000	0.001044
1.753000	0.006136
1.754000	0.067293
1.755000	0.072385
1.756000	0.011240
1.757000	-0.039720
1.758000	-0.019338
1.759000	0.057096
1.760000	0.082582
1.761000	0.016333
1.762000	-0.019338
1.763000	0.036715
1.764000	0.102964
1.765000	0.077478
1.766000	-0.004049
1.767000	-0.009153
1.768000	0.052004
1.769000	0.108056
1.770000	0.062189
1.771000	-0.004049
1.772000	0.011240
1.773000	0.092767
1.774000	0.097860
1.775000	0.036715
1.776000	-0.019338
1.777000	0.016333
1.778000	0.072385
1.779000	0.031622
1.780000	-0.029534
1.781000	-0.009153
1.782000	0.031622
1.783000	0.072385
1.784000	0.046911
1.785000	-0.009153
1.786000	-0.019338
1.787000	0.001044
1.788000	0.067293
1.789000	0.046911
1.790000	-0.029534
1.791000	-0.014245
1.792000	0.052004
1.793000	0.097860
1.794000	0.052004
1.795000	-0.009153
1.796000	0.021426
1.797000	0.082582
1.798000	0.092767
1.799000	0.052004
1.800000	-0.004049
1.801000	0.036715
1.802000	0.113149
1.803000	0.097860
1.804000	0.011240
1.805000	-0.009153
1.806000	0.052004
1.807000	0.113149
1.808000	0.062189
1.809000	-0.019338
1.810000	-0.019338
1.811000	0.062189
1.812000	0.087674
1.813000	0.026518
1.814000	-0.009153
1.815000	0.031622
1.816000	0.077478
1.817000	0.067293
1.818000	-0.019338
1.819000	-0.034627
1.820000	0.041807
1.821000	0.072385
1.822000	0.006136
1.823000	-0.049916
1.824000	-0.009153
1.825000	0.092767
1.826000	0.092767
1.827000	0.001044
1.828000	-0.055009
1.829000	0.021426
1.830000	0.108056
1.831000	0.087674
1.832000	0.011240
1.833000	-0.014245
1.834000	0.052004
1.835000	0.113149
1.836000	0.062189
1.837000	-0.004049
1.838000	-0.019338
1.839000	0.052004
1.840000	0.082582
1.841000	0.046911
1.842000	0.011240
1.843000	0.006136
1.844000	0.041807
1.845000	0.062189
1.846000	0.026518
1.847000	-0.004049
1.848000	-0.009153
1.849000	0.036715
1.850000	0.041807
1.851000	0.001044
1.852000	-0.024431
1.853000	0.006136
1.854000	0.036715
1.855000	0.062189
1.856000	0.052004
1.857000	0.031622
1.858000	0.041807
1.859000	0.072385
1.860000	0.072385
1.861000	0.041807
1.862000	0.006136
1.863000	0.026518
1.864000	0.062189
1.865000	0.067293
1.866000	0.031622
1.867000	-0.004049
1.868000	0.041807
1.869000	0.087674
1.870000	0.057096
1.871000	0.006136
1.872000	-0.009153
1.873000	0.052004
1.874000	0.092767
1.875000	0.057096
1.876000	-0.024431
1.877000	-0.034627
1.878000	0.041807
1.879000	0.097860
1.880000	0.041807
1.881000	-0.044824
1.882000	-0.034627
1.883000	0.062189
1.884000	0.113149
1.885000	0.046911
1.886000	-0.044824
1.887000	-0.019338
1.888000	0.087674
1.889000	0.123345
1.890000	0.021426
1.891000	-0.060102
1.892000	-0.004049
1.893000	0.102964
1.894000	0.097860
1.895000	-0.029534
1.896000	-0.060102
1.897000	0.062189
1.898000	0.143727
1.899000	0.082582
1.900000	-0.029534
1.901000	-0.024431
1.902000	0.077478
1.903000	0.138634
1.904000	0.062189
1.905000	-0.060102
1.906000	-0.039720
1.907000	0.092767
1.908000	0.133531
1.909000	0.016333
1.910000	-0.090680
1.911000	-0.029534
1.912000	0.108056
1.913000	0.108056
1.914000	-0.019338
1.915000	-0.070298
1.916000	0.026518
1.917000	0.128438
1.918000	0.087674
1.919000	-0.024431
1.920000	-0.049916
1.921000	0.046911
1.922000	0.133531
1.923000	0.072385
1.924000	-0.029534
1.925000	-0.029534
1.926000	0.067293
1.927000	0.138634
1.928000	0.067293
1.929000	-0.029534
1.930000	-0.009153
1.931000	0.102964
1.932000	0.113149
1.933000	0.021426
1.934000	-0.044824
1.935000	0.011240
1.936000	0.077478
1.937000	0.052004
1.938000	-0.014245
1.939000	-0.024431
1.940000	0.046911
1.941000	0.077478
1.942000	0.036715
1.943000	-0.019338
1.944000	0.001044
1.945000	0.072385
1.946000	0.082582
1.947000	0.016333
1.948000	-0.029534
1.949000	0.016333
1.950000	0.087674
1.951000	0.067293
1.952000	-0.009153
1.953000	-0.034627
1.954000	0.041807
1.955000	0.092767
1.956000	0.057096
1.957000	-0.029534
1.958000	-0.019338
1.959000	0.082582
1.960000	0.108056
1.961000	0.041807
1.962000	-0.029534
1.963000	0.001044
1.964000	0.092767
1.965000	0.092767
1.966000	0.006136
1.967000	-0.024431
1.968000	0.026518
1.969000	0.087674
1.970000	0.077478
1.971000	0.011240
1.972000	-0.004049
1.973000	0.046911
1.974000	0.087674
1.975000	0.052004
1.976000	0.001044
1.977000	0.016333
1.978000	0.067293
1.979000	0.067293
1.980000	0.021426
1.981000	-0.004049
1.982000	0.041807
1.983000	0.082582
1.984000	0.052004
1.985000	0.011240
1.986000	0.006136
1.987000	0.062189
1.988000	0.082582
1.989000	0.041807
1.990000	0.011240
1.991000	0.021426
1.992000	0.067293
1.993000	0.067293
1.994000	0.011240
1.995000	-0.009153
1.996000	0.016333
1.997000	0.062189
1.998000	0.052004
1.999000	0.001044
2.000000	-0.019338
2.001000	0.041807
2.002000	0.062189
2.003000	0.031622
2.004000	0.016333
2.005000	0.026518
2.006000	0.036715
2.007000	0.031622
2.008000	0.036715
2.009000	0.036715
2.010000	0.031622
2.011000	0.016333
2.012000	0.021426
2.013000	0.046911
2.014000	0.067293
2.015000	0.031622
2.016000	0.001044
2.017000	0.011240
2.018000	0.062189
2.019000	0.072385
2.020000	0.036715
2.021000	0.001044
2.022000	0.011240
2.023000	0.057096
2.024000	0.072385
2.025000	0.036715
2.026000	-0.014245
2.027000	0.001044
2.028000	0.057096
2.029000	0.087674
2.030000	0.036715
2.031000	-0.009153
2.032000	0.006136
2.033000	0.072385
2.034000	0.092767
2.035000	0.036715
2.036000	-0.009153
2.037000	0.021426
2.038000	0.067293
2.039000	0.077478
2.040000	0.021426
2.041000	-0.009153
2.042000	0.011240
2.043000	0.062189
2.044000	0.052004
2.045000	0.031622
2.046000	0.006136
2.047000	0.031622
2.048000	0.036715
2.049000	0.026518
2.050000	0.006136
2.051000	0.016333
2.052000	0.031622
2.053000	0.041807
2.054000	0.021426
2.055000	0.001044
2.056000	0.026518
2.057000	0.046911
2.058000	0.026518
2.059000	0.016333
2.060000	0.016333
2.061000	0.041807
2.062000	0.052004
2.063000	0.031622
2.064000	0.021426
2.065000	0.031622
2.066000	0.052004
2.067000	0.057096
2.068000	0.026518
2.069000	0.016333
2.070000	0.036715
2.071000	0.062189
2.072000	0.046911
2.073000	0.021426
2.074000	0.011240
2.075000	0.031622
2.076000	0.057096
2.077000	0.052004
2.078000	0.021426
2.079000	0.011240
2.080000	0.041807
2.081000	0.067293
2.082000	0.036715
2.083000	0.006136
2.084000	0.011240
2.085000	0.046911
2.086000	0.067293
2.087000	0.041807
2.088000	0.011240
2.089000	0.016333
2.090000	0.041807
2.091000	0.062189
2.092000	0.031622
2.093000	0.006136
2.094000	0.016333
2.095000	0.052004
2.096000	0.067293
2.097000	0.036715
2.098000	0.011240
2.099000	0.021426
2.100000	0.052004
2.101000	0.057096
2.102000	0.031622
2.103000	0.021426
2.104000	0.031622
2.105000	0.052004
2.106000	0.052004
2.107000	0.021426
2.108000	0.021426
2.109000	0.052004
2.110000	0.057096
2.111000	0.031622
2.112000	0.006136
2.113000	0.031622
2.114000	0.046911
2.115000	0.031622
2.116000	0.001044
2.117000	0.001044
2.118000	0.041807
2.119000	0.067293
2.120000	0.031622
2.121000	0.001044
2.122000	0.006136
2.123000	0.052004
2.124000	0.067293
2.125000	0.031622
2.126000	0.006136
2.127000	0.011240
2.128000	0.072385
2.129000	0.082582
2.130000	0.006136
2.131000	-0.009153
2.132000	0.036715
2.133000	0.092767
2.134000	0.067293
2.135000	0.011240
2.136000	0.006136
2.137000	0.046911
2.138000	0.087674
2.139000	0.062189
2.140000	-0.004049
2.141000	-0.009153
2.142000	0.057096
2.143000	0.082582
2.144000	0.041807
2.145000	-0.009153
2.146000	-0.004049
2.147000	0.062189
2.148000	0.077478
2.149000	0.026518
2.150000	-0.014245
2.151000	0.021426
2.152000	0.082582
2.153000	0.077478
2.154000	0.011240
2.155000	-0.024431
2.156000	0.031622
2.157000	0.092767
2.158000	0.057096
2.159000	-0.004049
2.160000	-0.004049
2.161000	0.062189
2.162000	0.092767
2.163000	0.041807
2.164000	-0.014245
2.165000	0.006136
2.166000	0.072385
2.167000	0.082582
2.168000	0.021426
2.169000	-0.039720
2.170000	0.011240
2.171000	0.087674
2.172000	0.077478
2.173000	0.021426
2.174000	-0.024431
2.175000	0.026518
2.176000	0.102964
2.177000	0.057096
2.178000	-0.019338
2.179000	-0.029534
2.180000	0.046911
2.181000	0.092767
2.182000	0.041807
2.183000	-0.024431
2.184000	-0.009153
2.185000	0.067293
2.186000	0.092767
2.187000	0.021426
2.188000	-0.029534
2.189000	0.011240
2.190000	0.092767
2.191000	0.097860
2.192000	0.026518
2.193000	-0.029534
2.194000	0.031622
2.195000	0.102964
2.196000	0.082582
2.197000	-0.004049
2.198000	-0.019338
2.199000	0.052004
2.200000	0.092767
2.201000	0.052004
2.202000	-0.014245
2.203000	0.001044
2.204000	0.067293
2.205000	0.087674
2.206000	0.036715
2.207000	-0.014245
2.208000	0.021426
2.209000	0.072385
2.210000	0.067293
2.211000	0.001044
2.212000	-0.019338
2.213000	0.021426
2.214000	0.082582
2.215000	0.072385
2.216000	0.001044
2.217000	0.001044
2.218000	0.026518
2.219000	0.067293
2.220000	0.041807
2.221000	-0.004049
2.222000	0.011240
2.223000	0.041807
2.224000	0.067293
2.225000	0.052004
2.226000	0.001044
2.227000	0.011240
2.228000	0.041807
2.229000	0.057096
2.230000	0.046911
2.231000	0.011240
2.232000	0.036715
2.233000	0.052004
2.234000	0.036715
2.235000	0.026518
2.236000	0.016333
2.237000	0.026518
2.238000	0.036715
2.239000	0.046911
2.240000	0.036715
2.241000	0.021426
2.242000	0.021426
2.243000	0.046911
2.244000	0.036715
2.245000	0.026518
2.246000	0.026518
2.247000	0.031622
2.248000	0.046911
2.249000	0.036715
2.250000	0.026518
2.251000	0.036715
2.252000	0.041807
2.253000	0.052004
2.254000	0.036715
2.255000	0.031622
2.256000	0.041807
2.257000	0.052004
2.258000	0.062189
2.259000	0.036715
2.260000	0.021426
2.261000	0.036715
2.262000	0.057096
2.263000	0.046911
2.264000	0.021426
2.265000	0.021426
2.266000	0.052004
2.267000	0.046911
2.268000	0.026518
2.269000	0.021426
2.270000	0.026518
2.271000	0.041807
2.272000	0.036715
2.273000	0.036715
2.274000	0.016333
2.275000	0.006136
2.276000	0.031622
2.277000	0.036715
2.278000	0.016333
2.279000	0.021426
2.280000	0.016333
2.281000	0.041807
2.282000	0.046911
2.283000	0.031622
2.284000	0.031622
2.285000	0.021426
2.286000	0.031622
2.287000	0.041807
2.288000	0.046911
2.289000	0.041807
2.290000	0.031622
2.291000	0.026518
2.292000	0.046911
2.293000	0.046911
2.294000	0.036715
2.295000	0.026518
2.296000	0.031622
2.297000	0.052004
2.298000	0.031622
2.299000	0.031622
2.300000	0.026518
2.301000	0.026518
2.302000	0.041807
2.303000	0.036715
2.304000	0.026518
2.305000	0.021426
2.306000	0.021426
2.307000	0.041807
2.308000	0.041807
2.309000	0.026518
2.310000	0.016333
2.311000	0.026518
2.312000	0.052004
2.313000	0.052004
2.314000	0.016333
2.315000	0.021426
2.316000	0.046911
2.317000	0.046911
2.318000	0.046911
2.319000	0.026518
2.320000	0.031622
2.321000	0.041807
2.322000	0.036715
2.323000	0.031622
2.324000	0.031622
2.325000	0.031622
2.326000	0.031622
2.327000	0.036715
2.328000	0.041807
2.329000	0.026518
2.330000	0.026518
2.331000	0.036715
2.332000	0.036715
2.333000	0.031622
2.334000	0.026518
2.335000	0.031622
2.336000	0.036715
2.337000	0.031622
2.338000	0.026518
2.339000	0.031622
2.340000	0.031622
2.341000	0.031622
2.342000	0.026518
2.343000	0.041807
2.344000	0.036715
2.345000	0.026518
2.346000	0.031622
2.347000	0.031622
2.348000	0.031622
2.349000	0.046911
2.350000	0.036715
2.351000	0.031622
2.352000	0.036715
2.353000	0.046911
2.354000	0.041807
2.355000	0.036715
2.356000	0.036715
2.357000	0.036715
2.358000	0.036715
2.359000	0.026518
2.360000	0.036715
2.361000	0.036715
2.362000	0.036715
2.363000	0.031622
2.364000	0.031622
2.365000	0.036715
2.366000	0.052004
2.367000	0.041807
2.368000	0.036715
2.369000	0.026518
2.370000	0.031622
2.371000	0.036715
2.372000	0.036715
2.373000	0.026518
2.374000	0.026518
2.375000	0.041807
2.376000	0.052004
2.377000	0.036715
2.378000	0.026518
2.379000	0.026518
2.380000	0.046911
2.381000	0.046911
2.382000	0.031622
2.383000	0.016333
2.384000	0.031622
2.385000	0.046911
2.386000	0.046911
2.387000	0.031622
2.388000	0.021426
2.389000	0.031622
2.390000	0.046911
2.391000	0.041807
2.392000	0.021426
2.393000	0.026518
2.394000	0.041807
2.395000	0.036715
2.396000	0.036715
2.397000	0.021426
2.398000	0.021426
2.399000	0.041807
2.400000	0.046911
2.401000	0.036715
2.402000	0.021426
2.403000	0.036715
2.404000	0.052004
2.405000	0.046911
2.406000	0.031622
2.407000	0.026518
2.408000	0.041807
2.409000	0.046911
2.410000	0.031622
2.411000	0.031622
2.412000	0.021426
2.413000	0.036715
2.414000	0.046911
2.415000	0.036715
2.416000	0.021426
2.417000	0.031622
2.418000	0.041807
2.419000	0.046911
2.420000	0.031622
2.421000	0.026518
2.422000	0.036715
2.423000	0.041807
2.424000	0.021426
2.425000	0.021426
2.426000	0.046911
2.427000	0.052004
2.428000	0.036715
2.429000	0.016333
2.430000	0.026518
2.431000	0.026518
2.432000	0.052004
2.433000	0.041807
2.434000	0.021426
2.435000	0.016333
2.436000	0.041807
2.437000	0.046911
2.438000	0.031622
2.439000	0.011240
2.440000	0.031622
2.441000	0.052004
2.442000	0.052004
2.443000	0.016333
2.444000	0.016333
2.445000	0.031622
2.446000	0.046911
2.447000	0.036715
2.448000	0.011240
2.449000	0.021426
2.450000	0.036715
2.451000	0.046911
2.452000	0.031622
2.453000	0.021426
2.454000	0.021426
2.455000	0.041807
2.456000	0.041807
2.457000	0.031622
2.458000	0.026518
2.459000	0.041807
2.460000	0.052004
2.461000	0.041807
2.462000	0.031622
2.463000	0.031622
2.464000	0.036715
2.465000	0.052004
2.466000	0.041807
2.467000	0.036715
2.468000	0.031622
2.469000	0.041807
2.470000	0.052004
2.471000	0.036715
2.472000	0.026518
2.473000	0.041807
2.474000	0.046911
2.475000	0.041807
2.476000	0.021426
2.477000	0.021426
2.478000	0.031622
2.479000	0.041807
2.480000	0.031622
2.481000	0.021426
2.482000	0.021426
2.483000	0.046911
2.484000	0.041807
2.485000	0.026518
2.486000	0.026518
2.487000	0.026518
2.488000	0.046911
2.489000	0.046911
2.490000	0.021426
2.491000	0.036715
2.492000	0.036715
2.493000	0.052004
2.494000	0.041807
2.495000	0.026518
2.496000	0.026518
2.497000	0.041807
2.498000	0.041807
2.499000	0.036715
2.500000	0.021426
2.501000	0.031622
2.502000	0.046911
2.503000	0.036715
2.504000	0.031622
2.505000	0.026518
2.506000	0.026518
2.507000	0.036715
2.508000	0.031622
2.509000	0.026518
2.510000	0.026518
2.511000	0.031622
2.512000	0.036715
2.513000	0.036715
2.514000	0.021426
2.515000	0.031622
2.516000	0.036715
2.517000	0.046911
2.518000	0.036715
2.519000	0.026518
2.520000	0.031622
2.521000	0.041807
2.522000	0.046911
2.523000	0.031622
2.524000	0.026518
2.525000	0.036715
2.526000	0.046911
2.527000	0.036715
2.528000	0.036715
2.529000	0.036715
2.530000	0.041807
2.531000	0.036715
2.532000	0.036715
2.533000	0.031622
2.534000	0.041807
2.535000	0.046911
2.536000	0.041807
2.537000	0.031622
2.538000	0.031622
2.539000	0.041807
2.540000	0.036715
2.541000	0.031622
2.542000	0.021426
2.543000	0.021426
2.544000	0.031622
2.545000	0.031622
2.546000	0.031622
2.547000	0.026518
2.548000	0.031622
2.549000	0.036715
2.550000	0.036715
2.551000	0.031622
2.552000	0.026518
2.553000	0.041807
2.554000	0.036715
2.555000	0.036715
2.556000	0.036715
2.557000	0.036715
2.558000	0.036715
2.559000	0.041807
2.560000	0.036715
2.561000	0.036715
2.562000	0.041807
2.563000	0.031622
2.564000	0.026518
2.565000	0.036715
2.566000	0.036715
2.567000	0.036715
2.568000	0.031622
2.569000	0.031622
2.570000	0.036715
2.571000	0.041807
2.572000	0.031622
2.573000	0.031622
2.574000	0.026518
2.575000	0.031622
2.576000	0.046911
2.577000	0.031622
2.578000	0.026518
2.579000	0.036715
2.580000	0.041807
2.581000	0.046911
2.582000	0.036715
2.583000	0.026518
2.584000	0.031622
2.585000	0.041807
2.586000	0.052004
2.587000	0.041807
2.588000	0.026518
2.589000	0.036715
2.590000	0.046911
2.591000	0.046911
2.592000	0.031622
2.593000	0.026518
2.594000	0.031622
2.595000	0.036715
2.596000	0.036715
2.597000	0.021426
2.598000	0.026518
2.599000	0.031622
2.600000	0.041807
2.601000	0.026518
2.602000	0.026518
2.603000	0.031622
2.604000	0.041807
2.605000	0.031622
2.606000	0.026518
2.607000	0.021426
2.608000	0.031622
2.609000	0.036715
2.610000	0.031622
2.611000	0.026518
2.612000	0.036715
2.613000	0.052004
2.614000	0.036715
2.615000	0.026518
2.616000	0.031622
2.617000	0.041807
2.618000	0.036715
2.619000	0.036715
2.620000	0.031622
2.621000	0.036715
2.622000	0.036715
2.623000	0.041807
2.624000	0.041807
2.625000	0.026518
2.626000	0.031622
2.627000	0.036715
2.628000	0.036715
2.629000	0.031622
2.630000	0.036715
2.631000	0.041807
2.632000	0.041807
2.633000	0.031622
2.634000	0.021426
2.635000	0.031622
2.636000	0.031622
2.637000	0.041807
2.638000	0.026518
2.639000	0.021426
2.640000	0.031622
2.641000	0.031622
2.642000	0.036715
2.643000	0.031622
2.644000	0.026518
2.645000	0.041807
2.646000	0.041807
2.647000	0.036715
2.648000	0.031622
2.649000	0.031622
2.650000	0.046911
2.651000	0.046911
2.652000	0.031622
2.653000	0.031622
2.654000	0.031622
2.655000	0.046911
2.656000	0.041807
2.657000	0.026518
2.658000	0.026518
2.659000	0.036715
2.660000	0.041807
2.661000	0.031622
2.662000	0.031622
2.663000	0.021426
2.664000	0.036715
2.665000	0.041807
2.666000	0.036715
2.667000	0.026518
2.668000	0.031622
2.669000	0.041807
2.670000	0.036715
2.671000	0.031622
2.672000	0.021426
2.673000	0.036715
2.674000	0.036715
2.675000	0.031622
2.676000	0.026518
2.677000	0.021426
2.678000	0.031622
2.679000	0.041807
2.680000	0.031622
2.681000	0.021426
2.682000	0.036715
2.683000	0.041807
2.684000	0.046911
2.685000	0.031622
2.686000	0.026518
2.687000	0.036715
2.688000	0.036715
2.689000	0.036715
2.690000	0.036715
2.691000	0.031622
2.692000	0.041807
2.693000	0.041807
2.694000	0.036715
2.695000	0.031622
2.696000	0.031622
2.697000	0.041807
2.698000	0.041807
2.699000	0.041807
2.700000	0.031622
2.701000	0.036715
2.702000	0.036715
2.703000	0.041807
2.704000	0.031622
2.705000	0.031622
2.706000	0.036715
2.707000	0.031622
2.708000	0.036715
2.709000	0.036715
2.710000	0.031622
2.711000	0.031622
2.712000	0.031622
2.713000	0.031622
2.714000	0.026518
2.715000	0.031622
2.716000	0.026518
2.717000	0.036715
2.718000	0.036715
2.719000	0.031622
2.720000	0.041807
2.721000	0.041807
2.722000	0.031622
2.723000	0.036715
2.724000	0.036715
2.725000	0.036715
2.726000	0.031622
2.727000	0.026518
2.728000	0.036715
2.729000	0.036715
2.730000	0.041807
2.731000	0.031622
2.732000	0.026518
2.733000	0.036715
2.734000	0.036715
2.735000	0.041807
2.736000	0.031622
2.737000	0.031622
2.738000	0.031622
2.739000	0.041807
2.740000	0.036715
2.741000	0.036715
2.742000	0.031622
2.743000	0.036715
2.744000	0.031622
2.745000	0.031622
2.746000	0.031622
2.747000	0.031622
2.748000	0.041807
2.749000	0.036715
2.750000	0.031622
2.751000	0.036715
2.752000	0.036715
2.753000	0.052004
2.754000	0.036715
2.755000	0.021426
2.756000	0.031622
2.757000	0.041807
2.758000	0.041807
2.759000	0.036715
2.760000	0.036715
2.761000	0.031622
2.762000	0.046911
2.763000	0.031622
2.764000	0.031622
2.765000	0.031622
2.766000	0.031622
2.767000	0.036715
2.768000	0.026518
2.769000	0.031622
2.770000	0.026518
2.771000	0.041807
2.772000	0.036715
2.773000	0.031622
2.774000	0.026518
2.775000	0.026518
2.776000	0.031622
2.777000	0.031622
2.778000	0.036715
2.779000	0.031622
2.780000	0.026518
2.781000	0.031622
2.782000	0.036715
2.783000	0.031622
2.784000	0.036715
2.785000	0.036715
2.786000	0.036715
2.787000	0.031622
2.788000	0.026518
2.789000	0.036715
2.790000	0.031622
2.791000	0.026518
2.792000	0.026518
2.793000	0.036715
2.794000	0.036715
2.795000	0.036715
2.796000	0.036715
2.797000	0.036715
2.798000	0.026518
2.799000	0.031622
2.800000	0.031622
2.801000	0.036715
2.802000	0.031622
2.803000	0.031622
2.804000	0.036715
2.805000	0.036715
2.806000	0.026518
2.807000	0.036715
2.808000	0.031622
2.809000	0.041807
2.810000	0.026518
2.811000	0.021426
2.812000	0.031622
2.813000	0.036715
2.814000	0.031622
2.815000	0.026518
2.816000	0.031622
2.817000	0.041807
2.818000	0.031622
2.819000	0.031622
2.820000	0.031622
2.821000	0.026518
2.822000	0.036715
2.823000	0.046911
2.824000	0.031622
2.825000	0.036715
2.826000	0.031622
2.827000	0.036715
2.828000	0.036715
2.829000	0.036715
2.830000	0.026518
2.831000	0.031622
2.832000	0.041807
2.833000	0.031622
2.834000	0.031622
2.835000	0.031622
2.836000	0.036715
2.837000	0.036715
2.838000	0.026518
2.839000	0.036715
2.840000	0.026518
2.841000	0.031622
2.842000	0.021426
2.843000	0.026518
2.844000	0.026518
2.845000	0.036715
2.846000	0.041807
2.847000	0.031622
2.848000	0.026518
2.849000	0.041807
2.850000	0.036715
2.851000	0.041807
2.852000	0.041807
2.853000	0.031622
2.854000	0.041807
2.855000	0.046911
2.856000	0.036715
2.857000	0.031622
2.858000	0.026518
2.859000	0.041807
2.860000	0.036715
2.861000	0.031622
2.862000	0.036715
2.863000	0.031622
2.864000	0.036715
2.865000	0.041807
2.866000	0.036715
2.867000	0.021426
2.868000	0.036715
2.869000	0.041807
2.870000	0.041807
2.871000	0.031622
2.872000	0.021426
2.873000	0.031622
2.874000	0.031622
2.875000	0.036715
2.876000	0.026518
2.877000	0.031622
2.878000	0.031622
2.879000	0.041807
2.880000	0.036715
2.881000	0.026518
2.882000	0.026518
2.883000	0.036715
2.884000	0.036715
2.885000	0.036715
2.886000	0.026518
2.887000	0.036715
2.888000	0.031622
2.889000	0.031622
2.890000	0.041807
2.891000	0.031622
2.892000	0.031622
2.893000	0.036715
2.894000	0.031622
2.895000	0.026518
2.896000	0.026518
2.897000	0.041807
2.898000	0.041807
2.899000	0.036715
2.900000	0.031622
2.901000	0.031622
2.902000	0.036715
2.903000	0.036715
2.904000	0.031622
2.905000	0.026518
2.906000	0.031622
2.907000	0.036715
2.908000	0.036715
2.909000	0.031622
2.910000	0.031622
2.911000	0.041807
2.912000	0.041807
2.913000	0.031622
2.914000	0.031622
2.915000	0.031622
2.916000	0.036715
2.917000	0.041807
2.918000	0.031622
2.919000	0.036715
2.920000	0.031622
2.921000	0.041807
2.922000	0.041807
2.923000	0.036715
2.924000	0.026518
2.925000	0.036715
2.926000	0.036715
2.927000	0.041807
2.928000	0.031622
2.929000	0.031622
2.930000	0.036715
2.931000	0.031622
2.932000	0.036715
2.933000	0.036715
2.934000	0.036715
2.935000	0.036715
2.936000	0.031622
2.937000	0.036715
2.938000	0.031622
2.939000	0.031622
2.940000	0.031622
2.941000	0.031622
2.942000	0.036715
2.943000	0.031622
2.944000	0.031622
2.945000	0.036715
2.946000	0.046911
2.947000	0.036715
2.948000	0.026518
2.949000	0.031622
2.950000	0.036715
2.951000	0.041807
2.952000	0.041807
2.953000	0.031622
2.954000	0.026518
2.955000	0.036715
2.956000	0.046911
2.957000	0.031622
2.958000	0.031622
2.959000	0.031622
2.960000	0.036715
2.961000	0.036715
2.962000	0.036715
2.963000	0.031622
2.964000	0.031622
2.965000	0.036715
2.966000	0.046911
2.967000	0.031622
2.968000	0.031622
2.969000	0.031622
2.970000	0.031622
2.971000	0.031622
2.972000	0.031622
2.973000	0.036715
2.974000	0.031622
2.975000	0.031622
2.976000	0.036715
2.977000	0.026518
2.978000	0.026518
2.979000	0.031622
2.980000	0.041807
2.981000	0.031622
2.982000	0.036715
2.983000	0.031622
2.984000	0.046911
2.985000	0.041807
2.986000	0.041807
2.987000	0.031622
2.988000	0.036715
2.989000	0.031622
2.990000	0.036715
2.991000	0.026518
2.992000	0.031622
2.993000	0.036715
2.994000	0.041807
2.995000	0.031622
2.996000	0.026518
2.997000	0.031622
2.998000	0.036715
2.999000	0.041807
3.000000	0.036715
3.001000	0.031622
3.002000	0.026518
3.003000	0.041807
3.004000	0.026518
3.005000	0.031622
3.006000	0.026518
3.007000	0.031622
3.008000	0.041807
3.009000	0.031622
3.010000	0.026518
3.011000	0.021426
3.012000	0.041807
3.013000	0.041807
3.014000	0.026518
3.015000	0.026518
3.016000	0.036715
3.017000	0.036715
3.018000	0.036715
3.019000	0.036715
3.020000	0.026518
3.021000	0.036715
3.022000	0.041807
3.023000	0.041807
3.024000	0.026518
3.025000	0.026518
3.026000	0.036715
3.027000	0.036715
3.028000	0.031622
3.029000	0.031622
3.030000	0.036715
3.031000	0.031622
3.032000	0.041807
3.033000	0.026518
3.034000	0.031622
3.035000	0.036715
3.036000	0.041807
3.037000	0.036715
3.038000	0.021426
3.039000	0.031622
3.040000	0.041807
3.041000	0.031622
3.042000	0.026518
3.043000	0.026518
3.044000	0.041807
3.045000	0.036715
3.046000	0.036715
3.047000	0.041807
3.048000	0.026518
3.049000	0.031622
3.050000	0.046911
3.051000	0.041807
3.052000	0.041807
3.053000	0.031622
3.054000	0.036715
3.055000	0.041807
3.056000	0.041807
3.057000	0.026518
3.058000	0.031622
3.059000	0.036715
3.060000	0.036715
3.061000	0.031622
3.062000	0.031622
3.063000	0.031622
3.064000	0.041807
3.065000	0.036715
3.066000	0.026518
3.067000	0.041807
3.068000	0.036715
3.069000	0.041807
3.070000	0.036715
3.071000	0.026518
3.072000	0.031622
3.073000	0.036715
3.074000	0.036715
3.075000	0.031622
3.076000	0.026518
3.077000	0.031622
3.078000	0.046911
3.079000	0.036715
3.080000	0.031622
3.081000	0.031622
3.082000	0.031622
3.083000	0.031622
3.084000	0.036715
3.085000	0.031622
3.086000	0.041807
3.087000	0.036715
3.088000	0.031622
3.089000	0.041807
3.090000	0.031622
3.091000	0.041807
3.092000	0.052004
3.093000	0.041807
3.094000	0.031622
3.095000	0.031622
3.096000	0.031622
3.097000	0.036715
3.098000	0.036715
3.099000	0.041807
3.100000	0.031622
3.101000	0.031622
3.102000	0.031622
3.103000	0.036715
3.104000	0.031622
3.105000	0.031622
3.106000	0.036715
3.107000	0.036715
3.108000	0.031622
3.109000	0.036715
3.110000	0.036715
3.111000	0.041807
3.112000	0.036715
3.113000	0.031622
3.114000	0.026518
3.115000	0.031622
3.116000	0.036715
3.117000	0.031622
3.118000	0.031622
3.119000	0.036715
3.120000	0.041807
3.121000	0.031622
3.122000	0.031622
3.123000	0.031622
3.124000	0.031622
3.125000	0.031622
3.126000	0.036715
3.127000	0.036715
3.128000	0.031622
3.129000	0.036715
3.130000	0.031622
3.131000	0.026518
3.132000	0.036715
3.133000	0.031622
3.134000	0.036715
3.135000	0.036715
3.136000	0.026518
3.137000	0.031622
3.138000	0.036715
3.139000	0.031622
3.140000	0.041807
3.141000	0.031622
3.142000	0.031622
3.143000	0.031622
3.144000	0.036715
3.145000	0.036715
3.146000	0.031622
3.147000	0.031622
3.148000	0.036715
3.149000	0.036715
3.150000	0.031622
3.151000	0.031622
3.152000	0.031622
3.153000	0.036715
3.154000	0.031622
3.155000	0.031622
3.156000	0.036715
3.157000	0.041807
3.158000	0.031622
3.159000	0.031622
3.160000	0.031622
3.161000	0.026518
3.162000	0.036715
3.163000	0.036715
3.164000	0.031622
3.165000	0.031622
3.166000	0.041807
3.167000	0.031622
3.168000	0.036715
3.169000	0.031622
3.170000	0.031622
3.171000	0.031622
3.172000	0.036715
3.173000	0.041807
3.174000	0.036715
3.175000	0.031622
3.176000	0.036715
3.177000	0.036715
3.178000	0.031622
3.179000	0.036715
3.180000	0.036715
3.181000	0.036715
3.182000	0.031622
3.183000	0.036715
3.184000	0.031622
3.185000	0.041807
3.186000	0.036715
3.187000	0.036715
3.188000	0.026518
3.189000	0.031622
3.190000	0.036715
3.191000	0.036715
3.192000	0.031622
3.193000	0.026518
3.194000	0.036715
3.195000	0.036715
3.196000	0.031622
3.197000	0.026518
3.198000	0.031622
3.199000	0.031622
3.200000	0.031622
3.201000	0.031622
3.202000	0.036715
3.203000	0.041807
3.204000	0.036715
3.205000	0.026518
3.206000	0.041807
3.207000	0.031622
3.208000	0.031622
3.209000	0.036715
3.210000	0.036715
3.211000	0.041807
3.212000	0.036715
3.213000	0.031622
3.214000	0.041807
3.215000	0.036715
3.216000	0.031622
3.217000	0.031622
3.218000	0.041807
3.219000	0.036715
3.220000	0.036715
3.221000	0.036715
3.222000	0.031622
3.223000	0.031622
3.224000	0.036715
3.225000	0.036715
3.226000	0.031622
3.227000	0.031622
3.228000	0.041807
3.229000	0.031622
3.230000	0.041807
3.231000	0.036715
3.232000	0.036715
3.233000	0.031622
3.234000	0.031622
3.235000	0.036715
3.236000	0.036715
3.237000	0.036715
3.238000	0.031622
3.239000	0.036715
3.240000	0.031622
3.241000	0.031622
3.242000	0.031622
3.243000	0.031622
3.244000	0.031622
3.245000	0.031622
3.246000	0.036715
3.247000	0.026518
3.248000	0.036715
3.249000	0.041807
3.250000	0.041807
3.251000	0.036715
3.252000	0.031622
3.253000	0.036715
3.254000	0.041807
3.255000	0.036715
3.256000	0.036715
3.257000	0.031622
3.258000	0.041807
3.259000	0.036715
3.260000	0.036715
3.261000	0.036715
3.262000	0.026518
3.263000	0.041807
3.264000	0.031622
3.265000	0.031622
3.266000	0.036715
3.267000	0.036715
3.268000	0.031622
3.269000	0.041807
3.270000	0.031622
3.271000	0.026518
3.272000	0.036715
3.273000	0.046911
3.274000	0.031622
3.275000	0.036715
3.276000	0.036715
3.277000	0.031622
3.278000	0.036715
3.279000	0.036715
3.280000	0.026518
3.281000	0.036715
3.282000	0.031622
3.283000	0.036715
3.284000	0.031622
3.285000	0.031622
3.286000	0.036715
3.287000	0.036715
3.288000	0.031622
3.289000	0.031622
3.290000	0.031622
3.291000	0.031622
3.292000	0.036715
3.293000	0.036715
3.294000	0.031622
3.295000	0.036715
3.296000	0.036715
3.297000	0.036715
3.298000	0.036715
3.299000	0.036715
3.300000	0.026518
3.301000	0.036715
3.302000	0.036715
3.303000	0.036715
3.304000	0.041807
3.305000	0.036715
3.306000	0.036715
3.307000	0.031622
3.308000	0.031622
3.309000	0.036715
3.310000	0.031622
3.311000	0.031622
3.312000	0.031622
3.313000	0.031622
3.314000	0.031622
3.315000	0.036715
3.316000	0.036715
3.317000	0.036715
3.318000	0.031622
3.319000	0.041807
3.320000	0.036715
3.321000	0.036715
3.322000	0.031622
3.323000	0.031622
3.324000	0.031622
3.325000	0.031622
3.326000	0.036715
3.327000	0.031622
3.328000	0.026518
3.329000	0.036715
3.330000	0.031622
3.331000	0.031622
3.332000	0.036715
3.333000	0.031622
3.334000	0.031622
3.335000	0.036715
3.336000	0.041807
3.337000	0.031622
3.338000	0.031622
3.339000	0.036715
3.340000	0.031622
3.341000	0.031622
3.342000	0.036715
3.343000	0.031622
3.344000	0.031622
3.345000	0.031622
3.346000	0.036715
3.347000	0.031622
3.348000	0.026518
3.349000	0.031622
3.350000	0.031622
3.351000	0.036715
3.352000	0.041807
3.353000	0.036715
3.354000	0.036715
3.355000	0.036715
3.356000	0.041807
3.357000	0.031622
3.358000	0.031622
3.359000	0.041807
3.360000	0.031622
3.361000	0.036715
3.362000	0.031622
3.363000	0.036715
3.364000	0.036715
3.365000	0.036715
3.366000	0.031622
3.367000	0.031622
3.368000	0.041807
3.369000	0.031622
3.370000	0.036715
3.371000	0.031622
3.372000	0.031622
3.373000	0.036715
3.374000	0.036715
3.375000	0.031622
3.376000	0.031622
3.377000	0.026518
3.378000	0.036715
3.379000	0.031622
3.380000	0.036715
3.381000	0.031622
3.382000	0.036715
3.383000	0.031622
3.384000	0.036715
3.385000	0.036715
3.386000	0.031622
3.387000	0.026518
3.388000	0.031622
3.389000	0.036715
3.390000	0.031622
3.391000	0.031622
3.392000	0.036715
3.393000	0.031622
3.394000	0.031622
3.395000	0.026518
3.396000	0.031622
3.397000	0.031622
3.398000	0.031622
3.399000	0.041807
3.400000	0.026518
3.401000	0.026518
3.402000	0.036715
3.403000	0.031622
3.404000	0.031622
3.405000	0.026518
3.406000	0.036715
3.407000	0.036715
3.408000	0.036715
3.409000	0.031622
3.410000	0.031622
3.411000	0.031622
3.412000	0.036715
3.413000	0.031622
3.414000	0.036715
3.415000	0.021426
3.416000	0.036715
3.417000	0.036715
3.418000	0.041807
3.419000	0.031622
3.420000	0.031622
3.421000	0.036715
3.422000	0.036715
3.423000	0.036715
3.424000	0.031622
3.425000	0.036715
3.426000	0.031622
3.427000	0.041807
3.428000	0.026518
3.429000	0.026518
3.430000	0.026518
3.431000	0.036715
3.432000	0.041807
3.433000	0.026518
3.434000	0.031622
3.435000	0.041807
3.436000	0.031622
3.437000	0.031622
3.438000	0.021426
3.439000	0.026518
3.440000	0.036715
3.441000	0.036715
3.442000	0.036715
3.443000	0.031622
3.444000	0.036715
3.445000	0.031622
3.446000	0.041807
3.447000	0.031622
3.448000	0.031622
3.449000	0.031622
3.450000	0.036715
3.451000	0.041807
3.452000	0.036715
3.453000	0.036715
3.454000	0.031622
3.455000	0.031622
3.456000	0.031622
3.457000	0.031622
3.458000	0.031622
3.459000	0.031622
3.460000	0.031622
3.461000	0.031622
3.462000	0.026518
3.463000	0.041807
3.464000	0.036715
3.465000	0.036715
3.466000	0.036715
3.467000	0.031622
3.468000	0.036715
3.469000	0.031622
3.470000	0.031622
3.471000	0.031622
3.472000	0.031622
3.473000	0.046911
3.474000	0.036715
3.475000	0.041807
3.476000	0.031622
3.477000	0.036715
3.478000	0.036715
3.479000	0.036715
3.480000	0.031622
3.481000	0.036715
3.482000	0.041807
3.483000	0.031622
3.484000	0.041807
3.485000	0.031622
3.486000	0.036715
3.487000	0.031622
3.488000	0.041807
3.489000	0.031622
3.490000	0.036715
3.491000	0.031622
3.492000	0.046911
3.493000	0.036715
3.494000	0.036715
3.495000	0.031622
3.496000	0.036715
3.497000	0.041807
3.498000	0.031622
3.499000	0.036715
3.500000	0.026518
3.501000	0.036715
3.502000	0.026518
3.503000	0.031622
3.504000	0.036715
3.505000	0.031622
3.506000	0.036715
3.507000	0.031622
3.508000	0.031622
3.509000	0.031622
3.510000	0.031622
3.511000	0.036715
3.512000	0.031622
3.513000	0.031622
3.514000	0.036715
3.515000	0.031622
3.516000	0.031622
3.517000	0.031622
3.518000	0.031622
3.519000	0.031622
3.520000	0.031622
3.521000	0.031622
3.522000	0.036715
3.523000	0.031622
3.524000	0.031622
3.525000	0.031622
3.526000	0.041807
3.527000	0.036715
3.528000	0.036715
3.529000	0.036715
3.530000	0.036715
3.531000	0.026518
3.532000	0.031622
3.533000	0.031622
3.534000	0.031622
3.535000	0.031622
3.536000	0.036715
3.537000	0.031622
3.538000	0.031622
3.539000	0.041807
3.540000	0.031622
3.541000	0.026518
3.542000	0.026518
3.543000	0.031622
3.544000	0.031622
3.545000	0.031622
3.546000	0.036715
3.547000	0.036715
3.548000	0.031622
3.549000	0.031622
3.550000	0.036715
3.551000	0.036715
3.552000	0.036715
3.553000	0.031622
3.554000	0.026518
3.555000	0.036715
3.556000	0.031622
3.557000	0.031622
3.558000	0.031622
3.559000	0.036715
3.560000	0.031622
3.561000	0.031622
3.562000	0.036715
3.563000	0.031622
3.564000	0.026518
3.565000	0.031622
3.566000	0.031622
3.567000	0.026518
3.568000	0.041807
3.569000	0.036715
3.570000	0.036715
3.571000	0.031622
3.572000	0.031622
3.573000	0.041807
3.574000	0.036715
3.575000	0.026518
3.576000	0.031622
3.577000	0.036715
3.578000	0.036715
3.579000	0.036715
3.580000	0.031622
3.581000	0.026518
3.582000	0.036715
3.583000	0.036715
3.584000	0.031622
3.585000	0.031622
3.586000	0.031622
3.587000	0.036715
3.588000	0.036715
3.589000	0.031622
3.590000	0.041807
3.591000	0.031622
3.592000	0.031622
3.593000	0.031622
3.594000	0.036715
3.595000	0.046911
3.596000	0.036715
3.597000	0.031622
3.598000	0.031622
3.599000	0.031622
3.600000	0.031622
3.601000	0.036715
3.602000	0.036715
3.603000	0.036715
3.604000	0.031622
3.605000	0.031622
3.606000	0.036715
3.607000	0.031622
3.608000	0.036715
3.609000	0.031622
3.610000	0.036715
3.611000	0.031622
3.612000	0.031622
3.613000	0.031622
3.614000	0.031622
3.615000	0.031622
3.616000	0.036715
3.617000	0.036715
3.618000	0.031622
3.619000	0.031622
3.620000	0.036715
3.621000	0.031622
3.622000	0.026518
3.623000	0.036715
3.624000	0.036715
3.625000	0.031622
3.626000	0.031622
3.627000	0.031622
3.628000	0.036715
3.629000	0.036715
3.630000	0.031622
3.631000	0.041807
3.632000	0.031622
3.633000	0.036715
3.634000	0.041807
3.635000	0.031622
3.636000	0.031622
3.637000	0.031622
3.638000	0.031622
3.639000	0.036715
3.640000	0.036715
3.641000	0.031622
3.642000	0.031622
3.643000	0.036715
3.644000	0.041807
3.645000	0.036715
3.646000	0.031622
3.647000	0.031622
3.648000	0.041807
3.649000	0.031622
3.650000	0.041807
3.651000	0.026518
3.652000	0.036715
3.653000	0.031622
3.654000	0.031622
3.655000	0.031622
3.656000	0.036715
3.657000	0.036715
3.658000	0.036715
3.659000	0.036715
3.660000	0.031622
3.661000	0.031622
3.662000	0.036715
3.663000	0.046911
3.664000	0.026518
3.665000	0.021426
3.666000	0.041807
3.667000	0.041807
3.668000	0.036715
3.669000	0.031622
3.670000	0.031622
3.671000	0.036715
3.672000	0.031622
3.673000	0.036715
3.674000	0.026518
3.675000	0.031622
3.676000	0.036715
3.677000	0.031622
3.678000	0.036715
3.679000	0.031622
3.680000	0.021426
3.681000	0.036715
3.682000	0.041807
3.683000	0.031622
3.684000	0.026518
3.685000	0.026518
3.686000	0.041807
3.687000	0.041807
3.688000	0.031622
3.689000	0.036715
3.690000	0.041807
3.691000	0.036715
3.692000	0.036715
3.693000	0.031622
3.694000	0.031622
3.695000	0.036715
3.696000	0.041807
3.697000	0.031622
3.698000	0.026518
3.699000	0.031622
3.700000	0.031622
3.701000	0.041807
3.702000	0.041807
3.703000	0.026518
3.704000	0.021426
3.705000	0.041807
3.706000	0.031622
3.707000	0.036715
3.708000	0.031622
3.709000	0.026518
3.710000	0.036715
3.711000	0.036715
3.712000	0.036715
3.713000	0.026518
3.714000	0.031622
3.715000	0.036715
3.716000	0.036715
3.717000	0.036715
3.718000	0.031622
3.719000	0.036715
3.720000	0.036715
3.721000	0.036715
3.722000	0.031622
3.723000	0.031622
3.724000	0.031622
3.725000	0.031622
3.726000	0.036715
3.727000	0.026518
3.728000	0.026518
3.729000	0.026518
3.730000	0.031622
3.731000	0.031622
3.732000	0.036715
3.733000	0.036715
3.734000	0.041807
3.735000	0.036715
3.736000	0.031622
3.737000	0.041807
3.738000	0.036715
3.739000	0.031622
3.740000	0.031622
3.741000	0.026518
3.742000	0.036715
3.743000	0.036715
3.744000	0.031622
3.745000	0.026518
3.746000	0.031622
3.747000	0.036715
3.748000	0.041807
3.749000	0.041807
3.750000	0.036715
3.751000	0.031622
3.752000	0.041807
3.753000	0.036715
3.754000	0.031622
3.755000	0.036715
3.756000	0.036715
3.757000	0.036715
3.758000	0.041807
3.759000	0.031622
3.760000	0.036715
3.761000	0.031622
3.762000	0.031622
3.763000	0.041807
3.764000	0.031622
3.765000	0.031622
3.766000	0.041807
3.767000	0.036715
3.768000	0.041807
3.769000	0.031622
3.770000	0.026518
3.771000	0.031622
3.772000	0.041807
3.773000	0.036715
3.774000	0.031622
3.775000	0.021426
3.776000	0.041807
3.777000	0.046911
3.778000	0.026518
3.779000	0.021426
3.780000	0.026518
3.781000	0.041807
3.782000	0.041807
3.783000	0.026518
3.784000	0.026518
3.785000	0.031622
3.786000	0.046911
3.787000	0.041807
3.788000	0.021426
3.789000	0.021426
3.790000	0.031622
3.791000	0.046911
3.792000	0.041807
3.793000	0.021426
3.794000	0.026518
3.795000	0.036715
3.796000	0.052004
3.797000	0.031622
3.798000	0.021426
3.799000	0.026518
3.800000	0.046911
3.801000	0.046911
3.802000	0.036715
3.803000	0.021426
3.804000	0.026518
3.805000	0.046911
3.806000	0.041807
3.807000	0.026518
3.808000	0.016333
3.809000	0.036715
3.810000	0.041807
3.811000	0.046911
3.812000	0.021426
3.813000	0.021426
3.814000	0.031622
3.815000	0.057096
3.816000	0.041807
3.817000	0.021426
3.818000	0.026518
3.819000	0.046911
3.820000	0.057096
3.821000	0.041807
3.822000	0.021426
3.823000	0.031622
3.824000	0.046911
3.825000	0.046911
3.826000	0.031622
3.827000	0.021426
3.828000	0.026518
3.829000	0.046911
3.830000	0.041807
3.831000	0.031622
3.832000	0.026518
3.833000	0.041807
3.834000	0.046911
3.835000	0.036715
3.836000	0.021426
3.837000	0.021426
3.838000	0.046911
3.839000	0.052004
3.840000	0.036715
3.841000	0.021426
3.842000	0.041807
3.843000	0.046911
3.844000	0.041807
3.845000	0.036715
3.846000	0.026518
3.847000	0.031622
3.848000	0.041807
3.849000	0.041807
3.850000	0.021426
3.851000	0.016333
3.852000	0.036715
3.853000	0.052004
3.854000	0.046911
3.855000	0.016333
3.856000	0.026518
3.857000	0.046911
3.858000	0.046911
3.859000	0.036715
3.860000	0.016333
3.861000	0.031622
3.862000	0.046911
3.863000	0.052004
3.864000	0.026518
3.865000	0.021426
3.866000	0.036715
3.867000	0.057096
3.868000	0.041807
3.869000	0.026518
3.870000	0.021426
3.871000	0.041807
3.872000	0.052004
3.873000	0.041807
3.874000	0.016333
3.875000	0.026518
3.876000	0.041807
3.877000	0.052004
3.878000	0.036715
3.879000	0.021426
3.880000	0.031622
3.881000	0.041807
3.882000	0.046911
3.883000	0.031622
3.884000	0.021426
3.885000	0.026518
3.886000	0.046911
3.887000	0.046911
3.888000	0.026518
3.889000	0.016333
3.890000	0.031622
3.891000	0.041807
3.892000	0.036715
3.893000	0.021426
3.894000	0.026518
3.895000	0.036715
3.896000	0.052004
3.897000	0.036715
3.898000	0.021426
3.899000	0.021426
3.900000	0.052004
3.901000	0.046911
3.902000	0.026518
3.903000	0.016333
3.904000	0.036715
3.905000	0.052004
3.906000	0.046911
3.907000	0.026518
3.908000	0.026518
3.909000	0.031622
3.910000	0.046911
3.911000	0.036715
3.912000	0.021426
3.913000	0.021426
3.914000	0.041807
3.915000	0.052004
3.916000	0.036715
3.917000	0.026518
3.918000	0.031622
3.919000	0.031622
3.920000	0.041807
3.921000	0.031622
3.922000	0.026518
3.923000	0.026518
3.924000	0.041807
3.925000	0.046911
3.926000	0.026518
3.927000	0.021426
3.928000	0.031622
3.929000	0.046911
3.930000	0.041807
3.931000	0.026518
3.932000	0.026518
3.933000	0.036715
3.934000	0.046911
3.935000	0.041807
3.936000	0.026518
3.937000	0.021426
3.938000	0.041807
3.939000	0.052004
3.940000	0.036715
3.941000	0.026518
3.942000	0.026518
3.943000	0.041807
3.944000	0.036715
3.945000	0.031622
3.946000	0.021426
3.947000	0.031622
3.948000	0.041807
3.949000	0.031622
3.950000	0.026518
3.951000	0.026518
3.952000	0.036715
3.953000	0.046911
3.954000	0.036715
3.955000	0.026518
3.956000	0.026518
3.957000	0.036715
3.958000	0.046911
3.959000	0.031622
3.960000	0.021426
3.961000	0.021426
3.962000	0.041807
3.963000	0.052004
3.964000	0.031622
3.965000	0.021426
3.966000	0.026518
3.967000	0.046911
3.968000	0.041807
3.969000	0.031622
3.970000	0.026518
3.971000	0.031622
3.972000	0.046911
3.973000	0.046911
3.974000	0.026518
3.975000	0.026518
3.976000	0.041807
3.977000	0.046911
3.978000	0.031622
3.979000	0.026518
3.980000	0.026518
3.981000	0.036715
3.982000	0.041807
3.983000	0.031622
3.984000	0.021426
3.985000	0.036715
3.986000	0.046911
3.987000	0.041807
3.988000	0.026518
3.989000	0.026518
3.990000	0.041807
3.991000	0.046911
3.992000	0.041807
3.993000	0.021426
3.994000	0.026518
3.995000	0.041807
3.996000	0.052004
3.997000	0.031622
3.998000	0.011240
3.999000	0.021426
4.000000	0.041807
4.001000	0.046911
4.002000	0.031622
4.003000	0.021426
4.004000	0.031622
4.005000	0.041807
4.006000	0.041807
4.007000	0.026518
4.008000	0.021426
4.009000	0.031622
4.010000	0.046911
4.011000	0.036715
4.012000	0.026518
4.013000	0.031622
4.014000	0.041807
4.015000	0.052004
4.016000	0.036715
4.017000	0.026518
4.018000	0.031622
4.019000	0.036715
4.020000	0.046911
4.021000	0.031622
4.022000	0.026518
4.023000	0.031622
4.024000	0.041807
4.025000	0.041807
4.026000	0.031622
4.027000	0.016333
4.028000	0.026518
4.029000	0.052004
4.030000	0.046911
4.031000	0.021426
4.032000	0.026518
4.033000	0.041807
4.034000	0.046911
4.035000	0.041807
4.036000	0.021426
4.037000	0.031622
4.038000	0.036715
4.039000	0.052004
4.040000	0.031622
4.041000	0.026518
4.042000	0.026518
4.043000	0.041807
4.044000	0.041807
4.045000	0.026518
4.046000	0.026518
4.047000	0.026518
4.048000	0.036715
4.049000	0.036715
4.050000	0.026518
4.051000	0.031622
4.052000	0.026518
4.053000	0.046911
4.054000	0.026518
4.055000	0.021426
4.056000	0.036715
4.057000	0.036715
4.058000	0.036715
4.059000	0.031622
4.060000	0.021426
4.061000	0.036715
4.062000	0.046911
4.063000	0.041807
4.064000	0.031622
4.065000	0.021426
4.066000	0.036715
4.067000	0.041807
4.068000	0.031622
4.069000	0.031622
4.070000	0.026518
4.071000	0.031622
4.072000	0.046911
4.073000	0.036715
4.074000	0.021426
4.075000	0.026518
4.076000	0.036715
4.077000	0.036715
4.078000	0.031622
4.079000	0.026518
4.080000	0.031622
4.081000	0.036715
4.082000	0.046911
4.083000	0.031622
4.084000	0.031622
4.085000	0.036715
4.086000	0.052004
4.087000	0.026518
4.088000	0.026518
4.089000	0.026518
4.090000	0.036715
4.091000	0.041807
4.092000	0.036715
4.093000	0.021426
4.094000	0.031622
4.095000	0.031622
4.096000	0.036715
4.097000	0.026518
4.098000	0.021426
4.099000	0.031622
4.100000	0.036715
4.101000	0.036715
4.102000	0.031622
4.103000	0.026518
4.104000	0.031622
4.105000	0.041807
4.106000	0.041807
4.107000	0.026518
4.108000	0.021426
4.109000	0.036715
4.110000	0.041807
4.111000	0.031622
4.112000	0.031622
4.113000	0.031622
4.114000	0.041807
4.115000	0.036715
4.116000	0.026518
4.117000	0.021426
4.118000	0.036715
4.119000	0.041807
4.120000	0.036715
4.121000	0.026518
4.122000	0.031622
4.123000	0.036715
4.124000	0.036715
4.125000	0.041807
4.126000	0.031622
4.127000	0.026518
4.128000	0.041807
4.129000	0.041807
4.130000	0.036715
4.131000	0.021426
4.132000	0.031622
4.133000	0.041807
4.134000	0.041807
4.135000	0.036715
4.136000	0.036715
4.137000	0.031622
4.138000	0.036715
4.139000	0.036715
4.140000	0.031622
4.141000	0.031622
4.142000	0.036715
4.143000	0.041807
4.144000	0.031622
4.145000	0.031622
4.146000	0.031622
4.147000	0.036715
4.148000	0.026518
4.149000	0.031622
4.150000	0.031622
4.151000	0.036715
4.152000	0.046911
4.153000	0.036715
4.154000	0.026518
4.155000	0.031622
4.156000	0.031622
4.157000	0.041807
4.158000	0.031622
4.159000	0.036715
4.160000	0.031622
4.161000	0.031622
4.162000	0.036715
4.163000	0.036715
4.164000	0.031622
4.165000	0.026518
4.166000	0.036715
4.167000	0.031622
4.168000	0.036715
4.169000	0.036715
4.170000	0.031622
4.171000	0.031622
4.172000	0.036715
4.173000	0.041807
4.174000	0.031622
4.175000	0.036715
4.176000	0.036715
4.177000	0.036715
4.178000	0.031622
4.179000	0.031622
4.180000	0.031622
4.181000	0.036715
4.182000	0.036715
4.183000	0.026518
4.184000	0.026518
4.185000	0.041807
4.186000	0.036715
4.187000	0.046911
4.188000	0.026518
4.189000	0.031622
4.190000	0.036715
4.191000	0.036715
4.192000	0.036715
4.193000	0.031622
4.194000	0.031622
4.195000	0.036715
4.196000	0.036715
4.197000	0.036715
4.198000	0.026518
4.199000	0.036715
4.200000	0.031622
4.201000	0.041807
4.202000	0.031622
4.203000	0.036715
4.204000	0.036715
4.205000	0.031622
4.206000	0.041807
4.207000	0.026518
4.208000	0.031622
4.209000	0.036715
4.210000	0.031622
4.211000	0.031622
4.212000	0.031622
4.213000	0.031622
4.214000	0.031622
4.215000	0.036715
4.216000	0.031622
4.217000	0.026518
4.218000	0.036715
4.219000	0.036715
4.220000	0.026518
4.221000	0.031622
4.222000	0.031622
4.223000	0.041807
4.224000	0.031622
4.225000	0.031622
4.226000	0.036715
4.227000	0.031622
4.228000	0.036715
4.229000	0.036715
4.230000	0.031622
4.231000	0.031622
4.232000	0.031622
4.233000	0.036715
4.234000	0.036715
4.235000	0.031622
4.236000	0.036715
4.237000	0.031622
4.238000	0.031622
4.239000	0.031622
4.240000	0.031622
4.241000	0.041807
4.242000	0.026518
4.243000	0.031622
4.244000	0.031622
4.245000	0.036715
4.246000	0.031622
4.247000	0.036715
4.248000	0.031622
4.249000	0.036715
4.250000	0.031622
4.251000	0.036715
4.252000	0.031622
4.253000	0.031622
4.254000	0.031622
4.255000	0.036715
4.256000	0.036715
4.257000	0.031622
4.258000	0.031622
4.259000	0.041807
4.260000	0.026518
4.261000	0.041807
4.262000	0.036715
4.263000	0.036715
4.264000	0.041807
4.265000	0.031622
4.266000	0.036715
4.267000	0.036715
4.268000	0.031622
4.269000	0.036715
4.270000	0.041807
4.271000	0.036715
4.272000	0.031622
4.273000	0.036715
4.274000	0.031622
4.275000	0.036715
4.276000	0.041807
4.277000	0.031622
4.278000	0.031622
4.279000	0.031622
4.280000	0.036715
4.281000	0.031622
4.282000	0.026518
4.283000	0.031622
4.284000	0.036715
4.285000	0.041807
4.286000	0.036715
4.287000	0.026518
4.288000	0.031622
4.289000	0.036715
4.290000	0.046911
4.291000	0.026518
4.292000	0.036715
4.293000	0.031622
4.294000	0.031622
4.295000	0.036715
4.296000	0.031622
4.297000	0.031622
4.298000	0.041807
4.299000	0.041807
4.300000	0.036715
4.301000	0.036715
4.302000	0.031622
4.303000	0.041807
4.304000	0.031622
4.305000	0.036715
4.306000	0.036715
4.307000	0.036715
4.308000	0.026518
4.309000	0.031622
4.310000	0.031622
4.311000	0.031622
4.312000	0.036715
4.313000	0.041807
4.314000	0.031622
4.315000	0.031622
4.316000	0.041807
4.317000	0.031622
4.318000	0.036715
4.319000	0.031622
4.320000	0.031622
4.321000	0.031622
4.322000	0.031622
4.323000	0.041807
4.324000	0.041807
4.325000	0.031622
4.326000	0.031622
4.327000	0.031622
4.328000	0.031622
4.329000	0.036715
4.330000	0.031622
4.331000	0.041807
4.332000	0.031622
4.333000	0.021426
4.334000	0.031622
4.335000	0.026518
4.336000	0.036715
4.337000	0.036715
4.338000	0.031622
4.339000	0.036715
4.340000	0.036715
4.341000	0.031622
4.342000	0.031622
4.343000	0.031622
4.344000	0.031622
4.345000	0.031622
4.346000	0.036715
4.347000	0.031622
4.348000	0.031622
4.349000	0.031622
4.350000	0.036715
4.351000	0.036715
4.352000	0.031622
4.353000	0.036715
4.354000	0.031622
4.355000	0.036715
4.356000	0.036715
4.357000	0.031622
4.358000	0.031622
4.359000	0.036715
4.360000	0.036715
4.361000	0.031622
4.362000	0.031622
4.363000	0.036715
4.364000	0.036715
4.365000	0.041807
4.366000	0.031622
4.367000	0.031622
4.368000	0.036715
4.369000	0.031622
4.370000	0.036715
4.371000	0.026518
4.372000	0.031622
4.373000	0.031622
4.374000	0.031622
4.375000	0.031622
4.376000	0.031622
4.377000	0.031622
4.378000	0.026518
4.379000	0.031622
4.380000	0.031622
4.381000	0.026518
4.382000	0.031622
4.383000	0.041807
4.384000	0.036715
4.385000	0.036715
4.386000	0.036715
4.387000	0.031622
4.388000	0.031622
4.389000	0.031622
4.390000	0.031622
4.391000	0.026518
4.392000	0.036715
4.393000	0.031622
4.394000	0.026518
4.395000	0.026518
4.396000	0.031622
4.397000	0.036715
4.398000	0.031622
4.399000	0.036715
4.400000	0.031622
4.401000	0.036715
4.402000	0.036715
4.403000	0.036715
4.404000	0.031622
4.405000	0.036715
4.406000	0.031622
4.407000	0.041807
4.408000	0.041807
4.409000	0.031622
4.410000	0.026518
4.411000	0.026518
4.412000	0.031622
4.413000	0.036715
4.414000	0.036715
4.415000	0.031622
4.416000	0.036715
4.417000	0.031622
4.418000	0.031622
4.419000	0.036715
4.420000	0.036715
4.421000	0.046911
4.422000	0.036715
4.423000	0.036715
4.424000	0.026518
4.425000	0.036715
4.426000	0.036715
4.427000	0.031622
4.428000	0.031622
4.429000	0.036715
4.430000	0.031622
4.431000	0.036715
4.432000	0.026518
4.433000	0.036715
4.434000	0.041807
4.435000	0.036715
4.436000	0.031622
4.437000	0.031622
4.438000	0.026518
4.439000	0.031622
4.440000	0.031622
4.441000	0.036715
4.442000	0.036715
4.443000	0.031622
4.444000	0.036715
4.445000	0.041807
4.446000	0.036715
4.447000	0.031622
4.448000	0.036715
4.449000	0.036715
4.450000	0.031622
4.451000	0.036715
4.452000	0.026518
4.453000	0.036715
4.454000	0.036715
4.455000	0.031622
4.456000	0.031622
4.457000	0.031622
4.458000	0.036715
4.459000	0.036715
4.460000	0.036715
4.461000	0.041807
4.462000	0.036715
4.463000	0.041807
4.464000	0.031622
4.465000	0.036715
4.466000	0.031622
4.467000	0.036715
4.468000	0.041807
4.469000	0.031622
4.470000	0.031622
4.471000	0.026518
4.472000	0.036715
4.473000	0.036715
4.474000	0.031622
4.475000	0.041807
4.476000	0.041807
4.477000	0.036715
4.478000	0.031622
4.479000	0.041807
4.480000	0.036715
4.481000	0.031622
4.482000	0.031622
4.483000	0.041807
4.484000	0.036715
4.485000	0.041807
4.486000	0.036715
4.487000	0.031622
4.488000	0.036715
4.489000	0.031622
4.490000	0.031622
4.491000	0.036715
4.492000	0.031622
4.493000	0.031622
4.494000	0.036715
4.495000	0.031622
4.496000	0.036715
4.497000	0.031622
4.498000	0.031622
4.499000	0.031622
4.500000	0.031622
4.501000	0.036715
4.502000	0.036715
4.503000	0.036715
4.504000	0.031622
4.505000	0.036715
4.506000	0.041807
4.507000	0.031622
4.508000	0.031622
4.509000	0.031622
4.510000	0.031622
4.511000	0.031622
4.512000	0.036715
4.513000	0.031622
4.514000	0.031622
4.515000	0.031622
4.516000	0.036715
4.517000	0.036715
4.518000	0.031622
4.519000	0.036715
4.520000	0.041807
4.521000	0.026518
4.522000	0.031622
4.523000	0.041807
4.524000	0.036715
4.525000	0.036715
4.526000	0.036715
4.527000	0.031622
4.528000	0.036715
4.529000	0.046911
4.530000	0.031622
4.531000	0.026518
4.532000	0.036715
4.533000	0.031622
4.534000	0.031622
4.535000	0.036715
4.536000	0.031622
4.537000	0.041807
4.538000	0.031622
4.539000	0.031622
4.540000	0.031622
4.541000	0.031622
4.542000	0.036715
4.543000	0.031622
4.544000	0.036715
4.545000	0.026518
4.546000	0.036715
4.547000	0.036715
4.548000	0.031622
4.549000	0.036715
4.550000	0.041807
4.551000	0.031622
4.552000	0.036715
4.553000	0.036715
4.554000	0.031622
4.555000	0.036715
4.556000	0.031622
4.557000	0.036715
4.558000	0.031622
4.559000	0.041807
4.560000	0.031622
4.561000	0.031622
4.562000	0.031622
4.563000	0.041807
4.564000	0.036715
4.565000	0.031622
4.566000	0.031622
4.567000	0.031622
4.568000	0.031622
4.569000	0.026518
4.570000	0.036715
4.571000	0.031622
4.572000	0.041807
4.573000	0.031622
4.574000	0.031622
4.575000	0.031622
4.576000	0.031622
4.577000	0.036715
4.578000	0.031622
4.579000	0.036715
4.580000	0.036715
4.581000	0.031622
4.582000	0.036715
4.583000	0.036715
4.584000	0.031622
4.585000	0.031622
4.586000	0.026518
4.587000	0.041807
4.588000	0.031622
4.589000	0.031622
4.590000	0.041807
4.591000	0.031622
4.592000	0.036715
4.593000	0.036715
4.594000	0.026518
4.595000	0.031622
4.596000	0.036715
4.597000	0.036715
4.598000	0.026518
4.599000	0.036715
4.600000	0.031622
4.601000	0.036715
4.602000	0.031622
4.603000	0.031622
4.604000	0.031622
4.605000	0.031622
4.606000	0.036715
4.607000	0.031622
4.608000	0.036715
4.609000	0.031622
4.610000	0.041807
4.611000	0.031622
4.612000	0.036715
4.613000	0.031622
4.614000	0.036715
4.615000	0.036715
4.616000	0.031622
4.617000	0.031622
4.618000	0.036715
4.619000	0.041807
4.620000	0.031622
4.621000	0.026518
4.622000	0.036715
4.623000	0.041807
4.624000	0.036715
4.625000	0.031622
4.626000	0.036715
4.627000	0.036715
4.628000	0.031622
4.629000	0.041807
4.630000	0.031622
4.631000	0.026518
4.632000	0.031622
4.633000	0.036715
4.634000	0.036715
4.635000	0.036715
4.636000	0.036715
4.637000	0.036715
4.638000	0.026518
4.639000	0.031622
4.640000	0.031622
4.641000	0.031622
4.642000	0.026518
4.643000	0.041807
4.644000	0.026518
4.645000	0.021426
4.646000	0.041807
4.647000	0.031622
4.648000	0.031622
4.649000	0.031622
4.650000	0.036715
4.651000	0.031622
4.652000	0.036715
4.653000	0.036715
4.654000	0.031622
4.655000	0.026518
4.656000	0.046911
4.657000	0.031622
4.658000	0.031622
4.659000	0.026518
4.660000	0.026518
4.661000	0.031622
4.662000	0.036715
4.663000	0.036715
4.664000	0.026518
4.665000	0.031622
4.666000	0.036715
4.667000	0.041807
4.668000	0.036715
4.669000	0.031622
4.670000	0.031622
4.671000	0.031622
4.672000	0.041807
4.673000	0.031622
4.674000	0.031622
4.675000	0.031622
4.676000	0.036715
4.677000	0.036715
4.678000	0.031622
4.679000	0.036715
4.680000	0.031622
4.681000	0.031622
4.682000	0.041807
4.683000	0.026518
4.684000	0.036715
4.685000	0.041807
4.686000	0.036715
4.687000	0.036715
4.688000	0.036715
4.689000	0.036715
4.690000	0.036715
4.691000	0.036715
4.692000	0.036715
4.693000	0.031622
4.694000	0.041807
4.695000	0.026518
4.696000	0.036715
4.697000	0.031622
4.698000	0.031622
4.699000	0.031622
4.700000	0.036715
4.701000	0.026518
4.702000	0.031622
4.703000	0.036715
4.704000	0.036715
4.705000	0.026518
4.706000	0.041807
4.707000	0.031622
4.708000	0.031622
4.709000	0.031622
4.710000	0.031622
4.711000	0.031622
4.712000	0.031622
4.713000	0.036715
4.714000	0.031622
4.715000	0.031622
4.716000	0.036715
4.717000	0.041807
4.718000	0.036715
4.719000	0.036715
4.720000	0.026518
4.721000	0.036715
4.722000	0.026518
4.723000	0.041807
4.724000	0.031622
4.725000	0.031622
4.726000	0.031622
4.727000	0.036715
4.728000	0.026518
4.729000	0.031622
4.730000	0.031622
4.731000	0.026518
4.732000	0.036715
4.733000	0.036715
4.734000	0.031622
4.735000	0.031622
4.736000	0.041807
4.737000	0.036715
4.738000	0.031622
4.739000	0.036715
4.740000	0.036715
4.741000	0.036715
4.742000	0.031622
4.743000	0.031622
4.744000	0.031622
4.745000	0.031622
4.746000	0.036715
4.747000	0.026518
4.748000	0.031622
4.749000	0.036715
4.750000	0.031622
4.751000	0.041807
4.752000	0.036715
4.753000	0.036715
4.754000	0.041807
4.755000	0.036715
4.756000	0.031622
4.757000	0.031622
4.758000	0.031622
4.759000	0.026518
4.760000	0.031622
4.761000	0.041807
4.762000	0.036715
4.763000	0.031622
4.764000	0.031622
4.765000	0.036715
4.766000	0.031622
4.767000	0.036715
4.768000	0.036715
4.769000	0.031622
4.770000	0.036715
4.771000	0.036715
4.772000	0.041807
4.773000	0.036715
4.774000	0.036715
4.775000	0.031622
4.776000	0.036715
4.777000	0.026518
4.778000	0.036715
4.779000	0.036715
4.780000	0.031622
4.781000	0.036715
4.782000	0.036715
4.783000	0.031622
4.784000	0.031622
4.785000	0.031622
4.786000	0.036715
4.787000	0.036715
4.788000	0.031622
4.789000	0.041807
4.790000	0.041807
4.791000	0.031622
4.792000	0.031622
4.793000	0.036715
4.794000	0.036715
4.795000	0.031622
4.796000	0.031622
4.797000	0.026518
4.798000	0.026518
4.799000	0.036715
4.800000	0.041807
4.801000	0.041807
4.802000	0.031622
4.803000	0.036715
4.804000	0.026518
4.805000	0.031622
4.806000	0.031622
4.807000	0.031622
4.808000	0.031622
4.809000	0.031622
4.810000	0.031622
4.811000	0.036715
4.812000	0.036715
4.813000	0.036715
4.814000	0.026518
4.815000	0.031622
4.816000	0.031622
4.817000	0.036715
4.818000	0.036715
4.819000	0.036715
4.820000	0.031622
4.821000	0.036715
4.822000	0.031622
4.823000	0.041807
4.824000	0.036715
4.825000	0.031622
4.826000	0.036715
4.827000	0.031622
4.828000	0.036715
4.829000	0.041807
4.830000	0.041807
4.831000	0.031622
4.832000	0.036715
4.833000	0.031622
4.834000	0.036715
4.835000	0.036715
4.836000	0.026518
4.837000	0.031622
4.838000	0.036715
4.839000	0.036715
4.840000	0.036715
4.841000	0.031622
4.842000	0.031622
4.843000	0.031622
4.844000	0.031622
4.845000	0.026518
4.846000	0.036715
4.847000	0.026518
4.848000	0.026518
4.849000	0.036715
4.850000	0.041807
4.851000	0.031622
4.852000	0.036715
4.853000	0.031622
4.854000	0.031622
4.855000	0.036715
4.856000	0.036715
4.857000	0.041807
4.858000	0.036715
4.859000	0.031622
4.860000	0.031622
4.861000	0.026518
4.862000	0.036715
4.863000	0.036715
4.864000	0.041807
4.865000	0.036715
4.866000	0.036715
4.867000	0.036715
4.868000	0.031622
4.869000	0.041807
4.870000	0.031622
4.871000	0.041807
4.872000	0.036715
4.873000	0.036715
4.874000	0.036715
4.875000	0.036715
4.876000	0.036715
4.877000	0.036715
4.878000	0.036715
4.879000	0.036715
4.880000	0.031622
4.881000	0.036715
4.882000	0.036715
4.883000	0.031622
4.884000	0.031622
4.885000	0.036715
4.886000	0.031622
4.887000	0.041807
4.888000	0.031622
4.889000	0.036715
4.890000	0.026518
4.891000	0.031622
4.892000	0.041807
4.893000	0.036715
4.894000	0.031622
4.895000	0.036715
4.896000	0.041807
4.897000	0.031622
4.898000	0.026518
4.899000	0.036715
4.900000	0.036715
4.901000	0.036715
4.902000	0.036715
4.903000	0.036715
4.904000	0.036715
4.905000	0.036715
4.906000	0.036715
4.907000	0.036715
4.908000	0.031622
4.909000	0.031622
4.910000	0.031622
4.911000	0.036715
4.912000	0.036715
4.913000	0.036715
4.914000	0.031622
4.915000	0.031622
4.916000	0.031622
4.917000	0.031622
4.918000	0.026518
4.919000	0.031622
4.920000	0.036715
4.921000	0.036715
4.922000	0.036715
4.923000	0.031622
4.924000	0.031622
4.925000	0.036715
4.926000	0.036715
4.927000	0.036715
4.928000	0.031622
4.929000	0.031622
4.930000	0.031622
4.931000	0.031622
4.932000	0.031622
4.933000	0.036715
4.934000	0.041807
4.935000	0.041807
4.936000	0.036715
4.937000	0.031622
4.938000	0.031622
4.939000	0.046911
4.940000	0.036715
4.941000	0.041807
4.942000	0.031622
4.943000	0.031622
4.944000	0.036715
4.945000	0.036715
4.946000	0.036715
4.947000	0.036715
4.948000	0.031622
4.949000	0.036715
4.950000	0.041807
4.951000	0.031622
4.952000	0.031622
4.953000	0.036715
4.954000	0.036715
4.955000	0.031622
4.956000	0.036715
4.957000	0.036715
4.958000	0.031622
4.959000	0.031622
4.960000	0.036715
4.961000	0.036715
4.962000	0.031622
4.963000	0.041807
4.964000	0.026518
4.965000	0.031622
4.966000	0.041807
4.967000	0.041807
4.968000	0.031622
4.969000	0.036715
4.970000	0.036715
4.971000	0.036715
4.972000	0.036715
4.973000	0.036715
4.974000	0.031622
4.975000	0.041807
4.976000	0.031622
4.977000	0.036715
4.978000	0.036715
4.979000	0.036715
4.980000	0.036715
4.981000	0.031622
4.982000	0.041807
4.983000	0.031622
4.984000	0.031622
4.985000	0.026518
4.986000	0.041807
4.987000	0.031622
4.988000	0.031622
4.989000	0.031622
4.990000	0.041807
4.991000	0.036715
4.992000	0.031622
4.993000	0.036715
4.994000	0.031622
4.995000	0.031622
4.996000	0.036715
4.997000	0.031622
4.998000	0.031622
4.999000	0.031622
5.000000	0.031622
5.001000	0.036715
5.002000	0.031622
5.003000	0.036715
5.004000	0.036715
5.005000	0.036715
5.006000	0.031622
5.007000	0.031622
5.008000	0.031622
5.009000	0.036715
5.010000	0.036715
5.011000	0.031622
5.012000	0.031622
5.013000	0.031622
5.014000	0.036715
5.015000	0.041807
5.016000	0.031622
5.017000	0.031622
5.018000	0.031622
5.019000	0.041807
5.020000	0.031622
5.021000	0.036715
5.022000	0.041807
5.023000	0.041807
5.024000	0.036715
5.025000	0.031622
5.026000	0.036715
5.027000	0.036715
5.028000	0.031622
5.029000	0.036715
5.030000	0.031622
5.031000	0.036715
5.032000	0.036715
5.033000	0.036715
5.034000	0.036715
5.035000	0.041807
5.036000	0.036715
5.037000	0.031622
5.038000	0.031622
5.039000	0.036715
5.040000	0.041807
5.041000	0.036715
5.042000	0.031622
5.043000	0.031622
5.044000	0.031622
5.045000	0.036715
5.046000	0.031622
5.047000	0.026518
5.048000	0.026518
5.049000	0.036715
5.050000	0.031622
5.051000	0.036715
5.052000	0.036715
5.053000	0.041807
5.054000	0.036715
5.055000	0.036715
5.056000	0.036715
5.057000	0.036715
5.058000	0.031622
5.059000	0.026518
5.060000	0.036715
5.061000	0.031622
5.062000	0.041807
5.063000	0.036715
5.064000	0.036715
5.065000	0.031622
5.066000	0.026518
5.067000	0.036715
5.068000	0.036715
5.069000	0.036715
5.070000	0.036715
5.071000	0.031622
5.072000	0.036715
5.073000	0.036715
5.074000	0.031622
5.075000	0.036715
5.076000	0.031622
5.077000	0.041807
5.078000	0.036715
5.079000	0.031622
5.080000	0.031622
5.081000	0.036715
5.082000	0.031622
5.083000	0.036715
5.084000	0.036715
5.085000	0.036715
5.086000	0.031622
5.087000	0.041807
5.088000	0.036715
5.089000	0.031622
5.090000	0.031622
5.091000	0.036715
5.092000	0.036715
5.093000	0.031622
5.094000	0.036715
5.095000	0.036715
5.096000	0.026518
5.097000	0.031622
5.098000	0.031622
5.099000	0.031622
5.100000	0.041807
5.101000	0.036715
5.102000	0.031622
5.103000	0.031622
5.104000	0.031622
5.105000	0.041807
5.106000	0.036715
5.107000	0.036715
5.108000	0.031622
5.109000	0.031622
5.110000	0.026518
5.111000	0.026518
5.112000	0.031622
5.113000	0.026518
5.114000	0.036715
5.115000	0.031622
5.116000	0.026518
5.117000	0.036715
5.118000	0.031622
5.119000	0.036715
5.120000	0.031622
5.121000	0.031622
5.122000	0.036715
5.123000	0.036715
5.124000	0.031622
5.125000	0.036715
5.126000	0.031622
5.127000	0.031622
5.128000	0.031622
5.129000	0.036715
5.130000	0.036715
5.131000	0.031622
5.132000	0.031622
5.133000	0.036715
5.134000	0.036715
5.135000	0.031622
5.136000	0.031622
5.137000	0.031622
5.138000	0.031622
5.139000	0.041807
5.140000	0.036715
5.141000	0.036715
5.142000	0.036715
5.143000	0.036715
5.144000	0.031622
5.145000	0.031622
5.146000	0.036715
5.147000	0.041807
5.148000	0.031622
5.149000	0.036715
5.150000	0.031622
5.151000	0.031622
5.152000	0.031622
5.153000	0.036715
5.154000	0.036715
5.155000	0.036715
5.156000	0.041807
5.157000	0.036715
5.158000	0.031622
5.159000	0.036715
5.160000	0.031622
5.161000	0.031622
5.162000	0.031622
5.163000	0.031622
5.164000	0.031622
5.165000	0.036715
5.166000	0.036715
5.167000	0.036715
5.168000	0.036715
5.169000	0.026518
5.170000	0.026518
5.171000	0.031622
5.172000	0.041807
5.173000	0.041807
5.174000	0.031622
5.175000	0.031622
5.176000	0.036715
5.177000	0.041807
5.178000	0.036715
5.179000	0.041807
5.180000	0.031622
5.181000	0.031622
5.182000	0.046911
5.183000	0.041807
5.184000	0.031622
5.185000	0.036715
5.186000	0.041807
5.187000	0.036715
5.188000	0.036715
5.189000	0.031622
5.190000	0.041807
5.191000	0.036715
5.192000	0.041807
5.193000	0.031622
5.194000	0.031622
5.195000	0.026518
5.196000	0.041807
5.197000	0.036715
5.198000	0.026518
5.199000	0.031622
5.200000	0.031622
5.201000	0.041807
5.202000	0.041807
5.203000	0.031622
5.204000	0.026518
5.205000	0.031622
5.206000	0.036715
5.207000	0.036715
5.208000	0.031622
5.209000	0.036715
5.210000	0.031622
5.211000	0.036715
5.212000	0.036715
5.213000	0.036715
5.214000	0.031622
5.215000	0.036715
5.216000	0.031622
5.217000	0.036715
5.218000	0.031622
5.219000	0.031622
5.220000	0.036715
5.221000	0.036715
5.222000	0.036715
5.223000	0.036715
5.224000	0.026518
5.225000	0.036715
5.226000	0.031622
5.227000	0.031622
5.228000	0.031622
5.229000	0.036715
5.230000	0.041807
5.231000	0.031622
5.232000	0.031622
5.233000	0.026518
5.234000	0.031622
5.235000	0.036715
5.236000	0.026518
5.237000	0.036715
5.238000	0.036715
5.239000	0.036715
5.240000	0.031622
5.241000	0.036715
5.242000	0.031622
5.243000	0.036715
5.244000	0.031622
5.245000	0.031622
5.246000	0.036715
5.247000	0.031622
5.248000	0.026518
5.249000	0.036715
5.250000	0.036715
5.251000	0.026518
5.252000	0.036715
5.253000	0.036715
5.254000	0.036715
5.255000	0.041807
5.256000	0.031622
5.257000	0.036715
5.258000	0.041807
5.259000	0.036715
5.260000	0.026518
5.261000	0.026518
5.262000	0.031622
5.263000	0.031622
5.264000	0.026518
5.265000	0.031622
5.266000	0.031622
5.267000	0.031622
5.268000	0.036715
5.269000	0.036715
5.270000	0.031622
5.271000	0.031622
5.272000	0.036715
5.273000	0.041807
5.274000	0.036715
5.275000	0.031622
5.276000	0.031622
5.277000	0.031622
5.278000	0.031622
5.279000	0.031622
5.280000	0.031622
5.281000	0.031622
5.282000	0.041807
5.283000	0.041807
5.284000	0.036715
5.285000	0.031622
5.286000	0.036715
5.287000	0.036715
5.288000	0.031622
5.289000	0.031622
5.290000	0.031622
5.291000	0.031622
5.292000	0.031622
5.293000	0.031622
5.294000	0.026518
5.295000	0.031622
5.296000	0.036715
5.297000	0.041807
5.298000	0.021426
5.299000	0.031622
5.300000	0.026518
5.301000	0.036715
5.302000	0.041807
5.303000	0.031622
5.304000	0.026518
5.305000	0.041807
5.306000	0.046911
5.307000	0.036715
5.308000	0.036715
5.309000	0.031622
5.310000	0.036715
5.311000	0.041807
5.312000	0.036715
5.313000	0.041807
5.314000	0.026518
5.315000	0.031622
5.316000	0.041807
5.317000	0.036715
5.318000	0.031622
5.319000	0.041807
5.320000	0.036715
5.321000	0.041807
5.322000	0.036715
5.323000	0.031622
5.324000	0.036715
5.325000	0.041807
5.326000	0.036715
5.327000	0.031622
5.328000	0.021426
5.329000	0.031622
5.330000	0.036715
5.331000	0.036715
5.332000	0.036715
5.333000	0.036715
5.334000	0.031622
5.335000	0.036715
5.336000	0.031622
5.337000	0.036715
5.338000	0.036715
5.339000	0.031622
5.340000	0.036715
5.341000	0.031622
5.342000	0.026518
5.343000	0.031622
5.344000	0.031622
5.345000	0.036715
5.346000	0.036715
5.347000	0.031622
5.348000	0.031622
5.349000	0.046911
5.350000	0.036715
5.351000	0.021426
5.352000	0.041807
5.353000	0.036715
5.354000	0.036715
5.355000	0.036715
5.356000	0.026518
5.357000	0.031622
5.358000	0.036715
5.359000	0.046911
5.360000	0.031622
5.361000	0.026518
5.362000	0.036715
5.363000	0.041807
5.364000	0.036715
5.365000	0.036715
5.366000	0.041807
5.367000	0.041807
5.368000	0.036715
5.369000	0.031622
5.370000	0.031622
5.371000	0.031622
5.372000	0.036715
5.373000	0.041807
5.374000	0.036715
5.375000	0.031622
5.376000	0.036715
5.377000	0.041807
5.378000	0.031622
5.379000	0.031622
5.380000	0.036715
5.381000	0.036715
5.382000	0.036715
5.383000	0.036715
5.384000	0.026518
5.385000	0.026518
5.386000	0.031622
5.387000	0.031622
5.388000	0.031622
5.389000	0.031622
5.390000	0.036715
5.391000	0.036715
5.392000	0.036715
5.393000	0.031622
5.394000	0.036715
5.395000	0.036715
5.396000	0.046911
5.397000	0.041807
5.398000	0.026518
5.399000	0.026518
5.400000	0.031622
5.401000	0.041807
5.402000	0.041807
5.403000	0.031622
5.404000	0.031622
5.405000	0.031622
5.406000	0.041807
5.407000	0.031622
5.408000	0.031622
5.409000	0.026518
5.410000	0.036715
5.411000	0.036715
5.412000	0.036715
5.413000	0.026518
5.414000	0.031622
5.415000	0.041807
5.416000	0.041807
5.417000	0.031622
5.418000	0.036715
5.419000	0.031622
5.420000	0.031622
5.421000	0.036715
5.422000	0.036715
5.423000	0.041807
5.424000	0.031622
5.425000	0.041807
5.426000	0.031622
5.427000	0.031622
5.428000	0.031622
5.429000	0.031622
5.430000	0.031622
5.431000	0.036715
5.432000	0.036715
5.433000	0.026518
5.434000	0.036715
5.435000	0.041807
5.436000	0.036715
5.437000	0.026518
5.438000	0.026518
5.439000	0.046911
5.440000	0.041807
5.441000	0.026518
5.442000	0.031622
5.443000	0.026518
5.444000	0.041807
5.445000	0.041807
5.446000	0.036715
5.447000	0.026518
5.448000	0.036715
5.449000	0.052004
5.450000	0.041807
5.451000	0.031622
5.452000	0.026518
5.453000	0.041807
5.454000	0.046911
5.455000	0.031622
5.456000	0.031622
5.457000	0.031622
5.458000	0.041807
5.459000	0.041807
5.460000	0.036715
5.461000	0.021426
5.462000	0.031622
5.463000	0.046911
5.464000	0.036715
5.465000	0.021426
5.466000	0.021426
5.467000	0.036715
5.468000	0.041807
5.469000	0.036715
5.470000	0.031622
5.471000	0.026518
5.472000	0.031622
5.473000	0.052004
5.474000	0.031622
5.475000	0.021426
5.476000	0.031622
5.477000	0.046911
5.478000	0.041807
5.479000	0.036715
5.480000	0.021426
5.481000	0.031622
5.482000	0.052004
5.483000	0.041807
5.484000	0.031622
5.485000	0.026518
5.486000	0.041807
5.487000	0.046911
5.488000	0.036715
5.489000	0.031622
5.490000	0.021426
5.491000	0.036715
5.492000	0.041807
5.493000	0.026518
5.494000	0.021426
5.495000	0.031622
5.496000	0.041807
5.497000	0.041807
5.498000	0.026518
5.499000	0.021426
5.500000	0.026518
