-0.500000	0.526708
-0.499000	0.526708
-0.498000	0.526708
-0.497000	0.526708
-0.496000	0.508744
-0.495000	0.526708
-0.494000	0.526708
-0.493000	0.508744
-0.492000	0.526708
-0.491000	0.508744
-0.490000	0.526708
-0.489000	0.526708
-0.488000	0.526708
-0.487000	0.526708
-0.486000	0.526708
-0.485000	0.508744
-0.484000	0.508744
-0.483000	0.544636
-0.482000	0.526708
-0.481000	0.508744
-0.480000	0.526708
-0.479000	0.508744
-0.478000	0.508744
-0.477000	0.526708
-0.476000	0.508744
-0.475000	0.526708
-0.474000	0.526708
-0.473000	0.508744
-0.472000	0.526708
-0.471000	0.508744
-0.470000	0.526708
-0.469000	0.508744
-0.468000	0.526708
-0.467000	0.526708
-0.466000	0.508744
-0.465000	0.526708
-0.464000	0.526708
-0.463000	0.508744
-0.462000	0.508744
-0.461000	0.508744
-0.460000	0.526708
-0.459000	0.526708
-0.458000	0.526708
-0.457000	0.526708
-0.456000	0.508744
-0.455000	0.508744
-0.454000	0.526708
-0.453000	0.526708
-0.452000	0.508744
-0.451000	0.508744
-0.450000	0.508744
-0.449000	0.508744
-0.448000	0.526708
-0.447000	0.526708
-0.446000	0.526708
-0.445000	0.526708
-0.444000	0.526708
-0.443000	0.526708
-0.442000	0.526708
-0.441000	0.508744
-0.440000	0.526708
-0.439000	0.508744
-0.438000	0.526708
-0.437000	0.508744
-0.436000	0.508744
-0.435000	0.526708
-0.434000	0.526708
-0.433000	0.526708
-0.432000	0.508744
-0.431000	0.508744
-0.430000	0.526708
-0.429000	0.508744
-0.428000	0.526708
-0.427000	0.526708
-0.426000	0.526708
-0.425000	0.526708
-0.424000	0.526708
-0.423000	0.508744
-0.422000	0.526708
-0.421000	0.508744
-0.420000	0.526708
-0.419000	0.526708
-0.418000	0.508744
-0.417000	0.526708
-0.416000	0.526708
-0.415000	0.526708
-0.414000	0.526708
-0.413000	0.508744
-0.412000	0.508744
-0.411000	0.526708
-0.410000	0.508744
-0.409000	0.508744
-0.408000	0.526708
-0.407000	0.544636
-0.406000	0.526708
-0.405000	0.526708
-0.404000	0.508744
-0.403000	0.526708
-0.402000	0.508744
-0.401000	0.526708
-0.400000	0.508744
-0.399000	0.508744
-0.398000	0.508744
-0.397000	0.508744
-0.396000	0.526708
-0.395000	0.508744
-0.394000	0.508744
-0.393000	0.508744
-0.392000	0.508744
-0.391000	0.526708
-0.390000	0.526708
-0.389000	0.508744
-0.388000	0.526708
-0.387000	0.508744
-0.386000	0.508744
-0.385000	0.526708
-0.384000	0.526708
-0.383000	0.526708
-0.382000	0.508744
-0.381000	0.526708
-0.380000	0.526708
-0.379000	0.526708
-0.378000	0.508744
-0.377000	0.508744
-0.376000	0.526708
-0.375000	0.526708
-0.374000	0.508744
-0.373000	0.508744
-0.372000	0.508744
-0.371000	0.526708
-0.370000	0.526708
-0.369000	0.508744
-0.368000	0.526708
-0.367000	0.508744
-0.366000	0.508744
-0.365000	0.508744
-0.364000	0.526708
-0.363000	0.508744
-0.362000	0.526708
-0.361000	0.508744
-0.360000	0.508744
-0.359000	0.508744
-0.358000	0.508744
-0.357000	0.508744
-0.356000	0.508744
-0.355000	0.526708
-0.354000	0.508744
-0.353000	0.526708
-0.352000	0.526708
-0.351000	0.526708
-0.350000	0.508744
-0.349000	0.526708
-0.348000	0.508744
-0.347000	0.526708
-0.346000	0.508744
-0.345000	0.508744
-0.344000	0.526708
-0.343000	0.526708
-0.342000	0.508744
-0.341000	0.526708
-0.340000	0.508744
-0.339000	0.508744
-0.338000	0.526708
-0.337000	0.526708
-0.336000	0.526708
-0.335000	0.526708
-0.334000	0.526708
-0.333000	0.508744
-0.332000	0.508744
-0.331000	0.508744
-0.330000	0.508744
-0.329000	0.526708
-0.328000	0.526708
-0.327000	0.508744
-0.326000	0.526708
-0.325000	0.526708
-0.324000	0.526708
-0.323000	0.526708
-0.322000	0.526708
-0.321000	0.526708
-0.320000	0.526708
-0.319000	0.526708
-0.318000	0.526708
-0.317000	0.526708
-0.316000	0.508744
-0.315000	0.508744
-0.314000	0.508744
-0.313000	0.508744
-0.312000	0.544636
-0.311000	0.508744
-0.310000	0.526708
-0.309000	0.526708
-0.308000	0.526708
-0.307000	0.526708
-0.306000	0.526708
-0.305000	0.526708
-0.304000	0.508744
-0.303000	0.508744
-0.302000	0.508744
-0.301000	0.508744
-0.300000	0.526708
-0.299000	0.508744
-0.298000	0.508744
-0.297000	0.526708
-0.296000	0.526708
-0.295000	0.508744
-0.294000	0.526708
-0.293000	0.526708
-0.292000	0.526708
-0.291000	0.526708
-0.290000	0.526708
-0.289000	0.526708
-0.288000	0.508744
-0.287000	0.508744
-0.286000	0.508744
-0.285000	0.508744
-0.284000	0.526708
-0.283000	0.526708
-0.282000	0.526708
-0.281000	0.544636
-0.280000	0.526708
-0.279000	0.526708
-0.278000	0.526708
-0.277000	0.508744
-0.276000	0.508744
-0.275000	0.526708
-0.274000	0.526708
-0.273000	0.526708
-0.272000	0.526708
-0.271000	0.526708
-0.270000	0.526708
-0.269000	0.508744
-0.268000	0.508744
-0.267000	0.508744
-0.266000	0.526708
-0.265000	0.508744
-0.264000	0.526708
-0.263000	0.526708
-0.262000	0.526708
-0.261000	0.508744
-0.260000	0.526708
-0.259000	0.508744
-0.258000	0.508744
-0.257000	0.526708
-0.256000	0.526708
-0.255000	0.526708
-0.254000	0.508744
-0.253000	0.508744
-0.252000	0.526708
-0.251000	0.526708
-0.250000	0.508744
-0.249000	0.526708
-0.248000	0.508744
-0.247000	0.508744
-0.246000	0.526708
-0.245000	0.508744
-0.244000	0.526708
-0.243000	0.526708
-0.242000	0.526708
-0.241000	0.526708
-0.240000	0.508744
-0.239000	0.508744
-0.238000	0.508744
-0.237000	0.526708
-0.236000	0.526708
-0.235000	0.526708
-0.234000	0.526708
-0.233000	0.508744
-0.232000	0.526708
-0.231000	0.508744
-0.230000	0.526708
-0.229000	0.526708
-0.228000	0.508744
-0.227000	0.526708
-0.226000	0.508744
-0.225000	0.508744
-0.224000	0.526708
-0.223000	0.508744
-0.222000	0.508744
-0.221000	0.526708
-0.220000	0.526708
-0.219000	0.526708
-0.218000	0.526708
-0.217000	0.508744
-0.216000	0.508744
-0.215000	0.508744
-0.214000	0.526708
-0.213000	0.526708
-0.212000	0.544636
-0.211000	0.508744
-0.210000	0.508744
-0.209000	0.508744
-0.208000	0.508744
-0.207000	0.508744
-0.206000	0.526708
-0.205000	0.508744
-0.204000	0.508744
-0.203000	0.526708
-0.202000	0.526708
-0.201000	0.508744
-0.200000	0.508744
-0.199000	0.526708
-0.198000	0.526708
-0.197000	0.526708
-0.196000	0.508744
-0.195000	0.526708
-0.194000	0.526708
-0.193000	0.526708
-0.192000	0.508744
-0.191000	0.526708
-0.190000	0.526708
-0.189000	0.508744
-0.188000	0.544636
-0.187000	0.526708
-0.186000	0.544636
-0.185000	0.526708
-0.184000	0.526708
-0.183000	0.508744
-0.182000	0.526708
-0.181000	0.526708
-0.180000	0.508744
-0.179000	0.526708
-0.178000	0.508744
-0.177000	0.508744
-0.176000	0.526708
-0.175000	0.508744
-0.174000	0.544636
-0.173000	0.526708
-0.172000	0.526708
-0.171000	0.526708
-0.170000	0.526708
-0.169000	0.526708
-0.168000	0.526708
-0.167000	0.526708
-0.166000	0.508744
-0.165000	0.526708
-0.164000	0.508744
-0.163000	0.526708
-0.162000	0.526708
-0.161000	0.508744
-0.160000	0.508744
-0.159000	0.508744
-0.158000	0.526708
-0.157000	0.544636
-0.156000	0.526708
-0.155000	0.526708
-0.154000	0.544636
-0.153000	0.526708
-0.152000	0.526708
-0.151000	0.508744
-0.150000	0.508744
-0.149000	0.508744
-0.148000	0.526708
-0.147000	0.526708
-0.146000	0.526708
-0.145000	0.508744
-0.144000	0.526708
-0.143000	0.508744
-0.142000	0.508744
-0.141000	0.544636
-0.140000	0.526708
-0.139000	0.526708
-0.138000	0.526708
-0.137000	0.508744
-0.136000	0.526708
-0.135000	0.526708
-0.134000	0.526708
-0.133000	0.526708
-0.132000	0.526708
-0.131000	0.526708
-0.130000	0.508744
-0.129000	0.526708
-0.128000	0.508744
-0.127000	0.526708
-0.126000	0.508744
-0.125000	0.526708
-0.124000	0.508744
-0.123000	0.526708
-0.122000	0.508744
-0.121000	0.508744
-0.120000	0.526708
-0.119000	0.508744
-0.118000	0.508744
-0.117000	0.508744
-0.116000	0.508744
-0.115000	0.526708
-0.114000	0.526708
-0.113000	0.526708
-0.112000	0.508744
-0.111000	0.508744
-0.110000	0.526708
-0.109000	0.508744
-0.108000	0.526708
-0.107000	0.526708
-0.106000	0.526708
-0.105000	0.508744
-0.104000	0.526708
-0.103000	0.508744
-0.102000	0.508744
-0.101000	0.490816
-0.100000	0.508744
-0.099000	0.508744
-0.098000	0.508744
-0.097000	0.508744
-0.096000	0.508744
-0.095000	0.508744
-0.094000	0.508744
-0.093000	0.508744
-0.092000	0.508744
-0.091000	0.508744
-0.090000	0.508744
-0.089000	0.526708
-0.088000	0.526708
-0.087000	0.526708
-0.086000	0.526708
-0.085000	0.526708
-0.084000	0.526708
-0.083000	0.526708
-0.082000	0.508744
-0.081000	0.526708
-0.080000	0.508744
-0.079000	0.526708
-0.078000	0.508744
-0.077000	0.526708
-0.076000	0.526708
-0.075000	0.526708
-0.074000	0.526708
-0.073000	0.526708
-0.072000	0.526708
-0.071000	0.526708
-0.070000	0.508744
-0.069000	0.508744
-0.068000	0.526708
-0.067000	0.508744
-0.066000	0.508744
-0.065000	0.508744
-0.064000	0.526708
-0.063000	0.508744
-0.062000	0.526708
-0.061000	0.508744
-0.060000	0.526708
-0.059000	0.508744
-0.058000	0.508744
-0.057000	0.508744
-0.056000	0.526708
-0.055000	0.544636
-0.054000	0.508744
-0.053000	0.508744
-0.052000	0.508744
-0.051000	0.526708
-0.050000	0.508744
-0.049000	0.508744
-0.048000	0.508744
-0.047000	0.526708
-0.046000	0.526708
-0.045000	0.508744
-0.044000	0.526708
-0.043000	0.526708
-0.042000	0.526708
-0.041000	0.508744
-0.040000	0.526708
-0.039000	0.508744
-0.038000	0.526708
-0.037000	0.508744
-0.036000	0.508744
-0.035000	0.508744
-0.034000	0.508744
-0.033000	0.472888
-0.032000	0.436995
-0.031000	0.347318
-0.030000	0.203821
-0.029000	0.042359
-0.028000	-0.101139
-0.027000	-0.208780
-0.026000	-0.244636
-0.025000	-0.262601
-0.024000	-0.280529
-0.023000	-0.280529
-0.022000	-0.262601
-0.021000	-0.298457
-0.020000	-0.316422
-0.019000	-0.370206
-0.018000	-0.424027
-0.017000	-0.477847
-0.016000	-0.495775
-0.015000	-0.459919
-0.014000	-0.406099
-0.013000	-0.370206
-0.012000	-0.316422
-0.011000	-0.226708
-0.010000	-0.101139
-0.009000	-0.029390
-0.008000	0.024431
-0.007000	0.114107
-0.006000	0.203821
-0.005000	0.347318
-0.004000	0.454960
-0.003000	0.580529
-0.002000	0.688134
-0.001000	0.849596
0.000000	1.100730
0.001000	1.369800
0.002000	1.674760
0.003000	1.907940
0.004000	2.159070
0.005000	2.410210
0.006000	2.751070
0.007000	3.163630
0.008000	3.647980
0.009000	4.132290
0.010000	4.634570
0.011000	5.154780
0.012000	5.710880
0.013000	6.249010
0.014000	6.805110
0.015000	7.307390
0.016000	7.809660
0.017000	8.294010
0.018000	8.760400
0.019000	9.155030
0.020000	9.424100
0.021000	9.603490
0.022000	9.603490
0.023000	9.226780
0.024000	8.581010
0.025000	7.576450
0.026000	6.518110
0.027000	6.249010
0.028000	6.661610
0.029000	8.132550
0.030000	9.908450
0.031000	11.200000
0.032000	11.487000
0.033000	10.518300
0.034000	9.029470
0.035000	7.684090
0.036000	6.876860
0.037000	6.805110
0.038000	6.984500
0.039000	6.966570
0.040000	6.715430
0.041000	6.482220
0.042000	6.643680
0.043000	7.253560
0.044000	8.006980
0.045000	8.401620
0.046000	8.294010
0.047000	7.612350
0.048000	6.948610
0.049000	6.697470
0.050000	6.787180
0.051000	7.181820
0.052000	7.684090
0.053000	8.240190
0.054000	8.832150
0.055000	9.513820
0.056000	10.195400
0.057000	10.679800
0.058000	10.823300
0.059000	10.733600
0.060000	10.482500
0.061000	10.446600
0.062000	10.661900
0.063000	11.182100
0.064000	11.917500
0.065000	12.545400
0.066000	13.191100
0.067000	13.514000
0.068000	13.657600
0.069000	13.532000
0.070000	13.424400
0.071000	13.262900
0.072000	13.388500
0.073000	13.639600
0.074000	13.890700
0.075000	14.124000
0.076000	14.195700
0.077000	14.285400
0.078000	14.303300
0.079000	14.393000
0.080000	14.375100
0.081000	14.303300
0.082000	14.231600
0.083000	14.159800
0.084000	14.088100
0.085000	14.141900
0.086000	14.141900
0.087000	14.141900
0.088000	14.177800
0.089000	14.195700
0.090000	14.231600
0.091000	14.321300
0.092000	14.393000
0.093000	14.518600
0.094000	14.626200
0.095000	14.680100
0.096000	14.698000
0.097000	14.662100
0.098000	14.733800
0.099000	14.841500
0.100000	15.074700
0.101000	15.307900
0.102000	15.523100
0.103000	15.684600
0.104000	14.231600
0.105000	10.356900
0.106000	5.298310
0.107000	9.424100
0.108000	8.545120
0.109000	11.935500
0.110000	12.922100
0.111000	8.939790
0.112000	10.948900
0.113000	11.002700
0.114000	14.859400
0.115000	17.639900
0.116000	15.989500
0.117000	15.630800
0.118000	14.375100
0.119000	14.500700
0.120000	16.994101
0.121000	16.671200
0.122000	17.586000
0.123000	16.635300
0.124000	16.222700
0.125000	18.231800
0.126000	18.626499
0.127000	19.666901
0.128000	18.231800
0.129000	17.873100
0.130000	16.509701
0.131000	14.680100
0.132000	16.079201
0.133000	14.733800
0.134000	16.402100
0.135000	17.101700
0.136000	17.209299
0.137000	18.052500
0.138000	16.814699
0.139000	17.029900
0.140000	18.195999
0.141000	18.429100
0.142000	19.236401
0.143000	18.106199
0.144000	16.366199
0.145000	15.828100
0.146000	15.325800
0.147000	16.725000
0.148000	17.765400
0.149000	17.926901
0.150000	18.249800
0.151000	17.729500
0.152000	17.747499
0.153000	18.034500
0.154000	17.621901
0.155000	17.550200
0.156000	16.904400
0.157000	16.545601
0.158000	16.868500
0.159000	16.760900
0.160000	17.460501
0.161000	17.855101
0.162000	18.231800
0.163000	18.626499
0.164000	18.160101
0.165000	18.016600
0.166000	17.711599
0.167000	17.639900
0.168000	17.962799
0.169000	17.926901
0.170000	17.998600
0.171000	17.944799
0.172000	17.926901
0.173000	18.357401
0.174000	17.442499
0.175000	15.953700
0.176000	13.962500
0.177000	13.621700
0.178000	11.792000
0.179000	10.051900
0.180000	10.123700
0.181000	8.760400
0.182000	11.200000
0.183000	13.298800
0.184000	15.864000
0.185000	16.617399
0.186000	14.949100
0.187000	12.742700
0.188000	10.823300
0.189000	9.280600
0.190000	9.172960
0.191000	7.558520
0.192000	5.567380
0.193000	3.809410
0.194000	1.405690
0.195000	2.230820
0.196000	4.006720
0.197000	6.464290
0.198000	8.742470
0.199000	9.639380
0.200000	9.065360
0.201000	8.921820
0.202000	7.092140
0.203000	6.284900
0.204000	5.136850
0.205000	4.311680
0.206000	4.060540
0.207000	3.899120
0.208000	4.329610
0.209000	4.634570
0.210000	5.603230
0.211000	6.446360
0.212000	7.289460
0.213000	7.899340
0.214000	7.755840
0.215000	7.361210
0.216000	6.266970
0.217000	5.549410
0.218000	4.742210
0.219000	4.275830
0.220000	4.473150
0.221000	5.531490
0.222000	7.486780
0.223000	9.083290
0.224000	9.567600
0.225000	9.585560
0.226000	9.101210
0.227000	9.083290
0.228000	8.939790
0.229000	8.060800
0.230000	7.468850
0.231000	6.751290
0.232000	6.769250
0.233000	7.217710
0.234000	7.486780
0.235000	7.809660
0.236000	7.863480
0.237000	8.078730
0.238000	8.401620
0.239000	8.401620
0.240000	8.006980
0.241000	7.199740
0.242000	6.500150
0.243000	6.069660
0.244000	5.674980
0.245000	5.657050
0.246000	5.585310
0.247000	5.459740
0.248000	5.459740
0.249000	5.154780
0.250000	5.208600
0.251000	5.298310
0.252000	5.226530
0.253000	5.244490
0.254000	4.724280
0.255000	4.114370
0.256000	3.647980
0.257000	3.163630
0.258000	2.930420
0.259000	2.589600
0.260000	2.141150
0.261000	1.925900
0.262000	1.603010
0.263000	1.226300
0.264000	0.741955
0.265000	0.311425
0.266000	0.150000
0.267000	0.275569
0.268000	0.598457
0.269000	0.777847
0.270000	0.616385
0.271000	-0.011462
0.272000	-0.567524
0.273000	-0.908376
0.274000	-0.962197
0.275000	-0.711058
0.276000	-0.495775
0.277000	-0.154960
0.278000	0.221749
0.279000	0.454960
0.280000	0.616385
0.281000	0.347318
0.282000	0.006503
0.283000	-0.172888
0.284000	-0.137032
0.285000	0.006503
0.286000	0.275569
0.287000	0.436995
0.288000	0.670206
0.289000	0.849596
0.290000	1.028990
0.291000	1.423620
0.292000	1.728580
0.293000	1.854150
0.294000	1.979720
0.295000	1.854150
0.296000	1.692690
0.297000	1.477440
0.298000	1.208340
0.299000	1.280130
0.300000	1.549190
0.301000	1.656800
0.302000	1.746510
0.303000	1.620940
0.304000	1.513300
0.305000	1.459480
0.306000	1.477440
0.307000	1.836190
0.308000	2.194970
0.309000	2.284640
0.310000	2.141150
0.311000	1.818260
0.312000	1.638870
0.313000	1.818260
0.314000	1.997650
0.315000	2.123220
0.316000	1.997650
0.317000	1.782370
0.318000	1.585050
0.319000	1.441550
0.320000	1.531230
0.321000	1.656800
0.322000	1.728580
0.323000	1.674760
0.324000	1.405690
0.325000	1.172480
0.326000	0.939273
0.327000	0.921345
0.328000	0.849596
0.329000	0.885452
0.330000	0.903417
0.331000	0.867524
0.332000	0.993094
0.333000	0.867524
0.334000	0.957201
0.335000	0.795775
0.336000	0.526708
0.337000	0.239677
0.338000	-0.119067
0.339000	-0.244636
0.340000	-0.262601
0.341000	-0.262601
0.342000	-0.172888
0.343000	-0.226708
0.344000	-0.190852
0.345000	-0.029390
0.346000	0.060287
0.347000	0.060287
0.348000	-0.083211
0.349000	-0.334350
0.350000	-0.441955
0.351000	-0.513740
0.352000	-0.549596
0.353000	-0.334350
0.354000	-0.388171
0.355000	-0.262601
0.356000	0.024431
0.357000	0.060287
0.358000	0.347318
0.359000	0.365246
0.360000	0.401139
0.361000	0.275569
0.362000	0.293497
0.363000	0.275569
0.364000	0.329390
0.365000	0.347318
0.366000	0.562564
0.367000	0.652278
0.368000	0.885452
0.369000	0.867524
0.370000	0.634313
0.371000	0.544636
0.372000	0.311425
0.373000	0.652278
0.374000	0.885452
0.375000	0.867524
0.376000	0.867524
0.377000	1.280130
0.378000	1.280130
0.379000	0.275569
0.380000	-1.177440
0.381000	-1.894970
0.382000	-1.249190
0.383000	0.436995
0.384000	1.369800
0.385000	0.562564
0.386000	-0.370206
0.387000	-0.800735
0.388000	-0.441955
0.389000	0.293497
0.390000	0.329390
0.391000	-0.065283
0.392000	-0.495775
0.393000	-0.782807
0.394000	-0.657237
0.395000	-0.459919
0.396000	-0.262601
0.397000	-0.298457
0.398000	-0.334350
0.399000	-0.388171
0.400000	0.132072
0.401000	0.490816
0.402000	0.401139
0.403000	0.024431
0.404000	-0.370206
0.405000	-0.172888
0.406000	0.185856
0.407000	0.257641
0.408000	0.867524
0.409000	1.513300
0.410000	3.145700
0.411000	4.580750
0.412000	4.670460
0.413000	3.594160
0.414000	2.625500
0.415000	1.782370
0.416000	1.782370
0.417000	1.656800
0.418000	0.580529
0.419000	-0.603417
0.420000	-2.720130
0.421000	-4.262820
0.422000	-5.159740
0.423000	-4.765100
0.424000	-3.330050
0.425000	-1.805290
0.426000	-0.926304
0.427000	-0.657237
0.428000	-0.693093
0.429000	-0.280529
0.430000	0.831668
0.431000	1.423620
0.432000	1.118660
0.433000	-0.137032
0.434000	-1.446510
0.435000	-2.110250
0.436000	-2.056430
0.437000	-2.199930
0.438000	-2.415170
0.439000	-2.720130
0.440000	-2.343420
0.441000	-1.536220
0.442000	-0.280529
0.443000	0.347318
0.444000	0.777847
0.445000	0.957201
0.446000	0.849596
0.447000	0.993094
0.448000	0.885452
0.449000	0.580529
0.450000	0.436995
0.451000	0.024431
0.452000	-0.298457
0.453000	-0.477847
0.454000	-0.728986
0.455000	-0.818663
0.456000	-0.980125
0.457000	-0.962197
0.458000	-0.836628
0.459000	-0.585489
0.460000	-0.352278
0.461000	-0.154960
0.462000	0.006503
0.463000	0.060287
0.464000	-0.137032
0.465000	-0.208780
0.466000	-0.531668
0.467000	-0.603417
0.468000	-0.621345
0.469000	-0.675165
0.470000	-0.621345
0.471000	-0.693093
0.472000	-0.639309
0.473000	-0.298457
0.474000	-0.101139
0.475000	0.293497
0.476000	0.526708
0.477000	0.634313
0.478000	0.831668
0.479000	0.634313
0.480000	0.670206
0.481000	0.580529
0.482000	0.526708
0.483000	0.508744
0.484000	0.454960
0.485000	0.508744
0.486000	0.652278
0.487000	0.688134
0.488000	0.795775
0.489000	0.939273
0.490000	1.046910
0.491000	1.136590
0.492000	1.226300
0.493000	1.172480
0.494000	1.351870
0.495000	1.262160
0.496000	1.315980
0.497000	1.387730
0.498000	1.315980
0.499000	1.477440
0.500000	1.459480
0.501000	1.531230
0.502000	1.567120
0.503000	1.620940
0.504000	1.728580
0.505000	1.943830
0.506000	2.105250
0.507000	2.159070
0.508000	2.374360
0.509000	2.212900
0.510000	2.464030
0.511000	2.230820
0.512000	2.410210
0.513000	2.338460
0.514000	2.212900
0.515000	2.428180
0.516000	2.230820
0.517000	2.499930
0.518000	2.374360
0.519000	2.481960
0.520000	2.607530
0.521000	2.553750
0.522000	2.786920
0.523000	2.607530
0.524000	2.625500
0.525000	2.643420
0.526000	2.356390
0.527000	2.643420
0.528000	2.481960
0.529000	2.625500
0.530000	2.804850
0.531000	2.607530
0.532000	2.840740
0.533000	2.786920
0.534000	2.840740
0.535000	2.948380
0.536000	2.930420
0.537000	2.930420
0.538000	3.002200
0.539000	2.984240
0.540000	3.091880
0.541000	3.163630
0.542000	3.091880
0.543000	3.163630
0.544000	3.145700
0.545000	3.235380
0.546000	3.271270
0.547000	3.343020
0.548000	3.325090
0.549000	3.343020
0.550000	3.360950
0.551000	3.343020
0.552000	3.396840
0.553000	3.414770
0.554000	3.235380
0.555000	3.378880
0.556000	3.289200
0.557000	3.343020
0.558000	3.360950
0.559000	3.486520
0.560000	3.540340
0.561000	3.630020
0.562000	3.558270
0.563000	3.701800
0.564000	3.701800
0.565000	3.701800
0.566000	3.647980
0.567000	3.594160
0.568000	3.468590
0.569000	3.360950
0.570000	3.414770
0.571000	3.432700
0.572000	3.522410
0.573000	3.558270
0.574000	3.540340
0.575000	3.576230
0.576000	3.665910
0.577000	3.630020
0.578000	3.809410
0.579000	3.665910
0.580000	3.737660
0.581000	3.594160
0.582000	3.522410
0.583000	3.558270
0.584000	3.378880
0.585000	3.558270
0.586000	3.612090
0.587000	3.755580
0.588000	3.917050
0.589000	3.737660
0.590000	4.042620
0.591000	3.988800
0.592000	4.006720
0.593000	4.186110
0.594000	3.719730
0.595000	3.934980
0.596000	3.647980
0.597000	3.665910
0.598000	3.845300
0.599000	3.630020
0.600000	3.719730
0.601000	3.791480
0.602000	3.881150
0.603000	4.347580
0.604000	4.509000
0.605000	4.724280
0.606000	4.778070
0.607000	4.580750
0.608000	4.401360
0.609000	4.204040
0.610000	4.132290
0.611000	4.114370
0.612000	4.096440
0.613000	4.060540
0.614000	4.222010
0.615000	4.365500
0.616000	4.688390
0.617000	4.813960
0.618000	4.885710
0.619000	4.849850
0.620000	4.688390
0.621000	4.760140
0.622000	4.867780
0.623000	4.796030
0.624000	4.903640
0.625000	4.670460
0.626000	4.724280
0.627000	4.670460
0.628000	4.831890
0.629000	4.957460
0.630000	4.957460
0.631000	5.011280
0.632000	4.957460
0.633000	5.011280
0.634000	5.118920
0.635000	5.083030
0.636000	5.029210
0.637000	4.993350
0.638000	4.957460
0.639000	5.011280
0.640000	5.190670
0.641000	5.172740
0.642000	5.083030
0.643000	5.029210
0.644000	4.993350
0.645000	5.208600
0.646000	5.226530
0.647000	5.083030
0.648000	4.975390
0.649000	4.885710
0.650000	5.011280
0.651000	5.459740
0.652000	5.657050
0.653000	5.728800
0.654000	5.495630
0.655000	5.244490
0.656000	5.280350
0.657000	5.280350
0.658000	5.387990
0.659000	5.298310
0.660000	5.100960
0.661000	5.029210
0.662000	4.957460
0.663000	5.136850
0.664000	5.226530
0.665000	5.011280
0.666000	4.796030
0.667000	4.724280
0.668000	4.849850
0.669000	4.975390
0.670000	4.903640
0.671000	4.778070
0.672000	4.455180
0.673000	4.419320
0.674000	4.491070
0.675000	4.796030
0.676000	5.100960
0.677000	5.208600
0.678000	5.136850
0.679000	4.760140
0.680000	4.562820
0.681000	4.473150
0.682000	4.473150
0.683000	4.437250
0.684000	4.383430
0.685000	4.150260
0.686000	4.078470
0.687000	4.024690
0.688000	4.150260
0.689000	4.383430
0.690000	4.491070
0.691000	4.509000
0.692000	4.365500
0.693000	4.311680
0.694000	4.347580
0.695000	4.419320
0.696000	4.509000
0.697000	4.437250
0.698000	4.329610
0.699000	4.204040
0.700000	4.078470
0.701000	4.114370
0.702000	4.096440
0.703000	4.132290
0.704000	4.096440
0.705000	4.006720
0.706000	4.042620
0.707000	4.132290
0.708000	4.239930
0.709000	4.383430
0.710000	4.383430
0.711000	4.365500
0.712000	4.311680
0.713000	4.311680
0.714000	4.365500
0.715000	4.383430
0.716000	4.383430
0.717000	4.311680
0.718000	4.186110
0.719000	4.132290
0.720000	4.132290
0.721000	4.222010
0.722000	4.257860
0.723000	4.293760
0.724000	4.311680
0.725000	4.239930
0.726000	4.257860
0.727000	4.293760
0.728000	4.329610
0.729000	4.365500
0.730000	4.293760
0.731000	4.204040
0.732000	4.114370
0.733000	4.042620
0.734000	4.042620
0.735000	4.042620
0.736000	4.024690
0.737000	3.988800
0.738000	3.899120
0.739000	3.881150
0.740000	3.881150
0.741000	3.899120
0.742000	3.899120
0.743000	3.827330
0.744000	3.773550
0.745000	3.737660
0.746000	3.701800
0.747000	3.701800
0.748000	3.683840
0.749000	3.683840
0.750000	3.647980
0.751000	3.612090
0.752000	3.576230
0.753000	3.540340
0.754000	3.522410
0.755000	3.504450
0.756000	3.450660
0.757000	3.378880
0.758000	3.307130
0.759000	3.289200
0.760000	3.253310
0.761000	3.181560
0.762000	3.163630
0.763000	3.127770
0.764000	3.145700
0.765000	3.199520
0.766000	3.127770
0.767000	3.091880
0.768000	3.055990
0.769000	2.930420
0.770000	2.948380
0.771000	2.876640
0.772000	2.858670
0.773000	2.840740
0.774000	2.733100
0.775000	2.697250
0.776000	2.661350
0.777000	2.661350
0.778000	2.733100
0.779000	2.733100
0.780000	2.751070
0.781000	2.768990
0.782000	2.786920
0.783000	2.930420
0.784000	3.055990
0.785000	3.091880
0.786000	3.038060
0.787000	2.894560
0.788000	2.679280
0.789000	2.535780
0.790000	2.481960
0.791000	2.499930
0.792000	2.535780
0.793000	2.481960
0.794000	2.446110
0.795000	2.464030
0.796000	2.553750
0.797000	2.589600
0.798000	2.607530
0.799000	2.661350
0.800000	2.571680
0.801000	2.499930
0.802000	2.446110
0.803000	2.320540
0.804000	2.284640
0.805000	2.194970
0.806000	2.123220
0.807000	2.087330
0.808000	2.069400
0.809000	2.141150
0.810000	2.159070
0.811000	2.212900
0.812000	2.177040
0.813000	2.141150
0.814000	2.159070
0.815000	2.123220
0.816000	2.141150
0.817000	2.159070
0.818000	2.087330
0.819000	2.069400
0.820000	1.943830
0.821000	1.890010
0.822000	1.872080
0.823000	1.854150
0.824000	1.818260
0.825000	1.710620
0.826000	1.638870
0.827000	1.495370
0.828000	1.387730
0.829000	1.333910
0.830000	1.172480
0.831000	1.208340
0.832000	1.154560
0.833000	1.082770
0.834000	1.100730
0.835000	1.064840
0.836000	1.046910
0.837000	1.011020
0.838000	0.993094
0.839000	0.867524
0.840000	0.885452
0.841000	0.813703
0.842000	0.724027
0.843000	0.813703
0.844000	0.652278
0.845000	0.634313
0.846000	0.652278
0.847000	0.490816
0.848000	0.616385
0.849000	0.526708
0.850000	0.526708
0.851000	0.580529
0.852000	0.419067
0.853000	0.490816
0.854000	0.472888
0.855000	0.329390
0.856000	0.419067
0.857000	0.275569
0.858000	0.275569
0.859000	0.221749
0.860000	0.078251
0.861000	0.006503
0.862000	-0.083211
0.863000	-0.172888
0.864000	-0.172888
0.865000	-0.226708
0.866000	-0.262601
0.867000	-0.280529
0.868000	-0.352278
0.869000	-0.352278
0.870000	-0.441955
0.871000	-0.352278
0.872000	-0.316422
0.873000	-0.280529
0.874000	-0.172888
0.875000	-0.226708
0.876000	-0.208780
0.877000	-0.208780
0.878000	-0.226708
0.879000	-0.137032
0.880000	-0.190852
0.881000	-0.190852
0.882000	-0.208780
0.883000	-0.370206
0.884000	-0.406099
0.885000	-0.513740
0.886000	-0.531668
0.887000	-0.495775
0.888000	-0.585489
0.889000	-0.603417
0.890000	-0.746914
0.891000	-0.746914
0.892000	-0.872484
0.893000	-0.890448
0.894000	-0.944232
0.895000	-0.962197
0.896000	-0.980125
0.897000	-1.141550
0.898000	-1.177440
0.899000	-1.249190
0.900000	-1.356830
0.901000	-1.338910
0.902000	-1.320940
0.903000	-1.338910
0.904000	-1.374760
0.905000	-1.410650
0.906000	-1.428580
0.907000	-1.482400
0.908000	-1.446510
0.909000	-1.446510
0.910000	-1.428580
0.911000	-1.428580
0.912000	-1.554150
0.913000	-1.464470
0.914000	-1.643830
0.915000	-1.625900
0.916000	-1.625900
0.917000	-1.751470
0.918000	-1.769400
0.919000	-1.823220
0.920000	-1.966720
0.921000	-2.038500
0.922000	-2.110250
0.923000	-2.235820
0.924000	-2.146110
0.925000	-2.325500
0.926000	-2.325500
0.927000	-2.361390
0.928000	-2.522810
0.929000	-2.522810
0.930000	-2.612530
0.931000	-2.576640
0.932000	-2.576640
0.933000	-2.648380
0.934000	-2.684280
0.935000	-2.720130
0.936000	-2.738060
0.937000	-2.738060
0.938000	-2.756030
0.939000	-2.702200
0.940000	-2.809850
0.941000	-2.773950
0.942000	-2.845700
0.943000	-2.935420
0.944000	-2.845700
0.945000	-2.953340
0.946000	-2.953340
0.947000	-2.935420
0.948000	-3.078910
0.949000	-3.114770
0.950000	-3.186550
0.951000	-3.258300
0.952000	-3.222410
0.953000	-3.365910
0.954000	-3.258300
0.955000	-3.383870
0.956000	-3.509440
0.957000	-3.491480
0.958000	-3.581190
0.959000	-3.635010
0.960000	-3.545300
0.961000	-3.760580
0.962000	-3.706760
0.963000	-3.760580
0.964000	-3.904080
0.965000	-3.796440
0.966000	-3.868190
0.967000	-3.796440
0.968000	-3.814370
0.969000	-3.904080
0.970000	-3.868190
0.971000	-4.029650
0.972000	-3.975830
0.973000	-3.939930
0.974000	-4.101400
0.975000	-3.922010
0.976000	-4.119320
0.977000	-3.993760
0.978000	-4.101400
0.979000	-4.155220
0.980000	-4.119320
0.981000	-4.244890
0.982000	-4.244890
0.983000	-4.298720
0.984000	-4.424280
0.985000	-4.406360
0.986000	-4.567780
0.987000	-4.657500
0.988000	-4.657500
0.989000	-4.818920
0.990000	-4.765100
0.991000	-4.872740
0.992000	-4.944490
0.993000	-4.962420
0.994000	-4.980380
0.995000	-4.980380
0.996000	-4.980380
0.997000	-5.105950
0.998000	-5.052130
0.999000	-5.070060
1.000000	-5.016240
1.001000	-5.052130
1.002000	-5.141810
1.003000	-5.141810
1.004000	-5.267380
1.005000	-5.231520
1.006000	-5.195630
1.007000	-5.231520
1.008000	-5.177700
1.009000	-5.231520
1.010000	-5.231520
1.011000	-5.231520
1.012000	-5.231520
1.013000	-5.105950
1.014000	-5.052130
1.015000	-5.087990
1.016000	-5.159740
1.017000	-5.321200
1.018000	-5.392950
1.019000	-5.536440
1.020000	-5.626160
1.021000	-5.662010
1.022000	-5.715840
1.023000	-5.751730
1.024000	-5.787580
1.025000	-5.805550
1.026000	-5.733760
1.027000	-5.805550
1.028000	-5.769660
1.029000	-5.805550
1.030000	-5.823480
1.031000	-5.769660
1.032000	-5.662010
1.033000	-5.626160
1.034000	-5.572340
1.035000	-5.608190
1.036000	-5.590270
1.037000	-5.626160
1.038000	-5.679980
1.039000	-5.662010
1.040000	-5.715840
1.041000	-5.679980
1.042000	-5.697910
1.043000	-5.751730
1.044000	-5.715840
1.045000	-5.715840
1.046000	-5.697910
1.047000	-5.769660
1.048000	-5.805550
1.049000	-5.859330
1.050000	-5.949050
1.051000	-5.913150
1.052000	-5.931120
1.053000	-5.913150
1.054000	-5.859330
1.055000	-5.877300
1.056000	-5.859330
1.057000	-5.877300
1.058000	-5.877300
1.059000	-5.841400
1.060000	-5.895230
1.061000	-5.877300
1.062000	-5.841400
1.063000	-5.841400
1.064000	-5.841400
1.065000	-5.913150
1.066000	-5.931120
1.067000	-5.966970
1.068000	-5.949050
1.069000	-5.841400
1.070000	-5.841400
1.071000	-5.841400
1.072000	-5.859330
1.073000	-5.966970
1.074000	-5.859330
1.075000	-5.805550
1.076000	-5.805550
1.077000	-5.787580
1.078000	-5.913150
1.079000	-5.966970
1.080000	-5.966970
1.081000	-5.931120
1.082000	-5.841400
1.083000	-5.823480
1.084000	-5.823480
1.085000	-5.715840
1.086000	-5.697910
1.087000	-5.590270
1.088000	-5.464700
1.089000	-5.500590
1.090000	-5.482660
1.091000	-5.482660
1.092000	-5.482660
1.093000	-5.392950
1.094000	-5.375020
1.095000	-5.339130
1.096000	-5.357090
1.097000	-5.375020
1.098000	-5.321200
1.099000	-5.267380
1.100000	-5.195630
1.101000	-5.177700
1.102000	-5.213560
1.103000	-5.213560
1.104000	-5.213560
1.105000	-5.177700
1.106000	-5.141810
1.107000	-5.105950
1.108000	-5.087990
1.109000	-5.105950
1.110000	-5.105950
1.111000	-5.141810
1.112000	-5.123880
1.113000	-5.087990
1.114000	-5.105950
1.115000	-5.105950
1.116000	-5.177700
1.117000	-5.231520
1.118000	-5.213560
1.119000	-5.249450
1.120000	-5.249450
1.121000	-5.231520
1.122000	-5.231520
1.123000	-5.213560
1.124000	-5.213560
1.125000	-5.195630
1.126000	-5.159740
1.127000	-5.159740
1.128000	-5.105950
1.129000	-5.105950
1.130000	-5.052130
1.131000	-5.034170
1.132000	-5.052130
1.133000	-4.980380
1.134000	-4.980380
1.135000	-4.962420
1.136000	-4.944490
1.137000	-4.962420
1.138000	-4.944490
1.139000	-4.944490
1.140000	-4.980380
1.141000	-4.962420
1.142000	-4.980380
1.143000	-4.998310
1.144000	-4.980380
1.145000	-4.962420
1.146000	-4.980380
1.147000	-4.944490
1.148000	-4.980380
1.149000	-4.944490
1.150000	-4.962420
1.151000	-4.944490
1.152000	-4.926560
1.153000	-4.908630
1.154000	-4.854810
1.155000	-4.854810
1.156000	-4.836850
1.157000	-4.854810
1.158000	-4.836850
1.159000	-4.800990
1.160000	-4.800990
1.161000	-4.783060
1.162000	-4.818920
1.163000	-4.890670
1.164000	-4.998310
1.165000	-5.070060
1.166000	-4.818920
1.167000	-4.531930
1.168000	-4.119320
1.169000	-3.796440
1.170000	-3.886110
1.171000	-3.886110
1.172000	-3.957900
1.173000	-4.029650
1.174000	-3.796440
1.175000	-3.706760
1.176000	-3.581190
1.177000	-3.706760
1.178000	-3.724690
1.179000	-3.868190
1.180000	-3.742620
1.181000	-3.545300
1.182000	-3.581190
1.183000	-3.617050
1.184000	-3.563230
1.185000	-3.617050
1.186000	-3.581190
1.187000	-3.617050
1.188000	-3.922010
1.189000	-4.065500
1.190000	-4.370460
1.191000	-4.549850
1.192000	-4.549850
1.193000	-4.657500
1.194000	-4.693350
1.195000	-4.747170
1.196000	-4.962420
1.197000	-5.016240
1.198000	-5.123880
1.199000	-4.980380
1.200000	-4.872740
1.201000	-4.872740
1.202000	-4.872740
1.203000	-5.087990
1.204000	-5.105950
1.205000	-5.016240
1.206000	-4.585710
1.207000	-3.904080
1.208000	-3.276230
1.209000	-3.150660
1.210000	-3.330050
1.211000	-3.706760
1.212000	-4.083470
1.213000	-3.868190
1.214000	-3.688800
1.215000	-3.509440
1.216000	-3.401800
1.217000	-3.760580
1.218000	-3.796440
1.219000	-3.832330
1.220000	-3.742620
1.221000	-3.060990
1.222000	-2.899520
1.223000	-3.025090
1.224000	-3.132730
1.225000	-4.029650
1.226000	-4.352540
1.227000	-4.424280
1.228000	-4.226970
1.229000	-3.670870
1.230000	-3.617050
1.231000	-3.796440
1.232000	-4.191070
1.233000	-4.657500
1.234000	-4.747170
1.235000	-4.513960
1.236000	-4.316640
1.237000	-4.155220
1.238000	-4.155220
1.239000	-4.155220
1.240000	-4.191070
1.241000	-4.191070
1.242000	-4.137250
1.243000	-4.352540
1.244000	-4.424280
1.245000	-4.675420
1.246000	-4.603670
1.247000	-4.513960
1.248000	-4.191070
1.249000	-3.814370
1.250000	-3.688800
1.251000	-3.437660
1.252000	-3.186550
1.253000	-2.971270
1.254000	-2.612530
1.255000	-2.020540
1.256000	-1.805290
1.257000	-1.015980
1.258000	-0.926304
1.259000	-0.926304
1.260000	-1.015980
1.261000	-1.177440
1.262000	-0.746914
1.263000	-0.172888
1.264000	0.221749
1.265000	0.347318
1.266000	-0.083211
1.267000	-0.639309
1.268000	-0.800735
1.269000	-0.639309
1.270000	0.006503
1.271000	0.419067
1.272000	0.580529
1.273000	0.365246
1.274000	-0.154960
1.275000	-0.370206
1.276000	-0.567524
1.277000	-12.191600
1.278000	-20.245899
1.279000	-15.474300
1.280000	-1.948790
1.281000	12.312200
1.282000	14.859400
1.283000	8.024910
1.284000	-4.998310
1.285000	-12.891200
1.286000	-10.110700
1.287000	-1.015980
1.288000	8.150480
1.289000	10.518300
1.290000	4.311680
1.291000	-5.267380
1.292000	-11.420200
1.293000	-8.406580
1.294000	0.436995
1.295000	9.047390
1.296000	11.648500
1.297000	6.643680
1.298000	-2.433140
1.299000	-10.128700
1.300000	-9.662270
1.301000	-2.917450
1.302000	5.639130
1.303000	8.975640
1.304000	7.504700
1.305000	-0.567524
1.306000	-4.890670
1.307000	-7.168850
1.308000	-0.854556
1.309000	5.172740
1.310000	5.423880
1.311000	3.701800
1.312000	-4.513960
1.313000	-7.653200
1.314000	-4.765100
1.315000	1.620940
1.316000	7.827590
1.317000	8.581010
1.318000	3.899120
1.319000	-2.576640
1.320000	-9.106170
1.321000	-6.899780
1.322000	-2.110250
1.323000	4.293760
1.324000	7.038320
1.325000	4.957460
1.326000	0.150000
1.327000	-3.742620
1.328000	-4.531930
1.329000	-0.890448
1.330000	1.638870
1.331000	2.715170
1.332000	1.244230
1.333000	-1.859110
1.334000	-3.581190
1.335000	-2.092290
1.336000	1.620940
1.337000	4.849850
1.338000	4.455180
1.339000	1.961760
1.340000	-2.092290
1.341000	-5.177700
1.342000	-3.742620
1.343000	-0.962197
1.344000	3.558270
1.345000	4.652500
1.346000	3.719730
1.347000	0.419067
1.348000	-2.146110
1.349000	-2.648380
1.350000	-1.285080
1.351000	0.544636
1.352000	1.333910
1.353000	0.293497
1.354000	-0.728986
1.355000	-1.948790
1.356000	-0.818663
1.357000	1.244230
1.358000	2.966310
1.359000	2.822810
1.360000	0.347318
1.361000	-2.648380
1.362000	-3.796440
1.363000	-3.060990
1.364000	0.096179
1.365000	2.894560
1.366000	4.060540
1.367000	2.733100
1.368000	-0.244636
1.369000	-1.894970
1.370000	-2.110250
1.371000	-0.657237
1.372000	1.315980
1.373000	2.123220
1.374000	1.208340
1.375000	-0.316422
1.376000	-1.482400
1.377000	-0.513740
1.378000	1.118660
1.379000	2.410210
1.380000	1.961760
1.381000	0.150000
1.382000	-2.110250
1.383000	-3.096840
1.384000	-2.002610
1.385000	0.580529
1.386000	2.930420
1.387000	3.432700
1.388000	1.890010
1.389000	-0.406099
1.390000	-2.289600
1.391000	-1.787360
1.392000	-0.854556
1.393000	0.670206
1.394000	1.280130
1.395000	0.436995
1.396000	-0.172888
1.397000	-1.033950
1.398000	-0.800735
1.399000	0.436995
1.400000	0.634313
1.401000	1.405690
1.402000	0.329390
1.403000	-0.728986
1.404000	-1.661790
1.405000	-1.554150
1.406000	-0.441955
1.407000	1.082770
1.408000	2.248790
1.409000	2.177040
1.410000	0.670206
1.411000	-0.890448
1.412000	-1.948790
1.413000	-1.249190
1.414000	0.347318
1.415000	1.692690
1.416000	2.338460
1.417000	1.118660
1.418000	-0.190852
1.419000	-0.962197
1.420000	-0.854556
1.421000	0.580529
1.422000	1.262160
1.423000	0.903417
1.424000	0.203821
1.425000	-1.428580
1.426000	-1.697650
1.427000	-0.980125
1.428000	0.454960
1.429000	1.603010
1.430000	1.405690
1.431000	0.401139
1.432000	-0.728986
1.433000	-1.500330
1.434000	-0.800735
1.435000	0.006503
1.436000	0.759883
1.437000	1.011020
1.438000	0.580529
1.439000	0.239677
1.440000	0.185856
1.441000	0.311425
1.442000	0.688134
1.443000	0.688134
1.444000	0.293497
1.445000	-0.208780
1.446000	-0.119067
1.447000	0.239677
1.448000	0.670206
1.449000	0.831668
1.450000	0.795775
1.451000	0.221749
1.452000	-0.226708
1.453000	-0.513740
1.454000	-0.477847
1.455000	-0.119067
1.456000	0.042359
1.457000	0.167928
1.458000	0.078251
1.459000	-0.172888
1.460000	-0.154960
1.461000	0.185856
1.462000	0.239677
1.463000	0.203821
1.464000	-0.172888
1.465000	-0.298457
1.466000	-0.441955
1.467000	-0.101139
1.468000	0.365246
1.469000	0.724027
1.470000	0.939273
1.471000	0.652278
1.472000	0.114107
1.473000	-0.226708
1.474000	-0.262601
1.475000	0.096179
1.476000	0.616385
1.477000	0.670206
1.478000	0.706099
1.479000	0.365246
1.480000	0.150000
1.481000	0.185856
1.482000	0.167928
1.483000	0.419067
1.484000	0.365246
1.485000	-0.011462
1.486000	-0.226708
1.487000	-0.424027
1.488000	-0.298457
1.489000	0.167928
1.490000	0.454960
1.491000	0.616385
1.492000	0.347318
1.493000	-0.352278
1.494000	-0.531668
1.495000	-0.603417
1.496000	-0.424027
1.497000	0.167928
1.498000	0.436995
1.499000	0.562564
1.500000	0.490816
1.501000	0.042359
1.502000	-0.083211
1.503000	-0.208780
1.504000	-0.226708
1.505000	0.114107
1.506000	0.275569
1.507000	0.436995
1.508000	0.508744
1.509000	0.454960
1.510000	0.419067
1.511000	0.203821
1.512000	0.275569
1.513000	0.185856
1.514000	0.185856
1.515000	0.024431
1.516000	-0.011462
1.517000	0.006503
1.518000	-0.065283
1.519000	0.096179
1.520000	0.347318
1.521000	0.257641
1.522000	0.185856
1.523000	-0.047318
1.524000	-0.352278
1.525000	-0.459919
1.526000	-0.406099
1.527000	-0.083211
1.528000	0.275569
1.529000	0.454960
1.530000	0.598457
1.531000	0.419067
1.532000	0.114107
1.533000	0.006503
1.534000	-0.101139
1.535000	-0.047318
1.536000	0.096179
1.537000	0.293497
1.538000	0.401139
1.539000	0.508744
1.540000	0.490816
1.541000	0.401139
1.542000	0.454960
1.543000	0.275569
1.544000	0.257641
1.545000	0.419067
1.546000	0.167928
1.547000	0.239677
1.548000	0.150000
1.549000	0.096179
1.550000	0.329390
1.551000	0.096179
1.552000	0.060287
1.553000	-0.083211
1.554000	-0.531668
1.555000	-0.226708
1.556000	-0.262601
1.557000	-0.011462
1.558000	0.329390
1.559000	0.239677
1.560000	0.150000
1.561000	0.185856
1.562000	0.060287
1.563000	0.114107
1.564000	0.150000
1.565000	0.078251
1.566000	0.078251
1.567000	-0.029390
1.568000	-0.208780
1.569000	0.096179
1.570000	0.257641
1.571000	0.365246
1.572000	0.616385
1.573000	0.347318
1.574000	0.221749
1.575000	0.239677
1.576000	0.150000
1.577000	0.311425
1.578000	0.401139
1.579000	0.454960
1.580000	0.365246
1.581000	0.042359
1.582000	-0.083211
1.583000	-0.137032
1.584000	-0.065283
1.585000	-0.011462
1.586000	0.060287
1.587000	0.024431
1.588000	0.024431
1.589000	0.114107
1.590000	0.150000
1.591000	0.221749
1.592000	0.221749
1.593000	0.078251
1.594000	-0.065283
1.595000	-0.137032
1.596000	-0.101139
1.597000	-0.065283
1.598000	0.042359
1.599000	0.257641
1.600000	0.114107
1.601000	0.185856
1.602000	0.167928
1.603000	0.150000
1.604000	0.419067
1.605000	0.419067
1.606000	0.383174
1.607000	0.365246
1.608000	0.185856
1.609000	0.078251
1.610000	0.060287
1.611000	0.239677
1.612000	0.221749
1.613000	0.239677
1.614000	0.024431
1.615000	-0.065283
1.616000	-0.262601
1.617000	-0.172888
1.618000	-0.047318
1.619000	0.078251
1.620000	0.293497
1.621000	0.293497
1.622000	0.114107
1.623000	-0.029390
1.624000	-0.190852
1.625000	-0.137032
1.626000	0.042359
1.627000	0.006503
1.628000	0.167928
1.629000	0.167928
1.630000	0.042359
1.631000	0.024431
1.632000	0.203821
1.633000	0.275569
1.634000	0.347318
1.635000	0.347318
1.636000	0.347318
1.637000	0.239677
1.638000	0.239677
1.639000	0.257641
1.640000	0.311425
1.641000	0.383174
1.642000	0.257641
1.643000	0.275569
1.644000	0.150000
1.645000	-0.029390
1.646000	0.024431
1.647000	0.096179
1.648000	0.185856
1.649000	0.203821
1.650000	0.114107
1.651000	0.114107
1.652000	0.132072
1.653000	0.078251
1.654000	0.203821
1.655000	0.096179
1.656000	0.078251
1.657000	0.006503
1.658000	-0.101139
1.659000	0.042359
1.660000	0.060287
1.661000	0.185856
1.662000	0.203821
1.663000	0.257641
1.664000	0.096179
1.665000	0.150000
1.666000	0.150000
1.667000	0.150000
1.668000	0.329390
1.669000	0.365246
1.670000	0.311425
1.671000	0.221749
1.672000	0.132072
1.673000	0.006503
1.674000	0.078251
1.675000	0.060287
1.676000	0.096179
1.677000	0.096179
1.678000	0.078251
1.679000	0.114107
1.680000	0.114107
1.681000	0.042359
1.682000	0.114107
1.683000	0.150000
1.684000	0.078251
1.685000	0.167928
1.686000	0.096179
1.687000	0.114107
1.688000	0.167928
1.689000	0.096179
1.690000	0.221749
1.691000	0.150000
1.692000	0.096179
1.693000	0.167928
1.694000	0.221749
1.695000	0.096179
1.696000	0.329390
1.697000	0.221749
1.698000	0.275569
1.699000	0.401139
1.700000	0.167928
1.701000	0.311425
1.702000	0.221749
1.703000	0.132072
1.704000	0.185856
1.705000	0.167928
1.706000	0.006503
1.707000	0.132072
1.708000	0.060287
1.709000	0.042359
1.710000	0.203821
1.711000	0.060287
1.712000	0.006503
1.713000	0.060287
1.714000	-0.137032
1.715000	-0.047318
1.716000	0.096179
1.717000	-0.011462
1.718000	0.203821
1.719000	0.060287
1.720000	0.078251
1.721000	0.150000
1.722000	-0.065283
1.723000	0.185856
1.724000	0.167928
1.725000	0.132072
1.726000	0.185856
1.727000	0.060287
1.728000	0.203821
1.729000	0.185856
1.730000	0.275569
1.731000	0.311425
1.732000	0.185856
1.733000	0.203821
1.734000	0.060287
1.735000	-0.029390
1.736000	0.150000
1.737000	0.096179
1.738000	0.150000
1.739000	0.167928
1.740000	0.006503
1.741000	0.024431
1.742000	0.024431
1.743000	0.042359
1.744000	0.132072
1.745000	0.185856
1.746000	0.185856
1.747000	0.150000
1.748000	0.096179
1.749000	0.132072
1.750000	0.185856
1.751000	0.329390
1.752000	0.293497
1.753000	0.257641
1.754000	0.114107
1.755000	0.060287
1.756000	0.114107
1.757000	0.114107
1.758000	0.221749
1.759000	0.365246
1.760000	0.257641
1.761000	0.221749
1.762000	0.132072
1.763000	0.078251
1.764000	0.078251
1.765000	0.150000
1.766000	0.167928
1.767000	0.185856
1.768000	0.078251
1.769000	0.060287
1.770000	0.132072
1.771000	0.060287
1.772000	0.060287
1.773000	0.114107
1.774000	0.060287
1.775000	0.078251
1.776000	0.078251
1.777000	0.114107
1.778000	0.150000
1.779000	0.096179
1.780000	0.185856
1.781000	0.150000
1.782000	0.167928
1.783000	0.150000
1.784000	0.096179
1.785000	0.114107
1.786000	0.060287
1.787000	0.132072
1.788000	0.257641
1.789000	0.150000
1.790000	0.203821
1.791000	0.311425
1.792000	0.114107
1.793000	0.221749
1.794000	0.114107
1.795000	0.060287
1.796000	0.203821
1.797000	0.024431
1.798000	0.114107
1.799000	0.132072
1.800000	0.042359
1.801000	0.132072
1.802000	0.024431
1.803000	0.096179
1.804000	0.132072
1.805000	0.114107
1.806000	0.203821
1.807000	0.114107
1.808000	-0.065283
1.809000	0.060287
1.810000	0.042359
1.811000	0.203821
1.812000	0.311425
1.813000	0.185856
1.814000	0.275569
1.815000	0.078251
1.816000	0.024431
1.817000	0.203821
1.818000	0.167928
1.819000	0.221749
1.820000	0.275569
1.821000	0.167928
1.822000	0.078251
1.823000	0.060287
1.824000	0.060287
1.825000	0.150000
1.826000	0.150000
1.827000	0.114107
1.828000	0.096179
1.829000	0.006503
1.830000	-0.047318
1.831000	0.024431
1.832000	0.096179
1.833000	0.042359
1.834000	0.114107
1.835000	0.078251
1.836000	0.006503
1.837000	0.150000
1.838000	0.024431
1.839000	0.150000
1.840000	0.185856
1.841000	0.042359
1.842000	0.221749
1.843000	0.114107
1.844000	0.221749
1.845000	0.275569
1.846000	0.311425
1.847000	0.275569
1.848000	0.185856
1.849000	0.150000
1.850000	0.096179
1.851000	0.203821
1.852000	0.221749
1.853000	0.221749
1.854000	0.239677
1.855000	0.078251
1.856000	0.060287
1.857000	0.150000
1.858000	0.060287
1.859000	0.203821
1.860000	0.185856
1.861000	0.096179
1.862000	0.150000
1.863000	0.006503
1.864000	0.060287
1.865000	0.203821
1.866000	0.114107
1.867000	0.311425
1.868000	0.203821
1.869000	0.150000
1.870000	0.167928
1.871000	0.006503
1.872000	0.167928
1.873000	0.311425
1.874000	0.257641
1.875000	0.347318
1.876000	0.185856
1.877000	0.114107
1.878000	0.132072
1.879000	0.060287
1.880000	0.203821
1.881000	0.167928
1.882000	0.185856
1.883000	0.114107
1.884000	0.060287
1.885000	-0.029390
1.886000	0.006503
1.887000	0.078251
1.888000	0.167928
1.889000	0.150000
1.890000	0.096179
1.891000	0.006503
1.892000	-0.029390
1.893000	-0.029390
1.894000	0.060287
1.895000	0.150000
1.896000	0.185856
1.897000	0.167928
1.898000	0.132072
1.899000	0.150000
1.900000	0.114107
1.901000	0.150000
1.902000	0.203821
1.903000	0.221749
1.904000	0.167928
1.905000	0.293497
1.906000	0.185856
1.907000	0.257641
1.908000	0.275569
1.909000	0.185856
1.910000	0.221749
1.911000	0.185856
1.912000	0.132072
1.913000	0.239677
1.914000	0.150000
1.915000	0.150000
1.916000	0.096179
1.917000	0.078251
1.918000	0.132072
1.919000	0.132072
1.920000	0.114107
1.921000	0.132072
1.922000	0.024431
1.923000	0.006503
1.924000	-0.029390
1.925000	0.006503
1.926000	0.096179
1.927000	0.132072
1.928000	0.185856
1.929000	0.167928
1.930000	0.042359
1.931000	0.042359
1.932000	0.060287
1.933000	0.096179
1.934000	0.150000
1.935000	0.203821
1.936000	0.239677
1.937000	0.150000
1.938000	0.185856
1.939000	0.132072
1.940000	0.150000
1.941000	0.203821
1.942000	0.132072
1.943000	0.167928
1.944000	0.132072
1.945000	0.042359
1.946000	0.150000
1.947000	0.096179
1.948000	0.185856
1.949000	0.203821
1.950000	0.096179
1.951000	0.114107
1.952000	0.060287
1.953000	0.006503
1.954000	0.078251
1.955000	0.096179
1.956000	0.132072
1.957000	0.132072
1.958000	0.167928
1.959000	0.132072
1.960000	0.132072
1.961000	0.114107
1.962000	0.042359
1.963000	0.150000
1.964000	0.167928
1.965000	0.150000
1.966000	0.221749
1.967000	0.203821
1.968000	0.167928
1.969000	0.203821
1.970000	0.150000
1.971000	0.185856
1.972000	0.185856
1.973000	0.185856
1.974000	0.221749
1.975000	0.132072
1.976000	0.132072
1.977000	0.150000
1.978000	0.167928
1.979000	0.185856
1.980000	0.150000
1.981000	0.167928
1.982000	0.114107
1.983000	0.060287
1.984000	0.078251
1.985000	0.024431
1.986000	0.114107
1.987000	0.096179
1.988000	0.114107
1.989000	0.096179
1.990000	0.024431
1.991000	0.132072
1.992000	0.114107
1.993000	0.114107
1.994000	0.132072
1.995000	0.096179
1.996000	0.132072
1.997000	0.167928
1.998000	0.132072
1.999000	0.203821
2.000000	0.203821
2.001000	0.221749
2.002000	0.221749
2.003000	0.150000
2.004000	0.185856
2.005000	0.239677
2.006000	0.203821
2.007000	0.221749
2.008000	0.185856
2.009000	0.150000
2.010000	0.185856
2.011000	0.132072
2.012000	0.167928
2.013000	0.132072
2.014000	0.150000
2.015000	0.114107
2.016000	0.078251
2.017000	0.096179
2.018000	0.096179
2.019000	0.132072
2.020000	0.167928
2.021000	0.132072
2.022000	0.114107
2.023000	0.078251
2.024000	0.078251
2.025000	0.114107
2.026000	0.114107
2.027000	0.185856
2.028000	0.257641
2.029000	0.185856
2.030000	0.185856
2.031000	0.150000
2.032000	0.203821
2.033000	0.221749
2.034000	0.221749
2.035000	0.257641
2.036000	0.221749
2.037000	0.167928
2.038000	0.150000
2.039000	0.132072
2.040000	0.114107
2.041000	0.114107
2.042000	0.078251
2.043000	0.060287
2.044000	0.042359
2.045000	0.078251
2.046000	0.078251
2.047000	0.078251
2.048000	0.096179
2.049000	0.060287
2.050000	0.096179
2.051000	0.060287
2.052000	0.078251
2.053000	0.078251
2.054000	0.042359
2.055000	0.060287
2.056000	0.078251
2.057000	0.042359
2.058000	0.114107
2.059000	0.150000
2.060000	0.221749
2.061000	0.203821
2.062000	0.150000
2.063000	0.150000
2.064000	0.132072
2.065000	0.185856
2.066000	0.275569
2.067000	0.311425
2.068000	0.311425
2.069000	0.221749
2.070000	0.114107
2.071000	0.060287
2.072000	0.042359
2.073000	0.060287
2.074000	0.132072
2.075000	0.132072
2.076000	0.150000
2.077000	0.096179
2.078000	0.078251
2.079000	0.060287
2.080000	0.114107
2.081000	0.150000
2.082000	0.167928
2.083000	0.132072
2.084000	0.078251
2.085000	0.042359
2.086000	0.006503
2.087000	0.042359
2.088000	0.114107
2.089000	0.167928
2.090000	0.203821
2.091000	0.185856
2.092000	0.150000
2.093000	0.114107
2.094000	0.185856
2.095000	0.239677
2.096000	0.293497
2.097000	0.293497
2.098000	0.203821
2.099000	0.150000
2.100000	0.078251
2.101000	0.078251
2.102000	0.096179
2.103000	0.132072
2.104000	0.114107
2.105000	0.096179
2.106000	0.078251
2.107000	0.114107
2.108000	0.114107
2.109000	0.185856
2.110000	0.167928
2.111000	0.114107
2.112000	0.096179
2.113000	0.042359
2.114000	0.042359
2.115000	0.096179
2.116000	0.114107
2.117000	0.132072
2.118000	0.132072
2.119000	0.150000
2.120000	0.185856
2.121000	0.203821
2.122000	0.221749
2.123000	0.239677
2.124000	0.239677
2.125000	0.221749
2.126000	0.203821
2.127000	0.203821
2.128000	0.203821
2.129000	0.221749
2.130000	0.221749
2.131000	0.185856
2.132000	0.185856
2.133000	0.150000
2.134000	0.150000
2.135000	0.096179
2.136000	0.114107
2.137000	0.114107
2.138000	0.132072
2.139000	0.132072
2.140000	0.132072
2.141000	0.114107
2.142000	0.078251
2.143000	0.042359
2.144000	0.042359
2.145000	0.060287
2.146000	0.060287
2.147000	0.078251
2.148000	0.096179
2.149000	0.114107
2.150000	0.114107
2.151000	0.114107
2.152000	0.150000
2.153000	0.150000
2.154000	0.150000
2.155000	0.132072
2.156000	0.132072
2.157000	0.114107
2.158000	0.114107
2.159000	0.150000
2.160000	0.167928
2.161000	0.185856
2.162000	0.167928
2.163000	0.150000
2.164000	0.132072
2.165000	0.096179
2.166000	0.096179
2.167000	0.132072
2.168000	0.132072
2.169000	0.132072
2.170000	0.114107
2.171000	0.096179
2.172000	0.096179
2.173000	0.114107
2.174000	0.114107
2.175000	0.132072
2.176000	0.167928
2.177000	0.150000
2.178000	0.167928
2.179000	0.167928
2.180000	0.167928
2.181000	0.150000
2.182000	0.167928
2.183000	0.167928
2.184000	0.185856
2.185000	0.167928
2.186000	0.167928
2.187000	0.150000
2.188000	0.167928
2.189000	0.150000
2.190000	0.167928
2.191000	0.167928
2.192000	0.167928
2.193000	0.150000
2.194000	0.096179
2.195000	0.096179
2.196000	0.078251
2.197000	0.096179
2.198000	0.114107
2.199000	0.114107
2.200000	0.132072
2.201000	0.114107
2.202000	0.096179
2.203000	0.078251
2.204000	0.114107
2.205000	0.132072
2.206000	0.167928
2.207000	0.167928
2.208000	0.185856
2.209000	0.167928
2.210000	0.150000
2.211000	0.150000
2.212000	0.150000
2.213000	0.185856
2.214000	0.239677
2.215000	0.239677
2.216000	0.221749
2.217000	0.185856
2.218000	0.167928
2.219000	0.132072
2.220000	0.132072
2.221000	0.167928
2.222000	0.185856
2.223000	0.167928
2.224000	0.114107
2.225000	0.060287
2.226000	0.042359
2.227000	0.078251
2.228000	0.078251
2.229000	0.114107
2.230000	0.132072
2.231000	0.096179
2.232000	0.096179
2.233000	0.096179
2.234000	0.096179
2.235000	0.114107
2.236000	0.114107
2.237000	0.132072
2.238000	0.150000
2.239000	0.132072
2.240000	0.150000
2.241000	0.167928
2.242000	0.185856
2.243000	0.185856
2.244000	0.221749
2.245000	0.239677
2.246000	0.239677
2.247000	0.203821
2.248000	0.167928
2.249000	0.114107
2.250000	0.132072
2.251000	0.132072
2.252000	0.185856
2.253000	0.203821
2.254000	0.167928
2.255000	0.114107
2.256000	0.060287
2.257000	0.024431
2.258000	0.042359
2.259000	0.114107
2.260000	0.150000
2.261000	0.132072
2.262000	0.078251
2.263000	0.006503
2.264000	0.006503
2.265000	0.042359
2.266000	0.114107
2.267000	0.185856
2.268000	0.132072
2.269000	0.114107
2.270000	0.060287
2.271000	0.042359
2.272000	0.132072
2.273000	0.221749
2.274000	0.275569
2.275000	0.221749
2.276000	0.132072
2.277000	0.078251
2.278000	0.060287
2.279000	0.132072
2.280000	0.221749
2.281000	0.257641
2.282000	0.257641
2.283000	0.185856
2.284000	0.150000
2.285000	0.114107
2.286000	0.114107
2.287000	0.150000
2.288000	0.150000
2.289000	0.132072
2.290000	0.132072
2.291000	0.114107
2.292000	0.132072
2.293000	0.150000
2.294000	0.132072
2.295000	0.114107
2.296000	0.060287
2.297000	0.060287
2.298000	0.078251
2.299000	0.132072
2.300000	0.167928
2.301000	0.150000
2.302000	0.096179
2.303000	0.078251
2.304000	0.060287
2.305000	0.132072
2.306000	0.150000
2.307000	0.150000
2.308000	0.203821
2.309000	0.150000
2.310000	0.114107
2.311000	0.132072
2.312000	0.150000
2.313000	0.221749
2.314000	0.275569
2.315000	0.257641
2.316000	0.221749
2.317000	0.167928
2.318000	0.114107
2.319000	0.096179
2.320000	0.078251
2.321000	0.132072
2.322000	0.150000
2.323000	0.185856
2.324000	0.221749
2.325000	0.185856
2.326000	0.167928
2.327000	0.114107
2.328000	0.078251
2.329000	0.078251
2.330000	0.078251
2.331000	0.078251
2.332000	0.114107
2.333000	0.132072
2.334000	0.114107
2.335000	0.078251
2.336000	0.078251
2.337000	0.078251
2.338000	0.096179
2.339000	0.150000
2.340000	0.150000
2.341000	0.167928
2.342000	0.150000
2.343000	0.132072
2.344000	0.150000
2.345000	0.132072
2.346000	0.150000
2.347000	0.150000
2.348000	0.167928
2.349000	0.150000
2.350000	0.150000
2.351000	0.167928
2.352000	0.167928
2.353000	0.221749
2.354000	0.221749
2.355000	0.203821
2.356000	0.203821
2.357000	0.185856
2.358000	0.185856
2.359000	0.167928
2.360000	0.096179
2.361000	0.060287
2.362000	0.060287
2.363000	0.078251
2.364000	0.150000
2.365000	0.185856
2.366000	0.185856
2.367000	0.132072
2.368000	0.060287
2.369000	0.006503
2.370000	0.024431
2.371000	0.078251
2.372000	0.132072
2.373000	0.150000
2.374000	0.132072
2.375000	0.096179
2.376000	0.078251
2.377000	0.060287
2.378000	0.114107
2.379000	0.167928
2.380000	0.203821
2.381000	0.203821
2.382000	0.167928
2.383000	0.150000
2.384000	0.150000
2.385000	0.150000
2.386000	0.221749
2.387000	0.239677
2.388000	0.221749
2.389000	0.167928
2.390000	0.132072
2.391000	0.078251
2.392000	0.078251
2.393000	0.132072
2.394000	0.132072
2.395000	0.167928
2.396000	0.167928
2.397000	0.132072
2.398000	0.132072
2.399000	0.096179
2.400000	0.042359
2.401000	0.042359
2.402000	0.042359
2.403000	0.078251
2.404000	0.114107
2.405000	0.132072
2.406000	0.150000
2.407000	0.150000
2.408000	0.132072
2.409000	0.150000
2.410000	0.150000
2.411000	0.185856
2.412000	0.203821
2.413000	0.221749
2.414000	0.203821
2.415000	0.185856
2.416000	0.167928
2.417000	0.185856
2.418000	0.185856
2.419000	0.221749
2.420000	0.221749
2.421000	0.185856
2.422000	0.132072
2.423000	0.096179
2.424000	0.096179
2.425000	0.167928
2.426000	0.221749
2.427000	0.239677
2.428000	0.203821
2.429000	0.132072
2.430000	0.042359
2.431000	0.006503
2.432000	0.024431
2.433000	0.078251
2.434000	0.132072
2.435000	0.167928
2.436000	0.150000
2.437000	0.096179
2.438000	0.060287
2.439000	0.078251
2.440000	0.078251
2.441000	0.132072
2.442000	0.150000
2.443000	0.150000
2.444000	0.132072
2.445000	0.114107
2.446000	0.132072
2.447000	0.167928
2.448000	0.185856
2.449000	0.221749
2.450000	0.221749
2.451000	0.150000
2.452000	0.114107
2.453000	0.132072
2.454000	0.132072
2.455000	0.185856
2.456000	0.221749
2.457000	0.257641
2.458000	0.239677
2.459000	0.203821
2.460000	0.132072
2.461000	0.060287
2.462000	0.078251
2.463000	0.114107
2.464000	0.114107
2.465000	0.150000
2.466000	0.150000
2.467000	0.078251
2.468000	0.078251
2.469000	0.060287
2.470000	0.078251
2.471000	0.114107
2.472000	0.114107
2.473000	0.132072
2.474000	0.114107
2.475000	0.114107
2.476000	0.114107
2.477000	0.114107
2.478000	0.114107
2.479000	0.150000
2.480000	0.150000
2.481000	0.150000
2.482000	0.132072
2.483000	0.132072
2.484000	0.132072
2.485000	0.132072
2.486000	0.132072
2.487000	0.167928
2.488000	0.185856
2.489000	0.185856
2.490000	0.185856
2.491000	0.150000
2.492000	0.096179
2.493000	0.060287
2.494000	0.060287
2.495000	0.096179
2.496000	0.150000
2.497000	0.167928
2.498000	0.185856
2.499000	0.150000
2.500000	0.096179
2.501000	0.078251
2.502000	0.096179
2.503000	0.132072
2.504000	0.150000
2.505000	0.150000
2.506000	0.150000
2.507000	0.132072
2.508000	0.132072
2.509000	0.132072
2.510000	0.132072
2.511000	0.150000
2.512000	0.150000
2.513000	0.132072
2.514000	0.132072
2.515000	0.114107
2.516000	0.132072
2.517000	0.167928
2.518000	0.185856
2.519000	0.185856
2.520000	0.167928
2.521000	0.167928
2.522000	0.132072
2.523000	0.096179
2.524000	0.096179
2.525000	0.096179
2.526000	0.150000
2.527000	0.185856
2.528000	0.185856
2.529000	0.167928
2.530000	0.150000
2.531000	0.114107
2.532000	0.096179
2.533000	0.096179
2.534000	0.132072
2.535000	0.150000
2.536000	0.150000
2.537000	0.132072
2.538000	0.114107
2.539000	0.096179
2.540000	0.114107
2.541000	0.132072
2.542000	0.167928
2.543000	0.167928
2.544000	0.132072
2.545000	0.114107
2.546000	0.078251
2.547000	0.132072
2.548000	0.185856
2.549000	0.239677
2.550000	0.239677
2.551000	0.185856
2.552000	0.132072
2.553000	0.078251
2.554000	0.096179
2.555000	0.132072
2.556000	0.185856
2.557000	0.185856
2.558000	0.167928
2.559000	0.150000
2.560000	0.078251
2.561000	0.078251
2.562000	0.150000
2.563000	0.203821
2.564000	0.221749
2.565000	0.203821
2.566000	0.114107
2.567000	0.042359
2.568000	0.078251
2.569000	0.114107
2.570000	0.221749
2.571000	0.239677
2.572000	0.203821
2.573000	0.150000
2.574000	0.042359
2.575000	0.042359
2.576000	0.078251
2.577000	0.185856
2.578000	0.257641
2.579000	0.275569
2.580000	0.203821
2.581000	0.096179
2.582000	0.042359
2.583000	0.042359
2.584000	0.114107
2.585000	0.185856
2.586000	0.203821
2.587000	0.150000
2.588000	0.060287
2.589000	0.006503
2.590000	0.024431
2.591000	0.096179
2.592000	0.203821
2.593000	0.239677
2.594000	0.221749
2.595000	0.132072
2.596000	0.042359
2.597000	0.006503
2.598000	0.078251
2.599000	0.150000
2.600000	0.203821
2.601000	0.221749
2.602000	0.167928
2.603000	0.078251
2.604000	0.024431
2.605000	0.024431
2.606000	0.096179
2.607000	0.150000
2.608000	0.221749
2.609000	0.203821
2.610000	0.167928
2.611000	0.114107
2.612000	0.078251
2.613000	0.096179
2.614000	0.150000
2.615000	0.167928
2.616000	0.185856
2.617000	0.132072
2.618000	0.096179
2.619000	0.096179
2.620000	0.114107
2.621000	0.132072
2.622000	0.185856
2.623000	0.203821
2.624000	0.185856
2.625000	0.167928
2.626000	0.132072
2.627000	0.096179
2.628000	0.096179
2.629000	0.132072
2.630000	0.167928
2.631000	0.185856
2.632000	0.185856
2.633000	0.167928
2.634000	0.150000
2.635000	0.132072
2.636000	0.114107
2.637000	0.132072
2.638000	0.150000
2.639000	0.167928
2.640000	0.167928
2.641000	0.167928
2.642000	0.150000
2.643000	0.078251
2.644000	0.096179
2.645000	0.096179
2.646000	0.132072
2.647000	0.150000
2.648000	0.132072
2.649000	0.114107
2.650000	0.078251
2.651000	0.060287
2.652000	0.078251
2.653000	0.132072
2.654000	0.167928
2.655000	0.185856
2.656000	0.167928
2.657000	0.114107
2.658000	0.078251
2.659000	0.096179
2.660000	0.167928
2.661000	0.203821
2.662000	0.257641
2.663000	0.221749
2.664000	0.167928
2.665000	0.132072
2.666000	0.132072
2.667000	0.150000
2.668000	0.185856
2.669000	0.221749
2.670000	0.185856
2.671000	0.150000
2.672000	0.114107
2.673000	0.114107
2.674000	0.132072
2.675000	0.167928
2.676000	0.203821
2.677000	0.150000
2.678000	0.096179
2.679000	0.024431
2.680000	0.024431
2.681000	0.060287
2.682000	0.114107
2.683000	0.185856
2.684000	0.150000
2.685000	0.132072
2.686000	0.132072
2.687000	0.096179
2.688000	0.114107
2.689000	0.150000
2.690000	0.150000
2.691000	0.185856
2.692000	0.167928
2.693000	0.167928
2.694000	0.167928
2.695000	0.132072
2.696000	0.132072
2.697000	0.132072
2.698000	0.150000
2.699000	0.167928
2.700000	0.150000
2.701000	0.132072
2.702000	0.132072
2.703000	0.114107
2.704000	0.132072
2.705000	0.150000
2.706000	0.150000
2.707000	0.150000
2.708000	0.114107
2.709000	0.060287
2.710000	0.042359
2.711000	0.042359
2.712000	0.114107
2.713000	0.185856
2.714000	0.185856
2.715000	0.167928
2.716000	0.114107
2.717000	0.060287
2.718000	0.060287
2.719000	0.114107
2.720000	0.167928
2.721000	0.203821
2.722000	0.167928
2.723000	0.114107
2.724000	0.096179
2.725000	0.096179
2.726000	0.132072
2.727000	0.167928
2.728000	0.167928
2.729000	0.185856
2.730000	0.150000
2.731000	0.114107
2.732000	0.132072
2.733000	0.150000
2.734000	0.150000
2.735000	0.185856
2.736000	0.150000
2.737000	0.150000
2.738000	0.132072
2.739000	0.096179
2.740000	0.096179
2.741000	0.096179
2.742000	0.114107
2.743000	0.132072
2.744000	0.167928
2.745000	0.185856
2.746000	0.185856
2.747000	0.150000
2.748000	0.078251
2.749000	0.078251
2.750000	0.114107
2.751000	0.132072
2.752000	0.203821
2.753000	0.203821
2.754000	0.185856
2.755000	0.132072
2.756000	0.078251
2.757000	0.078251
2.758000	0.132072
2.759000	0.185856
2.760000	0.257641
2.761000	0.185856
2.762000	0.132072
2.763000	0.114107
2.764000	0.096179
2.765000	0.150000
2.766000	0.185856
2.767000	0.185856
2.768000	0.150000
2.769000	0.114107
2.770000	0.078251
2.771000	0.132072
2.772000	0.150000
2.773000	0.185856
2.774000	0.185856
2.775000	0.150000
2.776000	0.096179
2.777000	0.114107
2.778000	0.150000
2.779000	0.185856
2.780000	0.203821
2.781000	0.150000
2.782000	0.114107
2.783000	0.078251
2.784000	0.078251
2.785000	0.114107
2.786000	0.132072
2.787000	0.185856
2.788000	0.167928
2.789000	0.114107
2.790000	0.096179
2.791000	0.114107
2.792000	0.132072
2.793000	0.203821
2.794000	0.239677
2.795000	0.221749
2.796000	0.185856
2.797000	0.132072
2.798000	0.078251
2.799000	0.150000
2.800000	0.132072
2.801000	0.203821
2.802000	0.239677
2.803000	0.150000
2.804000	0.132072
2.805000	0.096179
2.806000	0.078251
2.807000	0.132072
2.808000	0.132072
2.809000	0.150000
2.810000	0.132072
2.811000	0.078251
2.812000	0.078251
2.813000	0.060287
2.814000	0.078251
2.815000	0.060287
2.816000	0.006503
2.817000	0.006503
2.818000	0.024431
2.819000	0.185856
2.820000	0.257641
2.821000	0.293497
2.822000	0.203821
2.823000	0.042359
2.824000	-0.011462
2.825000	0.006503
2.826000	0.203821
2.827000	0.383174
2.828000	0.383174
2.829000	0.185856
2.830000	0.024431
2.831000	-0.172888
2.832000	-0.047318
2.833000	0.185856
2.834000	0.365246
2.835000	0.419067
2.836000	0.185856
2.837000	-0.083211
2.838000	-0.208780
2.839000	-0.065283
2.840000	0.221749
2.841000	0.436995
2.842000	0.436995
2.843000	0.114107
2.844000	-0.172888
2.845000	-0.262601
2.846000	-0.101139
2.847000	0.257641
2.848000	0.544636
2.849000	0.490816
2.850000	0.239677
2.851000	-0.101139
2.852000	-0.137032
2.853000	0.006503
2.854000	0.329390
2.855000	0.562564
2.856000	0.454960
2.857000	0.150000
2.858000	-0.137032
2.859000	-0.172888
2.860000	-0.011462
2.861000	0.221749
2.862000	0.365246
2.863000	0.329390
2.864000	0.096179
2.865000	-0.065283
2.866000	-0.101139
2.867000	0.060287
2.868000	0.221749
2.869000	0.311425
2.870000	0.257641
2.871000	0.078251
2.872000	-0.011462
2.873000	0.024431
2.874000	0.096179
2.875000	0.203821
2.876000	0.239677
2.877000	0.185856
2.878000	0.167928
2.879000	0.114107
2.880000	0.150000
2.881000	0.203821
2.882000	0.185856
2.883000	0.203821
2.884000	0.132072
2.885000	0.150000
2.886000	0.185856
2.887000	0.203821
2.888000	0.185856
2.889000	0.167928
2.890000	0.114107
2.891000	0.078251
2.892000	0.096179
2.893000	0.167928
2.894000	0.185856
2.895000	0.221749
2.896000	0.185856
2.897000	0.078251
2.898000	0.060287
2.899000	0.078251
2.900000	0.132072
2.901000	0.221749
2.902000	0.203821
2.903000	0.167928
2.904000	0.060287
2.905000	-0.047318
2.906000	0.006503
2.907000	0.078251
2.908000	0.257641
2.909000	0.347318
2.910000	0.275569
2.911000	0.132072
2.912000	-0.047318
2.913000	-0.047318
2.914000	0.078251
2.915000	0.293497
2.916000	0.436995
2.917000	0.401139
2.918000	0.221749
2.919000	0.006503
2.920000	-0.101139
2.921000	-0.011462
2.922000	0.185856
2.923000	0.365246
2.924000	0.365246
2.925000	0.167928
2.926000	-0.029390
2.927000	-0.154960
2.928000	-0.065283
2.929000	0.132072
2.930000	0.257641
2.931000	0.275569
2.932000	0.132072
2.933000	-0.083211
2.934000	-0.154960
2.935000	-0.101139
2.936000	0.114107
2.937000	0.293497
2.938000	0.347318
2.939000	0.257641
2.940000	0.132072
2.941000	0.006503
2.942000	0.042359
2.943000	0.150000
2.944000	0.275569
2.945000	0.329390
2.946000	0.311425
2.947000	0.239677
2.948000	0.167928
2.949000	0.132072
2.950000	0.114107
2.951000	0.150000
2.952000	0.150000
2.953000	0.185856
2.954000	0.185856
2.955000	0.114107
2.956000	0.096179
2.957000	0.042359
2.958000	0.006503
2.959000	0.060287
2.960000	0.060287
2.961000	0.132072
2.962000	0.150000
2.963000	0.114107
2.964000	0.114107
2.965000	0.042359
2.966000	0.024431
2.967000	0.132072
2.968000	0.203821
2.969000	0.257641
2.970000	0.275569
2.971000	0.203821
2.972000	0.150000
2.973000	0.096179
2.974000	0.150000
2.975000	0.203821
2.976000	0.257641
2.977000	0.311425
2.978000	0.275569
2.979000	0.221749
2.980000	0.114107
2.981000	0.060287
2.982000	0.114107
2.983000	0.114107
2.984000	0.150000
2.985000	0.150000
2.986000	0.096179
2.987000	0.042359
2.988000	0.024431
2.989000	0.042359
2.990000	0.096179
2.991000	0.150000
2.992000	0.132072
2.993000	0.096179
2.994000	0.042359
2.995000	0.024431
2.996000	0.060287
2.997000	0.132072
2.998000	0.203821
2.999000	0.203821
3.000000	0.203821
3.001000	0.114107
3.002000	0.114107
3.003000	0.150000
3.004000	0.185856
3.005000	0.275569
3.006000	0.221749
3.007000	0.185856
3.008000	0.203821
3.009000	0.132072
3.010000	0.185856
3.011000	0.221749
3.012000	0.185856
3.013000	0.185856
3.014000	0.114107
3.015000	0.042359
3.016000	0.060287
3.017000	0.078251
3.018000	0.132072
3.019000	0.150000
3.020000	0.132072
3.021000	0.078251
3.022000	0.024431
3.023000	0.042359
3.024000	0.042359
3.025000	0.096179
3.026000	0.132072
3.027000	0.114107
3.028000	0.150000
3.029000	0.114107
3.030000	0.114107
3.031000	0.114107
3.032000	0.132072
3.033000	0.150000
3.034000	0.167928
3.035000	0.203821
3.036000	0.203821
3.037000	0.203821
3.038000	0.167928
3.039000	0.114107
3.040000	0.150000
3.041000	0.150000
3.042000	0.185856
3.043000	0.203821
3.044000	0.132072
3.045000	0.078251
3.046000	0.042359
3.047000	0.042359
3.048000	0.078251
3.049000	0.150000
3.050000	0.185856
3.051000	0.150000
3.052000	0.114107
3.053000	0.024431
3.054000	-0.011462
3.055000	0.078251
3.056000	0.150000
3.057000	0.221749
3.058000	0.239677
3.059000	0.167928
3.060000	0.167928
3.061000	0.114107
3.062000	0.114107
3.063000	0.167928
3.064000	0.203821
3.065000	0.257641
3.066000	0.221749
3.067000	0.203821
3.068000	0.203821
3.069000	0.150000
3.070000	0.185856
3.071000	0.167928
3.072000	0.185856
3.073000	0.185856
3.074000	0.150000
3.075000	0.132072
3.076000	0.096179
3.077000	0.078251
3.078000	0.114107
3.079000	0.114107
3.080000	0.114107
3.081000	0.150000
3.082000	0.114107
3.083000	0.096179
3.084000	0.096179
3.085000	0.096179
3.086000	0.132072
3.087000	0.185856
3.088000	0.150000
3.089000	0.167928
3.090000	0.167928
3.091000	0.150000
3.092000	0.167928
3.093000	0.167928
3.094000	0.167928
3.095000	0.185856
3.096000	0.185856
3.097000	0.185856
3.098000	0.185856
3.099000	0.203821
3.100000	0.203821
3.101000	0.185856
3.102000	0.150000
3.103000	0.096179
3.104000	0.132072
3.105000	0.132072
3.106000	0.096179
3.107000	0.150000
3.108000	0.096179
3.109000	0.096179
3.110000	0.078251
3.111000	0.078251
3.112000	0.132072
3.113000	0.132072
3.114000	0.132072
3.115000	0.150000
3.116000	0.078251
3.117000	0.078251
3.118000	0.114107
3.119000	0.150000
3.120000	0.203821
3.121000	0.185856
3.122000	0.167928
3.123000	0.114107
3.124000	0.096179
3.125000	0.150000
3.126000	0.221749
3.127000	0.203821
3.128000	0.221749
3.129000	0.150000
3.130000	0.150000
3.131000	0.024431
3.132000	0.078251
3.133000	0.150000
3.134000	0.114107
3.135000	0.185856
3.136000	0.060287
3.137000	0.042359
3.138000	0.042359
3.139000	0.042359
3.140000	0.114107
3.141000	0.167928
3.142000	0.132072
3.143000	0.132072
3.144000	0.078251
3.145000	0.060287
3.146000	0.078251
3.147000	0.114107
3.148000	0.150000
3.149000	0.185856
3.150000	0.150000
3.151000	0.167928
3.152000	0.114107
3.153000	0.132072
3.154000	0.203821
3.155000	0.150000
3.156000	0.185856
3.157000	0.167928
3.158000	0.150000
3.159000	0.150000
3.160000	0.114107
3.161000	0.132072
3.162000	0.114107
3.163000	0.150000
3.164000	0.096179
3.165000	0.114107
3.166000	0.132072
3.167000	0.060287
3.168000	0.150000
3.169000	0.096179
3.170000	0.096179
3.171000	0.167928
3.172000	0.150000
3.173000	0.150000
3.174000	0.150000
3.175000	0.078251
3.176000	0.096179
3.177000	0.078251
3.178000	0.150000
3.179000	0.185856
3.180000	0.221749
3.181000	0.221749
3.182000	0.150000
3.183000	0.114107
3.184000	0.114107
3.185000	0.078251
3.186000	0.203821
3.187000	0.185856
3.188000	0.203821
3.189000	0.221749
3.190000	0.132072
3.191000	0.114107
3.192000	0.096179
3.193000	0.150000
3.194000	0.203821
3.195000	0.167928
3.196000	0.185856
3.197000	0.150000
3.198000	0.078251
3.199000	0.132072
3.200000	0.096179
3.201000	0.185856
3.202000	0.185856
3.203000	0.167928
3.204000	0.150000
3.205000	0.078251
3.206000	0.096179
3.207000	0.078251
3.208000	0.150000
3.209000	0.221749
3.210000	0.203821
3.211000	0.239677
3.212000	0.167928
3.213000	0.096179
3.214000	0.114107
3.215000	0.096179
3.216000	0.150000
3.217000	0.221749
3.218000	0.185856
3.219000	0.257641
3.220000	0.167928
3.221000	0.078251
3.222000	0.114107
3.223000	0.078251
3.224000	0.203821
3.225000	0.203821
3.226000	0.167928
3.227000	0.167928
3.228000	0.024431
3.229000	0.060287
3.230000	0.078251
3.231000	0.132072
3.232000	0.203821
3.233000	0.167928
3.234000	0.150000
3.235000	0.078251
3.236000	0.042359
3.237000	0.096179
3.238000	0.132072
3.239000	0.203821
3.240000	0.185856
3.241000	0.150000
3.242000	0.132072
3.243000	0.078251
3.244000	0.096179
3.245000	0.096179
3.246000	0.150000
3.247000	0.167928
3.248000	0.132072
3.249000	0.132072
3.250000	0.132072
3.251000	0.078251
3.252000	0.150000
3.253000	0.132072
3.254000	0.150000
3.255000	0.114107
3.256000	0.078251
3.257000	0.096179
3.258000	0.096179
3.259000	0.096179
3.260000	0.114107
3.261000	0.150000
3.262000	0.150000
3.263000	0.132072
3.264000	0.132072
3.265000	0.114107
3.266000	0.132072
3.267000	0.114107
3.268000	0.150000
3.269000	0.167928
3.270000	0.150000
3.271000	0.114107
3.272000	0.132072
3.273000	0.114107
3.274000	0.078251
3.275000	0.114107
3.276000	0.150000
3.277000	0.167928
3.278000	0.150000
3.279000	0.150000
3.280000	0.132072
3.281000	0.114107
3.282000	0.114107
3.283000	0.132072
3.284000	0.185856
3.285000	0.132072
3.286000	0.132072
3.287000	0.132072
3.288000	0.078251
3.289000	0.114107
3.290000	0.150000
3.291000	0.167928
3.292000	0.167928
3.293000	0.150000
3.294000	0.150000
3.295000	0.114107
3.296000	0.114107
3.297000	0.114107
3.298000	0.150000
3.299000	0.167928
3.300000	0.167928
3.301000	0.132072
3.302000	0.096179
3.303000	0.114107
3.304000	0.096179
3.305000	0.132072
3.306000	0.167928
3.307000	0.150000
3.308000	0.185856
3.309000	0.132072
3.310000	0.150000
3.311000	0.150000
3.312000	0.150000
3.313000	0.185856
3.314000	0.167928
3.315000	0.132072
3.316000	0.185856
3.317000	0.167928
3.318000	0.185856
3.319000	0.185856
3.320000	0.150000
3.321000	0.096179
3.322000	0.150000
3.323000	0.167928
3.324000	0.114107
3.325000	0.185856
3.326000	0.150000
3.327000	0.132072
3.328000	0.132072
3.329000	0.096179
3.330000	0.203821
3.331000	0.203821
3.332000	0.185856
3.333000	0.167928
3.334000	0.078251
3.335000	0.096179
3.336000	0.150000
3.337000	0.167928
3.338000	0.221749
3.339000	0.257641
3.340000	0.078251
3.341000	0.096179
3.342000	0.006503
3.343000	0.060287
3.344000	0.221749
3.345000	0.185856
3.346000	0.293497
3.347000	0.167928
3.348000	0.060287
3.349000	0.096179
3.350000	0.006503
3.351000	0.132072
3.352000	0.167928
3.353000	0.150000
3.354000	0.185856
3.355000	0.060287
3.356000	0.042359
3.357000	0.060287
3.358000	0.114107
3.359000	0.150000
3.360000	0.150000
3.361000	0.167928
3.362000	0.132072
3.363000	0.096179
3.364000	0.114107
3.365000	0.096179
3.366000	0.132072
3.367000	0.185856
3.368000	0.150000
3.369000	0.132072
3.370000	0.132072
3.371000	0.096179
3.372000	0.150000
3.373000	0.114107
3.374000	0.150000
3.375000	0.203821
3.376000	0.203821
3.377000	0.185856
3.378000	0.150000
3.379000	0.132072
3.380000	0.114107
3.381000	0.114107
3.382000	0.132072
3.383000	0.114107
3.384000	0.132072
3.385000	0.096179
3.386000	0.096179
3.387000	0.150000
3.388000	0.114107
3.389000	0.150000
3.390000	0.132072
3.391000	0.114107
3.392000	0.096179
3.393000	0.132072
3.394000	0.150000
3.395000	0.150000
3.396000	0.114107
3.397000	0.132072
3.398000	0.114107
3.399000	0.132072
3.400000	0.185856
3.401000	0.185856
3.402000	0.167928
3.403000	0.203821
3.404000	0.096179
3.405000	0.132072
3.406000	0.167928
3.407000	0.150000
3.408000	0.257641
3.409000	0.167928
3.410000	0.060287
3.411000	0.150000
3.412000	0.060287
3.413000	0.150000
3.414000	0.167928
3.415000	0.132072
3.416000	0.150000
3.417000	0.096179
3.418000	0.078251
3.419000	0.132072
3.420000	0.132072
3.421000	0.132072
3.422000	0.167928
3.423000	0.114107
3.424000	0.096179
3.425000	0.114107
3.426000	0.150000
3.427000	0.203821
3.428000	0.221749
3.429000	0.132072
3.430000	0.150000
3.431000	0.132072
3.432000	0.132072
3.433000	0.167928
3.434000	0.221749
3.435000	0.203821
3.436000	0.185856
3.437000	0.114107
3.438000	0.114107
3.439000	0.096179
3.440000	0.114107
3.441000	0.132072
3.442000	0.132072
3.443000	0.114107
3.444000	0.167928
3.445000	0.150000
3.446000	0.150000
3.447000	0.150000
3.448000	0.132072
3.449000	0.132072
3.450000	0.150000
3.451000	0.096179
3.452000	0.150000
3.453000	0.167928
3.454000	0.132072
3.455000	0.150000
3.456000	0.096179
3.457000	0.078251
3.458000	0.150000
3.459000	0.132072
3.460000	0.167928
3.461000	0.203821
3.462000	0.096179
3.463000	0.150000
3.464000	0.096179
3.465000	0.114107
3.466000	0.185856
3.467000	0.132072
3.468000	0.132072
3.469000	0.132072
3.470000	0.060287
3.471000	0.114107
3.472000	0.167928
3.473000	0.096179
3.474000	0.167928
3.475000	0.132072
3.476000	0.114107
3.477000	0.114107
3.478000	0.078251
3.479000	0.150000
3.480000	0.150000
3.481000	0.114107
3.482000	0.132072
3.483000	0.114107
3.484000	0.096179
3.485000	0.114107
3.486000	0.132072
3.487000	0.150000
3.488000	0.078251
3.489000	0.150000
3.490000	0.132072
3.491000	0.132072
3.492000	0.167928
3.493000	0.221749
3.494000	0.203821
3.495000	0.185856
3.496000	0.185856
3.497000	0.132072
3.498000	0.114107
3.499000	0.150000
3.500000	0.114107
3.501000	0.150000
3.502000	0.150000
3.503000	0.132072
3.504000	0.185856
3.505000	0.114107
3.506000	0.132072
3.507000	0.150000
3.508000	0.114107
3.509000	0.096179
3.510000	0.132072
3.511000	0.060287
3.512000	0.114107
3.513000	0.132072
3.514000	0.096179
3.515000	0.150000
3.516000	0.150000
3.517000	0.132072
3.518000	0.185856
3.519000	0.167928
3.520000	0.203821
3.521000	0.185856
3.522000	0.185856
3.523000	0.185856
3.524000	0.185856
3.525000	0.185856
3.526000	0.185856
3.527000	0.150000
3.528000	0.150000
3.529000	0.132072
3.530000	0.114107
3.531000	0.096179
3.532000	0.096179
3.533000	0.114107
3.534000	0.132072
3.535000	0.114107
3.536000	0.096179
3.537000	0.060287
3.538000	0.060287
3.539000	0.078251
3.540000	0.096179
3.541000	0.132072
3.542000	0.132072
3.543000	0.150000
3.544000	0.114107
3.545000	0.132072
3.546000	0.132072
3.547000	0.185856
3.548000	0.221749
3.549000	0.221749
3.550000	0.221749
3.551000	0.167928
3.552000	0.150000
3.553000	0.167928
3.554000	0.203821
3.555000	0.203821
3.556000	0.203821
3.557000	0.150000
3.558000	0.132072
3.559000	0.096179
3.560000	0.114107
3.561000	0.150000
3.562000	0.167928
3.563000	0.150000
3.564000	0.114107
3.565000	0.078251
3.566000	0.060287
3.567000	0.060287
3.568000	0.078251
3.569000	0.114107
3.570000	0.096179
3.571000	0.060287
3.572000	0.060287
3.573000	0.060287
3.574000	0.114107
3.575000	0.132072
3.576000	0.167928
3.577000	0.167928
3.578000	0.132072
3.579000	0.150000
3.580000	0.167928
3.581000	0.150000
3.582000	0.185856
3.583000	0.167928
3.584000	0.167928
3.585000	0.150000
3.586000	0.167928
3.587000	0.185856
3.588000	0.167928
3.589000	0.167928
3.590000	0.150000
3.591000	0.150000
3.592000	0.114107
3.593000	0.114107
3.594000	0.096179
3.595000	0.096179
3.596000	0.096179
3.597000	0.096179
3.598000	0.078251
3.599000	0.078251
3.600000	0.060287
3.601000	0.078251
3.602000	0.096179
3.603000	0.096179
3.604000	0.096179
3.605000	0.114107
3.606000	0.096179
3.607000	0.150000
3.608000	0.167928
3.609000	0.167928
3.610000	0.203821
3.611000	0.167928
3.612000	0.150000
3.613000	0.167928
3.614000	0.167928
3.615000	0.185856
3.616000	0.203821
3.617000	0.185856
3.618000	0.185856
3.619000	0.150000
3.620000	0.114107
3.621000	0.132072
3.622000	0.150000
3.623000	0.167928
3.624000	0.167928
3.625000	0.096179
3.626000	0.060287
3.627000	0.078251
3.628000	0.060287
3.629000	0.114107
3.630000	0.150000
3.631000	0.132072
3.632000	0.132072
3.633000	0.078251
3.634000	0.060287
3.635000	0.114107
3.636000	0.132072
3.637000	0.167928
3.638000	0.221749
3.639000	0.150000
3.640000	0.132072
3.641000	0.132072
3.642000	0.132072
3.643000	0.185856
3.644000	0.203821
3.645000	0.221749
3.646000	0.203821
3.647000	0.167928
3.648000	0.150000
3.649000	0.185856
3.650000	0.185856
3.651000	0.185856
3.652000	0.185856
3.653000	0.132072
3.654000	0.114107
3.655000	0.114107
3.656000	0.096179
3.657000	0.114107
3.658000	0.132072
3.659000	0.114107
3.660000	0.078251
3.661000	0.078251
3.662000	0.096179
3.663000	0.132072
3.664000	0.132072
3.665000	0.150000
3.666000	0.150000
3.667000	0.114107
3.668000	0.114107
3.669000	0.150000
3.670000	0.167928
3.671000	0.167928
3.672000	0.150000
3.673000	0.150000
3.674000	0.132072
3.675000	0.132072
3.676000	0.185856
3.677000	0.185856
3.678000	0.203821
3.679000	0.185856
3.680000	0.150000
3.681000	0.114107
3.682000	0.114107
3.683000	0.132072
3.684000	0.150000
3.685000	0.132072
3.686000	0.150000
3.687000	0.096179
3.688000	0.078251
3.689000	0.078251
3.690000	0.114107
3.691000	0.150000
3.692000	0.150000
3.693000	0.150000
3.694000	0.114107
3.695000	0.114107
3.696000	0.114107
3.697000	0.150000
3.698000	0.132072
3.699000	0.132072
3.700000	0.132072
3.701000	0.132072
3.702000	0.132072
3.703000	0.132072
3.704000	0.167928
3.705000	0.185856
3.706000	0.167928
3.707000	0.167928
3.708000	0.150000
3.709000	0.150000
3.710000	0.132072
3.711000	0.167928
3.712000	0.150000
3.713000	0.150000
3.714000	0.132072
3.715000	0.114107
3.716000	0.114107
3.717000	0.096179
3.718000	0.132072
3.719000	0.150000
3.720000	0.114107
3.721000	0.114107
3.722000	0.114107
3.723000	0.132072
3.724000	0.132072
3.725000	0.150000
3.726000	0.150000
3.727000	0.132072
3.728000	0.114107
3.729000	0.114107
3.730000	0.132072
3.731000	0.150000
3.732000	0.185856
3.733000	0.167928
3.734000	0.167928
3.735000	0.150000
3.736000	0.150000
3.737000	0.167928
3.738000	0.167928
3.739000	0.150000
3.740000	0.167928
3.741000	0.114107
3.742000	0.114107
3.743000	0.114107
3.744000	0.114107
3.745000	0.114107
3.746000	0.114107
3.747000	0.132072
3.748000	0.096179
3.749000	0.078251
3.750000	0.114107
3.751000	0.096179
3.752000	0.132072
3.753000	0.150000
3.754000	0.132072
3.755000	0.114107
3.756000	0.096179
3.757000	0.132072
3.758000	0.132072
3.759000	0.150000
3.760000	0.150000
3.761000	0.150000
3.762000	0.167928
3.763000	0.167928
3.764000	0.150000
3.765000	0.167928
3.766000	0.185856
3.767000	0.150000
3.768000	0.167928
3.769000	0.150000
3.770000	0.167928
3.771000	0.150000
3.772000	0.132072
3.773000	0.114107
3.774000	0.096179
3.775000	0.078251
3.776000	0.096179
3.777000	0.114107
3.778000	0.150000
3.779000	0.114107
3.780000	0.096179
3.781000	0.078251
3.782000	0.114107
3.783000	0.114107
3.784000	0.150000
3.785000	0.150000
3.786000	0.132072
3.787000	0.096179
3.788000	0.078251
3.789000	0.096179
3.790000	0.150000
3.791000	0.185856
3.792000	0.185856
3.793000	0.185856
3.794000	0.150000
3.795000	0.132072
3.796000	0.150000
3.797000	0.150000
3.798000	0.203821
3.799000	0.203821
3.800000	0.185856
3.801000	0.132072
3.802000	0.096179
3.803000	0.096179
3.804000	0.132072
3.805000	0.150000
3.806000	0.167928
3.807000	0.150000
3.808000	0.132072
3.809000	0.096179
3.810000	0.078251
3.811000	0.096179
3.812000	0.132072
3.813000	0.150000
3.814000	0.150000
3.815000	0.132072
3.816000	0.096179
3.817000	0.114107
3.818000	0.096179
3.819000	0.150000
3.820000	0.185856
3.821000	0.185856
3.822000	0.185856
3.823000	0.167928
3.824000	0.150000
3.825000	0.150000
3.826000	0.185856
3.827000	0.185856
3.828000	0.203821
3.829000	0.185856
3.830000	0.167928
3.831000	0.150000
3.832000	0.132072
3.833000	0.150000
3.834000	0.150000
3.835000	0.167928
3.836000	0.150000
3.837000	0.150000
3.838000	0.114107
3.839000	0.096179
3.840000	0.114107
3.841000	0.114107
3.842000	0.132072
3.843000	0.132072
3.844000	0.132072
3.845000	0.114107
3.846000	0.114107
3.847000	0.114107
3.848000	0.114107
3.849000	0.132072
3.850000	0.150000
3.851000	0.167928
3.852000	0.185856
3.853000	0.167928
3.854000	0.150000
3.855000	0.167928
3.856000	0.167928
3.857000	0.185856
3.858000	0.185856
3.859000	0.185856
3.860000	0.167928
3.861000	0.150000
3.862000	0.132072
3.863000	0.132072
3.864000	0.150000
3.865000	0.150000
3.866000	0.150000
3.867000	0.132072
3.868000	0.096179
3.869000	0.078251
3.870000	0.078251
3.871000	0.096179
3.872000	0.114107
3.873000	0.150000
3.874000	0.132072
3.875000	0.114107
3.876000	0.096179
3.877000	0.078251
3.878000	0.096179
3.879000	0.114107
3.880000	0.132072
3.881000	0.150000
3.882000	0.150000
3.883000	0.150000
3.884000	0.132072
3.885000	0.132072
3.886000	0.167928
3.887000	0.185856
3.888000	0.185856
3.889000	0.167928
3.890000	0.150000
3.891000	0.150000
3.892000	0.132072
3.893000	0.150000
3.894000	0.150000
3.895000	0.150000
3.896000	0.132072
3.897000	0.132072
3.898000	0.114107
3.899000	0.096179
3.900000	0.114107
3.901000	0.114107
3.902000	0.114107
3.903000	0.132072
3.904000	0.096179
3.905000	0.096179
3.906000	0.096179
3.907000	0.096179
3.908000	0.096179
3.909000	0.132072
3.910000	0.132072
3.911000	0.132072
3.912000	0.132072
3.913000	0.132072
3.914000	0.132072
3.915000	0.150000
3.916000	0.150000
3.917000	0.150000
3.918000	0.150000
3.919000	0.150000
3.920000	0.167928
3.921000	0.150000
3.922000	0.150000
3.923000	0.150000
3.924000	0.132072
3.925000	0.132072
3.926000	0.132072
3.927000	0.132072
3.928000	0.132072
3.929000	0.114107
3.930000	0.114107
3.931000	0.114107
3.932000	0.114107
3.933000	0.114107
3.934000	0.114107
3.935000	0.114107
3.936000	0.132072
3.937000	0.114107
3.938000	0.114107
3.939000	0.114107
3.940000	0.150000
3.941000	0.132072
3.942000	0.150000
3.943000	0.167928
3.944000	0.150000
3.945000	0.150000
3.946000	0.150000
3.947000	0.185856
3.948000	0.185856
3.949000	0.185856
3.950000	0.185856
3.951000	0.167928
3.952000	0.150000
3.953000	0.150000
3.954000	0.150000
3.955000	0.185856
3.956000	0.167928
3.957000	0.167928
3.958000	0.132072
3.959000	0.114107
3.960000	0.114107
3.961000	0.132072
3.962000	0.150000
3.963000	0.150000
3.964000	0.132072
3.965000	0.132072
3.966000	0.132072
3.967000	0.132072
3.968000	0.132072
3.969000	0.150000
3.970000	0.150000
3.971000	0.150000
3.972000	0.132072
3.973000	0.132072
3.974000	0.132072
3.975000	0.150000
3.976000	0.167928
3.977000	0.167928
3.978000	0.167928
3.979000	0.150000
3.980000	0.167928
3.981000	0.132072
3.982000	0.150000
3.983000	0.167928
3.984000	0.167928
3.985000	0.167928
3.986000	0.150000
3.987000	0.132072
3.988000	0.114107
3.989000	0.114107
3.990000	0.132072
3.991000	0.150000
3.992000	0.150000
3.993000	0.132072
3.994000	0.132072
3.995000	0.114107
3.996000	0.132072
3.997000	0.132072
3.998000	0.150000
3.999000	0.150000
4.000000	0.132072
4.001000	0.132072
4.002000	0.150000
4.003000	0.132072
4.004000	0.132072
4.005000	0.150000
4.006000	0.150000
4.007000	0.150000
4.008000	0.150000
4.009000	0.150000
4.010000	0.150000
4.011000	0.150000
4.012000	0.167928
4.013000	0.150000
4.014000	0.132072
4.015000	0.132072
4.016000	0.132072
4.017000	0.114107
4.018000	0.114107
4.019000	0.132072
4.020000	0.132072
4.021000	0.114107
4.022000	0.114107
4.023000	0.114107
4.024000	0.096179
4.025000	0.132072
4.026000	0.132072
4.027000	0.132072
4.028000	0.132072
4.029000	0.132072
4.030000	0.114107
4.031000	0.132072
4.032000	0.132072
4.033000	0.132072
4.034000	0.150000
4.035000	0.150000
4.036000	0.150000
4.037000	0.867524
4.038000	3.163630
4.039000	2.822810
4.040000	-0.998053
4.041000	-5.895230
4.042000	-6.487180
4.043000	-2.702200
4.044000	3.558270
4.045000	7.953160
4.046000	7.666170
4.047000	2.679280
4.048000	-4.298720
4.049000	-8.137510
4.050000	-6.487180
4.051000	-1.303010
4.052000	3.773550
4.053000	5.710880
4.054000	3.845300
4.055000	-0.065283
4.056000	-2.504890
4.057000	-2.451070
4.058000	0.078251
4.059000	2.284640
4.060000	2.194970
4.061000	-0.029390
4.062000	-2.702200
4.063000	-3.276230
4.064000	-0.800735
4.065000	2.822810
4.066000	5.262420
4.067000	4.724280
4.068000	0.993094
4.069000	-3.007160
4.070000	-5.464700
4.071000	-4.244890
4.072000	-0.459919
4.073000	2.715170
4.074000	4.132290
4.075000	2.661350
4.076000	-0.083211
4.077000	-1.715580
4.078000	-1.841150
4.079000	-0.352278
4.080000	0.921345
4.081000	0.813703
4.082000	-0.388171
4.083000	-1.679720
4.084000	-1.643830
4.085000	0.024431
4.086000	2.212900
4.087000	3.486520
4.088000	2.481960
4.089000	0.006503
4.090000	-2.468990
4.091000	-3.294160
4.092000	-1.805290
4.093000	0.706099
4.094000	2.715170
4.095000	3.055990
4.096000	1.656800
4.097000	-0.280529
4.098000	-1.410650
4.099000	-1.231260
4.100000	-0.190852
4.101000	0.634313
4.102000	0.526708
4.103000	-0.298457
4.104000	-0.998053
4.105000	-0.836628
4.106000	0.401139
4.107000	1.782370
4.108000	2.822810
4.109000	3.073950
4.110000	-0.782807
4.111000	-3.957900
4.112000	-5.554410
4.113000	-3.078910
4.114000	1.531230
4.115000	5.280350
4.116000	5.997910
4.117000	3.271270
4.118000	-1.392690
4.119000	-4.478110
4.120000	-4.460140
4.121000	-1.823220
4.122000	1.531230
4.123000	3.235380
4.124000	2.553750
4.125000	0.741955
4.126000	-1.267120
4.127000	-0.890448
4.128000	0.365246
4.129000	1.620940
4.130000	1.531230
4.131000	-0.262601
4.132000	-2.020540
4.133000	-2.684280
4.134000	-1.159520
4.135000	1.477440
4.136000	3.504450
4.137000	3.719730
4.138000	1.513300
4.139000	-1.374760
4.140000	-3.347980
4.141000	-3.186550
4.142000	-1.033950
4.143000	1.262160
4.144000	2.374360
4.145000	1.925900
4.146000	0.562564
4.147000	-0.585489
4.148000	-0.531668
4.149000	-0.011462
4.150000	0.759883
4.151000	0.436995
4.152000	-0.531668
4.153000	-1.392690
4.154000	-1.392690
4.155000	-0.065283
4.156000	2.212900
4.157000	1.728580
4.158000	2.840740
4.159000	0.436995
4.160000	-1.859110
4.161000	-1.751470
4.162000	-2.522810
4.163000	0.706099
4.164000	1.441550
4.165000	1.746510
4.166000	0.957201
4.167000	0.114107
4.168000	-0.424027
4.169000	-0.208780
4.170000	-0.567524
4.171000	0.221749
4.172000	0.167928
4.173000	-0.083211
4.174000	0.490816
4.175000	0.006503
4.176000	0.454960
4.177000	0.508744
4.178000	0.042359
4.179000	0.150000
4.180000	-0.011462
4.181000	0.239677
4.182000	0.329390
4.183000	-0.567524
4.184000	-0.603417
4.185000	0.365246
4.186000	0.652278
4.187000	1.262160
4.188000	0.598457
4.189000	0.185856
4.190000	-0.262601
4.191000	-1.069800
4.192000	-0.818663
4.193000	0.006503
4.194000	0.759883
4.195000	1.028990
4.196000	0.670206
4.197000	0.221749
4.198000	-0.298457
4.199000	-0.621345
4.200000	-0.101139
4.201000	0.203821
4.202000	0.472888
4.203000	0.419067
4.204000	0.114107
4.205000	-0.011462
4.206000	0.096179
4.207000	0.311425
4.208000	0.616385
4.209000	0.311425
4.210000	0.096179
4.211000	-0.137032
4.212000	-0.424027
4.213000	-0.244636
4.214000	0.096179
4.215000	0.454960
4.216000	0.652278
4.217000	0.490816
4.218000	0.185856
4.219000	-0.137032
4.220000	-0.244636
4.221000	-0.226708
4.222000	-0.065283
4.223000	0.239677
4.224000	0.185856
4.225000	0.132072
4.226000	0.078251
4.227000	-0.011462
4.228000	0.203821
4.229000	0.185856
4.230000	0.221749
4.231000	0.221749
4.232000	0.006503
4.233000	-0.011462
4.234000	0.042359
4.235000	0.167928
4.236000	0.472888
4.237000	0.490816
4.238000	0.365246
4.239000	0.024431
4.240000	-0.172888
4.241000	-0.137032
4.242000	0.024431
4.243000	0.257641
4.244000	0.293497
4.245000	0.311425
4.246000	0.257641
4.247000	0.060287
4.248000	0.150000
4.249000	0.185856
4.250000	0.150000
4.251000	0.078251
4.252000	-0.065283
4.253000	-0.119067
4.254000	0.006503
4.255000	0.185856
4.256000	0.257641
4.257000	0.221749
4.258000	0.042359
4.259000	-0.119067
4.260000	-0.137032
4.261000	0.221749
4.262000	0.580529
4.263000	0.598457
4.264000	0.365246
4.265000	-0.065283
4.266000	-0.334350
4.267000	-0.226708
4.268000	0.042359
4.269000	0.562564
4.270000	0.724027
4.271000	0.472888
4.272000	0.060287
4.273000	-0.244636
4.274000	-0.101139
4.275000	0.185856
4.276000	0.436995
4.277000	0.562564
4.278000	0.311425
4.279000	-0.011462
4.280000	-0.208780
4.281000	-0.137032
4.282000	0.203821
4.283000	0.508744
4.284000	0.472888
4.285000	0.114107
4.286000	-0.280529
4.287000	-0.388171
4.288000	-0.208780
4.289000	0.150000
4.290000	0.472888
4.291000	0.562564
4.292000	0.436995
4.293000	0.096179
4.294000	-0.172888
4.295000	-0.154960
4.296000	-0.029390
4.297000	0.221749
4.298000	0.329390
4.299000	0.257641
4.300000	0.167928
4.301000	0.078251
4.302000	0.114107
4.303000	0.203821
4.304000	0.329390
4.305000	0.365246
4.306000	0.275569
4.307000	0.096179
4.308000	-0.047318
4.309000	0.024431
4.310000	0.203821
4.311000	0.293497
4.312000	0.293497
4.313000	0.185856
4.314000	0.042359
4.315000	-0.029390
4.316000	-0.011462
4.317000	0.060287
4.318000	0.185856
4.319000	0.203821
4.320000	0.150000
4.321000	0.096179
4.322000	0.096179
4.323000	0.167928
4.324000	0.221749
4.325000	0.167928
4.326000	0.060287
4.327000	-0.029390
4.328000	-0.011462
4.329000	0.096179
4.330000	0.203821
4.331000	0.293497
4.332000	0.311425
4.333000	0.203821
4.334000	0.096179
4.335000	0.078251
4.336000	0.132072
4.337000	0.221749
4.338000	0.221749
4.339000	0.150000
4.340000	0.042359
4.341000	0.042359
4.342000	0.114107
4.343000	0.203821
4.344000	0.239677
4.345000	0.203821
4.346000	0.078251
4.347000	-0.029390
4.348000	-0.047318
4.349000	0.060287
4.350000	0.239677
4.351000	0.293497
4.352000	0.221749
4.353000	0.078251
4.354000	-0.029390
4.355000	-0.065283
4.356000	0.042359
4.357000	0.167928
4.358000	0.221749
4.359000	0.221749
4.360000	0.114107
4.361000	0.006503
4.362000	0.024431
4.363000	0.150000
4.364000	0.275569
4.365000	0.329390
4.366000	0.239677
4.367000	0.096179
4.368000	0.006503
4.369000	0.006503
4.370000	0.132072
4.371000	0.239677
4.372000	0.293497
4.373000	0.239677
4.374000	0.114107
4.375000	0.024431
4.376000	0.042359
4.377000	0.114107
4.378000	0.221749
4.379000	0.239677
4.380000	0.185856
4.381000	0.078251
4.382000	0.060287
4.383000	0.078251
4.384000	0.114107
4.385000	0.167928
4.386000	0.185856
4.387000	0.096179
4.388000	0.060287
4.389000	0.024431
4.390000	0.078251
4.391000	0.167928
4.392000	0.221749
4.393000	0.203821
4.394000	0.150000
4.395000	0.078251
4.396000	0.078251
4.397000	0.132072
4.398000	0.150000
4.399000	0.185856
4.400000	0.150000
4.401000	0.078251
4.402000	0.078251
4.403000	0.132072
4.404000	0.185856
4.405000	0.257641
4.406000	0.239677
4.407000	0.167928
4.408000	0.096179
4.409000	0.060287
4.410000	0.096179
4.411000	0.167928
4.412000	0.203821
4.413000	0.203821
4.414000	0.132072
4.415000	0.078251
4.416000	0.042359
4.417000	0.078251
4.418000	0.167928
4.419000	0.203821
4.420000	0.185856
4.421000	0.132072
4.422000	0.096179
4.423000	0.078251
4.424000	0.114107
4.425000	0.132072
4.426000	0.185856
4.427000	0.167928
4.428000	0.132072
4.429000	0.078251
4.430000	0.060287
4.431000	0.114107
4.432000	0.185856
4.433000	0.221749
4.434000	0.203821
4.435000	0.185856
4.436000	0.132072
4.437000	0.096179
4.438000	0.114107
4.439000	0.132072
4.440000	0.167928
4.441000	0.185856
4.442000	0.167928
4.443000	0.114107
4.444000	0.114107
4.445000	0.132072
4.446000	0.185856
4.447000	0.185856
4.448000	0.185856
4.449000	0.167928
4.450000	0.150000
4.451000	0.114107
4.452000	0.132072
4.453000	0.132072
4.454000	0.167928
4.455000	0.167928
4.456000	0.132072
4.457000	0.078251
4.458000	0.060287
4.459000	0.078251
4.460000	0.132072
4.461000	0.185856
4.462000	0.185856
4.463000	0.185856
4.464000	0.150000
4.465000	0.096179
4.466000	0.096179
4.467000	0.114107
4.468000	0.150000
4.469000	0.167928
4.470000	0.150000
4.471000	0.132072
4.472000	0.114107
4.473000	0.114107
4.474000	0.150000
4.475000	0.185856
4.476000	0.221749
4.477000	0.203821
4.478000	0.150000
4.479000	0.132072
4.480000	0.114107
4.481000	0.150000
4.482000	0.185856
4.483000	0.167928
4.484000	0.150000
4.485000	0.114107
4.486000	0.078251
4.487000	0.096179
4.488000	0.132072
4.489000	0.167928
4.490000	0.185856
4.491000	0.150000
4.492000	0.132072
4.493000	0.132072
4.494000	0.132072
4.495000	0.167928
4.496000	0.167928
4.497000	0.132072
4.498000	0.096179
4.499000	0.078251
4.500000	0.078251
4.501000	0.114107
4.502000	0.150000
4.503000	0.185856
4.504000	0.167928
4.505000	0.132072
4.506000	0.096179
4.507000	0.114107
4.508000	0.150000
4.509000	0.167928
4.510000	0.185856
4.511000	0.167928
4.512000	0.096179
4.513000	0.096179
4.514000	0.096179
4.515000	0.132072
4.516000	0.167928
4.517000	0.185856
4.518000	0.132072
4.519000	0.114107
4.520000	0.114107
4.521000	0.114107
4.522000	0.150000
4.523000	0.203821
4.524000	0.167928
4.525000	0.132072
4.526000	0.078251
4.527000	0.060287
4.528000	0.078251
4.529000	0.096179
4.530000	0.150000
4.531000	0.150000
4.532000	0.150000
4.533000	0.114107
4.534000	0.114107
4.535000	0.114107
4.536000	0.132072
4.537000	0.167928
4.538000	0.167928
4.539000	0.150000
4.540000	0.132072
4.541000	0.078251
4.542000	0.096179
4.543000	0.132072
4.544000	0.150000
4.545000	0.167928
4.546000	0.150000
4.547000	0.132072
4.548000	0.114107
4.549000	0.114107
4.550000	0.150000
4.551000	0.150000
4.552000	0.167928
4.553000	0.150000
4.554000	0.132072
4.555000	0.114107
4.556000	0.078251
4.557000	0.096179
4.558000	0.114107
4.559000	0.132072
4.560000	0.132072
4.561000	0.114107
4.562000	0.114107
4.563000	0.114107
4.564000	0.150000
4.565000	0.167928
4.566000	0.167928
4.567000	0.150000
4.568000	0.132072
4.569000	0.114107
4.570000	0.114107
4.571000	0.114107
4.572000	0.132072
4.573000	0.167928
4.574000	0.167928
4.575000	0.150000
4.576000	0.150000
4.577000	0.150000
4.578000	0.167928
4.579000	0.185856
4.580000	0.185856
4.581000	0.185856
4.582000	0.167928
4.583000	0.150000
4.584000	0.150000
4.585000	0.132072
4.586000	0.150000
4.587000	0.132072
4.588000	0.150000
4.589000	0.150000
4.590000	0.114107
4.591000	0.132072
4.592000	0.132072
4.593000	0.150000
4.594000	0.150000
4.595000	0.150000
4.596000	0.132072
4.597000	0.132072
4.598000	0.114107
4.599000	0.114107
4.600000	0.132072
4.601000	0.132072
4.602000	0.150000
4.603000	0.150000
4.604000	0.150000
4.605000	0.150000
4.606000	0.167928
4.607000	0.185856
4.608000	0.185856
4.609000	0.185856
4.610000	0.167928
4.611000	0.167928
4.612000	0.150000
4.613000	0.150000
4.614000	0.167928
4.615000	0.167928
4.616000	0.150000
4.617000	0.150000
4.618000	0.132072
4.619000	0.132072
4.620000	0.150000
4.621000	0.132072
4.622000	0.132072
4.623000	0.150000
4.624000	0.132072
4.625000	0.114107
4.626000	0.114107
4.627000	0.114107
4.628000	0.132072
4.629000	0.114107
4.630000	0.132072
4.631000	0.114107
4.632000	0.114107
4.633000	0.132072
4.634000	0.132072
4.635000	0.167928
4.636000	0.150000
4.637000	0.132072
4.638000	0.132072
4.639000	0.132072
4.640000	0.132072
4.641000	0.132072
4.642000	0.132072
4.643000	0.132072
4.644000	0.150000
4.645000	0.132072
4.646000	0.132072
4.647000	0.132072
4.648000	0.132072
4.649000	0.132072
4.650000	0.150000
4.651000	0.132072
4.652000	0.132072
4.653000	0.132072
4.654000	0.132072
4.655000	0.132072
4.656000	0.114107
4.657000	0.114107
4.658000	0.096179
4.659000	0.114107
4.660000	0.114107
4.661000	0.132072
4.662000	0.132072
4.663000	0.114107
4.664000	0.114107
4.665000	0.132072
4.666000	0.132072
4.667000	0.132072
4.668000	0.150000
4.669000	0.132072
4.670000	0.114107
4.671000	0.132072
4.672000	0.150000
4.673000	0.150000
4.674000	0.150000
4.675000	0.132072
4.676000	0.132072
4.677000	0.114107
4.678000	0.132072
4.679000	0.150000
4.680000	0.150000
4.681000	0.132072
4.682000	0.132072
4.683000	0.132072
4.684000	0.132072
4.685000	0.114107
4.686000	0.132072
4.687000	0.132072
4.688000	0.132072
4.689000	0.132072
4.690000	0.132072
4.691000	0.132072
4.692000	0.132072
4.693000	0.150000
4.694000	0.150000
4.695000	0.150000
4.696000	0.150000
4.697000	0.150000
4.698000	0.132072
4.699000	0.132072
4.700000	0.132072
4.701000	0.150000
4.702000	0.150000
4.703000	0.150000
4.704000	0.150000
4.705000	0.132072
4.706000	0.150000
4.707000	0.167928
4.708000	0.150000
4.709000	0.150000
4.710000	0.132072
4.711000	0.132072
4.712000	0.132072
4.713000	0.132072
4.714000	0.132072
4.715000	0.132072
4.716000	0.150000
4.717000	0.150000
4.718000	0.114107
4.719000	0.132072
4.720000	0.150000
4.721000	0.132072
4.722000	0.150000
4.723000	0.150000
4.724000	0.150000
4.725000	0.150000
4.726000	0.132072
4.727000	0.132072
4.728000	0.132072
4.729000	0.150000
4.730000	0.132072
4.731000	0.132072
4.732000	0.150000
4.733000	0.132072
4.734000	0.150000
4.735000	0.150000
4.736000	0.150000
4.737000	0.150000
4.738000	0.150000
4.739000	0.132072
4.740000	0.132072
4.741000	0.132072
4.742000	0.150000
4.743000	0.132072
4.744000	0.132072
4.745000	0.150000
4.746000	0.150000
4.747000	0.150000
4.748000	0.150000
4.749000	0.167928
4.750000	0.167928
4.751000	0.167928
4.752000	0.132072
4.753000	0.132072
4.754000	0.150000
4.755000	0.167928
4.756000	0.150000
4.757000	0.132072
4.758000	0.132072
4.759000	0.150000
4.760000	0.132072
4.761000	0.150000
4.762000	0.132072
4.763000	0.150000
4.764000	0.150000
4.765000	0.132072
4.766000	0.132072
4.767000	0.132072
4.768000	0.132072
4.769000	0.132072
4.770000	0.132072
4.771000	0.114107
4.772000	0.114107
4.773000	0.114107
4.774000	0.132072
4.775000	0.132072
4.776000	0.150000
4.777000	0.132072
4.778000	0.150000
4.779000	0.132072
4.780000	0.150000
4.781000	0.150000
4.782000	0.150000
4.783000	0.167928
4.784000	0.132072
4.785000	0.132072
4.786000	0.150000
4.787000	0.150000
4.788000	0.132072
4.789000	0.132072
4.790000	0.150000
4.791000	0.150000
4.792000	0.150000
4.793000	0.150000
4.794000	0.150000
4.795000	0.150000
4.796000	0.132072
4.797000	0.132072
4.798000	0.132072
4.799000	0.114107
4.800000	0.132072
4.801000	0.114107
4.802000	0.132072
4.803000	0.114107
4.804000	0.114107
4.805000	0.114107
4.806000	0.114107
4.807000	0.132072
4.808000	0.132072
4.809000	0.167928
4.810000	0.150000
4.811000	0.132072
4.812000	0.132072
4.813000	0.132072
4.814000	0.132072
4.815000	0.150000
4.816000	0.150000
4.817000	0.150000
4.818000	0.132072
4.819000	0.150000
4.820000	0.132072
4.821000	0.132072
4.822000	0.150000
4.823000	0.167928
4.824000	0.150000
4.825000	0.132072
4.826000	0.132072
4.827000	0.114107
4.828000	0.132072
4.829000	0.132072
4.830000	0.132072
4.831000	0.132072
4.832000	0.114107
4.833000	0.114107
4.834000	0.114107
4.835000	0.114107
4.836000	0.132072
4.837000	0.150000
4.838000	0.132072
4.839000	0.132072
4.840000	0.114107
4.841000	0.096179
4.842000	0.132072
4.843000	0.132072
4.844000	0.150000
4.845000	0.150000
4.846000	0.150000
4.847000	0.150000
4.848000	0.132072
4.849000	0.132072
4.850000	0.150000
4.851000	0.185856
4.852000	0.167928
4.853000	0.150000
4.854000	0.150000
4.855000	0.150000
4.856000	0.132072
4.857000	0.150000
4.858000	0.150000
4.859000	0.150000
4.860000	0.132072
4.861000	0.132072
4.862000	0.114107
4.863000	0.132072
4.864000	0.132072
4.865000	0.132072
4.866000	0.132072
4.867000	0.132072
4.868000	0.132072
4.869000	0.132072
4.870000	0.114107
4.871000	0.132072
4.872000	0.132072
4.873000	0.132072
4.874000	0.132072
4.875000	0.132072
4.876000	0.132072
4.877000	0.150000
4.878000	0.150000
4.879000	0.150000
4.880000	0.167928
4.881000	0.150000
4.882000	0.150000
4.883000	0.150000
4.884000	0.167928
4.885000	0.167928
4.886000	0.167928
4.887000	0.150000
4.888000	0.150000
4.889000	0.132072
4.890000	0.150000
4.891000	0.132072
4.892000	0.150000
4.893000	0.150000
4.894000	0.150000
4.895000	0.132072
4.896000	0.132072
4.897000	0.132072
4.898000	0.132072
4.899000	0.132072
4.900000	0.132072
4.901000	0.114107
4.902000	0.132072
4.903000	0.132072
4.904000	0.132072
4.905000	0.132072
4.906000	0.150000
4.907000	0.150000
4.908000	0.132072
4.909000	0.150000
4.910000	0.150000
4.911000	0.150000
4.912000	0.150000
4.913000	0.167928
4.914000	0.167928
4.915000	0.150000
4.916000	0.150000
4.917000	0.150000
4.918000	0.150000
4.919000	0.167928
4.920000	0.150000
4.921000	0.150000
4.922000	0.150000
4.923000	0.150000
4.924000	0.132072
4.925000	0.132072
4.926000	0.132072
4.927000	0.132072
4.928000	0.132072
4.929000	0.114107
4.930000	0.132072
4.931000	0.114107
4.932000	0.132072
4.933000	0.150000
4.934000	0.132072
4.935000	0.114107
4.936000	0.132072
4.937000	0.132072
4.938000	0.132072
4.939000	0.150000
4.940000	0.132072
4.941000	0.114107
4.942000	0.114107
4.943000	0.132072
4.944000	0.150000
4.945000	0.150000
4.946000	0.150000
4.947000	0.132072
4.948000	0.132072
4.949000	0.132072
4.950000	0.150000
4.951000	0.150000
4.952000	0.150000
4.953000	0.150000
4.954000	0.132072
4.955000	0.132072
4.956000	0.114107
4.957000	0.114107
4.958000	0.114107
4.959000	0.150000
4.960000	0.150000
4.961000	0.132072
4.962000	0.114107
4.963000	0.096179
4.964000	0.114107
4.965000	0.132072
4.966000	0.150000
4.967000	0.132072
4.968000	0.114107
4.969000	0.114107
4.970000	0.114107
4.971000	0.096179
4.972000	0.132072
4.973000	0.150000
4.974000	0.132072
4.975000	0.132072
4.976000	0.114107
4.977000	0.132072
4.978000	0.132072
4.979000	0.150000
4.980000	0.150000
4.981000	0.150000
4.982000	0.150000
4.983000	0.132072
4.984000	0.132072
4.985000	0.132072
4.986000	0.114107
4.987000	0.150000
4.988000	0.167928
4.989000	0.150000
4.990000	0.150000
4.991000	0.114107
4.992000	0.132072
4.993000	0.132072
4.994000	0.150000
4.995000	0.167928
4.996000	0.167928
4.997000	0.132072
4.998000	0.132072
4.999000	0.114107
5.000000	0.132072
5.001000	0.150000
5.002000	0.150000
5.003000	0.150000
5.004000	0.132072
5.005000	0.132072
5.006000	0.132072
5.007000	0.132072
5.008000	0.150000
5.009000	0.150000
5.010000	0.167928
5.011000	0.150000
5.012000	0.132072
5.013000	0.132072
5.014000	0.114107
5.015000	0.150000
5.016000	0.150000
5.017000	0.150000
5.018000	0.132072
5.019000	0.132072
5.020000	0.132072
5.021000	0.150000
5.022000	0.150000
5.023000	0.150000
5.024000	0.150000
5.025000	0.132072
5.026000	0.132072
5.027000	0.167928
5.028000	0.150000
5.029000	0.150000
5.030000	0.150000
5.031000	0.132072
5.032000	0.132072
5.033000	0.132072
5.034000	0.150000
5.035000	0.167928
5.036000	0.150000
5.037000	0.132072
5.038000	0.132072
5.039000	0.132072
5.040000	0.150000
5.041000	0.132072
5.042000	0.132072
5.043000	0.132072
5.044000	0.150000
5.045000	0.132072
5.046000	0.114107
5.047000	0.132072
5.048000	0.150000
5.049000	0.150000
5.050000	0.132072
5.051000	0.150000
5.052000	0.150000
5.053000	0.150000
5.054000	0.150000
5.055000	0.150000
5.056000	0.150000
5.057000	0.150000
5.058000	0.150000
5.059000	0.132072
5.060000	0.132072
5.061000	0.150000
5.062000	0.185856
5.063000	0.150000
5.064000	0.150000
5.065000	0.150000
5.066000	0.132072
5.067000	0.150000
5.068000	0.132072
5.069000	0.150000
5.070000	0.132072
5.071000	0.132072
5.072000	0.132072
5.073000	0.132072
5.074000	0.132072
5.075000	0.132072
5.076000	0.132072
5.077000	0.132072
5.078000	0.132072
5.079000	0.132072
5.080000	0.132072
5.081000	0.132072
5.082000	0.132072
5.083000	0.132072
5.084000	0.132072
5.085000	0.114107
5.086000	0.132072
5.087000	0.132072
5.088000	0.132072
5.089000	0.150000
5.090000	0.150000
5.091000	0.150000
5.092000	0.132072
5.093000	0.150000
5.094000	0.150000
5.095000	0.132072
5.096000	0.150000
5.097000	0.150000
5.098000	0.150000
5.099000	0.150000
5.100000	0.132072
5.101000	0.132072
5.102000	0.114107
5.103000	0.132072
5.104000	0.114107
5.105000	0.132072
5.106000	0.114107
5.107000	0.114107
5.108000	0.114107
5.109000	0.132072
5.110000	0.132072
5.111000	0.114107
5.112000	0.114107
5.113000	0.114107
5.114000	0.132072
5.115000	0.114107
5.116000	0.150000
5.117000	0.132072
5.118000	0.132072
5.119000	0.132072
5.120000	0.114107
5.121000	0.150000
5.122000	0.150000
5.123000	0.132072
5.124000	0.150000
5.125000	0.150000
5.126000	0.150000
5.127000	0.150000
5.128000	0.150000
5.129000	0.150000
5.130000	0.150000
5.131000	0.150000
5.132000	0.132072
5.133000	0.132072
5.134000	0.132072
5.135000	0.114107
5.136000	0.132072
5.137000	0.132072
5.138000	0.114107
5.139000	0.114107
5.140000	0.114107
5.141000	0.114107
5.142000	0.096179
5.143000	0.132072
5.144000	0.114107
5.145000	0.114107
5.146000	0.114107
5.147000	0.132072
5.148000	0.114107
5.149000	0.150000
5.150000	0.150000
5.151000	0.150000
5.152000	0.150000
5.153000	0.167928
5.154000	0.150000
5.155000	0.150000
5.156000	0.167928
5.157000	0.150000
5.158000	0.167928
5.159000	0.167928
5.160000	0.167928
5.161000	0.167928
5.162000	0.150000
5.163000	0.150000
5.164000	0.150000
5.165000	0.150000
5.166000	0.150000
5.167000	0.150000
5.168000	0.114107
5.169000	0.132072
5.170000	0.132072
5.171000	0.132072
5.172000	0.114107
5.173000	0.114107
5.174000	0.114107
5.175000	0.114107
5.176000	0.114107
5.177000	0.132072
5.178000	0.114107
5.179000	0.150000
5.180000	0.150000
5.181000	0.132072
5.182000	0.150000
5.183000	0.167928
5.184000	0.167928
5.185000	0.167928
5.186000	0.150000
5.187000	0.167928
5.188000	0.167928
5.189000	0.150000
5.190000	0.167928
5.191000	0.167928
5.192000	0.167928
5.193000	0.167928
5.194000	0.167928
5.195000	0.150000
5.196000	0.150000
5.197000	0.132072
5.198000	0.132072
5.199000	0.132072
5.200000	0.132072
5.201000	0.114107
5.202000	0.132072
5.203000	0.132072
5.204000	0.114107
5.205000	0.114107
5.206000	0.114107
5.207000	0.114107
5.208000	0.114107
5.209000	0.114107
5.210000	0.150000
5.211000	0.132072
5.212000	0.132072
5.213000	0.150000
5.214000	0.150000
5.215000	0.132072
5.216000	0.150000
5.217000	0.150000
5.218000	0.150000
5.219000	0.167928
5.220000	0.167928
5.221000	0.150000
5.222000	0.150000
5.223000	0.150000
5.224000	0.150000
5.225000	0.150000
5.226000	0.150000
5.227000	0.132072
5.228000	0.132072
5.229000	0.132072
5.230000	0.132072
5.231000	0.132072
5.232000	0.132072
5.233000	0.132072
5.234000	0.114107
5.235000	0.114107
5.236000	0.114107
5.237000	0.114107
5.238000	0.114107
5.239000	0.132072
5.240000	0.114107
5.241000	0.114107
5.242000	0.132072
5.243000	0.132072
5.244000	0.132072
5.245000	0.132072
5.246000	0.132072
5.247000	0.132072
5.248000	0.150000
5.249000	0.150000
5.250000	0.150000
5.251000	0.132072
5.252000	0.150000
5.253000	0.150000
5.254000	0.150000
5.255000	0.150000
5.256000	0.132072
5.257000	0.132072
5.258000	0.132072
5.259000	0.132072
5.260000	0.132072
5.261000	0.114107
5.262000	0.114107
5.263000	0.114107
5.264000	0.132072
5.265000	0.132072
5.266000	0.114107
5.267000	0.114107
5.268000	0.114107
5.269000	0.114107
5.270000	0.114107
5.271000	0.114107
5.272000	0.132072
5.273000	0.132072
5.274000	0.132072
5.275000	0.132072
5.276000	0.132072
5.277000	0.150000
5.278000	0.150000
5.279000	0.150000
5.280000	0.150000
5.281000	0.150000
5.282000	0.150000
5.283000	0.150000
5.284000	0.150000
5.285000	0.150000
5.286000	0.132072
5.287000	0.132072
5.288000	0.132072
5.289000	0.150000
5.290000	0.150000
5.291000	0.132072
5.292000	0.150000
5.293000	0.150000
5.294000	0.150000
5.295000	0.150000
5.296000	0.150000
5.297000	0.132072
5.298000	0.132072
5.299000	0.132072
5.300000	0.132072
5.301000	0.132072
5.302000	0.150000
5.303000	0.132072
5.304000	0.132072
5.305000	0.114107
5.306000	0.132072
5.307000	0.132072
5.308000	0.132072
5.309000	0.132072
5.310000	0.150000
5.311000	0.150000
5.312000	0.150000
5.313000	0.132072
5.314000	0.150000
5.315000	0.132072
5.316000	0.132072
5.317000	0.132072
5.318000	0.114107
5.319000	0.132072
5.320000	0.132072
5.321000	0.132072
5.322000	0.132072
5.323000	0.150000
5.324000	0.132072
5.325000	0.132072
5.326000	0.150000
5.327000	0.150000
5.328000	0.150000
5.329000	0.150000
5.330000	0.150000
5.331000	0.132072
5.332000	0.132072
5.333000	0.132072
5.334000	0.150000
5.335000	0.132072
5.336000	0.132072
5.337000	0.132072
5.338000	0.150000
5.339000	0.150000
5.340000	0.150000
5.341000	0.150000
5.342000	0.167928
5.343000	0.150000
5.344000	0.150000
5.345000	0.114107
5.346000	0.132072
5.347000	0.132072
5.348000	0.132072
5.349000	0.150000
5.350000	0.132072
5.351000	0.114107
5.352000	0.132072
5.353000	0.132072
5.354000	0.150000
5.355000	0.150000
5.356000	0.150000
5.357000	0.132072
5.358000	0.114107
5.359000	0.132072
5.360000	0.150000
5.361000	0.150000
5.362000	0.150000
5.363000	0.132072
5.364000	0.132072
5.365000	0.132072
5.366000	0.132072
5.367000	0.150000
5.368000	0.167928
5.369000	0.167928
5.370000	0.167928
5.371000	0.150000
5.372000	0.132072
5.373000	0.132072
5.374000	0.132072
5.375000	0.132072
5.376000	0.150000
5.377000	0.150000
5.378000	0.150000
5.379000	0.132072
5.380000	0.114107
5.381000	0.132072
5.382000	0.132072
5.383000	0.132072
5.384000	0.132072
5.385000	0.132072
5.386000	0.132072
5.387000	0.132072
5.388000	0.132072
5.389000	0.114107
5.390000	0.150000
5.391000	0.150000
5.392000	0.132072
5.393000	0.150000
5.394000	0.150000
5.395000	0.132072
5.396000	0.150000
5.397000	0.132072
5.398000	0.150000
5.399000	0.150000
5.400000	0.150000
5.401000	0.150000
5.402000	0.150000
5.403000	0.132072
5.404000	0.132072
5.405000	0.132072
5.406000	0.114107
5.407000	0.132072
5.408000	0.114107
5.409000	0.114107
5.410000	0.132072
5.411000	0.132072
5.412000	0.132072
5.413000	0.132072
5.414000	0.132072
5.415000	0.132072
5.416000	0.114107
5.417000	0.096179
5.418000	0.114107
5.419000	0.114107
5.420000	0.114107
5.421000	0.132072
5.422000	0.132072
5.423000	0.132072
5.424000	0.150000
5.425000	0.132072
5.426000	0.150000
5.427000	0.132072
5.428000	0.150000
5.429000	0.132072
5.430000	0.150000
5.431000	0.150000
5.432000	0.150000
5.433000	0.132072
5.434000	0.132072
5.435000	0.132072
5.436000	0.132072
5.437000	0.132072
5.438000	0.132072
5.439000	0.132072
5.440000	0.114107
5.441000	0.132072
5.442000	0.132072
5.443000	0.132072
5.444000	0.114107
5.445000	0.132072
5.446000	0.132072
5.447000	0.114107
5.448000	0.114107
5.449000	0.114107
5.450000	0.132072
5.451000	0.150000
5.452000	0.150000
5.453000	0.132072
5.454000	0.132072
5.455000	0.132072
5.456000	0.132072
5.457000	0.132072
5.458000	0.132072
5.459000	0.132072
5.460000	0.150000
5.461000	0.150000
5.462000	0.150000
5.463000	0.150000
5.464000	0.150000
5.465000	0.150000
5.466000	0.150000
5.467000	0.150000
5.468000	0.150000
5.469000	0.150000
5.470000	0.132072
5.471000	0.132072
5.472000	0.132072
5.473000	0.132072
5.474000	0.132072
5.475000	0.132072
5.476000	0.132072
5.477000	0.150000
5.478000	0.132072
5.479000	0.150000
5.480000	0.132072
5.481000	0.132072
5.482000	0.132072
5.483000	0.150000
5.484000	0.150000
5.485000	0.132072
5.486000	0.150000
5.487000	0.132072
5.488000	0.150000
5.489000	0.150000
5.490000	0.150000
5.491000	0.132072
5.492000	0.167928
5.493000	0.167928
5.494000	0.150000
5.495000	0.150000
5.496000	0.150000
5.497000	0.150000
5.498000	0.167928
5.499000	0.150000
