-0.500000	0.179968
-0.499000	0.179968
-0.498000	0.179968
-0.497000	0.179968
-0.496000	0.179968
-0.495000	0.179968
-0.494000	0.179968
-0.493000	0.188996
-0.492000	0.188996
-0.491000	0.179968
-0.490000	0.188996
-0.489000	0.179968
-0.488000	0.188996
-0.487000	0.179968
-0.486000	0.188996
-0.485000	0.188996
-0.484000	0.179968
-0.483000	0.188996
-0.482000	0.188996
-0.481000	0.179968
-0.480000	0.179968
-0.479000	0.179968
-0.478000	0.179968
-0.477000	0.179968
-0.476000	0.198043
-0.475000	0.179968
-0.474000	0.179968
-0.473000	0.188996
-0.472000	0.179968
-0.471000	0.188996
-0.470000	0.188996
-0.469000	0.170940
-0.468000	0.179968
-0.467000	0.188996
-0.466000	0.179968
-0.465000	0.179968
-0.464000	0.179968
-0.463000	0.179968
-0.462000	0.179968
-0.461000	0.198043
-0.460000	0.179968
-0.459000	0.188996
-0.458000	0.188996
-0.457000	0.179968
-0.456000	0.188996
-0.455000	0.179968
-0.454000	0.188996
-0.453000	0.188996
-0.452000	0.179968
-0.451000	0.179968
-0.450000	0.188996
-0.449000	0.188996
-0.448000	0.188996
-0.447000	0.179968
-0.446000	0.179968
-0.445000	0.179968
-0.444000	0.198043
-0.443000	0.198043
-0.442000	0.179968
-0.441000	0.188996
-0.440000	0.179968
-0.439000	0.179968
-0.438000	0.179968
-0.437000	0.188996
-0.436000	0.198043
-0.435000	0.188996
-0.434000	0.179968
-0.433000	0.188996
-0.432000	0.170940
-0.431000	0.179968
-0.430000	0.188996
-0.429000	0.188996
-0.428000	0.179968
-0.427000	0.179968
-0.426000	0.179968
-0.425000	0.179968
-0.424000	0.170940
-0.423000	0.198043
-0.422000	0.188996
-0.421000	0.188996
-0.420000	0.188996
-0.419000	0.188996
-0.418000	0.179968
-0.417000	0.188996
-0.416000	0.188996
-0.415000	0.188996
-0.414000	0.179968
-0.413000	0.179968
-0.412000	0.170940
-0.411000	0.179968
-0.410000	0.179968
-0.409000	0.188996
-0.408000	0.179968
-0.407000	0.188996
-0.406000	0.188996
-0.405000	0.179968
-0.404000	0.188996
-0.403000	0.179968
-0.402000	0.179968
-0.401000	0.188996
-0.400000	0.188996
-0.399000	0.179968
-0.398000	0.179968
-0.397000	0.170940
-0.396000	0.179968
-0.395000	0.188996
-0.394000	0.179968
-0.393000	0.179968
-0.392000	0.179968
-0.391000	0.179968
-0.390000	0.188996
-0.389000	0.179968
-0.388000	0.198043
-0.387000	0.188996
-0.386000	0.179968
-0.385000	0.179968
-0.384000	0.188996
-0.383000	0.188996
-0.382000	0.188996
-0.381000	0.179968
-0.380000	0.179968
-0.379000	0.179968
-0.378000	0.188996
-0.377000	0.179968
-0.376000	0.188996
-0.375000	0.188996
-0.374000	0.179968
-0.373000	0.179968
-0.372000	0.188996
-0.371000	0.179968
-0.370000	0.179968
-0.369000	0.188996
-0.368000	0.179968
-0.367000	0.188996
-0.366000	0.179968
-0.365000	0.179968
-0.364000	0.179968
-0.363000	0.198043
-0.362000	0.188996
-0.361000	0.188996
-0.360000	0.188996
-0.359000	0.188996
-0.358000	0.188996
-0.357000	0.179968
-0.356000	0.179968
-0.355000	0.170940
-0.354000	0.179968
-0.353000	0.188996
-0.352000	0.179968
-0.351000	0.188996
-0.350000	0.188996
-0.349000	0.188996
-0.348000	0.170940
-0.347000	0.179968
-0.346000	0.179968
-0.345000	0.188996
-0.344000	0.188996
-0.343000	0.170940
-0.342000	0.179968
-0.341000	0.188996
-0.340000	0.179968
-0.339000	0.188996
-0.338000	0.179968
-0.337000	0.179968
-0.336000	0.179968
-0.335000	0.179968
-0.334000	0.179968
-0.333000	0.179968
-0.332000	0.179968
-0.331000	0.170940
-0.330000	0.188996
-0.329000	0.179968
-0.328000	0.179968
-0.327000	0.179968
-0.326000	0.170940
-0.325000	0.188996
-0.324000	0.179968
-0.323000	0.170940
-0.322000	0.170940
-0.321000	0.198043
-0.320000	0.188996
-0.319000	0.188996
-0.318000	0.198043
-0.317000	0.179968
-0.316000	0.170940
-0.315000	0.179968
-0.314000	0.179968
-0.313000	0.170940
-0.312000	0.179968
-0.311000	0.170940
-0.310000	0.179968
-0.309000	0.188996
-0.308000	0.179968
-0.307000	0.179968
-0.306000	0.179968
-0.305000	0.179968
-0.304000	0.179968
-0.303000	0.179968
-0.302000	0.179968
-0.301000	0.179968
-0.300000	0.188996
-0.299000	0.188996
-0.298000	0.179968
-0.297000	0.179968
-0.296000	0.188996
-0.295000	0.188996
-0.294000	0.179968
-0.293000	0.179968
-0.292000	0.179968
-0.291000	0.179968
-0.290000	0.179968
-0.289000	0.188996
-0.288000	0.198043
-0.287000	0.179968
-0.286000	0.188996
-0.285000	0.198043
-0.284000	0.188996
-0.283000	0.188996
-0.282000	0.179968
-0.281000	0.170940
-0.280000	0.179968
-0.279000	0.179968
-0.278000	0.179968
-0.277000	0.179968
-0.276000	0.198043
-0.275000	0.188996
-0.274000	0.179968
-0.273000	0.188996
-0.272000	0.179968
-0.271000	0.179968
-0.270000	0.179968
-0.269000	0.179968
-0.268000	0.188996
-0.267000	0.179968
-0.266000	0.179968
-0.265000	0.188996
-0.264000	0.188996
-0.263000	0.170940
-0.262000	0.179968
-0.261000	0.179968
-0.260000	0.188996
-0.259000	0.188996
-0.258000	0.179968
-0.257000	0.188996
-0.256000	0.188996
-0.255000	0.188996
-0.254000	0.179968
-0.253000	0.188996
-0.252000	0.170940
-0.251000	0.179968
-0.250000	0.188996
-0.249000	0.179968
-0.248000	0.179968
-0.247000	0.179968
-0.246000	0.188996
-0.245000	0.188996
-0.244000	0.179968
-0.243000	0.179968
-0.242000	0.179968
-0.241000	0.198043
-0.240000	0.179968
-0.239000	0.179968
-0.238000	0.188996
-0.237000	0.179968
-0.236000	0.179968
-0.235000	0.188996
-0.234000	0.179968
-0.233000	0.179968
-0.232000	0.179968
-0.231000	0.188996
-0.230000	0.179968
-0.229000	0.179968
-0.228000	0.188996
-0.227000	0.179968
-0.226000	0.179968
-0.225000	0.188996
-0.224000	0.179968
-0.223000	0.170940
-0.222000	0.179968
-0.221000	0.188996
-0.220000	0.179968
-0.219000	0.179968
-0.218000	0.188996
-0.217000	0.188996
-0.216000	0.179968
-0.215000	0.179968
-0.214000	0.179968
-0.213000	0.188996
-0.212000	0.179968
-0.211000	0.179968
-0.210000	0.179968
-0.209000	0.179968
-0.208000	0.179968
-0.207000	0.170940
-0.206000	0.179968
-0.205000	0.188996
-0.204000	0.198043
-0.203000	0.188996
-0.202000	0.188996
-0.201000	0.188996
-0.200000	0.188996
-0.199000	0.179968
-0.198000	0.188996
-0.197000	0.170940
-0.196000	0.179968
-0.195000	0.179968
-0.194000	0.188996
-0.193000	0.179968
-0.192000	0.188996
-0.191000	0.179968
-0.190000	0.179968
-0.189000	0.179968
-0.188000	0.188996
-0.187000	0.188996
-0.186000	0.179968
-0.185000	0.188996
-0.184000	0.179968
-0.183000	0.179968
-0.182000	0.179968
-0.181000	0.179968
-0.180000	0.179968
-0.179000	0.188996
-0.178000	0.170940
-0.177000	0.179968
-0.176000	0.188996
-0.175000	0.179968
-0.174000	0.188996
-0.173000	0.179968
-0.172000	0.188996
-0.171000	0.179968
-0.170000	0.188996
-0.169000	0.179968
-0.168000	0.179968
-0.167000	0.188996
-0.166000	0.188996
-0.165000	0.188996
-0.164000	0.179968
-0.163000	0.179968
-0.162000	0.170940
-0.161000	0.179968
-0.160000	0.179968
-0.159000	0.179968
-0.158000	0.188996
-0.157000	0.179968
-0.156000	0.198043
-0.155000	0.179968
-0.154000	0.179968
-0.153000	0.179968
-0.152000	0.179968
-0.151000	0.170940
-0.150000	0.198043
-0.149000	0.188996
-0.148000	0.170940
-0.147000	0.179968
-0.146000	0.179968
-0.145000	0.179968
-0.144000	0.188996
-0.143000	0.179968
-0.142000	0.179968
-0.141000	0.179968
-0.140000	0.188996
-0.139000	0.179968
-0.138000	0.179968
-0.137000	0.179968
-0.136000	0.179968
-0.135000	0.188996
-0.134000	0.188996
-0.133000	0.170940
-0.132000	0.179968
-0.131000	0.179968
-0.130000	0.198043
-0.129000	0.188996
-0.128000	0.179968
-0.127000	0.179968
-0.126000	0.188996
-0.125000	0.179968
-0.124000	0.188996
-0.123000	0.179968
-0.122000	0.179968
-0.121000	0.179968
-0.120000	0.188996
-0.119000	0.179968
-0.118000	0.179968
-0.117000	0.188996
-0.116000	0.188996
-0.115000	0.179968
-0.114000	0.179968
-0.113000	0.170940
-0.112000	0.188996
-0.111000	0.179968
-0.110000	0.179968
-0.109000	0.179968
-0.108000	0.179968
-0.107000	0.179968
-0.106000	0.188996
-0.105000	0.179968
-0.104000	0.188996
-0.103000	0.188996
-0.102000	0.170940
-0.101000	0.179968
-0.100000	0.179968
-0.099000	0.188996
-0.098000	0.188996
-0.097000	0.188996
-0.096000	0.179968
-0.095000	0.179968
-0.094000	0.188996
-0.093000	0.188996
-0.092000	0.179968
-0.091000	0.179968
-0.090000	0.179968
-0.089000	0.179968
-0.088000	0.188996
-0.087000	0.188996
-0.086000	0.188996
-0.085000	0.188996
-0.084000	0.179968
-0.083000	0.179968
-0.082000	0.188996
-0.081000	0.179968
-0.080000	0.188996
-0.079000	0.188996
-0.078000	0.188996
-0.077000	0.188996
-0.076000	0.188996
-0.075000	0.188996
-0.074000	0.179968
-0.073000	0.198043
-0.072000	0.179968
-0.071000	0.198043
-0.070000	0.170940
-0.069000	0.188996
-0.068000	0.170940
-0.067000	0.179968
-0.066000	0.188996
-0.065000	0.179968
-0.064000	0.179968
-0.063000	0.188996
-0.062000	0.179968
-0.061000	0.179968
-0.060000	0.188996
-0.059000	0.179968
-0.058000	0.179968
-0.057000	0.179968
-0.056000	0.179968
-0.055000	0.179968
-0.054000	0.179968
-0.053000	0.188996
-0.052000	0.170940
-0.051000	0.179968
-0.050000	0.179968
-0.049000	0.179968
-0.048000	0.188996
-0.047000	0.170940
-0.046000	0.179968
-0.045000	0.179968
-0.044000	0.179968
-0.043000	0.170940
-0.042000	0.179968
-0.041000	0.188996
-0.040000	0.188996
-0.039000	0.170940
-0.038000	0.179968
-0.037000	0.179968
-0.036000	0.188996
-0.035000	0.188996
-0.034000	0.179968
-0.033000	0.179968
-0.032000	0.152865
-0.031000	0.143837
-0.030000	0.143837
-0.029000	0.125763
-0.028000	0.125763
-0.027000	0.116735
-0.026000	0.116735
-0.025000	0.098679
-0.024000	0.089633
-0.023000	0.071576
-0.022000	0.053502
-0.021000	0.053502
-0.020000	0.053502
-0.019000	0.062530
-0.018000	0.044474
-0.017000	0.053502
-0.016000	0.071576
-0.015000	0.062530
-0.014000	0.062530
-0.013000	0.044474
-0.012000	0.053502
-0.011000	0.053502
-0.010000	0.044474
-0.009000	0.071576
-0.008000	0.071576
-0.007000	0.044474
-0.006000	0.053502
-0.005000	0.089633
-0.004000	0.098679
-0.003000	0.098679
-0.002000	0.107707
-0.001000	0.098679
0.000000	0.080605
0.001000	0.116735
0.002000	0.143837
0.003000	0.161912
0.004000	0.207071
0.005000	0.207071
0.006000	0.234173
0.007000	0.306434
0.008000	0.351592
0.009000	0.414825
0.010000	0.487105
0.011000	0.532264
0.012000	0.595496
0.013000	0.694860
0.014000	0.803270
0.015000	0.857457
0.016000	0.866485
0.017000	0.956820
0.018000	1.029100
0.019000	0.965866
0.020000	1.002000
0.021000	1.065230
0.022000	0.884559
0.023000	0.803270
0.024000	0.893587
0.025000	0.983922
0.026000	0.902633
0.027000	0.685832
0.028000	0.848429
0.029000	0.649701
0.030000	0.288360
0.031000	0.830354
0.032000	1.029100
0.033000	0.577422
0.034000	0.776168
0.035000	0.198043
0.036000	-0.470418
0.037000	0.270304
0.038000	0.487105
0.039000	0.450975
0.040000	0.866485
0.041000	0.252229
0.042000	-0.434288
0.043000	-0.063918
0.044000	0.062530
0.045000	0.297406
0.046000	0.749065
0.047000	0.469031
0.048000	0.143837
0.049000	0.170940
0.050000	0.252229
0.051000	0.559366
0.052000	0.794224
0.053000	0.749065
0.054000	0.703888
0.055000	0.767121
0.056000	0.965866
0.057000	1.218780
0.058000	1.354290
0.059000	1.390420
0.060000	1.282010
0.061000	1.345250
0.062000	1.489790
0.063000	1.516890
0.064000	1.688510
0.065000	1.824010
0.066000	1.824010
0.067000	1.869180
0.068000	1.769820
0.069000	1.833050
0.070000	1.869180
0.071000	1.814980
0.072000	1.914340
0.073000	1.968550
0.074000	1.860140
0.075000	1.887240
0.076000	1.878210
0.077000	1.679490
0.078000	1.706590
0.079000	1.706590
0.080000	1.679490
0.081000	1.914340
0.082000	2.013710
0.083000	1.724640
0.084000	1.589150
0.085000	1.589150
0.086000	1.625280
0.087000	1.760770
0.088000	1.851110
0.089000	1.769820
0.090000	1.643360
0.091000	1.625280
0.092000	1.616250
0.093000	1.625280
0.094000	1.706590
0.095000	1.733670
0.096000	1.724640
0.097000	1.733670
0.098000	1.733670
0.099000	1.769820
0.100000	1.869180
0.101000	1.941450
0.102000	1.851110
0.103000	1.796900
0.104000	0.351592
0.105000	-0.732378
0.106000	4.425570
0.107000	3.251260
0.108000	-0.587856
0.109000	1.742720
0.110000	2.438260
0.111000	2.637010
0.112000	2.917020
0.113000	2.600860
0.114000	2.871870
0.115000	3.377730
0.116000	4.669470
0.117000	4.055220
0.118000	2.727330
0.119000	3.693890
0.120000	4.886280
0.121000	3.928750
0.122000	4.154580
0.123000	3.693890
0.124000	3.630660
0.125000	4.723680
0.126000	4.407510
0.127000	2.962200
0.128000	2.790560
0.129000	3.115770
0.130000	2.817660
0.131000	1.047160
0.132000	1.029100
0.133000	0.965866
0.134000	1.417530
0.135000	2.203410
0.136000	1.363320
0.137000	1.209750
0.138000	0.405797
0.139000	0.595496
0.140000	1.272990
0.141000	1.191700
0.142000	1.860140
0.143000	2.555700
0.144000	0.758093
0.145000	0.785196
0.146000	1.282010
0.147000	1.625280
0.148000	2.131140
0.149000	2.591830
0.150000	1.905320
0.151000	2.058880
0.152000	2.257610
0.153000	2.113070
0.154000	2.257610
0.155000	2.618930
0.156000	3.088670
0.157000	3.233190
0.158000	2.935100
0.159000	2.528600
0.160000	2.736370
0.161000	3.142850
0.162000	3.531280
0.163000	2.935100
0.164000	2.944130
0.165000	3.043490
0.166000	3.404830
0.167000	3.558380
0.168000	3.368680
0.169000	3.043490
0.170000	3.278370
0.171000	3.332550
0.172000	3.404830
0.173000	3.377730
0.174000	2.718300
0.175000	0.938764
0.176000	4.786910
0.177000	3.720980
0.178000	0.839401
0.179000	3.151900
0.180000	3.278370
0.181000	2.402130
0.182000	2.519570
0.183000	2.926070
0.184000	3.088670
0.185000	3.901650
0.186000	4.145550
0.187000	1.950470
0.188000	0.315462
0.189000	3.739050
0.190000	4.154580
0.191000	1.218780
0.192000	2.375030
0.193000	1.959520
0.194000	2.194380
0.195000	4.290080
0.196000	2.275670
0.197000	0.658729
0.198000	2.411180
0.199000	3.296420
0.200000	4.317180
0.201000	8.345980
0.202000	6.954870
0.203000	3.558380
0.204000	3.097700
0.205000	4.037140
0.206000	4.949510
0.207000	5.211470
0.208000	4.660450
0.209000	2.844760
0.210000	2.989300
0.211000	9.375760
0.212000	7.623330
0.213000	1.462680
0.214000	2.745400
0.215000	5.103060
0.216000	3.820340
0.217000	3.007360
0.218000	1.453660
0.219000	0.703888
0.220000	2.356970
0.221000	3.206090
0.222000	1.444610
0.223000	0.098679
0.224000	1.263960
0.225000	2.058880
0.226000	0.848429
0.227000	-0.398157
0.228000	-0.244588
0.229000	0.694860
0.230000	2.049840
0.231000	1.543990
0.232000	0.143837
0.233000	0.234173
0.234000	0.767121
0.235000	0.767121
0.236000	1.769820
0.237000	2.898970
0.238000	2.176300
0.239000	1.254930
0.240000	0.893587
0.241000	1.029100
0.242000	0.974894
0.243000	0.767121
0.244000	0.803270
0.245000	0.613571
0.246000	0.821326
0.247000	1.164590
0.248000	0.297406
0.249000	0.152865
0.250000	1.047160
0.251000	0.487105
0.252000	-0.389129
0.253000	-0.542679
0.254000	-0.605912
0.255000	0.053502
0.256000	0.523236
0.257000	-0.488493
0.258000	-1.418910
0.259000	-1.256320
0.260000	-1.003380
0.261000	-0.786583
0.262000	-0.867890
0.263000	-1.156950
0.264000	-1.075650
0.265000	-1.202110
0.266000	-1.256320
0.267000	-1.111780
0.268000	-1.364710
0.269000	-1.500200
0.270000	-1.382780
0.271000	-1.265340
0.272000	-0.651089
0.273000	-0.515595
0.274000	-1.075650
0.275000	-0.894974
0.276000	-0.244588
0.277000	0.080605
0.278000	0.008344
0.279000	-0.063918
0.280000	0.216099
0.281000	0.866485
0.282000	1.390420
0.283000	1.562050
0.284000	1.390420
0.285000	1.643360
0.286000	2.040810
0.287000	2.085970
0.288000	2.230510
0.289000	2.393100
0.290000	2.501500
0.291000	2.790560
0.292000	2.962200
0.293000	2.826710
0.294000	2.998330
0.295000	3.224160
0.296000	3.169960
0.297000	3.341600
0.298000	1.860140
0.299000	0.414825
0.300000	1.038130
0.301000	1.787880
0.302000	2.329870
0.303000	2.664090
0.304000	1.724640
0.305000	1.254930
0.306000	1.769820
0.307000	2.113070
0.308000	2.356970
0.309000	2.582800
0.310000	2.510540
0.311000	2.176300
0.312000	1.580120
0.313000	1.462680
0.314000	1.905320
0.315000	2.167280
0.316000	2.338900
0.317000	2.058880
0.318000	1.453660
0.319000	1.444610
0.320000	1.670460
0.321000	1.706590
0.322000	1.796900
0.323000	1.697540
0.324000	1.363320
0.325000	1.263960
0.326000	1.173620
0.327000	1.137490
0.328000	1.272990
0.329000	1.164590
0.330000	1.065230
0.331000	1.020050
0.332000	0.920689
0.333000	0.974894
0.334000	0.974894
0.335000	0.830354
0.336000	0.875531
0.337000	0.884559
0.338000	0.740037
0.339000	0.821326
0.340000	0.893587
0.341000	0.767121
0.342000	0.785196
0.343000	0.740037
0.344000	0.622599
0.345000	0.685832
0.346000	0.767121
0.347000	0.767121
0.348000	0.740037
0.349000	0.812298
0.350000	0.902633
0.351000	0.866485
0.352000	0.983922
0.353000	0.956820
0.354000	0.974894
0.355000	0.875531
0.356000	0.983922
0.357000	0.992950
0.358000	1.191700
0.359000	1.101360
0.360000	0.974894
0.361000	0.983922
0.362000	1.110390
0.363000	1.137490
0.364000	1.318160
0.365000	1.869180
0.366000	1.417530
0.367000	1.110390
0.368000	1.354290
0.369000	1.146520
0.370000	1.191700
0.371000	1.543990
0.372000	1.236850
0.373000	1.155550
0.374000	1.282010
0.375000	1.417530
0.376000	1.272990
0.377000	1.968550
0.378000	1.507840
0.379000	-0.614959
0.380000	0.161912
0.381000	1.697540
0.382000	1.480760
0.383000	2.031780
0.384000	1.995650
0.385000	0.595496
0.386000	0.884559
0.387000	0.658729
0.388000	-0.136197
0.389000	0.875531
0.390000	1.769820
0.391000	1.336220
0.392000	0.920689
0.393000	0.595496
0.394000	1.128460
0.395000	1.905320
0.396000	1.254930
0.397000	0.776168
0.398000	0.568394
0.399000	0.740037
0.400000	1.417530
0.401000	0.911661
0.402000	0.396769
0.403000	1.272990
0.404000	1.345250
0.405000	0.956820
0.406000	0.929717
0.407000	0.441928
0.408000	1.218780
0.409000	1.589150
0.410000	0.640655
0.411000	0.152865
0.412000	0.207071
0.413000	-0.000703
0.414000	0.360639
0.415000	0.333536
0.416000	-0.443316
0.417000	0.360639
0.418000	0.478059
0.419000	-0.316849
0.420000	-0.000703
0.421000	-0.145225
0.422000	-0.145225
0.423000	0.640655
0.424000	0.234173
0.425000	-0.226532
0.426000	-0.036833
0.427000	-0.497521
0.428000	-0.795611
0.429000	-0.578828
0.430000	-0.352980
0.431000	-0.533651
0.432000	-0.759480
0.433000	-0.651089
0.434000	-0.154253
0.435000	-0.145225
0.436000	0.125763
0.437000	-0.009731
0.438000	0.080605
0.439000	0.125763
0.440000	0.071576
0.441000	-0.352980
0.442000	-0.334924
0.443000	-0.253616
0.444000	-0.533651
0.445000	-0.488493
0.446000	-0.280719
0.447000	-0.470418
0.448000	-0.434288
0.449000	-0.334924
0.450000	-0.452362
0.451000	-0.009731
0.452000	0.071576
0.453000	-0.036833
0.454000	-0.063918
0.455000	-0.072964
0.456000	-0.018759
0.457000	0.198043
0.458000	-0.091020
0.459000	-0.389129
0.460000	-0.244588
0.461000	-0.081992
0.462000	-0.226532
0.463000	-0.100067
0.464000	0.062530
0.465000	-0.100067
0.466000	-0.036833
0.467000	0.234173
0.468000	0.035446
0.469000	0.107707
0.470000	0.351592
0.471000	0.143837
0.472000	0.179968
0.473000	0.288360
0.474000	0.080605
0.475000	0.008344
0.476000	0.161912
0.477000	0.207071
0.478000	0.351592
0.479000	0.496133
0.480000	0.414825
0.481000	0.387741
0.482000	0.658729
0.483000	0.776168
0.484000	0.730990
0.485000	0.730990
0.486000	0.803270
0.487000	0.730990
0.488000	0.785196
0.489000	0.812298
0.490000	0.749065
0.491000	0.830354
0.492000	0.956820
0.493000	0.992950
0.494000	0.884559
0.495000	1.119420
0.496000	1.029100
0.497000	1.002000
0.498000	1.119420
0.499000	1.029100
0.500000	0.866485
0.501000	0.974894
0.502000	0.857457
0.503000	0.631627
0.504000	0.803270
0.505000	0.749065
0.506000	0.676804
0.507000	0.703888
0.508000	0.785196
0.509000	0.604524
0.510000	0.794224
0.511000	0.767121
0.512000	0.730990
0.513000	0.749065
0.514000	0.839401
0.515000	0.730990
0.516000	0.703888
0.517000	0.703888
0.518000	0.721963
0.519000	0.658729
0.520000	0.586468
0.521000	0.640655
0.522000	0.577422
0.523000	0.685832
0.524000	0.740037
0.525000	0.658729
0.526000	0.785196
0.527000	0.694860
0.528000	0.595496
0.529000	0.712934
0.530000	0.740037
0.531000	0.604524
0.532000	0.721963
0.533000	0.685832
0.534000	0.595496
0.535000	0.640655
0.536000	0.730990
0.537000	0.568394
0.538000	0.559366
0.539000	0.767121
0.540000	0.794224
0.541000	0.703888
0.542000	0.694860
0.543000	0.893587
0.544000	0.866485
0.545000	0.929717
0.546000	0.920689
0.547000	0.694860
0.548000	0.604524
0.549000	0.712934
0.550000	0.712934
0.551000	0.911661
0.552000	0.884559
0.553000	0.884559
0.554000	0.974894
0.555000	0.893587
0.556000	0.866485
0.557000	1.101360
0.558000	0.947792
0.559000	0.929717
0.560000	1.011030
0.561000	0.956820
0.562000	0.857457
0.563000	0.911661
0.564000	0.830354
0.565000	0.794224
0.566000	1.002000
0.567000	0.875531
0.568000	0.749065
0.569000	0.776168
0.570000	0.857457
0.571000	0.794224
0.572000	0.992950
0.573000	0.839401
0.574000	0.667757
0.575000	0.667757
0.576000	0.694860
0.577000	0.532264
0.578000	0.631627
0.579000	0.649701
0.580000	0.577422
0.581000	0.758093
0.582000	0.749065
0.583000	0.712934
0.584000	0.613571
0.585000	0.658729
0.586000	0.758093
0.587000	0.667757
0.588000	0.785196
0.589000	0.920689
0.590000	0.469031
0.591000	0.613571
0.592000	0.658729
0.593000	0.441928
0.594000	0.541292
0.595000	0.712934
0.596000	0.676804
0.597000	0.812298
0.598000	0.947792
0.599000	1.011030
0.600000	1.002000
0.601000	0.938764
0.602000	1.101360
0.603000	1.011030
0.604000	0.676804
0.605000	0.758093
0.606000	0.992950
0.607000	0.974894
0.608000	0.956820
0.609000	1.200720
0.610000	1.002000
0.611000	0.983922
0.612000	1.309120
0.613000	1.309120
0.614000	1.155550
0.615000	1.164590
0.616000	1.182650
0.617000	1.327190
0.618000	1.453660
0.619000	1.092330
0.620000	1.146520
0.621000	1.354290
0.622000	1.263960
0.623000	1.119420
0.624000	1.417530
0.625000	1.408480
0.626000	1.263960
0.627000	1.444610
0.628000	1.534940
0.629000	1.245880
0.630000	1.480760
0.631000	1.562050
0.632000	1.119420
0.633000	1.182650
0.634000	1.553020
0.635000	1.607220
0.636000	1.562050
0.637000	1.661410
0.638000	1.426550
0.639000	1.417530
0.640000	1.571080
0.641000	1.525920
0.642000	1.381400
0.643000	1.534940
0.644000	1.390420
0.645000	1.282010
0.646000	1.453660
0.647000	1.435580
0.648000	1.272990
0.649000	1.498810
0.650000	1.399450
0.651000	1.182650
0.652000	1.354290
0.653000	1.282010
0.654000	1.146520
0.655000	1.408480
0.656000	1.426550
0.657000	1.309120
0.658000	1.507840
0.659000	1.543990
0.660000	1.390420
0.661000	1.977580
0.662000	1.074260
0.663000	-0.054890
0.664000	0.423872
0.665000	0.857457
0.666000	0.740037
0.667000	1.020050
0.668000	0.884559
0.669000	0.694860
0.670000	0.956820
0.671000	1.029100
0.672000	0.685832
0.673000	0.649701
0.674000	1.056180
0.675000	0.767121
0.676000	0.107707
0.677000	0.658729
0.678000	1.327190
0.679000	1.074260
0.680000	0.992950
0.681000	0.902633
0.682000	0.523236
0.683000	0.667757
0.684000	1.092330
0.685000	0.712934
0.686000	0.604524
0.687000	1.029100
0.688000	0.857457
0.689000	0.487105
0.690000	0.550338
0.691000	0.721963
0.692000	0.649701
0.693000	0.559366
0.694000	0.487105
0.695000	0.414825
0.696000	0.469031
0.697000	0.712934
0.698000	0.514208
0.699000	0.414825
0.700000	0.676804
0.701000	0.712934
0.702000	0.423872
0.703000	0.378695
0.704000	0.405797
0.705000	0.469031
0.706000	0.613571
0.707000	0.586468
0.708000	0.505161
0.709000	0.586468
0.710000	0.658729
0.711000	0.432900
0.712000	0.333536
0.713000	0.505161
0.714000	0.667757
0.715000	0.604524
0.716000	0.550338
0.717000	0.649701
0.718000	0.685832
0.719000	0.640655
0.720000	0.676804
0.721000	0.694860
0.722000	0.721963
0.723000	0.848429
0.724000	0.758093
0.725000	0.676804
0.726000	0.749065
0.727000	0.758093
0.728000	0.676804
0.729000	0.712934
0.730000	0.776168
0.731000	0.830354
0.732000	0.839401
0.733000	0.812298
0.734000	0.758093
0.735000	0.776168
0.736000	0.803270
0.737000	0.767121
0.738000	0.712934
0.739000	0.694860
0.740000	0.712934
0.741000	0.712934
0.742000	0.703888
0.743000	0.658729
0.744000	0.622599
0.745000	0.613571
0.746000	0.541292
0.747000	0.450975
0.748000	0.478059
0.749000	0.523236
0.750000	0.450975
0.751000	0.369667
0.752000	0.378695
0.753000	0.414825
0.754000	0.423872
0.755000	0.387741
0.756000	0.315462
0.757000	0.324508
0.758000	0.342564
0.759000	0.333536
0.760000	0.261276
0.761000	0.225145
0.762000	0.252229
0.763000	0.234173
0.764000	0.207071
0.765000	0.225145
0.766000	0.252229
0.767000	0.207071
0.768000	0.188996
0.769000	0.188996
0.770000	0.216099
0.771000	0.279332
0.772000	0.324508
0.773000	0.279332
0.774000	0.252229
0.775000	0.297406
0.776000	0.279332
0.777000	0.243201
0.778000	0.243201
0.779000	0.243201
0.780000	0.342564
0.781000	0.306434
0.782000	0.288360
0.783000	0.360639
0.784000	0.369667
0.785000	0.297406
0.786000	0.270304
0.787000	0.188996
0.788000	0.170940
0.789000	0.270304
0.790000	0.306434
0.791000	0.270304
0.792000	0.270304
0.793000	0.297406
0.794000	0.234173
0.795000	0.161912
0.796000	0.080605
0.797000	-0.000703
0.798000	0.044474
0.799000	0.125763
0.800000	0.017371
0.801000	0.053502
0.802000	0.207071
0.803000	0.107707
0.804000	-0.036833
0.805000	0.035446
0.806000	0.017371
0.807000	0.044474
0.808000	0.026400
0.809000	-0.018759
0.810000	-0.009731
0.811000	0.026400
0.812000	-0.045862
0.813000	-0.127151
0.814000	-0.100067
0.815000	-0.100067
0.816000	-0.127151
0.817000	-0.118123
0.818000	-0.145225
0.819000	-0.136197
0.820000	-0.181355
0.821000	-0.217486
0.822000	-0.172327
0.823000	-0.253616
0.824000	-0.235560
0.825000	-0.127151
0.826000	-0.235560
0.827000	-0.190383
0.828000	-0.072964
0.829000	-0.253616
0.830000	-0.136197
0.831000	-0.054890
0.832000	-0.226532
0.833000	-0.163299
0.834000	-0.054890
0.835000	-0.226532
0.836000	-0.136197
0.837000	-0.172327
0.838000	-0.244588
0.839000	-0.154253
0.840000	-0.181355
0.841000	-0.253616
0.842000	-0.172327
0.843000	-0.172327
0.844000	-0.163299
0.845000	-0.091020
0.846000	-0.036833
0.847000	-0.145225
0.848000	-0.145225
0.849000	-0.109095
0.850000	-0.181355
0.851000	-0.262663
0.852000	-0.217486
0.853000	-0.280719
0.854000	-0.244588
0.855000	-0.271691
0.856000	-0.253616
0.857000	-0.262663
0.858000	-0.235560
0.859000	-0.163299
0.860000	-0.271691
0.861000	-0.136197
0.862000	-0.054890
0.863000	-0.271691
0.864000	-0.118123
0.865000	-0.054890
0.866000	-0.371054
0.867000	-0.262663
0.868000	-0.045862
0.869000	-0.235560
0.870000	-0.091020
0.871000	0.008344
0.872000	-0.199430
0.873000	-0.118123
0.874000	-0.009731
0.875000	-0.136197
0.876000	-0.109095
0.877000	-0.063918
0.878000	-0.000703
0.879000	0.017371
0.880000	-0.127151
0.881000	-0.063918
0.882000	0.044474
0.883000	-0.127151
0.884000	-0.036833
0.885000	0.188996
0.886000	-0.018759
0.887000	-0.000703
0.888000	0.116735
0.889000	0.071576
0.890000	0.107707
0.891000	0.026400
0.892000	-0.027787
0.893000	0.143837
0.894000	0.116735
0.895000	-0.054890
0.896000	0.071576
0.897000	0.053502
0.898000	0.044474
0.899000	0.116735
0.900000	-0.036833
0.901000	0.017371
0.902000	0.098679
0.903000	-0.009731
0.904000	0.107707
0.905000	0.053502
0.906000	-0.036833
0.907000	0.116735
0.908000	0.008344
0.909000	-0.118123
0.910000	-0.027787
0.911000	-0.118123
0.912000	-0.190383
0.913000	-0.054890
0.914000	-0.072964
0.915000	-0.154253
0.916000	-0.027787
0.917000	-0.027787
0.918000	-0.009731
0.919000	-0.091020
0.920000	-0.136197
0.921000	-0.054890
0.922000	-0.000703
0.923000	-0.190383
0.924000	-0.081992
0.925000	-0.091020
0.926000	-0.127151
0.927000	-0.036833
0.928000	-0.072964
0.929000	-0.136197
0.930000	-0.036833
0.931000	-0.091020
0.932000	-0.136197
0.933000	-0.081992
0.934000	0.008344
0.935000	-0.018759
0.936000	-0.190383
0.937000	-0.036833
0.938000	0.017371
0.939000	-0.226532
0.940000	-0.181355
0.941000	-0.036833
0.942000	-0.100067
0.943000	-0.091020
0.944000	-0.081992
0.945000	-0.063918
0.946000	-0.036833
0.947000	-0.054890
0.948000	-0.000703
0.949000	-0.009731
0.950000	0.026400
0.951000	-0.081992
0.952000	-0.009731
0.953000	-0.036833
0.954000	-0.100067
0.955000	0.017371
0.956000	0.071576
0.957000	-0.027787
0.958000	0.107707
0.959000	0.071576
0.960000	0.044474
0.961000	0.044474
0.962000	0.098679
0.963000	0.089633
0.964000	-0.081992
0.965000	0.008344
0.966000	0.225145
0.967000	0.161912
0.968000	0.170940
0.969000	0.324508
0.970000	0.152865
0.971000	0.179968
0.972000	0.098679
0.973000	0.062530
0.974000	0.116735
0.975000	0.243201
0.976000	0.161912
0.977000	0.207071
0.978000	0.216099
0.979000	0.152865
0.980000	0.252229
0.981000	0.225145
0.982000	0.161912
0.983000	0.179968
0.984000	0.216099
0.985000	0.270304
0.986000	0.360639
0.987000	0.297406
0.988000	0.288360
0.989000	0.315462
0.990000	0.288360
0.991000	0.387741
0.992000	0.396769
0.993000	0.360639
0.994000	0.414825
0.995000	0.342564
0.996000	0.423872
0.997000	0.523236
0.998000	0.351592
0.999000	0.423872
1.000000	0.460003
1.001000	0.496133
1.002000	0.568394
1.003000	0.514208
1.004000	0.469031
1.005000	0.577422
1.006000	0.703888
1.007000	0.604524
1.008000	0.559366
1.009000	0.667757
1.010000	0.676804
1.011000	0.613571
1.012000	0.640655
1.013000	0.676804
1.014000	0.794224
1.015000	0.911661
1.016000	0.992950
1.017000	0.929717
1.018000	0.911661
1.019000	1.047160
1.020000	1.047160
1.021000	0.920689
1.022000	0.947792
1.023000	0.911661
1.024000	0.902633
1.025000	0.965866
1.026000	1.074260
1.027000	1.101360
1.028000	1.119420
1.029000	1.182650
1.030000	1.047160
1.031000	0.920689
1.032000	1.029100
1.033000	1.119420
1.034000	1.020050
1.035000	1.047160
1.036000	1.146520
1.037000	1.101360
1.038000	1.119420
1.039000	1.155550
1.040000	1.164590
1.041000	1.263960
1.042000	1.381400
1.043000	1.227830
1.044000	1.164590
1.045000	1.327190
1.046000	1.408480
1.047000	1.426550
1.048000	1.543990
1.049000	1.534940
1.050000	1.525920
1.051000	1.534940
1.052000	1.571080
1.053000	1.589150
1.054000	1.507840
1.055000	1.553020
1.056000	1.598180
1.057000	1.643360
1.058000	1.670460
1.059000	1.688510
1.060000	1.670460
1.061000	1.751750
1.062000	1.760770
1.063000	1.634310
1.064000	1.688510
1.065000	1.833050
1.066000	1.787880
1.067000	1.751750
1.068000	1.769820
1.069000	1.661410
1.070000	1.733670
1.071000	1.805950
1.072000	1.860140
1.073000	1.869180
1.074000	1.869180
1.075000	1.842080
1.076000	1.833050
1.077000	1.778850
1.078000	1.778850
1.079000	1.742720
1.080000	1.742720
1.081000	1.805950
1.082000	1.824010
1.083000	1.805950
1.084000	1.842080
1.085000	1.670460
1.086000	1.589150
1.087000	1.769820
1.088000	1.805950
1.089000	1.851110
1.090000	1.959520
1.091000	1.905320
1.092000	1.787880
1.093000	1.851110
1.094000	1.851110
1.095000	1.724640
1.096000	1.742720
1.097000	1.896290
1.098000	1.896290
1.099000	1.824010
1.100000	1.896290
1.101000	1.968550
1.102000	1.932420
1.103000	1.932420
1.104000	1.941450
1.105000	1.878210
1.106000	1.941450
1.107000	2.022730
1.108000	1.968550
1.109000	1.932420
1.110000	2.022730
1.111000	2.031780
1.112000	2.031780
1.113000	2.031780
1.114000	2.013710
1.115000	1.968550
1.116000	1.995650
1.117000	2.013710
1.118000	1.977580
1.119000	2.004680
1.120000	2.076940
1.121000	2.058880
1.122000	2.040810
1.123000	2.040810
1.124000	2.058880
1.125000	2.040810
1.126000	2.031780
1.127000	2.004680
1.128000	1.959520
1.129000	1.923370
1.130000	1.950470
1.131000	1.986600
1.132000	1.995650
1.133000	2.004680
1.134000	2.004680
1.135000	1.977580
1.136000	1.986600
1.137000	1.977580
1.138000	1.905320
1.139000	1.887240
1.140000	1.905320
1.141000	1.914340
1.142000	1.905320
1.143000	1.914340
1.144000	1.941450
1.145000	1.950470
1.146000	1.932420
1.147000	1.896290
1.148000	1.887240
1.149000	1.878210
1.150000	1.878210
1.151000	1.869180
1.152000	1.833050
1.153000	1.833050
1.154000	1.842080
1.155000	1.851110
1.156000	1.842080
1.157000	1.824010
1.158000	1.805950
1.159000	1.842080
1.160000	1.814980
1.161000	1.760770
1.162000	1.670460
1.163000	0.270304
1.164000	0.505161
1.165000	1.616250
1.166000	1.263960
1.167000	1.065230
1.168000	1.553020
1.169000	1.182650
1.170000	0.848429
1.171000	1.191700
1.172000	0.965866
1.173000	0.505161
1.174000	0.875531
1.175000	0.992950
1.176000	0.369667
1.177000	0.252229
1.178000	0.839401
1.179000	0.956820
1.180000	0.505161
1.181000	0.414825
1.182000	0.405797
1.183000	0.152865
1.184000	0.297406
1.185000	0.432900
1.186000	0.179968
1.187000	0.342564
1.188000	0.812298
1.189000	0.740037
1.190000	0.550338
1.191000	0.821326
1.192000	1.101360
1.193000	1.056180
1.194000	0.974894
1.195000	0.947792
1.196000	1.002000
1.197000	1.047160
1.198000	0.920689
1.199000	0.712934
1.200000	0.586468
1.201000	0.803270
1.202000	0.685832
1.203000	0.469031
1.204000	0.460003
1.205000	0.577422
1.206000	0.667757
1.207000	1.002000
1.208000	0.956820
1.209000	0.658729
1.210000	0.676804
1.211000	0.586468
1.212000	0.225145
1.213000	0.125763
1.214000	0.152865
1.215000	0.008344
1.216000	0.080605
1.217000	0.216099
1.218000	0.207071
1.219000	0.198043
1.220000	0.414825
1.221000	0.776168
1.222000	0.839401
1.223000	0.631627
1.224000	0.577422
1.225000	0.703888
1.226000	0.441928
1.227000	0.270304
1.228000	0.315462
1.229000	0.333536
1.230000	0.053502
1.231000	-0.072964
1.232000	-0.072964
1.233000	-0.416213
1.234000	-0.488493
1.235000	-0.343952
1.236000	-0.488493
1.237000	-0.705276
1.238000	-0.533651
1.239000	-0.551726
1.240000	-0.687220
1.241000	-0.949179
1.242000	-1.012410
1.243000	-0.831741
1.244000	-0.750452
1.245000	-0.849816
1.246000	-0.885946
1.247000	-0.687220
1.248000	-0.578828
1.249000	-0.578828
1.250000	-0.723350
1.251000	-0.642043
1.252000	-0.434288
1.253000	-0.208458
1.254000	-0.172327
1.255000	0.306434
1.256000	0.830354
1.257000	0.369667
1.258000	0.053502
1.259000	0.469031
1.260000	0.613571
1.261000	0.640655
1.262000	1.065230
1.263000	0.749065
1.264000	0.324508
1.265000	0.631627
1.266000	0.758093
1.267000	0.243201
1.268000	0.387741
1.269000	0.550338
1.270000	0.089633
1.271000	-0.072964
1.272000	0.270304
1.273000	0.405797
1.274000	0.297406
1.275000	0.134809
1.276000	0.179968
1.277000	0.378695
1.278000	0.613571
1.279000	0.414825
1.280000	0.198043
1.281000	-0.316849
1.282000	0.487105
1.283000	1.038130
1.284000	-0.009731
1.285000	-1.220170
1.286000	0.487105
1.287000	2.149200
1.288000	-0.578828
1.289000	-1.328580
1.290000	1.516890
1.291000	1.634310
1.292000	-1.753130
1.293000	-1.527300
1.294000	1.245880
1.295000	0.441928
1.296000	0.008344
1.297000	0.315462
1.298000	0.089633
1.299000	-1.147910
1.300000	0.152865
1.301000	1.661410
1.302000	0.062530
1.303000	-0.145225
1.304000	0.378695
1.305000	-0.470418
1.306000	-1.156950
1.307000	-0.904021
1.308000	1.282010
1.309000	1.309120
1.310000	-1.843470
1.311000	-0.407185
1.312000	2.655060
1.313000	0.125763
1.314000	-0.958207
1.315000	-0.262663
1.316000	-0.470418
1.317000	0.649701
1.318000	0.234173
1.319000	-0.587856
1.320000	0.116735
1.321000	0.785196
1.322000	-0.623987
1.323000	0.008344
1.324000	0.848429
1.325000	1.227830
1.326000	0.550338
1.327000	-0.931105
1.328000	-0.732378
1.329000	1.905320
1.330000	0.414825
1.331000	-0.127151
1.332000	0.423872
1.333000	0.134809
1.334000	-0.524623
1.335000	0.017371
1.336000	0.017371
1.337000	0.478059
1.338000	0.198043
1.339000	-0.380082
1.340000	0.432900
1.341000	0.866485
1.342000	0.053502
1.343000	0.107707
1.344000	0.767121
1.345000	-0.217486
1.346000	-0.091020
1.347000	-0.262663
1.348000	-0.913049
1.349000	0.062530
1.350000	0.956820
1.351000	-0.389129
1.352000	-0.127151
1.353000	0.848429
1.354000	0.188996
1.355000	-0.560754
1.356000	-0.316849
1.357000	0.062530
1.358000	0.541292
1.359000	-0.045862
1.360000	-0.425260
1.361000	0.315462
1.362000	0.496133
1.363000	-0.596884
1.364000	-0.913049
1.365000	-0.100067
1.366000	0.694860
1.367000	0.297406
1.368000	-0.235560
1.369000	0.324508
1.370000	0.116735
1.371000	0.225145
1.372000	0.604524
1.373000	0.053502
1.374000	-0.678192
1.375000	-0.081992
1.376000	0.288360
1.377000	-0.280719
1.378000	0.441928
1.379000	0.306434
1.380000	-0.217486
1.381000	0.450975
1.382000	0.893587
1.383000	0.441928
1.384000	0.089633
1.385000	0.469031
1.386000	0.053502
1.387000	-0.208458
1.388000	0.243201
1.389000	0.261276
1.390000	-0.072964
1.391000	0.261276
1.392000	-0.045862
1.393000	-0.054890
1.394000	0.740037
1.395000	0.297406
1.396000	-0.389129
1.397000	0.152865
1.398000	0.740037
1.399000	0.008344
1.400000	0.026400
1.401000	0.378695
1.402000	0.035446
1.403000	-0.461390
1.404000	-0.280719
1.405000	-0.009731
1.406000	-0.262663
1.407000	0.161912
1.408000	0.261276
1.409000	0.270304
1.410000	0.188996
1.411000	-0.127151
1.412000	-0.470418
1.413000	-0.054890
1.414000	0.785196
1.415000	0.116735
1.416000	-0.922077
1.417000	-0.389129
1.418000	0.469031
1.419000	0.396769
1.420000	0.351592
1.421000	-0.678192
1.422000	-0.813685
1.423000	0.667757
1.424000	0.595496
1.425000	-0.199430
1.426000	0.812298
1.427000	0.604524
1.428000	-0.660117
1.429000	0.107707
1.430000	0.478059
1.431000	-0.127151
1.432000	0.333536
1.433000	0.550338
1.434000	-0.605912
1.435000	0.116735
1.436000	0.794224
1.437000	0.225145
1.438000	0.216099
1.439000	0.613571
1.440000	0.423872
1.441000	0.089633
1.442000	0.080605
1.443000	0.342564
1.444000	0.170940
1.445000	-0.045862
1.446000	0.234173
1.447000	-0.109095
1.448000	-0.190383
1.449000	0.586468
1.450000	0.514208
1.451000	-0.172327
1.452000	0.125763
1.453000	0.008344
1.454000	-0.036833
1.455000	0.333536
1.456000	0.207071
1.457000	0.008344
1.458000	0.369667
1.459000	0.071576
1.460000	-0.633015
1.461000	-0.488493
1.462000	-0.009731
1.463000	0.243201
1.464000	-0.163299
1.465000	-0.136197
1.466000	0.342564
1.467000	0.315462
1.468000	-0.163299
1.469000	-0.027787
1.470000	-0.325896
1.471000	-0.352980
1.472000	0.207071
1.473000	0.261276
1.474000	-0.045862
1.475000	0.098679
1.476000	0.107707
1.477000	-0.100067
1.478000	0.062530
1.479000	0.207071
1.480000	0.252229
1.481000	0.125763
1.482000	0.243201
1.483000	0.315462
1.484000	0.297406
1.485000	0.116735
1.486000	0.387741
1.487000	0.378695
1.488000	0.062530
1.489000	0.161912
1.490000	0.369667
1.491000	0.053502
1.492000	0.161912
1.493000	0.216099
1.494000	-0.018759
1.495000	0.297406
1.496000	0.333536
1.497000	0.270304
1.498000	0.297406
1.499000	0.496133
1.500000	0.387741
1.501000	0.170940
1.502000	0.116735
1.503000	0.225145
1.504000	0.035446
1.505000	-0.045862
1.506000	0.125763
1.507000	-0.118123
1.508000	-0.208458
1.509000	-0.036833
1.510000	-0.100067
1.511000	-0.190383
1.512000	0.161912
1.513000	0.152865
1.514000	0.035446
1.515000	0.270304
1.516000	0.161912
1.517000	-0.063918
1.518000	-0.127151
1.519000	-0.045862
1.520000	-0.136197
1.521000	-0.181355
1.522000	-0.127151
1.523000	0.125763
1.524000	0.143837
1.525000	-0.072964
1.526000	-0.000703
1.527000	0.234173
1.528000	0.080605
1.529000	-0.100067
1.530000	0.261276
1.531000	0.396769
1.532000	-0.091020
1.533000	-0.027787
1.534000	0.496133
1.535000	0.026400
1.536000	-0.163299
1.537000	0.469031
1.538000	0.288360
1.539000	0.089633
1.540000	0.460003
1.541000	0.179968
1.542000	0.053502
1.543000	0.649701
1.544000	0.432900
1.545000	-0.163299
1.546000	0.306434
1.547000	0.676804
1.548000	0.134809
1.549000	0.234173
1.550000	0.225145
1.551000	-0.226532
1.552000	-0.045862
1.553000	0.306434
1.554000	-0.027787
1.555000	0.035446
1.556000	0.514208
1.557000	0.324508
1.558000	-0.145225
1.559000	0.143837
1.560000	0.243201
1.561000	-0.036833
1.562000	-0.081992
1.563000	0.062530
1.564000	-0.136197
1.565000	-0.145225
1.566000	0.071576
1.567000	-0.190383
1.568000	-0.352980
1.569000	0.026400
1.570000	0.071576
1.571000	-0.172327
1.572000	0.044474
1.573000	0.161912
1.574000	-0.136197
1.575000	-0.145225
1.576000	0.062530
1.577000	-0.027787
1.578000	-0.118123
1.579000	-0.018759
1.580000	0.080605
1.581000	0.008344
1.582000	0.080605
1.583000	0.062530
1.584000	0.026400
1.585000	0.225145
1.586000	0.134809
1.587000	0.107707
1.588000	0.288360
1.589000	0.234173
1.590000	0.125763
1.591000	0.252229
1.592000	0.252229
1.593000	0.071576
1.594000	0.270304
1.595000	0.306434
1.596000	0.252229
1.597000	0.360639
1.598000	0.243201
1.599000	0.035446
1.600000	0.270304
1.601000	0.306434
1.602000	0.080605
1.603000	0.279332
1.604000	0.342564
1.605000	0.270304
1.606000	0.297406
1.607000	0.198043
1.608000	0.017371
1.609000	0.116735
1.610000	0.080605
1.611000	-0.000703
1.612000	-0.000703
1.613000	0.125763
1.614000	0.098679
1.615000	0.062530
1.616000	0.116735
1.617000	0.089633
1.618000	-0.072964
1.619000	-0.063918
1.620000	0.035446
1.621000	-0.000703
1.622000	-0.072964
1.623000	-0.036833
1.624000	-0.018759
1.625000	-0.027787
1.626000	-0.000703
1.627000	-0.072964
1.628000	0.035446
1.629000	0.080605
1.630000	-0.109095
1.631000	-0.072964
1.632000	-0.118123
1.633000	0.035446
1.634000	0.026400
1.635000	0.053502
1.636000	0.053502
1.637000	0.161912
1.638000	0.170940
1.639000	0.107707
1.640000	0.125763
1.641000	0.161912
1.642000	0.234173
1.643000	0.152865
1.644000	0.116735
1.645000	0.261276
1.646000	0.270304
1.647000	0.161912
1.648000	0.252229
1.649000	0.297406
1.650000	0.225145
1.651000	0.089633
1.652000	0.234173
1.653000	0.234173
1.654000	0.297406
1.655000	0.333536
1.656000	0.288360
1.657000	0.161912
1.658000	0.089633
1.659000	0.306434
1.660000	0.234173
1.661000	0.179968
1.662000	0.161912
1.663000	0.134809
1.664000	0.089633
1.665000	0.225145
1.666000	0.125763
1.667000	-0.054890
1.668000	-0.018759
1.669000	0.152865
1.670000	-0.000703
1.671000	0.044474
1.672000	-0.000703
1.673000	-0.100067
1.674000	0.035446
1.675000	0.134809
1.676000	0.044474
1.677000	-0.000703
1.678000	0.026400
1.679000	-0.154253
1.680000	0.062530
1.681000	0.116735
1.682000	-0.127151
1.683000	-0.136197
1.684000	0.116735
1.685000	0.080605
1.686000	0.035446
1.687000	0.089633
1.688000	0.170940
1.689000	-0.054890
1.690000	0.089633
1.691000	0.080605
1.692000	-0.000703
1.693000	-0.045862
1.694000	0.234173
1.695000	0.152865
1.696000	0.143837
1.697000	0.216099
1.698000	0.252229
1.699000	0.152865
1.700000	0.261276
1.701000	0.369667
1.702000	0.161912
1.703000	0.134809
1.704000	0.252229
1.705000	0.288360
1.706000	0.116735
1.707000	0.216099
1.708000	0.188996
1.709000	0.089633
1.710000	0.243201
1.711000	0.288360
1.712000	0.098679
1.713000	0.207071
1.714000	0.252229
1.715000	0.080605
1.716000	0.198043
1.717000	0.252229
1.718000	0.134809
1.719000	0.234173
1.720000	0.125763
1.721000	-0.027787
1.722000	0.116735
1.723000	0.116735
1.724000	0.053502
1.725000	-0.000703
1.726000	0.026400
1.727000	-0.000703
1.728000	0.053502
1.729000	0.089633
1.730000	-0.000703
1.731000	-0.054890
1.732000	0.044474
1.733000	0.017371
1.734000	0.044474
1.735000	0.044474
1.736000	-0.027787
1.737000	-0.009731
1.738000	-0.054890
1.739000	-0.063918
1.740000	0.062530
1.741000	0.071576
1.742000	-0.000703
1.743000	0.053502
1.744000	0.062530
1.745000	0.089633
1.746000	0.125763
1.747000	0.107707
1.748000	0.053502
1.749000	0.044474
1.750000	0.017371
1.751000	0.080605
1.752000	0.261276
1.753000	0.161912
1.754000	0.008344
1.755000	0.234173
1.756000	0.116735
1.757000	0.125763
1.758000	0.378695
1.759000	0.179968
1.760000	0.071576
1.761000	0.360639
1.762000	0.207071
1.763000	0.161912
1.764000	0.333536
1.765000	0.225145
1.766000	0.116735
1.767000	0.225145
1.768000	0.161912
1.769000	0.026400
1.770000	0.216099
1.771000	0.188996
1.772000	0.071576
1.773000	0.170940
1.774000	0.170940
1.775000	-0.000703
1.776000	0.188996
1.777000	0.225145
1.778000	0.008344
1.779000	-0.009731
1.780000	0.089633
1.781000	-0.027787
1.782000	-0.036833
1.783000	0.125763
1.784000	0.026400
1.785000	-0.081992
1.786000	0.026400
1.787000	-0.036833
1.788000	-0.072964
1.789000	0.071576
1.790000	-0.045862
1.791000	-0.127151
1.792000	-0.009731
1.793000	-0.018759
1.794000	0.035446
1.795000	0.053502
1.796000	-0.027787
1.797000	0.062530
1.798000	0.017371
1.799000	0.062530
1.800000	0.035446
1.801000	0.125763
1.802000	0.116735
1.803000	0.143837
1.804000	0.143837
1.805000	0.134809
1.806000	0.080605
1.807000	0.270304
1.808000	0.161912
1.809000	0.143837
1.810000	0.216099
1.811000	0.161912
1.812000	0.225145
1.813000	0.225145
1.814000	0.225145
1.815000	0.288360
1.816000	0.216099
1.817000	0.243201
1.818000	0.216099
1.819000	0.143837
1.820000	0.216099
1.821000	0.297406
1.822000	0.125763
1.823000	0.116735
1.824000	0.198043
1.825000	0.179968
1.826000	0.243201
1.827000	0.152865
1.828000	0.008344
1.829000	0.053502
1.830000	0.125763
1.831000	0.143837
1.832000	0.089633
1.833000	-0.027787
1.834000	0.053502
1.835000	0.053502
1.836000	-0.000703
1.837000	0.026400
1.838000	-0.000703
1.839000	-0.045862
1.840000	0.062530
1.841000	0.026400
1.842000	0.008344
1.843000	0.017371
1.844000	0.080605
1.845000	0.008344
1.846000	-0.018759
1.847000	-0.000703
1.848000	-0.018759
1.849000	0.017371
1.850000	0.134809
1.851000	0.008344
1.852000	-0.036833
1.853000	0.198043
1.854000	0.116735
1.855000	0.062530
1.856000	0.179968
1.857000	0.225145
1.858000	0.071576
1.859000	0.207071
1.860000	0.179968
1.861000	0.089633
1.862000	0.170940
1.863000	0.315462
1.864000	0.161912
1.865000	0.125763
1.866000	0.270304
1.867000	0.243201
1.868000	0.234173
1.869000	0.306434
1.870000	0.234173
1.871000	0.116735
1.872000	0.234173
1.873000	0.288360
1.874000	0.170940
1.875000	0.161912
1.876000	0.207071
1.877000	0.098679
1.878000	0.188996
1.879000	0.188996
1.880000	0.188996
1.881000	0.125763
1.882000	0.170940
1.883000	0.071576
1.884000	0.089633
1.885000	0.098679
1.886000	0.089633
1.887000	0.035446
1.888000	0.026400
1.889000	0.035446
1.890000	0.017371
1.891000	0.026400
1.892000	-0.009731
1.893000	0.008344
1.894000	0.017371
1.895000	0.026400
1.896000	0.026400
1.897000	0.017371
1.898000	0.035446
1.899000	0.053502
1.900000	-0.000703
1.901000	0.008344
1.902000	0.053502
1.903000	-0.009731
1.904000	0.017371
1.905000	0.107707
1.906000	0.026400
1.907000	0.026400
1.908000	0.107707
1.909000	0.107707
1.910000	0.017371
1.911000	0.179968
1.912000	0.170940
1.913000	0.044474
1.914000	0.143837
1.915000	0.243201
1.916000	0.089633
1.917000	0.161912
1.918000	0.216099
1.919000	0.080605
1.920000	0.116735
1.921000	0.324508
1.922000	0.170940
1.923000	0.134809
1.924000	0.243201
1.925000	0.143837
1.926000	0.207071
1.927000	0.252229
1.928000	0.152865
1.929000	0.107707
1.930000	0.152865
1.931000	0.152865
1.932000	0.179968
1.933000	0.116735
1.934000	0.071576
1.935000	0.143837
1.936000	0.089633
1.937000	0.071576
1.938000	0.116735
1.939000	0.125763
1.940000	0.080605
1.941000	0.080605
1.942000	0.080605
1.943000	0.017371
1.944000	0.125763
1.945000	0.080605
1.946000	-0.072964
1.947000	-0.018759
1.948000	0.089633
1.949000	-0.027787
1.950000	0.017371
1.951000	0.062530
1.952000	-0.054890
1.953000	0.044474
1.954000	0.107707
1.955000	0.044474
1.956000	-0.000703
1.957000	-0.000703
1.958000	0.026400
1.959000	0.026400
1.960000	0.053502
1.961000	0.098679
1.962000	0.017371
1.963000	0.035446
1.964000	0.125763
1.965000	0.089633
1.966000	0.071576
1.967000	0.179968
1.968000	0.062530
1.969000	0.026400
1.970000	0.125763
1.971000	0.207071
1.972000	0.188996
1.973000	0.152865
1.974000	0.116735
1.975000	0.152865
1.976000	0.170940
1.977000	0.198043
1.978000	0.188996
1.979000	0.134809
1.980000	0.198043
1.981000	0.207071
1.982000	0.188996
1.983000	0.170940
1.984000	0.261276
1.985000	0.243201
1.986000	0.143837
1.987000	0.170940
1.988000	0.216099
1.989000	0.134809
1.990000	0.152865
1.991000	0.125763
1.992000	0.080605
1.993000	0.098679
1.994000	0.179968
1.995000	0.125763
1.996000	0.053502
1.997000	0.116735
1.998000	0.107707
1.999000	0.098679
2.000000	0.053502
2.001000	0.035446
2.002000	0.026400
2.003000	0.071576
2.004000	0.053502
2.005000	0.026400
2.006000	-0.000703
2.007000	0.053502
2.008000	0.053502
2.009000	-0.045862
2.010000	-0.009731
2.011000	0.062530
2.012000	0.017371
2.013000	0.071576
2.014000	0.053502
2.015000	-0.018759
2.016000	0.098679
2.017000	0.143837
2.018000	0.035446
2.019000	0.026400
2.020000	0.107707
2.021000	0.071576
2.022000	0.080605
2.023000	0.134809
2.024000	0.116735
2.025000	0.143837
2.026000	0.198043
2.027000	0.188996
2.028000	0.152865
2.029000	0.188996
2.030000	0.179968
2.031000	0.152865
2.032000	0.143837
2.033000	0.161912
2.034000	0.225145
2.035000	0.234173
2.036000	0.198043
2.037000	0.198043
2.038000	0.188996
2.039000	0.252229
2.040000	0.216099
2.041000	0.152865
2.042000	0.170940
2.043000	0.179968
2.044000	0.143837
2.045000	0.143837
2.046000	0.125763
2.047000	0.089633
2.048000	0.143837
2.049000	0.161912
2.050000	0.089633
2.051000	0.107707
2.052000	0.116735
2.053000	0.080605
2.054000	0.044474
2.055000	0.026400
2.056000	0.026400
2.057000	0.044474
2.058000	0.035446
2.059000	0.026400
2.060000	0.044474
2.061000	0.062530
2.062000	0.053502
2.063000	0.044474
2.064000	0.026400
2.065000	0.026400
2.066000	0.053502
2.067000	0.071576
2.068000	-0.000703
2.069000	-0.027787
2.070000	0.044474
2.071000	0.107707
2.072000	0.107707
2.073000	0.089633
2.074000	0.071576
2.075000	0.116735
2.076000	0.152865
2.077000	0.188996
2.078000	0.143837
2.079000	0.098679
2.080000	0.116735
2.081000	0.152865
2.082000	0.161912
2.083000	0.179968
2.084000	0.188996
2.085000	0.152865
2.086000	0.152865
2.087000	0.198043
2.088000	0.188996
2.089000	0.198043
2.090000	0.179968
2.091000	0.125763
2.092000	0.152865
2.093000	0.179968
2.094000	0.161912
2.095000	0.134809
2.096000	0.125763
2.097000	0.116735
2.098000	0.161912
2.099000	0.179968
2.100000	0.125763
2.101000	0.080605
2.102000	0.071576
2.103000	0.107707
2.104000	0.089633
2.105000	0.044474
2.106000	0.017371
2.107000	0.044474
2.108000	0.053502
2.109000	0.053502
2.110000	0.035446
2.111000	0.026400
2.112000	0.017371
2.113000	0.044474
2.114000	0.035446
2.115000	0.026400
2.116000	0.062530
2.117000	0.044474
2.118000	0.035446
2.119000	0.017371
2.120000	0.053502
2.121000	0.071576
2.122000	0.071576
2.123000	0.026400
2.124000	0.035446
2.125000	0.080605
2.126000	0.098679
2.127000	0.071576
2.128000	0.080605
2.129000	0.125763
2.130000	0.161912
2.131000	0.143837
2.132000	0.116735
2.133000	0.116735
2.134000	0.107707
2.135000	0.143837
2.136000	0.134809
2.137000	0.098679
2.138000	0.134809
2.139000	0.152865
2.140000	0.143837
2.141000	0.161912
2.142000	0.161912
2.143000	0.170940
2.144000	0.161912
2.145000	0.134809
2.146000	0.152865
2.147000	0.161912
2.148000	0.152865
2.149000	0.125763
2.150000	0.098679
2.151000	0.080605
2.152000	0.107707
2.153000	0.125763
2.154000	0.116735
2.155000	0.098679
2.156000	0.107707
2.157000	0.116735
2.158000	0.098679
2.159000	0.089633
2.160000	0.071576
2.161000	0.107707
2.162000	0.116735
2.163000	0.080605
2.164000	0.053502
2.165000	0.071576
2.166000	0.071576
2.167000	0.062530
2.168000	0.044474
2.169000	0.044474
2.170000	0.053502
2.171000	0.071576
2.172000	0.080605
2.173000	0.080605
2.174000	0.098679
2.175000	0.080605
2.176000	0.071576
2.177000	0.053502
2.178000	0.062530
2.179000	0.071576
2.180000	0.062530
2.181000	0.062530
2.182000	0.053502
2.183000	0.071576
2.184000	0.107707
2.185000	0.125763
2.186000	0.116735
2.187000	0.116735
2.188000	0.143837
2.189000	0.152865
2.190000	0.143837
2.191000	0.107707
2.192000	0.098679
2.193000	0.134809
2.194000	0.143837
2.195000	0.143837
2.196000	0.152865
2.197000	0.152865
2.198000	0.161912
2.199000	0.170940
2.200000	0.179968
2.201000	0.179968
2.202000	0.170940
2.203000	0.170940
2.204000	0.179968
2.205000	0.188996
2.206000	0.170940
2.207000	0.170940
2.208000	0.152865
2.209000	0.134809
2.210000	0.134809
2.211000	0.152865
2.212000	0.161912
2.213000	0.134809
2.214000	0.107707
2.215000	0.107707
2.216000	0.116735
2.217000	0.116735
2.218000	0.125763
2.219000	0.089633
2.220000	0.080605
2.221000	0.107707
2.222000	0.071576
2.223000	0.053502
2.224000	0.053502
2.225000	0.044474
2.226000	0.062530
2.227000	0.080605
2.228000	0.080605
2.229000	0.053502
2.230000	0.062530
2.231000	0.053502
2.232000	0.044474
2.233000	0.062530
2.234000	0.089633
2.235000	0.071576
2.236000	0.062530
2.237000	0.089633
2.238000	0.053502
2.239000	0.080605
2.240000	0.116735
2.241000	0.107707
2.242000	0.071576
2.243000	0.107707
2.244000	0.125763
2.245000	0.098679
2.246000	0.116735
2.247000	0.170940
2.248000	0.161912
2.249000	0.134809
2.250000	0.161912
2.251000	0.125763
2.252000	0.125763
2.253000	0.188996
2.254000	0.143837
2.255000	0.107707
2.256000	0.134809
2.257000	0.161912
2.258000	0.161912
2.259000	0.170940
2.260000	0.170940
2.261000	0.143837
2.262000	0.152865
2.263000	0.116735
2.264000	0.098679
2.265000	0.098679
2.266000	0.143837
2.267000	0.143837
2.268000	0.098679
2.269000	0.080605
2.270000	0.107707
2.271000	0.125763
2.272000	0.080605
2.273000	0.071576
2.274000	0.062530
2.275000	0.071576
2.276000	0.062530
2.277000	0.053502
2.278000	0.062530
2.279000	0.071576
2.280000	0.071576
2.281000	0.062530
2.282000	0.062530
2.283000	0.026400
2.284000	0.053502
2.285000	0.071576
2.286000	0.017371
2.287000	0.035446
2.288000	0.107707
2.289000	0.053502
2.290000	0.026400
2.291000	0.035446
2.292000	0.071576
2.293000	0.107707
2.294000	0.098679
2.295000	0.053502
2.296000	0.053502
2.297000	0.089633
2.298000	0.125763
2.299000	0.125763
2.300000	0.098679
2.301000	0.116735
2.302000	0.098679
2.303000	0.080605
2.304000	0.116735
2.305000	0.134809
2.306000	0.143837
2.307000	0.143837
2.308000	0.125763
2.309000	0.116735
2.310000	0.116735
2.311000	0.143837
2.312000	0.116735
2.313000	0.098679
2.314000	0.134809
2.315000	0.107707
2.316000	0.107707
2.317000	0.125763
2.318000	0.107707
2.319000	0.089633
2.320000	0.161912
2.321000	0.098679
2.322000	0.035446
2.323000	0.125763
2.324000	0.143837
2.325000	0.053502
2.326000	0.080605
2.327000	0.071576
2.328000	0.017371
2.329000	0.089633
2.330000	0.107707
2.331000	0.026400
2.332000	0.116735
2.333000	0.143837
2.334000	0.044474
2.335000	0.035446
2.336000	0.071576
2.337000	0.044474
2.338000	0.116735
2.339000	0.125763
2.340000	0.053502
2.341000	0.080605
2.342000	0.125763
2.343000	0.098679
2.344000	0.134809
2.345000	0.152865
2.346000	0.080605
2.347000	0.089633
2.348000	0.125763
2.349000	0.125763
2.350000	0.152865
2.351000	0.152865
2.352000	0.116735
2.353000	0.125763
2.354000	0.125763
2.355000	0.170940
2.356000	0.179968
2.357000	0.152865
2.358000	0.089633
2.359000	0.116735
2.360000	0.152865
2.361000	0.179968
2.362000	0.161912
2.363000	0.116735
2.364000	0.134809
2.365000	0.161912
2.366000	0.143837
2.367000	0.116735
2.368000	0.116735
2.369000	0.071576
2.370000	0.098679
2.371000	0.143837
2.372000	0.143837
2.373000	0.107707
2.374000	0.107707
2.375000	0.089633
2.376000	0.089633
2.377000	0.143837
2.378000	0.143837
2.379000	0.071576
2.380000	0.071576
2.381000	0.089633
2.382000	0.089633
2.383000	0.107707
2.384000	0.107707
2.385000	0.080605
2.386000	0.080605
2.387000	0.143837
2.388000	0.134809
2.389000	0.071576
2.390000	0.089633
2.391000	0.089633
2.392000	0.062530
2.393000	0.098679
2.394000	0.134809
2.395000	0.080605
2.396000	0.143837
2.397000	0.161912
2.398000	0.089633
2.399000	0.089633
2.400000	0.125763
2.401000	0.107707
2.402000	0.116735
2.403000	0.107707
2.404000	0.125763
2.405000	0.143837
2.406000	0.134809
2.407000	0.134809
2.408000	0.116735
2.409000	0.143837
2.410000	0.125763
2.411000	0.107707
2.412000	0.098679
2.413000	0.143837
2.414000	0.116735
2.415000	0.116735
2.416000	0.125763
2.417000	0.152865
2.418000	0.116735
2.419000	0.134809
2.420000	0.134809
2.421000	0.107707
2.422000	0.107707
2.423000	0.125763
2.424000	0.089633
2.425000	0.107707
2.426000	0.125763
2.427000	0.098679
2.428000	0.107707
2.429000	0.107707
2.430000	0.080605
2.431000	0.071576
2.432000	0.089633
2.433000	0.080605
2.434000	0.080605
2.435000	0.080605
2.436000	0.089633
2.437000	0.089633
2.438000	0.071576
2.439000	0.071576
2.440000	0.062530
2.441000	0.089633
2.442000	0.080605
2.443000	0.080605
2.444000	0.080605
2.445000	0.098679
2.446000	0.080605
2.447000	0.071576
2.448000	0.098679
2.449000	0.089633
2.450000	0.071576
2.451000	0.080605
2.452000	0.089633
2.453000	0.107707
2.454000	0.098679
2.455000	0.080605
2.456000	0.080605
2.457000	0.089633
2.458000	0.107707
2.459000	0.089633
2.460000	0.080605
2.461000	0.089633
2.462000	0.134809
2.463000	0.125763
2.464000	0.116735
2.465000	0.116735
2.466000	0.107707
2.467000	0.098679
2.468000	0.143837
2.469000	0.125763
2.470000	0.080605
2.471000	0.107707
2.472000	0.098679
2.473000	0.080605
2.474000	0.143837
2.475000	0.116735
2.476000	0.080605
2.477000	0.143837
2.478000	0.143837
2.479000	0.107707
2.480000	0.125763
2.481000	0.116735
2.482000	0.062530
2.483000	0.080605
2.484000	0.116735
2.485000	0.089633
2.486000	0.098679
2.487000	0.098679
2.488000	0.071576
2.489000	0.107707
2.490000	0.107707
2.491000	0.071576
2.492000	0.089633
2.493000	0.098679
2.494000	0.053502
2.495000	0.080605
2.496000	0.089633
2.497000	0.080605
2.498000	0.089633
2.499000	0.044474
2.500000	0.044474
2.501000	0.098679
2.502000	0.080605
2.503000	0.071576
2.504000	0.062530
2.505000	0.071576
2.506000	0.080605
2.507000	0.125763
2.508000	0.107707
2.509000	0.089633
2.510000	0.098679
2.511000	0.089633
2.512000	0.080605
2.513000	0.089633
2.514000	0.080605
2.515000	0.098679
2.516000	0.125763
2.517000	0.116735
2.518000	0.143837
2.519000	0.161912
2.520000	0.116735
2.521000	0.116735
2.522000	0.143837
2.523000	0.116735
2.524000	0.143837
2.525000	0.161912
2.526000	0.116735
2.527000	0.116735
2.528000	0.179968
2.529000	0.161912
2.530000	0.134809
2.531000	0.152865
2.532000	0.125763
2.533000	0.089633
2.534000	0.098679
2.535000	0.143837
2.536000	0.161912
2.537000	0.116735
2.538000	0.116735
2.539000	0.080605
2.540000	0.071576
2.541000	0.198043
2.542000	0.188996
2.543000	0.035446
2.544000	0.017371
2.545000	0.107707
2.546000	0.107707
2.547000	0.152865
2.548000	0.116735
2.549000	0.017371
2.550000	0.062530
2.551000	0.161912
2.552000	0.134809
2.553000	0.098679
2.554000	0.098679
2.555000	0.044474
2.556000	0.062530
2.557000	0.089633
2.558000	0.107707
2.559000	0.107707
2.560000	0.080605
2.561000	0.071576
2.562000	0.143837
2.563000	0.170940
2.564000	0.125763
2.565000	0.098679
2.566000	0.071576
2.567000	0.107707
2.568000	0.170940
2.569000	0.143837
2.570000	0.098679
2.571000	0.080605
2.572000	0.116735
2.573000	0.161912
2.574000	0.170940
2.575000	0.125763
2.576000	0.125763
2.577000	0.152865
2.578000	0.107707
2.579000	0.134809
2.580000	0.179968
2.581000	0.161912
2.582000	0.152865
2.583000	0.125763
2.584000	0.107707
2.585000	0.134809
2.586000	0.161912
2.587000	0.116735
2.588000	0.062530
2.589000	0.125763
2.590000	0.161912
2.591000	0.143837
2.592000	0.116735
2.593000	0.107707
2.594000	0.107707
2.595000	0.098679
2.596000	0.107707
2.597000	0.080605
2.598000	0.089633
2.599000	0.098679
2.600000	0.098679
2.601000	0.098679
2.602000	0.080605
2.603000	0.071576
2.604000	0.107707
2.605000	0.080605
2.606000	0.071576
2.607000	0.107707
2.608000	0.062530
2.609000	0.062530
2.610000	0.116735
2.611000	0.062530
2.612000	0.062530
2.613000	0.143837
2.614000	0.098679
2.615000	0.035446
2.616000	0.116735
2.617000	0.071576
2.618000	0.044474
2.619000	0.080605
2.620000	0.098679
2.621000	0.089633
2.622000	0.116735
2.623000	0.089633
2.624000	0.071576
2.625000	0.107707
2.626000	0.125763
2.627000	0.098679
2.628000	0.071576
2.629000	0.098679
2.630000	0.116735
2.631000	0.089633
2.632000	0.080605
2.633000	0.116735
2.634000	0.125763
2.635000	0.116735
2.636000	0.089633
2.637000	0.080605
2.638000	0.080605
2.639000	0.125763
2.640000	0.107707
2.641000	0.062530
2.642000	0.107707
2.643000	0.134809
2.644000	0.098679
2.645000	0.107707
2.646000	0.125763
2.647000	0.080605
2.648000	0.098679
2.649000	0.116735
2.650000	0.080605
2.651000	0.071576
2.652000	0.107707
2.653000	0.107707
2.654000	0.071576
2.655000	0.098679
2.656000	0.116735
2.657000	0.089633
2.658000	0.098679
2.659000	0.098679
2.660000	0.062530
2.661000	0.062530
2.662000	0.116735
2.663000	0.071576
2.664000	0.080605
2.665000	0.116735
2.666000	0.107707
2.667000	0.053502
2.668000	0.080605
2.669000	0.080605
2.670000	0.071576
2.671000	0.089633
2.672000	0.107707
2.673000	0.098679
2.674000	0.098679
2.675000	0.089633
2.676000	0.107707
2.677000	0.071576
2.678000	0.089633
2.679000	0.107707
2.680000	0.053502
2.681000	0.107707
2.682000	0.179968
2.683000	0.098679
2.684000	0.044474
2.685000	0.107707
2.686000	0.125763
2.687000	0.143837
2.688000	0.152865
2.689000	0.107707
2.690000	0.062530
2.691000	0.125763
2.692000	0.161912
2.693000	0.143837
2.694000	0.152865
2.695000	0.107707
2.696000	0.089633
2.697000	0.161912
2.698000	0.188996
2.699000	0.134809
2.700000	0.116735
2.701000	0.098679
2.702000	0.134809
2.703000	0.179968
2.704000	0.152865
2.705000	0.107707
2.706000	0.107707
2.707000	0.107707
2.708000	0.152865
2.709000	0.170940
2.710000	0.125763
2.711000	0.098679
2.712000	0.080605
2.713000	0.143837
2.714000	0.170940
2.715000	0.125763
2.716000	0.062530
2.717000	0.080605
2.718000	0.134809
2.719000	0.107707
2.720000	0.107707
2.721000	0.116735
2.722000	0.080605
2.723000	0.071576
2.724000	0.107707
2.725000	0.080605
2.726000	0.098679
2.727000	0.125763
2.728000	0.080605
2.729000	0.053502
2.730000	0.116735
2.731000	0.107707
2.732000	0.080605
2.733000	0.107707
2.734000	0.098679
2.735000	0.080605
2.736000	0.089633
2.737000	0.089633
2.738000	0.071576
2.739000	0.116735
2.740000	0.143837
2.741000	0.116735
2.742000	0.080605
2.743000	0.098679
2.744000	0.089633
2.745000	0.143837
2.746000	0.152865
2.747000	0.107707
2.748000	0.089633
2.749000	0.107707
2.750000	0.143837
2.751000	0.161912
2.752000	0.152865
2.753000	0.143837
2.754000	0.134809
2.755000	0.089633
2.756000	0.116735
2.757000	0.152865
2.758000	0.116735
2.759000	0.098679
2.760000	0.116735
2.761000	0.098679
2.762000	0.116735
2.763000	0.170940
2.764000	0.125763
2.765000	0.089633
2.766000	0.098679
2.767000	0.107707
2.768000	0.107707
2.769000	0.098679
2.770000	0.107707
2.771000	0.071576
2.772000	0.053502
2.773000	0.098679
2.774000	0.098679
2.775000	0.053502
2.776000	0.089633
2.777000	0.089633
2.778000	0.071576
2.779000	0.098679
2.780000	0.107707
2.781000	0.062530
2.782000	0.035446
2.783000	0.080605
2.784000	0.080605
2.785000	0.071576
2.786000	0.098679
2.787000	0.089633
2.788000	0.044474
2.789000	0.107707
2.790000	0.107707
2.791000	0.053502
2.792000	0.098679
2.793000	0.125763
2.794000	0.116735
2.795000	0.125763
2.796000	0.107707
2.797000	0.071576
2.798000	0.098679
2.799000	0.107707
2.800000	0.143837
2.801000	0.143837
2.802000	0.125763
2.803000	0.107707
2.804000	0.080605
2.805000	0.125763
2.806000	0.143837
2.807000	0.098679
2.808000	0.098679
2.809000	0.125763
2.810000	0.161912
2.811000	0.143837
2.812000	0.152865
2.813000	0.098679
2.814000	0.017371
2.815000	0.152865
2.816000	0.198043
2.817000	0.107707
2.818000	0.017371
2.819000	0.035446
2.820000	0.062530
2.821000	0.161912
2.822000	0.225145
2.823000	0.053502
2.824000	0.017371
2.825000	0.053502
2.826000	0.161912
2.827000	0.152865
2.828000	0.071576
2.829000	0.089633
2.830000	0.116735
2.831000	0.089633
2.832000	0.080605
2.833000	0.080605
2.834000	0.053502
2.835000	0.125763
2.836000	0.161912
2.837000	0.080605
2.838000	0.062530
2.839000	0.080605
2.840000	0.089633
2.841000	0.125763
2.842000	0.152865
2.843000	0.107707
2.844000	0.035446
2.845000	0.017371
2.846000	0.116735
2.847000	0.188996
2.848000	0.179968
2.849000	0.053502
2.850000	0.044474
2.851000	0.053502
2.852000	0.116735
2.853000	0.198043
2.854000	0.089633
2.855000	0.008344
2.856000	0.080605
2.857000	0.134809
2.858000	0.053502
2.859000	0.080605
2.860000	0.152865
2.861000	0.125763
2.862000	0.134809
2.863000	0.107707
2.864000	-0.009731
2.865000	0.008344
2.866000	0.188996
2.867000	0.161912
2.868000	0.098679
2.869000	0.125763
2.870000	0.053502
2.871000	0.044474
2.872000	0.116735
2.873000	0.125763
2.874000	0.098679
2.875000	0.107707
2.876000	0.098679
2.877000	0.071576
2.878000	0.044474
2.879000	0.107707
2.880000	0.116735
2.881000	0.089633
2.882000	0.116735
2.883000	0.125763
2.884000	0.053502
2.885000	0.071576
2.886000	0.170940
2.887000	0.116735
2.888000	0.071576
2.889000	0.071576
2.890000	0.053502
2.891000	0.134809
2.892000	0.198043
2.893000	0.107707
2.894000	0.044474
2.895000	0.098679
2.896000	0.134809
2.897000	0.089633
2.898000	0.089633
2.899000	0.107707
2.900000	0.116735
2.901000	0.107707
2.902000	0.134809
2.903000	0.080605
2.904000	0.080605
2.905000	0.179968
2.906000	0.170940
2.907000	0.080605
2.908000	0.125763
2.909000	0.116735
2.910000	0.062530
2.911000	0.107707
2.912000	0.170940
2.913000	0.161912
2.914000	0.152865
2.915000	0.116735
2.916000	0.044474
2.917000	0.107707
2.918000	0.207071
2.919000	0.152865
2.920000	0.053502
2.921000	0.062530
2.922000	0.161912
2.923000	0.143837
2.924000	0.107707
2.925000	0.134809
2.926000	0.062530
2.927000	0.125763
2.928000	0.198043
2.929000	0.080605
2.930000	0.071576
2.931000	0.161912
2.932000	0.107707
2.933000	0.116735
2.934000	0.198043
2.935000	0.098679
2.936000	0.089633
2.937000	0.125763
2.938000	0.098679
2.939000	0.116735
2.940000	0.125763
2.941000	0.017371
2.942000	0.044474
2.943000	0.152865
2.944000	0.179968
2.945000	0.134809
2.946000	0.098679
2.947000	0.080605
2.948000	0.116735
2.949000	0.143837
2.950000	0.089633
2.951000	0.098679
2.952000	0.116735
2.953000	0.080605
2.954000	0.116735
2.955000	0.089633
2.956000	0.098679
2.957000	0.179968
2.958000	0.134809
2.959000	0.062530
2.960000	0.098679
2.961000	0.107707
2.962000	0.107707
2.963000	0.143837
2.964000	0.089633
2.965000	0.080605
2.966000	0.134809
2.967000	0.116735
2.968000	0.098679
2.969000	0.116735
2.970000	0.125763
2.971000	0.089633
2.972000	0.089633
2.973000	0.143837
2.974000	0.071576
2.975000	0.089633
2.976000	0.098679
2.977000	0.071576
2.978000	0.143837
2.979000	0.152865
2.980000	0.035446
2.981000	0.008344
2.982000	0.125763
2.983000	0.116735
2.984000	0.080605
2.985000	0.080605
2.986000	0.035446
2.987000	0.071576
2.988000	0.161912
2.989000	0.107707
2.990000	-0.009731
2.991000	0.026400
2.992000	0.134809
2.993000	0.089633
2.994000	0.080605
2.995000	0.089633
2.996000	0.062530
2.997000	0.044474
2.998000	0.152865
2.999000	0.080605
3.000000	0.044474
3.001000	0.080605
3.002000	0.089633
3.003000	0.089633
3.004000	0.107707
3.005000	0.080605
3.006000	0.116735
3.007000	0.098679
3.008000	0.080605
3.009000	0.143837
3.010000	0.143837
3.011000	0.098679
3.012000	0.098679
3.013000	0.098679
3.014000	0.098679
3.015000	0.098679
3.016000	0.143837
3.017000	0.152865
3.018000	0.125763
3.019000	0.116735
3.020000	0.098679
3.021000	0.062530
3.022000	0.125763
3.023000	0.152865
3.024000	0.089633
3.025000	0.089633
3.026000	0.143837
3.027000	0.143837
3.028000	0.098679
3.029000	0.089633
3.030000	0.116735
3.031000	0.089633
3.032000	0.116735
3.033000	0.134809
3.034000	0.053502
3.035000	0.080605
3.036000	0.152865
3.037000	0.089633
3.038000	0.053502
3.039000	0.107707
3.040000	0.134809
3.041000	0.062530
3.042000	0.071576
3.043000	0.125763
3.044000	0.053502
3.045000	0.107707
3.046000	0.143837
3.047000	0.062530
3.048000	0.053502
3.049000	0.152865
3.050000	0.134809
3.051000	0.053502
3.052000	0.143837
3.053000	0.107707
3.054000	0.026400
3.055000	0.134809
3.056000	0.161912
3.057000	0.080605
3.058000	0.152865
3.059000	0.107707
3.060000	0.008344
3.061000	0.134809
3.062000	0.188996
3.063000	0.071576
3.064000	0.107707
3.065000	0.098679
3.066000	0.080605
3.067000	0.170940
3.068000	0.161912
3.069000	0.080605
3.070000	0.143837
3.071000	0.161912
3.072000	0.107707
3.073000	0.089633
3.074000	0.116735
3.075000	0.107707
3.076000	0.143837
3.077000	0.143837
3.078000	0.107707
3.079000	0.116735
3.080000	0.125763
3.081000	0.125763
3.082000	0.161912
3.083000	0.116735
3.084000	0.098679
3.085000	0.134809
3.086000	0.044474
3.087000	0.062530
3.088000	0.179968
3.089000	0.107707
3.090000	0.071576
3.091000	0.080605
3.092000	0.089633
3.093000	0.098679
3.094000	0.170940
3.095000	0.089633
3.096000	-0.000703
3.097000	0.098679
3.098000	0.116735
3.099000	0.071576
3.100000	0.143837
3.101000	0.107707
3.102000	0.008344
3.103000	0.107707
3.104000	0.116735
3.105000	0.044474
3.106000	0.107707
3.107000	0.134809
3.108000	0.026400
3.109000	0.080605
3.110000	0.188996
3.111000	0.080605
3.112000	0.071576
3.113000	0.107707
3.114000	0.098679
3.115000	0.134809
3.116000	0.152865
3.117000	0.062530
3.118000	0.071576
3.119000	0.125763
3.120000	0.143837
3.121000	0.143837
3.122000	0.143837
3.123000	0.098679
3.124000	0.107707
3.125000	0.134809
3.126000	0.179968
3.127000	0.089633
3.128000	0.107707
3.129000	0.161912
3.130000	0.116735
3.131000	0.143837
3.132000	0.143837
3.133000	0.143837
3.134000	0.134809
3.135000	0.125763
3.136000	0.161912
3.137000	0.107707
3.138000	0.062530
3.139000	0.116735
3.140000	0.125763
3.141000	0.116735
3.142000	0.125763
3.143000	0.107707
3.144000	0.071576
3.145000	0.143837
3.146000	0.179968
3.147000	0.089633
3.148000	0.080605
3.149000	0.107707
3.150000	0.062530
3.151000	0.071576
3.152000	0.089633
3.153000	0.098679
3.154000	0.080605
3.155000	0.098679
3.156000	0.089633
3.157000	0.053502
3.158000	0.053502
3.159000	0.125763
3.160000	0.080605
3.161000	0.008344
3.162000	0.116735
3.163000	0.098679
3.164000	0.035446
3.165000	0.125763
3.166000	0.098679
3.167000	0.053502
3.168000	0.125763
3.169000	0.071576
3.170000	0.035446
3.171000	0.107707
3.172000	0.089633
3.173000	0.071576
3.174000	0.170940
3.175000	0.080605
3.176000	0.098679
3.177000	0.143837
3.178000	0.107707
3.179000	0.143837
3.180000	0.107707
3.181000	0.026400
3.182000	0.161912
3.183000	0.134809
3.184000	0.053502
3.185000	0.125763
3.186000	0.170940
3.187000	0.116735
3.188000	0.143837
3.189000	0.125763
3.190000	0.080605
3.191000	0.143837
3.192000	0.170940
3.193000	0.125763
3.194000	0.089633
3.195000	0.116735
3.196000	0.098679
3.197000	0.098679
3.198000	0.107707
3.199000	0.125763
3.200000	0.098679
3.201000	0.080605
3.202000	0.080605
3.203000	0.071576
3.204000	0.098679
3.205000	0.125763
3.206000	0.053502
3.207000	0.080605
3.208000	0.098679
3.209000	0.062530
3.210000	0.062530
3.211000	0.053502
3.212000	0.080605
3.213000	0.053502
3.214000	0.062530
3.215000	0.071576
3.216000	0.071576
3.217000	0.062530
3.218000	0.080605
3.219000	0.071576
3.220000	0.053502
3.221000	0.107707
3.222000	0.089633
3.223000	0.053502
3.224000	0.062530
3.225000	0.053502
3.226000	0.071576
3.227000	0.170940
3.228000	0.080605
3.229000	0.044474
3.230000	0.125763
3.231000	0.143837
3.232000	0.143837
3.233000	0.188996
3.234000	0.071576
3.235000	0.098679
3.236000	0.234173
3.237000	0.080605
3.238000	0.098679
3.239000	0.198043
3.240000	0.116735
3.241000	0.107707
3.242000	0.161912
3.243000	0.116735
3.244000	0.143837
3.245000	0.216099
3.246000	0.188996
3.247000	0.089633
3.248000	0.143837
3.249000	0.161912
3.250000	0.098679
3.251000	0.170940
3.252000	0.216099
3.253000	0.071576
3.254000	0.071576
3.255000	0.161912
3.256000	0.080605
3.257000	0.071576
3.258000	0.225145
3.259000	0.089633
3.260000	0.017371
3.261000	0.198043
3.262000	0.107707
3.263000	0.062530
3.264000	0.188996
3.265000	0.062530
3.266000	-0.009731
3.267000	0.152865
3.268000	0.080605
3.269000	0.026400
3.270000	0.098679
3.271000	0.089633
3.272000	0.053502
3.273000	0.116735
3.274000	0.080605
3.275000	0.098679
3.276000	0.107707
3.277000	0.053502
3.278000	0.089633
3.279000	0.125763
3.280000	0.071576
3.281000	0.116735
3.282000	0.116735
3.283000	0.080605
3.284000	0.107707
3.285000	0.116735
3.286000	0.089633
3.287000	0.143837
3.288000	0.161912
3.289000	0.116735
3.290000	0.125763
3.291000	0.134809
3.292000	0.152865
3.293000	0.179968
3.294000	0.116735
3.295000	0.125763
3.296000	0.116735
3.297000	0.143837
3.298000	0.188996
3.299000	0.143837
3.300000	0.107707
3.301000	0.107707
3.302000	0.134809
3.303000	0.188996
3.304000	0.152865
3.305000	0.134809
3.306000	0.116735
3.307000	0.143837
3.308000	0.143837
3.309000	0.098679
3.310000	0.089633
3.311000	0.116735
3.312000	0.143837
3.313000	0.089633
3.314000	0.071576
3.315000	0.089633
3.316000	0.080605
3.317000	0.080605
3.318000	0.098679
3.319000	0.116735
3.320000	0.053502
3.321000	0.080605
3.322000	0.107707
3.323000	0.071576
3.324000	0.071576
3.325000	0.062530
3.326000	0.008344
3.327000	0.017371
3.328000	0.035446
3.329000	0.125763
3.330000	0.053502
3.331000	0.080605
3.332000	0.071576
3.333000	0.089633
3.334000	0.152865
3.335000	0.107707
3.336000	-0.036833
3.337000	0.062530
3.338000	0.107707
3.339000	0.071576
3.340000	0.071576
3.341000	0.062530
3.342000	0.071576
3.343000	0.188996
3.344000	0.152865
3.345000	0.098679
3.346000	0.125763
3.347000	0.179968
3.348000	0.098679
3.349000	0.071576
3.350000	0.098679
3.351000	0.098679
3.352000	0.116735
3.353000	0.170940
3.354000	0.098679
3.355000	0.125763
3.356000	0.216099
3.357000	0.161912
3.358000	0.125763
3.359000	0.125763
3.360000	0.089633
3.361000	0.143837
3.362000	0.134809
3.363000	0.089633
3.364000	0.179968
3.365000	0.161912
3.366000	0.017371
3.367000	0.125763
3.368000	0.170940
3.369000	-0.018759
3.370000	0.179968
3.371000	0.179968
3.372000	-0.118123
3.373000	0.098679
3.374000	0.188996
3.375000	-0.036833
3.376000	0.107707
3.377000	0.143837
3.378000	0.035446
3.379000	0.107707
3.380000	0.080605
3.381000	0.026400
3.382000	0.107707
3.383000	0.098679
3.384000	-0.000703
3.385000	0.026400
3.386000	0.035446
3.387000	0.107707
3.388000	0.125763
3.389000	0.062530
3.390000	0.026400
3.391000	0.098679
3.392000	0.089633
3.393000	0.098679
3.394000	0.062530
3.395000	0.080605
3.396000	0.107707
3.397000	0.116735
3.398000	0.053502
3.399000	0.116735
3.400000	0.143837
3.401000	0.179968
3.402000	0.143837
3.403000	0.125763
3.404000	0.125763
3.405000	0.134809
3.406000	0.161912
3.407000	0.152865
3.408000	0.053502
3.409000	0.143837
3.410000	0.152865
3.411000	0.116735
3.412000	0.161912
3.413000	0.152865
3.414000	0.143837
3.415000	0.198043
3.416000	0.152865
3.417000	0.107707
3.418000	0.143837
3.419000	0.134809
3.420000	0.107707
3.421000	0.080605
3.422000	0.089633
3.423000	0.161912
3.424000	0.161912
3.425000	0.044474
3.426000	0.116735
3.427000	0.188996
3.428000	0.134809
3.429000	0.080605
3.430000	0.071576
3.431000	-0.027787
3.432000	0.053502
3.433000	0.116735
3.434000	0.080605
3.435000	0.035446
3.436000	0.080605
3.437000	0.089633
3.438000	0.134809
3.439000	0.089633
3.440000	0.107707
3.441000	0.080605
3.442000	0.062530
3.443000	0.053502
3.444000	0.053502
3.445000	0.089633
3.446000	0.143837
3.447000	0.134809
3.448000	0.071576
3.449000	0.089633
3.450000	0.098679
3.451000	0.143837
3.452000	0.116735
3.453000	0.062530
3.454000	0.053502
3.455000	0.125763
3.456000	0.134809
3.457000	0.089633
3.458000	0.116735
3.459000	0.198043
3.460000	0.179968
3.461000	0.161912
3.462000	0.116735
3.463000	0.062530
3.464000	0.161912
3.465000	0.198043
3.466000	0.098679
3.467000	0.080605
3.468000	0.107707
3.469000	0.152865
3.470000	0.179968
3.471000	0.207071
3.472000	0.116735
3.473000	0.107707
3.474000	0.161912
3.475000	0.125763
3.476000	0.089633
3.477000	0.134809
3.478000	0.107707
3.479000	0.080605
3.480000	0.098679
3.481000	0.098679
3.482000	0.098679
3.483000	0.161912
3.484000	0.062530
3.485000	0.026400
3.486000	0.125763
3.487000	0.125763
3.488000	0.080605
3.489000	0.071576
3.490000	0.026400
3.491000	0.053502
3.492000	0.125763
3.493000	0.116735
3.494000	0.035446
3.495000	0.035446
3.496000	0.080605
3.497000	0.125763
3.498000	0.089633
3.499000	0.062530
3.500000	0.080605
3.501000	0.062530
3.502000	0.053502
3.503000	0.125763
3.504000	0.089633
3.505000	0.089633
3.506000	0.107707
3.507000	0.053502
3.508000	0.080605
3.509000	0.161912
3.510000	0.116735
3.511000	0.080605
3.512000	0.125763
3.513000	0.125763
3.514000	0.143837
3.515000	0.143837
3.516000	0.116735
3.517000	0.125763
3.518000	0.134809
3.519000	0.116735
3.520000	0.125763
3.521000	0.116735
3.522000	0.107707
3.523000	0.116735
3.524000	0.107707
3.525000	0.089633
3.526000	0.107707
3.527000	0.125763
3.528000	0.143837
3.529000	0.116735
3.530000	0.080605
3.531000	0.134809
3.532000	0.125763
3.533000	0.080605
3.534000	0.080605
3.535000	0.080605
3.536000	0.053502
3.537000	0.116735
3.538000	0.107707
3.539000	0.053502
3.540000	0.035446
3.541000	0.116735
3.542000	0.107707
3.543000	0.071576
3.544000	0.053502
3.545000	0.080605
3.546000	0.080605
3.547000	0.089633
3.548000	0.062530
3.549000	0.053502
3.550000	0.053502
3.551000	0.116735
3.552000	0.116735
3.553000	0.053502
3.554000	0.062530
3.555000	0.089633
3.556000	0.107707
3.557000	0.116735
3.558000	0.107707
3.559000	0.062530
3.560000	0.107707
3.561000	0.161912
3.562000	0.143837
3.563000	0.098679
3.564000	0.116735
3.565000	0.125763
3.566000	0.089633
3.567000	0.116735
3.568000	0.116735
3.569000	0.089633
3.570000	0.125763
3.571000	0.125763
3.572000	0.125763
3.573000	0.143837
3.574000	0.161912
3.575000	0.125763
3.576000	0.116735
3.577000	0.125763
3.578000	0.098679
3.579000	0.107707
3.580000	0.125763
3.581000	0.098679
3.582000	0.089633
3.583000	0.125763
3.584000	0.107707
3.585000	0.098679
3.586000	0.134809
3.587000	0.125763
3.588000	0.089633
3.589000	0.107707
3.590000	0.107707
3.591000	0.062530
3.592000	0.089633
3.593000	0.107707
3.594000	0.098679
3.595000	0.089633
3.596000	0.098679
3.597000	0.089633
3.598000	0.098679
3.599000	0.080605
3.600000	0.098679
3.601000	0.107707
3.602000	0.107707
3.603000	0.089633
3.604000	0.089633
3.605000	0.107707
3.606000	0.107707
3.607000	0.107707
3.608000	0.098679
3.609000	0.089633
3.610000	0.098679
3.611000	0.098679
3.612000	0.116735
3.613000	0.125763
3.614000	0.107707
3.615000	0.089633
3.616000	0.116735
3.617000	0.134809
3.618000	0.143837
3.619000	0.125763
3.620000	0.089633
3.621000	0.098679
3.622000	0.134809
3.623000	0.116735
3.624000	0.098679
3.625000	0.134809
3.626000	0.125763
3.627000	0.116735
3.628000	0.125763
3.629000	0.125763
3.630000	0.116735
3.631000	0.143837
3.632000	0.134809
3.633000	0.125763
3.634000	0.116735
3.635000	0.125763
3.636000	0.089633
3.637000	0.080605
3.638000	0.116735
3.639000	0.116735
3.640000	0.098679
3.641000	0.116735
3.642000	0.116735
3.643000	0.080605
3.644000	0.089633
3.645000	0.107707
3.646000	0.071576
3.647000	0.053502
3.648000	0.098679
3.649000	0.116735
3.650000	0.089633
3.651000	0.062530
3.652000	0.071576
3.653000	0.080605
3.654000	0.098679
3.655000	0.098679
3.656000	0.098679
3.657000	0.089633
3.658000	0.089633
3.659000	0.098679
3.660000	0.089633
3.661000	0.071576
3.662000	0.098679
3.663000	0.107707
3.664000	0.089633
3.665000	0.107707
3.666000	0.143837
3.667000	0.107707
3.668000	0.089633
3.669000	0.098679
3.670000	0.098679
3.671000	0.107707
3.672000	0.125763
3.673000	0.143837
3.674000	0.125763
3.675000	0.107707
3.676000	0.125763
3.677000	0.143837
3.678000	0.134809
3.679000	0.143837
3.680000	0.125763
3.681000	0.143837
3.682000	0.143837
3.683000	0.125763
3.684000	0.098679
3.685000	0.125763
3.686000	0.134809
3.687000	0.125763
3.688000	0.116735
3.689000	0.107707
3.690000	0.116735
3.691000	0.098679
3.692000	0.080605
3.693000	0.089633
3.694000	0.089633
3.695000	0.089633
3.696000	0.098679
3.697000	0.107707
3.698000	0.089633
3.699000	0.071576
3.700000	0.071576
3.701000	0.080605
3.702000	0.080605
3.703000	0.062530
3.704000	0.053502
3.705000	0.062530
3.706000	0.071576
3.707000	0.062530
3.708000	0.062530
3.709000	0.071576
3.710000	0.062530
3.711000	0.062530
3.712000	0.071576
3.713000	0.071576
3.714000	0.089633
3.715000	0.080605
3.716000	0.080605
3.717000	0.098679
3.718000	0.107707
3.719000	0.107707
3.720000	0.089633
3.721000	0.107707
3.722000	0.116735
3.723000	0.107707
3.724000	0.107707
3.725000	0.125763
3.726000	0.134809
3.727000	0.143837
3.728000	0.134809
3.729000	0.143837
3.730000	0.134809
3.731000	0.143837
3.732000	0.125763
3.733000	0.125763
3.734000	0.125763
3.735000	0.125763
3.736000	0.116735
3.737000	0.125763
3.738000	0.125763
3.739000	0.125763
3.740000	0.134809
3.741000	0.143837
3.742000	0.134809
3.743000	0.107707
3.744000	0.089633
3.745000	0.089633
3.746000	0.116735
3.747000	0.098679
3.748000	0.089633
3.749000	0.098679
3.750000	0.089633
3.751000	0.089633
3.752000	0.062530
3.753000	0.089633
3.754000	0.080605
3.755000	0.071576
3.756000	0.080605
3.757000	0.071576
3.758000	0.062530
3.759000	0.062530
3.760000	0.080605
3.761000	0.080605
3.762000	0.080605
3.763000	0.080605
3.764000	0.089633
3.765000	0.080605
3.766000	0.080605
3.767000	0.089633
3.768000	0.062530
3.769000	0.089633
3.770000	0.116735
3.771000	0.107707
3.772000	0.107707
3.773000	0.107707
3.774000	0.125763
3.775000	0.107707
3.776000	0.116735
3.777000	0.125763
3.778000	0.125763
3.779000	0.116735
3.780000	0.143837
3.781000	0.143837
3.782000	0.125763
3.783000	0.116735
3.784000	0.152865
3.785000	0.152865
3.786000	0.161912
3.787000	0.161912
3.788000	0.143837
3.789000	0.116735
3.790000	0.134809
3.791000	0.152865
3.792000	0.152865
3.793000	0.152865
3.794000	0.134809
3.795000	0.116735
3.796000	0.125763
3.797000	0.134809
3.798000	0.134809
3.799000	0.107707
3.800000	0.098679
3.801000	0.116735
3.802000	0.107707
3.803000	0.098679
3.804000	0.098679
3.805000	0.107707
3.806000	0.089633
3.807000	0.089633
3.808000	0.107707
3.809000	0.080605
3.810000	0.098679
3.811000	0.089633
3.812000	0.071576
3.813000	0.080605
3.814000	0.071576
3.815000	0.071576
3.816000	0.089633
3.817000	0.098679
3.818000	0.080605
3.819000	0.080605
3.820000	0.062530
3.821000	0.071576
3.822000	0.071576
3.823000	0.071576
3.824000	0.071576
3.825000	0.089633
3.826000	0.089633
3.827000	0.116735
3.828000	0.107707
3.829000	0.107707
3.830000	0.107707
3.831000	0.107707
3.832000	0.125763
3.833000	0.125763
3.834000	0.098679
3.835000	0.116735
3.836000	0.107707
3.837000	0.116735
3.838000	0.125763
3.839000	0.134809
3.840000	0.125763
3.841000	0.143837
3.842000	0.143837
3.843000	0.125763
3.844000	0.143837
3.845000	0.134809
3.846000	0.116735
3.847000	0.125763
3.848000	0.125763
3.849000	0.125763
3.850000	0.116735
3.851000	0.116735
3.852000	0.107707
3.853000	0.116735
3.854000	0.125763
3.855000	0.098679
3.856000	0.107707
3.857000	0.098679
3.858000	0.089633
3.859000	0.098679
3.860000	0.098679
3.861000	0.098679
3.862000	0.080605
3.863000	0.080605
3.864000	0.089633
3.865000	0.071576
3.866000	0.071576
3.867000	0.089633
3.868000	0.071576
3.869000	0.053502
3.870000	0.071576
3.871000	0.062530
3.872000	0.071576
3.873000	0.089633
3.874000	0.080605
3.875000	0.071576
3.876000	0.071576
3.877000	0.089633
3.878000	0.080605
3.879000	0.089633
3.880000	0.080605
3.881000	0.071576
3.882000	0.080605
3.883000	0.089633
3.884000	0.107707
3.885000	0.116735
3.886000	0.107707
3.887000	0.107707
3.888000	0.107707
3.889000	0.116735
3.890000	0.134809
3.891000	0.125763
3.892000	0.125763
3.893000	0.125763
3.894000	0.143837
3.895000	0.125763
3.896000	0.143837
3.897000	0.134809
3.898000	0.134809
3.899000	0.143837
3.900000	0.143837
3.901000	0.125763
3.902000	0.143837
3.903000	0.134809
3.904000	0.125763
3.905000	0.107707
3.906000	0.125763
3.907000	0.116735
3.908000	0.125763
3.909000	0.116735
3.910000	0.125763
3.911000	0.107707
3.912000	0.107707
3.913000	0.107707
3.914000	0.098679
3.915000	0.098679
3.916000	0.098679
3.917000	0.098679
3.918000	0.089633
3.919000	0.107707
3.920000	0.089633
3.921000	0.071576
3.922000	0.089633
3.923000	0.071576
3.924000	0.062530
3.925000	0.071576
3.926000	0.089633
3.927000	0.062530
3.928000	0.080605
3.929000	0.080605
3.930000	0.089633
3.931000	0.107707
3.932000	0.080605
3.933000	0.071576
3.934000	0.107707
3.935000	0.098679
3.936000	0.116735
3.937000	0.089633
3.938000	0.089633
3.939000	0.089633
3.940000	0.116735
3.941000	0.107707
3.942000	0.098679
3.943000	0.116735
3.944000	0.125763
3.945000	0.116735
3.946000	0.134809
3.947000	0.116735
3.948000	0.125763
3.949000	0.134809
3.950000	0.143837
3.951000	0.134809
3.952000	0.134809
3.953000	0.125763
3.954000	0.125763
3.955000	0.125763
3.956000	0.134809
3.957000	0.116735
3.958000	0.125763
3.959000	0.116735
3.960000	0.116735
3.961000	0.107707
3.962000	0.125763
3.963000	0.107707
3.964000	0.116735
3.965000	0.107707
3.966000	0.089633
3.967000	0.116735
3.968000	0.098679
3.969000	0.089633
3.970000	0.089633
3.971000	0.080605
3.972000	0.089633
3.973000	0.089633
3.974000	0.098679
3.975000	0.071576
3.976000	0.098679
3.977000	0.089633
3.978000	0.080605
3.979000	0.098679
3.980000	0.089633
3.981000	0.089633
3.982000	0.080605
3.983000	0.098679
3.984000	0.098679
3.985000	0.098679
3.986000	0.098679
3.987000	0.107707
3.988000	0.098679
3.989000	0.098679
3.990000	0.116735
3.991000	0.125763
3.992000	0.116735
3.993000	0.107707
3.994000	0.116735
3.995000	0.125763
3.996000	0.134809
3.997000	0.125763
3.998000	0.125763
3.999000	0.125763
4.000000	0.125763
4.001000	0.107707
4.002000	0.125763
4.003000	0.116735
4.004000	0.134809
4.005000	0.107707
4.006000	0.134809
4.007000	0.125763
4.008000	0.143837
4.009000	0.125763
4.010000	0.125763
4.011000	0.125763
4.012000	0.107707
4.013000	0.125763
4.014000	0.116735
4.015000	0.107707
4.016000	0.116735
4.017000	0.107707
4.018000	0.107707
4.019000	0.107707
4.020000	0.098679
4.021000	0.089633
4.022000	0.089633
4.023000	0.089633
4.024000	0.089633
4.025000	0.080605
4.026000	0.089633
4.027000	0.098679
4.028000	0.080605
4.029000	0.080605
4.030000	0.080605
4.031000	0.080605
4.032000	0.089633
4.033000	0.080605
4.034000	0.089633
4.035000	0.098679
4.036000	0.098679
4.037000	0.098679
4.038000	-0.362026
4.039000	-0.389129
4.040000	1.715620
4.041000	0.929717
4.042000	-1.446020
4.043000	-0.669145
4.044000	1.119420
4.045000	0.658729
4.046000	-0.660117
4.047000	-0.831741
4.048000	0.460003
4.049000	1.309120
4.050000	0.152865
4.051000	-1.084670
4.052000	-0.100067
4.053000	1.336220
4.054000	0.848429
4.055000	-0.894974
4.056000	-1.229210
4.057000	0.631627
4.058000	1.372350
4.059000	-0.154253
4.060000	-0.678192
4.061000	0.631627
4.062000	0.758093
4.063000	-0.181355
4.064000	-0.542679
4.065000	-0.398157
4.066000	0.450975
4.067000	0.884559
4.068000	0.053502
4.069000	-0.488493
4.070000	0.315462
4.071000	0.631627
4.072000	-0.081992
4.073000	-0.343952
4.074000	0.080605
4.075000	0.423872
4.076000	0.351592
4.077000	-0.145225
4.078000	-0.362026
4.079000	0.035446
4.080000	0.432900
4.081000	0.396769
4.082000	0.107707
4.083000	-0.018759
4.084000	-0.009731
4.085000	-0.036833
4.086000	0.035446
4.087000	0.080605
4.088000	0.134809
4.089000	0.315462
4.090000	0.234173
4.091000	-0.136197
4.092000	-0.199430
4.093000	0.107707
4.094000	0.333536
4.095000	0.170940
4.096000	-0.091020
4.097000	-0.091020
4.098000	0.243201
4.099000	0.288360
4.100000	0.053502
4.101000	0.116735
4.102000	0.378695
4.103000	0.261276
4.104000	-0.054890
4.105000	-0.217486
4.106000	-0.163299
4.107000	0.198043
4.108000	0.243201
4.109000	0.288360
4.110000	0.423872
4.111000	0.026400
4.112000	0.143837
4.113000	0.360639
4.114000	-0.217486
4.115000	-0.262663
4.116000	0.478059
4.117000	0.469031
4.118000	-0.226532
4.119000	-0.127151
4.120000	0.243201
4.121000	0.053502
4.122000	0.170940
4.123000	0.478059
4.124000	0.017371
4.125000	-0.262663
4.126000	0.053502
4.127000	0.188996
4.128000	0.125763
4.129000	0.188996
4.130000	0.225145
4.131000	0.369667
4.132000	0.243201
4.133000	-0.163299
4.134000	-0.380082
4.135000	0.008344
4.136000	0.369667
4.137000	0.188996
4.138000	-0.109095
4.139000	0.107707
4.140000	0.297406
4.141000	0.170940
4.142000	0.098679
4.143000	0.062530
4.144000	0.053502
4.145000	0.152865
4.146000	0.089633
4.147000	-0.262663
4.148000	0.053502
4.149000	0.396769
4.150000	0.035446
4.151000	-0.054890
4.152000	0.333536
4.153000	0.198043
4.154000	0.035446
4.155000	0.026400
4.156000	0.053502
4.157000	1.598180
4.158000	-0.109095
4.159000	-4.625700
4.160000	2.194380
4.161000	6.096710
4.162000	-0.533651
4.163000	-6.233610
4.164000	-1.527300
4.165000	4.272020
4.166000	3.531280
4.167000	-1.184040
4.168000	-3.812700
4.169000	-0.904021
4.170000	3.251260
4.171000	3.016390
4.172000	-2.728710
4.173000	-2.719690
4.174000	1.932420
4.175000	2.944130
4.176000	-1.536330
4.177000	-2.249970
4.178000	0.188996
4.179000	1.959520
4.180000	1.562050
4.181000	-1.202110
4.182000	-2.277050
4.183000	1.625280
4.184000	2.889920
4.185000	-1.852500
4.186000	-2.295130
4.187000	1.598180
4.188000	2.320840
4.189000	-1.202110
4.190000	-1.536330
4.191000	0.288360
4.192000	1.318160
4.193000	0.794224
4.194000	-0.578828
4.195000	-1.283400
4.196000	0.595496
4.197000	1.688510
4.198000	-0.208458
4.199000	-1.409870
4.200000	0.207071
4.201000	1.327190
4.202000	0.342564
4.203000	-0.560754
4.204000	-0.217486
4.205000	0.017371
4.206000	0.396769
4.207000	0.622599
4.208000	-0.127151
4.209000	-0.551726
4.210000	0.243201
4.211000	0.550338
4.212000	-0.054890
4.213000	0.143837
4.214000	0.469031
4.215000	-0.190383
4.216000	-0.009731
4.217000	0.279332
4.218000	-0.063918
4.219000	0.017371
4.220000	0.297406
4.221000	0.026400
4.222000	-0.009731
4.223000	0.143837
4.224000	0.234173
4.225000	0.017371
4.226000	0.017371
4.227000	0.216099
4.228000	0.179968
4.229000	0.116735
4.230000	0.207071
4.231000	0.035446
4.232000	-0.072964
4.233000	0.125763
4.234000	0.170940
4.235000	-0.081992
4.236000	0.125763
4.237000	0.297406
4.238000	-0.081992
4.239000	-0.063918
4.240000	0.279332
4.241000	0.252229
4.242000	0.161912
4.243000	0.116735
4.244000	0.026400
4.245000	-0.018759
4.246000	0.071576
4.247000	0.170940
4.248000	0.143837
4.249000	0.053502
4.250000	0.008344
4.251000	-0.000703
4.252000	-0.027787
4.253000	0.270304
4.254000	0.541292
4.255000	0.152865
4.256000	-0.199430
4.257000	-0.136197
4.258000	0.170940
4.259000	0.441928
4.260000	0.324508
4.261000	-0.497521
4.262000	-0.362026
4.263000	0.902633
4.264000	0.794224
4.265000	-0.587856
4.266000	-0.759480
4.267000	0.469031
4.268000	0.965866
4.269000	0.179968
4.270000	-0.533651
4.271000	-0.352980
4.272000	0.441928
4.273000	0.803270
4.274000	0.107707
4.275000	-0.578828
4.276000	-0.054890
4.277000	0.586468
4.278000	0.216099
4.279000	-0.307821
4.280000	-0.009731
4.281000	0.378695
4.282000	0.243201
4.283000	-0.109095
4.284000	-0.208458
4.285000	0.270304
4.286000	0.703888
4.287000	0.216099
4.288000	-0.551726
4.289000	-0.280719
4.290000	0.505161
4.291000	0.523236
4.292000	-0.136197
4.293000	-0.334924
4.294000	0.107707
4.295000	0.514208
4.296000	0.288360
4.297000	-0.217486
4.298000	-0.109095
4.299000	0.450975
4.300000	0.396769
4.301000	-0.100067
4.302000	-0.235560
4.303000	0.198043
4.304000	0.487105
4.305000	0.152865
4.306000	-0.235560
4.307000	-0.063918
4.308000	0.324508
4.309000	0.360639
4.310000	0.053502
4.311000	-0.136197
4.312000	0.116735
4.313000	0.342564
4.314000	0.125763
4.315000	-0.081992
4.316000	0.143837
4.317000	0.333536
4.318000	0.188996
4.319000	-0.072964
4.320000	-0.109095
4.321000	0.134809
4.322000	0.333536
4.323000	0.107707
4.324000	-0.172327
4.325000	0.035446
4.326000	0.378695
4.327000	0.315462
4.328000	-0.000703
4.329000	-0.072964
4.330000	0.152865
4.331000	0.261276
4.332000	0.089633
4.333000	-0.100067
4.334000	0.017371
4.335000	0.243201
4.336000	0.188996
4.337000	-0.036833
4.338000	0.008344
4.339000	0.234173
4.340000	0.234173
4.341000	0.035446
4.342000	-0.018759
4.343000	0.161912
4.344000	0.288360
4.345000	0.143837
4.346000	-0.054890
4.347000	-0.018759
4.348000	0.179968
4.349000	0.243201
4.350000	0.107707
4.351000	-0.018759
4.352000	0.071576
4.353000	0.179968
4.354000	0.143837
4.355000	0.044474
4.356000	0.098679
4.357000	0.207071
4.358000	0.216099
4.359000	0.053502
4.360000	-0.027787
4.361000	0.107707
4.362000	0.225145
4.363000	0.143837
4.364000	0.026400
4.365000	0.035446
4.366000	0.143837
4.367000	0.161912
4.368000	0.089633
4.369000	0.053502
4.370000	0.134809
4.371000	0.188996
4.372000	0.098679
4.373000	-0.018759
4.374000	0.044474
4.375000	0.179968
4.376000	0.161912
4.377000	0.062530
4.378000	0.035446
4.379000	0.089633
4.380000	0.125763
4.381000	0.107707
4.382000	0.062530
4.383000	0.089633
4.384000	0.143837
4.385000	0.125763
4.386000	0.044474
4.387000	0.062530
4.388000	0.134809
4.389000	0.161912
4.390000	0.098679
4.391000	0.044474
4.392000	0.062530
4.393000	0.089633
4.394000	0.098679
4.395000	0.080605
4.396000	0.098679
4.397000	0.116735
4.398000	0.125763
4.399000	0.107707
4.400000	0.080605
4.401000	0.134809
4.402000	0.161912
4.403000	0.116735
4.404000	0.062530
4.405000	0.044474
4.406000	0.080605
4.407000	0.125763
4.408000	0.143837
4.409000	0.098679
4.410000	0.080605
4.411000	0.107707
4.412000	0.116735
4.413000	0.107707
4.414000	0.143837
4.415000	0.134809
4.416000	0.107707
4.417000	0.080605
4.418000	0.062530
4.419000	0.062530
4.420000	0.116735
4.421000	0.143837
4.422000	0.098679
4.423000	0.071576
4.424000	0.089633
4.425000	0.098679
4.426000	0.098679
4.427000	0.107707
4.428000	0.116735
4.429000	0.116735
4.430000	0.116735
4.431000	0.098679
4.432000	0.071576
4.433000	0.098679
4.434000	0.125763
4.435000	0.116735
4.436000	0.080605
4.437000	0.071576
4.438000	0.071576
4.439000	0.098679
4.440000	0.116735
4.441000	0.125763
4.442000	0.125763
4.443000	0.107707
4.444000	0.089633
4.445000	0.089633
4.446000	0.107707
4.447000	0.107707
4.448000	0.116735
4.449000	0.098679
4.450000	0.080605
4.451000	0.089633
4.452000	0.098679
4.453000	0.107707
4.454000	0.125763
4.455000	0.134809
4.456000	0.125763
4.457000	0.107707
4.458000	0.089633
4.459000	0.089633
4.460000	0.125763
4.461000	0.125763
4.462000	0.116735
4.463000	0.098679
4.464000	0.080605
4.465000	0.098679
4.466000	0.125763
4.467000	0.134809
4.468000	0.134809
4.469000	0.116735
4.470000	0.107707
4.471000	0.098679
4.472000	0.116735
4.473000	0.125763
4.474000	0.152865
4.475000	0.125763
4.476000	0.116735
4.477000	0.080605
4.478000	0.089633
4.479000	0.116735
4.480000	0.125763
4.481000	0.116735
4.482000	0.116735
4.483000	0.107707
4.484000	0.107707
4.485000	0.116735
4.486000	0.116735
4.487000	0.116735
4.488000	0.125763
4.489000	0.107707
4.490000	0.098679
4.491000	0.098679
4.492000	0.098679
4.493000	0.089633
4.494000	0.107707
4.495000	0.107707
4.496000	0.098679
4.497000	0.080605
4.498000	0.107707
4.499000	0.116735
4.500000	0.116735
4.501000	0.116735
4.502000	0.107707
4.503000	0.089633
4.504000	0.089633
4.505000	0.089633
4.506000	0.116735
4.507000	0.116735
4.508000	0.116735
4.509000	0.089633
4.510000	0.080605
4.511000	0.080605
4.512000	0.125763
4.513000	0.107707
4.514000	0.107707
4.515000	0.098679
4.516000	0.116735
4.517000	0.116735
4.518000	0.107707
4.519000	0.098679
4.520000	0.098679
4.521000	0.098679
4.522000	0.098679
4.523000	0.089633
4.524000	0.107707
4.525000	0.125763
4.526000	0.125763
4.527000	0.125763
4.528000	0.116735
4.529000	0.107707
4.530000	0.116735
4.531000	0.107707
4.532000	0.089633
4.533000	0.107707
4.534000	0.098679
4.535000	0.080605
4.536000	0.080605
4.537000	0.098679
4.538000	0.116735
4.539000	0.116735
4.540000	0.107707
4.541000	0.098679
4.542000	0.098679
4.543000	0.116735
4.544000	0.116735
4.545000	0.098679
4.546000	0.107707
4.547000	0.116735
4.548000	0.107707
4.549000	0.089633
4.550000	0.071576
4.551000	0.098679
4.552000	0.116735
4.553000	0.107707
4.554000	0.089633
4.555000	0.062530
4.556000	0.098679
4.557000	0.098679
4.558000	0.116735
4.559000	0.125763
4.560000	0.107707
4.561000	0.116735
4.562000	0.098679
4.563000	0.089633
4.564000	0.089633
4.565000	0.107707
4.566000	0.107707
4.567000	0.098679
4.568000	0.089633
4.569000	0.089633
4.570000	0.107707
4.571000	0.116735
4.572000	0.116735
4.573000	0.098679
4.574000	0.107707
4.575000	0.107707
4.576000	0.080605
4.577000	0.089633
4.578000	0.089633
4.579000	0.098679
4.580000	0.107707
4.581000	0.089633
4.582000	0.089633
4.583000	0.089633
4.584000	0.107707
4.585000	0.098679
4.586000	0.107707
4.587000	0.098679
4.588000	0.098679
4.589000	0.107707
4.590000	0.080605
4.591000	0.089633
4.592000	0.089633
4.593000	0.098679
4.594000	0.107707
4.595000	0.089633
4.596000	0.089633
4.597000	0.089633
4.598000	0.125763
4.599000	0.125763
4.600000	0.107707
4.601000	0.107707
4.602000	0.107707
4.603000	0.116735
4.604000	0.116735
4.605000	0.107707
4.606000	0.098679
4.607000	0.107707
4.608000	0.107707
4.609000	0.089633
4.610000	0.116735
4.611000	0.134809
4.612000	0.125763
4.613000	0.116735
4.614000	0.125763
4.615000	0.116735
4.616000	0.125763
4.617000	0.125763
4.618000	0.116735
4.619000	0.089633
4.620000	0.089633
4.621000	0.107707
4.622000	0.125763
4.623000	0.116735
4.624000	0.098679
4.625000	0.098679
4.626000	0.098679
4.627000	0.098679
4.628000	0.098679
4.629000	0.116735
4.630000	0.116735
4.631000	0.107707
4.632000	0.107707
4.633000	0.089633
4.634000	0.107707
4.635000	0.098679
4.636000	0.089633
4.637000	0.071576
4.638000	0.107707
4.639000	0.089633
4.640000	0.080605
4.641000	0.089633
4.642000	0.107707
4.643000	0.116735
4.644000	0.107707
4.645000	0.116735
4.646000	0.107707
4.647000	0.107707
4.648000	0.125763
4.649000	0.098679
4.650000	0.098679
4.651000	0.116735
4.652000	0.116735
4.653000	0.116735
4.654000	0.098679
4.655000	0.116735
4.656000	0.116735
4.657000	0.143837
4.658000	0.134809
4.659000	0.125763
4.660000	0.125763
4.661000	0.125763
4.662000	0.116735
4.663000	0.125763
4.664000	0.116735
4.665000	0.125763
4.666000	0.116735
4.667000	0.116735
4.668000	0.116735
4.669000	0.125763
4.670000	0.116735
4.671000	0.125763
4.672000	0.116735
4.673000	0.125763
4.674000	0.116735
4.675000	0.125763
4.676000	0.116735
4.677000	0.116735
4.678000	0.098679
4.679000	0.098679
4.680000	0.089633
4.681000	0.089633
4.682000	0.107707
4.683000	0.089633
4.684000	0.107707
4.685000	0.098679
4.686000	0.098679
4.687000	0.098679
4.688000	0.107707
4.689000	0.089633
4.690000	0.089633
4.691000	0.080605
4.692000	0.080605
4.693000	0.080605
4.694000	0.080605
4.695000	0.089633
4.696000	0.089633
4.697000	0.089633
4.698000	0.071576
4.699000	0.089633
4.700000	0.098679
4.701000	0.107707
4.702000	0.098679
4.703000	0.098679
4.704000	0.098679
4.705000	0.107707
4.706000	0.107707
4.707000	0.116735
4.708000	0.107707
4.709000	0.089633
4.710000	0.107707
4.711000	0.098679
4.712000	0.098679
4.713000	0.107707
4.714000	0.116735
4.715000	0.107707
4.716000	0.107707
4.717000	0.125763
4.718000	0.125763
4.719000	0.107707
4.720000	0.107707
4.721000	0.098679
4.722000	0.107707
4.723000	0.116735
4.724000	0.116735
4.725000	0.098679
4.726000	0.107707
4.727000	0.116735
4.728000	0.116735
4.729000	0.116735
4.730000	0.116735
4.731000	0.107707
4.732000	0.107707
4.733000	0.107707
4.734000	0.098679
4.735000	0.089633
4.736000	0.089633
4.737000	0.071576
4.738000	0.080605
4.739000	0.080605
4.740000	0.089633
4.741000	0.089633
4.742000	0.098679
4.743000	0.089633
4.744000	0.089633
4.745000	0.098679
4.746000	0.089633
4.747000	0.098679
4.748000	0.098679
4.749000	0.080605
4.750000	0.089633
4.751000	0.080605
4.752000	0.080605
4.753000	0.089633
4.754000	0.089633
4.755000	0.089633
4.756000	0.080605
4.757000	0.098679
4.758000	0.107707
4.759000	0.107707
4.760000	0.107707
4.761000	0.107707
4.762000	0.098679
4.763000	0.107707
4.764000	0.098679
4.765000	0.107707
4.766000	0.107707
4.767000	0.098679
4.768000	0.098679
4.769000	0.107707
4.770000	0.116735
4.771000	0.125763
4.772000	0.125763
4.773000	0.125763
4.774000	0.125763
4.775000	0.107707
4.776000	0.116735
4.777000	0.125763
4.778000	0.125763
4.779000	0.116735
4.780000	0.116735
4.781000	0.116735
4.782000	0.116735
4.783000	0.116735
4.784000	0.116735
4.785000	0.098679
4.786000	0.107707
4.787000	0.116735
4.788000	0.116735
4.789000	0.116735
4.790000	0.098679
4.791000	0.098679
4.792000	0.107707
4.793000	0.116735
4.794000	0.107707
4.795000	0.107707
4.796000	0.089633
4.797000	0.089633
4.798000	0.098679
4.799000	0.098679
4.800000	0.089633
4.801000	0.098679
4.802000	0.080605
4.803000	0.089633
4.804000	0.107707
4.805000	0.107707
4.806000	0.089633
4.807000	0.089633
4.808000	0.089633
4.809000	0.089633
4.810000	0.089633
4.811000	0.098679
4.812000	0.098679
4.813000	0.107707
4.814000	0.107707
4.815000	0.107707
4.816000	0.116735
4.817000	0.107707
4.818000	0.116735
4.819000	0.107707
4.820000	0.098679
4.821000	0.107707
4.822000	0.125763
4.823000	0.107707
4.824000	0.107707
4.825000	0.116735
4.826000	0.116735
4.827000	0.125763
4.828000	0.116735
4.829000	0.107707
4.830000	0.125763
4.831000	0.143837
4.832000	0.107707
4.833000	0.125763
4.834000	0.125763
4.835000	0.125763
4.836000	0.116735
4.837000	0.125763
4.838000	0.116735
4.839000	0.125763
4.840000	0.116735
4.841000	0.116735
4.842000	0.107707
4.843000	0.125763
4.844000	0.116735
4.845000	0.107707
4.846000	0.116735
4.847000	0.107707
4.848000	0.116735
4.849000	0.098679
4.850000	0.080605
4.851000	0.089633
4.852000	0.098679
4.853000	0.098679
4.854000	0.080605
4.855000	0.080605
4.856000	0.080605
4.857000	0.107707
4.858000	0.107707
4.859000	0.089633
4.860000	0.098679
4.861000	0.089633
4.862000	0.089633
4.863000	0.089633
4.864000	0.089633
4.865000	0.089633
4.866000	0.098679
4.867000	0.098679
4.868000	0.089633
4.869000	0.098679
4.870000	0.098679
4.871000	0.107707
4.872000	0.107707
4.873000	0.098679
4.874000	0.107707
4.875000	0.098679
4.876000	0.116735
4.877000	0.107707
4.878000	0.116735
4.879000	0.107707
4.880000	0.107707
4.881000	0.098679
4.882000	0.089633
4.883000	0.107707
4.884000	0.134809
4.885000	0.125763
4.886000	0.116735
4.887000	0.116735
4.888000	0.116735
4.889000	0.116735
4.890000	0.134809
4.891000	0.116735
4.892000	0.107707
4.893000	0.107707
4.894000	0.107707
4.895000	0.107707
4.896000	0.107707
4.897000	0.107707
4.898000	0.089633
4.899000	0.098679
4.900000	0.107707
4.901000	0.089633
4.902000	0.107707
4.903000	0.098679
4.904000	0.080605
4.905000	0.080605
4.906000	0.089633
4.907000	0.098679
4.908000	0.098679
4.909000	0.089633
4.910000	0.089633
4.911000	0.089633
4.912000	0.089633
4.913000	0.080605
4.914000	0.098679
4.915000	0.089633
4.916000	0.089633
4.917000	0.089633
4.918000	0.107707
4.919000	0.098679
4.920000	0.089633
4.921000	0.089633
4.922000	0.089633
4.923000	0.089633
4.924000	0.107707
4.925000	0.098679
4.926000	0.098679
4.927000	0.098679
4.928000	0.098679
4.929000	0.116735
4.930000	0.116735
4.931000	0.098679
4.932000	0.107707
4.933000	0.107707
4.934000	0.107707
4.935000	0.107707
4.936000	0.125763
4.937000	0.107707
4.938000	0.107707
4.939000	0.107707
4.940000	0.107707
4.941000	0.107707
4.942000	0.116735
4.943000	0.116735
4.944000	0.107707
4.945000	0.107707
4.946000	0.116735
4.947000	0.116735
4.948000	0.116735
4.949000	0.107707
4.950000	0.107707
4.951000	0.107707
4.952000	0.107707
4.953000	0.089633
4.954000	0.098679
4.955000	0.098679
4.956000	0.098679
4.957000	0.098679
4.958000	0.089633
4.959000	0.107707
4.960000	0.107707
4.961000	0.098679
4.962000	0.098679
4.963000	0.098679
4.964000	0.107707
4.965000	0.089633
4.966000	0.098679
4.967000	0.107707
4.968000	0.098679
4.969000	0.107707
4.970000	0.107707
4.971000	0.089633
4.972000	0.098679
4.973000	0.107707
4.974000	0.107707
4.975000	0.116735
4.976000	0.098679
4.977000	0.098679
4.978000	0.107707
4.979000	0.125763
4.980000	0.116735
4.981000	0.125763
4.982000	0.107707
4.983000	0.116735
4.984000	0.125763
4.985000	0.125763
4.986000	0.116735
4.987000	0.116735
4.988000	0.116735
4.989000	0.107707
4.990000	0.116735
4.991000	0.125763
4.992000	0.116735
4.993000	0.107707
4.994000	0.116735
4.995000	0.116735
4.996000	0.125763
4.997000	0.116735
4.998000	0.116735
4.999000	0.098679
5.000000	0.116735
5.001000	0.107707
5.002000	0.116735
5.003000	0.107707
5.004000	0.098679
5.005000	0.107707
5.006000	0.107707
5.007000	0.098679
5.008000	0.107707
5.009000	0.107707
5.010000	0.107707
5.011000	0.089633
5.012000	0.089633
5.013000	0.107707
5.014000	0.107707
5.015000	0.107707
5.016000	0.089633
5.017000	0.089633
5.018000	0.098679
5.019000	0.098679
5.020000	0.089633
5.021000	0.107707
5.022000	0.107707
5.023000	0.098679
5.024000	0.098679
5.025000	0.107707
5.026000	0.098679
5.027000	0.107707
5.028000	0.098679
5.029000	0.098679
5.030000	0.098679
5.031000	0.107707
5.032000	0.107707
5.033000	0.098679
5.034000	0.107707
5.035000	0.107707
5.036000	0.107707
5.037000	0.125763
5.038000	0.116735
5.039000	0.107707
5.040000	0.098679
5.041000	0.107707
5.042000	0.116735
5.043000	0.107707
5.044000	0.116735
5.045000	0.116735
5.046000	0.107707
5.047000	0.107707
5.048000	0.107707
5.049000	0.107707
5.050000	0.116735
5.051000	0.107707
5.052000	0.107707
5.053000	0.098679
5.054000	0.107707
5.055000	0.098679
5.056000	0.089633
5.057000	0.098679
5.058000	0.098679
5.059000	0.098679
5.060000	0.107707
5.061000	0.098679
5.062000	0.080605
5.063000	0.080605
5.064000	0.107707
5.065000	0.098679
5.066000	0.080605
5.067000	0.098679
5.068000	0.089633
5.069000	0.080605
5.070000	0.071576
5.071000	0.089633
5.072000	0.089633
5.073000	0.098679
5.074000	0.107707
5.075000	0.089633
5.076000	0.089633
5.077000	0.098679
5.078000	0.098679
5.079000	0.098679
5.080000	0.089633
5.081000	0.089633
5.082000	0.098679
5.083000	0.107707
5.084000	0.098679
5.085000	0.098679
5.086000	0.098679
5.087000	0.098679
5.088000	0.116735
5.089000	0.116735
5.090000	0.107707
5.091000	0.116735
5.092000	0.125763
5.093000	0.107707
5.094000	0.116735
5.095000	0.116735
5.096000	0.107707
5.097000	0.116735
5.098000	0.107707
5.099000	0.107707
5.100000	0.116735
5.101000	0.116735
5.102000	0.107707
5.103000	0.098679
5.104000	0.107707
5.105000	0.089633
5.106000	0.107707
5.107000	0.098679
5.108000	0.098679
5.109000	0.107707
5.110000	0.107707
5.111000	0.107707
5.112000	0.107707
5.113000	0.107707
5.114000	0.098679
5.115000	0.098679
5.116000	0.098679
5.117000	0.098679
5.118000	0.098679
5.119000	0.089633
5.120000	0.089633
5.121000	0.089633
5.122000	0.098679
5.123000	0.089633
5.124000	0.089633
5.125000	0.098679
5.126000	0.098679
5.127000	0.098679
5.128000	0.089633
5.129000	0.098679
5.130000	0.107707
5.131000	0.107707
5.132000	0.107707
5.133000	0.098679
5.134000	0.107707
5.135000	0.107707
5.136000	0.107707
5.137000	0.107707
5.138000	0.098679
5.139000	0.098679
5.140000	0.107707
5.141000	0.125763
5.142000	0.107707
5.143000	0.107707
5.144000	0.107707
5.145000	0.125763
5.146000	0.116735
5.147000	0.125763
5.148000	0.107707
5.149000	0.125763
5.150000	0.125763
5.151000	0.125763
5.152000	0.116735
5.153000	0.125763
5.154000	0.125763
5.155000	0.116735
5.156000	0.125763
5.157000	0.125763
5.158000	0.116735
5.159000	0.116735
5.160000	0.116735
5.161000	0.098679
5.162000	0.116735
5.163000	0.125763
5.164000	0.107707
5.165000	0.107707
5.166000	0.089633
5.167000	0.098679
5.168000	0.107707
5.169000	0.107707
5.170000	0.080605
5.171000	0.089633
5.172000	0.089633
5.173000	0.089633
5.174000	0.098679
5.175000	0.098679
5.176000	0.089633
5.177000	0.089633
5.178000	0.098679
5.179000	0.080605
5.180000	0.089633
5.181000	0.089633
5.182000	0.098679
5.183000	0.089633
5.184000	0.080605
5.185000	0.098679
5.186000	0.089633
5.187000	0.098679
5.188000	0.098679
5.189000	0.080605
5.190000	0.098679
5.191000	0.116735
5.192000	0.107707
5.193000	0.098679
5.194000	0.107707
5.195000	0.116735
5.196000	0.116735
5.197000	0.116735
5.198000	0.116735
5.199000	0.116735
5.200000	0.116735
5.201000	0.125763
5.202000	0.116735
5.203000	0.116735
5.204000	0.116735
5.205000	0.116735
5.206000	0.107707
5.207000	0.125763
5.208000	0.125763
5.209000	0.116735
5.210000	0.107707
5.211000	0.107707
5.212000	0.107707
5.213000	0.116735
5.214000	0.107707
5.215000	0.116735
5.216000	0.107707
5.217000	0.107707
5.218000	0.089633
5.219000	0.107707
5.220000	0.089633
5.221000	0.098679
5.222000	0.098679
5.223000	0.098679
5.224000	0.089633
5.225000	0.089633
5.226000	0.080605
5.227000	0.089633
5.228000	0.098679
5.229000	0.080605
5.230000	0.089633
5.231000	0.098679
5.232000	0.089633
5.233000	0.089633
5.234000	0.089633
5.235000	0.089633
5.236000	0.089633
5.237000	0.098679
5.238000	0.089633
5.239000	0.089633
5.240000	0.098679
5.241000	0.107707
5.242000	0.089633
5.243000	0.107707
5.244000	0.098679
5.245000	0.116735
5.246000	0.107707
5.247000	0.098679
5.248000	0.098679
5.249000	0.116735
5.250000	0.107707
5.251000	0.116735
5.252000	0.125763
5.253000	0.098679
5.254000	0.107707
5.255000	0.116735
5.256000	0.098679
5.257000	0.116735
5.258000	0.125763
5.259000	0.107707
5.260000	0.116735
5.261000	0.116735
5.262000	0.116735
5.263000	0.116735
5.264000	0.107707
5.265000	0.107707
5.266000	0.107707
5.267000	0.107707
5.268000	0.098679
5.269000	0.107707
5.270000	0.098679
5.271000	0.107707
5.272000	0.107707
5.273000	0.098679
5.274000	0.089633
5.275000	0.107707
5.276000	0.089633
5.277000	0.089633
5.278000	0.098679
5.279000	0.107707
5.280000	0.107707
5.281000	0.107707
5.282000	0.107707
5.283000	0.089633
5.284000	0.089633
5.285000	0.098679
5.286000	0.089633
5.287000	0.089633
5.288000	0.089633
5.289000	0.098679
5.290000	0.080605
5.291000	0.089633
5.292000	0.098679
5.293000	0.107707
5.294000	0.107707
5.295000	0.107707
5.296000	0.098679
5.297000	0.107707
5.298000	0.107707
5.299000	0.098679
5.300000	0.098679
5.301000	0.107707
5.302000	0.098679
5.303000	0.098679
5.304000	0.107707
5.305000	0.116735
5.306000	0.107707
5.307000	0.098679
5.308000	0.098679
5.309000	0.107707
5.310000	0.098679
5.311000	0.116735
5.312000	0.107707
5.313000	0.116735
5.314000	0.107707
5.315000	0.107707
5.316000	0.116735
5.317000	0.098679
5.318000	0.107707
5.319000	0.107707
5.320000	0.107707
5.321000	0.107707
5.322000	0.107707
5.323000	0.107707
5.324000	0.098679
5.325000	0.089633
5.326000	0.107707
5.327000	0.107707
5.328000	0.116735
5.329000	0.116735
5.330000	0.107707
5.331000	0.107707
5.332000	0.116735
5.333000	0.116735
5.334000	0.107707
5.335000	0.107707
5.336000	0.098679
5.337000	0.098679
5.338000	0.107707
5.339000	0.089633
5.340000	0.107707
5.341000	0.107707
5.342000	0.089633
5.343000	0.107707
5.344000	0.098679
5.345000	0.098679
5.346000	0.116735
5.347000	0.089633
5.348000	0.107707
5.349000	0.098679
5.350000	0.089633
5.351000	0.116735
5.352000	0.089633
5.353000	0.098679
5.354000	0.107707
5.355000	0.098679
5.356000	0.107707
5.357000	0.098679
5.358000	0.116735
5.359000	0.107707
5.360000	0.116735
5.361000	0.107707
5.362000	0.089633
5.363000	0.107707
5.364000	0.116735
5.365000	0.098679
5.366000	0.098679
5.367000	0.107707
5.368000	0.107707
5.369000	0.107707
5.370000	0.107707
5.371000	0.107707
5.372000	0.107707
5.373000	0.107707
5.374000	0.116735
5.375000	0.107707
5.376000	0.107707
5.377000	0.107707
5.378000	0.107707
5.379000	0.098679
5.380000	0.107707
5.381000	0.098679
5.382000	0.098679
5.383000	0.098679
5.384000	0.107707
5.385000	0.098679
5.386000	0.107707
5.387000	0.089633
5.388000	0.107707
5.389000	0.107707
5.390000	0.107707
5.391000	0.098679
5.392000	0.107707
5.393000	0.098679
5.394000	0.098679
5.395000	0.098679
5.396000	0.089633
5.397000	0.098679
5.398000	0.098679
5.399000	0.107707
5.400000	0.107707
5.401000	0.107707
5.402000	0.089633
5.403000	0.107707
5.404000	0.107707
5.405000	0.098679
5.406000	0.107707
5.407000	0.116735
5.408000	0.098679
5.409000	0.107707
5.410000	0.116735
5.411000	0.098679
5.412000	0.098679
5.413000	0.107707
5.414000	0.098679
5.415000	0.098679
5.416000	0.107707
5.417000	0.125763
5.418000	0.116735
5.419000	0.116735
5.420000	0.107707
5.421000	0.107707
5.422000	0.107707
5.423000	0.107707
5.424000	0.107707
5.425000	0.098679
5.426000	0.107707
5.427000	0.107707
5.428000	0.098679
5.429000	0.107707
5.430000	0.107707
5.431000	0.107707
5.432000	0.098679
5.433000	0.098679
5.434000	0.107707
5.435000	0.116735
5.436000	0.098679
5.437000	0.089633
5.438000	0.107707
5.439000	0.080605
5.440000	0.089633
5.441000	0.107707
5.442000	0.080605
5.443000	0.098679
5.444000	0.107707
5.445000	0.098679
5.446000	0.107707
5.447000	0.107707
5.448000	0.098679
5.449000	0.089633
5.450000	0.089633
5.451000	0.089633
5.452000	0.098679
5.453000	0.107707
5.454000	0.098679
5.455000	0.089633
5.456000	0.089633
5.457000	0.107707
5.458000	0.107707
5.459000	0.089633
5.460000	0.098679
5.461000	0.107707
5.462000	0.125763
5.463000	0.107707
5.464000	0.116735
5.465000	0.116735
5.466000	0.098679
5.467000	0.098679
5.468000	0.107707
5.469000	0.107707
5.470000	0.098679
5.471000	0.089633
5.472000	0.107707
5.473000	0.098679
5.474000	0.107707
5.475000	0.107707
5.476000	0.089633
5.477000	0.107707
5.478000	0.107707
5.479000	0.089633
5.480000	0.116735
5.481000	0.107707
5.482000	0.098679
5.483000	0.107707
5.484000	0.098679
5.485000	0.107707
5.486000	0.107707
5.487000	0.098679
5.488000	0.098679
5.489000	0.098679
5.490000	0.107707
5.491000	0.098679
5.492000	0.107707
5.493000	0.116735
5.494000	0.107707
5.495000	0.089633
5.496000	0.107707
5.497000	0.116735
5.498000	0.098679
5.499000	0.107707
