-0.500000	-17.700701
-0.499000	-17.185600
-0.498000	-17.185600
-0.497000	-16.157400
-0.496000	-16.671499
-0.495000	-16.671499
-0.494000	-17.185600
-0.493000	-16.671499
-0.492000	-17.185600
-0.491000	-16.671499
-0.490000	-16.671499
-0.489000	-17.185600
-0.488000	-17.185600
-0.487000	-17.185600
-0.486000	-16.671499
-0.485000	-16.671499
-0.484000	-17.185600
-0.483000	-17.185600
-0.482000	-17.185600
-0.481000	-16.671499
-0.480000	-17.185600
-0.479000	-16.671499
-0.478000	-16.671499
-0.477000	-16.671499
-0.476000	-17.185600
-0.475000	-16.671499
-0.474000	-16.671499
-0.473000	-17.185600
-0.472000	-17.185600
-0.471000	-16.671499
-0.470000	-17.700701
-0.469000	-16.671499
-0.468000	-17.185600
-0.467000	-17.700701
-0.466000	-17.700701
-0.465000	-16.157400
-0.464000	-16.671499
-0.463000	-17.185600
-0.462000	-16.671499
-0.461000	-16.671499
-0.460000	-17.185600
-0.459000	-17.700701
-0.458000	-16.671499
-0.457000	-16.671499
-0.456000	-17.185600
-0.455000	-17.700701
-0.454000	-17.185600
-0.453000	-17.700701
-0.452000	-16.671499
-0.451000	-17.185600
-0.450000	-17.185600
-0.449000	-16.671499
-0.448000	-16.671499
-0.447000	-16.671499
-0.446000	-16.157400
-0.445000	-17.700701
-0.444000	-16.671499
-0.443000	-16.671499
-0.442000	-16.671499
-0.441000	-16.157400
-0.440000	-17.700701
-0.439000	-17.185600
-0.438000	-17.700701
-0.437000	-17.700701
-0.436000	-17.700701
-0.435000	-17.185600
-0.434000	-16.671499
-0.433000	-16.671499
-0.432000	-17.700701
-0.431000	-17.185600
-0.430000	-17.185600
-0.429000	-16.671499
-0.428000	-17.700701
-0.427000	-17.185600
-0.426000	-17.700701
-0.425000	-17.185600
-0.424000	-16.671499
-0.423000	-17.700701
-0.422000	-17.185600
-0.421000	-16.671499
-0.420000	-16.671499
-0.419000	-17.185600
-0.418000	-17.700701
-0.417000	-16.671499
-0.416000	-17.700701
-0.415000	-17.700701
-0.414000	-17.700701
-0.413000	-16.671499
-0.412000	-16.671499
-0.411000	-17.185600
-0.410000	-17.185600
-0.409000	-18.214800
-0.408000	-17.185600
-0.407000	-17.185600
-0.406000	-17.185600
-0.405000	-17.185600
-0.404000	-16.671499
-0.403000	-16.671499
-0.402000	-17.185600
-0.401000	-17.700701
-0.400000	-16.157400
-0.399000	-17.185600
-0.398000	-16.671499
-0.397000	-16.671499
-0.396000	-17.185600
-0.395000	-17.700701
-0.394000	-17.185600
-0.393000	-17.700701
-0.392000	-16.157400
-0.391000	-17.185600
-0.390000	-16.671499
-0.389000	-17.185600
-0.388000	-16.671499
-0.387000	-17.185600
-0.386000	-16.671499
-0.385000	-16.157400
-0.384000	-17.185600
-0.383000	-17.700701
-0.382000	-16.671499
-0.381000	-17.700701
-0.380000	-17.185600
-0.379000	-17.185600
-0.378000	-17.185600
-0.377000	-17.185600
-0.376000	-16.671499
-0.375000	-17.700701
-0.374000	-16.671499
-0.373000	-17.185600
-0.372000	-17.700701
-0.371000	-17.700701
-0.370000	-17.185600
-0.369000	-17.185600
-0.368000	-17.700701
-0.367000	-16.671499
-0.366000	-17.185600
-0.365000	-16.671499
-0.364000	-17.185600
-0.363000	-17.185600
-0.362000	-17.185600
-0.361000	-17.700701
-0.360000	-17.700701
-0.359000	-17.185600
-0.358000	-16.157400
-0.357000	-16.671499
-0.356000	-17.185600
-0.355000	-17.700701
-0.354000	-17.185600
-0.353000	-17.185600
-0.352000	-16.157400
-0.351000	-16.671499
-0.350000	-16.671499
-0.349000	-16.671499
-0.348000	-16.157400
-0.347000	-17.185600
-0.346000	-16.671499
-0.345000	-17.185600
-0.344000	-17.185600
-0.343000	-16.671499
-0.342000	-16.671499
-0.341000	-16.671499
-0.340000	-16.671499
-0.339000	-17.700701
-0.338000	-17.185600
-0.337000	-17.185600
-0.336000	-16.671499
-0.335000	-16.671499
-0.334000	-17.185600
-0.333000	-16.157400
-0.332000	-17.700701
-0.331000	-17.185600
-0.330000	-17.185600
-0.329000	-17.185600
-0.328000	-16.671499
-0.327000	-17.185600
-0.326000	-17.185600
-0.325000	-17.185600
-0.324000	-16.157400
-0.323000	-17.185600
-0.322000	-17.700701
-0.321000	-17.185600
-0.320000	-17.700701
-0.319000	-17.185600
-0.318000	-16.671499
-0.317000	-17.700701
-0.316000	-18.214800
-0.315000	-17.185600
-0.314000	-17.185600
-0.313000	-17.185600
-0.312000	-16.671499
-0.311000	-17.185600
-0.310000	-17.185600
-0.309000	-17.185600
-0.308000	-16.157400
-0.307000	-17.700701
-0.306000	-17.185600
-0.305000	-16.671499
-0.304000	-17.700701
-0.303000	-16.671499
-0.302000	-17.185600
-0.301000	-17.700701
-0.300000	-17.185600
-0.299000	-17.700701
-0.298000	-17.185600
-0.297000	-16.157400
-0.296000	-17.185600
-0.295000	-17.185600
-0.294000	-17.185600
-0.293000	-17.700701
-0.292000	-17.700701
-0.291000	-16.157400
-0.290000	-16.671499
-0.289000	-16.671499
-0.288000	-17.185600
-0.287000	-16.671499
-0.286000	-17.185600
-0.285000	-16.671499
-0.284000	-17.185600
-0.283000	-17.700701
-0.282000	-16.671499
-0.281000	-16.671499
-0.280000	-17.700701
-0.279000	-16.671499
-0.278000	-16.671499
-0.277000	-16.671499
-0.276000	-17.185600
-0.275000	-17.185600
-0.274000	-16.671499
-0.273000	-16.671499
-0.272000	-16.671499
-0.271000	-17.700701
-0.270000	-16.671499
-0.269000	-17.185600
-0.268000	-17.700701
-0.267000	-17.185600
-0.266000	-17.185600
-0.265000	-17.700701
-0.264000	-16.671499
-0.263000	-17.185600
-0.262000	-16.671499
-0.261000	-16.671499
-0.260000	-17.185600
-0.259000	-16.157400
-0.258000	-16.671499
-0.257000	-16.671499
-0.256000	-17.700701
-0.255000	-17.185600
-0.254000	-17.185600
-0.253000	-16.671499
-0.252000	-15.642200
-0.251000	-16.671499
-0.250000	-16.671499
-0.249000	-17.185600
-0.248000	-17.185600
-0.247000	-16.671499
-0.246000	-16.671499
-0.245000	-17.185600
-0.244000	-17.185600
-0.243000	-17.700701
-0.242000	-17.700701
-0.241000	-17.185600
-0.240000	-16.671499
-0.239000	-17.700701
-0.238000	-16.157400
-0.237000	-17.700701
-0.236000	-17.700701
-0.235000	-16.671499
-0.234000	-17.700701
-0.233000	-17.185600
-0.232000	-16.671499
-0.231000	-16.671499
-0.230000	-16.671499
-0.229000	-16.671499
-0.228000	-17.185600
-0.227000	-17.185600
-0.226000	-17.185600
-0.225000	-17.700701
-0.224000	-17.185600
-0.223000	-17.185600
-0.222000	-16.671499
-0.221000	-17.185600
-0.220000	-17.185600
-0.219000	-17.185600
-0.218000	-16.671499
-0.217000	-16.671499
-0.216000	-17.700701
-0.215000	-17.185600
-0.214000	-17.185600
-0.213000	-16.671499
-0.212000	-16.671499
-0.211000	-17.185600
-0.210000	-17.185600
-0.209000	-16.671499
-0.208000	-17.185600
-0.207000	-17.185600
-0.206000	-17.185600
-0.205000	-17.700701
-0.204000	-17.185600
-0.203000	-17.185600
-0.202000	-17.700701
-0.201000	-16.671499
-0.200000	-17.185600
-0.199000	-16.671499
-0.198000	-17.185600
-0.197000	-17.700701
-0.196000	-16.671499
-0.195000	-16.671499
-0.194000	-17.185600
-0.193000	-17.185600
-0.192000	-16.671499
-0.191000	-17.700701
-0.190000	-16.671499
-0.189000	-17.700701
-0.188000	-17.185600
-0.187000	-17.185600
-0.186000	-16.671499
-0.185000	-16.671499
-0.184000	-17.185600
-0.183000	-17.185600
-0.182000	-16.671499
-0.181000	-17.185600
-0.180000	-16.671499
-0.179000	-17.185600
-0.178000	-16.671499
-0.177000	-17.185600
-0.176000	-17.185600
-0.175000	-16.671499
-0.174000	-16.671499
-0.173000	-16.157400
-0.172000	-17.185600
-0.171000	-16.671499
-0.170000	-17.185600
-0.169000	-17.185600
-0.168000	-17.700701
-0.167000	-16.671499
-0.166000	-17.700701
-0.165000	-16.671499
-0.164000	-16.671499
-0.163000	-17.700701
-0.162000	-16.671499
-0.161000	-16.671499
-0.160000	-17.700701
-0.159000	-17.185600
-0.158000	-16.671499
-0.157000	-17.185600
-0.156000	-17.185600
-0.155000	-16.671499
-0.154000	-17.185600
-0.153000	-16.671499
-0.152000	-16.671499
-0.151000	-16.671499
-0.150000	-16.671499
-0.149000	-16.671499
-0.148000	-16.671499
-0.147000	-17.700701
-0.146000	-16.157400
-0.145000	-17.185600
-0.144000	-17.700701
-0.143000	-17.700701
-0.142000	-17.185600
-0.141000	-16.671499
-0.140000	-17.185600
-0.139000	-17.185600
-0.138000	-17.185600
-0.137000	-16.671499
-0.136000	-16.671499
-0.135000	-16.157400
-0.134000	-16.671499
-0.133000	-17.700701
-0.132000	-16.671499
-0.131000	-16.671499
-0.130000	-16.671499
-0.129000	-17.185600
-0.128000	-16.671499
-0.127000	-16.671499
-0.126000	-16.671499
-0.125000	-17.185600
-0.124000	-16.671499
-0.123000	-17.185600
-0.122000	-17.700701
-0.121000	-17.185600
-0.120000	-16.671499
-0.119000	-17.185600
-0.118000	-17.185600
-0.117000	-17.185600
-0.116000	-16.157400
-0.115000	-17.700701
-0.114000	-16.671499
-0.113000	-16.671499
-0.112000	-16.671499
-0.111000	-16.671499
-0.110000	-17.700701
-0.109000	-17.700701
-0.108000	-16.671499
-0.107000	-17.700701
-0.106000	-16.671499
-0.105000	-16.671499
-0.104000	-17.700701
-0.103000	-16.671499
-0.102000	-17.185600
-0.101000	-16.671499
-0.100000	-16.671499
-0.099000	-17.700701
-0.098000	-17.700701
-0.097000	-16.671499
-0.096000	-17.700701
-0.095000	-16.671499
-0.094000	-17.185600
-0.093000	-17.700701
-0.092000	-17.185600
-0.091000	-16.671499
-0.090000	-16.671499
-0.089000	-17.700701
-0.088000	-17.700701
-0.087000	-16.671499
-0.086000	-16.671499
-0.085000	-17.185600
-0.084000	-16.671499
-0.083000	-17.185600
-0.082000	-17.700701
-0.081000	-17.700701
-0.080000	-16.671499
-0.079000	-17.185600
-0.078000	-17.185600
-0.077000	-16.671499
-0.076000	-15.642200
-0.075000	-16.671499
-0.074000	-16.671499
-0.073000	-17.185600
-0.072000	-17.700701
-0.071000	-17.700701
-0.070000	-16.671499
-0.069000	-16.671499
-0.068000	-17.185600
-0.067000	-17.185600
-0.066000	-17.700701
-0.065000	-16.671499
-0.064000	-17.185600
-0.063000	-17.185600
-0.062000	-17.700701
-0.061000	-17.185600
-0.060000	-16.671499
-0.059000	-17.185600
-0.058000	-16.671499
-0.057000	-16.157400
-0.056000	-16.671499
-0.055000	-17.700701
-0.054000	-17.185600
-0.053000	-17.700701
-0.052000	-16.671499
-0.051000	-17.185600
-0.050000	-17.185600
-0.049000	-16.671499
-0.048000	-16.671499
-0.047000	-17.185600
-0.046000	-16.157400
-0.045000	-17.185600
-0.044000	-17.700701
-0.043000	-17.185600
-0.042000	-16.671499
-0.041000	-16.671499
-0.040000	-17.185600
-0.039000	-17.700701
-0.038000	-16.671499
-0.037000	-17.185600
-0.036000	-16.671499
-0.035000	-16.671499
-0.034000	-17.185600
-0.033000	-17.185600
-0.032000	-18.214800
-0.031000	-18.728901
-0.030000	-19.243000
-0.029000	-20.786400
-0.028000	-21.815701
-0.027000	-22.329800
-0.026000	-22.843901
-0.025000	-23.358999
-0.024000	-23.358999
-0.023000	-24.387199
-0.022000	-24.387199
-0.021000	-24.387199
-0.020000	-24.902399
-0.019000	-24.902399
-0.018000	-26.444700
-0.017000	-25.930599
-0.016000	-26.444700
-0.015000	-27.474001
-0.014000	-27.474001
-0.013000	-28.502199
-0.012000	-27.474001
-0.011000	-26.444700
-0.010000	-26.959900
-0.009000	-27.988100
-0.008000	-28.502199
-0.007000	-29.531401
-0.006000	-30.560699
-0.005000	-30.045500
-0.004000	-30.560699
-0.003000	-30.560699
-0.002000	-30.560699
-0.001000	-31.074800
0.000000	-31.074800
0.001000	-32.103001
0.002000	-32.103001
0.003000	-33.132301
0.004000	-34.161499
0.005000	-34.675598
0.006000	-36.219002
0.007000	-35.703800
0.008000	-36.219002
0.009000	-35.189701
0.010000	-36.219002
0.011000	-36.219002
0.012000	-36.219002
0.013000	-35.189701
0.014000	-37.247200
0.015000	-39.304699
0.016000	-39.304699
0.017000	-40.848000
0.018000	-43.420601
0.019000	-42.905499
0.020000	-43.420601
0.021000	-43.420601
0.022000	-43.934700
0.023000	-34.161499
0.024000	-21.815701
0.025000	-12.556500
0.026000	-14.614000
0.027000	-32.103001
0.028000	-48.049702
0.029000	-50.107101
0.030000	-44.448898
0.031000	-38.790600
0.032000	-37.762299
0.033000	-34.675598
0.034000	-42.905499
0.035000	-51.650501
0.036000	-45.478100
0.037000	-36.219002
0.038000	-32.618198
0.039000	-33.132301
0.040000	-34.161499
0.041000	-41.877300
0.042000	-46.506302
0.043000	-45.992199
0.044000	-40.333900
0.045000	-36.219002
0.046000	-34.675598
0.047000	-35.703800
0.048000	-37.762299
0.049000	-39.304699
0.050000	-38.790600
0.051000	-36.733101
0.052000	-34.675598
0.053000	-36.219002
0.054000	-39.304699
0.055000	-40.333900
0.056000	-40.333900
0.057000	-39.304699
0.058000	-36.219002
0.059000	-34.675598
0.060000	-35.189701
0.061000	-36.219002
0.062000	-38.790600
0.063000	-38.790600
0.064000	-38.276501
0.065000	-38.276501
0.066000	-41.363201
0.067000	-40.848000
0.068000	-34.161499
0.069000	-36.733101
0.070000	-38.276501
0.071000	-36.733101
0.072000	-34.675598
0.073000	-35.703800
0.074000	-37.762299
0.075000	-38.276501
0.076000	-37.762299
0.077000	-35.703800
0.078000	-36.219002
0.079000	-36.219002
0.080000	-34.675598
0.081000	-33.646400
0.082000	-34.675598
0.083000	-35.703800
0.084000	-36.219002
0.085000	-35.703800
0.086000	-34.675598
0.087000	-33.132301
0.088000	-32.618198
0.089000	-33.132301
0.090000	-33.646400
0.091000	-33.646400
0.092000	-32.618198
0.093000	-32.103001
0.094000	-32.618198
0.095000	-33.132301
0.096000	-34.161499
0.097000	-34.161499
0.098000	-34.161499
0.099000	-33.646400
0.100000	-31.588900
0.101000	-30.045500
0.102000	-30.045500
0.103000	-30.045500
0.104000	-133.953995
0.105000	11.620000
0.106000	17.279301
0.107000	-53.708000
0.108000	-35.189701
0.109000	1.332660
0.110000	-20.786400
0.111000	-57.308800
0.112000	-21.301600
0.113000	-10.499100
0.114000	-34.675598
0.115000	-35.189701
0.116000	-37.762299
0.117000	-12.041400
0.118000	-37.247200
0.119000	-29.531401
0.120000	-28.502199
0.121000	-23.358999
0.122000	-22.843901
0.123000	-19.243000
0.124000	-32.103001
0.125000	-24.902399
0.126000	-38.276501
0.127000	-32.618198
0.128000	54.315800
0.129000	-42.905499
0.130000	-50.622299
0.131000	-19.758200
0.132000	-32.618198
0.133000	-62.452999
0.134000	-21.301600
0.135000	-5.868990
0.136000	-9.469820
0.137000	-37.247200
0.138000	-29.017300
0.139000	-31.074800
0.140000	-20.786400
0.141000	-29.531401
0.142000	0.303405
0.143000	-25.416500
0.144000	-24.387199
0.145000	-37.762299
0.146000	-33.132301
0.147000	-34.161499
0.148000	-16.157400
0.149000	-20.272301
0.150000	-17.185600
0.151000	-26.444700
0.152000	-23.873100
0.153000	-24.387199
0.154000	-24.387199
0.155000	-17.700701
0.156000	-23.358999
0.157000	-24.387199
0.158000	-29.017300
0.159000	-23.873100
0.160000	-26.444700
0.161000	-13.584800
0.162000	-18.728901
0.163000	-13.584800
0.164000	-26.444700
0.165000	-21.815701
0.166000	-32.103001
0.167000	-25.930599
0.168000	-26.444700
0.169000	-23.358999
0.170000	-23.873100
0.171000	-20.272301
0.172000	-24.902399
0.173000	-21.815701
0.174000	-137.554993
0.175000	34.254200
0.176000	11.105900
0.177000	-45.478100
0.178000	-11.013200
0.179000	-0.210698
0.180000	-17.700701
0.181000	-34.161499
0.182000	-5.868990
0.183000	-10.499100
0.184000	-17.185600
0.185000	-27.988100
0.186000	-25.930599
0.187000	-31.588900
0.188000	-26.444700
0.189000	-13.584800
0.190000	-18.214800
0.191000	31.167500
0.192000	3.904230
0.193000	1.332660
0.194000	1.332660
0.195000	-8.441620
0.196000	-3.297420
0.197000	-4.325630
0.198000	1.332660
0.199000	-24.387199
0.200000	2.876030
0.201000	-3.297420
0.202000	-5.354890
0.203000	-7.926460
0.204000	7.505060
0.205000	12.649300
0.206000	19.850901
0.207000	8.020220
0.208000	12.135200
0.209000	-6.898250
0.210000	14.192600
0.211000	7.505060
0.212000	0.818562
0.213000	-1.239960
0.214000	21.394300
0.215000	28.080799
0.216000	25.509199
0.217000	21.908400
0.218000	21.394300
0.219000	10.591800
0.220000	12.649300
0.221000	16.250099
0.222000	16.764200
0.223000	12.649300
0.224000	6.476860
0.225000	11.105900
0.226000	14.706700
0.227000	15.736000
0.228000	5.961700
0.229000	4.933490
0.230000	11.105900
0.231000	17.279301
0.232000	13.678500
0.233000	6.990960
0.234000	1.846770
0.235000	0.818562
0.236000	12.649300
0.237000	17.279301
0.238000	10.591800
0.239000	14.192600
0.240000	23.965799
0.241000	18.307501
0.242000	10.591800
0.243000	9.562530
0.244000	16.764200
0.245000	26.538500
0.246000	27.052601
0.247000	20.880199
0.248000	18.821699
0.249000	19.850901
0.250000	18.307501
0.251000	18.821699
0.252000	18.821699
0.253000	22.937599
0.254000	27.052601
0.255000	26.023300
0.256000	27.052601
0.257000	24.481001
0.258000	23.451700
0.259000	24.995100
0.260000	26.538500
0.261000	27.566700
0.262000	31.681601
0.263000	31.167500
0.264000	30.139299
0.265000	30.653400
0.266000	34.254200
0.267000	35.282398
0.268000	39.912498
0.269000	38.883301
0.270000	37.855099
0.271000	35.282398
0.272000	34.768299
0.273000	33.224998
0.274000	33.740101
0.275000	32.710899
0.276000	38.369202
0.277000	40.941799
0.278000	41.455898
0.279000	38.883301
0.280000	37.341000
0.281000	35.282398
0.282000	35.797600
0.283000	34.768299
0.284000	35.797600
0.285000	36.825802
0.286000	38.369202
0.287000	38.883301
0.288000	36.825802
0.289000	35.282398
0.290000	34.768299
0.291000	34.768299
0.292000	34.254200
0.293000	32.710899
0.294000	29.624100
0.295000	29.110001
0.296000	23.965799
0.297000	22.422501
0.298000	27.566700
0.299000	33.740101
0.300000	39.912498
0.301000	40.941799
0.302000	46.084900
0.303000	45.056702
0.304000	37.341000
0.305000	31.681601
0.306000	33.224998
0.307000	30.139299
0.308000	30.653400
0.309000	32.710899
0.310000	32.710899
0.311000	34.768299
0.312000	34.768299
0.313000	35.797600
0.314000	36.825802
0.315000	36.825802
0.316000	37.341000
0.317000	33.740101
0.318000	31.167500
0.319000	29.110001
0.320000	32.710899
0.321000	34.768299
0.322000	40.426601
0.323000	41.455898
0.324000	40.941799
0.325000	41.455898
0.326000	40.941799
0.327000	37.855099
0.328000	37.341000
0.329000	34.768299
0.330000	37.341000
0.331000	39.398399
0.332000	39.398399
0.333000	40.426601
0.334000	41.455898
0.335000	40.941799
0.336000	39.912498
0.337000	40.426601
0.338000	41.970001
0.339000	41.455898
0.340000	39.912498
0.341000	43.513401
0.342000	40.426601
0.343000	44.027500
0.344000	41.455898
0.345000	44.027500
0.346000	44.541599
0.347000	46.084900
0.348000	42.999199
0.349000	45.570801
0.350000	44.541599
0.351000	43.513401
0.352000	41.970001
0.353000	46.600101
0.354000	40.426601
0.355000	45.570801
0.356000	41.455898
0.357000	44.541599
0.358000	42.999199
0.359000	47.114201
0.360000	40.941799
0.361000	43.513401
0.362000	43.513401
0.363000	45.570801
0.364000	34.768299
0.365000	40.426601
0.366000	43.513401
0.367000	42.999199
0.368000	44.541599
0.369000	44.541599
0.370000	44.027500
0.371000	47.114201
0.372000	43.513401
0.373000	26.023300
0.374000	19.336800
0.375000	26.023300
0.376000	51.229099
0.377000	66.146500
0.378000	54.315800
0.379000	47.628300
0.380000	47.628300
0.381000	54.829899
0.382000	50.200901
0.383000	41.970001
0.384000	35.282398
0.385000	43.513401
0.386000	50.200901
0.387000	44.541599
0.388000	39.398399
0.389000	48.657501
0.390000	54.315800
0.391000	52.258400
0.392000	49.685699
0.393000	42.999199
0.394000	42.484100
0.395000	45.056702
0.396000	42.484100
0.397000	40.426601
0.398000	47.628300
0.399000	55.344002
0.400000	54.829899
0.401000	52.772499
0.402000	53.286598
0.403000	53.801701
0.404000	52.258400
0.405000	48.657501
0.406000	39.912498
0.407000	41.455898
0.408000	43.513401
0.409000	50.200901
0.410000	49.685699
0.411000	47.628300
0.412000	42.484100
0.413000	45.570801
0.414000	57.916698
0.415000	53.801701
0.416000	52.772499
0.417000	47.628300
0.418000	54.315800
0.419000	63.060902
0.420000	63.060902
0.421000	63.060902
0.422000	59.459999
0.423000	68.719200
0.424000	66.146500
0.425000	63.575001
0.426000	63.575001
0.427000	66.146500
0.428000	63.060902
0.429000	63.575001
0.430000	58.430801
0.431000	61.002300
0.432000	66.146500
0.433000	67.689903
0.434000	63.575001
0.435000	69.747398
0.436000	56.373299
0.437000	67.175797
0.438000	69.747398
0.439000	71.804802
0.440000	68.719200
0.441000	76.434898
0.442000	70.262497
0.443000	75.405701
0.444000	75.920799
0.445000	79.521599
0.446000	76.948997
0.447000	75.405701
0.448000	77.463097
0.449000	73.863297
0.450000	76.948997
0.451000	73.863297
0.452000	76.434898
0.453000	76.434898
0.454000	78.492401
0.455000	78.492401
0.456000	79.006500
0.457000	77.978302
0.458000	78.492401
0.459000	79.006500
0.460000	80.035698
0.461000	82.093201
0.462000	85.179901
0.463000	87.237396
0.464000	85.694000
0.465000	86.723297
0.466000	87.237396
0.467000	85.179901
0.468000	86.208099
0.469000	83.122498
0.470000	86.208099
0.471000	86.208099
0.472000	85.694000
0.473000	86.723297
0.474000	84.150703
0.475000	86.208099
0.476000	88.780800
0.477000	86.723297
0.478000	86.723297
0.479000	90.838203
0.480000	86.723297
0.481000	89.808998
0.482000	90.324097
0.483000	90.838203
0.484000	88.780800
0.485000	91.352303
0.486000	92.381599
0.487000	92.895699
0.488000	92.381599
0.489000	90.838203
0.490000	88.780800
0.491000	87.751503
0.492000	90.324097
0.493000	92.895699
0.494000	91.352303
0.495000	93.409798
0.496000	92.895699
0.497000	91.866402
0.498000	93.409798
0.499000	92.895699
0.500000	91.866402
0.501000	90.324097
0.502000	93.409798
0.503000	90.324097
0.504000	93.923897
0.505000	94.953201
0.506000	90.838203
0.507000	98.554001
0.508000	93.409798
0.509000	101.125999
0.510000	90.838203
0.511000	100.097000
0.512000	90.838203
0.513000	94.439102
0.514000	93.409798
0.515000	94.439102
0.516000	88.780800
0.517000	90.838203
0.518000	90.838203
0.519000	90.838203
0.520000	92.381599
0.521000	94.953201
0.522000	92.895699
0.523000	93.409798
0.524000	96.496498
0.525000	97.524696
0.526000	97.010597
0.527000	102.668999
0.528000	97.010597
0.529000	99.583199
0.530000	95.982399
0.531000	99.068100
0.532000	95.982399
0.533000	94.953201
0.534000	92.895699
0.535000	91.866402
0.536000	93.409798
0.537000	95.467300
0.538000	97.524696
0.539000	97.524696
0.540000	99.583199
0.541000	94.953201
0.542000	101.125999
0.543000	96.496498
0.544000	99.068100
0.545000	95.982399
0.546000	101.640999
0.547000	95.467300
0.548000	98.039902
0.549000	99.583199
0.550000	102.154999
0.551000	96.496498
0.552000	101.125999
0.553000	98.039902
0.554000	103.697998
0.555000	100.611000
0.556000	100.097000
0.557000	95.982399
0.558000	102.154999
0.559000	100.097000
0.560000	99.068100
0.561000	98.039902
0.562000	99.068100
0.563000	97.524696
0.564000	95.982399
0.565000	101.640999
0.566000	97.010597
0.567000	101.125999
0.568000	97.524696
0.569000	103.697998
0.570000	100.611000
0.571000	103.697998
0.572000	102.154999
0.573000	104.211998
0.574000	99.068100
0.575000	103.697998
0.576000	102.154999
0.577000	101.125999
0.578000	101.125999
0.579000	104.211998
0.580000	102.668999
0.581000	103.183998
0.582000	106.785004
0.583000	104.211998
0.584000	107.813004
0.585000	109.356003
0.586000	111.928001
0.587000	110.385002
0.588000	116.557999
0.589000	113.471001
0.590000	116.043999
0.591000	118.615997
0.592000	124.274002
0.593000	120.672997
0.594000	125.817001
0.595000	126.331001
0.596000	129.932007
0.597000	123.760002
0.598000	125.303001
0.599000	122.731003
0.600000	127.875000
0.601000	123.760002
0.602000	126.845001
0.603000	128.389008
0.604000	130.445999
0.605000	129.417999
0.606000	132.505005
0.607000	127.875000
0.608000	132.505005
0.609000	130.960999
0.610000	130.445999
0.611000	129.417999
0.612000	129.932007
0.613000	127.875000
0.614000	131.475998
0.615000	131.990005
0.616000	132.505005
0.617000	133.533005
0.618000	133.018997
0.619000	136.106003
0.620000	132.505005
0.621000	136.106003
0.622000	130.960999
0.623000	133.533005
0.624000	130.445999
0.625000	133.533005
0.626000	131.990005
0.627000	134.561996
0.628000	132.505005
0.629000	136.106003
0.630000	134.561996
0.631000	138.162994
0.632000	137.647995
0.633000	135.589996
0.634000	136.106003
0.635000	129.932007
0.636000	132.505005
0.637000	130.445999
0.638000	131.990005
0.639000	129.932007
0.640000	131.990005
0.641000	129.417999
0.642000	133.018997
0.643000	133.018997
0.644000	132.505005
0.645000	131.990005
0.646000	134.561996
0.647000	130.445999
0.648000	131.990005
0.649000	134.046997
0.650000	133.018997
0.651000	132.505005
0.652000	134.046997
0.653000	134.046997
0.654000	134.561996
0.655000	135.589996
0.656000	135.076004
0.657000	131.990005
0.658000	134.561996
0.659000	135.076004
0.660000	130.960999
0.661000	131.990005
0.662000	135.076004
0.663000	132.505005
0.664000	135.076004
0.665000	132.505005
0.666000	135.589996
0.667000	137.134003
0.668000	138.677002
0.669000	136.619995
0.670000	137.647995
0.671000	137.134003
0.672000	138.162994
0.673000	138.162994
0.674000	137.134003
0.675000	136.106003
0.676000	134.561996
0.677000	136.619995
0.678000	136.619995
0.679000	136.106003
0.680000	135.589996
0.681000	136.106003
0.682000	133.533005
0.683000	133.533005
0.684000	132.505005
0.685000	131.475998
0.686000	131.990005
0.687000	133.018997
0.688000	132.505005
0.689000	129.932007
0.690000	134.046997
0.691000	131.475998
0.692000	131.990005
0.693000	130.445999
0.694000	131.990005
0.695000	128.904007
0.696000	130.960999
0.697000	130.445999
0.698000	130.960999
0.699000	129.417999
0.700000	129.417999
0.701000	128.389008
0.702000	128.389008
0.703000	127.875000
0.704000	127.361000
0.705000	125.817001
0.706000	126.845001
0.707000	126.331001
0.708000	124.788002
0.709000	124.274002
0.710000	123.760002
0.711000	123.246002
0.712000	123.246002
0.713000	123.760002
0.714000	123.760002
0.715000	124.274002
0.716000	123.760002
0.717000	123.760002
0.718000	123.246002
0.719000	123.246002
0.720000	122.731003
0.721000	123.246002
0.722000	123.246002
0.723000	123.760002
0.724000	125.303001
0.725000	125.303001
0.726000	126.331001
0.727000	125.303001
0.728000	125.817001
0.729000	125.817001
0.730000	125.817001
0.731000	125.817001
0.732000	125.303001
0.733000	124.788002
0.734000	124.788002
0.735000	125.303001
0.736000	125.303001
0.737000	125.817001
0.738000	126.845001
0.739000	126.331001
0.740000	127.361000
0.741000	128.904007
0.742000	129.417999
0.743000	129.417999
0.744000	130.445999
0.745000	130.445999
0.746000	130.445999
0.747000	130.445999
0.748000	131.475998
0.749000	130.445999
0.750000	130.960999
0.751000	130.960999
0.752000	131.990005
0.753000	132.505005
0.754000	133.018997
0.755000	133.018997
0.756000	133.533005
0.757000	134.046997
0.758000	134.561996
0.759000	134.561996
0.760000	134.561996
0.761000	134.561996
0.762000	135.589996
0.763000	136.106003
0.764000	137.134003
0.765000	138.162994
0.766000	138.162994
0.767000	138.677002
0.768000	139.190994
0.769000	140.220993
0.770000	140.220993
0.771000	139.190994
0.772000	138.677002
0.773000	140.220993
0.774000	138.677002
0.775000	139.190994
0.776000	139.190994
0.777000	139.705994
0.778000	138.162994
0.779000	138.677002
0.780000	135.076004
0.781000	138.162994
0.782000	138.162994
0.783000	139.190994
0.784000	138.677002
0.785000	141.248993
0.786000	142.278000
0.787000	142.792007
0.788000	140.220993
0.789000	140.735001
0.790000	138.162994
0.791000	137.647995
0.792000	136.619995
0.793000	137.134003
0.794000	137.134003
0.795000	139.190994
0.796000	138.677002
0.797000	139.705994
0.798000	140.735001
0.799000	141.764008
0.800000	141.248993
0.801000	139.705994
0.802000	140.220993
0.803000	139.705994
0.804000	139.705994
0.805000	138.162994
0.806000	140.220993
0.807000	140.220993
0.808000	141.248993
0.809000	140.735001
0.810000	141.764008
0.811000	140.735001
0.812000	141.248993
0.813000	140.220993
0.814000	139.190994
0.815000	140.735001
0.816000	140.735001
0.817000	140.735001
0.818000	140.220993
0.819000	141.248993
0.820000	141.764008
0.821000	141.248993
0.822000	141.764008
0.823000	143.306000
0.824000	143.306000
0.825000	144.850006
0.826000	145.365005
0.827000	145.878998
0.828000	145.878998
0.829000	146.906998
0.830000	148.449997
0.831000	148.966003
0.832000	148.449997
0.833000	150.507996
0.834000	147.936005
0.835000	150.507996
0.836000	149.994003
0.837000	151.537003
0.838000	149.479996
0.839000	149.994003
0.840000	150.507996
0.841000	151.537003
0.842000	152.565994
0.843000	152.050995
0.844000	152.050995
0.845000	152.565994
0.846000	152.565994
0.847000	153.595001
0.848000	152.565994
0.849000	153.595001
0.850000	154.623993
0.851000	154.108994
0.852000	155.138000
0.853000	157.710007
0.854000	156.167007
0.855000	158.738998
0.856000	157.710007
0.857000	158.225006
0.858000	159.253006
0.859000	158.738998
0.860000	157.195007
0.861000	157.195007
0.862000	157.195007
0.863000	157.710007
0.864000	156.681000
0.865000	157.195007
0.866000	157.195007
0.867000	156.681000
0.868000	156.681000
0.869000	156.681000
0.870000	156.681000
0.871000	157.710007
0.872000	157.195007
0.873000	158.738998
0.874000	157.710007
0.875000	157.195007
0.876000	157.195007
0.877000	156.167007
0.878000	156.167007
0.879000	155.651993
0.880000	156.167007
0.881000	156.167007
0.882000	155.651993
0.883000	155.651993
0.884000	154.108994
0.885000	153.080994
0.886000	154.108994
0.887000	153.595001
0.888000	154.108994
0.889000	151.537003
0.890000	154.623993
0.891000	156.167007
0.892000	156.681000
0.893000	155.138000
0.894000	156.681000
0.895000	157.195007
0.896000	155.138000
0.897000	157.195007
0.898000	156.167007
0.899000	155.651993
0.900000	155.651993
0.901000	154.108994
0.902000	157.710007
0.903000	157.195007
0.904000	157.710007
0.905000	156.681000
0.906000	157.195007
0.907000	157.710007
0.908000	158.225006
0.909000	160.796005
0.910000	159.766998
0.911000	160.281998
0.912000	161.826004
0.913000	160.796005
0.914000	161.309998
0.915000	162.339996
0.916000	161.826004
0.917000	162.339996
0.918000	162.339996
0.919000	164.910995
0.920000	162.854004
0.921000	165.940002
0.922000	163.882996
0.923000	166.968994
0.924000	164.397003
0.925000	167.483994
0.926000	165.425995
0.927000	166.968994
0.928000	167.483994
0.929000	167.998001
0.930000	167.483994
0.931000	168.511993
0.932000	169.541000
0.933000	168.511993
0.934000	170.054993
0.935000	168.511993
0.936000	171.085007
0.937000	171.085007
0.938000	170.570007
0.939000	171.085007
0.940000	171.085007
0.941000	171.598999
0.942000	171.598999
0.943000	172.113007
0.944000	171.598999
0.945000	172.113007
0.946000	171.598999
0.947000	173.141998
0.948000	172.113007
0.949000	173.656006
0.950000	172.628006
0.951000	174.169998
0.952000	172.628006
0.953000	176.742996
0.954000	173.656006
0.955000	175.714005
0.956000	174.684998
0.957000	177.257004
0.958000	175.714005
0.959000	178.800003
0.960000	176.742996
0.961000	177.257004
0.962000	177.770996
0.963000	178.800003
0.964000	178.800003
0.965000	182.401001
0.966000	182.914993
0.967000	182.914993
0.968000	185.488007
0.969000	183.945007
0.970000	185.488007
0.971000	183.429001
0.972000	188.574005
0.973000	183.945007
0.974000	189.602997
0.975000	187.544998
0.976000	190.630997
0.977000	188.059998
0.978000	193.718002
0.979000	192.173996
0.980000	193.203995
0.981000	195.261002
0.982000	194.746994
0.983000	194.746994
0.984000	191.660004
0.985000	193.203995
0.986000	191.660004
0.987000	192.173996
0.988000	193.203995
0.989000	192.688995
0.990000	194.746994
0.991000	196.804993
0.992000	195.774994
0.993000	197.832993
0.994000	198.348007
0.995000	198.348007
0.996000	197.319000
0.997000	198.348007
0.998000	198.348007
0.999000	196.289001
1.000000	199.376007
1.001000	196.804993
1.002000	198.862000
1.003000	201.434006
1.004000	201.434006
1.005000	201.949005
1.006000	202.977005
1.007000	201.949005
1.008000	201.949005
1.009000	200.404999
1.010000	201.434006
1.011000	200.404999
1.012000	198.862000
1.013000	199.889999
1.014000	201.949005
1.015000	202.977005
1.016000	202.977005
1.017000	202.462997
1.018000	201.949005
1.019000	202.977005
1.020000	202.462997
1.021000	202.462997
1.022000	201.949005
1.023000	202.462997
1.024000	199.889999
1.025000	200.404999
1.026000	201.434006
1.027000	201.434006
1.028000	202.977005
1.029000	204.005997
1.030000	203.490997
1.031000	204.005997
1.032000	204.520004
1.033000	204.005997
1.034000	203.490997
1.035000	203.490997
1.036000	203.490997
1.037000	202.977005
1.038000	203.490997
1.039000	202.977005
1.040000	201.434006
1.041000	202.462997
1.042000	201.949005
1.043000	200.919998
1.044000	201.949005
1.045000	201.949005
1.046000	201.949005
1.047000	201.949005
1.048000	201.434006
1.049000	200.404999
1.050000	199.889999
1.051000	199.376007
1.052000	200.404999
1.053000	200.404999
1.054000	201.434006
1.055000	199.376007
1.056000	200.919998
1.057000	200.919998
1.058000	201.949005
1.059000	201.949005
1.060000	201.434006
1.061000	200.404999
1.062000	200.404999
1.063000	200.404999
1.064000	201.434006
1.065000	201.434006
1.066000	201.434006
1.067000	197.832993
1.068000	196.289001
1.069000	198.348007
1.070000	197.319000
1.071000	197.832993
1.072000	195.261002
1.073000	196.289001
1.074000	194.746994
1.075000	195.774994
1.076000	194.746994
1.077000	195.261002
1.078000	193.718002
1.079000	193.203995
1.080000	192.173996
1.081000	191.660004
1.082000	191.145996
1.083000	191.145996
1.084000	190.117004
1.085000	188.574005
1.086000	188.059998
1.087000	188.574005
1.088000	188.574005
1.089000	188.059998
1.090000	187.029999
1.091000	185.488007
1.092000	184.973007
1.093000	183.945007
1.094000	183.429001
1.095000	183.429001
1.096000	182.401001
1.097000	182.401001
1.098000	180.858002
1.099000	179.315002
1.100000	178.800003
1.101000	178.800003
1.102000	178.285995
1.103000	179.315002
1.104000	179.315002
1.105000	180.343994
1.106000	180.858002
1.107000	181.886993
1.108000	182.401001
1.109000	182.401001
1.110000	181.371994
1.111000	181.371994
1.112000	180.343994
1.113000	181.371994
1.114000	181.371994
1.115000	181.371994
1.116000	181.371994
1.117000	181.886993
1.118000	181.886993
1.119000	182.401001
1.120000	182.401001
1.121000	182.401001
1.122000	182.401001
1.123000	182.914993
1.124000	181.886993
1.125000	181.886993
1.126000	182.914993
1.127000	182.401001
1.128000	182.401001
1.129000	183.945007
1.130000	183.429001
1.131000	184.973007
1.132000	184.973007
1.133000	184.973007
1.134000	184.973007
1.135000	186.001999
1.136000	186.001999
1.137000	186.001999
1.138000	186.001999
1.139000	186.516006
1.140000	185.488007
1.141000	186.516006
1.142000	187.029999
1.143000	186.001999
1.144000	186.516006
1.145000	186.001999
1.146000	186.516006
1.147000	187.029999
1.148000	187.029999
1.149000	187.544998
1.150000	187.544998
1.151000	188.059998
1.152000	189.602997
1.153000	190.117004
1.154000	189.089005
1.155000	189.602997
1.156000	189.089005
1.157000	189.089005
1.158000	189.089005
1.159000	188.574005
1.160000	188.574005
1.161000	188.059998
1.162000	175.714005
1.163000	178.285995
1.164000	179.828995
1.165000	180.858002
1.166000	182.401001
1.167000	183.429001
1.168000	188.059998
1.169000	188.574005
1.170000	188.059998
1.171000	189.089005
1.172000	187.544998
1.173000	187.029999
1.174000	184.459000
1.175000	183.429001
1.176000	183.945007
1.177000	184.459000
1.178000	181.886993
1.179000	184.459000
1.180000	182.401001
1.181000	184.973007
1.182000	184.459000
1.183000	184.973007
1.184000	182.914993
1.185000	184.459000
1.186000	183.429001
1.187000	183.945007
1.188000	187.029999
1.189000	189.089005
1.190000	189.602997
1.191000	190.630997
1.192000	192.173996
1.193000	189.089005
1.194000	187.544998
1.195000	186.516006
1.196000	184.973007
1.197000	183.429001
1.198000	184.459000
1.199000	183.429001
1.200000	183.945007
1.201000	185.488007
1.202000	187.029999
1.203000	185.488007
1.204000	187.029999
1.205000	186.001999
1.206000	182.401001
1.207000	182.914993
1.208000	184.973007
1.209000	184.459000
1.210000	184.973007
1.211000	187.544998
1.212000	190.117004
1.213000	193.203995
1.214000	194.231995
1.215000	194.746994
1.216000	192.688995
1.217000	192.173996
1.218000	188.574005
1.219000	189.602997
1.220000	183.945007
1.221000	182.914993
1.222000	180.858002
1.223000	181.371994
1.224000	182.914993
1.225000	186.001999
1.226000	189.089005
1.227000	187.029999
1.228000	187.029999
1.229000	184.973007
1.230000	183.429001
1.231000	181.886993
1.232000	177.770996
1.233000	177.257004
1.234000	174.684998
1.235000	177.257004
1.236000	178.800003
1.237000	180.858002
1.238000	177.257004
1.239000	178.285995
1.240000	177.770996
1.241000	177.257004
1.242000	174.169998
1.243000	175.714005
1.244000	176.227997
1.245000	177.257004
1.246000	172.113007
1.247000	175.714005
1.248000	174.684998
1.249000	165.940002
1.250000	166.968994
1.251000	159.253006
1.252000	150.507996
1.253000	138.677002
1.254000	136.106003
1.255000	113.471001
1.256000	98.039902
1.257000	73.863297
1.258000	75.405701
1.259000	62.545700
1.260000	59.459999
1.261000	49.685699
1.262000	35.797600
1.263000	33.224998
1.264000	24.995100
1.265000	19.336800
1.266000	12.649300
1.267000	9.048430
1.268000	5.961700
1.269000	1.846770
1.270000	0.303405
1.271000	-0.210698
1.272000	-2.268160
1.273000	-1.239960
1.274000	-1.239960
1.275000	-3.811530
1.276000	67.175797
1.277000	32.196800
1.278000	-24.387199
1.279000	-11.527300
1.280000	-6.898250
1.281000	9.562530
1.282000	-7.926460
1.283000	-14.614000
1.284000	-1.239960
1.285000	-8.441620
1.286000	-7.926460
1.287000	-22.843901
1.288000	-25.930599
1.289000	-31.074800
1.290000	-19.758200
1.291000	-10.499100
1.292000	4.419390
1.293000	12.649300
1.294000	-2.268160
1.295000	16.764200
1.296000	1.846770
1.297000	4.419390
1.298000	3.904230
1.299000	0.818562
1.300000	11.620000
1.301000	-1.239960
1.302000	5.961700
1.303000	18.821699
1.304000	1.332660
1.305000	-26.959900
1.306000	-20.272301
1.307000	-8.441620
1.308000	16.250099
1.309000	-2.268160
1.310000	-25.416500
1.311000	-11.013200
1.312000	-17.700701
1.313000	-23.873100
1.314000	31.681601
1.315000	-6.383100
1.316000	-2.782270
1.317000	39.912498
1.318000	0.818562
1.319000	-15.642200
1.320000	32.196800
1.321000	-18.728901
1.322000	-0.210698
1.323000	-11.527300
1.324000	-26.444700
1.325000	-21.301600
1.326000	-3.811530
1.327000	-39.819801
1.328000	-6.383100
1.329000	-18.728901
1.330000	1.846770
1.331000	5.961700
1.332000	12.135200
1.333000	-2.782270
1.334000	21.908400
1.335000	-11.527300
1.336000	1.332660
1.337000	5.961700
1.338000	14.192600
1.339000	0.303405
1.340000	-8.955720
1.341000	-18.214800
1.342000	-21.301600
1.343000	-10.499100
1.344000	-28.502199
1.345000	-20.272301
1.346000	-12.556500
1.347000	-2.268160
1.348000	-17.185600
1.349000	1.332660
1.350000	-9.469820
1.351000	-13.070700
1.352000	1.846770
1.353000	5.961700
1.354000	10.591800
1.355000	22.422501
1.356000	4.933490
1.357000	3.390130
1.358000	-0.724801
1.359000	1.846770
1.360000	-15.642200
1.361000	-1.754060
1.362000	-4.325630
1.363000	1.846770
1.364000	-0.210698
1.365000	4.419390
1.366000	-4.325630
1.367000	-3.297420
1.368000	0.303405
1.369000	-6.383100
1.370000	0.818562
1.371000	-7.412360
1.372000	-5.868990
1.373000	-6.898250
1.374000	-8.441620
1.375000	-1.239960
1.376000	-1.239960
1.377000	-2.268160
1.378000	-6.383100
1.379000	-7.412360
1.380000	-9.469820
1.381000	-18.728901
1.382000	-11.527300
1.383000	-11.013200
1.384000	-5.354890
1.385000	-4.840790
1.386000	5.447600
1.387000	-8.955720
1.388000	-2.268160
1.389000	-18.214800
1.390000	-4.325630
1.391000	-13.584800
1.392000	-13.584800
1.393000	-14.614000
1.394000	-9.983920
1.395000	4.419390
1.396000	1.846770
1.397000	-1.754060
1.398000	-0.724801
1.399000	3.390130
1.400000	1.846770
1.401000	-1.754060
1.402000	3.904230
1.403000	0.303405
1.404000	0.818562
1.405000	-2.268160
1.406000	3.904230
1.407000	4.419390
1.408000	-8.955720
1.409000	-9.469820
1.410000	-17.185600
1.411000	-11.013200
1.412000	-5.868990
1.413000	-12.041400
1.414000	-11.527300
1.415000	-9.469820
1.416000	-11.013200
1.417000	-1.754060
1.418000	-1.239960
1.419000	2.876030
1.420000	2.360870
1.421000	2.876030
1.422000	-5.354890
1.423000	5.447600
1.424000	-0.724801
1.425000	-5.354890
1.426000	-2.782270
1.427000	-1.239960
1.428000	-6.898250
1.429000	-4.325630
1.430000	-5.868990
1.431000	-4.840790
1.432000	1.332660
1.433000	-2.782270
1.434000	-11.527300
1.435000	-16.671499
1.436000	-9.469820
1.437000	-7.926460
1.438000	-1.239960
1.439000	-4.325630
1.440000	-3.811530
1.441000	-3.811530
1.442000	-2.782270
1.443000	-1.754060
1.444000	0.303405
1.445000	-7.926460
1.446000	-8.441620
1.447000	-10.499100
1.448000	-13.584800
1.449000	-8.955720
1.450000	-9.983920
1.451000	-6.383100
1.452000	-4.325630
1.453000	-0.210698
1.454000	-3.297420
1.455000	-5.868990
1.456000	-5.354890
1.457000	-10.499100
1.458000	-7.412360
1.459000	-4.325630
1.460000	-0.210698
1.461000	1.332660
1.462000	5.961700
1.463000	2.360870
1.464000	3.390130
1.465000	-2.782270
1.466000	1.846770
1.467000	1.332660
1.468000	4.933490
1.469000	1.846770
1.470000	2.360870
1.471000	-2.268160
1.472000	-3.811530
1.473000	-5.354890
1.474000	-7.412360
1.475000	-5.354890
1.476000	-7.926460
1.477000	-4.840790
1.478000	-8.955720
1.479000	-9.469820
1.480000	-8.441620
1.481000	-7.926460
1.482000	-13.070700
1.483000	-5.354890
1.484000	-11.013200
1.485000	-0.724801
1.486000	0.303405
1.487000	0.818562
1.488000	0.303405
1.489000	1.846770
1.490000	-3.297420
1.491000	-4.840790
1.492000	-2.782270
1.493000	-4.840790
1.494000	-6.898250
1.495000	-10.499100
1.496000	-11.013200
1.497000	-11.013200
1.498000	-9.983920
1.499000	-14.614000
1.500000	-12.041400
1.501000	-7.412360
1.502000	-6.898250
1.503000	-7.926460
1.504000	-5.868990
1.505000	-4.325630
1.506000	-2.268160
1.507000	3.904230
1.508000	2.360870
1.509000	4.933490
1.510000	1.846770
1.511000	-1.754060
1.512000	-4.325630
1.513000	-8.441620
1.514000	-11.527300
1.515000	-13.070700
1.516000	-12.041400
1.517000	-15.642200
1.518000	-9.983920
1.519000	-8.441620
1.520000	-2.268160
1.521000	-0.724801
1.522000	2.360870
1.523000	-0.210698
1.524000	5.447600
1.525000	8.020220
1.526000	4.419390
1.527000	8.020220
1.528000	9.048430
1.529000	6.476860
1.530000	-2.268160
1.531000	-4.325630
1.532000	-3.811530
1.533000	-2.782270
1.534000	-9.469820
1.535000	-4.325630
1.536000	-7.412360
1.537000	-6.898250
1.538000	-8.955720
1.539000	-8.441620
1.540000	-9.469820
1.541000	-6.383100
1.542000	-3.811530
1.543000	-4.840790
1.544000	0.303405
1.545000	-3.811530
1.546000	-7.412360
1.547000	-6.383100
1.548000	-7.926460
1.549000	-11.527300
1.550000	-8.955720
1.551000	-11.013200
1.552000	-2.782270
1.553000	-2.782270
1.554000	-1.239960
1.555000	-5.868990
1.556000	-6.898250
1.557000	-6.383100
1.558000	-7.412360
1.559000	-7.926460
1.560000	-6.383100
1.561000	-6.898250
1.562000	-5.354890
1.563000	-7.926460
1.564000	-4.325630
1.565000	-3.297420
1.566000	-2.782270
1.567000	-3.297420
1.568000	-0.210698
1.569000	-2.782270
1.570000	-2.782270
1.571000	-1.754060
1.572000	-0.210698
1.573000	-0.724801
1.574000	-2.782270
1.575000	-1.239960
1.576000	0.818562
1.577000	-2.268160
1.578000	-4.840790
1.579000	-3.297420
1.580000	-5.868990
1.581000	-5.868990
1.582000	-6.383100
1.583000	-4.840790
1.584000	-4.325630
1.585000	-0.724801
1.586000	-0.210698
1.587000	-2.782270
1.588000	0.818562
1.589000	1.846770
1.590000	-2.268160
1.591000	0.303405
1.592000	-1.754060
1.593000	-4.325630
1.594000	-3.811530
1.595000	-4.325630
1.596000	-7.412360
1.597000	-3.811530
1.598000	-4.840790
1.599000	-5.354890
1.600000	-3.811530
1.601000	-5.868990
1.602000	-9.983920
1.603000	-9.469820
1.604000	-13.070700
1.605000	-12.041400
1.606000	-7.926460
1.607000	-6.898250
1.608000	-6.898250
1.609000	-2.268160
1.610000	-3.297420
1.611000	-6.898250
1.612000	-3.297420
1.613000	-5.354890
1.614000	-9.983920
1.615000	-8.441620
1.616000	-5.354890
1.617000	-6.383100
1.618000	-5.868990
1.619000	1.846770
1.620000	-3.297420
1.621000	-2.782270
1.622000	-4.325630
1.623000	-6.898250
1.624000	-7.412360
1.625000	-4.840790
1.626000	-0.210698
1.627000	-3.811530
1.628000	-0.210698
1.629000	-3.811530
1.630000	-2.268160
1.631000	-1.239960
1.632000	0.303405
1.633000	-3.811530
1.634000	-3.811530
1.635000	-7.412360
1.636000	-4.840790
1.637000	-3.811530
1.638000	-2.268160
1.639000	-4.840790
1.640000	-5.354890
1.641000	-1.239960
1.642000	-1.239960
1.643000	-3.811530
1.644000	-2.782270
1.645000	-3.297420
1.646000	-4.840790
1.647000	-2.268160
1.648000	-4.840790
1.649000	-3.297420
1.650000	-1.754060
1.651000	-2.782270
1.652000	-3.811530
1.653000	-1.239960
1.654000	-7.412360
1.655000	-7.412360
1.656000	-9.469820
1.657000	-11.013200
1.658000	-7.926460
1.659000	-10.499100
1.660000	-7.926460
1.661000	-8.441620
1.662000	-8.441620
1.663000	-15.642200
1.664000	-3.811530
1.665000	-5.868990
1.666000	-6.383100
1.667000	-7.412360
1.668000	-1.754060
1.669000	-7.926460
1.670000	-2.782270
1.671000	-4.325630
1.672000	-5.868990
1.673000	-4.840790
1.674000	-3.297420
1.675000	-5.868990
1.676000	-3.811530
1.677000	-5.868990
1.678000	-8.441620
1.679000	-3.811530
1.680000	-4.325630
1.681000	-1.239960
1.682000	-0.210698
1.683000	1.846770
1.684000	-0.724801
1.685000	1.332660
1.686000	0.818562
1.687000	3.904230
1.688000	-1.754060
1.689000	2.876030
1.690000	-5.354890
1.691000	4.419390
1.692000	-6.383100
1.693000	1.332660
1.694000	-8.441620
1.695000	1.332660
1.696000	-9.983920
1.697000	-5.354890
1.698000	-7.926460
1.699000	-7.412360
1.700000	-8.441620
1.701000	-7.412360
1.702000	-5.354890
1.703000	-6.383100
1.704000	-1.239960
1.705000	-6.383100
1.706000	-1.754060
1.707000	-3.811530
1.708000	-3.811530
1.709000	-5.868990
1.710000	-4.325630
1.711000	-6.383100
1.712000	-5.868990
1.713000	-4.325630
1.714000	-4.325630
1.715000	-5.868990
1.716000	-5.868990
1.717000	-7.412360
1.718000	-9.983920
1.719000	-9.983920
1.720000	-8.441620
1.721000	-7.412360
1.722000	-7.926460
1.723000	-4.325630
1.724000	-6.898250
1.725000	-3.811530
1.726000	-2.268160
1.727000	-3.297420
1.728000	-5.868990
1.729000	-2.782270
1.730000	-3.297420
1.731000	-1.239960
1.732000	-4.325630
1.733000	-2.782270
1.734000	-5.868990
1.735000	-1.239960
1.736000	-1.754060
1.737000	-5.354890
1.738000	-2.782270
1.739000	-4.840790
1.740000	-5.868990
1.741000	-5.354890
1.742000	-5.354890
1.743000	-3.811530
1.744000	-3.297420
1.745000	-2.782270
1.746000	0.818562
1.747000	1.846770
1.748000	1.846770
1.749000	1.332660
1.750000	-2.268160
1.751000	-4.840790
1.752000	-2.268160
1.753000	-6.383100
1.754000	-5.354890
1.755000	-4.325630
1.756000	-5.354890
1.757000	-4.325630
1.758000	-4.840790
1.759000	-6.898250
1.760000	-6.383100
1.761000	-7.926460
1.762000	-9.983920
1.763000	-7.926460
1.764000	-4.325630
1.765000	-7.412360
1.766000	-4.840790
1.767000	-3.297420
1.768000	-3.297420
1.769000	-3.811530
1.770000	-5.354890
1.771000	-3.811530
1.772000	-4.325630
1.773000	-6.383100
1.774000	-7.926460
1.775000	-5.868990
1.776000	-5.868990
1.777000	-5.354890
1.778000	-7.926460
1.779000	-5.354890
1.780000	-5.354890
1.781000	-5.868990
1.782000	-6.383100
1.783000	-4.840790
1.784000	-6.383100
1.785000	-4.325630
1.786000	-4.325630
1.787000	-2.268160
1.788000	-1.754060
1.789000	-2.782270
1.790000	-2.268160
1.791000	-2.782270
1.792000	-3.811530
1.793000	-2.268160
1.794000	-4.840790
1.795000	-4.325630
1.796000	-3.297420
1.797000	-3.297420
1.798000	-2.782270
1.799000	-5.868990
1.800000	-2.268160
1.801000	-4.840790
1.802000	-2.782270
1.803000	-4.325630
1.804000	-0.724801
1.805000	-4.840790
1.806000	-2.268160
1.807000	-3.811530
1.808000	1.332660
1.809000	-2.268160
1.810000	-1.754060
1.811000	-3.297420
1.812000	-3.297420
1.813000	-5.868990
1.814000	-5.868990
1.815000	-7.926460
1.816000	-7.926460
1.817000	-8.441620
1.818000	-8.441620
1.819000	-7.926460
1.820000	-5.868990
1.821000	-6.383100
1.822000	-5.868990
1.823000	-7.412360
1.824000	-6.383100
1.825000	-5.354890
1.826000	-6.898250
1.827000	-4.325630
1.828000	-6.383100
1.829000	-4.840790
1.830000	-2.782270
1.831000	-3.297420
1.832000	-2.782270
1.833000	-4.325630
1.834000	-5.868990
1.835000	-5.868990
1.836000	-5.868990
1.837000	-3.297420
1.838000	-6.898250
1.839000	-5.868990
1.840000	-6.383100
1.841000	-3.297420
1.842000	-5.868990
1.843000	-1.754060
1.844000	-5.354890
1.845000	-3.297420
1.846000	-4.840790
1.847000	-3.811530
1.848000	-4.325630
1.849000	-2.268160
1.850000	-3.297420
1.851000	-3.811530
1.852000	-1.239960
1.853000	-3.297420
1.854000	-1.754060
1.855000	-4.325630
1.856000	-3.811530
1.857000	-5.354890
1.858000	-3.297420
1.859000	-5.868990
1.860000	-2.268160
1.861000	-4.325630
1.862000	-2.268160
1.863000	-2.782270
1.864000	-1.754060
1.865000	-2.782270
1.866000	-1.239960
1.867000	-4.325630
1.868000	-5.868990
1.869000	-5.354890
1.870000	-4.325630
1.871000	-3.297420
1.872000	-4.840790
1.873000	-2.782270
1.874000	-5.868990
1.875000	-4.325630
1.876000	-5.868990
1.877000	-5.868990
1.878000	-7.926460
1.879000	-6.383100
1.880000	-10.499100
1.881000	-5.868990
1.882000	-7.412360
1.883000	-4.325630
1.884000	-5.868990
1.885000	-3.811530
1.886000	-6.383100
1.887000	-4.325630
1.888000	-4.325630
1.889000	-5.868990
1.890000	-5.354890
1.891000	-5.354890
1.892000	-3.811530
1.893000	-3.297420
1.894000	-3.297420
1.895000	-2.268160
1.896000	-3.811530
1.897000	-4.840790
1.898000	-5.354890
1.899000	-5.354890
1.900000	-5.354890
1.901000	-6.898250
1.902000	-2.268160
1.903000	-3.297420
1.904000	-2.268160
1.905000	-2.268160
1.906000	-2.268160
1.907000	-5.354890
1.908000	-3.297420
1.909000	-2.782270
1.910000	-2.782270
1.911000	-4.840790
1.912000	-2.268160
1.913000	-4.325630
1.914000	-3.811530
1.915000	-4.325630
1.916000	-3.297420
1.917000	-3.811530
1.918000	-3.811530
1.919000	-5.868990
1.920000	-5.354890
1.921000	-5.868990
1.922000	-6.898250
1.923000	-5.354890
1.924000	-4.840790
1.925000	-5.354890
1.926000	-2.782270
1.927000	-2.782270
1.928000	-4.325630
1.929000	-2.782270
1.930000	-5.868990
1.931000	-4.840790
1.932000	-6.383100
1.933000	-4.840790
1.934000	-6.383100
1.935000	-4.325630
1.936000	-5.354890
1.937000	-4.840790
1.938000	-5.868990
1.939000	-5.868990
1.940000	-6.383100
1.941000	-5.354890
1.942000	-6.898250
1.943000	-6.383100
1.944000	-7.412360
1.945000	-5.354890
1.946000	-5.354890
1.947000	-3.811530
1.948000	-4.325630
1.949000	-2.782270
1.950000	-4.325630
1.951000	-3.297420
1.952000	-4.325630
1.953000	-4.325630
1.954000	-3.297420
1.955000	-4.840790
1.956000	-4.325630
1.957000	-3.297420
1.958000	-1.754060
1.959000	-3.811530
1.960000	-3.811530
1.961000	-3.811530
1.962000	-4.325630
1.963000	-4.325630
1.964000	-4.325630
1.965000	-4.840790
1.966000	-2.782270
1.967000	-3.811530
1.968000	-1.754060
1.969000	-2.268160
1.970000	-1.239960
1.971000	-2.782270
1.972000	-3.811530
1.973000	-4.840790
1.974000	-3.811530
1.975000	-4.325630
1.976000	-4.840790
1.977000	-4.840790
1.978000	-5.354890
1.979000	-4.325630
1.980000	-6.383100
1.981000	-4.325630
1.982000	-6.383100
1.983000	-4.840790
1.984000	-6.383100
1.985000	-4.325630
1.986000	-6.383100
1.987000	-3.811530
1.988000	-4.840790
1.989000	-3.811530
1.990000	-4.325630
1.991000	-3.811530
1.992000	-3.811530
1.993000	-6.383100
1.994000	-5.354890
1.995000	-5.354890
1.996000	-4.840790
1.997000	-5.868990
1.998000	-5.354890
1.999000	-4.840790
2.000000	-4.325630
2.001000	-5.354890
2.002000	-4.325630
2.003000	-4.325630
2.004000	-4.840790
2.005000	-5.354890
2.006000	-3.811530
2.007000	-4.840790
2.008000	-3.811530
2.009000	-3.811530
2.010000	-3.297420
2.011000	-2.782270
2.012000	-1.754060
2.013000	-1.754060
2.014000	-2.782270
2.015000	-2.782270
2.016000	-3.297420
2.017000	-3.297420
2.018000	-4.325630
2.019000	-3.811530
2.020000	-3.811530
2.021000	-3.297420
2.022000	-3.811530
2.023000	-3.811530
2.024000	-3.811530
2.025000	-4.325630
2.026000	-4.325630
2.027000	-5.354890
2.028000	-4.840790
2.029000	-4.325630
2.030000	-3.297420
2.031000	-3.811530
2.032000	-3.297420
2.033000	-5.354890
2.034000	-5.868990
2.035000	-7.412360
2.036000	-6.898250
2.037000	-7.926460
2.038000	-6.898250
2.039000	-7.412360
2.040000	-5.354890
2.041000	-6.898250
2.042000	-5.354890
2.043000	-4.840790
2.044000	-4.325630
2.045000	-4.840790
2.046000	-4.325630
2.047000	-5.354890
2.048000	-4.840790
2.049000	-5.354890
2.050000	-4.840790
2.051000	-5.354890
2.052000	-3.811530
2.053000	-3.811530
2.054000	-3.811530
2.055000	-3.811530
2.056000	-4.325630
2.057000	-4.840790
2.058000	-4.325630
2.059000	-5.354890
2.060000	-4.325630
2.061000	-4.325630
2.062000	-4.325630
2.063000	-2.782270
2.064000	-2.782270
2.065000	-3.297420
2.066000	-3.297420
2.067000	-3.297420
2.068000	-3.811530
2.069000	-3.811530
2.070000	-3.811530
2.071000	-3.297420
2.072000	-3.811530
2.073000	-2.782270
2.074000	-3.297420
2.075000	-3.297420
2.076000	-2.782270
2.077000	-3.811530
2.078000	-3.811530
2.079000	-4.325630
2.080000	-3.811530
2.081000	-4.840790
2.082000	-4.325630
2.083000	-4.840790
2.084000	-4.840790
2.085000	-4.325630
2.086000	-3.297420
2.087000	-3.297420
2.088000	-4.325630
2.089000	-4.840790
2.090000	-5.868990
2.091000	-6.383100
2.092000	-6.383100
2.093000	-6.383100
2.094000	-5.868990
2.095000	-4.840790
2.096000	-6.898250
2.097000	-5.354890
2.098000	-5.354890
2.099000	-5.868990
2.100000	-4.840790
2.101000	-6.383100
2.102000	-5.868990
2.103000	-5.868990
2.104000	-4.325630
2.105000	-4.840790
2.106000	-4.840790
2.107000	-4.840790
2.108000	-3.811530
2.109000	-4.325630
2.110000	-3.297420
2.111000	-2.782270
2.112000	-3.297420
2.113000	-3.811530
2.114000	-3.297420
2.115000	-2.782270
2.116000	-3.297420
2.117000	-3.297420
2.118000	-3.811530
2.119000	-2.782270
2.120000	-3.811530
2.121000	-3.297420
2.122000	-3.297420
2.123000	-3.297420
2.124000	-3.811530
2.125000	-3.297420
2.126000	-2.782270
2.127000	-3.811530
2.128000	-3.811530
2.129000	-3.811530
2.130000	-4.325630
2.131000	-4.325630
2.132000	-4.325630
2.133000	-4.325630
2.134000	-3.811530
2.135000	-4.325630
2.136000	-4.325630
2.137000	-4.840790
2.138000	-4.840790
2.139000	-5.354890
2.140000	-5.354890
2.141000	-4.325630
2.142000	-4.325630
2.143000	-4.325630
2.144000	-4.840790
2.145000	-5.354890
2.146000	-4.840790
2.147000	-5.354890
2.148000	-5.868990
2.149000	-5.354890
2.150000	-5.354890
2.151000	-5.868990
2.152000	-6.383100
2.153000	-5.354890
2.154000	-6.383100
2.155000	-5.354890
2.156000	-5.354890
2.157000	-5.354890
2.158000	-4.325630
2.159000	-4.325630
2.160000	-3.297420
2.161000	-4.325630
2.162000	-4.840790
2.163000	-5.354890
2.164000	-4.840790
2.165000	-5.868990
2.166000	-5.354890
2.167000	-4.840790
2.168000	-4.840790
2.169000	-3.811530
2.170000	-3.297420
2.171000	-3.297420
2.172000	-3.811530
2.173000	-3.811530
2.174000	-3.811530
2.175000	-3.811530
2.176000	-3.297420
2.177000	-4.325630
2.178000	-3.811530
2.179000	-4.840790
2.180000	-3.811530
2.181000	-3.297420
2.182000	-3.811530
2.183000	-4.325630
2.184000	-5.354890
2.185000	-4.840790
2.186000	-4.325630
2.187000	-4.840790
2.188000	-5.354890
2.189000	-4.840790
2.190000	-4.840790
2.191000	-4.325630
2.192000	-4.840790
2.193000	-4.325630
2.194000	-3.811530
2.195000	-4.325630
2.196000	-4.325630
2.197000	-3.811530
2.198000	-4.840790
2.199000	-3.811530
2.200000	-3.811530
2.201000	-3.297420
2.202000	-3.811530
2.203000	-3.297420
2.204000	-3.297420
2.205000	-3.811530
2.206000	-4.325630
2.207000	-5.354890
2.208000	-4.840790
2.209000	-4.840790
2.210000	-5.354890
2.211000	-6.383100
2.212000	-5.354890
2.213000	-4.840790
2.214000	-5.868990
2.215000	-5.354890
2.216000	-4.840790
2.217000	-5.868990
2.218000	-5.868990
2.219000	-5.354890
2.220000	-5.868990
2.221000	-5.354890
2.222000	-4.840790
2.223000	-4.325630
2.224000	-4.325630
2.225000	-3.811530
2.226000	-3.811530
2.227000	-4.325630
2.228000	-4.840790
2.229000	-4.325630
2.230000	-4.325630
2.231000	-3.811530
2.232000	-3.811530
2.233000	-3.297420
2.234000	-3.297420
2.235000	-3.297420
2.236000	-3.811530
2.237000	-3.297420
2.238000	-4.325630
2.239000	-3.811530
2.240000	-4.840790
2.241000	-4.325630
2.242000	-3.811530
2.243000	-3.297420
2.244000	-3.811530
2.245000	-3.811530
2.246000	-3.811530
2.247000	-3.811530
2.248000	-4.325630
2.249000	-3.297420
2.250000	-3.811530
2.251000	-4.325630
2.252000	-4.840790
2.253000	-4.325630
2.254000	-5.354890
2.255000	-5.354890
2.256000	-5.354890
2.257000	-5.354890
2.258000	-5.354890
2.259000	-5.868990
2.260000	-5.868990
2.261000	-5.354890
2.262000	-5.354890
2.263000	-5.354890
2.264000	-5.354890
2.265000	-5.354890
2.266000	-4.325630
2.267000	-4.325630
2.268000	-4.840790
2.269000	-4.325630
2.270000	-4.325630
2.271000	-4.325630
2.272000	-4.840790
2.273000	-4.325630
2.274000	-4.840790
2.275000	-4.325630
2.276000	-3.811530
2.277000	-3.297420
2.278000	-3.811530
2.279000	-3.811530
2.280000	-4.840790
2.281000	-4.325630
2.282000	-4.325630
2.283000	-4.325630
2.284000	-5.354890
2.285000	-4.840790
2.286000	-4.840790
2.287000	-4.325630
2.288000	-4.325630
2.289000	-3.297420
2.290000	-4.325630
2.291000	-3.811530
2.292000	-4.325630
2.293000	-4.325630
2.294000	-4.325630
2.295000	-4.325630
2.296000	-4.325630
2.297000	-3.811530
2.298000	-4.325630
2.299000	-4.325630
2.300000	-3.811530
2.301000	-4.840790
2.302000	-3.811530
2.303000	-4.325630
2.304000	-4.325630
2.305000	-4.325630
2.306000	-4.325630
2.307000	-4.325630
2.308000	-3.811530
2.309000	-3.297420
2.310000	-3.297420
2.311000	-3.811530
2.312000	-3.811530
2.313000	-4.325630
2.314000	-4.840790
2.315000	-5.354890
2.316000	-5.354890
2.317000	-5.354890
2.318000	-5.354890
2.319000	-4.840790
2.320000	-4.325630
2.321000	-4.325630
2.322000	-4.840790
2.323000	-4.840790
2.324000	-5.868990
2.325000	-5.354890
2.326000	-4.840790
2.327000	-5.354890
2.328000	-4.840790
2.329000	-4.840790
2.330000	-5.354890
2.331000	-4.840790
2.332000	-4.325630
2.333000	-4.325630
2.334000	-4.325630
2.335000	-4.325630
2.336000	-4.325630
2.337000	-4.325630
2.338000	-4.840790
2.339000	-4.325630
2.340000	-5.354890
2.341000	-4.840790
2.342000	-3.811530
2.343000	-3.811530
2.344000	-3.811530
2.345000	-2.268160
2.346000	-3.811530
2.347000	-3.811530
2.348000	-3.297420
2.349000	-3.297420
2.350000	-3.811530
2.351000	-4.325630
2.352000	-3.297420
2.353000	-3.297420
2.354000	-3.297420
2.355000	-4.840790
2.356000	-4.325630
2.357000	-4.840790
2.358000	-4.325630
2.359000	-4.325630
2.360000	-3.811530
2.361000	-4.840790
2.362000	-5.354890
2.363000	-4.840790
2.364000	-4.840790
2.365000	-3.811530
2.366000	-4.840790
2.367000	-4.325630
2.368000	-4.325630
2.369000	-3.811530
2.370000	-4.840790
2.371000	-4.325630
2.372000	-5.868990
2.373000	-4.840790
2.374000	-5.354890
2.375000	-4.840790
2.376000	-5.354890
2.377000	-5.354890
2.378000	-5.354890
2.379000	-5.354890
2.380000	-5.354890
2.381000	-5.354890
2.382000	-5.868990
2.383000	-5.354890
2.384000	-5.868990
2.385000	-5.354890
2.386000	-5.354890
2.387000	-4.840790
2.388000	-4.840790
2.389000	-4.325630
2.390000	-3.811530
2.391000	-3.297420
2.392000	-3.297420
2.393000	-3.297420
2.394000	-4.325630
2.395000	-4.840790
2.396000	-4.325630
2.397000	-3.297420
2.398000	-4.325630
2.399000	-3.811530
2.400000	-3.811530
2.401000	-4.325630
2.402000	-4.325630
2.403000	-3.811530
2.404000	-3.811530
2.405000	-4.325630
2.406000	-4.325630
2.407000	-4.325630
2.408000	-4.325630
2.409000	-4.325630
2.410000	-3.297420
2.411000	-4.840790
2.412000	-4.325630
2.413000	-4.325630
2.414000	-4.325630
2.415000	-4.325630
2.416000	-3.811530
2.417000	-4.325630
2.418000	-3.811530
2.419000	-3.811530
2.420000	-4.325630
2.421000	-4.840790
2.422000	-5.354890
2.423000	-5.868990
2.424000	-5.354890
2.425000	-5.354890
2.426000	-4.840790
2.427000	-5.868990
2.428000	-4.325630
2.429000	-4.840790
2.430000	-4.325630
2.431000	-4.325630
2.432000	-4.325630
2.433000	-4.325630
2.434000	-4.325630
2.435000	-4.325630
2.436000	-4.325630
2.437000	-4.840790
2.438000	-4.325630
2.439000	-4.325630
2.440000	-4.840790
2.441000	-4.325630
2.442000	-4.840790
2.443000	-4.325630
2.444000	-4.840790
2.445000	-4.840790
2.446000	-4.325630
2.447000	-4.325630
2.448000	-4.325630
2.449000	-3.811530
2.450000	-4.325630
2.451000	-3.297420
2.452000	-3.811530
2.453000	-3.811530
2.454000	-4.325630
2.455000	-4.325630
2.456000	-3.811530
2.457000	-4.840790
2.458000	-3.811530
2.459000	-3.811530
2.460000	-3.811530
2.461000	-3.811530
2.462000	-3.811530
2.463000	-4.325630
2.464000	-3.811530
2.465000	-4.325630
2.466000	-4.840790
2.467000	-4.325630
2.468000	-4.325630
2.469000	-4.325630
2.470000	-3.811530
2.471000	-3.297420
2.472000	-3.297420
2.473000	-3.811530
2.474000	-3.811530
2.475000	-5.354890
2.476000	-4.840790
2.477000	-5.354890
2.478000	-5.354890
2.479000	-5.354890
2.480000	-4.325630
2.481000	-4.840790
2.482000	-4.325630
2.483000	-4.325630
2.484000	-5.354890
2.485000	-5.354890
2.486000	-5.354890
2.487000	-5.868990
2.488000	-5.354890
2.489000	-5.354890
2.490000	-4.325630
2.491000	-4.325630
2.492000	-3.811530
2.493000	-3.811530
2.494000	-3.811530
2.495000	-3.811530
2.496000	-4.325630
2.497000	-5.354890
2.498000	-4.325630
2.499000	-4.325630
2.500000	-4.325630
2.501000	-4.325630
2.502000	-3.297420
2.503000	-3.297420
2.504000	-3.811530
2.505000	-4.325630
2.506000	-3.811530
2.507000	-4.840790
2.508000	-4.325630
2.509000	-4.325630
2.510000	-3.811530
2.511000	-3.811530
2.512000	-3.811530
2.513000	-3.297420
2.514000	-3.811530
2.515000	-3.297420
2.516000	-3.811530
2.517000	-4.325630
2.518000	-4.840790
2.519000	-4.840790
2.520000	-4.325630
2.521000	-4.325630
2.522000	-5.354890
2.523000	-3.811530
2.524000	-4.325630
2.525000	-4.325630
2.526000	-4.325630
2.527000	-4.325630
2.528000	-5.354890
2.529000	-5.354890
2.530000	-5.868990
2.531000	-4.840790
2.532000	-4.325630
2.533000	-4.325630
2.534000	-4.840790
2.535000	-3.811530
2.536000	-4.325630
2.537000	-4.840790
2.538000	-5.354890
2.539000	-5.868990
2.540000	-5.354890
2.541000	-5.354890
2.542000	-5.354890
2.543000	-4.840790
2.544000	-4.325630
2.545000	-5.354890
2.546000	-4.325630
2.547000	-4.325630
2.548000	-4.325630
2.549000	-4.325630
2.550000	-4.325630
2.551000	-4.325630
2.552000	-4.840790
2.553000	-3.811530
2.554000	-3.811530
2.555000	-2.782270
2.556000	-3.811530
2.557000	-2.782270
2.558000	-3.811530
2.559000	-4.325630
2.560000	-4.325630
2.561000	-5.354890
2.562000	-4.840790
2.563000	-4.325630
2.564000	-3.811530
2.565000	-3.811530
2.566000	-3.811530
2.567000	-4.325630
2.568000	-4.325630
2.569000	-4.325630
2.570000	-4.325630
2.571000	-4.325630
2.572000	-4.325630
2.573000	-4.840790
2.574000	-4.840790
2.575000	-4.325630
2.576000	-3.811530
2.577000	-4.325630
2.578000	-3.811530
2.579000	-4.325630
2.580000	-4.840790
2.581000	-4.840790
2.582000	-5.354890
2.583000	-5.868990
2.584000	-4.840790
2.585000	-5.354890
2.586000	-4.325630
2.587000	-4.325630
2.588000	-5.354890
2.589000	-4.840790
2.590000	-4.325630
2.591000	-5.354890
2.592000	-4.840790
2.593000	-4.325630
2.594000	-5.354890
2.595000	-4.325630
2.596000	-4.840790
2.597000	-3.811530
2.598000	-3.811530
2.599000	-3.811530
2.600000	-4.325630
2.601000	-4.325630
2.602000	-5.354890
2.603000	-5.868990
2.604000	-5.354890
2.605000	-5.354890
2.606000	-5.868990
2.607000	-5.354890
2.608000	-4.325630
2.609000	-3.297420
2.610000	-3.811530
2.611000	-4.325630
2.612000	-5.354890
2.613000	-4.325630
2.614000	-4.325630
2.615000	-4.325630
2.616000	-3.811530
2.617000	-3.297420
2.618000	-4.325630
2.619000	-2.268160
2.620000	-3.297420
2.621000	-3.811530
2.622000	-3.811530
2.623000	-4.325630
2.624000	-4.840790
2.625000	-4.840790
2.626000	-4.840790
2.627000	-4.325630
2.628000	-4.840790
2.629000	-3.811530
2.630000	-3.811530
2.631000	-4.325630
2.632000	-4.325630
2.633000	-5.354890
2.634000	-5.354890
2.635000	-5.354890
2.636000	-4.840790
2.637000	-4.840790
2.638000	-4.840790
2.639000	-3.811530
2.640000	-4.325630
2.641000	-4.325630
2.642000	-4.325630
2.643000	-4.840790
2.644000	-4.840790
2.645000	-5.354890
2.646000	-4.840790
2.647000	-4.840790
2.648000	-4.325630
2.649000	-4.325630
2.650000	-4.325630
2.651000	-4.325630
2.652000	-3.811530
2.653000	-4.325630
2.654000	-4.325630
2.655000	-4.840790
2.656000	-5.354890
2.657000	-4.325630
2.658000	-4.325630
2.659000	-3.811530
2.660000	-3.811530
2.661000	-4.325630
2.662000	-3.811530
2.663000	-4.325630
2.664000	-5.868990
2.665000	-5.354890
2.666000	-4.840790
2.667000	-4.325630
2.668000	-3.811530
2.669000	-3.811530
2.670000	-3.297420
2.671000	-3.811530
2.672000	-3.811530
2.673000	-3.811530
2.674000	-3.811530
2.675000	-3.811530
2.676000	-3.811530
2.677000	-4.325630
2.678000	-3.811530
2.679000	-4.325630
2.680000	-4.325630
2.681000	-3.297420
2.682000	-4.325630
2.683000	-4.325630
2.684000	-4.325630
2.685000	-5.354890
2.686000	-4.840790
2.687000	-4.840790
2.688000	-5.354890
2.689000	-4.840790
2.690000	-4.325630
2.691000	-4.325630
2.692000	-4.325630
2.693000	-4.325630
2.694000	-4.840790
2.695000	-5.354890
2.696000	-4.840790
2.697000	-5.354890
2.698000	-4.840790
2.699000	-5.354890
2.700000	-4.840790
2.701000	-5.354890
2.702000	-4.325630
2.703000	-5.354890
2.704000	-4.325630
2.705000	-5.354890
2.706000	-5.354890
2.707000	-4.840790
2.708000	-4.325630
2.709000	-4.840790
2.710000	-5.354890
2.711000	-4.840790
2.712000	-4.840790
2.713000	-4.840790
2.714000	-4.840790
2.715000	-5.354890
2.716000	-3.811530
2.717000	-4.325630
2.718000	-4.325630
2.719000	-4.325630
2.720000	-4.325630
2.721000	-4.325630
2.722000	-4.325630
2.723000	-4.325630
2.724000	-4.325630
2.725000	-4.325630
2.726000	-3.811530
2.727000	-4.325630
2.728000	-4.325630
2.729000	-4.325630
2.730000	-3.297420
2.731000	-4.325630
2.732000	-3.297420
2.733000	-4.325630
2.734000	-3.811530
2.735000	-3.811530
2.736000	-3.297420
2.737000	-3.297420
2.738000	-3.811530
2.739000	-3.297420
2.740000	-5.354890
2.741000	-4.840790
2.742000	-4.325630
2.743000	-4.840790
2.744000	-5.354890
2.745000	-5.354890
2.746000	-4.325630
2.747000	-4.325630
2.748000	-4.325630
2.749000	-4.325630
2.750000	-4.840790
2.751000	-5.868990
2.752000	-4.840790
2.753000	-4.840790
2.754000	-4.325630
2.755000	-4.325630
2.756000	-3.811530
2.757000	-3.297420
2.758000	-3.297420
2.759000	-4.325630
2.760000	-4.325630
2.761000	-5.354890
2.762000	-5.354890
2.763000	-5.354890
2.764000	-4.840790
2.765000	-4.325630
2.766000	-4.325630
2.767000	-4.840790
2.768000	-4.325630
2.769000	-4.325630
2.770000	-4.840790
2.771000	-5.354890
2.772000	-5.868990
2.773000	-4.840790
2.774000	-4.840790
2.775000	-4.325630
2.776000	-3.811530
2.777000	-3.811530
2.778000	-3.811530
2.779000	-3.811530
2.780000	-3.297420
2.781000	-2.782270
2.782000	-3.297420
2.783000	-3.811530
2.784000	-3.811530
2.785000	-4.325630
2.786000	-2.782270
2.787000	-3.811530
2.788000	-2.782270
2.789000	-3.811530
2.790000	-3.297420
2.791000	-4.325630
2.792000	-3.297420
2.793000	-4.325630
2.794000	-4.840790
2.795000	-4.325630
2.796000	-4.325630
2.797000	-4.325630
2.798000	-4.325630
2.799000	-4.325630
2.800000	-6.383100
2.801000	-5.868990
2.802000	-5.868990
2.803000	-5.354890
2.804000	-4.840790
2.805000	-4.325630
2.806000	-3.811530
2.807000	-4.840790
2.808000	-4.840790
2.809000	-5.354890
2.810000	-5.354890
2.811000	-3.811530
2.812000	-4.325630
2.813000	-3.297420
2.814000	-3.811530
2.815000	-4.325630
2.816000	-3.811530
2.817000	-4.325630
2.818000	-4.325630
2.819000	-4.325630
2.820000	-5.868990
2.821000	-7.926460
2.822000	-6.898250
2.823000	-6.383100
2.824000	-5.868990
2.825000	-5.354890
2.826000	-5.354890
2.827000	-4.840790
2.828000	-5.868990
2.829000	-5.354890
2.830000	-5.354890
2.831000	-4.325630
2.832000	-3.297420
2.833000	-2.782270
2.834000	-2.268160
2.835000	-2.782270
2.836000	-3.297420
2.837000	-2.782270
2.838000	-3.811530
2.839000	-3.297420
2.840000	-3.811530
2.841000	-3.811530
2.842000	-3.297420
2.843000	-3.297420
2.844000	-5.354890
2.845000	-4.325630
2.846000	-5.868990
2.847000	-5.354890
2.848000	-5.868990
2.849000	-5.354890
2.850000	-4.840790
2.851000	-4.840790
2.852000	-4.840790
2.853000	-4.840790
2.854000	-4.325630
2.855000	-3.811530
2.856000	-3.811530
2.857000	-4.325630
2.858000	-3.811530
2.859000	-4.325630
2.860000	-4.325630
2.861000	-4.840790
2.862000	-3.811530
2.863000	-3.297420
2.864000	-4.325630
2.865000	-4.840790
2.866000	-5.868990
2.867000	-5.868990
2.868000	-6.383100
2.869000	-5.868990
2.870000	-5.354890
2.871000	-4.325630
2.872000	-4.325630
2.873000	-3.811530
2.874000	-4.325630
2.875000	-4.325630
2.876000	-3.811530
2.877000	-3.811530
2.878000	-4.325630
2.879000	-4.325630
2.880000	-4.325630
2.881000	-4.325630
2.882000	-3.811530
2.883000	-3.811530
2.884000	-4.325630
2.885000	-4.325630
2.886000	-4.325630
2.887000	-4.325630
2.888000	-4.325630
2.889000	-4.840790
2.890000	-5.868990
2.891000	-5.868990
2.892000	-5.868990
2.893000	-3.811530
2.894000	-3.811530
2.895000	-3.297420
2.896000	-4.325630
2.897000	-3.297420
2.898000	-3.297420
2.899000	-3.297420
2.900000	-3.297420
2.901000	-3.297420
2.902000	-3.297420
2.903000	-3.297420
2.904000	-4.325630
2.905000	-3.811530
2.906000	-4.325630
2.907000	-4.325630
2.908000	-4.325630
2.909000	-4.325630
2.910000	-5.868990
2.911000	-5.868990
2.912000	-5.354890
2.913000	-5.354890
2.914000	-5.354890
2.915000	-4.840790
2.916000	-4.840790
2.917000	-5.354890
2.918000	-5.354890
2.919000	-5.354890
2.920000	-5.354890
2.921000	-5.354890
2.922000	-4.840790
2.923000	-5.868990
2.924000	-5.354890
2.925000	-5.868990
2.926000	-5.354890
2.927000	-5.354890
2.928000	-4.325630
2.929000	-4.840790
2.930000	-4.325630
2.931000	-3.297420
2.932000	-3.811530
2.933000	-4.325630
2.934000	-5.354890
2.935000	-4.325630
2.936000	-4.325630
2.937000	-4.325630
2.938000	-3.811530
2.939000	-3.297420
2.940000	-4.325630
2.941000	-3.297420
2.942000	-4.840790
2.943000	-4.840790
2.944000	-5.868990
2.945000	-5.354890
2.946000	-4.840790
2.947000	-4.325630
2.948000	-4.325630
2.949000	-3.811530
2.950000	-4.325630
2.951000	-4.325630
2.952000	-4.840790
2.953000	-4.325630
2.954000	-4.325630
2.955000	-4.325630
2.956000	-4.325630
2.957000	-4.325630
2.958000	-4.325630
2.959000	-2.782270
2.960000	-2.782270
2.961000	-2.782270
2.962000	-3.297420
2.963000	-3.811530
2.964000	-3.811530
2.965000	-5.354890
2.966000	-4.840790
2.967000	-5.354890
2.968000	-4.840790
2.969000	-4.840790
2.970000	-4.840790
2.971000	-4.840790
2.972000	-4.325630
2.973000	-5.868990
2.974000	-5.354890
2.975000	-5.354890
2.976000	-5.354890
2.977000	-5.868990
2.978000	-5.868990
2.979000	-4.840790
2.980000	-4.325630
2.981000	-3.811530
2.982000	-3.811530
2.983000	-3.297420
2.984000	-4.325630
2.985000	-3.297420
2.986000	-4.325630
2.987000	-4.325630
2.988000	-4.325630
2.989000	-3.811530
2.990000	-3.811530
2.991000	-3.297420
2.992000	-3.811530
2.993000	-3.297420
2.994000	-4.325630
2.995000	-4.840790
2.996000	-5.354890
2.997000	-4.325630
2.998000	-4.840790
2.999000	-3.297420
3.000000	-4.325630
3.001000	-4.325630
3.002000	-4.840790
3.003000	-3.811530
3.004000	-4.840790
3.005000	-4.325630
3.006000	-4.325630
3.007000	-4.325630
3.008000	-4.840790
3.009000	-5.354890
3.010000	-4.840790
3.011000	-4.325630
3.012000	-4.325630
3.013000	-4.325630
3.014000	-4.325630
3.015000	-4.325630
3.016000	-4.840790
3.017000	-5.354890
3.018000	-5.354890
3.019000	-4.840790
3.020000	-3.297420
3.021000	-3.811530
3.022000	-3.297420
3.023000	-3.297420
3.024000	-4.325630
3.025000	-4.840790
3.026000	-4.840790
3.027000	-5.868990
3.028000	-5.354890
3.029000	-5.354890
3.030000	-5.354890
3.031000	-5.354890
3.032000	-4.325630
3.033000	-4.840790
3.034000	-4.840790
3.035000	-5.354890
3.036000	-4.840790
3.037000	-4.325630
3.038000	-5.354890
3.039000	-4.325630
3.040000	-5.354890
3.041000	-4.325630
3.042000	-4.325630
3.043000	-3.811530
3.044000	-4.325630
3.045000	-3.811530
3.046000	-3.811530
3.047000	-4.840790
3.048000	-4.325630
3.049000	-4.840790
3.050000	-4.840790
3.051000	-4.325630
3.052000	-3.811530
3.053000	-3.811530
3.054000	-3.811530
3.055000	-3.811530
3.056000	-4.325630
3.057000	-5.354890
3.058000	-4.840790
3.059000	-5.354890
3.060000	-3.811530
3.061000	-5.354890
3.062000	-4.325630
3.063000	-5.354890
3.064000	-3.811530
3.065000	-4.325630
3.066000	-4.840790
3.067000	-4.325630
3.068000	-4.840790
3.069000	-4.840790
3.070000	-5.354890
3.071000	-5.354890
3.072000	-5.868990
3.073000	-4.325630
3.074000	-4.325630
3.075000	-3.811530
3.076000	-3.811530
3.077000	-4.325630
3.078000	-4.325630
3.079000	-4.325630
3.080000	-3.811530
3.081000	-4.325630
3.082000	-3.811530
3.083000	-3.811530
3.084000	-4.840790
3.085000	-3.297420
3.086000	-4.325630
3.087000	-4.325630
3.088000	-4.840790
3.089000	-4.840790
3.090000	-5.868990
3.091000	-4.840790
3.092000	-5.354890
3.093000	-5.354890
3.094000	-4.325630
3.095000	-4.840790
3.096000	-4.325630
3.097000	-5.354890
3.098000	-3.811530
3.099000	-4.840790
3.100000	-4.325630
3.101000	-4.840790
3.102000	-4.325630
3.103000	-4.325630
3.104000	-3.811530
3.105000	-4.325630
3.106000	-3.297420
3.107000	-3.811530
3.108000	-3.811530
3.109000	-3.811530
3.110000	-3.297420
3.111000	-3.811530
3.112000	-3.811530
3.113000	-4.325630
3.114000	-4.840790
3.115000	-4.325630
3.116000	-4.325630
3.117000	-3.811530
3.118000	-3.811530
3.119000	-3.811530
3.120000	-4.325630
3.121000	-4.325630
3.122000	-4.840790
3.123000	-4.325630
3.124000	-5.354890
3.125000	-5.354890
3.126000	-5.354890
3.127000	-3.811530
3.128000	-5.354890
3.129000	-5.354890
3.130000	-4.325630
3.131000	-4.325630
3.132000	-4.840790
3.133000	-3.811530
3.134000	-5.354890
3.135000	-4.325630
3.136000	-3.811530
3.137000	-4.325630
3.138000	-4.325630
3.139000	-3.811530
3.140000	-4.840790
3.141000	-4.325630
3.142000	-4.325630
3.143000	-4.325630
3.144000	-5.354890
3.145000	-5.354890
3.146000	-5.354890
3.147000	-5.354890
3.148000	-4.325630
3.149000	-4.840790
3.150000	-3.811530
3.151000	-5.354890
3.152000	-4.325630
3.153000	-4.840790
3.154000	-4.325630
3.155000	-3.811530
3.156000	-3.811530
3.157000	-3.811530
3.158000	-3.811530
3.159000	-4.325630
3.160000	-4.325630
3.161000	-4.325630
3.162000	-3.811530
3.163000	-4.840790
3.164000	-4.840790
3.165000	-4.325630
3.166000	-3.811530
3.167000	-5.868990
3.168000	-4.325630
3.169000	-4.840790
3.170000	-4.325630
3.171000	-4.325630
3.172000	-4.325630
3.173000	-3.811530
3.174000	-4.325630
3.175000	-3.297420
3.176000	-4.840790
3.177000	-3.811530
3.178000	-5.354890
3.179000	-3.297420
3.180000	-4.325630
3.181000	-3.811530
3.182000	-4.840790
3.183000	-4.325630
3.184000	-4.840790
3.185000	-5.354890
3.186000	-4.840790
3.187000	-4.325630
3.188000	-4.840790
3.189000	-4.325630
3.190000	-5.354890
3.191000	-5.354890
3.192000	-5.354890
3.193000	-5.354890
3.194000	-4.840790
3.195000	-5.354890
3.196000	-5.354890
3.197000	-5.354890
3.198000	-4.840790
3.199000	-4.325630
3.200000	-4.325630
3.201000	-4.840790
3.202000	-3.811530
3.203000	-3.297420
3.204000	-4.325630
3.205000	-5.354890
3.206000	-4.840790
3.207000	-5.354890
3.208000	-4.840790
3.209000	-3.811530
3.210000	-4.325630
3.211000	-4.840790
3.212000	-4.325630
3.213000	-4.840790
3.214000	-4.325630
3.215000	-4.325630
3.216000	-3.811530
3.217000	-3.811530
3.218000	-4.325630
3.219000	-4.840790
3.220000	-3.811530
3.221000	-3.811530
3.222000	-3.297420
3.223000	-4.325630
3.224000	-3.811530
3.225000	-4.325630
3.226000	-3.811530
3.227000	-3.811530
3.228000	-4.840790
3.229000	-4.325630
3.230000	-4.325630
3.231000	-5.354890
3.232000	-3.297420
3.233000	-4.325630
3.234000	-3.811530
3.235000	-4.325630
3.236000	-5.354890
3.237000	-3.811530
3.238000	-3.811530
3.239000	-5.354890
3.240000	-4.325630
3.241000	-4.840790
3.242000	-5.354890
3.243000	-4.325630
3.244000	-4.325630
3.245000	-4.840790
3.246000	-4.840790
3.247000	-3.811530
3.248000	-4.840790
3.249000	-5.354890
3.250000	-4.325630
3.251000	-5.354890
3.252000	-5.354890
3.253000	-5.354890
3.254000	-5.354890
3.255000	-3.297420
3.256000	-5.354890
3.257000	-4.325630
3.258000	-4.840790
3.259000	-4.325630
3.260000	-4.325630
3.261000	-4.840790
3.262000	-4.840790
3.263000	-3.811530
3.264000	-3.811530
3.265000	-3.811530
3.266000	-3.811530
3.267000	-4.840790
3.268000	-3.811530
3.269000	-4.840790
3.270000	-3.811530
3.271000	-5.354890
3.272000	-3.811530
3.273000	-4.325630
3.274000	-3.811530
3.275000	-4.325630
3.276000	-3.297420
3.277000	-4.325630
3.278000	-3.811530
3.279000	-4.325630
3.280000	-3.297420
3.281000	-4.840790
3.282000	-3.297420
3.283000	-5.354890
3.284000	-4.325630
3.285000	-5.354890
3.286000	-3.297420
3.287000	-4.840790
3.288000	-4.840790
3.289000	-4.840790
3.290000	-6.383100
3.291000	-4.840790
3.292000	-4.325630
3.293000	-4.325630
3.294000	-3.811530
3.295000	-4.840790
3.296000	-3.811530
3.297000	-5.354890
3.298000	-3.297420
3.299000	-4.325630
3.300000	-4.325630
3.301000	-4.840790
3.302000	-3.811530
3.303000	-4.840790
3.304000	-4.325630
3.305000	-4.840790
3.306000	-4.840790
3.307000	-4.840790
3.308000	-4.325630
3.309000	-4.840790
3.310000	-4.325630
3.311000	-5.354890
3.312000	-5.354890
3.313000	-4.325630
3.314000	-4.840790
3.315000	-4.840790
3.316000	-3.297420
3.317000	-5.868990
3.318000	-4.325630
3.319000	-4.325630
3.320000	-3.811530
3.321000	-5.354890
3.322000	-3.811530
3.323000	-4.325630
3.324000	-3.297420
3.325000	-3.811530
3.326000	-2.268160
3.327000	-3.297420
3.328000	-3.297420
3.329000	-4.325630
3.330000	-3.297420
3.331000	-4.325630
3.332000	-2.782270
3.333000	-4.840790
3.334000	-3.297420
3.335000	-5.354890
3.336000	-3.297420
3.337000	-4.840790
3.338000	-3.811530
3.339000	-4.325630
3.340000	-4.325630
3.341000	-4.840790
3.342000	-5.868990
3.343000	-4.840790
3.344000	-3.811530
3.345000	-5.354890
3.346000	-3.297420
3.347000	-4.840790
3.348000	-3.811530
3.349000	-4.325630
3.350000	-3.297420
3.351000	-3.811530
3.352000	-3.811530
3.353000	-4.325630
3.354000	-4.325630
3.355000	-5.354890
3.356000	-5.354890
3.357000	-5.868990
3.358000	-4.325630
3.359000	-4.840790
3.360000	-5.354890
3.361000	-4.840790
3.362000	-5.354890
3.363000	-4.840790
3.364000	-4.325630
3.365000	-4.325630
3.366000	-3.811530
3.367000	-3.297420
3.368000	-4.325630
3.369000	-3.297420
3.370000	-4.325630
3.371000	-3.811530
3.372000	-4.840790
3.373000	-4.325630
3.374000	-5.868990
3.375000	-4.840790
3.376000	-5.354890
3.377000	-4.840790
3.378000	-6.898250
3.379000	-4.840790
3.380000	-3.811530
3.381000	-4.840790
3.382000	-3.811530
3.383000	-4.840790
3.384000	-3.811530
3.385000	-4.325630
3.386000	-3.811530
3.387000	-4.840790
3.388000	-2.782270
3.389000	-3.297420
3.390000	-2.268160
3.391000	-3.811530
3.392000	-2.782270
3.393000	-2.268160
3.394000	-3.811530
3.395000	-4.840790
3.396000	-3.811530
3.397000	-5.868990
3.398000	-3.811530
3.399000	-5.868990
3.400000	-5.868990
3.401000	-6.898250
3.402000	-4.840790
3.403000	-5.868990
3.404000	-4.325630
3.405000	-5.354890
3.406000	-3.811530
3.407000	-4.840790
3.408000	-2.782270
3.409000	-3.297420
3.410000	-3.811530
3.411000	-4.325630
3.412000	-3.297420
3.413000	-4.325630
3.414000	-3.297420
3.415000	-3.811530
3.416000	-4.325630
3.417000	-4.840790
3.418000	-5.354890
3.419000	-6.383100
3.420000	-4.840790
3.421000	-5.354890
3.422000	-6.383100
3.423000	-5.354890
3.424000	-5.868990
3.425000	-5.354890
3.426000	-4.325630
3.427000	-3.811530
3.428000	-4.840790
3.429000	-3.297420
3.430000	-3.811530
3.431000	-3.297420
3.432000	-3.811530
3.433000	-4.325630
3.434000	-5.354890
3.435000	-2.782270
3.436000	-4.325630
3.437000	-3.297420
3.438000	-4.840790
3.439000	-2.782270
3.440000	-4.325630
3.441000	-3.811530
3.442000	-4.840790
3.443000	-3.811530
3.444000	-4.840790
3.445000	-5.354890
3.446000	-5.354890
3.447000	-4.325630
3.448000	-4.325630
3.449000	-3.811530
3.450000	-3.297420
3.451000	-3.811530
3.452000	-3.811530
3.453000	-3.297420
3.454000	-3.811530
3.455000	-4.325630
3.456000	-4.325630
3.457000	-4.325630
3.458000	-4.325630
3.459000	-4.325630
3.460000	-4.325630
3.461000	-5.868990
3.462000	-4.840790
3.463000	-5.868990
3.464000	-4.840790
3.465000	-4.840790
3.466000	-5.354890
3.467000	-5.868990
3.468000	-5.354890
3.469000	-5.868990
3.470000	-5.354890
3.471000	-4.840790
3.472000	-4.840790
3.473000	-4.840790
3.474000	-4.325630
3.475000	-5.354890
3.476000	-3.811530
3.477000	-4.840790
3.478000	-5.354890
3.479000	-4.325630
3.480000	-4.325630
3.481000	-4.325630
3.482000	-3.297420
3.483000	-4.325630
3.484000	-4.325630
3.485000	-4.325630
3.486000	-4.325630
3.487000	-4.840790
3.488000	-4.840790
3.489000	-5.354890
3.490000	-5.354890
3.491000	-5.354890
3.492000	-5.354890
3.493000	-5.354890
3.494000	-4.325630
3.495000	-5.354890
3.496000	-4.840790
3.497000	-4.840790
3.498000	-3.811530
3.499000	-4.325630
3.500000	-4.325630
3.501000	-4.325630
3.502000	-3.811530
3.503000	-3.297420
3.504000	-3.811530
3.505000	-3.811530
3.506000	-3.297420
3.507000	-3.811530
3.508000	-3.297420
3.509000	-3.811530
3.510000	-3.297420
3.511000	-4.325630
3.512000	-4.325630
3.513000	-5.354890
3.514000	-3.811530
3.515000	-4.840790
3.516000	-4.325630
3.517000	-5.868990
3.518000	-5.354890
3.519000	-4.840790
3.520000	-4.325630
3.521000	-4.325630
3.522000	-5.354890
3.523000	-4.325630
3.524000	-4.840790
3.525000	-4.325630
3.526000	-3.811530
3.527000	-3.811530
3.528000	-4.325630
3.529000	-5.354890
3.530000	-5.354890
3.531000	-5.354890
3.532000	-4.325630
3.533000	-3.297420
3.534000	-4.325630
3.535000	-4.325630
3.536000	-4.325630
3.537000	-4.840790
3.538000	-3.811530
3.539000	-4.325630
3.540000	-4.325630
3.541000	-4.325630
3.542000	-3.811530
3.543000	-3.811530
3.544000	-3.297420
3.545000	-4.325630
3.546000	-3.811530
3.547000	-4.325630
3.548000	-3.811530
3.549000	-4.325630
3.550000	-4.840790
3.551000	-5.868990
3.552000	-5.868990
3.553000	-5.354890
3.554000	-5.354890
3.555000	-4.840790
3.556000	-4.840790
3.557000	-4.325630
3.558000	-3.811530
3.559000	-3.297420
3.560000	-4.325630
3.561000	-4.840790
3.562000	-4.325630
3.563000	-4.325630
3.564000	-4.325630
3.565000	-3.811530
3.566000	-3.297420
3.567000	-3.811530
3.568000	-3.811530
3.569000	-4.325630
3.570000	-3.811530
3.571000	-4.840790
3.572000	-4.325630
3.573000	-4.325630
3.574000	-4.325630
3.575000	-5.868990
3.576000	-4.325630
3.577000	-5.354890
3.578000	-5.868990
3.579000	-4.840790
3.580000	-4.840790
3.581000	-4.840790
3.582000	-4.840790
3.583000	-4.840790
3.584000	-5.868990
3.585000	-4.840790
3.586000	-4.325630
3.587000	-4.840790
3.588000	-3.811530
3.589000	-4.325630
3.590000	-4.325630
3.591000	-4.325630
3.592000	-4.840790
3.593000	-4.325630
3.594000	-5.868990
3.595000	-5.354890
3.596000	-4.325630
3.597000	-4.325630
3.598000	-4.325630
3.599000	-4.325630
3.600000	-3.811530
3.601000	-4.840790
3.602000	-4.325630
3.603000	-3.297420
3.604000	-3.811530
3.605000	-4.325630
3.606000	-3.297420
3.607000	-4.325630
3.608000	-3.811530
3.609000	-3.811530
3.610000	-4.325630
3.611000	-4.325630
3.612000	-4.840790
3.613000	-4.840790
3.614000	-4.325630
3.615000	-4.840790
3.616000	-5.354890
3.617000	-4.840790
3.618000	-4.325630
3.619000	-4.325630
3.620000	-3.811530
3.621000	-4.325630
3.622000	-3.811530
3.623000	-4.325630
3.624000	-4.325630
3.625000	-4.325630
3.626000	-4.325630
3.627000	-3.811530
3.628000	-3.811530
3.629000	-3.297420
3.630000	-3.811530
3.631000	-3.297420
3.632000	-3.811530
3.633000	-3.811530
3.634000	-4.840790
3.635000	-4.325630
3.636000	-5.354890
3.637000	-4.840790
3.638000	-5.354890
3.639000	-5.868990
3.640000	-4.840790
3.641000	-4.840790
3.642000	-4.840790
3.643000	-4.325630
3.644000	-4.325630
3.645000	-3.811530
3.646000	-4.325630
3.647000	-3.811530
3.648000	-3.811530
3.649000	-4.325630
3.650000	-4.840790
3.651000	-4.840790
3.652000	-4.325630
3.653000	-3.811530
3.654000	-3.811530
3.655000	-4.325630
3.656000	-4.325630
3.657000	-4.840790
3.658000	-3.811530
3.659000	-4.325630
3.660000	-4.325630
3.661000	-4.840790
3.662000	-3.811530
3.663000	-3.811530
3.664000	-3.811530
3.665000	-3.811530
3.666000	-3.811530
3.667000	-3.811530
3.668000	-3.297420
3.669000	-3.297420
3.670000	-3.811530
3.671000	-4.325630
3.672000	-3.811530
3.673000	-3.811530
3.674000	-4.840790
3.675000	-3.811530
3.676000	-4.325630
3.677000	-4.325630
3.678000	-4.840790
3.679000	-4.840790
3.680000	-4.840790
3.681000	-4.325630
3.682000	-4.325630
3.683000	-4.840790
3.684000	-4.840790
3.685000	-4.840790
3.686000	-3.811530
3.687000	-4.840790
3.688000	-3.811530
3.689000	-3.297420
3.690000	-3.811530
3.691000	-3.297420
3.692000	-2.782270
3.693000	-3.297420
3.694000	-4.325630
3.695000	-4.840790
3.696000	-4.325630
3.697000	-4.840790
3.698000	-4.840790
3.699000	-4.325630
3.700000	-5.354890
3.701000	-4.840790
3.702000	-4.325630
3.703000	-4.840790
3.704000	-4.840790
3.705000	-4.840790
3.706000	-4.840790
3.707000	-4.840790
3.708000	-4.325630
3.709000	-4.325630
3.710000	-3.811530
3.711000	-3.811530
3.712000	-3.811530
3.713000	-3.811530
3.714000	-3.297420
3.715000	-3.811530
3.716000	-3.811530
3.717000	-3.811530
3.718000	-4.325630
3.719000	-4.325630
3.720000	-4.325630
3.721000	-4.325630
3.722000	-4.325630
3.723000	-4.325630
3.724000	-3.811530
3.725000	-4.325630
3.726000	-3.811530
3.727000	-4.325630
3.728000	-4.325630
3.729000	-4.325630
3.730000	-4.840790
3.731000	-4.840790
3.732000	-3.811530
3.733000	-4.325630
3.734000	-4.840790
3.735000	-4.325630
3.736000	-4.325630
3.737000	-3.811530
3.738000	-3.811530
3.739000	-4.325630
3.740000	-4.325630
3.741000	-4.840790
3.742000	-4.840790
3.743000	-3.811530
3.744000	-4.840790
3.745000	-4.840790
3.746000	-4.325630
3.747000	-3.811530
3.748000	-3.811530
3.749000	-3.811530
3.750000	-4.325630
3.751000	-4.325630
3.752000	-3.811530
3.753000	-3.811530
3.754000	-3.811530
3.755000	-3.811530
3.756000	-3.811530
3.757000	-4.325630
3.758000	-3.811530
3.759000	-3.811530
3.760000	-3.811530
3.761000	-4.840790
3.762000	-4.840790
3.763000	-4.325630
3.764000	-5.354890
3.765000	-4.840790
3.766000	-4.840790
3.767000	-4.325630
3.768000	-4.325630
3.769000	-3.811530
3.770000	-3.811530
3.771000	-3.811530
3.772000	-4.325630
3.773000	-3.297420
3.774000	-4.325630
3.775000	-3.811530
3.776000	-2.782270
3.777000	-3.811530
3.778000	-3.811530
3.779000	-3.811530
3.780000	-3.811530
3.781000	-3.811530
3.782000	-3.811530
3.783000	-3.811530
3.784000	-3.811530
3.785000	-4.840790
3.786000	-3.811530
3.787000	-4.325630
3.788000	-4.325630
3.789000	-4.325630
3.790000	-4.325630
3.791000	-4.325630
3.792000	-3.811530
3.793000	-3.297420
3.794000	-4.325630
3.795000	-5.354890
3.796000	-4.325630
3.797000	-3.811530
3.798000	-3.811530
3.799000	-3.811530
3.800000	-4.325630
3.801000	-5.354890
3.802000	-4.325630
3.803000	-4.840790
3.804000	-5.354890
3.805000	-5.354890
3.806000	-4.840790
3.807000	-5.354890
3.808000	-4.325630
3.809000	-4.325630
3.810000	-4.840790
3.811000	-4.325630
3.812000	-4.325630
3.813000	-3.297420
3.814000	-3.811530
3.815000	-3.297420
3.816000	-3.811530
3.817000	-4.325630
3.818000	-4.325630
3.819000	-4.325630
3.820000	-3.811530
3.821000	-3.811530
3.822000	-4.325630
3.823000	-4.840790
3.824000	-4.325630
3.825000	-4.840790
3.826000	-4.840790
3.827000	-4.325630
3.828000	-4.840790
3.829000	-4.840790
3.830000	-4.840790
3.831000	-3.811530
3.832000	-4.325630
3.833000	-3.811530
3.834000	-4.325630
3.835000	-3.811530
3.836000	-3.297420
3.837000	-3.297420
3.838000	-4.325630
3.839000	-3.811530
3.840000	-4.325630
3.841000	-4.325630
3.842000	-3.811530
3.843000	-4.325630
3.844000	-4.325630
3.845000	-3.811530
3.846000	-4.325630
3.847000	-4.325630
3.848000	-5.354890
3.849000	-4.325630
3.850000	-4.840790
3.851000	-4.840790
3.852000	-4.325630
3.853000	-4.325630
3.854000	-4.325630
3.855000	-5.354890
3.856000	-3.811530
3.857000	-4.325630
3.858000	-3.811530
3.859000	-4.840790
3.860000	-4.840790
3.861000	-4.840790
3.862000	-4.840790
3.863000	-4.325630
3.864000	-5.354890
3.865000	-4.325630
3.866000	-4.325630
3.867000	-4.325630
3.868000	-3.811530
3.869000	-4.325630
3.870000	-4.325630
3.871000	-5.354890
3.872000	-4.325630
3.873000	-3.811530
3.874000	-4.325630
3.875000	-3.811530
3.876000	-3.297420
3.877000	-3.811530
3.878000	-3.297420
3.879000	-3.297420
3.880000	-3.811530
3.881000	-3.811530
3.882000	-3.297420
3.883000	-4.325630
3.884000	-4.325630
3.885000	-4.840790
3.886000	-4.325630
3.887000	-4.325630
3.888000	-4.325630
3.889000	-4.325630
3.890000	-4.325630
3.891000	-4.325630
3.892000	-4.325630
3.893000	-4.325630
3.894000	-4.325630
3.895000	-4.325630
3.896000	-3.811530
3.897000	-4.325630
3.898000	-3.297420
3.899000	-3.811530
3.900000	-3.811530
3.901000	-3.811530
3.902000	-3.297420
3.903000	-3.297420
3.904000	-3.297420
3.905000	-4.325630
3.906000	-4.325630
3.907000	-4.840790
3.908000	-4.840790
3.909000	-4.325630
3.910000	-4.840790
3.911000	-5.354890
3.912000	-4.840790
3.913000	-4.325630
3.914000	-4.325630
3.915000	-4.325630
3.916000	-3.811530
3.917000	-4.325630
3.918000	-5.354890
3.919000	-3.811530
3.920000	-4.325630
3.921000	-3.811530
3.922000	-4.325630
3.923000	-4.325630
3.924000	-4.325630
3.925000	-4.325630
3.926000	-4.325630
3.927000	-3.811530
3.928000	-4.325630
3.929000	-4.325630
3.930000	-4.325630
3.931000	-4.325630
3.932000	-4.325630
3.933000	-3.811530
3.934000	-3.811530
3.935000	-4.325630
3.936000	-4.325630
3.937000	-3.811530
3.938000	-4.325630
3.939000	-3.811530
3.940000	-3.811530
3.941000	-3.811530
3.942000	-3.811530
3.943000	-3.811530
3.944000	-4.325630
3.945000	-3.811530
3.946000	-4.325630
3.947000	-4.325630
3.948000	-4.840790
3.949000	-4.325630
3.950000	-4.840790
3.951000	-5.354890
3.952000	-4.840790
3.953000	-4.840790
3.954000	-4.840790
3.955000	-4.325630
3.956000	-4.840790
3.957000	-4.325630
3.958000	-3.811530
3.959000	-3.811530
3.960000	-3.811530
3.961000	-4.325630
3.962000	-3.297420
3.963000	-3.811530
3.964000	-4.325630
3.965000	-3.811530
3.966000	-4.325630
3.967000	-4.840790
3.968000	-4.840790
3.969000	-4.325630
3.970000	-4.325630
3.971000	-4.325630
3.972000	-4.325630
3.973000	-5.354890
3.974000	-4.840790
3.975000	-4.840790
3.976000	-3.811530
3.977000	-4.325630
3.978000	-4.840790
3.979000	-4.325630
3.980000	-3.811530
3.981000	-4.840790
3.982000	-4.325630
3.983000	-3.811530
3.984000	-3.811530
3.985000	-4.325630
3.986000	-3.811530
3.987000	-3.811530
3.988000	-4.325630
3.989000	-4.325630
3.990000	-4.325630
3.991000	-4.325630
3.992000	-4.840790
3.993000	-3.811530
3.994000	-4.325630
3.995000	-4.840790
3.996000	-5.354890
3.997000	-4.325630
3.998000	-3.811530
3.999000	-3.811530
4.000000	-4.325630
4.001000	-3.811530
4.002000	-3.811530
4.003000	-3.811530
4.004000	-4.325630
4.005000	-4.325630
4.006000	-4.325630
4.007000	-4.325630
4.008000	-4.840790
4.009000	-4.325630
4.010000	-4.840790
4.011000	-5.354890
4.012000	-5.354890
4.013000	-4.325630
4.014000	-4.840790
4.015000	-3.811530
4.016000	-4.325630
4.017000	-3.811530
4.018000	-4.325630
4.019000	-3.811530
4.020000	-3.811530
4.021000	-3.811530
4.022000	-3.297420
4.023000	-4.325630
4.024000	-3.297420
4.025000	-3.297420
4.026000	-3.811530
4.027000	-4.325630
4.028000	-3.811530
4.029000	-4.840790
4.030000	-3.811530
4.031000	-4.840790
4.032000	-4.840790
4.033000	-4.840790
4.034000	-5.354890
4.035000	-4.325630
4.036000	-4.325630
4.037000	13.678500
4.038000	2.876030
4.039000	18.307501
4.040000	-14.614000
4.041000	-21.815701
4.042000	3.904230
4.043000	11.620000
4.044000	5.961700
4.045000	-4.325630
4.046000	-17.700701
4.047000	-4.840790
4.048000	8.534320
4.049000	-0.724801
4.050000	-14.614000
4.051000	-15.642200
4.052000	-5.868990
4.053000	0.818562
4.054000	2.360870
4.055000	-4.325630
4.056000	-1.754060
4.057000	-2.782270
4.058000	-7.412360
4.059000	-6.898250
4.060000	-9.469820
4.061000	-8.441620
4.062000	0.303405
4.063000	3.390130
4.064000	-2.782270
4.065000	-6.898250
4.066000	-5.354890
4.067000	-3.811530
4.068000	-4.840790
4.069000	-3.811530
4.070000	-3.811530
4.071000	-5.868990
4.072000	-5.354890
4.073000	-3.297420
4.074000	-4.325630
4.075000	-4.325630
4.076000	-5.868990
4.077000	-4.325630
4.078000	-3.297420
4.079000	-5.354890
4.080000	-4.840790
4.081000	-3.811530
4.082000	-2.268160
4.083000	-1.239960
4.084000	-3.297420
4.085000	-4.840790
4.086000	-3.811530
4.087000	-5.354890
4.088000	-5.354890
4.089000	-2.782270
4.090000	-4.325630
4.091000	-3.297420
4.092000	-4.325630
4.093000	-3.811530
4.094000	-4.325630
4.095000	-3.297420
4.096000	-4.840790
4.097000	-5.354890
4.098000	-6.383100
4.099000	-6.898250
4.100000	-6.898250
4.101000	-3.297420
4.102000	-1.754060
4.103000	-1.239960
4.104000	-1.754060
4.105000	-3.811530
4.106000	-5.868990
4.107000	-5.354890
4.108000	0.303405
4.109000	2.876030
4.110000	-1.754060
4.111000	-2.782270
4.112000	12.135200
4.113000	6.476860
4.114000	-2.782270
4.115000	-12.556500
4.116000	-10.499100
4.117000	3.904230
4.118000	2.360870
4.119000	-10.499100
4.120000	-12.556500
4.121000	-6.898250
4.122000	-1.239960
4.123000	-0.724801
4.124000	-1.754060
4.125000	-4.840790
4.126000	-1.239960
4.127000	-3.297420
4.128000	-4.840790
4.129000	-8.955720
4.130000	-7.412360
4.131000	-8.441620
4.132000	-1.754060
4.133000	-0.210698
4.134000	-5.354890
4.135000	-4.840790
4.136000	-1.239960
4.137000	-2.782270
4.138000	-7.926460
4.139000	-7.926460
4.140000	-6.898250
4.141000	-4.840790
4.142000	-4.325630
4.143000	-0.210698
4.144000	-2.782270
4.145000	-0.210698
4.146000	-3.811530
4.147000	-2.782270
4.148000	-5.354890
4.149000	-5.354890
4.150000	-9.469820
4.151000	-4.840790
4.152000	-4.325630
4.153000	-1.754060
4.154000	-1.754060
4.155000	5.961700
4.156000	-34.675598
4.157000	23.965799
4.158000	-54.223099
4.159000	11.105900
4.160000	-7.412360
4.161000	7.505060
4.162000	-9.469820
4.163000	3.904230
4.164000	-9.983920
4.165000	5.447600
4.166000	6.990960
4.167000	-14.614000
4.168000	-1.754060
4.169000	-7.926460
4.170000	2.360870
4.171000	-24.387199
4.172000	4.933490
4.173000	-5.354890
4.174000	1.846770
4.175000	-5.354890
4.176000	-2.268160
4.177000	-6.383100
4.178000	1.846770
4.179000	-6.383100
4.180000	-14.614000
4.181000	2.876030
4.182000	-16.157400
4.183000	2.360870
4.184000	-3.811530
4.185000	-1.239960
4.186000	-5.868990
4.187000	-4.840790
4.188000	-5.354890
4.189000	4.419390
4.190000	-8.955720
4.191000	-5.868990
4.192000	-11.013200
4.193000	0.303405
4.194000	-3.297420
4.195000	-5.868990
4.196000	-4.325630
4.197000	-2.782270
4.198000	-1.754060
4.199000	-1.239960
4.200000	-2.782270
4.201000	-1.239960
4.202000	-5.868990
4.203000	-9.469820
4.204000	-9.983920
4.205000	-5.868990
4.206000	-4.325630
4.207000	-0.210698
4.208000	-0.210698
4.209000	-2.268160
4.210000	-5.354890
4.211000	-3.297420
4.212000	-4.325630
4.213000	-4.325630
4.214000	-6.383100
4.215000	-1.754060
4.216000	-3.811530
4.217000	-1.239960
4.218000	-8.441620
4.219000	-5.354890
4.220000	-6.383100
4.221000	-4.325630
4.222000	-6.383100
4.223000	-2.782270
4.224000	-5.868990
4.225000	-3.297420
4.226000	-4.840790
4.227000	-2.782270
4.228000	-2.782270
4.229000	-5.354890
4.230000	-4.840790
4.231000	-4.325630
4.232000	-6.383100
4.233000	-5.354890
4.234000	-5.354890
4.235000	-4.840790
4.236000	-3.811530
4.237000	-3.297420
4.238000	-3.297420
4.239000	-3.811530
4.240000	-3.811530
4.241000	-2.782270
4.242000	-3.811530
4.243000	-5.354890
4.244000	-7.412360
4.245000	-6.898250
4.246000	-2.782270
4.247000	-1.754060
4.248000	-1.754060
4.249000	-2.782270
4.250000	-3.811530
4.251000	-7.926460
4.252000	-7.926460
4.253000	-5.354890
4.254000	-3.811530
4.255000	-2.268160
4.256000	-3.811530
4.257000	-1.239960
4.258000	-1.239960
4.259000	-1.754060
4.260000	-4.325630
4.261000	-3.811530
4.262000	-6.383100
4.263000	-6.383100
4.264000	-5.868990
4.265000	-5.354890
4.266000	-3.297420
4.267000	-1.239960
4.268000	-2.268160
4.269000	-1.239960
4.270000	-2.268160
4.271000	-4.325630
4.272000	-6.383100
4.273000	-5.354890
4.274000	-6.383100
4.275000	-3.811530
4.276000	-4.325630
4.277000	-4.325630
4.278000	-4.325630
4.279000	-2.782270
4.280000	-3.297420
4.281000	-4.325630
4.282000	-5.868990
4.283000	-7.412360
4.284000	-6.383100
4.285000	-6.383100
4.286000	-4.840790
4.287000	-2.782270
4.288000	-2.782270
4.289000	-3.811530
4.290000	-3.297420
4.291000	-3.811530
4.292000	-3.811530
4.293000	-4.325630
4.294000	-5.354890
4.295000	-5.354890
4.296000	-4.840790
4.297000	-4.325630
4.298000	-2.782270
4.299000	-2.268160
4.300000	-3.297420
4.301000	-2.782270
4.302000	-3.297420
4.303000	-3.811530
4.304000	-4.840790
4.305000	-5.868990
4.306000	-4.840790
4.307000	-4.840790
4.308000	-4.325630
4.309000	-4.325630
4.310000	-3.811530
4.311000	-3.811530
4.312000	-4.325630
4.313000	-3.297420
4.314000	-2.782270
4.315000	-2.782270
4.316000	-4.325630
4.317000	-5.868990
4.318000	-5.868990
4.319000	-4.325630
4.320000	-3.297420
4.321000	-2.782270
4.322000	-3.297420
4.323000	-4.325630
4.324000	-5.354890
4.325000	-5.354890
4.326000	-4.325630
4.327000	-4.325630
4.328000	-4.325630
4.329000	-4.325630
4.330000	-4.325630
4.331000	-4.840790
4.332000	-4.840790
4.333000	-4.325630
4.334000	-4.325630
4.335000	-4.325630
4.336000	-5.868990
4.337000	-4.840790
4.338000	-5.354890
4.339000	-4.325630
4.340000	-4.325630
4.341000	-4.325630
4.342000	-3.297420
4.343000	-4.325630
4.344000	-4.325630
4.345000	-5.354890
4.346000	-3.297420
4.347000	-4.325630
4.348000	-4.325630
4.349000	-4.325630
4.350000	-4.325630
4.351000	-4.840790
4.352000	-3.811530
4.353000	-3.811530
4.354000	-3.811530
4.355000	-4.325630
4.356000	-4.840790
4.357000	-4.840790
4.358000	-4.840790
4.359000	-3.811530
4.360000	-3.297420
4.361000	-3.297420
4.362000	-4.325630
4.363000	-3.811530
4.364000	-3.811530
4.365000	-4.325630
4.366000	-4.325630
4.367000	-4.325630
4.368000	-4.325630
4.369000	-4.325630
4.370000	-4.840790
4.371000	-3.811530
4.372000	-3.811530
4.373000	-3.811530
4.374000	-4.325630
4.375000	-3.297420
4.376000	-3.811530
4.377000	-5.354890
4.378000	-5.354890
4.379000	-5.354890
4.380000	-3.811530
4.381000	-4.325630
4.382000	-3.811530
4.383000	-3.811530
4.384000	-3.297420
4.385000	-3.811530
4.386000	-3.297420
4.387000	-3.811530
4.388000	-5.354890
4.389000	-5.354890
4.390000	-5.354890
4.391000	-4.840790
4.392000	-4.325630
4.393000	-4.325630
4.394000	-3.297420
4.395000	-3.811530
4.396000	-5.354890
4.397000	-4.325630
4.398000	-5.868990
4.399000	-4.325630
4.400000	-4.325630
4.401000	-5.354890
4.402000	-4.325630
4.403000	-4.840790
4.404000	-4.325630
4.405000	-3.297420
4.406000	-3.811530
4.407000	-3.811530
4.408000	-4.325630
4.409000	-4.840790
4.410000	-4.840790
4.411000	-5.354890
4.412000	-4.840790
4.413000	-4.325630
4.414000	-3.811530
4.415000	-3.297420
4.416000	-3.811530
4.417000	-4.325630
4.418000	-3.811530
4.419000	-4.325630
4.420000	-4.840790
4.421000	-4.840790
4.422000	-4.325630
4.423000	-4.325630
4.424000	-4.325630
4.425000	-4.325630
4.426000	-3.811530
4.427000	-3.811530
4.428000	-3.297420
4.429000	-3.811530
4.430000	-3.811530
4.431000	-3.811530
4.432000	-3.811530
4.433000	-4.840790
4.434000	-4.325630
4.435000	-4.840790
4.436000	-4.325630
4.437000	-3.811530
4.438000	-4.840790
4.439000	-3.811530
4.440000	-3.811530
4.441000	-4.325630
4.442000	-4.325630
4.443000	-4.325630
4.444000	-4.325630
4.445000	-4.325630
4.446000	-4.325630
4.447000	-4.325630
4.448000	-3.811530
4.449000	-3.811530
4.450000	-3.811530
4.451000	-4.840790
4.452000	-4.840790
4.453000	-4.325630
4.454000	-4.840790
4.455000	-4.840790
4.456000	-4.325630
4.457000	-4.840790
4.458000	-4.325630
4.459000	-3.811530
4.460000	-3.811530
4.461000	-4.325630
4.462000	-3.811530
4.463000	-4.325630
4.464000	-4.325630
4.465000	-5.354890
4.466000	-4.325630
4.467000	-4.325630
4.468000	-4.325630
4.469000	-3.297420
4.470000	-2.782270
4.471000	-3.297420
4.472000	-4.325630
4.473000	-3.811530
4.474000	-4.840790
4.475000	-4.325630
4.476000	-4.840790
4.477000	-4.325630
4.478000	-3.811530
4.479000	-4.325630
4.480000	-4.325630
4.481000	-4.325630
4.482000	-3.811530
4.483000	-4.325630
4.484000	-4.325630
4.485000	-4.840790
4.486000	-3.811530
4.487000	-3.811530
4.488000	-4.325630
4.489000	-4.325630
4.490000	-4.325630
4.491000	-4.325630
4.492000	-4.325630
4.493000	-4.325630
4.494000	-4.325630
4.495000	-3.297420
4.496000	-4.840790
4.497000	-4.840790
4.498000	-5.354890
4.499000	-3.811530
4.500000	-4.325630
4.501000	-3.811530
4.502000	-3.811530
4.503000	-3.811530
4.504000	-4.325630
4.505000	-4.325630
4.506000	-4.840790
4.507000	-4.325630
4.508000	-4.840790
4.509000	-4.325630
4.510000	-3.811530
4.511000	-3.811530
4.512000	-4.325630
4.513000	-3.297420
4.514000	-3.297420
4.515000	-3.811530
4.516000	-3.811530
4.517000	-4.325630
4.518000	-5.868990
4.519000	-4.325630
4.520000	-3.811530
4.521000	-4.325630
4.522000	-4.325630
4.523000	-4.325630
4.524000	-4.325630
4.525000	-4.325630
4.526000	-4.840790
4.527000	-3.811530
4.528000	-4.325630
4.529000	-4.325630
4.530000	-3.297420
4.531000	-4.325630
4.532000	-3.297420
4.533000	-3.811530
4.534000	-3.811530
4.535000	-4.840790
4.536000	-4.840790
4.537000	-3.811530
4.538000	-4.840790
4.539000	-4.325630
4.540000	-4.840790
4.541000	-4.840790
4.542000	-4.325630
4.543000	-4.325630
4.544000	-4.325630
4.545000	-4.840790
4.546000	-3.811530
4.547000	-4.840790
4.548000	-4.325630
4.549000	-4.325630
4.550000	-4.325630
4.551000	-4.325630
4.552000	-3.297420
4.553000	-3.297420
4.554000	-3.297420
4.555000	-3.297420
4.556000	-4.325630
4.557000	-4.325630
4.558000	-4.325630
4.559000	-3.811530
4.560000	-4.840790
4.561000	-4.325630
4.562000	-4.325630
4.563000	-4.840790
4.564000	-4.325630
4.565000	-3.811530
4.566000	-4.325630
4.567000	-3.811530
4.568000	-3.811530
4.569000	-4.840790
4.570000	-4.325630
4.571000	-4.325630
4.572000	-3.811530
4.573000	-4.325630
4.574000	-3.811530
4.575000	-3.811530
4.576000	-4.325630
4.577000	-4.325630
4.578000	-4.325630
4.579000	-4.840790
4.580000	-4.840790
4.581000	-4.840790
4.582000	-4.325630
4.583000	-4.325630
4.584000	-3.811530
4.585000	-3.811530
4.586000	-4.325630
4.587000	-3.811530
4.588000	-3.811530
4.589000	-4.325630
4.590000	-4.325630
4.591000	-4.840790
4.592000	-4.840790
4.593000	-3.811530
4.594000	-3.811530
4.595000	-4.325630
4.596000	-4.325630
4.597000	-4.325630
4.598000	-4.840790
4.599000	-4.325630
4.600000	-4.325630
4.601000	-4.325630
4.602000	-4.325630
4.603000	-4.840790
4.604000	-4.840790
4.605000	-4.325630
4.606000	-3.811530
4.607000	-4.325630
4.608000	-4.325630
4.609000	-3.811530
4.610000	-4.325630
4.611000	-3.811530
4.612000	-4.840790
4.613000	-4.325630
4.614000	-3.811530
4.615000	-3.811530
4.616000	-3.811530
4.617000	-4.325630
4.618000	-4.325630
4.619000	-4.325630
4.620000	-4.325630
4.621000	-4.840790
4.622000	-4.325630
4.623000	-4.325630
4.624000	-4.325630
4.625000	-4.325630
4.626000	-3.811530
4.627000	-4.325630
4.628000	-4.325630
4.629000	-3.811530
4.630000	-4.325630
4.631000	-3.811530
4.632000	-3.811530
4.633000	-4.325630
4.634000	-4.325630
4.635000	-4.840790
4.636000	-4.325630
4.637000	-4.325630
4.638000	-3.811530
4.639000	-3.297420
4.640000	-4.325630
4.641000	-3.811530
4.642000	-3.811530
4.643000	-3.811530
4.644000	-4.325630
4.645000	-4.840790
4.646000	-4.325630
4.647000	-4.325630
4.648000	-3.811530
4.649000	-3.811530
4.650000	-4.840790
4.651000	-3.811530
4.652000	-3.811530
4.653000	-4.325630
4.654000	-4.325630
4.655000	-4.325630
4.656000	-4.325630
4.657000	-3.811530
4.658000	-4.325630
4.659000	-4.325630
4.660000	-3.811530
4.661000	-4.840790
4.662000	-4.840790
4.663000	-4.840790
4.664000	-4.325630
4.665000	-4.840790
4.666000	-5.354890
4.667000	-4.840790
4.668000	-4.325630
4.669000	-4.325630
4.670000	-4.325630
4.671000	-4.325630
4.672000	-4.325630
4.673000	-3.811530
4.674000	-4.840790
4.675000	-4.325630
4.676000	-4.840790
4.677000	-4.325630
4.678000	-3.811530
4.679000	-4.325630
4.680000	-3.811530
4.681000	-4.325630
4.682000	-3.811530
4.683000	-4.325630
4.684000	-4.840790
4.685000	-4.325630
4.686000	-3.811530
4.687000	-4.325630
4.688000	-4.325630
4.689000	-3.811530
4.690000	-4.325630
4.691000	-3.811530
4.692000	-4.840790
4.693000	-3.811530
4.694000	-4.325630
4.695000	-4.840790
4.696000	-4.840790
4.697000	-3.811530
4.698000	-3.811530
4.699000	-4.325630
4.700000	-4.325630
4.701000	-3.811530
4.702000	-3.297420
4.703000	-3.811530
4.704000	-3.811530
4.705000	-4.325630
4.706000	-4.325630
4.707000	-5.354890
4.708000	-4.325630
4.709000	-4.840790
4.710000	-4.840790
4.711000	-4.840790
4.712000	-4.840790
4.713000	-4.325630
4.714000	-4.325630
4.715000	-3.811530
4.716000	-3.811530
4.717000	-4.325630
4.718000	-3.811530
4.719000	-4.325630
4.720000	-4.325630
4.721000	-4.325630
4.722000	-4.840790
4.723000	-4.325630
4.724000	-4.325630
4.725000	-4.325630
4.726000	-4.325630
4.727000	-4.325630
4.728000	-5.354890
4.729000	-4.840790
4.730000	-4.325630
4.731000	-4.325630
4.732000	-4.840790
4.733000	-3.811530
4.734000	-4.325630
4.735000	-4.325630
4.736000	-4.325630
4.737000	-3.811530
4.738000	-3.811530
4.739000	-3.297420
4.740000	-3.811530
4.741000	-3.811530
4.742000	-3.811530
4.743000	-3.297420
4.744000	-4.325630
4.745000	-3.811530
4.746000	-4.325630
4.747000	-4.325630
4.748000	-3.811530
4.749000	-3.811530
4.750000	-4.840790
4.751000	-4.325630
4.752000	-4.840790
4.753000	-4.325630
4.754000	-4.325630
4.755000	-4.325630
4.756000	-4.325630
4.757000	-3.297420
4.758000	-4.325630
4.759000	-4.325630
4.760000	-4.325630
4.761000	-4.325630
4.762000	-4.325630
4.763000	-4.325630
4.764000	-4.325630
4.765000	-4.325630
4.766000	-4.325630
4.767000	-3.811530
4.768000	-4.840790
4.769000	-3.811530
4.770000	-4.325630
4.771000	-4.325630
4.772000	-4.325630
4.773000	-4.325630
4.774000	-4.840790
4.775000	-4.325630
4.776000	-3.811530
4.777000	-4.840790
4.778000	-4.325630
4.779000	-4.325630
4.780000	-4.325630
4.781000	-3.811530
4.782000	-4.325630
4.783000	-3.811530
4.784000	-4.840790
4.785000	-4.325630
4.786000	-4.325630
4.787000	-4.325630
4.788000	-4.325630
4.789000	-4.325630
4.790000	-4.325630
4.791000	-4.325630
4.792000	-4.325630
4.793000	-4.325630
4.794000	-4.840790
4.795000	-4.325630
4.796000	-4.325630
4.797000	-4.325630
4.798000	-4.325630
4.799000	-3.297420
4.800000	-3.811530
4.801000	-4.325630
4.802000	-4.325630
4.803000	-3.811530
4.804000	-4.325630
4.805000	-4.325630
4.806000	-4.325630
4.807000	-3.811530
4.808000	-3.297420
4.809000	-4.325630
4.810000	-3.811530
4.811000	-4.840790
4.812000	-4.325630
4.813000	-4.840790
4.814000	-4.325630
4.815000	-4.325630
4.816000	-4.325630
4.817000	-4.325630
4.818000	-3.811530
4.819000	-3.811530
4.820000	-3.811530
4.821000	-4.325630
4.822000	-4.325630
4.823000	-4.325630
4.824000	-4.840790
4.825000	-4.325630
4.826000	-4.325630
4.827000	-4.325630
4.828000	-4.325630
4.829000	-4.325630
4.830000	-4.325630
4.831000	-4.325630
4.832000	-3.811530
4.833000	-4.325630
4.834000	-4.840790
4.835000	-4.840790
4.836000	-4.325630
4.837000	-4.325630
4.838000	-4.325630
4.839000	-4.325630
4.840000	-4.325630
4.841000	-4.325630
4.842000	-4.325630
4.843000	-4.325630
4.844000	-4.840790
4.845000	-4.840790
4.846000	-4.325630
4.847000	-4.325630
4.848000	-4.840790
4.849000	-3.811530
4.850000	-3.811530
4.851000	-4.840790
4.852000	-4.325630
4.853000	-3.811530
4.854000	-4.325630
4.855000	-4.325630
4.856000	-4.325630
4.857000	-4.325630
4.858000	-4.325630
4.859000	-4.325630
4.860000	-4.325630
4.861000	-4.325630
4.862000	-4.325630
4.863000	-4.325630
4.864000	-4.325630
4.865000	-4.325630
4.866000	-3.811530
4.867000	-4.325630
4.868000	-4.325630
4.869000	-4.325630
4.870000	-3.811530
4.871000	-4.840790
4.872000	-4.325630
4.873000	-4.325630
4.874000	-3.811530
4.875000	-4.840790
4.876000	-4.325630
4.877000	-3.811530
4.878000	-4.840790
4.879000	-4.840790
4.880000	-4.325630
4.881000	-3.811530
4.882000	-4.325630
4.883000	-3.811530
4.884000	-5.354890
4.885000	-4.325630
4.886000	-4.325630
4.887000	-4.840790
4.888000	-4.840790
4.889000	-4.325630
4.890000	-4.325630
4.891000	-4.325630
4.892000	-4.325630
4.893000	-3.811530
4.894000	-4.325630
4.895000	-4.325630
4.896000	-4.325630
4.897000	-4.840790
4.898000	-3.811530
4.899000	-3.811530
4.900000	-4.325630
4.901000	-4.325630
4.902000	-4.325630
4.903000	-3.811530
4.904000	-4.325630
4.905000	-4.325630
4.906000	-4.325630
4.907000	-4.325630
4.908000	-5.868990
4.909000	-4.840790
4.910000	-4.325630
4.911000	-4.325630
4.912000	-4.840790
4.913000	-3.811530
4.914000	-4.325630
4.915000	-3.811530
4.916000	-4.325630
4.917000	-3.811530
4.918000	-4.325630
4.919000	-4.325630
4.920000	-4.325630
4.921000	-4.325630
4.922000	-4.325630
4.923000	-4.325630
4.924000	-4.325630
4.925000	-4.840790
4.926000	-4.325630
4.927000	-4.325630
4.928000	-4.840790
4.929000	-4.840790
4.930000	-4.325630
4.931000	-3.811530
4.932000	-4.325630
4.933000	-4.325630
4.934000	-3.811530
4.935000	-4.325630
4.936000	-3.811530
4.937000	-3.811530
4.938000	-4.325630
4.939000	-4.325630
4.940000	-4.840790
4.941000	-4.325630
4.942000	-4.840790
4.943000	-3.811530
4.944000	-4.325630
4.945000	-4.325630
4.946000	-4.325630
4.947000	-3.811530
4.948000	-3.811530
4.949000	-4.325630
4.950000	-4.325630
4.951000	-4.840790
4.952000	-4.325630
4.953000	-4.840790
4.954000	-3.811530
4.955000	-4.325630
4.956000	-4.325630
4.957000	-4.325630
4.958000	-3.811530
4.959000	-4.325630
4.960000	-4.325630
4.961000	-4.325630
4.962000	-4.840790
4.963000	-3.811530
4.964000	-4.325630
4.965000	-3.297420
4.966000	-3.811530
4.967000	-3.811530
4.968000	-4.840790
4.969000	-4.325630
4.970000	-4.325630
4.971000	-4.325630
4.972000	-4.325630
4.973000	-4.325630
4.974000	-4.325630
4.975000	-4.325630
4.976000	-4.325630
4.977000	-3.811530
4.978000	-4.325630
4.979000	-4.840790
4.980000	-4.325630
4.981000	-4.325630
4.982000	-3.811530
4.983000	-4.840790
4.984000	-3.811530
4.985000	-4.840790
4.986000	-4.325630
4.987000	-4.325630
4.988000	-3.811530
4.989000	-4.325630
4.990000	-4.325630
4.991000	-4.325630
4.992000	-4.325630
4.993000	-4.325630
4.994000	-4.325630
4.995000	-4.325630
4.996000	-4.325630
4.997000	-4.325630
4.998000	-4.325630
4.999000	-3.811530
5.000000	-4.325630
5.001000	-4.325630
5.002000	-4.325630
5.003000	-4.325630
5.004000	-4.325630
5.005000	-5.354890
5.006000	-4.840790
5.007000	-4.325630
5.008000	-4.325630
5.009000	-4.325630
5.010000	-3.297420
5.011000	-3.811530
5.012000	-4.840790
5.013000	-4.325630
5.014000	-3.811530
5.015000	-4.325630
5.016000	-4.840790
5.017000	-4.325630
5.018000	-4.325630
5.019000	-4.325630
5.020000	-3.811530
5.021000	-4.325630
5.022000	-4.325630
5.023000	-4.325630
5.024000	-4.325630
5.025000	-4.325630
5.026000	-4.325630
5.027000	-4.325630
5.028000	-4.325630
5.029000	-4.325630
5.030000	-4.325630
5.031000	-4.840790
5.032000	-4.325630
5.033000	-4.325630
5.034000	-4.840790
5.035000	-4.840790
5.036000	-3.811530
5.037000	-4.325630
5.038000	-4.840790
5.039000	-3.811530
5.040000	-4.325630
5.041000	-3.811530
5.042000	-3.297420
5.043000	-3.811530
5.044000	-4.325630
5.045000	-4.840790
5.046000	-5.354890
5.047000	-4.840790
5.048000	-4.325630
5.049000	-4.325630
5.050000	-4.325630
5.051000	-4.325630
5.052000	-4.325630
5.053000	-4.840790
5.054000	-3.811530
5.055000	-3.811530
5.056000	-4.325630
5.057000	-4.325630
5.058000	-4.325630
5.059000	-4.325630
5.060000	-4.325630
5.061000	-3.811530
5.062000	-4.325630
5.063000	-4.325630
5.064000	-4.325630
5.065000	-4.325630
5.066000	-4.840790
5.067000	-4.840790
5.068000	-4.325630
5.069000	-4.840790
5.070000	-4.325630
5.071000	-4.325630
5.072000	-4.840790
5.073000	-4.325630
5.074000	-4.840790
5.075000	-4.325630
5.076000	-3.811530
5.077000	-4.840790
5.078000	-4.325630
5.079000	-3.811530
5.080000	-4.325630
5.081000	-4.840790
5.082000	-3.811530
5.083000	-4.325630
5.084000	-4.325630
5.085000	-3.811530
5.086000	-3.297420
5.087000	-4.325630
5.088000	-3.811530
5.089000	-4.325630
5.090000	-4.840790
5.091000	-4.325630
5.092000	-4.325630
5.093000	-3.811530
5.094000	-4.325630
5.095000	-4.840790
5.096000	-4.840790
5.097000	-4.325630
5.098000	-4.325630
5.099000	-4.840790
5.100000	-4.325630
5.101000	-4.840790
5.102000	-4.325630
5.103000	-4.325630
5.104000	-4.325630
5.105000	-4.325630
5.106000	-4.325630
5.107000	-4.325630
5.108000	-4.325630
5.109000	-3.297420
5.110000	-4.325630
5.111000	-4.325630
5.112000	-4.840790
5.113000	-3.811530
5.114000	-4.325630
5.115000	-4.325630
5.116000	-3.811530
5.117000	-4.325630
5.118000	-4.840790
5.119000	-4.325630
5.120000	-3.811530
5.121000	-3.811530
5.122000	-3.811530
5.123000	-3.811530
5.124000	-3.811530
5.125000	-4.325630
5.126000	-3.811530
5.127000	-3.811530
5.128000	-4.325630
5.129000	-4.325630
5.130000	-4.325630
5.131000	-4.840790
5.132000	-4.325630
5.133000	-4.325630
5.134000	-4.840790
5.135000	-4.325630
5.136000	-4.325630
5.137000	-4.325630
5.138000	-3.811530
5.139000	-4.325630
5.140000	-4.325630
5.141000	-3.811530
5.142000	-3.811530
5.143000	-3.811530
5.144000	-4.325630
5.145000	-3.811530
5.146000	-3.811530
5.147000	-3.811530
5.148000	-3.811530
5.149000	-4.325630
5.150000	-4.840790
5.151000	-5.354890
5.152000	-4.325630
5.153000	-4.840790
5.154000	-4.325630
5.155000	-4.325630
5.156000	-3.811530
5.157000	-4.840790
5.158000	-3.811530
5.159000	-3.297420
5.160000	-3.811530
5.161000	-4.840790
5.162000	-4.325630
5.163000	-4.325630
5.164000	-3.811530
5.165000	-4.325630
5.166000	-3.811530
5.167000	-4.325630
5.168000	-4.325630
5.169000	-4.325630
5.170000	-3.811530
5.171000	-3.811530
5.172000	-4.325630
5.173000	-4.325630
5.174000	-4.840790
5.175000	-4.325630
5.176000	-3.297420
5.177000	-4.325630
5.178000	-4.840790
5.179000	-4.325630
5.180000	-3.811530
5.181000	-3.811530
5.182000	-4.325630
5.183000	-4.325630
5.184000	-3.811530
5.185000	-4.325630
5.186000	-4.325630
5.187000	-4.325630
5.188000	-4.325630
5.189000	-4.325630
5.190000	-4.840790
5.191000	-4.325630
5.192000	-3.811530
5.193000	-4.325630
5.194000	-4.840790
5.195000	-4.325630
5.196000	-4.840790
5.197000	-4.325630
5.198000	-4.840790
5.199000	-4.325630
5.200000	-4.840790
5.201000	-4.840790
5.202000	-4.325630
5.203000	-3.811530
5.204000	-3.811530
5.205000	-4.325630
5.206000	-4.325630
5.207000	-4.325630
5.208000	-3.811530
5.209000	-4.325630
5.210000	-4.325630
5.211000	-3.811530
5.212000	-4.840790
5.213000	-4.840790
5.214000	-3.811530
5.215000	-4.325630
5.216000	-4.840790
5.217000	-4.325630
5.218000	-4.325630
5.219000	-4.840790
5.220000	-4.325630
5.221000	-4.325630
5.222000	-4.325630
5.223000	-4.325630
5.224000	-4.840790
5.225000	-4.325630
5.226000	-3.811530
5.227000	-3.811530
5.228000	-3.811530
5.229000	-3.811530
5.230000	-3.297420
5.231000	-3.811530
5.232000	-3.811530
5.233000	-3.811530
5.234000	-4.840790
5.235000	-4.325630
5.236000	-4.840790
5.237000	-4.325630
5.238000	-4.325630
5.239000	-4.325630
5.240000	-4.840790
5.241000	-4.840790
5.242000	-3.811530
5.243000	-3.811530
5.244000	-4.325630
5.245000	-4.325630
5.246000	-4.325630
5.247000	-3.811530
5.248000	-3.297420
5.249000	-3.811530
5.250000	-4.325630
5.251000	-4.325630
5.252000	-4.325630
5.253000	-4.325630
5.254000	-4.840790
5.255000	-4.325630
5.256000	-4.325630
5.257000	-4.325630
5.258000	-4.840790
5.259000	-4.325630
5.260000	-3.811530
5.261000	-3.811530
5.262000	-4.325630
5.263000	-4.325630
5.264000	-4.325630
5.265000	-4.325630
5.266000	-3.811530
5.267000	-4.325630
5.268000	-4.325630
5.269000	-4.325630
5.270000	-4.840790
5.271000	-4.840790
5.272000	-4.840790
5.273000	-4.325630
5.274000	-4.325630
5.275000	-4.325630
5.276000	-3.811530
5.277000	-3.811530
5.278000	-4.325630
5.279000	-4.840790
5.280000	-4.840790
5.281000	-5.354890
5.282000	-4.325630
5.283000	-3.811530
5.284000	-4.840790
5.285000	-3.811530
5.286000	-4.325630
5.287000	-3.811530
5.288000	-4.325630
5.289000	-4.325630
5.290000	-4.325630
5.291000	-4.325630
5.292000	-4.325630
5.293000	-3.297420
5.294000	-4.325630
5.295000	-4.325630
5.296000	-4.840790
5.297000	-4.325630
5.298000	-4.325630
5.299000	-4.325630
5.300000	-4.840790
5.301000	-4.840790
5.302000	-4.325630
5.303000	-4.840790
5.304000	-4.325630
5.305000	-4.325630
5.306000	-3.811530
5.307000	-4.840790
5.308000	-4.840790
5.309000	-4.325630
5.310000	-4.325630
5.311000	-4.325630
5.312000	-4.325630
5.313000	-4.325630
5.314000	-4.325630
5.315000	-3.811530
5.316000	-4.325630
5.317000	-4.325630
5.318000	-4.840790
5.319000	-3.811530
5.320000	-4.840790
5.321000	-4.325630
5.322000	-4.325630
5.323000	-4.840790
5.324000	-4.325630
5.325000	-4.325630
5.326000	-4.325630
5.327000	-4.325630
5.328000	-4.325630
5.329000	-3.811530
5.330000	-3.811530
5.331000	-4.325630
5.332000	-4.325630
5.333000	-4.325630
5.334000	-4.840790
5.335000	-4.325630
5.336000	-4.325630
5.337000	-4.325630
5.338000	-3.811530
5.339000	-4.325630
5.340000	-4.325630
5.341000	-5.354890
5.342000	-4.325630
5.343000	-4.325630
5.344000	-4.325630
5.345000	-4.325630
5.346000	-4.325630
5.347000	-3.811530
5.348000	-4.840790
5.349000	-3.811530
5.350000	-4.325630
5.351000	-4.840790
5.352000	-4.325630
5.353000	-4.325630
5.354000	-3.811530
5.355000	-4.325630
5.356000	-4.325630
5.357000	-4.325630
5.358000	-4.325630
5.359000	-4.840790
5.360000	-4.325630
5.361000	-4.325630
5.362000	-4.325630
5.363000	-4.325630
5.364000	-4.325630
5.365000	-4.325630
5.366000	-4.325630
5.367000	-4.325630
5.368000	-4.840790
5.369000	-4.325630
5.370000	-4.325630
5.371000	-3.811530
5.372000	-5.354890
5.373000	-3.811530
5.374000	-4.325630
5.375000	-4.840790
5.376000	-3.811530
5.377000	-4.325630
5.378000	-4.325630
5.379000	-3.811530
5.380000	-3.811530
5.381000	-3.811530
5.382000	-4.325630
5.383000	-3.811530
5.384000	-4.325630
5.385000	-4.325630
5.386000	-3.811530
5.387000	-3.811530
5.388000	-3.811530
5.389000	-3.811530
5.390000	-4.325630
5.391000	-4.840790
5.392000	-4.840790
5.393000	-3.297420
5.394000	-4.325630
5.395000	-4.325630
5.396000	-5.354890
5.397000	-4.325630
5.398000	-4.325630
5.399000	-4.840790
5.400000	-4.840790
5.401000	-5.354890
5.402000	-3.811530
5.403000	-3.811530
5.404000	-4.325630
5.405000	-3.811530
5.406000	-4.325630
5.407000	-4.325630
5.408000	-4.325630
5.409000	-4.325630
5.410000	-4.325630
5.411000	-4.325630
5.412000	-4.325630
5.413000	-4.840790
5.414000	-4.325630
5.415000	-4.840790
5.416000	-4.325630
5.417000	-4.325630
5.418000	-4.325630
5.419000	-4.840790
5.420000	-3.811530
5.421000	-4.325630
5.422000	-3.811530
5.423000	-3.811530
5.424000	-4.325630
5.425000	-4.325630
5.426000	-4.325630
5.427000	-3.811530
5.428000	-4.325630
5.429000	-3.811530
5.430000	-3.811530
5.431000	-3.297420
5.432000	-4.325630
5.433000	-4.325630
5.434000	-4.325630
5.435000	-4.325630
5.436000	-4.325630
5.437000	-3.811530
5.438000	-4.840790
5.439000	-3.811530
5.440000	-4.325630
5.441000	-4.325630
5.442000	-3.811530
5.443000	-3.811530
5.444000	-4.325630
5.445000	-4.325630
5.446000	-4.325630
5.447000	-4.325630
5.448000	-4.840790
5.449000	-3.811530
5.450000	-3.811530
5.451000	-4.840790
5.452000	-3.811530
5.453000	-4.325630
5.454000	-3.811530
5.455000	-5.354890
5.456000	-4.325630
5.457000	-4.325630
5.458000	-4.325630
5.459000	-4.325630
5.460000	-4.325630
5.461000	-4.325630
5.462000	-4.325630
5.463000	-3.811530
5.464000	-4.325630
5.465000	-4.325630
5.466000	-4.840790
5.467000	-4.325630
5.468000	-4.840790
5.469000	-4.325630
5.470000	-4.325630
5.471000	-4.325630
5.472000	-4.840790
5.473000	-4.325630
5.474000	-4.840790
5.475000	-4.325630
5.476000	-4.325630
5.477000	-4.325630
5.478000	-4.840790
5.479000	-4.325630
5.480000	-4.325630
5.481000	-4.325630
5.482000	-4.325630
5.483000	-4.325630
5.484000	-4.325630
5.485000	-4.325630
5.486000	-4.325630
5.487000	-3.811530
5.488000	-4.325630
5.489000	-4.325630
5.490000	-4.325630
5.491000	-4.325630
5.492000	-3.811530
5.493000	-3.811530
5.494000	-3.811530
5.495000	-3.811530
5.496000	-4.325630
5.497000	-4.840790
5.498000	-3.811530
5.499000	-4.325630
