-0.500000	0.159842
-0.499000	0.248785
-0.498000	0.159842
-0.497000	0.248785
-0.496000	0.248785
-0.495000	0.159842
-0.494000	0.248785
-0.493000	0.159842
-0.492000	0.248785
-0.491000	0.159842
-0.490000	0.248785
-0.489000	0.248785
-0.488000	0.337728
-0.487000	0.159842
-0.486000	0.248785
-0.485000	0.070717
-0.484000	0.248785
-0.483000	0.248785
-0.482000	0.159842
-0.481000	0.159842
-0.480000	0.248785
-0.479000	0.159842
-0.478000	0.159842
-0.477000	0.248785
-0.476000	0.248785
-0.475000	0.248785
-0.474000	0.248785
-0.473000	0.337728
-0.472000	0.248785
-0.471000	0.248785
-0.470000	0.337728
-0.469000	0.337728
-0.468000	0.248785
-0.467000	0.070717
-0.466000	0.337728
-0.465000	0.248785
-0.464000	0.248785
-0.463000	0.159842
-0.462000	0.159842
-0.461000	0.159842
-0.460000	0.248785
-0.459000	0.159842
-0.458000	0.159842
-0.457000	0.248785
-0.456000	0.337728
-0.455000	0.248785
-0.454000	0.337728
-0.453000	0.337728
-0.452000	0.159842
-0.451000	0.070717
-0.450000	0.159842
-0.449000	0.159842
-0.448000	0.070717
-0.447000	0.159842
-0.446000	0.159842
-0.445000	0.159842
-0.444000	0.070717
-0.443000	0.159842
-0.442000	0.159842
-0.441000	0.159842
-0.440000	0.248785
-0.439000	0.248785
-0.438000	0.159842
-0.437000	0.337728
-0.436000	0.248785
-0.435000	0.070717
-0.434000	0.070717
-0.433000	0.070717
-0.432000	0.159842
-0.431000	0.159842
-0.430000	0.070717
-0.429000	0.159842
-0.428000	0.070717
-0.427000	0.070717
-0.426000	0.159842
-0.425000	0.159842
-0.424000	0.159842
-0.423000	0.159842
-0.422000	0.159842
-0.421000	0.159842
-0.420000	0.248785
-0.419000	0.248785
-0.418000	0.159842
-0.417000	0.070717
-0.416000	0.159842
-0.415000	0.070717
-0.414000	0.248785
-0.413000	0.070717
-0.412000	0.070717
-0.411000	0.070717
-0.410000	0.159842
-0.409000	0.070717
-0.408000	0.159842
-0.407000	0.159842
-0.406000	0.159842
-0.405000	0.248785
-0.404000	0.159842
-0.403000	0.159842
-0.402000	0.159842
-0.401000	0.070717
-0.400000	0.159842
-0.399000	0.159842
-0.398000	0.070717
-0.397000	0.248785
-0.396000	0.070717
-0.395000	-0.018226
-0.394000	0.159842
-0.393000	0.159842
-0.392000	0.159842
-0.391000	0.159842
-0.390000	0.070717
-0.389000	0.159842
-0.388000	0.159842
-0.387000	0.248785
-0.386000	0.159842
-0.385000	0.070717
-0.384000	0.070717
-0.383000	0.159842
-0.382000	0.159842
-0.381000	0.159842
-0.380000	-0.018226
-0.379000	0.070717
-0.378000	0.159842
-0.377000	0.159842
-0.376000	0.070717
-0.375000	0.248785
-0.374000	0.248785
-0.373000	0.070717
-0.372000	0.159842
-0.371000	0.159842
-0.370000	0.337728
-0.369000	0.248785
-0.368000	0.070717
-0.367000	-0.018226
-0.366000	0.070717
-0.365000	0.070717
-0.364000	0.159842
-0.363000	0.159842
-0.362000	-0.018226
-0.361000	0.070717
-0.360000	0.159842
-0.359000	0.248785
-0.358000	0.159842
-0.357000	0.159842
-0.356000	0.159842
-0.355000	0.159842
-0.354000	0.337728
-0.353000	0.337728
-0.352000	0.248785
-0.351000	0.070717
-0.350000	0.159842
-0.349000	0.159842
-0.348000	0.159842
-0.347000	0.248785
-0.346000	0.337728
-0.345000	0.248785
-0.344000	0.159842
-0.343000	0.159842
-0.342000	0.337728
-0.341000	0.248785
-0.340000	0.159842
-0.339000	0.248785
-0.338000	0.248785
-0.337000	0.248785
-0.336000	0.159842
-0.335000	0.248785
-0.334000	0.070717
-0.333000	0.159842
-0.332000	0.248785
-0.331000	0.159842
-0.330000	0.159842
-0.329000	0.159842
-0.328000	0.070717
-0.327000	0.159842
-0.326000	0.248785
-0.325000	0.248785
-0.324000	0.248785
-0.323000	0.159842
-0.322000	0.337728
-0.321000	0.248785
-0.320000	0.337728
-0.319000	0.248785
-0.318000	0.248785
-0.317000	0.159842
-0.316000	0.159842
-0.315000	0.159842
-0.314000	0.248785
-0.313000	0.248785
-0.312000	0.159842
-0.311000	0.159842
-0.310000	0.159842
-0.309000	0.337728
-0.308000	0.248785
-0.307000	0.248785
-0.306000	0.159842
-0.305000	0.248785
-0.304000	0.248785
-0.303000	0.248785
-0.302000	0.159842
-0.301000	0.248785
-0.300000	0.159842
-0.299000	0.248785
-0.298000	0.159842
-0.297000	0.248785
-0.296000	0.159842
-0.295000	0.159842
-0.294000	0.248785
-0.293000	0.248785
-0.292000	0.248785
-0.291000	0.248785
-0.290000	0.248785
-0.289000	0.248785
-0.288000	0.248785
-0.287000	0.248785
-0.286000	0.248785
-0.285000	0.070717
-0.284000	0.248785
-0.283000	0.248785
-0.282000	0.070717
-0.281000	0.248785
-0.280000	0.159842
-0.279000	0.159842
-0.278000	0.248785
-0.277000	0.248785
-0.276000	0.337728
-0.275000	0.159842
-0.274000	0.337728
-0.273000	0.159842
-0.272000	0.159842
-0.271000	0.159842
-0.270000	0.248785
-0.269000	0.159842
-0.268000	0.159842
-0.267000	0.070717
-0.266000	-0.018226
-0.265000	0.159842
-0.264000	0.159842
-0.263000	0.159842
-0.262000	0.070717
-0.261000	0.070717
-0.260000	0.248785
-0.259000	0.248785
-0.258000	0.248785
-0.257000	0.159842
-0.256000	0.159842
-0.255000	0.248785
-0.254000	0.248785
-0.253000	0.248785
-0.252000	0.248785
-0.251000	0.070717
-0.250000	0.159842
-0.249000	0.159842
-0.248000	0.159842
-0.247000	0.159842
-0.246000	0.159842
-0.245000	0.159842
-0.244000	0.159842
-0.243000	0.159842
-0.242000	0.337728
-0.241000	0.248785
-0.240000	0.159842
-0.239000	0.159842
-0.238000	0.159842
-0.237000	0.248785
-0.236000	0.159842
-0.235000	0.159842
-0.234000	0.070717
-0.233000	0.070717
-0.232000	0.070717
-0.231000	0.159842
-0.230000	0.070717
-0.229000	0.070717
-0.228000	0.070717
-0.227000	0.070717
-0.226000	0.159842
-0.225000	0.070717
-0.224000	0.159842
-0.223000	0.159842
-0.222000	0.070717
-0.221000	0.159842
-0.220000	0.337728
-0.219000	0.159842
-0.218000	0.070717
-0.217000	0.070717
-0.216000	0.159842
-0.215000	0.070717
-0.214000	0.070717
-0.213000	0.070717
-0.212000	0.070717
-0.211000	0.070717
-0.210000	0.159842
-0.209000	0.337728
-0.208000	0.159842
-0.207000	0.248785
-0.206000	0.159842
-0.205000	0.159842
-0.204000	0.248785
-0.203000	0.248785
-0.202000	0.070717
-0.201000	-0.018226
-0.200000	0.159842
-0.199000	0.070717
-0.198000	0.159842
-0.197000	0.159842
-0.196000	0.070717
-0.195000	0.070717
-0.194000	0.159842
-0.193000	0.248785
-0.192000	0.159842
-0.191000	0.070717
-0.190000	0.159842
-0.189000	0.159842
-0.188000	0.159842
-0.187000	0.159842
-0.186000	0.248785
-0.185000	0.159842
-0.184000	0.070717
-0.183000	-0.018226
-0.182000	0.159842
-0.181000	0.070717
-0.180000	0.159842
-0.179000	0.070717
-0.178000	0.070717
-0.177000	0.248785
-0.176000	0.248785
-0.175000	0.159842
-0.174000	0.159842
-0.173000	0.248785
-0.172000	0.159842
-0.171000	0.159842
-0.170000	0.248785
-0.169000	0.248785
-0.168000	0.159842
-0.167000	0.070717
-0.166000	0.070717
-0.165000	0.070717
-0.164000	0.248785
-0.163000	0.159842
-0.162000	0.070717
-0.161000	0.070717
-0.160000	0.248785
-0.159000	0.248785
-0.158000	0.159842
-0.157000	0.159842
-0.156000	0.159842
-0.155000	0.159842
-0.154000	0.248785
-0.153000	0.248785
-0.152000	0.248785
-0.151000	0.159842
-0.150000	0.159842
-0.149000	0.070717
-0.148000	0.159842
-0.147000	0.337728
-0.146000	0.248785
-0.145000	0.159842
-0.144000	0.159842
-0.143000	0.248785
-0.142000	0.337728
-0.141000	0.426671
-0.140000	0.248785
-0.139000	0.248785
-0.138000	0.159842
-0.137000	0.337728
-0.136000	0.337728
-0.135000	0.159842
-0.134000	0.159842
-0.133000	0.159842
-0.132000	0.159842
-0.131000	0.159842
-0.130000	0.248785
-0.129000	0.070717
-0.128000	0.159842
-0.127000	0.159842
-0.126000	0.337728
-0.125000	0.248785
-0.124000	0.248785
-0.123000	0.248785
-0.122000	0.159842
-0.121000	0.248785
-0.120000	0.337728
-0.119000	0.248785
-0.118000	0.159842
-0.117000	0.159842
-0.116000	0.070717
-0.115000	0.248785
-0.114000	0.248785
-0.113000	0.337728
-0.112000	0.159842
-0.111000	0.248785
-0.110000	0.159842
-0.109000	0.159842
-0.108000	0.248785
-0.107000	0.337728
-0.106000	0.159842
-0.105000	0.248785
-0.104000	0.248785
-0.103000	0.337728
-0.102000	0.159842
-0.101000	0.248785
-0.100000	0.337728
-0.099000	0.070717
-0.098000	0.159842
-0.097000	0.248785
-0.096000	0.159842
-0.095000	0.248785
-0.094000	0.159842
-0.093000	0.337728
-0.092000	0.337728
-0.091000	0.248785
-0.090000	0.337728
-0.089000	0.159842
-0.088000	0.248785
-0.087000	0.248785
-0.086000	0.337728
-0.085000	0.159842
-0.084000	0.070717
-0.083000	0.337728
-0.082000	0.159842
-0.081000	0.159842
-0.080000	0.159842
-0.079000	0.159842
-0.078000	0.159842
-0.077000	0.159842
-0.076000	0.248785
-0.075000	0.248785
-0.074000	0.248785
-0.073000	0.159842
-0.072000	0.159842
-0.071000	0.248785
-0.070000	0.337728
-0.069000	0.248785
-0.068000	0.159842
-0.067000	-0.018226
-0.066000	0.159842
-0.065000	0.070717
-0.064000	0.159842
-0.063000	0.070717
-0.062000	-0.018226
-0.061000	0.070717
-0.060000	0.159842
-0.059000	0.159842
-0.058000	0.248785
-0.057000	0.159842
-0.056000	0.159842
-0.055000	0.070717
-0.054000	0.337728
-0.053000	0.248785
-0.052000	0.070717
-0.051000	0.248785
-0.050000	0.070717
-0.049000	-0.107169
-0.048000	-0.018226
-0.047000	0.159842
-0.046000	-0.107169
-0.045000	0.070717
-0.044000	0.070717
-0.043000	0.070717
-0.042000	0.070717
-0.041000	0.159842
-0.040000	0.070717
-0.039000	0.159842
-0.038000	0.337728
-0.037000	0.426671
-0.036000	0.604739
-0.035000	0.604739
-0.034000	0.515796
-0.033000	0.426671
-0.032000	0.782807
-0.031000	0.693682
-0.030000	0.871750
-0.029000	0.782807
-0.028000	0.871750
-0.027000	0.782807
-0.026000	0.871750
-0.025000	1.138760
-0.024000	1.227700
-0.023000	0.960692
-0.022000	0.693682
-0.021000	0.515796
-0.020000	0.782807
-0.019000	0.159842
-0.018000	0.604739
-0.017000	2.473630
-0.016000	2.829590
-0.015000	1.138760
-0.014000	0.426671
-0.013000	0.782807
-0.012000	-0.018226
-0.011000	-0.908202
-0.010000	0.070717
-0.009000	1.672600
-0.008000	2.384690
-0.007000	1.672600
-0.006000	0.248785
-0.005000	-0.285237
-0.004000	-0.285237
-0.003000	-0.107169
-0.002000	0.426671
-0.001000	0.960692
0.000000	1.494710
0.001000	0.782807
0.002000	-0.196294
0.003000	-0.730134
0.004000	-0.908202
0.005000	-0.641191
0.006000	0.515796
0.007000	1.494710
0.008000	0.604739
0.009000	0.248785
0.010000	0.159842
0.011000	-0.196294
0.012000	-0.196294
0.013000	0.871750
0.014000	1.850670
0.015000	1.672600
0.016000	0.871750
0.017000	0.515796
0.018000	0.960692
0.019000	1.227700
0.020000	1.049640
0.021000	-1.798180
0.022000	4.253580
0.023000	1.939610
0.024000	1.672600
0.025000	2.473630
0.026000	0.782807
0.027000	1.138760
0.028000	0.693682
0.029000	2.028550
0.030000	3.897450
0.031000	0.960692
0.032000	-2.510080
0.033000	-0.374180
0.034000	2.562580
0.035000	1.494710
0.036000	-0.107169
0.037000	-0.463123
0.038000	0.248785
0.039000	1.049640
0.040000	0.426671
0.041000	0.248785
0.042000	0.871750
0.043000	1.138760
0.044000	0.604739
0.045000	0.070717
0.046000	-0.196294
0.047000	0.515796
0.048000	1.583660
0.049000	1.850670
0.050000	1.583660
0.051000	1.138760
0.052000	1.405770
0.053000	0.782807
0.054000	1.494710
0.055000	3.719560
0.056000	2.473630
0.057000	2.384690
0.058000	2.384690
0.059000	1.583660
0.060000	2.028550
0.061000	1.405770
0.062000	1.494710
0.063000	2.117680
0.064000	2.295560
0.065000	1.939610
0.066000	1.672600
0.067000	0.604739
0.068000	2.651520
0.069000	2.829590
0.070000	3.274480
0.071000	3.007650
0.072000	-0.107169
0.073000	-0.107169
0.074000	2.028550
0.075000	3.630620
0.076000	1.049640
0.077000	0.515796
0.078000	2.117680
0.079000	5.143380
0.080000	2.829590
0.081000	1.761730
0.082000	1.939610
0.083000	0.960692
0.084000	1.672600
0.085000	2.829590
0.086000	1.405770
0.087000	2.562580
0.088000	1.850670
0.089000	-0.463123
0.090000	1.939610
0.091000	2.740640
0.092000	4.520410
0.093000	0.960692
0.094000	2.651520
0.095000	3.363610
0.096000	3.897450
0.097000	3.897450
0.098000	5.232500
0.099000	14.754900
0.100000	1.138760
0.101000	31.396700
0.102000	-18.440001
0.103000	-7.671690
0.104000	20.628401
0.105000	2.295560
0.106000	-7.582750
0.107000	0.337728
0.108000	1.850670
0.109000	8.970110
0.110000	15.822700
0.111000	3.185540
0.112000	-6.158750
0.113000	-13.812400
0.114000	27.036100
0.115000	-7.849760
0.116000	-21.732901
0.117000	-0.552248
0.118000	-1.798180
0.119000	-1.086090
0.120000	-5.446840
0.121000	-5.090890
0.122000	4.253580
0.123000	9.949210
0.124000	-0.107169
0.125000	-14.079200
0.126000	-5.624910
0.127000	7.635240
0.128000	1.494710
0.129000	-5.713850
0.130000	-1.531170
0.131000	3.808500
0.132000	2.295560
0.133000	0.871750
0.134000	1.494710
0.135000	2.918530
0.136000	7.991190
0.137000	4.787420
0.138000	-15.325100
0.139000	3.719560
0.140000	14.220800
0.141000	10.839000
0.142000	-3.133050
0.143000	-2.065010
0.144000	4.787420
0.145000	8.080310
0.146000	7.546290
0.147000	2.295560
0.148000	2.028550
0.149000	3.452550
0.150000	2.651520
0.151000	0.337728
0.152000	1.494710
0.153000	4.164460
0.154000	4.164460
0.155000	-0.463123
0.156000	0.159842
0.157000	-2.154130
0.158000	-0.997144
0.159000	0.337728
0.160000	-2.599030
0.161000	3.007650
0.162000	2.206620
0.163000	-0.196294
0.164000	0.693682
0.165000	-0.196294
0.166000	0.426671
0.167000	1.672600
0.168000	-0.641191
0.169000	-0.730134
0.170000	-0.997144
0.171000	-4.645990
0.172000	-3.133050
0.173000	-0.285237
0.174000	-1.353100
0.175000	-0.730134
0.176000	1.672600
0.177000	3.452550
0.178000	-4.556860
0.179000	-3.933900
0.180000	0.782807
0.181000	5.766340
0.182000	-1.353100
0.183000	-2.510080
0.184000	0.248785
0.185000	0.871750
0.186000	-1.442220
0.187000	-7.404680
0.188000	-2.866040
0.189000	0.782807
0.190000	1.850670
0.191000	-0.018226
0.192000	-4.023020
0.193000	-0.196294
0.194000	2.384690
0.195000	2.117680
0.196000	-0.463123
0.197000	-1.620110
0.198000	1.850670
0.199000	1.049640
0.200000	-0.374180
0.201000	-2.687970
0.202000	0.337728
0.203000	4.342530
0.204000	-0.997144
0.205000	-1.353100
0.206000	-2.154130
0.207000	3.541490
0.208000	5.232500
0.209000	5.054430
0.210000	4.075520
0.211000	3.986570
0.212000	4.253580
0.213000	1.939610
0.214000	1.138760
0.215000	0.604739
0.216000	0.960692
0.217000	1.850670
0.218000	0.337728
0.219000	-0.730134
0.220000	2.206620
0.221000	1.227700
0.222000	0.159842
0.223000	3.452550
0.224000	0.693682
0.225000	-0.997144
0.226000	-0.107169
0.227000	1.227700
0.228000	-0.641191
0.229000	-1.709050
0.230000	-2.332020
0.231000	-2.154130
0.232000	-2.599030
0.233000	-3.133050
0.234000	-4.023020
0.235000	-3.667070
0.236000	-1.709050
0.237000	0.070717
0.238000	-0.285237
0.239000	-3.310940
0.240000	-3.577950
0.241000	-2.332020
0.242000	-2.599030
0.243000	-0.196294
0.244000	-2.777100
0.245000	-4.023020
0.246000	-3.489000
0.247000	-1.531170
0.248000	0.782807
0.249000	-0.107169
0.250000	-0.463123
0.251000	-2.510080
0.252000	-2.687970
0.253000	-3.310940
0.254000	1.583660
0.255000	7.546290
0.256000	2.562580
0.257000	-4.467920
0.258000	-1.798180
0.259000	6.567370
0.260000	7.190340
0.261000	0.693682
0.262000	-0.997144
0.263000	0.426671
0.264000	4.609540
0.265000	-3.310940
0.266000	6.389310
0.267000	6.300360
0.268000	-2.599030
0.269000	-1.264160
0.270000	6.656320
0.271000	4.164460
0.272000	0.960692
0.273000	2.384690
0.274000	1.494710
0.275000	6.567370
0.276000	4.698480
0.277000	0.070717
0.278000	-3.577950
0.279000	-4.023020
0.280000	12.707900
0.281000	-2.332020
0.282000	-5.090890
0.283000	-2.065010
0.284000	-4.378980
0.285000	-4.912820
0.286000	-3.667070
0.287000	0.337728
0.288000	-0.819259
0.289000	-5.090890
0.290000	-3.756010
0.291000	-4.556860
0.292000	-2.421140
0.293000	1.227700
0.294000	0.070717
0.295000	-2.332020
0.296000	-4.467920
0.297000	-4.111970
0.298000	0.159842
0.299000	1.049640
0.300000	-5.802790
0.301000	-7.938700
0.302000	-4.556860
0.303000	-3.221990
0.304000	-6.603830
0.305000	-5.268950
0.306000	-2.332020
0.307000	-1.798180
0.308000	-5.090890
0.309000	-6.425760
0.310000	-5.179830
0.311000	-2.065010
0.312000	0.515796
0.313000	1.316650
0.314000	1.583660
0.315000	-0.641191
0.316000	-0.908202
0.317000	-0.641191
0.318000	4.787420
0.319000	4.431470
0.320000	2.384690
0.321000	3.808500
0.322000	-0.107169
0.323000	-0.819259
0.324000	1.583660
0.325000	3.274480
0.326000	2.829590
0.327000	3.630620
0.328000	-3.577950
0.329000	-12.032400
0.330000	18.848600
0.331000	4.787420
0.332000	-19.864000
0.333000	-16.749100
0.334000	3.274480
0.335000	6.745260
0.336000	9.148180
0.337000	-2.599030
0.338000	-4.645990
0.339000	7.368230
0.340000	14.220800
0.341000	3.808500
0.342000	-0.730134
0.343000	-18.618000
0.344000	19.382401
0.345000	45.724800
0.346000	12.263000
0.347000	-14.435400
0.348000	-3.044110
0.349000	6.567370
0.350000	-2.154130
0.351000	-8.205710
0.352000	13.241900
0.353000	20.450500
0.354000	17.246700
0.355000	-8.472720
0.356000	-17.906099
0.357000	8.881170
0.358000	25.879101
0.359000	11.462000
0.360000	1.494710
0.361000	7.279280
0.362000	-8.472720
0.363000	-2.777100
0.364000	15.021900
0.365000	2.562580
0.366000	-15.681300
0.367000	-2.866040
0.368000	6.834390
0.369000	20.183500
0.370000	15.733800
0.371000	4.520410
0.372000	8.881170
0.373000	20.450500
0.374000	4.342530
0.375000	-11.142500
0.376000	-8.472720
0.377000	3.719560
0.378000	14.843800
0.379000	10.483000
0.380000	4.342530
0.381000	1.583660
0.382000	-4.111970
0.383000	-4.823880
0.384000	-4.912820
0.385000	-2.243070
0.386000	-2.421140
0.387000	0.782807
0.388000	7.101400
0.389000	1.049640
0.390000	-1.887120
0.391000	-2.421140
0.392000	-5.357900
0.393000	-6.603830
0.394000	-0.463123
0.395000	1.138760
0.396000	-5.179830
0.397000	-8.027640
0.398000	-13.367300
0.399000	-17.461100
0.400000	-7.493800
0.401000	1.227700
0.402000	-0.819259
0.403000	-5.624910
0.404000	-10.697600
0.405000	-13.367300
0.406000	-3.044110
0.407000	6.211420
0.408000	1.761730
0.409000	-4.912820
0.410000	-10.163500
0.411000	-11.587500
0.412000	-7.315730
0.413000	-3.221990
0.414000	-1.086090
0.415000	2.295560
0.416000	-2.599030
0.417000	-9.540580
0.418000	-6.959780
0.419000	1.494710
0.420000	3.897450
0.421000	6.389310
0.422000	3.541490
0.423000	-1.442220
0.424000	-1.353100
0.425000	2.384690
0.426000	6.834390
0.427000	8.347140
0.428000	1.583660
0.429000	-0.908202
0.430000	0.693682
0.431000	0.960692
0.432000	2.829590
0.433000	9.148180
0.434000	10.750100
0.435000	9.059230
0.436000	6.033350
0.437000	4.609540
0.438000	7.635240
0.439000	13.419800
0.440000	9.148180
0.441000	6.834390
0.442000	2.740640
0.443000	0.960692
0.444000	3.986570
0.445000	5.143380
0.446000	6.834390
0.447000	8.436270
0.448000	6.834390
0.449000	5.677400
0.450000	5.766340
0.451000	2.651520
0.452000	4.075520
0.453000	6.745260
0.454000	8.347140
0.455000	7.279280
0.456000	1.939610
0.457000	-2.687970
0.458000	-0.285237
0.459000	2.117680
0.460000	3.363610
0.461000	4.075520
0.462000	0.248785
0.463000	0.426671
0.464000	0.693682
0.465000	2.562580
0.466000	2.651520
0.467000	1.049640
0.468000	0.693682
0.469000	1.672600
0.470000	0.248785
0.471000	-0.730134
0.472000	-0.107169
0.473000	2.473630
0.474000	4.342530
0.475000	0.960692
0.476000	-2.599030
0.477000	-3.933900
0.478000	0.871750
0.479000	3.986570
0.480000	5.855470
0.481000	2.384690
0.482000	2.028550
0.483000	1.761730
0.484000	2.918530
0.485000	1.850670
0.486000	1.761730
0.487000	2.295560
0.488000	1.583660
0.489000	0.248785
0.490000	-0.908202
0.491000	-1.531170
0.492000	1.316650
0.493000	6.211420
0.494000	3.897450
0.495000	1.405770
0.496000	-0.374180
0.497000	0.604739
0.498000	2.206620
0.499000	2.206620
0.500000	1.227700
0.501000	0.337728
0.502000	-0.285237
0.503000	-1.620110
0.504000	-1.442220
0.505000	-0.641191
0.506000	0.604739
0.507000	0.782807
0.508000	0.515796
0.509000	0.337728
0.510000	0.248785
0.511000	-0.730134
0.512000	0.337728
0.513000	0.337728
0.514000	-1.620110
0.515000	-2.510080
0.516000	-3.489000
0.517000	-2.421140
0.518000	-0.107169
0.519000	0.960692
0.520000	0.337728
0.521000	-1.086090
0.522000	-2.599030
0.523000	-2.243070
0.524000	-0.641191
0.525000	0.337728
0.526000	0.159842
0.527000	0.960692
0.528000	2.829590
0.529000	2.028550
0.530000	0.070717
0.531000	0.070717
0.532000	0.070717
0.533000	-0.196294
0.534000	-0.997144
0.535000	0.782807
0.536000	2.651520
0.537000	3.096600
0.538000	3.363610
0.539000	3.630620
0.540000	5.143380
0.541000	6.300360
0.542000	4.609540
0.543000	3.096600
0.544000	3.541490
0.545000	3.541490
0.546000	3.897450
0.547000	4.164460
0.548000	3.897450
0.549000	2.740640
0.550000	2.562580
0.551000	5.143380
0.552000	7.546290
0.553000	6.567370
0.554000	4.965490
0.555000	3.808500
0.556000	3.630620
0.557000	3.274480
0.558000	2.117680
0.559000	2.206620
0.560000	4.431470
0.561000	4.253580
0.562000	2.473630
0.563000	1.939610
0.564000	2.384690
0.565000	3.185540
0.566000	3.986570
0.567000	2.028550
0.568000	1.405770
0.569000	1.494710
0.570000	2.562580
0.571000	3.185540
0.572000	2.651520
0.573000	0.871750
0.574000	1.138760
0.575000	0.159842
0.576000	0.515796
0.577000	0.693682
0.578000	0.604739
0.579000	1.939610
0.580000	3.185540
0.581000	2.384690
0.582000	1.138760
0.583000	1.227700
0.584000	2.651520
0.585000	2.740640
0.586000	2.918530
0.587000	2.473630
0.588000	0.426671
0.589000	-0.018226
0.590000	1.583660
0.591000	2.384690
0.592000	3.897450
0.593000	3.185540
0.594000	1.939610
0.595000	3.185540
0.596000	4.876370
0.597000	5.855470
0.598000	4.253580
0.599000	3.452550
0.600000	4.164460
0.601000	4.876370
0.602000	4.164460
0.603000	2.918530
0.604000	2.117680
0.605000	4.075520
0.606000	4.787420
0.607000	4.787420
0.608000	6.300360
0.609000	5.410390
0.610000	4.342530
0.611000	5.232500
0.612000	5.321450
0.613000	5.855470
0.614000	5.143380
0.615000	3.630620
0.616000	2.651520
0.617000	3.363610
0.618000	4.075520
0.619000	4.965490
0.620000	4.609540
0.621000	2.918530
0.622000	1.316650
0.623000	1.761730
0.624000	5.054430
0.625000	6.300360
0.626000	5.499330
0.627000	4.164460
0.628000	2.117680
0.629000	0.248785
0.630000	1.227700
0.631000	3.452550
0.632000	5.054430
0.633000	3.897450
0.634000	2.473630
0.635000	1.494710
0.636000	2.117680
0.637000	1.850670
0.638000	1.138760
0.639000	1.939610
0.640000	3.185540
0.641000	2.918530
0.642000	2.295560
0.643000	2.740640
0.644000	2.829590
0.645000	2.651520
0.646000	2.473630
0.647000	1.583660
0.648000	1.583660
0.649000	2.028550
0.650000	2.740640
0.651000	3.452550
0.652000	4.075520
0.653000	3.452550
0.654000	2.028550
0.655000	3.096600
0.656000	4.698480
0.657000	5.410390
0.658000	5.232500
0.659000	3.541490
0.660000	2.206620
0.661000	1.494710
0.662000	1.672600
0.663000	2.295560
0.664000	3.808500
0.665000	3.986570
0.666000	2.651520
0.667000	2.473630
0.668000	2.829590
0.669000	3.808500
0.670000	4.609540
0.671000	3.541490
0.672000	2.562580
0.673000	2.740640
0.674000	2.918530
0.675000	2.918530
0.676000	3.007650
0.677000	2.562580
0.678000	2.384690
0.679000	2.918530
0.680000	3.363610
0.681000	3.363610
0.682000	2.740640
0.683000	2.473630
0.684000	2.206620
0.685000	2.206620
0.686000	2.295560
0.687000	2.651520
0.688000	2.829590
0.689000	2.473630
0.690000	2.117680
0.691000	2.117680
0.692000	2.740640
0.693000	3.096600
0.694000	3.185540
0.695000	3.007650
0.696000	2.473630
0.697000	2.829590
0.698000	3.452550
0.699000	3.808500
0.700000	3.630620
0.701000	3.452550
0.702000	3.630620
0.703000	3.897450
0.704000	3.452550
0.705000	3.897450
0.706000	2.651520
0.707000	3.185540
0.708000	3.363610
0.709000	3.719560
0.710000	4.075520
0.711000	4.075520
0.712000	3.897450
0.713000	3.986570
0.714000	3.541490
0.715000	3.096600
0.716000	3.808500
0.717000	3.986570
0.718000	3.452550
0.719000	3.986570
0.720000	3.719560
0.721000	2.918530
0.722000	2.384690
0.723000	3.096600
0.724000	4.253580
0.725000	4.075520
0.726000	3.452550
0.727000	2.473630
0.728000	2.829590
0.729000	3.897450
0.730000	4.164460
0.731000	2.829590
0.732000	2.295560
0.733000	2.740640
0.734000	2.562580
0.735000	2.829590
0.736000	3.541490
0.737000	2.829590
0.738000	3.185540
0.739000	3.541490
0.740000	2.473630
0.741000	1.316650
0.742000	2.829590
0.743000	4.876370
0.744000	4.164460
0.745000	3.096600
0.746000	1.939610
0.747000	3.185540
0.748000	5.766340
0.749000	5.054430
0.750000	0.693682
0.751000	1.049640
0.752000	3.808500
0.753000	5.321450
0.754000	4.787420
0.755000	3.897450
0.756000	2.651520
0.757000	3.897450
0.758000	4.965490
0.759000	3.541490
0.760000	2.918530
0.761000	2.651520
0.762000	2.918530
0.763000	3.363610
0.764000	3.096600
0.765000	2.740640
0.766000	3.185540
0.767000	4.520410
0.768000	3.986570
0.769000	2.918530
0.770000	3.808500
0.771000	5.143380
0.772000	4.965490
0.773000	2.829590
0.774000	-0.018226
0.775000	0.159842
0.776000	2.829590
0.777000	3.363610
0.778000	2.117680
0.779000	1.672600
0.780000	2.117680
0.781000	2.295560
0.782000	2.384690
0.783000	2.829590
0.784000	3.897450
0.785000	3.541490
0.786000	2.384690
0.787000	1.227700
0.788000	2.829590
0.789000	4.787420
0.790000	2.740640
0.791000	2.651520
0.792000	2.384690
0.793000	0.426671
0.794000	1.049640
0.795000	1.850670
0.796000	1.049640
0.797000	0.604739
0.798000	-0.107169
0.799000	0.782807
0.800000	0.960692
0.801000	2.295560
0.802000	2.562580
0.803000	0.426671
0.804000	0.515796
0.805000	0.693682
0.806000	1.316650
0.807000	0.782807
0.808000	0.782807
0.809000	2.117680
0.810000	1.761730
0.811000	-1.175210
0.812000	-1.620110
0.813000	0.515796
0.814000	2.206620
0.815000	0.871750
0.816000	-1.531170
0.817000	-2.065010
0.818000	-3.310940
0.819000	-1.531170
0.820000	1.761730
0.821000	2.651520
0.822000	-0.819259
0.823000	-2.332020
0.824000	-0.819259
0.825000	2.117680
0.826000	-4.912820
0.827000	-9.540580
0.828000	3.096600
0.829000	12.084900
0.830000	-1.620110
0.831000	-11.943500
0.832000	-0.463123
0.833000	1.227700
0.834000	-0.641191
0.835000	6.211420
0.836000	3.897450
0.837000	-3.310940
0.838000	-0.196294
0.839000	-1.442220
0.840000	2.028550
0.841000	-1.442220
0.842000	-7.226790
0.843000	1.138760
0.844000	13.241900
0.845000	-11.320500
0.846000	-14.168300
0.847000	9.237120
0.848000	28.103901
0.849000	-4.734930
0.850000	-11.765400
0.851000	-18.351000
0.852000	-0.018226
0.853000	9.148180
0.854000	11.729000
0.855000	0.426671
0.856000	7.991190
0.857000	-25.025600
0.858000	-7.938700
0.859000	24.633200
0.860000	4.164460
0.861000	-30.899300
0.862000	-24.491600
0.863000	14.932700
0.864000	39.940102
0.865000	4.965490
0.866000	-13.990300
0.867000	-17.461100
0.868000	-12.299500
0.869000	23.298300
0.870000	1.672600
0.871000	3.452550
0.872000	-19.952900
0.873000	-43.625401
0.874000	2.473630
0.875000	34.066601
0.876000	-5.980860
0.877000	-15.859200
0.878000	5.410390
0.879000	12.530000
0.880000	3.274480
0.881000	-17.461100
0.882000	-16.749100
0.883000	11.640000
0.884000	15.911700
0.885000	-10.252500
0.886000	-9.273570
0.887000	1.583660
0.888000	-5.268950
0.889000	2.918530
0.890000	0.693682
0.891000	-7.849760
0.892000	3.897450
0.893000	8.080310
0.894000	4.164460
0.895000	3.541490
0.896000	-1.086090
0.897000	2.829590
0.898000	16.356701
0.899000	12.530000
0.900000	-19.240999
0.901000	-26.182600
0.902000	-15.859200
0.903000	2.206620
0.904000	23.832100
0.905000	14.665700
0.906000	-2.777100
0.907000	6.033350
0.908000	16.267599
0.909000	17.602699
0.910000	-5.535780
0.911000	-26.983400
0.912000	-7.938700
0.913000	10.572000
0.914000	20.450500
0.915000	3.363610
0.916000	-18.351000
0.917000	-23.156700
0.918000	6.300360
0.919000	18.492599
0.920000	-0.285237
0.921000	-7.048720
0.922000	7.457350
0.923000	20.361401
0.924000	8.970110
0.925000	-8.205710
0.926000	-14.524300
0.927000	-0.196294
0.928000	14.843800
0.929000	-9.362700
0.930000	-15.058300
0.931000	1.138760
0.932000	15.911700
0.933000	-1.887120
0.934000	-10.252500
0.935000	-12.477300
0.936000	-8.828670
0.937000	7.190340
0.938000	20.539400
0.939000	6.211420
0.940000	-8.383600
0.941000	-9.273570
0.942000	2.206620
0.943000	7.635240
0.944000	-3.489000
0.945000	-2.866040
0.946000	11.996000
0.947000	6.745260
0.948000	-2.777100
0.949000	-6.781710
0.950000	-5.001940
0.951000	-4.023020
0.952000	8.080310
0.953000	16.178699
0.954000	11.817900
0.955000	0.426671
0.956000	-5.891920
0.957000	4.075520
0.958000	17.513500
0.959000	4.787420
0.960000	-17.194000
0.961000	-9.718650
0.962000	11.284100
0.963000	18.937500
0.964000	8.614150
0.965000	-11.587500
0.966000	-19.507999
0.967000	3.096600
0.968000	24.544201
0.969000	6.923330
0.970000	-17.194000
0.971000	-13.367300
0.972000	10.928100
0.973000	15.110800
0.974000	-6.870840
0.975000	-17.906099
0.976000	-6.692770
0.977000	10.127100
0.978000	8.258200
0.979000	0.070717
0.980000	-12.922400
0.981000	-5.357900
0.982000	-1.264160
0.983000	-3.310940
0.984000	-4.734930
0.985000	-3.667070
0.986000	-6.959780
0.987000	0.960692
0.988000	5.321450
0.989000	2.295560
0.990000	-6.603830
0.991000	-3.933900
0.992000	4.164460
0.993000	0.248785
0.994000	-5.357900
0.995000	-0.018226
0.996000	4.342530
0.997000	-0.552248
0.998000	-2.243070
0.999000	2.740640
1.000000	4.075520
1.001000	3.541490
1.002000	6.389310
1.003000	-0.018226
1.004000	-0.463123
1.005000	4.520410
1.006000	3.363610
1.007000	-4.823880
1.008000	-5.713850
1.009000	0.782807
1.010000	6.300360
1.011000	8.258200
1.012000	4.965490
1.013000	1.405770
1.014000	4.431470
1.015000	8.436270
1.016000	4.520410
1.017000	-1.086090
1.018000	-5.090890
1.019000	-4.467920
1.020000	-0.018226
1.021000	2.473630
1.022000	-1.620110
1.023000	-4.023020
1.024000	-1.976060
1.025000	3.719560
1.026000	5.321450
1.027000	2.117680
1.028000	-0.908202
1.029000	-0.463123
1.030000	0.070717
1.031000	-3.667070
1.032000	-6.514880
1.033000	-3.044110
1.034000	0.604739
1.035000	-2.065010
1.036000	-6.959780
1.037000	-6.692770
1.038000	-0.285237
1.039000	0.070717
1.040000	-4.556860
1.041000	-4.823880
1.042000	-1.709050
1.043000	-0.018226
1.044000	1.227700
1.045000	1.583660
1.046000	0.871750
1.047000	0.248785
1.048000	-2.421140
1.049000	-5.713850
1.050000	-8.472720
1.051000	-4.111970
1.052000	3.541490
1.053000	4.075520
1.054000	1.049640
1.055000	0.515796
1.056000	2.206620
1.057000	4.075520
1.058000	3.986570
1.059000	3.452550
1.060000	3.541490
1.061000	2.562580
1.062000	0.960692
1.063000	-0.107169
1.064000	1.049640
1.065000	0.426671
1.066000	-2.777100
1.067000	-0.018226
1.068000	5.410390
1.069000	4.253580
1.070000	2.651520
1.071000	1.316650
1.072000	4.342530
1.073000	7.991190
1.074000	5.321450
1.075000	-0.018226
1.076000	1.138760
1.077000	2.918530
1.078000	-0.819259
1.079000	-2.332020
1.080000	-1.442220
1.081000	-1.442220
1.082000	-2.777100
1.083000	-0.997144
1.084000	-0.908202
1.085000	-0.730134
1.086000	1.227700
1.087000	3.096600
1.088000	2.918530
1.089000	-2.777100
1.090000	-6.692770
1.091000	-4.200910
1.092000	-1.442220
1.093000	-2.954980
1.094000	-3.400060
1.095000	-1.442220
1.096000	-1.976060
1.097000	-2.777100
1.098000	-0.196294
1.099000	3.452550
1.100000	3.096600
1.101000	0.960692
1.102000	-1.620110
1.103000	-1.264160
1.104000	1.939610
1.105000	0.782807
1.106000	-2.954980
1.107000	-3.667070
1.108000	-0.730134
1.109000	2.117680
1.110000	2.473630
1.111000	1.850670
1.112000	0.693682
1.113000	1.316650
1.114000	2.829590
1.115000	2.473630
1.116000	1.138760
1.117000	0.782807
1.118000	0.515796
1.119000	2.473630
1.120000	3.363610
1.121000	1.138760
1.122000	0.070717
1.123000	0.604739
1.124000	1.227700
1.125000	2.918530
1.126000	2.651520
1.127000	1.583660
1.128000	2.918530
1.129000	4.342530
1.130000	3.897450
1.131000	10.839000
1.132000	45.190800
1.133000	-14.613200
1.134000	-48.075100
1.135000	-7.404680
1.136000	22.052401
1.137000	-4.467920
1.138000	-36.149799
1.139000	-14.880300
1.140000	17.068600
1.141000	14.398900
1.142000	-8.027640
1.143000	-5.446840
1.144000	4.164460
1.145000	-0.641191
1.146000	-18.440001
1.147000	-8.205710
1.148000	11.017100
1.149000	6.033350
1.150000	-16.037201
1.151000	-16.749100
1.152000	-2.599030
1.153000	1.405770
1.154000	-6.158750
1.155000	-9.985660
1.156000	-6.247870
1.157000	2.384690
1.158000	2.295560
1.159000	-6.336820
1.160000	-7.760630
1.161000	1.583660
1.162000	2.829590
1.163000	-6.069800
1.164000	-9.273570
1.165000	0.515796
1.166000	11.284100
1.167000	9.949210
1.168000	-1.086090
1.169000	-9.095690
1.170000	-3.577950
1.171000	6.122300
1.172000	6.923330
1.173000	2.117680
1.174000	2.829590
1.175000	5.588460
1.176000	6.033350
1.177000	4.698480
1.178000	3.986570
1.179000	4.075520
1.180000	3.541490
1.181000	3.452550
1.182000	3.719560
1.183000	4.609540
1.184000	5.054430
1.185000	2.117680
1.186000	-0.819259
1.187000	2.473630
1.188000	5.588460
1.189000	2.117680
1.190000	-0.374180
1.191000	-0.463123
1.192000	1.850670
1.193000	1.850670
1.194000	-1.976060
1.195000	-6.247870
1.196000	-4.823880
1.197000	6.122300
1.198000	1.761730
1.199000	-6.603830
1.200000	-11.320500
1.201000	-5.713850
1.202000	1.761730
1.203000	1.049640
1.204000	-6.603830
1.205000	-9.896540
1.206000	-6.870840
1.207000	-3.400060
1.208000	-3.933900
1.209000	-6.158750
1.210000	-5.535780
1.211000	-1.620110
1.212000	-1.264160
1.213000	-5.001940
1.214000	-6.425760
1.215000	-2.332020
1.216000	0.337728
1.217000	-3.310940
1.218000	-6.425760
1.219000	-4.556860
1.220000	-1.620110
1.221000	0.426671
1.222000	-39.620602
1.223000	-8.650610
1.224000	26.235100
1.225000	9.415190
1.226000	-17.816999
1.227000	-2.687970
1.228000	13.153000
1.229000	12.084900
1.230000	-5.624910
1.231000	-6.959780
1.232000	4.787420
1.233000	7.101400
1.234000	-1.976060
1.235000	-1.264160
1.236000	6.211420
1.237000	5.499330
1.238000	3.452550
1.239000	3.185540
1.240000	3.897450
1.241000	0.604739
1.242000	3.185540
1.243000	4.431470
1.244000	3.541490
1.245000	1.227700
1.246000	0.604739
1.247000	-0.463123
1.248000	0.515796
1.249000	-0.196294
1.250000	1.405770
1.251000	1.227700
1.252000	0.159842
1.253000	-0.730134
1.254000	0.159842
1.255000	1.494710
1.256000	-0.018226
1.257000	-3.489000
1.258000	-1.709050
1.259000	1.138760
1.260000	-2.154130
1.261000	-6.692770
1.262000	-3.400060
1.263000	2.117680
1.264000	0.515796
1.265000	-5.268950
1.266000	-6.781710
1.267000	-1.353100
1.268000	3.185540
1.269000	2.028550
1.270000	-1.353100
1.271000	-1.620110
1.272000	-0.374180
1.273000	-0.908202
1.274000	-1.976060
1.275000	-0.997144
1.276000	0.337728
1.277000	0.337728
1.278000	0.871750
1.279000	3.274480
1.280000	4.698480
1.281000	3.630620
1.282000	2.028550
1.283000	1.138760
1.284000	3.452550
1.285000	5.410390
1.286000	3.986570
1.287000	2.651520
1.288000	3.808500
1.289000	5.232500
1.290000	3.808500
1.291000	2.384690
1.292000	3.897450
1.293000	6.478430
1.294000	6.656320
1.295000	5.410390
1.296000	3.363610
1.297000	-2.866040
1.298000	1.049640
1.299000	5.232500
1.300000	8.881170
1.301000	-2.332020
1.302000	-6.425760
1.303000	-2.866040
1.304000	3.452550
1.305000	-0.374180
1.306000	-4.378980
1.307000	-2.599030
1.308000	-4.556860
1.309000	-5.980860
1.310000	-8.383600
1.311000	-5.001940
1.312000	-3.577950
1.313000	-3.844960
1.314000	-1.620110
1.315000	3.452550
1.316000	1.672600
1.317000	-1.976060
1.318000	-7.404680
1.319000	-3.400060
1.320000	7.991190
1.321000	7.635240
1.322000	3.630620
1.323000	-15.236200
1.324000	-11.320500
1.325000	3.808500
1.326000	11.195000
1.327000	1.494710
1.328000	-5.624910
1.329000	1.405770
1.330000	12.707900
1.331000	4.520410
1.332000	-11.498400
1.333000	-8.027640
1.334000	5.677400
1.335000	9.059230
1.336000	-0.018226
1.337000	-5.891920
1.338000	-2.332020
1.339000	10.483000
1.340000	14.487800
1.341000	5.232500
1.342000	-2.510080
1.343000	1.227700
1.344000	7.012270
1.345000	7.813300
1.346000	3.007650
1.347000	-1.086090
1.348000	-1.887120
1.349000	1.850670
1.350000	5.054430
1.351000	6.300360
1.352000	4.698480
1.353000	2.117680
1.354000	1.761730
1.355000	4.253580
1.356000	4.787420
1.357000	3.630620
1.358000	3.007650
1.359000	2.117680
1.360000	0.960692
1.361000	1.049640
1.362000	0.871750
1.363000	-0.285237
1.364000	0.604739
1.365000	1.672600
1.366000	-0.730134
1.367000	-3.489000
1.368000	-1.798180
1.369000	1.939610
1.370000	2.206620
1.371000	-0.730134
1.372000	-1.175210
1.373000	0.604739
1.374000	0.248785
1.375000	-1.620110
1.376000	-2.243070
1.377000	-2.332020
1.378000	-2.421140
1.379000	-2.421140
1.380000	-2.332020
1.381000	-1.442220
1.382000	-0.196294
1.383000	1.138760
1.384000	0.070717
1.385000	-0.552248
1.386000	0.159842
1.387000	1.049640
1.388000	1.227700
1.389000	0.248785
1.390000	-1.086090
1.391000	-0.018226
1.392000	2.473630
1.393000	2.117680
1.394000	-0.819259
1.395000	-1.531170
1.396000	0.426671
1.397000	2.918530
1.398000	3.363610
1.399000	2.829590
1.400000	3.007650
1.401000	3.363610
1.402000	1.405770
1.403000	-0.374180
1.404000	0.604739
1.405000	3.808500
1.406000	5.143380
1.407000	4.253580
1.408000	3.452550
1.409000	4.342530
1.410000	4.876370
1.411000	3.007650
1.412000	0.693682
1.413000	0.604739
1.414000	1.672600
1.415000	2.651520
1.416000	2.473630
1.417000	1.583660
1.418000	2.295560
1.419000	3.452550
1.420000	2.117680
1.421000	0.337728
1.422000	-0.285237
1.423000	0.693682
1.424000	2.473630
1.425000	2.117680
1.426000	-2.510080
1.427000	-4.823880
1.428000	-3.221990
1.429000	-1.086090
1.430000	-0.997144
1.431000	1.494710
1.432000	3.007650
1.433000	1.405770
1.434000	1.494710
1.435000	4.698480
1.436000	4.520410
1.437000	-0.285237
1.438000	-5.446840
1.439000	-5.001940
1.440000	1.850670
1.441000	5.677400
1.442000	0.159842
1.443000	-5.624910
1.444000	-3.667070
1.445000	3.007650
1.446000	7.012270
1.447000	5.499330
1.448000	1.761730
1.449000	0.782807
1.450000	4.164460
1.451000	5.855470
1.452000	1.850670
1.453000	-45.672199
1.454000	-73.794296
1.455000	4.609540
1.456000	56.493099
1.457000	-42.112400
1.458000	1.049640
1.459000	49.017601
1.460000	25.790199
1.461000	-20.486900
1.462000	-22.978800
1.463000	16.356701
1.464000	19.204599
1.465000	9.771140
1.466000	6.567370
1.467000	-3.221990
1.468000	-4.467920
1.469000	-0.463123
1.470000	2.206620
1.471000	3.096600
1.472000	2.295560
1.473000	2.117680
1.474000	0.337728
1.475000	5.054430
1.476000	7.902250
1.477000	6.567370
1.478000	-0.819259
1.479000	-3.756010
1.480000	2.651520
1.481000	3.630620
1.482000	-3.577950
1.483000	-2.065010
1.484000	2.206620
1.485000	-3.933900
1.486000	-4.023020
1.487000	0.515796
1.488000	2.562580
1.489000	5.588460
1.490000	5.232500
1.491000	-5.624910
1.492000	-7.493800
1.493000	1.583660
1.494000	3.274480
1.495000	-4.111970
1.496000	-6.781710
1.497000	-0.908202
1.498000	1.761730
1.499000	-0.908202
1.500000	-2.687970
1.501000	-0.196294
1.502000	3.007650
1.503000	1.850670
1.504000	-3.400060
1.505000	-1.175210
1.506000	6.033350
1.507000	5.766340
1.508000	-0.463123
1.509000	-1.175210
1.510000	-88.389397
1.511000	18.848600
1.512000	-67.564697
1.513000	19.115400
1.514000	-0.819259
1.515000	1.672600
1.516000	-6.336820
1.517000	-9.362700
1.518000	10.216000
1.519000	24.544201
1.520000	5.588460
1.521000	-16.126200
1.522000	-13.100300
1.523000	8.703280
1.524000	8.436270
1.525000	-0.641191
1.526000	-0.997144
1.527000	-0.374180
1.528000	-9.451640
1.529000	-11.587500
1.530000	4.965490
1.531000	6.567370
1.532000	2.740640
1.533000	0.960692
1.534000	-6.069800
1.535000	-6.603830
1.536000	8.436270
1.537000	6.389310
1.538000	-8.116770
1.539000	-7.493800
1.540000	0.337728
1.541000	2.918530
1.542000	-0.552248
1.543000	-0.107169
1.544000	0.337728
1.545000	0.960692
1.546000	-48.164001
1.547000	55.425098
1.548000	-33.301998
1.549000	41.364101
1.550000	30.417700
1.551000	-7.849760
1.552000	-23.334700
1.553000	-1.264160
1.554000	12.351900
1.555000	9.148180
1.556000	-2.866040
1.557000	-4.467920
1.558000	-2.777100
1.559000	0.960692
1.560000	2.473630
1.561000	11.284100
1.562000	10.394100
1.563000	-0.196294
1.564000	-9.006560
1.565000	-1.086090
1.566000	9.059230
1.567000	7.991190
1.568000	2.473630
1.569000	-3.310940
1.570000	-8.650610
1.571000	-5.179830
1.572000	4.876370
1.573000	5.410390
1.574000	2.740640
1.575000	-90.792297
1.576000	100.278000
1.577000	-21.999701
1.578000	-18.707001
1.579000	15.466800
1.580000	-1.887120
1.581000	-6.692770
1.582000	0.604739
1.583000	-3.844960
1.584000	10.305200
1.585000	14.309800
1.586000	-8.472720
1.587000	-24.847500
1.588000	3.452550
1.589000	18.937500
1.590000	36.647400
1.591000	-2.599030
1.592000	5.143380
1.593000	-5.535780
1.594000	-17.461100
1.595000	32.998501
1.596000	58.806900
1.597000	-8.917620
1.598000	7.724180
1.599000	10.305200
1.600000	-15.681300
1.601000	-21.999701
1.602000	1.850670
1.603000	16.890600
1.604000	14.665700
1.605000	-2.954980
1.606000	-2.243070
1.607000	1.405770
1.608000	0.960692
1.609000	-5.179830
1.610000	4.431470
1.611000	10.305200
1.612000	-5.090890
1.613000	-16.126200
1.614000	-13.901300
1.615000	37.626301
1.616000	-25.648500
1.617000	20.005400
1.618000	1.494710
1.619000	-11.854400
1.620000	-21.109900
1.621000	-31.700100
1.622000	-27.606400
1.623000	-28.674400
1.624000	-64.894897
1.625000	-60.890099
1.626000	-64.450104
1.627000	-51.100800
1.628000	-8.561660
1.629000	-6.069800
1.630000	-1.709050
1.631000	-20.397800
1.632000	-22.355801
1.633000	-5.268950
1.634000	11.284100
1.635000	-16.215099
1.636000	3.185540
1.637000	-9.273570
1.638000	-18.084000
1.639000	-7.137850
1.640000	-21.287800
1.641000	-12.121400
1.642000	-4.912820
1.643000	-3.667070
1.644000	1.583660
1.645000	-13.545400
1.646000	-14.613200
1.647000	1.049640
1.648000	12.351900
1.649000	5.677400
1.650000	0.426671
1.651000	1.405770
1.652000	6.211420
1.653000	7.101400
1.654000	6.478430
1.655000	8.881170
1.656000	12.174100
1.657000	8.970110
1.658000	12.263000
1.659000	16.979700
1.660000	15.110800
1.661000	16.623800
1.662000	13.864900
1.663000	8.169260
1.664000	9.593070
1.665000	14.932700
1.666000	14.754900
1.667000	14.042800
1.668000	10.928100
1.669000	11.195000
1.670000	10.572000
1.671000	9.682200
1.672000	6.834390
1.673000	3.185540
1.674000	0.871750
1.675000	1.138760
1.676000	3.363610
1.677000	3.986570
1.678000	1.227700
1.679000	-0.908202
1.680000	-3.044110
1.681000	-5.980860
1.682000	-6.603830
1.683000	-3.933900
1.684000	-50.210999
1.685000	-129.949997
1.686000	-55.194500
1.687000	-4.290040
1.688000	-50.388901
1.689000	-57.330399
1.690000	-1.442220
1.691000	27.214001
1.692000	6.389310
1.693000	-19.685900
1.694000	-19.864000
1.695000	-5.179830
1.696000	0.159842
1.697000	-0.730134
1.698000	2.562580
1.699000	1.405770
1.700000	-10.430600
1.701000	-11.498400
1.702000	5.855470
1.703000	11.729000
1.704000	6.478430
1.705000	5.410390
1.706000	3.719560
1.707000	4.075520
1.708000	4.253580
1.709000	5.143380
1.710000	9.326240
1.711000	9.860080
1.712000	2.028550
1.713000	-1.086090
1.714000	6.745260
1.715000	12.619000
1.716000	15.021900
1.717000	11.195000
1.718000	5.143380
1.719000	3.986570
1.720000	8.881170
1.721000	8.881170
1.722000	-182.278000
1.723000	115.496002
1.724000	182.153000
1.725000	-147.037003
1.726000	-108.056999
1.727000	42.431999
1.728000	21.251301
1.729000	5.677400
1.730000	-21.821800
1.731000	49.818600
1.732000	66.727402
1.733000	-4.912820
1.734000	-55.016602
1.735000	-4.290040
1.736000	-24.758600
1.737000	24.277201
1.738000	-0.641191
1.739000	-34.636902
1.740000	3.897450
1.741000	13.508900
1.742000	0.782807
1.743000	-9.896540
1.744000	25.968000
1.745000	-12.121400
1.746000	-25.381500
1.747000	-8.650610
1.748000	-1.531170
1.749000	5.588460
1.750000	-4.556860
1.751000	-4.467920
1.752000	3.897450
1.753000	-2.687970
1.754000	-4.200910
1.755000	-8.739730
1.756000	-12.299500
1.757000	0.337728
1.758000	11.106000
1.759000	2.295560
1.760000	-5.268950
1.761000	-2.332020
1.762000	-33.213100
1.763000	-19.240999
1.764000	12.797000
1.765000	10.394100
1.766000	-6.692770
1.767000	8.792220
1.768000	9.148180
1.769000	0.337728
1.770000	2.918530
1.771000	2.295560
1.772000	5.232500
1.773000	18.225599
1.774000	11.373000
1.775000	4.965490
1.776000	5.321450
1.777000	9.059230
1.778000	8.258200
1.779000	2.473630
1.780000	-2.687970
1.781000	1.939610
1.782000	11.373000
1.783000	6.389310
1.784000	-0.908202
1.785000	2.473630
1.786000	3.719560
1.787000	1.672600
1.788000	1.583660
1.789000	2.651520
1.790000	-0.641191
1.791000	-0.997144
1.792000	-2.243070
1.793000	-2.954980
1.794000	-2.421140
1.795000	-3.400060
1.796000	-2.332020
1.797000	-3.133050
1.798000	-3.400060
1.799000	-0.908202
1.800000	-2.777100
1.801000	-10.163500
1.802000	-10.697600
1.803000	-6.514880
1.804000	-1.798180
1.805000	-0.552248
1.806000	-0.285237
1.807000	-2.154130
1.808000	-5.179830
1.809000	-83.672600
1.810000	20.806400
1.811000	160.705002
1.812000	-80.735901
1.813000	-182.278000
1.814000	-87.054497
1.815000	112.470001
1.816000	41.452999
1.817000	24.989100
1.818000	69.664101
1.819000	-20.219900
1.820000	-54.482601
1.821000	-19.952900
1.822000	27.481001
1.823000	18.670500
1.824000	-13.723300
1.825000	-8.739730
1.826000	-3.489000
1.827000	8.703280
1.828000	24.099100
1.829000	19.560499
1.830000	5.321450
1.831000	-1.175210
1.832000	-1.531170
1.833000	6.567370
1.834000	0.426671
1.835000	-2.065010
1.836000	7.902250
1.837000	1.405770
1.838000	-4.823880
1.839000	7.724180
1.840000	8.347140
1.841000	1.049640
1.842000	-14.435400
1.843000	-14.702200
1.844000	0.070717
1.845000	15.466800
1.846000	7.813300
1.847000	-5.802790
1.848000	-14.524300
1.849000	-11.409500
1.850000	-1.264160
1.851000	11.017100
1.852000	3.986570
1.853000	-4.290040
1.854000	-8.205710
1.855000	-14.880300
1.856000	-13.278400
1.857000	5.944410
1.858000	7.279280
1.859000	-0.374180
1.860000	-8.917620
1.861000	-9.273570
1.862000	-3.577950
1.863000	0.426671
1.864000	2.384690
1.865000	3.808500
1.866000	-0.463123
1.867000	-8.116770
1.868000	-7.048720
1.869000	3.719560
1.870000	7.635240
1.871000	3.808500
1.872000	0.248785
1.873000	-5.001940
1.874000	-7.493800
1.875000	-0.552248
1.876000	9.949210
1.877000	9.682200
1.878000	2.384690
1.879000	-4.290040
1.880000	-0.641191
1.881000	7.190340
1.882000	9.237120
1.883000	2.651520
1.884000	-1.442220
1.885000	0.960692
1.886000	3.185540
1.887000	0.693682
1.888000	-1.442220
1.889000	0.248785
1.890000	3.630620
1.891000	3.007650
1.892000	1.761730
1.893000	3.185540
1.894000	2.473630
1.895000	-0.730134
1.896000	-1.264160
1.897000	-0.730134
1.898000	-0.196294
1.899000	-0.107169
1.900000	-1.442220
1.901000	-3.933900
1.902000	-4.023020
1.903000	-1.264160
1.904000	2.117680
1.905000	0.960692
1.906000	-3.400060
1.907000	-5.980860
1.908000	-4.467920
1.909000	-0.730134
1.910000	2.651520
1.911000	2.473630
1.912000	-1.086090
1.913000	-5.268950
1.914000	-7.582750
1.915000	-5.713850
1.916000	-0.285237
1.917000	3.808500
1.918000	1.761730
1.919000	-3.933900
1.920000	-6.425760
1.921000	-2.065010
1.922000	3.185540
1.923000	5.054430
1.924000	3.452550
1.925000	-0.463123
1.926000	-2.510080
1.927000	-1.798180
1.928000	-0.730134
1.929000	0.337728
1.930000	1.761730
1.931000	1.583660
1.932000	0.871750
1.933000	1.494710
1.934000	2.295560
1.935000	2.740640
1.936000	3.541490
1.937000	4.520410
1.938000	3.007650
1.939000	-0.730134
1.940000	-1.264160
1.941000	1.672600
1.942000	4.431470
1.943000	3.808500
1.944000	2.295560
1.945000	1.316650
1.946000	0.070717
1.947000	-0.908202
1.948000	0.782807
1.949000	3.096600
1.950000	4.253580
1.951000	1.850670
1.952000	-0.908202
1.953000	-0.908202
1.954000	0.782807
1.955000	1.939610
1.956000	1.405770
1.957000	-0.107169
1.958000	-0.908202
1.959000	-1.175210
1.960000	-1.887120
1.961000	-2.510080
1.962000	-2.065010
1.963000	-0.374180
1.964000	0.782807
1.965000	-0.018226
1.966000	-0.552248
1.967000	0.159842
1.968000	0.426671
1.969000	-0.641191
1.970000	-3.400060
1.971000	-4.912820
1.972000	-3.577950
1.973000	-1.976060
1.974000	-2.154130
1.975000	-2.510080
1.976000	-0.107169
1.977000	2.295560
1.978000	1.761730
1.979000	-0.107169
1.980000	-1.798180
1.981000	-2.243070
1.982000	-0.819259
1.983000	0.337728
1.984000	0.515796
1.985000	-0.018226
1.986000	-0.819259
1.987000	-0.463123
1.988000	1.405770
1.989000	3.630620
1.990000	3.897450
1.991000	1.583660
1.992000	-0.641191
1.993000	-0.908202
1.994000	0.337728
1.995000	2.473630
1.996000	3.363610
1.997000	2.473630
1.998000	1.227700
1.999000	1.227700
2.000000	2.562580
2.001000	3.274480
2.002000	2.384690
2.003000	0.337728
2.004000	-1.264160
2.005000	-1.175210
2.006000	-0.018226
2.007000	1.405770
2.008000	1.761730
2.009000	1.405770
2.010000	1.138760
2.011000	1.138760
2.012000	0.515796
2.013000	-0.374180
2.014000	-0.997144
2.015000	-1.531170
2.016000	-2.332020
2.017000	-3.221990
2.018000	-3.221990
2.019000	-2.510080
2.020000	-1.709050
2.021000	-1.264160
2.022000	-0.997144
2.023000	-0.730134
2.024000	-0.819259
2.025000	-1.709050
2.026000	-2.866040
2.027000	-3.756010
2.028000	-3.667070
2.029000	-1.798180
2.030000	-0.819259
2.031000	-1.620110
2.032000	-0.997144
2.033000	-6.425760
2.034000	-12.121400
2.035000	-13.723300
2.036000	-15.592200
2.037000	-24.224701
2.038000	2.384690
2.039000	7.813300
2.040000	-34.103001
2.041000	-9.896540
2.042000	26.679899
2.043000	6.300360
2.044000	-34.814899
2.045000	-25.826599
2.046000	33.087700
2.047000	13.063900
2.048000	10.038200
2.049000	-2.154130
2.050000	-4.912820
2.051000	-11.943500
2.052000	-13.723300
2.053000	7.101400
2.054000	37.003300
2.055000	26.146099
2.056000	-16.393200
2.057000	-35.082001
2.058000	3.630620
2.059000	26.323999
2.060000	10.305200
2.061000	-7.226790
2.062000	-13.901300
2.063000	15.199800
2.064000	13.419800
2.065000	15.110800
2.066000	12.886000
2.067000	9.593070
2.068000	-3.933900
2.069000	-6.336820
2.070000	4.253580
2.071000	8.792220
2.072000	15.822700
2.073000	5.410390
2.074000	-6.247870
2.075000	-16.571100
2.076000	2.562580
2.077000	11.640000
2.078000	-4.200910
2.079000	-0.285237
2.080000	12.440900
2.081000	4.520410
2.082000	-7.671690
2.083000	-1.887120
2.084000	2.562580
2.085000	-4.023020
2.086000	-7.849760
2.087000	-10.875500
2.088000	1.850670
2.089000	-2.065010
2.090000	-9.718650
2.091000	-4.556860
2.092000	1.227700
2.093000	-4.200910
2.094000	2.028550
2.095000	4.431470
2.096000	-5.980860
2.097000	-2.866040
2.098000	2.651520
2.099000	-4.467920
2.100000	-5.357900
2.101000	3.185540
2.102000	5.677400
2.103000	1.316650
2.104000	-8.116770
2.105000	-7.938700
2.106000	4.965490
2.107000	15.822700
2.108000	9.949210
2.109000	-2.421140
2.110000	-4.734930
2.111000	5.766340
2.112000	10.483000
2.113000	6.389310
2.114000	5.944410
2.115000	8.792220
2.116000	0.693682
2.117000	-7.582750
2.118000	0.604739
2.119000	13.686800
2.120000	13.063900
2.121000	3.363610
2.122000	-4.912820
2.123000	-2.599030
2.124000	7.457350
2.125000	14.398900
2.126000	7.190340
2.127000	-4.111970
2.128000	-5.713850
2.129000	-1.175210
2.130000	-1.353100
2.131000	-0.819259
2.132000	0.248785
2.133000	1.049640
2.134000	-1.175210
2.135000	-3.400060
2.136000	-1.442220
2.137000	2.651520
2.138000	3.007650
2.139000	-3.933900
2.140000	-8.205710
2.141000	-2.599030
2.142000	2.918530
2.143000	-0.908202
2.144000	-5.535780
2.145000	-5.713850
2.146000	-4.378980
2.147000	-3.844960
2.148000	-0.997144
2.149000	0.248785
2.150000	-2.687970
2.151000	-4.645990
2.152000	-7.315730
2.153000	-6.069800
2.154000	1.761730
2.155000	5.232500
2.156000	0.248785
2.157000	-4.912820
2.158000	-7.404680
2.159000	-5.446840
2.160000	0.515796
2.161000	4.609540
2.162000	2.206620
2.163000	-2.866040
2.164000	-6.247870
2.165000	-3.310940
2.166000	5.410390
2.167000	11.106000
2.168000	5.054430
2.169000	-3.400060
2.170000	-2.332020
2.171000	2.651520
2.172000	4.164460
2.173000	4.253580
2.174000	2.918530
2.175000	-1.709050
2.176000	-3.933900
2.177000	-0.463123
2.178000	3.719560
2.179000	5.588460
2.180000	7.813300
2.181000	6.389310
2.182000	1.227700
2.183000	0.782807
2.184000	4.253580
2.185000	3.808500
2.186000	0.515796
2.187000	-2.599030
2.188000	-5.357900
2.189000	-4.111970
2.190000	0.871750
2.191000	3.185540
2.192000	0.159842
2.193000	-2.243070
2.194000	-1.887120
2.195000	-1.442220
2.196000	-1.442220
2.197000	-0.463123
2.198000	-0.374180
2.199000	-3.310940
2.200000	-6.514880
2.201000	-6.514880
2.202000	-3.844960
2.203000	-3.310940
2.204000	-6.158750
2.205000	-7.849760
2.206000	-4.823880
2.207000	-0.819259
2.208000	-0.196294
2.209000	-1.442220
2.210000	-2.154130
2.211000	-6.870840
2.212000	2.829590
2.213000	6.033350
2.214000	8.258200
2.215000	-10.341600
2.216000	-5.357900
2.217000	-3.756010
2.218000	-2.421140
2.219000	-2.421140
2.220000	3.096600
2.221000	12.530000
2.222000	-0.552248
2.223000	-11.676500
2.224000	-3.489000
2.225000	16.534599
2.226000	24.633200
2.227000	40.918999
2.228000	22.586201
2.229000	-24.758600
2.230000	-36.238800
2.231000	-18.440001
2.232000	-6.959780
2.233000	14.754900
2.234000	18.225599
2.235000	5.143380
2.236000	22.675301
2.237000	19.649500
2.238000	5.766340
2.239000	11.373000
2.240000	-1.353100
2.241000	-13.901300
2.242000	-10.341600
2.243000	7.101400
2.244000	1.316650
2.245000	-3.400060
2.246000	2.206620
2.247000	7.813300
2.248000	14.131900
2.249000	15.288700
2.250000	-9.006560
2.251000	-6.069800
2.252000	19.560499
2.253000	-3.933900
2.254000	-23.245600
2.255000	1.405770
2.256000	-6.692770
2.257000	-0.196294
2.258000	-4.556860
2.259000	-12.744300
2.260000	-3.933900
2.261000	14.487800
2.262000	-2.154130
2.263000	-13.278400
2.264000	-24.313700
2.265000	-13.011400
2.266000	8.080310
2.267000	11.106000
2.268000	-3.044110
2.269000	-0.819259
2.270000	1.316650
2.271000	-2.866040
2.272000	-3.133050
2.273000	-4.200910
2.274000	13.153000
2.275000	-4.378980
2.276000	-7.048720
2.277000	-8.561660
2.278000	-4.290040
2.279000	14.932700
2.280000	22.764299
2.281000	-2.866040
2.282000	-16.571100
2.283000	18.136499
2.284000	36.380402
2.285000	7.546290
2.286000	18.136499
2.287000	-9.273570
2.288000	4.965490
2.289000	-5.090890
2.290000	-4.734930
2.291000	0.782807
2.292000	12.619000
2.293000	-6.336820
2.294000	8.169260
2.295000	21.607300
2.296000	22.942301
2.297000	7.635240
2.298000	-2.332020
2.299000	-22.711800
2.300000	1.227700
2.301000	11.373000
2.302000	9.326240
2.303000	-8.472720
2.304000	-7.493800
2.305000	-15.770200
2.306000	-5.268950
2.307000	-11.676500
2.308000	-3.844960
2.309000	7.279280
2.310000	3.808500
2.311000	-20.131001
2.312000	-5.001940
2.313000	-0.552248
2.314000	7.991190
2.315000	16.445700
2.316000	2.473630
2.317000	-26.449600
2.318000	-43.803299
2.319000	-23.868601
2.320000	-20.753901
2.321000	-2.954980
2.322000	6.300360
2.323000	-7.493800
2.324000	10.661100
2.325000	12.619000
2.326000	0.248785
2.327000	10.839000
2.328000	7.724180
2.329000	-17.283199
2.330000	-11.231400
2.331000	-2.687970
2.332000	-3.221990
2.333000	-5.713850
2.334000	-2.332020
2.335000	4.876370
2.336000	12.084900
2.337000	5.499330
2.338000	5.054430
2.339000	18.225599
2.340000	23.832100
2.341000	3.452550
2.342000	-9.006560
2.343000	-3.400060
2.344000	9.682200
2.345000	10.750100
2.346000	5.143380
2.347000	-1.620110
2.348000	-0.730134
2.349000	8.347140
2.350000	10.661100
2.351000	1.227700
2.352000	-0.997144
2.353000	4.253580
2.354000	3.007650
2.355000	-1.976060
2.356000	2.117680
2.357000	6.923330
2.358000	4.876370
2.359000	-3.933900
2.360000	-11.142500
2.361000	-13.456300
2.362000	-6.781710
2.363000	-1.086090
2.364000	2.473630
2.365000	-5.624910
2.366000	-0.641191
2.367000	-15.859200
2.368000	-2.687970
2.369000	-0.641191
2.370000	-12.210500
2.371000	-11.676500
2.372000	4.787420
2.373000	-6.870840
2.374000	-27.161501
2.375000	-1.531170
2.376000	1.494710
2.377000	2.028550
2.378000	6.300360
2.379000	-9.540580
2.380000	-33.835999
2.381000	-16.215099
2.382000	-8.739730
2.383000	8.614150
2.384000	9.326240
2.385000	-9.095690
2.386000	2.384690
2.387000	19.560499
2.388000	10.216000
2.389000	0.337728
2.390000	-1.442220
2.391000	1.316650
2.392000	1.494710
2.393000	-5.090890
2.394000	-1.086090
2.395000	6.834390
2.396000	12.084900
2.397000	8.970110
2.398000	7.546290
2.399000	9.593070
2.400000	10.127100
2.401000	15.733800
2.402000	14.754900
2.403000	-0.552248
2.404000	-10.074600
2.405000	1.494710
2.406000	11.462000
2.407000	9.771140
2.408000	2.651520
2.409000	2.384690
2.410000	7.991190
2.411000	12.707900
2.412000	6.923330
2.413000	-0.018226
2.414000	0.515796
2.415000	3.541490
2.416000	-3.667070
2.417000	-8.383600
2.418000	-0.285237
2.419000	4.431470
2.420000	-0.730134
2.421000	-3.844960
2.422000	-4.734930
2.423000	-6.425760
2.424000	-3.489000
2.425000	0.337728
2.426000	-3.489000
2.427000	-9.184630
2.428000	-4.734930
2.429000	0.871750
2.430000	-2.421140
2.431000	-4.111970
2.432000	-7.226790
2.433000	-9.540580
2.434000	-6.781710
2.435000	-3.044110
2.436000	-1.887120
2.437000	-2.243070
2.438000	-3.933900
2.439000	-3.844960
2.440000	-1.531170
2.441000	0.159842
2.442000	2.384690
2.443000	3.541490
2.444000	5.232500
2.445000	3.096600
2.446000	-0.641191
2.447000	2.473630
2.448000	3.986570
2.449000	1.850670
2.450000	1.494710
2.451000	2.206620
2.452000	5.944410
2.453000	12.174100
2.454000	11.017100
2.455000	6.478430
2.456000	5.855470
2.457000	8.436270
2.458000	8.080310
2.459000	6.211420
2.460000	6.834390
2.461000	5.677400
2.462000	3.185540
2.463000	5.054430
2.464000	9.860080
2.465000	8.080310
2.466000	3.185540
2.467000	0.782807
2.468000	1.761730
2.469000	4.787420
2.470000	6.211420
2.471000	2.384690
2.472000	-3.133050
2.473000	-3.489000
2.474000	-0.908202
2.475000	4.787420
2.476000	0.337728
2.477000	-9.095690
2.478000	-7.938700
2.479000	-2.599030
2.480000	-0.107169
2.481000	-2.954980
2.482000	-10.341600
2.483000	-16.215099
2.484000	-11.142500
2.485000	-2.510080
2.486000	1.405770
2.487000	2.829590
2.488000	1.939610
2.489000	-10.519500
2.490000	-19.062901
2.491000	-14.346200
2.492000	-9.807590
2.493000	-1.175210
2.494000	2.473630
2.495000	-6.870840
2.496000	-9.273570
2.497000	0.604739
2.498000	6.745260
2.499000	4.520410
2.500000	2.028550
2.501000	-5.268950
2.502000	-8.472720
2.503000	0.782807
2.504000	9.504130
2.505000	8.347140
2.506000	3.007650
2.507000	-0.908202
2.508000	2.028550
2.509000	6.478430
2.510000	10.572000
2.511000	10.839000
2.512000	10.038200
2.513000	1.850670
2.514000	-3.400060
2.515000	5.143380
2.516000	12.886000
2.517000	10.483000
2.518000	4.075520
2.519000	0.782807
2.520000	3.719560
2.521000	9.059230
2.522000	6.389310
2.523000	-2.777100
2.524000	-6.692770
2.525000	-2.243070
2.526000	1.939610
2.527000	2.028550
2.528000	1.405770
2.529000	0.159842
2.530000	-1.531170
2.531000	-4.200910
2.532000	-8.294650
2.533000	-9.184630
2.534000	-4.290040
2.535000	-2.777100
2.536000	-8.828670
2.537000	-10.697600
2.538000	-5.891920
2.539000	-2.866040
2.540000	-4.556860
2.541000	-6.069800
2.542000	-6.514880
2.543000	-6.336820
2.544000	-5.179830
2.545000	-5.268950
2.546000	-5.446840
2.547000	-6.158750
2.548000	-7.404680
2.549000	-4.823880
2.550000	-0.285237
2.551000	0.604739
2.552000	0.604739
2.553000	1.672600
2.554000	0.337728
2.555000	-1.709050
2.556000	-0.730134
2.557000	1.672600
2.558000	2.295560
2.559000	3.719560
2.560000	6.923330
2.561000	6.923330
2.562000	4.164460
2.563000	2.384690
2.564000	4.342530
2.565000	6.834390
2.566000	6.033350
2.567000	4.876370
2.568000	5.588460
2.569000	6.389310
2.570000	6.567370
2.571000	6.745260
2.572000	6.211420
2.573000	4.876370
2.574000	4.253580
2.575000	4.965490
2.576000	4.965490
2.577000	3.274480
2.578000	1.049640
2.579000	0.248785
2.580000	0.159842
2.581000	0.337728
2.582000	1.494710
2.583000	2.740640
2.584000	2.384690
2.585000	0.248785
2.586000	-2.243070
2.587000	-3.667070
2.588000	-4.200910
2.589000	-3.844960
2.590000	-3.221990
2.591000	-3.310940
2.592000	-3.933900
2.593000	-3.489000
2.594000	-2.687970
2.595000	-3.489000
2.596000	-6.514880
2.597000	-7.849760
2.598000	-5.357900
2.599000	-1.976060
2.600000	-1.709050
2.601000	-2.510080
2.602000	-2.065010
2.603000	-2.154130
2.604000	-3.133050
2.605000	-3.133050
2.606000	-2.243070
2.607000	-1.175210
2.608000	-0.196294
2.609000	0.337728
2.610000	0.159842
2.611000	1.227700
2.612000	3.274480
2.613000	4.164460
2.614000	3.986570
2.615000	3.007650
2.616000	2.918530
2.617000	5.410390
2.618000	7.190340
2.619000	5.321450
2.620000	2.651520
2.621000	3.007650
2.622000	5.321450
2.623000	6.300360
2.624000	6.478430
2.625000	7.101400
2.626000	7.635240
2.627000	6.567370
2.628000	4.965490
2.629000	4.253580
2.630000	4.075520
2.631000	3.452550
2.632000	2.918530
2.633000	2.918530
2.634000	3.096600
2.635000	3.007650
2.636000	2.829590
2.637000	2.028550
2.638000	0.604739
2.639000	-0.819259
2.640000	-0.997144
2.641000	-0.552248
2.642000	-1.086090
2.643000	-2.154130
2.644000	-3.044110
2.645000	-2.954980
2.646000	-2.421140
2.647000	-2.687970
2.648000	-3.400060
2.649000	-3.844960
2.650000	-4.645990
2.651000	-5.268950
2.652000	-5.446840
2.653000	-5.446840
2.654000	-5.268950
2.655000	-4.378980
2.656000	-3.310940
2.657000	-3.044110
2.658000	-3.044110
2.659000	-2.687970
2.660000	-2.687970
2.661000	-3.489000
2.662000	-4.023020
2.663000	-3.400060
2.664000	-1.798180
2.665000	-0.552248
2.666000	0.426671
2.667000	1.405770
2.668000	2.206620
2.669000	2.206620
2.670000	1.850670
2.671000	1.939610
2.672000	2.473630
2.673000	3.541490
2.674000	3.986570
2.675000	3.897450
2.676000	4.342530
2.677000	5.410390
2.678000	6.211420
2.679000	5.855470
2.680000	5.054430
2.681000	4.698480
2.682000	5.143380
2.683000	5.321450
2.684000	4.520410
2.685000	3.541490
2.686000	3.808500
2.687000	4.253580
2.688000	3.630620
2.689000	3.007650
2.690000	2.918530
2.691000	2.651520
2.692000	1.583660
2.693000	-0.374180
2.694000	-1.442220
2.695000	-1.531170
2.696000	-1.620110
2.697000	-2.332020
2.698000	-3.221990
2.699000	-3.400060
2.700000	-3.310940
2.701000	-3.221990
2.702000	-3.844960
2.703000	-4.912820
2.704000	-5.624910
2.705000	-6.336820
2.706000	-6.781710
2.707000	-6.336820
2.708000	-6.247870
2.709000	-6.425760
2.710000	-5.535780
2.711000	-4.912820
2.712000	-4.734930
2.713000	-4.467920
2.714000	-3.756010
2.715000	-4.111970
2.716000	-4.023020
2.717000	-3.577950
2.718000	-2.777100
2.719000	-1.709050
2.720000	-0.107169
2.721000	0.515796
2.722000	0.604739
2.723000	0.960692
2.724000	1.672600
2.725000	1.761730
2.726000	1.939610
2.727000	2.384690
2.728000	3.363610
2.729000	4.698480
2.730000	5.677400
2.731000	6.033350
2.732000	6.567370
2.733000	6.122300
2.734000	5.410390
2.735000	4.698480
2.736000	4.164460
2.737000	4.431470
2.738000	4.698480
2.739000	4.787420
2.740000	4.342530
2.741000	4.520410
2.742000	4.965490
2.743000	4.787420
2.744000	3.630620
2.745000	2.028550
2.746000	1.049640
2.747000	1.049640
2.748000	0.426671
2.749000	-0.730134
2.750000	-1.620110
2.751000	-1.353100
2.752000	-1.620110
2.753000	-2.421140
2.754000	-2.954980
2.755000	-3.133050
2.756000	-3.400060
2.757000	-3.756010
2.758000	-4.378980
2.759000	-5.357900
2.760000	-5.535780
2.761000	-4.556860
2.762000	-4.111970
2.763000	-4.912820
2.764000	-5.357900
2.765000	-4.200910
2.766000	-3.489000
2.767000	-3.933900
2.768000	-4.200910
2.769000	-3.667070
2.770000	-2.866040
2.771000	-2.065010
2.772000	-1.709050
2.773000	-1.264160
2.774000	-0.018226
2.775000	1.227700
2.776000	1.316650
2.777000	1.227700
2.778000	1.939610
2.779000	2.740640
2.780000	2.829590
2.781000	3.096600
2.782000	3.541490
2.783000	4.075520
2.784000	5.143380
2.785000	6.122300
2.786000	6.300360
2.787000	5.944410
2.788000	6.033350
2.789000	6.211420
2.790000	5.855470
2.791000	5.321450
2.792000	4.965490
2.793000	5.232500
2.794000	5.766340
2.795000	5.410390
2.796000	4.965490
2.797000	4.609540
2.798000	4.164460
2.799000	3.096600
2.800000	1.672600
2.801000	1.138760
2.802000	0.960692
2.803000	1.138760
2.804000	0.871750
2.805000	0.159842
2.806000	-0.196294
2.807000	-0.374180
2.808000	-0.997144
2.809000	-2.243070
2.810000	-3.577950
2.811000	-3.933900
2.812000	-3.577950
2.813000	-3.400060
2.814000	-3.844960
2.815000	-3.844960
2.816000	-3.310940
2.817000	-3.044110
2.818000	-3.933900
2.819000	-4.645990
2.820000	-4.467920
2.821000	-3.667070
2.822000	-3.400060
2.823000	-3.400060
2.824000	-3.133050
2.825000	-2.154130
2.826000	-1.353100
2.827000	-1.442220
2.828000	-1.442220
2.829000	-0.641191
2.830000	0.337728
2.831000	0.782807
2.832000	0.871750
2.833000	1.227700
2.834000	1.761730
2.835000	2.651520
2.836000	3.363610
2.837000	3.274480
2.838000	3.363610
2.839000	3.986570
2.840000	4.698480
2.841000	4.787420
2.842000	4.431470
2.843000	4.520410
2.844000	4.787420
2.845000	4.787420
2.846000	4.787420
2.847000	5.054430
2.848000	5.143380
2.849000	5.232500
2.850000	4.876370
2.851000	4.164460
2.852000	3.452550
2.853000	3.007650
2.854000	2.295560
2.855000	1.761730
2.856000	1.049640
2.857000	0.871750
2.858000	1.138760
2.859000	1.227700
2.860000	0.337728
2.861000	-0.552248
2.862000	-0.997144
2.863000	-1.353100
2.864000	-2.510080
2.865000	-3.577950
2.866000	-4.111970
2.867000	-4.111970
2.868000	-3.844960
2.869000	-3.844960
2.870000	-3.933900
2.871000	-4.378980
2.872000	-4.467920
2.873000	-4.645990
2.874000	-5.179830
2.875000	-5.535780
2.876000	-5.268950
2.877000	-4.734930
2.878000	-4.290040
2.879000	-3.933900
2.880000	-3.400060
2.881000	-3.044110
2.882000	-2.599030
2.883000	-2.599030
2.884000	-2.777100
2.885000	-2.421140
2.886000	-1.353100
2.887000	-0.374180
2.888000	-0.196294
2.889000	0.426671
2.890000	1.583660
2.891000	2.384690
2.892000	2.562580
2.893000	2.473630
2.894000	2.918530
2.895000	3.452550
2.896000	3.897450
2.897000	4.075520
2.898000	4.075520
2.899000	4.431470
2.900000	5.143380
2.901000	5.321450
2.902000	4.965490
2.903000	4.698480
2.904000	4.787420
2.905000	4.876370
2.906000	4.431470
2.907000	3.630620
2.908000	3.007650
2.909000	3.096600
2.910000	2.918530
2.911000	2.117680
2.912000	1.494710
2.913000	1.405770
2.914000	1.227700
2.915000	0.426671
2.916000	-0.552248
2.917000	-1.175210
2.918000	-1.887120
2.919000	-2.332020
2.920000	-2.866040
2.921000	-3.577950
2.922000	-3.844960
2.923000	-3.756010
2.924000	-3.489000
2.925000	-4.111970
2.926000	-4.556860
2.927000	-4.823880
2.928000	-5.090890
2.929000	-5.624910
2.930000	-5.535780
2.931000	-5.357900
2.932000	-5.090890
2.933000	-4.200910
2.934000	-3.400060
2.935000	-3.310940
2.936000	-2.777100
2.937000	-2.332020
2.938000	-2.421140
2.939000	-2.421140
2.940000	-1.798180
2.941000	-0.819259
2.942000	-0.107169
2.943000	0.782807
2.944000	1.583660
2.945000	2.206620
2.946000	3.096600
2.947000	3.541490
2.948000	3.541490
2.949000	3.363610
2.950000	3.630620
2.951000	4.609540
2.952000	5.232500
2.953000	5.499330
2.954000	5.677400
2.955000	6.033350
2.956000	6.211420
2.957000	5.855470
2.958000	5.499330
2.959000	5.232500
2.960000	5.232500
2.961000	5.232500
2.962000	4.698480
2.963000	4.342530
2.964000	4.253580
2.965000	4.075520
2.966000	3.185540
2.967000	2.473630
2.968000	1.850670
2.969000	1.227700
2.970000	0.871750
2.971000	0.248785
2.972000	-0.819259
2.973000	-1.175210
2.974000	-1.175210
2.975000	-1.531170
2.976000	-2.332020
2.977000	-3.044110
2.978000	-3.133050
2.979000	-3.044110
2.980000	-3.133050
2.981000	-4.023020
2.982000	-4.645990
2.983000	-4.645990
2.984000	-4.200910
2.985000	-4.467920
2.986000	-4.734930
2.987000	-4.200910
2.988000	-3.489000
2.989000	-3.044110
2.990000	-2.777100
2.991000	-2.510080
2.992000	-2.510080
2.993000	-1.976060
2.994000	-1.353100
2.995000	-1.086090
2.996000	-0.819259
2.997000	0.159842
2.998000	1.227700
2.999000	1.672600
3.000000	2.028550
3.001000	2.473630
3.002000	2.918530
3.003000	3.185540
3.004000	3.185540
3.005000	3.452550
3.006000	4.075520
3.007000	4.876370
3.008000	5.321450
3.009000	5.321450
3.010000	5.321450
3.011000	5.677400
3.012000	5.410390
3.013000	4.787420
3.014000	4.431470
3.015000	4.342530
3.016000	4.253580
3.017000	4.342530
3.018000	4.075520
3.019000	3.719560
3.020000	3.274480
3.021000	3.007650
3.022000	2.384690
3.023000	1.227700
3.024000	0.693682
3.025000	0.426671
3.026000	0.248785
3.027000	-0.285237
3.028000	-0.997144
3.029000	-1.264160
3.030000	-1.175210
3.031000	-1.709050
3.032000	-2.866040
3.033000	-3.756010
3.034000	-3.577950
3.035000	-3.489000
3.036000	-3.756010
3.037000	-4.290040
3.038000	-4.200910
3.039000	-3.933900
3.040000	-3.756010
3.041000	-3.933900
3.042000	-4.023020
3.043000	-4.111970
3.044000	-3.400060
3.045000	-3.133050
3.046000	-3.489000
3.047000	-3.221990
3.048000	-2.332020
3.049000	-1.798180
3.050000	-1.798180
3.051000	-1.531170
3.052000	-0.730134
3.053000	-0.107169
3.054000	0.515796
3.055000	0.604739
3.056000	0.782807
3.057000	1.227700
3.058000	1.850670
3.059000	2.295560
3.060000	2.117680
3.061000	2.473630
3.062000	3.363610
3.063000	3.897450
3.064000	4.075520
3.065000	3.808500
3.066000	3.808500
3.067000	3.808500
3.068000	3.897450
3.069000	3.452550
3.070000	3.185540
3.071000	3.185540
3.072000	3.719560
3.073000	3.541490
3.074000	3.185540
3.075000	2.651520
3.076000	2.384690
3.077000	2.028550
3.078000	1.049640
3.079000	0.426671
3.080000	0.248785
3.081000	0.248785
3.082000	-0.018226
3.083000	-0.285237
3.084000	-0.997144
3.085000	-1.264160
3.086000	-1.531170
3.087000	-2.332020
3.088000	-3.221990
3.089000	-3.577950
3.090000	-3.133050
3.091000	-3.133050
3.092000	-3.756010
3.093000	-3.667070
3.094000	-3.310940
3.095000	-3.221990
3.096000	-3.667070
3.097000	-3.844960
3.098000	-3.933900
3.099000	-3.756010
3.100000	-3.133050
3.101000	-3.310940
3.102000	-3.044110
3.103000	-1.976060
3.104000	-1.442220
3.105000	-1.709050
3.106000	-1.264160
3.107000	-0.819259
3.108000	-0.374180
3.109000	-0.018226
3.110000	0.515796
3.111000	0.782807
3.112000	0.960692
3.113000	1.761730
3.114000	2.562580
3.115000	2.562580
3.116000	2.473630
3.117000	2.918530
3.118000	3.541490
3.119000	3.808500
3.120000	3.719560
3.121000	3.363610
3.122000	3.719560
3.123000	4.075520
3.124000	3.897450
3.125000	3.630620
3.126000	3.630620
3.127000	3.808500
3.128000	3.897450
3.129000	3.363610
3.130000	3.007650
3.131000	2.651520
3.132000	2.295560
3.133000	1.850670
3.134000	1.405770
3.135000	0.871750
3.136000	0.782807
3.137000	0.871750
3.138000	0.426671
3.139000	-0.107169
3.140000	-0.552248
3.141000	-0.908202
3.142000	-1.086090
3.143000	-1.620110
3.144000	-2.243070
3.145000	-2.599030
3.146000	-2.243070
3.147000	-1.798180
3.148000	-2.065010
3.149000	-2.687970
3.150000	-2.599030
3.151000	-2.421140
3.152000	-2.510080
3.153000	-2.866040
3.154000	-2.866040
3.155000	-2.510080
3.156000	-1.976060
3.157000	-1.353100
3.158000	-1.175210
3.159000	-0.730134
3.160000	-0.374180
3.161000	-0.196294
3.162000	-0.196294
3.163000	0.070717
3.164000	0.426671
3.165000	0.960692
3.166000	1.227700
3.167000	1.761730
3.168000	2.206620
3.169000	2.740640
3.170000	3.096600
3.171000	3.007650
3.172000	2.918530
3.173000	3.363610
3.174000	3.719560
3.175000	3.808500
3.176000	3.719560
3.177000	3.719560
3.178000	4.164460
3.179000	4.253580
3.180000	4.075520
3.181000	3.630620
3.182000	3.274480
3.183000	3.185540
3.184000	2.918530
3.185000	2.562580
3.186000	2.117680
3.187000	2.028550
3.188000	1.761730
3.189000	1.494710
3.190000	0.960692
3.191000	0.515796
3.192000	0.337728
3.193000	0.159842
3.194000	-0.285237
3.195000	-0.997144
3.196000	-1.264160
3.197000	-1.353100
3.198000	-1.531170
3.199000	-2.332020
3.200000	-2.687970
3.201000	-2.332020
3.202000	-2.065010
3.203000	-2.421140
3.204000	-2.599030
3.205000	-2.777100
3.206000	-2.687970
3.207000	-2.510080
3.208000	-2.510080
3.209000	-2.687970
3.210000	-2.510080
3.211000	-1.798180
3.212000	-1.353100
3.213000	-1.175210
3.214000	-1.175210
3.215000	-0.819259
3.216000	-0.374180
3.217000	-0.196294
3.218000	-0.285237
3.219000	-0.107169
3.220000	0.515796
3.221000	1.316650
3.222000	1.583660
3.223000	1.672600
3.224000	2.028550
3.225000	2.473630
3.226000	2.473630
3.227000	2.295560
3.228000	2.295560
3.229000	2.473630
3.230000	2.740640
3.231000	2.918530
3.232000	2.918530
3.233000	2.918530
3.234000	2.918530
3.235000	2.918530
3.236000	2.473630
3.237000	1.939610
3.238000	1.672600
3.239000	1.583660
3.240000	1.405770
3.241000	1.049640
3.242000	0.782807
3.243000	0.871750
3.244000	0.782807
3.245000	0.159842
3.246000	-0.463123
3.247000	-0.641191
3.248000	-0.730134
3.249000	-1.086090
3.250000	-1.709050
3.251000	-1.887120
3.252000	-1.976060
3.253000	-2.065010
3.254000	-2.154130
3.255000	-2.421140
3.256000	-2.954980
3.257000	-2.777100
3.258000	-2.421140
3.259000	-2.332020
3.260000	-2.687970
3.261000	-2.599030
3.262000	-2.599030
3.263000	-2.243070
3.264000	-1.976060
3.265000	-2.243070
3.266000	-2.065010
3.267000	-1.353100
3.268000	-1.086090
3.269000	-1.175210
3.270000	-0.819259
3.271000	-0.463123
3.272000	-0.196294
3.273000	-0.018226
3.274000	0.337728
3.275000	0.604739
3.276000	1.316650
3.277000	1.583660
3.278000	1.583660
3.279000	1.850670
3.280000	2.117680
3.281000	2.384690
3.282000	2.295560
3.283000	2.028550
3.284000	2.028550
3.285000	2.473630
3.286000	2.918530
3.287000	2.918530
3.288000	2.562580
3.289000	2.562580
3.290000	2.829590
3.291000	2.562580
3.292000	2.117680
3.293000	1.672600
3.294000	1.583660
3.295000	1.850670
3.296000	1.405770
3.297000	1.049640
3.298000	1.049640
3.299000	0.871750
3.300000	0.604739
3.301000	-0.107169
3.302000	-0.552248
3.303000	-0.641191
3.304000	-0.641191
3.305000	-0.819259
3.306000	-1.086090
3.307000	-1.353100
3.308000	-1.175210
3.309000	-1.175210
3.310000	-1.442220
3.311000	-2.065010
3.312000	-2.243070
3.313000	-1.798180
3.314000	-1.709050
3.315000	-1.976060
3.316000	-1.976060
3.317000	-1.709050
3.318000	-1.353100
3.319000	-1.264160
3.320000	-1.353100
3.321000	-1.264160
3.322000	-0.908202
3.323000	-0.641191
3.324000	-0.374180
3.325000	-0.374180
3.326000	0.248785
3.327000	0.604739
3.328000	0.782807
3.329000	0.960692
3.330000	1.138760
3.331000	1.405770
3.332000	1.850670
3.333000	2.117680
3.334000	2.028550
3.335000	2.117680
3.336000	2.562580
3.337000	2.918530
3.338000	2.829590
3.339000	2.651520
3.340000	2.829590
3.341000	3.185540
3.342000	3.274480
3.343000	3.096600
3.344000	3.007650
3.345000	2.918530
3.346000	2.829590
3.347000	2.562580
3.348000	2.295560
3.349000	1.939610
3.350000	1.939610
3.351000	1.850670
3.352000	1.583660
3.353000	1.227700
3.354000	0.960692
3.355000	0.782807
3.356000	0.426671
3.357000	-0.018226
3.358000	-0.463123
3.359000	-0.552248
3.360000	-0.552248
3.361000	-0.819259
3.362000	-0.997144
3.363000	-1.175210
3.364000	-1.086090
3.365000	-1.086090
3.366000	-1.798180
3.367000	-2.154130
3.368000	-1.976060
3.369000	-1.709050
3.370000	-1.798180
3.371000	-1.887120
3.372000	-1.620110
3.373000	-1.442220
3.374000	-1.086090
3.375000	-1.086090
3.376000	-1.264160
3.377000	-1.086090
3.378000	-0.819259
3.379000	-0.552248
3.380000	-0.285237
3.381000	0.070717
3.382000	0.337728
3.383000	0.604739
3.384000	0.960692
3.385000	1.049640
3.386000	1.138760
3.387000	1.405770
3.388000	1.672600
3.389000	1.850670
3.390000	1.939610
3.391000	2.206620
3.392000	2.740640
3.393000	2.740640
3.394000	2.562580
3.395000	2.473630
3.396000	2.473630
3.397000	2.651520
3.398000	2.473630
3.399000	2.206620
3.400000	2.117680
3.401000	2.117680
3.402000	2.028550
3.403000	1.761730
3.404000	1.316650
3.405000	1.138760
3.406000	1.049640
3.407000	0.960692
3.408000	0.604739
3.409000	0.248785
3.410000	-0.018226
3.411000	-0.018226
3.412000	-0.463123
3.413000	-0.997144
3.414000	-1.086090
3.415000	-1.175210
3.416000	-1.353100
3.417000	-1.442220
3.418000	-1.709050
3.419000	-1.887120
3.420000	-1.798180
3.421000	-1.887120
3.422000	-2.332020
3.423000	-2.421140
3.424000	-2.065010
3.425000	-2.065010
3.426000	-1.976060
3.427000	-1.887120
3.428000	-1.798180
3.429000	-1.442220
3.430000	-1.264160
3.431000	-1.442220
3.432000	-1.531170
3.433000	-1.175210
3.434000	-0.819259
3.435000	-0.463123
3.436000	-0.374180
3.437000	-0.107169
3.438000	0.426671
3.439000	0.693682
3.440000	0.782807
3.441000	0.782807
3.442000	0.782807
3.443000	1.227700
3.444000	1.316650
3.445000	1.583660
3.446000	1.583660
3.447000	2.028550
3.448000	2.117680
3.449000	2.117680
3.450000	1.939610
3.451000	1.761730
3.452000	1.850670
3.453000	1.939610
3.454000	1.672600
3.455000	1.494710
3.456000	1.672600
3.457000	1.850670
3.458000	1.850670
3.459000	1.494710
3.460000	0.871750
3.461000	0.782807
3.462000	0.782807
3.463000	0.515796
3.464000	0.248785
3.465000	0.070717
3.466000	0.070717
3.467000	-0.196294
3.468000	-0.463123
3.469000	-0.730134
3.470000	-0.908202
3.471000	-0.997144
3.472000	-1.175210
3.473000	-1.353100
3.474000	-1.442220
3.475000	-1.353100
3.476000	-1.264160
3.477000	-1.442220
3.478000	-1.709050
3.479000	-1.620110
3.480000	-1.353100
3.481000	-1.264160
3.482000	-1.353100
3.483000	-1.353100
3.484000	-1.175210
3.485000	-0.908202
3.486000	-0.730134
3.487000	-0.908202
3.488000	-0.819259
3.489000	-0.374180
3.490000	-0.107169
3.491000	0.070717
3.492000	0.337728
3.493000	0.693682
3.494000	0.960692
3.495000	1.227700
3.496000	1.049640
3.497000	1.227700
3.498000	1.316650
3.499000	1.583660
3.500000	1.850670
3.501000	1.850670
3.502000	1.939610
3.503000	2.295560
3.504000	2.562580
3.505000	2.295560
3.506000	1.939610
3.507000	2.028550
3.508000	2.295560
3.509000	2.295560
3.510000	2.117680
3.511000	2.028550
3.512000	2.117680
3.513000	2.206620
3.514000	2.028550
3.515000	1.494710
3.516000	1.049640
3.517000	0.871750
3.518000	0.782807
3.519000	0.782807
3.520000	0.515796
3.521000	0.426671
3.522000	0.426671
3.523000	0.426671
3.524000	0.070717
3.525000	-0.196294
3.526000	-0.463123
3.527000	-0.552248
3.528000	-0.641191
3.529000	-0.819259
3.530000	-0.819259
3.531000	-0.730134
3.532000	-0.819259
3.533000	-0.997144
3.534000	-1.086090
3.535000	-1.086090
3.536000	-1.086090
3.537000	-0.997144
3.538000	-0.997144
3.539000	-0.819259
3.540000	-0.552248
3.541000	-0.374180
3.542000	-0.196294
3.543000	-0.374180
3.544000	-0.285237
3.545000	0.070717
3.546000	0.248785
3.547000	0.337728
3.548000	0.515796
3.549000	0.693682
3.550000	0.960692
3.551000	1.049640
3.552000	0.960692
3.553000	1.138760
3.554000	1.405770
3.555000	1.583660
3.556000	1.583660
3.557000	1.583660
3.558000	1.761730
3.559000	2.028550
3.560000	2.028550
3.561000	1.761730
3.562000	1.583660
3.563000	1.583660
3.564000	1.761730
3.565000	1.761730
3.566000	1.494710
3.567000	1.494710
3.568000	1.583660
3.569000	1.494710
3.570000	1.316650
3.571000	0.693682
3.572000	0.515796
3.573000	0.515796
3.574000	0.604739
3.575000	0.248785
3.576000	0.070717
3.577000	0.070717
3.578000	0.159842
3.579000	-0.018226
3.580000	-0.374180
3.581000	-0.730134
3.582000	-0.730134
3.583000	-0.819259
3.584000	-0.997144
3.585000	-1.086090
3.586000	-0.997144
3.587000	-0.819259
3.588000	-0.997144
3.589000	-1.086090
3.590000	-1.264160
3.591000	-1.175210
3.592000	-0.997144
3.593000	-0.997144
3.594000	-1.086090
3.595000	-0.997144
3.596000	-0.463123
3.597000	-0.285237
3.598000	-0.463123
3.599000	-0.552248
3.600000	-0.374180
3.601000	-0.196294
3.602000	-0.196294
3.603000	-0.018226
3.604000	0.070717
3.605000	0.337728
3.606000	0.693682
3.607000	0.693682
3.608000	0.604739
3.609000	0.604739
3.610000	0.693682
3.611000	0.960692
3.612000	0.871750
3.613000	0.960692
3.614000	1.138760
3.615000	1.227700
3.616000	1.227700
3.617000	1.138760
3.618000	0.782807
3.619000	0.871750
3.620000	1.049640
3.621000	0.960692
3.622000	0.693682
3.623000	0.782807
3.624000	0.960692
3.625000	0.871750
3.626000	0.515796
3.627000	0.248785
3.628000	0.159842
3.629000	0.159842
3.630000	0.248785
3.631000	-0.018226
3.632000	-0.107169
3.633000	-0.018226
3.634000	-0.196294
3.635000	-0.374180
3.636000	-0.641191
3.637000	-0.641191
3.638000	-0.730134
3.639000	-0.730134
3.640000	-0.641191
3.641000	-0.641191
3.642000	-0.641191
3.643000	-0.463123
3.644000	-0.552248
3.645000	-0.819259
3.646000	-0.997144
3.647000	-0.641191
3.648000	-0.463123
3.649000	-0.730134
3.650000	-0.552248
3.651000	-0.196294
3.652000	-0.107169
3.653000	0.159842
3.654000	-0.107169
3.655000	-0.285237
3.656000	-0.018226
3.657000	0.248785
3.658000	0.248785
3.659000	0.337728
3.660000	0.515796
3.661000	0.871750
3.662000	0.960692
3.663000	0.871750
3.664000	0.782807
3.665000	0.693682
3.666000	0.960692
3.667000	0.871750
3.668000	0.871750
3.669000	0.960692
3.670000	1.138760
3.671000	1.227700
3.672000	1.138760
3.673000	1.049640
3.674000	1.049640
3.675000	1.049640
3.676000	0.960692
3.677000	0.871750
3.678000	0.782807
3.679000	0.871750
3.680000	1.049640
3.681000	0.871750
3.682000	0.515796
3.683000	0.248785
3.684000	0.426671
3.685000	0.426671
3.686000	0.337728
3.687000	0.159842
3.688000	0.248785
3.689000	0.337728
3.690000	0.337728
3.691000	0.070717
3.692000	-0.018226
3.693000	-0.018226
3.694000	0.070717
3.695000	-0.018226
3.696000	-0.018226
3.697000	0.070717
3.698000	0.159842
3.699000	0.159842
3.700000	-0.018226
3.701000	-0.196294
3.702000	-0.196294
3.703000	-0.018226
3.704000	0.070717
3.705000	0.070717
3.706000	0.248785
3.707000	0.515796
3.708000	0.693682
3.709000	0.515796
3.710000	0.426671
3.711000	0.337728
3.712000	0.604739
3.713000	0.693682
3.714000	0.604739
3.715000	0.782807
3.716000	0.871750
3.717000	1.049640
3.718000	1.049640
3.719000	0.871750
3.720000	0.693682
3.721000	0.693682
3.722000	0.871750
3.723000	0.782807
3.724000	0.871750
3.725000	0.960692
3.726000	1.138760
3.727000	1.227700
3.728000	1.049640
3.729000	0.693682
3.730000	0.693682
3.731000	0.693682
3.732000	0.515796
3.733000	0.426671
3.734000	0.337728
3.735000	0.604739
3.736000	0.693682
3.737000	0.426671
3.738000	0.248785
3.739000	0.070717
3.740000	0.159842
3.741000	0.248785
3.742000	0.159842
3.743000	0.070717
3.744000	0.248785
3.745000	0.159842
3.746000	0.070717
3.747000	-0.018226
3.748000	-0.018226
3.749000	-0.107169
3.750000	-0.107169
3.751000	-0.285237
3.752000	-0.196294
3.753000	-0.018226
3.754000	0.070717
3.755000	0.070717
3.756000	-0.018226
3.757000	-0.107169
3.758000	-0.018226
3.759000	0.159842
3.760000	0.159842
3.761000	0.159842
3.762000	0.159842
3.763000	0.426671
3.764000	0.515796
3.765000	0.426671
3.766000	0.159842
3.767000	0.159842
3.768000	0.337728
3.769000	0.426671
3.770000	0.337728
3.771000	0.337728
3.772000	0.515796
3.773000	0.693682
3.774000	0.604739
3.775000	0.426671
3.776000	0.337728
3.777000	0.426671
3.778000	0.426671
3.779000	0.337728
3.780000	0.426671
3.781000	0.515796
3.782000	0.693682
3.783000	0.515796
3.784000	0.337728
3.785000	-0.018226
3.786000	0.159842
3.787000	0.070717
3.788000	0.070717
3.789000	-0.107169
3.790000	-0.018226
3.791000	0.248785
3.792000	0.248785
3.793000	0.070717
3.794000	-0.196294
3.795000	-0.196294
3.796000	-0.196294
3.797000	-0.285237
3.798000	-0.285237
3.799000	-0.285237
3.800000	-0.285237
3.801000	-0.107169
3.802000	-0.107169
3.803000	-0.285237
3.804000	-0.374180
3.805000	-0.285237
3.806000	-0.196294
3.807000	-0.196294
3.808000	-0.285237
3.809000	-0.196294
3.810000	0.248785
3.811000	0.159842
3.812000	-0.018226
3.813000	0.070717
3.814000	0.070717
3.815000	0.070717
3.816000	0.159842
3.817000	0.070717
3.818000	0.159842
3.819000	0.515796
3.820000	0.515796
3.821000	0.426671
3.822000	0.248785
3.823000	0.337728
3.824000	0.515796
3.825000	0.604739
3.826000	0.515796
3.827000	0.604739
3.828000	0.604739
3.829000	0.782807
3.830000	0.604739
3.831000	0.426671
3.832000	0.337728
3.833000	0.337728
3.834000	0.426671
3.835000	0.337728
3.836000	0.337728
3.837000	0.337728
3.838000	0.515796
3.839000	0.337728
3.840000	0.159842
3.841000	0.159842
3.842000	0.159842
3.843000	0.159842
3.844000	0.070717
3.845000	0.159842
3.846000	0.337728
3.847000	0.337728
3.848000	0.159842
3.849000	-0.018226
3.850000	-0.196294
3.851000	-0.285237
3.852000	-0.107169
3.853000	-0.107169
3.854000	-0.107169
3.855000	0.070717
3.856000	0.159842
3.857000	0.337728
3.858000	0.159842
3.859000	-0.018226
3.860000	-0.018226
3.861000	0.070717
3.862000	0.248785
3.863000	0.248785
3.864000	0.337728
3.865000	0.515796
3.866000	0.604739
3.867000	0.604739
3.868000	0.248785
3.869000	0.426671
3.870000	0.515796
3.871000	0.515796
3.872000	0.426671
3.873000	0.604739
3.874000	0.782807
3.875000	1.049640
3.876000	0.960692
3.877000	0.960692
3.878000	0.693682
3.879000	0.871750
3.880000	0.960692
3.881000	0.871750
3.882000	0.782807
3.883000	0.604739
3.884000	0.871750
3.885000	0.871750
3.886000	0.782807
3.887000	0.604739
3.888000	0.515796
3.889000	0.782807
3.890000	0.604739
3.891000	0.515796
3.892000	0.515796
3.893000	0.693682
3.894000	0.782807
3.895000	0.515796
3.896000	0.426671
3.897000	0.337728
3.898000	0.337728
3.899000	0.248785
3.900000	0.159842
3.901000	0.248785
3.902000	0.337728
3.903000	0.426671
3.904000	0.337728
3.905000	0.070717
3.906000	-0.018226
3.907000	0.070717
3.908000	0.248785
3.909000	0.159842
3.910000	0.248785
3.911000	0.337728
3.912000	0.426671
3.913000	0.515796
3.914000	0.337728
3.915000	0.159842
3.916000	0.159842
3.917000	0.248785
3.918000	0.337728
3.919000	0.248785
3.920000	0.426671
3.921000	0.604739
3.922000	0.515796
3.923000	0.515796
3.924000	0.337728
3.925000	0.337728
3.926000	0.515796
3.927000	0.515796
3.928000	0.426671
3.929000	0.604739
3.930000	0.782807
3.931000	0.693682
3.932000	0.693682
3.933000	0.426671
3.934000	0.426671
3.935000	0.426671
3.936000	0.426671
3.937000	0.337728
3.938000	0.426671
3.939000	0.426671
3.940000	0.693682
3.941000	0.693682
3.942000	0.426671
3.943000	0.337728
3.944000	0.426671
3.945000	0.337728
3.946000	0.159842
3.947000	0.248785
3.948000	0.248785
3.949000	0.337728
3.950000	0.248785
3.951000	0.337728
3.952000	-0.018226
3.953000	0.070717
3.954000	0.159842
3.955000	-0.107169
3.956000	-0.196294
3.957000	-0.107169
3.958000	0.070717
3.959000	0.248785
3.960000	0.070717
3.961000	-0.107169
3.962000	-0.107169
3.963000	0.070717
3.964000	0.070717
3.965000	-0.018226
3.966000	-0.107169
3.967000	-0.018226
3.968000	-0.018226
3.969000	0.070717
3.970000	-0.107169
3.971000	-0.018226
3.972000	-0.196294
3.973000	-0.018226
3.974000	0.070717
3.975000	0.070717
3.976000	0.070717
3.977000	0.248785
3.978000	0.248785
3.979000	0.159842
3.980000	0.070717
3.981000	0.159842
3.982000	0.159842
3.983000	0.159842
3.984000	0.070717
3.985000	0.248785
3.986000	0.426671
3.987000	0.337728
3.988000	0.159842
3.989000	0.070717
3.990000	0.159842
3.991000	0.248785
3.992000	0.248785
3.993000	0.337728
3.994000	0.159842
3.995000	0.337728
3.996000	0.604739
3.997000	0.515796
3.998000	0.159842
3.999000	-0.018226
4.000000	0.159842
4.001000	0.159842
4.002000	0.070717
4.003000	-0.018226
4.004000	0.248785
4.005000	0.159842
4.006000	0.337728
4.007000	0.070717
4.008000	-0.018226
4.009000	0.070717
4.010000	0.248785
4.011000	0.070717
4.012000	0.070717
4.013000	0.248785
4.014000	0.426671
4.015000	0.337728
4.016000	0.248785
4.017000	0.070717
4.018000	0.070717
4.019000	0.070717
4.020000	0.159842
4.021000	-0.018226
4.022000	-0.018226
4.023000	0.337728
4.024000	0.515796
4.025000	0.426671
4.026000	0.248785
4.027000	0.337728
4.028000	0.248785
4.029000	0.426671
4.030000	0.337728
4.031000	0.337728
4.032000	0.337728
4.033000	0.515796
4.034000	0.426671
4.035000	0.248785
4.036000	0.248785
4.037000	0.337728
4.038000	0.337728
4.039000	0.248785
4.040000	0.337728
4.041000	0.337728
4.042000	0.515796
4.043000	0.515796
4.044000	0.426671
4.045000	0.337728
4.046000	0.426671
4.047000	0.426671
4.048000	0.426671
4.049000	0.337728
4.050000	0.426671
4.051000	0.515796
4.052000	0.515796
4.053000	0.248785
4.054000	0.159842
4.055000	0.248785
4.056000	0.337728
4.057000	0.337728
4.058000	0.426671
4.059000	0.515796
4.060000	0.693682
4.061000	0.693682
4.062000	0.515796
4.063000	0.337728
4.064000	0.426671
4.065000	0.337728
4.066000	0.426671
4.067000	0.337728
4.068000	0.426671
4.069000	0.515796
4.070000	0.782807
4.071000	0.782807
4.072000	0.515796
4.073000	0.515796
4.074000	0.604739
4.075000	0.604739
4.076000	0.515796
4.077000	0.515796
4.078000	0.604739
4.079000	0.782807
4.080000	0.871750
4.081000	0.782807
4.082000	0.693682
4.083000	0.693682
4.084000	0.604739
4.085000	0.604739
4.086000	0.426671
4.087000	0.515796
4.088000	0.515796
4.089000	0.604739
4.090000	0.604739
4.091000	0.515796
4.092000	0.515796
4.093000	0.426671
4.094000	0.337728
4.095000	0.248785
4.096000	0.248785
4.097000	0.515796
4.098000	0.426671
4.099000	0.426671
4.100000	0.159842
4.101000	0.070717
4.102000	0.159842
4.103000	0.159842
4.104000	0.070717
4.105000	0.070717
4.106000	0.070717
4.107000	0.337728
4.108000	0.337728
4.109000	0.159842
4.110000	0.159842
4.111000	0.248785
4.112000	0.159842
4.113000	0.248785
4.114000	0.248785
4.115000	0.159842
4.116000	0.337728
4.117000	0.426671
4.118000	0.248785
4.119000	0.159842
4.120000	0.159842
4.121000	0.337728
4.122000	0.248785
4.123000	0.337728
4.124000	0.426671
4.125000	0.515796
4.126000	0.693682
4.127000	0.693682
4.128000	0.515796
4.129000	0.337728
4.130000	0.515796
4.131000	0.604739
4.132000	0.515796
4.133000	0.426671
4.134000	0.515796
4.135000	0.782807
4.136000	0.693682
4.137000	0.426671
4.138000	0.337728
4.139000	0.337728
4.140000	0.426671
4.141000	0.337728
4.142000	0.337728
4.143000	0.426671
4.144000	0.426671
4.145000	0.515796
4.146000	0.337728
4.147000	0.159842
4.148000	0.070717
4.149000	0.070717
4.150000	-0.018226
4.151000	-0.196294
4.152000	-0.285237
4.153000	-0.018226
4.154000	-0.018226
4.155000	-0.107169
4.156000	-0.196294
4.157000	-0.107169
4.158000	-0.107169
4.159000	-0.196294
4.160000	-0.196294
4.161000	-0.374180
4.162000	-0.196294
4.163000	-0.107169
4.164000	-0.107169
4.165000	-0.196294
4.166000	-0.196294
4.167000	-0.196294
4.168000	-0.196294
4.169000	-0.196294
4.170000	-0.107169
4.171000	-0.107169
4.172000	0.070717
4.173000	0.159842
4.174000	0.070717
4.175000	0.159842
4.176000	0.248785
4.177000	0.337728
4.178000	0.248785
4.179000	0.248785
4.180000	0.426671
4.181000	0.604739
4.182000	0.604739
4.183000	0.426671
4.184000	0.337728
4.185000	0.515796
4.186000	0.782807
4.187000	0.604739
4.188000	0.604739
4.189000	0.337728
4.190000	0.693682
4.191000	0.782807
4.192000	0.693682
4.193000	0.604739
4.194000	0.337728
4.195000	0.426671
4.196000	0.515796
4.197000	0.515796
4.198000	0.515796
4.199000	0.426671
4.200000	0.426671
4.201000	0.426671
4.202000	0.159842
4.203000	0.070717
4.204000	0.070717
4.205000	-0.107169
4.206000	-0.107169
4.207000	-0.018226
4.208000	0.070717
4.209000	0.248785
4.210000	0.248785
4.211000	-0.107169
4.212000	-0.107169
4.213000	-0.107169
4.214000	-0.107169
4.215000	-0.196294
4.216000	-0.374180
4.217000	-0.285237
4.218000	-0.107169
4.219000	0.070717
4.220000	-0.018226
4.221000	-0.107169
4.222000	-0.107169
4.223000	-0.018226
4.224000	-0.018226
4.225000	-0.018226
4.226000	0.070717
4.227000	0.337728
4.228000	0.426671
4.229000	0.426671
4.230000	0.515796
4.231000	0.515796
4.232000	0.515796
4.233000	0.515796
4.234000	0.337728
4.235000	0.426671
4.236000	0.604739
4.237000	0.871750
4.238000	0.960692
4.239000	0.871750
4.240000	0.871750
4.241000	0.871750
4.242000	0.960692
4.243000	0.960692
4.244000	0.871750
4.245000	0.782807
4.246000	1.049640
4.247000	1.138760
4.248000	1.049640
4.249000	0.871750
4.250000	0.871750
4.251000	0.871750
4.252000	0.693682
4.253000	0.693682
4.254000	0.604739
4.255000	0.693682
4.256000	0.782807
4.257000	0.693682
4.258000	0.515796
4.259000	0.426671
4.260000	0.337728
4.261000	0.337728
4.262000	0.248785
4.263000	0.248785
4.264000	0.337728
4.265000	0.248785
4.266000	0.159842
4.267000	-0.107169
4.268000	-0.107169
4.269000	-0.018226
4.270000	0.070717
4.271000	-0.018226
4.272000	-0.196294
4.273000	-0.107169
4.274000	0.248785
4.275000	0.248785
4.276000	0.070717
4.277000	-0.018226
4.278000	0.070717
4.279000	0.070717
4.280000	0.159842
4.281000	0.070717
4.282000	0.159842
4.283000	0.248785
4.284000	0.426671
4.285000	0.515796
4.286000	0.337728
4.287000	0.426671
4.288000	0.426671
4.289000	0.515796
4.290000	0.604739
4.291000	0.604739
4.292000	0.693682
4.293000	0.960692
4.294000	0.871750
4.295000	0.960692
4.296000	0.782807
4.297000	0.960692
4.298000	0.871750
4.299000	0.693682
4.300000	0.782807
4.301000	0.782807
4.302000	0.871750
4.303000	0.871750
4.304000	0.782807
4.305000	0.782807
4.306000	0.693682
4.307000	0.604739
4.308000	0.515796
4.309000	0.426671
4.310000	0.426671
4.311000	0.515796
4.312000	0.426671
4.313000	0.426671
4.314000	0.248785
4.315000	0.159842
4.316000	0.070717
4.317000	0.070717
4.318000	-0.107169
4.319000	-0.196294
4.320000	-0.107169
4.321000	-0.107169
4.322000	-0.374180
4.323000	-0.374180
4.324000	-0.285237
4.325000	-0.285237
4.326000	-0.285237
4.327000	-0.463123
4.328000	-0.374180
4.329000	-0.374180
4.330000	-0.196294
4.331000	-0.196294
4.332000	-0.463123
4.333000	-0.374180
4.334000	-0.285237
4.335000	-0.196294
4.336000	-0.196294
4.337000	-0.196294
4.338000	-0.107169
4.339000	0.070717
4.340000	0.070717
4.341000	0.070717
4.342000	0.159842
4.343000	0.159842
4.344000	0.248785
4.345000	0.248785
4.346000	0.337728
4.347000	0.515796
4.348000	0.604739
4.349000	0.515796
4.350000	0.515796
4.351000	0.604739
4.352000	0.426671
4.353000	0.515796
4.354000	0.515796
4.355000	0.426671
4.356000	0.515796
4.357000	0.693682
4.358000	0.782807
4.359000	0.693682
4.360000	0.693682
4.361000	0.515796
4.362000	0.604739
4.363000	0.426671
4.364000	0.426671
4.365000	0.159842
4.366000	0.159842
4.367000	0.159842
4.368000	0.248785
4.369000	0.159842
4.370000	0.159842
4.371000	-0.018226
4.372000	-0.018226
4.373000	-0.196294
4.374000	-0.107169
4.375000	-0.196294
4.376000	-0.107169
4.377000	0.070717
4.378000	-0.196294
4.379000	-0.196294
4.380000	-0.107169
4.381000	-0.196294
4.382000	-0.196294
4.383000	-0.285237
4.384000	-0.374180
4.385000	-0.285237
4.386000	-0.107169
4.387000	-0.018226
4.388000	-0.018226
4.389000	-0.107169
4.390000	-0.018226
4.391000	0.070717
4.392000	0.159842
4.393000	0.159842
4.394000	0.248785
4.395000	0.515796
4.396000	0.426671
4.397000	0.426671
4.398000	0.426671
4.399000	0.426671
4.400000	0.515796
4.401000	0.515796
4.402000	0.604739
4.403000	0.693682
4.404000	0.693682
4.405000	0.693682
4.406000	0.782807
4.407000	0.782807
4.408000	0.693682
4.409000	0.782807
4.410000	0.871750
4.411000	0.782807
4.412000	0.871750
4.413000	1.049640
4.414000	0.960692
4.415000	0.871750
4.416000	0.693682
4.417000	0.604739
4.418000	0.693682
4.419000	0.604739
4.420000	0.426671
4.421000	0.337728
4.422000	0.515796
4.423000	0.515796
4.424000	0.693682
4.425000	0.426671
4.426000	0.337728
4.427000	0.248785
4.428000	0.337728
4.429000	0.159842
4.430000	0.159842
4.431000	0.159842
4.432000	0.159842
4.433000	0.337728
4.434000	0.159842
4.435000	0.070717
4.436000	-0.018226
4.437000	-0.018226
4.438000	-0.018226
4.439000	-0.196294
4.440000	0.070717
4.441000	0.159842
4.442000	0.248785
4.443000	0.248785
4.444000	0.248785
4.445000	0.337728
4.446000	0.337728
4.447000	0.337728
4.448000	0.248785
4.449000	0.248785
4.450000	0.337728
4.451000	0.515796
4.452000	0.604739
4.453000	0.604739
4.454000	0.693682
4.455000	0.604739
4.456000	0.693682
4.457000	0.782807
4.458000	0.604739
4.459000	0.693682
4.460000	0.871750
4.461000	0.871750
4.462000	0.782807
4.463000	0.871750
4.464000	0.871750
4.465000	0.782807
4.466000	0.693682
4.467000	0.693682
4.468000	0.604739
4.469000	0.693682
4.470000	0.604739
4.471000	0.515796
4.472000	0.337728
4.473000	0.515796
4.474000	0.515796
4.475000	0.426671
4.476000	0.337728
4.477000	0.248785
4.478000	0.337728
4.479000	0.337728
4.480000	0.337728
4.481000	0.159842
4.482000	0.070717
4.483000	-0.018226
4.484000	-0.107169
4.485000	-0.018226
4.486000	-0.107169
4.487000	-0.107169
4.488000	-0.018226
4.489000	-0.107169
4.490000	-0.196294
4.491000	-0.107169
4.492000	-0.107169
4.493000	-0.107169
4.494000	-0.196294
4.495000	-0.196294
4.496000	-0.107169
4.497000	0.070717
4.498000	0.248785
4.499000	-0.018226
4.500000	-0.107169
4.501000	0.070717
4.502000	0.070717
4.503000	0.070717
4.504000	0.159842
4.505000	0.159842
4.506000	0.159842
4.507000	0.426671
4.508000	0.426671
4.509000	0.426671
4.510000	0.426671
4.511000	0.515796
4.512000	0.426671
4.513000	0.426671
4.514000	0.426671
4.515000	0.515796
4.516000	0.604739
4.517000	0.604739
4.518000	0.515796
4.519000	0.515796
4.520000	0.604739
4.521000	0.515796
4.522000	0.337728
4.523000	0.159842
4.524000	0.337728
4.525000	0.426671
4.526000	0.337728
4.527000	0.337728
4.528000	0.248785
4.529000	0.070717
4.530000	0.248785
4.531000	0.159842
4.532000	-0.107169
4.533000	-0.196294
4.534000	-0.018226
4.535000	-0.107169
4.536000	-0.107169
4.537000	-0.196294
4.538000	-0.196294
4.539000	-0.196294
4.540000	-0.285237
4.541000	-0.285237
4.542000	-0.285237
4.543000	-0.196294
4.544000	-0.196294
4.545000	-0.196294
4.546000	-0.196294
4.547000	-0.107169
4.548000	-0.196294
4.549000	-0.196294
4.550000	-0.196294
4.551000	-0.196294
4.552000	0.070717
4.553000	0.159842
4.554000	0.248785
4.555000	0.070717
4.556000	0.159842
4.557000	0.337728
4.558000	0.248785
4.559000	0.426671
4.560000	0.337728
4.561000	0.337728
4.562000	0.693682
4.563000	0.782807
4.564000	0.693682
4.565000	0.693682
4.566000	0.515796
4.567000	0.604739
4.568000	0.604739
4.569000	0.515796
4.570000	0.604739
4.571000	0.693682
4.572000	0.782807
4.573000	0.693682
4.574000	0.693682
4.575000	0.782807
4.576000	0.693682
4.577000	0.604739
4.578000	0.426671
4.579000	0.515796
4.580000	0.515796
4.581000	0.604739
4.582000	0.515796
4.583000	0.337728
4.584000	0.248785
4.585000	0.248785
4.586000	0.248785
4.587000	0.248785
4.588000	-0.018226
4.589000	0.070717
4.590000	0.159842
4.591000	0.248785
4.592000	0.159842
4.593000	0.159842
4.594000	0.159842
4.595000	0.070717
4.596000	-0.107169
4.597000	-0.107169
4.598000	-0.018226
4.599000	0.070717
4.600000	0.070717
4.601000	0.159842
4.602000	0.070717
4.603000	0.159842
4.604000	0.337728
4.605000	0.159842
4.606000	0.159842
4.607000	0.248785
4.608000	0.337728
4.609000	0.515796
4.610000	0.604739
4.611000	0.426671
4.612000	0.515796
4.613000	0.693682
4.614000	0.693682
4.615000	0.515796
4.616000	0.515796
4.617000	0.604739
4.618000	0.782807
4.619000	0.960692
4.620000	0.782807
4.621000	0.782807
4.622000	0.871750
4.623000	0.871750
4.624000	0.693682
4.625000	0.782807
4.626000	0.871750
4.627000	1.049640
4.628000	0.960692
4.629000	0.960692
4.630000	0.871750
4.631000	0.693682
4.632000	0.604739
4.633000	0.426671
4.634000	0.515796
4.635000	0.426671
4.636000	0.515796
4.637000	0.515796
4.638000	0.337728
4.639000	0.337728
4.640000	0.159842
4.641000	0.337728
4.642000	0.070717
4.643000	-0.018226
4.644000	-0.018226
4.645000	-0.018226
4.646000	0.248785
4.647000	0.070717
4.648000	-0.018226
4.649000	-0.107169
4.650000	-0.196294
4.651000	-0.196294
4.652000	-0.285237
4.653000	-0.285237
4.654000	-0.196294
4.655000	-0.107169
4.656000	-0.018226
4.657000	-0.018226
4.658000	0.159842
4.659000	0.070717
4.660000	-0.018226
4.661000	-0.018226
4.662000	0.070717
4.663000	0.159842
4.664000	0.248785
4.665000	0.248785
4.666000	0.248785
4.667000	0.337728
4.668000	0.426671
4.669000	0.515796
4.670000	0.604739
4.671000	0.426671
4.672000	0.426671
4.673000	0.693682
4.674000	0.693682
4.675000	0.782807
4.676000	0.693682
4.677000	0.693682
4.678000	0.871750
4.679000	0.693682
4.680000	0.693682
4.681000	0.693682
4.682000	0.693682
4.683000	0.604739
4.684000	0.515796
4.685000	0.337728
4.686000	0.426671
4.687000	0.426671
4.688000	0.337728
4.689000	0.248785
4.690000	0.248785
4.691000	0.248785
4.692000	0.248785
4.693000	0.248785
4.694000	0.159842
4.695000	-0.018226
4.696000	-0.018226
4.697000	-0.107169
4.698000	-0.196294
4.699000	-0.196294
4.700000	-0.285237
4.701000	-0.285237
4.702000	-0.196294
4.703000	-0.285237
4.704000	-0.374180
4.705000	-0.463123
4.706000	-0.374180
4.707000	-0.374180
4.708000	-0.374180
4.709000	-0.285237
4.710000	-0.196294
4.711000	-0.107169
4.712000	-0.285237
4.713000	-0.196294
4.714000	-0.107169
4.715000	-0.107169
4.716000	-0.196294
4.717000	-0.285237
4.718000	-0.196294
4.719000	-0.018226
4.720000	0.337728
4.721000	0.337728
4.722000	0.337728
4.723000	0.337728
4.724000	0.515796
4.725000	0.604739
4.726000	0.426671
4.727000	0.426671
4.728000	0.515796
4.729000	0.693682
4.730000	0.782807
4.731000	0.782807
4.732000	0.782807
4.733000	0.693682
4.734000	0.693682
4.735000	0.693682
4.736000	0.604739
4.737000	0.604739
4.738000	0.604739
4.739000	0.604739
4.740000	0.604739
4.741000	0.604739
4.742000	0.782807
4.743000	0.515796
4.744000	0.515796
4.745000	0.248785
4.746000	0.337728
4.747000	0.426671
4.748000	0.337728
4.749000	0.070717
4.750000	0.070717
4.751000	0.070717
4.752000	-0.018226
4.753000	0.070717
4.754000	-0.107169
4.755000	-0.196294
4.756000	-0.107169
4.757000	-0.018226
4.758000	0.070717
4.759000	-0.107169
4.760000	-0.107169
4.761000	-0.107169
4.762000	-0.107169
4.763000	-0.196294
4.764000	-0.107169
4.765000	-0.107169
4.766000	0.070717
4.767000	-0.018226
4.768000	-0.018226
4.769000	0.159842
4.770000	0.159842
4.771000	0.070717
4.772000	0.159842
4.773000	0.159842
4.774000	0.248785
4.775000	0.515796
4.776000	0.515796
4.777000	0.515796
4.778000	0.604739
4.779000	0.782807
4.780000	0.693682
4.781000	0.693682
4.782000	0.515796
4.783000	0.515796
4.784000	0.871750
4.785000	0.782807
4.786000	1.049640
4.787000	0.871750
4.788000	0.871750
4.789000	0.871750
4.790000	0.871750
4.791000	0.693682
4.792000	0.871750
4.793000	0.782807
4.794000	0.782807
4.795000	0.960692
4.796000	0.871750
4.797000	0.782807
4.798000	0.871750
4.799000	0.693682
4.800000	0.515796
4.801000	0.515796
4.802000	0.248785
4.803000	0.426671
4.804000	0.337728
4.805000	0.337728
4.806000	0.248785
4.807000	0.159842
4.808000	0.248785
4.809000	0.070717
4.810000	0.070717
4.811000	-0.018226
4.812000	-0.018226
4.813000	0.159842
4.814000	0.070717
4.815000	-0.107169
4.816000	-0.018226
4.817000	-0.196294
4.818000	0.070717
4.819000	-0.107169
4.820000	-0.018226
4.821000	-0.107169
4.822000	-0.018226
4.823000	0.070717
4.824000	-0.018226
4.825000	0.070717
4.826000	0.337728
4.827000	0.159842
4.828000	0.248785
4.829000	0.248785
4.830000	0.426671
4.831000	0.515796
4.832000	0.515796
4.833000	0.515796
4.834000	0.515796
4.835000	0.515796
4.836000	0.604739
4.837000	0.426671
4.838000	0.426671
4.839000	0.515796
4.840000	0.782807
4.841000	0.871750
4.842000	0.782807
4.843000	0.782807
4.844000	0.693682
4.845000	0.782807
4.846000	0.693682
4.847000	0.604739
4.848000	0.515796
4.849000	0.515796
4.850000	0.604739
4.851000	0.515796
4.852000	0.515796
4.853000	0.515796
4.854000	0.337728
4.855000	0.248785
4.856000	0.159842
4.857000	0.159842
4.858000	0.159842
4.859000	0.248785
4.860000	0.159842
4.861000	0.248785
4.862000	0.070717
4.863000	0.070717
4.864000	-0.018226
4.865000	-0.018226
4.866000	-0.196294
4.867000	-0.285237
4.868000	-0.196294
4.869000	-0.107169
4.870000	-0.107169
4.871000	-0.107169
4.872000	-0.196294
4.873000	-0.196294
4.874000	-0.196294
4.875000	-0.196294
4.876000	-0.196294
4.877000	-0.196294
4.878000	-0.018226
4.879000	0.070717
4.880000	0.070717
4.881000	0.159842
4.882000	0.070717
4.883000	0.070717
4.884000	-0.018226
4.885000	-0.018226
4.886000	0.159842
4.887000	0.248785
4.888000	0.337728
4.889000	0.337728
4.890000	0.337728
4.891000	0.515796
4.892000	0.515796
4.893000	0.426671
4.894000	0.515796
4.895000	0.515796
4.896000	0.515796
4.897000	0.693682
4.898000	0.604739
4.899000	0.515796
4.900000	0.604739
4.901000	0.515796
4.902000	0.515796
4.903000	0.337728
4.904000	0.426671
4.905000	0.337728
4.906000	0.426671
4.907000	0.515796
4.908000	0.337728
4.909000	0.426671
4.910000	0.337728
4.911000	0.159842
4.912000	0.337728
4.913000	0.248785
4.914000	0.248785
4.915000	0.159842
4.916000	0.159842
4.917000	0.070717
4.918000	0.070717
4.919000	0.070717
4.920000	0.070717
4.921000	-0.196294
4.922000	-0.196294
4.923000	-0.107169
4.924000	-0.018226
4.925000	0.159842
4.926000	0.070717
4.927000	0.070717
4.928000	-0.018226
4.929000	0.159842
4.930000	0.070717
4.931000	-0.018226
4.932000	0.070717
4.933000	-0.107169
4.934000	0.159842
4.935000	0.248785
4.936000	0.248785
4.937000	0.426671
4.938000	0.248785
4.939000	0.248785
4.940000	0.426671
4.941000	0.337728
4.942000	0.426671
4.943000	0.604739
4.944000	0.693682
4.945000	0.693682
4.946000	0.693682
4.947000	0.782807
4.948000	0.693682
4.949000	0.515796
4.950000	0.515796
4.951000	0.604739
4.952000	0.693682
4.953000	0.693682
4.954000	0.693682
4.955000	0.604739
4.956000	0.693682
4.957000	0.693682
4.958000	0.693682
4.959000	0.515796
4.960000	0.604739
4.961000	0.604739
4.962000	0.693682
4.963000	0.515796
4.964000	0.515796
4.965000	0.515796
4.966000	0.337728
4.967000	0.337728
4.968000	0.337728
4.969000	0.248785
4.970000	0.159842
4.971000	0.248785
4.972000	0.159842
4.973000	0.159842
4.974000	0.248785
4.975000	0.248785
4.976000	0.248785
4.977000	0.159842
4.978000	0.070717
4.979000	0.159842
4.980000	0.337728
4.981000	0.159842
4.982000	0.159842
4.983000	0.159842
4.984000	0.159842
4.985000	0.248785
4.986000	0.159842
4.987000	-0.018226
4.988000	0.248785
4.989000	0.159842
4.990000	0.515796
4.991000	0.515796
4.992000	0.426671
4.993000	0.604739
4.994000	0.515796
4.995000	0.426671
4.996000	0.426671
4.997000	0.515796
4.998000	0.693682
4.999000	0.693682
5.000000	0.693682
5.001000	0.604739
5.002000	0.604739
5.003000	0.515796
5.004000	0.604739
5.005000	0.337728
5.006000	0.515796
5.007000	0.693682
5.008000	0.693682
5.009000	0.693682
5.010000	0.604739
5.011000	0.515796
5.012000	0.604739
5.013000	0.604739
5.014000	0.426671
5.015000	0.337728
5.016000	0.248785
5.017000	0.248785
5.018000	0.248785
5.019000	0.248785
5.020000	0.337728
5.021000	0.248785
5.022000	0.159842
5.023000	0.159842
5.024000	-0.018226
5.025000	0.070717
5.026000	-0.018226
5.027000	0.070717
5.028000	0.070717
5.029000	0.070717
5.030000	-0.018226
5.031000	0.070717
5.032000	-0.018226
5.033000	-0.107169
5.034000	-0.018226
5.035000	0.070717
5.036000	0.070717
5.037000	0.070717
5.038000	0.070717
5.039000	-0.018226
5.040000	0.159842
5.041000	0.159842
5.042000	0.159842
5.043000	0.159842
5.044000	0.248785
5.045000	0.337728
5.046000	0.337728
5.047000	0.426671
5.048000	0.248785
5.049000	0.337728
5.050000	0.337728
5.051000	0.337728
5.052000	0.337728
5.053000	0.337728
5.054000	0.426671
5.055000	0.426671
5.056000	0.337728
5.057000	0.426671
5.058000	0.515796
5.059000	0.515796
5.060000	0.426671
5.061000	0.337728
5.062000	0.337728
5.063000	0.426671
5.064000	0.515796
5.065000	0.337728
5.066000	0.337728
5.067000	0.426671
5.068000	0.337728
5.069000	0.248785
5.070000	0.159842
5.071000	0.159842
5.072000	0.070717
5.073000	0.070717
5.074000	0.248785
5.075000	0.159842
5.076000	0.159842
5.077000	0.159842
5.078000	0.070717
5.079000	-0.018226
5.080000	-0.018226
5.081000	0.070717
5.082000	-0.107169
5.083000	-0.107169
5.084000	0.070717
5.085000	-0.018226
5.086000	-0.018226
5.087000	-0.018226
5.088000	-0.107169
5.089000	-0.107169
5.090000	-0.107169
5.091000	0.070717
5.092000	0.070717
5.093000	0.159842
5.094000	0.070717
5.095000	0.248785
5.096000	0.248785
5.097000	0.248785
5.098000	0.248785
5.099000	0.159842
5.100000	0.248785
5.101000	0.248785
5.102000	0.337728
5.103000	0.426671
5.104000	0.426671
5.105000	0.426671
5.106000	0.515796
5.107000	0.515796
5.108000	0.515796
5.109000	0.604739
5.110000	0.515796
5.111000	0.515796
5.112000	0.515796
5.113000	0.693682
5.114000	0.782807
5.115000	0.604739
5.116000	0.426671
5.117000	0.693682
5.118000	0.426671
5.119000	0.515796
5.120000	0.515796
5.121000	0.515796
5.122000	0.337728
5.123000	0.515796
5.124000	0.426671
5.125000	0.426671
5.126000	0.426671
5.127000	0.337728
5.128000	0.248785
5.129000	0.426671
5.130000	0.426671
5.131000	0.337728
5.132000	0.248785
5.133000	0.159842
5.134000	0.070717
5.135000	0.070717
5.136000	0.070717
5.137000	0.070717
5.138000	0.070717
5.139000	0.070717
5.140000	0.248785
5.141000	0.248785
5.142000	0.159842
5.143000	0.159842
5.144000	0.070717
5.145000	0.159842
5.146000	0.248785
5.147000	0.337728
5.148000	0.337728
5.149000	0.337728
5.150000	0.248785
5.151000	0.337728
5.152000	0.426671
5.153000	0.426671
5.154000	0.337728
5.155000	0.248785
5.156000	0.604739
5.157000	0.693682
5.158000	0.604739
5.159000	0.515796
5.160000	0.693682
5.161000	0.782807
5.162000	0.693682
5.163000	0.604739
5.164000	0.693682
5.165000	0.604739
5.166000	0.604739
5.167000	0.693682
5.168000	0.604739
5.169000	0.693682
5.170000	0.693682
5.171000	0.604739
5.172000	0.515796
5.173000	0.604739
5.174000	0.515796
5.175000	0.604739
5.176000	0.604739
5.177000	0.515796
5.178000	0.515796
5.179000	0.426671
5.180000	0.515796
5.181000	0.337728
5.182000	0.248785
5.183000	0.159842
5.184000	0.159842
5.185000	0.248785
5.186000	0.159842
5.187000	0.070717
5.188000	0.159842
5.189000	0.070717
5.190000	0.070717
5.191000	0.070717
5.192000	0.070717
5.193000	0.159842
5.194000	0.070717
5.195000	0.070717
5.196000	0.159842
5.197000	0.159842
5.198000	0.159842
5.199000	-0.018226
5.200000	0.159842
5.201000	-0.018226
5.202000	0.248785
5.203000	0.159842
5.204000	0.159842
5.205000	0.248785
5.206000	0.159842
5.207000	0.337728
5.208000	0.248785
5.209000	0.248785
5.210000	0.248785
5.211000	0.337728
5.212000	0.515796
5.213000	0.515796
5.214000	0.515796
5.215000	0.426671
5.216000	0.426671
5.217000	0.337728
5.218000	0.337728
5.219000	0.337728
5.220000	0.337728
5.221000	0.337728
5.222000	0.426671
5.223000	0.426671
5.224000	0.515796
5.225000	0.515796
5.226000	0.515796
5.227000	0.426671
5.228000	0.426671
5.229000	0.337728
5.230000	0.426671
5.231000	0.337728
5.232000	0.248785
5.233000	0.159842
5.234000	0.248785
5.235000	0.337728
5.236000	0.159842
5.237000	0.159842
5.238000	0.070717
5.239000	-0.018226
5.240000	0.070717
5.241000	-0.018226
5.242000	0.070717
5.243000	0.070717
5.244000	0.070717
5.245000	-0.018226
5.246000	0.070717
5.247000	-0.018226
5.248000	-0.018226
5.249000	-0.107169
5.250000	-0.107169
5.251000	-0.107169
5.252000	-0.107169
5.253000	0.070717
5.254000	-0.018226
5.255000	-0.107169
5.256000	-0.018226
5.257000	0.070717
5.258000	0.070717
5.259000	0.248785
5.260000	0.159842
5.261000	0.248785
5.262000	0.159842
5.263000	0.337728
5.264000	0.337728
5.265000	0.159842
5.266000	0.248785
5.267000	0.337728
5.268000	0.337728
5.269000	0.337728
5.270000	0.426671
5.271000	0.426671
5.272000	0.426671
5.273000	0.515796
5.274000	0.426671
5.275000	0.426671
5.276000	0.337728
5.277000	0.515796
5.278000	0.515796
5.279000	0.515796
5.280000	0.604739
5.281000	0.515796
5.282000	0.515796
5.283000	0.337728
5.284000	0.337728
5.285000	0.337728
5.286000	0.337728
5.287000	0.337728
5.288000	0.337728
5.289000	0.248785
5.290000	0.426671
5.291000	0.426671
5.292000	0.248785
5.293000	0.159842
5.294000	0.248785
5.295000	0.248785
5.296000	0.159842
5.297000	0.248785
5.298000	0.248785
5.299000	0.159842
5.300000	0.159842
5.301000	0.248785
5.302000	-0.018226
5.303000	0.159842
5.304000	0.159842
5.305000	0.070717
5.306000	0.070717
5.307000	0.248785
5.308000	0.248785
5.309000	0.337728
5.310000	0.337728
5.311000	0.337728
5.312000	0.248785
5.313000	0.337728
5.314000	0.337728
5.315000	0.426671
5.316000	0.248785
5.317000	0.337728
5.318000	0.337728
5.319000	0.337728
5.320000	0.337728
5.321000	0.426671
5.322000	0.337728
5.323000	0.337728
5.324000	0.604739
5.325000	0.693682
5.326000	0.604739
5.327000	0.604739
5.328000	0.693682
5.329000	0.604739
5.330000	0.604739
5.331000	0.515796
5.332000	0.604739
5.333000	0.515796
5.334000	0.515796
5.335000	0.515796
5.336000	0.515796
5.337000	0.515796
5.338000	0.515796
5.339000	0.337728
5.340000	0.426671
5.341000	0.515796
5.342000	0.515796
5.343000	0.515796
5.344000	0.426671
5.345000	0.426671
5.346000	0.426671
5.347000	0.426671
5.348000	0.337728
5.349000	0.248785
5.350000	0.159842
5.351000	0.248785
5.352000	0.248785
5.353000	0.337728
5.354000	0.248785
5.355000	0.159842
5.356000	0.426671
5.357000	0.248785
5.358000	0.248785
5.359000	0.248785
5.360000	0.159842
5.361000	0.248785
5.362000	0.337728
5.363000	0.248785
5.364000	0.248785
5.365000	0.248785
5.366000	0.070717
5.367000	0.159842
5.368000	0.159842
5.369000	0.159842
5.370000	0.248785
5.371000	0.248785
5.372000	0.248785
5.373000	0.248785
5.374000	0.426671
5.375000	0.426671
5.376000	0.426671
5.377000	0.337728
5.378000	0.337728
5.379000	0.426671
5.380000	0.515796
5.381000	0.515796
5.382000	0.426671
5.383000	0.426671
5.384000	0.515796
5.385000	0.426671
5.386000	0.426671
5.387000	0.248785
5.388000	0.426671
5.389000	0.248785
5.390000	0.337728
5.391000	0.426671
5.392000	0.426671
5.393000	0.426671
5.394000	0.337728
5.395000	0.248785
5.396000	0.337728
5.397000	0.337728
5.398000	0.248785
5.399000	0.248785
5.400000	0.159842
5.401000	0.159842
5.402000	0.070717
5.403000	0.159842
5.404000	0.159842
5.405000	0.070717
5.406000	0.159842
5.407000	0.159842
5.408000	0.248785
5.409000	0.248785
5.410000	0.159842
5.411000	0.070717
5.412000	0.159842
5.413000	0.159842
5.414000	0.159842
5.415000	0.070717
5.416000	0.070717
5.417000	0.070717
5.418000	0.159842
5.419000	0.159842
5.420000	0.159842
5.421000	0.248785
5.422000	0.070717
5.423000	0.070717
5.424000	0.159842
5.425000	0.248785
5.426000	0.337728
5.427000	0.248785
5.428000	0.248785
5.429000	0.337728
5.430000	0.426671
5.431000	0.337728
5.432000	0.159842
5.433000	0.070717
5.434000	0.159842
5.435000	0.248785
5.436000	0.426671
5.437000	0.248785
5.438000	0.248785
5.439000	0.426671
5.440000	0.337728
5.441000	0.337728
5.442000	0.248785
5.443000	0.248785
5.444000	0.337728
5.445000	0.337728
5.446000	0.337728
5.447000	0.426671
5.448000	0.337728
5.449000	0.426671
5.450000	0.248785
5.451000	0.159842
5.452000	0.248785
5.453000	0.248785
5.454000	0.070717
5.455000	0.159842
5.456000	0.337728
5.457000	0.248785
5.458000	0.337728
5.459000	0.248785
5.460000	0.248785
5.461000	0.248785
5.462000	0.248785
5.463000	0.248785
5.464000	0.337728
5.465000	0.248785
5.466000	0.159842
5.467000	0.159842
5.468000	0.248785
5.469000	0.159842
5.470000	0.248785
5.471000	0.159842
5.472000	0.159842
5.473000	0.337728
5.474000	0.248785
5.475000	0.337728
5.476000	0.426671
5.477000	0.426671
5.478000	0.337728
5.479000	0.337728
5.480000	0.426671
5.481000	0.426671
5.482000	0.426671
5.483000	0.515796
5.484000	0.426671
5.485000	0.426671
5.486000	0.426671
5.487000	0.426671
5.488000	0.248785
5.489000	0.248785
5.490000	0.337728
5.491000	0.515796
5.492000	0.515796
5.493000	0.515796
5.494000	0.515796
5.495000	0.515796
5.496000	0.515796
5.497000	0.426671
5.498000	0.426671
5.499000	0.426671
5.500000	0.426671
