-0.500000	-1.522170
-0.499000	-1.522170
-0.498000	-1.585090
-0.497000	-1.585090
-0.496000	-1.522170
-0.495000	-1.585090
-0.494000	-1.459380
-0.493000	-1.585090
-0.492000	-1.647880
-0.491000	-1.585090
-0.490000	-1.647880
-0.489000	-1.585090
-0.488000	-1.585090
-0.487000	-1.585090
-0.486000	-1.585090
-0.485000	-1.647880
-0.484000	-1.522170
-0.483000	-1.522170
-0.482000	-1.585090
-0.481000	-1.522170
-0.480000	-1.585090
-0.479000	-1.522170
-0.478000	-1.522170
-0.477000	-1.585090
-0.476000	-1.522170
-0.475000	-1.522170
-0.474000	-1.585090
-0.473000	-1.585090
-0.472000	-1.585090
-0.471000	-1.585090
-0.470000	-1.585090
-0.469000	-1.585090
-0.468000	-1.585090
-0.467000	-1.585090
-0.466000	-1.522170
-0.465000	-1.585090
-0.464000	-1.585090
-0.463000	-1.522170
-0.462000	-1.585090
-0.461000	-1.522170
-0.460000	-1.522170
-0.459000	-1.710670
-0.458000	-1.647880
-0.457000	-1.647880
-0.456000	-1.585090
-0.455000	-1.647880
-0.454000	-1.647880
-0.453000	-1.585090
-0.452000	-1.647880
-0.451000	-1.647880
-0.450000	-1.585090
-0.449000	-1.585090
-0.448000	-1.585090
-0.447000	-1.647880
-0.446000	-1.585090
-0.445000	-1.585090
-0.444000	-1.522170
-0.443000	-1.585090
-0.442000	-1.585090
-0.441000	-1.522170
-0.440000	-1.585090
-0.439000	-1.522170
-0.438000	-1.522170
-0.437000	-1.585090
-0.436000	-1.459380
-0.435000	-1.585090
-0.434000	-1.522170
-0.433000	-1.459380
-0.432000	-1.585090
-0.431000	-1.585090
-0.430000	-1.647880
-0.429000	-1.647880
-0.428000	-1.585090
-0.427000	-1.647880
-0.426000	-1.522170
-0.425000	-1.585090
-0.424000	-1.647880
-0.423000	-1.585090
-0.422000	-1.585090
-0.421000	-1.710670
-0.420000	-1.585090
-0.419000	-1.647880
-0.418000	-1.585090
-0.417000	-1.585090
-0.416000	-1.585090
-0.415000	-1.647880
-0.414000	-1.585090
-0.413000	-1.585090
-0.412000	-1.585090
-0.411000	-1.585090
-0.410000	-1.585090
-0.409000	-1.585090
-0.408000	-1.585090
-0.407000	-1.585090
-0.406000	-1.585090
-0.405000	-1.585090
-0.404000	-1.585090
-0.403000	-1.522170
-0.402000	-1.522170
-0.401000	-1.585090
-0.400000	-1.522170
-0.399000	-1.522170
-0.398000	-1.585090
-0.397000	-1.585090
-0.396000	-1.585090
-0.395000	-1.647880
-0.394000	-1.585090
-0.393000	-1.585090
-0.392000	-1.585090
-0.391000	-1.522170
-0.390000	-1.522170
-0.389000	-1.459380
-0.388000	-1.585090
-0.387000	-1.647880
-0.386000	-1.647880
-0.385000	-1.585090
-0.384000	-1.522170
-0.383000	-1.522170
-0.382000	-1.585090
-0.381000	-1.647880
-0.380000	-1.522170
-0.379000	-1.710670
-0.378000	-1.585090
-0.377000	-1.585090
-0.376000	-1.585090
-0.375000	-1.585090
-0.374000	-1.522170
-0.373000	-1.522170
-0.372000	-1.710670
-0.371000	-1.647880
-0.370000	-1.585090
-0.369000	-1.647880
-0.368000	-1.522170
-0.367000	-1.585090
-0.366000	-1.647880
-0.365000	-1.585090
-0.364000	-1.647880
-0.363000	-1.585090
-0.362000	-1.585090
-0.361000	-1.585090
-0.360000	-1.585090
-0.359000	-1.585090
-0.358000	-1.522170
-0.357000	-1.459380
-0.356000	-1.522170
-0.355000	-1.585090
-0.354000	-1.522170
-0.353000	-1.522170
-0.352000	-1.647880
-0.351000	-1.647880
-0.350000	-1.585090
-0.349000	-1.585090
-0.348000	-1.585090
-0.347000	-1.585090
-0.346000	-1.585090
-0.345000	-1.585090
-0.344000	-1.585090
-0.343000	-1.585090
-0.342000	-1.585090
-0.341000	-1.585090
-0.340000	-1.522170
-0.339000	-1.585090
-0.338000	-1.585090
-0.337000	-1.585090
-0.336000	-1.585090
-0.335000	-1.585090
-0.334000	-1.522170
-0.333000	-1.522170
-0.332000	-1.647880
-0.331000	-1.647880
-0.330000	-1.522170
-0.329000	-1.585090
-0.328000	-1.522170
-0.327000	-1.522170
-0.326000	-1.522170
-0.325000	-1.647880
-0.324000	-1.585090
-0.323000	-1.585090
-0.322000	-1.585090
-0.321000	-1.585090
-0.320000	-1.585090
-0.319000	-1.710670
-0.318000	-1.710670
-0.317000	-1.585090
-0.316000	-1.585090
-0.315000	-1.585090
-0.314000	-1.710670
-0.313000	-1.585090
-0.312000	-1.522170
-0.311000	-1.585090
-0.310000	-1.522170
-0.309000	-1.585090
-0.308000	-1.522170
-0.307000	-1.522170
-0.306000	-1.522170
-0.305000	-1.522170
-0.304000	-1.522170
-0.303000	-1.585090
-0.302000	-1.522170
-0.301000	-1.522170
-0.300000	-1.459380
-0.299000	-1.522170
-0.298000	-1.585090
-0.297000	-1.585090
-0.296000	-1.459380
-0.295000	-1.459380
-0.294000	-1.585090
-0.293000	-1.585090
-0.292000	-1.585090
-0.291000	-1.585090
-0.290000	-1.585090
-0.289000	-1.585090
-0.288000	-1.647880
-0.287000	-1.585090
-0.286000	-1.647880
-0.285000	-1.647880
-0.284000	-1.522170
-0.283000	-1.585090
-0.282000	-1.585090
-0.281000	-1.647880
-0.280000	-1.585090
-0.279000	-1.585090
-0.278000	-1.647880
-0.277000	-1.585090
-0.276000	-1.585090
-0.275000	-1.585090
-0.274000	-1.585090
-0.273000	-1.585090
-0.272000	-1.459380
-0.271000	-1.522170
-0.270000	-1.585090
-0.269000	-1.647880
-0.268000	-1.585090
-0.267000	-1.585090
-0.266000	-1.585090
-0.265000	-1.585090
-0.264000	-1.585090
-0.263000	-1.647880
-0.262000	-1.522170
-0.261000	-1.522170
-0.260000	-1.522170
-0.259000	-1.522170
-0.258000	-1.585090
-0.257000	-1.647880
-0.256000	-1.522170
-0.255000	-1.522170
-0.254000	-1.647880
-0.253000	-1.522170
-0.252000	-1.647880
-0.251000	-1.522170
-0.250000	-1.522170
-0.249000	-1.585090
-0.248000	-1.585090
-0.247000	-1.647880
-0.246000	-1.647880
-0.245000	-1.647880
-0.244000	-1.647880
-0.243000	-1.585090
-0.242000	-1.710670
-0.241000	-1.647880
-0.240000	-1.647880
-0.239000	-1.585090
-0.238000	-1.647880
-0.237000	-1.585090
-0.236000	-1.647880
-0.235000	-1.647880
-0.234000	-1.647880
-0.233000	-1.585090
-0.232000	-1.522170
-0.231000	-1.585090
-0.230000	-1.585090
-0.229000	-1.585090
-0.228000	-1.585090
-0.227000	-1.522170
-0.226000	-1.459380
-0.225000	-1.585090
-0.224000	-1.522170
-0.223000	-1.459380
-0.222000	-1.459380
-0.221000	-1.522170
-0.220000	-1.522170
-0.219000	-1.522170
-0.218000	-1.522170
-0.217000	-1.522170
-0.216000	-1.522170
-0.215000	-1.522170
-0.214000	-1.585090
-0.213000	-1.522170
-0.212000	-1.647880
-0.211000	-1.585090
-0.210000	-1.585090
-0.209000	-1.585090
-0.208000	-1.647880
-0.207000	-1.585090
-0.206000	-1.647880
-0.205000	-1.585090
-0.204000	-1.585090
-0.203000	-1.647880
-0.202000	-1.647880
-0.201000	-1.585090
-0.200000	-1.585090
-0.199000	-1.647880
-0.198000	-1.647880
-0.197000	-1.585090
-0.196000	-1.522170
-0.195000	-1.647880
-0.194000	-1.585090
-0.193000	-1.459380
-0.192000	-1.522170
-0.191000	-1.585090
-0.190000	-1.585090
-0.189000	-1.459380
-0.188000	-1.522170
-0.187000	-1.585090
-0.186000	-1.585090
-0.185000	-1.585090
-0.184000	-1.647880
-0.183000	-1.522170
-0.182000	-1.647880
-0.181000	-1.647880
-0.180000	-1.647880
-0.179000	-1.647880
-0.178000	-1.585090
-0.177000	-1.585090
-0.176000	-1.647880
-0.175000	-1.647880
-0.174000	-1.585090
-0.173000	-1.522170
-0.172000	-1.522170
-0.171000	-1.585090
-0.170000	-1.522170
-0.169000	-1.585090
-0.168000	-1.522170
-0.167000	-1.585090
-0.166000	-1.585090
-0.165000	-1.585090
-0.164000	-1.585090
-0.163000	-1.522170
-0.162000	-1.522170
-0.161000	-1.522170
-0.160000	-1.585090
-0.159000	-1.522170
-0.158000	-1.647880
-0.157000	-1.585090
-0.156000	-1.585090
-0.155000	-1.585090
-0.154000	-1.710670
-0.153000	-1.647880
-0.152000	-1.585090
-0.151000	-1.522170
-0.150000	-1.522170
-0.149000	-1.585090
-0.148000	-1.585090
-0.147000	-1.522170
-0.146000	-1.522170
-0.145000	-1.522170
-0.144000	-1.459380
-0.143000	-1.459380
-0.142000	-1.522170
-0.141000	-1.522170
-0.140000	-1.522170
-0.139000	-1.459380
-0.138000	-1.522170
-0.137000	-1.522170
-0.136000	-1.522170
-0.135000	-1.522170
-0.134000	-1.585090
-0.133000	-1.459380
-0.132000	-1.647880
-0.131000	-1.585090
-0.130000	-1.585090
-0.129000	-1.585090
-0.128000	-1.585090
-0.127000	-1.647880
-0.126000	-1.647880
-0.125000	-1.522170
-0.124000	-1.585090
-0.123000	-1.647880
-0.122000	-1.647880
-0.121000	-1.647880
-0.120000	-1.647880
-0.119000	-1.647880
-0.118000	-1.585090
-0.117000	-1.585090
-0.116000	-1.585090
-0.115000	-1.585090
-0.114000	-1.522170
-0.113000	-1.522170
-0.112000	-1.585090
-0.111000	-1.585090
-0.110000	-1.585090
-0.109000	-1.585090
-0.108000	-1.647880
-0.107000	-1.647880
-0.106000	-1.585090
-0.105000	-1.585090
-0.104000	-1.647880
-0.103000	-1.710670
-0.102000	-1.585090
-0.101000	-1.585090
-0.100000	-1.647880
-0.099000	-1.647880
-0.098000	-1.647880
-0.097000	-1.647880
-0.096000	-1.585090
-0.095000	-1.522170
-0.094000	-1.585090
-0.093000	-1.647880
-0.092000	-1.585090
-0.091000	-1.585090
-0.090000	-1.522170
-0.089000	-1.585090
-0.088000	-1.585090
-0.087000	-1.647880
-0.086000	-1.522170
-0.085000	-1.585090
-0.084000	-1.522170
-0.083000	-1.585090
-0.082000	-1.647880
-0.081000	-1.585090
-0.080000	-1.647880
-0.079000	-1.522170
-0.078000	-1.647880
-0.077000	-1.585090
-0.076000	-1.585090
-0.075000	-1.647880
-0.074000	-1.585090
-0.073000	-1.647880
-0.072000	-1.710670
-0.071000	-1.647880
-0.070000	-1.710670
-0.069000	-1.647880
-0.068000	-1.710670
-0.067000	-1.522170
-0.066000	-1.585090
-0.065000	-1.585090
-0.064000	-1.585090
-0.063000	-1.522170
-0.062000	-1.459380
-0.061000	-1.459380
-0.060000	-1.522170
-0.059000	-1.585090
-0.058000	-1.459380
-0.057000	-1.522170
-0.056000	-1.459380
-0.055000	-1.459380
-0.054000	-1.522170
-0.053000	-1.522170
-0.052000	-1.522170
-0.051000	-1.522170
-0.050000	-1.522170
-0.049000	-1.585090
-0.048000	-1.585090
-0.047000	-1.585090
-0.046000	-1.459380
-0.045000	-1.522170
-0.044000	-1.522170
-0.043000	-1.522170
-0.042000	-1.585090
-0.041000	-1.522170
-0.040000	-1.585090
-0.039000	-1.585090
-0.038000	-1.647880
-0.037000	-1.710670
-0.036000	-1.710670
-0.035000	-1.710670
-0.034000	-1.710670
-0.033000	-1.585090
-0.032000	-1.585090
-0.031000	-1.710670
-0.030000	-1.270870
-0.029000	-1.270870
-0.028000	-0.893999
-0.027000	-0.956790
-0.026000	-0.516996
-0.025000	-0.454205
-0.024000	-0.265704
-0.023000	0.299801
-0.022000	0.865177
-0.021000	1.242180
-0.020000	1.493470
-0.019000	1.807560
-0.018000	2.435850
-0.017000	2.624350
-0.016000	3.189860
-0.015000	3.189860
-0.014000	3.378230
-0.013000	3.378230
-0.012000	3.252650
-0.011000	3.064150
-0.010000	2.687140
-0.009000	2.310270
-0.008000	1.996060
-0.007000	1.430680
-0.006000	0.990888
-0.005000	0.488303
-0.004000	-0.077202
-0.003000	-0.642707
-0.002000	-1.522170
-0.001000	-2.087670
0.000000	-2.904470
0.001000	-3.658350
0.002000	-4.537930
0.003000	-5.480310
0.004000	-6.611190
0.005000	-7.930580
0.006000	-8.998670
0.007000	-9.878250
0.008000	-11.134800
0.009000	-12.391300
0.010000	-13.396600
0.011000	-14.339000
0.012000	-15.281400
0.013000	-16.286699
0.014000	-16.726500
0.015000	-17.417500
0.016000	-17.857300
0.017000	-18.171400
0.018000	-18.171400
0.019000	-18.171400
0.020000	-18.045700
0.021000	-17.794399
0.022000	-17.417500
0.023000	-16.914801
0.024000	-16.286699
0.025000	-15.595400
0.026000	-14.841600
0.027000	-14.276200
0.028000	-13.396600
0.029000	-12.642600
0.030000	-12.014300
0.031000	-11.197600
0.032000	-10.506500
0.033000	-9.815460
0.034000	-9.375670
0.035000	-8.872950
0.036000	-8.684580
0.037000	-8.684580
0.038000	-8.621660
0.039000	-8.433160
0.040000	-7.867780
0.041000	-7.365200
0.042000	-6.925410
0.043000	-6.422690
0.044000	-5.920110
0.045000	-5.354730
0.046000	-5.040520
0.047000	-5.040520
0.048000	-5.229020
0.049000	-5.731610
0.050000	-6.359900
0.051000	-7.365200
0.052000	-8.496080
0.053000	-9.815460
0.054000	-11.009100
0.055000	-12.077200
0.056000	-13.082400
0.057000	-13.773500
0.058000	-14.401800
0.059000	-14.967300
0.060000	-15.344200
0.061000	-15.407100
0.062000	-15.469900
0.063000	-15.407100
0.064000	-15.344200
0.065000	-15.469900
0.066000	-15.344200
0.067000	-15.407100
0.068000	-15.281400
0.069000	-15.218600
0.070000	-15.030100
0.071000	-14.904400
0.072000	-14.841600
0.073000	-14.778800
0.074000	-14.841600
0.075000	-14.841600
0.076000	-14.841600
0.077000	-14.841600
0.078000	-15.030100
0.079000	-15.092900
0.080000	-15.030100
0.081000	-15.030100
0.082000	-15.092900
0.083000	-15.030100
0.084000	-15.030100
0.085000	-14.904400
0.086000	-14.841600
0.087000	-14.778800
0.088000	-14.716000
0.089000	-14.778800
0.090000	-14.904400
0.091000	-14.967300
0.092000	-15.218600
0.093000	-15.344200
0.094000	-15.407100
0.095000	-15.658400
0.096000	-15.909700
0.097000	-16.098200
0.098000	-16.223700
0.099000	-16.475000
0.100000	-16.600700
0.101000	-16.726500
0.102000	-16.977699
0.103000	-17.166300
0.104000	-17.354601
0.105000	-17.543100
0.106000	-17.668800
0.107000	-17.794399
0.108000	-17.920099
0.109000	-17.920099
0.110000	-17.982901
0.111000	-17.982901
0.112000	-18.045700
0.113000	-18.108601
0.114000	-18.171400
0.115000	-18.045700
0.116000	-18.045700
0.117000	-18.045700
0.118000	-18.108601
0.119000	-18.108601
0.120000	-18.045700
0.121000	-18.108601
0.122000	-18.045700
0.123000	-18.045700
0.124000	-18.108601
0.125000	-18.045700
0.126000	-18.045700
0.127000	-18.171400
0.128000	-18.422701
0.129000	-18.548401
0.130000	-18.736900
0.131000	-18.925301
0.132000	-19.176701
0.133000	-19.427999
0.134000	-19.679300
0.135000	-19.930599
0.136000	-19.993401
0.137000	-20.119101
0.138000	-20.181900
0.139000	-20.433201
0.140000	-20.558901
0.141000	-20.684500
0.142000	-20.810200
0.143000	-20.810200
0.144000	-20.872999
0.145000	-20.998699
0.146000	-20.998699
0.147000	-21.061501
0.148000	-21.187201
0.149000	-21.312799
0.150000	-21.375601
0.151000	-21.438499
0.152000	-21.564100
0.153000	-21.564100
0.154000	-21.689800
0.155000	-21.815399
0.156000	-22.066601
0.157000	-22.255100
0.158000	-22.318100
0.159000	-22.569401
0.160000	-22.757900
0.161000	-22.883400
0.162000	-23.134701
0.163000	-23.197701
0.164000	-23.323200
0.165000	-23.386000
0.166000	-23.386000
0.167000	-23.260401
0.168000	-23.323200
0.169000	-23.134701
0.170000	-23.071899
0.171000	-23.009199
0.172000	-23.009199
0.173000	-23.009199
0.174000	-23.009199
0.175000	-23.071899
0.176000	-23.071899
0.177000	-23.260401
0.178000	-23.448900
0.179000	-23.637300
0.180000	-23.825800
0.181000	-24.077101
0.182000	-24.328501
0.183000	-24.579800
0.184000	-24.831100
0.185000	-25.082399
0.186000	-25.270901
0.187000	-25.647800
0.188000	-25.899200
0.189000	-26.150499
0.190000	-26.339001
0.191000	-26.653099
0.192000	-26.715900
0.193000	-27.030100
0.194000	-27.155701
0.195000	-27.344200
0.196000	-27.407000
0.197000	-27.469900
0.198000	-27.469900
0.199000	-27.595501
0.200000	-27.532700
0.201000	-27.595501
0.202000	-27.595501
0.203000	-27.784000
0.204000	-27.909700
0.205000	-27.972500
0.206000	-28.035299
0.207000	-28.160999
0.208000	-28.349501
0.209000	-28.475100
0.210000	-28.475100
0.211000	-28.537800
0.212000	-28.663601
0.213000	-28.914900
0.214000	-28.977600
0.215000	-29.166100
0.216000	-29.354601
0.217000	-29.417400
0.218000	-29.417400
0.219000	-29.605900
0.220000	-29.794399
0.221000	-29.920099
0.222000	-29.920099
0.223000	-29.982901
0.224000	-29.982901
0.225000	-30.045700
0.226000	-30.108500
0.227000	-29.982901
0.228000	-30.171400
0.229000	-30.234200
0.230000	-30.359900
0.231000	-30.485500
0.232000	-30.674000
0.233000	-30.736799
0.234000	-30.988100
0.235000	-31.113800
0.236000	-31.239500
0.237000	-31.490801
0.238000	-31.804899
0.239000	-32.056198
0.240000	-32.244701
0.241000	-32.433201
0.242000	-32.684502
0.243000	-32.935799
0.244000	-33.124298
0.245000	-29.229099
0.246000	-30.359900
0.247000	-25.333700
0.248000	-31.176600
0.249000	-29.040600
0.250000	-29.417400
0.251000	-25.208099
0.252000	-24.391300
0.253000	-23.134701
0.254000	-21.626900
0.255000	-16.538000
0.256000	-13.962000
0.257000	-10.318000
0.258000	-7.804990
0.259000	-4.663640
0.260000	-1.333790
0.261000	0.174091
0.262000	3.880940
0.263000	6.708080
0.264000	8.153170
0.265000	7.336380
0.266000	6.582500
0.267000	6.645290
0.268000	5.514410
0.269000	1.556260
0.270000	-2.213380
0.271000	-7.050990
0.272000	-11.071900
0.273000	-16.035200
0.274000	-21.187201
0.275000	-24.705400
0.276000	-28.726299
0.277000	-33.250000
0.278000	-36.391399
0.279000	-39.469799
0.280000	-40.286598
0.281000	-41.480202
0.282000	-42.674000
0.283000	-43.239399
0.284000	-43.679199
0.285000	-43.490700
0.286000	-42.108501
0.287000	-42.045799
0.288000	-40.789200
0.289000	-40.349400
0.290000	-38.527401
0.291000	-37.333698
0.292000	-35.763100
0.293000	-34.003899
0.294000	-31.742100
0.295000	-30.359900
0.296000	-28.789301
0.297000	-27.218599
0.298000	-24.768299
0.299000	-22.632200
0.300000	-20.810200
0.301000	-18.611200
0.302000	-16.538000
0.303000	-13.899200
0.304000	-12.014300
0.305000	-10.066800
0.306000	-7.553570
0.307000	-5.543100
0.308000	-3.784060
0.309000	-2.590260
0.310000	-1.836380
0.311000	-0.579787
0.312000	-0.328495
0.313000	-0.265704
0.314000	-0.705498
0.315000	-1.710670
0.316000	-2.904470
0.317000	-4.726440
0.318000	-6.548400
0.319000	-8.935870
0.320000	-11.637400
0.321000	-14.339000
0.322000	-17.040501
0.323000	-19.679300
0.324000	-22.569401
0.325000	-25.396500
0.326000	-27.784000
0.327000	-30.108500
0.328000	-32.118999
0.329000	-33.941101
0.330000	-35.511799
0.331000	-36.328400
0.332000	-37.019501
0.333000	-37.396500
0.334000	-37.584999
0.335000	-37.396500
0.336000	-36.579700
0.337000	-35.637299
0.338000	-34.506500
0.339000	-33.250000
0.340000	-31.679199
0.341000	-30.234200
0.342000	-28.663601
0.343000	-27.092899
0.344000	-25.584999
0.345000	-24.077101
0.346000	-22.694901
0.347000	-21.689800
0.348000	-20.684500
0.349000	-19.679300
0.350000	-18.862499
0.351000	-18.234200
0.352000	-17.794399
0.353000	-17.480301
0.354000	-17.229000
0.355000	-16.851999
0.356000	-16.726500
0.357000	-16.600700
0.358000	-16.726500
0.359000	-16.789200
0.360000	-16.851999
0.361000	-16.977699
0.362000	-17.040501
0.363000	-17.291800
0.364000	-17.543100
0.365000	-17.920099
0.366000	-18.171400
0.367000	-18.422701
0.368000	-18.862499
0.369000	-19.239500
0.370000	-19.176701
0.371000	-19.930599
0.372000	-20.747400
0.373000	-21.438499
0.374000	-21.815399
0.375000	-22.569401
0.376000	-23.574499
0.377000	-24.642599
0.378000	-25.208099
0.379000	-25.899200
0.380000	-26.653099
0.381000	-27.407000
0.382000	-27.658300
0.383000	-28.035299
0.384000	-28.349501
0.385000	-28.537800
0.386000	-28.412300
0.387000	-28.349501
0.388000	-28.223801
0.389000	-28.223801
0.390000	-27.846800
0.391000	-27.407000
0.392000	-26.904400
0.393000	-26.527399
0.394000	-26.150499
0.395000	-25.459400
0.396000	-24.831100
0.397000	-24.391300
0.398000	-24.077101
0.399000	-23.511700
0.400000	-23.071899
0.401000	-22.694901
0.402000	-22.632200
0.403000	-22.506399
0.404000	-22.318100
0.405000	-22.318100
0.406000	-22.380899
0.407000	-22.255100
0.408000	-22.318100
0.409000	-22.443701
0.410000	-22.569401
0.411000	-22.757900
0.412000	-22.820700
0.413000	-22.946199
0.414000	-23.071899
0.415000	-23.323200
0.416000	-23.574499
0.417000	-23.763000
0.418000	-24.077101
0.419000	-24.391300
0.420000	-24.579800
0.421000	-24.956699
0.422000	-25.208099
0.423000	-25.522200
0.424000	-25.773500
0.425000	-26.087601
0.426000	-26.339001
0.427000	-26.590300
0.428000	-26.841600
0.429000	-26.967199
0.430000	-27.092899
0.431000	-27.344200
0.432000	-27.532700
0.433000	-27.658300
0.434000	-27.721201
0.435000	-27.909700
0.436000	-27.846800
0.437000	-27.784000
0.438000	-27.972500
0.439000	-27.846800
0.440000	-27.846800
0.441000	-27.658300
0.442000	-27.595501
0.443000	-27.281401
0.444000	-27.092899
0.445000	-26.715900
0.446000	-26.401800
0.447000	-26.024799
0.448000	-25.647800
0.449000	-25.145201
0.450000	-24.705400
0.451000	-24.391300
0.452000	-24.202801
0.453000	-23.700199
0.454000	-23.448900
0.455000	-23.386000
0.456000	-23.323200
0.457000	-23.323200
0.458000	-23.323200
0.459000	-23.323200
0.460000	-23.511700
0.461000	-24.014299
0.462000	-24.328501
0.463000	-24.956699
0.464000	-25.333700
0.465000	-25.899200
0.466000	-26.464600
0.467000	-26.967199
0.468000	-27.595501
0.469000	-28.223801
0.470000	-28.663601
0.471000	-29.040600
0.472000	-29.417400
0.473000	-29.857201
0.474000	-29.982901
0.475000	-30.234200
0.476000	-30.359900
0.477000	-30.548300
0.478000	-30.736799
0.479000	-30.736799
0.480000	-30.548300
0.481000	-30.611200
0.482000	-30.422701
0.483000	-30.359900
0.484000	-30.171400
0.485000	-29.982901
0.486000	-29.920099
0.487000	-29.605900
0.488000	-29.354601
0.489000	-29.103399
0.490000	-28.914900
0.491000	-28.726299
0.492000	-28.537800
0.493000	-28.412300
0.494000	-28.286600
0.495000	-28.035299
0.496000	-28.035299
0.497000	-27.972500
0.498000	-27.846800
0.499000	-27.658300
0.500000	-27.595501
0.501000	-27.595501
0.502000	-27.469900
0.503000	-27.532700
0.504000	-27.469900
0.505000	-27.407000
0.506000	-27.407000
0.507000	-27.595501
0.508000	-27.784000
0.509000	-27.909700
0.510000	-28.098101
0.511000	-28.098101
0.512000	-28.349501
0.513000	-28.663601
0.514000	-28.977600
0.515000	-29.291901
0.516000	-29.605900
0.517000	-29.857201
0.518000	-30.171400
0.519000	-30.422701
0.520000	-30.674000
0.521000	-31.113800
0.522000	-31.365101
0.523000	-31.742100
0.524000	-31.867701
0.525000	-32.056198
0.526000	-32.307499
0.527000	-32.370399
0.528000	-32.495998
0.529000	-32.558800
0.530000	-32.558800
0.531000	-32.621700
0.532000	-32.621700
0.533000	-32.307499
0.534000	-32.244701
0.535000	-32.244701
0.536000	-32.118999
0.537000	-31.993401
0.538000	-31.867701
0.539000	-31.616400
0.540000	-31.427900
0.541000	-31.239500
0.542000	-31.051001
0.543000	-30.925301
0.544000	-30.736799
0.545000	-30.548300
0.546000	-30.422701
0.547000	-30.359900
0.548000	-30.171400
0.549000	-30.045700
0.550000	-29.920099
0.551000	-30.108500
0.552000	-30.108500
0.553000	-30.171400
0.554000	-29.920099
0.555000	-30.359900
0.556000	-30.925301
0.557000	-30.736799
0.558000	-30.548300
0.559000	-30.925301
0.560000	-31.553600
0.561000	-31.302299
0.562000	-30.736799
0.563000	-30.799700
0.564000	-31.239500
0.565000	-31.051001
0.566000	-30.422701
0.567000	-30.045700
0.568000	-30.485500
0.569000	-30.548300
0.570000	-29.982901
0.571000	-29.731600
0.572000	-29.920099
0.573000	-30.108500
0.574000	-29.857201
0.575000	-29.605900
0.576000	-29.731600
0.577000	-29.920099
0.578000	-29.982901
0.579000	-29.857201
0.580000	-29.857201
0.581000	-29.982901
0.582000	-30.045700
0.583000	-30.045700
0.584000	-29.982901
0.585000	-29.982901
0.586000	-29.920099
0.587000	-29.857201
0.588000	-29.857201
0.589000	-29.605900
0.590000	-29.605900
0.591000	-29.668699
0.592000	-29.480400
0.593000	-29.354601
0.594000	-29.103399
0.595000	-29.040600
0.596000	-28.412300
0.597000	-29.291901
0.598000	-29.668699
0.599000	-28.852100
0.600000	-27.532700
0.601000	-27.155701
0.602000	-27.407000
0.603000	-26.653099
0.604000	-23.448900
0.605000	-20.433201
0.606000	-18.297100
0.607000	-17.291800
0.608000	-15.030100
0.609000	-11.637400
0.610000	-9.187170
0.611000	-7.302280
0.612000	-5.291810
0.613000	-3.721140
0.614000	-2.401750
0.615000	-2.024880
0.616000	-1.459380
0.617000	-0.579787
0.618000	-0.202913
0.619000	-1.019580
0.620000	-2.213380
0.621000	-3.407050
0.622000	-4.663640
0.623000	-6.297110
0.624000	-7.804990
0.625000	-9.375670
0.626000	-11.071900
0.627000	-12.391300
0.628000	-13.899200
0.629000	-15.030100
0.630000	-15.846900
0.631000	-16.412201
0.632000	-16.977699
0.633000	-17.605900
0.634000	-18.234200
0.635000	-18.359900
0.636000	-18.485500
0.637000	-18.548401
0.638000	-18.862499
0.639000	-18.925301
0.640000	-18.925301
0.641000	-18.611200
0.642000	-18.422701
0.643000	-18.045700
0.644000	-17.731600
0.645000	-17.291800
0.646000	-16.600700
0.647000	-15.721200
0.648000	-14.716000
0.649000	-13.836400
0.650000	-13.082400
0.651000	-12.077200
0.652000	-11.134800
0.653000	-10.129500
0.654000	-9.124380
0.655000	-8.181870
0.656000	-7.113910
0.657000	-6.359900
0.658000	-5.606020
0.659000	-4.977730
0.660000	-4.349430
0.661000	-3.909640
0.662000	-3.469840
0.663000	-3.281340
0.664000	-3.281340
0.665000	-3.218550
0.666000	-3.344260
0.667000	-3.784060
0.668000	-4.349430
0.669000	-4.977730
0.670000	-5.731610
0.671000	-6.485610
0.672000	-7.365200
0.673000	-8.181870
0.674000	-9.249960
0.675000	-10.318000
0.676000	-11.260400
0.677000	-12.140000
0.678000	-13.019600
0.679000	-13.836400
0.680000	-14.464600
0.681000	-15.092900
0.682000	-15.595400
0.683000	-15.972500
0.684000	-16.349501
0.685000	-16.663500
0.686000	-16.663500
0.687000	-16.475000
0.688000	-16.349501
0.689000	-16.098200
0.690000	-15.846900
0.691000	-15.532700
0.692000	-15.092900
0.693000	-14.590300
0.694000	-14.024800
0.695000	-13.396600
0.696000	-12.893900
0.697000	-12.705500
0.698000	-12.517000
0.699000	-12.391300
0.700000	-12.077200
0.701000	-11.888700
0.702000	-11.637400
0.703000	-11.574500
0.704000	-11.574500
0.705000	-11.260400
0.706000	-11.009100
0.707000	-10.632100
0.708000	-10.255300
0.709000	-9.878250
0.710000	-9.438460
0.711000	-8.998670
0.712000	-8.747370
0.713000	-8.307580
0.714000	-8.244790
0.715000	-7.930580
0.716000	-7.930580
0.717000	-7.804990
0.718000	-7.742070
0.719000	-7.930580
0.720000	-8.307580
0.721000	-8.496080
0.722000	-8.998670
0.723000	-9.564040
0.724000	-10.066800
0.725000	-10.695100
0.726000	-11.323200
0.727000	-12.077200
0.728000	-12.642600
0.729000	-13.396600
0.730000	-13.899200
0.731000	-14.339000
0.732000	-14.841600
0.733000	-15.030100
0.734000	-15.344200
0.735000	-15.532700
0.736000	-15.658400
0.737000	-15.658400
0.738000	-15.595400
0.739000	-15.532700
0.740000	-15.407100
0.741000	-15.281400
0.742000	-15.155800
0.743000	-14.841600
0.744000	-14.841600
0.745000	-14.778800
0.746000	-13.962000
0.747000	-13.145300
0.748000	-11.260400
0.749000	-11.511700
0.750000	-12.077200
0.751000	-11.700200
0.752000	-12.202800
0.753000	-12.579800
0.754000	-12.893900
0.755000	-13.459400
0.756000	-14.213300
0.757000	-15.595400
0.758000	-16.726500
0.759000	-17.857300
0.760000	-18.925301
0.761000	-19.679300
0.762000	-20.433201
0.763000	-21.187201
0.764000	-22.066601
0.765000	-22.506399
0.766000	-23.323200
0.767000	-24.202801
0.768000	-24.642599
0.769000	-24.831100
0.770000	-24.893900
0.771000	-24.705400
0.772000	-24.705400
0.773000	-24.831100
0.774000	-25.082399
0.775000	-25.145201
0.776000	-24.956699
0.777000	-24.768299
0.778000	-24.642599
0.779000	-24.642599
0.780000	-24.831100
0.781000	-25.082399
0.782000	-25.270901
0.783000	-25.333700
0.784000	-25.208099
0.785000	-25.208099
0.786000	-25.208099
0.787000	-25.396500
0.788000	-25.522200
0.789000	-25.836300
0.790000	-25.899200
0.791000	-25.899200
0.792000	-25.899200
0.793000	-25.836300
0.794000	-25.899200
0.795000	-26.087601
0.796000	-26.276100
0.797000	-26.213301
0.798000	-26.276100
0.799000	-26.401800
0.800000	-26.527399
0.801000	-26.590300
0.802000	-26.778799
0.803000	-27.092899
0.804000	-27.469900
0.805000	-27.972500
0.806000	-28.349501
0.807000	-28.789301
0.808000	-29.354601
0.809000	-29.857201
0.810000	-30.234200
0.811000	-30.862499
0.812000	-31.553600
0.813000	-32.056198
0.814000	-32.433201
0.815000	-32.747299
0.816000	-32.935799
0.817000	-33.187099
0.818000	-33.501301
0.819000	-33.689701
0.820000	-33.752602
0.821000	-33.752602
0.822000	-33.815399
0.823000	-33.752602
0.824000	-33.689701
0.825000	-33.438400
0.826000	-33.312801
0.827000	-33.250000
0.828000	-32.998600
0.829000	-32.747299
0.830000	-32.684502
0.831000	-32.370399
0.832000	-32.181900
0.833000	-31.993401
0.834000	-32.056198
0.835000	-31.993401
0.836000	-31.993401
0.837000	-31.930599
0.838000	-31.993401
0.839000	-32.118999
0.840000	-32.181900
0.841000	-32.244701
0.842000	-32.370399
0.843000	-32.558800
0.844000	-32.558800
0.845000	-32.684502
0.846000	-32.684502
0.847000	-32.747299
0.848000	-32.810200
0.849000	-32.873001
0.850000	-32.935799
0.851000	-32.998600
0.852000	-32.998600
0.853000	-33.124298
0.854000	-33.124298
0.855000	-33.187099
0.856000	-33.187099
0.857000	-33.187099
0.858000	-33.250000
0.859000	-33.312801
0.860000	-33.438400
0.861000	-33.501301
0.862000	-33.626900
0.863000	-33.626900
0.864000	-33.689701
0.865000	-33.752602
0.866000	-33.878201
0.867000	-33.815399
0.868000	-33.878201
0.869000	-33.752602
0.870000	-33.626900
0.871000	-33.501301
0.872000	-33.187099
0.873000	-32.998600
0.874000	-32.621700
0.875000	-32.370399
0.876000	-32.056198
0.877000	-31.804899
0.878000	-31.490801
0.879000	-31.239500
0.880000	-30.862499
0.881000	-30.611200
0.882000	-30.359900
0.883000	-30.171400
0.884000	-29.920099
0.885000	-29.794399
0.886000	-29.731600
0.887000	-29.605900
0.888000	-29.480400
0.889000	-29.480400
0.890000	-29.605900
0.891000	-29.668699
0.892000	-29.668699
0.893000	-29.794399
0.894000	-29.982901
0.895000	-30.045700
0.896000	-30.045700
0.897000	-30.108500
0.898000	-30.171400
0.899000	-30.171400
0.900000	-30.045700
0.901000	-29.982901
0.902000	-29.982901
0.903000	-29.920099
0.904000	-29.668699
0.905000	-29.731600
0.906000	-29.731600
0.907000	-29.731600
0.908000	-29.605900
0.909000	-29.668699
0.910000	-29.668699
0.911000	-29.668699
0.912000	-29.480400
0.913000	-29.605900
0.914000	-29.354601
0.915000	-29.229099
0.916000	-29.103399
0.917000	-28.977600
0.918000	-28.789301
0.919000	-28.600800
0.920000	-28.475100
0.921000	-28.286600
0.922000	-28.035299
0.923000	-27.909700
0.924000	-27.658300
0.925000	-27.407000
0.926000	-27.092899
0.927000	-26.778799
0.928000	-26.464600
0.929000	-26.150499
0.930000	-25.773500
0.931000	-25.396500
0.932000	-24.956699
0.933000	-24.579800
0.934000	-24.139999
0.935000	-23.825800
0.936000	-23.448900
0.937000	-23.134701
0.938000	-23.071899
0.939000	-22.694901
0.940000	-22.569401
0.941000	-22.506399
0.942000	-22.318100
0.943000	-22.255100
0.944000	-22.192400
0.945000	-22.380899
0.946000	-22.443701
0.947000	-22.443701
0.948000	-22.632200
0.949000	-22.632200
0.950000	-22.883400
0.951000	-22.946199
0.952000	-23.197701
0.953000	-23.386000
0.954000	-23.511700
0.955000	-23.448900
0.956000	-23.323200
0.957000	-23.260401
0.958000	-23.071899
0.959000	-22.946199
0.960000	-22.694901
0.961000	-22.443701
0.962000	-22.192400
0.963000	-21.878300
0.964000	-21.564100
0.965000	-21.375601
0.966000	-20.998699
0.967000	-20.684500
0.968000	-20.496000
0.969000	-20.307600
0.970000	-20.119101
0.971000	-19.993401
0.972000	-19.742100
0.973000	-19.616400
0.974000	-19.616400
0.975000	-19.490801
0.976000	-19.553600
0.977000	-19.616400
0.978000	-19.679300
0.979000	-19.804899
0.980000	-19.930599
0.981000	-19.993401
0.982000	-20.181900
0.983000	-20.307600
0.984000	-20.370399
0.985000	-20.433201
0.986000	-20.433201
0.987000	-20.496000
0.988000	-20.496000
0.989000	-20.433201
0.990000	-20.433201
0.991000	-20.433201
0.992000	-20.307600
0.993000	-20.244699
0.994000	-20.119101
0.995000	-20.056200
0.996000	-19.993401
0.997000	-19.930599
0.998000	-19.867800
0.999000	-19.930599
1.000000	-19.930599
1.001000	-20.056200
1.002000	-20.119101
1.003000	-20.307600
1.004000	-20.433201
1.005000	-20.496000
1.006000	-20.747400
1.007000	-20.935801
1.008000	-21.187201
1.009000	-21.375601
1.010000	-21.375601
1.011000	-21.438499
1.012000	-21.564100
1.013000	-21.689800
1.014000	-21.689800
1.015000	-21.626900
1.016000	-21.501301
1.017000	-21.438499
1.018000	-21.438499
1.019000	-21.312799
1.020000	-21.187201
1.021000	-21.312799
1.022000	-21.124300
1.023000	-21.124300
1.024000	-21.187201
1.025000	-21.312799
1.026000	-21.312799
1.027000	-21.375601
1.028000	-21.375601
1.029000	-21.626900
1.030000	-21.815399
1.031000	-22.003901
1.032000	-22.129601
1.033000	-22.380899
1.034000	-22.569401
1.035000	-22.820700
1.036000	-22.946199
1.037000	-23.134701
1.038000	-23.260401
1.039000	-23.386000
1.040000	-23.574499
1.041000	-23.637300
1.042000	-23.700199
1.043000	-23.700199
1.044000	-23.763000
1.045000	-23.888700
1.046000	-24.014299
1.047000	-24.077101
1.048000	-24.265600
1.049000	-24.391300
1.050000	-24.391300
1.051000	-24.705400
1.052000	-24.768299
1.053000	-25.019600
1.054000	-25.208099
1.055000	-25.396500
1.056000	-25.584999
1.057000	-25.899200
1.058000	-26.024799
1.059000	-26.213301
1.060000	-26.339001
1.061000	-26.527399
1.062000	-26.653099
1.063000	-26.841600
1.064000	-26.967199
1.065000	-27.092899
1.066000	-27.218599
1.067000	-27.344200
1.068000	-27.469900
1.069000	-27.532700
1.070000	-27.595501
1.071000	-27.595501
1.072000	-27.658300
1.073000	-27.658300
1.074000	-27.721201
1.075000	-27.721201
1.076000	-27.846800
1.077000	-27.846800
1.078000	-28.035299
1.079000	-28.098101
1.080000	-28.349501
1.081000	-28.475100
1.082000	-28.600800
1.083000	-28.914900
1.084000	-29.103399
1.085000	-29.417400
1.086000	-29.605900
1.087000	-29.731600
1.088000	-30.045700
1.089000	-30.234200
1.090000	-30.485500
1.091000	-30.674000
1.092000	-30.862499
1.093000	-31.051001
1.094000	-31.239500
1.095000	-31.427900
1.096000	-31.490801
1.097000	-31.679199
1.098000	-31.804899
1.099000	-31.867701
1.100000	-31.867701
1.101000	-31.930599
1.102000	-31.930599
1.103000	-31.993401
1.104000	-31.930599
1.105000	-31.867701
1.106000	-31.742100
1.107000	-31.804899
1.108000	-31.867701
1.109000	-31.930599
1.110000	-31.993401
1.111000	-32.056198
1.112000	-32.307499
1.113000	-32.307499
1.114000	-32.433201
1.115000	-32.558800
1.116000	-32.747299
1.117000	-32.873001
1.118000	-32.935799
1.119000	-33.124298
1.120000	-33.187099
1.121000	-33.375599
1.122000	-33.501301
1.123000	-33.626900
1.124000	-33.626900
1.125000	-33.878201
1.126000	-34.003899
1.127000	-34.129501
1.128000	-34.318001
1.129000	-34.443699
1.130000	-34.569302
1.131000	-34.695000
1.132000	-34.757801
1.133000	-34.883499
1.134000	-35.134800
1.135000	-35.134800
1.136000	-35.260502
1.137000	-35.386101
1.138000	-35.448799
1.139000	-35.700100
1.140000	-35.888599
1.141000	-36.077099
1.142000	-36.202801
1.143000	-36.328400
1.144000	-36.391399
1.145000	-36.516899
1.146000	-36.579700
1.147000	-36.705399
1.148000	-36.579700
1.149000	-36.768200
1.150000	-36.642601
1.151000	-36.579700
1.152000	-36.705399
1.153000	-36.642601
1.154000	-36.579700
1.155000	-36.516899
1.156000	-36.579700
1.157000	-36.516899
1.158000	-36.391399
1.159000	-36.454102
1.160000	-36.391399
1.161000	-36.391399
1.162000	-36.265598
1.163000	-36.391399
1.164000	-36.454102
1.165000	-36.516899
1.166000	-36.642601
1.167000	-36.768200
1.168000	-37.019501
1.169000	-37.019501
1.170000	-37.082401
1.171000	-37.333698
1.172000	-37.459301
1.173000	-37.522202
1.174000	-37.773499
1.175000	-37.899101
1.176000	-37.899101
1.177000	-38.024799
1.178000	-38.087601
1.179000	-38.213299
1.180000	-38.213299
1.181000	-38.213299
1.182000	-38.276100
1.183000	-38.213299
1.184000	-38.276100
1.185000	-38.150398
1.186000	-38.087601
1.187000	-38.024799
1.188000	-37.899101
1.189000	-37.710602
1.190000	-37.773499
1.191000	-37.522202
1.192000	-37.522202
1.193000	-37.459301
1.194000	-37.396500
1.195000	-37.333698
1.196000	-37.396500
1.197000	-37.270901
1.198000	-37.270901
1.199000	-37.270901
1.200000	-37.208000
1.201000	-37.270901
1.202000	-37.270901
1.203000	-37.270901
1.204000	-37.333698
1.205000	-37.270901
1.206000	-37.208000
1.207000	-37.208000
1.208000	-37.208000
1.209000	-37.270901
1.210000	-37.270901
1.211000	-37.145199
1.212000	-37.270901
1.213000	-37.145199
1.214000	-37.082401
1.215000	-36.893902
1.216000	-36.893902
1.217000	-36.768200
1.218000	-36.705399
1.219000	-36.642601
1.220000	-36.579700
1.221000	-36.516899
1.222000	-36.516899
1.223000	-36.454102
1.224000	-36.391399
1.225000	-36.328400
1.226000	-36.328400
1.227000	-36.391399
1.228000	-36.328400
1.229000	-36.202801
1.230000	-36.139900
1.231000	-36.139900
1.232000	-36.202801
1.233000	-36.077099
1.234000	-36.077099
1.235000	-35.951599
1.236000	-35.888599
1.237000	-35.888599
1.238000	-35.888599
1.239000	-35.763100
1.240000	-35.763100
1.241000	-35.637299
1.242000	-35.637299
1.243000	-35.637299
1.244000	-35.448799
1.245000	-35.448799
1.246000	-35.386101
1.247000	-35.323299
1.248000	-35.323299
1.249000	-35.260502
1.250000	-35.260502
1.251000	-35.260502
1.252000	-35.260502
1.253000	-35.197498
1.254000	-35.197498
1.255000	-35.197498
1.256000	-35.260502
1.257000	-35.134800
1.258000	-35.071999
1.259000	-35.134800
1.260000	-35.008999
1.261000	-35.008999
1.262000	-35.071999
1.263000	-34.946301
1.264000	-34.946301
1.265000	-34.946301
1.266000	-34.820702
1.267000	-34.757801
1.268000	-34.695000
1.269000	-34.695000
1.270000	-34.569302
1.271000	-34.443699
1.272000	-34.380901
1.273000	-34.255199
1.274000	-34.255199
1.275000	-34.129501
1.276000	-34.066700
1.277000	-34.003899
1.278000	-33.941101
1.279000	-34.003899
1.280000	-33.941101
1.281000	-33.941101
1.282000	-33.878201
1.283000	-33.878201
1.284000	-33.941101
1.285000	-33.878201
1.286000	-33.752602
1.287000	-33.815399
1.288000	-33.689701
1.289000	-33.752602
1.290000	-33.626900
1.291000	-33.689701
1.292000	-33.626900
1.293000	-33.564098
1.294000	-33.501301
1.295000	-33.564098
1.296000	-33.564098
1.297000	-33.501301
1.298000	-33.501301
1.299000	-33.501301
1.300000	-33.375599
1.301000	-33.501301
1.302000	-33.501301
1.303000	-33.501301
1.304000	-33.564098
1.305000	-33.564098
1.306000	-33.626900
1.307000	-33.689701
1.308000	-33.752602
1.309000	-33.941101
1.310000	-33.941101
1.311000	-34.129501
1.312000	-34.192402
1.313000	-34.255199
1.314000	-34.443699
1.315000	-34.506500
1.316000	-34.506500
1.317000	-34.632198
1.318000	-34.695000
1.319000	-34.757801
1.320000	-34.820702
1.321000	-34.757801
1.322000	-34.695000
1.323000	-34.695000
1.324000	-34.695000
1.325000	-34.757801
1.326000	-34.695000
1.327000	-34.632198
1.328000	-34.632198
1.329000	-34.695000
1.330000	-34.632198
1.331000	-34.632198
1.332000	-34.695000
1.333000	-34.632198
1.334000	-34.695000
1.335000	-34.757801
1.336000	-34.883499
1.337000	-34.883499
1.338000	-34.946301
1.339000	-35.134800
1.340000	-35.260502
1.341000	-35.260502
1.342000	-35.511799
1.343000	-35.511799
1.344000	-35.574600
1.345000	-35.763100
1.346000	-35.825802
1.347000	-35.888599
1.348000	-35.888599
1.349000	-36.014301
1.350000	-36.077099
1.351000	-36.077099
1.352000	-36.139900
1.353000	-36.139900
1.354000	-36.202801
1.355000	-36.265598
1.356000	-36.328400
1.357000	-36.391399
1.358000	-36.328400
1.359000	-36.391399
1.360000	-36.454102
1.361000	-36.391399
1.362000	-36.454102
1.363000	-36.516899
1.364000	-36.579700
1.365000	-36.642601
1.366000	-36.579700
1.367000	-36.705399
1.368000	-36.768200
1.369000	-36.768200
1.370000	-36.768200
1.371000	-36.893902
1.372000	-36.893902
1.373000	-36.893902
1.374000	-37.019501
1.375000	-37.019501
1.376000	-36.956699
1.377000	-37.019501
1.378000	-37.019501
1.379000	-36.956699
1.380000	-36.956699
1.381000	-36.956699
1.382000	-36.956699
1.383000	-36.893902
1.384000	-36.893902
1.385000	-36.831100
1.386000	-36.893902
1.387000	-36.831100
1.388000	-36.831100
1.389000	-36.893902
1.390000	-36.768200
1.391000	-36.768200
1.392000	-36.768200
1.393000	-36.705399
1.394000	-36.893902
1.395000	-36.831100
1.396000	-36.831100
1.397000	-36.893902
1.398000	-36.956699
1.399000	-36.893902
1.400000	-37.019501
1.401000	-37.019501
1.402000	-37.082401
1.403000	-37.208000
1.404000	-37.082401
1.405000	-37.145199
1.406000	-37.270901
1.407000	-37.208000
1.408000	-37.396500
1.409000	-37.396500
1.410000	-37.270901
1.411000	-37.333698
1.412000	-37.396500
1.413000	-37.459301
1.414000	-37.459301
1.415000	-37.522202
1.416000	-37.522202
1.417000	-37.459301
1.418000	-37.584999
1.419000	-37.584999
1.420000	-37.522202
1.421000	-37.459301
1.422000	-37.522202
1.423000	-37.459301
1.424000	-37.522202
1.425000	-37.522202
1.426000	-37.459301
1.427000	-37.459301
1.428000	-37.396500
1.429000	-37.459301
1.430000	-37.333698
1.431000	-37.333698
1.432000	-37.333698
1.433000	-37.270901
1.434000	-37.270901
1.435000	-37.208000
1.436000	-37.145199
1.437000	-37.145199
1.438000	-37.208000
1.439000	-37.208000
1.440000	-37.208000
1.441000	-37.145199
1.442000	-37.082401
1.443000	-37.208000
1.444000	-37.145199
1.445000	-37.208000
1.446000	-37.208000
1.447000	-37.145199
1.448000	-37.208000
1.449000	-37.145199
1.450000	-37.145199
1.451000	-37.082401
1.452000	-37.145199
1.453000	-37.082401
1.454000	-37.019501
1.455000	-36.956699
1.456000	-36.956699
1.457000	-36.956699
1.458000	-36.893902
1.459000	-36.893902
1.460000	-36.831100
1.461000	-36.768200
1.462000	-36.768200
1.463000	-36.831100
1.464000	-36.768200
1.465000	-36.768200
1.466000	-36.642601
1.467000	-36.768200
1.468000	-36.642601
1.469000	-36.768200
1.470000	-36.705399
1.471000	-36.768200
1.472000	-36.768200
1.473000	-36.768200
1.474000	-36.768200
1.475000	-36.893902
1.476000	-36.893902
1.477000	-36.956699
1.478000	-37.019501
1.479000	-37.019501
1.480000	-37.082401
1.481000	-37.082401
1.482000	-37.019501
1.483000	-37.145199
1.484000	-37.145199
1.485000	-37.145199
1.486000	-37.270901
1.487000	-37.208000
1.488000	-37.208000
1.489000	-37.270901
1.490000	-37.333698
1.491000	-37.270901
1.492000	-37.270901
1.493000	-37.333698
1.494000	-37.270901
1.495000	-37.333698
1.496000	-37.333698
1.497000	-37.396500
1.498000	-37.459301
1.499000	-37.396500
1.500000	-37.396500
1.501000	-37.396500
1.502000	-37.459301
1.503000	-37.459301
1.504000	-37.459301
1.505000	-37.584999
1.506000	-37.522202
1.507000	-37.522202
1.508000	-37.647800
1.509000	-37.647800
1.510000	-37.647800
1.511000	-37.522202
1.512000	-37.710602
1.513000	-37.773499
1.514000	-37.773499
1.515000	-37.710602
1.516000	-37.710602
1.517000	-37.836300
1.518000	-37.836300
1.519000	-37.773499
1.520000	-37.962002
1.521000	-37.836300
1.522000	-37.899101
1.523000	-37.962002
1.524000	-38.087601
1.525000	-38.024799
1.526000	-38.150398
1.527000	-38.150398
1.528000	-38.213299
1.529000	-38.276100
1.530000	-38.401798
1.531000	-38.401798
1.532000	-38.527401
1.533000	-38.527401
1.534000	-38.653099
1.535000	-38.715900
1.536000	-38.715900
1.537000	-38.778702
1.538000	-38.841599
1.539000	-38.715900
1.540000	-38.841599
1.541000	-38.778702
1.542000	-38.904400
1.543000	-38.778702
1.544000	-38.841599
1.545000	-38.778702
1.546000	-38.904400
1.547000	-38.841599
1.548000	-38.841599
1.549000	-38.778702
1.550000	-38.715900
1.551000	-38.715900
1.552000	-38.778702
1.553000	-38.715900
1.554000	-38.715900
1.555000	-38.653099
1.556000	-38.590199
1.557000	-38.653099
1.558000	-38.715900
1.559000	-38.653099
1.560000	-38.715900
1.561000	-38.653099
1.562000	-38.715900
1.563000	-38.715900
1.564000	-38.653099
1.565000	-38.841599
1.566000	-38.778702
1.567000	-38.841599
1.568000	-38.904400
1.569000	-38.904400
1.570000	-38.904400
1.571000	-38.904400
1.572000	-38.904400
1.573000	-39.092899
1.574000	-39.092899
1.575000	-39.155701
1.576000	-39.092899
1.577000	-39.092899
1.578000	-39.218498
1.579000	-39.218498
1.580000	-39.155701
1.581000	-39.281399
1.582000	-39.218498
1.583000	-39.155701
1.584000	-39.218498
1.585000	-39.281399
1.586000	-39.281399
1.587000	-39.218498
1.588000	-39.281399
1.589000	-39.218498
1.590000	-39.155701
1.591000	-39.155701
1.592000	-39.155701
1.593000	-39.029999
1.594000	-39.092899
1.595000	-39.029999
1.596000	-39.029999
1.597000	-38.904400
1.598000	-39.029999
1.599000	-38.967201
1.600000	-39.029999
1.601000	-38.967201
1.602000	-38.904400
1.603000	-38.904400
1.604000	-38.904400
1.605000	-38.841599
1.606000	-38.841599
1.607000	-38.841599
1.608000	-38.904400
1.609000	-38.841599
1.610000	-38.904400
1.611000	-38.841599
1.612000	-38.841599
1.613000	-38.841599
1.614000	-38.841599
1.615000	-38.841599
1.616000	-38.778702
1.617000	-38.653099
1.618000	-38.904400
1.619000	-38.778702
1.620000	-38.715900
1.621000	-38.715900
1.622000	-38.590199
1.623000	-38.653099
1.624000	-38.590199
1.625000	-38.590199
1.626000	-38.590199
1.627000	-38.527401
1.628000	-38.527401
1.629000	-38.590199
1.630000	-38.527401
1.631000	-38.527401
1.632000	-38.527401
1.633000	-38.464600
1.634000	-38.464600
1.635000	-38.464600
1.636000	-38.401798
1.637000	-38.464600
1.638000	-38.464600
1.639000	-38.464600
1.640000	-38.464600
1.641000	-38.527401
1.642000	-38.401798
1.643000	-38.464600
1.644000	-38.464600
1.645000	-38.527401
1.646000	-38.527401
1.647000	-38.527401
1.648000	-38.527401
1.649000	-38.590199
1.650000	-38.653099
1.651000	-38.653099
1.652000	-38.590199
1.653000	-38.715900
1.654000	-38.715900
1.655000	-38.715900
1.656000	-38.715900
1.657000	-38.715900
1.658000	-38.778702
1.659000	-38.841599
1.660000	-38.841599
1.661000	-38.778702
1.662000	-38.841599
1.663000	-38.841599
1.664000	-38.967201
1.665000	-38.904400
1.666000	-38.841599
1.667000	-38.904400
1.668000	-38.967201
1.669000	-39.029999
1.670000	-39.029999
1.671000	-39.029999
1.672000	-39.029999
1.673000	-39.029999
1.674000	-39.029999
1.675000	-39.092899
1.676000	-39.092899
1.677000	-39.029999
1.678000	-39.029999
1.679000	-39.029999
1.680000	-38.967201
1.681000	-39.029999
1.682000	-39.029999
1.683000	-38.841599
1.684000	-38.904400
1.685000	-38.967201
1.686000	-38.841599
1.687000	-38.841599
1.688000	-38.778702
1.689000	-38.904400
1.690000	-38.904400
1.691000	-38.904400
1.692000	-38.904400
1.693000	-38.904400
1.694000	-38.904400
1.695000	-39.029999
1.696000	-38.967201
1.697000	-39.092899
1.698000	-39.029999
1.699000	-39.029999
1.700000	-39.092899
1.701000	-39.155701
1.702000	-39.218498
1.703000	-39.155701
1.704000	-39.155701
1.705000	-39.155701
1.706000	-39.218498
1.707000	-39.029999
1.708000	-39.092899
1.709000	-39.155701
1.710000	-39.092899
1.711000	-39.092899
1.712000	-39.092899
1.713000	-39.029999
1.714000	-39.029999
1.715000	-38.967201
1.716000	-39.029999
1.717000	-38.967201
1.718000	-38.904400
1.719000	-38.904400
1.720000	-38.841599
1.721000	-38.778702
1.722000	-38.841599
1.723000	-38.841599
1.724000	-38.778702
1.725000	-38.715900
1.726000	-38.715900
1.727000	-38.653099
1.728000	-38.653099
1.729000	-38.590199
1.730000	-38.653099
1.731000	-38.653099
1.732000	-38.590199
1.733000	-38.715900
1.734000	-38.653099
1.735000	-38.778702
1.736000	-38.653099
1.737000	-38.653099
1.738000	-38.653099
1.739000	-38.653099
1.740000	-38.653099
1.741000	-38.590199
1.742000	-38.653099
1.743000	-38.590199
1.744000	-38.653099
1.745000	-38.590199
1.746000	-38.590199
1.747000	-38.590199
1.748000	-38.715900
1.749000	-38.527401
1.750000	-38.590199
1.751000	-38.401798
1.752000	-38.527401
1.753000	-38.401798
1.754000	-38.464600
1.755000	-38.401798
1.756000	-38.401798
1.757000	-38.401798
1.758000	-38.338902
1.759000	-38.401798
1.760000	-38.276100
1.761000	-38.213299
1.762000	-38.276100
1.763000	-38.213299
1.764000	-38.150398
1.765000	-38.150398
1.766000	-38.087601
1.767000	-38.150398
1.768000	-38.024799
1.769000	-38.087601
1.770000	-38.087601
1.771000	-37.899101
1.772000	-38.087601
1.773000	-37.899101
1.774000	-38.024799
1.775000	-38.024799
1.776000	-37.962002
1.777000	-37.962002
1.778000	-37.899101
1.779000	-37.836300
1.780000	-37.836300
1.781000	-37.836300
1.782000	-37.836300
1.783000	-37.836300
1.784000	-37.836300
1.785000	-37.836300
1.786000	-37.773499
1.787000	-37.773499
1.788000	-37.773499
1.789000	-37.647800
1.790000	-37.647800
1.791000	-37.584999
1.792000	-37.584999
1.793000	-37.584999
1.794000	-37.584999
1.795000	-37.396500
1.796000	-37.522202
1.797000	-37.459301
1.798000	-37.459301
1.799000	-37.459301
1.800000	-37.396500
1.801000	-37.333698
1.802000	-37.396500
1.803000	-37.333698
1.804000	-37.270901
1.805000	-37.270901
1.806000	-37.270901
1.807000	-37.270901
1.808000	-37.270901
1.809000	-37.333698
1.810000	-37.333698
1.811000	-37.270901
1.812000	-37.333698
1.813000	-37.270901
1.814000	-37.270901
1.815000	-37.208000
1.816000	-37.333698
1.817000	-37.270901
1.818000	-37.270901
1.819000	-37.333698
1.820000	-37.270901
1.821000	-37.270901
1.822000	-37.270901
1.823000	-37.208000
1.824000	-37.270901
1.825000	-37.333698
1.826000	-37.396500
1.827000	-37.333698
1.828000	-37.396500
1.829000	-37.396500
1.830000	-37.396500
1.831000	-37.459301
1.832000	-37.459301
1.833000	-37.459301
1.834000	-37.459301
1.835000	-37.396500
1.836000	-37.396500
1.837000	-37.459301
1.838000	-37.459301
1.839000	-37.396500
1.840000	-37.459301
1.841000	-37.396500
1.842000	-37.459301
1.843000	-37.396500
1.844000	-37.459301
1.845000	-37.459301
1.846000	-37.396500
1.847000	-37.459301
1.848000	-37.459301
1.849000	-37.396500
1.850000	-37.459301
1.851000	-37.522202
1.852000	-37.522202
1.853000	-37.522202
1.854000	-37.459301
1.855000	-37.522202
1.856000	-37.522202
1.857000	-37.584999
1.858000	-37.647800
1.859000	-37.773499
1.860000	-37.710602
1.861000	-37.710602
1.862000	-37.710602
1.863000	-37.836300
1.864000	-37.836300
1.865000	-37.836300
1.866000	-37.836300
1.867000	-37.899101
1.868000	-37.962002
1.869000	-37.899101
1.870000	-37.836300
1.871000	-38.024799
1.872000	-37.899101
1.873000	-37.962002
1.874000	-37.899101
1.875000	-37.836300
1.876000	-37.899101
1.877000	-37.836300
1.878000	-37.836300
1.879000	-37.773499
1.880000	-37.710602
1.881000	-37.836300
1.882000	-37.773499
1.883000	-37.710602
1.884000	-37.584999
1.885000	-37.710602
1.886000	-37.647800
1.887000	-37.647800
1.888000	-37.647800
1.889000	-37.647800
1.890000	-37.647800
1.891000	-37.647800
1.892000	-37.710602
1.893000	-37.647800
1.894000	-37.584999
1.895000	-37.647800
1.896000	-37.647800
1.897000	-37.710602
1.898000	-37.710602
1.899000	-37.647800
1.900000	-37.647800
1.901000	-37.584999
1.902000	-37.584999
1.903000	-37.584999
1.904000	-37.647800
1.905000	-37.584999
1.906000	-37.584999
1.907000	-37.584999
1.908000	-37.647800
1.909000	-37.522202
1.910000	-37.522202
1.911000	-37.522202
1.912000	-37.522202
1.913000	-37.459301
1.914000	-37.522202
1.915000	-37.522202
1.916000	-37.396500
1.917000	-37.459301
1.918000	-37.396500
1.919000	-37.459301
1.920000	-37.333698
1.921000	-37.270901
1.922000	-37.270901
1.923000	-37.270901
1.924000	-37.270901
1.925000	-37.208000
1.926000	-37.208000
1.927000	-37.145199
1.928000	-37.145199
1.929000	-37.145199
1.930000	-37.208000
1.931000	-37.145199
1.932000	-37.145199
1.933000	-37.019501
1.934000	-37.082401
1.935000	-37.019501
1.936000	-37.082401
1.937000	-37.019501
1.938000	-37.019501
1.939000	-36.956699
1.940000	-37.019501
1.941000	-37.019501
1.942000	-36.956699
1.943000	-36.893902
1.944000	-36.893902
1.945000	-36.893902
1.946000	-36.893902
1.947000	-36.893902
1.948000	-36.893902
1.949000	-36.831100
1.950000	-36.768200
1.951000	-36.831100
1.952000	-36.768200
1.953000	-36.768200
1.954000	-36.705399
1.955000	-36.768200
1.956000	-36.768200
1.957000	-36.642601
1.958000	-36.705399
1.959000	-36.705399
1.960000	-36.705399
1.961000	-36.642601
1.962000	-36.642601
1.963000	-36.642601
1.964000	-36.642601
1.965000	-36.642601
1.966000	-36.705399
1.967000	-36.642601
1.968000	-36.642601
1.969000	-36.642601
1.970000	-36.642601
1.971000	-36.579700
1.972000	-36.642601
1.973000	-36.579700
1.974000	-36.579700
1.975000	-36.642601
1.976000	-36.579700
1.977000	-36.516899
1.978000	-36.516899
1.979000	-36.516899
1.980000	-36.579700
1.981000	-36.579700
1.982000	-36.516899
1.983000	-36.516899
1.984000	-36.516899
1.985000	-36.579700
1.986000	-36.454102
1.987000	-36.516899
1.988000	-36.516899
1.989000	-36.516899
1.990000	-36.516899
1.991000	-36.579700
1.992000	-36.516899
1.993000	-36.579700
1.994000	-36.516899
1.995000	-36.516899
1.996000	-36.579700
1.997000	-36.516899
1.998000	-36.705399
1.999000	-36.579700
2.000000	-36.579700
2.001000	-36.642601
2.002000	-36.642601
2.003000	-36.642601
2.004000	-36.642601
2.005000	-36.579700
2.006000	-36.579700
2.007000	-36.705399
2.008000	-36.642601
2.009000	-36.642601
2.010000	-36.642601
2.011000	-36.579700
2.012000	-36.705399
2.013000	-36.705399
2.014000	-36.705399
2.015000	-36.768200
2.016000	-36.705399
2.017000	-36.705399
2.018000	-36.768200
2.019000	-36.768200
2.020000	-36.768200
2.021000	-36.768200
2.022000	-36.768200
2.023000	-36.831100
2.024000	-36.831100
2.025000	-36.768200
2.026000	-36.831100
2.027000	-36.893902
2.028000	-36.956699
2.029000	-37.019501
2.030000	-36.956699
2.031000	-36.893902
2.032000	-36.956699
2.033000	-36.831100
2.034000	-36.956699
2.035000	-36.893902
2.036000	-36.956699
2.037000	-36.893902
2.038000	-36.893902
2.039000	-36.831100
2.040000	-36.893902
2.041000	-36.831100
2.042000	-36.831100
2.043000	-36.768200
2.044000	-36.768200
2.045000	-36.705399
2.046000	-36.768200
2.047000	-36.768200
2.048000	-36.768200
2.049000	-36.705399
2.050000	-36.768200
2.051000	-36.705399
2.052000	-36.705399
2.053000	-36.705399
2.054000	-36.705399
2.055000	-36.705399
2.056000	-36.705399
2.057000	-36.705399
2.058000	-36.705399
2.059000	-36.579700
2.060000	-36.579700
2.061000	-36.642601
2.062000	-36.705399
2.063000	-36.642601
2.064000	-36.705399
2.065000	-36.705399
2.066000	-36.642601
2.067000	-36.642601
2.068000	-36.579700
2.069000	-36.579700
2.070000	-36.516899
2.071000	-36.642601
2.072000	-36.579700
2.073000	-36.516899
2.074000	-36.454102
2.075000	-36.454102
2.076000	-36.391399
2.077000	-36.454102
2.078000	-36.579700
2.079000	-36.454102
2.080000	-36.391399
2.081000	-36.391399
2.082000	-36.391399
2.083000	-36.391399
2.084000	-36.391399
2.085000	-36.391399
2.086000	-36.265598
2.087000	-36.391399
2.088000	-36.391399
2.089000	-36.391399
2.090000	-36.265598
2.091000	-36.328400
2.092000	-36.328400
2.093000	-36.202801
2.094000	-36.202801
2.095000	-36.202801
2.096000	-36.202801
2.097000	-36.139900
2.098000	-36.139900
2.099000	-36.139900
2.100000	-36.139900
2.101000	-36.139900
2.102000	-36.077099
2.103000	-36.139900
2.104000	-36.014301
2.105000	-35.951599
2.106000	-36.014301
2.107000	-36.014301
2.108000	-35.951599
2.109000	-35.888599
2.110000	-35.951599
2.111000	-36.014301
2.112000	-35.888599
2.113000	-35.951599
2.114000	-35.825802
2.115000	-35.888599
2.116000	-35.825802
2.117000	-35.888599
2.118000	-35.825802
2.119000	-35.888599
2.120000	-35.825802
2.121000	-35.888599
2.122000	-35.825802
2.123000	-35.763100
2.124000	-35.825802
2.125000	-35.763100
2.126000	-35.763100
2.127000	-35.763100
2.128000	-35.763100
2.129000	-35.763100
2.130000	-35.825802
2.131000	-35.888599
2.132000	-35.888599
2.133000	-35.825802
2.134000	-35.825802
2.135000	-35.888599
2.136000	-35.763100
2.137000	-35.763100
2.138000	-35.763100
2.139000	-35.825802
2.140000	-35.763100
2.141000	-35.825802
2.142000	-35.825802
2.143000	-35.763100
2.144000	-35.825802
2.145000	-35.700100
2.146000	-35.763100
2.147000	-35.825802
2.148000	-35.825802
2.149000	-35.763100
2.150000	-35.825802
2.151000	-35.825802
2.152000	-35.763100
2.153000	-35.825802
2.154000	-35.700100
2.155000	-35.763100
2.156000	-35.763100
2.157000	-35.700100
2.158000	-35.825802
2.159000	-35.637299
2.160000	-35.700100
2.161000	-35.763100
2.162000	-35.763100
2.163000	-35.763100
2.164000	-35.763100
2.165000	-35.763100
2.166000	-35.763100
2.167000	-35.825802
2.168000	-35.825802
2.169000	-35.763100
2.170000	-35.763100
2.171000	-35.825802
2.172000	-35.825802
2.173000	-35.888599
2.174000	-35.825802
2.175000	-35.888599
2.176000	-35.888599
2.177000	-35.825802
2.178000	-35.888599
2.179000	-35.888599
2.180000	-36.014301
2.181000	-35.888599
2.182000	-35.951599
2.183000	-35.951599
2.184000	-36.014301
2.185000	-36.014301
2.186000	-36.014301
2.187000	-36.014301
2.188000	-36.139900
2.189000	-36.139900
2.190000	-36.077099
2.191000	-36.077099
2.192000	-36.139900
2.193000	-36.077099
2.194000	-36.077099
2.195000	-36.139900
2.196000	-36.139900
2.197000	-36.139900
2.198000	-36.139900
2.199000	-36.139900
2.200000	-36.077099
2.201000	-36.077099
2.202000	-36.077099
2.203000	-36.139900
2.204000	-36.139900
2.205000	-36.014301
2.206000	-36.014301
2.207000	-36.014301
2.208000	-36.077099
2.209000	-36.014301
2.210000	-36.014301
2.211000	-35.951599
2.212000	-35.951599
2.213000	-35.951599
2.214000	-36.077099
2.215000	-35.951599
2.216000	-36.014301
2.217000	-35.951599
2.218000	-35.951599
2.219000	-35.951599
2.220000	-35.951599
2.221000	-35.951599
2.222000	-35.951599
2.223000	-35.951599
2.224000	-35.888599
2.225000	-35.888599
2.226000	-36.014301
2.227000	-35.888599
2.228000	-36.014301
2.229000	-36.014301
2.230000	-35.951599
2.231000	-35.888599
2.232000	-35.888599
2.233000	-35.825802
2.234000	-35.825802
2.235000	-35.825802
2.236000	-35.888599
2.237000	-35.888599
2.238000	-35.825802
2.239000	-35.888599
2.240000	-35.763100
2.241000	-35.700100
2.242000	-35.763100
2.243000	-35.700100
2.244000	-35.763100
2.245000	-35.700100
2.246000	-35.763100
2.247000	-35.763100
2.248000	-35.637299
2.249000	-35.574600
2.250000	-35.700100
2.251000	-35.637299
2.252000	-35.637299
2.253000	-35.574600
2.254000	-35.637299
2.255000	-35.637299
2.256000	-35.574600
2.257000	-35.574600
2.258000	-35.574600
2.259000	-35.574600
2.260000	-35.574600
2.261000	-35.511799
2.262000	-35.448799
2.263000	-35.448799
2.264000	-35.511799
2.265000	-35.511799
2.266000	-35.448799
2.267000	-35.448799
2.268000	-35.511799
2.269000	-35.323299
2.270000	-35.448799
2.271000	-35.386101
2.272000	-35.323299
2.273000	-35.386101
2.274000	-35.323299
2.275000	-35.323299
2.276000	-35.260502
2.277000	-35.260502
2.278000	-35.260502
2.279000	-35.134800
2.280000	-35.323299
2.281000	-35.197498
2.282000	-35.197498
2.283000	-35.197498
2.284000	-35.134800
2.285000	-35.134800
2.286000	-35.134800
2.287000	-35.197498
2.288000	-35.134800
2.289000	-35.134800
2.290000	-35.071999
2.291000	-35.071999
2.292000	-35.134800
2.293000	-35.071999
2.294000	-35.197498
2.295000	-35.134800
2.296000	-35.260502
2.297000	-35.197498
2.298000	-35.197498
2.299000	-35.071999
2.300000	-35.197498
2.301000	-35.197498
2.302000	-35.260502
2.303000	-35.197498
2.304000	-35.260502
2.305000	-35.260502
2.306000	-35.260502
2.307000	-35.197498
2.308000	-35.260502
2.309000	-35.197498
2.310000	-35.197498
2.311000	-35.197498
2.312000	-35.323299
2.313000	-35.260502
2.314000	-35.197498
2.315000	-35.260502
2.316000	-35.260502
2.317000	-35.197498
2.318000	-35.260502
2.319000	-35.197498
2.320000	-35.197498
2.321000	-35.260502
2.322000	-35.134800
2.323000	-35.197498
2.324000	-35.197498
2.325000	-35.134800
2.326000	-35.197498
2.327000	-35.134800
2.328000	-35.134800
2.329000	-35.134800
2.330000	-35.260502
2.331000	-35.197498
2.332000	-35.323299
2.333000	-35.260502
2.334000	-35.197498
2.335000	-35.260502
2.336000	-35.386101
2.337000	-35.260502
2.338000	-35.386101
2.339000	-35.260502
2.340000	-35.323299
2.341000	-35.386101
2.342000	-35.386101
2.343000	-35.386101
2.344000	-35.386101
2.345000	-35.448799
2.346000	-35.448799
2.347000	-35.448799
2.348000	-35.511799
2.349000	-35.448799
2.350000	-35.448799
2.351000	-35.511799
2.352000	-35.511799
2.353000	-35.448799
2.354000	-35.574600
2.355000	-35.574600
2.356000	-35.511799
2.357000	-35.574600
2.358000	-35.511799
2.359000	-35.511799
2.360000	-35.574600
2.361000	-35.511799
2.362000	-35.574600
2.363000	-35.448799
2.364000	-35.511799
2.365000	-35.511799
2.366000	-35.448799
2.367000	-35.511799
2.368000	-35.511799
2.369000	-35.511799
2.370000	-35.574600
2.371000	-35.574600
2.372000	-35.448799
2.373000	-35.511799
2.374000	-35.511799
2.375000	-35.511799
2.376000	-35.511799
2.377000	-35.448799
2.378000	-35.574600
2.379000	-35.574600
2.380000	-35.511799
2.381000	-35.574600
2.382000	-35.574600
2.383000	-35.574600
2.384000	-35.511799
2.385000	-35.511799
2.386000	-35.511799
2.387000	-35.511799
2.388000	-35.511799
2.389000	-35.511799
2.390000	-35.448799
2.391000	-35.448799
2.392000	-35.448799
2.393000	-35.448799
2.394000	-35.386101
2.395000	-35.386101
2.396000	-35.386101
2.397000	-35.323299
2.398000	-35.386101
2.399000	-35.448799
2.400000	-35.260502
2.401000	-35.323299
2.402000	-35.197498
2.403000	-35.260502
2.404000	-35.323299
2.405000	-35.260502
2.406000	-35.197498
2.407000	-35.260502
2.408000	-35.260502
2.409000	-35.134800
2.410000	-35.071999
2.411000	-35.071999
2.412000	-35.134800
2.413000	-35.197498
2.414000	-35.134800
2.415000	-35.197498
2.416000	-35.134800
2.417000	-35.071999
2.418000	-35.071999
2.419000	-35.008999
2.420000	-35.071999
2.421000	-35.008999
2.422000	-34.946301
2.423000	-34.946301
2.424000	-34.946301
2.425000	-35.071999
2.426000	-34.883499
2.427000	-34.946301
2.428000	-34.883499
2.429000	-34.946301
2.430000	-34.883499
2.431000	-34.883499
2.432000	-34.883499
2.433000	-34.883499
2.434000	-34.883499
2.435000	-34.883499
2.436000	-34.820702
2.437000	-34.757801
2.438000	-34.757801
2.439000	-34.695000
2.440000	-34.632198
2.441000	-34.695000
2.442000	-34.695000
2.443000	-34.632198
2.444000	-34.695000
2.445000	-34.695000
2.446000	-34.632198
2.447000	-34.695000
2.448000	-34.695000
2.449000	-34.632198
2.450000	-34.632198
2.451000	-34.632198
2.452000	-34.695000
2.453000	-34.632198
2.454000	-34.695000
2.455000	-34.632198
2.456000	-34.632198
2.457000	-34.632198
2.458000	-34.695000
2.459000	-34.632198
2.460000	-34.632198
2.461000	-34.632198
2.462000	-34.695000
2.463000	-34.695000
2.464000	-34.695000
2.465000	-34.695000
2.466000	-34.695000
2.467000	-34.695000
2.468000	-34.695000
2.469000	-34.695000
2.470000	-34.820702
2.471000	-34.757801
2.472000	-34.757801
2.473000	-34.757801
2.474000	-34.757801
2.475000	-34.757801
2.476000	-34.757801
2.477000	-34.695000
2.478000	-34.757801
2.479000	-34.820702
2.480000	-34.820702
2.481000	-34.757801
2.482000	-34.757801
2.483000	-34.757801
2.484000	-34.820702
2.485000	-34.757801
2.486000	-34.757801
2.487000	-34.820702
2.488000	-34.820702
2.489000	-34.757801
2.490000	-34.695000
2.491000	-34.757801
2.492000	-34.757801
2.493000	-34.757801
2.494000	-34.695000
2.495000	-34.757801
2.496000	-34.883499
2.497000	-34.820702
2.498000	-34.757801
2.499000	-34.883499
2.500000	-34.883499
2.501000	-34.820702
2.502000	-34.946301
2.503000	-34.883499
2.504000	-34.883499
2.505000	-34.883499
2.506000	-34.883499
2.507000	-34.946301
2.508000	-35.008999
2.509000	-35.008999
2.510000	-35.071999
2.511000	-34.946301
2.512000	-35.008999
2.513000	-35.008999
2.514000	-35.071999
2.515000	-35.134800
2.516000	-35.008999
2.517000	-35.071999
2.518000	-35.071999
2.519000	-35.134800
2.520000	-35.008999
2.521000	-35.008999
2.522000	-35.071999
2.523000	-35.008999
2.524000	-35.134800
2.525000	-35.008999
2.526000	-35.071999
2.527000	-35.071999
2.528000	-35.008999
2.529000	-35.008999
2.530000	-35.008999
2.531000	-35.071999
2.532000	-35.008999
2.533000	-34.946301
2.534000	-35.008999
2.535000	-35.008999
2.536000	-35.071999
2.537000	-35.008999
2.538000	-35.071999
2.539000	-35.071999
2.540000	-35.008999
2.541000	-35.008999
2.542000	-35.071999
2.543000	-34.946301
2.544000	-35.008999
2.545000	-35.008999
2.546000	-35.071999
2.547000	-34.946301
2.548000	-35.071999
2.549000	-34.946301
2.550000	-34.946301
2.551000	-34.946301
2.552000	-35.008999
2.553000	-35.008999
2.554000	-34.883499
2.555000	-35.008999
2.556000	-35.008999
2.557000	-34.946301
2.558000	-34.946301
2.559000	-34.946301
2.560000	-34.883499
2.561000	-34.946301
2.562000	-34.883499
2.563000	-34.883499
2.564000	-34.883499
2.565000	-34.820702
2.566000	-34.820702
2.567000	-34.883499
2.568000	-34.820702
2.569000	-34.820702
2.570000	-34.820702
2.571000	-34.757801
2.572000	-34.820702
2.573000	-34.757801
2.574000	-34.695000
2.575000	-34.820702
2.576000	-34.757801
2.577000	-34.695000
2.578000	-34.695000
2.579000	-34.695000
2.580000	-34.695000
2.581000	-34.695000
2.582000	-34.632198
2.583000	-34.632198
2.584000	-34.569302
2.585000	-34.632198
2.586000	-34.632198
2.587000	-34.506500
2.588000	-34.569302
2.589000	-34.569302
2.590000	-34.506500
2.591000	-34.506500
2.592000	-34.632198
2.593000	-34.569302
2.594000	-34.506500
2.595000	-34.506500
2.596000	-34.506500
2.597000	-34.506500
2.598000	-34.443699
2.599000	-34.443699
2.600000	-34.380901
2.601000	-34.443699
2.602000	-34.380901
2.603000	-34.380901
2.604000	-34.380901
2.605000	-34.255199
2.606000	-34.318001
2.607000	-34.380901
2.608000	-34.318001
2.609000	-34.255199
2.610000	-34.192402
2.611000	-34.318001
2.612000	-34.255199
2.613000	-34.318001
2.614000	-34.255199
2.615000	-34.318001
2.616000	-34.255199
2.617000	-34.255199
2.618000	-34.255199
2.619000	-34.318001
2.620000	-34.255199
2.621000	-34.318001
2.622000	-34.380901
2.623000	-34.255199
2.624000	-34.318001
2.625000	-34.318001
2.626000	-34.318001
2.627000	-34.318001
2.628000	-34.318001
2.629000	-34.380901
2.630000	-34.380901
2.631000	-34.318001
2.632000	-34.380901
2.633000	-34.318001
2.634000	-34.380901
2.635000	-34.380901
2.636000	-34.506500
2.637000	-34.380901
2.638000	-34.380901
2.639000	-34.443699
2.640000	-34.443699
2.641000	-34.443699
2.642000	-34.506500
2.643000	-34.443699
2.644000	-34.380901
2.645000	-34.506500
2.646000	-34.506500
2.647000	-34.443699
2.648000	-34.443699
2.649000	-34.443699
2.650000	-34.380901
2.651000	-34.443699
2.652000	-34.443699
2.653000	-34.443699
2.654000	-34.443699
2.655000	-34.443699
2.656000	-34.443699
2.657000	-34.443699
2.658000	-34.506500
2.659000	-34.443699
2.660000	-34.506500
2.661000	-34.506500
2.662000	-34.506500
2.663000	-34.506500
2.664000	-34.569302
2.665000	-34.569302
2.666000	-34.506500
2.667000	-34.569302
2.668000	-34.632198
2.669000	-34.632198
2.670000	-34.569302
2.671000	-34.632198
2.672000	-34.695000
2.673000	-34.632198
2.674000	-34.632198
2.675000	-34.695000
2.676000	-34.695000
2.677000	-34.695000
2.678000	-34.695000
2.679000	-34.695000
2.680000	-34.695000
2.681000	-34.757801
2.682000	-34.695000
2.683000	-34.632198
2.684000	-34.632198
2.685000	-34.695000
2.686000	-34.757801
2.687000	-34.757801
2.688000	-34.632198
2.689000	-34.695000
2.690000	-34.632198
2.691000	-34.695000
2.692000	-34.695000
2.693000	-34.632198
2.694000	-34.695000
2.695000	-34.820702
2.696000	-34.632198
2.697000	-34.632198
2.698000	-34.632198
2.699000	-34.632198
2.700000	-34.632198
2.701000	-34.695000
2.702000	-34.632198
2.703000	-34.695000
2.704000	-34.632198
2.705000	-34.632198
2.706000	-34.632198
2.707000	-34.632198
2.708000	-34.632198
2.709000	-34.632198
2.710000	-34.632198
2.711000	-34.569302
2.712000	-34.506500
2.713000	-34.569302
2.714000	-34.569302
2.715000	-34.632198
2.716000	-34.569302
2.717000	-34.632198
2.718000	-34.506500
2.719000	-34.569302
2.720000	-34.506500
2.721000	-34.569302
2.722000	-34.506500
2.723000	-34.569302
2.724000	-34.506500
2.725000	-34.506500
2.726000	-34.569302
2.727000	-34.443699
2.728000	-34.443699
2.729000	-34.443699
2.730000	-34.506500
2.731000	-34.506500
2.732000	-34.506500
2.733000	-34.443699
2.734000	-34.443699
2.735000	-34.443699
2.736000	-34.443699
2.737000	-34.443699
2.738000	-34.380901
2.739000	-34.255199
2.740000	-34.380901
2.741000	-34.380901
2.742000	-34.380901
2.743000	-34.255199
2.744000	-34.318001
2.745000	-34.255199
2.746000	-34.255199
2.747000	-34.192402
2.748000	-34.318001
2.749000	-34.192402
2.750000	-34.255199
2.751000	-34.255199
2.752000	-34.255199
2.753000	-34.129501
2.754000	-34.192402
2.755000	-34.192402
2.756000	-34.192402
2.757000	-34.129501
2.758000	-34.129501
2.759000	-34.192402
2.760000	-34.129501
2.761000	-34.129501
2.762000	-34.192402
2.763000	-34.129501
2.764000	-34.066700
2.765000	-34.066700
2.766000	-34.066700
2.767000	-34.066700
2.768000	-34.066700
2.769000	-34.129501
2.770000	-34.003899
2.771000	-34.003899
2.772000	-33.941101
2.773000	-34.003899
2.774000	-34.003899
2.775000	-34.129501
2.776000	-33.941101
2.777000	-34.066700
2.778000	-34.003899
2.779000	-34.003899
2.780000	-34.066700
2.781000	-34.066700
2.782000	-34.003899
2.783000	-34.003899
2.784000	-34.003899
2.785000	-34.066700
2.786000	-34.066700
2.787000	-34.003899
2.788000	-34.003899
2.789000	-34.003899
2.790000	-34.066700
2.791000	-34.003899
2.792000	-34.066700
2.793000	-33.878201
2.794000	-34.003899
2.795000	-34.066700
2.796000	-34.066700
2.797000	-34.066700
2.798000	-34.129501
2.799000	-34.066700
2.800000	-34.066700
2.801000	-34.066700
2.802000	-34.129501
2.803000	-34.129501
2.804000	-34.066700
2.805000	-34.066700
2.806000	-34.066700
2.807000	-34.066700
2.808000	-34.129501
2.809000	-34.129501
2.810000	-34.129501
2.811000	-34.129501
2.812000	-34.192402
2.813000	-34.129501
2.814000	-34.192402
2.815000	-34.192402
2.816000	-34.129501
2.817000	-34.129501
2.818000	-34.066700
2.819000	-34.129501
2.820000	-34.066700
2.821000	-34.129501
2.822000	-34.129501
2.823000	-34.129501
2.824000	-34.192402
2.825000	-34.192402
2.826000	-34.129501
2.827000	-34.255199
2.828000	-34.255199
2.829000	-34.255199
2.830000	-34.255199
2.831000	-34.255199
2.832000	-34.255199
2.833000	-34.192402
2.834000	-34.318001
2.835000	-34.255199
2.836000	-34.255199
2.837000	-34.255199
2.838000	-34.318001
2.839000	-34.192402
2.840000	-34.318001
2.841000	-34.255199
2.842000	-34.380901
2.843000	-34.318001
2.844000	-34.380901
2.845000	-34.380901
2.846000	-34.318001
2.847000	-34.380901
2.848000	-34.380901
2.849000	-34.318001
2.850000	-34.380901
2.851000	-34.380901
2.852000	-34.380901
2.853000	-34.380901
2.854000	-34.318001
2.855000	-34.318001
2.856000	-34.380901
2.857000	-34.255199
2.858000	-34.380901
2.859000	-34.380901
2.860000	-34.380901
2.861000	-34.380901
2.862000	-34.380901
2.863000	-34.380901
2.864000	-34.380901
2.865000	-34.318001
2.866000	-34.318001
2.867000	-34.255199
2.868000	-34.255199
2.869000	-34.318001
2.870000	-34.318001
2.871000	-34.318001
2.872000	-34.318001
2.873000	-34.318001
2.874000	-34.318001
2.875000	-34.318001
2.876000	-34.255199
2.877000	-34.255199
2.878000	-34.255199
2.879000	-34.318001
2.880000	-34.192402
2.881000	-34.255199
2.882000	-34.318001
2.883000	-34.192402
2.884000	-34.255199
2.885000	-34.192402
2.886000	-34.255199
2.887000	-34.318001
2.888000	-34.192402
2.889000	-34.380901
2.890000	-34.129501
2.891000	-34.192402
2.892000	-34.192402
2.893000	-34.192402
2.894000	-34.129501
2.895000	-34.192402
2.896000	-34.192402
2.897000	-34.192402
2.898000	-34.192402
2.899000	-34.255199
2.900000	-34.129501
2.901000	-34.129501
2.902000	-34.129501
2.903000	-34.129501
2.904000	-34.192402
2.905000	-34.129501
2.906000	-34.003899
2.907000	-34.003899
2.908000	-34.003899
2.909000	-34.003899
2.910000	-34.003899
2.911000	-34.003899
2.912000	-34.129501
2.913000	-34.003899
2.914000	-33.878201
2.915000	-34.003899
2.916000	-33.941101
2.917000	-33.941101
2.918000	-33.941101
2.919000	-33.878201
2.920000	-33.941101
2.921000	-33.941101
2.922000	-33.941101
2.923000	-33.941101
2.924000	-33.878201
2.925000	-33.815399
2.926000	-33.815399
2.927000	-33.878201
2.928000	-33.815399
2.929000	-33.878201
2.930000	-33.878201
2.931000	-33.878201
2.932000	-33.815399
2.933000	-33.752602
2.934000	-33.815399
2.935000	-33.878201
2.936000	-33.752602
2.937000	-33.815399
2.938000	-33.752602
2.939000	-33.752602
2.940000	-33.815399
2.941000	-33.752602
2.942000	-33.752602
2.943000	-33.815399
2.944000	-33.815399
2.945000	-33.815399
2.946000	-33.689701
2.947000	-33.815399
2.948000	-33.815399
2.949000	-33.815399
2.950000	-33.815399
2.951000	-33.752602
2.952000	-33.815399
2.953000	-33.752602
2.954000	-33.815399
2.955000	-33.878201
2.956000	-33.815399
2.957000	-33.815399
2.958000	-33.878201
2.959000	-33.815399
2.960000	-33.815399
2.961000	-33.878201
2.962000	-33.878201
2.963000	-33.878201
2.964000	-33.815399
2.965000	-33.941101
2.966000	-33.815399
2.967000	-33.878201
2.968000	-33.815399
2.969000	-33.941101
2.970000	-33.878201
2.971000	-33.878201
2.972000	-33.878201
2.973000	-33.941101
2.974000	-33.878201
2.975000	-33.941101
2.976000	-33.941101
2.977000	-33.878201
2.978000	-33.941101
2.979000	-34.003899
2.980000	-33.941101
2.981000	-33.941101
2.982000	-34.003899
2.983000	-33.941101
2.984000	-34.003899
2.985000	-34.003899
2.986000	-33.878201
2.987000	-33.941101
2.988000	-33.941101
2.989000	-34.003899
2.990000	-33.878201
2.991000	-34.003899
2.992000	-34.003899
2.993000	-34.066700
2.994000	-34.066700
2.995000	-34.066700
2.996000	-34.003899
2.997000	-34.066700
2.998000	-34.129501
2.999000	-34.003899
3.000000	-34.003899
3.001000	-34.129501
3.002000	-34.129501
3.003000	-34.129501
3.004000	-34.066700
3.005000	-34.129501
3.006000	-34.066700
3.007000	-34.129501
3.008000	-34.129501
3.009000	-34.129501
3.010000	-34.129501
3.011000	-34.129501
3.012000	-34.066700
3.013000	-34.129501
3.014000	-34.129501
3.015000	-34.066700
3.016000	-34.066700
3.017000	-34.192402
3.018000	-34.192402
3.019000	-34.129501
3.020000	-34.066700
3.021000	-34.129501
3.022000	-34.066700
3.023000	-34.129501
3.024000	-34.129501
3.025000	-34.129501
3.026000	-34.192402
3.027000	-34.129501
3.028000	-34.129501
3.029000	-34.066700
3.030000	-34.129501
3.031000	-34.129501
3.032000	-34.129501
3.033000	-34.066700
3.034000	-34.129501
3.035000	-34.129501
3.036000	-34.066700
3.037000	-34.066700
3.038000	-34.066700
3.039000	-34.003899
3.040000	-34.066700
3.041000	-34.066700
3.042000	-34.129501
3.043000	-34.066700
3.044000	-34.129501
3.045000	-34.066700
3.046000	-34.066700
3.047000	-34.066700
3.048000	-34.066700
3.049000	-34.003899
3.050000	-34.066700
3.051000	-34.003899
3.052000	-34.066700
3.053000	-34.003899
3.054000	-34.003899
3.055000	-33.941101
3.056000	-33.941101
3.057000	-34.003899
3.058000	-34.003899
3.059000	-33.941101
3.060000	-33.941101
3.061000	-33.941101
3.062000	-33.941101
3.063000	-33.941101
3.064000	-34.003899
3.065000	-33.878201
3.066000	-33.941101
3.067000	-33.878201
3.068000	-33.941101
3.069000	-33.878201
3.070000	-33.878201
3.071000	-33.878201
3.072000	-33.878201
3.073000	-33.752602
3.074000	-33.815399
3.075000	-33.815399
3.076000	-33.878201
3.077000	-33.815399
3.078000	-33.878201
3.079000	-33.815399
3.080000	-33.752602
3.081000	-33.878201
3.082000	-33.752602
3.083000	-33.689701
3.084000	-33.752602
3.085000	-33.689701
3.086000	-33.752602
3.087000	-33.689701
3.088000	-33.689701
3.089000	-33.689701
3.090000	-33.752602
3.091000	-33.689701
3.092000	-33.689701
3.093000	-33.626900
3.094000	-33.564098
3.095000	-33.626900
3.096000	-33.626900
3.097000	-33.501301
3.098000	-33.564098
3.099000	-33.626900
3.100000	-33.626900
3.101000	-33.564098
3.102000	-33.689701
3.103000	-33.564098
3.104000	-33.564098
3.105000	-33.626900
3.106000	-33.564098
3.107000	-33.626900
3.108000	-33.689701
3.109000	-33.626900
3.110000	-33.564098
3.111000	-33.752602
3.112000	-33.564098
3.113000	-33.626900
3.114000	-33.689701
3.115000	-33.689701
3.116000	-33.564098
3.117000	-33.564098
3.118000	-33.689701
3.119000	-33.689701
3.120000	-33.626900
3.121000	-33.626900
3.122000	-33.626900
3.123000	-33.752602
3.124000	-33.689701
3.125000	-33.626900
3.126000	-33.689701
3.127000	-33.626900
3.128000	-33.752602
3.129000	-33.626900
3.130000	-33.752602
3.131000	-33.752602
3.132000	-33.626900
3.133000	-33.689701
3.134000	-33.752602
3.135000	-33.752602
3.136000	-33.689701
3.137000	-33.752602
3.138000	-33.815399
3.139000	-33.752602
3.140000	-33.752602
3.141000	-33.815399
3.142000	-33.752602
3.143000	-33.752602
3.144000	-33.815399
3.145000	-33.815399
3.146000	-33.815399
3.147000	-33.815399
3.148000	-33.815399
3.149000	-33.878201
3.150000	-33.752602
3.151000	-33.878201
3.152000	-33.878201
3.153000	-33.815399
3.154000	-33.815399
3.155000	-33.815399
3.156000	-33.878201
3.157000	-33.815399
3.158000	-33.878201
3.159000	-33.878201
3.160000	-33.878201
3.161000	-33.878201
3.162000	-33.878201
3.163000	-33.878201
3.164000	-34.003899
3.165000	-34.003899
3.166000	-33.878201
3.167000	-33.941101
3.168000	-34.003899
3.169000	-34.003899
3.170000	-33.941101
3.171000	-33.941101
3.172000	-33.878201
3.173000	-33.878201
3.174000	-34.003899
3.175000	-33.941101
3.176000	-33.878201
3.177000	-33.941101
3.178000	-33.878201
3.179000	-34.003899
3.180000	-33.941101
3.181000	-34.066700
3.182000	-33.941101
3.183000	-33.941101
3.184000	-33.941101
3.185000	-33.941101
3.186000	-33.941101
3.187000	-33.878201
3.188000	-33.878201
3.189000	-33.941101
3.190000	-33.878201
3.191000	-34.003899
3.192000	-33.878201
3.193000	-33.941101
3.194000	-33.941101
3.195000	-33.941101
3.196000	-33.941101
3.197000	-33.878201
3.198000	-33.878201
3.199000	-33.815399
3.200000	-33.878201
3.201000	-33.878201
3.202000	-33.878201
3.203000	-33.815399
3.204000	-33.878201
3.205000	-33.815399
3.206000	-33.878201
3.207000	-33.815399
3.208000	-33.752602
3.209000	-33.815399
3.210000	-33.752602
3.211000	-33.815399
3.212000	-33.815399
3.213000	-33.752602
3.214000	-33.815399
3.215000	-33.815399
3.216000	-33.815399
3.217000	-33.752602
3.218000	-33.815399
3.219000	-33.815399
3.220000	-33.815399
3.221000	-33.752602
3.222000	-33.878201
3.223000	-33.752602
3.224000	-33.752602
3.225000	-33.815399
3.226000	-33.689701
3.227000	-33.752602
3.228000	-33.626900
3.229000	-33.752602
3.230000	-33.689701
3.231000	-33.689701
3.232000	-33.689701
3.233000	-33.689701
3.234000	-33.689701
3.235000	-33.689701
3.236000	-33.689701
3.237000	-33.626900
3.238000	-33.626900
3.239000	-33.564098
3.240000	-33.689701
3.241000	-33.626900
3.242000	-33.689701
3.243000	-33.564098
3.244000	-33.564098
3.245000	-33.564098
3.246000	-33.564098
3.247000	-33.501301
3.248000	-33.501301
3.249000	-33.626900
3.250000	-33.564098
3.251000	-33.501301
3.252000	-33.501301
3.253000	-33.501301
3.254000	-33.501301
3.255000	-33.438400
3.256000	-33.501301
3.257000	-33.438400
3.258000	-33.564098
3.259000	-33.501301
3.260000	-33.501301
3.261000	-33.501301
3.262000	-33.564098
3.263000	-33.438400
3.264000	-33.501301
3.265000	-33.438400
3.266000	-33.438400
3.267000	-33.501301
3.268000	-33.501301
3.269000	-33.564098
3.270000	-33.438400
3.271000	-33.564098
3.272000	-33.501301
3.273000	-33.438400
3.274000	-33.501301
3.275000	-33.501301
3.276000	-33.438400
3.277000	-33.564098
3.278000	-33.501301
3.279000	-33.501301
3.280000	-33.501301
3.281000	-33.438400
3.282000	-33.564098
3.283000	-33.501301
3.284000	-33.501301
3.285000	-33.564098
3.286000	-33.501301
3.287000	-33.375599
3.288000	-33.501301
3.289000	-33.564098
3.290000	-33.564098
3.291000	-33.564098
3.292000	-33.564098
3.293000	-33.501301
3.294000	-33.501301
3.295000	-33.564098
3.296000	-33.564098
3.297000	-33.626900
3.298000	-33.626900
3.299000	-33.564098
3.300000	-33.626900
3.301000	-33.626900
3.302000	-33.501301
3.303000	-33.626900
3.304000	-33.626900
3.305000	-33.564098
3.306000	-33.626900
3.307000	-33.626900
3.308000	-33.626900
3.309000	-33.689701
3.310000	-33.564098
3.311000	-33.626900
3.312000	-33.626900
3.313000	-33.689701
3.314000	-33.689701
3.315000	-33.689701
3.316000	-33.689701
3.317000	-33.689701
3.318000	-33.752602
3.319000	-33.689701
3.320000	-33.689701
3.321000	-33.689701
3.322000	-33.626900
3.323000	-33.752602
3.324000	-33.689701
3.325000	-33.689701
3.326000	-33.752602
3.327000	-33.752602
3.328000	-33.752602
3.329000	-33.752602
3.330000	-33.689701
3.331000	-33.815399
3.332000	-33.815399
3.333000	-33.689701
3.334000	-33.815399
3.335000	-33.815399
3.336000	-33.878201
3.337000	-33.815399
3.338000	-33.752602
3.339000	-33.752602
3.340000	-33.752602
3.341000	-33.815399
3.342000	-33.752602
3.343000	-33.752602
3.344000	-33.752602
3.345000	-33.815399
3.346000	-33.815399
3.347000	-33.815399
3.348000	-33.752602
3.349000	-33.815399
3.350000	-33.752602
3.351000	-33.752602
3.352000	-33.752602
3.353000	-33.689701
3.354000	-33.815399
3.355000	-33.689701
3.356000	-33.752602
3.357000	-33.689701
3.358000	-33.689701
3.359000	-33.689701
3.360000	-33.689701
3.361000	-33.689701
3.362000	-33.752602
3.363000	-33.689701
3.364000	-33.689701
3.365000	-33.689701
3.366000	-33.689701
3.367000	-33.626900
3.368000	-33.689701
3.369000	-33.626900
3.370000	-33.564098
3.371000	-33.626900
3.372000	-33.689701
3.373000	-33.689701
3.374000	-33.564098
3.375000	-33.626900
3.376000	-33.689701
3.377000	-33.564098
3.378000	-33.564098
3.379000	-33.626900
3.380000	-33.626900
3.381000	-33.689701
3.382000	-33.626900
3.383000	-33.626900
3.384000	-33.689701
3.385000	-33.626900
3.386000	-33.689701
3.387000	-33.626900
3.388000	-33.501301
3.389000	-33.626900
3.390000	-33.501301
3.391000	-33.564098
3.392000	-33.564098
3.393000	-33.564098
3.394000	-33.564098
3.395000	-33.564098
3.396000	-33.501301
3.397000	-33.501301
3.398000	-33.501301
3.399000	-33.501301
3.400000	-33.501301
3.401000	-33.501301
3.402000	-33.501301
3.403000	-33.501301
3.404000	-33.438400
3.405000	-33.375599
3.406000	-33.438400
3.407000	-33.501301
3.408000	-33.438400
3.409000	-33.501301
3.410000	-33.375599
3.411000	-33.438400
3.412000	-33.438400
3.413000	-33.438400
3.414000	-33.438400
3.415000	-33.438400
3.416000	-33.438400
3.417000	-33.375599
3.418000	-33.438400
3.419000	-33.375599
3.420000	-33.438400
3.421000	-33.312801
3.422000	-33.375599
3.423000	-33.438400
3.424000	-33.438400
3.425000	-33.438400
3.426000	-33.375599
3.427000	-33.375599
3.428000	-33.438400
3.429000	-33.375599
3.430000	-33.375599
3.431000	-33.375599
3.432000	-33.375599
3.433000	-33.438400
3.434000	-33.375599
3.435000	-33.438400
3.436000	-33.438400
3.437000	-33.438400
3.438000	-33.438400
3.439000	-33.501301
3.440000	-33.501301
3.441000	-33.375599
3.442000	-33.438400
3.443000	-33.375599
3.444000	-33.438400
3.445000	-33.375599
3.446000	-33.438400
3.447000	-33.438400
3.448000	-33.438400
3.449000	-33.501301
3.450000	-33.501301
3.451000	-33.501301
3.452000	-33.438400
3.453000	-33.438400
3.454000	-33.501301
3.455000	-33.501301
3.456000	-33.438400
3.457000	-33.438400
3.458000	-33.501301
3.459000	-33.501301
3.460000	-33.438400
3.461000	-33.501301
3.462000	-33.438400
3.463000	-33.501301
3.464000	-33.564098
3.465000	-33.564098
3.466000	-33.501301
3.467000	-33.564098
3.468000	-33.564098
3.469000	-33.564098
3.470000	-33.501301
3.471000	-33.564098
3.472000	-33.564098
3.473000	-33.626900
3.474000	-33.501301
3.475000	-33.564098
3.476000	-33.564098
3.477000	-33.626900
3.478000	-33.626900
3.479000	-33.564098
3.480000	-33.564098
3.481000	-33.626900
3.482000	-33.626900
3.483000	-33.626900
3.484000	-33.626900
3.485000	-33.626900
3.486000	-33.626900
3.487000	-33.626900
3.488000	-33.689701
3.489000	-33.626900
3.490000	-33.689701
3.491000	-33.626900
3.492000	-33.564098
3.493000	-33.689701
3.494000	-33.626900
3.495000	-33.689701
3.496000	-33.689701
3.497000	-33.626900
3.498000	-33.689701
3.499000	-33.626900
3.500000	-33.689701
3.501000	-33.689701
3.502000	-33.752602
3.503000	-33.689701
3.504000	-33.626900
3.505000	-33.689701
3.506000	-33.626900
3.507000	-33.626900
3.508000	-33.689701
3.509000	-33.689701
3.510000	-33.626900
3.511000	-33.564098
3.512000	-33.564098
3.513000	-33.564098
3.514000	-33.626900
3.515000	-33.689701
3.516000	-33.564098
3.517000	-33.689701
3.518000	-33.564098
3.519000	-33.626900
3.520000	-33.501301
3.521000	-33.626900
3.522000	-33.626900
3.523000	-33.689701
3.524000	-33.626900
3.525000	-33.626900
3.526000	-33.564098
3.527000	-33.564098
3.528000	-33.626900
3.529000	-33.501301
3.530000	-33.564098
3.531000	-33.564098
3.532000	-33.564098
3.533000	-33.564098
3.534000	-33.501301
3.535000	-33.564098
3.536000	-33.501301
3.537000	-33.564098
3.538000	-33.501301
3.539000	-33.438400
3.540000	-33.501301
3.541000	-33.501301
3.542000	-33.564098
3.543000	-33.501301
3.544000	-33.438400
3.545000	-33.438400
3.546000	-33.438400
3.547000	-33.438400
3.548000	-33.438400
3.549000	-33.438400
3.550000	-33.438400
3.551000	-33.438400
3.552000	-33.438400
3.553000	-33.501301
3.554000	-33.438400
3.555000	-33.501301
3.556000	-33.438400
3.557000	-33.438400
3.558000	-33.438400
3.559000	-33.375599
3.560000	-33.312801
3.561000	-33.375599
3.562000	-33.375599
3.563000	-33.438400
3.564000	-33.375599
3.565000	-33.375599
3.566000	-33.375599
3.567000	-33.375599
3.568000	-33.375599
3.569000	-33.438400
3.570000	-33.312801
3.571000	-33.250000
3.572000	-33.312801
3.573000	-33.312801
3.574000	-33.312801
3.575000	-33.312801
3.576000	-33.375599
3.577000	-33.312801
3.578000	-33.312801
3.579000	-33.250000
3.580000	-33.312801
3.581000	-33.250000
3.582000	-33.250000
3.583000	-33.312801
3.584000	-33.312801
3.585000	-33.250000
3.586000	-33.312801
3.587000	-33.250000
3.588000	-33.312801
3.589000	-33.250000
3.590000	-33.312801
3.591000	-33.250000
3.592000	-33.250000
3.593000	-33.375599
3.594000	-33.250000
3.595000	-33.312801
3.596000	-33.312801
3.597000	-33.312801
3.598000	-33.312801
3.599000	-33.250000
3.600000	-33.312801
3.601000	-33.375599
3.602000	-33.312801
3.603000	-33.312801
3.604000	-33.375599
3.605000	-33.375599
3.606000	-33.375599
3.607000	-33.375599
3.608000	-33.375599
3.609000	-33.250000
3.610000	-33.375599
3.611000	-33.375599
3.612000	-33.312801
3.613000	-33.312801
3.614000	-33.375599
3.615000	-33.375599
3.616000	-33.250000
3.617000	-33.375599
3.618000	-33.375599
3.619000	-33.375599
3.620000	-33.312801
3.621000	-33.375599
3.622000	-33.312801
3.623000	-33.438400
3.624000	-33.375599
3.625000	-33.438400
3.626000	-33.438400
3.627000	-33.375599
3.628000	-33.438400
3.629000	-33.438400
3.630000	-33.438400
3.631000	-33.438400
3.632000	-33.501301
3.633000	-33.438400
3.634000	-33.438400
3.635000	-33.438400
3.636000	-33.501301
3.637000	-33.438400
3.638000	-33.438400
3.639000	-33.564098
3.640000	-33.438400
3.641000	-33.438400
3.642000	-33.438400
3.643000	-33.501301
3.644000	-33.501301
3.645000	-33.501301
3.646000	-33.501301
3.647000	-33.501301
3.648000	-33.501301
3.649000	-33.501301
3.650000	-33.564098
3.651000	-33.501301
3.652000	-33.564098
3.653000	-33.564098
3.654000	-33.564098
3.655000	-33.564098
3.656000	-33.564098
3.657000	-33.564098
3.658000	-33.626900
3.659000	-33.501301
3.660000	-33.501301
3.661000	-33.564098
3.662000	-33.564098
3.663000	-33.501301
3.664000	-33.501301
3.665000	-33.564098
3.666000	-33.501301
3.667000	-33.564098
3.668000	-33.564098
3.669000	-33.626900
3.670000	-33.564098
3.671000	-33.501301
3.672000	-33.564098
3.673000	-33.501301
3.674000	-33.564098
3.675000	-33.564098
3.676000	-33.501301
3.677000	-33.501301
3.678000	-33.564098
3.679000	-33.501301
3.680000	-33.564098
3.681000	-33.564098
3.682000	-33.438400
3.683000	-33.564098
3.684000	-33.501301
3.685000	-33.438400
3.686000	-33.438400
3.687000	-33.501301
3.688000	-33.438400
3.689000	-33.501301
3.690000	-33.438400
3.691000	-33.438400
3.692000	-33.438400
3.693000	-33.438400
3.694000	-33.375599
3.695000	-33.501301
3.696000	-33.438400
3.697000	-33.438400
3.698000	-33.438400
3.699000	-33.375599
3.700000	-33.375599
3.701000	-33.438400
3.702000	-33.375599
3.703000	-33.375599
3.704000	-33.438400
3.705000	-33.438400
3.706000	-33.375599
3.707000	-33.312801
3.708000	-33.312801
3.709000	-33.312801
3.710000	-33.375599
3.711000	-33.312801
3.712000	-33.375599
3.713000	-33.375599
3.714000	-33.375599
3.715000	-33.312801
3.716000	-33.375599
3.717000	-33.312801
3.718000	-33.250000
3.719000	-33.312801
3.720000	-33.312801
3.721000	-33.312801
3.722000	-33.250000
3.723000	-33.312801
3.724000	-33.250000
3.725000	-33.312801
3.726000	-33.250000
3.727000	-33.250000
3.728000	-33.312801
3.729000	-33.187099
3.730000	-33.312801
3.731000	-33.250000
3.732000	-33.187099
3.733000	-33.187099
3.734000	-33.187099
3.735000	-33.187099
3.736000	-33.250000
3.737000	-33.250000
3.738000	-33.187099
3.739000	-33.250000
3.740000	-33.124298
3.741000	-33.250000
3.742000	-33.250000
3.743000	-33.124298
3.744000	-33.187099
3.745000	-33.187099
3.746000	-33.187099
3.747000	-33.187099
3.748000	-33.124298
3.749000	-33.187099
3.750000	-33.187099
3.751000	-33.187099
3.752000	-33.187099
3.753000	-33.187099
3.754000	-33.250000
3.755000	-33.187099
3.756000	-33.124298
3.757000	-33.187099
3.758000	-33.124298
3.759000	-33.187099
3.760000	-33.187099
3.761000	-33.250000
3.762000	-33.187099
3.763000	-33.250000
3.764000	-33.250000
3.765000	-33.187099
3.766000	-33.124298
3.767000	-33.187099
3.768000	-33.187099
3.769000	-33.187099
3.770000	-33.250000
3.771000	-33.250000
3.772000	-33.187099
3.773000	-33.187099
3.774000	-33.250000
3.775000	-33.312801
3.776000	-33.312801
3.777000	-33.250000
3.778000	-33.250000
3.779000	-33.250000
3.780000	-33.250000
3.781000	-33.312801
3.782000	-33.312801
3.783000	-33.312801
3.784000	-33.375599
3.785000	-33.250000
3.786000	-33.312801
3.787000	-33.375599
3.788000	-33.250000
3.789000	-33.250000
3.790000	-33.312801
3.791000	-33.375599
3.792000	-33.312801
3.793000	-33.375599
3.794000	-33.375599
3.795000	-33.438400
3.796000	-33.312801
3.797000	-33.375599
3.798000	-33.375599
3.799000	-33.375599
3.800000	-33.375599
3.801000	-33.312801
3.802000	-33.375599
3.803000	-33.375599
3.804000	-33.375599
3.805000	-33.375599
3.806000	-33.375599
3.807000	-33.438400
3.808000	-33.438400
3.809000	-33.438400
3.810000	-33.375599
3.811000	-33.375599
3.812000	-33.501301
3.813000	-33.501301
3.814000	-33.438400
3.815000	-33.438400
3.816000	-33.375599
3.817000	-33.501301
3.818000	-33.501301
3.819000	-33.438400
3.820000	-33.438400
3.821000	-33.501301
3.822000	-33.438400
3.823000	-33.438400
3.824000	-33.501301
3.825000	-33.501301
3.826000	-33.501301
3.827000	-33.438400
3.828000	-33.501301
3.829000	-33.438400
3.830000	-33.501301
3.831000	-33.564098
3.832000	-33.438400
3.833000	-33.438400
3.834000	-33.438400
3.835000	-33.501301
3.836000	-33.501301
3.837000	-33.438400
3.838000	-33.438400
3.839000	-33.438400
3.840000	-33.375599
3.841000	-33.438400
3.842000	-33.375599
3.843000	-33.438400
3.844000	-33.438400
3.845000	-33.375599
3.846000	-33.438400
3.847000	-33.375599
3.848000	-33.375599
3.849000	-33.375599
3.850000	-33.312801
3.851000	-33.438400
3.852000	-33.312801
3.853000	-33.375599
3.854000	-33.312801
3.855000	-33.375599
3.856000	-33.312801
3.857000	-33.250000
3.858000	-33.312801
3.859000	-33.250000
3.860000	-33.312801
3.861000	-33.312801
3.862000	-33.312801
3.863000	-33.250000
3.864000	-33.312801
3.865000	-33.187099
3.866000	-33.250000
3.867000	-33.250000
3.868000	-33.312801
3.869000	-33.312801
3.870000	-33.250000
3.871000	-33.187099
3.872000	-33.312801
3.873000	-33.187099
3.874000	-33.250000
3.875000	-33.250000
3.876000	-33.250000
3.877000	-33.187099
3.878000	-33.250000
3.879000	-33.187099
3.880000	-33.312801
3.881000	-33.124298
3.882000	-33.250000
3.883000	-33.124298
3.884000	-33.250000
3.885000	-33.124298
3.886000	-33.187099
3.887000	-33.124298
3.888000	-33.061501
3.889000	-33.124298
3.890000	-33.124298
3.891000	-33.124298
3.892000	-33.124298
3.893000	-33.061501
3.894000	-33.124298
3.895000	-33.187099
3.896000	-33.187099
3.897000	-33.061501
3.898000	-33.061501
3.899000	-33.124298
3.900000	-33.061501
3.901000	-33.124298
3.902000	-33.124298
3.903000	-33.124298
3.904000	-33.061501
3.905000	-33.124298
3.906000	-33.061501
3.907000	-33.061501
3.908000	-33.061501
3.909000	-33.061501
3.910000	-33.124298
3.911000	-33.061501
3.912000	-33.061501
3.913000	-33.187099
3.914000	-33.187099
3.915000	-33.124298
3.916000	-33.124298
3.917000	-33.124298
3.918000	-33.187099
3.919000	-33.124298
3.920000	-33.061501
3.921000	-33.124298
3.922000	-33.124298
3.923000	-33.187099
3.924000	-33.124298
3.925000	-33.250000
3.926000	-33.187099
3.927000	-33.187099
3.928000	-33.187099
3.929000	-33.124298
3.930000	-33.124298
3.931000	-33.187099
3.932000	-33.250000
3.933000	-33.187099
3.934000	-33.187099
3.935000	-33.250000
3.936000	-33.187099
3.937000	-33.187099
3.938000	-33.187099
3.939000	-33.124298
3.940000	-33.187099
3.941000	-33.187099
3.942000	-33.187099
3.943000	-33.187099
3.944000	-33.187099
3.945000	-33.312801
3.946000	-33.250000
3.947000	-33.250000
3.948000	-33.187099
3.949000	-33.375599
3.950000	-33.250000
3.951000	-33.250000
3.952000	-33.312801
3.953000	-33.250000
3.954000	-33.312801
3.955000	-33.250000
3.956000	-33.250000
3.957000	-33.312801
3.958000	-33.312801
3.959000	-33.250000
3.960000	-33.187099
3.961000	-33.250000
3.962000	-33.312801
3.963000	-33.250000
3.964000	-33.375599
3.965000	-33.250000
3.966000	-33.312801
3.967000	-33.250000
3.968000	-33.375599
3.969000	-33.375599
3.970000	-33.312801
3.971000	-33.375599
3.972000	-33.375599
3.973000	-33.375599
3.974000	-33.375599
3.975000	-33.438400
3.976000	-33.375599
3.977000	-33.375599
3.978000	-33.375599
3.979000	-33.375599
3.980000	-33.375599
3.981000	-33.375599
3.982000	-33.375599
3.983000	-33.375599
3.984000	-33.375599
3.985000	-33.375599
3.986000	-33.312801
3.987000	-33.438400
3.988000	-33.375599
3.989000	-33.375599
3.990000	-33.375599
3.991000	-33.375599
3.992000	-33.312801
3.993000	-33.375599
3.994000	-33.375599
3.995000	-33.375599
3.996000	-33.375599
3.997000	-33.375599
3.998000	-33.375599
3.999000	-33.375599
4.000000	-33.375599
4.001000	-33.375599
4.002000	-33.375599
4.003000	-33.375599
4.004000	-33.312801
4.005000	-33.312801
4.006000	-33.250000
4.007000	-33.375599
4.008000	-33.375599
4.009000	-33.312801
4.010000	-33.250000
4.011000	-33.312801
4.012000	-33.312801
4.013000	-33.312801
4.014000	-33.312801
4.015000	-33.250000
4.016000	-33.250000
4.017000	-33.187099
4.018000	-33.250000
4.019000	-33.312801
4.020000	-33.250000
4.021000	-33.250000
4.022000	-33.187099
4.023000	-33.250000
4.024000	-33.187099
4.025000	-33.250000
4.026000	-33.187099
4.027000	-33.187099
4.028000	-33.187099
4.029000	-33.187099
4.030000	-33.124298
4.031000	-33.187099
4.032000	-33.124298
4.033000	-33.061501
4.034000	-33.124298
4.035000	-33.250000
4.036000	-33.124298
4.037000	-33.124298
4.038000	-33.124298
4.039000	-33.124298
4.040000	-33.124298
4.041000	-33.187099
4.042000	-33.187099
4.043000	-33.061501
4.044000	-33.124298
4.045000	-33.124298
4.046000	-33.061501
4.047000	-33.061501
4.048000	-33.124298
4.049000	-33.061501
4.050000	-33.124298
4.051000	-33.124298
4.052000	-33.061501
4.053000	-33.124298
4.054000	-33.061501
4.055000	-33.061501
4.056000	-33.061501
4.057000	-32.998600
4.058000	-33.061501
4.059000	-33.061501
4.060000	-32.998600
4.061000	-33.124298
4.062000	-32.998600
4.063000	-32.998600
4.064000	-33.061501
4.065000	-33.061501
4.066000	-32.998600
4.067000	-33.061501
4.068000	-33.124298
4.069000	-32.998600
4.070000	-33.124298
4.071000	-32.998600
4.072000	-32.998600
4.073000	-33.124298
4.074000	-33.061501
4.075000	-33.124298
4.076000	-32.998600
4.077000	-33.061501
4.078000	-33.061501
4.079000	-33.124298
4.080000	-32.998600
4.081000	-33.061501
4.082000	-33.061501
4.083000	-32.998600
4.084000	-33.124298
4.085000	-33.124298
4.086000	-33.124298
4.087000	-33.061501
4.088000	-33.124298
4.089000	-33.061501
4.090000	-33.124298
4.091000	-33.061501
4.092000	-33.124298
4.093000	-33.187099
4.094000	-33.061501
4.095000	-33.187099
4.096000	-33.124298
4.097000	-33.187099
4.098000	-33.187099
4.099000	-33.124298
4.100000	-33.124298
4.101000	-33.061501
4.102000	-33.124298
4.103000	-33.124298
4.104000	-33.124298
4.105000	-33.187099
4.106000	-33.124298
4.107000	-33.250000
4.108000	-33.187099
4.109000	-33.124298
4.110000	-33.250000
4.111000	-33.187099
4.112000	-33.187099
4.113000	-33.187099
4.114000	-33.124298
4.115000	-33.124298
4.116000	-33.124298
4.117000	-33.250000
4.118000	-33.187099
4.119000	-33.187099
4.120000	-33.187099
4.121000	-33.187099
4.122000	-33.187099
4.123000	-33.250000
4.124000	-33.312801
4.125000	-33.250000
4.126000	-33.250000
4.127000	-33.187099
4.128000	-33.312801
4.129000	-33.250000
4.130000	-33.250000
4.131000	-33.250000
4.132000	-33.250000
4.133000	-33.250000
4.134000	-33.250000
4.135000	-33.312801
4.136000	-33.375599
4.137000	-33.250000
4.138000	-33.187099
4.139000	-33.250000
4.140000	-33.250000
4.141000	-33.375599
4.142000	-33.250000
4.143000	-33.187099
4.144000	-33.250000
4.145000	-33.312801
4.146000	-33.312801
4.147000	-33.250000
4.148000	-33.250000
4.149000	-33.312801
4.150000	-33.250000
4.151000	-33.250000
4.152000	-33.312801
4.153000	-33.375599
4.154000	-33.312801
4.155000	-33.375599
4.156000	-33.250000
4.157000	-33.187099
4.158000	-33.312801
4.159000	-33.250000
4.160000	-33.187099
4.161000	-33.250000
4.162000	-33.250000
4.163000	-33.250000
4.164000	-33.312801
4.165000	-33.250000
4.166000	-33.187099
4.167000	-33.250000
4.168000	-33.250000
4.169000	-33.250000
4.170000	-33.187099
4.171000	-33.187099
4.172000	-33.187099
4.173000	-33.124298
4.174000	-33.250000
4.175000	-33.250000
4.176000	-33.187099
4.177000	-33.187099
4.178000	-33.187099
4.179000	-33.187099
4.180000	-33.124298
4.181000	-33.187099
4.182000	-33.250000
4.183000	-33.124298
4.184000	-33.187099
4.185000	-33.124298
4.186000	-33.124298
4.187000	-33.187099
4.188000	-33.124298
4.189000	-33.124298
4.190000	-33.124298
4.191000	-33.187099
4.192000	-33.124298
4.193000	-33.061501
4.194000	-33.124298
4.195000	-33.124298
4.196000	-33.187099
4.197000	-33.061501
4.198000	-33.124298
4.199000	-33.061501
4.200000	-33.061501
4.201000	-33.061501
4.202000	-33.124298
4.203000	-33.061501
4.204000	-33.061501
4.205000	-33.061501
4.206000	-33.061501
4.207000	-33.124298
4.208000	-33.124298
4.209000	-32.998600
4.210000	-33.061501
4.211000	-33.061501
4.212000	-32.998600
4.213000	-32.998600
4.214000	-33.061501
4.215000	-33.061501
4.216000	-33.061501
4.217000	-33.061501
4.218000	-32.998600
4.219000	-32.998600
4.220000	-32.998600
4.221000	-32.935799
4.222000	-32.998600
4.223000	-32.998600
4.224000	-33.061501
4.225000	-32.998600
4.226000	-32.998600
4.227000	-32.998600
4.228000	-32.935799
4.229000	-33.061501
4.230000	-32.935799
4.231000	-32.998600
4.232000	-33.061501
4.233000	-32.935799
4.234000	-33.061501
4.235000	-33.061501
4.236000	-32.998600
4.237000	-32.998600
4.238000	-32.935799
4.239000	-32.935799
4.240000	-32.998600
4.241000	-32.998600
4.242000	-32.998600
4.243000	-32.998600
4.244000	-32.998600
4.245000	-32.998600
4.246000	-32.998600
4.247000	-33.061501
4.248000	-32.998600
4.249000	-32.998600
4.250000	-33.061501
4.251000	-33.061501
4.252000	-32.998600
4.253000	-32.998600
4.254000	-33.061501
4.255000	-33.061501
4.256000	-33.124298
4.257000	-32.998600
4.258000	-33.061501
4.259000	-33.124298
4.260000	-33.061501
4.261000	-33.124298
4.262000	-33.124298
4.263000	-33.061501
4.264000	-33.124298
4.265000	-33.124298
4.266000	-33.061501
4.267000	-33.187099
4.268000	-33.124298
4.269000	-33.124298
4.270000	-33.061501
4.271000	-33.061501
4.272000	-33.061501
4.273000	-33.061501
4.274000	-33.124298
4.275000	-33.061501
4.276000	-33.187099
4.277000	-33.124298
4.278000	-33.187099
4.279000	-33.187099
4.280000	-33.124298
4.281000	-33.124298
4.282000	-33.124298
4.283000	-33.187099
4.284000	-33.061501
4.285000	-33.124298
4.286000	-33.124298
4.287000	-33.187099
4.288000	-33.187099
4.289000	-33.124298
4.290000	-33.124298
4.291000	-33.187099
4.292000	-33.124298
4.293000	-33.187099
4.294000	-33.187099
4.295000	-33.187099
4.296000	-33.187099
4.297000	-33.124298
4.298000	-33.250000
4.299000	-33.187099
4.300000	-33.250000
4.301000	-33.187099
4.302000	-33.312801
4.303000	-33.250000
4.304000	-33.250000
4.305000	-33.187099
4.306000	-33.124298
4.307000	-33.250000
4.308000	-33.250000
4.309000	-33.187099
4.310000	-33.124298
4.311000	-33.187099
4.312000	-33.250000
4.313000	-33.187099
4.314000	-33.250000
4.315000	-33.250000
4.316000	-33.250000
4.317000	-33.250000
4.318000	-33.250000
4.319000	-33.250000
4.320000	-33.187099
4.321000	-33.250000
4.322000	-33.250000
4.323000	-33.187099
4.324000	-33.187099
4.325000	-33.187099
4.326000	-33.187099
4.327000	-33.250000
4.328000	-33.187099
4.329000	-33.124298
4.330000	-33.187099
4.331000	-33.187099
4.332000	-33.124298
4.333000	-33.124298
4.334000	-33.124298
4.335000	-33.187099
4.336000	-33.061501
4.337000	-33.124298
4.338000	-33.187099
4.339000	-33.124298
4.340000	-33.124298
4.341000	-33.124298
4.342000	-33.061501
4.343000	-33.124298
4.344000	-33.124298
4.345000	-33.124298
4.346000	-33.124298
4.347000	-33.124298
4.348000	-33.124298
4.349000	-33.124298
4.350000	-33.061501
4.351000	-33.061501
4.352000	-33.061501
4.353000	-33.187099
4.354000	-33.124298
4.355000	-32.998600
4.356000	-33.061501
4.357000	-33.061501
4.358000	-33.061501
4.359000	-33.061501
4.360000	-32.998600
4.361000	-32.998600
4.362000	-33.061501
4.363000	-32.998600
4.364000	-32.998600
4.365000	-33.061501
4.366000	-32.998600
4.367000	-32.998600
4.368000	-33.061501
4.369000	-32.998600
4.370000	-32.935799
4.371000	-32.998600
4.372000	-32.998600
4.373000	-32.935799
4.374000	-32.998600
4.375000	-32.998600
4.376000	-32.998600
4.377000	-32.935799
4.378000	-32.935799
4.379000	-32.998600
4.380000	-32.935799
4.381000	-32.998600
4.382000	-32.998600
4.383000	-32.873001
4.384000	-32.998600
4.385000	-32.935799
4.386000	-32.998600
4.387000	-32.935799
4.388000	-32.873001
4.389000	-32.873001
4.390000	-32.935799
4.391000	-32.998600
4.392000	-32.935799
4.393000	-32.935799
4.394000	-32.935799
4.395000	-32.935799
4.396000	-32.935799
4.397000	-32.935799
4.398000	-32.998600
4.399000	-32.873001
4.400000	-32.935799
4.401000	-32.873001
4.402000	-32.998600
4.403000	-32.935799
4.404000	-32.998600
4.405000	-32.998600
4.406000	-32.935799
4.407000	-32.935799
4.408000	-32.935799
4.409000	-32.998600
4.410000	-32.873001
4.411000	-32.935799
4.412000	-33.061501
4.413000	-32.935799
4.414000	-32.935799
4.415000	-32.998600
4.416000	-32.998600
4.417000	-32.998600
4.418000	-32.998600
4.419000	-32.935799
4.420000	-32.998600
4.421000	-32.998600
4.422000	-32.998600
4.423000	-33.061501
4.424000	-32.998600
4.425000	-33.061501
4.426000	-33.061501
4.427000	-33.061501
4.428000	-33.061501
4.429000	-33.061501
4.430000	-33.061501
4.431000	-33.061501
4.432000	-32.998600
4.433000	-32.998600
4.434000	-33.061501
4.435000	-33.061501
4.436000	-33.124298
4.437000	-33.124298
4.438000	-33.124298
4.439000	-33.061501
4.440000	-33.061501
4.441000	-33.061501
4.442000	-33.061501
4.443000	-33.061501
4.444000	-33.061501
4.445000	-33.124298
4.446000	-33.124298
4.447000	-33.124298
4.448000	-33.124298
4.449000	-33.061501
4.450000	-33.061501
4.451000	-33.061501
4.452000	-33.061501
4.453000	-33.124298
4.454000	-33.124298
4.455000	-33.124298
4.456000	-33.187099
4.457000	-33.124298
4.458000	-33.124298
4.459000	-33.187099
4.460000	-33.061501
4.461000	-33.124298
4.462000	-33.124298
4.463000	-33.124298
4.464000	-33.187099
4.465000	-33.187099
4.466000	-33.187099
4.467000	-33.187099
4.468000	-33.124298
4.469000	-33.124298
4.470000	-33.187099
4.471000	-33.124298
4.472000	-33.124298
4.473000	-33.124298
4.474000	-33.124298
4.475000	-33.061501
4.476000	-33.124298
4.477000	-33.124298
4.478000	-33.187099
4.479000	-33.124298
4.480000	-33.124298
4.481000	-33.061501
4.482000	-33.124298
4.483000	-33.124298
4.484000	-33.124298
4.485000	-33.061501
4.486000	-33.124298
4.487000	-33.124298
4.488000	-33.187099
4.489000	-33.124298
4.490000	-33.124298
4.491000	-33.124298
4.492000	-33.061501
4.493000	-33.124298
4.494000	-32.998600
4.495000	-33.124298
4.496000	-33.061501
4.497000	-33.124298
4.498000	-33.124298
4.499000	-33.187099
4.500000	-33.061501
4.501000	-33.061501
4.502000	-33.124298
4.503000	-32.998600
4.504000	-33.061501
4.505000	-33.061501
4.506000	-33.061501
4.507000	-33.124298
4.508000	-32.998600
4.509000	-32.998600
4.510000	-32.998600
4.511000	-32.998600
4.512000	-32.998600
4.513000	-33.061501
4.514000	-32.935799
4.515000	-33.061501
4.516000	-32.998600
4.517000	-33.061501
4.518000	-32.998600
4.519000	-32.998600
4.520000	-32.935799
4.521000	-32.935799
4.522000	-32.935799
4.523000	-32.998600
4.524000	-32.935799
4.525000	-32.998600
4.526000	-32.998600
4.527000	-32.873001
4.528000	-32.998600
4.529000	-32.998600
4.530000	-32.998600
4.531000	-33.061501
4.532000	-32.998600
4.533000	-32.935799
4.534000	-32.998600
4.535000	-33.061501
4.536000	-32.998600
4.537000	-32.935799
4.538000	-32.998600
4.539000	-32.935799
4.540000	-32.873001
4.541000	-32.998600
4.542000	-32.935799
4.543000	-32.935799
4.544000	-32.873001
4.545000	-32.873001
4.546000	-32.873001
4.547000	-32.935799
4.548000	-32.935799
4.549000	-32.810200
4.550000	-32.873001
4.551000	-32.873001
4.552000	-32.873001
4.553000	-32.810200
4.554000	-32.810200
4.555000	-32.935799
4.556000	-32.873001
4.557000	-32.873001
4.558000	-32.873001
4.559000	-32.873001
4.560000	-32.873001
4.561000	-32.935799
4.562000	-32.935799
4.563000	-32.935799
4.564000	-32.935799
4.565000	-32.810200
4.566000	-32.873001
4.567000	-32.935799
4.568000	-32.935799
4.569000	-32.873001
4.570000	-32.935799
4.571000	-32.935799
4.572000	-32.935799
4.573000	-32.873001
4.574000	-32.998600
4.575000	-32.998600
4.576000	-32.935799
4.577000	-32.873001
4.578000	-32.998600
4.579000	-32.998600
4.580000	-32.998600
4.581000	-32.998600
4.582000	-32.998600
4.583000	-32.935799
4.584000	-32.998600
4.585000	-32.935799
4.586000	-32.998600
4.587000	-32.935799
4.588000	-32.935799
4.589000	-32.998600
4.590000	-33.061501
4.591000	-32.998600
4.592000	-32.998600
4.593000	-32.935799
4.594000	-32.998600
4.595000	-33.061501
4.596000	-32.935799
4.597000	-33.124298
4.598000	-33.061501
4.599000	-32.998600
4.600000	-32.998600
4.601000	-32.998600
4.602000	-33.061501
4.603000	-32.935799
4.604000	-32.998600
4.605000	-33.061501
4.606000	-32.998600
4.607000	-32.935799
4.608000	-33.124298
4.609000	-33.061501
4.610000	-33.061501
4.611000	-33.061501
4.612000	-32.998600
4.613000	-33.061501
4.614000	-33.061501
4.615000	-33.061501
4.616000	-32.998600
4.617000	-32.998600
4.618000	-33.124298
4.619000	-33.124298
4.620000	-33.061501
4.621000	-33.061501
4.622000	-33.124298
4.623000	-33.124298
4.624000	-33.061501
4.625000	-33.061501
4.626000	-33.061501
4.627000	-33.061501
4.628000	-33.061501
4.629000	-33.061501
4.630000	-33.187099
4.631000	-33.061501
4.632000	-33.061501
4.633000	-32.998600
4.634000	-33.061501
4.635000	-33.061501
4.636000	-33.061501
4.637000	-33.187099
4.638000	-33.061501
4.639000	-33.061501
4.640000	-33.061501
4.641000	-33.124298
4.642000	-33.061501
4.643000	-33.061501
4.644000	-33.124298
4.645000	-33.061501
4.646000	-33.124298
4.647000	-33.124298
4.648000	-33.061501
4.649000	-33.061501
4.650000	-33.061501
4.651000	-33.124298
4.652000	-33.061501
4.653000	-32.998600
4.654000	-32.998600
4.655000	-32.998600
4.656000	-32.998600
4.657000	-32.998600
4.658000	-32.998600
4.659000	-32.998600
4.660000	-32.998600
4.661000	-32.998600
4.662000	-33.061501
4.663000	-32.998600
4.664000	-32.998600
4.665000	-32.998600
4.666000	-32.998600
4.667000	-33.124298
4.668000	-32.998600
4.669000	-32.998600
4.670000	-32.935799
4.671000	-32.935799
4.672000	-32.998600
4.673000	-32.873001
4.674000	-32.998600
4.675000	-32.998600
4.676000	-32.998600
4.677000	-32.873001
4.678000	-32.873001
4.679000	-32.935799
4.680000	-32.998600
4.681000	-32.935799
4.682000	-32.935799
4.683000	-32.935799
4.684000	-32.935799
4.685000	-32.935799
4.686000	-32.873001
4.687000	-32.935799
4.688000	-32.998600
4.689000	-32.935799
4.690000	-32.873001
4.691000	-32.998600
4.692000	-32.873001
4.693000	-32.873001
4.694000	-32.873001
4.695000	-32.935799
4.696000	-32.935799
4.697000	-32.873001
4.698000	-32.998600
4.699000	-32.873001
4.700000	-32.873001
4.701000	-32.935799
4.702000	-32.873001
4.703000	-32.873001
4.704000	-32.810200
4.705000	-32.873001
4.706000	-32.810200
4.707000	-32.873001
4.708000	-32.873001
4.709000	-32.935799
4.710000	-32.810200
4.711000	-32.873001
4.712000	-32.810200
4.713000	-32.873001
4.714000	-32.873001
4.715000	-32.873001
4.716000	-32.810200
4.717000	-32.935799
4.718000	-32.810200
4.719000	-32.810200
4.720000	-32.810200
4.721000	-32.873001
4.722000	-32.747299
4.723000	-32.873001
4.724000	-32.873001
4.725000	-32.935799
4.726000	-32.935799
4.727000	-32.810200
4.728000	-32.873001
4.729000	-32.935799
4.730000	-32.935799
4.731000	-32.810200
4.732000	-32.873001
4.733000	-32.873001
4.734000	-32.935799
4.735000	-32.935799
4.736000	-32.935799
4.737000	-32.935799
4.738000	-32.935799
4.739000	-32.935799
4.740000	-32.873001
4.741000	-32.873001
4.742000	-32.935799
4.743000	-32.935799
4.744000	-32.873001
4.745000	-32.935799
4.746000	-32.935799
4.747000	-32.935799
4.748000	-32.935799
4.749000	-32.998600
4.750000	-32.873001
4.751000	-32.935799
4.752000	-32.935799
4.753000	-32.935799
4.754000	-32.998600
4.755000	-32.935799
4.756000	-32.935799
4.757000	-32.935799
4.758000	-32.998600
4.759000	-32.998600
4.760000	-33.061501
4.761000	-32.998600
4.762000	-32.998600
4.763000	-32.998600
4.764000	-32.998600
4.765000	-32.935799
4.766000	-32.935799
4.767000	-32.935799
4.768000	-32.998600
4.769000	-33.061501
4.770000	-32.935799
4.771000	-32.935799
4.772000	-32.935799
4.773000	-33.061501
4.774000	-33.061501
4.775000	-32.935799
4.776000	-33.061501
4.777000	-32.998600
4.778000	-32.998600
4.779000	-32.998600
4.780000	-33.061501
4.781000	-33.061501
4.782000	-33.061501
4.783000	-32.998600
4.784000	-32.935799
4.785000	-32.998600
4.786000	-33.124298
4.787000	-32.935799
4.788000	-32.998600
4.789000	-32.998600
4.790000	-33.061501
4.791000	-32.998600
4.792000	-32.998600
4.793000	-32.998600
4.794000	-33.061501
4.795000	-33.061501
4.796000	-32.998600
4.797000	-32.998600
4.798000	-32.998600
4.799000	-32.998600
4.800000	-32.998600
4.801000	-33.061501
4.802000	-33.061501
4.803000	-32.998600
4.804000	-33.061501
4.805000	-32.998600
4.806000	-32.998600
4.807000	-32.998600
4.808000	-32.998600
4.809000	-32.998600
4.810000	-32.873001
4.811000	-32.998600
4.812000	-32.998600
4.813000	-32.998600
4.814000	-32.935799
4.815000	-32.998600
4.816000	-32.998600
4.817000	-33.061501
4.818000	-32.935799
4.819000	-32.935799
4.820000	-32.998600
4.821000	-32.935799
4.822000	-32.935799
4.823000	-32.935799
4.824000	-32.935799
4.825000	-32.935799
4.826000	-32.873001
4.827000	-32.873001
4.828000	-32.935799
4.829000	-32.935799
4.830000	-32.935799
4.831000	-32.810200
4.832000	-32.935799
4.833000	-32.935799
4.834000	-32.873001
4.835000	-32.935799
4.836000	-32.873001
4.837000	-32.873001
4.838000	-32.873001
4.839000	-32.873001
4.840000	-32.873001
4.841000	-32.873001
4.842000	-32.873001
4.843000	-32.873001
4.844000	-32.935799
4.845000	-32.935799
4.846000	-32.935799
4.847000	-32.873001
4.848000	-32.873001
4.849000	-32.873001
4.850000	-32.873001
4.851000	-32.873001
4.852000	-32.873001
4.853000	-32.873001
4.854000	-32.873001
4.855000	-32.873001
4.856000	-32.810200
4.857000	-32.810200
4.858000	-32.873001
4.859000	-32.873001
4.860000	-32.810200
4.861000	-32.810200
4.862000	-32.873001
4.863000	-32.935799
4.864000	-32.873001
4.865000	-32.873001
4.866000	-32.810200
4.867000	-32.810200
4.868000	-32.810200
4.869000	-32.810200
4.870000	-32.684502
4.871000	-32.747299
4.872000	-32.747299
4.873000	-32.747299
4.874000	-32.747299
4.875000	-32.873001
4.876000	-32.810200
4.877000	-32.810200
4.878000	-32.810200
4.879000	-32.873001
4.880000	-32.873001
4.881000	-32.873001
4.882000	-32.810200
4.883000	-32.747299
4.884000	-32.810200
4.885000	-32.873001
4.886000	-32.935799
4.887000	-32.810200
4.888000	-32.873001
4.889000	-32.873001
4.890000	-32.810200
4.891000	-32.873001
4.892000	-32.873001
4.893000	-32.935799
4.894000	-32.873001
4.895000	-32.810200
4.896000	-32.873001
4.897000	-32.873001
4.898000	-32.935799
4.899000	-32.873001
4.900000	-32.873001
4.901000	-32.935799
4.902000	-32.810200
4.903000	-32.873001
4.904000	-32.873001
4.905000	-32.935799
4.906000	-32.935799
4.907000	-32.873001
4.908000	-32.935799
4.909000	-32.873001
4.910000	-32.873001
4.911000	-32.935799
4.912000	-32.935799
4.913000	-32.935799
4.914000	-32.935799
4.915000	-32.935799
4.916000	-32.935799
4.917000	-32.873001
4.918000	-32.935799
4.919000	-32.873001
4.920000	-32.935799
4.921000	-32.935799
4.922000	-32.873001
4.923000	-32.935799
4.924000	-32.873001
4.925000	-32.935799
4.926000	-32.873001
4.927000	-32.998600
4.928000	-32.935799
4.929000	-32.935799
4.930000	-32.935799
4.931000	-32.935799
4.932000	-32.935799
4.933000	-32.935799
4.934000	-32.998600
4.935000	-32.935799
4.936000	-32.935799
4.937000	-32.998600
4.938000	-32.998600
4.939000	-32.935799
4.940000	-32.935799
4.941000	-32.935799
4.942000	-32.873001
4.943000	-32.998600
4.944000	-32.935799
4.945000	-32.998600
4.946000	-32.998600
4.947000	-32.998600
4.948000	-32.935799
4.949000	-32.998600
4.950000	-32.935799
4.951000	-32.998600
4.952000	-33.061501
4.953000	-32.998600
4.954000	-32.935799
4.955000	-32.935799
4.956000	-32.935799
4.957000	-32.935799
4.958000	-32.998600
4.959000	-32.935799
4.960000	-32.935799
4.961000	-32.935799
4.962000	-32.873001
4.963000	-32.998600
4.964000	-32.935799
4.965000	-32.935799
4.966000	-32.935799
4.967000	-32.998600
4.968000	-32.998600
4.969000	-32.873001
4.970000	-32.935799
4.971000	-32.873001
4.972000	-32.935799
4.973000	-32.935799
4.974000	-32.998600
4.975000	-32.935799
4.976000	-32.873001
4.977000	-32.935799
4.978000	-32.935799
4.979000	-32.998600
4.980000	-32.873001
4.981000	-32.873001
4.982000	-32.873001
4.983000	-32.810200
4.984000	-32.873001
4.985000	-32.873001
4.986000	-32.873001
4.987000	-32.873001
4.988000	-32.873001
4.989000	-32.810200
4.990000	-32.935799
4.991000	-32.935799
4.992000	-32.747299
4.993000	-32.873001
4.994000	-32.810200
4.995000	-32.873001
4.996000	-32.873001
4.997000	-32.873001
4.998000	-32.873001
4.999000	-32.935799
5.000000	-32.873001
5.001000	-32.810200
5.002000	-32.873001
5.003000	-32.810200
5.004000	-32.873001
5.005000	-32.873001
5.006000	-32.810200
5.007000	-32.873001
5.008000	-32.873001
5.009000	-32.873001
5.010000	-32.873001
5.011000	-32.873001
5.012000	-32.873001
5.013000	-32.810200
5.014000	-32.810200
5.015000	-32.810200
5.016000	-32.747299
5.017000	-32.873001
5.018000	-32.873001
5.019000	-32.873001
5.020000	-32.810200
5.021000	-32.873001
5.022000	-32.684502
5.023000	-32.873001
5.024000	-32.810200
5.025000	-32.747299
5.026000	-32.747299
5.027000	-32.747299
5.028000	-32.810200
5.029000	-32.810200
5.030000	-32.684502
5.031000	-32.810200
5.032000	-32.810200
5.033000	-32.810200
5.034000	-32.810200
5.035000	-32.810200
5.036000	-32.810200
5.037000	-32.747299
5.038000	-32.747299
5.039000	-32.747299
5.040000	-32.810200
5.041000	-32.810200
5.042000	-32.810200
5.043000	-32.810200
5.044000	-32.747299
5.045000	-32.810200
5.046000	-32.810200
5.047000	-32.873001
5.048000	-32.747299
5.049000	-32.747299
5.050000	-32.873001
5.051000	-32.873001
5.052000	-32.810200
5.053000	-32.810200
5.054000	-32.747299
5.055000	-32.935799
5.056000	-32.873001
5.057000	-32.747299
5.058000	-32.873001
5.059000	-32.810200
5.060000	-32.810200
5.061000	-32.810200
5.062000	-32.810200
5.063000	-32.873001
5.064000	-32.935799
5.065000	-32.810200
5.066000	-32.873001
5.067000	-32.810200
5.068000	-32.873001
5.069000	-32.935799
5.070000	-32.873001
5.071000	-32.873001
5.072000	-32.873001
5.073000	-32.810200
5.074000	-32.873001
5.075000	-32.873001
5.076000	-32.935799
5.077000	-32.873001
5.078000	-32.935799
5.079000	-32.873001
5.080000	-32.935799
5.081000	-32.873001
5.082000	-32.998600
5.083000	-32.935799
5.084000	-32.935799
5.085000	-32.935799
5.086000	-32.873001
5.087000	-32.873001
5.088000	-32.873001
5.089000	-32.873001
5.090000	-32.873001
5.091000	-32.998600
5.092000	-32.873001
5.093000	-32.873001
5.094000	-32.935799
5.095000	-32.998600
5.096000	-32.873001
5.097000	-32.935799
5.098000	-32.873001
5.099000	-32.810200
5.100000	-32.873001
5.101000	-32.935799
5.102000	-32.873001
5.103000	-32.998600
5.104000	-32.935799
5.105000	-32.873001
5.106000	-32.935799
5.107000	-33.061501
5.108000	-32.935799
5.109000	-32.873001
5.110000	-32.998600
5.111000	-32.935799
5.112000	-32.935799
5.113000	-32.935799
5.114000	-32.935799
5.115000	-32.935799
5.116000	-32.935799
5.117000	-32.935799
5.118000	-32.873001
5.119000	-32.935799
5.120000	-32.935799
5.121000	-32.935799
5.122000	-32.935799
5.123000	-32.935799
5.124000	-32.935799
5.125000	-32.873001
5.126000	-32.873001
5.127000	-32.873001
5.128000	-32.873001
5.129000	-32.935799
5.130000	-32.935799
5.131000	-32.998600
5.132000	-32.810200
5.133000	-32.935799
5.134000	-32.935799
5.135000	-32.873001
5.136000	-32.935799
5.137000	-32.873001
5.138000	-32.810200
5.139000	-32.810200
5.140000	-32.873001
5.141000	-32.873001
5.142000	-32.873001
5.143000	-32.935799
5.144000	-32.747299
5.145000	-32.810200
5.146000	-32.873001
5.147000	-32.810200
5.148000	-32.873001
5.149000	-32.747299
5.150000	-32.873001
5.151000	-32.810200
5.152000	-32.873001
5.153000	-32.873001
5.154000	-32.747299
5.155000	-32.810200
5.156000	-32.810200
5.157000	-32.873001
5.158000	-32.810200
5.159000	-32.873001
5.160000	-32.810200
5.161000	-32.873001
5.162000	-32.747299
5.163000	-32.810200
5.164000	-32.810200
5.165000	-32.747299
5.166000	-32.747299
5.167000	-32.747299
5.168000	-32.810200
5.169000	-32.747299
5.170000	-32.747299
5.171000	-32.747299
5.172000	-32.810200
5.173000	-32.684502
5.174000	-32.810200
5.175000	-32.684502
5.176000	-32.747299
5.177000	-32.747299
5.178000	-32.747299
5.179000	-32.747299
5.180000	-32.747299
5.181000	-32.747299
5.182000	-32.810200
5.183000	-32.684502
5.184000	-32.810200
5.185000	-32.747299
5.186000	-32.747299
5.187000	-32.747299
5.188000	-32.810200
5.189000	-32.747299
5.190000	-32.684502
5.191000	-32.747299
5.192000	-32.747299
5.193000	-32.684502
5.194000	-32.747299
5.195000	-32.747299
5.196000	-32.810200
5.197000	-32.747299
5.198000	-32.747299
5.199000	-32.747299
5.200000	-32.747299
5.201000	-32.810200
5.202000	-32.684502
5.203000	-32.747299
5.204000	-32.810200
5.205000	-32.747299
5.206000	-32.747299
5.207000	-32.810200
5.208000	-32.747299
5.209000	-32.810200
5.210000	-32.747299
5.211000	-32.810200
5.212000	-32.747299
5.213000	-32.747299
5.214000	-32.747299
5.215000	-32.810200
5.216000	-32.747299
5.217000	-32.873001
5.218000	-32.810200
5.219000	-32.747299
5.220000	-32.810200
5.221000	-32.810200
5.222000	-32.747299
5.223000	-32.810200
5.224000	-32.810200
5.225000	-32.810200
5.226000	-32.873001
5.227000	-32.810200
5.228000	-32.810200
5.229000	-32.873001
5.230000	-32.747299
5.231000	-32.873001
5.232000	-32.873001
5.233000	-32.873001
5.234000	-32.810200
5.235000	-32.873001
5.236000	-32.873001
5.237000	-32.747299
5.238000	-32.873001
5.239000	-32.873001
5.240000	-32.810200
5.241000	-32.873001
5.242000	-32.810200
5.243000	-32.810200
5.244000	-32.810200
5.245000	-32.873001
5.246000	-32.873001
5.247000	-32.873001
5.248000	-32.873001
5.249000	-32.810200
5.250000	-32.873001
5.251000	-32.935799
5.252000	-32.873001
5.253000	-32.873001
5.254000	-32.873001
5.255000	-32.873001
5.256000	-32.935799
5.257000	-32.810200
5.258000	-32.935799
5.259000	-32.873001
5.260000	-32.810200
5.261000	-32.873001
5.262000	-32.873001
5.263000	-32.873001
5.264000	-32.810200
5.265000	-32.873001
5.266000	-32.873001
5.267000	-32.873001
5.268000	-32.935799
5.269000	-32.873001
5.270000	-32.810200
5.271000	-32.873001
5.272000	-32.810200
5.273000	-32.935799
5.274000	-32.873001
5.275000	-32.873001
5.276000	-32.935799
5.277000	-32.873001
5.278000	-32.810200
5.279000	-32.873001
5.280000	-32.810200
5.281000	-32.873001
5.282000	-32.935799
5.283000	-32.935799
5.284000	-32.873001
5.285000	-32.873001
5.286000	-32.935799
5.287000	-32.935799
5.288000	-32.747299
5.289000	-32.873001
5.290000	-32.873001
5.291000	-32.810200
5.292000	-32.873001
5.293000	-32.810200
5.294000	-32.810200
5.295000	-32.810200
5.296000	-32.873001
5.297000	-32.873001
5.298000	-32.873001
5.299000	-32.810200
5.300000	-32.810200
5.301000	-32.810200
5.302000	-32.810200
5.303000	-32.810200
5.304000	-32.810200
5.305000	-32.873001
5.306000	-32.747299
5.307000	-32.747299
5.308000	-32.810200
5.309000	-32.810200
5.310000	-32.810200
5.311000	-32.873001
5.312000	-32.747299
5.313000	-32.810200
5.314000	-32.747299
5.315000	-32.747299
5.316000	-32.747299
5.317000	-32.747299
5.318000	-32.747299
5.319000	-32.747299
5.320000	-32.621700
5.321000	-32.810200
5.322000	-32.747299
5.323000	-32.747299
5.324000	-32.747299
5.325000	-32.810200
5.326000	-32.810200
5.327000	-32.747299
5.328000	-32.684502
5.329000	-32.747299
5.330000	-32.747299
5.331000	-32.810200
5.332000	-32.684502
5.333000	-32.747299
5.334000	-32.747299
5.335000	-32.810200
5.336000	-32.747299
5.337000	-32.747299
5.338000	-32.747299
5.339000	-32.747299
5.340000	-32.810200
5.341000	-32.747299
5.342000	-32.747299
5.343000	-32.684502
5.344000	-32.747299
5.345000	-32.747299
5.346000	-32.747299
5.347000	-32.684502
5.348000	-32.684502
5.349000	-32.684502
5.350000	-32.621700
5.351000	-32.684502
5.352000	-32.684502
5.353000	-32.684502
5.354000	-32.621700
5.355000	-32.621700
5.356000	-32.684502
5.357000	-32.684502
5.358000	-32.621700
5.359000	-32.684502
5.360000	-32.684502
5.361000	-32.747299
5.362000	-32.747299
5.363000	-32.747299
5.364000	-32.747299
5.365000	-32.747299
5.366000	-32.747299
5.367000	-32.747299
5.368000	-32.747299
5.369000	-32.747299
5.370000	-32.747299
5.371000	-32.747299
5.372000	-32.684502
5.373000	-32.621700
5.374000	-32.810200
5.375000	-32.747299
5.376000	-32.747299
5.377000	-32.747299
5.378000	-32.747299
5.379000	-32.747299
5.380000	-32.810200
5.381000	-32.810200
5.382000	-32.747299
5.383000	-32.747299
5.384000	-32.747299
5.385000	-32.810200
5.386000	-32.747299
5.387000	-32.747299
5.388000	-32.747299
5.389000	-32.747299
5.390000	-32.810200
5.391000	-32.810200
5.392000	-32.747299
5.393000	-32.747299
5.394000	-32.747299
5.395000	-32.810200
5.396000	-32.810200
5.397000	-32.810200
5.398000	-32.747299
5.399000	-32.747299
5.400000	-32.747299
5.401000	-32.810200
5.402000	-32.873001
5.403000	-32.747299
5.404000	-32.810200
5.405000	-32.810200
5.406000	-32.747299
5.407000	-32.810200
5.408000	-32.873001
5.409000	-32.873001
5.410000	-32.747299
5.411000	-32.810200
5.412000	-32.810200
5.413000	-32.873001
5.414000	-32.810200
5.415000	-32.810200
5.416000	-32.747299
5.417000	-32.810200
5.418000	-32.873001
5.419000	-32.810200
5.420000	-32.810200
5.421000	-32.873001
5.422000	-32.873001
5.423000	-32.810200
5.424000	-32.873001
5.425000	-32.873001
5.426000	-32.935799
5.427000	-32.873001
5.428000	-32.810200
5.429000	-32.810200
5.430000	-32.873001
5.431000	-32.873001
5.432000	-32.873001
5.433000	-32.810200
5.434000	-32.810200
5.435000	-32.873001
5.436000	-32.873001
5.437000	-32.873001
5.438000	-32.873001
5.439000	-32.873001
5.440000	-32.810200
5.441000	-32.810200
5.442000	-32.873001
5.443000	-32.810200
5.444000	-32.873001
5.445000	-32.873001
5.446000	-32.873001
5.447000	-32.747299
5.448000	-32.935799
5.449000	-32.810200
5.450000	-32.873001
5.451000	-32.873001
5.452000	-32.810200
5.453000	-32.747299
5.454000	-32.747299
5.455000	-32.810200
5.456000	-32.747299
5.457000	-32.810200
5.458000	-32.810200
5.459000	-32.747299
5.460000	-32.747299
5.461000	-32.747299
5.462000	-32.747299
5.463000	-32.810200
5.464000	-32.747299
5.465000	-32.747299
5.466000	-32.747299
5.467000	-32.747299
5.468000	-32.810200
5.469000	-32.873001
5.470000	-32.684502
5.471000	-32.747299
5.472000	-32.684502
5.473000	-32.684502
5.474000	-32.747299
5.475000	-32.684502
5.476000	-32.747299
5.477000	-32.621700
5.478000	-32.684502
5.479000	-32.684502
5.480000	-32.684502
5.481000	-32.810200
5.482000	-32.684502
5.483000	-32.684502
5.484000	-32.684502
5.485000	-32.684502
5.486000	-32.684502
5.487000	-32.621700
5.488000	-32.684502
5.489000	-32.684502
5.490000	-32.747299
5.491000	-32.684502
5.492000	-32.684502
5.493000	-32.684502
5.494000	-32.684502
5.495000	-32.747299
5.496000	-32.747299
5.497000	-32.747299
5.498000	-32.684502
5.499000	-32.621700
5.500000	-32.684502
