-0.500000	1.999220
-0.499000	2.089490
-0.498000	2.179570
-0.497000	1.999220
-0.496000	2.089490
-0.495000	2.179570
-0.494000	2.359930
-0.493000	2.089490
-0.492000	2.179570
-0.491000	2.089490
-0.490000	2.089490
-0.489000	2.089490
-0.488000	2.089490
-0.487000	1.999220
-0.486000	2.179570
-0.485000	2.089490
-0.484000	1.999220
-0.483000	1.999220
-0.482000	2.089490
-0.481000	1.999220
-0.480000	2.089490
-0.479000	2.089490
-0.478000	1.999220
-0.477000	2.089490
-0.476000	2.179570
-0.475000	2.089490
-0.474000	1.999220
-0.473000	2.179570
-0.472000	2.269660
-0.471000	1.999220
-0.470000	2.179570
-0.469000	2.179570
-0.468000	2.089490
-0.467000	1.999220
-0.466000	2.089490
-0.465000	2.089490
-0.464000	2.179570
-0.463000	2.179570
-0.462000	2.179570
-0.461000	2.179570
-0.460000	2.179570
-0.459000	2.089490
-0.458000	2.179570
-0.457000	2.089490
-0.456000	2.269660
-0.455000	2.179570
-0.454000	2.089490
-0.453000	2.089490
-0.452000	2.179570
-0.451000	2.179570
-0.450000	2.089490
-0.449000	1.999220
-0.448000	2.179570
-0.447000	2.179570
-0.446000	2.089490
-0.445000	2.179570
-0.444000	2.179570
-0.443000	2.179570
-0.442000	2.179570
-0.441000	2.179570
-0.440000	2.179570
-0.439000	2.179570
-0.438000	2.089490
-0.437000	2.179570
-0.436000	2.089490
-0.435000	2.179570
-0.434000	2.179570
-0.433000	2.179570
-0.432000	1.999220
-0.431000	2.269660
-0.430000	2.179570
-0.429000	1.999220
-0.428000	2.089490
-0.427000	2.179570
-0.426000	2.269660
-0.425000	2.179570
-0.424000	2.269660
-0.423000	2.089490
-0.422000	2.269660
-0.421000	2.089490
-0.420000	2.179570
-0.419000	2.089490
-0.418000	2.179570
-0.417000	2.179570
-0.416000	1.999220
-0.415000	2.179570
-0.414000	2.089490
-0.413000	2.179570
-0.412000	2.089490
-0.411000	1.999220
-0.410000	2.089490
-0.409000	2.089490
-0.408000	2.179570
-0.407000	2.089490
-0.406000	2.089490
-0.405000	2.179570
-0.404000	2.089490
-0.403000	2.269660
-0.402000	2.089490
-0.401000	2.089490
-0.400000	2.089490
-0.399000	2.179570
-0.398000	2.089490
-0.397000	2.179570
-0.396000	2.089490
-0.395000	2.089490
-0.394000	2.089490
-0.393000	2.089490
-0.392000	2.179570
-0.391000	2.179570
-0.390000	2.179570
-0.389000	2.179570
-0.388000	2.089490
-0.387000	2.179570
-0.386000	2.179570
-0.385000	2.179570
-0.384000	2.089490
-0.383000	2.089490
-0.382000	1.999220
-0.381000	2.179570
-0.380000	2.179570
-0.379000	2.089490
-0.378000	2.089490
-0.377000	2.089490
-0.376000	2.179570
-0.375000	2.089490
-0.374000	2.179570
-0.373000	2.089490
-0.372000	2.089490
-0.371000	2.179570
-0.370000	2.269660
-0.369000	1.999220
-0.368000	1.999220
-0.367000	2.089490
-0.366000	1.999220
-0.365000	2.179570
-0.364000	2.089490
-0.363000	2.179570
-0.362000	2.089490
-0.361000	1.999220
-0.360000	2.179570
-0.359000	2.179570
-0.358000	2.179570
-0.357000	2.179570
-0.356000	2.089490
-0.355000	2.089490
-0.354000	2.179570
-0.353000	2.269660
-0.352000	2.179570
-0.351000	1.999220
-0.350000	2.089490
-0.349000	2.089490
-0.348000	2.089490
-0.347000	2.089490
-0.346000	2.179570
-0.345000	2.089490
-0.344000	2.179570
-0.343000	2.179570
-0.342000	2.179570
-0.341000	2.089490
-0.340000	2.089490
-0.339000	2.179570
-0.338000	1.999220
-0.337000	2.089490
-0.336000	1.999220
-0.335000	2.089490
-0.334000	2.089490
-0.333000	2.179570
-0.332000	2.089490
-0.331000	2.089490
-0.330000	2.179570
-0.329000	2.089490
-0.328000	2.179570
-0.327000	2.179570
-0.326000	2.179570
-0.325000	2.179570
-0.324000	2.089490
-0.323000	2.089490
-0.322000	2.179570
-0.321000	2.269660
-0.320000	2.269660
-0.319000	2.089490
-0.318000	2.179570
-0.317000	1.999220
-0.316000	2.089490
-0.315000	1.999220
-0.314000	2.179570
-0.313000	2.179570
-0.312000	2.089490
-0.311000	2.089490
-0.310000	2.089490
-0.309000	1.999220
-0.308000	2.179570
-0.307000	2.269660
-0.306000	1.999220
-0.305000	2.179570
-0.304000	2.089490
-0.303000	2.179570
-0.302000	2.179570
-0.301000	2.089490
-0.300000	2.089490
-0.299000	2.179570
-0.298000	2.179570
-0.297000	2.089490
-0.296000	2.089490
-0.295000	2.179570
-0.294000	2.089490
-0.293000	2.179570
-0.292000	2.089490
-0.291000	2.089490
-0.290000	2.179570
-0.289000	2.089490
-0.288000	2.089490
-0.287000	2.179570
-0.286000	2.179570
-0.285000	2.089490
-0.284000	2.089490
-0.283000	1.999220
-0.282000	2.089490
-0.281000	2.179570
-0.280000	2.179570
-0.279000	2.179570
-0.278000	1.999220
-0.277000	2.089490
-0.276000	2.179570
-0.275000	2.179570
-0.274000	2.179570
-0.273000	2.179570
-0.272000	2.269660
-0.271000	2.089490
-0.270000	2.179570
-0.269000	2.179570
-0.268000	2.179570
-0.267000	2.089490
-0.266000	2.179570
-0.265000	2.179570
-0.264000	2.179570
-0.263000	2.089490
-0.262000	2.179570
-0.261000	1.999220
-0.260000	2.089490
-0.259000	2.179570
-0.258000	2.089490
-0.257000	1.999220
-0.256000	2.089490
-0.255000	2.179570
-0.254000	2.179570
-0.253000	2.179570
-0.252000	2.089490
-0.251000	1.999220
-0.250000	2.089490
-0.249000	2.089490
-0.248000	2.089490
-0.247000	2.179570
-0.246000	2.179570
-0.245000	2.089490
-0.244000	2.179570
-0.243000	2.269660
-0.242000	2.179570
-0.241000	2.269660
-0.240000	2.179570
-0.239000	2.179570
-0.238000	2.179570
-0.237000	2.179570
-0.236000	2.089490
-0.235000	1.999220
-0.234000	2.089490
-0.233000	2.089490
-0.232000	2.179570
-0.231000	2.179570
-0.230000	2.089490
-0.229000	2.179570
-0.228000	1.909130
-0.227000	2.089490
-0.226000	2.269660
-0.225000	2.179570
-0.224000	2.269660
-0.223000	2.089490
-0.222000	2.269660
-0.221000	2.089490
-0.220000	2.089490
-0.219000	2.089490
-0.218000	2.089490
-0.217000	2.089490
-0.216000	2.089490
-0.215000	2.089490
-0.214000	2.089490
-0.213000	2.179570
-0.212000	2.179570
-0.211000	2.179570
-0.210000	2.179570
-0.209000	2.089490
-0.208000	2.179570
-0.207000	2.179570
-0.206000	2.089490
-0.205000	2.089490
-0.204000	2.089490
-0.203000	2.269660
-0.202000	2.179570
-0.201000	2.089490
-0.200000	2.089490
-0.199000	2.089490
-0.198000	2.089490
-0.197000	2.179570
-0.196000	2.179570
-0.195000	1.999220
-0.194000	2.089490
-0.193000	2.179570
-0.192000	2.179570
-0.191000	2.089490
-0.190000	1.999220
-0.189000	2.179570
-0.188000	2.089490
-0.187000	2.179570
-0.186000	2.179570
-0.185000	2.179570
-0.184000	2.089490
-0.183000	1.999220
-0.182000	2.089490
-0.181000	2.089490
-0.180000	2.089490
-0.179000	2.089490
-0.178000	1.999220
-0.177000	2.089490
-0.176000	2.089490
-0.175000	2.179570
-0.174000	2.179570
-0.173000	2.089490
-0.172000	2.179570
-0.171000	2.179570
-0.170000	2.179570
-0.169000	2.089490
-0.168000	1.999220
-0.167000	2.089490
-0.166000	2.179570
-0.165000	2.179570
-0.164000	2.179570
-0.163000	2.269660
-0.162000	2.089490
-0.161000	2.179570
-0.160000	2.179570
-0.159000	2.179570
-0.158000	2.179570
-0.157000	2.179570
-0.156000	2.089490
-0.155000	2.089490
-0.154000	1.999220
-0.153000	2.179570
-0.152000	2.089490
-0.151000	2.179570
-0.150000	2.089490
-0.149000	2.089490
-0.148000	2.179570
-0.147000	2.089490
-0.146000	2.179570
-0.145000	2.089490
-0.144000	2.089490
-0.143000	2.269660
-0.142000	2.269660
-0.141000	2.089490
-0.140000	2.089490
-0.139000	2.179570
-0.138000	2.089490
-0.137000	2.089490
-0.136000	2.089490
-0.135000	2.089490
-0.134000	2.089490
-0.133000	2.089490
-0.132000	2.089490
-0.131000	2.179570
-0.130000	2.089490
-0.129000	2.179570
-0.128000	2.089490
-0.127000	2.089490
-0.126000	1.999220
-0.125000	2.179570
-0.124000	2.179570
-0.123000	2.089490
-0.122000	2.269660
-0.121000	2.089490
-0.120000	2.179570
-0.119000	2.089490
-0.118000	2.089490
-0.117000	2.089490
-0.116000	2.089490
-0.115000	2.089490
-0.114000	1.999220
-0.113000	2.089490
-0.112000	2.179570
-0.111000	2.089490
-0.110000	2.179570
-0.109000	2.089490
-0.108000	2.269660
-0.107000	2.179570
-0.106000	2.269660
-0.105000	2.179570
-0.104000	2.179570
-0.103000	2.179570
-0.102000	2.179570
-0.101000	2.089490
-0.100000	1.999220
-0.099000	2.179570
-0.098000	2.179570
-0.097000	2.089490
-0.096000	2.179570
-0.095000	2.179570
-0.094000	2.179570
-0.093000	2.089490
-0.092000	2.179570
-0.091000	2.179570
-0.090000	2.179570
-0.089000	2.089490
-0.088000	2.179570
-0.087000	2.089490
-0.086000	2.179570
-0.085000	2.089490
-0.084000	1.999220
-0.083000	2.179570
-0.082000	2.179570
-0.081000	2.089490
-0.080000	2.089490
-0.079000	2.089490
-0.078000	2.089490
-0.077000	2.179570
-0.076000	2.089490
-0.075000	2.179570
-0.074000	2.089490
-0.073000	1.999220
-0.072000	2.179570
-0.071000	2.089490
-0.070000	2.179570
-0.069000	2.179570
-0.068000	2.089490
-0.067000	2.179570
-0.066000	2.179570
-0.065000	2.089490
-0.064000	2.089490
-0.063000	2.089490
-0.062000	1.999220
-0.061000	1.999220
-0.060000	2.089490
-0.059000	1.999220
-0.058000	2.089490
-0.057000	1.999220
-0.056000	2.089490
-0.055000	1.999220
-0.054000	1.999220
-0.053000	2.179570
-0.052000	1.999220
-0.051000	2.089490
-0.050000	1.999220
-0.049000	2.179570
-0.048000	2.179570
-0.047000	1.819050
-0.046000	1.638690
-0.045000	1.007730
-0.044000	0.286684
-0.043000	-0.344279
-0.042000	-0.975242
-0.041000	-1.516120
-0.040000	-1.786370
-0.039000	-2.417340
-0.038000	-2.687780
-0.037000	-2.868130
-0.036000	-3.228650
-0.035000	-3.679260
-0.034000	-4.039790
-0.033000	-4.580660
-0.032000	-5.121540
-0.031000	-5.662240
-0.030000	-6.293200
-0.029000	-6.743990
-0.028000	-7.194600
-0.027000	-7.645390
-0.026000	-7.555120
-0.025000	-7.825560
-0.024000	-7.465040
-0.023000	-7.555120
-0.022000	-7.104520
-0.021000	-7.284870
-0.020000	-7.555120
-0.019000	-8.186090
-0.018000	-8.997400
-0.017000	-9.808540
-0.016000	-9.988890
-0.015000	-10.259300
-0.014000	-9.988890
-0.013000	-10.079000
-0.012000	-10.169200
-0.011000	-10.349400
-0.010000	-10.349400
-0.009000	-10.619900
-0.008000	-10.890300
-0.007000	-11.431000
-0.006000	-11.431000
-0.005000	-11.521300
-0.004000	-11.340900
-0.003000	-10.349400
-0.002000	-9.628370
-0.001000	-8.636880
0.000000	-7.825560
0.001000	-7.194600
0.002000	-5.572150
0.003000	-3.408820
0.004000	-1.245680
0.005000	2.450010
0.006000	5.965350
0.007000	8.579290
0.008000	12.004500
0.009000	13.807200
0.010000	16.601400
0.011000	19.035200
0.012000	22.009701
0.013000	25.254601
0.014000	27.868500
0.015000	31.473900
0.016000	33.186600
0.017000	35.440102
0.018000	36.792099
0.019000	37.783600
0.020000	37.513100
0.021000	36.431499
0.022000	34.178101
0.023000	31.473900
0.024000	30.572701
0.025000	24.804001
0.026000	13.266500
0.027000	-0.524449
0.028000	-8.186090
0.029000	-9.718450
0.030000	-8.817050
0.031000	-4.761020
0.032000	-6.834080
0.033000	-8.096000
0.034000	-14.856200
0.035000	-16.118200
0.036000	-19.182899
0.037000	-21.256001
0.038000	-25.131800
0.039000	-29.999201
0.040000	-32.883499
0.041000	-29.819000
0.042000	-24.771299
0.043000	-19.453100
0.044000	-15.577300
0.045000	-15.307000
0.046000	-26.033199
0.047000	-31.531500
0.048000	-41.716999
0.049000	-46.223801
0.050000	-24.771299
0.051000	10.291800
0.052000	45.625599
0.053000	61.489498
0.054000	52.566002
0.055000	29.130400
0.056000	1.638690
0.057000	-7.555120
0.058000	-9.988890
0.059000	-8.546610
0.060000	-6.203110
0.061000	-10.619900
0.062000	-11.160700
0.063000	-8.005920
0.064000	6.956840
0.065000	26.336100
0.066000	35.259701
0.067000	32.195202
0.068000	15.880400
0.069000	-4.400490
0.070000	-21.436300
0.071000	-29.368200
0.072000	-30.900600
0.073000	-27.655701
0.074000	-23.689699
0.075000	-18.732100
0.076000	-12.692900
0.077000	-6.743990
0.078000	-0.975242
0.079000	1.098000
0.080000	0.557123
0.081000	-2.327250
0.082000	-8.456530
0.083000	-14.676100
0.084000	-19.543400
0.085000	-21.256001
0.086000	-18.551901
0.087000	-12.783200
0.088000	-4.580660
0.089000	2.269660
0.090000	6.235790
0.091000	7.046920
0.092000	5.244300
0.093000	2.269660
0.094000	0.467038
0.095000	-3.138570
0.096000	-10.619900
0.097000	-14.585800
0.098000	-11.791700
0.099000	-9.087490
0.100000	-1.696290
0.101000	-0.434364
0.102000	-0.163925
0.103000	-1.155410
0.104000	-1.966730
0.105000	-2.417340
0.106000	-6.113030
0.107000	-8.186090
0.108000	-12.512700
0.109000	-15.487200
0.110000	-15.126700
0.111000	-12.783200
0.112000	-9.087490
0.113000	-6.203110
0.114000	-4.761020
0.115000	-3.589180
0.116000	-3.499090
0.117000	-2.597690
0.118000	-4.039790
0.119000	-5.482070
0.120000	-7.915650
0.121000	-8.546610
0.122000	-7.735480
0.123000	-6.022940
0.124000	-2.958220
0.125000	-0.885157
0.126000	0.286684
0.127000	1.638690
0.128000	1.909130
0.129000	2.089490
0.130000	0.286684
0.131000	-1.786370
0.132000	-4.941190
0.133000	-8.186090
0.134000	-9.808540
0.135000	-11.070500
0.136000	-10.980400
0.137000	-10.529800
0.138000	-9.448010
0.139000	-8.456530
0.140000	-7.555120
0.141000	-8.366440
0.142000	-9.808540
0.143000	-12.332400
0.144000	-14.135200
0.145000	-15.216800
0.146000	-15.036600
0.147000	-14.946300
0.148000	-14.856200
0.149000	-13.233800
0.150000	-11.881800
0.151000	-9.808540
0.152000	-8.186090
0.153000	-7.374950
0.154000	-7.104520
0.155000	-7.555120
0.156000	-7.915650
0.157000	-7.915650
0.158000	-8.005920
0.159000	-9.267840
0.160000	-9.988890
0.161000	-8.546610
0.162000	-7.465040
0.163000	-4.851100
0.164000	-4.130060
0.165000	-3.769530
0.166000	-3.949700
0.167000	-2.868130
0.168000	2.990890
0.169000	-6.924160
0.170000	-6.924160
0.171000	-10.169200
0.172000	-23.779800
0.173000	-16.298500
0.174000	-21.976999
0.175000	-11.340900
0.176000	-34.145500
0.177000	-24.140301
0.178000	-33.514500
0.179000	-42.077499
0.180000	-48.387199
0.181000	-59.383801
0.182000	-63.169601
0.183000	-56.499401
0.184000	-49.468700
0.185000	-30.179501
0.186000	-9.538280
0.187000	-24.591101
0.188000	-29.278099
0.189000	-47.485802
0.190000	-50.189800
0.191000	-42.798599
0.192000	-28.106300
0.193000	-36.128601
0.194000	-14.946300
0.195000	-26.303699
0.196000	-18.461700
0.197000	-4.580660
0.198000	-1.876640
0.199000	-10.709900
0.200000	-17.199699
0.201000	-20.174400
0.202000	-24.050200
0.203000	-23.689699
0.204000	-30.269600
0.205000	-30.810499
0.206000	-40.815601
0.207000	-39.643799
0.208000	-31.531500
0.209000	-17.921000
0.210000	-8.456530
0.211000	-7.284870
0.212000	-15.307000
0.213000	-27.926100
0.214000	-32.522999
0.215000	-41.807098
0.216000	-38.562199
0.217000	-33.244202
0.218000	-33.334301
0.219000	-31.080900
0.220000	-40.094601
0.221000	-44.961899
0.222000	-32.432899
0.223000	-17.109699
0.224000	2.540100
0.225000	15.790300
0.226000	29.671301
0.227000	28.319300
0.228000	17.232401
0.229000	9.931300
0.230000	-0.163925
0.231000	-3.589180
0.232000	-5.391980
0.233000	-2.417340
0.234000	-2.327250
0.235000	3.711940
0.236000	10.291800
0.237000	16.691500
0.238000	21.198400
0.239000	20.026699
0.240000	15.970500
0.241000	7.407440
0.242000	-0.254194
0.243000	-5.842590
0.244000	-10.169200
0.245000	-17.830700
0.246000	-20.534901
0.247000	-16.929501
0.248000	-12.602800
0.249000	-12.061900
0.250000	-9.357930
0.251000	-12.061900
0.252000	-14.585800
0.253000	-20.985500
0.254000	-22.517900
0.255000	-25.221901
0.256000	-19.092600
0.257000	-22.608000
0.258000	-30.540001
0.259000	-19.002501
0.260000	15.610000
0.261000	35.349998
0.262000	27.237499
0.263000	9.570770
0.264000	11.103100
0.265000	6.506230
0.266000	18.674700
0.267000	11.013100
0.268000	12.545200
0.269000	-9.808540
0.270000	-16.298500
0.271000	-3.589180
0.272000	11.283300
0.273000	19.485800
0.274000	21.829300
0.275000	5.514560
0.276000	6.145520
0.277000	0.557123
0.278000	9.751130
0.279000	4.793510
0.280000	0.286684
0.281000	-10.439500
0.282000	-12.963400
0.283000	-11.701400
0.284000	-6.834080
0.285000	-4.490580
0.286000	-2.958220
0.287000	-3.949700
0.288000	-6.563640
0.289000	-3.499090
0.290000	-5.482070
0.291000	-4.039790
0.292000	-6.924160
0.293000	-8.636880
0.294000	-9.177570
0.295000	-5.662240
0.296000	-0.614718
0.297000	-2.868130
0.298000	1.368440
0.299000	-1.155410
0.300000	0.827562
0.301000	-24.681200
0.302000	-26.213600
0.303000	-52.713600
0.304000	-107.787003
0.305000	-128.699005
0.306000	-134.647995
0.307000	-110.401001
0.308000	-61.276699
0.309000	-20.715099
0.310000	-5.842590
0.311000	-11.971900
0.312000	-27.475500
0.313000	-29.548599
0.314000	-36.849701
0.315000	-39.103100
0.316000	-35.136902
0.317000	-31.711901
0.318000	-32.703400
0.319000	-24.951599
0.320000	-33.063900
0.321000	-32.883499
0.322000	-35.227200
0.323000	-30.990601
0.324000	-15.487200
0.325000	-6.113030
0.326000	7.858240
0.327000	14.528400
0.328000	20.837799
0.329000	19.395700
0.330000	9.300330
0.331000	18.133801
0.332000	12.725600
0.333000	3.171060
0.334000	1.638690
0.335000	-9.718450
0.336000	-8.907320
0.337000	-22.698200
0.338000	-29.458500
0.339000	-28.466999
0.340000	-32.162498
0.341000	-27.655701
0.342000	-31.802000
0.343000	-43.429501
0.344000	-66.053902
0.345000	-89.489502
0.346000	-101.387001
0.347000	-89.219002
0.348000	-72.724098
0.349000	-48.927898
0.350000	-31.261101
0.351000	-19.453100
0.352000	-7.194600
0.353000	-12.512700
0.354000	-11.070500
0.355000	-13.954800
0.356000	-9.718450
0.357000	-6.022940
0.358000	-3.318740
0.359000	-5.662240
0.360000	-13.954800
0.361000	-21.436300
0.362000	-24.140301
0.363000	-27.926100
0.364000	-23.329201
0.365000	-17.921000
0.366000	-9.357930
0.367000	-1.876640
0.368000	2.450010
0.369000	2.359930
0.370000	4.162550
0.371000	2.179570
0.372000	-0.614718
0.373000	-2.237170
0.374000	-7.645390
0.375000	-12.332400
0.376000	-21.165899
0.377000	-29.638599
0.378000	-38.652302
0.379000	-46.494301
0.380000	-48.927898
0.381000	-46.313900
0.382000	-43.339500
0.383000	-38.382000
0.384000	-33.424400
0.385000	-27.024700
0.386000	-20.895399
0.387000	-16.568800
0.388000	-12.422700
0.389000	-9.898810
0.390000	-8.276360
0.391000	-8.186090
0.392000	-8.907320
0.393000	-9.357930
0.394000	-11.160700
0.395000	-12.873300
0.396000	-15.397100
0.397000	-16.568800
0.398000	-16.478701
0.399000	-15.938000
0.400000	-14.045100
0.401000	-12.692900
0.402000	-10.349400
0.403000	-9.988890
0.404000	-9.267840
0.405000	-11.611300
0.406000	-12.873300
0.407000	-15.757600
0.408000	-17.290001
0.409000	-21.616501
0.410000	-24.230400
0.411000	-27.836000
0.412000	-29.368200
0.413000	-30.990601
0.414000	-30.450001
0.415000	-31.080900
0.416000	-28.196501
0.417000	-25.221901
0.418000	-23.419300
0.419000	-21.075800
0.420000	-21.346001
0.421000	-21.436300
0.422000	-21.256001
0.423000	-22.788300
0.424000	-22.517900
0.425000	-20.715099
0.426000	-21.165899
0.427000	-17.560400
0.428000	-16.839199
0.429000	-14.676100
0.430000	-11.611300
0.431000	-10.800000
0.432000	-5.932670
0.433000	-7.104520
0.434000	-4.851100
0.435000	-3.859620
0.436000	-6.293200
0.437000	-6.022940
0.438000	-6.473550
0.439000	-6.563640
0.440000	-5.301710
0.441000	-4.400490
0.442000	-6.653910
0.443000	-4.310230
0.444000	-7.825560
0.445000	-7.104520
0.446000	-10.529800
0.447000	-11.971900
0.448000	-13.414100
0.449000	-14.856200
0.450000	-15.938000
0.451000	-15.397100
0.452000	-17.380100
0.453000	-14.766200
0.454000	-15.847700
0.455000	-14.045100
0.456000	-13.594300
0.457000	-12.873300
0.458000	-13.053600
0.459000	-10.259300
0.460000	-8.997400
0.461000	-7.104520
0.462000	-5.932670
0.463000	-5.031270
0.464000	-4.670750
0.465000	-4.941190
0.466000	-1.966730
0.467000	-3.589180
0.468000	-0.975242
0.469000	0.106514
0.470000	1.098000
0.471000	2.630180
0.472000	5.424470
0.473000	4.613340
0.474000	4.613340
0.475000	2.900620
0.476000	-1.155410
0.477000	-3.769530
0.478000	-6.203110
0.479000	-7.825560
0.480000	-9.267840
0.481000	-10.439500
0.482000	-10.890300
0.483000	-10.980400
0.484000	-11.070500
0.485000	-10.169200
0.486000	-9.718450
0.487000	-9.538280
0.488000	-10.619900
0.489000	-11.160700
0.490000	-10.980400
0.491000	-11.971900
0.492000	-11.340900
0.493000	-11.340900
0.494000	-10.529800
0.495000	-10.079000
0.496000	-7.465040
0.497000	-6.022940
0.498000	-2.958220
0.499000	0.106514
0.500000	-0.163925
0.501000	1.728960
0.502000	3.080970
0.503000	2.359930
0.504000	3.531580
0.505000	3.080970
0.506000	2.269660
0.507000	-0.344279
0.508000	-0.344279
0.509000	-4.761020
0.510000	-4.400490
0.511000	-6.924160
0.512000	-6.924160
0.513000	-7.194600
0.514000	-6.383470
0.515000	-6.203110
0.516000	-6.383470
0.517000	-3.589180
0.518000	-6.924160
0.519000	-6.653910
0.520000	-8.997400
0.521000	-10.890300
0.522000	-14.045100
0.523000	-13.684400
0.524000	-12.512700
0.525000	-9.898810
0.526000	-9.448010
0.527000	-6.113030
0.528000	-4.039790
0.529000	-2.237170
0.530000	0.106514
0.531000	2.450010
0.532000	3.892110
0.533000	4.342900
0.534000	3.892110
0.535000	5.154030
0.536000	2.900620
0.537000	3.351410
0.538000	4.162550
0.539000	4.523070
0.540000	3.621850
0.541000	6.145520
0.542000	5.244300
0.543000	6.235790
0.544000	5.604830
0.545000	6.325870
0.546000	4.523070
0.547000	4.973860
0.548000	6.596310
0.549000	3.711940
0.550000	3.351410
0.551000	0.647208
0.552000	2.450010
0.553000	-0.885157
0.554000	0.016245
0.555000	-0.163925
0.556000	2.359930
0.557000	4.703420
0.558000	6.596310
0.559000	6.956840
0.560000	8.669370
0.561000	8.218760
0.562000	9.660860
0.563000	11.373600
0.564000	11.734100
0.565000	11.193200
0.566000	11.013100
0.567000	9.751130
0.568000	11.103100
0.569000	11.553700
0.570000	11.824200
0.571000	14.528400
0.572000	13.446600
0.573000	12.815700
0.574000	12.365100
0.575000	9.120160
0.576000	9.660860
0.577000	7.497710
0.578000	6.055430
0.579000	4.973860
0.580000	5.694910
0.581000	4.432980
0.582000	7.227270
0.583000	5.154030
0.584000	6.055430
0.585000	3.531580
0.586000	4.162550
0.587000	6.145520
0.588000	7.858240
0.589000	8.759640
0.590000	11.013100
0.591000	7.767970
0.592000	9.480690
0.593000	7.858240
0.594000	9.120160
0.595000	10.291800
0.596000	11.553700
0.597000	12.275000
0.598000	14.077600
0.599000	12.275000
0.600000	15.970500
0.601000	14.348000
0.602000	16.060600
0.603000	15.249400
0.604000	14.077600
0.605000	14.258000
0.606000	14.077600
0.607000	14.708600
0.608000	14.528400
0.609000	14.618500
0.610000	11.463700
0.611000	12.184700
0.612000	10.652300
0.613000	11.193200
0.614000	9.210250
0.615000	10.562300
0.616000	10.652300
0.617000	13.086100
0.618000	13.807200
0.619000	15.519900
0.620000	16.871901
0.621000	15.700000
0.622000	16.150801
0.623000	16.150801
0.624000	16.962000
0.625000	17.142300
0.626000	17.052099
0.627000	17.232401
0.628000	18.854900
0.629000	20.206900
0.630000	21.378700
0.631000	21.018200
0.632000	22.280100
0.633000	21.649099
0.634000	22.370199
0.635000	22.730700
0.636000	20.747700
0.637000	22.460300
0.638000	20.747700
0.639000	23.271601
0.640000	22.280100
0.641000	22.460300
0.642000	23.361700
0.643000	23.181499
0.644000	23.902599
0.645000	23.992599
0.646000	22.640600
0.647000	22.189800
0.648000	22.009701
0.649000	21.649099
0.650000	21.919600
0.651000	23.271601
0.652000	22.911100
0.653000	24.713699
0.654000	24.263100
0.655000	25.254601
0.656000	25.795500
0.657000	24.443399
0.658000	27.147499
0.659000	27.237499
0.660000	27.147499
0.661000	28.860001
0.662000	26.696899
0.663000	29.400900
0.664000	29.671301
0.665000	29.400900
0.666000	27.507999
0.667000	26.336100
0.668000	24.713699
0.669000	25.344700
0.670000	25.254601
0.671000	25.254601
0.672000	25.705200
0.673000	25.074200
0.674000	27.417900
0.675000	30.392401
0.676000	31.293800
0.677000	32.916199
0.678000	30.572701
0.679000	28.048901
0.680000	25.164499
0.681000	24.804001
0.682000	24.263100
0.683000	26.786900
0.684000	28.319300
0.685000	29.130400
0.686000	30.212200
0.687000	28.229000
0.688000	29.400900
0.689000	29.040300
0.690000	30.031799
0.691000	32.195202
0.692000	33.096600
0.693000	33.727299
0.694000	33.817600
0.695000	35.169601
0.696000	33.997799
0.697000	33.186600
0.698000	33.366798
0.699000	32.826099
0.700000	32.285198
0.701000	31.834600
0.702000	30.752899
0.703000	29.581200
0.704000	27.507999
0.705000	27.327801
0.706000	27.778400
0.707000	28.950300
0.708000	30.572701
0.709000	32.826099
0.710000	33.637299
0.711000	32.735901
0.712000	31.473900
0.713000	29.220501
0.714000	27.778400
0.715000	27.147499
0.716000	27.507999
0.717000	28.860001
0.718000	29.581200
0.719000	29.851500
0.720000	31.203699
0.721000	31.473900
0.722000	31.293800
0.723000	31.834600
0.724000	31.383801
0.725000	31.744400
0.726000	32.375301
0.727000	33.817600
0.728000	35.259701
0.729000	36.070999
0.730000	36.431499
0.731000	36.521599
0.732000	34.178101
0.733000	35.800598
0.734000	35.530102
0.735000	37.603401
0.736000	36.431499
0.737000	33.727299
0.738000	30.933201
0.739000	28.409401
0.740000	29.040300
0.741000	29.671301
0.742000	30.212200
0.743000	29.490999
0.744000	28.950300
0.745000	29.581200
0.746000	30.572701
0.747000	31.473900
0.748000	31.564199
0.749000	30.392401
0.750000	29.310801
0.751000	29.400900
0.752000	29.581200
0.753000	30.212200
0.754000	30.121901
0.755000	29.490999
0.756000	29.851500
0.757000	30.212200
0.758000	30.933201
0.759000	31.744400
0.760000	31.924700
0.761000	32.195202
0.762000	32.465599
0.763000	32.645802
0.764000	33.096600
0.765000	32.826099
0.766000	32.104900
0.767000	31.023300
0.768000	29.851500
0.769000	28.860001
0.770000	28.499500
0.771000	28.138901
0.772000	28.409401
0.773000	28.319300
0.774000	28.048901
0.775000	27.598101
0.776000	26.696899
0.777000	26.065901
0.778000	25.344700
0.779000	25.525000
0.780000	26.065901
0.781000	26.786900
0.782000	27.147499
0.783000	27.327801
0.784000	26.967100
0.785000	26.606600
0.786000	26.606600
0.787000	26.967100
0.788000	27.507999
0.789000	28.319300
0.790000	29.130400
0.791000	29.490999
0.792000	29.851500
0.793000	29.671301
0.794000	30.031799
0.795000	30.031799
0.796000	29.671301
0.797000	29.941799
0.798000	29.310801
0.799000	29.040300
0.800000	28.950300
0.801000	27.958599
0.802000	27.598101
0.803000	26.606600
0.804000	26.065901
0.805000	26.156000
0.806000	26.065901
0.807000	25.795500
0.808000	26.156000
0.809000	24.804001
0.810000	24.173000
0.811000	23.181499
0.812000	22.370199
0.813000	22.189800
0.814000	22.009701
0.815000	22.550600
0.816000	23.091200
0.817000	23.902599
0.818000	23.812500
0.819000	24.082701
0.820000	23.902599
0.821000	23.902599
0.822000	24.082701
0.823000	25.164499
0.824000	25.615101
0.825000	26.516500
0.826000	26.246099
0.827000	26.336100
0.828000	25.975599
0.829000	25.795500
0.830000	26.065901
0.831000	26.426399
0.832000	26.336100
0.833000	27.327801
0.834000	26.426399
0.835000	26.967100
0.836000	26.156000
0.837000	24.623600
0.838000	24.082701
0.839000	23.361700
0.840000	22.460300
0.841000	22.099800
0.842000	21.829300
0.843000	22.009701
0.844000	21.288601
0.845000	20.928101
0.846000	20.387199
0.847000	20.297100
0.848000	19.936399
0.849000	20.928101
0.850000	20.297100
0.851000	19.936399
0.852000	19.395700
0.853000	18.854900
0.854000	19.035200
0.855000	18.854900
0.856000	20.297100
0.857000	19.936399
0.858000	20.657700
0.859000	21.378700
0.860000	20.567400
0.861000	19.846300
0.862000	20.567400
0.863000	20.567400
0.864000	20.747700
0.865000	19.756300
0.866000	20.206900
0.867000	19.936399
0.868000	18.854900
0.869000	18.764799
0.870000	18.584400
0.871000	17.322500
0.872000	17.773300
0.873000	16.871901
0.874000	16.691500
0.875000	16.150801
0.876000	14.618500
0.877000	14.979000
0.878000	12.905900
0.879000	13.266500
0.880000	12.545200
0.881000	13.446600
0.882000	12.275000
0.883000	13.356500
0.884000	13.356500
0.885000	12.184700
0.886000	12.455100
0.887000	12.815700
0.888000	12.635500
0.889000	13.446600
0.890000	14.167700
0.891000	14.077600
0.892000	13.807200
0.893000	12.455100
0.894000	13.266500
0.895000	13.086100
0.896000	13.717100
0.897000	14.077600
0.898000	15.970500
0.899000	14.258000
0.900000	14.979000
0.901000	13.987500
0.902000	12.635500
0.903000	12.365100
0.904000	12.094600
0.905000	10.832700
0.906000	10.922800
0.907000	10.021600
0.908000	9.841210
0.909000	9.210250
0.910000	8.579290
0.911000	8.398930
0.912000	8.038410
0.913000	7.767970
0.914000	8.398930
0.915000	6.866750
0.916000	7.587800
0.917000	6.686400
0.918000	6.686400
0.919000	5.424470
0.920000	6.145520
0.921000	5.154030
0.922000	5.875260
0.923000	6.055430
0.924000	6.866750
0.925000	6.956840
0.926000	5.965350
0.927000	7.948320
0.928000	7.407440
0.929000	6.235790
0.930000	7.677880
0.931000	6.596310
0.932000	6.235790
0.933000	5.965350
0.934000	5.154030
0.935000	4.973860
0.936000	4.613340
0.937000	3.531580
0.938000	3.531580
0.939000	3.621850
0.940000	2.540100
0.941000	3.080970
0.942000	2.450010
0.943000	1.548610
0.944000	1.728960
0.945000	-0.434364
0.946000	-0.434364
0.947000	-0.434364
0.948000	-1.606200
0.949000	-0.254194
0.950000	-1.425850
0.951000	-0.975242
0.952000	-1.425850
0.953000	-1.155410
0.954000	-1.335770
0.955000	-0.254194
0.956000	-0.344279
0.957000	0.557123
0.958000	0.106514
0.959000	-0.794888
0.960000	0.467038
0.961000	-2.146900
0.962000	0.196599
0.963000	-0.975242
0.964000	-0.614718
0.965000	-0.254194
0.966000	-1.425850
0.967000	-1.245680
0.968000	-3.138570
0.969000	-2.687780
0.970000	-5.211630
0.971000	-2.327250
0.972000	-6.383470
0.973000	-4.580660
0.974000	-5.572150
0.975000	-6.473550
0.976000	-7.735480
0.977000	-8.366440
0.978000	-9.177570
0.979000	-9.087490
0.980000	-9.087490
0.981000	-9.988890
0.982000	-8.997400
0.983000	-11.611300
0.984000	-10.800000
0.985000	-10.800000
0.986000	-12.152200
0.987000	-10.709900
0.988000	-10.709900
0.989000	-10.529800
0.990000	-11.070500
0.991000	-11.431000
0.992000	-11.611300
0.993000	-11.160700
0.994000	-10.709900
0.995000	-9.538280
0.996000	-9.448010
0.997000	-10.439500
0.998000	-9.718450
0.999000	-11.971900
1.000000	-11.791700
1.001000	-11.881800
1.002000	-12.512700
1.003000	-11.881800
1.004000	-11.971900
1.005000	-12.963400
1.006000	-11.791700
1.007000	-14.405600
1.008000	-14.315400
1.009000	-12.873300
1.010000	-13.053600
1.011000	-11.881800
1.012000	-13.594300
1.013000	-15.036600
1.014000	-19.633499
1.015000	-13.954800
1.016000	-14.045100
1.017000	-10.349400
1.018000	-13.504200
1.019000	-14.495700
1.020000	-19.092600
1.021000	-21.886900
1.022000	-22.067301
1.023000	-21.346001
1.024000	-17.830700
1.025000	-15.667600
1.026000	-15.307000
1.027000	-14.495700
1.028000	-16.388599
1.029000	-16.028099
1.030000	-16.839199
1.031000	-15.938000
1.032000	-17.740601
1.033000	-17.740601
1.034000	-19.002501
1.035000	-20.444799
1.036000	-20.715099
1.037000	-23.419300
1.038000	-22.878401
1.039000	-25.672701
1.040000	-24.951599
1.041000	-25.402300
1.042000	-24.681200
1.043000	-24.230400
1.044000	-23.779800
1.045000	-23.509399
1.046000	-23.058800
1.047000	-22.878401
1.048000	-22.067301
1.049000	-22.337500
1.050000	-23.509399
1.051000	-23.419300
1.052000	-24.410801
1.053000	-25.041700
1.054000	-24.951599
1.055000	-25.221901
1.056000	-24.410801
1.057000	-24.951599
1.058000	-24.951599
1.059000	-24.591101
1.060000	-25.312201
1.061000	-24.771299
1.062000	-24.050200
1.063000	-24.230400
1.064000	-23.509399
1.065000	-23.869900
1.066000	-23.509399
1.067000	-23.779800
1.068000	-24.140301
1.069000	-23.869900
1.070000	-24.320700
1.071000	-24.771299
1.072000	-25.131800
1.073000	-25.492300
1.074000	-25.672701
1.075000	-26.033199
1.076000	-27.114799
1.077000	-26.213600
1.078000	-26.483801
1.079000	-26.033199
1.080000	-26.303699
1.081000	-26.574100
1.082000	-27.295099
1.083000	-27.295099
1.084000	-27.655701
1.085000	-27.024700
1.086000	-26.483801
1.087000	-25.943100
1.088000	-25.402300
1.089000	-25.582600
1.090000	-25.312201
1.091000	-25.582600
1.092000	-25.852900
1.093000	-25.492300
1.094000	-25.672701
1.095000	-25.131800
1.096000	-24.771299
1.097000	-24.591101
1.098000	-24.681200
1.099000	-24.861401
1.100000	-25.312201
1.101000	-25.221901
1.102000	-25.582600
1.103000	-25.492300
1.104000	-25.221901
1.105000	-25.852900
1.106000	-25.131800
1.107000	-25.762800
1.108000	-25.492300
1.109000	-25.852900
1.110000	-25.943100
1.111000	-25.943100
1.112000	-25.762800
1.113000	-25.582600
1.114000	-25.672701
1.115000	-25.221901
1.116000	-25.582600
1.117000	-25.312201
1.118000	-25.943100
1.119000	-25.492300
1.120000	-25.762800
1.121000	-25.492300
1.122000	-24.951599
1.123000	-24.861401
1.124000	-24.320700
1.125000	-24.320700
1.126000	-24.230400
1.127000	-24.050200
1.128000	-23.960199
1.129000	-23.960199
1.130000	-23.419300
1.131000	-23.148800
1.132000	-22.608000
1.133000	-22.608000
1.134000	-22.608000
1.135000	-22.698200
1.136000	-22.878401
1.137000	-22.698200
1.138000	-22.698200
1.139000	-22.608000
1.140000	-22.337500
1.141000	-22.517900
1.142000	-22.427799
1.143000	-22.788300
1.144000	-22.968500
1.145000	-23.329201
1.146000	-23.329201
1.147000	-23.599400
1.148000	-23.509399
1.149000	-23.689699
1.150000	-23.509399
1.151000	-23.599400
1.152000	-23.509399
1.153000	-23.329201
1.154000	-23.509399
1.155000	-23.058800
1.156000	-23.148800
1.157000	-22.968500
1.158000	-22.788300
1.159000	-22.788300
1.160000	-22.608000
1.161000	-22.157400
1.162000	-22.067301
1.163000	-21.616501
1.164000	-21.796801
1.165000	-21.526400
1.166000	-21.976999
1.167000	-21.706699
1.168000	-21.886900
1.169000	-21.526400
1.170000	-21.256001
1.171000	-21.256001
1.172000	-20.715099
1.173000	-20.895399
1.174000	-20.715099
1.175000	-20.625000
1.176000	-20.895399
1.177000	-20.444799
1.178000	-20.354500
1.179000	-20.444799
1.180000	-19.813900
1.181000	-19.813900
1.182000	-19.903900
1.183000	-19.903900
1.184000	-19.993999
1.185000	-20.354500
1.186000	-19.633499
1.187000	-19.723600
1.188000	-18.822399
1.189000	-18.732100
1.190000	-18.461700
1.191000	-18.101101
1.192000	-18.281500
1.193000	-18.461700
1.194000	-17.830700
1.195000	-17.560400
1.196000	-17.290001
1.197000	-16.839199
1.198000	-16.839199
1.199000	-16.839199
1.200000	-16.659000
1.201000	-16.478701
1.202000	-16.478701
1.203000	-16.028099
1.204000	-16.388599
1.205000	-15.847700
1.206000	-15.667600
1.207000	-15.667600
1.208000	-15.938000
1.209000	-16.118200
1.210000	-16.298500
1.211000	-16.478701
1.212000	-16.478701
1.213000	-15.667600
1.214000	-16.118200
1.215000	-15.126700
1.216000	-15.307000
1.217000	-14.405600
1.218000	-14.766200
1.219000	-14.135200
1.220000	-13.954800
1.221000	-13.504200
1.222000	-13.323900
1.223000	-12.692900
1.224000	-12.873300
1.225000	-12.332400
1.226000	-12.602800
1.227000	-11.881800
1.228000	-11.611300
1.229000	-11.971900
1.230000	-10.709900
1.231000	-10.800000
1.232000	-11.431000
1.233000	-10.259300
1.234000	-10.349400
1.235000	-10.890300
1.236000	-9.628370
1.237000	-10.800000
1.238000	-9.448010
1.239000	-10.529800
1.240000	-9.898810
1.241000	-9.448010
1.242000	-9.357930
1.243000	-9.357930
1.244000	-8.907320
1.245000	-8.726960
1.246000	-9.267840
1.247000	-8.546610
1.248000	-8.546610
1.249000	-7.825560
1.250000	-8.726960
1.251000	-7.555120
1.252000	-7.825560
1.253000	-7.194600
1.254000	-7.014430
1.255000	-7.014430
1.256000	-6.022940
1.257000	-6.203110
1.258000	-5.842590
1.259000	-5.752510
1.260000	-5.121540
1.261000	-4.941190
1.262000	-4.851100
1.263000	-4.039790
1.264000	-4.400490
1.265000	-3.499090
1.266000	-4.220140
1.267000	-2.868130
1.268000	-4.310230
1.269000	-2.597690
1.270000	-4.310230
1.271000	-2.237170
1.272000	-3.499090
1.273000	-1.786370
1.274000	-2.507610
1.275000	-1.876640
1.276000	-1.876640
1.277000	-1.606200
1.278000	-2.507610
1.279000	-1.155410
1.280000	-0.704803
1.281000	-0.975242
1.282000	0.196599
1.283000	-0.434364
1.284000	-0.073840
1.285000	-0.073840
1.286000	0.467038
1.287000	1.098000
1.288000	1.007730
1.289000	1.638690
1.290000	2.089490
1.291000	1.548610
1.292000	2.359930
1.293000	2.450010
1.294000	2.269660
1.295000	3.171060
1.296000	3.080970
1.297000	3.351410
1.298000	3.711940
1.299000	4.072460
1.300000	3.441500
1.301000	4.342900
1.302000	4.523070
1.303000	5.063950
1.304000	4.793510
1.305000	5.604830
1.306000	5.334390
1.307000	4.523070
1.308000	5.694910
1.309000	5.965350
1.310000	6.325870
1.311000	6.686400
1.312000	7.407440
1.313000	7.046920
1.314000	7.587800
1.315000	7.227270
1.316000	8.038410
1.317000	8.308850
1.318000	8.849720
1.319000	10.382100
1.320000	9.390600
1.321000	10.201700
1.322000	10.562300
1.323000	9.751130
1.324000	10.652300
1.325000	10.832700
1.326000	11.463700
1.327000	12.004500
1.328000	11.824200
1.329000	12.365100
1.330000	11.824200
1.331000	11.914300
1.332000	11.283300
1.333000	12.094600
1.334000	11.734100
1.335000	12.996000
1.336000	12.184700
1.337000	13.176200
1.338000	12.815700
1.339000	13.536700
1.340000	13.086100
1.341000	13.627000
1.342000	13.717100
1.343000	13.536700
1.344000	13.987500
1.345000	13.987500
1.346000	14.077600
1.347000	14.618500
1.348000	15.069100
1.349000	14.979000
1.350000	15.159400
1.351000	14.708600
1.352000	15.339500
1.353000	15.159400
1.354000	16.060600
1.355000	16.511400
1.356000	16.962000
1.357000	17.052099
1.358000	17.773300
1.359000	16.691500
1.360000	17.773300
1.361000	17.592899
1.362000	17.953501
1.363000	18.674700
1.364000	18.494301
1.365000	18.223900
1.366000	18.764799
1.367000	18.133801
1.368000	18.313999
1.369000	18.674700
1.370000	18.494301
1.371000	19.395700
1.372000	19.125299
1.373000	19.756300
1.374000	19.666201
1.375000	19.666201
1.376000	19.666201
1.377000	19.756300
1.378000	20.297100
1.379000	20.567400
1.380000	21.108299
1.381000	21.559099
1.382000	21.559099
1.383000	21.018200
1.384000	21.829300
1.385000	21.649099
1.386000	22.099800
1.387000	22.280100
1.388000	22.640600
1.389000	22.460300
1.390000	22.099800
1.391000	22.099800
1.392000	21.559099
1.393000	21.378700
1.394000	21.919600
1.395000	21.649099
1.396000	22.189800
1.397000	22.460300
1.398000	22.280100
1.399000	22.099800
1.400000	22.099800
1.401000	22.189800
1.402000	22.550600
1.403000	22.370199
1.404000	23.001200
1.405000	23.181499
1.406000	22.911100
1.407000	23.001200
1.408000	22.911100
1.409000	22.189800
1.410000	22.730700
1.411000	22.820801
1.412000	23.001200
1.413000	23.451799
1.414000	22.820801
1.415000	23.181499
1.416000	22.730700
1.417000	22.370199
1.418000	22.280100
1.419000	22.009701
1.420000	22.009701
1.421000	22.099800
1.422000	22.099800
1.423000	22.280100
1.424000	22.189800
1.425000	22.189800
1.426000	22.189800
1.427000	22.370199
1.428000	22.640600
1.429000	22.460300
1.430000	22.370199
1.431000	21.829300
1.432000	21.919600
1.433000	21.829300
1.434000	22.099800
1.435000	22.099800
1.436000	22.009701
1.437000	21.919600
1.438000	21.739201
1.439000	21.739201
1.440000	21.829300
1.441000	22.099800
1.442000	22.189800
1.443000	22.189800
1.444000	21.919600
1.445000	21.829300
1.446000	21.559099
1.447000	21.559099
1.448000	21.378700
1.449000	21.559099
1.450000	21.559099
1.451000	21.829300
1.452000	22.009701
1.453000	22.009701
1.454000	22.009701
1.455000	21.829300
1.456000	21.739201
1.457000	21.559099
1.458000	21.288601
1.459000	21.198400
1.460000	21.288601
1.461000	21.018200
1.462000	20.837799
1.463000	20.747700
1.464000	20.567400
1.465000	20.567400
1.466000	20.387199
1.467000	20.477301
1.468000	20.567400
1.469000	20.567400
1.470000	20.657700
1.471000	20.657700
1.472000	20.657700
1.473000	20.477301
1.474000	20.477301
1.475000	20.206900
1.476000	20.116800
1.477000	19.936399
1.478000	19.936399
1.479000	19.846300
1.480000	20.026699
1.481000	19.756300
1.482000	19.666201
1.483000	19.215401
1.484000	19.215401
1.485000	19.125299
1.486000	18.854900
1.487000	18.764799
1.488000	18.494301
1.489000	18.494301
1.490000	18.043699
1.491000	17.953501
1.492000	18.133801
1.493000	17.863400
1.494000	17.863400
1.495000	17.953501
1.496000	17.592899
1.497000	17.863400
1.498000	17.322500
1.499000	17.502800
1.500000	17.412800
1.501000	17.502800
1.502000	17.322500
1.503000	17.322500
1.504000	16.871901
1.505000	16.691500
1.506000	16.330999
1.507000	16.150801
1.508000	16.330999
1.509000	16.240900
1.510000	15.970500
1.511000	15.880400
1.512000	15.610000
1.513000	15.159400
1.514000	14.979000
1.515000	14.618500
1.516000	14.528400
1.517000	14.528400
1.518000	14.167700
1.519000	14.528400
1.520000	13.897400
1.521000	13.536700
1.522000	13.176200
1.523000	12.545200
1.524000	12.815700
1.525000	12.275000
1.526000	12.725600
1.527000	12.545200
1.528000	12.545200
1.529000	12.094600
1.530000	11.463700
1.531000	11.193200
1.532000	10.562300
1.533000	10.742600
1.534000	11.463700
1.535000	11.644000
1.536000	12.184700
1.537000	12.094600
1.538000	11.553700
1.539000	10.922800
1.540000	10.652300
1.541000	10.922800
1.542000	11.824200
1.543000	11.553700
1.544000	12.815700
1.545000	11.824200
1.546000	11.734100
1.547000	10.832700
1.548000	10.382100
1.549000	10.472200
1.550000	10.562300
1.551000	10.922800
1.552000	11.373600
1.553000	10.652300
1.554000	10.021600
1.555000	9.660860
1.556000	9.120160
1.557000	8.939810
1.558000	9.029890
1.559000	8.398930
1.560000	8.939810
1.561000	8.398930
1.562000	8.308850
1.563000	8.489200
1.564000	7.677880
1.565000	7.858240
1.566000	7.407440
1.567000	7.407440
1.568000	7.137190
1.569000	7.497710
1.570000	7.948320
1.571000	7.407440
1.572000	7.407440
1.573000	6.776480
1.574000	6.415960
1.575000	5.875260
1.576000	6.145520
1.577000	5.784990
1.578000	6.325870
1.579000	5.784990
1.580000	4.613340
1.581000	2.089490
1.582000	2.089490
1.583000	2.089490
1.584000	3.441500
1.585000	3.261140
1.586000	5.063950
1.587000	4.252810
1.588000	5.063950
1.589000	4.342900
1.590000	4.703420
1.591000	4.162550
1.592000	2.810540
1.593000	2.179570
1.594000	2.450010
1.595000	2.179570
1.596000	1.909130
1.597000	2.269660
1.598000	0.196599
1.599000	0.467038
1.600000	-1.065330
1.601000	-0.975242
1.602000	-0.704803
1.603000	-0.434364
1.604000	-0.073840
1.605000	-0.344279
1.606000	-0.704803
1.607000	-1.155410
1.608000	-1.516120
1.609000	-1.245680
1.610000	-1.065330
1.611000	-0.975242
1.612000	-1.696290
1.613000	-1.876640
1.614000	-2.146900
1.615000	-1.786370
1.616000	-1.516120
1.617000	-2.056810
1.618000	-1.876640
1.619000	-2.597690
1.620000	-3.679260
1.621000	-4.039790
1.622000	-3.589180
1.623000	-3.048300
1.624000	-2.146900
1.625000	-2.056810
1.626000	-2.237170
1.627000	-3.679260
1.628000	-4.761020
1.629000	-5.121540
1.630000	-5.391980
1.631000	-4.670750
1.632000	-3.499090
1.633000	-3.949700
1.634000	-3.589180
1.635000	-5.301710
1.636000	-5.391980
1.637000	-6.563640
1.638000	-6.563640
1.639000	-6.924160
1.640000	-5.482070
1.641000	-6.383470
1.642000	-6.113030
1.643000	-5.301710
1.644000	-5.391980
1.645000	-5.121540
1.646000	-5.932670
1.647000	-6.563640
1.648000	-7.465040
1.649000	-8.636880
1.650000	-8.456530
1.651000	-9.267840
1.652000	-8.546610
1.653000	-8.366440
1.654000	-8.276360
1.655000	-8.005920
1.656000	-9.087490
1.657000	-8.817050
1.658000	-9.988890
1.659000	-9.357930
1.660000	-9.808540
1.661000	-8.997400
1.662000	-8.366440
1.663000	-8.096000
1.664000	-8.096000
1.665000	-8.636880
1.666000	-9.898810
1.667000	-10.169200
1.668000	-10.800000
1.669000	-10.890300
1.670000	-10.529800
1.671000	-10.439500
1.672000	-10.259300
1.673000	-10.800000
1.674000	-10.980400
1.675000	-11.160700
1.676000	-11.070500
1.677000	-11.340900
1.678000	-11.250800
1.679000	-11.791700
1.680000	-11.881800
1.681000	-12.152200
1.682000	-12.061900
1.683000	-12.242300
1.684000	-11.971900
1.685000	-11.791700
1.686000	-12.152200
1.687000	-12.512700
1.688000	-13.053600
1.689000	-13.323900
1.690000	-13.594300
1.691000	-13.414100
1.692000	-13.414100
1.693000	-13.414100
1.694000	-13.684400
1.695000	-13.864800
1.696000	-14.315400
1.697000	-14.495700
1.698000	-14.045100
1.699000	-13.954800
1.700000	-13.954800
1.701000	-13.864800
1.702000	-14.495700
1.703000	-14.315400
1.704000	-14.856200
1.705000	-14.946300
1.706000	-14.676100
1.707000	-14.856200
1.708000	-14.585800
1.709000	-14.766200
1.710000	-15.216800
1.711000	-15.036600
1.712000	-15.397100
1.713000	-15.126700
1.714000	-14.676100
1.715000	-14.856200
1.716000	-14.495700
1.717000	-14.405600
1.718000	-14.405600
1.719000	-14.495700
1.720000	-14.856200
1.721000	-14.766200
1.722000	-15.216800
1.723000	-14.766200
1.724000	-14.856200
1.725000	-14.856200
1.726000	-14.766200
1.727000	-14.766200
1.728000	-14.856200
1.729000	-14.856200
1.730000	-14.856200
1.731000	-14.676100
1.732000	-14.676100
1.733000	-14.405600
1.734000	-14.315400
1.735000	-14.315400
1.736000	-14.405600
1.737000	-14.766200
1.738000	-14.856200
1.739000	-15.216800
1.740000	-14.856200
1.741000	-14.946300
1.742000	-14.946300
1.743000	-14.946300
1.744000	-15.036600
1.745000	-15.126700
1.746000	-15.216800
1.747000	-15.216800
1.748000	-15.126700
1.749000	-15.307000
1.750000	-15.397100
1.751000	-15.307000
1.752000	-15.307000
1.753000	-15.036600
1.754000	-15.126700
1.755000	-15.036600
1.756000	-15.216800
1.757000	-15.036600
1.758000	-15.036600
1.759000	-15.036600
1.760000	-15.036600
1.761000	-14.766200
1.762000	-15.036600
1.763000	-14.856200
1.764000	-14.946300
1.765000	-15.126700
1.766000	-15.487200
1.767000	-15.667600
1.768000	-15.847700
1.769000	-15.847700
1.770000	-15.577300
1.771000	-15.397100
1.772000	-15.216800
1.773000	-15.126700
1.774000	-14.766200
1.775000	-14.766200
1.776000	-14.766200
1.777000	-14.856200
1.778000	-14.946300
1.779000	-14.856200
1.780000	-14.495700
1.781000	-14.315400
1.782000	-14.405600
1.783000	-14.495700
1.784000	-14.495700
1.785000	-14.676100
1.786000	-14.676100
1.787000	-14.405600
1.788000	-14.315400
1.789000	-14.405600
1.790000	-13.954800
1.791000	-13.954800
1.792000	-13.864800
1.793000	-13.774700
1.794000	-13.864800
1.795000	-13.864800
1.796000	-14.045100
1.797000	-14.135200
1.798000	-14.495700
1.799000	-14.225300
1.800000	-14.495700
1.801000	-14.135200
1.802000	-14.045100
1.803000	-13.774700
1.804000	-13.954800
1.805000	-14.135200
1.806000	-13.774700
1.807000	-13.504200
1.808000	-13.143700
1.809000	-12.963400
1.810000	-12.692900
1.811000	-12.602800
1.812000	-12.422700
1.813000	-12.061900
1.814000	-11.971900
1.815000	-11.431000
1.816000	-11.791700
1.817000	-11.431000
1.818000	-11.611300
1.819000	-11.250800
1.820000	-10.980400
1.821000	-10.890300
1.822000	-10.619900
1.823000	-10.439500
1.824000	-10.439500
1.825000	-10.619900
1.826000	-10.890300
1.827000	-11.070500
1.828000	-11.250800
1.829000	-11.070500
1.830000	-11.070500
1.831000	-10.529800
1.832000	-10.529800
1.833000	-10.169200
1.834000	-10.349400
1.835000	-9.898810
1.836000	-9.988890
1.837000	-9.988890
1.838000	-9.808540
1.839000	-9.628370
1.840000	-9.357930
1.841000	-9.267840
1.842000	-9.267840
1.843000	-8.997400
1.844000	-9.177570
1.845000	-8.817050
1.846000	-8.546610
1.847000	-8.276360
1.848000	-8.096000
1.849000	-7.555120
1.850000	-7.645390
1.851000	-6.834080
1.852000	-5.301710
1.853000	-5.121540
1.854000	-5.211630
1.855000	-5.932670
1.856000	-7.194600
1.857000	-7.915650
1.858000	-8.456530
1.859000	-9.267840
1.860000	-6.383470
1.861000	-6.293200
1.862000	-4.490580
1.863000	-5.391980
1.864000	-6.022940
1.865000	-7.825560
1.866000	-8.636880
1.867000	-9.087490
1.868000	-7.465040
1.869000	-6.293200
1.870000	-4.851100
1.871000	-4.761020
1.872000	-5.482070
1.873000	-5.932670
1.874000	-6.924160
1.875000	-7.194600
1.876000	-6.743990
1.877000	-6.022940
1.878000	-4.941190
1.879000	-3.949700
1.880000	-3.859620
1.881000	-3.048300
1.882000	-4.039790
1.883000	-3.859620
1.884000	-3.679260
1.885000	-3.859620
1.886000	-3.138570
1.887000	-2.327250
1.888000	-1.876640
1.889000	-1.155410
1.890000	-1.786370
1.891000	-1.786370
1.892000	-1.966730
1.893000	-3.318740
1.894000	-2.597690
1.895000	-3.138570
1.896000	-3.228650
1.897000	-2.507610
1.898000	-2.958220
1.899000	-2.597690
1.900000	-2.417340
1.901000	-3.138570
1.902000	-2.146900
1.903000	-2.597690
1.904000	-2.777860
1.905000	-1.966730
1.906000	-2.146900
1.907000	-1.786370
1.908000	-0.975242
1.909000	-1.155410
1.910000	-0.163925
1.911000	-0.524449
1.912000	-0.434364
1.913000	-0.163925
1.914000	-0.344279
1.915000	-0.434364
1.916000	0.827562
1.917000	0.827562
1.918000	2.359930
1.919000	2.359930
1.920000	2.630180
1.921000	2.810540
1.922000	1.458520
1.923000	2.630180
1.924000	3.171060
1.925000	3.080970
1.926000	4.523070
1.927000	4.342900
1.928000	4.342900
1.929000	3.802020
1.930000	3.080970
1.931000	2.810540
1.932000	2.269660
1.933000	1.999220
1.934000	2.900620
1.935000	2.450010
1.936000	3.080970
1.937000	3.531580
1.938000	2.990890
1.939000	2.810540
1.940000	1.819050
1.941000	1.188090
1.942000	1.458520
1.943000	0.827562
1.944000	2.269660
1.945000	3.171060
1.946000	3.892110
1.947000	4.252810
1.948000	4.342900
1.949000	3.892110
1.950000	3.711940
1.951000	3.171060
1.952000	3.982380
1.953000	3.982380
1.954000	5.063950
1.955000	6.686400
1.956000	7.587800
1.957000	8.218760
1.958000	7.497710
1.959000	6.506230
1.960000	5.154030
1.961000	4.432980
1.962000	4.523070
1.963000	5.244300
1.964000	5.784990
1.965000	7.046920
1.966000	6.956840
1.967000	7.046920
1.968000	6.866750
1.969000	5.694910
1.970000	5.604830
1.971000	3.982380
1.972000	3.261140
1.973000	3.261140
1.974000	3.261140
1.975000	4.252810
1.976000	5.063950
1.977000	4.793510
1.978000	4.432980
1.979000	3.531580
1.980000	2.720450
1.981000	3.351410
1.982000	3.171060
1.983000	3.982380
1.984000	4.973860
1.985000	5.965350
1.986000	6.415960
1.987000	6.686400
1.988000	6.325870
1.989000	6.145520
1.990000	5.965350
1.991000	6.325870
1.992000	7.227270
1.993000	8.038410
1.994000	9.300330
1.995000	9.751130
1.996000	9.570770
1.997000	10.832700
1.998000	10.562300
1.999000	10.652300
2.000000	9.660860
2.001000	9.931300
2.002000	11.373600
2.003000	13.266500
2.004000	14.618500
2.005000	14.618500
2.006000	12.365100
2.007000	10.832700
2.008000	9.210250
2.009000	8.759640
2.010000	8.579290
2.011000	8.038410
2.012000	7.046920
2.013000	6.596310
2.014000	6.686400
2.015000	5.965350
2.016000	5.063950
2.017000	4.703420
2.018000	3.261140
2.019000	2.630180
2.020000	3.892110
2.021000	3.261140
2.022000	3.531580
2.023000	3.261140
2.024000	2.089490
2.025000	1.188090
2.026000	-0.344279
2.027000	-0.885157
2.028000	-1.425850
2.029000	-0.704803
2.030000	-0.524449
2.031000	-1.245680
2.032000	2.810540
2.033000	2.630180
2.034000	9.390600
2.035000	9.120160
2.036000	10.201700
2.037000	9.300330
2.038000	5.514560
2.039000	4.252810
2.040000	3.441500
2.041000	5.334390
2.042000	7.317360
2.043000	7.497710
2.044000	10.021600
2.045000	8.398930
2.046000	5.965350
2.047000	4.613340
2.048000	3.892110
2.049000	3.531580
2.050000	2.810540
2.051000	2.990890
2.052000	3.261140
2.053000	3.711940
2.054000	2.630180
2.055000	-81.377197
2.056000	-184.673996
2.057000	-184.673996
2.058000	-71.191704
2.059000	-84.712196
2.060000	-1.876640
2.061000	61.038898
2.062000	91.865601
2.063000	97.183601
2.064000	14.077600
2.065000	-32.432899
2.066000	-79.213898
2.067000	-92.824402
2.068000	-30.900600
2.069000	-70.560799
2.070000	-5.482070
2.071000	25.705200
2.072000	67.348396
2.073000	76.001503
2.074000	46.526798
2.075000	19.395700
2.076000	-12.512700
2.077000	-5.211630
2.078000	-27.385201
2.079000	5.334390
2.080000	17.052099
2.081000	17.773300
2.082000	31.924700
2.083000	31.744400
2.084000	19.305500
2.085000	0.467038
2.086000	-18.822399
2.087000	-10.800000
2.088000	-18.822399
2.089000	-7.645390
2.090000	-14.676100
2.091000	-9.718450
2.092000	-11.070500
2.093000	-3.228650
2.094000	-14.315400
2.095000	-6.653910
2.096000	-16.568800
2.097000	-4.851100
2.098000	-16.208200
2.099000	-1.335770
2.100000	5.063950
2.101000	1.098000
2.102000	20.116800
2.103000	-4.310230
2.104000	6.235790
2.105000	-3.589180
2.106000	4.342900
2.107000	9.390600
2.108000	31.113400
2.109000	19.305500
2.110000	40.757999
2.111000	17.953501
2.112000	21.288601
2.113000	-4.761020
2.114000	-2.507610
2.115000	-16.388599
2.116000	3.802020
2.117000	-5.482070
2.118000	2.540100
2.119000	9.660860
2.120000	24.713699
2.121000	-0.163925
2.122000	7.497710
2.123000	-15.757600
2.124000	-10.349400
2.125000	-15.216800
2.126000	-0.434364
2.127000	-8.997400
2.128000	11.013100
2.129000	3.351410
2.130000	-1.425850
2.131000	11.553700
2.132000	-5.662240
2.133000	9.480690
2.134000	1.458520
2.135000	-6.203110
2.136000	2.450010
2.137000	-6.834080
2.138000	4.973860
2.139000	4.613340
2.140000	4.793510
2.141000	6.145520
2.142000	1.007730
2.143000	3.892110
2.144000	-0.614718
2.145000	-7.465040
2.146000	-3.138570
2.147000	-2.146900
2.148000	1.368440
2.149000	13.086100
2.150000	6.415960
2.151000	9.751130
2.152000	6.596310
2.153000	2.089490
2.154000	1.278170
2.155000	-0.794888
2.156000	-0.254194
2.157000	0.196599
2.158000	-1.335770
2.159000	3.080970
2.160000	-1.065330
2.161000	1.548610
2.162000	1.098000
2.163000	3.711940
2.164000	5.063950
2.165000	1.999220
2.166000	8.218760
2.167000	1.458520
2.168000	8.128680
2.169000	-1.155410
2.170000	1.728960
2.171000	-3.769530
2.172000	-0.073840
2.173000	2.179570
2.174000	2.540100
2.175000	7.587800
2.176000	9.390600
2.177000	10.652300
2.178000	3.261140
2.179000	0.827562
2.180000	-0.254194
2.181000	-2.146900
2.182000	4.883590
2.183000	3.892110
2.184000	10.742600
2.185000	4.703420
2.186000	5.154030
2.187000	-0.073840
2.188000	-2.417340
2.189000	-6.653910
2.190000	-5.572150
2.191000	-6.653910
2.192000	-0.163925
2.193000	-0.254194
2.194000	-2.958220
2.195000	-0.794888
2.196000	-3.859620
2.197000	2.269660
2.198000	1.278170
2.199000	7.677880
2.200000	4.883590
2.201000	1.458520
2.202000	-2.777860
2.203000	-7.735480
2.204000	-8.726960
2.205000	-7.374950
2.206000	-1.696290
2.207000	0.827562
2.208000	4.793510
2.209000	13.536700
2.210000	3.441500
2.211000	11.103100
2.212000	0.106514
2.213000	5.514560
2.214000	-2.958220
2.215000	2.450010
2.216000	-0.073840
2.217000	9.029890
2.218000	8.759640
2.219000	7.497710
2.220000	4.523070
2.221000	1.007730
2.222000	0.647208
2.223000	2.990890
2.224000	4.523070
2.225000	8.669370
2.226000	8.308850
2.227000	8.218760
2.228000	9.751130
2.229000	3.351410
2.230000	6.415960
2.231000	-1.606200
2.232000	1.728960
2.233000	-0.434364
2.234000	-0.073840
2.235000	-0.073840
2.236000	0.106514
2.237000	4.162550
2.238000	6.776480
2.239000	9.390600
2.240000	6.596310
2.241000	3.261140
2.242000	2.450010
2.243000	-1.065330
2.244000	-0.975242
2.245000	-0.614718
2.246000	2.179570
2.247000	7.767970
2.248000	2.990890
2.249000	4.613340
2.250000	1.188090
2.251000	-2.146900
2.252000	-0.344279
2.253000	-0.073840
2.254000	3.080970
2.255000	6.866750
2.256000	5.424470
2.257000	7.948320
2.258000	0.467038
2.259000	-1.155410
2.260000	-4.941190
2.261000	-4.580660
2.262000	-3.859620
2.263000	-2.237170
2.264000	-2.056810
2.265000	0.376769
2.266000	-0.885157
2.267000	1.458520
2.268000	2.269660
2.269000	4.523070
2.270000	4.793510
2.271000	3.802020
2.272000	2.089490
2.273000	1.278170
2.274000	0.286684
2.275000	1.999220
2.276000	2.269660
2.277000	4.523070
2.278000	4.523070
2.279000	3.711940
2.280000	2.179570
2.281000	2.089490
2.282000	2.540100
2.283000	3.351410
2.284000	4.793510
2.285000	2.900620
2.286000	2.720450
2.287000	0.557123
2.288000	0.286684
2.289000	-0.434364
2.290000	-1.065330
2.291000	-1.516120
2.292000	-1.155410
2.293000	-1.786370
2.294000	-1.696290
2.295000	-2.597690
2.296000	-0.885157
2.297000	-0.344279
2.298000	2.630180
2.299000	4.703420
2.300000	7.137190
2.301000	7.858240
2.302000	7.677880
2.303000	6.325870
2.304000	5.424470
2.305000	4.252810
2.306000	3.080970
2.307000	3.080970
2.308000	3.261140
2.309000	3.351410
2.310000	3.351410
2.311000	2.089490
2.312000	1.548610
2.313000	0.106514
2.314000	-1.065330
2.315000	-1.516120
2.316000	-3.589180
2.317000	-3.499090
2.318000	-5.121540
2.319000	-3.949700
2.320000	-4.130060
2.321000	-1.876640
2.322000	-0.794888
2.323000	0.106514
2.324000	-0.794888
2.325000	-1.516120
2.326000	-2.327250
2.327000	-2.777860
2.328000	-0.614718
2.329000	1.548610
2.330000	3.892110
2.331000	6.776480
2.332000	7.137190
2.333000	8.038410
2.334000	7.317360
2.335000	6.776480
2.336000	6.145520
2.337000	5.424470
2.338000	5.334390
2.339000	5.784990
2.340000	5.244300
2.341000	6.145520
2.342000	5.334390
2.343000	4.072460
2.344000	2.990890
2.345000	0.467038
2.346000	0.106514
2.347000	-0.614718
2.348000	0.106514
2.349000	0.196599
2.350000	1.458520
2.351000	1.188090
2.352000	2.179570
2.353000	1.728960
2.354000	2.359930
2.355000	2.179570
2.356000	2.089490
2.357000	2.179570
2.358000	1.909130
2.359000	1.188090
2.360000	1.638690
2.361000	1.819050
2.362000	4.072460
2.363000	5.154030
2.364000	7.858240
2.365000	8.308850
2.366000	9.300330
2.367000	8.038410
2.368000	7.587800
2.369000	5.875260
2.370000	4.703420
2.371000	4.252810
2.372000	3.261140
2.373000	3.982380
2.374000	-109.320000
2.375000	34.268200
2.376000	-47.215302
2.377000	62.480999
2.378000	-11.791700
2.379000	-19.182899
2.380000	-3.769530
2.381000	-50.099701
2.382000	11.283300
2.383000	-34.866699
2.384000	4.613340
2.385000	-2.958220
2.386000	10.742600
2.387000	12.725600
2.388000	-1.425850
2.389000	4.072460
2.390000	-9.718450
2.391000	-7.465040
2.392000	-0.163925
2.393000	-5.482070
2.394000	12.725600
2.395000	1.098000
2.396000	9.660860
2.397000	-9.538280
2.398000	31.113400
2.399000	9.660860
2.400000	4.613340
2.401000	13.536700
2.402000	-11.160700
2.403000	-24.140301
2.404000	14.888900
2.405000	-0.344279
2.406000	15.429600
2.407000	-0.434364
2.408000	0.737477
2.409000	-8.096000
2.410000	-9.628370
2.411000	-10.800000
2.412000	-9.538280
2.413000	-1.245680
2.414000	-0.163925
2.415000	8.128680
2.416000	-31.892000
2.417000	38.955399
2.418000	12.365100
2.419000	11.103100
2.420000	2.720450
2.421000	-17.560400
2.422000	1.007730
2.423000	-6.924160
2.424000	-0.073840
2.425000	8.218760
2.426000	-0.344279
2.427000	17.322500
2.428000	6.415960
2.429000	7.677880
2.430000	-14.405600
2.431000	25.975599
2.432000	29.220501
2.433000	5.875260
2.434000	8.849720
2.435000	0.467038
2.436000	-20.174400
2.437000	3.621850
2.438000	3.441500
2.439000	-0.434364
2.440000	1.458520
2.441000	-7.465040
2.442000	-21.706699
2.443000	6.506230
2.444000	9.300330
2.445000	15.970500
2.446000	1.548610
2.447000	-12.242300
2.448000	5.965350
2.449000	17.773300
2.450000	9.570770
2.451000	4.973860
2.452000	-15.216800
2.453000	-1.335770
2.454000	-0.794888
2.455000	10.021600
2.456000	3.982380
2.457000	-21.796801
2.458000	26.967100
2.459000	20.387199
2.460000	23.181499
2.461000	8.489200
2.462000	2.450010
2.463000	-3.318740
2.464000	-11.521300
2.465000	-10.079000
2.466000	12.996000
2.467000	-3.228650
2.468000	29.851500
2.469000	14.979000
2.470000	14.618500
2.471000	8.939810
2.472000	-12.783200
2.473000	-11.881800
2.474000	-10.800000
2.475000	-1.335770
2.476000	5.514560
2.477000	3.080970
2.478000	-20.715099
2.479000	41.659401
2.480000	12.365100
2.481000	15.970500
2.482000	-7.915650
2.483000	-6.834080
2.484000	4.973860
2.485000	3.261140
2.486000	8.579290
2.487000	-5.842590
2.488000	-1.516120
2.489000	-8.726960
2.490000	-5.752510
2.491000	8.489200
2.492000	-6.743990
2.493000	31.564199
2.494000	-21.796801
2.495000	31.924700
2.496000	-19.002501
2.497000	1.638690
2.498000	-11.340900
2.499000	-12.332400
2.500000	4.342900
2.501000	-4.130060
2.502000	8.038410
2.503000	2.900620
2.504000	5.875260
2.505000	4.162550
2.506000	-1.065330
2.507000	-2.237170
2.508000	-6.203110
2.509000	-3.318740
2.510000	1.819050
2.511000	-8.366440
2.512000	-26.303699
2.513000	-80.025002
2.514000	-50.640598
2.515000	-18.461700
2.516000	3.531580
2.517000	25.705200
2.518000	35.530102
2.519000	32.375301
2.520000	14.438100
2.521000	-6.203110
2.522000	-19.633499
2.523000	-25.852900
2.524000	-14.135200
2.525000	-8.546610
2.526000	-0.704803
2.527000	10.472200
2.528000	14.077600
2.529000	17.052099
2.530000	-33.875000
2.531000	9.570770
2.532000	18.494301
2.533000	-1.425850
2.534000	-18.371599
2.535000	33.366798
2.536000	-14.946300
2.537000	9.660860
2.538000	-7.825560
2.539000	13.356500
2.540000	13.266500
2.541000	-1.516120
2.542000	10.562300
2.543000	-13.594300
2.544000	-2.146900
2.545000	-14.495700
2.546000	-10.800000
2.547000	-4.220140
2.548000	-2.417340
2.549000	9.390600
2.550000	17.863400
2.551000	16.330999
2.552000	11.824200
2.553000	-2.417340
2.554000	-10.439500
2.555000	-5.752510
2.556000	-1.696290
2.557000	10.021600
2.558000	10.472200
2.559000	5.154030
2.560000	13.266500
2.561000	2.900620
2.562000	-11.431000
2.563000	3.892110
2.564000	14.438100
2.565000	20.387199
2.566000	16.511400
2.567000	22.460300
2.568000	8.849720
2.569000	-3.949700
2.570000	3.531580
2.571000	-5.391980
2.572000	-5.031270
2.573000	-3.769530
2.574000	1.007730
2.575000	2.990890
2.576000	2.269660
2.577000	6.055430
2.578000	3.441500
2.579000	5.424470
2.580000	1.999220
2.581000	-0.885157
2.582000	1.188090
2.583000	2.269660
2.584000	3.080970
2.585000	0.737477
2.586000	2.450010
2.587000	0.106514
2.588000	3.711940
2.589000	1.819050
2.590000	-4.941190
2.591000	13.086100
2.592000	12.275000
2.593000	13.266500
2.594000	5.514560
2.595000	-14.766200
2.596000	5.063950
2.597000	18.223900
2.598000	21.829300
2.599000	11.553700
2.600000	14.167700
2.601000	0.376769
2.602000	-3.228650
2.603000	-5.572150
2.604000	-8.997400
2.605000	-9.718450
2.606000	-1.786370
2.607000	25.975599
2.608000	26.336100
2.609000	16.330999
2.610000	14.888900
2.611000	2.720450
2.612000	-2.868130
2.613000	-9.898810
2.614000	-10.439500
2.615000	-5.211630
2.616000	-4.490580
2.617000	5.694910
2.618000	9.660860
2.619000	12.004500
2.620000	7.137190
2.621000	7.497710
2.622000	3.351410
2.623000	-0.614718
2.624000	-1.425850
2.625000	1.098000
2.626000	4.793510
2.627000	6.325870
2.628000	6.956840
2.629000	6.325870
2.630000	5.694910
2.631000	1.728960
2.632000	-0.885157
2.633000	-3.499090
2.634000	-4.220140
2.635000	-3.949700
2.636000	-1.425850
2.637000	2.450010
2.638000	6.956840
2.639000	8.218760
2.640000	3.441500
2.641000	1.007730
2.642000	8.308850
2.643000	4.973860
2.644000	0.737477
2.645000	0.196599
2.646000	-1.606200
2.647000	0.737477
2.648000	1.819050
2.649000	0.557123
2.650000	0.106514
2.651000	2.630180
2.652000	5.514560
2.653000	7.948320
2.654000	8.939810
2.655000	6.596310
2.656000	6.686400
2.657000	3.171060
2.658000	-0.254194
2.659000	-2.687780
2.660000	-1.425850
2.661000	1.819050
2.662000	3.441500
2.663000	4.342900
2.664000	5.424470
2.665000	5.694910
2.666000	3.711940
2.667000	4.793510
2.668000	3.711940
2.669000	2.630180
2.670000	0.647208
2.671000	1.278170
2.672000	0.737477
2.673000	2.810540
2.674000	3.621850
2.675000	5.154030
2.676000	5.244300
2.677000	4.252810
2.678000	2.630180
2.679000	4.252810
2.680000	-0.885157
2.681000	-5.301710
2.682000	9.480690
2.683000	13.536700
2.684000	10.562300
2.685000	3.982380
2.686000	3.892110
2.687000	4.342900
2.688000	-2.868130
2.689000	1.909130
2.690000	2.179570
2.691000	1.728960
2.692000	-8.186090
2.693000	6.956840
2.694000	12.815700
2.695000	10.652300
2.696000	2.089490
2.697000	-0.524449
2.698000	-4.761020
2.699000	-1.155410
2.700000	10.111600
2.701000	8.849720
2.702000	3.531580
2.703000	0.917647
2.704000	-0.524449
2.705000	1.819050
2.706000	0.467038
2.707000	-8.366440
2.708000	1.188090
2.709000	16.962000
2.710000	21.559099
2.711000	9.120160
2.712000	7.317360
2.713000	-3.048300
2.714000	-13.774700
2.715000	-0.254194
2.716000	-14.676100
2.717000	25.164499
2.718000	22.730700
2.719000	10.472200
2.720000	16.150801
2.721000	4.342900
2.722000	1.819050
2.723000	-4.039790
2.724000	-10.619900
2.725000	-7.555120
2.726000	-1.786370
2.727000	10.291800
2.728000	15.610000
2.729000	17.592899
2.730000	4.342900
2.731000	4.613340
2.732000	-6.022940
2.733000	-5.572150
2.734000	-0.614718
2.735000	-3.138570
2.736000	4.793510
2.737000	12.094600
2.738000	10.111600
2.739000	9.660860
2.740000	4.342900
2.741000	-2.958220
2.742000	-0.163925
2.743000	-0.704803
2.744000	2.990890
2.745000	6.235790
2.746000	3.711940
2.747000	3.802020
2.748000	2.990890
2.749000	6.415960
2.750000	8.489200
2.751000	5.604830
2.752000	5.694910
2.753000	2.990890
2.754000	1.007730
2.755000	-1.065330
2.756000	3.261140
2.757000	4.973860
2.758000	5.244300
2.759000	5.965350
2.760000	4.162550
2.761000	3.080970
2.762000	1.548610
2.763000	-0.794888
2.764000	-0.434364
2.765000	0.106514
2.766000	3.080970
2.767000	5.244300
2.768000	6.415960
2.769000	5.334390
2.770000	2.720450
2.771000	0.557123
2.772000	-1.155410
2.773000	-0.885157
2.774000	-0.614718
2.775000	0.647208
2.776000	1.999220
2.777000	2.990890
2.778000	4.252810
2.779000	4.973860
2.780000	3.892110
2.781000	2.540100
2.782000	1.819050
2.783000	1.638690
2.784000	2.540100
2.785000	3.621850
2.786000	4.072460
2.787000	4.342900
2.788000	4.613340
2.789000	3.711940
2.790000	3.261140
2.791000	3.080970
2.792000	3.080970
2.793000	3.711940
2.794000	4.342900
2.795000	5.244300
2.796000	5.514560
2.797000	5.784990
2.798000	4.432980
2.799000	2.450010
2.800000	3.621850
2.801000	3.261140
2.802000	2.810540
2.803000	3.080970
2.804000	3.711940
2.805000	3.441500
2.806000	2.900620
2.807000	3.171060
2.808000	3.621850
2.809000	4.072460
2.810000	4.252810
2.811000	4.432980
2.812000	4.793510
2.813000	4.883590
2.814000	4.432980
2.815000	4.162550
2.816000	3.802020
2.817000	3.802020
2.818000	3.621850
2.819000	3.711940
2.820000	4.342900
2.821000	4.523070
2.822000	4.252810
2.823000	4.342900
2.824000	4.072460
2.825000	3.892110
2.826000	3.892110
2.827000	4.342900
2.828000	4.342900
2.829000	4.613340
2.830000	4.252810
2.831000	3.261140
2.832000	2.179570
2.833000	1.638690
2.834000	1.368440
2.835000	1.368440
2.836000	2.089490
2.837000	2.540100
2.838000	3.802020
2.839000	4.432980
2.840000	4.883590
2.841000	4.523070
2.842000	4.252810
2.843000	2.990890
2.844000	1.728960
2.845000	1.548610
2.846000	2.179570
2.847000	2.630180
2.848000	3.171060
2.849000	3.531580
2.850000	3.892110
2.851000	4.252810
2.852000	3.261140
2.853000	3.351410
2.854000	2.450010
2.855000	6.866750
2.856000	6.055430
2.857000	4.432980
2.858000	3.892110
2.859000	1.728960
2.860000	2.540100
2.861000	2.810540
2.862000	1.188090
2.863000	2.630180
2.864000	2.540100
2.865000	1.909130
2.866000	2.900620
2.867000	2.450010
2.868000	3.531580
2.869000	3.802020
2.870000	2.359930
2.871000	1.638690
2.872000	0.917647
2.873000	2.630180
2.874000	0.557123
2.875000	-0.163925
2.876000	0.286684
2.877000	-0.163925
2.878000	0.286684
2.879000	-0.704803
2.880000	0.467038
2.881000	1.098000
2.882000	1.278170
2.883000	1.188090
2.884000	1.909130
2.885000	2.540100
2.886000	2.630180
2.887000	2.359930
2.888000	2.450010
2.889000	1.728960
2.890000	1.458520
2.891000	2.359930
2.892000	3.982380
2.893000	5.694910
2.894000	6.235790
2.895000	5.965350
2.896000	4.432980
2.897000	3.261140
2.898000	2.179570
2.899000	1.999220
2.900000	2.900620
2.901000	3.531580
2.902000	5.514560
2.903000	4.432980
2.904000	4.523070
2.905000	3.531580
2.906000	3.892110
2.907000	2.630180
2.908000	1.098000
2.909000	0.467038
2.910000	1.278170
2.911000	1.999220
2.912000	3.080970
2.913000	3.802020
2.914000	3.531580
2.915000	3.711940
2.916000	3.351410
2.917000	2.810540
2.918000	1.548610
2.919000	0.737477
2.920000	0.737477
2.921000	1.368440
2.922000	2.269660
2.923000	3.711940
2.924000	4.613340
2.925000	5.424470
2.926000	6.235790
2.927000	6.596310
2.928000	6.055430
2.929000	5.244300
2.930000	3.892110
2.931000	3.351410
2.932000	2.179570
2.933000	5.424470
2.934000	4.703420
2.935000	-0.434364
2.936000	6.596310
2.937000	5.154030
2.938000	1.458520
2.939000	-23.419300
2.940000	5.063950
2.941000	-2.146900
2.942000	9.841210
2.943000	-2.327250
2.944000	15.249400
2.945000	12.545200
2.946000	-5.031270
2.947000	-6.653910
2.948000	-1.966730
2.949000	1.548610
2.950000	1.548610
2.951000	3.802020
2.952000	1.728960
2.953000	6.596310
2.954000	6.235790
2.955000	3.441500
2.956000	0.286684
2.957000	2.630180
2.958000	7.317360
2.959000	7.948320
2.960000	2.540100
2.961000	-0.975242
2.962000	3.982380
2.963000	6.686400
2.964000	5.154030
2.965000	0.737477
2.966000	3.171060
2.967000	4.523070
2.968000	1.278170
2.969000	1.728960
2.970000	2.179570
2.971000	2.450010
2.972000	0.737477
2.973000	0.737477
2.974000	1.548610
2.975000	2.450010
2.976000	2.179570
2.977000	2.540100
2.978000	0.376769
2.979000	-0.434364
2.980000	0.286684
2.981000	1.819050
2.982000	2.359930
2.983000	2.990890
2.984000	3.351410
2.985000	3.351410
2.986000	2.089490
2.987000	2.450010
2.988000	2.359930
2.989000	2.179570
2.990000	1.638690
2.991000	2.630180
2.992000	2.179570
2.993000	2.450010
2.994000	2.089490
2.995000	1.999220
2.996000	1.909130
2.997000	1.368440
2.998000	0.827562
2.999000	1.728960
3.000000	3.171060
3.001000	4.072460
3.002000	3.802020
3.003000	3.441500
3.004000	3.080970
3.005000	1.999220
3.006000	0.917647
3.007000	1.007730
3.008000	1.728960
3.009000	1.728960
3.010000	2.630180
3.011000	2.269660
3.012000	3.261140
3.013000	3.621850
3.014000	3.351410
3.015000	3.080970
3.016000	2.990890
3.017000	3.261140
3.018000	2.720450
3.019000	2.269660
3.020000	2.900620
3.021000	2.810540
3.022000	1.999220
3.023000	2.450010
3.024000	2.540100
3.025000	2.810540
3.026000	2.720450
3.027000	2.450010
3.028000	3.531580
3.029000	3.982380
3.030000	3.621850
3.031000	2.900620
3.032000	2.450010
3.033000	2.630180
3.034000	2.630180
3.035000	2.720450
3.036000	2.630180
3.037000	2.630180
3.038000	2.450010
3.039000	2.630180
3.040000	3.441500
3.041000	4.162550
3.042000	4.162550
3.043000	3.621850
3.044000	2.990890
3.045000	2.810540
3.046000	3.171060
3.047000	2.900620
3.048000	2.540100
3.049000	2.540100
3.050000	2.540100
3.051000	3.171060
3.052000	3.351410
3.053000	3.441500
3.054000	3.351410
3.055000	3.080970
3.056000	2.089490
3.057000	1.548610
3.058000	1.548610
3.059000	1.819050
3.060000	2.269660
3.061000	2.359930
3.062000	2.900620
3.063000	2.540100
3.064000	2.269660
3.065000	1.909130
3.066000	1.548610
3.067000	1.728960
3.068000	1.548610
3.069000	1.819050
3.070000	1.909130
3.071000	2.269660
3.072000	2.359930
3.073000	2.630180
3.074000	2.630180
3.075000	2.179570
3.076000	1.548610
3.077000	0.737477
3.078000	0.286684
3.079000	0.467038
3.080000	0.737477
3.081000	0.737477
3.082000	0.917647
3.083000	1.188090
3.084000	1.638690
3.085000	2.179570
3.086000	2.359930
3.087000	2.450010
3.088000	1.909130
3.089000	1.188090
3.090000	0.917647
3.091000	1.188090
3.092000	1.548610
3.093000	1.458520
3.094000	1.278170
3.095000	1.007730
3.096000	1.098000
3.097000	1.548610
3.098000	1.368440
3.099000	1.458520
3.100000	1.728960
3.101000	1.819050
3.102000	1.728960
3.103000	1.999220
3.104000	1.909130
3.105000	1.819050
3.106000	1.548610
3.107000	1.368440
3.108000	1.278170
3.109000	1.458520
3.110000	1.458520
3.111000	1.819050
3.112000	1.638690
3.113000	1.909130
3.114000	1.909130
3.115000	1.999220
3.116000	1.909130
3.117000	2.089490
3.118000	2.269660
3.119000	2.450010
3.120000	2.540100
3.121000	2.450010
3.122000	2.359930
3.123000	2.540100
3.124000	2.630180
3.125000	2.450010
3.126000	2.900620
3.127000	2.720450
3.128000	2.630180
3.129000	2.450010
3.130000	2.450010
3.131000	2.540100
3.132000	2.089490
3.133000	2.179570
3.134000	2.269660
3.135000	2.179570
3.136000	2.179570
3.137000	2.269660
3.138000	1.999220
3.139000	1.458520
3.140000	1.458520
3.141000	1.098000
3.142000	0.376769
3.143000	0.467038
3.144000	0.647208
3.145000	0.917647
3.146000	1.098000
3.147000	1.548610
3.148000	1.909130
3.149000	2.089490
3.150000	1.999220
3.151000	1.638690
3.152000	1.548610
3.153000	1.188090
3.154000	1.368440
3.155000	1.368440
3.156000	1.548610
3.157000	2.269660
3.158000	2.450010
3.159000	2.810540
3.160000	2.359930
3.161000	2.089490
3.162000	1.999220
3.163000	1.999220
3.164000	2.359930
3.165000	3.171060
3.166000	2.359930
3.167000	2.630180
3.168000	3.802020
3.169000	3.711940
3.170000	2.269660
3.171000	0.286684
3.172000	1.188090
3.173000	2.359930
3.174000	1.909130
3.175000	2.269660
3.176000	1.728960
3.177000	2.540100
3.178000	2.810540
3.179000	1.999220
3.180000	1.909130
3.181000	1.909130
3.182000	1.548610
3.183000	1.458520
3.184000	1.278170
3.185000	1.728960
3.186000	1.909130
3.187000	2.089490
3.188000	1.278170
3.189000	1.638690
3.190000	2.720450
3.191000	2.900620
3.192000	3.171060
3.193000	2.900620
3.194000	2.450010
3.195000	1.728960
3.196000	1.007730
3.197000	0.286684
3.198000	0.557123
3.199000	0.467038
3.200000	0.467038
3.201000	0.467038
3.202000	1.098000
3.203000	1.548610
3.204000	1.638690
3.205000	1.819050
3.206000	1.638690
3.207000	1.007730
3.208000	0.647208
3.209000	-0.163925
3.210000	-0.794888
3.211000	-0.344279
3.212000	0.106514
3.213000	0.917647
3.214000	1.278170
3.215000	1.909130
3.216000	1.819050
3.217000	1.638690
3.218000	1.548610
3.219000	1.278170
3.220000	1.458520
3.221000	1.368440
3.222000	1.458520
3.223000	1.548610
3.224000	1.728960
3.225000	1.728960
3.226000	1.819050
3.227000	1.728960
3.228000	1.728960
3.229000	1.638690
3.230000	1.909130
3.231000	2.450010
3.232000	3.080970
3.233000	2.900620
3.234000	2.450010
3.235000	1.909130
3.236000	1.638690
3.237000	1.278170
3.238000	0.917647
3.239000	1.098000
3.240000	1.368440
3.241000	1.819050
3.242000	2.089490
3.243000	1.728960
3.244000	1.999220
3.245000	1.728960
3.246000	2.089490
3.247000	1.819050
3.248000	1.548610
3.249000	1.368440
3.250000	1.188090
3.251000	1.007730
3.252000	0.917647
3.253000	1.278170
3.254000	1.909130
3.255000	1.819050
3.256000	2.089490
3.257000	2.179570
3.258000	1.909130
3.259000	1.999220
3.260000	1.728960
3.261000	1.548610
3.262000	2.810540
3.263000	1.188090
3.264000	1.458520
3.265000	1.548610
3.266000	1.458520
3.267000	2.540100
3.268000	2.810540
3.269000	1.548610
3.270000	2.359930
3.271000	2.089490
3.272000	2.269660
3.273000	1.638690
3.274000	1.368440
3.275000	1.368440
3.276000	2.540100
3.277000	2.720450
3.278000	2.810540
3.279000	2.269660
3.280000	1.999220
3.281000	1.368440
3.282000	1.458520
3.283000	1.909130
3.284000	2.089490
3.285000	2.630180
3.286000	2.630180
3.287000	3.080970
3.288000	2.810540
3.289000	2.179570
3.290000	1.999220
3.291000	1.548610
3.292000	1.638690
3.293000	1.188090
3.294000	1.999220
3.295000	3.171060
3.296000	3.080970
3.297000	2.450010
3.298000	2.089490
3.299000	1.638690
3.300000	1.188090
3.301000	2.089490
3.302000	1.098000
3.303000	3.802020
3.304000	3.892110
3.305000	1.999220
3.306000	1.458520
3.307000	-4.220140
3.308000	-0.434364
3.309000	5.334390
3.310000	4.342900
3.311000	3.261140
3.312000	3.441500
3.313000	0.376769
3.314000	1.368440
3.315000	0.557123
3.316000	0.917647
3.317000	2.540100
3.318000	-6.563640
3.319000	-28.196501
3.320000	25.074200
3.321000	7.858240
3.322000	12.094600
3.323000	-0.614718
3.324000	-5.031270
3.325000	-7.284870
3.326000	-9.357930
3.327000	-17.380100
3.328000	14.618500
3.329000	-7.465040
3.330000	17.683001
3.331000	-29.188000
3.332000	30.031799
3.333000	-6.203110
3.334000	2.720450
3.335000	-2.777860
3.336000	-17.109699
3.337000	-7.645390
3.338000	-25.312201
3.339000	39.405998
3.340000	-1.155410
3.341000	15.790300
3.342000	0.016245
3.343000	-3.408820
3.344000	-2.868130
3.345000	-36.669300
3.346000	16.060600
3.347000	13.176200
3.348000	9.120160
3.349000	-15.216800
3.350000	-28.196501
3.351000	-12.152200
3.352000	18.313999
3.353000	28.409401
3.354000	9.390600
3.355000	0.827562
3.356000	-14.676100
3.357000	-14.676100
3.358000	-8.726960
3.359000	-9.898810
3.360000	3.621850
3.361000	-3.769530
3.362000	18.133801
3.363000	7.407440
3.364000	5.694910
3.365000	-4.310230
3.366000	-3.228650
3.367000	3.982380
3.368000	-0.163925
3.369000	3.531580
3.370000	5.604830
3.371000	5.694910
3.372000	1.638690
3.373000	-0.254194
3.374000	3.261140
3.375000	9.841210
3.376000	10.472200
3.377000	4.342900
3.378000	-0.704803
3.379000	-2.687780
3.380000	-3.228650
3.381000	-0.794888
3.382000	1.188090
3.383000	4.432980
3.384000	5.244300
3.385000	6.776480
3.386000	-7.374950
3.387000	-11.250800
3.388000	-7.735480
3.389000	27.057400
3.390000	7.767970
3.391000	5.694910
3.392000	-4.490580
3.393000	-9.357930
3.394000	-16.388599
3.395000	-2.777860
3.396000	9.210250
3.397000	10.021600
3.398000	9.931300
3.399000	-2.417340
3.400000	7.677880
3.401000	4.162550
3.402000	-0.163925
3.403000	-2.687780
3.404000	-6.022940
3.405000	4.072460
3.406000	5.514560
3.407000	9.841210
3.408000	6.415960
3.409000	3.982380
3.410000	-0.344279
3.411000	-2.237170
3.412000	-1.876640
3.413000	-2.597690
3.414000	3.080970
3.415000	1.909130
3.416000	5.514560
3.417000	1.999220
3.418000	3.171060
3.419000	0.827562
3.420000	1.007730
3.421000	-0.073840
3.422000	0.016245
3.423000	0.016245
3.424000	0.917647
3.425000	1.819050
3.426000	4.252810
3.427000	4.162550
3.428000	3.080970
3.429000	2.990890
3.430000	1.007730
3.431000	-0.524449
3.432000	0.376769
3.433000	-0.434364
3.434000	2.450010
3.435000	2.900620
3.436000	4.162550
3.437000	4.523070
3.438000	2.990890
3.439000	2.450010
3.440000	0.196599
3.441000	0.106514
3.442000	-1.245680
3.443000	-0.704803
3.444000	-0.254194
3.445000	0.557123
3.446000	1.728960
3.447000	1.999220
3.448000	2.720450
3.449000	2.179570
3.450000	2.450010
3.451000	1.819050
3.452000	1.458520
3.453000	1.909130
3.454000	1.819050
3.455000	2.900620
3.456000	2.450010
3.457000	2.720450
3.458000	1.548610
3.459000	1.728960
3.460000	0.827562
3.461000	1.728960
3.462000	1.909130
3.463000	3.261140
3.464000	3.621850
3.465000	3.892110
3.466000	3.621850
3.467000	2.810540
3.468000	2.359930
3.469000	1.458520
3.470000	0.647208
3.471000	0.647208
3.472000	0.467038
3.473000	0.917647
3.474000	1.458520
3.475000	1.819050
3.476000	1.999220
3.477000	2.179570
3.478000	2.269660
3.479000	3.351410
3.480000	3.711940
3.481000	4.342900
3.482000	4.703420
3.483000	4.523070
3.484000	3.892110
3.485000	2.720450
3.486000	1.909130
3.487000	1.188090
3.488000	1.368440
3.489000	1.458520
3.490000	2.540100
3.491000	3.261140
3.492000	3.982380
3.493000	3.982380
3.494000	3.531580
3.495000	2.990890
3.496000	2.269660
3.497000	1.999220
3.498000	1.728960
3.499000	2.089490
3.500000	1.999220
3.501000	1.909130
3.502000	1.548610
3.503000	0.737477
3.504000	0.467038
3.505000	0.647208
3.506000	0.917647
3.507000	2.179570
3.508000	3.621850
3.509000	4.342900
3.510000	5.154030
3.511000	4.162550
3.512000	3.982380
3.513000	1.999220
3.514000	1.909130
3.515000	1.098000
3.516000	1.007730
3.517000	1.909130
3.518000	1.368440
3.519000	2.720450
3.520000	0.647208
3.521000	0.467038
3.522000	-0.254194
3.523000	-0.524449
3.524000	1.278170
3.525000	1.909130
3.526000	3.441500
3.527000	4.432980
3.528000	3.892110
3.529000	2.450010
3.530000	0.827562
3.531000	-0.614718
3.532000	-0.975242
3.533000	-0.073840
3.534000	0.737477
3.535000	3.892110
3.536000	3.802020
3.537000	5.334390
3.538000	2.269660
3.539000	4.162550
3.540000	4.072460
3.541000	4.973860
3.542000	5.514560
3.543000	5.965350
3.544000	5.784990
3.545000	5.154030
3.546000	3.080970
3.547000	0.917647
3.548000	-1.786370
3.549000	-3.859620
3.550000	-4.490580
3.551000	-2.417340
3.552000	-1.065330
3.553000	1.909130
3.554000	3.171060
3.555000	3.351410
3.556000	3.261140
3.557000	1.638690
3.558000	1.999220
3.559000	1.909130
3.560000	0.827562
3.561000	0.827562
3.562000	-0.524449
3.563000	-1.786370
3.564000	-0.794888
3.565000	-1.155410
3.566000	1.548610
3.567000	4.252810
3.568000	6.506230
3.569000	8.759640
3.570000	9.210250
3.571000	6.866750
3.572000	6.776480
3.573000	4.883590
3.574000	4.703420
3.575000	4.703420
3.576000	4.342900
3.577000	3.531580
3.578000	1.548610
3.579000	-0.434364
3.580000	-1.876640
3.581000	-1.335770
3.582000	-0.344279
3.583000	1.548610
3.584000	3.531580
3.585000	4.252810
3.586000	3.621850
3.587000	0.647208
3.588000	-1.155410
3.589000	-2.868130
3.590000	-2.958220
3.591000	-2.237170
3.592000	-1.516120
3.593000	0.376769
3.594000	0.376769
3.595000	0.016245
3.596000	-0.073840
3.597000	-0.434364
3.598000	0.106514
3.599000	3.261140
3.600000	5.604830
3.601000	7.407440
3.602000	8.218760
3.603000	7.587800
3.604000	5.875260
3.605000	3.531580
3.606000	1.548610
3.607000	1.548610
3.608000	1.909130
3.609000	3.711940
3.610000	4.523070
3.611000	5.063950
3.612000	4.252810
3.613000	3.080970
3.614000	1.278170
3.615000	0.737477
3.616000	0.106514
3.617000	0.737477
3.618000	1.368440
3.619000	0.917647
3.620000	0.376769
3.621000	-1.335770
3.622000	-2.777860
3.623000	-3.859620
3.624000	-3.769530
3.625000	-2.417340
3.626000	-0.163925
3.627000	1.638690
3.628000	3.171060
3.629000	4.162550
3.630000	4.072460
3.631000	3.621850
3.632000	2.810540
3.633000	2.630180
3.634000	2.900620
3.635000	3.351410
3.636000	4.252810
3.637000	4.793510
3.638000	5.063950
3.639000	5.424470
3.640000	5.244300
3.641000	4.883590
3.642000	4.613340
3.643000	3.802020
3.644000	3.531580
3.645000	2.269660
3.646000	1.819050
3.647000	1.188090
3.648000	1.188090
3.649000	1.458520
3.650000	1.278170
3.651000	1.278170
3.652000	0.827562
3.653000	0.106514
3.654000	-0.704803
3.655000	-1.065330
3.656000	-1.335770
3.657000	-0.704803
3.658000	-0.163925
3.659000	0.196599
3.660000	0.827562
3.661000	0.827562
3.662000	1.007730
3.663000	1.638690
3.664000	2.269660
3.665000	3.080970
3.666000	3.982380
3.667000	4.703420
3.668000	5.154030
3.669000	5.063950
3.670000	4.793510
3.671000	4.432980
3.672000	4.072460
3.673000	4.523070
3.674000	4.793510
3.675000	5.424470
3.676000	5.694910
3.677000	5.784990
3.678000	5.424470
3.679000	4.432980
3.680000	3.351410
3.681000	2.450010
3.682000	1.819050
3.683000	1.278170
3.684000	0.827562
3.685000	0.196599
3.686000	0.016245
3.687000	-0.434364
3.688000	-0.885157
3.689000	-1.335770
3.690000	-1.606200
3.691000	-1.335770
3.692000	-1.065330
3.693000	-0.614718
3.694000	-0.163925
3.695000	0.467038
3.696000	0.917647
3.697000	1.188090
3.698000	1.548610
3.699000	1.278170
3.700000	1.548610
3.701000	1.909130
3.702000	2.540100
3.703000	3.982380
3.704000	4.703420
3.705000	5.514560
3.706000	5.244300
3.707000	5.334390
3.708000	4.432980
3.709000	4.072460
3.710000	3.351410
3.711000	3.171060
3.712000	2.990890
3.713000	3.261140
3.714000	3.531580
3.715000	2.810540
3.716000	2.269660
3.717000	1.188090
3.718000	0.737477
3.719000	0.376769
3.720000	0.106514
3.721000	0.196599
3.722000	0.467038
3.723000	0.286684
3.724000	0.016245
3.725000	-0.524449
3.726000	-1.065330
3.727000	-0.794888
3.728000	-0.434364
3.729000	0.376769
3.730000	1.638690
3.731000	2.359930
3.732000	3.531580
3.733000	3.441500
3.734000	3.080970
3.735000	2.990890
3.736000	2.359930
3.737000	2.810540
3.738000	3.080970
3.739000	3.711940
3.740000	4.613340
3.741000	5.154030
3.742000	5.514560
3.743000	5.424470
3.744000	5.244300
3.745000	4.883590
3.746000	4.432980
3.747000	4.252810
3.748000	3.621850
3.749000	2.900620
3.750000	2.179570
3.751000	1.278170
3.752000	0.376769
3.753000	-0.254194
3.754000	-0.614718
3.755000	-0.254194
3.756000	0.196599
3.757000	1.188090
3.758000	1.909130
3.759000	2.089490
3.760000	1.909130
3.761000	1.098000
3.762000	0.376769
3.763000	-0.344279
3.764000	-0.524449
3.765000	-0.344279
3.766000	0.286684
3.767000	1.278170
3.768000	2.179570
3.769000	3.080970
3.770000	3.982380
3.771000	4.523070
3.772000	4.883590
3.773000	4.793510
3.774000	5.063950
3.775000	4.883590
3.776000	4.523070
3.777000	4.162550
3.778000	3.621850
3.779000	2.810540
3.780000	2.089490
3.781000	1.728960
3.782000	1.548610
3.783000	1.638690
3.784000	1.909130
3.785000	2.359930
3.786000	2.630180
3.787000	2.630180
3.788000	2.450010
3.789000	1.909130
3.790000	1.278170
3.791000	0.196599
3.792000	-0.794888
3.793000	-1.516120
3.794000	-2.056810
3.795000	-1.876640
3.796000	-0.885157
3.797000	-0.163925
3.798000	0.917647
3.799000	1.548610
3.800000	2.269660
3.801000	2.359930
3.802000	2.359930
3.803000	2.269660
3.804000	1.999220
3.805000	2.179570
3.806000	1.999220
3.807000	2.540100
3.808000	2.089490
3.809000	2.810540
3.810000	2.269660
3.811000	2.900620
3.812000	2.630180
3.813000	2.810540
3.814000	3.621850
3.815000	3.531580
3.816000	3.351410
3.817000	3.080970
3.818000	2.630180
3.819000	1.458520
3.820000	1.098000
3.821000	0.376769
3.822000	0.376769
3.823000	0.016245
3.824000	0.016245
3.825000	0.286684
3.826000	0.106514
3.827000	0.196599
3.828000	0.647208
3.829000	0.827562
3.830000	1.728960
3.831000	2.179570
3.832000	3.261140
3.833000	3.261140
3.834000	3.261140
3.835000	2.269660
3.836000	2.720450
3.837000	2.630180
3.838000	2.810540
3.839000	2.540100
3.840000	3.261140
3.841000	4.162550
3.842000	4.252810
3.843000	4.703420
3.844000	4.432980
3.845000	4.613340
3.846000	4.342900
3.847000	3.621850
3.848000	3.982380
3.849000	3.531580
3.850000	4.252810
3.851000	3.621850
3.852000	2.630180
3.853000	2.179570
3.854000	0.737477
3.855000	0.016245
3.856000	0.106514
3.857000	0.196599
3.858000	1.007730
3.859000	1.909130
3.860000	2.990890
3.861000	4.072460
3.862000	4.703420
3.863000	3.892110
3.864000	2.630180
3.865000	2.179570
3.866000	1.728960
3.867000	1.638690
3.868000	1.638690
3.869000	1.278170
3.870000	0.917647
3.871000	1.278170
3.872000	1.098000
3.873000	1.007730
3.874000	2.269660
3.875000	2.540100
3.876000	3.892110
3.877000	5.694910
3.878000	5.514560
3.879000	6.866750
3.880000	6.506230
3.881000	4.523070
3.882000	1.728960
3.883000	1.188090
3.884000	-1.065330
3.885000	-2.507610
3.886000	-1.786370
3.887000	-0.704803
3.888000	2.359930
3.889000	3.621850
3.890000	3.351410
3.891000	3.351410
3.892000	2.900620
3.893000	2.179570
3.894000	2.540100
3.895000	0.106514
3.896000	0.647208
3.897000	-0.434364
3.898000	-0.254194
3.899000	-0.434364
3.900000	-0.073840
3.901000	0.286684
3.902000	-0.434364
3.903000	-0.073840
3.904000	-0.254194
3.905000	0.917647
3.906000	2.450010
3.907000	4.613340
3.908000	5.424470
3.909000	6.055430
3.910000	5.244300
3.911000	4.703420
3.912000	3.982380
3.913000	1.638690
3.914000	1.548610
3.915000	1.188090
3.916000	0.467038
3.917000	0.016245
3.918000	0.376769
3.919000	0.376769
3.920000	1.548610
3.921000	2.450010
3.922000	2.900620
3.923000	3.621850
3.924000	3.351410
3.925000	2.990890
3.926000	2.450010
3.927000	1.458520
3.928000	1.007730
3.929000	0.827562
3.930000	0.376769
3.931000	-0.704803
3.932000	-1.245680
3.933000	-1.966730
3.934000	-2.146900
3.935000	-1.425850
3.936000	1.007730
3.937000	3.080970
3.938000	6.596310
3.939000	7.587800
3.940000	6.686400
3.941000	5.784990
3.942000	3.441500
3.943000	1.909130
3.944000	1.548610
3.945000	1.548610
3.946000	2.089490
3.947000	2.900620
3.948000	2.269660
3.949000	2.089490
3.950000	1.999220
3.951000	2.089490
3.952000	2.630180
3.953000	3.802020
3.954000	4.973860
3.955000	5.244300
3.956000	5.244300
3.957000	3.982380
3.958000	2.179570
3.959000	0.196599
3.960000	-0.885157
3.961000	-1.155410
3.962000	-0.434364
3.963000	0.557123
3.964000	1.098000
3.965000	1.368440
3.966000	1.098000
3.967000	1.188090
3.968000	1.728960
3.969000	2.540100
3.970000	3.621850
3.971000	4.072460
3.972000	4.703420
3.973000	3.982380
3.974000	2.450010
3.975000	1.007730
3.976000	0.196599
3.977000	0.106514
3.978000	0.737477
3.979000	1.909130
3.980000	3.531580
3.981000	4.613340
3.982000	5.154030
3.983000	4.793510
3.984000	3.892110
3.985000	2.720450
3.986000	2.089490
3.987000	2.089490
3.988000	1.819050
3.989000	1.728960
3.990000	1.458520
3.991000	1.368440
3.992000	1.188090
3.993000	1.278170
3.994000	1.368440
3.995000	-135.820007
3.996000	-22.608000
3.997000	16.962000
3.998000	-37.390400
3.999000	57.163101
4.000000	-60.285198
4.001000	16.601400
4.002000	-24.771299
4.003000	-22.337500
4.004000	18.133801
4.005000	-44.060501
4.006000	26.426399
4.007000	-15.036600
4.008000	18.674700
4.009000	-1.065330
4.010000	3.711940
4.011000	1.188090
4.012000	-6.743990
4.013000	4.342900
4.014000	-0.163925
4.015000	7.227270
4.016000	7.227270
4.017000	6.055430
4.018000	13.086100
4.019000	6.866750
4.020000	10.021600
4.021000	5.784990
4.022000	6.686400
4.023000	6.596310
4.024000	0.647208
4.025000	2.900620
4.026000	-2.056810
4.027000	5.784990
4.028000	-2.056810
4.029000	6.866750
4.030000	-2.237170
4.031000	1.638690
4.032000	-6.113030
4.033000	-3.318740
4.034000	-3.949700
4.035000	-2.507610
4.036000	-1.335770
4.037000	2.720450
4.038000	1.007730
4.039000	1.728960
4.040000	2.630180
4.041000	0.827562
4.042000	-2.417340
4.043000	-0.073840
4.044000	-5.572150
4.045000	-5.301710
4.046000	1.909130
4.047000	18.223900
4.048000	14.888900
4.049000	10.742600
4.050000	13.356500
4.051000	0.647208
4.052000	16.871901
4.053000	-1.606200
4.054000	4.432980
4.055000	-4.310230
4.056000	1.458520
4.057000	13.446600
4.058000	1.188090
4.059000	12.996000
4.060000	0.376769
4.061000	1.638690
4.062000	-15.036600
4.063000	-13.414100
4.064000	0.827562
4.065000	-3.318740
4.066000	-12.242300
4.067000	0.827562
4.068000	-10.349400
4.069000	5.244300
4.070000	-2.146900
4.071000	6.776480
4.072000	-12.602800
4.073000	-3.679260
4.074000	-11.070500
4.075000	-0.614718
4.076000	-0.975242
4.077000	5.514560
4.078000	8.579290
4.079000	11.373600
4.080000	2.720450
4.081000	8.218760
4.082000	-2.056810
4.083000	8.038410
4.084000	7.858240
4.085000	2.269660
4.086000	21.378700
4.087000	4.432980
4.088000	9.751130
4.089000	2.089490
4.090000	-1.696290
4.091000	2.269660
4.092000	-0.794888
4.093000	3.802020
4.094000	3.531580
4.095000	-19.993999
4.096000	-4.220140
4.097000	4.072460
4.098000	7.046920
4.099000	-2.237170
4.100000	0.196599
4.101000	-9.087490
4.102000	-6.473550
4.103000	1.007730
4.104000	-7.284870
4.105000	-2.507610
4.106000	5.063950
4.107000	5.784990
4.108000	9.570770
4.109000	6.325870
4.110000	4.072460
4.111000	2.450010
4.112000	2.450010
4.113000	5.514560
4.114000	9.660860
4.115000	15.429600
4.116000	6.055430
4.117000	13.266500
4.118000	1.638690
4.119000	-0.524449
4.120000	-5.301710
4.121000	-4.941190
4.122000	-2.868130
4.123000	0.557123
4.124000	0.106514
4.125000	3.982380
4.126000	-2.777860
4.127000	-1.966730
4.128000	-8.366440
4.129000	-2.777860
4.130000	-3.499090
4.131000	1.638690
4.132000	2.720450
4.133000	5.694910
4.134000	-8.907320
4.135000	11.283300
4.136000	13.807200
4.137000	-13.684400
4.138000	-3.859620
4.139000	9.931300
4.140000	22.009701
4.141000	16.150801
4.142000	16.060600
4.143000	3.080970
4.144000	-10.890300
4.145000	2.359930
4.146000	-5.752510
4.147000	1.819050
4.148000	5.514560
4.149000	0.647208
4.150000	11.193200
4.151000	11.013100
4.152000	7.587800
4.153000	8.489200
4.154000	9.120160
4.155000	0.467038
4.156000	3.351410
4.157000	-0.704803
4.158000	-1.786370
4.159000	1.098000
4.160000	-4.851100
4.161000	-2.777860
4.162000	-3.228650
4.163000	-5.932670
4.164000	-4.580660
4.165000	-6.113030
4.166000	-2.958220
4.167000	-2.327250
4.168000	1.007730
4.169000	3.711940
4.170000	8.669370
4.171000	8.579290
4.172000	8.759640
4.173000	7.948320
4.174000	6.145520
4.175000	1.999220
4.176000	3.982380
4.177000	0.737477
4.178000	6.596310
4.179000	-4.220140
4.180000	21.198400
4.181000	-0.614718
4.182000	27.147499
4.183000	12.455100
4.184000	9.210250
4.185000	4.973860
4.186000	0.286684
4.187000	6.235790
4.188000	1.819050
4.189000	-5.932670
4.190000	1.368440
4.191000	-8.005920
4.192000	-7.555120
4.193000	-6.113030
4.194000	-0.704803
4.195000	-2.417340
4.196000	1.999220
4.197000	0.016245
4.198000	7.137190
4.199000	-11.971900
4.200000	-22.788300
4.201000	23.902599
4.202000	18.223900
4.203000	-8.186090
4.204000	26.967100
4.205000	-10.439500
4.206000	1.007730
4.207000	11.373600
4.208000	-13.414100
4.209000	-4.400490
4.210000	17.322500
4.211000	-8.907320
4.212000	14.708600
4.213000	13.446600
4.214000	-1.155410
4.215000	19.846300
4.216000	7.677880
4.217000	-2.777860
4.218000	13.987500
4.219000	-0.614718
4.220000	-0.073840
4.221000	12.455100
4.222000	-6.022940
4.223000	-1.245680
4.224000	-5.572150
4.225000	-11.971900
4.226000	4.973860
4.227000	3.621850
4.228000	1.098000
4.229000	10.562300
4.230000	5.424470
4.231000	-1.786370
4.232000	-0.344279
4.233000	-4.220140
4.234000	-9.538280
4.235000	0.827562
4.236000	-5.932670
4.237000	0.827562
4.238000	0.917647
4.239000	1.007730
4.240000	8.489200
4.241000	9.480690
4.242000	12.455100
4.243000	9.210250
4.244000	6.686400
4.245000	5.694910
4.246000	5.063950
4.247000	3.892110
4.248000	5.244300
4.249000	4.883590
4.250000	2.269660
4.251000	0.376769
4.252000	-9.718450
4.253000	-11.070500
4.254000	-4.851100
4.255000	1.999220
4.256000	7.948320
4.257000	16.691500
4.258000	-0.975242
4.259000	7.317360
4.260000	8.849720
4.261000	-10.169200
4.262000	10.922800
4.263000	-13.233800
4.264000	2.630180
4.265000	-11.881800
4.266000	2.269660
4.267000	25.975599
4.268000	10.652300
4.269000	-3.499090
4.270000	2.269660
4.271000	-13.864800
4.272000	-15.397100
4.273000	-17.290001
4.274000	-12.422700
4.275000	11.644000
4.276000	10.742600
4.277000	26.426399
4.278000	17.052099
4.279000	19.666201
4.280000	-1.155410
4.281000	-16.749100
4.282000	-12.512700
4.283000	-28.376699
4.284000	-15.126700
4.285000	-9.267840
4.286000	11.824200
4.287000	21.829300
4.288000	18.944901
4.289000	15.069100
4.290000	19.125299
4.291000	10.652300
4.292000	6.325870
4.293000	-1.335770
4.294000	3.261140
4.295000	-1.155410
4.296000	-26.574100
4.297000	-8.005920
4.298000	23.181499
4.299000	-29.999201
4.300000	-4.400490
4.301000	-13.774700
4.302000	4.703420
4.303000	-2.687780
4.304000	15.519900
4.305000	-10.619900
4.306000	2.540100
4.307000	-23.148800
4.308000	6.325870
4.309000	10.382100
4.310000	11.283300
4.311000	7.767970
4.312000	5.154030
4.313000	14.708600
4.314000	-0.434364
4.315000	-9.988890
4.316000	-11.070500
4.317000	-12.602800
4.318000	-6.113030
4.319000	2.269660
4.320000	7.317360
4.321000	21.829300
4.322000	14.438100
4.323000	13.897400
4.324000	7.858240
4.325000	-0.614718
4.326000	-3.769530
4.327000	-7.735480
4.328000	-5.662240
4.329000	5.965350
4.330000	-6.203110
4.331000	5.784990
4.332000	-1.966730
4.333000	0.467038
4.334000	2.900620
4.335000	4.342900
4.336000	12.635500
4.337000	10.021600
4.338000	8.038410
4.339000	-2.417340
4.340000	-5.662240
4.341000	-14.585800
4.342000	-1.425850
4.343000	-3.408820
4.344000	4.252810
4.345000	10.562300
4.346000	9.570770
4.347000	9.029890
4.348000	7.227270
4.349000	0.467038
4.350000	2.540100
4.351000	-3.679260
4.352000	3.531580
4.353000	3.080970
4.354000	12.094600
4.355000	10.382100
4.356000	6.415960
4.357000	2.269660
4.358000	-2.146900
4.359000	-6.203110
4.360000	-2.056810
4.361000	-0.614718
4.362000	4.162550
4.363000	3.171060
4.364000	6.866750
4.365000	4.252810
4.366000	4.162550
4.367000	2.900620
4.368000	1.819050
4.369000	0.737477
4.370000	-3.408820
4.371000	-2.507610
4.372000	-7.555120
4.373000	-2.507610
4.374000	-2.237170
4.375000	1.909130
4.376000	6.145520
4.377000	7.137190
4.378000	11.193200
4.379000	7.317360
4.380000	6.325870
4.381000	3.892110
4.382000	1.458520
4.383000	0.917647
4.384000	-0.975242
4.385000	0.737477
4.386000	-0.704803
4.387000	0.827562
4.388000	-0.434364
4.389000	0.016245
4.390000	0.467038
4.391000	2.269660
4.392000	4.162550
4.393000	3.892110
4.394000	4.252810
4.395000	2.089490
4.396000	1.548610
4.397000	-0.885157
4.398000	-3.048300
4.399000	-4.761020
4.400000	-3.318740
4.401000	-3.318740
4.402000	0.286684
4.403000	1.909130
4.404000	3.892110
4.405000	3.351410
4.406000	3.351410
4.407000	2.269660
4.408000	3.802020
4.409000	5.424470
4.410000	7.767970
4.411000	8.669370
4.412000	6.776480
4.413000	4.072460
4.414000	0.557123
4.415000	-2.417340
4.416000	-2.146900
4.417000	-1.786370
4.418000	1.728960
4.419000	5.244300
4.420000	9.029890
4.421000	9.300330
4.422000	6.866750
4.423000	3.441500
4.424000	0.106514
4.425000	-0.073840
4.426000	0.286684
4.427000	1.278170
4.428000	3.802020
4.429000	2.990890
4.430000	2.089490
4.431000	-0.794888
4.432000	-2.507610
4.433000	-3.318740
4.434000	-1.696290
4.435000	1.278170
4.436000	3.261140
4.437000	5.694910
4.438000	5.694910
4.439000	6.235790
4.440000	6.325870
4.441000	1.098000
4.442000	0.196599
4.443000	-1.335770
4.444000	-1.966730
4.445000	-2.146900
4.446000	-0.614718
4.447000	0.467038
4.448000	2.269660
4.449000	6.415960
4.450000	7.858240
4.451000	6.686400
4.452000	7.407440
4.453000	5.694910
4.454000	1.278170
4.455000	-1.335770
4.456000	-2.687780
4.457000	-2.687780
4.458000	-1.335770
4.459000	-0.794888
4.460000	3.261140
4.461000	2.540100
4.462000	1.728960
4.463000	0.106514
4.464000	0.286684
4.465000	-3.408820
4.466000	0.827562
4.467000	-0.073840
4.468000	4.973860
4.469000	2.269660
4.470000	1.999220
4.471000	1.188090
4.472000	-0.885157
4.473000	0.106514
4.474000	0.827562
4.475000	4.252810
4.476000	6.055430
4.477000	-16.478701
4.478000	3.261140
4.479000	-10.619900
4.480000	5.244300
4.481000	36.341499
4.482000	10.021600
4.483000	5.604830
4.484000	24.804001
4.485000	-46.764702
4.486000	34.178101
4.487000	-29.909100
4.488000	12.905900
4.489000	-7.915650
4.490000	-2.958220
4.491000	41.749699
4.492000	0.647208
4.493000	7.407440
4.494000	-7.645390
4.495000	-11.070500
4.496000	-18.281500
4.497000	-31.441401
4.498000	-36.038399
4.499000	5.965350
4.500000	-9.087490
4.501000	35.620201
4.502000	5.694910
4.503000	19.846300
4.504000	1.909130
4.505000	-24.861401
4.506000	-16.929501
4.507000	-18.551901
4.508000	-26.393700
4.509000	-5.662240
4.510000	10.201700
4.511000	32.735901
4.512000	30.843000
4.513000	6.596310
4.514000	37.333000
4.515000	5.965350
4.516000	6.325870
4.517000	0.016245
4.518000	-3.138570
4.519000	-2.146900
4.520000	-1.065330
4.521000	-0.254194
4.522000	8.398930
4.523000	10.382100
4.524000	2.450010
4.525000	8.759640
4.526000	3.441500
4.527000	0.737477
4.528000	5.244300
4.529000	-12.783200
4.530000	-4.310230
4.531000	-16.749100
4.532000	-5.662240
4.533000	2.359930
4.534000	-2.958220
4.535000	2.720450
4.536000	8.759640
4.537000	1.098000
4.538000	8.489200
4.539000	-4.310230
4.540000	6.506230
4.541000	-3.589180
4.542000	2.450010
4.543000	-1.786370
4.544000	4.072460
4.545000	1.458520
4.546000	12.905900
4.547000	11.013100
4.548000	15.700000
4.549000	10.922800
4.550000	12.455100
4.551000	4.703420
4.552000	0.467038
4.553000	-4.761020
4.554000	-7.284870
4.555000	-8.096000
4.556000	-3.499090
4.557000	-1.516120
4.558000	5.604830
4.559000	6.686400
4.560000	10.472200
4.561000	7.407440
4.562000	3.621850
4.563000	-5.391980
4.564000	-12.422700
4.565000	-17.740601
4.566000	-8.096000
4.567000	-7.465040
4.568000	-3.318740
4.569000	6.415960
4.570000	9.841210
4.571000	11.644000
4.572000	5.965350
4.573000	0.286684
4.574000	-0.614718
4.575000	-2.597690
4.576000	2.900620
4.577000	7.317360
4.578000	7.497710
4.579000	10.382100
4.580000	6.235790
4.581000	14.888900
4.582000	10.652300
4.583000	10.922800
4.584000	7.767970
4.585000	1.548610
4.586000	-2.777860
4.587000	-7.825560
4.588000	-8.366440
4.589000	-0.704803
4.590000	3.261140
4.591000	5.604830
4.592000	11.914300
4.593000	5.244300
4.594000	5.244300
4.595000	-7.284870
4.596000	-9.538280
4.597000	-17.199699
4.598000	-8.546610
4.599000	-8.366440
4.600000	1.819050
4.601000	0.737477
4.602000	10.111600
4.603000	6.776480
4.604000	12.545200
4.605000	9.480690
4.606000	9.931300
4.607000	6.055430
4.608000	4.432980
4.609000	-0.254194
4.610000	1.728960
4.611000	0.917647
4.612000	5.514560
4.613000	5.063950
4.614000	8.669370
4.615000	9.120160
4.616000	9.210250
4.617000	5.965350
4.618000	2.900620
4.619000	-2.777860
4.620000	-6.563640
4.621000	-8.636880
4.622000	-6.563640
4.623000	-0.254194
4.624000	0.827562
4.625000	2.450010
4.626000	0.917647
4.627000	-1.516120
4.628000	-5.572150
4.629000	-7.465040
4.630000	-8.726960
4.631000	-3.318740
4.632000	1.368440
4.633000	8.939810
4.634000	11.103100
4.635000	13.176200
4.636000	8.579290
4.637000	4.883590
4.638000	-0.614718
4.639000	-1.876640
4.640000	-0.163925
4.641000	2.990890
4.642000	8.669370
4.643000	10.832700
4.644000	12.365100
4.645000	7.587800
4.646000	4.252810
4.647000	-1.335770
4.648000	-3.138570
4.649000	-2.237170
4.650000	1.098000
4.651000	5.334390
4.652000	8.218760
4.653000	6.145520
4.654000	2.359930
4.655000	-3.048300
4.656000	-6.473550
4.657000	-6.473550
4.658000	-3.949700
4.659000	-0.434364
4.660000	3.621850
4.661000	4.973860
4.662000	6.055430
4.663000	3.441500
4.664000	1.188090
4.665000	-0.524449
4.666000	-0.163925
4.667000	2.269660
4.668000	3.711940
4.669000	5.784990
4.670000	5.784990
4.671000	5.334390
4.672000	3.711940
4.673000	3.621850
4.674000	3.621850
4.675000	6.325870
4.676000	6.596310
4.677000	7.137190
4.678000	6.325870
4.679000	3.261140
4.680000	1.188090
4.681000	-0.794888
4.682000	-2.868130
4.683000	-1.786370
4.684000	-2.056810
4.685000	-0.073840
4.686000	1.368440
4.687000	1.548610
4.688000	0.737477
4.689000	1.909130
4.690000	-1.155410
4.691000	-1.516120
4.692000	-0.975242
4.693000	-2.056810
4.694000	-3.318740
4.695000	-0.614718
4.696000	1.548610
4.697000	4.703420
4.698000	8.849720
4.699000	9.931300
4.700000	7.497710
4.701000	4.883590
4.702000	2.720450
4.703000	0.286684
4.704000	-1.606200
4.705000	0.376769
4.706000	2.720450
4.707000	7.858240
4.708000	9.931300
4.709000	10.922800
4.710000	8.308850
4.711000	3.261140
4.712000	-2.507610
4.713000	-6.563640
4.714000	-6.473550
4.715000	-5.842590
4.716000	-1.516120
4.717000	3.261140
4.718000	7.948320
4.719000	7.767970
4.720000	6.776480
4.721000	1.368440
4.722000	-2.958220
4.723000	-6.924160
4.724000	-6.203110
4.725000	-5.121540
4.726000	-0.975242
4.727000	2.540100
4.728000	5.424470
4.729000	6.325870
4.730000	7.046920
4.731000	4.973860
4.732000	3.351410
4.733000	1.007730
4.734000	-0.434364
4.735000	0.467038
4.736000	1.098000
4.737000	2.810540
4.738000	3.711940
4.739000	4.793510
4.740000	5.784990
4.741000	4.703420
4.742000	3.802020
4.743000	1.458520
4.744000	-0.344279
4.745000	-1.606200
4.746000	-1.966730
4.747000	-1.425850
4.748000	0.286684
4.749000	3.351410
4.750000	5.244300
4.751000	6.145520
4.752000	4.523070
4.753000	2.179570
4.754000	-0.524449
4.755000	-3.949700
4.756000	-4.670750
4.757000	-4.400490
4.758000	-1.786370
4.759000	1.638690
4.760000	4.072460
4.761000	6.866750
4.762000	7.046920
4.763000	5.514560
4.764000	3.351410
4.765000	1.007730
4.766000	-0.434364
4.767000	-0.254194
4.768000	0.286684
4.769000	2.269660
4.770000	4.252810
4.771000	4.973860
4.772000	6.415960
4.773000	5.965350
4.774000	5.514560
4.775000	3.711940
4.776000	2.269660
4.777000	0.737477
4.778000	0.647208
4.779000	0.196599
4.780000	2.089490
4.781000	3.171060
4.782000	4.523070
4.783000	4.523070
4.784000	3.261140
4.785000	1.728960
4.786000	-0.524449
4.787000	-1.696290
4.788000	-2.056810
4.789000	-1.065330
4.790000	0.827562
4.791000	2.990890
4.792000	5.063950
4.793000	5.784990
4.794000	5.514560
4.795000	4.162550
4.796000	2.810540
4.797000	1.548610
4.798000	1.188090
4.799000	1.188090
4.800000	1.909130
4.801000	2.810540
4.802000	3.802020
4.803000	4.613340
4.804000	5.514560
4.805000	5.604830
4.806000	5.063950
4.807000	3.802020
4.808000	2.269660
4.809000	1.458520
4.810000	0.557123
4.811000	0.647208
4.812000	1.007730
4.813000	1.909130
4.814000	2.810540
4.815000	3.351410
4.816000	3.080970
4.817000	2.540100
4.818000	1.007730
4.819000	0.016245
4.820000	-0.434364
4.821000	-0.434364
4.822000	0.016245
4.823000	1.188090
4.824000	1.999220
4.825000	2.810540
4.826000	2.810540
4.827000	2.810540
4.828000	2.269660
4.829000	1.458520
4.830000	0.737477
4.831000	0.106514
4.832000	0.376769
4.833000	0.827562
4.834000	1.999220
4.835000	3.351410
4.836000	4.613340
4.837000	4.883590
4.838000	4.703420
4.839000	3.711940
4.840000	2.990890
4.841000	1.909130
4.842000	0.917647
4.843000	0.376769
4.844000	0.467038
4.845000	1.278170
4.846000	2.720450
4.847000	4.432980
4.848000	4.973860
4.849000	4.523070
4.850000	2.630180
4.851000	0.557123
4.852000	-1.335770
4.853000	-2.777860
4.854000	-2.687780
4.855000	-1.155410
4.856000	1.638690
4.857000	3.892110
4.858000	5.604830
4.859000	4.793510
4.860000	2.720450
4.861000	-0.254194
4.862000	-2.327250
4.863000	-3.228650
4.864000	-1.966730
4.865000	0.827562
4.866000	3.711940
4.867000	6.776480
4.868000	6.956840
4.869000	5.784990
4.870000	3.080970
4.871000	0.376769
4.872000	-1.245680
4.873000	-1.516120
4.874000	-0.434364
4.875000	1.728960
4.876000	3.982380
4.877000	5.334390
4.878000	5.424470
4.879000	4.342900
4.880000	2.810540
4.881000	0.917647
4.882000	-0.073840
4.883000	-0.163925
4.884000	0.557123
4.885000	1.007730
4.886000	1.819050
4.887000	2.359930
4.888000	2.630180
4.889000	2.359930
4.890000	2.450010
4.891000	2.359930
4.892000	2.179570
4.893000	1.909130
4.894000	1.909130
4.895000	1.638690
4.896000	1.278170
4.897000	1.368440
4.898000	1.728960
4.899000	2.630180
4.900000	3.441500
4.901000	4.523070
4.902000	4.523070
4.903000	4.252810
4.904000	2.900620
4.905000	1.638690
4.906000	0.737477
4.907000	0.647208
4.908000	1.188090
4.909000	2.630180
4.910000	4.252810
4.911000	5.514560
4.912000	5.244300
4.913000	3.892110
4.914000	2.269660
4.915000	0.106514
4.916000	-0.975242
4.917000	-1.516120
4.918000	-0.614718
4.919000	0.917647
4.920000	2.900620
4.921000	4.342900
4.922000	4.613340
4.923000	3.621850
4.924000	2.179570
4.925000	0.376769
4.926000	-0.885157
4.927000	-1.335770
4.928000	-1.065330
4.929000	0.196599
4.930000	1.999220
4.931000	3.802020
4.932000	4.432980
4.933000	4.342900
4.934000	3.711940
4.935000	2.450010
4.936000	1.007730
4.937000	0.376769
4.938000	0.376769
4.939000	0.737477
4.940000	2.089490
4.941000	3.351410
4.942000	4.342900
4.943000	4.613340
4.944000	3.982380
4.945000	2.900620
4.946000	1.548610
4.947000	0.376769
4.948000	-0.073840
4.949000	0.286684
4.950000	0.917647
4.951000	2.089490
4.952000	2.900620
4.953000	3.621850
4.954000	3.621850
4.955000	2.900620
4.956000	1.819050
4.957000	1.007730
4.958000	0.106514
4.959000	-0.254194
4.960000	-0.073840
4.961000	0.917647
4.962000	2.089490
4.963000	3.351410
4.964000	4.252810
4.965000	4.252810
4.966000	3.441500
4.967000	2.450010
4.968000	1.368440
4.969000	0.647208
4.970000	0.647208
4.971000	1.007730
4.972000	1.999220
4.973000	3.171060
4.974000	4.072460
4.975000	4.342900
4.976000	3.892110
4.977000	3.351410
4.978000	2.269660
4.979000	1.548610
4.980000	1.007730
4.981000	1.007730
4.982000	1.278170
4.983000	2.179570
4.984000	3.080970
4.985000	3.531580
4.986000	3.621850
4.987000	3.171060
4.988000	2.359930
4.989000	1.638690
4.990000	0.827562
4.991000	0.467038
4.992000	0.467038
4.993000	1.007730
4.994000	1.819050
4.995000	2.810540
4.996000	3.531580
4.997000	3.531580
4.998000	3.261140
4.999000	2.630180
5.000000	1.819050
5.001000	1.007730
5.002000	0.557123
5.003000	0.557123
5.004000	1.278170
5.005000	2.540100
5.006000	3.621850
5.007000	4.432980
5.008000	4.613340
5.009000	4.162550
5.010000	3.080970
5.011000	1.999220
5.012000	1.007730
5.013000	0.557123
5.014000	0.827562
5.015000	1.638690
5.016000	2.900620
5.017000	3.802020
5.018000	4.523070
5.019000	4.252810
5.020000	3.171060
5.021000	1.548610
5.022000	0.286684
5.023000	-0.434364
5.024000	-0.344279
5.025000	0.376769
5.026000	1.909130
5.027000	3.261140
5.028000	4.072460
5.029000	3.892110
5.030000	2.990890
5.031000	1.548610
5.032000	0.286684
5.033000	-0.524449
5.034000	-0.614718
5.035000	0.376769
5.036000	1.728960
5.037000	3.261140
5.038000	3.982380
5.039000	4.072460
5.040000	3.171060
5.041000	2.179570
5.042000	1.007730
5.043000	0.467038
5.044000	0.467038
5.045000	0.827562
5.046000	1.728960
5.047000	2.810540
5.048000	3.171060
5.049000	3.171060
5.050000	2.900620
5.051000	2.269660
5.052000	1.819050
5.053000	1.278170
5.054000	1.278170
5.055000	1.098000
5.056000	1.278170
5.057000	1.548610
5.058000	1.909130
5.059000	2.179570
5.060000	2.359930
5.061000	2.450010
5.062000	2.540100
5.063000	2.450010
5.064000	2.089490
5.065000	1.638690
5.066000	1.098000
5.067000	0.827562
5.068000	0.827562
5.069000	1.728960
5.070000	2.540100
5.071000	3.441500
5.072000	3.892110
5.073000	3.802020
5.074000	2.990890
5.075000	1.999220
5.076000	0.917647
5.077000	0.376769
5.078000	0.557123
5.079000	1.368440
5.080000	2.540100
5.081000	3.892110
5.082000	4.432980
5.083000	4.252810
5.084000	3.261140
5.085000	1.728960
5.086000	0.106514
5.087000	-0.704803
5.088000	-0.794888
5.089000	0.106514
5.090000	1.458520
5.091000	3.171060
5.092000	3.892110
5.093000	3.802020
5.094000	2.720450
5.095000	1.368440
5.096000	-0.163925
5.097000	-0.614718
5.098000	-0.794888
5.099000	0.106514
5.100000	1.458520
5.101000	2.900620
5.102000	4.072460
5.103000	4.072460
5.104000	3.351410
5.105000	2.089490
5.106000	1.007730
5.107000	0.467038
5.108000	0.737477
5.109000	1.278170
5.110000	2.540100
5.111000	3.531580
5.112000	4.252810
5.113000	4.252810
5.114000	3.441500
5.115000	2.630180
5.116000	1.999220
5.117000	1.188090
5.118000	1.098000
5.119000	1.548610
5.120000	2.179570
5.121000	2.630180
5.122000	2.900620
5.123000	3.171060
5.124000	2.900620
5.125000	2.540100
5.126000	2.269660
5.127000	1.999220
5.128000	1.999220
5.129000	1.819050
5.130000	1.819050
5.131000	1.638690
5.132000	1.728960
5.133000	1.728960
5.134000	2.359930
5.135000	2.630180
5.136000	3.080970
5.137000	3.171060
5.138000	3.080970
5.139000	2.540100
5.140000	1.819050
5.141000	1.098000
5.142000	0.827562
5.143000	1.007730
5.144000	1.819050
5.145000	2.810540
5.146000	3.711940
5.147000	4.162550
5.148000	3.892110
5.149000	2.900620
5.150000	1.638690
5.151000	0.467038
5.152000	0.016245
5.153000	0.376769
5.154000	1.368440
5.155000	2.990890
5.156000	4.162550
5.157000	4.613340
5.158000	4.072460
5.159000	2.720450
5.160000	1.188090
5.161000	-0.073840
5.162000	-0.434364
5.163000	-0.073840
5.164000	1.458520
5.165000	3.171060
5.166000	4.613340
5.167000	4.973860
5.168000	4.432980
5.169000	3.080970
5.170000	1.548610
5.171000	0.737477
5.172000	0.286684
5.173000	0.917647
5.174000	2.089490
5.175000	3.711940
5.176000	4.523070
5.177000	4.703420
5.178000	4.162550
5.179000	2.990890
5.180000	1.728960
5.181000	0.827562
5.182000	0.647208
5.183000	1.007730
5.184000	1.638690
5.185000	2.540100
5.186000	3.171060
5.187000	2.990890
5.188000	2.359930
5.189000	1.458520
5.190000	1.098000
5.191000	0.737477
5.192000	1.007730
5.193000	1.098000
5.194000	1.548610
5.195000	1.728960
5.196000	1.728960
5.197000	1.548610
5.198000	1.278170
5.199000	1.188090
5.200000	1.458520
5.201000	1.909130
5.202000	1.999220
5.203000	2.089490
5.204000	1.728960
5.205000	1.278170
5.206000	0.827562
5.207000	0.557123
5.208000	0.827562
5.209000	1.638690
5.210000	2.540100
5.211000	3.261140
5.212000	3.351410
5.213000	2.990890
5.214000	1.819050
5.215000	0.647208
5.216000	-0.073840
5.217000	-0.254194
5.218000	0.557123
5.219000	1.548610
5.220000	2.990890
5.221000	3.982380
5.222000	3.982380
5.223000	3.351410
5.224000	1.819050
5.225000	0.467038
5.226000	-0.344279
5.227000	-0.344279
5.228000	0.467038
5.229000	2.089490
5.230000	3.621850
5.231000	4.703420
5.232000	4.613340
5.233000	3.892110
5.234000	1.999220
5.235000	0.557123
5.236000	0.016245
5.237000	0.196599
5.238000	1.188090
5.239000	2.900620
5.240000	4.613340
5.241000	5.244300
5.242000	5.154030
5.243000	3.621850
5.244000	2.179570
5.245000	0.827562
5.246000	0.196599
5.247000	0.557123
5.248000	1.638690
5.249000	2.990890
5.250000	4.162550
5.251000	4.252810
5.252000	3.802020
5.253000	2.540100
5.254000	1.278170
5.255000	0.647208
5.256000	0.286684
5.257000	0.827562
5.258000	1.728960
5.259000	2.540100
5.260000	2.990890
5.261000	3.171060
5.262000	2.359930
5.263000	1.728960
5.264000	1.278170
5.265000	1.188090
5.266000	1.548610
5.267000	2.089490
5.268000	2.720450
5.269000	2.810540
5.270000	2.630180
5.271000	2.089490
5.272000	1.638690
5.273000	1.458520
5.274000	1.819050
5.275000	2.450010
5.276000	3.171060
5.277000	3.080970
5.278000	2.990890
5.279000	2.359930
5.280000	1.548610
5.281000	0.917647
5.282000	0.647208
5.283000	1.188090
5.284000	2.179570
5.285000	3.261140
5.286000	3.892110
5.287000	3.982380
5.288000	3.171060
5.289000	1.728960
5.290000	0.647208
5.291000	0.106514
5.292000	0.286684
5.293000	1.368440
5.294000	3.080970
5.295000	4.252810
5.296000	5.063950
5.297000	4.523070
5.298000	3.171060
5.299000	1.278170
5.300000	0.016245
5.301000	-0.704803
5.302000	0.016245
5.303000	1.278170
5.304000	3.261140
5.305000	4.523070
5.306000	4.793510
5.307000	3.892110
5.308000	2.089490
5.309000	0.286684
5.310000	-0.794888
5.311000	-0.885157
5.312000	0.016245
5.313000	1.458520
5.314000	2.990890
5.315000	3.982380
5.316000	3.711940
5.317000	2.720450
5.318000	1.007730
5.319000	0.016245
5.320000	-0.614718
5.321000	-0.434364
5.322000	0.467038
5.323000	1.999220
5.324000	3.261140
5.325000	3.621850
5.326000	3.171060
5.327000	2.179570
5.328000	1.368440
5.329000	0.647208
5.330000	0.827562
5.331000	1.458520
5.332000	2.179570
5.333000	3.080970
5.334000	3.351410
5.335000	3.261140
5.336000	2.720450
5.337000	2.089490
5.338000	1.728960
5.339000	1.999220
5.340000	2.359930
5.341000	3.080970
5.342000	3.351410
5.343000	3.351410
5.344000	2.990890
5.345000	1.999220
5.346000	1.368440
5.347000	1.278170
5.348000	1.638690
5.349000	2.269660
5.350000	3.171060
5.351000	3.711940
5.352000	3.802020
5.353000	2.990890
5.354000	1.999220
5.355000	0.827562
5.356000	0.647208
5.357000	0.917647
5.358000	1.909130
5.359000	3.171060
5.360000	4.432980
5.361000	4.703420
5.362000	3.982380
5.363000	2.630180
5.364000	1.007730
5.365000	0.106514
5.366000	-0.163925
5.367000	0.827562
5.368000	2.269660
5.369000	3.802020
5.370000	4.793510
5.371000	4.342900
5.372000	3.171060
5.373000	1.548610
5.374000	0.016245
5.375000	-0.614718
5.376000	-0.163925
5.377000	0.827562
5.378000	2.359930
5.379000	3.802020
5.380000	4.523070
5.381000	3.892110
5.382000	2.630180
5.383000	1.098000
5.384000	0.016245
5.385000	-0.434364
5.386000	0.196599
5.387000	1.458520
5.388000	2.990890
5.389000	3.892110
5.390000	4.072460
5.391000	3.171060
5.392000	2.089490
5.393000	1.007730
5.394000	0.467038
5.395000	0.647208
5.396000	1.368440
5.397000	2.359930
5.398000	3.080970
5.399000	3.531580
5.400000	3.171060
5.401000	2.359930
5.402000	1.548610
5.403000	1.007730
5.404000	1.098000
5.405000	1.548610
5.406000	2.269660
5.407000	2.900620
5.408000	2.990890
5.409000	2.540100
5.410000	1.819050
5.411000	1.188090
5.412000	0.917647
5.413000	1.098000
5.414000	1.819050
5.415000	2.630180
5.416000	2.990890
5.417000	2.810540
5.418000	2.269660
5.419000	1.368440
5.420000	0.557123
5.421000	0.286684
5.422000	0.737477
5.423000	1.728960
5.424000	3.080970
5.425000	3.711940
5.426000	3.711940
5.427000	2.990890
5.428000	1.728960
5.429000	0.737477
5.430000	0.106514
5.431000	0.376769
5.432000	1.368440
5.433000	2.630180
5.434000	3.892110
5.435000	4.432980
5.436000	3.982380
5.437000	2.630180
5.438000	1.007730
5.439000	-0.073840
5.440000	-0.254194
5.441000	0.467038
5.442000	1.638690
5.443000	3.261140
5.444000	4.162550
5.445000	4.162550
5.446000	3.441500
5.447000	1.909130
5.448000	0.557123
5.449000	-0.254194
5.450000	-0.163925
5.451000	0.917647
5.452000	2.089490
5.453000	3.531580
5.454000	4.252810
5.455000	3.982380
5.456000	3.080970
5.457000	1.819050
5.458000	0.827562
5.459000	0.376769
5.460000	0.737477
5.461000	1.728960
5.462000	3.080970
5.463000	3.982380
5.464000	4.072460
5.465000	3.441500
5.466000	2.450010
5.467000	1.458520
5.468000	0.827562
5.469000	1.007730
5.470000	1.728960
5.471000	2.630180
5.472000	3.351410
5.473000	3.621850
5.474000	3.171060
5.475000	2.359930
5.476000	1.638690
5.477000	1.098000
5.478000	1.188090
5.479000	1.638690
5.480000	2.450010
5.481000	3.080970
5.482000	2.990890
5.483000	2.630180
5.484000	1.909130
5.485000	1.278170
5.486000	0.917647
5.487000	1.098000
5.488000	1.909130
5.489000	2.630180
5.490000	3.351410
5.491000	3.351410
5.492000	2.990890
5.493000	1.999220
5.494000	1.098000
5.495000	0.647208
5.496000	1.007730
5.497000	1.909130
5.498000	2.810540
5.499000	3.531580
