-0.500000	1.079540
-0.499000	0.989271
-0.498000	1.079540
-0.497000	1.079540
-0.496000	1.079540
-0.495000	1.079540
-0.494000	1.169630
-0.493000	1.079540
-0.492000	1.079540
-0.491000	1.169630
-0.490000	1.079540
-0.489000	1.079540
-0.488000	0.989271
-0.487000	1.079540
-0.486000	1.079540
-0.485000	0.989271
-0.484000	1.079540
-0.483000	1.079540
-0.482000	1.259710
-0.481000	1.169630
-0.480000	1.169630
-0.479000	0.989271
-0.478000	1.079540
-0.477000	1.079540
-0.476000	0.989271
-0.475000	1.079540
-0.474000	1.079540
-0.473000	1.079540
-0.472000	1.079540
-0.471000	1.079540
-0.470000	1.079540
-0.469000	1.079540
-0.468000	1.079540
-0.467000	1.169630
-0.466000	1.169630
-0.465000	1.169630
-0.464000	1.169630
-0.463000	1.079540
-0.462000	1.079540
-0.461000	1.169630
-0.460000	1.079540
-0.459000	1.169630
-0.458000	1.169630
-0.457000	1.079540
-0.456000	1.079540
-0.455000	1.169630
-0.454000	1.079540
-0.453000	0.989271
-0.452000	1.079540
-0.451000	1.169630
-0.450000	1.079540
-0.449000	1.169630
-0.448000	1.079540
-0.447000	1.259710
-0.446000	1.079540
-0.445000	1.169630
-0.444000	1.169630
-0.443000	1.169630
-0.442000	1.169630
-0.441000	1.169630
-0.440000	1.079540
-0.439000	1.079540
-0.438000	0.989271
-0.437000	1.079540
-0.436000	1.169630
-0.435000	1.079540
-0.434000	1.169630
-0.433000	1.169630
-0.432000	1.169630
-0.431000	1.169630
-0.430000	1.079540
-0.429000	1.079540
-0.428000	1.079540
-0.427000	1.079540
-0.426000	1.169630
-0.425000	1.169630
-0.424000	1.079540
-0.423000	0.989271
-0.422000	0.899187
-0.421000	1.079540
-0.420000	1.079540
-0.419000	1.079540
-0.418000	1.079540
-0.417000	1.259710
-0.416000	1.169630
-0.415000	1.079540
-0.414000	1.169630
-0.413000	1.169630
-0.412000	1.079540
-0.411000	1.079540
-0.410000	1.169630
-0.409000	1.079540
-0.408000	1.169630
-0.407000	1.259710
-0.406000	1.169630
-0.405000	1.169630
-0.404000	1.079540
-0.403000	1.079540
-0.402000	1.169630
-0.401000	1.169630
-0.400000	1.079540
-0.399000	1.079540
-0.398000	1.169630
-0.397000	1.079540
-0.396000	1.169630
-0.395000	1.079540
-0.394000	1.079540
-0.393000	1.079540
-0.392000	1.169630
-0.391000	1.169630
-0.390000	1.079540
-0.389000	0.989271
-0.388000	0.989271
-0.387000	0.989271
-0.386000	1.079540
-0.385000	1.079540
-0.384000	1.079540
-0.383000	0.989271
-0.382000	1.079540
-0.381000	1.169630
-0.380000	1.079540
-0.379000	1.079540
-0.378000	0.989271
-0.377000	1.079540
-0.376000	1.079540
-0.375000	1.079540
-0.374000	1.079540
-0.373000	0.899187
-0.372000	0.989271
-0.371000	1.169630
-0.370000	0.989271
-0.369000	1.079540
-0.368000	0.989271
-0.367000	0.989271
-0.366000	0.989271
-0.365000	1.079540
-0.364000	1.079540
-0.363000	1.079540
-0.362000	0.989271
-0.361000	1.079540
-0.360000	1.079540
-0.359000	1.079540
-0.358000	0.899187
-0.357000	0.989271
-0.356000	0.989271
-0.355000	1.079540
-0.354000	0.989271
-0.353000	0.989271
-0.352000	0.989271
-0.351000	0.989271
-0.350000	0.989271
-0.349000	0.899187
-0.348000	0.989271
-0.347000	0.989271
-0.346000	0.989271
-0.345000	0.989271
-0.344000	0.989271
-0.343000	0.899187
-0.342000	1.079540
-0.341000	0.989271
-0.340000	0.989271
-0.339000	0.989271
-0.338000	0.989271
-0.337000	0.989271
-0.336000	0.899187
-0.335000	0.989271
-0.334000	1.079540
-0.333000	0.899187
-0.332000	1.079540
-0.331000	1.079540
-0.330000	1.079540
-0.329000	1.079540
-0.328000	1.169630
-0.327000	1.079540
-0.326000	1.079540
-0.325000	0.989271
-0.324000	1.079540
-0.323000	1.169630
-0.322000	1.079540
-0.321000	0.989271
-0.320000	0.989271
-0.319000	1.079540
-0.318000	1.079540
-0.317000	1.079540
-0.316000	0.989271
-0.315000	1.079540
-0.314000	0.989271
-0.313000	1.079540
-0.312000	1.079540
-0.311000	1.169630
-0.310000	1.169630
-0.309000	1.079540
-0.308000	1.259710
-0.307000	1.079540
-0.306000	1.079540
-0.305000	0.989271
-0.304000	1.169630
-0.303000	0.989271
-0.302000	1.079540
-0.301000	1.079540
-0.300000	1.169630
-0.299000	1.169630
-0.298000	1.079540
-0.297000	1.079540
-0.296000	1.169630
-0.295000	1.169630
-0.294000	1.079540
-0.293000	1.079540
-0.292000	1.169630
-0.291000	1.079540
-0.290000	1.079540
-0.289000	1.169630
-0.288000	1.079540
-0.287000	0.989271
-0.286000	1.079540
-0.285000	1.079540
-0.284000	1.169630
-0.283000	1.079540
-0.282000	0.989271
-0.281000	1.259710
-0.280000	1.079540
-0.279000	1.169630
-0.278000	1.169630
-0.277000	1.079540
-0.276000	1.079540
-0.275000	1.169630
-0.274000	1.259710
-0.273000	1.079540
-0.272000	0.989271
-0.271000	1.079540
-0.270000	1.169630
-0.269000	1.079540
-0.268000	1.169630
-0.267000	0.989271
-0.266000	1.169630
-0.265000	1.169630
-0.264000	1.169630
-0.263000	1.079540
-0.262000	1.169630
-0.261000	1.259710
-0.260000	1.169630
-0.259000	1.169630
-0.258000	1.259710
-0.257000	1.259710
-0.256000	1.169630
-0.255000	0.989271
-0.254000	1.169630
-0.253000	1.169630
-0.252000	1.079540
-0.251000	1.079540
-0.250000	1.079540
-0.249000	0.989271
-0.248000	1.169630
-0.247000	1.079540
-0.246000	1.079540
-0.245000	1.259710
-0.244000	1.169630
-0.243000	1.079540
-0.242000	1.169630
-0.241000	1.169630
-0.240000	1.079540
-0.239000	0.989271
-0.238000	1.079540
-0.237000	1.079540
-0.236000	1.169630
-0.235000	0.989271
-0.234000	1.079540
-0.233000	0.989271
-0.232000	1.259710
-0.231000	1.079540
-0.230000	1.169630
-0.229000	1.079540
-0.228000	1.169630
-0.227000	1.079540
-0.226000	1.079540
-0.225000	1.079540
-0.224000	1.169630
-0.223000	1.079540
-0.222000	1.079540
-0.221000	1.079540
-0.220000	1.169630
-0.219000	1.079540
-0.218000	1.169630
-0.217000	1.079540
-0.216000	1.169630
-0.215000	1.169630
-0.214000	0.989271
-0.213000	1.079540
-0.212000	1.169630
-0.211000	1.079540
-0.210000	1.079540
-0.209000	1.079540
-0.208000	1.169630
-0.207000	0.989271
-0.206000	0.989271
-0.205000	0.989271
-0.204000	1.079540
-0.203000	0.989271
-0.202000	0.989271
-0.201000	0.989271
-0.200000	0.989271
-0.199000	0.989271
-0.198000	0.989271
-0.197000	0.989271
-0.196000	0.989271
-0.195000	1.079540
-0.194000	1.169630
-0.193000	0.989271
-0.192000	1.169630
-0.191000	1.079540
-0.190000	1.169630
-0.189000	1.079540
-0.188000	1.169630
-0.187000	0.989271
-0.186000	1.079540
-0.185000	1.079540
-0.184000	1.079540
-0.183000	0.899187
-0.182000	0.989271
-0.181000	1.079540
-0.180000	0.989271
-0.179000	1.169630
-0.178000	0.989271
-0.177000	0.989271
-0.176000	1.169630
-0.175000	1.079540
-0.174000	0.989271
-0.173000	0.989271
-0.172000	1.079540
-0.171000	0.989271
-0.170000	0.989271
-0.169000	1.079540
-0.168000	0.989271
-0.167000	1.079540
-0.166000	1.079540
-0.165000	1.079540
-0.164000	1.079540
-0.163000	0.989271
-0.162000	1.079540
-0.161000	1.169630
-0.160000	1.079540
-0.159000	1.169630
-0.158000	0.989271
-0.157000	1.079540
-0.156000	1.079540
-0.155000	1.079540
-0.154000	1.079540
-0.153000	1.079540
-0.152000	0.899187
-0.151000	1.079540
-0.150000	0.989271
-0.149000	1.079540
-0.148000	0.989271
-0.147000	1.169630
-0.146000	1.079540
-0.145000	1.079540
-0.144000	1.169630
-0.143000	1.079540
-0.142000	1.079540
-0.141000	1.169630
-0.140000	1.169630
-0.139000	0.989271
-0.138000	1.079540
-0.137000	0.989271
-0.136000	0.989271
-0.135000	0.989271
-0.134000	0.989271
-0.133000	0.989271
-0.132000	1.079540
-0.131000	1.079540
-0.130000	0.989271
-0.129000	0.989271
-0.128000	1.079540
-0.127000	1.079540
-0.126000	1.079540
-0.125000	1.079540
-0.124000	1.079540
-0.123000	1.079540
-0.122000	1.079540
-0.121000	1.169630
-0.120000	1.169630
-0.119000	0.989271
-0.118000	1.079540
-0.117000	1.169630
-0.116000	1.169630
-0.115000	1.169630
-0.114000	1.169630
-0.113000	1.169630
-0.112000	1.169630
-0.111000	1.169630
-0.110000	1.169630
-0.109000	1.169630
-0.108000	1.169630
-0.107000	1.079540
-0.106000	1.079540
-0.105000	0.989271
-0.104000	1.259710
-0.103000	0.989271
-0.102000	0.989271
-0.101000	0.989271
-0.100000	1.079540
-0.099000	1.079540
-0.098000	1.169630
-0.097000	1.079540
-0.096000	1.169630
-0.095000	1.079540
-0.094000	1.079540
-0.093000	0.989271
-0.092000	1.079540
-0.091000	1.079540
-0.090000	1.169630
-0.089000	1.079540
-0.088000	1.079540
-0.087000	0.989271
-0.086000	1.079540
-0.085000	0.989271
-0.084000	1.169630
-0.083000	1.169630
-0.082000	1.079540
-0.081000	1.169630
-0.080000	1.079540
-0.079000	1.259710
-0.078000	1.079540
-0.077000	1.169630
-0.076000	1.169630
-0.075000	1.079540
-0.074000	1.169630
-0.073000	1.079540
-0.072000	1.169630
-0.071000	1.079540
-0.070000	1.169630
-0.069000	1.079540
-0.068000	1.169630
-0.067000	1.079540
-0.066000	1.169630
-0.065000	1.169630
-0.064000	1.169630
-0.063000	1.079540
-0.062000	1.259710
-0.061000	1.169630
-0.060000	1.079540
-0.059000	0.989271
-0.058000	1.169630
-0.057000	1.079540
-0.056000	0.989271
-0.055000	1.079540
-0.054000	0.989271
-0.053000	1.079540
-0.052000	0.899187
-0.051000	1.079540
-0.050000	0.989271
-0.049000	0.989271
-0.048000	1.079540
-0.047000	1.079540
-0.046000	0.989271
-0.045000	0.989271
-0.044000	1.079540
-0.043000	0.989271
-0.042000	1.079540
-0.041000	0.989271
-0.040000	0.989271
-0.039000	0.989271
-0.038000	1.079540
-0.037000	0.899187
-0.036000	0.989271
-0.035000	0.899187
-0.034000	0.899187
-0.033000	0.989271
-0.032000	0.899187
-0.031000	0.989271
-0.030000	0.358309
-0.029000	-0.633178
-0.028000	-1.895100
-0.027000	-3.607640
-0.026000	-4.599120
-0.025000	-5.049730
-0.024000	-5.320170
-0.023000	-5.410440
-0.022000	-5.680700
-0.021000	-6.221570
-0.020000	-6.672370
-0.019000	-6.582100
-0.018000	-6.672370
-0.017000	-6.762450
-0.016000	-7.573580
-0.015000	-8.565070
-0.014000	-9.736910
-0.013000	-10.367900
-0.012000	-10.908800
-0.011000	-10.728400
-0.010000	-10.818500
-0.009000	-10.728400
-0.008000	-10.728400
-0.007000	-11.088900
-0.006000	-11.539700
-0.005000	-11.449400
-0.004000	-11.179200
-0.003000	-10.818500
-0.002000	-10.458000
-0.001000	-9.646830
0.000000	-8.745430
0.001000	-8.024380
0.002000	-6.942620
0.003000	-5.680700
0.004000	-4.058250
0.005000	-2.526070
0.006000	-0.542909
0.007000	1.440060
0.008000	3.603390
0.009000	5.496100
0.010000	6.938380
0.011000	7.569340
0.012000	8.560820
0.013000	10.724200
0.014000	12.797200
0.015000	13.608500
0.016000	14.509900
0.017000	14.600000
0.018000	16.312500
0.019000	18.656200
0.020000	21.179899
0.021000	22.712299
0.022000	22.892599
0.023000	22.171400
0.024000	21.901100
0.025000	20.548901
0.026000	13.698600
0.027000	8.921350
0.028000	2.882160
0.029000	-5.861050
0.030000	-15.415600
0.031000	-20.102600
0.032000	-21.544901
0.033000	-15.595700
0.034000	-7.844020
0.035000	-0.272654
0.036000	3.242680
0.037000	4.955400
0.038000	8.380470
0.039000	8.921350
0.040000	9.732670
0.041000	7.118730
0.042000	-0.633178
0.043000	-10.187700
0.044000	-20.012501
0.045000	-27.854500
0.046000	-30.107901
0.047000	-26.592600
0.048000	-21.634899
0.049000	-15.776100
0.050000	-9.736910
0.051000	-2.886590
0.052000	4.054000
0.053000	12.076200
0.054000	18.385799
0.055000	19.016800
0.056000	12.887500
0.057000	0.088054
0.058000	-14.874700
0.059000	-26.051701
0.060000	-31.730301
0.061000	-26.863001
0.062000	-16.857700
0.063000	-5.500530
0.064000	4.234350
0.065000	10.093200
0.066000	10.093200
0.067000	6.577850
0.068000	2.792080
0.069000	-1.264140
0.070000	-2.435800
0.071000	-3.697720
0.072000	-3.427280
0.073000	-4.238600
0.074000	-4.509040
0.075000	-3.878080
0.076000	-0.633178
0.077000	2.792080
0.078000	6.938380
0.079000	9.191790
0.080000	8.470740
0.081000	5.586370
0.082000	1.349980
0.083000	-1.804830
0.084000	-4.689210
0.085000	-7.573580
0.086000	-8.384900
0.087000	-8.384900
0.088000	-7.483500
0.089000	-7.303330
0.090000	-6.942620
0.091000	-8.925780
0.092000	-10.367900
0.093000	-11.179200
0.094000	-11.088900
0.095000	-10.367900
0.096000	-10.728400
0.097000	-12.080400
0.098000	-14.604300
0.099000	-15.595700
0.100000	-14.784600
0.101000	-10.908800
0.102000	-7.032890
0.103000	-4.148520
0.104000	-3.968160
0.105000	-5.230090
0.106000	-7.483500
0.107000	-9.196030
0.108000	-8.925780
0.109000	-8.024380
0.110000	-5.861050
0.111000	-4.779480
0.112000	-3.968160
0.113000	-3.697720
0.114000	-4.058250
0.115000	-4.058250
0.116000	-4.148520
0.117000	-3.968160
0.118000	-4.058250
0.119000	-4.148520
0.120000	-6.131490
0.121000	-8.474990
0.122000	-10.548200
0.123000	-11.539700
0.124000	-10.818500
0.125000	-10.097400
0.126000	-8.655340
0.127000	-8.024380
0.128000	-7.844020
0.129000	-8.024380
0.130000	-8.745430
0.131000	-8.745430
0.132000	-9.105950
0.133000	-9.736910
0.134000	-10.818500
0.135000	-11.629800
0.136000	-12.621300
0.137000	-12.801600
0.138000	-10.998800
0.139000	-8.565070
0.140000	-5.770970
0.141000	-3.607640
0.142000	-2.796320
0.143000	-3.607640
0.144000	-4.869560
0.145000	-6.131490
0.146000	-6.852540
0.147000	-7.663850
0.148000	-8.925780
0.149000	-9.736910
0.150000	-10.908800
0.151000	-11.179200
0.152000	-10.908800
0.153000	-11.629800
0.154000	-11.088900
0.155000	-11.449400
0.156000	-10.458000
0.157000	-10.638300
0.158000	-11.449400
0.159000	-12.441100
0.160000	-14.333800
0.161000	-14.424100
0.162000	-14.153700
0.163000	-13.252200
0.164000	-11.900200
0.165000	-10.187700
0.166000	-9.015860
0.167000	-8.925780
0.168000	-8.474990
0.169000	-6.582100
0.170000	-7.753940
0.171000	-9.376390
0.172000	-8.655340
0.173000	-11.449400
0.174000	-7.303330
0.175000	-9.917270
0.176000	-0.903617
0.177000	-13.883200
0.178000	-12.531200
0.179000	-7.032890
0.180000	-26.592600
0.181000	-17.669001
0.182000	-39.662201
0.183000	-43.267799
0.184000	-32.631699
0.185000	-51.290001
0.186000	-44.078999
0.187000	-39.932701
0.188000	-28.936100
0.189000	-14.604300
0.190000	-11.990300
0.191000	-5.590610
0.192000	-7.393410
0.193000	-6.852540
0.194000	-17.939400
0.195000	-2.616150
0.196000	-21.454800
0.197000	-22.626400
0.198000	-27.674101
0.199000	-32.090900
0.200000	-17.759100
0.201000	-21.815300
0.202000	-13.342300
0.203000	-16.587200
0.204000	-14.424100
0.205000	-3.427280
0.206000	-3.697720
0.207000	0.989271
0.208000	-6.131490
0.209000	-16.226700
0.210000	-26.682600
0.211000	-29.747400
0.212000	-23.437700
0.213000	-40.563599
0.214000	34.069599
0.215000	-26.322100
0.216000	32.807701
0.217000	-27.403700
0.218000	-44.259300
0.219000	-43.357899
0.220000	-49.667599
0.221000	-15.415600
0.222000	-24.339100
0.223000	-18.480101
0.224000	-36.868099
0.225000	-29.116400
0.226000	-28.665600
0.227000	-2.165360
0.228000	-2.616150
0.229000	0.809102
0.230000	-5.140000
0.231000	-24.879801
0.232000	-24.068701
0.233000	-29.927500
0.234000	-21.634899
0.235000	-19.021000
0.236000	-16.497101
0.237000	-16.046499
0.238000	-18.930901
0.239000	-8.024380
0.240000	1.710500
0.241000	16.492901
0.242000	-0.993702
0.243000	-6.942620
0.244000	-25.691200
0.245000	-34.704800
0.246000	-27.133200
0.247000	-25.150299
0.248000	-12.981800
0.249000	-12.350800
0.250000	-19.561899
0.251000	-25.691200
0.252000	-31.369801
0.253000	-19.652000
0.254000	-17.759100
0.255000	-12.080400
0.256000	-16.226700
0.257000	-25.510799
0.258000	-32.541500
0.259000	-40.924198
0.260000	-36.958199
0.261000	-31.459900
0.262000	-15.866200
0.263000	-9.646830
0.264000	-7.844020
0.265000	-20.463301
0.266000	-22.085699
0.267000	-30.378300
0.268000	-27.854500
0.269000	-21.004000
0.270000	-21.815300
0.271000	-15.866200
0.272000	-25.420700
0.273000	-25.330601
0.274000	-24.429199
0.275000	-22.896900
0.276000	-13.793100
0.277000	-16.226700
0.278000	-13.702900
0.279000	-17.849199
0.280000	-20.282900
0.281000	-22.265900
0.282000	-21.995501
0.283000	-18.750601
0.284000	-19.922400
0.285000	-22.085699
0.286000	-26.863001
0.287000	-27.764200
0.288000	-27.854500
0.289000	-23.347700
0.290000	-21.184299
0.291000	-20.102600
0.292000	-20.463301
0.293000	-24.158800
0.294000	-24.068701
0.295000	-23.617901
0.296000	-23.888300
0.297000	-21.364500
0.298000	-24.248899
0.299000	-27.133200
0.300000	-28.215000
0.301000	-29.657101
0.302000	-29.476900
0.303000	-31.640100
0.304000	-28.665600
0.305000	-25.871300
0.306000	-22.896900
0.307000	-24.248899
0.308000	-26.051701
0.309000	-21.905399
0.310000	-21.815300
0.311000	-25.961599
0.312000	-28.936100
0.313000	-29.026100
0.314000	-23.077200
0.315000	-11.539700
0.316000	-3.157030
0.317000	-5.230090
0.318000	-14.784600
0.319000	-27.584000
0.320000	-34.614700
0.321000	-36.777901
0.322000	-35.065300
0.323000	-32.902000
0.324000	-32.090900
0.325000	-31.549999
0.326000	-30.558500
0.327000	-26.412201
0.328000	-24.970100
0.329000	-25.691200
0.330000	-29.476900
0.331000	-33.623199
0.332000	-39.932701
0.333000	-43.177601
0.334000	-47.053600
0.335000	-47.864700
0.336000	-43.808498
0.337000	-41.104500
0.338000	-36.147099
0.339000	-32.451401
0.340000	-29.837500
0.341000	-27.674101
0.342000	-28.936100
0.343000	-30.738899
0.344000	-33.983799
0.345000	-37.859600
0.346000	-37.408798
0.347000	-36.507599
0.348000	-35.425800
0.349000	-33.533001
0.350000	-34.344299
0.351000	-32.271000
0.352000	-28.755699
0.353000	-27.854500
0.354000	-21.815300
0.355000	-24.970100
0.356000	-25.871300
0.357000	-30.017599
0.358000	-36.056801
0.359000	-37.048302
0.360000	-40.563599
0.361000	-42.817001
0.362000	-38.580700
0.363000	-41.555099
0.364000	-36.507599
0.365000	-36.327202
0.366000	-36.507599
0.367000	-31.459900
0.368000	-36.056801
0.369000	-33.623199
0.370000	-35.786400
0.371000	-38.039799
0.372000	-36.958199
0.373000	-37.769501
0.374000	-58.140301
0.375000	-44.529800
0.376000	10.633900
0.377000	48.761700
0.378000	66.879303
0.379000	69.132698
0.380000	36.232700
0.381000	-12.080400
0.382000	-68.686302
0.383000	-104.290001
0.384000	-108.255997
0.385000	-89.507896
0.386000	-56.968498
0.387000	-23.077200
0.388000	2.341470
0.389000	22.081301
0.390000	27.038900
0.391000	22.261700
0.392000	9.912840
0.393000	-4.959650
0.394000	-26.502300
0.395000	-39.752499
0.396000	-52.101101
0.397000	-59.943100
0.398000	-61.926102
0.399000	-60.754299
0.400000	-55.346001
0.401000	-42.096001
0.402000	-27.944599
0.403000	-12.260800
0.404000	-5.140000
0.405000	-4.959650
0.406000	-8.565070
0.407000	-12.711400
0.408000	-8.565070
0.409000	-7.393410
0.410000	-4.779480
0.411000	-4.238600
0.412000	-15.595700
0.413000	-22.716700
0.414000	-30.558500
0.415000	-29.657101
0.416000	-19.652000
0.417000	-10.548200
0.418000	3.963920
0.419000	13.518300
0.420000	15.681600
0.421000	6.758020
0.422000	-6.942620
0.423000	-27.313601
0.424000	-39.842602
0.425000	-44.259300
0.426000	-36.237202
0.427000	-26.232000
0.428000	-19.111099
0.429000	-10.007400
0.430000	-17.849199
0.431000	-19.922400
0.432000	-28.034599
0.433000	-28.034599
0.434000	-21.184299
0.435000	-14.243700
0.436000	-3.968160
0.437000	-0.542909
0.438000	-2.165360
0.439000	-8.384900
0.440000	-10.908800
0.441000	-16.497101
0.442000	-13.342300
0.443000	-15.145100
0.444000	-5.590610
0.445000	-1.985190
0.446000	3.062510
0.447000	6.667940
0.448000	5.225840
0.449000	1.440060
0.450000	-1.173870
0.451000	-6.672370
0.452000	-4.599120
0.453000	-10.548200
0.454000	-10.728400
0.455000	-12.711400
0.456000	-14.243700
0.457000	-9.556740
0.458000	-10.097400
0.459000	-7.122980
0.460000	-9.827000
0.461000	-10.908800
0.462000	-12.801600
0.463000	-11.179200
0.464000	-12.350800
0.465000	-9.827000
0.466000	-7.303330
0.467000	-2.075270
0.468000	0.448578
0.469000	2.341470
0.470000	4.684960
0.471000	0.448578
0.472000	1.530150
0.473000	-0.092300
0.474000	0.088054
0.475000	2.161110
0.476000	1.079540
0.477000	5.135570
0.478000	6.307410
0.479000	4.504610
0.480000	4.234350
0.481000	0.178139
0.482000	0.719017
0.483000	1.169630
0.484000	3.062510
0.485000	4.504610
0.486000	3.152600
0.487000	2.701990
0.488000	2.251200
0.489000	0.178139
0.490000	-3.697720
0.491000	-5.140000
0.492000	-5.861050
0.493000	-3.066760
0.494000	-2.796320
0.495000	1.530150
0.496000	2.701990
0.497000	3.873650
0.498000	9.462230
0.499000	8.110220
0.500000	5.766530
0.501000	6.487770
0.502000	-0.452824
0.503000	3.332950
0.504000	-0.903617
0.505000	1.259710
0.506000	8.200300
0.507000	5.676450
0.508000	12.166200
0.509000	13.788700
0.510000	14.149200
0.511000	16.402599
0.512000	10.633900
0.513000	9.462230
0.514000	7.929860
0.515000	2.882160
0.516000	2.341470
0.517000	3.513120
0.518000	1.530150
0.519000	8.200300
0.520000	3.783560
0.521000	7.839780
0.522000	14.690100
0.523000	15.501400
0.524000	21.720800
0.525000	18.475901
0.526000	13.157700
0.527000	14.600000
0.528000	8.019950
0.529000	9.822750
0.530000	8.921350
0.531000	6.036970
0.532000	11.625600
0.533000	10.814200
0.534000	14.509900
0.535000	19.647699
0.536000	19.647699
0.537000	21.360300
0.538000	24.424999
0.539000	22.622200
0.540000	22.171400
0.541000	17.123899
0.542000	13.157700
0.543000	12.526800
0.544000	11.264800
0.545000	12.526800
0.546000	14.600000
0.547000	15.681600
0.548000	15.321100
0.549000	15.231000
0.550000	20.909599
0.551000	18.926500
0.552000	22.802299
0.553000	19.647699
0.554000	20.098301
0.555000	20.278700
0.556000	17.484400
0.557000	20.008200
0.558000	18.205400
0.559000	19.557400
0.560000	18.566000
0.561000	19.737801
0.562000	19.737801
0.563000	20.999701
0.564000	20.999701
0.565000	21.901100
0.566000	23.253099
0.567000	20.639200
0.568000	23.523600
0.569000	22.081301
0.570000	22.532101
0.571000	23.974199
0.572000	19.737801
0.573000	20.188400
0.574000	17.844900
0.575000	18.836399
0.576000	21.540600
0.577000	21.179899
0.578000	22.351700
0.579000	23.072800
0.580000	25.506599
0.581000	25.867100
0.582000	28.931801
0.583000	27.129000
0.584000	29.021900
0.585000	25.506599
0.586000	26.858601
0.587000	25.686701
0.588000	25.326200
0.589000	26.497999
0.590000	25.596600
0.591000	27.669901
0.592000	26.678400
0.593000	26.678400
0.594000	26.948601
0.595000	26.678400
0.596000	27.669901
0.597000	28.931801
0.598000	28.120501
0.599000	28.571100
0.600000	25.236099
0.601000	25.146000
0.602000	23.253099
0.603000	22.982700
0.604000	24.064301
0.605000	23.974199
0.606000	24.334700
0.607000	24.695200
0.608000	25.506599
0.609000	27.579599
0.610000	30.644300
0.611000	30.464001
0.612000	32.717400
0.613000	32.086399
0.614000	31.635799
0.615000	32.987801
0.616000	31.996300
0.617000	33.438599
0.618000	32.266800
0.619000	32.356899
0.620000	33.708900
0.621000	33.618801
0.622000	34.339802
0.623000	35.692001
0.624000	34.700600
0.625000	35.421600
0.626000	34.069599
0.627000	34.610298
0.628000	34.790600
0.629000	33.168201
0.630000	31.996300
0.631000	29.652901
0.632000	30.283800
0.633000	28.841499
0.634000	29.292299
0.635000	30.283800
0.636000	30.373899
0.637000	31.004900
0.638000	32.176701
0.639000	31.545700
0.640000	33.528702
0.641000	34.880699
0.642000	35.601799
0.643000	37.584900
0.644000	36.953999
0.645000	37.855202
0.646000	36.142601
0.647000	36.773602
0.648000	37.765099
0.649000	39.387501
0.650000	39.567902
0.651000	40.559399
0.652000	40.469299
0.653000	39.567902
0.654000	39.748100
0.655000	40.559399
0.656000	41.460800
0.657000	41.640999
0.658000	41.280399
0.659000	39.658001
0.660000	38.306000
0.661000	36.953999
0.662000	36.863701
0.663000	36.683498
0.664000	36.773602
0.665000	37.044102
0.666000	36.683498
0.667000	36.323002
0.668000	36.142601
0.669000	35.601799
0.670000	35.872200
0.671000	36.773602
0.672000	38.396099
0.673000	38.936901
0.674000	40.469299
0.675000	38.936901
0.676000	39.748100
0.677000	39.748100
0.678000	39.297501
0.679000	40.739601
0.680000	40.649502
0.681000	40.379002
0.682000	40.739601
0.683000	39.748100
0.684000	39.928398
0.685000	40.469299
0.686000	40.018501
0.687000	40.649502
0.688000	39.297501
0.689000	39.117100
0.690000	37.674999
0.691000	36.232700
0.692000	35.241199
0.693000	33.889198
0.694000	32.717400
0.695000	31.275299
0.696000	30.373899
0.697000	29.202101
0.698000	28.931801
0.699000	28.661400
0.700000	29.562799
0.701000	30.464001
0.702000	31.365400
0.703000	32.266800
0.704000	32.447102
0.705000	32.537201
0.706000	32.627300
0.707000	33.258301
0.708000	33.618801
0.709000	34.249802
0.710000	34.339802
0.711000	34.610298
0.712000	35.061100
0.713000	35.782101
0.714000	36.232700
0.715000	37.224201
0.716000	37.494701
0.717000	37.404598
0.718000	36.773602
0.719000	35.601799
0.720000	35.061100
0.721000	33.979301
0.722000	33.348400
0.723000	32.627300
0.724000	31.725901
0.725000	31.004900
0.726000	30.734400
0.727000	30.373899
0.728000	30.644300
0.729000	31.004900
0.730000	31.004900
0.731000	31.185200
0.732000	30.914801
0.733000	31.545700
0.734000	31.365400
0.735000	31.545700
0.736000	31.275299
0.737000	31.094900
0.738000	30.914801
0.739000	30.914801
0.740000	31.275299
0.741000	32.176701
0.742000	32.176701
0.743000	33.348400
0.744000	32.807701
0.745000	32.807701
0.746000	32.807701
0.747000	32.266800
0.748000	32.627300
0.749000	31.545700
0.750000	31.455500
0.751000	30.734400
0.752000	29.382401
0.753000	29.292299
0.754000	28.030399
0.755000	28.030399
0.756000	28.751499
0.757000	28.210600
0.758000	28.571100
0.759000	29.021900
0.760000	28.030399
0.761000	28.661400
0.762000	28.390900
0.763000	28.120501
0.764000	27.940100
0.765000	26.858601
0.766000	27.309401
0.767000	26.497999
0.768000	26.497999
0.769000	26.768499
0.770000	26.768499
0.771000	27.489500
0.772000	26.678400
0.773000	27.399401
0.774000	27.669901
0.775000	27.489500
0.776000	28.481001
0.777000	27.760000
0.778000	27.309401
0.779000	27.489500
0.780000	25.777000
0.781000	26.047400
0.782000	26.227600
0.783000	24.605101
0.784000	26.227600
0.785000	24.695200
0.786000	24.875601
0.787000	24.605101
0.788000	23.974199
0.789000	25.326200
0.790000	23.523600
0.791000	23.072800
0.792000	22.982700
0.793000	22.261700
0.794000	22.351700
0.795000	22.441799
0.796000	22.441799
0.797000	22.622200
0.798000	21.720800
0.799000	21.360300
0.800000	21.991199
0.801000	21.991199
0.802000	23.163099
0.803000	23.703699
0.804000	23.163099
0.805000	23.703699
0.806000	21.179899
0.807000	21.991199
0.808000	21.360300
0.809000	21.630699
0.810000	22.622200
0.811000	21.991199
0.812000	21.179899
0.813000	19.196899
0.814000	19.737801
0.815000	18.385799
0.816000	20.639200
0.817000	18.115400
0.818000	20.819401
0.819000	19.557400
0.820000	18.746300
0.821000	19.106800
0.822000	17.304001
0.823000	19.287001
0.824000	18.295500
0.825000	19.467400
0.826000	19.557400
0.827000	18.295500
0.828000	18.475901
0.829000	17.304001
0.830000	16.853399
0.831000	17.123899
0.832000	16.763300
0.833000	17.754801
0.834000	18.025299
0.835000	16.673100
0.836000	17.214001
0.837000	16.583000
0.838000	15.861900
0.839000	17.214001
0.840000	15.771900
0.841000	17.394300
0.842000	15.140900
0.843000	13.879000
0.844000	13.248000
0.845000	12.526800
0.846000	12.256500
0.847000	14.509900
0.848000	14.239500
0.849000	11.986100
0.850000	12.526800
0.851000	11.445200
0.852000	11.174800
0.853000	13.698600
0.854000	10.003100
0.855000	14.509900
0.856000	11.174800
0.857000	8.741180
0.858000	12.076200
0.859000	10.003100
0.860000	11.084700
0.861000	10.453700
0.862000	9.552310
0.863000	9.191790
0.864000	9.372140
0.865000	9.101700
0.866000	9.642400
0.867000	9.372140
0.868000	8.110220
0.869000	9.462230
0.870000	6.487770
0.871000	10.363600
0.872000	4.324440
0.873000	6.307410
0.874000	6.217330
0.875000	4.955400
0.876000	8.380470
0.877000	4.234350
0.878000	3.332950
0.879000	3.332950
0.880000	0.899187
0.881000	3.873650
0.882000	3.423040
0.883000	3.242680
0.884000	2.071030
0.885000	2.521640
0.886000	0.538663
0.887000	1.890670
0.888000	1.710500
0.889000	0.899187
0.890000	0.809102
0.891000	-0.542909
0.892000	1.169630
0.893000	1.079540
0.894000	1.620230
0.895000	0.809102
0.896000	0.628748
0.897000	1.259710
0.898000	-1.083790
0.899000	0.809102
0.900000	-2.616150
0.901000	-1.083790
0.902000	-2.255630
0.903000	-4.238600
0.904000	-1.534580
0.905000	-3.607640
0.906000	-2.345710
0.907000	-3.247110
0.908000	-4.148520
0.909000	-2.435800
0.910000	-6.401930
0.911000	-5.861050
0.912000	-6.311660
0.913000	-5.770970
0.914000	-6.311660
0.915000	-3.697720
0.916000	-7.213060
0.917000	-5.410440
0.918000	-8.114460
0.919000	-6.942620
0.920000	-5.140000
0.921000	-7.393410
0.922000	-6.221570
0.923000	-8.024380
0.924000	-6.582100
0.925000	-7.573580
0.926000	-8.204550
0.927000	-6.582100
0.928000	-9.376390
0.929000	-9.105950
0.930000	-10.367900
0.931000	-10.367900
0.932000	-10.728400
0.933000	-10.458000
0.934000	-11.539700
0.935000	-11.629800
0.936000	-11.539700
0.937000	-12.801600
0.938000	-11.900200
0.939000	-13.522700
0.940000	-14.063600
0.941000	-14.964800
0.942000	-15.866200
0.943000	-15.415600
0.944000	-16.046499
0.945000	-15.145100
0.946000	-16.136600
0.947000	-18.119600
0.948000	-16.316999
0.949000	-18.840799
0.950000	-19.561899
0.951000	-20.192801
0.952000	-20.012501
0.953000	-23.077200
0.954000	-22.896900
0.955000	-23.978600
0.956000	-22.806801
0.957000	-24.429199
0.958000	-27.403700
0.959000	-25.601101
0.960000	-23.167299
0.961000	-22.085699
0.962000	-25.961599
0.963000	-27.584000
0.964000	-29.116400
0.965000	-25.330601
0.966000	-21.094200
0.967000	-17.939400
0.968000	-16.587200
0.969000	-16.857700
0.970000	-15.956500
0.971000	-19.471600
0.972000	-18.209900
0.973000	-18.660500
0.974000	-19.832300
0.975000	-15.956500
0.976000	-19.471600
0.977000	-19.742001
0.978000	-22.085699
0.979000	-23.708200
0.980000	-22.626400
0.981000	-20.643400
0.982000	-18.750601
0.983000	-19.742001
0.984000	-21.004000
0.985000	-22.626400
0.986000	-23.527800
0.987000	-24.068701
0.988000	-21.905399
0.989000	-21.544901
0.990000	-21.634899
0.991000	-26.412201
0.992000	-26.051701
0.993000	-36.417301
0.994000	-40.293201
0.995000	-37.769501
0.996000	-38.851101
0.997000	-37.408798
0.998000	-36.147099
0.999000	-35.516102
1.000000	-36.056801
1.001000	-35.155399
1.002000	-33.983799
1.003000	-36.237202
1.004000	-36.327202
1.005000	-45.160702
1.006000	-46.783199
1.007000	-50.569000
1.008000	-50.749100
1.009000	-43.988899
1.010000	-38.220100
1.011000	-32.180901
1.012000	-29.116400
1.013000	-25.330601
1.014000	-25.781200
1.015000	-24.609600
1.016000	-23.257401
1.017000	-23.437700
1.018000	-23.347700
1.019000	-22.896900
1.020000	-23.798300
1.021000	-23.347700
1.022000	-22.265900
1.023000	-24.609600
1.024000	-25.961599
1.025000	-29.747400
1.026000	-30.919001
1.027000	-33.713299
1.028000	-35.425800
1.029000	-36.958199
1.030000	-33.623199
1.031000	-26.412201
1.032000	-23.798300
1.033000	-28.395201
1.034000	-34.614700
1.035000	-37.318699
1.036000	-43.267799
1.037000	-42.546600
1.038000	-47.684601
1.039000	-49.126701
1.040000	-51.380100
1.041000	-53.723598
1.042000	-51.290001
1.043000	-47.684601
1.044000	-42.997398
1.045000	-39.662201
1.046000	-38.670700
1.047000	-37.048302
1.048000	-37.138599
1.049000	-36.327202
1.050000	-33.713299
1.051000	-30.017599
1.052000	-26.141800
1.053000	-24.158800
1.054000	-25.781200
1.055000	-25.510799
1.056000	-28.124701
1.057000	-28.575500
1.058000	-30.107901
1.059000	-33.352798
1.060000	-33.893501
1.061000	-35.876598
1.062000	-34.614700
1.063000	-36.056801
1.064000	-37.499100
1.065000	-38.941200
1.066000	-40.924198
1.067000	-41.014400
1.068000	-40.473598
1.069000	-39.121498
1.070000	-38.670700
1.071000	-37.859600
1.072000	-37.228699
1.073000	-36.507599
1.074000	-34.885201
1.075000	-34.885201
1.076000	-34.614700
1.077000	-35.516102
1.078000	-36.147099
1.079000	-36.147099
1.080000	-35.876598
1.081000	-34.704800
1.082000	-33.533001
1.083000	-32.180901
1.084000	-30.648600
1.085000	-29.747400
1.086000	-27.944599
1.087000	-26.592600
1.088000	-25.601101
1.089000	-25.060200
1.090000	-25.781200
1.091000	-25.781200
1.092000	-25.871300
1.093000	-25.150299
1.094000	-24.248899
1.095000	-24.609600
1.096000	-26.232000
1.097000	-28.936100
1.098000	-31.640100
1.099000	-32.451401
1.100000	-33.893501
1.101000	-33.623199
1.102000	-33.983799
1.103000	-35.065300
1.104000	-36.147099
1.105000	-37.138599
1.106000	-36.777901
1.107000	-35.516102
1.108000	-32.541500
1.109000	-30.198000
1.110000	-28.485399
1.111000	-26.502300
1.112000	-25.961599
1.113000	-23.978600
1.114000	-22.626400
1.115000	-21.544901
1.116000	-19.561899
1.117000	-19.291401
1.118000	-19.291401
1.119000	-19.291401
1.120000	-20.733500
1.121000	-21.004000
1.122000	-22.085699
1.123000	-23.257401
1.124000	-24.429199
1.125000	-26.592600
1.126000	-28.215000
1.127000	-29.386700
1.128000	-30.107901
1.129000	-29.837500
1.130000	-29.747400
1.131000	-29.386700
1.132000	-29.747400
1.133000	-29.927500
1.134000	-30.107901
1.135000	-30.288099
1.136000	-30.107901
1.137000	-29.927500
1.138000	-29.657101
1.139000	-29.116400
1.140000	-27.403700
1.141000	-26.322100
1.142000	-24.519300
1.143000	-23.888300
1.144000	-23.527800
1.145000	-22.265900
1.146000	-21.634899
1.147000	-20.913900
1.148000	-19.021000
1.149000	-18.570400
1.150000	-17.759100
1.151000	-17.669001
1.152000	-18.119600
1.153000	-18.119600
1.154000	-18.119600
1.155000	-18.389999
1.156000	-17.939400
1.157000	-18.480101
1.158000	-19.561899
1.159000	-20.823799
1.160000	-22.536301
1.161000	-22.896900
1.162000	-24.339100
1.163000	-23.617901
1.164000	-24.519300
1.165000	-24.068701
1.166000	-24.068701
1.167000	-23.798300
1.168000	-22.356001
1.169000	-21.274401
1.170000	-20.913900
1.171000	-19.111099
1.172000	-19.291401
1.173000	-17.939400
1.174000	-17.849199
1.175000	-16.857700
1.176000	-15.325500
1.177000	-15.505700
1.178000	-13.342300
1.179000	-13.612800
1.180000	-13.793100
1.181000	-14.063600
1.182000	-14.604300
1.183000	-15.055100
1.184000	-13.432600
1.185000	-15.505700
1.186000	-13.522700
1.187000	-14.424100
1.188000	-14.874700
1.189000	-13.702900
1.190000	-16.136600
1.191000	-14.153700
1.192000	-15.776100
1.193000	-15.686000
1.194000	-13.793100
1.195000	-15.595700
1.196000	-13.612800
1.197000	-14.514200
1.198000	-13.702900
1.199000	-12.981800
1.200000	-14.333800
1.201000	-12.170700
1.202000	-13.072100
1.203000	-11.990300
1.204000	-11.088900
1.205000	-10.908800
1.206000	-10.367900
1.207000	-9.286300
1.208000	-10.277800
1.209000	-7.844020
1.210000	-9.827000
1.211000	-8.835510
1.212000	-8.294820
1.213000	-9.646830
1.214000	-7.844020
1.215000	-8.925780
1.216000	-8.204550
1.217000	-7.303330
1.218000	-9.646830
1.219000	-8.384900
1.220000	-8.294820
1.221000	-9.556740
1.222000	-8.204550
1.223000	-8.925780
1.224000	-7.573580
1.225000	-7.844020
1.226000	-7.844020
1.227000	-7.663850
1.228000	-6.762450
1.229000	-6.672370
1.230000	-5.770970
1.231000	-4.689210
1.232000	-4.869560
1.233000	-3.697720
1.234000	-4.328690
1.235000	-3.066760
1.236000	-2.886590
1.237000	-2.886590
1.238000	-1.804830
1.239000	-2.526070
1.240000	-1.895100
1.241000	-2.075270
1.242000	-1.624660
1.243000	-1.714750
1.244000	-1.444310
1.245000	-1.534580
1.246000	-1.173870
1.247000	-1.354230
1.248000	-1.173870
1.249000	-0.542909
1.250000	-2.345710
1.251000	-0.092300
1.252000	-0.813348
1.253000	0.538663
1.254000	0.989271
1.255000	0.719017
1.256000	1.800590
1.257000	1.079540
1.258000	0.538663
1.259000	2.521640
1.260000	2.611720
1.261000	4.054000
1.262000	4.684960
1.263000	4.684960
1.264000	5.225840
1.265000	5.406010
1.266000	5.496100
1.267000	6.487770
1.268000	7.388980
1.269000	6.577850
1.270000	8.019950
1.271000	7.118730
1.272000	8.200300
1.273000	7.569340
1.274000	8.200300
1.275000	8.019950
1.276000	8.200300
1.277000	7.839780
1.278000	7.929860
1.279000	8.831260
1.280000	8.200300
1.281000	8.831260
1.282000	9.642400
1.283000	8.741180
1.284000	10.724200
1.285000	9.281870
1.286000	10.183300
1.287000	11.355100
1.288000	10.814200
1.289000	13.157700
1.290000	11.986100
1.291000	12.436700
1.292000	12.436700
1.293000	11.986100
1.294000	13.698600
1.295000	14.690100
1.296000	15.050600
1.297000	15.771900
1.298000	14.239500
1.299000	14.419700
1.300000	13.788700
1.301000	14.329600
1.302000	15.771900
1.303000	14.509900
1.304000	14.600000
1.305000	14.149200
1.306000	13.157700
1.307000	14.600000
1.308000	13.788700
1.309000	16.492901
1.310000	16.673100
1.311000	16.132401
1.312000	16.312500
1.313000	15.231000
1.314000	15.952000
1.315000	17.033600
1.316000	17.394300
1.317000	18.926500
1.318000	19.016800
1.319000	18.385799
1.320000	18.926500
1.321000	18.566000
1.322000	19.377300
1.323000	20.278700
1.324000	20.819401
1.325000	21.450300
1.326000	21.810900
1.327000	20.548901
1.328000	21.810900
1.329000	20.278700
1.330000	20.819401
1.331000	20.999701
1.332000	21.089800
1.333000	21.630699
1.334000	21.810900
1.335000	21.540600
1.336000	21.810900
1.337000	20.909599
1.338000	20.458799
1.339000	20.368799
1.340000	20.639200
1.341000	20.729300
1.342000	20.909599
1.343000	22.261700
1.344000	22.081301
1.345000	22.351700
1.346000	22.261700
1.347000	22.532101
1.348000	22.712299
1.349000	23.072800
1.350000	24.424999
1.351000	25.236099
1.352000	25.506599
1.353000	25.326200
1.354000	25.236099
1.355000	25.055799
1.356000	24.785500
1.357000	25.416500
1.358000	26.047400
1.359000	25.506599
1.360000	25.686701
1.361000	25.867100
1.362000	25.146000
1.363000	25.596600
1.364000	25.146000
1.365000	24.515100
1.366000	24.424999
1.367000	23.703699
1.368000	23.613701
1.369000	23.253099
1.370000	23.523600
1.371000	23.884100
1.372000	24.154499
1.373000	24.154499
1.374000	24.064301
1.375000	24.154499
1.376000	24.424999
1.377000	24.695200
1.378000	24.965700
1.379000	25.957199
1.380000	26.137501
1.381000	26.588100
1.382000	26.497999
1.383000	26.317699
1.384000	26.588100
1.385000	26.317699
1.386000	27.129000
1.387000	27.309401
1.388000	26.948601
1.389000	27.129000
1.390000	26.047400
1.391000	26.047400
1.392000	25.686701
1.393000	25.686701
1.394000	25.957199
1.395000	25.236099
1.396000	24.424999
1.397000	24.244600
1.398000	23.884100
1.399000	24.875601
1.400000	25.506599
1.401000	25.957199
1.402000	26.047400
1.403000	24.965700
1.404000	24.605101
1.405000	24.424999
1.406000	24.515100
1.407000	25.146000
1.408000	25.506599
1.409000	25.686701
1.410000	25.326200
1.411000	25.055799
1.412000	25.506599
1.413000	25.506599
1.414000	25.957199
1.415000	26.047400
1.416000	26.047400
1.417000	26.047400
1.418000	25.596600
1.419000	25.686701
1.420000	25.777000
1.421000	25.596600
1.422000	25.596600
1.423000	25.055799
1.424000	24.515100
1.425000	24.154499
1.426000	23.703699
1.427000	23.703699
1.428000	23.343201
1.429000	22.982700
1.430000	22.802299
1.431000	22.081301
1.432000	21.540600
1.433000	21.450300
1.434000	21.630699
1.435000	22.261700
1.436000	22.622200
1.437000	22.892599
1.438000	22.892599
1.439000	23.072800
1.440000	23.163099
1.441000	23.523600
1.442000	23.703699
1.443000	23.613701
1.444000	23.163099
1.445000	23.072800
1.446000	22.802299
1.447000	22.892599
1.448000	23.072800
1.449000	23.163099
1.450000	23.433300
1.451000	22.712299
1.452000	22.261700
1.453000	21.810900
1.454000	21.540600
1.455000	21.720800
1.456000	21.630699
1.457000	21.179899
1.458000	20.909599
1.459000	19.737801
1.460000	19.377300
1.461000	18.656200
1.462000	19.106800
1.463000	19.287001
1.464000	19.196899
1.465000	18.926500
1.466000	18.295500
1.467000	17.664600
1.468000	17.754801
1.469000	17.844900
1.470000	18.746300
1.471000	19.557400
1.472000	19.287001
1.473000	19.737801
1.474000	18.926500
1.475000	18.926500
1.476000	18.746300
1.477000	18.836399
1.478000	19.287001
1.479000	19.737801
1.480000	19.737801
1.481000	18.926500
1.482000	18.836399
1.483000	18.475901
1.484000	18.656200
1.485000	18.385799
1.486000	18.385799
1.487000	18.205400
1.488000	17.304001
1.489000	16.222500
1.490000	15.231000
1.491000	14.509900
1.492000	14.509900
1.493000	15.140900
1.494000	14.600000
1.495000	15.411100
1.496000	14.509900
1.497000	14.600000
1.498000	14.149200
1.499000	13.338100
1.500000	13.698600
1.501000	13.698600
1.502000	14.149200
1.503000	13.879000
1.504000	13.879000
1.505000	13.518300
1.506000	13.067600
1.507000	13.157700
1.508000	12.977600
1.509000	13.879000
1.510000	14.149200
1.511000	14.600000
1.512000	14.059100
1.513000	13.428200
1.514000	12.617000
1.515000	12.076200
1.516000	11.805700
1.517000	11.715600
1.518000	12.166200
1.519000	12.617000
1.520000	11.895800
1.521000	10.724200
1.522000	10.363600
1.523000	10.093200
1.524000	10.093200
1.525000	10.093200
1.526000	10.183300
1.527000	10.003100
1.528000	9.191790
1.529000	8.741180
1.530000	9.191790
1.531000	8.831260
1.532000	8.110220
1.533000	7.929860
1.534000	7.118730
1.535000	7.479250
1.536000	6.938380
1.537000	7.479250
1.538000	8.470740
1.539000	8.380470
1.540000	8.290390
1.541000	7.839780
1.542000	7.208810
1.543000	6.036970
1.544000	5.225840
1.545000	5.856800
1.546000	4.955400
1.547000	6.127060
1.548000	5.586370
1.549000	6.127060
1.550000	5.676450
1.551000	4.504610
1.552000	5.045490
1.553000	4.324440
1.554000	4.504610
1.555000	4.775050
1.556000	4.234350
1.557000	4.504610
1.558000	3.152600
1.559000	2.341470
1.560000	2.611720
1.561000	0.989271
1.562000	1.530150
1.563000	1.710500
1.564000	1.440060
1.565000	2.071030
1.566000	0.809102
1.567000	1.349980
1.568000	0.719017
1.569000	-0.272654
1.570000	1.079540
1.571000	0.088054
1.572000	0.538663
1.573000	0.178139
1.574000	-1.264140
1.575000	-0.182385
1.576000	-0.993702
1.577000	-0.452824
1.578000	0.088054
1.579000	-1.083790
1.580000	-0.092300
1.581000	-1.624660
1.582000	-1.534580
1.583000	-1.354230
1.584000	-2.526070
1.585000	-0.993702
1.586000	-1.534580
1.587000	-2.616150
1.588000	-1.895100
1.589000	-4.238600
1.590000	-4.599120
1.591000	-4.599120
1.592000	-5.320170
1.593000	-3.066760
1.594000	-4.509040
1.595000	-4.058250
1.596000	-4.599120
1.597000	-5.320170
1.598000	-4.689210
1.599000	-4.418950
1.600000	-4.418950
1.601000	-5.320170
1.602000	-5.770970
1.603000	-6.221570
1.604000	-6.221570
1.605000	-6.221570
1.606000	-6.401930
1.607000	-6.131490
1.608000	-6.672370
1.609000	-6.582100
1.610000	-6.401930
1.611000	-7.122980
1.612000	-7.032890
1.613000	-8.745430
1.614000	-8.835510
1.615000	-8.655340
1.616000	-9.286300
1.617000	-7.934110
1.618000	-7.753940
1.619000	-9.015860
1.620000	-8.384900
1.621000	-10.097400
1.622000	-10.097400
1.623000	-9.736910
1.624000	-10.548200
1.625000	-8.745430
1.626000	-9.917270
1.627000	-10.367900
1.628000	-10.818500
1.629000	-12.801600
1.630000	-12.080400
1.631000	-12.711400
1.632000	-12.531200
1.633000	-11.810200
1.634000	-12.981800
1.635000	-13.432600
1.636000	-13.612800
1.637000	-13.973300
1.638000	-13.252200
1.639000	-13.612800
1.640000	-12.891700
1.641000	-13.432600
1.642000	-14.514200
1.643000	-14.153700
1.644000	-14.514200
1.645000	-13.883200
1.646000	-13.342300
1.647000	-13.072100
1.648000	-13.432600
1.649000	-14.694500
1.650000	-14.514200
1.651000	-14.153700
1.652000	-14.424100
1.653000	-14.784600
1.654000	-15.235200
1.655000	-16.226700
1.656000	-15.956500
1.657000	-16.857700
1.658000	-15.776100
1.659000	-15.686000
1.660000	-16.677500
1.661000	-16.857700
1.662000	-18.119600
1.663000	-18.299999
1.664000	-18.299999
1.665000	-17.939400
1.666000	-17.398500
1.667000	-17.218201
1.668000	-18.299999
1.669000	-18.299999
1.670000	-19.561899
1.671000	-19.652000
1.672000	-19.201401
1.673000	-19.201401
1.674000	-18.480101
1.675000	-18.930901
1.676000	-20.012501
1.677000	-19.381500
1.678000	-20.102600
1.679000	-19.021000
1.680000	-18.660500
1.681000	-18.930901
1.682000	-18.840799
1.683000	-20.372999
1.684000	-19.922400
1.685000	-19.742001
1.686000	-19.652000
1.687000	-19.021000
1.688000	-19.832300
1.689000	-20.372999
1.690000	-20.823799
1.691000	-21.634899
1.692000	-20.733500
1.693000	-21.004000
1.694000	-20.733500
1.695000	-20.463301
1.696000	-21.815300
1.697000	-21.725201
1.698000	-22.356001
1.699000	-22.716700
1.700000	-21.725201
1.701000	-22.536301
1.702000	-22.175800
1.703000	-22.446301
1.704000	-23.347700
1.705000	-22.446301
1.706000	-22.626400
1.707000	-21.364500
1.708000	-21.004000
1.709000	-21.544901
1.710000	-21.364500
1.711000	-22.536301
1.712000	-22.356001
1.713000	-21.544901
1.714000	-21.454800
1.715000	-20.733500
1.716000	-21.004000
1.717000	-21.454800
1.718000	-21.364500
1.719000	-22.175800
1.720000	-21.544901
1.721000	-21.274401
1.722000	-21.364500
1.723000	-21.274401
1.724000	-21.725201
1.725000	-21.725201
1.726000	-21.725201
1.727000	-21.905399
1.728000	-21.364500
1.729000	-21.905399
1.730000	-22.175800
1.731000	-22.446301
1.732000	-22.896900
1.733000	-22.446301
1.734000	-22.175800
1.735000	-21.905399
1.736000	-21.544901
1.737000	-21.905399
1.738000	-22.085699
1.739000	-22.175800
1.740000	-21.995501
1.741000	-21.274401
1.742000	-21.094200
1.743000	-20.913900
1.744000	-20.823799
1.745000	-21.274401
1.746000	-21.094200
1.747000	-21.094200
1.748000	-20.733500
1.749000	-20.102600
1.750000	-20.372999
1.751000	-20.282900
1.752000	-20.463301
1.753000	-20.643400
1.754000	-20.282900
1.755000	-20.102600
1.756000	-19.922400
1.757000	-20.192801
1.758000	-20.372999
1.759000	-20.282900
1.760000	-20.643400
1.761000	-20.553400
1.762000	-20.192801
1.763000	-20.192801
1.764000	-20.012501
1.765000	-20.372999
1.766000	-20.372999
1.767000	-20.372999
1.768000	-20.102600
1.769000	-19.561899
1.770000	-19.291401
1.771000	-19.111099
1.772000	-18.840799
1.773000	-19.201401
1.774000	-19.021000
1.775000	-18.389999
1.776000	-18.119600
1.777000	-17.488600
1.778000	-17.578899
1.779000	-17.218201
1.780000	-17.038000
1.781000	-17.218201
1.782000	-16.407101
1.783000	-16.407101
1.784000	-15.956500
1.785000	-16.136600
1.786000	-16.677500
1.787000	-16.407101
1.788000	-16.587200
1.789000	-15.956500
1.790000	-15.325500
1.791000	-15.505700
1.792000	-15.415600
1.793000	-15.686000
1.794000	-15.956500
1.795000	-15.505700
1.796000	-15.595700
1.797000	-15.415600
1.798000	-15.145100
1.799000	-15.956500
1.800000	-15.595700
1.801000	-15.866200
1.802000	-15.595700
1.803000	-14.874700
1.804000	-15.145100
1.805000	-14.063600
1.806000	-14.694500
1.807000	-14.153700
1.808000	-13.793100
1.809000	-13.973300
1.810000	-13.432600
1.811000	-13.883200
1.812000	-13.702900
1.813000	-13.522700
1.814000	-13.612800
1.815000	-13.342300
1.816000	-13.072100
1.817000	-12.891700
1.818000	-12.260800
1.819000	-12.891700
1.820000	-12.711400
1.821000	-13.252200
1.822000	-13.072100
1.823000	-12.711400
1.824000	-12.531200
1.825000	-11.539700
1.826000	-11.719900
1.827000	-11.990300
1.828000	-11.900200
1.829000	-12.080400
1.830000	-11.629800
1.831000	-11.629800
1.832000	-11.449400
1.833000	-11.449400
1.834000	-11.719900
1.835000	-11.088900
1.836000	-11.088900
1.837000	-10.728400
1.838000	-10.097400
1.839000	-10.097400
1.840000	-9.917270
1.841000	-10.548200
1.842000	-10.097400
1.843000	-10.007400
1.844000	-9.827000
1.845000	-8.925780
1.846000	-8.925780
1.847000	-8.024380
1.848000	-8.384900
1.849000	-8.745430
1.850000	-8.294820
1.851000	-8.745430
1.852000	-8.204550
1.853000	-7.483500
1.854000	-8.114460
1.855000	-7.393410
1.856000	-7.483500
1.857000	-7.934110
1.858000	-6.942620
1.859000	-8.114460
1.860000	-7.483500
1.861000	-7.753940
1.862000	-8.024380
1.863000	-7.122980
1.864000	-7.303330
1.865000	-7.122980
1.866000	-6.672370
1.867000	-7.122980
1.868000	-6.492010
1.869000	-6.582100
1.870000	-6.492010
1.871000	-5.590610
1.872000	-5.861050
1.873000	-4.869560
1.874000	-4.779480
1.875000	-4.058250
1.876000	-4.509040
1.877000	-3.968160
1.878000	-4.058250
1.879000	-3.968160
1.880000	-3.607640
1.881000	-3.517550
1.882000	-3.427280
1.883000	-3.247110
1.884000	-3.607640
1.885000	-3.066760
1.886000	-2.526070
1.887000	-2.706240
1.888000	-2.075270
1.889000	-2.165360
1.890000	-2.526070
1.891000	-1.624660
1.892000	-2.526070
1.893000	-1.714750
1.894000	-1.534580
1.895000	-2.075270
1.896000	-1.083790
1.897000	-1.534580
1.898000	-1.083790
1.899000	-1.264140
1.900000	-1.444310
1.901000	-0.903617
1.902000	-1.264140
1.903000	-0.452824
1.904000	-0.362739
1.905000	0.178139
1.906000	0.088054
1.907000	-0.182385
1.908000	-0.362739
1.909000	-0.362739
1.910000	-0.002215
1.911000	0.628748
1.912000	1.169630
1.913000	1.440060
1.914000	1.349980
1.915000	1.079540
1.916000	1.620230
1.917000	1.620230
1.918000	1.890670
1.919000	2.251200
1.920000	2.431550
1.921000	2.792080
1.922000	2.071030
1.923000	2.882160
1.924000	2.611720
1.925000	2.611720
1.926000	3.242680
1.927000	2.882160
1.928000	3.513120
1.929000	3.423040
1.930000	3.783560
1.931000	4.414520
1.932000	3.332950
1.933000	3.963920
1.934000	3.603390
1.935000	3.873650
1.936000	4.324440
1.937000	4.144090
1.938000	4.865130
1.939000	4.775050
1.940000	4.594880
1.941000	4.775050
1.942000	4.594880
1.943000	4.955400
1.944000	4.955400
1.945000	5.315930
1.946000	5.676450
1.947000	5.856800
1.948000	6.307410
1.949000	6.127060
1.950000	5.586370
1.951000	6.036970
1.952000	5.856800
1.953000	6.397500
1.954000	7.118730
1.955000	7.118730
1.956000	7.929860
1.957000	7.569340
1.958000	7.659420
1.959000	8.019950
1.960000	7.208810
1.961000	7.839780
1.962000	7.929860
1.963000	7.659420
1.964000	8.470740
1.965000	8.019950
1.966000	7.839780
1.967000	8.200300
1.968000	7.749510
1.969000	8.741180
1.970000	8.921350
1.971000	8.921350
1.972000	9.191790
1.973000	8.470740
1.974000	8.650910
1.975000	8.831260
1.976000	8.831260
1.977000	9.552310
1.978000	9.372140
1.979000	9.372140
1.980000	9.281870
1.981000	8.470740
1.982000	8.921350
1.983000	8.921350
1.984000	9.372140
1.985000	10.003100
1.986000	10.003100
1.987000	10.093200
1.988000	9.912840
1.989000	9.552310
1.990000	9.822750
1.991000	9.822750
1.992000	10.183300
1.993000	9.912840
1.994000	9.732670
1.995000	10.183300
1.996000	10.003100
1.997000	10.453700
1.998000	11.174800
1.999000	10.904300
2.000000	11.174800
2.001000	10.633900
2.002000	10.543800
2.003000	10.814200
2.004000	10.814200
2.005000	11.174800
2.006000	11.625600
2.007000	11.625600
2.008000	11.715600
2.009000	11.264800
2.010000	10.994600
2.011000	10.814200
2.012000	10.543800
2.013000	10.994600
2.014000	11.445200
2.015000	11.625600
2.016000	11.535300
2.017000	11.174800
2.018000	10.904300
2.019000	10.994600
2.020000	10.904300
2.021000	11.264800
2.022000	11.174800
2.023000	11.084700
2.024000	11.174800
2.025000	10.904300
2.026000	11.174800
2.027000	11.084700
2.028000	10.994600
2.029000	10.994600
2.030000	10.814200
2.031000	10.814200
2.032000	10.994600
2.033000	11.084700
2.034000	11.264800
2.035000	11.174800
2.036000	11.264800
2.037000	11.084700
2.038000	10.904300
2.039000	10.543800
2.040000	10.633900
2.041000	10.724200
2.042000	11.084700
2.043000	11.174800
2.044000	11.355100
2.045000	11.264800
2.046000	11.264800
2.047000	11.355100
2.048000	11.084700
2.049000	11.174800
2.050000	11.264800
2.051000	11.174800
2.052000	11.264800
2.053000	11.264800
2.054000	11.084700
2.055000	11.084700
2.056000	11.084700
2.057000	10.994600
2.058000	10.994600
2.059000	11.174800
2.060000	11.084700
2.061000	11.174800
2.062000	11.084700
2.063000	10.904300
2.064000	10.724200
2.065000	10.543800
2.066000	10.633900
2.067000	10.543800
2.068000	10.633900
2.069000	10.543800
2.070000	10.363600
2.071000	10.453700
2.072000	10.363600
2.073000	10.363600
2.074000	10.453700
2.075000	10.453700
2.076000	10.363600
2.077000	10.093200
2.078000	9.822750
2.079000	9.552310
2.080000	9.372140
2.081000	9.101700
2.082000	9.281870
2.083000	9.191790
2.084000	9.191790
2.085000	9.191790
2.086000	9.281870
2.087000	9.101700
2.088000	9.191790
2.089000	9.101700
2.090000	9.191790
2.091000	9.101700
2.092000	8.921350
2.093000	8.921350
2.094000	8.921350
2.095000	8.831260
2.096000	8.921350
2.097000	8.921350
2.098000	8.921350
2.099000	8.921350
2.100000	8.831260
2.101000	8.560820
2.102000	8.741180
2.103000	8.470740
2.104000	8.380470
2.105000	8.380470
2.106000	8.200300
2.107000	8.200300
2.108000	7.929860
2.109000	7.839780
2.110000	7.659420
2.111000	7.569340
2.112000	7.659420
2.113000	7.659420
2.114000	7.839780
2.115000	7.749510
2.116000	7.659420
2.117000	7.569340
2.118000	7.569340
2.119000	7.479250
2.120000	7.479250
2.121000	7.298900
2.122000	7.298900
2.123000	7.298900
2.124000	7.118730
2.125000	7.208810
2.126000	7.298900
2.127000	7.118730
2.128000	7.118730
2.129000	6.938380
2.130000	6.758020
2.131000	6.397500
2.132000	6.217330
2.133000	6.487770
2.134000	6.577850
2.135000	6.577850
2.136000	6.397500
2.137000	6.127060
2.138000	5.766530
2.139000	5.856800
2.140000	5.676450
2.141000	6.217330
2.142000	6.127060
2.143000	6.127060
2.144000	5.676450
2.145000	5.225840
2.146000	4.594880
2.147000	4.324440
2.148000	4.144090
2.149000	4.594880
2.150000	5.045490
2.151000	5.135570
2.152000	5.315930
2.153000	4.684960
2.154000	4.324440
2.155000	4.234350
2.156000	3.873650
2.157000	4.144090
2.158000	4.414520
2.159000	4.504610
2.160000	4.775050
2.161000	4.684960
2.162000	4.594880
2.163000	4.234350
2.164000	4.234350
2.165000	4.504610
2.166000	4.865130
2.167000	5.315930
2.168000	5.225840
2.169000	5.135570
2.170000	4.594880
2.171000	4.054000
2.172000	4.234350
2.173000	4.144090
2.174000	4.144090
2.175000	3.873650
2.176000	3.152600
2.177000	2.882160
2.178000	2.431550
2.179000	2.611720
2.180000	3.062510
2.181000	3.332950
2.182000	3.783560
2.183000	3.513120
2.184000	2.792080
2.185000	2.611720
2.186000	1.620230
2.187000	2.071030
2.188000	2.161110
2.189000	2.431550
2.190000	2.972430
2.191000	2.611720
2.192000	2.251200
2.193000	1.800590
2.194000	1.349980
2.195000	1.620230
2.196000	1.800590
2.197000	1.890670
2.198000	1.800590
2.199000	1.259710
2.200000	0.989271
2.201000	0.538663
2.202000	0.358309
2.203000	0.448578
2.204000	0.178139
2.205000	0.178139
2.206000	-0.272654
2.207000	-0.633178
2.208000	-0.633178
2.209000	-0.723263
2.210000	-0.452824
2.211000	-0.542909
2.212000	-0.452824
2.213000	-0.723263
2.214000	-0.813348
2.215000	-1.083790
2.216000	-1.354230
2.217000	-1.173870
2.218000	-1.354230
2.219000	-1.354230
2.220000	-1.354230
2.221000	-1.444310
2.222000	-0.993702
2.223000	-1.354230
2.224000	-1.264140
2.225000	-1.804830
2.226000	-1.985190
2.227000	-1.895100
2.228000	-1.895100
2.229000	-1.444310
2.230000	-1.444310
2.231000	-1.354230
2.232000	-1.534580
2.233000	-2.075270
2.234000	-2.435800
2.235000	-2.075270
2.236000	-2.616150
2.237000	-1.985190
2.238000	-1.985190
2.239000	-1.985190
2.240000	-2.075270
2.241000	-2.435800
2.242000	-2.706240
2.243000	-3.066760
2.244000	-2.976680
2.245000	-3.337200
2.246000	-2.886590
2.247000	-3.878080
2.248000	-4.058250
2.249000	-4.599120
2.250000	-4.779480
2.251000	-4.418950
2.252000	-4.689210
2.253000	-4.599120
2.254000	-4.959650
2.255000	-5.320170
2.256000	-4.959650
2.257000	-4.689210
2.258000	-4.148520
2.259000	-3.787990
2.260000	-4.148520
2.261000	-4.328690
2.262000	-4.418950
2.263000	-4.599120
2.264000	-4.058250
2.265000	-4.689210
2.266000	-4.328690
2.267000	-5.140000
2.268000	-5.680700
2.269000	-5.500530
2.270000	-6.131490
2.271000	-5.410440
2.272000	-5.680700
2.273000	-5.861050
2.274000	-6.131490
2.275000	-6.672370
2.276000	-6.762450
2.277000	-6.672370
2.278000	-6.311660
2.279000	-6.131490
2.280000	-6.582100
2.281000	-7.122980
2.282000	-7.213060
2.283000	-7.483500
2.284000	-7.213060
2.285000	-6.492010
2.286000	-6.492010
2.287000	-6.401930
2.288000	-6.762450
2.289000	-6.942620
2.290000	-6.852540
2.291000	-6.762450
2.292000	-6.582100
2.293000	-6.582100
2.294000	-7.032890
2.295000	-7.032890
2.296000	-7.303330
2.297000	-7.122980
2.298000	-6.942620
2.299000	-7.122980
2.300000	-6.672370
2.301000	-6.852540
2.302000	-6.852540
2.303000	-6.942620
2.304000	-7.213060
2.305000	-7.122980
2.306000	-6.942620
2.307000	-7.213060
2.308000	-7.032890
2.309000	-7.753940
2.310000	-7.753940
2.311000	-7.934110
2.312000	-7.934110
2.313000	-7.663850
2.314000	-7.844020
2.315000	-7.663850
2.316000	-7.934110
2.317000	-8.204550
2.318000	-7.753940
2.319000	-7.753940
2.320000	-7.213060
2.321000	-7.303330
2.322000	-7.393410
2.323000	-7.393410
2.324000	-7.393410
2.325000	-7.303330
2.326000	-7.122980
2.327000	-7.122980
2.328000	-6.942620
2.329000	-6.942620
2.330000	-7.213060
2.331000	-7.213060
2.332000	-7.663850
2.333000	-7.393410
2.334000	-7.573580
2.335000	-7.573580
2.336000	-7.573580
2.337000	-7.934110
2.338000	-8.114460
2.339000	-8.204550
2.340000	-8.294820
2.341000	-8.024380
2.342000	-8.114460
2.343000	-8.114460
2.344000	-8.204550
2.345000	-8.745430
2.346000	-8.745430
2.347000	-8.655340
2.348000	-8.474990
2.349000	-8.565070
2.350000	-8.565070
2.351000	-8.745430
2.352000	-8.745430
2.353000	-8.925780
2.354000	-9.015860
2.355000	-8.745430
2.356000	-8.655340
2.357000	-8.474990
2.358000	-8.474990
2.359000	-8.384900
2.360000	-8.565070
2.361000	-8.655340
2.362000	-8.474990
2.363000	-8.565070
2.364000	-8.384900
2.365000	-8.294820
2.366000	-8.384900
2.367000	-8.114460
2.368000	-8.024380
2.369000	-8.114460
2.370000	-8.294820
2.371000	-8.565070
2.372000	-8.474990
2.373000	-8.565070
2.374000	-8.565070
2.375000	-8.474990
2.376000	-8.565070
2.377000	-8.745430
2.378000	-8.835510
2.379000	-9.105950
2.380000	-8.925780
2.381000	-8.745430
2.382000	-8.565070
2.383000	-8.384900
2.384000	-8.474990
2.385000	-8.474990
2.386000	-8.384900
2.387000	-8.384900
2.388000	-8.204550
2.389000	-8.294820
2.390000	-8.294820
2.391000	-8.294820
2.392000	-8.204550
2.393000	-8.204550
2.394000	-8.024380
2.395000	-7.844020
2.396000	-7.663850
2.397000	-7.663850
2.398000	-7.844020
2.399000	-7.934110
2.400000	-8.024380
2.401000	-8.024380
2.402000	-7.844020
2.403000	-7.844020
2.404000	-7.753940
2.405000	-7.934110
2.406000	-7.934110
2.407000	-8.114460
2.408000	-8.204550
2.409000	-8.114460
2.410000	-8.024380
2.411000	-8.024380
2.412000	-8.204550
2.413000	-8.024380
2.414000	-8.024380
2.415000	-7.934110
2.416000	-7.934110
2.417000	-7.934110
2.418000	-7.844020
2.419000	-7.934110
2.420000	-7.753940
2.421000	-7.753940
2.422000	-7.663850
2.423000	-7.303330
2.424000	-7.393410
2.425000	-7.213060
2.426000	-7.393410
2.427000	-7.303330
2.428000	-7.303330
2.429000	-7.303330
2.430000	-7.032890
2.431000	-7.032890
2.432000	-6.942620
2.433000	-6.852540
2.434000	-6.942620
2.435000	-7.122980
2.436000	-7.122980
2.437000	-7.122980
2.438000	-7.122980
2.439000	-7.032890
2.440000	-6.942620
2.441000	-6.852540
2.442000	-6.942620
2.443000	-6.942620
2.444000	-7.032890
2.445000	-7.122980
2.446000	-7.122980
2.447000	-7.032890
2.448000	-6.852540
2.449000	-6.852540
2.450000	-6.762450
2.451000	-6.492010
2.452000	-6.401930
2.453000	-6.131490
2.454000	-6.401930
2.455000	-6.311660
2.456000	-6.311660
2.457000	-6.311660
2.458000	-6.041400
2.459000	-5.861050
2.460000	-5.861050
2.461000	-5.680700
2.462000	-5.770970
2.463000	-5.590610
2.464000	-5.680700
2.465000	-5.590610
2.466000	-5.590610
2.467000	-5.680700
2.468000	-5.590610
2.469000	-5.590610
2.470000	-5.590610
2.471000	-5.590610
2.472000	-5.500530
2.473000	-5.680700
2.474000	-5.680700
2.475000	-5.770970
2.476000	-5.770970
2.477000	-5.770970
2.478000	-5.590610
2.479000	-5.410440
2.480000	-5.320170
2.481000	-5.049730
2.482000	-5.140000
2.483000	-5.140000
2.484000	-5.140000
2.485000	-4.869560
2.486000	-4.779480
2.487000	-4.328690
2.488000	-4.238600
2.489000	-4.328690
2.490000	-4.058250
2.491000	-4.058250
2.492000	-3.968160
2.493000	-3.878080
2.494000	-3.878080
2.495000	-3.607640
2.496000	-3.697720
2.497000	-3.427280
2.498000	-3.427280
2.499000	-3.427280
2.500000	-3.247110
2.501000	-3.247110
2.502000	-3.247110
2.503000	-3.247110
2.504000	-3.337200
2.505000	-3.337200
2.506000	-3.247110
2.507000	-3.247110
2.508000	-2.886590
2.509000	-3.157030
2.510000	-3.337200
2.511000	-3.337200
2.512000	-3.607640
2.513000	-3.607640
2.514000	-3.878080
2.515000	-3.517550
2.516000	-3.337200
2.517000	-3.337200
2.518000	-3.157030
2.519000	-3.157030
2.520000	-3.337200
2.521000	-3.157030
2.522000	-3.337200
2.523000	-3.066760
2.524000	-2.526070
2.525000	-2.706240
2.526000	-2.526070
2.527000	-2.345710
2.528000	-2.345710
2.529000	-2.165360
2.530000	-2.165360
2.531000	-1.985190
2.532000	-1.804830
2.533000	-2.165360
2.534000	-1.804830
2.535000	-1.714750
2.536000	-1.895100
2.537000	-1.534580
2.538000	-2.165360
2.539000	-1.804830
2.540000	-2.075270
2.541000	-2.255630
2.542000	-1.985190
2.543000	-2.255630
2.544000	-2.075270
2.545000	-1.804830
2.546000	-1.985190
2.547000	-1.444310
2.548000	-1.534580
2.549000	-1.444310
2.550000	-1.083790
2.551000	-1.264140
2.552000	-0.723263
2.553000	-0.813348
2.554000	-0.813348
2.555000	-0.452824
2.556000	-0.903617
2.557000	-0.542909
2.558000	-0.362739
2.559000	-0.362739
2.560000	-0.092300
2.561000	-0.542909
2.562000	-0.452824
2.563000	-0.452824
2.564000	-0.542909
2.565000	-0.092300
2.566000	-0.182385
2.567000	-0.182385
2.568000	-0.182385
2.569000	-0.452824
2.570000	-0.452824
2.571000	-0.633178
2.572000	-0.633178
2.573000	-0.362739
2.574000	-0.182385
2.575000	-0.092300
2.576000	-0.092300
2.577000	-0.092300
2.578000	-0.002215
2.579000	-0.182385
2.580000	-0.182385
2.581000	0.178139
2.582000	-0.002215
2.583000	-0.002215
2.584000	-0.092300
2.585000	-0.182385
2.586000	-0.002215
2.587000	-0.182385
2.588000	0.268224
2.589000	0.178139
2.590000	0.268224
2.591000	0.268224
2.592000	0.088054
2.593000	0.268224
2.594000	0.268224
2.595000	0.268224
2.596000	0.538663
2.597000	0.268224
2.598000	0.538663
2.599000	0.358309
2.600000	0.268224
2.601000	0.358309
2.602000	0.268224
2.603000	0.628748
2.604000	0.719017
2.605000	0.628748
2.606000	0.538663
2.607000	0.538663
2.608000	0.719017
2.609000	0.809102
2.610000	0.809102
2.611000	0.899187
2.612000	0.899187
2.613000	0.989271
2.614000	1.079540
2.615000	1.169630
2.616000	1.440060
2.617000	1.530150
2.618000	1.800590
2.619000	1.800590
2.620000	1.710500
2.621000	1.800590
2.622000	1.620230
2.623000	1.710500
2.624000	1.620230
2.625000	1.710500
2.626000	1.620230
2.627000	1.620230
2.628000	1.530150
2.629000	1.440060
2.630000	1.530150
2.631000	1.440060
2.632000	1.440060
2.633000	1.349980
2.634000	1.169630
2.635000	1.169630
2.636000	1.169630
2.637000	1.079540
2.638000	0.989271
2.639000	0.809102
2.640000	0.628748
2.641000	0.719017
2.642000	0.628748
2.643000	0.719017
2.644000	0.809102
2.645000	0.809102
2.646000	0.809102
2.647000	0.719017
2.648000	0.899187
2.649000	0.899187
2.650000	1.079540
2.651000	1.169630
2.652000	1.259710
2.653000	1.259710
2.654000	1.169630
2.655000	1.079540
2.656000	1.079540
2.657000	1.079540
2.658000	1.349980
2.659000	1.440060
2.660000	1.440060
2.661000	1.440060
2.662000	1.259710
2.663000	0.989271
2.664000	0.989271
2.665000	0.899187
2.666000	0.628748
2.667000	0.809102
2.668000	0.809102
2.669000	0.899187
2.670000	0.719017
2.671000	0.719017
2.672000	0.628748
2.673000	0.719017
2.674000	0.719017
2.675000	0.899187
2.676000	0.809102
2.677000	0.809102
2.678000	0.719017
2.679000	0.809102
2.680000	0.899187
2.681000	0.989271
2.682000	0.989271
2.683000	0.899187
2.684000	0.899187
2.685000	0.719017
2.686000	0.809102
2.687000	0.809102
2.688000	0.899187
2.689000	0.989271
2.690000	1.169630
2.691000	1.079540
2.692000	0.989271
2.693000	0.989271
2.694000	0.719017
2.695000	0.448578
2.696000	0.628748
2.697000	0.538663
2.698000	0.358309
2.699000	0.358309
2.700000	0.358309
2.701000	0.268224
2.702000	0.358309
2.703000	0.268224
2.704000	0.088054
2.705000	0.358309
2.706000	0.178139
2.707000	0.178139
2.708000	0.268224
2.709000	0.268224
2.710000	0.268224
2.711000	0.178139
2.712000	0.268224
2.713000	0.088054
2.714000	0.268224
2.715000	0.088054
2.716000	0.178139
2.717000	0.358309
2.718000	0.358309
2.719000	0.448578
2.720000	0.268224
2.721000	0.358309
2.722000	0.268224
2.723000	0.358309
2.724000	0.268224
2.725000	0.088054
2.726000	0.088054
2.727000	0.178139
2.728000	0.178139
2.729000	0.268224
2.730000	0.358309
2.731000	0.268224
2.732000	0.448578
2.733000	0.538663
2.734000	0.448578
2.735000	0.448578
2.736000	0.538663
2.737000	0.538663
2.738000	0.719017
2.739000	0.719017
2.740000	0.809102
2.741000	0.628748
2.742000	0.628748
2.743000	0.628748
2.744000	0.628748
2.745000	0.809102
2.746000	0.809102
2.747000	0.809102
2.748000	0.989271
2.749000	0.989271
2.750000	0.989271
2.751000	1.079540
2.752000	1.079540
2.753000	0.899187
2.754000	0.809102
2.755000	0.809102
2.756000	0.719017
2.757000	0.899187
2.758000	0.989271
2.759000	0.899187
2.760000	0.899187
2.761000	0.899187
2.762000	0.719017
2.763000	0.719017
2.764000	0.809102
2.765000	0.628748
2.766000	0.719017
2.767000	0.719017
2.768000	0.899187
2.769000	0.809102
2.770000	0.809102
2.771000	0.809102
2.772000	0.989271
2.773000	0.989271
2.774000	1.079540
2.775000	1.169630
2.776000	1.349980
2.777000	1.259710
2.778000	1.259710
2.779000	1.349980
2.780000	1.349980
2.781000	1.169630
2.782000	1.259710
2.783000	1.079540
2.784000	1.349980
2.785000	1.259710
2.786000	1.259710
2.787000	1.259710
2.788000	1.259710
2.789000	1.169630
2.790000	1.169630
2.791000	1.079540
2.792000	1.079540
2.793000	1.169630
2.794000	1.079540
2.795000	0.989271
2.796000	0.989271
2.797000	0.899187
2.798000	0.989271
2.799000	0.809102
2.800000	0.899187
2.801000	0.989271
2.802000	0.989271
2.803000	0.989271
2.804000	1.169630
2.805000	1.079540
2.806000	1.079540
2.807000	1.079540
2.808000	0.899187
2.809000	0.989271
2.810000	0.899187
2.811000	0.989271
2.812000	0.809102
2.813000	0.899187
2.814000	0.809102
2.815000	0.899187
2.816000	0.899187
2.817000	0.719017
2.818000	0.899187
2.819000	0.809102
2.820000	0.809102
2.821000	0.989271
2.822000	0.899187
2.823000	0.899187
2.824000	0.899187
2.825000	0.628748
2.826000	0.628748
2.827000	0.628748
2.828000	0.448578
2.829000	0.538663
2.830000	0.628748
2.831000	0.719017
2.832000	0.719017
2.833000	0.719017
2.834000	0.719017
2.835000	0.719017
2.836000	0.719017
2.837000	0.809102
2.838000	0.719017
2.839000	0.809102
2.840000	0.899187
2.841000	0.809102
2.842000	0.899187
2.843000	0.719017
2.844000	0.719017
2.845000	0.719017
2.846000	0.628748
2.847000	0.719017
2.848000	0.809102
2.849000	0.719017
2.850000	0.719017
2.851000	0.719017
2.852000	0.719017
2.853000	0.628748
2.854000	0.538663
2.855000	0.448578
2.856000	0.448578
2.857000	0.628748
2.858000	0.628748
2.859000	0.448578
2.860000	0.538663
2.861000	0.538663
2.862000	0.628748
2.863000	0.538663
2.864000	0.448578
2.865000	0.448578
2.866000	0.538663
2.867000	0.448578
2.868000	0.538663
2.869000	0.719017
2.870000	0.628748
2.871000	0.628748
2.872000	0.719017
2.873000	0.538663
2.874000	0.538663
2.875000	0.628748
2.876000	0.628748
2.877000	0.538663
2.878000	0.628748
2.879000	0.448578
2.880000	0.358309
2.881000	0.448578
2.882000	0.178139
2.883000	0.358309
2.884000	0.268224
2.885000	0.268224
2.886000	0.448578
2.887000	0.538663
2.888000	0.538663
2.889000	0.448578
2.890000	0.448578
2.891000	0.538663
2.892000	0.538663
2.893000	0.448578
2.894000	0.448578
2.895000	0.538663
2.896000	0.538663
2.897000	0.538663
2.898000	0.628748
2.899000	0.538663
2.900000	0.719017
2.901000	0.809102
2.902000	0.719017
2.903000	0.628748
2.904000	0.719017
2.905000	0.719017
2.906000	0.719017
2.907000	0.719017
2.908000	0.809102
2.909000	0.719017
2.910000	0.538663
2.911000	0.628748
2.912000	0.809102
2.913000	0.628748
2.914000	0.719017
2.915000	0.628748
2.916000	0.809102
2.917000	0.809102
2.918000	0.719017
2.919000	0.628748
2.920000	0.719017
2.921000	0.719017
2.922000	0.719017
2.923000	0.719017
2.924000	0.809102
2.925000	0.809102
2.926000	0.719017
2.927000	0.719017
2.928000	0.719017
2.929000	0.719017
2.930000	0.719017
2.931000	0.628748
2.932000	0.719017
2.933000	0.809102
2.934000	0.809102
2.935000	0.989271
2.936000	0.809102
2.937000	0.809102
2.938000	0.719017
2.939000	0.628748
2.940000	0.628748
2.941000	0.719017
2.942000	0.719017
2.943000	0.628748
2.944000	0.628748
2.945000	0.719017
2.946000	0.719017
2.947000	0.628748
2.948000	0.628748
2.949000	0.628748
2.950000	0.628748
2.951000	0.628748
2.952000	0.628748
2.953000	0.809102
2.954000	0.719017
2.955000	0.809102
2.956000	0.809102
2.957000	0.899187
2.958000	0.809102
2.959000	0.809102
2.960000	0.719017
2.961000	0.809102
2.962000	0.989271
2.963000	0.899187
2.964000	0.989271
2.965000	1.079540
2.966000	0.989271
2.967000	0.989271
2.968000	0.989271
2.969000	0.989271
2.970000	0.989271
2.971000	0.989271
2.972000	0.989271
2.973000	0.989271
2.974000	1.079540
2.975000	0.899187
2.976000	0.899187
2.977000	0.989271
2.978000	0.809102
2.979000	0.899187
2.980000	0.899187
2.981000	1.079540
2.982000	0.989271
2.983000	0.989271
2.984000	0.989271
2.985000	0.989271
2.986000	0.989271
2.987000	1.079540
2.988000	0.989271
2.989000	1.169630
2.990000	1.079540
2.991000	1.169630
2.992000	0.989271
2.993000	0.989271
2.994000	0.989271
2.995000	0.989271
2.996000	0.899187
2.997000	0.989271
2.998000	0.899187
2.999000	1.079540
3.000000	0.989271
3.001000	1.079540
3.002000	1.169630
3.003000	0.989271
3.004000	0.899187
3.005000	0.899187
3.006000	0.899187
3.007000	0.989271
3.008000	0.989271
3.009000	0.899187
3.010000	0.809102
3.011000	0.899187
3.012000	0.809102
3.013000	0.809102
3.014000	0.899187
3.015000	0.809102
3.016000	0.809102
3.017000	0.899187
3.018000	0.809102
3.019000	0.899187
3.020000	0.809102
3.021000	0.809102
3.022000	0.809102
3.023000	0.719017
3.024000	0.719017
3.025000	0.628748
3.026000	0.628748
3.027000	0.719017
3.028000	0.719017
3.029000	0.809102
3.030000	0.538663
3.031000	0.628748
3.032000	0.538663
3.033000	0.448578
3.034000	0.538663
3.035000	0.538663
3.036000	0.538663
3.037000	0.538663
3.038000	0.358309
3.039000	0.448578
3.040000	0.358309
3.041000	0.358309
3.042000	0.358309
3.043000	0.268224
3.044000	0.268224
3.045000	0.358309
3.046000	0.268224
3.047000	0.358309
3.048000	0.448578
3.049000	0.448578
3.050000	0.358309
3.051000	0.448578
3.052000	0.358309
3.053000	0.268224
3.054000	0.448578
3.055000	0.448578
3.056000	0.448578
3.057000	0.538663
3.058000	0.628748
3.059000	0.358309
3.060000	0.448578
3.061000	0.358309
3.062000	0.358309
3.063000	0.448578
3.064000	0.448578
3.065000	0.358309
3.066000	0.448578
3.067000	0.448578
3.068000	0.538663
3.069000	0.538663
3.070000	0.448578
3.071000	0.628748
3.072000	0.538663
3.073000	0.538663
3.074000	0.538663
3.075000	0.628748
3.076000	0.628748
3.077000	0.538663
3.078000	0.448578
3.079000	0.538663
3.080000	0.628748
3.081000	0.628748
3.082000	0.538663
3.083000	0.628748
3.084000	0.628748
3.085000	0.719017
3.086000	0.809102
3.087000	0.628748
3.088000	0.628748
3.089000	0.628748
3.090000	0.719017
3.091000	0.719017
3.092000	0.719017
3.093000	0.719017
3.094000	0.719017
3.095000	0.628748
3.096000	0.628748
3.097000	0.628748
3.098000	0.628748
3.099000	0.719017
3.100000	0.719017
3.101000	0.719017
3.102000	0.719017
3.103000	0.719017
3.104000	0.719017
3.105000	0.719017
3.106000	0.719017
3.107000	0.628748
3.108000	0.719017
3.109000	0.809102
3.110000	0.899187
3.111000	0.809102
3.112000	0.809102
3.113000	0.989271
3.114000	0.809102
3.115000	0.809102
3.116000	0.899187
3.117000	0.989271
3.118000	0.899187
3.119000	0.989271
3.120000	0.989271
3.121000	0.989271
3.122000	0.989271
3.123000	0.989271
3.124000	0.989271
3.125000	1.079540
3.126000	0.899187
3.127000	0.899187
3.128000	0.899187
3.129000	1.079540
3.130000	0.989271
3.131000	1.079540
3.132000	1.079540
3.133000	1.079540
3.134000	0.989271
3.135000	1.169630
3.136000	1.079540
3.137000	1.079540
3.138000	1.169630
3.139000	1.169630
3.140000	1.079540
3.141000	1.259710
3.142000	1.079540
3.143000	0.989271
3.144000	0.989271
3.145000	0.989271
3.146000	1.079540
3.147000	0.899187
3.148000	1.169630
3.149000	0.989271
3.150000	0.989271
3.151000	0.899187
3.152000	0.899187
3.153000	0.899187
3.154000	0.809102
3.155000	0.719017
3.156000	0.628748
3.157000	0.719017
3.158000	0.809102
3.159000	0.719017
3.160000	0.719017
3.161000	0.628748
3.162000	0.628748
3.163000	0.628748
3.164000	0.628748
3.165000	0.719017
3.166000	0.719017
3.167000	0.628748
3.168000	0.809102
3.169000	0.719017
3.170000	0.809102
3.171000	0.719017
3.172000	0.809102
3.173000	0.899187
3.174000	0.899187
3.175000	0.899187
3.176000	0.899187
3.177000	0.628748
3.178000	0.719017
3.179000	0.719017
3.180000	0.538663
3.181000	0.719017
3.182000	0.538663
3.183000	0.628748
3.184000	0.719017
3.185000	0.809102
3.186000	0.719017
3.187000	0.719017
3.188000	0.719017
3.189000	0.628748
3.190000	0.538663
3.191000	0.448578
3.192000	0.538663
3.193000	0.358309
3.194000	0.358309
3.195000	0.538663
3.196000	0.358309
3.197000	0.358309
3.198000	0.448578
3.199000	0.448578
3.200000	0.358309
3.201000	0.538663
3.202000	0.448578
3.203000	0.538663
3.204000	0.538663
3.205000	0.448578
3.206000	0.448578
3.207000	0.448578
3.208000	0.538663
3.209000	0.538663
3.210000	0.358309
3.211000	0.538663
3.212000	0.538663
3.213000	0.448578
3.214000	0.448578
3.215000	0.538663
3.216000	0.448578
3.217000	0.448578
3.218000	0.448578
3.219000	0.358309
3.220000	0.448578
3.221000	0.358309
3.222000	0.448578
3.223000	0.448578
3.224000	0.358309
3.225000	0.358309
3.226000	0.358309
3.227000	0.268224
3.228000	0.358309
3.229000	0.268224
3.230000	0.358309
3.231000	0.448578
3.232000	0.448578
3.233000	0.448578
3.234000	0.358309
3.235000	0.448578
3.236000	0.448578
3.237000	0.448578
3.238000	0.538663
3.239000	0.538663
3.240000	0.448578
3.241000	0.628748
3.242000	0.538663
3.243000	0.538663
3.244000	0.628748
3.245000	0.628748
3.246000	0.628748
3.247000	0.538663
3.248000	0.538663
3.249000	0.628748
3.250000	0.628748
3.251000	0.809102
3.252000	0.628748
3.253000	0.628748
3.254000	0.538663
3.255000	0.719017
3.256000	0.538663
3.257000	0.628748
3.258000	0.628748
3.259000	0.719017
3.260000	0.628748
3.261000	0.719017
3.262000	0.628748
3.263000	0.538663
3.264000	0.538663
3.265000	0.628748
3.266000	0.538663
3.267000	0.719017
3.268000	0.809102
3.269000	0.719017
3.270000	0.719017
3.271000	0.719017
3.272000	0.719017
3.273000	0.628748
3.274000	0.719017
3.275000	0.448578
3.276000	0.719017
3.277000	0.628748
3.278000	0.628748
3.279000	0.538663
3.280000	0.719017
3.281000	0.628748
3.282000	0.719017
3.283000	0.628748
3.284000	0.628748
3.285000	0.719017
3.286000	0.809102
3.287000	0.809102
3.288000	0.899187
3.289000	0.809102
3.290000	0.899187
3.291000	0.899187
3.292000	0.809102
3.293000	0.989271
3.294000	0.899187
3.295000	0.899187
3.296000	0.989271
3.297000	0.899187
3.298000	0.899187
3.299000	0.989271
3.300000	0.899187
3.301000	0.899187
3.302000	0.989271
3.303000	0.989271
3.304000	0.989271
3.305000	0.989271
3.306000	1.079540
3.307000	0.989271
3.308000	0.989271
3.309000	0.809102
3.310000	0.809102
3.311000	0.899187
3.312000	0.989271
3.313000	0.989271
3.314000	0.809102
3.315000	0.899187
3.316000	0.899187
3.317000	0.989271
3.318000	0.989271
3.319000	0.719017
3.320000	0.719017
3.321000	0.809102
3.322000	0.719017
3.323000	0.719017
3.324000	0.899187
3.325000	0.809102
3.326000	0.719017
3.327000	0.809102
3.328000	0.809102
3.329000	0.628748
3.330000	0.719017
3.331000	0.628748
3.332000	0.899187
3.333000	0.719017
3.334000	0.899187
3.335000	0.809102
3.336000	0.719017
3.337000	0.719017
3.338000	0.719017
3.339000	0.628748
3.340000	0.719017
3.341000	0.719017
3.342000	0.809102
3.343000	0.628748
3.344000	0.719017
3.345000	0.719017
3.346000	0.719017
3.347000	0.628748
3.348000	0.719017
3.349000	0.628748
3.350000	0.628748
3.351000	0.809102
3.352000	0.809102
3.353000	0.628748
3.354000	0.538663
3.355000	0.538663
3.356000	0.538663
3.357000	0.628748
3.358000	0.538663
3.359000	0.538663
3.360000	0.538663
3.361000	0.538663
3.362000	0.448578
3.363000	0.448578
3.364000	0.538663
3.365000	0.448578
3.366000	0.448578
3.367000	0.448578
3.368000	0.358309
3.369000	0.538663
3.370000	0.538663
3.371000	0.538663
3.372000	0.628748
3.373000	0.358309
3.374000	0.538663
3.375000	0.358309
3.376000	0.358309
3.377000	0.268224
3.378000	0.448578
3.379000	0.358309
3.380000	0.268224
3.381000	0.448578
3.382000	0.358309
3.383000	0.358309
3.384000	0.268224
3.385000	0.268224
3.386000	0.268224
3.387000	0.358309
3.388000	0.358309
3.389000	0.448578
3.390000	0.358309
3.391000	0.358309
3.392000	0.358309
3.393000	0.268224
3.394000	0.268224
3.395000	0.268224
3.396000	0.268224
3.397000	0.268224
3.398000	0.358309
3.399000	0.448578
3.400000	0.448578
3.401000	0.448578
3.402000	0.448578
3.403000	0.538663
3.404000	0.538663
3.405000	0.538663
3.406000	0.538663
3.407000	0.628748
3.408000	0.538663
3.409000	0.538663
3.410000	0.628748
3.411000	0.448578
3.412000	0.448578
3.413000	0.538663
3.414000	0.719017
3.415000	0.628748
3.416000	0.809102
3.417000	0.719017
3.418000	0.719017
3.419000	0.719017
3.420000	0.719017
3.421000	0.719017
3.422000	0.628748
3.423000	0.809102
3.424000	0.809102
3.425000	0.809102
3.426000	0.719017
3.427000	0.809102
3.428000	0.809102
3.429000	0.719017
3.430000	0.628748
3.431000	0.719017
3.432000	0.628748
3.433000	0.628748
3.434000	0.719017
3.435000	0.809102
3.436000	0.899187
3.437000	0.809102
3.438000	0.809102
3.439000	0.899187
3.440000	0.899187
3.441000	0.809102
3.442000	0.899187
3.443000	0.628748
3.444000	0.899187
3.445000	0.899187
3.446000	0.809102
3.447000	0.899187
3.448000	0.899187
3.449000	0.989271
3.450000	0.809102
3.451000	0.899187
3.452000	0.899187
3.453000	0.899187
3.454000	0.809102
3.455000	0.899187
3.456000	0.899187
3.457000	0.809102
3.458000	0.899187
3.459000	0.809102
3.460000	0.899187
3.461000	0.719017
3.462000	0.809102
3.463000	0.809102
3.464000	0.809102
3.465000	0.809102
3.466000	0.899187
3.467000	0.809102
3.468000	0.809102
3.469000	0.809102
3.470000	0.899187
3.471000	0.899187
3.472000	0.899187
3.473000	0.899187
3.474000	0.989271
3.475000	0.899187
3.476000	0.809102
3.477000	0.809102
3.478000	0.899187
3.479000	0.899187
3.480000	0.899187
3.481000	0.809102
3.482000	0.809102
3.483000	0.809102
3.484000	0.809102
3.485000	0.809102
3.486000	0.809102
3.487000	0.899187
3.488000	0.899187
3.489000	0.628748
3.490000	0.719017
3.491000	0.899187
3.492000	0.719017
3.493000	0.628748
3.494000	0.628748
3.495000	0.628748
3.496000	0.628748
3.497000	0.628748
3.498000	0.719017
3.499000	0.719017
3.500000	0.809102
3.501000	0.809102
3.502000	0.719017
3.503000	0.809102
3.504000	0.719017
3.505000	0.628748
3.506000	0.719017
3.507000	0.628748
3.508000	0.719017
3.509000	0.719017
3.510000	0.628748
3.511000	0.628748
3.512000	0.538663
3.513000	0.448578
3.514000	0.628748
3.515000	0.719017
3.516000	0.628748
3.517000	0.538663
3.518000	0.628748
3.519000	0.719017
3.520000	0.538663
3.521000	0.719017
3.522000	0.538663
3.523000	0.538663
3.524000	0.358309
3.525000	0.538663
3.526000	0.358309
3.527000	0.448578
3.528000	0.538663
3.529000	0.448578
3.530000	0.628748
3.531000	0.448578
3.532000	0.628748
3.533000	0.448578
3.534000	0.538663
3.535000	0.628748
3.536000	0.538663
3.537000	0.538663
3.538000	0.809102
3.539000	0.628748
3.540000	0.628748
3.541000	0.628748
3.542000	0.628748
3.543000	0.538663
3.544000	0.448578
3.545000	0.538663
3.546000	0.448578
3.547000	0.538663
3.548000	0.538663
3.549000	0.448578
3.550000	0.538663
3.551000	0.538663
3.552000	0.448578
3.553000	0.358309
3.554000	0.358309
3.555000	0.448578
3.556000	0.448578
3.557000	0.448578
3.558000	0.538663
3.559000	0.448578
3.560000	0.448578
3.561000	0.358309
3.562000	0.358309
3.563000	0.538663
3.564000	0.538663
3.565000	0.538663
3.566000	0.538663
3.567000	0.628748
3.568000	0.628748
3.569000	0.628748
3.570000	0.719017
3.571000	0.628748
3.572000	0.719017
3.573000	0.538663
3.574000	0.719017
3.575000	0.628748
3.576000	0.719017
3.577000	0.628748
3.578000	0.628748
3.579000	0.628748
3.580000	0.628748
3.581000	0.448578
3.582000	0.538663
3.583000	0.538663
3.584000	0.448578
3.585000	0.628748
3.586000	0.628748
3.587000	0.538663
3.588000	0.538663
3.589000	0.448578
3.590000	0.538663
3.591000	0.448578
3.592000	0.628748
3.593000	0.538663
3.594000	0.628748
3.595000	0.719017
3.596000	0.628748
3.597000	0.538663
3.598000	0.628748
3.599000	0.538663
3.600000	0.809102
3.601000	0.719017
3.602000	0.719017
3.603000	0.719017
3.604000	0.719017
3.605000	0.809102
3.606000	0.809102
3.607000	0.719017
3.608000	0.719017
3.609000	0.719017
3.610000	0.719017
3.611000	0.809102
3.612000	0.719017
3.613000	0.719017
3.614000	0.628748
3.615000	0.719017
3.616000	0.719017
3.617000	0.628748
3.618000	0.628748
3.619000	0.628748
3.620000	0.628748
3.621000	0.809102
3.622000	0.809102
3.623000	0.628748
3.624000	0.719017
3.625000	0.538663
3.626000	0.719017
3.627000	0.538663
3.628000	0.809102
3.629000	0.809102
3.630000	0.719017
3.631000	0.899187
3.632000	0.809102
3.633000	0.989271
3.634000	0.899187
3.635000	0.809102
3.636000	0.899187
3.637000	0.809102
3.638000	0.809102
3.639000	0.809102
3.640000	0.719017
3.641000	0.809102
3.642000	0.809102
3.643000	0.719017
3.644000	0.809102
3.645000	0.719017
3.646000	0.628748
3.647000	0.628748
3.648000	0.628748
3.649000	0.628748
3.650000	0.719017
3.651000	0.809102
3.652000	0.719017
3.653000	0.628748
3.654000	0.628748
3.655000	0.719017
3.656000	0.719017
3.657000	0.809102
3.658000	0.809102
3.659000	0.628748
3.660000	0.719017
3.661000	0.719017
3.662000	0.628748
3.663000	0.809102
3.664000	0.719017
3.665000	0.719017
3.666000	0.809102
3.667000	0.809102
3.668000	0.719017
3.669000	0.809102
3.670000	0.809102
3.671000	0.899187
3.672000	0.809102
3.673000	0.809102
3.674000	0.809102
3.675000	0.809102
3.676000	0.809102
3.677000	0.719017
3.678000	0.628748
3.679000	0.719017
3.680000	0.628748
3.681000	0.719017
3.682000	0.719017
3.683000	0.628748
3.684000	0.628748
3.685000	0.719017
3.686000	0.628748
3.687000	0.448578
3.688000	0.628748
3.689000	0.538663
3.690000	0.448578
3.691000	0.628748
3.692000	0.538663
3.693000	0.538663
3.694000	0.448578
3.695000	0.538663
3.696000	0.628748
3.697000	0.628748
3.698000	0.448578
3.699000	0.448578
3.700000	0.538663
3.701000	0.538663
3.702000	0.628748
3.703000	0.628748
3.704000	0.628748
3.705000	0.628748
3.706000	0.448578
3.707000	0.448578
3.708000	0.448578
3.709000	0.268224
3.710000	0.268224
3.711000	0.448578
3.712000	0.358309
3.713000	0.448578
3.714000	0.448578
3.715000	0.448578
3.716000	0.448578
3.717000	0.448578
3.718000	0.448578
3.719000	0.448578
3.720000	0.358309
3.721000	0.538663
3.722000	0.538663
3.723000	0.448578
3.724000	0.448578
3.725000	0.358309
3.726000	0.538663
3.727000	0.358309
3.728000	0.448578
3.729000	0.358309
3.730000	0.448578
3.731000	0.628748
3.732000	0.448578
3.733000	0.538663
3.734000	0.538663
3.735000	0.538663
3.736000	0.538663
3.737000	0.448578
3.738000	0.448578
3.739000	0.538663
3.740000	0.448578
3.741000	0.538663
3.742000	0.538663
3.743000	0.448578
3.744000	0.448578
3.745000	0.538663
3.746000	0.448578
3.747000	0.448578
3.748000	0.448578
3.749000	0.448578
3.750000	0.538663
3.751000	0.628748
3.752000	0.628748
3.753000	0.628748
3.754000	0.538663
3.755000	0.628748
3.756000	0.628748
3.757000	0.628748
3.758000	0.628748
3.759000	0.628748
3.760000	0.719017
3.761000	0.719017
3.762000	0.628748
3.763000	0.719017
3.764000	0.719017
3.765000	0.809102
3.766000	0.628748
3.767000	0.628748
3.768000	0.719017
3.769000	0.719017
3.770000	0.719017
3.771000	0.719017
3.772000	0.809102
3.773000	0.719017
3.774000	0.809102
3.775000	0.719017
3.776000	0.719017
3.777000	0.628748
3.778000	0.719017
3.779000	0.719017
3.780000	0.628748
3.781000	0.719017
3.782000	0.719017
3.783000	0.809102
3.784000	0.809102
3.785000	0.809102
3.786000	0.809102
3.787000	0.809102
3.788000	0.809102
3.789000	0.899187
3.790000	0.899187
3.791000	0.899187
3.792000	0.809102
3.793000	0.809102
3.794000	0.809102
3.795000	0.899187
3.796000	0.809102
3.797000	0.809102
3.798000	0.899187
3.799000	0.899187
3.800000	0.899187
3.801000	0.899187
3.802000	0.809102
3.803000	0.899187
3.804000	0.809102
3.805000	0.899187
3.806000	0.989271
3.807000	0.809102
3.808000	0.809102
3.809000	0.719017
3.810000	0.719017
3.811000	0.809102
3.812000	0.628748
3.813000	0.719017
3.814000	0.628748
3.815000	0.628748
3.816000	0.899187
3.817000	0.809102
3.818000	0.719017
3.819000	0.899187
3.820000	0.628748
3.821000	0.538663
3.822000	0.628748
3.823000	0.719017
3.824000	0.809102
3.825000	0.719017
3.826000	0.719017
3.827000	0.628748
3.828000	0.719017
3.829000	0.719017
3.830000	0.719017
3.831000	0.719017
3.832000	0.809102
3.833000	0.628748
3.834000	0.719017
3.835000	0.719017
3.836000	0.628748
3.837000	0.628748
3.838000	0.719017
3.839000	0.719017
3.840000	0.628748
3.841000	0.809102
3.842000	0.628748
3.843000	0.628748
3.844000	0.538663
3.845000	0.719017
3.846000	0.538663
3.847000	0.628748
3.848000	0.628748
3.849000	0.628748
3.850000	0.719017
3.851000	0.628748
3.852000	0.628748
3.853000	0.538663
3.854000	0.538663
3.855000	0.538663
3.856000	0.538663
3.857000	0.448578
3.858000	0.538663
3.859000	0.538663
3.860000	0.358309
3.861000	0.448578
3.862000	0.358309
3.863000	0.448578
3.864000	0.448578
3.865000	0.628748
3.866000	0.628748
3.867000	0.448578
3.868000	0.448578
3.869000	0.358309
3.870000	0.538663
3.871000	0.538663
3.872000	0.538663
3.873000	0.358309
3.874000	0.538663
3.875000	0.538663
3.876000	0.358309
3.877000	0.448578
3.878000	0.268224
3.879000	0.358309
3.880000	0.538663
3.881000	0.448578
3.882000	0.448578
3.883000	0.448578
3.884000	0.448578
3.885000	0.358309
3.886000	0.358309
3.887000	0.538663
3.888000	0.448578
3.889000	0.448578
3.890000	0.448578
3.891000	0.448578
3.892000	0.448578
3.893000	0.448578
3.894000	0.448578
3.895000	0.358309
3.896000	0.358309
3.897000	0.358309
3.898000	0.358309
3.899000	0.538663
3.900000	0.538663
3.901000	0.538663
3.902000	0.538663
3.903000	0.538663
3.904000	0.448578
3.905000	0.628748
3.906000	0.719017
3.907000	0.538663
3.908000	0.538663
3.909000	0.538663
3.910000	0.448578
3.911000	0.538663
3.912000	0.538663
3.913000	0.538663
3.914000	0.628748
3.915000	0.628748
3.916000	0.448578
3.917000	0.628748
3.918000	0.628748
3.919000	0.628748
3.920000	0.448578
3.921000	0.628748
3.922000	0.719017
3.923000	0.538663
3.924000	0.628748
3.925000	0.628748
3.926000	0.719017
3.927000	0.628748
3.928000	0.628748
3.929000	0.628748
3.930000	0.628748
3.931000	0.719017
3.932000	0.719017
3.933000	0.719017
3.934000	0.628748
3.935000	0.628748
3.936000	0.719017
3.937000	0.809102
3.938000	0.719017
3.939000	0.719017
3.940000	0.719017
3.941000	0.809102
3.942000	0.809102
3.943000	0.719017
3.944000	0.719017
3.945000	0.719017
3.946000	0.719017
3.947000	0.809102
3.948000	0.719017
3.949000	0.809102
3.950000	0.809102
3.951000	0.809102
3.952000	0.899187
3.953000	0.809102
3.954000	0.809102
3.955000	0.809102
3.956000	0.719017
3.957000	0.899187
3.958000	0.719017
3.959000	0.809102
3.960000	0.809102
3.961000	0.809102
3.962000	0.809102
3.963000	0.719017
3.964000	0.809102
3.965000	0.899187
3.966000	0.809102
3.967000	0.899187
3.968000	0.809102
3.969000	0.809102
3.970000	0.809102
3.971000	0.719017
3.972000	0.809102
3.973000	0.899187
3.974000	0.899187
3.975000	0.899187
3.976000	0.809102
3.977000	0.899187
3.978000	0.809102
3.979000	0.809102
3.980000	0.899187
3.981000	0.809102
3.982000	0.899187
3.983000	0.809102
3.984000	0.899187
3.985000	0.809102
3.986000	0.809102
3.987000	0.809102
3.988000	0.719017
3.989000	0.719017
3.990000	0.719017
3.991000	0.719017
3.992000	0.538663
3.993000	0.628748
3.994000	0.628748
3.995000	0.628748
3.996000	0.719017
3.997000	0.809102
3.998000	0.719017
3.999000	0.538663
4.000000	0.538663
4.001000	0.628748
4.002000	0.719017
4.003000	0.628748
4.004000	0.628748
4.005000	0.538663
4.006000	0.628748
4.007000	0.538663
4.008000	0.628748
4.009000	0.538663
4.010000	0.538663
4.011000	0.628748
4.012000	0.538663
4.013000	0.628748
4.014000	0.538663
4.015000	0.628748
4.016000	0.538663
4.017000	0.448578
4.018000	0.538663
4.019000	0.538663
4.020000	0.538663
4.021000	0.538663
4.022000	0.538663
4.023000	0.538663
4.024000	0.538663
4.025000	0.538663
4.026000	0.538663
4.027000	0.448578
4.028000	0.358309
4.029000	0.448578
4.030000	0.448578
4.031000	0.628748
4.032000	0.448578
4.033000	0.448578
4.034000	0.448578
4.035000	0.448578
4.036000	0.448578
4.037000	0.358309
4.038000	0.358309
4.039000	0.358309
4.040000	0.358309
4.041000	0.448578
4.042000	0.448578
4.043000	0.448578
4.044000	0.448578
4.045000	0.358309
4.046000	0.358309
4.047000	0.358309
4.048000	0.358309
4.049000	0.358309
4.050000	0.448578
4.051000	0.538663
4.052000	0.448578
4.053000	0.448578
4.054000	0.448578
4.055000	0.448578
4.056000	0.448578
4.057000	0.538663
4.058000	0.448578
4.059000	0.538663
4.060000	0.448578
4.061000	0.448578
4.062000	0.448578
4.063000	0.448578
4.064000	0.448578
4.065000	0.538663
4.066000	0.448578
4.067000	0.538663
4.068000	0.448578
4.069000	0.538663
4.070000	0.538663
4.071000	0.538663
4.072000	0.448578
4.073000	0.628748
4.074000	0.628748
4.075000	0.719017
4.076000	0.628748
4.077000	0.628748
4.078000	0.628748
4.079000	0.719017
4.080000	0.538663
4.081000	0.809102
4.082000	0.628748
4.083000	0.628748
4.084000	0.719017
4.085000	0.628748
4.086000	0.719017
4.087000	0.719017
4.088000	0.628748
4.089000	0.809102
4.090000	0.719017
4.091000	0.719017
4.092000	0.719017
4.093000	0.719017
4.094000	0.809102
4.095000	0.628748
4.096000	0.809102
4.097000	0.719017
4.098000	0.809102
4.099000	0.719017
4.100000	0.719017
4.101000	0.809102
4.102000	0.809102
4.103000	0.809102
4.104000	0.809102
4.105000	0.899187
4.106000	0.899187
4.107000	0.719017
4.108000	0.719017
4.109000	0.809102
4.110000	0.899187
4.111000	0.809102
4.112000	0.809102
4.113000	0.809102
4.114000	0.809102
4.115000	0.809102
4.116000	0.809102
4.117000	0.719017
4.118000	0.899187
4.119000	0.899187
4.120000	0.809102
4.121000	0.899187
4.122000	0.899187
4.123000	0.809102
4.124000	0.719017
4.125000	0.809102
4.126000	0.719017
4.127000	0.719017
4.128000	0.628748
4.129000	0.809102
4.130000	0.719017
4.131000	0.899187
4.132000	0.809102
4.133000	0.809102
4.134000	0.809102
4.135000	0.899187
4.136000	0.719017
4.137000	0.809102
4.138000	0.809102
4.139000	0.809102
4.140000	0.899187
4.141000	0.899187
4.142000	0.899187
4.143000	0.809102
4.144000	0.899187
4.145000	0.628748
4.146000	0.719017
4.147000	0.809102
4.148000	0.719017
4.149000	0.628748
4.150000	0.719017
4.151000	0.719017
4.152000	0.809102
4.153000	0.719017
4.154000	0.628748
4.155000	0.809102
4.156000	0.628748
4.157000	0.538663
4.158000	0.809102
4.159000	0.538663
4.160000	0.538663
4.161000	0.628748
4.162000	0.628748
4.163000	0.538663
4.164000	0.628748
4.165000	0.538663
4.166000	0.538663
4.167000	0.628748
4.168000	0.628748
4.169000	0.628748
4.170000	0.538663
4.171000	0.628748
4.172000	0.719017
4.173000	0.538663
4.174000	0.538663
4.175000	0.538663
4.176000	0.448578
4.177000	0.538663
4.178000	0.628748
4.179000	0.628748
4.180000	0.719017
4.181000	0.538663
4.182000	0.628748
4.183000	0.538663
4.184000	0.538663
4.185000	0.538663
4.186000	0.358309
4.187000	0.628748
4.188000	0.538663
4.189000	0.538663
4.190000	0.538663
4.191000	0.538663
4.192000	0.448578
4.193000	0.448578
4.194000	0.448578
4.195000	0.448578
4.196000	0.538663
4.197000	0.448578
4.198000	0.448578
4.199000	0.358309
4.200000	0.538663
4.201000	0.628748
4.202000	0.538663
4.203000	0.538663
4.204000	0.448578
4.205000	0.538663
4.206000	0.628748
4.207000	0.448578
4.208000	0.538663
4.209000	0.538663
4.210000	0.358309
4.211000	0.448578
4.212000	0.538663
4.213000	0.448578
4.214000	0.538663
4.215000	0.448578
4.216000	0.448578
4.217000	0.448578
4.218000	0.628748
4.219000	0.538663
4.220000	0.538663
4.221000	0.448578
4.222000	0.628748
4.223000	0.538663
4.224000	0.628748
4.225000	0.628748
4.226000	0.538663
4.227000	0.448578
4.228000	0.448578
4.229000	0.628748
4.230000	0.448578
4.231000	0.628748
4.232000	0.628748
4.233000	0.448578
4.234000	0.628748
4.235000	0.538663
4.236000	0.628748
4.237000	0.538663
4.238000	0.538663
4.239000	0.538663
4.240000	0.538663
4.241000	0.628748
4.242000	0.628748
4.243000	0.628748
4.244000	0.538663
4.245000	0.538663
4.246000	0.538663
4.247000	0.538663
4.248000	0.809102
4.249000	0.719017
4.250000	0.719017
4.251000	0.719017
4.252000	0.719017
4.253000	0.719017
4.254000	0.628748
4.255000	0.719017
4.256000	0.719017
4.257000	0.719017
4.258000	0.719017
4.259000	0.538663
4.260000	0.628748
4.261000	0.538663
4.262000	0.628748
4.263000	0.538663
4.264000	0.719017
4.265000	0.809102
4.266000	0.628748
4.267000	0.628748
4.268000	0.719017
4.269000	0.719017
4.270000	0.719017
4.271000	0.719017
4.272000	0.719017
4.273000	0.719017
4.274000	0.719017
4.275000	0.719017
4.276000	0.538663
4.277000	0.719017
4.278000	0.719017
4.279000	0.628748
4.280000	0.628748
4.281000	0.719017
4.282000	0.628748
4.283000	0.719017
4.284000	0.719017
4.285000	0.809102
4.286000	0.719017
4.287000	0.809102
4.288000	0.809102
4.289000	0.809102
4.290000	0.719017
4.291000	0.809102
4.292000	0.628748
4.293000	0.719017
4.294000	0.719017
4.295000	0.719017
4.296000	0.719017
4.297000	0.719017
4.298000	0.719017
4.299000	0.719017
4.300000	0.719017
4.301000	0.809102
4.302000	0.809102
4.303000	0.809102
4.304000	0.809102
4.305000	0.809102
4.306000	0.719017
4.307000	0.809102
4.308000	0.809102
4.309000	0.809102
4.310000	0.628748
4.311000	0.719017
4.312000	0.719017
4.313000	0.719017
4.314000	0.628748
4.315000	0.809102
4.316000	0.809102
4.317000	0.809102
4.318000	0.809102
4.319000	0.809102
4.320000	0.719017
4.321000	0.719017
4.322000	0.719017
4.323000	0.719017
4.324000	0.719017
4.325000	0.719017
4.326000	0.719017
4.327000	0.628748
4.328000	0.719017
4.329000	0.809102
4.330000	0.719017
4.331000	0.719017
4.332000	0.719017
4.333000	0.809102
4.334000	0.719017
4.335000	0.719017
4.336000	0.719017
4.337000	0.628748
4.338000	0.719017
4.339000	0.628748
4.340000	0.538663
4.341000	0.719017
4.342000	0.628748
4.343000	0.628748
4.344000	0.538663
4.345000	0.628748
4.346000	0.628748
4.347000	0.719017
4.348000	0.809102
4.349000	0.628748
4.350000	0.628748
4.351000	0.538663
4.352000	0.538663
4.353000	0.448578
4.354000	0.538663
4.355000	0.448578
4.356000	0.358309
4.357000	0.538663
4.358000	0.448578
4.359000	0.628748
4.360000	0.448578
4.361000	0.538663
4.362000	0.448578
4.363000	0.448578
4.364000	0.538663
4.365000	0.448578
4.366000	0.448578
4.367000	0.538663
4.368000	0.538663
4.369000	0.538663
4.370000	0.628748
4.371000	0.358309
4.372000	0.448578
4.373000	0.628748
4.374000	0.538663
4.375000	0.538663
4.376000	0.538663
4.377000	0.448578
4.378000	0.448578
4.379000	0.538663
4.380000	0.538663
4.381000	0.538663
4.382000	0.448578
4.383000	0.448578
4.384000	0.628748
4.385000	0.448578
4.386000	0.538663
4.387000	0.628748
4.388000	0.628748
4.389000	0.538663
4.390000	0.448578
4.391000	0.628748
4.392000	0.538663
4.393000	0.628748
4.394000	0.538663
4.395000	0.538663
4.396000	0.448578
4.397000	0.448578
4.398000	0.448578
4.399000	0.538663
4.400000	0.538663
4.401000	0.538663
4.402000	0.448578
4.403000	0.538663
4.404000	0.538663
4.405000	0.628748
4.406000	0.628748
4.407000	0.538663
4.408000	0.628748
4.409000	0.628748
4.410000	0.628748
4.411000	0.628748
4.412000	0.719017
4.413000	0.628748
4.414000	0.719017
4.415000	0.628748
4.416000	0.628748
4.417000	0.628748
4.418000	0.628748
4.419000	0.719017
4.420000	0.538663
4.421000	0.628748
4.422000	0.628748
4.423000	0.538663
4.424000	0.628748
4.425000	0.719017
4.426000	0.628748
4.427000	0.628748
4.428000	0.538663
4.429000	0.538663
4.430000	0.538663
4.431000	0.628748
4.432000	0.719017
4.433000	0.719017
4.434000	0.719017
4.435000	0.719017
4.436000	0.628748
4.437000	0.719017
4.438000	0.719017
4.439000	0.719017
4.440000	0.719017
4.441000	0.719017
4.442000	0.719017
4.443000	0.628748
4.444000	0.628748
4.445000	0.809102
4.446000	0.719017
4.447000	0.809102
4.448000	0.719017
4.449000	0.628748
4.450000	0.719017
4.451000	0.899187
4.452000	0.809102
4.453000	0.719017
4.454000	0.719017
4.455000	0.809102
4.456000	0.809102
4.457000	0.809102
4.458000	0.809102
4.459000	0.719017
4.460000	0.719017
4.461000	0.719017
4.462000	0.719017
4.463000	0.809102
4.464000	0.809102
4.465000	0.809102
4.466000	0.719017
4.467000	0.719017
4.468000	0.809102
4.469000	0.809102
4.470000	0.719017
4.471000	0.809102
4.472000	0.809102
4.473000	0.899187
4.474000	0.899187
4.475000	0.809102
4.476000	0.899187
4.477000	0.719017
4.478000	0.719017
4.479000	0.628748
4.480000	0.719017
4.481000	0.719017
4.482000	0.809102
4.483000	0.628748
4.484000	0.809102
4.485000	0.809102
4.486000	0.628748
4.487000	0.719017
4.488000	0.719017
4.489000	0.719017
4.490000	0.628748
4.491000	0.628748
4.492000	0.628748
4.493000	0.628748
4.494000	0.719017
4.495000	0.719017
4.496000	0.719017
4.497000	0.719017
4.498000	0.538663
4.499000	0.538663
4.500000	0.719017
4.501000	0.628748
4.502000	0.628748
4.503000	0.628748
4.504000	0.719017
4.505000	0.628748
4.506000	0.628748
4.507000	0.628748
4.508000	0.719017
4.509000	0.628748
4.510000	0.538663
4.511000	0.538663
4.512000	0.538663
4.513000	0.628748
4.514000	0.628748
4.515000	0.628748
4.516000	0.628748
4.517000	0.538663
4.518000	0.628748
4.519000	0.628748
4.520000	0.628748
4.521000	0.628748
4.522000	0.628748
4.523000	0.538663
4.524000	0.628748
4.525000	0.538663
4.526000	0.628748
4.527000	0.448578
4.528000	0.448578
4.529000	0.448578
4.530000	0.448578
4.531000	0.628748
4.532000	0.448578
4.533000	0.538663
4.534000	0.628748
4.535000	0.628748
4.536000	0.628748
4.537000	0.628748
4.538000	0.538663
4.539000	0.628748
4.540000	0.628748
4.541000	0.628748
4.542000	0.628748
4.543000	0.538663
4.544000	0.448578
4.545000	0.538663
4.546000	0.538663
4.547000	0.538663
4.548000	0.628748
4.549000	0.358309
4.550000	0.538663
4.551000	0.448578
4.552000	0.538663
4.553000	0.538663
4.554000	0.628748
4.555000	0.538663
4.556000	0.448578
4.557000	0.538663
4.558000	0.448578
4.559000	0.448578
4.560000	0.448578
4.561000	0.448578
4.562000	0.538663
4.563000	0.538663
4.564000	0.538663
4.565000	0.628748
4.566000	0.628748
4.567000	0.538663
4.568000	0.538663
4.569000	0.628748
4.570000	0.628748
4.571000	0.628748
4.572000	0.538663
4.573000	0.628748
4.574000	0.538663
4.575000	0.538663
4.576000	0.448578
4.577000	0.538663
4.578000	0.448578
4.579000	0.448578
4.580000	0.628748
4.581000	0.538663
4.582000	0.628748
4.583000	0.628748
4.584000	0.538663
4.585000	0.628748
4.586000	0.628748
4.587000	0.538663
4.588000	0.538663
4.589000	0.628748
4.590000	0.719017
4.591000	0.809102
4.592000	0.628748
4.593000	0.538663
4.594000	0.538663
4.595000	0.538663
4.596000	0.628748
4.597000	0.719017
4.598000	0.719017
4.599000	0.719017
4.600000	0.719017
4.601000	0.719017
4.602000	0.719017
4.603000	0.628748
4.604000	0.719017
4.605000	0.719017
4.606000	0.719017
4.607000	0.809102
4.608000	0.809102
4.609000	0.809102
4.610000	0.628748
4.611000	0.719017
4.612000	0.628748
4.613000	0.719017
4.614000	0.809102
4.615000	0.628748
4.616000	0.628748
4.617000	0.809102
4.618000	0.719017
4.619000	0.719017
4.620000	0.719017
4.621000	0.719017
4.622000	0.899187
4.623000	0.719017
4.624000	0.809102
4.625000	0.719017
4.626000	0.809102
4.627000	0.809102
4.628000	0.809102
4.629000	0.809102
4.630000	0.809102
4.631000	0.809102
4.632000	0.719017
4.633000	0.628748
4.634000	0.809102
4.635000	0.989271
4.636000	0.899187
4.637000	0.899187
4.638000	0.809102
4.639000	0.809102
4.640000	0.719017
4.641000	0.719017
4.642000	0.719017
4.643000	0.809102
4.644000	0.809102
4.645000	0.809102
4.646000	0.719017
4.647000	0.538663
4.648000	0.538663
4.649000	0.538663
4.650000	0.628748
4.651000	0.719017
4.652000	0.899187
4.653000	0.809102
4.654000	0.719017
4.655000	0.628748
4.656000	0.628748
4.657000	0.628748
4.658000	0.809102
4.659000	0.809102
4.660000	0.628748
4.661000	0.809102
4.662000	0.719017
4.663000	0.628748
4.664000	0.719017
4.665000	0.628748
4.666000	0.719017
4.667000	0.809102
4.668000	0.719017
4.669000	0.719017
4.670000	0.628748
4.671000	0.448578
4.672000	0.448578
4.673000	0.719017
4.674000	0.628748
4.675000	0.538663
4.676000	0.628748
4.677000	0.538663
4.678000	0.448578
4.679000	0.448578
4.680000	0.538663
4.681000	0.628748
4.682000	0.538663
4.683000	0.538663
4.684000	0.628748
4.685000	0.628748
4.686000	0.448578
4.687000	0.628748
4.688000	0.719017
4.689000	0.719017
4.690000	0.628748
4.691000	0.809102
4.692000	0.719017
4.693000	0.628748
4.694000	0.719017
4.695000	0.538663
4.696000	0.538663
4.697000	0.628748
4.698000	0.719017
4.699000	0.628748
4.700000	0.538663
4.701000	0.538663
4.702000	0.448578
4.703000	0.448578
4.704000	0.358309
4.705000	0.448578
4.706000	0.358309
4.707000	0.448578
4.708000	0.358309
4.709000	0.448578
4.710000	0.358309
4.711000	0.358309
4.712000	0.358309
4.713000	0.358309
4.714000	0.358309
4.715000	0.448578
4.716000	0.448578
4.717000	0.448578
4.718000	0.538663
4.719000	0.448578
4.720000	0.538663
4.721000	0.628748
4.722000	0.538663
4.723000	0.538663
4.724000	0.628748
4.725000	0.628748
4.726000	0.538663
4.727000	0.628748
4.728000	0.538663
4.729000	0.628748
4.730000	0.628748
4.731000	0.538663
4.732000	0.538663
4.733000	0.538663
4.734000	0.719017
4.735000	0.538663
4.736000	0.448578
4.737000	0.628748
4.738000	0.538663
4.739000	0.538663
4.740000	0.448578
4.741000	0.628748
4.742000	0.538663
4.743000	0.538663
4.744000	0.538663
4.745000	0.538663
4.746000	0.628748
4.747000	0.628748
4.748000	0.719017
4.749000	0.719017
4.750000	0.719017
4.751000	0.719017
4.752000	0.719017
4.753000	0.809102
4.754000	0.809102
4.755000	0.809102
4.756000	0.809102
4.757000	0.899187
4.758000	0.719017
4.759000	0.809102
4.760000	0.628748
4.761000	0.538663
4.762000	0.628748
4.763000	0.809102
4.764000	0.719017
4.765000	0.628748
4.766000	0.628748
4.767000	0.719017
4.768000	0.628748
4.769000	0.628748
4.770000	0.628748
4.771000	0.719017
4.772000	0.628748
4.773000	0.719017
4.774000	0.719017
4.775000	0.719017
4.776000	0.628748
4.777000	0.628748
4.778000	0.719017
4.779000	0.628748
4.780000	0.719017
4.781000	0.719017
4.782000	0.809102
4.783000	0.719017
4.784000	0.809102
4.785000	0.809102
4.786000	0.899187
4.787000	0.809102
4.788000	0.899187
4.789000	0.899187
4.790000	0.899187
4.791000	0.809102
4.792000	0.628748
4.793000	0.719017
4.794000	0.719017
4.795000	0.719017
4.796000	0.719017
4.797000	0.628748
4.798000	0.719017
4.799000	0.628748
4.800000	0.719017
4.801000	0.719017
4.802000	0.628748
4.803000	0.719017
4.804000	0.628748
4.805000	0.538663
4.806000	0.628748
4.807000	0.628748
4.808000	0.538663
4.809000	0.719017
4.810000	0.719017
4.811000	0.719017
4.812000	0.719017
4.813000	0.809102
4.814000	0.628748
4.815000	0.719017
4.816000	0.719017
4.817000	0.719017
4.818000	0.809102
4.819000	0.719017
4.820000	0.809102
4.821000	0.809102
4.822000	0.628748
4.823000	0.719017
4.824000	0.628748
4.825000	0.719017
4.826000	0.628748
4.827000	0.538663
4.828000	0.448578
4.829000	0.538663
4.830000	0.628748
4.831000	0.628748
4.832000	0.538663
4.833000	0.448578
4.834000	0.538663
4.835000	0.538663
4.836000	0.628748
4.837000	0.628748
4.838000	0.448578
4.839000	0.538663
4.840000	0.628748
4.841000	0.628748
4.842000	0.628748
4.843000	0.628748
4.844000	0.538663
4.845000	0.628748
4.846000	0.628748
4.847000	0.628748
4.848000	0.719017
4.849000	0.628748
4.850000	0.628748
4.851000	0.628748
4.852000	0.628748
4.853000	0.628748
4.854000	0.719017
4.855000	0.628748
4.856000	0.628748
4.857000	0.628748
4.858000	0.538663
4.859000	0.628748
4.860000	0.538663
4.861000	0.538663
4.862000	0.538663
4.863000	0.448578
4.864000	0.358309
4.865000	0.538663
4.866000	0.538663
4.867000	0.538663
4.868000	0.538663
4.869000	0.538663
4.870000	0.538663
4.871000	0.628748
4.872000	0.538663
4.873000	0.448578
4.874000	0.538663
4.875000	0.448578
4.876000	0.448578
4.877000	0.448578
4.878000	0.628748
4.879000	0.538663
4.880000	0.719017
4.881000	0.538663
4.882000	0.809102
4.883000	0.538663
4.884000	0.719017
4.885000	0.719017
4.886000	0.628748
4.887000	0.448578
4.888000	0.538663
4.889000	0.628748
4.890000	0.448578
4.891000	0.628748
4.892000	0.538663
4.893000	0.538663
4.894000	0.628748
4.895000	0.538663
4.896000	0.538663
4.897000	0.538663
4.898000	0.448578
4.899000	0.719017
4.900000	0.538663
4.901000	0.538663
4.902000	0.628748
4.903000	0.719017
4.904000	0.628748
4.905000	0.628748
4.906000	0.719017
4.907000	0.628748
4.908000	0.719017
4.909000	0.538663
4.910000	0.538663
4.911000	0.719017
4.912000	0.538663
4.913000	0.628748
4.914000	0.719017
4.915000	0.538663
4.916000	0.628748
4.917000	0.719017
4.918000	0.719017
4.919000	0.628748
4.920000	0.628748
4.921000	0.628748
4.922000	0.628748
4.923000	0.628748
4.924000	0.628748
4.925000	0.538663
4.926000	0.538663
4.927000	0.628748
4.928000	0.628748
4.929000	0.538663
4.930000	0.628748
4.931000	0.628748
4.932000	0.719017
4.933000	0.719017
4.934000	0.719017
4.935000	0.628748
4.936000	0.719017
4.937000	0.719017
4.938000	0.719017
4.939000	0.809102
4.940000	0.719017
4.941000	0.719017
4.942000	0.719017
4.943000	0.809102
4.944000	0.719017
4.945000	0.809102
4.946000	0.628748
4.947000	0.719017
4.948000	0.809102
4.949000	0.628748
4.950000	0.719017
4.951000	0.809102
4.952000	0.719017
4.953000	0.719017
4.954000	0.719017
4.955000	0.628748
4.956000	0.628748
4.957000	0.719017
4.958000	0.809102
4.959000	0.628748
4.960000	0.719017
4.961000	0.719017
4.962000	0.628748
4.963000	0.719017
4.964000	0.538663
4.965000	0.628748
4.966000	0.719017
4.967000	0.628748
4.968000	0.719017
4.969000	0.719017
4.970000	0.628748
4.971000	0.719017
4.972000	0.628748
4.973000	0.628748
4.974000	0.628748
4.975000	0.628748
4.976000	0.719017
4.977000	0.719017
4.978000	0.719017
4.979000	0.719017
4.980000	0.719017
4.981000	0.809102
4.982000	0.809102
4.983000	0.719017
4.984000	0.719017
4.985000	0.719017
4.986000	0.628748
4.987000	0.809102
4.988000	0.719017
4.989000	0.628748
4.990000	0.538663
4.991000	0.719017
4.992000	0.538663
4.993000	0.538663
4.994000	0.628748
4.995000	0.538663
4.996000	0.538663
4.997000	0.538663
4.998000	0.538663
4.999000	0.538663
5.000000	0.628748
5.001000	0.628748
5.002000	0.719017
5.003000	0.538663
5.004000	0.538663
5.005000	0.628748
5.006000	0.538663
5.007000	0.719017
5.008000	0.628748
5.009000	0.538663
5.010000	0.448578
5.011000	0.538663
5.012000	0.719017
5.013000	0.538663
5.014000	0.719017
5.015000	0.628748
5.016000	0.719017
5.017000	0.719017
5.018000	0.628748
5.019000	0.628748
5.020000	0.719017
5.021000	0.719017
5.022000	0.628748
5.023000	0.628748
5.024000	0.628748
5.025000	0.538663
5.026000	0.719017
5.027000	0.538663
5.028000	0.448578
5.029000	0.538663
5.030000	0.448578
5.031000	0.538663
5.032000	0.448578
5.033000	0.538663
5.034000	0.628748
5.035000	0.719017
5.036000	0.628748
5.037000	0.538663
5.038000	0.538663
5.039000	0.448578
5.040000	0.628748
5.041000	0.719017
5.042000	0.448578
5.043000	0.538663
5.044000	0.538663
5.045000	0.448578
5.046000	0.538663
5.047000	0.448578
5.048000	0.628748
5.049000	0.538663
5.050000	0.448578
5.051000	0.538663
5.052000	0.719017
5.053000	0.719017
5.054000	0.719017
5.055000	0.719017
5.056000	0.538663
5.057000	0.628748
5.058000	0.628748
5.059000	0.538663
5.060000	0.538663
5.061000	0.538663
5.062000	0.628748
5.063000	0.628748
5.064000	0.538663
5.065000	0.538663
5.066000	0.538663
5.067000	0.628748
5.068000	0.538663
5.069000	0.448578
5.070000	0.628748
5.071000	0.538663
5.072000	0.538663
5.073000	0.628748
5.074000	0.628748
5.075000	0.628748
5.076000	0.628748
5.077000	0.538663
5.078000	0.628748
5.079000	0.538663
5.080000	0.538663
5.081000	0.628748
5.082000	0.719017
5.083000	0.628748
5.084000	0.719017
5.085000	0.719017
5.086000	0.628748
5.087000	0.628748
5.088000	0.719017
5.089000	0.628748
5.090000	0.809102
5.091000	0.719017
5.092000	0.628748
5.093000	0.628748
5.094000	0.719017
5.095000	0.628748
5.096000	0.538663
5.097000	0.719017
5.098000	0.628748
5.099000	0.538663
5.100000	0.628748
5.101000	0.628748
5.102000	0.719017
5.103000	0.538663
5.104000	0.628748
5.105000	0.628748
5.106000	0.719017
5.107000	0.719017
5.108000	0.719017
5.109000	0.719017
5.110000	0.628748
5.111000	0.628748
5.112000	0.719017
5.113000	0.719017
5.114000	0.809102
5.115000	0.628748
5.116000	0.719017
5.117000	0.719017
5.118000	0.719017
5.119000	0.719017
5.120000	0.719017
5.121000	0.628748
5.122000	0.719017
5.123000	0.628748
5.124000	0.628748
5.125000	0.719017
5.126000	0.719017
5.127000	0.628748
5.128000	0.719017
5.129000	0.719017
5.130000	0.719017
5.131000	0.809102
5.132000	0.628748
5.133000	0.719017
5.134000	0.809102
5.135000	0.809102
5.136000	0.719017
5.137000	0.719017
5.138000	0.719017
5.139000	0.719017
5.140000	0.719017
5.141000	0.719017
5.142000	0.628748
5.143000	0.628748
5.144000	0.628748
5.145000	0.719017
5.146000	0.628748
5.147000	0.719017
5.148000	0.719017
5.149000	0.719017
5.150000	0.719017
5.151000	0.809102
5.152000	0.809102
5.153000	0.719017
5.154000	0.719017
5.155000	0.719017
5.156000	0.628748
5.157000	0.719017
5.158000	0.719017
5.159000	0.538663
5.160000	0.538663
5.161000	0.628748
5.162000	0.628748
5.163000	0.628748
5.164000	0.719017
5.165000	0.628748
5.166000	0.628748
5.167000	0.628748
5.168000	0.628748
5.169000	0.538663
5.170000	0.538663
5.171000	0.628748
5.172000	0.628748
5.173000	0.809102
5.174000	0.809102
5.175000	0.719017
5.176000	0.628748
5.177000	0.628748
5.178000	0.538663
5.179000	0.538663
5.180000	0.628748
5.181000	0.628748
5.182000	0.538663
5.183000	0.538663
5.184000	0.538663
5.185000	0.538663
5.186000	0.448578
5.187000	0.628748
5.188000	0.448578
5.189000	0.628748
5.190000	0.628748
5.191000	0.628748
5.192000	0.538663
5.193000	0.538663
5.194000	0.448578
5.195000	0.448578
5.196000	0.538663
5.197000	0.538663
5.198000	0.538663
5.199000	0.538663
5.200000	0.538663
5.201000	0.538663
5.202000	0.628748
5.203000	0.628748
5.204000	0.538663
5.205000	0.628748
5.206000	0.628748
5.207000	0.538663
5.208000	0.719017
5.209000	0.448578
5.210000	0.448578
5.211000	0.448578
5.212000	0.628748
5.213000	0.448578
5.214000	0.538663
5.215000	0.628748
5.216000	0.538663
5.217000	0.719017
5.218000	0.538663
5.219000	0.628748
5.220000	0.628748
5.221000	0.628748
5.222000	0.538663
5.223000	0.538663
5.224000	0.538663
5.225000	0.538663
5.226000	0.538663
5.227000	0.538663
5.228000	0.448578
5.229000	0.358309
5.230000	0.448578
5.231000	0.448578
5.232000	0.538663
5.233000	0.538663
5.234000	0.628748
5.235000	0.628748
5.236000	0.628748
5.237000	0.628748
5.238000	0.538663
5.239000	0.538663
5.240000	0.719017
5.241000	0.719017
5.242000	0.538663
5.243000	0.628748
5.244000	0.538663
5.245000	0.628748
5.246000	0.628748
5.247000	0.628748
5.248000	0.628748
5.249000	0.719017
5.250000	0.628748
5.251000	0.628748
5.252000	0.628748
5.253000	0.538663
5.254000	0.538663
5.255000	0.538663
5.256000	0.628748
5.257000	0.719017
5.258000	0.628748
5.259000	0.628748
5.260000	0.628748
5.261000	0.719017
5.262000	0.719017
5.263000	0.719017
5.264000	0.628748
5.265000	0.628748
5.266000	0.628748
5.267000	0.628748
5.268000	0.628748
5.269000	0.719017
5.270000	0.628748
5.271000	0.538663
5.272000	0.719017
5.273000	0.628748
5.274000	0.719017
5.275000	0.719017
5.276000	0.628748
5.277000	0.538663
5.278000	0.719017
5.279000	0.628748
5.280000	0.719017
5.281000	0.719017
5.282000	0.719017
5.283000	0.628748
5.284000	0.809102
5.285000	0.809102
5.286000	0.899187
5.287000	0.719017
5.288000	0.809102
5.289000	0.719017
5.290000	0.719017
5.291000	0.628748
5.292000	0.628748
5.293000	0.809102
5.294000	0.719017
5.295000	0.628748
5.296000	0.719017
5.297000	0.809102
5.298000	0.809102
5.299000	0.719017
5.300000	0.719017
5.301000	0.628748
5.302000	0.719017
5.303000	0.628748
5.304000	0.809102
5.305000	0.628748
5.306000	0.719017
5.307000	0.628748
5.308000	0.628748
5.309000	0.628748
5.310000	0.628748
5.311000	0.628748
5.312000	0.628748
5.313000	0.628748
5.314000	0.719017
5.315000	0.628748
5.316000	0.719017
5.317000	0.719017
5.318000	0.809102
5.319000	0.628748
5.320000	0.628748
5.321000	0.719017
5.322000	0.628748
5.323000	0.719017
5.324000	0.719017
5.325000	0.719017
5.326000	0.628748
5.327000	0.719017
5.328000	0.538663
5.329000	0.719017
5.330000	0.719017
5.331000	0.628748
5.332000	0.538663
5.333000	0.538663
5.334000	0.719017
5.335000	0.719017
5.336000	0.628748
5.337000	0.538663
5.338000	0.538663
5.339000	0.538663
5.340000	0.628748
5.341000	0.448578
5.342000	0.628748
5.343000	0.448578
5.344000	0.538663
5.345000	0.538663
5.346000	0.538663
5.347000	0.628748
5.348000	0.628748
5.349000	0.538663
5.350000	0.628748
5.351000	0.538663
5.352000	0.448578
5.353000	0.538663
5.354000	0.719017
5.355000	0.538663
5.356000	0.448578
5.357000	0.628748
5.358000	0.448578
5.359000	0.538663
5.360000	0.358309
5.361000	0.448578
5.362000	0.538663
5.363000	0.538663
5.364000	0.628748
5.365000	0.448578
5.366000	0.628748
5.367000	0.628748
5.368000	0.538663
5.369000	0.538663
5.370000	0.628748
5.371000	0.538663
5.372000	0.628748
5.373000	0.719017
5.374000	0.628748
5.375000	0.448578
5.376000	0.538663
5.377000	0.448578
5.378000	0.538663
5.379000	0.538663
5.380000	0.538663
5.381000	0.448578
5.382000	0.358309
5.383000	0.538663
5.384000	0.538663
5.385000	0.628748
5.386000	0.628748
5.387000	0.628748
5.388000	0.719017
5.389000	0.538663
5.390000	0.628748
5.391000	0.538663
5.392000	0.628748
5.393000	0.538663
5.394000	0.538663
5.395000	0.538663
5.396000	0.628748
5.397000	0.628748
5.398000	0.628748
5.399000	0.628748
5.400000	0.719017
5.401000	0.538663
5.402000	0.538663
5.403000	0.538663
5.404000	0.538663
5.405000	0.628748
5.406000	0.628748
5.407000	0.628748
5.408000	0.628748
5.409000	0.628748
5.410000	0.628748
5.411000	0.628748
5.412000	0.628748
5.413000	0.628748
5.414000	0.719017
5.415000	0.628748
5.416000	0.628748
5.417000	0.719017
5.418000	0.628748
5.419000	0.719017
5.420000	0.628748
5.421000	0.628748
5.422000	0.628748
5.423000	0.809102
5.424000	0.719017
5.425000	0.628748
5.426000	0.719017
5.427000	0.719017
5.428000	0.719017
5.429000	0.538663
5.430000	0.628748
5.431000	0.628748
5.432000	0.628748
5.433000	0.628748
5.434000	0.628748
5.435000	0.719017
5.436000	0.628748
5.437000	0.628748
5.438000	0.628748
5.439000	0.628748
5.440000	0.628748
5.441000	0.628748
5.442000	0.628748
5.443000	0.719017
5.444000	0.628748
5.445000	0.628748
5.446000	0.628748
5.447000	0.628748
5.448000	0.719017
5.449000	0.538663
5.450000	0.719017
5.451000	0.809102
5.452000	0.809102
5.453000	0.719017
5.454000	0.719017
5.455000	0.809102
5.456000	0.719017
5.457000	0.719017
5.458000	0.719017
5.459000	0.628748
5.460000	0.719017
5.461000	0.719017
5.462000	0.628748
5.463000	0.628748
5.464000	0.719017
5.465000	0.628748
5.466000	0.628748
5.467000	0.719017
5.468000	0.719017
5.469000	0.628748
5.470000	0.628748
5.471000	0.719017
5.472000	0.719017
5.473000	0.628748
5.474000	0.628748
5.475000	0.719017
5.476000	0.628748
5.477000	0.448578
5.478000	0.538663
5.479000	0.719017
5.480000	0.719017
5.481000	0.719017
5.482000	0.628748
5.483000	0.538663
5.484000	0.628748
5.485000	0.628748
5.486000	0.628748
5.487000	0.628748
5.488000	0.628748
5.489000	0.628748
5.490000	0.628748
5.491000	0.719017
5.492000	0.628748
5.493000	0.538663
5.494000	0.538663
5.495000	0.448578
5.496000	0.448578
5.497000	0.538663
5.498000	0.538663
5.499000	0.628748
5.500000	0.538663
