-0.500000	-0.027562
-0.499000	-0.032665
-0.498000	-0.022469
-0.497000	-0.032665
-0.496000	-0.027562
-0.495000	-0.027562
-0.494000	-0.032665
-0.493000	-0.032665
-0.492000	-0.022469
-0.491000	-0.022469
-0.490000	-0.032665
-0.489000	-0.027562
-0.488000	-0.027562
-0.487000	-0.032665
-0.486000	-0.022469
-0.485000	-0.027562
-0.484000	-0.032665
-0.483000	-0.032665
-0.482000	-0.017376
-0.481000	-0.027562
-0.480000	-0.032665
-0.479000	-0.027562
-0.478000	-0.022469
-0.477000	-0.032665
-0.476000	-0.032665
-0.475000	-0.027562
-0.474000	-0.022469
-0.473000	-0.032665
-0.472000	-0.032665
-0.471000	-0.027562
-0.470000	-0.032665
-0.469000	-0.032665
-0.468000	-0.032665
-0.467000	-0.032665
-0.466000	-0.032665
-0.465000	-0.032665
-0.464000	-0.032665
-0.463000	-0.027562
-0.462000	-0.027562
-0.461000	-0.032665
-0.460000	-0.032665
-0.459000	-0.037758
-0.458000	-0.032665
-0.457000	-0.027562
-0.456000	-0.032665
-0.455000	-0.027562
-0.454000	-0.032665
-0.453000	-0.027562
-0.452000	-0.032665
-0.451000	-0.032665
-0.450000	-0.032665
-0.449000	-0.022469
-0.448000	-0.032665
-0.447000	-0.027562
-0.446000	-0.032665
-0.445000	-0.032665
-0.444000	-0.027562
-0.443000	-0.027562
-0.442000	-0.027562
-0.441000	-0.027562
-0.440000	-0.032665
-0.439000	-0.022469
-0.438000	-0.022469
-0.437000	-0.027562
-0.436000	-0.027562
-0.435000	-0.027562
-0.434000	-0.027562
-0.433000	-0.027562
-0.432000	-0.027562
-0.431000	-0.032665
-0.430000	-0.037758
-0.429000	-0.032665
-0.428000	-0.032665
-0.427000	-0.037758
-0.426000	-0.022469
-0.425000	-0.027562
-0.424000	-0.032665
-0.423000	-0.022469
-0.422000	-0.027562
-0.421000	-0.027562
-0.420000	-0.027562
-0.419000	-0.022469
-0.418000	-0.032665
-0.417000	-0.032665
-0.416000	-0.037758
-0.415000	-0.032665
-0.414000	-0.027562
-0.413000	-0.022469
-0.412000	-0.032665
-0.411000	-0.032665
-0.410000	-0.032665
-0.409000	-0.032665
-0.408000	-0.027562
-0.407000	-0.032665
-0.406000	-0.022469
-0.405000	-0.027562
-0.404000	-0.027562
-0.403000	-0.027562
-0.402000	-0.027562
-0.401000	-0.032665
-0.400000	-0.027562
-0.399000	-0.027562
-0.398000	-0.032665
-0.397000	-0.032665
-0.396000	-0.027562
-0.395000	-0.027562
-0.394000	-0.022469
-0.393000	-0.027562
-0.392000	-0.027562
-0.391000	-0.032665
-0.390000	-0.032665
-0.389000	-0.027562
-0.388000	-0.032665
-0.387000	-0.032665
-0.386000	-0.032665
-0.385000	-0.032665
-0.384000	-0.027562
-0.383000	-0.027562
-0.382000	-0.032665
-0.381000	-0.027562
-0.380000	-0.027562
-0.379000	-0.027562
-0.378000	-0.027562
-0.377000	-0.032665
-0.376000	-0.027562
-0.375000	-0.027562
-0.374000	-0.027562
-0.373000	-0.027562
-0.372000	-0.027562
-0.371000	-0.032665
-0.370000	-0.032665
-0.369000	-0.032665
-0.368000	-0.027562
-0.367000	-0.032665
-0.366000	-0.032665
-0.365000	-0.032665
-0.364000	-0.037758
-0.363000	-0.022469
-0.362000	-0.022469
-0.361000	-0.022469
-0.360000	-0.037758
-0.359000	-0.027562
-0.358000	-0.032665
-0.357000	-0.027562
-0.356000	-0.022469
-0.355000	-0.032665
-0.354000	-0.027562
-0.353000	-0.032665
-0.352000	-0.027562
-0.351000	-0.022469
-0.350000	-0.032665
-0.349000	-0.032665
-0.348000	-0.027562
-0.347000	-0.032665
-0.346000	-0.037758
-0.345000	-0.027562
-0.344000	-0.027562
-0.343000	-0.027562
-0.342000	-0.022469
-0.341000	-0.027562
-0.340000	-0.027562
-0.339000	-0.027562
-0.338000	-0.022469
-0.337000	-0.027562
-0.336000	-0.037758
-0.335000	-0.027562
-0.334000	-0.027562
-0.333000	-0.027562
-0.332000	-0.027562
-0.331000	-0.032665
-0.330000	-0.027562
-0.329000	-0.027562
-0.328000	-0.037758
-0.327000	-0.037758
-0.326000	-0.027562
-0.325000	-0.032665
-0.324000	-0.032665
-0.323000	-0.027562
-0.322000	-0.032665
-0.321000	-0.027562
-0.320000	-0.032665
-0.319000	-0.032665
-0.318000	-0.027562
-0.317000	-0.032665
-0.316000	-0.032665
-0.315000	-0.027562
-0.314000	-0.032665
-0.313000	-0.032665
-0.312000	-0.027562
-0.311000	-0.032665
-0.310000	-0.037758
-0.309000	-0.032665
-0.308000	-0.027562
-0.307000	-0.022469
-0.306000	-0.027562
-0.305000	-0.022469
-0.304000	-0.032665
-0.303000	-0.032665
-0.302000	-0.022469
-0.301000	-0.032665
-0.300000	-0.027562
-0.299000	-0.037758
-0.298000	-0.022469
-0.297000	-0.032665
-0.296000	-0.022469
-0.295000	-0.032665
-0.294000	-0.037758
-0.293000	-0.032665
-0.292000	-0.032665
-0.291000	-0.032665
-0.290000	-0.032665
-0.289000	-0.027562
-0.288000	-0.027562
-0.287000	-0.032665
-0.286000	-0.027562
-0.285000	-0.032665
-0.284000	-0.032665
-0.283000	-0.027562
-0.282000	-0.037758
-0.281000	-0.037758
-0.280000	-0.027562
-0.279000	-0.027562
-0.278000	-0.027562
-0.277000	-0.032665
-0.276000	-0.027562
-0.275000	-0.032665
-0.274000	-0.032665
-0.273000	-0.022469
-0.272000	-0.027562
-0.271000	-0.032665
-0.270000	-0.027562
-0.269000	-0.022469
-0.268000	-0.032665
-0.267000	-0.037758
-0.266000	-0.032665
-0.265000	-0.032665
-0.264000	-0.032665
-0.263000	-0.027562
-0.262000	-0.032665
-0.261000	-0.032665
-0.260000	-0.027562
-0.259000	-0.022469
-0.258000	-0.027562
-0.257000	-0.027562
-0.256000	-0.027562
-0.255000	-0.032665
-0.254000	-0.022469
-0.253000	-0.032665
-0.252000	-0.022469
-0.251000	-0.027562
-0.250000	-0.032665
-0.249000	-0.027562
-0.248000	-0.027562
-0.247000	-0.032665
-0.246000	-0.022469
-0.245000	-0.027562
-0.244000	-0.032665
-0.243000	-0.022469
-0.242000	-0.027562
-0.241000	-0.032665
-0.240000	-0.032665
-0.239000	-0.032665
-0.238000	-0.032665
-0.237000	-0.032665
-0.236000	-0.032665
-0.235000	-0.022469
-0.234000	-0.027562
-0.233000	-0.032665
-0.232000	-0.022469
-0.231000	-0.027562
-0.230000	-0.037758
-0.229000	-0.022469
-0.228000	-0.032665
-0.227000	-0.032665
-0.226000	-0.022469
-0.225000	-0.032665
-0.224000	-0.032665
-0.223000	-0.022469
-0.222000	-0.027562
-0.221000	-0.022469
-0.220000	-0.032665
-0.219000	-0.032665
-0.218000	-0.032665
-0.217000	-0.032665
-0.216000	-0.037758
-0.215000	-0.032665
-0.214000	-0.032665
-0.213000	-0.032665
-0.212000	-0.027562
-0.211000	-0.032665
-0.210000	-0.037758
-0.209000	-0.032665
-0.208000	-0.027562
-0.207000	-0.027562
-0.206000	-0.022469
-0.205000	-0.027562
-0.204000	-0.032665
-0.203000	-0.037758
-0.202000	-0.027562
-0.201000	-0.037758
-0.200000	-0.032665
-0.199000	-0.027562
-0.198000	-0.027562
-0.197000	-0.032665
-0.196000	-0.032665
-0.195000	-0.032665
-0.194000	-0.027562
-0.193000	-0.027562
-0.192000	-0.027562
-0.191000	-0.022469
-0.190000	-0.032665
-0.189000	-0.032665
-0.188000	-0.022469
-0.187000	-0.027562
-0.186000	-0.032665
-0.185000	-0.022469
-0.184000	-0.022469
-0.183000	-0.032665
-0.182000	-0.032665
-0.181000	-0.027562
-0.180000	-0.032665
-0.179000	-0.027562
-0.178000	-0.032665
-0.177000	-0.037758
-0.176000	-0.032665
-0.175000	-0.027562
-0.174000	-0.032665
-0.173000	-0.022469
-0.172000	-0.032665
-0.171000	-0.032665
-0.170000	-0.032665
-0.169000	-0.022469
-0.168000	-0.027562
-0.167000	-0.037758
-0.166000	-0.022469
-0.165000	-0.027562
-0.164000	-0.027562
-0.163000	-0.027562
-0.162000	-0.027562
-0.161000	-0.022469
-0.160000	-0.032665
-0.159000	-0.027562
-0.158000	-0.032665
-0.157000	-0.032665
-0.156000	-0.027562
-0.155000	-0.032665
-0.154000	-0.032665
-0.153000	-0.022469
-0.152000	-0.032665
-0.151000	-0.032665
-0.150000	-0.037758
-0.149000	-0.027562
-0.148000	-0.032665
-0.147000	-0.027562
-0.146000	-0.027562
-0.145000	-0.032665
-0.144000	-0.032665
-0.143000	-0.027562
-0.142000	-0.027562
-0.141000	-0.022469
-0.140000	-0.032665
-0.139000	-0.032665
-0.138000	-0.032665
-0.137000	-0.027562
-0.136000	-0.032665
-0.135000	-0.027562
-0.134000	-0.022469
-0.133000	-0.032665
-0.132000	-0.032665
-0.131000	-0.027562
-0.130000	-0.032665
-0.129000	-0.027562
-0.128000	-0.022469
-0.127000	-0.032665
-0.126000	-0.022469
-0.125000	-0.027562
-0.124000	-0.027562
-0.123000	-0.032665
-0.122000	-0.027562
-0.121000	-0.027562
-0.120000	-0.032665
-0.119000	-0.027562
-0.118000	-0.032665
-0.117000	-0.037758
-0.116000	-0.022469
-0.115000	-0.037758
-0.114000	-0.032665
-0.113000	-0.032665
-0.112000	-0.032665
-0.111000	-0.027562
-0.110000	-0.032665
-0.109000	-0.027562
-0.108000	-0.027562
-0.107000	-0.032665
-0.106000	-0.027562
-0.105000	-0.027562
-0.104000	-0.037758
-0.103000	-0.027562
-0.102000	-0.027562
-0.101000	-0.027562
-0.100000	-0.022469
-0.099000	-0.022469
-0.098000	-0.027562
-0.097000	-0.027562
-0.096000	-0.032665
-0.095000	-0.027562
-0.094000	-0.032665
-0.093000	-0.032665
-0.092000	-0.032665
-0.091000	-0.022469
-0.090000	-0.022469
-0.089000	-0.032665
-0.088000	-0.027562
-0.087000	-0.032665
-0.086000	-0.022469
-0.085000	-0.027562
-0.084000	-0.032665
-0.083000	-0.032665
-0.082000	-0.027562
-0.081000	-0.027562
-0.080000	-0.032665
-0.079000	-0.022469
-0.078000	-0.027562
-0.077000	-0.032665
-0.076000	-0.032665
-0.075000	-0.022469
-0.074000	-0.027562
-0.073000	-0.027562
-0.072000	-0.027562
-0.071000	-0.032665
-0.070000	-0.022469
-0.069000	-0.027562
-0.068000	-0.027562
-0.067000	-0.032665
-0.066000	-0.022469
-0.065000	-0.027562
-0.064000	-0.027562
-0.063000	-0.027562
-0.062000	-0.032665
-0.061000	-0.027562
-0.060000	-0.037758
-0.059000	-0.022469
-0.058000	-0.022469
-0.057000	-0.027562
-0.056000	-0.037758
-0.055000	-0.027562
-0.054000	-0.032665
-0.053000	-0.027562
-0.052000	-0.027562
-0.051000	-0.027562
-0.050000	-0.027562
-0.049000	-0.022469
-0.048000	-0.027562
-0.047000	-0.027562
-0.046000	-0.027562
-0.045000	-0.027562
-0.044000	-0.032665
-0.043000	-0.032665
-0.042000	-0.022469
-0.041000	-0.027562
-0.040000	-0.027562
-0.039000	-0.027562
-0.038000	-0.037758
-0.037000	-0.027562
-0.036000	-0.022469
-0.035000	-0.027562
-0.034000	-0.027562
-0.033000	-0.027562
-0.032000	-0.017376
-0.031000	-0.017376
-0.030000	-0.012283
-0.029000	0.003006
-0.028000	0.008109
-0.027000	0.008109
-0.026000	0.033584
-0.025000	0.043780
-0.024000	0.043780
-0.023000	0.038677
-0.022000	0.033584
-0.021000	0.048873
-0.020000	0.043780
-0.019000	0.033584
-0.018000	0.028491
-0.017000	0.043780
-0.016000	0.064162
-0.015000	0.069255
-0.014000	0.069255
-0.013000	0.079451
-0.012000	0.089636
-0.011000	0.099833
-0.010000	0.104926
-0.009000	0.110018
-0.008000	0.130400
-0.007000	0.145689
-0.006000	0.166071
-0.005000	0.171175
-0.004000	0.166071
-0.003000	0.171175
-0.002000	0.196649
-0.001000	0.222124
0.000000	0.222124
0.001000	0.206845
0.002000	0.222124
0.003000	0.242516
0.004000	0.252702
0.005000	0.252702
0.006000	0.247609
0.007000	0.273084
0.008000	0.303662
0.009000	0.313848
0.010000	0.308755
0.011000	0.313848
0.012000	0.324044
0.013000	0.359715
0.014000	0.405582
0.015000	0.405582
0.016000	0.364808
0.017000	0.359715
0.018000	0.385190
0.019000	0.380097
0.020000	0.349519
0.021000	0.313848
0.022000	0.313848
0.023000	0.344426
0.024000	0.354622
0.025000	0.349519
0.026000	0.344426
0.027000	0.329137
0.028000	0.456532
0.029000	0.517688
0.030000	0.410675
0.031000	0.324044
0.032000	0.359715
0.033000	0.400479
0.034000	0.288373
0.035000	0.115111
0.036000	-0.063233
0.037000	-0.114193
0.038000	-0.037758
0.039000	0.003006
0.040000	-0.012283
0.041000	-0.063233
0.042000	-0.022469
0.043000	0.227227
0.044000	0.380097
0.045000	0.324044
0.046000	0.308755
0.047000	0.354622
0.048000	0.390293
0.049000	0.349519
0.050000	0.257795
0.051000	0.227227
0.052000	0.278177
0.053000	0.303662
0.054000	0.181360
0.055000	0.069255
0.056000	0.171175
0.057000	0.385190
0.058000	0.589030
0.059000	0.614504
0.060000	0.512584
0.061000	0.517688
0.062000	0.538070
0.063000	0.522781
0.064000	0.476913
0.065000	0.349519
0.066000	0.262898
0.067000	0.298569
0.068000	0.344426
0.069000	0.329137
0.070000	0.313848
0.071000	0.405582
0.072000	0.476913
0.073000	0.446346
0.074000	0.318951
0.075000	0.222124
0.076000	0.247609
0.077000	0.288373
0.078000	0.313848
0.079000	0.334240
0.080000	0.339333
0.081000	0.283280
0.082000	0.237413
0.083000	0.191556
0.084000	0.130400
0.085000	0.120215
0.086000	0.206845
0.087000	0.242516
0.088000	0.211938
0.089000	0.171175
0.090000	0.110018
0.091000	0.018295
0.092000	-0.037758
0.093000	-0.032665
0.094000	0.033584
0.095000	0.089636
0.096000	0.059058
0.097000	0.028491
0.098000	0.013202
0.099000	-0.017376
0.100000	-0.017376
0.101000	0.043780
0.102000	0.074348
0.103000	0.079451
0.104000	0.130400
0.105000	0.140596
0.106000	0.120215
0.107000	0.150782
0.108000	0.232320
0.109000	0.273084
0.110000	0.247609
0.111000	0.176267
0.112000	0.150782
0.113000	0.186453
0.114000	0.155886
0.115000	0.104926
0.116000	0.089636
0.117000	0.099833
0.118000	0.089636
0.119000	0.028491
0.120000	-0.053047
0.121000	-0.104007
0.122000	-0.093811
0.123000	-0.053047
0.124000	-0.063233
0.125000	-0.093811
0.126000	-0.144771
0.127000	-0.149864
0.128000	-0.144771
0.129000	-0.175349
0.130000	-0.226299
0.131000	-0.211020
0.132000	-0.175349
0.133000	-0.129482
0.134000	-0.129482
0.135000	-0.180442
0.136000	-0.221206
0.137000	-0.221206
0.138000	-0.195731
0.139000	-0.211020
0.140000	-0.261969
0.141000	-0.307837
0.142000	-0.312929
0.143000	-0.307837
0.144000	-0.318022
0.145000	-0.343508
0.146000	-0.328218
0.147000	-0.338415
0.148000	-0.343508
0.149000	-0.338415
0.150000	-0.333311
0.151000	-0.312929
0.152000	-0.297640
0.153000	-0.307837
0.154000	-0.318022
0.155000	-0.287455
0.156000	-0.256877
0.157000	-0.241588
0.158000	-0.287455
0.159000	-0.307837
0.160000	-0.292548
0.161000	-0.256877
0.162000	-0.272166
0.163000	-0.338415
0.164000	-0.368982
0.165000	-0.379178
0.166000	-0.384271
0.167000	-0.445417
0.168000	-0.496377
0.169000	-0.460706
0.170000	-0.414849
0.171000	-0.404653
0.172000	-0.501480
0.173000	-0.516759
0.174000	-0.465809
0.175000	-0.389364
0.176000	-0.425035
0.177000	-0.633968
0.178000	-0.791941
0.179000	-0.552430
0.180000	-0.389364
0.181000	-0.481088
0.182000	-0.786837
0.183000	-0.740981
0.184000	-0.154957
0.185000	-0.160060
0.186000	-0.572822
0.187000	-0.842890
0.188000	-0.807219
0.189000	-0.374086
0.190000	-0.430138
0.191000	-0.909139
0.192000	-1.102780
0.193000	-0.898953
0.194000	-0.379178
0.195000	-0.267073
0.196000	-0.583008
0.197000	-0.842890
0.198000	-0.659443
0.199000	-0.083625
0.200000	0.288373
0.201000	-0.063233
0.202000	-0.277259
0.203000	0.084544
0.204000	0.532977
0.205000	0.543162
0.206000	0.150782
0.207000	0.242516
0.208000	0.767374
0.209000	0.736806
0.210000	0.247609
0.211000	-0.017376
0.212000	0.150782
0.213000	0.487110
0.214000	0.267991
0.215000	-0.042851
0.216000	-0.654350
0.217000	0.099833
0.218000	0.334240
0.219000	-0.017376
0.220000	-0.491284
0.221000	-0.572822
0.222000	-0.073429
0.223000	0.064162
0.224000	-0.037758
0.225000	-0.725692
0.226000	-1.021240
0.227000	-0.425035
0.228000	-0.119286
0.229000	-0.149864
0.230000	-0.511666
0.231000	-0.746074
0.232000	-0.358797
0.233000	-0.134575
0.234000	-0.343508
0.235000	-0.430138
0.236000	-0.491284
0.237000	-0.042851
0.238000	0.186453
0.239000	-0.002087
0.240000	0.053966
0.241000	0.115111
0.242000	0.380097
0.243000	0.380097
0.244000	0.094729
0.245000	0.186453
0.246000	0.288373
0.247000	0.395386
0.248000	0.349519
0.249000	0.084544
0.250000	0.028491
0.251000	-0.226299
0.252000	-0.628875
0.253000	-0.766455
0.254000	-0.593204
0.255000	-0.267073
0.256000	-0.267073
0.257000	-0.654350
0.258000	-0.659443
0.259000	-0.318022
0.260000	-0.078522
0.261000	-0.241588
0.262000	-0.878561
0.263000	-0.786837
0.264000	-0.323126
0.265000	-0.165153
0.266000	-0.430138
0.267000	-0.812322
0.268000	-0.475995
0.269000	0.043780
0.270000	0.069255
0.271000	-0.241588
0.272000	-0.521862
0.273000	-0.160060
0.274000	0.252702
0.275000	0.145689
0.276000	-0.241588
0.277000	-0.435231
0.278000	0.008109
0.279000	0.390293
0.280000	0.099833
0.281000	-0.170246
0.282000	-0.129482
0.283000	0.222124
0.284000	0.375004
0.285000	0.048873
0.286000	-0.068336
0.287000	0.191556
0.288000	0.471821
0.289000	0.385190
0.290000	-0.104007
0.291000	-0.195731
0.292000	0.125307
0.293000	0.390293
0.294000	0.303662
0.295000	-0.078522
0.296000	-0.083625
0.297000	0.339333
0.298000	0.456532
0.299000	0.186453
0.300000	-0.022469
0.301000	0.186453
0.302000	0.548255
0.303000	0.482017
0.304000	0.160978
0.305000	0.094729
0.306000	0.339333
0.307000	0.527873
0.308000	0.288373
0.309000	0.043780
0.310000	0.125307
0.311000	0.375004
0.312000	0.446346
0.313000	0.064162
0.314000	-0.221206
0.315000	0.084544
0.316000	0.405582
0.317000	0.318951
0.318000	-0.022469
0.319000	-0.088718
0.320000	0.313848
0.321000	0.522781
0.322000	0.405582
0.323000	0.283280
0.324000	0.308755
0.325000	0.369911
0.326000	0.278177
0.327000	0.120215
0.328000	0.089636
0.329000	0.166071
0.330000	0.303662
0.331000	0.308755
0.332000	0.247609
0.333000	0.400479
0.334000	0.446346
0.335000	0.308755
0.336000	0.206845
0.337000	0.211938
0.338000	0.324044
0.339000	0.375004
0.340000	0.242516
0.341000	0.155886
0.342000	0.211938
0.343000	0.334240
0.344000	0.354622
0.345000	0.273084
0.346000	0.242516
0.347000	0.324044
0.348000	0.446346
0.349000	0.395386
0.350000	0.191556
0.351000	0.120215
0.352000	0.237413
0.353000	0.329137
0.354000	0.196649
0.355000	-0.002087
0.356000	0.089636
0.357000	0.211938
0.358000	0.217031
0.359000	0.232320
0.360000	0.191556
0.361000	0.176267
0.362000	0.130400
0.363000	0.048873
0.364000	0.099833
0.365000	0.053966
0.366000	0.023387
0.367000	0.028491
0.368000	-0.053047
0.369000	0.023387
0.370000	0.145689
0.371000	0.166071
0.372000	0.074348
0.373000	-0.032665
0.374000	0.018295
0.375000	-0.256877
0.376000	-0.491284
0.377000	-0.455613
0.378000	-0.521862
0.379000	-0.440324
0.380000	-0.017376
0.381000	0.339333
0.382000	0.227227
0.383000	0.278177
0.384000	1.068030
0.385000	1.460410
0.386000	0.843819
0.387000	0.003006
0.388000	-0.267073
0.389000	0.110018
0.390000	-0.109100
0.391000	-0.817415
0.392000	-0.766455
0.393000	-0.246691
0.394000	0.191556
0.395000	0.487110
0.396000	0.298569
0.397000	0.043780
0.398000	0.145689
0.399000	0.257795
0.400000	0.145689
0.401000	-0.098904
0.402000	-0.093811
0.403000	0.094729
0.404000	0.125307
0.405000	-0.078522
0.406000	-0.440324
0.407000	-0.537151
0.408000	-0.287455
0.409000	-0.200824
0.410000	-0.170246
0.411000	-0.180442
0.412000	-0.154957
0.413000	0.267991
0.414000	0.375004
0.415000	-0.195731
0.416000	-0.583008
0.417000	-0.307837
0.418000	0.125307
0.419000	-0.088718
0.420000	-0.628875
0.421000	-0.506573
0.422000	0.048873
0.423000	0.145689
0.424000	-0.068336
0.425000	-0.149864
0.426000	0.003006
0.427000	0.079451
0.428000	0.028491
0.429000	-0.042851
0.430000	-0.195731
0.431000	-0.144771
0.432000	0.094729
0.433000	0.130400
0.434000	-0.205917
0.435000	-0.440324
0.436000	-0.134575
0.437000	0.196649
0.438000	0.033584
0.439000	-0.277259
0.440000	-0.282351
0.441000	0.059058
0.442000	0.344426
0.443000	0.288373
0.444000	-0.098904
0.445000	-0.368982
0.446000	-0.073429
0.447000	0.222124
0.448000	-0.002087
0.449000	-0.419942
0.450000	-0.430138
0.451000	0.064162
0.452000	0.262898
0.453000	-0.109100
0.454000	-0.246691
0.455000	-0.119286
0.456000	0.110018
0.457000	0.074348
0.458000	-0.241588
0.459000	-0.323126
0.460000	-0.073429
0.461000	0.135504
0.462000	0.028491
0.463000	-0.175349
0.464000	-0.170246
0.465000	-0.098904
0.466000	-0.119286
0.467000	-0.185535
0.468000	-0.200824
0.469000	-0.109100
0.470000	-0.104007
0.471000	-0.190628
0.472000	-0.114193
0.473000	-0.114193
0.474000	-0.098904
0.475000	-0.098904
0.476000	-0.246691
0.477000	-0.129482
0.478000	0.018295
0.479000	-0.032665
0.480000	-0.114193
0.481000	-0.261969
0.482000	-0.124389
0.483000	0.028491
0.484000	-0.058140
0.485000	-0.277259
0.486000	-0.353693
0.487000	-0.032665
0.488000	0.125307
0.489000	-0.073429
0.490000	-0.216113
0.491000	-0.154957
0.492000	0.084544
0.493000	0.181360
0.494000	0.043780
0.495000	-0.139678
0.496000	-0.267073
0.497000	-0.042851
0.498000	0.298569
0.499000	0.018295
0.500000	-0.343508
0.501000	-0.216113
0.502000	0.227227
0.503000	0.380097
0.504000	-0.063233
0.505000	-0.231402
0.506000	0.043780
0.507000	0.211938
0.508000	0.257795
0.509000	0.008109
0.510000	-0.256877
0.511000	-0.129482
0.512000	0.028491
0.513000	0.252702
0.514000	0.013202
0.515000	-0.394467
0.516000	0.003006
0.517000	0.364808
0.518000	0.150782
0.519000	-0.307837
0.520000	-0.455613
0.521000	0.099833
0.522000	0.262898
0.523000	-0.261969
0.524000	-0.521862
0.525000	-0.460706
0.526000	-0.002087
0.527000	0.053966
0.528000	-0.481088
0.529000	-0.481088
0.530000	-0.200824
0.531000	0.013202
0.532000	-0.032665
0.533000	-0.511666
0.534000	-0.516759
0.535000	-0.104007
0.536000	-0.032665
0.537000	-0.241588
0.538000	-0.532048
0.539000	-0.440324
0.540000	-0.017376
0.541000	0.089636
0.542000	-0.119286
0.543000	-0.379178
0.544000	-0.251784
0.545000	0.145689
0.546000	0.222124
0.547000	-0.124389
0.548000	-0.430138
0.549000	-0.185535
0.550000	0.171175
0.551000	0.048873
0.552000	-0.251784
0.553000	-0.302744
0.554000	0.033584
0.555000	0.293466
0.556000	-0.007180
0.557000	-0.256877
0.558000	-0.175349
0.559000	0.201742
0.560000	0.395386
0.561000	0.079451
0.562000	-0.139678
0.563000	-0.032665
0.564000	0.206845
0.565000	0.278177
0.566000	0.003006
0.567000	-0.058140
0.568000	0.160978
0.569000	0.273084
0.570000	0.145689
0.571000	-0.047954
0.572000	0.043780
0.573000	0.369911
0.574000	0.441243
0.575000	0.211938
0.576000	0.043780
0.577000	0.181360
0.578000	0.497306
0.579000	0.441243
0.580000	0.089636
0.581000	-0.053047
0.582000	0.247609
0.583000	0.532977
0.584000	0.303662
0.585000	0.003006
0.586000	0.089636
0.587000	0.324044
0.588000	0.471821
0.589000	0.313848
0.590000	0.023387
0.591000	0.079451
0.592000	0.344426
0.593000	0.420861
0.594000	0.160978
0.595000	-0.149864
0.596000	0.099833
0.597000	0.395386
0.598000	0.222124
0.599000	-0.007180
0.600000	-0.093811
0.601000	0.120215
0.602000	0.257795
0.603000	0.089636
0.604000	0.023387
0.605000	-0.042851
0.606000	0.023387
0.607000	0.201742
0.608000	0.099833
0.609000	-0.139678
0.610000	-0.241588
0.611000	-0.012283
0.612000	0.247609
0.613000	0.008109
0.614000	-0.302744
0.615000	-0.236495
0.616000	0.089636
0.617000	0.211938
0.618000	-0.098904
0.619000	-0.312929
0.620000	-0.144771
0.621000	0.094729
0.622000	0.104926
0.623000	-0.093811
0.624000	-0.256877
0.625000	-0.185535
0.626000	0.059058
0.627000	0.145689
0.628000	-0.088718
0.629000	-0.287455
0.630000	-0.104007
0.631000	0.232320
0.632000	0.181360
0.633000	-0.200824
0.634000	-0.195731
0.635000	0.160978
0.636000	0.293466
0.637000	0.059058
0.638000	-0.205917
0.639000	-0.098904
0.640000	0.273084
0.641000	0.324044
0.642000	-0.017376
0.643000	-0.134575
0.644000	0.130400
0.645000	0.359715
0.646000	0.211938
0.647000	0.023387
0.648000	0.160978
0.649000	0.375004
0.650000	0.385190
0.651000	0.257795
0.652000	0.110018
0.653000	0.166071
0.654000	0.375004
0.655000	0.380097
0.656000	0.166071
0.657000	0.094729
0.658000	0.329137
0.659000	0.538070
0.660000	0.329137
0.661000	0.079451
0.662000	0.211938
0.663000	0.502399
0.664000	0.548255
0.665000	0.288373
0.666000	0.120215
0.667000	0.267991
0.668000	0.471821
0.669000	0.395386
0.670000	0.125307
0.671000	0.043780
0.672000	0.262898
0.673000	0.420861
0.674000	0.262898
0.675000	-0.012283
0.676000	0.094729
0.677000	0.334240
0.678000	0.339333
0.679000	0.140596
0.680000	-0.027562
0.681000	0.110018
0.682000	0.278177
0.683000	0.211938
0.684000	0.028491
0.685000	-0.053047
0.686000	0.074348
0.687000	0.191556
0.688000	0.104926
0.689000	-0.042851
0.690000	-0.053047
0.691000	0.079451
0.692000	0.186453
0.693000	0.053966
0.694000	-0.124389
0.695000	-0.063233
0.696000	0.094729
0.697000	0.125307
0.698000	-0.058140
0.699000	-0.180442
0.700000	-0.037758
0.701000	0.115111
0.702000	0.079451
0.703000	-0.073429
0.704000	-0.134575
0.705000	0.003006
0.706000	0.125307
0.707000	0.094729
0.708000	-0.032665
0.709000	-0.032665
0.710000	0.125307
0.711000	0.211938
0.712000	0.104926
0.713000	-0.012283
0.714000	0.053966
0.715000	0.252702
0.716000	0.288373
0.717000	0.110018
0.718000	0.013202
0.719000	0.145689
0.720000	0.334240
0.721000	0.283280
0.722000	0.104926
0.723000	0.079451
0.724000	0.242516
0.725000	0.369911
0.726000	0.288373
0.727000	0.125307
0.728000	0.125307
0.729000	0.278177
0.730000	0.344426
0.731000	0.217031
0.732000	0.084544
0.733000	0.135504
0.734000	0.303662
0.735000	0.334240
0.736000	0.181360
0.737000	0.079451
0.738000	0.166071
0.739000	0.288373
0.740000	0.262898
0.741000	0.110018
0.742000	0.079451
0.743000	0.191556
0.744000	0.206845
0.745000	0.104926
0.746000	-0.007180
0.747000	0.023387
0.748000	0.130400
0.749000	0.115111
0.750000	0.033584
0.751000	-0.017376
0.752000	0.023387
0.753000	0.099833
0.754000	0.074348
0.755000	0.008109
0.756000	-0.032665
0.757000	0.013202
0.758000	0.089636
0.759000	0.043780
0.760000	-0.093811
0.761000	-0.068336
0.762000	0.053966
0.763000	0.043780
0.764000	-0.058140
0.765000	-0.063233
0.766000	0.013202
0.767000	0.053966
0.768000	-0.002087
0.769000	-0.032665
0.770000	0.028491
0.771000	0.018295
0.772000	-0.007180
0.773000	0.003006
0.774000	-0.042851
0.775000	-0.058140
0.776000	0.048873
0.777000	0.084544
0.778000	0.018295
0.779000	-0.037758
0.780000	0.003006
0.781000	0.150782
0.782000	0.125307
0.783000	-0.012283
0.784000	-0.027562
0.785000	0.043780
0.786000	0.150782
0.787000	0.110018
0.788000	0.018295
0.789000	-0.012283
0.790000	0.013202
0.791000	0.145689
0.792000	0.176267
0.793000	-0.047954
0.794000	-0.083625
0.795000	0.150782
0.796000	0.308755
0.797000	0.145689
0.798000	-0.119286
0.799000	-0.098904
0.800000	0.227227
0.801000	0.334240
0.802000	0.084544
0.803000	-0.154957
0.804000	0.008109
0.805000	0.278177
0.806000	0.222124
0.807000	-0.012283
0.808000	-0.165153
0.809000	0.003006
0.810000	0.329137
0.811000	0.232320
0.812000	-0.129482
0.813000	-0.165153
0.814000	0.130400
0.815000	0.293466
0.816000	0.023387
0.817000	-0.221206
0.818000	-0.058140
0.819000	0.176267
0.820000	0.140596
0.821000	-0.073429
0.822000	-0.211020
0.823000	-0.119286
0.824000	0.125307
0.825000	0.115111
0.826000	-0.124389
0.827000	-0.241588
0.828000	-0.032665
0.829000	0.135504
0.830000	-0.058140
0.831000	-0.236495
0.832000	-0.124389
0.833000	0.084544
0.834000	0.008109
0.835000	-0.221206
0.836000	-0.221206
0.837000	-0.088718
0.838000	0.018295
0.839000	-0.037758
0.840000	-0.149864
0.841000	-0.175349
0.842000	-0.149864
0.843000	0.003006
0.844000	0.028491
0.845000	-0.211020
0.846000	-0.200824
0.847000	0.053966
0.848000	-0.002087
0.849000	-0.139678
0.850000	-0.154957
0.851000	-0.083625
0.852000	0.038677
0.853000	-0.068336
0.854000	-0.180442
0.855000	-0.042851
0.856000	-0.032665
0.857000	-0.017376
0.858000	0.048873
0.859000	-0.114193
0.860000	-0.175349
0.861000	-0.032665
0.862000	0.074348
0.863000	0.028491
0.864000	-0.144771
0.865000	-0.134575
0.866000	0.008109
0.867000	0.048873
0.868000	-0.017376
0.869000	-0.165153
0.870000	-0.042851
0.871000	0.084544
0.872000	-0.042851
0.873000	-0.098904
0.874000	-0.124389
0.875000	-0.083625
0.876000	0.028491
0.877000	-0.053047
0.878000	-0.119286
0.879000	-0.119286
0.880000	-0.119286
0.881000	0.053966
0.882000	-0.017376
0.883000	-0.211020
0.884000	-0.144771
0.885000	-0.068336
0.886000	-0.078522
0.887000	-0.114193
0.888000	-0.114193
0.889000	-0.165153
0.890000	-0.170246
0.891000	-0.063233
0.892000	-0.073429
0.893000	-0.175349
0.894000	-0.185535
0.895000	-0.139678
0.896000	-0.088718
0.897000	-0.139678
0.898000	-0.185535
0.899000	-0.154957
0.900000	-0.134575
0.901000	-0.104007
0.902000	-0.139678
0.903000	-0.226299
0.904000	-0.175349
0.905000	-0.124389
0.906000	-0.165153
0.907000	-0.165153
0.908000	-0.170246
0.909000	-0.129482
0.910000	-0.200824
0.911000	-0.195731
0.912000	-0.124389
0.913000	-0.144771
0.914000	-0.139678
0.915000	-0.200824
0.916000	-0.195731
0.917000	-0.124389
0.918000	-0.149864
0.919000	-0.109100
0.920000	-0.190628
0.921000	-0.216113
0.922000	-0.165153
0.923000	-0.083625
0.924000	-0.109100
0.925000	-0.241588
0.926000	-0.221206
0.927000	-0.124389
0.928000	-0.129482
0.929000	-0.211020
0.930000	-0.195731
0.931000	-0.165153
0.932000	-0.124389
0.933000	-0.144771
0.934000	-0.246691
0.935000	-0.200824
0.936000	-0.149864
0.937000	-0.160060
0.938000	-0.175349
0.939000	-0.226299
0.940000	-0.256877
0.941000	-0.231402
0.942000	-0.195731
0.943000	-0.144771
0.944000	-0.226299
0.945000	-0.353693
0.946000	-0.241588
0.947000	-0.114193
0.948000	-0.211020
0.949000	-0.297640
0.950000	-0.292548
0.951000	-0.185535
0.952000	-0.211020
0.953000	-0.297640
0.954000	-0.287455
0.955000	-0.272166
0.956000	-0.190628
0.957000	-0.287455
0.958000	-0.445417
0.959000	-0.318022
0.960000	-0.251784
0.961000	-0.328218
0.962000	-0.384271
0.963000	-0.425035
0.964000	-0.328218
0.965000	-0.338415
0.966000	-0.430138
0.967000	-0.399560
0.968000	-0.445417
0.969000	-0.409757
0.970000	-0.394467
0.971000	-0.481088
0.972000	-0.470902
0.973000	-0.445417
0.974000	-0.333311
0.975000	-0.261969
0.976000	-0.374086
0.977000	-0.368982
0.978000	-0.328218
0.979000	-0.282351
0.980000	-0.241588
0.981000	-0.338415
0.982000	-0.384271
0.983000	-0.323126
0.984000	-0.241588
0.985000	-0.216113
0.986000	-0.307837
0.987000	-0.318022
0.988000	-0.318022
0.989000	-0.318022
0.990000	-0.261969
0.991000	-0.277259
0.992000	-0.256877
0.993000	-0.246691
0.994000	-0.282351
0.995000	-0.185535
0.996000	-0.267073
0.997000	-0.379178
0.998000	-0.348600
0.999000	-0.348600
1.000000	-0.256877
1.001000	-0.297640
1.002000	-0.440324
1.003000	-0.358797
1.004000	-0.216113
1.005000	-0.124389
1.006000	-0.236495
1.007000	-0.348600
1.008000	-0.261969
1.009000	-0.195731
1.010000	-0.261969
1.011000	-0.389364
1.012000	-0.389364
1.013000	-0.241588
1.014000	-0.144771
1.015000	-0.190628
1.016000	-0.256877
1.017000	-0.185535
1.018000	-0.058140
1.019000	-0.093811
1.020000	-0.236495
1.021000	-0.246691
1.022000	-0.109100
1.023000	-0.037758
1.024000	-0.032665
1.025000	-0.078522
1.026000	-0.037758
1.027000	0.064162
1.028000	0.084544
1.029000	0.028491
1.030000	-0.119286
1.031000	-0.119286
1.032000	-0.037758
1.033000	-0.073429
1.034000	-0.078522
1.035000	-0.073429
1.036000	-0.027562
1.037000	-0.022469
1.038000	-0.104007
1.039000	-0.109100
1.040000	-0.073429
1.041000	-0.124389
1.042000	-0.190628
1.043000	-0.226299
1.044000	-0.246691
1.045000	-0.256877
1.046000	-0.216113
1.047000	-0.154957
1.048000	-0.246691
1.049000	-0.287455
1.050000	-0.221206
1.051000	-0.170246
1.052000	-0.185535
1.053000	-0.323126
1.054000	-0.358797
1.055000	-0.236495
1.056000	-0.175349
1.057000	-0.190628
1.058000	-0.251784
1.059000	-0.256877
1.060000	-0.160060
1.061000	-0.144771
1.062000	-0.267073
1.063000	-0.384271
1.064000	-0.368982
1.065000	-0.256877
1.066000	-0.287455
1.067000	-0.419942
1.068000	-0.470902
1.069000	-0.419942
1.070000	-0.348600
1.071000	-0.394467
1.072000	-0.506573
1.073000	-0.501480
1.074000	-0.455613
1.075000	-0.435231
1.076000	-0.450520
1.077000	-0.475995
1.078000	-0.425035
1.079000	-0.358797
1.080000	-0.363889
1.081000	-0.394467
1.082000	-0.445417
1.083000	-0.394467
1.084000	-0.338415
1.085000	-0.333311
1.086000	-0.358797
1.087000	-0.358797
1.088000	-0.323126
1.089000	-0.328218
1.090000	-0.348600
1.091000	-0.363889
1.092000	-0.358797
1.093000	-0.348600
1.094000	-0.363889
1.095000	-0.404653
1.096000	-0.425035
1.097000	-0.389364
1.098000	-0.333311
1.099000	-0.353693
1.100000	-0.409757
1.101000	-0.404653
1.102000	-0.328218
1.103000	-0.302744
1.104000	-0.353693
1.105000	-0.384271
1.106000	-0.343508
1.107000	-0.277259
1.108000	-0.256877
1.109000	-0.328218
1.110000	-0.338415
1.111000	-0.282351
1.112000	-0.251784
1.113000	-0.216113
1.114000	-0.267073
1.115000	-0.282351
1.116000	-0.221206
1.117000	-0.175349
1.118000	-0.180442
1.119000	-0.231402
1.120000	-0.241588
1.121000	-0.165153
1.122000	-0.134575
1.123000	-0.180442
1.124000	-0.205917
1.125000	-0.170246
1.126000	-0.093811
1.127000	-0.104007
1.128000	-0.180442
1.129000	-0.205917
1.130000	-0.160060
1.131000	-0.124389
1.132000	-0.160060
1.133000	-0.190628
1.134000	-0.175349
1.135000	-0.134575
1.136000	-0.129482
1.137000	-0.124389
1.138000	-0.160060
1.139000	-0.129482
1.140000	-0.058140
1.141000	-0.053047
1.142000	-0.114193
1.143000	-0.154957
1.144000	-0.063233
1.145000	0.033584
1.146000	-0.047954
1.147000	-0.149864
1.148000	-0.078522
1.149000	0.018295
1.150000	0.008109
1.151000	-0.098904
1.152000	-0.139678
1.153000	-0.037758
1.154000	0.008109
1.155000	-0.073429
1.156000	-0.139678
1.157000	-0.119286
1.158000	-0.068336
1.159000	-0.047954
1.160000	-0.078522
1.161000	-0.129482
1.162000	-0.165153
1.163000	-0.083625
1.164000	-0.022469
1.165000	-0.088718
1.166000	-0.221206
1.167000	-0.195731
1.168000	-0.017376
1.169000	-0.063233
1.170000	-0.200824
1.171000	-0.216113
1.172000	-0.134575
1.173000	-0.032665
1.174000	-0.104007
1.175000	-0.200824
1.176000	-0.205917
1.177000	-0.154957
1.178000	-0.047954
1.179000	-0.119286
1.180000	-0.261969
1.181000	-0.216113
1.182000	-0.129482
1.183000	-0.063233
1.184000	-0.180442
1.185000	-0.307837
1.186000	-0.185535
1.187000	-0.109100
1.188000	-0.139678
1.189000	-0.261969
1.190000	-0.302744
1.191000	-0.165153
1.192000	-0.119286
1.193000	-0.211020
1.194000	-0.297640
1.195000	-0.272166
1.196000	-0.154957
1.197000	-0.175349
1.198000	-0.221206
1.199000	-0.267073
1.200000	-0.267073
1.201000	-0.144771
1.202000	-0.154957
1.203000	-0.236495
1.204000	-0.256877
1.205000	-0.251784
1.206000	-0.144771
1.207000	-0.134575
1.208000	-0.251784
1.209000	-0.261969
1.210000	-0.216113
1.211000	-0.088718
1.212000	-0.129482
1.213000	-0.297640
1.214000	-0.267073
1.215000	-0.134575
1.216000	-0.068336
1.217000	-0.205917
1.218000	-0.333311
1.219000	-0.185535
1.220000	-0.063233
1.221000	-0.165153
1.222000	-0.267073
1.223000	-0.231402
1.224000	-0.104007
1.225000	-0.098904
1.226000	-0.185535
1.227000	-0.205917
1.228000	-0.160060
1.229000	-0.114193
1.230000	-0.098904
1.231000	-0.144771
1.232000	-0.175349
1.233000	-0.139678
1.234000	-0.073429
1.235000	-0.078522
1.236000	-0.154957
1.237000	-0.144771
1.238000	-0.073429
1.239000	-0.017376
1.240000	-0.088718
1.241000	-0.144771
1.242000	-0.083625
1.243000	-0.007180
1.244000	-0.027562
1.245000	-0.114193
1.246000	-0.098904
1.247000	-0.022469
1.248000	0.028491
1.249000	-0.078522
1.250000	-0.139678
1.251000	-0.022469
1.252000	0.048873
1.253000	-0.022469
1.254000	-0.139678
1.255000	-0.078522
1.256000	0.064162
1.257000	0.013202
1.258000	-0.083625
1.259000	-0.047954
1.260000	-0.007180
1.261000	0.013202
1.262000	-0.027562
1.263000	-0.042851
1.264000	0.013202
1.265000	-0.022469
1.266000	-0.012283
1.267000	0.008109
1.268000	0.013202
1.269000	-0.017376
1.270000	-0.063233
1.271000	0.023387
1.272000	0.053966
1.273000	-0.042851
1.274000	-0.058140
1.275000	-0.017376
1.276000	0.033584
1.277000	0.013202
1.278000	-0.042851
1.279000	-0.047954
1.280000	-0.012283
1.281000	0.069255
1.282000	0.033584
1.283000	-0.058140
1.284000	-0.042851
1.285000	0.023387
1.286000	0.053966
1.287000	-0.007180
1.288000	-0.032665
1.289000	0.018295
1.290000	0.033584
1.291000	-0.027562
1.292000	-0.017376
1.293000	0.023387
1.294000	0.059058
1.295000	0.028491
1.296000	-0.032665
1.297000	-0.007180
1.298000	0.023387
1.299000	0.033584
1.300000	0.033584
1.301000	0.013202
1.302000	0.028491
1.303000	0.008109
1.304000	0.003006
1.305000	0.048873
1.306000	0.028491
1.307000	-0.027562
1.308000	0.008109
1.309000	0.064162
1.310000	0.008109
1.311000	-0.032665
1.312000	0.013202
1.313000	0.059058
1.314000	0.074348
1.315000	0.018295
1.316000	-0.017376
1.317000	0.069255
1.318000	0.089636
1.319000	0.048873
1.320000	0.033584
1.321000	0.018295
1.322000	0.023387
1.323000	0.043780
1.324000	0.023387
1.325000	0.038677
1.326000	0.038677
1.327000	0.069255
1.328000	0.069255
1.329000	-0.012283
1.330000	0.013202
1.331000	0.079451
1.332000	0.074348
1.333000	0.018295
1.334000	-0.017376
1.335000	0.038677
1.336000	0.135504
1.337000	0.074348
1.338000	-0.022469
1.339000	-0.012283
1.340000	0.084544
1.341000	0.115111
1.342000	0.033584
1.343000	-0.017376
1.344000	0.028491
1.345000	0.079451
1.346000	0.099833
1.347000	0.069255
1.348000	-0.002087
1.349000	0.048873
1.350000	0.160978
1.351000	0.135504
1.352000	0.028491
1.353000	0.013202
1.354000	0.120215
1.355000	0.186453
1.356000	0.130400
1.357000	0.059058
1.358000	0.069255
1.359000	0.110018
1.360000	0.181360
1.361000	0.150782
1.362000	0.053966
1.363000	0.053966
1.364000	0.130400
1.365000	0.155886
1.366000	0.125307
1.367000	0.059058
1.368000	0.048873
1.369000	0.110018
1.370000	0.171175
1.371000	0.130400
1.372000	0.053966
1.373000	0.048873
1.374000	0.120215
1.375000	0.171175
1.376000	0.150782
1.377000	0.043780
1.378000	0.053966
1.379000	0.150782
1.380000	0.191556
1.381000	0.110018
1.382000	0.028491
1.383000	0.074348
1.384000	0.171175
1.385000	0.155886
1.386000	0.069255
1.387000	0.013202
1.388000	0.084544
1.389000	0.166071
1.390000	0.135504
1.391000	0.048873
1.392000	0.033584
1.393000	0.120215
1.394000	0.171175
1.395000	0.094729
1.396000	0.028491
1.397000	0.074348
1.398000	0.160978
1.399000	0.171175
1.400000	0.079451
1.401000	0.033584
1.402000	0.104926
1.403000	0.166071
1.404000	0.150782
1.405000	0.069255
1.406000	0.043780
1.407000	0.120215
1.408000	0.166071
1.409000	0.130400
1.410000	0.053966
1.411000	0.069255
1.412000	0.160978
1.413000	0.166071
1.414000	0.110018
1.415000	0.069255
1.416000	0.115111
1.417000	0.181360
1.418000	0.160978
1.419000	0.110018
1.420000	0.079451
1.421000	0.120215
1.422000	0.171175
1.423000	0.140596
1.424000	0.074348
1.425000	0.069255
1.426000	0.135504
1.427000	0.160978
1.428000	0.099833
1.429000	0.048873
1.430000	0.084544
1.431000	0.130400
1.432000	0.130400
1.433000	0.084544
1.434000	0.059058
1.435000	0.079451
1.436000	0.110018
1.437000	0.094729
1.438000	0.059058
1.439000	0.059058
1.440000	0.094729
1.441000	0.115111
1.442000	0.079451
1.443000	0.043780
1.444000	0.053966
1.445000	0.104926
1.446000	0.099833
1.447000	0.059058
1.448000	0.043780
1.449000	0.079451
1.450000	0.094729
1.451000	0.064162
1.452000	0.028491
1.453000	0.038677
1.454000	0.074348
1.455000	0.089636
1.456000	0.048873
1.457000	0.013202
1.458000	0.018295
1.459000	0.048873
1.460000	0.064162
1.461000	0.018295
1.462000	-0.012283
1.463000	0.003006
1.464000	0.059058
1.465000	0.074348
1.466000	0.028491
1.467000	-0.022469
1.468000	0.013202
1.469000	0.074348
1.470000	0.074348
1.471000	-0.002087
1.472000	-0.022469
1.473000	0.053966
1.474000	0.099833
1.475000	0.038677
1.476000	-0.017376
1.477000	0.013202
1.478000	0.099833
1.479000	0.099833
1.480000	0.013202
1.481000	-0.017376
1.482000	0.033584
1.483000	0.084544
1.484000	0.028491
1.485000	-0.032665
1.486000	0.008109
1.487000	0.099833
1.488000	0.084544
1.489000	0.008109
1.490000	-0.002087
1.491000	0.033584
1.492000	0.084544
1.493000	0.033584
1.494000	-0.042851
1.495000	-0.027562
1.496000	0.048873
1.497000	0.094729
1.498000	0.013202
1.499000	-0.063233
1.500000	-0.012283
1.501000	0.099833
1.502000	0.084544
1.503000	-0.002087
1.504000	-0.042851
1.505000	0.003006
1.506000	0.064162
1.507000	0.038677
1.508000	-0.058140
1.509000	-0.063233
1.510000	0.053966
1.511000	0.110018
1.512000	0.023387
1.513000	-0.063233
1.514000	-0.017376
1.515000	0.115111
1.516000	0.089636
1.517000	-0.042851
1.518000	-0.063233
1.519000	0.023387
1.520000	0.043780
1.521000	0.008109
1.522000	-0.037758
1.523000	-0.017376
1.524000	0.013202
1.525000	0.013202
1.526000	0.038677
1.527000	0.003006
1.528000	-0.063233
1.529000	0.038677
1.530000	0.104926
1.531000	0.013202
1.532000	-0.098904
1.533000	-0.042851
1.534000	0.104926
1.535000	0.069255
1.536000	-0.098904
1.537000	-0.109100
1.538000	0.018295
1.539000	0.059058
1.540000	0.008109
1.541000	-0.073429
1.542000	-0.058140
1.543000	0.003006
1.544000	0.048873
1.545000	0.008109
1.546000	-0.104007
1.547000	-0.078522
1.548000	0.043780
1.549000	0.064162
1.550000	-0.073429
1.551000	-0.149864
1.552000	-0.032665
1.553000	0.084544
1.554000	0.013202
1.555000	-0.124389
1.556000	-0.083625
1.557000	0.018295
1.558000	-0.012283
1.559000	-0.047954
1.560000	-0.088718
1.561000	-0.114193
1.562000	-0.017376
1.563000	0.028491
1.564000	-0.032665
1.565000	-0.139678
1.566000	-0.104007
1.567000	0.048873
1.568000	-0.017376
1.569000	-0.129482
1.570000	-0.119286
1.571000	-0.063233
1.572000	0.023387
1.573000	-0.058140
1.574000	-0.175349
1.575000	-0.078522
1.576000	-0.017376
1.577000	-0.017376
1.578000	-0.063233
1.579000	-0.134575
1.580000	-0.053047
1.581000	0.013202
1.582000	-0.032665
1.583000	-0.114193
1.584000	-0.149864
1.585000	-0.047954
1.586000	-0.053047
1.587000	-0.119286
1.588000	-0.109100
1.589000	-0.144771
1.590000	-0.088718
1.591000	-0.047954
1.592000	-0.073429
1.593000	-0.093811
1.594000	-0.149864
1.595000	-0.104007
1.596000	-0.037758
1.597000	-0.088718
1.598000	-0.144771
1.599000	-0.149864
1.600000	-0.134575
1.601000	-0.073429
1.602000	-0.078522
1.603000	-0.129482
1.604000	-0.160060
1.605000	-0.134575
1.606000	-0.068336
1.607000	-0.104007
1.608000	-0.185535
1.609000	-0.144771
1.610000	-0.058140
1.611000	-0.068336
1.612000	-0.180442
1.613000	-0.236495
1.614000	-0.088718
1.615000	-0.027562
1.616000	-0.134575
1.617000	-0.160060
1.618000	-0.134575
1.619000	-0.114193
1.620000	-0.053047
1.621000	-0.098904
1.622000	-0.149864
1.623000	-0.165153
1.624000	-0.114193
1.625000	-0.037758
1.626000	-0.124389
1.627000	-0.221206
1.628000	-0.139678
1.629000	-0.068336
1.630000	-0.063233
1.631000	-0.185535
1.632000	-0.195731
1.633000	-0.088718
1.634000	-0.083625
1.635000	-0.109100
1.636000	-0.149864
1.637000	-0.160060
1.638000	-0.139678
1.639000	-0.109100
1.640000	-0.083625
1.641000	-0.149864
1.642000	-0.175349
1.643000	-0.088718
1.644000	-0.078522
1.645000	-0.134575
1.646000	-0.165153
1.647000	-0.129482
1.648000	-0.104007
1.649000	-0.129482
1.650000	-0.129482
1.651000	-0.119286
1.652000	-0.165153
1.653000	-0.160060
1.654000	-0.139678
1.655000	-0.098904
1.656000	-0.134575
1.657000	-0.185535
1.658000	-0.134575
1.659000	-0.088718
1.660000	-0.134575
1.661000	-0.165153
1.662000	-0.180442
1.663000	-0.124389
1.664000	-0.104007
1.665000	-0.154957
1.666000	-0.185535
1.667000	-0.195731
1.668000	-0.144771
1.669000	-0.093811
1.670000	-0.149864
1.671000	-0.190628
1.672000	-0.170246
1.673000	-0.114193
1.674000	-0.098904
1.675000	-0.195731
1.676000	-0.205917
1.677000	-0.134575
1.678000	-0.114193
1.679000	-0.144771
1.680000	-0.200824
1.681000	-0.185535
1.682000	-0.129482
1.683000	-0.098904
1.684000	-0.119286
1.685000	-0.190628
1.686000	-0.211020
1.687000	-0.098904
1.688000	-0.083625
1.689000	-0.154957
1.690000	-0.205917
1.691000	-0.160060
1.692000	-0.083625
1.693000	-0.134575
1.694000	-0.185535
1.695000	-0.195731
1.696000	-0.165153
1.697000	-0.093811
1.698000	-0.129482
1.699000	-0.185535
1.700000	-0.170246
1.701000	-0.149864
1.702000	-0.093811
1.703000	-0.129482
1.704000	-0.190628
1.705000	-0.170246
1.706000	-0.144771
1.707000	-0.109100
1.708000	-0.149864
1.709000	-0.195731
1.710000	-0.160060
1.711000	-0.124389
1.712000	-0.114193
1.713000	-0.139678
1.714000	-0.195731
1.715000	-0.175349
1.716000	-0.134575
1.717000	-0.119286
1.718000	-0.149864
1.719000	-0.211020
1.720000	-0.165153
1.721000	-0.114193
1.722000	-0.134575
1.723000	-0.180442
1.724000	-0.205917
1.725000	-0.149864
1.726000	-0.119286
1.727000	-0.144771
1.728000	-0.190628
1.729000	-0.200824
1.730000	-0.154957
1.731000	-0.124389
1.732000	-0.149864
1.733000	-0.190628
1.734000	-0.190628
1.735000	-0.144771
1.736000	-0.104007
1.737000	-0.165153
1.738000	-0.195731
1.739000	-0.175349
1.740000	-0.129482
1.741000	-0.129482
1.742000	-0.185535
1.743000	-0.205917
1.744000	-0.165153
1.745000	-0.129482
1.746000	-0.134575
1.747000	-0.180442
1.748000	-0.190628
1.749000	-0.149864
1.750000	-0.134575
1.751000	-0.144771
1.752000	-0.190628
1.753000	-0.180442
1.754000	-0.144771
1.755000	-0.139678
1.756000	-0.165153
1.757000	-0.180442
1.758000	-0.190628
1.759000	-0.139678
1.760000	-0.139678
1.761000	-0.154957
1.762000	-0.185535
1.763000	-0.185535
1.764000	-0.139678
1.765000	-0.149864
1.766000	-0.180442
1.767000	-0.190628
1.768000	-0.175349
1.769000	-0.149864
1.770000	-0.160060
1.771000	-0.175349
1.772000	-0.170246
1.773000	-0.165153
1.774000	-0.134575
1.775000	-0.144771
1.776000	-0.160060
1.777000	-0.180442
1.778000	-0.175349
1.779000	-0.129482
1.780000	-0.134575
1.781000	-0.175349
1.782000	-0.175349
1.783000	-0.154957
1.784000	-0.114193
1.785000	-0.149864
1.786000	-0.185535
1.787000	-0.154957
1.788000	-0.134575
1.789000	-0.134575
1.790000	-0.149864
1.791000	-0.175349
1.792000	-0.149864
1.793000	-0.124389
1.794000	-0.129482
1.795000	-0.154957
1.796000	-0.185535
1.797000	-0.144771
1.798000	-0.119286
1.799000	-0.134575
1.800000	-0.149864
1.801000	-0.175349
1.802000	-0.124389
1.803000	-0.088718
1.804000	-0.134575
1.805000	-0.170246
1.806000	-0.165153
1.807000	-0.098904
1.808000	-0.098904
1.809000	-0.160060
1.810000	-0.170246
1.811000	-0.139678
1.812000	-0.083625
1.813000	-0.109100
1.814000	-0.180442
1.815000	-0.154957
1.816000	-0.093811
1.817000	-0.068336
1.818000	-0.134575
1.819000	-0.180442
1.820000	-0.129482
1.821000	-0.088718
1.822000	-0.083625
1.823000	-0.129482
1.824000	-0.170246
1.825000	-0.139678
1.826000	-0.109100
1.827000	-0.114193
1.828000	-0.129482
1.829000	-0.149864
1.830000	-0.124389
1.831000	-0.104007
1.832000	-0.119286
1.833000	-0.129482
1.834000	-0.144771
1.835000	-0.129482
1.836000	-0.109100
1.837000	-0.093811
1.838000	-0.134575
1.839000	-0.144771
1.840000	-0.134575
1.841000	-0.098904
1.842000	-0.078522
1.843000	-0.139678
1.844000	-0.154957
1.845000	-0.119286
1.846000	-0.104007
1.847000	-0.093811
1.848000	-0.134575
1.849000	-0.139678
1.850000	-0.083625
1.851000	-0.093811
1.852000	-0.093811
1.853000	-0.114193
1.854000	-0.139678
1.855000	-0.098904
1.856000	-0.088718
1.857000	-0.104007
1.858000	-0.119286
1.859000	-0.129482
1.860000	-0.083625
1.861000	-0.083625
1.862000	-0.124389
1.863000	-0.104007
1.864000	-0.083625
1.865000	-0.078522
1.866000	-0.093811
1.867000	-0.104007
1.868000	-0.078522
1.869000	-0.093811
1.870000	-0.098904
1.871000	-0.098904
1.872000	-0.098904
1.873000	-0.083625
1.874000	-0.098904
1.875000	-0.114193
1.876000	-0.083625
1.877000	-0.058140
1.878000	-0.073429
1.879000	-0.098904
1.880000	-0.088718
1.881000	-0.063233
1.882000	-0.068336
1.883000	-0.073429
1.884000	-0.104007
1.885000	-0.073429
1.886000	-0.083625
1.887000	-0.088718
1.888000	-0.063233
1.889000	-0.063233
1.890000	-0.068336
1.891000	-0.073429
1.892000	-0.078522
1.893000	-0.042851
1.894000	-0.083625
1.895000	-0.104007
1.896000	-0.053047
1.897000	-0.047954
1.898000	-0.078522
1.899000	-0.093811
1.900000	-0.073429
1.901000	-0.053047
1.902000	-0.063233
1.903000	-0.053047
1.904000	-0.042851
1.905000	-0.073429
1.906000	-0.078522
1.907000	-0.032665
1.908000	-0.037758
1.909000	-0.058140
1.910000	-0.083625
1.911000	-0.053047
1.912000	-0.047954
1.913000	-0.063233
1.914000	-0.053047
1.915000	-0.042851
1.916000	-0.047954
1.917000	-0.042851
1.918000	-0.032665
1.919000	-0.037758
1.920000	-0.037758
1.921000	-0.053047
1.922000	-0.037758
1.923000	0.003006
1.924000	-0.058140
1.925000	-0.083625
1.926000	-0.037758
1.927000	-0.017376
1.928000	-0.012283
1.929000	-0.042851
1.930000	-0.032665
1.931000	-0.017376
1.932000	-0.047954
1.933000	-0.017376
1.934000	-0.002087
1.935000	-0.042851
1.936000	-0.063233
1.937000	-0.037758
1.938000	0.013202
1.939000	-0.012283
1.940000	-0.083625
1.941000	-0.058140
1.942000	-0.002087
1.943000	0.013202
1.944000	-0.053047
1.945000	-0.093811
1.946000	-0.037758
1.947000	0.053966
1.948000	0.028491
1.949000	-0.083625
1.950000	-0.093811
1.951000	-0.012283
1.952000	0.048873
1.953000	0.003006
1.954000	-0.083625
1.955000	-0.083625
1.956000	0.013202
1.957000	0.028491
1.958000	-0.012283
1.959000	-0.083625
1.960000	-0.073429
1.961000	0.043780
1.962000	0.053966
1.963000	-0.022469
1.964000	-0.073429
1.965000	-0.053047
1.966000	0.038677
1.967000	0.043780
1.968000	-0.058140
1.969000	-0.078522
1.970000	-0.027562
1.971000	0.048873
1.972000	0.028491
1.973000	-0.078522
1.974000	-0.078522
1.975000	0.008109
1.976000	0.043780
1.977000	0.003006
1.978000	-0.073429
1.979000	-0.068336
1.980000	0.033584
1.981000	0.074348
1.982000	0.013202
1.983000	-0.073429
1.984000	-0.032665
1.985000	0.053966
1.986000	0.048873
1.987000	-0.037758
1.988000	-0.083625
1.989000	-0.032665
1.990000	0.043780
1.991000	0.043780
1.992000	-0.042851
1.993000	-0.083625
1.994000	-0.007180
1.995000	0.079451
1.996000	0.043780
1.997000	-0.053047
1.998000	-0.058140
1.999000	0.028491
2.000000	0.079451
2.001000	0.013202
2.002000	-0.068336
2.003000	-0.032665
2.004000	0.033584
2.005000	0.043780
2.006000	-0.017376
2.007000	-0.058140
2.008000	-0.002087
2.009000	0.053966
2.010000	0.038677
2.011000	-0.017376
2.012000	-0.032665
2.013000	0.018295
2.014000	0.059058
2.015000	0.013202
2.016000	-0.037758
2.017000	-0.042851
2.018000	0.023387
2.019000	0.059058
2.020000	0.003006
2.021000	-0.037758
2.022000	-0.012283
2.023000	0.043780
2.024000	0.053966
2.025000	0.008109
2.026000	-0.022469
2.027000	0.003006
2.028000	0.043780
2.029000	0.038677
2.030000	-0.012283
2.031000	-0.027562
2.032000	0.008109
2.033000	0.043780
2.034000	0.023387
2.035000	-0.012283
2.036000	0.003006
2.037000	0.038677
2.038000	0.048873
2.039000	0.008109
2.040000	-0.017376
2.041000	0.003006
2.042000	0.023387
2.043000	0.028491
2.044000	-0.002087
2.045000	-0.017376
2.046000	0.018295
2.047000	0.043780
2.048000	0.028491
2.049000	0.008109
2.050000	0.003006
2.051000	0.028491
2.052000	0.043780
2.053000	0.018295
2.054000	-0.002087
2.055000	-0.002087
2.056000	0.013202
2.057000	0.018295
2.058000	-0.012283
2.059000	-0.002087
2.060000	0.008109
2.061000	0.023387
2.062000	0.008109
2.063000	0.003006
2.064000	-0.002087
2.065000	0.008109
2.066000	0.008109
2.067000	0.003006
2.068000	-0.012283
2.069000	-0.002087
2.070000	0.008109
2.071000	0.008109
2.072000	-0.007180
2.073000	-0.017376
2.074000	-0.007180
2.075000	0.008109
2.076000	0.008109
2.077000	-0.012283
2.078000	-0.017376
2.079000	-0.007180
2.080000	0.003006
2.081000	0.003006
2.082000	-0.022469
2.083000	-0.022469
2.084000	-0.007180
2.085000	0.003006
2.086000	-0.017376
2.087000	-0.032665
2.088000	-0.012283
2.089000	0.003006
2.090000	0.003006
2.091000	-0.022469
2.092000	-0.022469
2.093000	0.003006
2.094000	0.008109
2.095000	-0.022469
2.096000	-0.037758
2.097000	-0.022469
2.098000	0.003006
2.099000	0.008109
2.100000	-0.022469
2.101000	-0.037758
2.102000	-0.012283
2.103000	0.008109
2.104000	-0.002087
2.105000	-0.032665
2.106000	-0.042851
2.107000	-0.027562
2.108000	0.003006
2.109000	-0.022469
2.110000	-0.042851
2.111000	-0.042851
2.112000	-0.017376
2.113000	0.003006
2.114000	-0.012283
2.115000	-0.042851
2.116000	-0.032665
2.117000	-0.007180
2.118000	-0.007180
2.119000	-0.032665
2.120000	-0.053047
2.121000	-0.037758
2.122000	-0.017376
2.123000	-0.012283
2.124000	-0.037758
2.125000	-0.042851
2.126000	-0.027562
2.127000	0.008109
2.128000	-0.007180
2.129000	-0.037758
2.130000	-0.058140
2.131000	-0.032665
2.132000	-0.002087
2.133000	-0.017376
2.134000	-0.073429
2.135000	-0.073429
2.136000	-0.017376
2.137000	0.008109
2.138000	-0.037758
2.139000	-0.083625
2.140000	-0.053047
2.141000	0.023387
2.142000	0.018295
2.143000	-0.053047
2.144000	-0.058140
2.145000	-0.017376
2.146000	0.018295
2.147000	-0.022469
2.148000	-0.078522
2.149000	-0.078522
2.150000	-0.032665
2.151000	-0.017376
2.152000	-0.042851
2.153000	-0.078522
2.154000	-0.053047
2.155000	-0.007180
2.156000	-0.012283
2.157000	-0.047954
2.158000	-0.068336
2.159000	-0.032665
2.160000	0.003006
2.161000	-0.032665
2.162000	-0.088718
2.163000	-0.078522
2.164000	-0.027562
2.165000	-0.007180
2.166000	-0.032665
2.167000	-0.073429
2.168000	-0.053047
2.169000	-0.012283
2.170000	-0.012283
2.171000	-0.058140
2.172000	-0.073429
2.173000	-0.042851
2.174000	-0.007180
2.175000	-0.042851
2.176000	-0.083625
2.177000	-0.078522
2.178000	-0.053047
2.179000	-0.037758
2.180000	-0.063233
2.181000	-0.088718
2.182000	-0.068336
2.183000	-0.027562
2.184000	-0.022469
2.185000	-0.073429
2.186000	-0.109100
2.187000	-0.058140
2.188000	-0.022469
2.189000	-0.053047
2.190000	-0.078522
2.191000	-0.098904
2.192000	-0.063233
2.193000	-0.027562
2.194000	-0.047954
2.195000	-0.088718
2.196000	-0.093811
2.197000	-0.058140
2.198000	-0.032665
2.199000	-0.073429
2.200000	-0.109100
2.201000	-0.093811
2.202000	-0.053047
2.203000	-0.058140
2.204000	-0.078522
2.205000	-0.104007
2.206000	-0.073429
2.207000	-0.058140
2.208000	-0.042851
2.209000	-0.078522
2.210000	-0.114193
2.211000	-0.088718
2.212000	-0.068336
2.213000	-0.063233
2.214000	-0.083625
2.215000	-0.109100
2.216000	-0.078522
2.217000	-0.053047
2.218000	-0.063233
2.219000	-0.098904
2.220000	-0.088718
2.221000	-0.053047
2.222000	-0.037758
2.223000	-0.068336
2.224000	-0.114193
2.225000	-0.109100
2.226000	-0.063233
2.227000	-0.058140
2.228000	-0.109100
2.229000	-0.124389
2.230000	-0.098904
2.231000	-0.068336
2.232000	-0.063233
2.233000	-0.098904
2.234000	-0.109100
2.235000	-0.068336
2.236000	-0.058140
2.237000	-0.063233
2.238000	-0.083625
2.239000	-0.114193
2.240000	-0.078522
2.241000	-0.068336
2.242000	-0.093811
2.243000	-0.119286
2.244000	-0.129482
2.245000	-0.073429
2.246000	-0.058140
2.247000	-0.093811
2.248000	-0.119286
2.249000	-0.078522
2.250000	-0.053047
2.251000	-0.088718
2.252000	-0.134575
2.253000	-0.119286
2.254000	-0.088718
2.255000	-0.083625
2.256000	-0.093811
2.257000	-0.114193
2.258000	-0.109100
2.259000	-0.098904
2.260000	-0.088718
2.261000	-0.083625
2.262000	-0.093811
2.263000	-0.088718
2.264000	-0.083625
2.265000	-0.093811
2.266000	-0.078522
2.267000	-0.098904
2.268000	-0.093811
2.269000	-0.078522
2.270000	-0.104007
2.271000	-0.104007
2.272000	-0.104007
2.273000	-0.104007
2.274000	-0.093811
2.275000	-0.104007
2.276000	-0.109100
2.277000	-0.098904
2.278000	-0.093811
2.279000	-0.098904
2.280000	-0.109100
2.281000	-0.098904
2.282000	-0.068336
2.283000	-0.088718
2.284000	-0.124389
2.285000	-0.119286
2.286000	-0.083625
2.287000	-0.083625
2.288000	-0.104007
2.289000	-0.119286
2.290000	-0.109100
2.291000	-0.098904
2.292000	-0.093811
2.293000	-0.109100
2.294000	-0.124389
2.295000	-0.109100
2.296000	-0.093811
2.297000	-0.093811
2.298000	-0.119286
2.299000	-0.119286
2.300000	-0.093811
2.301000	-0.088718
2.302000	-0.093811
2.303000	-0.119286
2.304000	-0.114193
2.305000	-0.093811
2.306000	-0.078522
2.307000	-0.104007
2.308000	-0.129482
2.309000	-0.134575
2.310000	-0.093811
2.311000	-0.073429
2.312000	-0.114193
2.313000	-0.134575
2.314000	-0.124389
2.315000	-0.078522
2.316000	-0.083625
2.317000	-0.119286
2.318000	-0.124389
2.319000	-0.104007
2.320000	-0.083625
2.321000	-0.098904
2.322000	-0.134575
2.323000	-0.124389
2.324000	-0.098904
2.325000	-0.083625
2.326000	-0.109100
2.327000	-0.134575
2.328000	-0.119286
2.329000	-0.088718
2.330000	-0.093811
2.331000	-0.119286
2.332000	-0.134575
2.333000	-0.114193
2.334000	-0.083625
2.335000	-0.104007
2.336000	-0.129482
2.337000	-0.139678
2.338000	-0.114193
2.339000	-0.098904
2.340000	-0.104007
2.341000	-0.134575
2.342000	-0.139678
2.343000	-0.114193
2.344000	-0.083625
2.345000	-0.119286
2.346000	-0.144771
2.347000	-0.129482
2.348000	-0.098904
2.349000	-0.109100
2.350000	-0.134575
2.351000	-0.134575
2.352000	-0.109100
2.353000	-0.104007
2.354000	-0.104007
2.355000	-0.139678
2.356000	-0.134575
2.357000	-0.104007
2.358000	-0.114193
2.359000	-0.114193
2.360000	-0.129482
2.361000	-0.119286
2.362000	-0.109100
2.363000	-0.098904
2.364000	-0.129482
2.365000	-0.124389
2.366000	-0.104007
2.367000	-0.093811
2.368000	-0.114193
2.369000	-0.124389
2.370000	-0.119286
2.371000	-0.098904
2.372000	-0.093811
2.373000	-0.114193
2.374000	-0.124389
2.375000	-0.119286
2.376000	-0.098904
2.377000	-0.098904
2.378000	-0.114193
2.379000	-0.134575
2.380000	-0.093811
2.381000	-0.083625
2.382000	-0.098904
2.383000	-0.124389
2.384000	-0.129482
2.385000	-0.098904
2.386000	-0.088718
2.387000	-0.109100
2.388000	-0.134575
2.389000	-0.114193
2.390000	-0.088718
2.391000	-0.083625
2.392000	-0.109100
2.393000	-0.114193
2.394000	-0.098904
2.395000	-0.083625
2.396000	-0.093811
2.397000	-0.109100
2.398000	-0.104007
2.399000	-0.088718
2.400000	-0.083625
2.401000	-0.114193
2.402000	-0.119286
2.403000	-0.114193
2.404000	-0.093811
2.405000	-0.088718
2.406000	-0.104007
2.407000	-0.124389
2.408000	-0.104007
2.409000	-0.078522
2.410000	-0.093811
2.411000	-0.114193
2.412000	-0.114193
2.413000	-0.098904
2.414000	-0.083625
2.415000	-0.104007
2.416000	-0.104007
2.417000	-0.114193
2.418000	-0.098904
2.419000	-0.083625
2.420000	-0.093811
2.421000	-0.109100
2.422000	-0.114193
2.423000	-0.088718
2.424000	-0.078522
2.425000	-0.104007
2.426000	-0.109100
2.427000	-0.093811
2.428000	-0.073429
2.429000	-0.083625
2.430000	-0.104007
2.431000	-0.114193
2.432000	-0.093811
2.433000	-0.078522
2.434000	-0.078522
2.435000	-0.109100
2.436000	-0.098904
2.437000	-0.093811
2.438000	-0.083625
2.439000	-0.098904
2.440000	-0.104007
2.441000	-0.104007
2.442000	-0.093811
2.443000	-0.088718
2.444000	-0.093811
2.445000	-0.104007
2.446000	-0.104007
2.447000	-0.083625
2.448000	-0.098904
2.449000	-0.109100
2.450000	-0.114193
2.451000	-0.104007
2.452000	-0.093811
2.453000	-0.098904
2.454000	-0.114193
2.455000	-0.119286
2.456000	-0.093811
2.457000	-0.093811
2.458000	-0.098904
2.459000	-0.114193
2.460000	-0.109100
2.461000	-0.088718
2.462000	-0.093811
2.463000	-0.104007
2.464000	-0.109100
2.465000	-0.093811
2.466000	-0.088718
2.467000	-0.093811
2.468000	-0.114193
2.469000	-0.104007
2.470000	-0.098904
2.471000	-0.093811
2.472000	-0.093811
2.473000	-0.109100
2.474000	-0.104007
2.475000	-0.093811
2.476000	-0.093811
2.477000	-0.104007
2.478000	-0.104007
2.479000	-0.093811
2.480000	-0.088718
2.481000	-0.083625
2.482000	-0.093811
2.483000	-0.093811
2.484000	-0.093811
2.485000	-0.078522
2.486000	-0.088718
2.487000	-0.088718
2.488000	-0.109100
2.489000	-0.093811
2.490000	-0.078522
2.491000	-0.083625
2.492000	-0.088718
2.493000	-0.083625
2.494000	-0.073429
2.495000	-0.068336
2.496000	-0.083625
2.497000	-0.088718
2.498000	-0.083625
2.499000	-0.078522
2.500000	-0.073429
2.501000	-0.083625
2.502000	-0.088718
2.503000	-0.078522
2.504000	-0.088718
2.505000	-0.078522
2.506000	-0.073429
2.507000	-0.078522
2.508000	-0.073429
2.509000	-0.078522
2.510000	-0.073429
2.511000	-0.068336
2.512000	-0.078522
2.513000	-0.083625
2.514000	-0.083625
2.515000	-0.073429
2.516000	-0.083625
2.517000	-0.088718
2.518000	-0.083625
2.519000	-0.083625
2.520000	-0.078522
2.521000	-0.078522
2.522000	-0.078522
2.523000	-0.078522
2.524000	-0.073429
2.525000	-0.068336
2.526000	-0.063233
2.527000	-0.073429
2.528000	-0.073429
2.529000	-0.063233
2.530000	-0.058140
2.531000	-0.068336
2.532000	-0.073429
2.533000	-0.073429
2.534000	-0.063233
2.535000	-0.058140
2.536000	-0.073429
2.537000	-0.068336
2.538000	-0.078522
2.539000	-0.063233
2.540000	-0.058140
2.541000	-0.063233
2.542000	-0.063233
2.543000	-0.068336
2.544000	-0.053047
2.545000	-0.053047
2.546000	-0.078522
2.547000	-0.078522
2.548000	-0.068336
2.549000	-0.053047
2.550000	-0.053047
2.551000	-0.073429
2.552000	-0.063233
2.553000	-0.063233
2.554000	-0.058140
2.555000	-0.053047
2.556000	-0.078522
2.557000	-0.073429
2.558000	-0.047954
2.559000	-0.058140
2.560000	-0.063233
2.561000	-0.078522
2.562000	-0.068336
2.563000	-0.058140
2.564000	-0.068336
2.565000	-0.078522
2.566000	-0.093811
2.567000	-0.073429
2.568000	-0.063233
2.569000	-0.073429
2.570000	-0.073429
2.571000	-0.083625
2.572000	-0.078522
2.573000	-0.068336
2.574000	-0.073429
2.575000	-0.073429
2.576000	-0.078522
2.577000	-0.073429
2.578000	-0.063233
2.579000	-0.073429
2.580000	-0.078522
2.581000	-0.078522
2.582000	-0.058140
2.583000	-0.073429
2.584000	-0.078522
2.585000	-0.083625
2.586000	-0.073429
2.587000	-0.058140
2.588000	-0.063233
2.589000	-0.083625
2.590000	-0.078522
2.591000	-0.063233
2.592000	-0.042851
2.593000	-0.058140
2.594000	-0.068336
2.595000	-0.068336
2.596000	-0.053047
2.597000	-0.047954
2.598000	-0.058140
2.599000	-0.073429
2.600000	-0.063233
2.601000	-0.042851
2.602000	-0.053047
2.603000	-0.058140
2.604000	-0.073429
2.605000	-0.058140
2.606000	-0.042851
2.607000	-0.042851
2.608000	-0.063233
2.609000	-0.073429
2.610000	-0.047954
2.611000	-0.037758
2.612000	-0.058140
2.613000	-0.063233
2.614000	-0.063233
2.615000	-0.053047
2.616000	-0.042851
2.617000	-0.058140
2.618000	-0.068336
2.619000	-0.063233
2.620000	-0.042851
2.621000	-0.037758
2.622000	-0.058140
2.623000	-0.068336
2.624000	-0.053047
2.625000	-0.047954
2.626000	-0.053047
2.627000	-0.073429
2.628000	-0.073429
2.629000	-0.053047
2.630000	-0.042851
2.631000	-0.058140
2.632000	-0.068336
2.633000	-0.063233
2.634000	-0.053047
2.635000	-0.042851
2.636000	-0.058140
2.637000	-0.068336
2.638000	-0.058140
2.639000	-0.058140
2.640000	-0.047954
2.641000	-0.058140
2.642000	-0.068336
2.643000	-0.047954
2.644000	-0.042851
2.645000	-0.053047
2.646000	-0.063233
2.647000	-0.063233
2.648000	-0.053047
2.649000	-0.042851
2.650000	-0.053047
2.651000	-0.058140
2.652000	-0.047954
2.653000	-0.042851
2.654000	-0.037758
2.655000	-0.053047
2.656000	-0.058140
2.657000	-0.042851
2.658000	-0.037758
2.659000	-0.047954
2.660000	-0.058140
2.661000	-0.058140
2.662000	-0.047954
2.663000	-0.037758
2.664000	-0.053047
2.665000	-0.058140
2.666000	-0.058140
2.667000	-0.042851
2.668000	-0.037758
2.669000	-0.053047
2.670000	-0.063233
2.671000	-0.063233
2.672000	-0.053047
2.673000	-0.053047
2.674000	-0.068336
2.675000	-0.073429
2.676000	-0.068336
2.677000	-0.053047
2.678000	-0.073429
2.679000	-0.073429
2.680000	-0.078522
2.681000	-0.063233
2.682000	-0.058140
2.683000	-0.068336
2.684000	-0.073429
2.685000	-0.073429
2.686000	-0.058140
2.687000	-0.063233
2.688000	-0.078522
2.689000	-0.093811
2.690000	-0.073429
2.691000	-0.073429
2.692000	-0.068336
2.693000	-0.078522
2.694000	-0.078522
2.695000	-0.068336
2.696000	-0.058140
2.697000	-0.068336
2.698000	-0.083625
2.699000	-0.068336
2.700000	-0.063233
2.701000	-0.068336
2.702000	-0.073429
2.703000	-0.083625
2.704000	-0.073429
2.705000	-0.063233
2.706000	-0.063233
2.707000	-0.078522
2.708000	-0.073429
2.709000	-0.063233
2.710000	-0.058140
2.711000	-0.063233
2.712000	-0.073429
2.713000	-0.068336
2.714000	-0.058140
2.715000	-0.068336
2.716000	-0.068336
2.717000	-0.078522
2.718000	-0.073429
2.719000	-0.063233
2.720000	-0.063233
2.721000	-0.073429
2.722000	-0.078522
2.723000	-0.073429
2.724000	-0.058140
2.725000	-0.063233
2.726000	-0.068336
2.727000	-0.073429
2.728000	-0.063233
2.729000	-0.068336
2.730000	-0.063233
2.731000	-0.073429
2.732000	-0.073429
2.733000	-0.068336
2.734000	-0.063233
2.735000	-0.068336
2.736000	-0.073429
2.737000	-0.073429
2.738000	-0.068336
2.739000	-0.073429
2.740000	-0.068336
2.741000	-0.068336
2.742000	-0.063233
2.743000	-0.063233
2.744000	-0.063233
2.745000	-0.068336
2.746000	-0.063233
2.747000	-0.063233
2.748000	-0.063233
2.749000	-0.063233
2.750000	-0.073429
2.751000	-0.073429
2.752000	-0.063233
2.753000	-0.053047
2.754000	-0.063233
2.755000	-0.063233
2.756000	-0.063233
2.757000	-0.053047
2.758000	-0.058140
2.759000	-0.063233
2.760000	-0.063233
2.761000	-0.063233
2.762000	-0.063233
2.763000	-0.058140
2.764000	-0.058140
2.765000	-0.063233
2.766000	-0.058140
2.767000	-0.053047
2.768000	-0.058140
2.769000	-0.058140
2.770000	-0.053047
2.771000	-0.053047
2.772000	-0.047954
2.773000	-0.053047
2.774000	-0.058140
2.775000	-0.053047
2.776000	-0.047954
2.777000	-0.053047
2.778000	-0.058140
2.779000	-0.058140
2.780000	-0.058140
2.781000	-0.058140
2.782000	-0.053047
2.783000	-0.053047
2.784000	-0.053047
2.785000	-0.058140
2.786000	-0.053047
2.787000	-0.047954
2.788000	-0.053047
2.789000	-0.068336
2.790000	-0.053047
2.791000	-0.063233
2.792000	-0.053047
2.793000	-0.063233
2.794000	-0.063233
2.795000	-0.063233
2.796000	-0.063233
2.797000	-0.063233
2.798000	-0.063233
2.799000	-0.058140
2.800000	-0.058140
2.801000	-0.063233
2.802000	-0.063233
2.803000	-0.058140
2.804000	-0.063233
2.805000	-0.063233
2.806000	-0.053047
2.807000	-0.058140
2.808000	-0.063233
2.809000	-0.063233
2.810000	-0.058140
2.811000	-0.063233
2.812000	-0.063233
2.813000	-0.068336
2.814000	-0.053047
2.815000	-0.063233
2.816000	-0.063233
2.817000	-0.063233
2.818000	-0.068336
2.819000	-0.063233
2.820000	-0.063233
2.821000	-0.063233
2.822000	-0.073429
2.823000	-0.073429
2.824000	-0.063233
2.825000	-0.068336
2.826000	-0.063233
2.827000	-0.068336
2.828000	-0.063233
2.829000	-0.058140
2.830000	-0.053047
2.831000	-0.063233
2.832000	-0.073429
2.833000	-0.063233
2.834000	-0.068336
2.835000	-0.068336
2.836000	-0.073429
2.837000	-0.073429
2.838000	-0.073429
2.839000	-0.073429
2.840000	-0.068336
2.841000	-0.068336
2.842000	-0.068336
2.843000	-0.063233
2.844000	-0.068336
2.845000	-0.073429
2.846000	-0.073429
2.847000	-0.063233
2.848000	-0.063233
2.849000	-0.073429
2.850000	-0.073429
2.851000	-0.078522
2.852000	-0.068336
2.853000	-0.063233
2.854000	-0.068336
2.855000	-0.073429
2.856000	-0.073429
2.857000	-0.063233
2.858000	-0.063233
2.859000	-0.068336
2.860000	-0.078522
2.861000	-0.073429
2.862000	-0.068336
2.863000	-0.068336
2.864000	-0.063233
2.865000	-0.063233
2.866000	-0.063233
2.867000	-0.063233
2.868000	-0.068336
2.869000	-0.073429
2.870000	-0.063233
2.871000	-0.068336
2.872000	-0.058140
2.873000	-0.063233
2.874000	-0.063233
2.875000	-0.058140
2.876000	-0.058140
2.877000	-0.053047
2.878000	-0.063233
2.879000	-0.068336
2.880000	-0.053047
2.881000	-0.058140
2.882000	-0.063233
2.883000	-0.063233
2.884000	-0.058140
2.885000	-0.053047
2.886000	-0.058140
2.887000	-0.058140
2.888000	-0.063233
2.889000	-0.063233
2.890000	-0.058140
2.891000	-0.063233
2.892000	-0.058140
2.893000	-0.053047
2.894000	-0.053047
2.895000	-0.058140
2.896000	-0.058140
2.897000	-0.058140
2.898000	-0.058140
2.899000	-0.058140
2.900000	-0.058140
2.901000	-0.063233
2.902000	-0.063233
2.903000	-0.058140
2.904000	-0.053047
2.905000	-0.053047
2.906000	-0.058140
2.907000	-0.053047
2.908000	-0.058140
2.909000	-0.058140
2.910000	-0.047954
2.911000	-0.063233
2.912000	-0.063233
2.913000	-0.053047
2.914000	-0.058140
2.915000	-0.058140
2.916000	-0.058140
2.917000	-0.063233
2.918000	-0.058140
2.919000	-0.053047
2.920000	-0.058140
2.921000	-0.053047
2.922000	-0.063233
2.923000	-0.058140
2.924000	-0.053047
2.925000	-0.053047
2.926000	-0.053047
2.927000	-0.058140
2.928000	-0.058140
2.929000	-0.058140
2.930000	-0.047954
2.931000	-0.053047
2.932000	-0.058140
2.933000	-0.058140
2.934000	-0.053047
2.935000	-0.053047
2.936000	-0.053047
2.937000	-0.053047
2.938000	-0.058140
2.939000	-0.063233
2.940000	-0.063233
2.941000	-0.053047
2.942000	-0.058140
2.943000	-0.068336
2.944000	-0.058140
2.945000	-0.068336
2.946000	-0.058140
2.947000	-0.063233
2.948000	-0.058140
2.949000	-0.063233
2.950000	-0.068336
2.951000	-0.063233
2.952000	-0.063233
2.953000	-0.063233
2.954000	-0.068336
2.955000	-0.068336
2.956000	-0.058140
2.957000	-0.068336
2.958000	-0.063233
2.959000	-0.063233
2.960000	-0.063233
2.961000	-0.068336
2.962000	-0.063233
2.963000	-0.063233
2.964000	-0.068336
2.965000	-0.068336
2.966000	-0.063233
2.967000	-0.063233
2.968000	-0.068336
2.969000	-0.068336
2.970000	-0.068336
2.971000	-0.063233
2.972000	-0.073429
2.973000	-0.063233
2.974000	-0.063233
2.975000	-0.063233
2.976000	-0.063233
2.977000	-0.058140
2.978000	-0.063233
2.979000	-0.073429
2.980000	-0.063233
2.981000	-0.058140
2.982000	-0.058140
2.983000	-0.058140
2.984000	-0.058140
2.985000	-0.063233
2.986000	-0.058140
2.987000	-0.047954
2.988000	-0.058140
2.989000	-0.058140
2.990000	-0.058140
2.991000	-0.058140
2.992000	-0.058140
2.993000	-0.053047
2.994000	-0.063233
2.995000	-0.053047
2.996000	-0.053047
2.997000	-0.053047
2.998000	-0.058140
2.999000	-0.058140
3.000000	-0.058140
3.001000	-0.058140
3.002000	-0.058140
3.003000	-0.053047
3.004000	-0.058140
3.005000	-0.053047
3.006000	-0.058140
3.007000	-0.058140
3.008000	-0.047954
3.009000	-0.063233
3.010000	-0.053047
3.011000	-0.053047
3.012000	-0.063233
3.013000	-0.058140
3.014000	-0.058140
3.015000	-0.058140
3.016000	-0.063233
3.017000	-0.058140
3.018000	-0.058140
3.019000	-0.063233
3.020000	-0.053047
3.021000	-0.063233
3.022000	-0.063233
3.023000	-0.058140
3.024000	-0.058140
3.025000	-0.058140
3.026000	-0.058140
3.027000	-0.063233
3.028000	-0.058140
3.029000	-0.058140
3.030000	-0.058140
3.031000	-0.058140
3.032000	-0.042851
3.033000	-0.053047
3.034000	-0.058140
3.035000	-0.063233
3.036000	-0.058140
3.037000	-0.053047
3.038000	-0.063233
3.039000	-0.058140
3.040000	-0.063233
3.041000	-0.058140
3.042000	-0.058140
3.043000	-0.058140
3.044000	-0.063233
3.045000	-0.063233
3.046000	-0.063233
3.047000	-0.053047
3.048000	-0.063233
3.049000	-0.063233
3.050000	-0.058140
3.051000	-0.063233
3.052000	-0.063233
3.053000	-0.058140
3.054000	-0.058140
3.055000	-0.068336
3.056000	-0.063233
3.057000	-0.063233
3.058000	-0.058140
3.059000	-0.063233
3.060000	-0.063233
3.061000	-0.068336
3.062000	-0.068336
3.063000	-0.068336
3.064000	-0.063233
3.065000	-0.073429
3.066000	-0.068336
3.067000	-0.078522
3.068000	-0.078522
3.069000	-0.068336
3.070000	-0.068336
3.071000	-0.073429
3.072000	-0.073429
3.073000	-0.063233
3.074000	-0.078522
3.075000	-0.073429
3.076000	-0.068336
3.077000	-0.068336
3.078000	-0.063233
3.079000	-0.073429
3.080000	-0.068336
3.081000	-0.068336
3.082000	-0.073429
3.083000	-0.068336
3.084000	-0.063233
3.085000	-0.063233
3.086000	-0.068336
3.087000	-0.068336
3.088000	-0.063233
3.089000	-0.068336
3.090000	-0.063233
3.091000	-0.068336
3.092000	-0.068336
3.093000	-0.068336
3.094000	-0.063233
3.095000	-0.058140
3.096000	-0.063233
3.097000	-0.063233
3.098000	-0.063233
3.099000	-0.058140
3.100000	-0.058140
3.101000	-0.058140
3.102000	-0.063233
3.103000	-0.058140
3.104000	-0.058140
3.105000	-0.063233
3.106000	-0.058140
3.107000	-0.053047
3.108000	-0.053047
3.109000	-0.058140
3.110000	-0.058140
3.111000	-0.053047
3.112000	-0.058140
3.113000	-0.058140
3.114000	-0.058140
3.115000	-0.063233
3.116000	-0.063233
3.117000	-0.058140
3.118000	-0.053047
3.119000	-0.053047
3.120000	-0.058140
3.121000	-0.053047
3.122000	-0.063233
3.123000	-0.053047
3.124000	-0.058140
3.125000	-0.053047
3.126000	-0.053047
3.127000	-0.047954
3.128000	-0.058140
3.129000	-0.063233
3.130000	-0.053047
3.131000	-0.053047
3.132000	-0.058140
3.133000	-0.063233
3.134000	-0.058140
3.135000	-0.058140
3.136000	-0.053047
3.137000	-0.053047
3.138000	-0.053047
3.139000	-0.058140
3.140000	-0.053047
3.141000	-0.053047
3.142000	-0.058140
3.143000	-0.058140
3.144000	-0.058140
3.145000	-0.063233
3.146000	-0.053047
3.147000	-0.053047
3.148000	-0.053047
3.149000	-0.058140
3.150000	-0.058140
3.151000	-0.058140
3.152000	-0.058140
3.153000	-0.047954
3.154000	-0.058140
3.155000	-0.058140
3.156000	-0.058140
3.157000	-0.063233
3.158000	-0.063233
3.159000	-0.058140
3.160000	-0.058140
3.161000	-0.058140
3.162000	-0.063233
3.163000	-0.058140
3.164000	-0.063233
3.165000	-0.058140
3.166000	-0.063233
3.167000	-0.063233
3.168000	-0.063233
3.169000	-0.063233
3.170000	-0.058140
3.171000	-0.068336
3.172000	-0.073429
3.173000	-0.063233
3.174000	-0.073429
3.175000	-0.068336
3.176000	-0.063233
3.177000	-0.068336
3.178000	-0.068336
3.179000	-0.078522
3.180000	-0.063233
3.181000	-0.068336
3.182000	-0.068336
3.183000	-0.073429
3.184000	-0.068336
3.185000	-0.068336
3.186000	-0.078522
3.187000	-0.073429
3.188000	-0.078522
3.189000	-0.068336
3.190000	-0.078522
3.191000	-0.078522
3.192000	-0.073429
3.193000	-0.073429
3.194000	-0.073429
3.195000	-0.078522
3.196000	-0.073429
3.197000	-0.068336
3.198000	-0.068336
3.199000	-0.073429
3.200000	-0.078522
3.201000	-0.073429
3.202000	-0.073429
3.203000	-0.078522
3.204000	-0.068336
3.205000	-0.073429
3.206000	-0.073429
3.207000	-0.068336
3.208000	-0.073429
3.209000	-0.068336
3.210000	-0.078522
3.211000	-0.063233
3.212000	-0.073429
3.213000	-0.073429
3.214000	-0.068336
3.215000	-0.073429
3.216000	-0.078522
3.217000	-0.073429
3.218000	-0.068336
3.219000	-0.068336
3.220000	-0.063233
3.221000	-0.073429
3.222000	-0.068336
3.223000	-0.068336
3.224000	-0.073429
3.225000	-0.068336
3.226000	-0.068336
3.227000	-0.063233
3.228000	-0.068336
3.229000	-0.068336
3.230000	-0.063233
3.231000	-0.073429
3.232000	-0.063233
3.233000	-0.068336
3.234000	-0.068336
3.235000	-0.063233
3.236000	-0.063233
3.237000	-0.073429
3.238000	-0.068336
3.239000	-0.063233
3.240000	-0.063233
3.241000	-0.058140
3.242000	-0.063233
3.243000	-0.063233
3.244000	-0.068336
3.245000	-0.063233
3.246000	-0.068336
3.247000	-0.063233
3.248000	-0.063233
3.249000	-0.063233
3.250000	-0.068336
3.251000	-0.058140
3.252000	-0.058140
3.253000	-0.063233
3.254000	-0.058140
3.255000	-0.063233
3.256000	-0.058140
3.257000	-0.063233
3.258000	-0.063233
3.259000	-0.058140
3.260000	-0.063233
3.261000	-0.063233
3.262000	-0.058140
3.263000	-0.053047
3.264000	-0.058140
3.265000	-0.058140
3.266000	-0.058140
3.267000	-0.053047
3.268000	-0.058140
3.269000	-0.058140
3.270000	-0.053047
3.271000	-0.058140
3.272000	-0.068336
3.273000	-0.058140
3.274000	-0.058140
3.275000	-0.053047
3.276000	-0.058140
3.277000	-0.063233
3.278000	-0.058140
3.279000	-0.058140
3.280000	-0.053047
3.281000	-0.058140
3.282000	-0.058140
3.283000	-0.058140
3.284000	-0.058140
3.285000	-0.058140
3.286000	-0.053047
3.287000	-0.068336
3.288000	-0.063233
3.289000	-0.063233
3.290000	-0.068336
3.291000	-0.053047
3.292000	-0.058140
3.293000	-0.058140
3.294000	-0.058140
3.295000	-0.068336
3.296000	-0.068336
3.297000	-0.063233
3.298000	-0.063233
3.299000	-0.063233
3.300000	-0.063233
3.301000	-0.068336
3.302000	-0.068336
3.303000	-0.063233
3.304000	-0.063233
3.305000	-0.068336
3.306000	-0.068336
3.307000	-0.058140
3.308000	-0.063233
3.309000	-0.058140
3.310000	-0.063233
3.311000	-0.063233
3.312000	-0.068336
3.313000	-0.053047
3.314000	-0.058140
3.315000	-0.063233
3.316000	-0.063233
3.317000	-0.063233
3.318000	-0.063233
3.319000	-0.063233
3.320000	-0.063233
3.321000	-0.063233
3.322000	-0.068336
3.323000	-0.063233
3.324000	-0.073429
3.325000	-0.063233
3.326000	-0.058140
3.327000	-0.063233
3.328000	-0.063233
3.329000	-0.063233
3.330000	-0.058140
3.331000	-0.063233
3.332000	-0.058140
3.333000	-0.068336
3.334000	-0.063233
3.335000	-0.063233
3.336000	-0.063233
3.337000	-0.063233
3.338000	-0.063233
3.339000	-0.063233
3.340000	-0.058140
3.341000	-0.063233
3.342000	-0.058140
3.343000	-0.058140
3.344000	-0.063233
3.345000	-0.063233
3.346000	-0.058140
3.347000	-0.063233
3.348000	-0.063233
3.349000	-0.068336
3.350000	-0.063233
3.351000	-0.068336
3.352000	-0.058140
3.353000	-0.058140
3.354000	-0.058140
3.355000	-0.068336
3.356000	-0.053047
3.357000	-0.063233
3.358000	-0.063233
3.359000	-0.063233
3.360000	-0.058140
3.361000	-0.063233
3.362000	-0.063233
3.363000	-0.063233
3.364000	-0.068336
3.365000	-0.068336
3.366000	-0.063233
3.367000	-0.063233
3.368000	-0.068336
3.369000	-0.063233
3.370000	-0.063233
3.371000	-0.063233
3.372000	-0.068336
3.373000	-0.068336
3.374000	-0.063233
3.375000	-0.063233
3.376000	-0.063233
3.377000	-0.068336
3.378000	-0.063233
3.379000	-0.058140
3.380000	-0.063233
3.381000	-0.063233
3.382000	-0.063233
3.383000	-0.063233
3.384000	-0.063233
3.385000	-0.063233
3.386000	-0.063233
3.387000	-0.058140
3.388000	-0.068336
3.389000	-0.063233
3.390000	-0.063233
3.391000	-0.068336
3.392000	-0.063233
3.393000	-0.068336
3.394000	-0.063233
3.395000	-0.073429
3.396000	-0.068336
3.397000	-0.058140
3.398000	-0.063233
3.399000	-0.063233
3.400000	-0.068336
3.401000	-0.068336
3.402000	-0.068336
3.403000	-0.073429
3.404000	-0.063233
3.405000	-0.063233
3.406000	-0.063233
3.407000	-0.063233
3.408000	-0.063233
3.409000	-0.068336
3.410000	-0.063233
3.411000	-0.068336
3.412000	-0.068336
3.413000	-0.068336
3.414000	-0.068336
3.415000	-0.063233
3.416000	-0.073429
3.417000	-0.063233
3.418000	-0.068336
3.419000	-0.068336
3.420000	-0.068336
3.421000	-0.068336
3.422000	-0.068336
3.423000	-0.068336
3.424000	-0.068336
3.425000	-0.063233
3.426000	-0.058140
3.427000	-0.063233
3.428000	-0.063233
3.429000	-0.068336
3.430000	-0.063233
3.431000	-0.058140
3.432000	-0.063233
3.433000	-0.063233
3.434000	-0.058140
3.435000	-0.068336
3.436000	-0.073429
3.437000	-0.063233
3.438000	-0.063233
3.439000	-0.058140
3.440000	-0.063233
3.441000	-0.053047
3.442000	-0.053047
3.443000	-0.058140
3.444000	-0.063233
3.445000	-0.063233
3.446000	-0.058140
3.447000	-0.058140
3.448000	-0.063233
3.449000	-0.053047
3.450000	-0.058140
3.451000	-0.063233
3.452000	-0.053047
3.453000	-0.063233
3.454000	-0.053047
3.455000	-0.058140
3.456000	-0.053047
3.457000	-0.058140
3.458000	-0.058140
3.459000	-0.058140
3.460000	-0.058140
3.461000	-0.058140
3.462000	-0.063233
3.463000	-0.053047
3.464000	-0.058140
3.465000	-0.053047
3.466000	-0.058140
3.467000	-0.063233
3.468000	-0.063233
3.469000	-0.058140
3.470000	-0.058140
3.471000	-0.053047
3.472000	-0.063233
3.473000	-0.053047
3.474000	-0.053047
3.475000	-0.053047
3.476000	-0.053047
3.477000	-0.058140
3.478000	-0.058140
3.479000	-0.063233
3.480000	-0.053047
3.481000	-0.053047
3.482000	-0.053047
3.483000	-0.058140
3.484000	-0.058140
3.485000	-0.058140
3.486000	-0.063233
3.487000	-0.063233
3.488000	-0.053047
3.489000	-0.053047
3.490000	-0.053047
3.491000	-0.058140
3.492000	-0.058140
3.493000	-0.058140
3.494000	-0.053047
3.495000	-0.053047
3.496000	-0.053047
3.497000	-0.058140
3.498000	-0.053047
3.499000	-0.058140
3.500000	-0.058140
3.501000	-0.058140
3.502000	-0.058140
3.503000	-0.058140
3.504000	-0.063233
3.505000	-0.073429
3.506000	-0.063233
3.507000	-0.063233
3.508000	-0.053047
3.509000	-0.053047
3.510000	-0.068336
3.511000	-0.063233
3.512000	-0.063233
3.513000	-0.063233
3.514000	-0.068336
3.515000	-0.063233
3.516000	-0.068336
3.517000	-0.058140
3.518000	-0.068336
3.519000	-0.068336
3.520000	-0.068336
3.521000	-0.068336
3.522000	-0.068336
3.523000	-0.063233
3.524000	-0.068336
3.525000	-0.068336
3.526000	-0.058140
3.527000	-0.063233
3.528000	-0.063233
3.529000	-0.073429
3.530000	-0.068336
3.531000	-0.068336
3.532000	-0.068336
3.533000	-0.073429
3.534000	-0.083625
3.535000	-0.073429
3.536000	-0.073429
3.537000	-0.073429
3.538000	-0.073429
3.539000	-0.073429
3.540000	-0.068336
3.541000	-0.073429
3.542000	-0.068336
3.543000	-0.063233
3.544000	-0.063233
3.545000	-0.073429
3.546000	-0.063233
3.547000	-0.063233
3.548000	-0.073429
3.549000	-0.063233
3.550000	-0.063233
3.551000	-0.068336
3.552000	-0.078522
3.553000	-0.068336
3.554000	-0.068336
3.555000	-0.068336
3.556000	-0.073429
3.557000	-0.073429
3.558000	-0.068336
3.559000	-0.073429
3.560000	-0.073429
3.561000	-0.073429
3.562000	-0.063233
3.563000	-0.068336
3.564000	-0.063233
3.565000	-0.068336
3.566000	-0.068336
3.567000	-0.068336
3.568000	-0.063233
3.569000	-0.068336
3.570000	-0.058140
3.571000	-0.063233
3.572000	-0.068336
3.573000	-0.068336
3.574000	-0.063233
3.575000	-0.068336
3.576000	-0.063233
3.577000	-0.063233
3.578000	-0.058140
3.579000	-0.068336
3.580000	-0.063233
3.581000	-0.063233
3.582000	-0.063233
3.583000	-0.058140
3.584000	-0.068336
3.585000	-0.063233
3.586000	-0.063233
3.587000	-0.058140
3.588000	-0.058140
3.589000	-0.058140
3.590000	-0.053047
3.591000	-0.058140
3.592000	-0.058140
3.593000	-0.063233
3.594000	-0.063233
3.595000	-0.058140
3.596000	-0.068336
3.597000	-0.058140
3.598000	-0.058140
3.599000	-0.058140
3.600000	-0.063233
3.601000	-0.058140
3.602000	-0.058140
3.603000	-0.058140
3.604000	-0.058140
3.605000	-0.063233
3.606000	-0.058140
3.607000	-0.058140
3.608000	-0.058140
3.609000	-0.058140
3.610000	-0.058140
3.611000	-0.058140
3.612000	-0.053047
3.613000	-0.053047
3.614000	-0.058140
3.615000	-0.058140
3.616000	-0.058140
3.617000	-0.058140
3.618000	-0.058140
3.619000	-0.058140
3.620000	-0.058140
3.621000	-0.063233
3.622000	-0.063233
3.623000	-0.058140
3.624000	-0.058140
3.625000	-0.058140
3.626000	-0.053047
3.627000	-0.053047
3.628000	-0.053047
3.629000	-0.053047
3.630000	-0.053047
3.631000	-0.063233
3.632000	-0.058140
3.633000	-0.063233
3.634000	-0.058140
3.635000	-0.063233
3.636000	-0.053047
3.637000	-0.058140
3.638000	-0.058140
3.639000	-0.058140
3.640000	-0.063233
3.641000	-0.053047
3.642000	-0.053047
3.643000	-0.063233
3.644000	-0.063233
3.645000	-0.058140
3.646000	-0.068336
3.647000	-0.058140
3.648000	-0.063233
3.649000	-0.063233
3.650000	-0.058140
3.651000	-0.063233
3.652000	-0.063233
3.653000	-0.063233
3.654000	-0.063233
3.655000	-0.068336
3.656000	-0.063233
3.657000	-0.063233
3.658000	-0.058140
3.659000	-0.063233
3.660000	-0.063233
3.661000	-0.073429
3.662000	-0.063233
3.663000	-0.063233
3.664000	-0.068336
3.665000	-0.068336
3.666000	-0.063233
3.667000	-0.063233
3.668000	-0.058140
3.669000	-0.063233
3.670000	-0.068336
3.671000	-0.063233
3.672000	-0.073429
3.673000	-0.068336
3.674000	-0.063233
3.675000	-0.063233
3.676000	-0.068336
3.677000	-0.063233
3.678000	-0.063233
3.679000	-0.068336
3.680000	-0.068336
3.681000	-0.068336
3.682000	-0.068336
3.683000	-0.063233
3.684000	-0.063233
3.685000	-0.068336
3.686000	-0.068336
3.687000	-0.068336
3.688000	-0.068336
3.689000	-0.063233
3.690000	-0.073429
3.691000	-0.068336
3.692000	-0.068336
3.693000	-0.068336
3.694000	-0.063233
3.695000	-0.068336
3.696000	-0.063233
3.697000	-0.058140
3.698000	-0.068336
3.699000	-0.073429
3.700000	-0.068336
3.701000	-0.073429
3.702000	-0.068336
3.703000	-0.063233
3.704000	-0.063233
3.705000	-0.073429
3.706000	-0.063233
3.707000	-0.058140
3.708000	-0.063233
3.709000	-0.063233
3.710000	-0.063233
3.711000	-0.063233
3.712000	-0.068336
3.713000	-0.063233
3.714000	-0.063233
3.715000	-0.063233
3.716000	-0.063233
3.717000	-0.073429
3.718000	-0.063233
3.719000	-0.063233
3.720000	-0.058140
3.721000	-0.068336
3.722000	-0.068336
3.723000	-0.063233
3.724000	-0.063233
3.725000	-0.063233
3.726000	-0.063233
3.727000	-0.058140
3.728000	-0.063233
3.729000	-0.058140
3.730000	-0.068336
3.731000	-0.068336
3.732000	-0.063233
3.733000	-0.063233
3.734000	-0.063233
3.735000	-0.063233
3.736000	-0.063233
3.737000	-0.068336
3.738000	-0.068336
3.739000	-0.063233
3.740000	-0.073429
3.741000	-0.068336
3.742000	-0.063233
3.743000	-0.063233
3.744000	-0.063233
3.745000	-0.063233
3.746000	-0.068336
3.747000	-0.068336
3.748000	-0.063233
3.749000	-0.063233
3.750000	-0.068336
3.751000	-0.073429
3.752000	-0.068336
3.753000	-0.058140
3.754000	-0.063233
3.755000	-0.068336
3.756000	-0.068336
3.757000	-0.068336
3.758000	-0.073429
3.759000	-0.063233
3.760000	-0.063233
3.761000	-0.063233
3.762000	-0.063233
3.763000	-0.063233
3.764000	-0.063233
3.765000	-0.068336
3.766000	-0.063233
3.767000	-0.068336
3.768000	-0.068336
3.769000	-0.063233
3.770000	-0.058140
3.771000	-0.068336
3.772000	-0.073429
3.773000	-0.058140
3.774000	-0.068336
3.775000	-0.058140
3.776000	-0.058140
3.777000	-0.068336
3.778000	-0.063233
3.779000	-0.068336
3.780000	-0.058140
3.781000	-0.063233
3.782000	-0.063233
3.783000	-0.063233
3.784000	-0.063233
3.785000	-0.068336
3.786000	-0.053047
3.787000	-0.063233
3.788000	-0.063233
3.789000	-0.058140
3.790000	-0.063233
3.791000	-0.058140
3.792000	-0.063233
3.793000	-0.063233
3.794000	-0.063233
3.795000	-0.068336
3.796000	-0.063233
3.797000	-0.058140
3.798000	-0.058140
3.799000	-0.063233
3.800000	-0.063233
3.801000	-0.073429
3.802000	-0.058140
3.803000	-0.063233
3.804000	-0.058140
3.805000	-0.063233
3.806000	-0.058140
3.807000	-0.063233
3.808000	-0.058140
3.809000	-0.053047
3.810000	-0.063233
3.811000	-0.063233
3.812000	-0.068336
3.813000	-0.058140
3.814000	-0.063233
3.815000	-0.058140
3.816000	-0.063233
3.817000	-0.063233
3.818000	-0.053047
3.819000	-0.058140
3.820000	-0.058140
3.821000	-0.063233
3.822000	-0.063233
3.823000	-0.053047
3.824000	-0.063233
3.825000	-0.047954
3.826000	-0.053047
3.827000	-0.063233
3.828000	-0.053047
3.829000	-0.058140
3.830000	-0.053047
3.831000	-0.058140
3.832000	-0.053047
3.833000	-0.058140
3.834000	-0.047954
3.835000	-0.063233
3.836000	-0.058140
3.837000	-0.053047
3.838000	-0.063233
3.839000	-0.058140
3.840000	-0.058140
3.841000	-0.053047
3.842000	-0.058140
3.843000	-0.063233
3.844000	-0.053047
3.845000	-0.063233
3.846000	-0.063233
3.847000	-0.058140
3.848000	-0.058140
3.849000	-0.063233
3.850000	-0.058140
3.851000	-0.058140
3.852000	-0.063233
3.853000	-0.058140
3.854000	-0.068336
3.855000	-0.063233
3.856000	-0.058140
3.857000	-0.063233
3.858000	-0.063233
3.859000	-0.063233
3.860000	-0.058140
3.861000	-0.068336
3.862000	-0.063233
3.863000	-0.068336
3.864000	-0.068336
3.865000	-0.063233
3.866000	-0.063233
3.867000	-0.068336
3.868000	-0.063233
3.869000	-0.063233
3.870000	-0.063233
3.871000	-0.073429
3.872000	-0.073429
3.873000	-0.058140
3.874000	-0.053047
3.875000	-0.063233
3.876000	-0.063233
3.877000	-0.063233
3.878000	-0.068336
3.879000	-0.063233
3.880000	-0.063233
3.881000	-0.063233
3.882000	-0.063233
3.883000	-0.063233
3.884000	-0.063233
3.885000	-0.068336
3.886000	-0.063233
3.887000	-0.068336
3.888000	-0.068336
3.889000	-0.063233
3.890000	-0.063233
3.891000	-0.063233
3.892000	-0.063233
3.893000	-0.058140
3.894000	-0.063233
3.895000	-0.063233
3.896000	-0.068336
3.897000	-0.058140
3.898000	-0.073429
3.899000	-0.073429
3.900000	-0.068336
3.901000	-0.063233
3.902000	-0.068336
3.903000	-0.068336
3.904000	-0.068336
3.905000	-0.073429
3.906000	-0.068336
3.907000	-0.063233
3.908000	-0.068336
3.909000	-0.063233
3.910000	-0.068336
3.911000	-0.073429
3.912000	-0.073429
3.913000	-0.063233
3.914000	-0.068336
3.915000	-0.063233
3.916000	-0.063233
3.917000	-0.058140
3.918000	-0.073429
3.919000	-0.063233
3.920000	-0.063233
3.921000	-0.073429
3.922000	-0.073429
3.923000	-0.063233
3.924000	-0.063233
3.925000	-0.063233
3.926000	-0.068336
3.927000	-0.063233
3.928000	-0.063233
3.929000	-0.058140
3.930000	-0.058140
3.931000	-0.063233
3.932000	-0.063233
3.933000	-0.063233
3.934000	-0.058140
3.935000	-0.058140
3.936000	-0.068336
3.937000	-0.063233
3.938000	-0.053047
3.939000	-0.063233
3.940000	-0.063233
3.941000	-0.058140
3.942000	-0.058140
3.943000	-0.063233
3.944000	-0.053047
3.945000	-0.063233
3.946000	-0.058140
3.947000	-0.058140
3.948000	-0.058140
3.949000	-0.058140
3.950000	-0.063233
3.951000	-0.058140
3.952000	-0.058140
3.953000	-0.063233
3.954000	-0.063233
3.955000	-0.058140
3.956000	-0.053047
3.957000	-0.063233
3.958000	-0.058140
3.959000	-0.058140
3.960000	-0.058140
3.961000	-0.063233
3.962000	-0.063233
3.963000	-0.063233
3.964000	-0.058140
3.965000	-0.058140
3.966000	-0.058140
3.967000	-0.058140
3.968000	-0.063233
3.969000	-0.058140
3.970000	-0.053047
3.971000	-0.058140
3.972000	-0.063233
3.973000	-0.058140
3.974000	-0.063233
3.975000	-0.058140
3.976000	-0.063233
3.977000	-0.063233
3.978000	-0.058140
3.979000	-0.058140
3.980000	-0.058140
3.981000	-0.063233
3.982000	-0.058140
3.983000	-0.063233
3.984000	-0.058140
3.985000	-0.063233
3.986000	-0.058140
3.987000	-0.058140
3.988000	-0.058140
3.989000	-0.058140
3.990000	-0.058140
3.991000	-0.058140
3.992000	-0.053047
3.993000	-0.058140
3.994000	-0.058140
3.995000	-0.063233
3.996000	-0.058140
3.997000	-0.053047
3.998000	-0.068336
3.999000	-0.053047
4.000000	-0.053047
4.001000	-0.058140
4.002000	-0.063233
4.003000	-0.058140
4.004000	-0.063233
4.005000	-0.058140
4.006000	-0.058140
4.007000	-0.063233
4.008000	-0.058140
4.009000	-0.058140
4.010000	-0.063233
4.011000	-0.063233
4.012000	-0.063233
4.013000	-0.058140
4.014000	-0.063233
4.015000	-0.058140
4.016000	-0.063233
4.017000	-0.063233
4.018000	-0.073429
4.019000	-0.068336
4.020000	-0.063233
4.021000	-0.068336
4.022000	-0.063233
4.023000	-0.063233
4.024000	-0.073429
4.025000	-0.058140
4.026000	-0.068336
4.027000	-0.068336
4.028000	-0.058140
4.029000	-0.063233
4.030000	-0.058140
4.031000	-0.068336
4.032000	-0.063233
4.033000	-0.068336
4.034000	-0.063233
4.035000	-0.068336
4.036000	-0.068336
4.037000	-0.058140
4.038000	-0.058140
4.039000	-0.058140
4.040000	-0.058140
4.041000	-0.068336
4.042000	-0.063233
4.043000	-0.068336
4.044000	-0.068336
4.045000	-0.068336
4.046000	-0.063233
4.047000	-0.058140
4.048000	-0.068336
4.049000	-0.063233
4.050000	-0.068336
4.051000	-0.058140
4.052000	-0.058140
4.053000	-0.058140
4.054000	-0.063233
4.055000	-0.068336
4.056000	-0.063233
4.057000	-0.068336
4.058000	-0.063233
4.059000	-0.068336
4.060000	-0.063233
4.061000	-0.063233
4.062000	-0.068336
4.063000	-0.063233
4.064000	-0.063233
4.065000	-0.073429
4.066000	-0.063233
4.067000	-0.063233
4.068000	-0.063233
4.069000	-0.068336
4.070000	-0.063233
4.071000	-0.063233
4.072000	-0.068336
4.073000	-0.063233
4.074000	-0.068336
4.075000	-0.068336
4.076000	-0.063233
4.077000	-0.063233
4.078000	-0.063233
4.079000	-0.063233
4.080000	-0.053047
4.081000	-0.068336
4.082000	-0.073429
4.083000	-0.063233
4.084000	-0.068336
4.085000	-0.068336
4.086000	-0.063233
4.087000	-0.068336
4.088000	-0.068336
4.089000	-0.063233
4.090000	-0.058140
4.091000	-0.058140
4.092000	-0.068336
4.093000	-0.068336
4.094000	-0.068336
4.095000	-0.063233
4.096000	-0.063233
4.097000	-0.068336
4.098000	-0.058140
4.099000	-0.058140
4.100000	-0.063233
4.101000	-0.058140
4.102000	-0.068336
4.103000	-0.058140
4.104000	-0.063233
4.105000	-0.063233
4.106000	-0.053047
4.107000	-0.053047
4.108000	-0.063233
4.109000	-0.063233
4.110000	-0.068336
4.111000	-0.068336
4.112000	-0.058140
4.113000	-0.058140
4.114000	-0.058140
4.115000	-0.063233
4.116000	-0.068336
4.117000	-0.058140
4.118000	-0.068336
4.119000	-0.058140
4.120000	-0.058140
4.121000	-0.063233
4.122000	-0.068336
4.123000	-0.063233
4.124000	-0.063233
4.125000	-0.058140
4.126000	-0.058140
4.127000	-0.058140
4.128000	-0.063233
4.129000	-0.063233
4.130000	-0.058140
4.131000	-0.063233
4.132000	-0.063233
4.133000	-0.063233
4.134000	-0.058140
4.135000	-0.053047
4.136000	-0.053047
4.137000	-0.058140
4.138000	-0.058140
4.139000	-0.063233
4.140000	-0.068336
4.141000	-0.068336
4.142000	-0.058140
4.143000	-0.063233
4.144000	-0.063233
4.145000	-0.063233
4.146000	-0.053047
4.147000	-0.058140
4.148000	-0.058140
4.149000	-0.063233
4.150000	-0.058140
4.151000	-0.058140
4.152000	-0.063233
4.153000	-0.053047
4.154000	-0.058140
4.155000	-0.063233
4.156000	-0.068336
4.157000	-0.063233
4.158000	-0.063233
4.159000	-0.068336
4.160000	-0.068336
4.161000	-0.068336
4.162000	-0.068336
4.163000	-0.058140
4.164000	-0.058140
4.165000	-0.058140
4.166000	-0.053047
4.167000	-0.058140
4.168000	-0.063233
4.169000	-0.063233
4.170000	-0.058140
4.171000	-0.058140
4.172000	-0.068336
4.173000	-0.063233
4.174000	-0.063233
4.175000	-0.058140
4.176000	-0.063233
4.177000	-0.063233
4.178000	-0.068336
4.179000	-0.058140
4.180000	-0.058140
4.181000	-0.068336
4.182000	-0.068336
4.183000	-0.063233
4.184000	-0.068336
4.185000	-0.063233
4.186000	-0.063233
4.187000	-0.063233
4.188000	-0.073429
4.189000	-0.068336
4.190000	-0.063233
4.191000	-0.068336
4.192000	-0.063233
4.193000	-0.063233
4.194000	-0.068336
4.195000	-0.068336
4.196000	-0.063233
4.197000	-0.063233
4.198000	-0.068336
4.199000	-0.068336
4.200000	-0.068336
4.201000	-0.068336
4.202000	-0.058140
4.203000	-0.068336
4.204000	-0.068336
4.205000	-0.068336
4.206000	-0.063233
4.207000	-0.063233
4.208000	-0.063233
4.209000	-0.063233
4.210000	-0.063233
4.211000	-0.063233
4.212000	-0.063233
4.213000	-0.058140
4.214000	-0.058140
4.215000	-0.068336
4.216000	-0.063233
4.217000	-0.058140
4.218000	-0.058140
4.219000	-0.063233
4.220000	-0.058140
4.221000	-0.058140
4.222000	-0.063233
4.223000	-0.063233
4.224000	-0.063233
4.225000	-0.063233
4.226000	-0.063233
4.227000	-0.068336
4.228000	-0.063233
4.229000	-0.063233
4.230000	-0.058140
4.231000	-0.063233
4.232000	-0.063233
4.233000	-0.063233
4.234000	-0.063233
4.235000	-0.063233
4.236000	-0.063233
4.237000	-0.063233
4.238000	-0.063233
4.239000	-0.063233
4.240000	-0.068336
4.241000	-0.063233
4.242000	-0.073429
4.243000	-0.058140
4.244000	-0.068336
4.245000	-0.068336
4.246000	-0.058140
4.247000	-0.063233
4.248000	-0.068336
4.249000	-0.063233
4.250000	-0.063233
4.251000	-0.068336
4.252000	-0.063233
4.253000	-0.063233
4.254000	-0.063233
4.255000	-0.063233
4.256000	-0.063233
4.257000	-0.058140
4.258000	-0.053047
4.259000	-0.063233
4.260000	-0.058140
4.261000	-0.063233
4.262000	-0.063233
4.263000	-0.058140
4.264000	-0.068336
4.265000	-0.063233
4.266000	-0.063233
4.267000	-0.058140
4.268000	-0.058140
4.269000	-0.063233
4.270000	-0.058140
4.271000	-0.068336
4.272000	-0.058140
4.273000	-0.063233
4.274000	-0.063233
4.275000	-0.068336
4.276000	-0.063233
4.277000	-0.068336
4.278000	-0.068336
4.279000	-0.058140
4.280000	-0.063233
4.281000	-0.063233
4.282000	-0.058140
4.283000	-0.063233
4.284000	-0.058140
4.285000	-0.063233
4.286000	-0.063233
4.287000	-0.063233
4.288000	-0.068336
4.289000	-0.068336
4.290000	-0.063233
4.291000	-0.063233
4.292000	-0.068336
4.293000	-0.063233
4.294000	-0.063233
4.295000	-0.068336
4.296000	-0.058140
4.297000	-0.063233
4.298000	-0.068336
4.299000	-0.063233
4.300000	-0.068336
4.301000	-0.058140
4.302000	-0.063233
4.303000	-0.053047
4.304000	-0.058140
4.305000	-0.068336
4.306000	-0.068336
4.307000	-0.063233
4.308000	-0.058140
4.309000	-0.058140
4.310000	-0.058140
4.311000	-0.063233
4.312000	-0.053047
4.313000	-0.058140
4.314000	-0.063233
4.315000	-0.063233
4.316000	-0.068336
4.317000	-0.063233
4.318000	-0.063233
4.319000	-0.058140
4.320000	-0.058140
4.321000	-0.063233
4.322000	-0.063233
4.323000	-0.058140
4.324000	-0.058140
4.325000	-0.058140
4.326000	-0.063233
4.327000	-0.063233
4.328000	-0.058140
4.329000	-0.063233
4.330000	-0.063233
4.331000	-0.073429
4.332000	-0.058140
4.333000	-0.058140
4.334000	-0.058140
4.335000	-0.063233
4.336000	-0.058140
4.337000	-0.063233
4.338000	-0.058140
4.339000	-0.068336
4.340000	-0.058140
4.341000	-0.053047
4.342000	-0.058140
4.343000	-0.058140
4.344000	-0.063233
4.345000	-0.058140
4.346000	-0.063233
4.347000	-0.058140
4.348000	-0.063233
4.349000	-0.058140
4.350000	-0.063233
4.351000	-0.063233
4.352000	-0.068336
4.353000	-0.058140
4.354000	-0.068336
4.355000	-0.068336
4.356000	-0.063233
4.357000	-0.063233
4.358000	-0.063233
4.359000	-0.063233
4.360000	-0.063233
4.361000	-0.068336
4.362000	-0.063233
4.363000	-0.058140
4.364000	-0.063233
4.365000	-0.058140
4.366000	-0.063233
4.367000	-0.058140
4.368000	-0.063233
4.369000	-0.063233
4.370000	-0.058140
4.371000	-0.063233
4.372000	-0.058140
4.373000	-0.063233
4.374000	-0.058140
4.375000	-0.053047
4.376000	-0.063233
4.377000	-0.053047
4.378000	-0.058140
4.379000	-0.063233
4.380000	-0.063233
4.381000	-0.058140
4.382000	-0.063233
4.383000	-0.058140
4.384000	-0.073429
4.385000	-0.058140
4.386000	-0.058140
4.387000	-0.063233
4.388000	-0.073429
4.389000	-0.058140
4.390000	-0.058140
4.391000	-0.058140
4.392000	-0.058140
4.393000	-0.063233
4.394000	-0.063233
4.395000	-0.063233
4.396000	-0.058140
4.397000	-0.058140
4.398000	-0.073429
4.399000	-0.068336
4.400000	-0.058140
4.401000	-0.063233
4.402000	-0.063233
4.403000	-0.063233
4.404000	-0.063233
4.405000	-0.063233
4.406000	-0.063233
4.407000	-0.063233
4.408000	-0.068336
4.409000	-0.068336
4.410000	-0.058140
4.411000	-0.063233
4.412000	-0.068336
4.413000	-0.063233
4.414000	-0.058140
4.415000	-0.058140
4.416000	-0.058140
4.417000	-0.068336
4.418000	-0.063233
4.419000	-0.058140
4.420000	-0.063233
4.421000	-0.063233
4.422000	-0.063233
4.423000	-0.063233
4.424000	-0.063233
4.425000	-0.063233
4.426000	-0.063233
4.427000	-0.068336
4.428000	-0.063233
4.429000	-0.063233
4.430000	-0.058140
4.431000	-0.058140
4.432000	-0.073429
4.433000	-0.063233
4.434000	-0.073429
4.435000	-0.063233
4.436000	-0.063233
4.437000	-0.063233
4.438000	-0.058140
4.439000	-0.063233
4.440000	-0.068336
4.441000	-0.063233
4.442000	-0.058140
4.443000	-0.058140
4.444000	-0.058140
4.445000	-0.063233
4.446000	-0.063233
4.447000	-0.063233
4.448000	-0.058140
4.449000	-0.063233
4.450000	-0.063233
4.451000	-0.068336
4.452000	-0.063233
4.453000	-0.058140
4.454000	-0.063233
4.455000	-0.068336
4.456000	-0.063233
4.457000	-0.063233
4.458000	-0.058140
4.459000	-0.063233
4.460000	-0.068336
4.461000	-0.063233
4.462000	-0.053047
4.463000	-0.058140
4.464000	-0.063233
4.465000	-0.068336
4.466000	-0.063233
4.467000	-0.058140
4.468000	-0.058140
4.469000	-0.063233
4.470000	-0.063233
4.471000	-0.063233
4.472000	-0.063233
4.473000	-0.068336
4.474000	-0.058140
4.475000	-0.058140
4.476000	-0.058140
4.477000	-0.058140
4.478000	-0.058140
4.479000	-0.058140
4.480000	-0.053047
4.481000	-0.058140
4.482000	-0.058140
4.483000	-0.063233
4.484000	-0.058140
4.485000	-0.063233
4.486000	-0.063233
4.487000	-0.063233
4.488000	-0.058140
4.489000	-0.058140
4.490000	-0.058140
4.491000	-0.058140
4.492000	-0.063233
4.493000	-0.063233
4.494000	-0.063233
4.495000	-0.063233
4.496000	-0.058140
4.497000	-0.063233
4.498000	-0.063233
4.499000	-0.063233
4.500000	-0.063233
4.501000	-0.063233
4.502000	-0.063233
4.503000	-0.058140
4.504000	-0.063233
4.505000	-0.063233
4.506000	-0.063233
4.507000	-0.063233
4.508000	-0.063233
4.509000	-0.053047
4.510000	-0.063233
4.511000	-0.058140
4.512000	-0.068336
4.513000	-0.068336
4.514000	-0.063233
4.515000	-0.063233
4.516000	-0.068336
4.517000	-0.068336
4.518000	-0.063233
4.519000	-0.058140
4.520000	-0.063233
4.521000	-0.068336
4.522000	-0.063233
4.523000	-0.063233
4.524000	-0.068336
4.525000	-0.063233
4.526000	-0.058140
4.527000	-0.063233
4.528000	-0.063233
4.529000	-0.058140
4.530000	-0.063233
4.531000	-0.063233
4.532000	-0.068336
4.533000	-0.068336
4.534000	-0.063233
4.535000	-0.068336
4.536000	-0.063233
4.537000	-0.063233
4.538000	-0.063233
4.539000	-0.063233
4.540000	-0.063233
4.541000	-0.058140
4.542000	-0.063233
4.543000	-0.063233
4.544000	-0.058140
4.545000	-0.068336
4.546000	-0.058140
4.547000	-0.063233
4.548000	-0.063233
4.549000	-0.063233
4.550000	-0.063233
4.551000	-0.053047
4.552000	-0.063233
4.553000	-0.063233
4.554000	-0.068336
4.555000	-0.073429
4.556000	-0.058140
4.557000	-0.063233
4.558000	-0.063233
4.559000	-0.063233
4.560000	-0.058140
4.561000	-0.063233
4.562000	-0.058140
4.563000	-0.068336
4.564000	-0.063233
4.565000	-0.068336
4.566000	-0.068336
4.567000	-0.063233
4.568000	-0.068336
4.569000	-0.058140
4.570000	-0.058140
4.571000	-0.063233
4.572000	-0.063233
4.573000	-0.063233
4.574000	-0.058140
4.575000	-0.058140
4.576000	-0.058140
4.577000	-0.063233
4.578000	-0.063233
4.579000	-0.063233
4.580000	-0.058140
4.581000	-0.068336
4.582000	-0.068336
4.583000	-0.063233
4.584000	-0.058140
4.585000	-0.063233
4.586000	-0.063233
4.587000	-0.063233
4.588000	-0.063233
4.589000	-0.063233
4.590000	-0.063233
4.591000	-0.063233
4.592000	-0.063233
4.593000	-0.063233
4.594000	-0.058140
4.595000	-0.058140
4.596000	-0.053047
4.597000	-0.063233
4.598000	-0.063233
4.599000	-0.058140
4.600000	-0.063233
4.601000	-0.063233
4.602000	-0.058140
4.603000	-0.063233
4.604000	-0.058140
4.605000	-0.063233
4.606000	-0.063233
4.607000	-0.058140
4.608000	-0.063233
4.609000	-0.053047
4.610000	-0.063233
4.611000	-0.058140
4.612000	-0.063233
4.613000	-0.058140
4.614000	-0.063233
4.615000	-0.068336
4.616000	-0.063233
4.617000	-0.053047
4.618000	-0.063233
4.619000	-0.063233
4.620000	-0.058140
4.621000	-0.068336
4.622000	-0.063233
4.623000	-0.058140
4.624000	-0.068336
4.625000	-0.063233
4.626000	-0.063233
4.627000	-0.063233
4.628000	-0.063233
4.629000	-0.068336
4.630000	-0.063233
4.631000	-0.063233
4.632000	-0.063233
4.633000	-0.068336
4.634000	-0.063233
4.635000	-0.063233
4.636000	-0.058140
4.637000	-0.063233
4.638000	-0.068336
4.639000	-0.058140
4.640000	-0.063233
4.641000	-0.063233
4.642000	-0.058140
4.643000	-0.058140
4.644000	-0.063233
4.645000	-0.053047
4.646000	-0.058140
4.647000	-0.068336
4.648000	-0.063233
4.649000	-0.063233
4.650000	-0.063233
4.651000	-0.063233
4.652000	-0.063233
4.653000	-0.053047
4.654000	-0.058140
4.655000	-0.063233
4.656000	-0.063233
4.657000	-0.063233
4.658000	-0.058140
4.659000	-0.058140
4.660000	-0.063233
4.661000	-0.063233
4.662000	-0.058140
4.663000	-0.058140
4.664000	-0.063233
4.665000	-0.063233
4.666000	-0.068336
4.667000	-0.068336
4.668000	-0.063233
4.669000	-0.063233
4.670000	-0.063233
4.671000	-0.063233
4.672000	-0.058140
4.673000	-0.063233
4.674000	-0.058140
4.675000	-0.068336
4.676000	-0.058140
4.677000	-0.063233
4.678000	-0.063233
4.679000	-0.063233
4.680000	-0.063233
4.681000	-0.068336
4.682000	-0.068336
4.683000	-0.063233
4.684000	-0.068336
4.685000	-0.073429
4.686000	-0.063233
4.687000	-0.063233
4.688000	-0.068336
4.689000	-0.058140
4.690000	-0.058140
4.691000	-0.063233
4.692000	-0.058140
4.693000	-0.068336
4.694000	-0.068336
4.695000	-0.068336
4.696000	-0.058140
4.697000	-0.063233
4.698000	-0.058140
4.699000	-0.068336
4.700000	-0.063233
4.701000	-0.058140
4.702000	-0.063233
4.703000	-0.058140
4.704000	-0.058140
4.705000	-0.063233
4.706000	-0.063233
4.707000	-0.063233
4.708000	-0.063233
4.709000	-0.068336
4.710000	-0.058140
4.711000	-0.073429
4.712000	-0.053047
4.713000	-0.063233
4.714000	-0.063233
4.715000	-0.063233
4.716000	-0.063233
4.717000	-0.058140
4.718000	-0.063233
4.719000	-0.058140
4.720000	-0.058140
4.721000	-0.058140
4.722000	-0.063233
4.723000	-0.068336
4.724000	-0.058140
4.725000	-0.068336
4.726000	-0.053047
4.727000	-0.063233
4.728000	-0.063233
4.729000	-0.058140
4.730000	-0.063233
4.731000	-0.063233
4.732000	-0.058140
4.733000	-0.058140
4.734000	-0.058140
4.735000	-0.058140
4.736000	-0.063233
4.737000	-0.063233
4.738000	-0.068336
4.739000	-0.063233
4.740000	-0.058140
4.741000	-0.063233
4.742000	-0.058140
4.743000	-0.063233
4.744000	-0.063233
4.745000	-0.068336
4.746000	-0.063233
4.747000	-0.058140
4.748000	-0.058140
4.749000	-0.063233
4.750000	-0.068336
4.751000	-0.063233
4.752000	-0.063233
4.753000	-0.058140
4.754000	-0.058140
4.755000	-0.068336
4.756000	-0.058140
4.757000	-0.068336
4.758000	-0.058140
4.759000	-0.058140
4.760000	-0.063233
4.761000	-0.063233
4.762000	-0.068336
4.763000	-0.053047
4.764000	-0.063233
4.765000	-0.063233
4.766000	-0.058140
4.767000	-0.063233
4.768000	-0.063233
4.769000	-0.058140
4.770000	-0.063233
4.771000	-0.063233
4.772000	-0.058140
4.773000	-0.058140
4.774000	-0.063233
4.775000	-0.058140
4.776000	-0.058140
4.777000	-0.058140
4.778000	-0.063233
4.779000	-0.053047
4.780000	-0.058140
4.781000	-0.058140
4.782000	-0.063233
4.783000	-0.063233
4.784000	-0.063233
4.785000	-0.058140
4.786000	-0.058140
4.787000	-0.063233
4.788000	-0.063233
4.789000	-0.063233
4.790000	-0.058140
4.791000	-0.063233
4.792000	-0.058140
4.793000	-0.068336
4.794000	-0.063233
4.795000	-0.063233
4.796000	-0.053047
4.797000	-0.063233
4.798000	-0.063233
4.799000	-0.063233
4.800000	-0.068336
4.801000	-0.058140
4.802000	-0.063233
4.803000	-0.063233
4.804000	-0.063233
4.805000	-0.063233
4.806000	-0.058140
4.807000	-0.063233
4.808000	-0.063233
4.809000	-0.063233
4.810000	-0.063233
4.811000	-0.068336
4.812000	-0.063233
4.813000	-0.063233
4.814000	-0.068336
4.815000	-0.063233
4.816000	-0.058140
4.817000	-0.058140
4.818000	-0.063233
4.819000	-0.058140
4.820000	-0.063233
4.821000	-0.063233
4.822000	-0.068336
4.823000	-0.063233
4.824000	-0.063233
4.825000	-0.063233
4.826000	-0.068336
4.827000	-0.058140
4.828000	-0.063233
4.829000	-0.063233
4.830000	-0.053047
4.831000	-0.068336
4.832000	-0.068336
4.833000	-0.063233
4.834000	-0.058140
4.835000	-0.063233
4.836000	-0.058140
4.837000	-0.063233
4.838000	-0.063233
4.839000	-0.058140
4.840000	-0.063233
4.841000	-0.068336
4.842000	-0.063233
4.843000	-0.063233
4.844000	-0.063233
4.845000	-0.068336
4.846000	-0.063233
4.847000	-0.068336
4.848000	-0.068336
4.849000	-0.063233
4.850000	-0.063233
4.851000	-0.068336
4.852000	-0.063233
4.853000	-0.058140
4.854000	-0.068336
4.855000	-0.068336
4.856000	-0.063233
4.857000	-0.063233
4.858000	-0.063233
4.859000	-0.063233
4.860000	-0.058140
4.861000	-0.068336
4.862000	-0.068336
4.863000	-0.058140
4.864000	-0.063233
4.865000	-0.058140
4.866000	-0.068336
4.867000	-0.063233
4.868000	-0.063233
4.869000	-0.063233
4.870000	-0.063233
4.871000	-0.073429
4.872000	-0.063233
4.873000	-0.063233
4.874000	-0.063233
4.875000	-0.068336
4.876000	-0.063233
4.877000	-0.063233
4.878000	-0.063233
4.879000	-0.068336
4.880000	-0.063233
4.881000	-0.058140
4.882000	-0.068336
4.883000	-0.063233
4.884000	-0.073429
4.885000	-0.063233
4.886000	-0.063233
4.887000	-0.058140
4.888000	-0.063233
4.889000	-0.063233
4.890000	-0.058140
4.891000	-0.058140
4.892000	-0.058140
4.893000	-0.058140
4.894000	-0.068336
4.895000	-0.063233
4.896000	-0.063233
4.897000	-0.063233
4.898000	-0.063233
4.899000	-0.063233
4.900000	-0.063233
4.901000	-0.063233
4.902000	-0.063233
4.903000	-0.053047
4.904000	-0.068336
4.905000	-0.068336
4.906000	-0.068336
4.907000	-0.058140
4.908000	-0.058140
4.909000	-0.058140
4.910000	-0.068336
4.911000	-0.068336
4.912000	-0.063233
4.913000	-0.058140
4.914000	-0.058140
4.915000	-0.063233
4.916000	-0.068336
4.917000	-0.063233
4.918000	-0.063233
4.919000	-0.063233
4.920000	-0.058140
4.921000	-0.063233
4.922000	-0.058140
4.923000	-0.063233
4.924000	-0.058140
4.925000	-0.068336
4.926000	-0.053047
4.927000	-0.063233
4.928000	-0.063233
4.929000	-0.063233
4.930000	-0.058140
4.931000	-0.068336
4.932000	-0.068336
4.933000	-0.058140
4.934000	-0.053047
4.935000	-0.063233
4.936000	-0.063233
4.937000	-0.058140
4.938000	-0.063233
4.939000	-0.058140
4.940000	-0.053047
4.941000	-0.063233
4.942000	-0.063233
4.943000	-0.053047
4.944000	-0.068336
4.945000	-0.063233
4.946000	-0.063233
4.947000	-0.058140
4.948000	-0.063233
4.949000	-0.063233
4.950000	-0.058140
4.951000	-0.068336
4.952000	-0.063233
4.953000	-0.063233
4.954000	-0.063233
4.955000	-0.063233
4.956000	-0.058140
4.957000	-0.053047
4.958000	-0.063233
4.959000	-0.058140
4.960000	-0.063233
4.961000	-0.063233
4.962000	-0.058140
4.963000	-0.063233
4.964000	-0.063233
4.965000	-0.063233
4.966000	-0.068336
4.967000	-0.058140
4.968000	-0.063233
4.969000	-0.063233
4.970000	-0.058140
4.971000	-0.068336
4.972000	-0.063233
4.973000	-0.063233
4.974000	-0.058140
4.975000	-0.063233
4.976000	-0.063233
4.977000	-0.068336
4.978000	-0.063233
4.979000	-0.063233
4.980000	-0.058140
4.981000	-0.058140
4.982000	-0.063233
4.983000	-0.058140
4.984000	-0.063233
4.985000	-0.058140
4.986000	-0.063233
4.987000	-0.063233
4.988000	-0.068336
4.989000	-0.058140
4.990000	-0.068336
4.991000	-0.058140
4.992000	-0.068336
4.993000	-0.058140
4.994000	-0.058140
4.995000	-0.063233
4.996000	-0.063233
4.997000	-0.063233
4.998000	-0.063233
4.999000	-0.063233
5.000000	-0.063233
5.001000	-0.073429
5.002000	-0.068336
5.003000	-0.063233
5.004000	-0.063233
5.005000	-0.063233
5.006000	-0.063233
5.007000	-0.063233
5.008000	-0.063233
5.009000	-0.058140
5.010000	-0.058140
5.011000	-0.063233
5.012000	-0.068336
5.013000	-0.063233
5.014000	-0.063233
5.015000	-0.068336
5.016000	-0.068336
5.017000	-0.063233
5.018000	-0.063233
5.019000	-0.063233
5.020000	-0.063233
5.021000	-0.068336
5.022000	-0.068336
5.023000	-0.063233
5.024000	-0.063233
5.025000	-0.063233
5.026000	-0.063233
5.027000	-0.063233
5.028000	-0.058140
5.029000	-0.068336
5.030000	-0.063233
5.031000	-0.063233
5.032000	-0.063233
5.033000	-0.058140
5.034000	-0.068336
5.035000	-0.068336
5.036000	-0.068336
5.037000	-0.063233
5.038000	-0.063233
5.039000	-0.068336
5.040000	-0.063233
5.041000	-0.068336
5.042000	-0.063233
5.043000	-0.063233
5.044000	-0.063233
5.045000	-0.063233
5.046000	-0.063233
5.047000	-0.058140
5.048000	-0.058140
5.049000	-0.063233
5.050000	-0.058140
5.051000	-0.053047
5.052000	-0.068336
5.053000	-0.058140
5.054000	-0.068336
5.055000	-0.063233
5.056000	-0.068336
5.057000	-0.063233
5.058000	-0.063233
5.059000	-0.063233
5.060000	-0.058140
5.061000	-0.063233
5.062000	-0.063233
5.063000	-0.058140
5.064000	-0.058140
5.065000	-0.058140
5.066000	-0.063233
5.067000	-0.063233
5.068000	-0.063233
5.069000	-0.063233
5.070000	-0.053047
5.071000	-0.063233
5.072000	-0.073429
5.073000	-0.068336
5.074000	-0.063233
5.075000	-0.058140
5.076000	-0.063233
5.077000	-0.047954
5.078000	-0.063233
5.079000	-0.058140
5.080000	-0.063233
5.081000	-0.053047
5.082000	-0.063233
5.083000	-0.068336
5.084000	-0.068336
5.085000	-0.063233
5.086000	-0.058140
5.087000	-0.063233
5.088000	-0.063233
5.089000	-0.058140
5.090000	-0.063233
5.091000	-0.058140
5.092000	-0.063233
5.093000	-0.063233
5.094000	-0.063233
5.095000	-0.063233
5.096000	-0.063233
5.097000	-0.063233
5.098000	-0.058140
5.099000	-0.058140
5.100000	-0.063233
5.101000	-0.058140
5.102000	-0.058140
5.103000	-0.053047
5.104000	-0.063233
5.105000	-0.053047
5.106000	-0.063233
5.107000	-0.058140
5.108000	-0.058140
5.109000	-0.063233
5.110000	-0.063233
5.111000	-0.063233
5.112000	-0.058140
5.113000	-0.058140
5.114000	-0.058140
5.115000	-0.053047
5.116000	-0.058140
5.117000	-0.058140
5.118000	-0.058140
5.119000	-0.058140
5.120000	-0.058140
5.121000	-0.058140
5.122000	-0.063233
5.123000	-0.063233
5.124000	-0.058140
5.125000	-0.068336
5.126000	-0.058140
5.127000	-0.063233
5.128000	-0.063233
5.129000	-0.053047
5.130000	-0.063233
5.131000	-0.058140
5.132000	-0.058140
5.133000	-0.068336
5.134000	-0.068336
5.135000	-0.063233
5.136000	-0.063233
5.137000	-0.068336
5.138000	-0.063233
5.139000	-0.058140
5.140000	-0.058140
5.141000	-0.063233
5.142000	-0.058140
5.143000	-0.063233
5.144000	-0.058140
5.145000	-0.058140
5.146000	-0.058140
5.147000	-0.058140
5.148000	-0.063233
5.149000	-0.058140
5.150000	-0.058140
5.151000	-0.068336
5.152000	-0.063233
5.153000	-0.063233
5.154000	-0.063233
5.155000	-0.063233
5.156000	-0.063233
5.157000	-0.058140
5.158000	-0.063233
5.159000	-0.063233
5.160000	-0.063233
5.161000	-0.068336
5.162000	-0.063233
5.163000	-0.063233
5.164000	-0.068336
5.165000	-0.068336
5.166000	-0.063233
5.167000	-0.063233
5.168000	-0.063233
5.169000	-0.058140
5.170000	-0.068336
5.171000	-0.058140
5.172000	-0.058140
5.173000	-0.063233
5.174000	-0.068336
5.175000	-0.063233
5.176000	-0.068336
5.177000	-0.068336
5.178000	-0.063233
5.179000	-0.073429
5.180000	-0.068336
5.181000	-0.073429
5.182000	-0.063233
5.183000	-0.068336
5.184000	-0.068336
5.185000	-0.063233
5.186000	-0.063233
5.187000	-0.063233
5.188000	-0.073429
5.189000	-0.068336
5.190000	-0.068336
5.191000	-0.068336
5.192000	-0.063233
5.193000	-0.063233
5.194000	-0.063233
5.195000	-0.063233
5.196000	-0.063233
5.197000	-0.068336
5.198000	-0.063233
5.199000	-0.063233
5.200000	-0.068336
5.201000	-0.058140
5.202000	-0.063233
5.203000	-0.058140
5.204000	-0.068336
5.205000	-0.068336
5.206000	-0.063233
5.207000	-0.058140
5.208000	-0.063233
5.209000	-0.063233
5.210000	-0.063233
5.211000	-0.063233
5.212000	-0.058140
5.213000	-0.063233
5.214000	-0.063233
5.215000	-0.063233
5.216000	-0.063233
5.217000	-0.063233
5.218000	-0.063233
5.219000	-0.063233
5.220000	-0.063233
5.221000	-0.063233
5.222000	-0.063233
5.223000	-0.068336
5.224000	-0.063233
5.225000	-0.058140
5.226000	-0.058140
5.227000	-0.058140
5.228000	-0.068336
5.229000	-0.058140
5.230000	-0.063233
5.231000	-0.063233
5.232000	-0.058140
5.233000	-0.063233
5.234000	-0.068336
5.235000	-0.058140
5.236000	-0.053047
5.237000	-0.058140
5.238000	-0.068336
5.239000	-0.063233
5.240000	-0.068336
5.241000	-0.058140
5.242000	-0.053047
5.243000	-0.058140
5.244000	-0.063233
5.245000	-0.053047
5.246000	-0.058140
5.247000	-0.063233
5.248000	-0.058140
5.249000	-0.063233
5.250000	-0.058140
5.251000	-0.063233
5.252000	-0.063233
5.253000	-0.058140
5.254000	-0.063233
5.255000	-0.058140
5.256000	-0.058140
5.257000	-0.063233
5.258000	-0.063233
5.259000	-0.058140
5.260000	-0.058140
5.261000	-0.063233
5.262000	-0.063233
5.263000	-0.058140
5.264000	-0.068336
5.265000	-0.063233
5.266000	-0.058140
5.267000	-0.063233
5.268000	-0.058140
5.269000	-0.058140
5.270000	-0.063233
5.271000	-0.058140
5.272000	-0.063233
5.273000	-0.063233
5.274000	-0.058140
5.275000	-0.063233
5.276000	-0.058140
5.277000	-0.058140
5.278000	-0.063233
5.279000	-0.058140
5.280000	-0.053047
5.281000	-0.058140
5.282000	-0.063233
5.283000	-0.063233
5.284000	-0.058140
5.285000	-0.063233
5.286000	-0.053047
5.287000	-0.063233
5.288000	-0.068336
5.289000	-0.063233
5.290000	-0.063233
5.291000	-0.058140
5.292000	-0.063233
5.293000	-0.063233
5.294000	-0.068336
5.295000	-0.058140
5.296000	-0.058140
5.297000	-0.058140
5.298000	-0.068336
5.299000	-0.058140
5.300000	-0.063233
5.301000	-0.063233
5.302000	-0.063233
5.303000	-0.058140
5.304000	-0.063233
5.305000	-0.063233
5.306000	-0.063233
5.307000	-0.053047
5.308000	-0.058140
5.309000	-0.063233
5.310000	-0.063233
5.311000	-0.063233
5.312000	-0.063233
5.313000	-0.058140
5.314000	-0.053047
5.315000	-0.068336
5.316000	-0.063233
5.317000	-0.063233
5.318000	-0.058140
5.319000	-0.063233
5.320000	-0.063233
5.321000	-0.063233
5.322000	-0.068336
5.323000	-0.063233
5.324000	-0.058140
5.325000	-0.063233
5.326000	-0.068336
5.327000	-0.068336
5.328000	-0.068336
5.329000	-0.058140
5.330000	-0.068336
5.331000	-0.063233
5.332000	-0.063233
5.333000	-0.058140
5.334000	-0.063233
5.335000	-0.063233
5.336000	-0.058140
5.337000	-0.063233
5.338000	-0.063233
5.339000	-0.063233
5.340000	-0.068336
5.341000	-0.063233
5.342000	-0.058140
5.343000	-0.058140
5.344000	-0.063233
5.345000	-0.063233
5.346000	-0.063233
5.347000	-0.063233
5.348000	-0.068336
5.349000	-0.058140
5.350000	-0.068336
5.351000	-0.063233
5.352000	-0.068336
5.353000	-0.063233
5.354000	-0.063233
5.355000	-0.068336
5.356000	-0.063233
5.357000	-0.063233
5.358000	-0.063233
5.359000	-0.053047
5.360000	-0.063233
5.361000	-0.068336
5.362000	-0.063233
5.363000	-0.058140
5.364000	-0.063233
5.365000	-0.058140
5.366000	-0.063233
5.367000	-0.068336
5.368000	-0.063233
5.369000	-0.063233
5.370000	-0.058140
5.371000	-0.073429
5.372000	-0.073429
5.373000	-0.058140
5.374000	-0.063233
5.375000	-0.068336
5.376000	-0.063233
5.377000	-0.063233
5.378000	-0.058140
5.379000	-0.063233
5.380000	-0.063233
5.381000	-0.063233
5.382000	-0.063233
5.383000	-0.058140
5.384000	-0.068336
5.385000	-0.063233
5.386000	-0.063233
5.387000	-0.063233
5.388000	-0.068336
5.389000	-0.068336
5.390000	-0.058140
5.391000	-0.063233
5.392000	-0.053047
5.393000	-0.063233
5.394000	-0.063233
5.395000	-0.058140
5.396000	-0.063233
5.397000	-0.068336
5.398000	-0.068336
5.399000	-0.063233
5.400000	-0.058140
5.401000	-0.063233
5.402000	-0.068336
5.403000	-0.063233
5.404000	-0.073429
5.405000	-0.068336
5.406000	-0.068336
5.407000	-0.063233
5.408000	-0.063233
5.409000	-0.063233
5.410000	-0.063233
5.411000	-0.063233
5.412000	-0.058140
5.413000	-0.053047
5.414000	-0.063233
5.415000	-0.063233
5.416000	-0.058140
5.417000	-0.058140
5.418000	-0.063233
5.419000	-0.063233
5.420000	-0.058140
5.421000	-0.063233
5.422000	-0.058140
5.423000	-0.063233
5.424000	-0.063233
5.425000	-0.053047
5.426000	-0.058140
5.427000	-0.063233
5.428000	-0.073429
5.429000	-0.053047
5.430000	-0.063233
5.431000	-0.063233
5.432000	-0.058140
5.433000	-0.063233
5.434000	-0.053047
5.435000	-0.063233
5.436000	-0.063233
5.437000	-0.058140
5.438000	-0.058140
5.439000	-0.063233
5.440000	-0.063233
5.441000	-0.063233
5.442000	-0.058140
5.443000	-0.053047
5.444000	-0.068336
5.445000	-0.058140
5.446000	-0.058140
5.447000	-0.053047
5.448000	-0.058140
5.449000	-0.058140
5.450000	-0.058140
5.451000	-0.058140
5.452000	-0.058140
5.453000	-0.053047
5.454000	-0.058140
5.455000	-0.063233
5.456000	-0.058140
5.457000	-0.063233
5.458000	-0.063233
5.459000	-0.058140
5.460000	-0.063233
5.461000	-0.058140
5.462000	-0.068336
5.463000	-0.053047
5.464000	-0.063233
5.465000	-0.063233
5.466000	-0.063233
5.467000	-0.063233
5.468000	-0.058140
5.469000	-0.053047
5.470000	-0.058140
5.471000	-0.058140
5.472000	-0.058140
5.473000	-0.063233
5.474000	-0.058140
5.475000	-0.058140
5.476000	-0.058140
5.477000	-0.068336
5.478000	-0.058140
5.479000	-0.063233
5.480000	-0.058140
5.481000	-0.058140
5.482000	-0.063233
5.483000	-0.063233
5.484000	-0.058140
5.485000	-0.063233
5.486000	-0.053047
5.487000	-0.063233
5.488000	-0.068336
5.489000	-0.063233
5.490000	-0.063233
5.491000	-0.058140
5.492000	-0.063233
5.493000	-0.063233
5.494000	-0.058140
5.495000	-0.053047
5.496000	-0.058140
5.497000	-0.068336
5.498000	-0.063233
5.499000	-0.063233
5.500000	-0.068336
