-0.500000	-0.001147
-0.499000	0.007900
-0.498000	0.007900
-0.497000	-0.001147
-0.496000	0.007900
-0.495000	0.007900
-0.494000	-0.001147
-0.493000	-0.001147
-0.492000	0.007900
-0.491000	0.016927
-0.490000	0.007900
-0.489000	0.007900
-0.488000	0.016927
-0.487000	-0.001147
-0.486000	0.007900
-0.485000	-0.001147
-0.484000	0.007900
-0.483000	0.007900
-0.482000	0.007900
-0.481000	0.007900
-0.480000	0.007900
-0.479000	0.007900
-0.478000	0.016927
-0.477000	0.007900
-0.476000	0.007900
-0.475000	-0.001147
-0.474000	-0.010175
-0.473000	-0.001147
-0.472000	-0.001147
-0.471000	-0.001147
-0.470000	-0.001147
-0.469000	0.016927
-0.468000	0.007900
-0.467000	0.007900
-0.466000	-0.010175
-0.465000	0.007900
-0.464000	-0.001147
-0.463000	-0.001147
-0.462000	-0.001147
-0.461000	-0.001147
-0.460000	0.007900
-0.459000	-0.001147
-0.458000	-0.001147
-0.457000	-0.001147
-0.456000	-0.001147
-0.455000	0.007900
-0.454000	0.007900
-0.453000	-0.001147
-0.452000	0.007900
-0.451000	0.007900
-0.450000	-0.001147
-0.449000	-0.001147
-0.448000	0.007900
-0.447000	0.016927
-0.446000	0.007900
-0.445000	0.007900
-0.444000	0.007900
-0.443000	0.007900
-0.442000	0.016927
-0.441000	0.007900
-0.440000	0.007900
-0.439000	-0.001147
-0.438000	-0.001147
-0.437000	0.007900
-0.436000	0.007900
-0.435000	0.007900
-0.434000	0.007900
-0.433000	0.007900
-0.432000	0.007900
-0.431000	0.025956
-0.430000	0.007900
-0.429000	-0.010175
-0.428000	0.007900
-0.427000	0.016927
-0.426000	-0.010175
-0.425000	-0.001147
-0.424000	0.007900
-0.423000	0.007900
-0.422000	-0.010175
-0.421000	0.007900
-0.420000	-0.001147
-0.419000	0.007900
-0.418000	0.007900
-0.417000	0.007900
-0.416000	0.007900
-0.415000	0.007900
-0.414000	-0.001147
-0.413000	0.007900
-0.412000	-0.010175
-0.411000	-0.001147
-0.410000	0.007900
-0.409000	0.007900
-0.408000	-0.001147
-0.407000	-0.001147
-0.406000	-0.001147
-0.405000	-0.001147
-0.404000	-0.001147
-0.403000	-0.010175
-0.402000	0.007900
-0.401000	-0.001147
-0.400000	-0.001147
-0.399000	-0.001147
-0.398000	-0.001147
-0.397000	-0.001147
-0.396000	0.007900
-0.395000	0.007900
-0.394000	0.007900
-0.393000	0.007900
-0.392000	-0.001147
-0.391000	0.007900
-0.390000	-0.001147
-0.389000	-0.001147
-0.388000	-0.010175
-0.387000	-0.010175
-0.386000	0.007900
-0.385000	-0.001147
-0.384000	-0.001147
-0.383000	-0.001147
-0.382000	-0.001147
-0.381000	0.007900
-0.380000	-0.001147
-0.379000	-0.001147
-0.378000	-0.001147
-0.377000	-0.010175
-0.376000	0.007900
-0.375000	-0.001147
-0.374000	0.007900
-0.373000	-0.010175
-0.372000	-0.001147
-0.371000	-0.001147
-0.370000	0.007900
-0.369000	-0.001147
-0.368000	-0.010175
-0.367000	-0.001147
-0.366000	0.007900
-0.365000	-0.010175
-0.364000	-0.001147
-0.363000	-0.001147
-0.362000	-0.010175
-0.361000	-0.001147
-0.360000	0.007900
-0.359000	-0.010175
-0.358000	-0.001147
-0.357000	-0.001147
-0.356000	-0.001147
-0.355000	-0.001147
-0.354000	-0.010175
-0.353000	-0.001147
-0.352000	-0.001147
-0.351000	-0.001147
-0.350000	-0.001147
-0.349000	-0.010175
-0.348000	-0.001147
-0.347000	0.007900
-0.346000	-0.001147
-0.345000	-0.001147
-0.344000	-0.001147
-0.343000	-0.001147
-0.342000	-0.010175
-0.341000	-0.010175
-0.340000	-0.001147
-0.339000	-0.001147
-0.338000	-0.001147
-0.337000	-0.010175
-0.336000	0.007900
-0.335000	-0.001147
-0.334000	-0.010175
-0.333000	0.007900
-0.332000	0.007900
-0.331000	0.007900
-0.330000	0.007900
-0.329000	0.007900
-0.328000	-0.001147
-0.327000	0.007900
-0.326000	-0.001147
-0.325000	-0.001147
-0.324000	-0.010175
-0.323000	-0.010175
-0.322000	-0.001147
-0.321000	0.007900
-0.320000	-0.001147
-0.319000	0.007900
-0.318000	-0.001147
-0.317000	0.007900
-0.316000	-0.001147
-0.315000	-0.001147
-0.314000	0.007900
-0.313000	-0.001147
-0.312000	-0.001147
-0.311000	0.007900
-0.310000	-0.001147
-0.309000	-0.001147
-0.308000	0.007900
-0.307000	-0.019203
-0.306000	-0.010175
-0.305000	-0.010175
-0.304000	0.007900
-0.303000	-0.001147
-0.302000	-0.001147
-0.301000	0.007900
-0.300000	-0.001147
-0.299000	-0.001147
-0.298000	0.007900
-0.297000	0.007900
-0.296000	-0.001147
-0.295000	-0.001147
-0.294000	0.007900
-0.293000	0.007900
-0.292000	0.007900
-0.291000	0.007900
-0.290000	0.007900
-0.289000	0.007900
-0.288000	0.007900
-0.287000	0.007900
-0.286000	0.007900
-0.285000	0.007900
-0.284000	0.007900
-0.283000	0.007900
-0.282000	0.007900
-0.281000	0.007900
-0.280000	0.007900
-0.279000	0.016927
-0.278000	-0.001147
-0.277000	0.007900
-0.276000	0.007900
-0.275000	0.007900
-0.274000	0.007900
-0.273000	-0.001147
-0.272000	0.007900
-0.271000	0.007900
-0.270000	0.007900
-0.269000	0.007900
-0.268000	0.007900
-0.267000	0.016927
-0.266000	0.016927
-0.265000	0.007900
-0.264000	0.007900
-0.263000	0.007900
-0.262000	-0.001147
-0.261000	0.016927
-0.260000	-0.001147
-0.259000	-0.001147
-0.258000	-0.001147
-0.257000	0.016927
-0.256000	0.007900
-0.255000	0.007900
-0.254000	0.007900
-0.253000	-0.001147
-0.252000	0.016927
-0.251000	0.007900
-0.250000	-0.001147
-0.249000	0.007900
-0.248000	0.007900
-0.247000	0.007900
-0.246000	0.007900
-0.245000	0.016927
-0.244000	0.007900
-0.243000	-0.001147
-0.242000	-0.001147
-0.241000	-0.001147
-0.240000	-0.001147
-0.239000	-0.001147
-0.238000	0.016927
-0.237000	0.007900
-0.236000	0.007900
-0.235000	0.007900
-0.234000	0.016927
-0.233000	0.007900
-0.232000	0.007900
-0.231000	0.007900
-0.230000	-0.001147
-0.229000	-0.001147
-0.228000	-0.001147
-0.227000	-0.001147
-0.226000	-0.001147
-0.225000	0.007900
-0.224000	-0.001147
-0.223000	-0.001147
-0.222000	-0.010175
-0.221000	-0.001147
-0.220000	-0.001147
-0.219000	0.007900
-0.218000	0.007900
-0.217000	0.007900
-0.216000	-0.001147
-0.215000	-0.001147
-0.214000	-0.010175
-0.213000	-0.001147
-0.212000	-0.010175
-0.211000	-0.010175
-0.210000	-0.001147
-0.209000	-0.010175
-0.208000	-0.001147
-0.207000	-0.001147
-0.206000	0.007900
-0.205000	-0.010175
-0.204000	-0.001147
-0.203000	-0.001147
-0.202000	0.007900
-0.201000	-0.001147
-0.200000	-0.010175
-0.199000	-0.010175
-0.198000	-0.001147
-0.197000	-0.010175
-0.196000	-0.001147
-0.195000	-0.001147
-0.194000	-0.001147
-0.193000	-0.001147
-0.192000	-0.010175
-0.191000	0.007900
-0.190000	-0.001147
-0.189000	-0.001147
-0.188000	-0.010175
-0.187000	-0.001147
-0.186000	-0.001147
-0.185000	-0.001147
-0.184000	-0.001147
-0.183000	-0.001147
-0.182000	-0.001147
-0.181000	0.007900
-0.180000	-0.001147
-0.179000	-0.010175
-0.178000	-0.001147
-0.177000	-0.001147
-0.176000	-0.001147
-0.175000	-0.010175
-0.174000	-0.010175
-0.173000	-0.001147
-0.172000	-0.001147
-0.171000	0.007900
-0.170000	0.007900
-0.169000	0.007900
-0.168000	-0.001147
-0.167000	-0.001147
-0.166000	-0.001147
-0.165000	-0.001147
-0.164000	0.007900
-0.163000	-0.001147
-0.162000	-0.001147
-0.161000	0.007900
-0.160000	-0.001147
-0.159000	-0.001147
-0.158000	-0.001147
-0.157000	0.007900
-0.156000	-0.001147
-0.155000	-0.010175
-0.154000	-0.001147
-0.153000	-0.001147
-0.152000	0.007900
-0.151000	0.007900
-0.150000	-0.001147
-0.149000	-0.001147
-0.148000	-0.001147
-0.147000	0.007900
-0.146000	-0.001147
-0.145000	0.007900
-0.144000	-0.001147
-0.143000	0.007900
-0.142000	-0.010175
-0.141000	-0.001147
-0.140000	0.007900
-0.139000	-0.001147
-0.138000	-0.001147
-0.137000	0.007900
-0.136000	-0.001147
-0.135000	0.007900
-0.134000	0.007900
-0.133000	0.007900
-0.132000	0.007900
-0.131000	0.007900
-0.130000	-0.001147
-0.129000	0.007900
-0.128000	-0.001147
-0.127000	-0.001147
-0.126000	0.007900
-0.125000	0.007900
-0.124000	0.007900
-0.123000	0.007900
-0.122000	-0.001147
-0.121000	-0.001147
-0.120000	0.007900
-0.119000	-0.001147
-0.118000	0.007900
-0.117000	-0.001147
-0.116000	0.007900
-0.115000	0.007900
-0.114000	0.007900
-0.113000	0.007900
-0.112000	0.016927
-0.111000	0.007900
-0.110000	0.007900
-0.109000	-0.001147
-0.108000	0.007900
-0.107000	0.007900
-0.106000	0.007900
-0.105000	0.007900
-0.104000	0.007900
-0.103000	-0.010175
-0.102000	0.007900
-0.101000	-0.010175
-0.100000	-0.001147
-0.099000	0.007900
-0.098000	-0.001147
-0.097000	0.007900
-0.096000	0.007900
-0.095000	0.007900
-0.094000	0.007900
-0.093000	-0.001147
-0.092000	-0.001147
-0.091000	-0.001147
-0.090000	0.007900
-0.089000	-0.001147
-0.088000	-0.001147
-0.087000	-0.001147
-0.086000	-0.001147
-0.085000	0.007900
-0.084000	-0.001147
-0.083000	-0.001147
-0.082000	-0.001147
-0.081000	0.007900
-0.080000	-0.001147
-0.079000	0.007900
-0.078000	0.007900
-0.077000	-0.001147
-0.076000	0.007900
-0.075000	-0.001147
-0.074000	-0.001147
-0.073000	-0.001147
-0.072000	-0.001147
-0.071000	0.007900
-0.070000	-0.001147
-0.069000	0.007900
-0.068000	-0.001147
-0.067000	0.007900
-0.066000	-0.001147
-0.065000	0.007900
-0.064000	0.007900
-0.063000	0.007900
-0.062000	-0.001147
-0.061000	0.007900
-0.060000	-0.001147
-0.059000	0.007900
-0.058000	-0.001147
-0.057000	-0.001147
-0.056000	-0.001147
-0.055000	0.007900
-0.054000	0.007900
-0.053000	0.007900
-0.052000	0.007900
-0.051000	-0.001147
-0.050000	0.007900
-0.049000	-0.001147
-0.048000	-0.010175
-0.047000	-0.001147
-0.046000	0.007900
-0.045000	-0.001147
-0.044000	0.007900
-0.043000	-0.001147
-0.042000	-0.010175
-0.041000	0.007900
-0.040000	-0.001147
-0.039000	0.007900
-0.038000	-0.001147
-0.037000	0.007900
-0.036000	0.007900
-0.035000	0.007900
-0.034000	0.016927
-0.033000	-0.010175
-0.032000	-0.001147
-0.031000	-0.046305
-0.030000	-0.082436
-0.029000	-0.082436
-0.028000	-0.046305
-0.027000	-0.055333
-0.026000	-0.082436
-0.025000	-0.100510
-0.024000	-0.127613
-0.023000	-0.154715
-0.022000	-0.190846
-0.021000	-0.190846
-0.020000	-0.190846
-0.019000	-0.217930
-0.018000	-0.272135
-0.017000	-0.299237
-0.016000	-0.290209
-0.015000	-0.281163
-0.014000	-0.245032
-0.013000	-0.236004
-0.012000	-0.245032
-0.011000	-0.245032
-0.010000	-0.254079
-0.009000	-0.281163
-0.008000	-0.272135
-0.007000	-0.236004
-0.006000	-0.263107
-0.005000	-0.272135
-0.004000	-0.226976
-0.003000	-0.217930
-0.002000	-0.199874
-0.001000	-0.163743
0.000000	-0.163743
0.001000	-0.154715
0.002000	-0.145669
0.003000	-0.127613
0.004000	-0.118566
0.005000	-0.100510
0.006000	-0.037278
0.007000	-0.055333
0.008000	-0.118566
0.009000	-0.046305
0.010000	-0.037278
0.011000	-0.046305
0.012000	0.044030
0.013000	-0.145669
0.014000	-0.335368
0.015000	-0.254079
0.016000	-0.254079
0.017000	-0.317312
0.018000	-0.371498
0.019000	-0.452806
0.020000	-0.543142
0.021000	-0.588300
0.022000	-0.606374
0.023000	-0.651533
0.024000	-0.759924
0.025000	-0.931567
0.026000	-0.976726
0.027000	-0.859288
0.028000	-1.329020
0.029000	-1.347100
0.030000	-0.714766
0.031000	-1.211580
0.032000	-1.473560
0.033000	-1.039960
0.034000	-1.419360
0.035000	-1.130290
0.036000	-0.217930
0.037000	-0.525067
0.038000	-0.841232
0.039000	-0.732840
0.040000	-0.940595
0.041000	-0.741868
0.042000	-0.208902
0.043000	-0.299237
0.044000	-0.714766
0.045000	-0.922521
0.046000	-0.931567
0.047000	-0.796055
0.048000	-0.371498
0.049000	0.134347
0.050000	0.089189
0.051000	-0.597328
0.052000	-1.076090
0.053000	-0.868334
0.054000	-0.353442
0.055000	0.034984
0.056000	0.071133
0.057000	-0.452806
0.058000	-1.085120
0.059000	-1.130290
0.060000	-0.904465
0.061000	-0.696691
0.062000	-0.443778
0.063000	-0.371498
0.064000	-0.759924
0.065000	-0.922521
0.066000	-0.886390
0.067000	-1.048990
0.068000	-1.121270
0.069000	-1.076090
0.070000	-1.220630
0.071000	-1.410330
0.072000	-1.256760
0.073000	-1.030930
0.074000	-0.777999
0.075000	-0.651533
0.076000	-0.859288
0.077000	-1.193530
0.078000	-1.130290
0.079000	-0.814129
0.080000	-0.732840
0.081000	-0.741868
0.082000	-0.859288
0.083000	-1.076090
0.084000	-0.949623
0.085000	-0.687663
0.086000	-0.787027
0.087000	-0.868334
0.088000	-0.976726
0.089000	-0.976726
0.090000	-0.723794
0.091000	-0.461834
0.092000	-0.398601
0.093000	-0.570226
0.094000	-0.796055
0.095000	-0.949623
0.096000	-0.886390
0.097000	-0.714766
0.098000	-0.633458
0.099000	-0.615402
0.100000	-0.678635
0.101000	-0.886390
0.102000	-0.931567
0.103000	-0.714766
0.104000	-0.525067
0.105000	-0.416675
0.106000	-0.425703
0.107000	-0.633458
0.108000	-0.777999
0.109000	-0.768971
0.110000	-0.651533
0.111000	-0.705738
0.112000	-0.768971
0.113000	-0.886390
0.114000	-1.012860
0.115000	-0.940595
0.116000	-0.805101
0.117000	-0.768971
0.118000	-0.787027
0.119000	-0.732840
0.120000	-0.642505
0.121000	-0.552170
0.122000	-0.497964
0.123000	-0.470862
0.124000	-0.570226
0.125000	-0.624430
0.126000	-0.588300
0.127000	-0.506992
0.128000	-0.344396
0.129000	-0.181799
0.130000	-0.172771
0.131000	-0.199874
0.132000	-0.190846
0.133000	-0.190846
0.134000	-0.199874
0.135000	-0.064380
0.136000	0.053058
0.137000	-0.046305
0.138000	-0.055333
0.139000	-0.154715
0.140000	-0.245032
0.141000	-0.245032
0.142000	-0.236004
0.143000	-0.263107
0.144000	-0.217930
0.145000	-0.254079
0.146000	-0.254079
0.147000	-0.272135
0.148000	-0.263107
0.149000	-0.208902
0.150000	-0.236004
0.151000	-0.236004
0.152000	-0.208902
0.153000	-0.236004
0.154000	-0.326340
0.155000	-0.335368
0.156000	-0.290209
0.157000	-0.245032
0.158000	-0.281163
0.159000	-0.335368
0.160000	-0.407629
0.161000	-0.362470
0.162000	-0.290209
0.163000	-0.281163
0.164000	-0.254079
0.165000	-0.226976
0.166000	-0.217930
0.167000	-0.046305
0.168000	-0.028250
0.169000	-0.190846
0.170000	-0.281163
0.171000	-0.226976
0.172000	-0.037278
0.173000	-0.001147
0.174000	0.062086
0.175000	0.071133
0.176000	0.269860
0.177000	1.073810
0.178000	1.823560
0.179000	0.784752
0.180000	0.775705
0.181000	1.408040
0.182000	1.462240
0.183000	1.615810
0.184000	0.595053
0.185000	0.531820
0.186000	1.028640
0.187000	0.820882
0.188000	0.929274
0.189000	0.089189
0.190000	-0.028250
0.191000	0.757649
0.192000	0.468587
0.193000	-0.245032
0.194000	-0.425703
0.195000	-1.003830
0.196000	-1.871020
0.197000	-0.913493
0.198000	-0.823157
0.199000	-1.139320
0.200000	-2.223310
0.201000	-2.647870
0.202000	-3.397620
0.203000	-4.210620
0.204000	-4.418370
0.205000	-4.707440
0.206000	-5.448160
0.207000	-5.809500
0.208000	-5.737220
0.209000	-5.366870
0.210000	-4.264810
0.211000	-3.975740
0.212000	-3.858320
0.213000	-3.966710
0.214000	-3.307300
0.215000	-3.903480
0.216000	-1.699390
0.217000	-2.684000
0.218000	-2.665940
0.219000	-0.028250
0.220000	-1.509690
0.221000	-1.166420
0.222000	1.254470
0.223000	-1.211580
0.224000	-1.229660
0.225000	1.010580
0.226000	0.016927
0.227000	0.107263
0.228000	0.513745
0.229000	0.423410
0.230000	1.037680
0.231000	1.525470
0.232000	2.230060
0.233000	1.191230
0.234000	0.811854
0.235000	1.100920
0.236000	0.387279
0.237000	-0.362470
0.238000	0.622155
0.239000	-0.001147
0.240000	-0.940595
0.241000	-0.443778
0.242000	-1.753580
0.243000	-2.665940
0.244000	-1.139320
0.245000	-0.687663
0.246000	-1.563880
0.247000	-1.663240
0.248000	-2.160080
0.249000	-2.602710
0.250000	-1.889090
0.251000	-0.335368
0.252000	1.362880
0.253000	1.724200
0.254000	0.893143
0.255000	-0.073408
0.256000	-0.226976
0.257000	0.983479
0.258000	1.191230
0.259000	0.134347
0.260000	-0.344396
0.261000	-0.064380
0.262000	-0.064380
0.263000	-0.109538
0.264000	-0.199874
0.265000	0.369223
0.266000	0.459559
0.267000	-0.380545
0.268000	-0.913493
0.269000	-1.509690
0.270000	-1.419360
0.271000	-0.660561
0.272000	-1.067060
0.273000	-1.717450
0.274000	-1.265790
0.275000	-1.428390
0.276000	-1.518720
0.277000	-1.437410
0.278000	-1.536790
0.279000	-1.735520
0.280000	-1.572930
0.281000	-1.518720
0.282000	-1.437410
0.283000	-1.256760
0.284000	-1.374180
0.285000	-1.934250
0.286000	-2.241370
0.287000	-2.259440
0.288000	-1.753580
0.289000	-1.410330
0.290000	-1.509690
0.291000	-1.509690
0.292000	-1.437410
0.293000	-1.446460
0.294000	-1.383230
0.295000	-1.428390
0.296000	-1.527750
0.297000	-1.509690
0.298000	-1.654210
0.299000	-1.708420
0.300000	-1.600030
0.301000	-1.554850
0.302000	-1.880040
0.303000	-2.078770
0.304000	-2.169110
0.305000	-2.096850
0.306000	-1.735520
0.307000	-1.563880
0.308000	-1.744550
0.309000	-1.934250
0.310000	-2.123950
0.311000	-2.132980
0.312000	-1.708420
0.313000	-1.401280
0.314000	-1.184500
0.315000	-1.419360
0.316000	-1.934250
0.317000	-1.934250
0.318000	-1.753580
0.319000	-1.735520
0.320000	-1.509690
0.321000	-1.581950
0.322000	-2.349780
0.323000	-2.476240
0.324000	-1.762620
0.325000	-1.482590
0.326000	-1.536790
0.327000	-1.527750
0.328000	-2.060710
0.329000	-2.250410
0.330000	-1.717450
0.331000	-1.726480
0.332000	-1.880040
0.333000	-1.491620
0.334000	-1.527750
0.335000	-2.042640
0.336000	-2.178150
0.337000	-2.096850
0.338000	-1.852940
0.339000	-1.753580
0.340000	-1.654210
0.341000	-1.590980
0.342000	-1.997480
0.343000	-2.060710
0.344000	-1.834890
0.345000	-1.871020
0.346000	-1.834890
0.347000	-1.916170
0.348000	-2.223310
0.349000	-2.169110
0.350000	-1.482590
0.351000	-1.455490
0.352000	-1.690340
0.353000	-1.554850
0.354000	-1.825860
0.355000	-1.636160
0.356000	-1.175450
0.357000	-1.238690
0.358000	-1.645190
0.359000	-1.645190
0.360000	-1.654210
0.361000	-1.283860
0.362000	-1.085120
0.363000	-1.329020
0.364000	-1.238690
0.365000	-1.112220
0.366000	-1.175450
0.367000	-0.940595
0.368000	-0.922521
0.369000	-1.139320
0.370000	-0.976726
0.371000	-1.048990
0.372000	-1.356120
0.373000	-1.310970
0.374000	-0.723794
0.375000	1.227380
0.376000	1.462240
0.377000	0.016927
0.378000	0.125319
0.379000	-0.335368
0.380000	-2.711100
0.381000	-1.491620
0.382000	-0.226976
0.383000	-2.955000
0.384000	-3.641520
0.385000	-2.015540
0.386000	-1.943280
0.387000	-1.094160
0.388000	-0.326340
0.389000	-1.157400
0.390000	-1.482590
0.391000	-0.994800
0.392000	-1.645190
0.393000	-1.374180
0.394000	0.269860
0.395000	0.179524
0.396000	-1.446460
0.397000	-2.178150
0.398000	-1.970380
0.399000	-2.431070
0.400000	-2.132980
0.401000	-1.094160
0.402000	-0.669607
0.403000	-0.552170
0.404000	-0.046305
0.405000	-0.326340
0.406000	-0.335368
0.407000	0.242757
0.408000	-0.290209
0.409000	-1.130290
0.410000	-1.058030
0.411000	-0.796055
0.412000	-0.028250
0.413000	0.884115
0.414000	0.324046
0.415000	-0.425703
0.416000	-0.461834
0.417000	-0.488936
0.418000	-0.299237
0.419000	0.233729
0.420000	0.134347
0.421000	-0.118566
0.422000	-0.272135
0.423000	-0.443778
0.424000	-0.633458
0.425000	-0.913493
0.426000	-1.121270
0.427000	-0.787027
0.428000	-0.796055
0.429000	-1.112220
0.430000	-0.814129
0.431000	-0.443778
0.432000	-0.344396
0.433000	-0.461834
0.434000	-0.750896
0.435000	-1.157400
0.436000	-0.931567
0.437000	-0.723794
0.438000	-0.714766
0.439000	-0.777999
0.440000	-1.039960
0.441000	-1.220630
0.442000	-0.994800
0.443000	-0.488936
0.444000	-0.127613
0.445000	-0.064380
0.446000	-0.353442
0.447000	-0.633458
0.448000	-0.705738
0.449000	-0.506992
0.450000	-0.506992
0.451000	-0.236004
0.452000	-0.525067
0.453000	-0.552170
0.454000	-0.452806
0.455000	-0.452806
0.456000	-0.082436
0.457000	-0.226976
0.458000	-0.669607
0.459000	-0.199874
0.460000	-0.046305
0.461000	-0.154715
0.462000	-0.073408
0.463000	0.197580
0.464000	-0.082436
0.465000	-0.046305
0.466000	-0.326340
0.467000	-0.552170
0.468000	-0.046305
0.469000	0.269860
0.470000	0.134347
0.471000	0.143394
0.472000	0.197580
0.473000	0.188552
0.474000	0.450512
0.475000	0.342121
0.476000	-0.154715
0.477000	-0.109538
0.478000	-0.064380
0.479000	0.116291
0.480000	0.161450
0.481000	-0.154715
0.482000	-0.344396
0.483000	0.062086
0.484000	0.134347
0.485000	0.197580
0.486000	-0.010175
0.487000	0.025956
0.488000	0.080160
0.489000	0.179524
0.490000	-0.082436
0.491000	-0.226976
0.492000	-0.290209
0.493000	-0.208902
0.494000	0.016927
0.495000	-0.046305
0.496000	-0.407629
0.497000	-0.172771
0.498000	-0.082436
0.499000	0.044030
0.500000	0.224683
0.501000	0.053058
0.502000	-0.082436
0.503000	0.016927
0.504000	-0.326340
0.505000	-0.154715
0.506000	-0.091482
0.507000	-0.245032
0.508000	-0.127613
0.509000	0.025956
0.510000	-0.172771
0.511000	-0.199874
0.512000	-0.154715
0.513000	-0.028250
0.514000	-0.263107
0.515000	-0.154715
0.516000	0.197580
0.517000	-0.172771
0.518000	0.007900
0.519000	0.107263
0.520000	-0.118566
0.521000	-0.028250
0.522000	0.387279
0.523000	0.170496
0.524000	0.360195
0.525000	0.477615
0.526000	0.703444
0.527000	0.495689
0.528000	0.631183
0.529000	0.495689
0.530000	0.405354
0.531000	1.001530
0.532000	1.037680
0.533000	0.495689
0.534000	0.847985
0.535000	0.829910
0.536000	0.423410
0.537000	0.730547
0.538000	0.694416
0.539000	0.170496
0.540000	0.396326
0.541000	0.567950
0.542000	0.034984
0.543000	0.224683
0.544000	0.260813
0.545000	0.215655
0.546000	0.360195
0.547000	0.098216
0.548000	-0.055333
0.549000	0.278888
0.550000	0.504717
0.551000	0.387279
0.552000	0.188552
0.553000	0.034984
0.554000	-0.073408
0.555000	0.152422
0.556000	0.161450
0.557000	0.134347
0.558000	0.161450
0.559000	0.044030
0.560000	-0.100510
0.561000	-0.389573
0.562000	-0.181799
0.563000	0.315018
0.564000	0.206627
0.565000	0.034984
0.566000	-0.127613
0.567000	-0.624430
0.568000	-0.534095
0.569000	-0.100510
0.570000	-0.046305
0.571000	-0.362470
0.572000	-0.326340
0.573000	-0.479908
0.574000	-0.768971
0.575000	-0.443778
0.576000	-0.479908
0.577000	-0.723794
0.578000	-0.534095
0.579000	-0.660561
0.580000	-0.615402
0.581000	-0.642505
0.582000	-0.434731
0.583000	-0.163743
0.584000	-0.687663
0.585000	-0.931567
0.586000	-0.479908
0.587000	-0.534095
0.588000	-0.380545
0.589000	-0.208902
0.590000	-0.588300
0.591000	-0.497964
0.592000	-0.073408
0.593000	-0.452806
0.594000	-0.488936
0.595000	-0.326340
0.596000	-0.642505
0.597000	-0.434731
0.598000	-0.163743
0.599000	-0.452806
0.600000	-0.353442
0.601000	-0.028250
0.602000	-0.452806
0.603000	-0.335368
0.604000	-0.082436
0.605000	-0.407629
0.606000	-0.254079
0.607000	-0.019203
0.608000	-0.317312
0.609000	-0.281163
0.610000	-0.109538
0.611000	-0.317312
0.612000	0.034984
0.613000	0.125319
0.614000	-0.217930
0.615000	-0.190846
0.616000	-0.037278
0.617000	0.025956
0.618000	0.179524
0.619000	0.098216
0.620000	0.034984
0.621000	0.116291
0.622000	-0.019203
0.623000	-0.118566
0.624000	0.044030
0.625000	0.116291
0.626000	-0.037278
0.627000	-0.037278
0.628000	-0.064380
0.629000	-0.181799
0.630000	-0.181799
0.631000	-0.100510
0.632000	-0.001147
0.633000	-0.208902
0.634000	-0.263107
0.635000	-0.100510
0.636000	-0.145669
0.637000	-0.326340
0.638000	-0.217930
0.639000	-0.308265
0.640000	-0.290209
0.641000	-0.245032
0.642000	-0.389573
0.643000	-0.371498
0.644000	-0.272135
0.645000	-0.308265
0.646000	-0.371498
0.647000	-0.525067
0.648000	-0.606374
0.649000	-0.389573
0.650000	-0.479908
0.651000	-0.534095
0.652000	-0.470862
0.653000	-0.624430
0.654000	-0.678635
0.655000	-0.597328
0.656000	-0.759924
0.657000	-0.895437
0.658000	-0.687663
0.659000	-0.588300
0.660000	-0.777999
0.661000	-0.850260
0.662000	-0.759924
0.663000	-0.814129
0.664000	-0.841232
0.665000	-0.750896
0.666000	-0.850260
0.667000	-0.814129
0.668000	-0.624430
0.669000	-0.823157
0.670000	-0.949623
0.671000	-0.759924
0.672000	-0.687663
0.673000	-0.696691
0.674000	-0.633458
0.675000	-0.678635
0.676000	-0.633458
0.677000	-0.497964
0.678000	-0.416675
0.679000	-0.389573
0.680000	-0.497964
0.681000	-0.479908
0.682000	-0.389573
0.683000	-0.479908
0.684000	-0.534095
0.685000	-0.398601
0.686000	-0.371498
0.687000	-0.389573
0.688000	-0.299237
0.689000	-0.425703
0.690000	-0.452806
0.691000	-0.263107
0.692000	-0.299237
0.693000	-0.353442
0.694000	-0.217930
0.695000	-0.362470
0.696000	-0.416675
0.697000	-0.263107
0.698000	-0.326340
0.699000	-0.443778
0.700000	-0.353442
0.701000	-0.308265
0.702000	-0.353442
0.703000	-0.281163
0.704000	-0.127613
0.705000	-0.046305
0.706000	-0.109538
0.707000	-0.181799
0.708000	-0.344396
0.709000	-0.398601
0.710000	-0.208902
0.711000	-0.199874
0.712000	-0.362470
0.713000	-0.335368
0.714000	-0.443778
0.715000	-0.606374
0.716000	-0.534095
0.717000	-0.425703
0.718000	-0.543142
0.719000	-0.615402
0.720000	-0.497964
0.721000	-0.525067
0.722000	-0.696691
0.723000	-0.714766
0.724000	-0.723794
0.725000	-0.768971
0.726000	-0.750896
0.727000	-0.814129
0.728000	-0.949623
0.729000	-0.832204
0.730000	-0.714766
0.731000	-0.796055
0.732000	-0.859288
0.733000	-0.823157
0.734000	-0.814129
0.735000	-0.823157
0.736000	-0.796055
0.737000	-0.750896
0.738000	-0.660561
0.739000	-0.534095
0.740000	-0.633458
0.741000	-0.750896
0.742000	-0.696691
0.743000	-0.615402
0.744000	-0.624430
0.745000	-0.516039
0.746000	-0.461834
0.747000	-0.506992
0.748000	-0.425703
0.749000	-0.470862
0.750000	-0.470862
0.751000	-0.317312
0.752000	-0.272135
0.753000	-0.335368
0.754000	-0.272135
0.755000	-0.263107
0.756000	-0.335368
0.757000	-0.245032
0.758000	-0.254079
0.759000	-0.317312
0.760000	-0.290209
0.761000	-0.317312
0.762000	-0.317312
0.763000	-0.190846
0.764000	-0.226976
0.765000	-0.353442
0.766000	-0.236004
0.767000	-0.190846
0.768000	-0.371498
0.769000	-0.353442
0.770000	-0.236004
0.771000	-0.389573
0.772000	-0.353442
0.773000	-0.263107
0.774000	-0.470862
0.775000	-0.416675
0.776000	-0.254079
0.777000	-0.443778
0.778000	-0.479908
0.779000	-0.344396
0.780000	-0.479908
0.781000	-0.461834
0.782000	-0.335368
0.783000	-0.470862
0.784000	-0.497964
0.785000	-0.479908
0.786000	-0.552170
0.787000	-0.497964
0.788000	-0.479908
0.789000	-0.534095
0.790000	-0.506992
0.791000	-0.470862
0.792000	-0.516039
0.793000	-0.561198
0.794000	-0.669607
0.795000	-0.561198
0.796000	-0.353442
0.797000	-0.443778
0.798000	-0.669607
0.799000	-0.543142
0.800000	-0.335368
0.801000	-0.461834
0.802000	-0.497964
0.803000	-0.479908
0.804000	-0.506992
0.805000	-0.488936
0.806000	-0.344396
0.807000	-0.380545
0.808000	-0.525067
0.809000	-0.263107
0.810000	-0.308265
0.811000	-0.488936
0.812000	-0.217930
0.813000	-0.353442
0.814000	-0.479908
0.815000	-0.001147
0.816000	-0.136641
0.817000	-0.488936
0.818000	-0.082436
0.819000	-0.208902
0.820000	-0.407629
0.821000	-0.055333
0.822000	-0.299237
0.823000	-0.353442
0.824000	0.215655
0.825000	-0.100510
0.826000	-0.290209
0.827000	0.170496
0.828000	-0.226976
0.829000	-0.281163
0.830000	0.089189
0.831000	-0.199874
0.832000	-0.290209
0.833000	0.152422
0.834000	-0.172771
0.835000	-0.263107
0.836000	0.034984
0.837000	-0.217930
0.838000	-0.136641
0.839000	0.016927
0.840000	-0.362470
0.841000	-0.145669
0.842000	-0.010175
0.843000	-0.353442
0.844000	-0.046305
0.845000	-0.010175
0.846000	-0.335368
0.847000	-0.199874
0.848000	-0.226976
0.849000	-0.326340
0.850000	-0.190846
0.851000	-0.118566
0.852000	-0.109538
0.853000	-0.199874
0.854000	-0.317312
0.855000	-0.100510
0.856000	-0.254079
0.857000	-0.172771
0.858000	0.007900
0.859000	-0.290209
0.860000	-0.172771
0.861000	0.080160
0.862000	-0.154715
0.863000	-0.181799
0.864000	0.016927
0.865000	-0.272135
0.866000	-0.163743
0.867000	0.170496
0.868000	-0.109538
0.869000	-0.127613
0.870000	0.197580
0.871000	-0.046305
0.872000	-0.136641
0.873000	0.016927
0.874000	-0.127613
0.875000	0.134347
0.876000	0.170496
0.877000	-0.118566
0.878000	-0.010175
0.879000	0.034984
0.880000	-0.181799
0.881000	0.071133
0.882000	0.089189
0.883000	-0.055333
0.884000	0.062086
0.885000	0.098216
0.886000	-0.019203
0.887000	0.062086
0.888000	0.025956
0.889000	0.034984
0.890000	-0.001147
0.891000	-0.082436
0.892000	0.107263
0.893000	0.062086
0.894000	-0.217930
0.895000	-0.010175
0.896000	0.107263
0.897000	0.044030
0.898000	0.071133
0.899000	-0.010175
0.900000	-0.145669
0.901000	0.053058
0.902000	-0.010175
0.903000	-0.028250
0.904000	-0.055333
0.905000	-0.073408
0.906000	-0.019203
0.907000	0.206627
0.908000	-0.046305
0.909000	-0.019203
0.910000	0.098216
0.911000	-0.037278
0.912000	0.071133
0.913000	0.143394
0.914000	-0.037278
0.915000	0.053058
0.916000	0.179524
0.917000	0.188552
0.918000	0.116291
0.919000	0.125319
0.920000	0.089189
0.921000	0.269860
0.922000	0.278888
0.923000	0.098216
0.924000	0.242757
0.925000	0.206627
0.926000	0.125319
0.927000	0.333093
0.928000	0.387279
0.929000	0.161450
0.930000	0.215655
0.931000	0.333093
0.932000	0.342121
0.933000	0.206627
0.934000	0.080160
0.935000	0.278888
0.936000	0.134347
0.937000	0.098216
0.938000	0.315018
0.939000	0.134347
0.940000	0.025956
0.941000	0.315018
0.942000	0.053058
0.943000	0.134347
0.944000	0.215655
0.945000	-0.001147
0.946000	-0.109538
0.947000	0.025956
0.948000	-0.127613
0.949000	-0.154715
0.950000	-0.154715
0.951000	-0.208902
0.952000	-0.154715
0.953000	-0.217930
0.954000	-0.281163
0.955000	-0.236004
0.956000	-0.362470
0.957000	-0.461834
0.958000	-0.208902
0.959000	-0.217930
0.960000	-0.308265
0.961000	-0.172771
0.962000	-0.263107
0.963000	-0.172771
0.964000	-0.010175
0.965000	-0.208902
0.966000	-0.199874
0.967000	-0.010175
0.968000	-0.245032
0.969000	-0.272135
0.970000	0.089189
0.971000	0.080160
0.972000	-0.046305
0.973000	0.016927
0.974000	-0.073408
0.975000	-0.290209
0.976000	-0.263107
0.977000	-0.190846
0.978000	-0.443778
0.979000	-0.299237
0.980000	0.016927
0.981000	-0.236004
0.982000	-0.506992
0.983000	-0.263107
0.984000	-0.317312
0.985000	-0.534095
0.986000	-0.516039
0.987000	-0.660561
0.988000	-0.678635
0.989000	-0.516039
0.990000	-0.714766
0.991000	-0.877362
0.992000	-0.895437
0.993000	-1.166420
0.994000	-1.193530
0.995000	-0.796055
0.996000	-0.868334
0.997000	-0.696691
0.998000	-0.380545
0.999000	-0.669607
1.000000	-0.958670
1.001000	-0.904465
1.002000	-1.292890
1.003000	-1.609060
1.004000	-1.663240
1.005000	-1.825860
1.006000	-1.925220
1.007000	-1.907150
1.008000	-1.509690
1.009000	-1.094160
1.010000	-0.904465
1.011000	-0.859288
1.012000	-1.048990
1.013000	-1.338050
1.014000	-1.681320
1.015000	-1.843910
1.016000	-1.852940
1.017000	-1.834890
1.018000	-1.789710
1.019000	-1.482590
1.020000	-1.076090
1.021000	-0.994800
1.022000	-1.067060
1.023000	-1.157400
1.024000	-1.536790
1.025000	-1.708420
1.026000	-1.563880
1.027000	-1.618080
1.028000	-1.554850
1.029000	-1.247730
1.030000	-1.292890
1.031000	-1.356120
1.032000	-1.329020
1.033000	-1.645190
1.034000	-1.825860
1.035000	-1.699390
1.036000	-1.816810
1.037000	-1.663240
1.038000	-1.491620
1.039000	-1.663240
1.040000	-1.735520
1.041000	-1.590980
1.042000	-1.572930
1.043000	-1.473560
1.044000	-1.193530
1.045000	-1.292890
1.046000	-1.428390
1.047000	-1.410330
1.048000	-1.572930
1.049000	-1.807780
1.050000	-1.681320
1.051000	-1.464520
1.052000	-1.401280
1.053000	-1.283860
1.054000	-1.130290
1.055000	-1.012860
1.056000	-0.985754
1.057000	-1.076090
1.058000	-1.392250
1.059000	-1.500650
1.060000	-1.383230
1.061000	-1.347100
1.062000	-1.319990
1.063000	-1.229660
1.064000	-1.193530
1.065000	-1.085120
1.066000	-1.012860
1.067000	-1.085120
1.068000	-1.030930
1.069000	-0.922521
1.070000	-1.039960
1.071000	-1.103190
1.072000	-0.922521
1.073000	-0.931567
1.074000	-1.067060
1.075000	-1.112220
1.076000	-1.166420
1.077000	-1.166420
1.078000	-0.985754
1.079000	-1.012860
1.080000	-1.112220
1.081000	-0.976726
1.082000	-0.940595
1.083000	-1.085120
1.084000	-1.021900
1.085000	-0.931567
1.086000	-0.931567
1.087000	-0.868334
1.088000	-0.913493
1.089000	-1.058030
1.090000	-0.985754
1.091000	-0.868334
1.092000	-0.922521
1.093000	-0.850260
1.094000	-0.714766
1.095000	-0.750896
1.096000	-0.669607
1.097000	-0.606374
1.098000	-0.678635
1.099000	-0.687663
1.100000	-0.660561
1.101000	-0.823157
1.102000	-0.877362
1.103000	-0.759924
1.104000	-0.777999
1.105000	-0.823157
1.106000	-0.805101
1.107000	-0.886390
1.108000	-0.895437
1.109000	-0.868334
1.110000	-0.958670
1.111000	-0.985754
1.112000	-0.949623
1.113000	-0.976726
1.114000	-1.103190
1.115000	-1.112220
1.116000	-1.175450
1.117000	-1.247730
1.118000	-1.166420
1.119000	-1.184500
1.120000	-1.374180
1.121000	-1.356120
1.122000	-1.292890
1.123000	-1.392250
1.124000	-1.437410
1.125000	-1.437410
1.126000	-1.563880
1.127000	-1.518720
1.128000	-1.410330
1.129000	-1.500650
1.130000	-1.536790
1.131000	-1.491620
1.132000	-1.545820
1.133000	-1.500650
1.134000	-1.401280
1.135000	-1.527750
1.136000	-1.590980
1.137000	-1.446460
1.138000	-1.455490
1.139000	-1.500650
1.140000	-1.437410
1.141000	-1.518720
1.142000	-1.491620
1.143000	-1.383230
1.144000	-1.392250
1.145000	-1.374180
1.146000	-1.365150
1.147000	-1.392250
1.148000	-1.464520
1.149000	-1.455490
1.150000	-1.401280
1.151000	-1.473560
1.152000	-1.464520
1.153000	-1.383230
1.154000	-1.428390
1.155000	-1.482590
1.156000	-1.482590
1.157000	-1.509690
1.158000	-1.473560
1.159000	-1.464520
1.160000	-1.545820
1.161000	-1.527750
1.162000	-1.473560
1.163000	-1.572930
1.164000	-1.491620
1.165000	-1.437410
1.166000	-1.708420
1.167000	-1.600030
1.168000	-1.482590
1.169000	-1.654210
1.170000	-1.536790
1.171000	-1.464520
1.172000	-1.600030
1.173000	-1.581950
1.174000	-1.491620
1.175000	-1.509690
1.176000	-1.527750
1.177000	-1.545820
1.178000	-1.545820
1.179000	-1.482590
1.180000	-1.401280
1.181000	-1.410330
1.182000	-1.491620
1.183000	-1.482590
1.184000	-1.401280
1.185000	-1.365150
1.186000	-1.329020
1.187000	-1.383230
1.188000	-1.437410
1.189000	-1.319990
1.190000	-1.292890
1.191000	-1.338050
1.192000	-1.347100
1.193000	-1.338050
1.194000	-1.383230
1.195000	-1.274820
1.196000	-1.220630
1.197000	-1.292890
1.198000	-1.410330
1.199000	-1.310970
1.200000	-1.193530
1.201000	-1.301920
1.202000	-1.338050
1.203000	-1.256760
1.204000	-1.329020
1.205000	-1.347100
1.206000	-1.148350
1.207000	-1.283860
1.208000	-1.401280
1.209000	-1.292890
1.210000	-1.310970
1.211000	-1.310970
1.212000	-1.211580
1.213000	-1.329020
1.214000	-1.410330
1.215000	-1.310970
1.216000	-1.310970
1.217000	-1.383230
1.218000	-1.338050
1.219000	-1.455490
1.220000	-1.410330
1.221000	-1.238690
1.222000	-1.419360
1.223000	-1.572930
1.224000	-1.365150
1.225000	-1.374180
1.226000	-1.509690
1.227000	-1.437410
1.228000	-1.518720
1.229000	-1.618080
1.230000	-1.482590
1.231000	-1.437410
1.232000	-1.554850
1.233000	-1.618080
1.234000	-1.618080
1.235000	-1.518720
1.236000	-1.572930
1.237000	-1.545820
1.238000	-1.636160
1.239000	-1.663240
1.240000	-1.654210
1.241000	-1.609060
1.242000	-1.672290
1.243000	-1.636160
1.244000	-1.690340
1.245000	-1.627110
1.246000	-1.618080
1.247000	-1.654210
1.248000	-1.590980
1.249000	-1.654210
1.250000	-1.735520
1.251000	-1.636160
1.252000	-1.563880
1.253000	-1.663240
1.254000	-1.663240
1.255000	-1.590980
1.256000	-1.618080
1.257000	-1.581950
1.258000	-1.554850
1.259000	-1.663240
1.260000	-1.645190
1.261000	-1.563880
1.262000	-1.636160
1.263000	-1.636160
1.264000	-1.581950
1.265000	-1.609060
1.266000	-1.681320
1.267000	-1.681320
1.268000	-1.645190
1.269000	-1.645190
1.270000	-1.672290
1.271000	-1.699390
1.272000	-1.708420
1.273000	-1.645190
1.274000	-1.654210
1.275000	-1.861990
1.276000	-1.834890
1.277000	-1.681320
1.278000	-1.843910
1.279000	-1.807780
1.280000	-1.798750
1.281000	-1.889090
1.282000	-1.825860
1.283000	-1.726480
1.284000	-1.979410
1.285000	-1.880040
1.286000	-1.636160
1.287000	-1.852940
1.288000	-1.861990
1.289000	-1.726480
1.290000	-1.889090
1.291000	-1.943280
1.292000	-1.762620
1.293000	-1.861990
1.294000	-1.898120
1.295000	-1.672290
1.296000	-1.681320
1.297000	-1.816810
1.298000	-1.663240
1.299000	-1.654210
1.300000	-1.798750
1.301000	-1.699390
1.302000	-1.581950
1.303000	-1.762620
1.304000	-1.771650
1.305000	-1.618080
1.306000	-1.636160
1.307000	-1.789710
1.308000	-1.708420
1.309000	-1.627110
1.310000	-1.581950
1.311000	-1.545820
1.312000	-1.627110
1.313000	-1.663240
1.314000	-1.590980
1.315000	-1.699390
1.316000	-1.690340
1.317000	-1.527750
1.318000	-1.771650
1.319000	-1.771650
1.320000	-1.491620
1.321000	-1.663240
1.322000	-1.726480
1.323000	-1.627110
1.324000	-1.789710
1.325000	-1.717450
1.326000	-1.572930
1.327000	-1.771650
1.328000	-1.690340
1.329000	-1.627110
1.330000	-1.717450
1.331000	-1.699390
1.332000	-1.681320
1.333000	-1.780680
1.334000	-1.753580
1.335000	-1.699390
1.336000	-1.735520
1.337000	-1.654210
1.338000	-1.717450
1.339000	-1.816810
1.340000	-1.735520
1.341000	-1.590980
1.342000	-1.717450
1.343000	-1.825860
1.344000	-1.735520
1.345000	-1.690340
1.346000	-1.672290
1.347000	-1.645190
1.348000	-1.699390
1.349000	-1.771650
1.350000	-1.708420
1.351000	-1.627110
1.352000	-1.627110
1.353000	-1.726480
1.354000	-1.726480
1.355000	-1.654210
1.356000	-1.645190
1.357000	-1.699390
1.358000	-1.690340
1.359000	-1.672290
1.360000	-1.590980
1.361000	-1.518720
1.362000	-1.563880
1.363000	-1.627110
1.364000	-1.600030
1.365000	-1.609060
1.366000	-1.627110
1.367000	-1.572930
1.368000	-1.600030
1.369000	-1.618080
1.370000	-1.509690
1.371000	-1.509690
1.372000	-1.563880
1.373000	-1.536790
1.374000	-1.590980
1.375000	-1.581950
1.376000	-1.473560
1.377000	-1.509690
1.378000	-1.563880
1.379000	-1.509690
1.380000	-1.554850
1.381000	-1.509690
1.382000	-1.473560
1.383000	-1.590980
1.384000	-1.572930
1.385000	-1.500650
1.386000	-1.581950
1.387000	-1.609060
1.388000	-1.563880
1.389000	-1.618080
1.390000	-1.590980
1.391000	-1.554850
1.392000	-1.618080
1.393000	-1.600030
1.394000	-1.518720
1.395000	-1.581950
1.396000	-1.636160
1.397000	-1.663240
1.398000	-1.690340
1.399000	-1.699390
1.400000	-1.690340
1.401000	-1.654210
1.402000	-1.627110
1.403000	-1.609060
1.404000	-1.600030
1.405000	-1.600030
1.406000	-1.590980
1.407000	-1.554850
1.408000	-1.572930
1.409000	-1.600030
1.410000	-1.581950
1.411000	-1.563880
1.412000	-1.554850
1.413000	-1.518720
1.414000	-1.518720
1.415000	-1.509690
1.416000	-1.446460
1.417000	-1.419360
1.418000	-1.401280
1.419000	-1.383230
1.420000	-1.365150
1.421000	-1.410330
1.422000	-1.410330
1.423000	-1.401280
1.424000	-1.392250
1.425000	-1.383230
1.426000	-1.365150
1.427000	-1.365150
1.428000	-1.365150
1.429000	-1.347100
1.430000	-1.356120
1.431000	-1.374180
1.432000	-1.374180
1.433000	-1.374180
1.434000	-1.374180
1.435000	-1.383230
1.436000	-1.392250
1.437000	-1.410330
1.438000	-1.410330
1.439000	-1.392250
1.440000	-1.428390
1.441000	-1.455490
1.442000	-1.437410
1.443000	-1.455490
1.444000	-1.473560
1.445000	-1.482590
1.446000	-1.482590
1.447000	-1.500650
1.448000	-1.482590
1.449000	-1.446460
1.450000	-1.437410
1.451000	-1.410330
1.452000	-1.455490
1.453000	-1.464520
1.454000	-1.419360
1.455000	-1.437410
1.456000	-1.464520
1.457000	-1.437410
1.458000	-1.437410
1.459000	-1.428390
1.460000	-1.392250
1.461000	-1.365150
1.462000	-1.383230
1.463000	-1.365150
1.464000	-1.383230
1.465000	-1.338050
1.466000	-1.283860
1.467000	-1.301920
1.468000	-1.319990
1.469000	-1.274820
1.470000	-1.292890
1.471000	-1.301920
1.472000	-1.247730
1.473000	-1.247730
1.474000	-1.283860
1.475000	-1.256760
1.476000	-1.256760
1.477000	-1.310970
1.478000	-1.274820
1.479000	-1.229660
1.480000	-1.310970
1.481000	-1.301920
1.482000	-1.256760
1.483000	-1.301920
1.484000	-1.247730
1.485000	-1.247730
1.486000	-1.292890
1.487000	-1.301920
1.488000	-1.310970
1.489000	-1.329020
1.490000	-1.329020
1.491000	-1.356120
1.492000	-1.319990
1.493000	-1.347100
1.494000	-1.392250
1.495000	-1.283860
1.496000	-1.338050
1.497000	-1.383230
1.498000	-1.329020
1.499000	-1.365150
1.500000	-1.437410
1.501000	-1.310970
1.502000	-1.347100
1.503000	-1.419360
1.504000	-1.329020
1.505000	-1.383230
1.506000	-1.437410
1.507000	-1.329020
1.508000	-1.338050
1.509000	-1.419360
1.510000	-1.356120
1.511000	-1.301920
1.512000	-1.383230
1.513000	-1.365150
1.514000	-1.347100
1.515000	-1.338050
1.516000	-1.338050
1.517000	-1.374180
1.518000	-1.356120
1.519000	-1.319990
1.520000	-1.329020
1.521000	-1.265790
1.522000	-1.383230
1.523000	-1.356120
1.524000	-1.220630
1.525000	-1.329020
1.526000	-1.301920
1.527000	-1.157400
1.528000	-1.310970
1.529000	-1.329020
1.530000	-1.184500
1.531000	-1.238690
1.532000	-1.301920
1.533000	-1.184500
1.534000	-1.256760
1.535000	-1.265790
1.536000	-1.202560
1.537000	-1.229660
1.538000	-1.283860
1.539000	-1.220630
1.540000	-1.193530
1.541000	-1.229660
1.542000	-1.211580
1.543000	-1.157400
1.544000	-1.184500
1.545000	-1.220630
1.546000	-1.157400
1.547000	-1.238690
1.548000	-1.310970
1.549000	-1.229660
1.550000	-1.175450
1.551000	-1.283860
1.552000	-1.283860
1.553000	-1.193530
1.554000	-1.256760
1.555000	-1.292890
1.556000	-1.193530
1.557000	-1.202560
1.558000	-1.229660
1.559000	-1.229660
1.560000	-1.301920
1.561000	-1.238690
1.562000	-1.184500
1.563000	-1.301920
1.564000	-1.256760
1.565000	-1.193530
1.566000	-1.256760
1.567000	-1.220630
1.568000	-1.103190
1.569000	-1.202560
1.570000	-1.301920
1.571000	-1.148350
1.572000	-1.166420
1.573000	-1.247730
1.574000	-1.175450
1.575000	-1.130290
1.576000	-1.130290
1.577000	-1.094160
1.578000	-1.085120
1.579000	-1.175450
1.580000	-1.121270
1.581000	-1.021900
1.582000	-1.202560
1.583000	-1.157400
1.584000	-1.048990
1.585000	-1.085120
1.586000	-1.058030
1.587000	-1.003830
1.588000	-1.039960
1.589000	-1.030930
1.590000	-1.012860
1.591000	-1.067060
1.592000	-1.058030
1.593000	-0.985754
1.594000	-1.139320
1.595000	-1.094160
1.596000	-0.994800
1.597000	-1.067060
1.598000	-1.003830
1.599000	-0.949623
1.600000	-1.094160
1.601000	-1.021900
1.602000	-0.922521
1.603000	-1.048990
1.604000	-1.094160
1.605000	-1.094160
1.606000	-1.058030
1.607000	-0.985754
1.608000	-1.094160
1.609000	-1.112220
1.610000	-1.021900
1.611000	-1.012860
1.612000	-1.076090
1.613000	-1.103190
1.614000	-1.067060
1.615000	-1.058030
1.616000	-1.030930
1.617000	-1.085120
1.618000	-1.148350
1.619000	-1.076090
1.620000	-1.003830
1.621000	-1.085120
1.622000	-1.076090
1.623000	-1.076090
1.624000	-1.193530
1.625000	-1.112220
1.626000	-0.994800
1.627000	-1.157400
1.628000	-1.175450
1.629000	-1.048990
1.630000	-1.067060
1.631000	-1.103190
1.632000	-1.003830
1.633000	-1.030930
1.634000	-1.085120
1.635000	-1.003830
1.636000	-1.012860
1.637000	-1.094160
1.638000	-1.058030
1.639000	-1.067060
1.640000	-1.139320
1.641000	-1.039960
1.642000	-0.985754
1.643000	-1.085120
1.644000	-1.039960
1.645000	-0.958670
1.646000	-1.058030
1.647000	-1.067060
1.648000	-0.976726
1.649000	-1.076090
1.650000	-1.148350
1.651000	-1.021900
1.652000	-1.085120
1.653000	-1.103190
1.654000	-1.048990
1.655000	-1.085120
1.656000	-1.103190
1.657000	-1.058030
1.658000	-1.148350
1.659000	-1.184500
1.660000	-1.085120
1.661000	-1.121270
1.662000	-1.220630
1.663000	-1.130290
1.664000	-1.139320
1.665000	-1.229660
1.666000	-1.157400
1.667000	-1.157400
1.668000	-1.202560
1.669000	-1.166420
1.670000	-1.193530
1.671000	-1.184500
1.672000	-1.175450
1.673000	-1.184500
1.674000	-1.157400
1.675000	-1.193530
1.676000	-1.211580
1.677000	-1.184500
1.678000	-1.139320
1.679000	-1.166420
1.680000	-1.202560
1.681000	-1.193530
1.682000	-1.148350
1.683000	-1.130290
1.684000	-1.094160
1.685000	-1.139320
1.686000	-1.184500
1.687000	-1.148350
1.688000	-1.094160
1.689000	-1.094160
1.690000	-1.121270
1.691000	-1.103190
1.692000	-1.085120
1.693000	-1.085120
1.694000	-1.058030
1.695000	-1.112220
1.696000	-1.130290
1.697000	-1.076090
1.698000	-1.076090
1.699000	-1.139320
1.700000	-1.139320
1.701000	-1.130290
1.702000	-1.112220
1.703000	-1.121270
1.704000	-1.130290
1.705000	-1.112220
1.706000	-1.121270
1.707000	-1.112220
1.708000	-1.112220
1.709000	-1.148350
1.710000	-1.166420
1.711000	-1.184500
1.712000	-1.193530
1.713000	-1.193530
1.714000	-1.193530
1.715000	-1.175450
1.716000	-1.193530
1.717000	-1.184500
1.718000	-1.166420
1.719000	-1.157400
1.720000	-1.193530
1.721000	-1.202560
1.722000	-1.193530
1.723000	-1.193530
1.724000	-1.202560
1.725000	-1.211580
1.726000	-1.229660
1.727000	-1.220630
1.728000	-1.193530
1.729000	-1.184500
1.730000	-1.166420
1.731000	-1.148350
1.732000	-1.175450
1.733000	-1.166420
1.734000	-1.175450
1.735000	-1.220630
1.736000	-1.202560
1.737000	-1.184500
1.738000	-1.193530
1.739000	-1.193530
1.740000	-1.157400
1.741000	-1.157400
1.742000	-1.184500
1.743000	-1.175450
1.744000	-1.130290
1.745000	-1.148350
1.746000	-1.157400
1.747000	-1.139320
1.748000	-1.139320
1.749000	-1.148350
1.750000	-1.139320
1.751000	-1.130290
1.752000	-1.148350
1.753000	-1.121270
1.754000	-1.121270
1.755000	-1.121270
1.756000	-1.121270
1.757000	-1.076090
1.758000	-1.058030
1.759000	-1.094160
1.760000	-1.166420
1.761000	-1.175450
1.762000	-1.166420
1.763000	-1.130290
1.764000	-1.112220
1.765000	-1.121270
1.766000	-1.094160
1.767000	-1.094160
1.768000	-1.130290
1.769000	-1.157400
1.770000	-1.157400
1.771000	-1.157400
1.772000	-1.166420
1.773000	-1.184500
1.774000	-1.202560
1.775000	-1.184500
1.776000	-1.157400
1.777000	-1.175450
1.778000	-1.202560
1.779000	-1.184500
1.780000	-1.193530
1.781000	-1.211580
1.782000	-1.202560
1.783000	-1.229660
1.784000	-1.220630
1.785000	-1.175450
1.786000	-1.184500
1.787000	-1.184500
1.788000	-1.184500
1.789000	-1.166420
1.790000	-1.193530
1.791000	-1.211580
1.792000	-1.175450
1.793000	-1.202560
1.794000	-1.202560
1.795000	-1.184500
1.796000	-1.202560
1.797000	-1.166420
1.798000	-1.139320
1.799000	-1.184500
1.800000	-1.175450
1.801000	-1.166420
1.802000	-1.184500
1.803000	-1.193530
1.804000	-1.202560
1.805000	-1.202560
1.806000	-1.220630
1.807000	-1.193530
1.808000	-1.220630
1.809000	-1.220630
1.810000	-1.211580
1.811000	-1.220630
1.812000	-1.229660
1.813000	-1.220630
1.814000	-1.265790
1.815000	-1.310970
1.816000	-1.283860
1.817000	-1.247730
1.818000	-1.283860
1.819000	-1.292890
1.820000	-1.247730
1.821000	-1.292890
1.822000	-1.283860
1.823000	-1.310970
1.824000	-1.347100
1.825000	-1.347100
1.826000	-1.329020
1.827000	-1.338050
1.828000	-1.338050
1.829000	-1.347100
1.830000	-1.356120
1.831000	-1.347100
1.832000	-1.338050
1.833000	-1.310970
1.834000	-1.392250
1.835000	-1.401280
1.836000	-1.383230
1.837000	-1.365150
1.838000	-1.365150
1.839000	-1.365150
1.840000	-1.437410
1.841000	-1.437410
1.842000	-1.356120
1.843000	-1.392250
1.844000	-1.428390
1.845000	-1.428390
1.846000	-1.428390
1.847000	-1.419360
1.848000	-1.410330
1.849000	-1.428390
1.850000	-1.401280
1.851000	-1.419360
1.852000	-1.473560
1.853000	-1.419360
1.854000	-1.401280
1.855000	-1.491620
1.856000	-1.464520
1.857000	-1.401280
1.858000	-1.437410
1.859000	-1.455490
1.860000	-1.428390
1.861000	-1.473560
1.862000	-1.446460
1.863000	-1.365150
1.864000	-1.419360
1.865000	-1.446460
1.866000	-1.401280
1.867000	-1.446460
1.868000	-1.419360
1.869000	-1.419360
1.870000	-1.500650
1.871000	-1.491620
1.872000	-1.437410
1.873000	-1.428390
1.874000	-1.473560
1.875000	-1.464520
1.876000	-1.464520
1.877000	-1.500650
1.878000	-1.464520
1.879000	-1.491620
1.880000	-1.536790
1.881000	-1.509690
1.882000	-1.518720
1.883000	-1.527750
1.884000	-1.509690
1.885000	-1.545820
1.886000	-1.590980
1.887000	-1.572930
1.888000	-1.527750
1.889000	-1.554850
1.890000	-1.518720
1.891000	-1.600030
1.892000	-1.618080
1.893000	-1.527750
1.894000	-1.527750
1.895000	-1.645190
1.896000	-1.627110
1.897000	-1.581950
1.898000	-1.536790
1.899000	-1.563880
1.900000	-1.618080
1.901000	-1.636160
1.902000	-1.572930
1.903000	-1.581950
1.904000	-1.563880
1.905000	-1.590980
1.906000	-1.618080
1.907000	-1.536790
1.908000	-1.545820
1.909000	-1.590980
1.910000	-1.600030
1.911000	-1.572930
1.912000	-1.554850
1.913000	-1.609060
1.914000	-1.572930
1.915000	-1.554850
1.916000	-1.600030
1.917000	-1.590980
1.918000	-1.581950
1.919000	-1.572930
1.920000	-1.554850
1.921000	-1.554850
1.922000	-1.590980
1.923000	-1.554850
1.924000	-1.545820
1.925000	-1.618080
1.926000	-1.663240
1.927000	-1.600030
1.928000	-1.590980
1.929000	-1.627110
1.930000	-1.645190
1.931000	-1.545820
1.932000	-1.581950
1.933000	-1.645190
1.934000	-1.600030
1.935000	-1.600030
1.936000	-1.663240
1.937000	-1.581950
1.938000	-1.572930
1.939000	-1.663240
1.940000	-1.636160
1.941000	-1.590980
1.942000	-1.627110
1.943000	-1.600030
1.944000	-1.654210
1.945000	-1.681320
1.946000	-1.609060
1.947000	-1.600030
1.948000	-1.645190
1.949000	-1.654210
1.950000	-1.627110
1.951000	-1.627110
1.952000	-1.636160
1.953000	-1.654210
1.954000	-1.645190
1.955000	-1.618080
1.956000	-1.663240
1.957000	-1.645190
1.958000	-1.663240
1.959000	-1.735520
1.960000	-1.726480
1.961000	-1.645190
1.962000	-1.663240
1.963000	-1.663240
1.964000	-1.636160
1.965000	-1.654210
1.966000	-1.672290
1.967000	-1.636160
1.968000	-1.663240
1.969000	-1.699390
1.970000	-1.699390
1.971000	-1.690340
1.972000	-1.672290
1.973000	-1.699390
1.974000	-1.708420
1.975000	-1.681320
1.976000	-1.654210
1.977000	-1.618080
1.978000	-1.681320
1.979000	-1.681320
1.980000	-1.636160
1.981000	-1.636160
1.982000	-1.636160
1.983000	-1.672290
1.984000	-1.717450
1.985000	-1.654210
1.986000	-1.627110
1.987000	-1.690340
1.988000	-1.690340
1.989000	-1.645190
1.990000	-1.672290
1.991000	-1.681320
1.992000	-1.636160
1.993000	-1.654210
1.994000	-1.699390
1.995000	-1.627110
1.996000	-1.636160
1.997000	-1.690340
1.998000	-1.663240
1.999000	-1.672290
2.000000	-1.690340
2.001000	-1.672290
2.002000	-1.681320
2.003000	-1.690340
2.004000	-1.699390
2.005000	-1.699390
2.006000	-1.681320
2.007000	-1.699390
2.008000	-1.681320
2.009000	-1.681320
2.010000	-1.699390
2.011000	-1.699390
2.012000	-1.672290
2.013000	-1.708420
2.014000	-1.726480
2.015000	-1.699390
2.016000	-1.699390
2.017000	-1.726480
2.018000	-1.735520
2.019000	-1.735520
2.020000	-1.717450
2.021000	-1.717450
2.022000	-1.708420
2.023000	-1.726480
2.024000	-1.708420
2.025000	-1.708420
2.026000	-1.708420
2.027000	-1.717450
2.028000	-1.717450
2.029000	-1.717450
2.030000	-1.726480
2.031000	-1.753580
2.032000	-1.744550
2.033000	-1.735520
2.034000	-1.726480
2.035000	-1.726480
2.036000	-1.708420
2.037000	-1.699390
2.038000	-1.699390
2.039000	-1.699390
2.040000	-1.699390
2.041000	-1.654210
2.042000	-1.663240
2.043000	-1.708420
2.044000	-1.708420
2.045000	-1.690340
2.046000	-1.699390
2.047000	-1.690340
2.048000	-1.663240
2.049000	-1.654210
2.050000	-1.654210
2.051000	-1.618080
2.052000	-1.609060
2.053000	-1.618080
2.054000	-1.618080
2.055000	-1.618080
2.056000	-1.618080
2.057000	-1.636160
2.058000	-1.636160
2.059000	-1.645190
2.060000	-1.636160
2.061000	-1.627110
2.062000	-1.627110
2.063000	-1.636160
2.064000	-1.618080
2.065000	-1.609060
2.066000	-1.600030
2.067000	-1.618080
2.068000	-1.600030
2.069000	-1.618080
2.070000	-1.618080
2.071000	-1.618080
2.072000	-1.627110
2.073000	-1.636160
2.074000	-1.636160
2.075000	-1.636160
2.076000	-1.627110
2.077000	-1.636160
2.078000	-1.627110
2.079000	-1.627110
2.080000	-1.618080
2.081000	-1.600030
2.082000	-1.590980
2.083000	-1.600030
2.084000	-1.590980
2.085000	-1.590980
2.086000	-1.600030
2.087000	-1.581950
2.088000	-1.590980
2.089000	-1.581950
2.090000	-1.563880
2.091000	-1.572930
2.092000	-1.563880
2.093000	-1.554850
2.094000	-1.545820
2.095000	-1.527750
2.096000	-1.527750
2.097000	-1.527750
2.098000	-1.509690
2.099000	-1.500650
2.100000	-1.509690
2.101000	-1.518720
2.102000	-1.509690
2.103000	-1.500650
2.104000	-1.509690
2.105000	-1.482590
2.106000	-1.491620
2.107000	-1.500650
2.108000	-1.482590
2.109000	-1.491620
2.110000	-1.482590
2.111000	-1.473560
2.112000	-1.491620
2.113000	-1.482590
2.114000	-1.482590
2.115000	-1.491620
2.116000	-1.491620
2.117000	-1.491620
2.118000	-1.482590
2.119000	-1.482590
2.120000	-1.509690
2.121000	-1.491620
2.122000	-1.500650
2.123000	-1.500650
2.124000	-1.500650
2.125000	-1.482590
2.126000	-1.500650
2.127000	-1.482590
2.128000	-1.473560
2.129000	-1.482590
2.130000	-1.491620
2.131000	-1.491620
2.132000	-1.500650
2.133000	-1.491620
2.134000	-1.482590
2.135000	-1.509690
2.136000	-1.482590
2.137000	-1.482590
2.138000	-1.473560
2.139000	-1.455490
2.140000	-1.491620
2.141000	-1.482590
2.142000	-1.455490
2.143000	-1.455490
2.144000	-1.464520
2.145000	-1.464520
2.146000	-1.455490
2.147000	-1.455490
2.148000	-1.455490
2.149000	-1.464520
2.150000	-1.446460
2.151000	-1.437410
2.152000	-1.437410
2.153000	-1.392250
2.154000	-1.419360
2.155000	-1.437410
2.156000	-1.410330
2.157000	-1.383230
2.158000	-1.410330
2.159000	-1.392250
2.160000	-1.392250
2.161000	-1.392250
2.162000	-1.392250
2.163000	-1.383230
2.164000	-1.401280
2.165000	-1.374180
2.166000	-1.374180
2.167000	-1.374180
2.168000	-1.347100
2.169000	-1.392250
2.170000	-1.374180
2.171000	-1.347100
2.172000	-1.365150
2.173000	-1.374180
2.174000	-1.356120
2.175000	-1.365150
2.176000	-1.374180
2.177000	-1.365150
2.178000	-1.365150
2.179000	-1.392250
2.180000	-1.374180
2.181000	-1.365150
2.182000	-1.392250
2.183000	-1.347100
2.184000	-1.319990
2.185000	-1.356120
2.186000	-1.365150
2.187000	-1.338050
2.188000	-1.347100
2.189000	-1.338050
2.190000	-1.347100
2.191000	-1.365150
2.192000	-1.374180
2.193000	-1.356120
2.194000	-1.347100
2.195000	-1.338050
2.196000	-1.347100
2.197000	-1.347100
2.198000	-1.310970
2.199000	-1.301920
2.200000	-1.301920
2.201000	-1.274820
2.202000	-1.310970
2.203000	-1.292890
2.204000	-1.274820
2.205000	-1.292890
2.206000	-1.319990
2.207000	-1.274820
2.208000	-1.283860
2.209000	-1.301920
2.210000	-1.283860
2.211000	-1.256760
2.212000	-1.274820
2.213000	-1.256760
2.214000	-1.229660
2.215000	-1.256760
2.216000	-1.247730
2.217000	-1.220630
2.218000	-1.238690
2.219000	-1.238690
2.220000	-1.247730
2.221000	-1.265790
2.222000	-1.247730
2.223000	-1.238690
2.224000	-1.274820
2.225000	-1.265790
2.226000	-1.247730
2.227000	-1.256760
2.228000	-1.247730
2.229000	-1.229660
2.230000	-1.247730
2.231000	-1.229660
2.232000	-1.211580
2.233000	-1.238690
2.234000	-1.256760
2.235000	-1.229660
2.236000	-1.247730
2.237000	-1.238690
2.238000	-1.292890
2.239000	-1.338050
2.240000	-1.292890
2.241000	-1.265790
2.242000	-1.238690
2.243000	-1.211580
2.244000	-1.247730
2.245000	-1.256760
2.246000	-1.202560
2.247000	-1.247730
2.248000	-1.265790
2.249000	-1.247730
2.250000	-1.274820
2.251000	-1.265790
2.252000	-1.238690
2.253000	-1.247730
2.254000	-1.238690
2.255000	-1.193530
2.256000	-1.211580
2.257000	-1.229660
2.258000	-1.202560
2.259000	-1.211580
2.260000	-1.202560
2.261000	-1.184500
2.262000	-1.184500
2.263000	-1.175450
2.264000	-1.184500
2.265000	-1.202560
2.266000	-1.157400
2.267000	-1.166420
2.268000	-1.193530
2.269000	-1.166420
2.270000	-1.193530
2.271000	-1.193530
2.272000	-1.166420
2.273000	-1.166420
2.274000	-1.166420
2.275000	-1.139320
2.276000	-1.157400
2.277000	-1.148350
2.278000	-1.130290
2.279000	-1.157400
2.280000	-1.139320
2.281000	-1.157400
2.282000	-1.184500
2.283000	-1.148350
2.284000	-1.157400
2.285000	-1.202560
2.286000	-1.148350
2.287000	-1.139320
2.288000	-1.184500
2.289000	-1.166420
2.290000	-1.193530
2.291000	-1.220630
2.292000	-1.175450
2.293000	-1.139320
2.294000	-1.184500
2.295000	-1.175450
2.296000	-1.148350
2.297000	-1.184500
2.298000	-1.220630
2.299000	-1.202560
2.300000	-1.220630
2.301000	-1.238690
2.302000	-1.202560
2.303000	-1.193530
2.304000	-1.202560
2.305000	-1.193530
2.306000	-1.157400
2.307000	-1.175450
2.308000	-1.175450
2.309000	-1.175450
2.310000	-1.193530
2.311000	-1.211580
2.312000	-1.193530
2.313000	-1.202560
2.314000	-1.202560
2.315000	-1.193530
2.316000	-1.175450
2.317000	-1.184500
2.318000	-1.166420
2.319000	-1.157400
2.320000	-1.148350
2.321000	-1.139320
2.322000	-1.148350
2.323000	-1.157400
2.324000	-1.175450
2.325000	-1.166420
2.326000	-1.175450
2.327000	-1.157400
2.328000	-1.148350
2.329000	-1.139320
2.330000	-1.148350
2.331000	-1.139320
2.332000	-1.148350
2.333000	-1.139320
2.334000	-1.157400
2.335000	-1.148350
2.336000	-1.148350
2.337000	-1.166420
2.338000	-1.175450
2.339000	-1.139320
2.340000	-1.139320
2.341000	-1.166420
2.342000	-1.148350
2.343000	-1.166420
2.344000	-1.184500
2.345000	-1.184500
2.346000	-1.193530
2.347000	-1.202560
2.348000	-1.184500
2.349000	-1.184500
2.350000	-1.193530
2.351000	-1.157400
2.352000	-1.139320
2.353000	-1.157400
2.354000	-1.175450
2.355000	-1.184500
2.356000	-1.175450
2.357000	-1.175450
2.358000	-1.184500
2.359000	-1.193530
2.360000	-1.175450
2.361000	-1.184500
2.362000	-1.148350
2.363000	-1.148350
2.364000	-1.157400
2.365000	-1.148350
2.366000	-1.166420
2.367000	-1.157400
2.368000	-1.148350
2.369000	-1.166420
2.370000	-1.175450
2.371000	-1.166420
2.372000	-1.148350
2.373000	-1.139320
2.374000	-1.121270
2.375000	-1.148350
2.376000	-1.148350
2.377000	-1.148350
2.378000	-1.148350
2.379000	-1.157400
2.380000	-1.166420
2.381000	-1.184500
2.382000	-1.175450
2.383000	-1.166420
2.384000	-1.166420
2.385000	-1.148350
2.386000	-1.157400
2.387000	-1.157400
2.388000	-1.184500
2.389000	-1.184500
2.390000	-1.202560
2.391000	-1.193530
2.392000	-1.193530
2.393000	-1.211580
2.394000	-1.220630
2.395000	-1.193530
2.396000	-1.202560
2.397000	-1.202560
2.398000	-1.211580
2.399000	-1.229660
2.400000	-1.238690
2.401000	-1.238690
2.402000	-1.229660
2.403000	-1.238690
2.404000	-1.229660
2.405000	-1.238690
2.406000	-1.238690
2.407000	-1.238690
2.408000	-1.247730
2.409000	-1.238690
2.410000	-1.238690
2.411000	-1.256760
2.412000	-1.256760
2.413000	-1.265790
2.414000	-1.247730
2.415000	-1.247730
2.416000	-1.247730
2.417000	-1.238690
2.418000	-1.229660
2.419000	-1.229660
2.420000	-1.238690
2.421000	-1.220630
2.422000	-1.229660
2.423000	-1.220630
2.424000	-1.220630
2.425000	-1.211580
2.426000	-1.220630
2.427000	-1.211580
2.428000	-1.202560
2.429000	-1.202560
2.430000	-1.193530
2.431000	-1.184500
2.432000	-1.202560
2.433000	-1.166420
2.434000	-1.184500
2.435000	-1.193530
2.436000	-1.175450
2.437000	-1.166420
2.438000	-1.184500
2.439000	-1.184500
2.440000	-1.193530
2.441000	-1.184500
2.442000	-1.193530
2.443000	-1.202560
2.444000	-1.184500
2.445000	-1.202560
2.446000	-1.193530
2.447000	-1.202560
2.448000	-1.211580
2.449000	-1.211580
2.450000	-1.211580
2.451000	-1.211580
2.452000	-1.229660
2.453000	-1.238690
2.454000	-1.247730
2.455000	-1.238690
2.456000	-1.247730
2.457000	-1.256760
2.458000	-1.265790
2.459000	-1.256760
2.460000	-1.274820
2.461000	-1.283860
2.462000	-1.265790
2.463000	-1.274820
2.464000	-1.283860
2.465000	-1.274820
2.466000	-1.283860
2.467000	-1.283860
2.468000	-1.283860
2.469000	-1.283860
2.470000	-1.283860
2.471000	-1.274820
2.472000	-1.283860
2.473000	-1.292890
2.474000	-1.283860
2.475000	-1.265790
2.476000	-1.274820
2.477000	-1.265790
2.478000	-1.274820
2.479000	-1.256760
2.480000	-1.256760
2.481000	-1.247730
2.482000	-1.238690
2.483000	-1.247730
2.484000	-1.247730
2.485000	-1.256760
2.486000	-1.247730
2.487000	-1.247730
2.488000	-1.256760
2.489000	-1.247730
2.490000	-1.238690
2.491000	-1.238690
2.492000	-1.238690
2.493000	-1.247730
2.494000	-1.265790
2.495000	-1.247730
2.496000	-1.256760
2.497000	-1.274820
2.498000	-1.274820
2.499000	-1.265790
2.500000	-1.256760
2.501000	-1.265790
2.502000	-1.274820
2.503000	-1.274820
2.504000	-1.301920
2.505000	-1.292890
2.506000	-1.301920
2.507000	-1.329020
2.508000	-1.319990
2.509000	-1.319990
2.510000	-1.319990
2.511000	-1.329020
2.512000	-1.329020
2.513000	-1.329020
2.514000	-1.347100
2.515000	-1.347100
2.516000	-1.347100
2.517000	-1.365150
2.518000	-1.374180
2.519000	-1.374180
2.520000	-1.374180
2.521000	-1.365150
2.522000	-1.365150
2.523000	-1.392250
2.524000	-1.374180
2.525000	-1.374180
2.526000	-1.365150
2.527000	-1.365150
2.528000	-1.383230
2.529000	-1.374180
2.530000	-1.374180
2.531000	-1.383230
2.532000	-1.374180
2.533000	-1.356120
2.534000	-1.374180
2.535000	-1.383230
2.536000	-1.356120
2.537000	-1.347100
2.538000	-1.347100
2.539000	-1.329020
2.540000	-1.356120
2.541000	-1.338050
2.542000	-1.310970
2.543000	-1.347100
2.544000	-1.356120
2.545000	-1.329020
2.546000	-1.338050
2.547000	-1.338050
2.548000	-1.329020
2.549000	-1.329020
2.550000	-1.338050
2.551000	-1.329020
2.552000	-1.301920
2.553000	-1.338050
2.554000	-1.338050
2.555000	-1.301920
2.556000	-1.319990
2.557000	-1.347100
2.558000	-1.329020
2.559000	-1.365150
2.560000	-1.374180
2.561000	-1.374180
2.562000	-1.365150
2.563000	-1.365150
2.564000	-1.365150
2.565000	-1.374180
2.566000	-1.383230
2.567000	-1.365150
2.568000	-1.374180
2.569000	-1.383230
2.570000	-1.383230
2.571000	-1.401280
2.572000	-1.401280
2.573000	-1.401280
2.574000	-1.419360
2.575000	-1.428390
2.576000	-1.419360
2.577000	-1.428390
2.578000	-1.410330
2.579000	-1.410330
2.580000	-1.419360
2.581000	-1.410330
2.582000	-1.392250
2.583000	-1.392250
2.584000	-1.410330
2.585000	-1.410330
2.586000	-1.410330
2.587000	-1.419360
2.588000	-1.410330
2.589000	-1.401280
2.590000	-1.428390
2.591000	-1.401280
2.592000	-1.392250
2.593000	-1.401280
2.594000	-1.392250
2.595000	-1.392250
2.596000	-1.374180
2.597000	-1.374180
2.598000	-1.365150
2.599000	-1.365150
2.600000	-1.374180
2.601000	-1.365150
2.602000	-1.374180
2.603000	-1.383230
2.604000	-1.383230
2.605000	-1.365150
2.606000	-1.374180
2.607000	-1.374180
2.608000	-1.374180
2.609000	-1.365150
2.610000	-1.374180
2.611000	-1.365150
2.612000	-1.374180
2.613000	-1.365150
2.614000	-1.383230
2.615000	-1.392250
2.616000	-1.410330
2.617000	-1.401280
2.618000	-1.410330
2.619000	-1.410330
2.620000	-1.428390
2.621000	-1.419360
2.622000	-1.437410
2.623000	-1.437410
2.624000	-1.455490
2.625000	-1.446460
2.626000	-1.464520
2.627000	-1.455490
2.628000	-1.455490
2.629000	-1.455490
2.630000	-1.473560
2.631000	-1.482590
2.632000	-1.473560
2.633000	-1.491620
2.634000	-1.482590
2.635000	-1.482590
2.636000	-1.482590
2.637000	-1.473560
2.638000	-1.473560
2.639000	-1.473560
2.640000	-1.464520
2.641000	-1.455490
2.642000	-1.437410
2.643000	-1.437410
2.644000	-1.437410
2.645000	-1.428390
2.646000	-1.428390
2.647000	-1.419360
2.648000	-1.419360
2.649000	-1.410330
2.650000	-1.419360
2.651000	-1.410330
2.652000	-1.392250
2.653000	-1.383230
2.654000	-1.374180
2.655000	-1.374180
2.656000	-1.365150
2.657000	-1.365150
2.658000	-1.365150
2.659000	-1.365150
2.660000	-1.374180
2.661000	-1.374180
2.662000	-1.374180
2.663000	-1.374180
2.664000	-1.383230
2.665000	-1.365150
2.666000	-1.356120
2.667000	-1.365150
2.668000	-1.365150
2.669000	-1.365150
2.670000	-1.374180
2.671000	-1.374180
2.672000	-1.392250
2.673000	-1.401280
2.674000	-1.410330
2.675000	-1.410330
2.676000	-1.401280
2.677000	-1.419360
2.678000	-1.410330
2.679000	-1.419360
2.680000	-1.428390
2.681000	-1.437410
2.682000	-1.419360
2.683000	-1.419360
2.684000	-1.419360
2.685000	-1.419360
2.686000	-1.419360
2.687000	-1.428390
2.688000	-1.419360
2.689000	-1.419360
2.690000	-1.428390
2.691000	-1.419360
2.692000	-1.428390
2.693000	-1.410330
2.694000	-1.419360
2.695000	-1.410330
2.696000	-1.401280
2.697000	-1.383230
2.698000	-1.374180
2.699000	-1.374180
2.700000	-1.365150
2.701000	-1.365150
2.702000	-1.365150
2.703000	-1.365150
2.704000	-1.365150
2.705000	-1.356120
2.706000	-1.374180
2.707000	-1.365150
2.708000	-1.356120
2.709000	-1.329020
2.710000	-1.338050
2.711000	-1.319990
2.712000	-1.319990
2.713000	-1.310970
2.714000	-1.319990
2.715000	-1.329020
2.716000	-1.329020
2.717000	-1.338050
2.718000	-1.329020
2.719000	-1.347100
2.720000	-1.338050
2.721000	-1.347100
2.722000	-1.329020
2.723000	-1.338050
2.724000	-1.347100
2.725000	-1.347100
2.726000	-1.347100
2.727000	-1.356120
2.728000	-1.347100
2.729000	-1.356120
2.730000	-1.365150
2.731000	-1.365150
2.732000	-1.365150
2.733000	-1.374180
2.734000	-1.383230
2.735000	-1.401280
2.736000	-1.401280
2.737000	-1.401280
2.738000	-1.410330
2.739000	-1.419360
2.740000	-1.410330
2.741000	-1.410330
2.742000	-1.401280
2.743000	-1.401280
2.744000	-1.410330
2.745000	-1.419360
2.746000	-1.410330
2.747000	-1.419360
2.748000	-1.419360
2.749000	-1.428390
2.750000	-1.419360
2.751000	-1.419360
2.752000	-1.419360
2.753000	-1.410330
2.754000	-1.410330
2.755000	-1.410330
2.756000	-1.392250
2.757000	-1.383230
2.758000	-1.392250
2.759000	-1.374180
2.760000	-1.383230
2.761000	-1.374180
2.762000	-1.383230
2.763000	-1.392250
2.764000	-1.392250
2.765000	-1.383230
2.766000	-1.374180
2.767000	-1.374180
2.768000	-1.356120
2.769000	-1.365150
2.770000	-1.365150
2.771000	-1.356120
2.772000	-1.365150
2.773000	-1.374180
2.774000	-1.383230
2.775000	-1.374180
2.776000	-1.383230
2.777000	-1.374180
2.778000	-1.383230
2.779000	-1.383230
2.780000	-1.383230
2.781000	-1.392250
2.782000	-1.392250
2.783000	-1.392250
2.784000	-1.383230
2.785000	-1.401280
2.786000	-1.401280
2.787000	-1.401280
2.788000	-1.401280
2.789000	-1.401280
2.790000	-1.401280
2.791000	-1.401280
2.792000	-1.410330
2.793000	-1.419360
2.794000	-1.410330
2.795000	-1.419360
2.796000	-1.419360
2.797000	-1.437410
2.798000	-1.419360
2.799000	-1.428390
2.800000	-1.419360
2.801000	-1.410330
2.802000	-1.401280
2.803000	-1.410330
2.804000	-1.410330
2.805000	-1.410330
2.806000	-1.401280
2.807000	-1.401280
2.808000	-1.401280
2.809000	-1.392250
2.810000	-1.401280
2.811000	-1.392250
2.812000	-1.383230
2.813000	-1.374180
2.814000	-1.365150
2.815000	-1.356120
2.816000	-1.356120
2.817000	-1.347100
2.818000	-1.365150
2.819000	-1.356120
2.820000	-1.356120
2.821000	-1.356120
2.822000	-1.356120
2.823000	-1.347100
2.824000	-1.338050
2.825000	-1.329020
2.826000	-1.329020
2.827000	-1.329020
2.828000	-1.338050
2.829000	-1.329020
2.830000	-1.329020
2.831000	-1.338050
2.832000	-1.338050
2.833000	-1.319990
2.834000	-1.329020
2.835000	-1.338050
2.836000	-1.347100
2.837000	-1.356120
2.838000	-1.356120
2.839000	-1.347100
2.840000	-1.365150
2.841000	-1.356120
2.842000	-1.365150
2.843000	-1.365150
2.844000	-1.365150
2.845000	-1.365150
2.846000	-1.374180
2.847000	-1.374180
2.848000	-1.374180
2.849000	-1.383230
2.850000	-1.365150
2.851000	-1.383230
2.852000	-1.383230
2.853000	-1.374180
2.854000	-1.383230
2.855000	-1.383230
2.856000	-1.374180
2.857000	-1.374180
2.858000	-1.365150
2.859000	-1.374180
2.860000	-1.374180
2.861000	-1.374180
2.862000	-1.374180
2.863000	-1.374180
2.864000	-1.374180
2.865000	-1.365150
2.866000	-1.356120
2.867000	-1.338050
2.868000	-1.347100
2.869000	-1.347100
2.870000	-1.347100
2.871000	-1.347100
2.872000	-1.329020
2.873000	-1.338050
2.874000	-1.347100
2.875000	-1.347100
2.876000	-1.347100
2.877000	-1.338050
2.878000	-1.338050
2.879000	-1.329020
2.880000	-1.319990
2.881000	-1.329020
2.882000	-1.329020
2.883000	-1.329020
2.884000	-1.338050
2.885000	-1.329020
2.886000	-1.338050
2.887000	-1.347100
2.888000	-1.347100
2.889000	-1.338050
2.890000	-1.347100
2.891000	-1.347100
2.892000	-1.356120
2.893000	-1.356120
2.894000	-1.365150
2.895000	-1.374180
2.896000	-1.374180
2.897000	-1.374180
2.898000	-1.374180
2.899000	-1.383230
2.900000	-1.383230
2.901000	-1.383230
2.902000	-1.392250
2.903000	-1.410330
2.904000	-1.410330
2.905000	-1.392250
2.906000	-1.401280
2.907000	-1.410330
2.908000	-1.419360
2.909000	-1.401280
2.910000	-1.401280
2.911000	-1.410330
2.912000	-1.401280
2.913000	-1.392250
2.914000	-1.401280
2.915000	-1.392250
2.916000	-1.392250
2.917000	-1.401280
2.918000	-1.383230
2.919000	-1.383230
2.920000	-1.365150
2.921000	-1.392250
2.922000	-1.374180
2.923000	-1.365150
2.924000	-1.374180
2.925000	-1.365150
2.926000	-1.365150
2.927000	-1.356120
2.928000	-1.347100
2.929000	-1.356120
2.930000	-1.347100
2.931000	-1.347100
2.932000	-1.338050
2.933000	-1.347100
2.934000	-1.338050
2.935000	-1.329020
2.936000	-1.347100
2.937000	-1.338050
2.938000	-1.347100
2.939000	-1.329020
2.940000	-1.347100
2.941000	-1.356120
2.942000	-1.347100
2.943000	-1.356120
2.944000	-1.347100
2.945000	-1.347100
2.946000	-1.356120
2.947000	-1.356120
2.948000	-1.356120
2.949000	-1.356120
2.950000	-1.365150
2.951000	-1.365150
2.952000	-1.356120
2.953000	-1.374180
2.954000	-1.365150
2.955000	-1.374180
2.956000	-1.374180
2.957000	-1.374180
2.958000	-1.383230
2.959000	-1.383230
2.960000	-1.392250
2.961000	-1.374180
2.962000	-1.383230
2.963000	-1.374180
2.964000	-1.383230
2.965000	-1.374180
2.966000	-1.374180
2.967000	-1.383230
2.968000	-1.374180
2.969000	-1.374180
2.970000	-1.374180
2.971000	-1.365150
2.972000	-1.374180
2.973000	-1.374180
2.974000	-1.365150
2.975000	-1.365150
2.976000	-1.356120
2.977000	-1.365150
2.978000	-1.356120
2.979000	-1.365150
2.980000	-1.356120
2.981000	-1.347100
2.982000	-1.347100
2.983000	-1.347100
2.984000	-1.338050
2.985000	-1.338050
2.986000	-1.338050
2.987000	-1.329020
2.988000	-1.338050
2.989000	-1.329020
2.990000	-1.338050
2.991000	-1.329020
2.992000	-1.329020
2.993000	-1.338050
2.994000	-1.338050
2.995000	-1.329020
2.996000	-1.338050
2.997000	-1.347100
2.998000	-1.329020
2.999000	-1.338050
3.000000	-1.329020
3.001000	-1.347100
3.002000	-1.329020
3.003000	-1.338050
3.004000	-1.356120
3.005000	-1.356120
3.006000	-1.356120
3.007000	-1.365150
3.008000	-1.365150
3.009000	-1.365150
3.010000	-1.365150
3.011000	-1.365150
3.012000	-1.347100
3.013000	-1.365150
3.014000	-1.374180
3.015000	-1.374180
3.016000	-1.365150
3.017000	-1.374180
3.018000	-1.383230
3.019000	-1.374180
3.020000	-1.374180
3.021000	-1.383230
3.022000	-1.383230
3.023000	-1.374180
3.024000	-1.365150
3.025000	-1.374180
3.026000	-1.365150
3.027000	-1.356120
3.028000	-1.356120
3.029000	-1.356120
3.030000	-1.365150
3.031000	-1.347100
3.032000	-1.347100
3.033000	-1.347100
3.034000	-1.329020
3.035000	-1.338050
3.036000	-1.338050
3.037000	-1.338050
3.038000	-1.338050
3.039000	-1.329020
3.040000	-1.338050
3.041000	-1.329020
3.042000	-1.319990
3.043000	-1.310970
3.044000	-1.310970
3.045000	-1.310970
3.046000	-1.301920
3.047000	-1.319990
3.048000	-1.301920
3.049000	-1.310970
3.050000	-1.310970
3.051000	-1.310970
3.052000	-1.301920
3.053000	-1.310970
3.054000	-1.319990
3.055000	-1.319990
3.056000	-1.319990
3.057000	-1.310970
3.058000	-1.319990
3.059000	-1.319990
3.060000	-1.338050
3.061000	-1.329020
3.062000	-1.329020
3.063000	-1.338050
3.064000	-1.338050
3.065000	-1.338050
3.066000	-1.338050
3.067000	-1.338050
3.068000	-1.347100
3.069000	-1.356120
3.070000	-1.347100
3.071000	-1.347100
3.072000	-1.356120
3.073000	-1.356120
3.074000	-1.356120
3.075000	-1.347100
3.076000	-1.365150
3.077000	-1.356120
3.078000	-1.356120
3.079000	-1.347100
3.080000	-1.356120
3.081000	-1.356120
3.082000	-1.347100
3.083000	-1.347100
3.084000	-1.356120
3.085000	-1.347100
3.086000	-1.347100
3.087000	-1.347100
3.088000	-1.356120
3.089000	-1.338050
3.090000	-1.329020
3.091000	-1.338050
3.092000	-1.338050
3.093000	-1.338050
3.094000	-1.329020
3.095000	-1.329020
3.096000	-1.338050
3.097000	-1.329020
3.098000	-1.329020
3.099000	-1.329020
3.100000	-1.329020
3.101000	-1.319990
3.102000	-1.319990
3.103000	-1.329020
3.104000	-1.329020
3.105000	-1.329020
3.106000	-1.329020
3.107000	-1.329020
3.108000	-1.338050
3.109000	-1.347100
3.110000	-1.329020
3.111000	-1.338050
3.112000	-1.338050
3.113000	-1.347100
3.114000	-1.347100
3.115000	-1.365150
3.116000	-1.356120
3.117000	-1.365150
3.118000	-1.356120
3.119000	-1.365150
3.120000	-1.374180
3.121000	-1.374180
3.122000	-1.374180
3.123000	-1.374180
3.124000	-1.374180
3.125000	-1.383230
3.126000	-1.392250
3.127000	-1.383230
3.128000	-1.392250
3.129000	-1.374180
3.130000	-1.383230
3.131000	-1.374180
3.132000	-1.374180
3.133000	-1.383230
3.134000	-1.374180
3.135000	-1.374180
3.136000	-1.374180
3.137000	-1.374180
3.138000	-1.383230
3.139000	-1.374180
3.140000	-1.365150
3.141000	-1.365150
3.142000	-1.365150
3.143000	-1.365150
3.144000	-1.347100
3.145000	-1.356120
3.146000	-1.356120
3.147000	-1.338050
3.148000	-1.347100
3.149000	-1.347100
3.150000	-1.356120
3.151000	-1.347100
3.152000	-1.329020
3.153000	-1.347100
3.154000	-1.329020
3.155000	-1.329020
3.156000	-1.338050
3.157000	-1.338050
3.158000	-1.338050
3.159000	-1.329020
3.160000	-1.319990
3.161000	-1.319990
3.162000	-1.329020
3.163000	-1.329020
3.164000	-1.319990
3.165000	-1.319990
3.166000	-1.329020
3.167000	-1.319990
3.168000	-1.310970
3.169000	-1.319990
3.170000	-1.310970
3.171000	-1.319990
3.172000	-1.329020
3.173000	-1.310970
3.174000	-1.329020
3.175000	-1.329020
3.176000	-1.319990
3.177000	-1.319990
3.178000	-1.329020
3.179000	-1.329020
3.180000	-1.319990
3.181000	-1.319990
3.182000	-1.329020
3.183000	-1.319990
3.184000	-1.329020
3.185000	-1.329020
3.186000	-1.329020
3.187000	-1.329020
3.188000	-1.319990
3.189000	-1.338050
3.190000	-1.338050
3.191000	-1.329020
3.192000	-1.329020
3.193000	-1.319990
3.194000	-1.310970
3.195000	-1.319990
3.196000	-1.310970
3.197000	-1.310970
3.198000	-1.310970
3.199000	-1.301920
3.200000	-1.301920
3.201000	-1.310970
3.202000	-1.301920
3.203000	-1.301920
3.204000	-1.301920
3.205000	-1.301920
3.206000	-1.310970
3.207000	-1.292890
3.208000	-1.292890
3.209000	-1.292890
3.210000	-1.301920
3.211000	-1.283860
3.212000	-1.283860
3.213000	-1.283860
3.214000	-1.301920
3.215000	-1.292890
3.216000	-1.283860
3.217000	-1.292890
3.218000	-1.292890
3.219000	-1.292890
3.220000	-1.292890
3.221000	-1.292890
3.222000	-1.301920
3.223000	-1.301920
3.224000	-1.292890
3.225000	-1.301920
3.226000	-1.310970
3.227000	-1.310970
3.228000	-1.301920
3.229000	-1.310970
3.230000	-1.310970
3.231000	-1.319990
3.232000	-1.310970
3.233000	-1.310970
3.234000	-1.310970
3.235000	-1.319990
3.236000	-1.329020
3.237000	-1.329020
3.238000	-1.329020
3.239000	-1.338050
3.240000	-1.329020
3.241000	-1.347100
3.242000	-1.338050
3.243000	-1.338050
3.244000	-1.347100
3.245000	-1.338050
3.246000	-1.347100
3.247000	-1.347100
3.248000	-1.338050
3.249000	-1.338050
3.250000	-1.347100
3.251000	-1.338050
3.252000	-1.347100
3.253000	-1.347100
3.254000	-1.347100
3.255000	-1.338050
3.256000	-1.338050
3.257000	-1.347100
3.258000	-1.338050
3.259000	-1.338050
3.260000	-1.338050
3.261000	-1.329020
3.262000	-1.329020
3.263000	-1.310970
3.264000	-1.329020
3.265000	-1.329020
3.266000	-1.319990
3.267000	-1.329020
3.268000	-1.329020
3.269000	-1.319990
3.270000	-1.319990
3.271000	-1.329020
3.272000	-1.329020
3.273000	-1.319990
3.274000	-1.310970
3.275000	-1.329020
3.276000	-1.329020
3.277000	-1.329020
3.278000	-1.329020
3.279000	-1.329020
3.280000	-1.338050
3.281000	-1.338050
3.282000	-1.319990
3.283000	-1.329020
3.284000	-1.338050
3.285000	-1.329020
3.286000	-1.329020
3.287000	-1.347100
3.288000	-1.329020
3.289000	-1.347100
3.290000	-1.347100
3.291000	-1.347100
3.292000	-1.338050
3.293000	-1.338050
3.294000	-1.347100
3.295000	-1.347100
3.296000	-1.347100
3.297000	-1.347100
3.298000	-1.338050
3.299000	-1.338050
3.300000	-1.347100
3.301000	-1.347100
3.302000	-1.347100
3.303000	-1.338050
3.304000	-1.338050
3.305000	-1.338050
3.306000	-1.338050
3.307000	-1.329020
3.308000	-1.338050
3.309000	-1.338050
3.310000	-1.329020
3.311000	-1.329020
3.312000	-1.329020
3.313000	-1.319990
3.314000	-1.319990
3.315000	-1.319990
3.316000	-1.319990
3.317000	-1.319990
3.318000	-1.319990
3.319000	-1.310970
3.320000	-1.319990
3.321000	-1.310970
3.322000	-1.319990
3.323000	-1.310970
3.324000	-1.329020
3.325000	-1.310970
3.326000	-1.310970
3.327000	-1.310970
3.328000	-1.301920
3.329000	-1.301920
3.330000	-1.310970
3.331000	-1.310970
3.332000	-1.310970
3.333000	-1.310970
3.334000	-1.310970
3.335000	-1.310970
3.336000	-1.310970
3.337000	-1.301920
3.338000	-1.310970
3.339000	-1.310970
3.340000	-1.329020
3.341000	-1.319990
3.342000	-1.319990
3.343000	-1.319990
3.344000	-1.310970
3.345000	-1.319990
3.346000	-1.310970
3.347000	-1.319990
3.348000	-1.310970
3.349000	-1.319990
3.350000	-1.310970
3.351000	-1.310970
3.352000	-1.319990
3.353000	-1.319990
3.354000	-1.310970
3.355000	-1.319990
3.356000	-1.319990
3.357000	-1.310970
3.358000	-1.310970
3.359000	-1.319990
3.360000	-1.310970
3.361000	-1.292890
3.362000	-1.329020
3.363000	-1.319990
3.364000	-1.310970
3.365000	-1.310970
3.366000	-1.301920
3.367000	-1.310970
3.368000	-1.301920
3.369000	-1.301920
3.370000	-1.301920
3.371000	-1.301920
3.372000	-1.301920
3.373000	-1.310970
3.374000	-1.301920
3.375000	-1.301920
3.376000	-1.301920
3.377000	-1.301920
3.378000	-1.292890
3.379000	-1.292890
3.380000	-1.283860
3.381000	-1.283860
3.382000	-1.292890
3.383000	-1.283860
3.384000	-1.292890
3.385000	-1.301920
3.386000	-1.301920
3.387000	-1.292890
3.388000	-1.292890
3.389000	-1.292890
3.390000	-1.292890
3.391000	-1.301920
3.392000	-1.301920
3.393000	-1.292890
3.394000	-1.292890
3.395000	-1.301920
3.396000	-1.292890
3.397000	-1.301920
3.398000	-1.301920
3.399000	-1.292890
3.400000	-1.292890
3.401000	-1.301920
3.402000	-1.301920
3.403000	-1.301920
3.404000	-1.301920
3.405000	-1.310970
3.406000	-1.310970
3.407000	-1.301920
3.408000	-1.301920
3.409000	-1.310970
3.410000	-1.310970
3.411000	-1.292890
3.412000	-1.301920
3.413000	-1.301920
3.414000	-1.310970
3.415000	-1.301920
3.416000	-1.319990
3.417000	-1.310970
3.418000	-1.319990
3.419000	-1.310970
3.420000	-1.319990
3.421000	-1.310970
3.422000	-1.310970
3.423000	-1.319990
3.424000	-1.319990
3.425000	-1.310970
3.426000	-1.329020
3.427000	-1.310970
3.428000	-1.310970
3.429000	-1.310970
3.430000	-1.319990
3.431000	-1.301920
3.432000	-1.301920
3.433000	-1.310970
3.434000	-1.310970
3.435000	-1.301920
3.436000	-1.310970
3.437000	-1.319990
3.438000	-1.310970
3.439000	-1.319990
3.440000	-1.310970
3.441000	-1.310970
3.442000	-1.319990
3.443000	-1.301920
3.444000	-1.310970
3.445000	-1.310970
3.446000	-1.310970
3.447000	-1.310970
3.448000	-1.319990
3.449000	-1.319990
3.450000	-1.329020
3.451000	-1.319990
3.452000	-1.319990
3.453000	-1.319990
3.454000	-1.319990
3.455000	-1.329020
3.456000	-1.329020
3.457000	-1.329020
3.458000	-1.329020
3.459000	-1.329020
3.460000	-1.329020
3.461000	-1.338050
3.462000	-1.347100
3.463000	-1.338050
3.464000	-1.338050
3.465000	-1.338050
3.466000	-1.338050
3.467000	-1.338050
3.468000	-1.347100
3.469000	-1.338050
3.470000	-1.338050
3.471000	-1.347100
3.472000	-1.338050
3.473000	-1.338050
3.474000	-1.347100
3.475000	-1.356120
3.476000	-1.338050
3.477000	-1.338050
3.478000	-1.338050
3.479000	-1.329020
3.480000	-1.329020
3.481000	-1.329020
3.482000	-1.329020
3.483000	-1.329020
3.484000	-1.319990
3.485000	-1.329020
3.486000	-1.329020
3.487000	-1.319990
3.488000	-1.319990
3.489000	-1.310970
3.490000	-1.329020
3.491000	-1.310970
3.492000	-1.310970
3.493000	-1.310970
3.494000	-1.310970
3.495000	-1.310970
3.496000	-1.310970
3.497000	-1.310970
3.498000	-1.301920
3.499000	-1.292890
3.500000	-1.292890
3.501000	-1.301920
3.502000	-1.301920
3.503000	-1.310970
3.504000	-1.301920
3.505000	-1.310970
3.506000	-1.292890
3.507000	-1.301920
3.508000	-1.310970
3.509000	-1.310970
3.510000	-1.301920
3.511000	-1.301920
3.512000	-1.301920
3.513000	-1.301920
3.514000	-1.292890
3.515000	-1.292890
3.516000	-1.301920
3.517000	-1.301920
3.518000	-1.292890
3.519000	-1.292890
3.520000	-1.301920
3.521000	-1.301920
3.522000	-1.292890
3.523000	-1.301920
3.524000	-1.283860
3.525000	-1.283860
3.526000	-1.292890
3.527000	-1.301920
3.528000	-1.292890
3.529000	-1.301920
3.530000	-1.301920
3.531000	-1.292890
3.532000	-1.292890
3.533000	-1.292890
3.534000	-1.283860
3.535000	-1.283860
3.536000	-1.283860
3.537000	-1.292890
3.538000	-1.292890
3.539000	-1.283860
3.540000	-1.283860
3.541000	-1.274820
3.542000	-1.274820
3.543000	-1.283860
3.544000	-1.283860
3.545000	-1.283860
3.546000	-1.283860
3.547000	-1.274820
3.548000	-1.274820
3.549000	-1.265790
3.550000	-1.274820
3.551000	-1.274820
3.552000	-1.274820
3.553000	-1.283860
3.554000	-1.274820
3.555000	-1.274820
3.556000	-1.274820
3.557000	-1.274820
3.558000	-1.292890
3.559000	-1.274820
3.560000	-1.274820
3.561000	-1.274820
3.562000	-1.274820
3.563000	-1.274820
3.564000	-1.283860
3.565000	-1.274820
3.566000	-1.292890
3.567000	-1.292890
3.568000	-1.283860
3.569000	-1.283860
3.570000	-1.292890
3.571000	-1.292890
3.572000	-1.301920
3.573000	-1.301920
3.574000	-1.310970
3.575000	-1.310970
3.576000	-1.292890
3.577000	-1.301920
3.578000	-1.310970
3.579000	-1.301920
3.580000	-1.301920
3.581000	-1.310970
3.582000	-1.310970
3.583000	-1.310970
3.584000	-1.310970
3.585000	-1.310970
3.586000	-1.329020
3.587000	-1.310970
3.588000	-1.310970
3.589000	-1.319990
3.590000	-1.310970
3.591000	-1.310970
3.592000	-1.310970
3.593000	-1.329020
3.594000	-1.301920
3.595000	-1.319990
3.596000	-1.310970
3.597000	-1.310970
3.598000	-1.310970
3.599000	-1.319990
3.600000	-1.319990
3.601000	-1.319990
3.602000	-1.301920
3.603000	-1.310970
3.604000	-1.310970
3.605000	-1.301920
3.606000	-1.310970
3.607000	-1.301920
3.608000	-1.310970
3.609000	-1.319990
3.610000	-1.329020
3.611000	-1.310970
3.612000	-1.319990
3.613000	-1.310970
3.614000	-1.310970
3.615000	-1.310970
3.616000	-1.310970
3.617000	-1.301920
3.618000	-1.319990
3.619000	-1.319990
3.620000	-1.310970
3.621000	-1.319990
3.622000	-1.319990
3.623000	-1.329020
3.624000	-1.329020
3.625000	-1.319990
3.626000	-1.329020
3.627000	-1.329020
3.628000	-1.319990
3.629000	-1.329020
3.630000	-1.329020
3.631000	-1.319990
3.632000	-1.319990
3.633000	-1.329020
3.634000	-1.319990
3.635000	-1.329020
3.636000	-1.329020
3.637000	-1.329020
3.638000	-1.319990
3.639000	-1.329020
3.640000	-1.329020
3.641000	-1.319990
3.642000	-1.329020
3.643000	-1.329020
3.644000	-1.310970
3.645000	-1.319990
3.646000	-1.329020
3.647000	-1.319990
3.648000	-1.310970
3.649000	-1.310970
3.650000	-1.310970
3.651000	-1.319990
3.652000	-1.319990
3.653000	-1.301920
3.654000	-1.301920
3.655000	-1.319990
3.656000	-1.301920
3.657000	-1.301920
3.658000	-1.301920
3.659000	-1.301920
3.660000	-1.292890
3.661000	-1.292890
3.662000	-1.292890
3.663000	-1.292890
3.664000	-1.292890
3.665000	-1.292890
3.666000	-1.292890
3.667000	-1.292890
3.668000	-1.292890
3.669000	-1.292890
3.670000	-1.283860
3.671000	-1.292890
3.672000	-1.283860
3.673000	-1.292890
3.674000	-1.292890
3.675000	-1.274820
3.676000	-1.283860
3.677000	-1.283860
3.678000	-1.292890
3.679000	-1.283860
3.680000	-1.292890
3.681000	-1.283860
3.682000	-1.301920
3.683000	-1.292890
3.684000	-1.301920
3.685000	-1.292890
3.686000	-1.292890
3.687000	-1.301920
3.688000	-1.301920
3.689000	-1.292890
3.690000	-1.301920
3.691000	-1.310970
3.692000	-1.310970
3.693000	-1.301920
3.694000	-1.301920
3.695000	-1.283860
3.696000	-1.301920
3.697000	-1.283860
3.698000	-1.301920
3.699000	-1.283860
3.700000	-1.292890
3.701000	-1.292890
3.702000	-1.292890
3.703000	-1.292890
3.704000	-1.292890
3.705000	-1.274820
3.706000	-1.283860
3.707000	-1.283860
3.708000	-1.283860
3.709000	-1.283860
3.710000	-1.283860
3.711000	-1.283860
3.712000	-1.274820
3.713000	-1.274820
3.714000	-1.274820
3.715000	-1.274820
3.716000	-1.274820
3.717000	-1.274820
3.718000	-1.274820
3.719000	-1.274820
3.720000	-1.265790
3.721000	-1.265790
3.722000	-1.274820
3.723000	-1.274820
3.724000	-1.274820
3.725000	-1.283860
3.726000	-1.274820
3.727000	-1.274820
3.728000	-1.274820
3.729000	-1.274820
3.730000	-1.283860
3.731000	-1.274820
3.732000	-1.283860
3.733000	-1.274820
3.734000	-1.283860
3.735000	-1.283860
3.736000	-1.292890
3.737000	-1.310970
3.738000	-1.301920
3.739000	-1.283860
3.740000	-1.301920
3.741000	-1.292890
3.742000	-1.292890
3.743000	-1.292890
3.744000	-1.301920
3.745000	-1.292890
3.746000	-1.301920
3.747000	-1.292890
3.748000	-1.301920
3.749000	-1.310970
3.750000	-1.301920
3.751000	-1.301920
3.752000	-1.301920
3.753000	-1.292890
3.754000	-1.301920
3.755000	-1.301920
3.756000	-1.301920
3.757000	-1.310970
3.758000	-1.301920
3.759000	-1.301920
3.760000	-1.301920
3.761000	-1.292890
3.762000	-1.283860
3.763000	-1.292890
3.764000	-1.292890
3.765000	-1.283860
3.766000	-1.283860
3.767000	-1.283860
3.768000	-1.292890
3.769000	-1.283860
3.770000	-1.292890
3.771000	-1.292890
3.772000	-1.292890
3.773000	-1.283860
3.774000	-1.292890
3.775000	-1.283860
3.776000	-1.292890
3.777000	-1.292890
3.778000	-1.292890
3.779000	-1.292890
3.780000	-1.292890
3.781000	-1.292890
3.782000	-1.301920
3.783000	-1.292890
3.784000	-1.292890
3.785000	-1.301920
3.786000	-1.301920
3.787000	-1.310970
3.788000	-1.301920
3.789000	-1.310970
3.790000	-1.310970
3.791000	-1.310970
3.792000	-1.310970
3.793000	-1.310970
3.794000	-1.310970
3.795000	-1.310970
3.796000	-1.319990
3.797000	-1.310970
3.798000	-1.310970
3.799000	-1.329020
3.800000	-1.329020
3.801000	-1.319990
3.802000	-1.319990
3.803000	-1.329020
3.804000	-1.319990
3.805000	-1.329020
3.806000	-1.329020
3.807000	-1.329020
3.808000	-1.319990
3.809000	-1.329020
3.810000	-1.338050
3.811000	-1.319990
3.812000	-1.319990
3.813000	-1.319990
3.814000	-1.310970
3.815000	-1.319990
3.816000	-1.319990
3.817000	-1.319990
3.818000	-1.319990
3.819000	-1.310970
3.820000	-1.319990
3.821000	-1.301920
3.822000	-1.301920
3.823000	-1.310970
3.824000	-1.310970
3.825000	-1.310970
3.826000	-1.310970
3.827000	-1.301920
3.828000	-1.292890
3.829000	-1.292890
3.830000	-1.301920
3.831000	-1.301920
3.832000	-1.283860
3.833000	-1.301920
3.834000	-1.301920
3.835000	-1.301920
3.836000	-1.283860
3.837000	-1.301920
3.838000	-1.292890
3.839000	-1.292890
3.840000	-1.292890
3.841000	-1.292890
3.842000	-1.301920
3.843000	-1.292890
3.844000	-1.292890
3.845000	-1.292890
3.846000	-1.292890
3.847000	-1.310970
3.848000	-1.301920
3.849000	-1.292890
3.850000	-1.301920
3.851000	-1.310970
3.852000	-1.310970
3.853000	-1.301920
3.854000	-1.310970
3.855000	-1.301920
3.856000	-1.301920
3.857000	-1.310970
3.858000	-1.310970
3.859000	-1.310970
3.860000	-1.319990
3.861000	-1.301920
3.862000	-1.301920
3.863000	-1.301920
3.864000	-1.292890
3.865000	-1.301920
3.866000	-1.292890
3.867000	-1.292890
3.868000	-1.283860
3.869000	-1.301920
3.870000	-1.283860
3.871000	-1.283860
3.872000	-1.292890
3.873000	-1.292890
3.874000	-1.274820
3.875000	-1.274820
3.876000	-1.274820
3.877000	-1.274820
3.878000	-1.274820
3.879000	-1.265790
3.880000	-1.265790
3.881000	-1.274820
3.882000	-1.274820
3.883000	-1.256760
3.884000	-1.265790
3.885000	-1.265790
3.886000	-1.274820
3.887000	-1.265790
3.888000	-1.265790
3.889000	-1.274820
3.890000	-1.256760
3.891000	-1.274820
3.892000	-1.265790
3.893000	-1.274820
3.894000	-1.265790
3.895000	-1.274820
3.896000	-1.283860
3.897000	-1.283860
3.898000	-1.274820
3.899000	-1.274820
3.900000	-1.283860
3.901000	-1.292890
3.902000	-1.274820
3.903000	-1.283860
3.904000	-1.283860
3.905000	-1.283860
3.906000	-1.283860
3.907000	-1.301920
3.908000	-1.292890
3.909000	-1.292890
3.910000	-1.292890
3.911000	-1.292890
3.912000	-1.301920
3.913000	-1.292890
3.914000	-1.301920
3.915000	-1.301920
3.916000	-1.292890
3.917000	-1.301920
3.918000	-1.301920
3.919000	-1.301920
3.920000	-1.301920
3.921000	-1.301920
3.922000	-1.301920
3.923000	-1.292890
3.924000	-1.301920
3.925000	-1.292890
3.926000	-1.301920
3.927000	-1.292890
3.928000	-1.292890
3.929000	-1.292890
3.930000	-1.292890
3.931000	-1.292890
3.932000	-1.283860
3.933000	-1.283860
3.934000	-1.283860
3.935000	-1.283860
3.936000	-1.292890
3.937000	-1.292890
3.938000	-1.283860
3.939000	-1.292890
3.940000	-1.292890
3.941000	-1.292890
3.942000	-1.292890
3.943000	-1.292890
3.944000	-1.292890
3.945000	-1.292890
3.946000	-1.292890
3.947000	-1.292890
3.948000	-1.292890
3.949000	-1.283860
3.950000	-1.301920
3.951000	-1.310970
3.952000	-1.301920
3.953000	-1.301920
3.954000	-1.310970
3.955000	-1.301920
3.956000	-1.310970
3.957000	-1.310970
3.958000	-1.329020
3.959000	-1.310970
3.960000	-1.310970
3.961000	-1.329020
3.962000	-1.319990
3.963000	-1.319990
3.964000	-1.310970
3.965000	-1.319990
3.966000	-1.319990
3.967000	-1.310970
3.968000	-1.329020
3.969000	-1.329020
3.970000	-1.329020
3.971000	-1.338050
3.972000	-1.329020
3.973000	-1.319990
3.974000	-1.338050
3.975000	-1.329020
3.976000	-1.329020
3.977000	-1.319990
3.978000	-1.329020
3.979000	-1.319990
3.980000	-1.329020
3.981000	-1.319990
3.982000	-1.319990
3.983000	-1.310970
3.984000	-1.301920
3.985000	-1.292890
3.986000	-1.292890
3.987000	-1.301920
3.988000	-1.310970
3.989000	-1.310970
3.990000	-1.310970
3.991000	-1.310970
3.992000	-1.292890
3.993000	-1.292890
3.994000	-1.292890
3.995000	-1.301920
3.996000	-1.292890
3.997000	-1.292890
3.998000	-1.292890
3.999000	-1.292890
4.000000	-1.301920
4.001000	-1.301920
4.002000	-1.301920
4.003000	-1.301920
4.004000	-1.301920
4.005000	-1.292890
4.006000	-1.292890
4.007000	-1.292890
4.008000	-1.301920
4.009000	-1.301920
4.010000	-1.310970
4.011000	-1.292890
4.012000	-1.310970
4.013000	-1.310970
4.014000	-1.310970
4.015000	-1.301920
4.016000	-1.310970
4.017000	-1.301920
4.018000	-1.310970
4.019000	-1.310970
4.020000	-1.310970
4.021000	-1.301920
4.022000	-1.310970
4.023000	-1.310970
4.024000	-1.319990
4.025000	-1.319990
4.026000	-1.310970
4.027000	-1.310970
4.028000	-1.310970
4.029000	-1.301920
4.030000	-1.301920
4.031000	-1.292890
4.032000	-1.301920
4.033000	-1.292890
4.034000	-1.301920
4.035000	-1.301920
4.036000	-1.301920
4.037000	-1.301920
4.038000	-1.292890
4.039000	-1.283860
4.040000	-1.292890
4.041000	-1.283860
4.042000	-1.301920
4.043000	-1.292890
4.044000	-1.283860
4.045000	-1.274820
4.046000	-1.283860
4.047000	-1.274820
4.048000	-1.283860
4.049000	-1.283860
4.050000	-1.292890
4.051000	-1.274820
4.052000	-1.283860
4.053000	-1.283860
4.054000	-1.283860
4.055000	-1.274820
4.056000	-1.283860
4.057000	-1.274820
4.058000	-1.283860
4.059000	-1.274820
4.060000	-1.283860
4.061000	-1.283860
4.062000	-1.274820
4.063000	-1.274820
4.064000	-1.283860
4.065000	-1.283860
4.066000	-1.292890
4.067000	-1.292890
4.068000	-1.292890
4.069000	-1.292890
4.070000	-1.292890
4.071000	-1.292890
4.072000	-1.301920
4.073000	-1.292890
4.074000	-1.292890
4.075000	-1.301920
4.076000	-1.301920
4.077000	-1.292890
4.078000	-1.310970
4.079000	-1.292890
4.080000	-1.301920
4.081000	-1.301920
4.082000	-1.310970
4.083000	-1.292890
4.084000	-1.292890
4.085000	-1.319990
4.086000	-1.301920
4.087000	-1.292890
4.088000	-1.292890
4.089000	-1.301920
4.090000	-1.301920
4.091000	-1.301920
4.092000	-1.310970
4.093000	-1.292890
4.094000	-1.301920
4.095000	-1.301920
4.096000	-1.283860
4.097000	-1.292890
4.098000	-1.292890
4.099000	-1.283860
4.100000	-1.301920
4.101000	-1.283860
4.102000	-1.283860
4.103000	-1.283860
4.104000	-1.301920
4.105000	-1.292890
4.106000	-1.292890
4.107000	-1.292890
4.108000	-1.301920
4.109000	-1.283860
4.110000	-1.292890
4.111000	-1.292890
4.112000	-1.301920
4.113000	-1.292890
4.114000	-1.292890
4.115000	-1.292890
4.116000	-1.301920
4.117000	-1.292890
4.118000	-1.301920
4.119000	-1.310970
4.120000	-1.301920
4.121000	-1.301920
4.122000	-1.301920
4.123000	-1.310970
4.124000	-1.310970
4.125000	-1.310970
4.126000	-1.319990
4.127000	-1.310970
4.128000	-1.319990
4.129000	-1.329020
4.130000	-1.329020
4.131000	-1.329020
4.132000	-1.319990
4.133000	-1.329020
4.134000	-1.329020
4.135000	-1.319990
4.136000	-1.329020
4.137000	-1.338050
4.138000	-1.329020
4.139000	-1.329020
4.140000	-1.338050
4.141000	-1.319990
4.142000	-1.310970
4.143000	-1.329020
4.144000	-1.329020
4.145000	-1.319990
4.146000	-1.310970
4.147000	-1.310970
4.148000	-1.301920
4.149000	-1.319990
4.150000	-1.310970
4.151000	-1.310970
4.152000	-1.301920
4.153000	-1.292890
4.154000	-1.310970
4.155000	-1.310970
4.156000	-1.292890
4.157000	-1.301920
4.158000	-1.310970
4.159000	-1.301920
4.160000	-1.301920
4.161000	-1.292890
4.162000	-1.301920
4.163000	-1.310970
4.164000	-1.292890
4.165000	-1.292890
4.166000	-1.292890
4.167000	-1.292890
4.168000	-1.301920
4.169000	-1.301920
4.170000	-1.301920
4.171000	-1.301920
4.172000	-1.310970
4.173000	-1.301920
4.174000	-1.301920
4.175000	-1.292890
4.176000	-1.310970
4.177000	-1.301920
4.178000	-1.301920
4.179000	-1.301920
4.180000	-1.292890
4.181000	-1.310970
4.182000	-1.301920
4.183000	-1.310970
4.184000	-1.301920
4.185000	-1.310970
4.186000	-1.310970
4.187000	-1.319990
4.188000	-1.310970
4.189000	-1.310970
4.190000	-1.310970
4.191000	-1.301920
4.192000	-1.310970
4.193000	-1.301920
4.194000	-1.301920
4.195000	-1.301920
4.196000	-1.310970
4.197000	-1.310970
4.198000	-1.301920
4.199000	-1.310970
4.200000	-1.310970
4.201000	-1.301920
4.202000	-1.301920
4.203000	-1.292890
4.204000	-1.301920
4.205000	-1.310970
4.206000	-1.301920
4.207000	-1.292890
4.208000	-1.301920
4.209000	-1.301920
4.210000	-1.292890
4.211000	-1.292890
4.212000	-1.292890
4.213000	-1.283860
4.214000	-1.283860
4.215000	-1.283860
4.216000	-1.292890
4.217000	-1.283860
4.218000	-1.283860
4.219000	-1.283860
4.220000	-1.292890
4.221000	-1.292890
4.222000	-1.292890
4.223000	-1.292890
4.224000	-1.292890
4.225000	-1.301920
4.226000	-1.283860
4.227000	-1.292890
4.228000	-1.301920
4.229000	-1.310970
4.230000	-1.310970
4.231000	-1.292890
4.232000	-1.292890
4.233000	-1.301920
4.234000	-1.310970
4.235000	-1.310970
4.236000	-1.301920
4.237000	-1.310970
4.238000	-1.301920
4.239000	-1.319990
4.240000	-1.301920
4.241000	-1.310970
4.242000	-1.310970
4.243000	-1.301920
4.244000	-1.301920
4.245000	-1.301920
4.246000	-1.310970
4.247000	-1.319990
4.248000	-1.319990
4.249000	-1.310970
4.250000	-1.310970
4.251000	-1.310970
4.252000	-1.301920
4.253000	-1.301920
4.254000	-1.301920
4.255000	-1.301920
4.256000	-1.310970
4.257000	-1.292890
4.258000	-1.310970
4.259000	-1.329020
4.260000	-1.301920
4.261000	-1.301920
4.262000	-1.301920
4.263000	-1.292890
4.264000	-1.310970
4.265000	-1.301920
4.266000	-1.283860
4.267000	-1.292890
4.268000	-1.301920
4.269000	-1.310970
4.270000	-1.301920
4.271000	-1.301920
4.272000	-1.301920
4.273000	-1.301920
4.274000	-1.292890
4.275000	-1.301920
4.276000	-1.292890
4.277000	-1.301920
4.278000	-1.301920
4.279000	-1.292890
4.280000	-1.301920
4.281000	-1.301920
4.282000	-1.301920
4.283000	-1.310970
4.284000	-1.301920
4.285000	-1.301920
4.286000	-1.301920
4.287000	-1.310970
4.288000	-1.292890
4.289000	-1.310970
4.290000	-1.310970
4.291000	-1.319990
4.292000	-1.310970
4.293000	-1.310970
4.294000	-1.329020
4.295000	-1.329020
4.296000	-1.329020
4.297000	-1.319990
4.298000	-1.329020
4.299000	-1.310970
4.300000	-1.310970
4.301000	-1.319990
4.302000	-1.329020
4.303000	-1.319990
4.304000	-1.329020
4.305000	-1.310970
4.306000	-1.329020
4.307000	-1.329020
4.308000	-1.329020
4.309000	-1.310970
4.310000	-1.310970
4.311000	-1.310970
4.312000	-1.319990
4.313000	-1.319990
4.314000	-1.310970
4.315000	-1.301920
4.316000	-1.310970
4.317000	-1.310970
4.318000	-1.310970
4.319000	-1.310970
4.320000	-1.310970
4.321000	-1.310970
4.322000	-1.301920
4.323000	-1.301920
4.324000	-1.310970
4.325000	-1.301920
4.326000	-1.301920
4.327000	-1.310970
4.328000	-1.301920
4.329000	-1.301920
4.330000	-1.310970
4.331000	-1.301920
4.332000	-1.310970
4.333000	-1.301920
4.334000	-1.319990
4.335000	-1.310970
4.336000	-1.310970
4.337000	-1.319990
4.338000	-1.329020
4.339000	-1.329020
4.340000	-1.310970
4.341000	-1.329020
4.342000	-1.319990
4.343000	-1.338050
4.344000	-1.319990
4.345000	-1.310970
4.346000	-1.329020
4.347000	-1.329020
4.348000	-1.329020
4.349000	-1.319990
4.350000	-1.329020
4.351000	-1.329020
4.352000	-1.329020
4.353000	-1.338050
4.354000	-1.329020
4.355000	-1.310970
4.356000	-1.319990
4.357000	-1.329020
4.358000	-1.319990
4.359000	-1.329020
4.360000	-1.329020
4.361000	-1.329020
4.362000	-1.319990
4.363000	-1.319990
4.364000	-1.310970
4.365000	-1.319990
4.366000	-1.319990
4.367000	-1.319990
4.368000	-1.319990
4.369000	-1.319990
4.370000	-1.319990
4.371000	-1.319990
4.372000	-1.329020
4.373000	-1.310970
4.374000	-1.319990
4.375000	-1.301920
4.376000	-1.319990
4.377000	-1.310970
4.378000	-1.310970
4.379000	-1.310970
4.380000	-1.310970
4.381000	-1.310970
4.382000	-1.301920
4.383000	-1.301920
4.384000	-1.301920
4.385000	-1.310970
4.386000	-1.310970
4.387000	-1.301920
4.388000	-1.301920
4.389000	-1.310970
4.390000	-1.338050
4.391000	-1.338050
4.392000	-1.319990
4.393000	-1.310970
4.394000	-1.301920
4.395000	-1.301920
4.396000	-1.301920
4.397000	-1.319990
4.398000	-1.301920
4.399000	-1.319990
4.400000	-1.319990
4.401000	-1.319990
4.402000	-1.319990
4.403000	-1.319990
4.404000	-1.319990
4.405000	-1.319990
4.406000	-1.310970
4.407000	-1.319990
4.408000	-1.329020
4.409000	-1.338050
4.410000	-1.338050
4.411000	-1.329020
4.412000	-1.329020
4.413000	-1.338050
4.414000	-1.338050
4.415000	-1.329020
4.416000	-1.319990
4.417000	-1.329020
4.418000	-1.319990
4.419000	-1.319990
4.420000	-1.329020
4.421000	-1.338050
4.422000	-1.338050
4.423000	-1.338050
4.424000	-1.310970
4.425000	-1.319990
4.426000	-1.319990
4.427000	-1.319990
4.428000	-1.310970
4.429000	-1.310970
4.430000	-1.310970
4.431000	-1.319990
4.432000	-1.310970
4.433000	-1.319990
4.434000	-1.310970
4.435000	-1.310970
4.436000	-1.319990
4.437000	-1.310970
4.438000	-1.301920
4.439000	-1.319990
4.440000	-1.310970
4.441000	-1.310970
4.442000	-1.301920
4.443000	-1.310970
4.444000	-1.329020
4.445000	-1.329020
4.446000	-1.329020
4.447000	-1.329020
4.448000	-1.319990
4.449000	-1.329020
4.450000	-1.329020
4.451000	-1.329020
4.452000	-1.329020
4.453000	-1.338050
4.454000	-1.329020
4.455000	-1.338050
4.456000	-1.338050
4.457000	-1.347100
4.458000	-1.347100
4.459000	-1.338050
4.460000	-1.338050
4.461000	-1.347100
4.462000	-1.338050
4.463000	-1.338050
4.464000	-1.329020
4.465000	-1.347100
4.466000	-1.329020
4.467000	-1.338050
4.468000	-1.338050
4.469000	-1.338050
4.470000	-1.338050
4.471000	-1.338050
4.472000	-1.329020
4.473000	-1.329020
4.474000	-1.329020
4.475000	-1.329020
4.476000	-1.329020
4.477000	-1.338050
4.478000	-1.329020
4.479000	-1.329020
4.480000	-1.329020
4.481000	-1.338050
4.482000	-1.329020
4.483000	-1.329020
4.484000	-1.329020
4.485000	-1.329020
4.486000	-1.329020
4.487000	-1.338050
4.488000	-1.329020
4.489000	-1.329020
4.490000	-1.338050
4.491000	-1.329020
4.492000	-1.329020
4.493000	-1.319990
4.494000	-1.329020
4.495000	-1.329020
4.496000	-1.329020
4.497000	-1.329020
4.498000	-1.310970
4.499000	-1.329020
4.500000	-1.329020
4.501000	-1.338050
4.502000	-1.329020
4.503000	-1.319990
4.504000	-1.329020
4.505000	-1.329020
4.506000	-1.329020
4.507000	-1.319990
4.508000	-1.329020
4.509000	-1.329020
4.510000	-1.338050
4.511000	-1.329020
4.512000	-1.329020
4.513000	-1.338050
4.514000	-1.329020
4.515000	-1.338050
4.516000	-1.338050
4.517000	-1.338050
4.518000	-1.329020
4.519000	-1.338050
4.520000	-1.347100
4.521000	-1.329020
4.522000	-1.338050
4.523000	-1.338050
4.524000	-1.338050
4.525000	-1.338050
4.526000	-1.338050
4.527000	-1.338050
4.528000	-1.338050
4.529000	-1.329020
4.530000	-1.329020
4.531000	-1.329020
4.532000	-1.329020
4.533000	-1.319990
4.534000	-1.329020
4.535000	-1.329020
4.536000	-1.329020
4.537000	-1.319990
4.538000	-1.319990
4.539000	-1.310970
4.540000	-1.319990
4.541000	-1.329020
4.542000	-1.310970
4.543000	-1.310970
4.544000	-1.310970
4.545000	-1.310970
4.546000	-1.319990
4.547000	-1.310970
4.548000	-1.301920
4.549000	-1.310970
4.550000	-1.329020
4.551000	-1.329020
4.552000	-1.310970
4.553000	-1.329020
4.554000	-1.329020
4.555000	-1.319990
4.556000	-1.329020
4.557000	-1.319990
4.558000	-1.319990
4.559000	-1.329020
4.560000	-1.329020
4.561000	-1.329020
4.562000	-1.329020
4.563000	-1.329020
4.564000	-1.329020
4.565000	-1.338050
4.566000	-1.338050
4.567000	-1.329020
4.568000	-1.329020
4.569000	-1.338050
4.570000	-1.338050
4.571000	-1.329020
4.572000	-1.338050
4.573000	-1.347100
4.574000	-1.338050
4.575000	-1.347100
4.576000	-1.338050
4.577000	-1.338050
4.578000	-1.338050
4.579000	-1.329020
4.580000	-1.329020
4.581000	-1.338050
4.582000	-1.338050
4.583000	-1.329020
4.584000	-1.329020
4.585000	-1.329020
4.586000	-1.329020
4.587000	-1.310970
4.588000	-1.329020
4.589000	-1.338050
4.590000	-1.329020
4.591000	-1.338050
4.592000	-1.329020
4.593000	-1.329020
4.594000	-1.319990
4.595000	-1.329020
4.596000	-1.319990
4.597000	-1.329020
4.598000	-1.319990
4.599000	-1.329020
4.600000	-1.329020
4.601000	-1.319990
4.602000	-1.329020
4.603000	-1.319990
4.604000	-1.329020
4.605000	-1.329020
4.606000	-1.338050
4.607000	-1.329020
4.608000	-1.329020
4.609000	-1.329020
4.610000	-1.329020
4.611000	-1.329020
4.612000	-1.319990
4.613000	-1.338050
4.614000	-1.338050
4.615000	-1.338050
4.616000	-1.338050
4.617000	-1.329020
4.618000	-1.319990
4.619000	-1.338050
4.620000	-1.338050
4.621000	-1.338050
4.622000	-1.329020
4.623000	-1.338050
4.624000	-1.329020
4.625000	-1.338050
4.626000	-1.347100
4.627000	-1.338050
4.628000	-1.329020
4.629000	-1.329020
4.630000	-1.338050
4.631000	-1.338050
4.632000	-1.329020
4.633000	-1.338050
4.634000	-1.338050
4.635000	-1.338050
4.636000	-1.329020
4.637000	-1.329020
4.638000	-1.338050
4.639000	-1.338050
4.640000	-1.338050
4.641000	-1.338050
4.642000	-1.338050
4.643000	-1.329020
4.644000	-1.329020
4.645000	-1.319990
4.646000	-1.329020
4.647000	-1.329020
4.648000	-1.319990
4.649000	-1.329020
4.650000	-1.319990
4.651000	-1.338050
4.652000	-1.329020
4.653000	-1.329020
4.654000	-1.329020
4.655000	-1.319990
4.656000	-1.319990
4.657000	-1.338050
4.658000	-1.338050
4.659000	-1.329020
4.660000	-1.329020
4.661000	-1.329020
4.662000	-1.310970
4.663000	-1.329020
4.664000	-1.329020
4.665000	-1.319990
4.666000	-1.310970
4.667000	-1.310970
4.668000	-1.319990
4.669000	-1.338050
4.670000	-1.338050
4.671000	-1.329020
4.672000	-1.338050
4.673000	-1.329020
4.674000	-1.329020
4.675000	-1.329020
4.676000	-1.338050
4.677000	-1.338050
4.678000	-1.338050
4.679000	-1.329020
4.680000	-1.329020
4.681000	-1.338050
4.682000	-1.329020
4.683000	-1.329020
4.684000	-1.338050
4.685000	-1.329020
4.686000	-1.338050
4.687000	-1.338050
4.688000	-1.329020
4.689000	-1.338050
4.690000	-1.329020
4.691000	-1.338050
4.692000	-1.329020
4.693000	-1.329020
4.694000	-1.338050
4.695000	-1.329020
4.696000	-1.329020
4.697000	-1.338050
4.698000	-1.329020
4.699000	-1.319990
4.700000	-1.329020
4.701000	-1.338050
4.702000	-1.338050
4.703000	-1.329020
4.704000	-1.338050
4.705000	-1.329020
4.706000	-1.319990
4.707000	-1.329020
4.708000	-1.338050
4.709000	-1.329020
4.710000	-1.329020
4.711000	-1.319990
4.712000	-1.319990
4.713000	-1.329020
4.714000	-1.329020
4.715000	-1.329020
4.716000	-1.319990
4.717000	-1.319990
4.718000	-1.329020
4.719000	-1.329020
4.720000	-1.329020
4.721000	-1.319990
4.722000	-1.329020
4.723000	-1.329020
4.724000	-1.329020
4.725000	-1.329020
4.726000	-1.329020
4.727000	-1.338050
4.728000	-1.329020
4.729000	-1.329020
4.730000	-1.338050
4.731000	-1.338050
4.732000	-1.329020
4.733000	-1.329020
4.734000	-1.338050
4.735000	-1.338050
4.736000	-1.347100
4.737000	-1.347100
4.738000	-1.329020
4.739000	-1.338050
4.740000	-1.338050
4.741000	-1.347100
4.742000	-1.338050
4.743000	-1.338050
4.744000	-1.338050
4.745000	-1.338050
4.746000	-1.338050
4.747000	-1.338050
4.748000	-1.338050
4.749000	-1.338050
4.750000	-1.338050
4.751000	-1.338050
4.752000	-1.319990
4.753000	-1.338050
4.754000	-1.329020
4.755000	-1.329020
4.756000	-1.338050
4.757000	-1.338050
4.758000	-1.338050
4.759000	-1.329020
4.760000	-1.329020
4.761000	-1.338050
4.762000	-1.338050
4.763000	-1.338050
4.764000	-1.329020
4.765000	-1.329020
4.766000	-1.338050
4.767000	-1.329020
4.768000	-1.329020
4.769000	-1.329020
4.770000	-1.338050
4.771000	-1.329020
4.772000	-1.338050
4.773000	-1.338050
4.774000	-1.329020
4.775000	-1.347100
4.776000	-1.329020
4.777000	-1.338050
4.778000	-1.338050
4.779000	-1.329020
4.780000	-1.319990
4.781000	-1.338050
4.782000	-1.338050
4.783000	-1.319990
4.784000	-1.329020
4.785000	-1.319990
4.786000	-1.338050
4.787000	-1.329020
4.788000	-1.338050
4.789000	-1.347100
4.790000	-1.347100
4.791000	-1.338050
4.792000	-1.338050
4.793000	-1.338050
4.794000	-1.338050
4.795000	-1.338050
4.796000	-1.338050
4.797000	-1.329020
4.798000	-1.338050
4.799000	-1.338050
4.800000	-1.329020
4.801000	-1.338050
4.802000	-1.329020
4.803000	-1.329020
4.804000	-1.338050
4.805000	-1.338050
4.806000	-1.329020
4.807000	-1.347100
4.808000	-1.338050
4.809000	-1.329020
4.810000	-1.329020
4.811000	-1.329020
4.812000	-1.329020
4.813000	-1.329020
4.814000	-1.329020
4.815000	-1.329020
4.816000	-1.329020
4.817000	-1.338050
4.818000	-1.310970
4.819000	-1.329020
4.820000	-1.329020
4.821000	-1.319990
4.822000	-1.310970
4.823000	-1.329020
4.824000	-1.329020
4.825000	-1.329020
4.826000	-1.329020
4.827000	-1.329020
4.828000	-1.329020
4.829000	-1.329020
4.830000	-1.329020
4.831000	-1.319990
4.832000	-1.319990
4.833000	-1.319990
4.834000	-1.329020
4.835000	-1.329020
4.836000	-1.319990
4.837000	-1.329020
4.838000	-1.338050
4.839000	-1.338050
4.840000	-1.329020
4.841000	-1.329020
4.842000	-1.329020
4.843000	-1.329020
4.844000	-1.338050
4.845000	-1.329020
4.846000	-1.329020
4.847000	-1.338050
4.848000	-1.338050
4.849000	-1.319990
4.850000	-1.338050
4.851000	-1.338050
4.852000	-1.329020
4.853000	-1.338050
4.854000	-1.319990
4.855000	-1.329020
4.856000	-1.329020
4.857000	-1.338050
4.858000	-1.347100
4.859000	-1.319990
4.860000	-1.338050
4.861000	-1.338050
4.862000	-1.329020
4.863000	-1.329020
4.864000	-1.329020
4.865000	-1.319990
4.866000	-1.329020
4.867000	-1.329020
4.868000	-1.329020
4.869000	-1.319990
4.870000	-1.329020
4.871000	-1.310970
4.872000	-1.319990
4.873000	-1.329020
4.874000	-1.329020
4.875000	-1.319990
4.876000	-1.329020
4.877000	-1.319990
4.878000	-1.329020
4.879000	-1.329020
4.880000	-1.329020
4.881000	-1.329020
4.882000	-1.329020
4.883000	-1.329020
4.884000	-1.338050
4.885000	-1.329020
4.886000	-1.338050
4.887000	-1.329020
4.888000	-1.329020
4.889000	-1.338050
4.890000	-1.338050
4.891000	-1.329020
4.892000	-1.338050
4.893000	-1.338050
4.894000	-1.338050
4.895000	-1.329020
4.896000	-1.338050
4.897000	-1.338050
4.898000	-1.338050
4.899000	-1.329020
4.900000	-1.338050
4.901000	-1.338050
4.902000	-1.338050
4.903000	-1.338050
4.904000	-1.329020
4.905000	-1.338050
4.906000	-1.338050
4.907000	-1.338050
4.908000	-1.338050
4.909000	-1.347100
4.910000	-1.338050
4.911000	-1.338050
4.912000	-1.338050
4.913000	-1.338050
4.914000	-1.347100
4.915000	-1.338050
4.916000	-1.338050
4.917000	-1.329020
4.918000	-1.347100
4.919000	-1.338050
4.920000	-1.338050
4.921000	-1.338050
4.922000	-1.329020
4.923000	-1.338050
4.924000	-1.347100
4.925000	-1.338050
4.926000	-1.329020
4.927000	-1.329020
4.928000	-1.338050
4.929000	-1.329020
4.930000	-1.338050
4.931000	-1.347100
4.932000	-1.329020
4.933000	-1.338050
4.934000	-1.329020
4.935000	-1.329020
4.936000	-1.338050
4.937000	-1.338050
4.938000	-1.338050
4.939000	-1.338050
4.940000	-1.329020
4.941000	-1.347100
4.942000	-1.329020
4.943000	-1.338050
4.944000	-1.319990
4.945000	-1.338050
4.946000	-1.329020
4.947000	-1.338050
4.948000	-1.329020
4.949000	-1.329020
4.950000	-1.338050
4.951000	-1.329020
4.952000	-1.338050
4.953000	-1.329020
4.954000	-1.338050
4.955000	-1.338050
4.956000	-1.329020
4.957000	-1.329020
4.958000	-1.338050
4.959000	-1.338050
4.960000	-1.338050
4.961000	-1.338050
4.962000	-1.347100
4.963000	-1.338050
4.964000	-1.338050
4.965000	-1.338050
4.966000	-1.338050
4.967000	-1.329020
4.968000	-1.329020
4.969000	-1.329020
4.970000	-1.338050
4.971000	-1.338050
4.972000	-1.338050
4.973000	-1.347100
4.974000	-1.338050
4.975000	-1.329020
4.976000	-1.329020
4.977000	-1.329020
4.978000	-1.338050
4.979000	-1.338050
4.980000	-1.329020
4.981000	-1.329020
4.982000	-1.319990
4.983000	-1.329020
4.984000	-1.319990
4.985000	-1.329020
4.986000	-1.310970
4.987000	-1.319990
4.988000	-1.329020
4.989000	-1.319990
4.990000	-1.329020
4.991000	-1.329020
4.992000	-1.329020
4.993000	-1.329020
4.994000	-1.329020
4.995000	-1.319990
4.996000	-1.329020
4.997000	-1.310970
4.998000	-1.319990
4.999000	-1.319990
5.000000	-1.329020
5.001000	-1.319990
5.002000	-1.329020
5.003000	-1.329020
5.004000	-1.338050
5.005000	-1.329020
5.006000	-1.329020
5.007000	-1.329020
5.008000	-1.319990
5.009000	-1.319990
5.010000	-1.329020
5.011000	-1.319990
5.012000	-1.329020
5.013000	-1.338050
5.014000	-1.329020
5.015000	-1.329020
5.016000	-1.338050
5.017000	-1.338050
5.018000	-1.329020
5.019000	-1.329020
5.020000	-1.329020
5.021000	-1.319990
5.022000	-1.329020
5.023000	-1.319990
5.024000	-1.329020
5.025000	-1.329020
5.026000	-1.329020
5.027000	-1.329020
5.028000	-1.319990
5.029000	-1.319990
5.030000	-1.329020
5.031000	-1.319990
5.032000	-1.310970
5.033000	-1.310970
5.034000	-1.310970
5.035000	-1.319990
5.036000	-1.329020
5.037000	-1.329020
5.038000	-1.319990
5.039000	-1.319990
5.040000	-1.319990
5.041000	-1.329020
5.042000	-1.319990
5.043000	-1.319990
5.044000	-1.319990
5.045000	-1.310970
5.046000	-1.329020
5.047000	-1.319990
5.048000	-1.329020
5.049000	-1.329020
5.050000	-1.319990
5.051000	-1.319990
5.052000	-1.338050
5.053000	-1.329020
5.054000	-1.329020
5.055000	-1.329020
5.056000	-1.319990
5.057000	-1.329020
5.058000	-1.329020
5.059000	-1.319990
5.060000	-1.329020
5.061000	-1.329020
5.062000	-1.319990
5.063000	-1.329020
5.064000	-1.347100
5.065000	-1.347100
5.066000	-1.329020
5.067000	-1.329020
5.068000	-1.338050
5.069000	-1.347100
5.070000	-1.329020
5.071000	-1.338050
5.072000	-1.338050
5.073000	-1.338050
5.074000	-1.338050
5.075000	-1.338050
5.076000	-1.338050
5.077000	-1.329020
5.078000	-1.329020
5.079000	-1.329020
5.080000	-1.338050
5.081000	-1.338050
5.082000	-1.338050
5.083000	-1.338050
5.084000	-1.338050
5.085000	-1.347100
5.086000	-1.329020
5.087000	-1.338050
5.088000	-1.338050
5.089000	-1.338050
5.090000	-1.347100
5.091000	-1.329020
5.092000	-1.338050
5.093000	-1.338050
5.094000	-1.347100
5.095000	-1.338050
5.096000	-1.329020
5.097000	-1.329020
5.098000	-1.338050
5.099000	-1.338050
5.100000	-1.338050
5.101000	-1.329020
5.102000	-1.329020
5.103000	-1.329020
5.104000	-1.338050
5.105000	-1.329020
5.106000	-1.338050
5.107000	-1.338050
5.108000	-1.347100
5.109000	-1.338050
5.110000	-1.338050
5.111000	-1.329020
5.112000	-1.338050
5.113000	-1.329020
5.114000	-1.347100
5.115000	-1.338050
5.116000	-1.338050
5.117000	-1.347100
5.118000	-1.338050
5.119000	-1.329020
5.120000	-1.338050
5.121000	-1.338050
5.122000	-1.338050
5.123000	-1.338050
5.124000	-1.338050
5.125000	-1.338050
5.126000	-1.347100
5.127000	-1.347100
5.128000	-1.338050
5.129000	-1.338050
5.130000	-1.329020
5.131000	-1.329020
5.132000	-1.329020
5.133000	-1.329020
5.134000	-1.338050
5.135000	-1.338050
5.136000	-1.338050
5.137000	-1.347100
5.138000	-1.329020
5.139000	-1.338050
5.140000	-1.347100
5.141000	-1.329020
5.142000	-1.338050
5.143000	-1.338050
5.144000	-1.338050
5.145000	-1.329020
5.146000	-1.329020
5.147000	-1.338050
5.148000	-1.329020
5.149000	-1.319990
5.150000	-1.329020
5.151000	-1.319990
5.152000	-1.329020
5.153000	-1.310970
5.154000	-1.310970
5.155000	-1.329020
5.156000	-1.329020
5.157000	-1.329020
5.158000	-1.310970
5.159000	-1.319990
5.160000	-1.329020
5.161000	-1.329020
5.162000	-1.319990
5.163000	-1.329020
5.164000	-1.319990
5.165000	-1.329020
5.166000	-1.310970
5.167000	-1.329020
5.168000	-1.329020
5.169000	-1.319990
5.170000	-1.319990
5.171000	-1.319990
5.172000	-1.338050
5.173000	-1.329020
5.174000	-1.319990
5.175000	-1.329020
5.176000	-1.329020
5.177000	-1.329020
5.178000	-1.338050
5.179000	-1.310970
5.180000	-1.329020
5.181000	-1.319990
5.182000	-1.329020
5.183000	-1.329020
5.184000	-1.319990
5.185000	-1.310970
5.186000	-1.329020
5.187000	-1.329020
5.188000	-1.319990
5.189000	-1.319990
5.190000	-1.338050
5.191000	-1.329020
5.192000	-1.329020
5.193000	-1.329020
5.194000	-1.338050
5.195000	-1.329020
5.196000	-1.338050
5.197000	-1.319990
5.198000	-1.329020
5.199000	-1.319990
5.200000	-1.319990
5.201000	-1.310970
5.202000	-1.319990
5.203000	-1.319990
5.204000	-1.319990
5.205000	-1.319990
5.206000	-1.310970
5.207000	-1.329020
5.208000	-1.329020
5.209000	-1.338050
5.210000	-1.319990
5.211000	-1.310970
5.212000	-1.319990
5.213000	-1.310970
5.214000	-1.329020
5.215000	-1.319990
5.216000	-1.319990
5.217000	-1.319990
5.218000	-1.319990
5.219000	-1.329020
5.220000	-1.329020
5.221000	-1.338050
5.222000	-1.338050
5.223000	-1.338050
5.224000	-1.319990
5.225000	-1.319990
5.226000	-1.319990
5.227000	-1.329020
5.228000	-1.319990
5.229000	-1.319990
5.230000	-1.329020
5.231000	-1.329020
5.232000	-1.338050
5.233000	-1.338050
5.234000	-1.329020
5.235000	-1.338050
5.236000	-1.329020
5.237000	-1.338050
5.238000	-1.338050
5.239000	-1.347100
5.240000	-1.329020
5.241000	-1.347100
5.242000	-1.338050
5.243000	-1.338050
5.244000	-1.338050
5.245000	-1.338050
5.246000	-1.338050
5.247000	-1.338050
5.248000	-1.347100
5.249000	-1.338050
5.250000	-1.338050
5.251000	-1.329020
5.252000	-1.329020
5.253000	-1.329020
5.254000	-1.338050
5.255000	-1.338050
5.256000	-1.329020
5.257000	-1.347100
5.258000	-1.329020
5.259000	-1.329020
5.260000	-1.338050
5.261000	-1.338050
5.262000	-1.338050
5.263000	-1.338050
5.264000	-1.347100
5.265000	-1.338050
5.266000	-1.329020
5.267000	-1.329020
5.268000	-1.329020
5.269000	-1.329020
5.270000	-1.329020
5.271000	-1.347100
5.272000	-1.329020
5.273000	-1.338050
5.274000	-1.338050
5.275000	-1.329020
5.276000	-1.338050
5.277000	-1.338050
5.278000	-1.338050
5.279000	-1.338050
5.280000	-1.338050
5.281000	-1.338050
5.282000	-1.338050
5.283000	-1.329020
5.284000	-1.329020
5.285000	-1.338050
5.286000	-1.338050
5.287000	-1.338050
5.288000	-1.338050
5.289000	-1.347100
5.290000	-1.338050
5.291000	-1.329020
5.292000	-1.347100
5.293000	-1.338050
5.294000	-1.347100
5.295000	-1.329020
5.296000	-1.338050
5.297000	-1.347100
5.298000	-1.338050
5.299000	-1.329020
5.300000	-1.329020
5.301000	-1.329020
5.302000	-1.338050
5.303000	-1.338050
5.304000	-1.329020
5.305000	-1.347100
5.306000	-1.338050
5.307000	-1.329020
5.308000	-1.329020
5.309000	-1.329020
5.310000	-1.338050
5.311000	-1.338050
5.312000	-1.329020
5.313000	-1.347100
5.314000	-1.338050
5.315000	-1.329020
5.316000	-1.329020
5.317000	-1.329020
5.318000	-1.338050
5.319000	-1.329020
5.320000	-1.329020
5.321000	-1.329020
5.322000	-1.329020
5.323000	-1.329020
5.324000	-1.329020
5.325000	-1.319990
5.326000	-1.319990
5.327000	-1.329020
5.328000	-1.319990
5.329000	-1.319990
5.330000	-1.319990
5.331000	-1.329020
5.332000	-1.329020
5.333000	-1.319990
5.334000	-1.338050
5.335000	-1.319990
5.336000	-1.329020
5.337000	-1.319990
5.338000	-1.329020
5.339000	-1.338050
5.340000	-1.338050
5.341000	-1.338050
5.342000	-1.319990
5.343000	-1.329020
5.344000	-1.319990
5.345000	-1.329020
5.346000	-1.329020
5.347000	-1.310970
5.348000	-1.329020
5.349000	-1.329020
5.350000	-1.319990
5.351000	-1.319990
5.352000	-1.329020
5.353000	-1.329020
5.354000	-1.329020
5.355000	-1.329020
5.356000	-1.319990
5.357000	-1.329020
5.358000	-1.329020
5.359000	-1.329020
5.360000	-1.319990
5.361000	-1.329020
5.362000	-1.310970
5.363000	-1.319990
5.364000	-1.329020
5.365000	-1.319990
5.366000	-1.319990
5.367000	-1.310970
5.368000	-1.310970
5.369000	-1.329020
5.370000	-1.319990
5.371000	-1.319990
5.372000	-1.319990
5.373000	-1.319990
5.374000	-1.319990
5.375000	-1.329020
5.376000	-1.329020
5.377000	-1.319990
5.378000	-1.329020
5.379000	-1.319990
5.380000	-1.310970
5.381000	-1.310970
5.382000	-1.310970
5.383000	-1.319990
5.384000	-1.329020
5.385000	-1.319990
5.386000	-1.319990
5.387000	-1.329020
5.388000	-1.329020
5.389000	-1.310970
5.390000	-1.329020
5.391000	-1.319990
5.392000	-1.329020
5.393000	-1.319990
5.394000	-1.319990
5.395000	-1.319990
5.396000	-1.338050
5.397000	-1.329020
5.398000	-1.319990
5.399000	-1.319990
5.400000	-1.329020
5.401000	-1.329020
5.402000	-1.329020
5.403000	-1.329020
5.404000	-1.329020
5.405000	-1.338050
5.406000	-1.329020
5.407000	-1.329020
5.408000	-1.338050
5.409000	-1.338050
5.410000	-1.329020
5.411000	-1.329020
5.412000	-1.329020
5.413000	-1.329020
5.414000	-1.319990
5.415000	-1.338050
5.416000	-1.338050
5.417000	-1.338050
5.418000	-1.338050
5.419000	-1.319990
5.420000	-1.338050
5.421000	-1.338050
5.422000	-1.338050
5.423000	-1.338050
5.424000	-1.338050
5.425000	-1.329020
5.426000	-1.329020
5.427000	-1.338050
5.428000	-1.329020
5.429000	-1.329020
5.430000	-1.329020
5.431000	-1.329020
5.432000	-1.329020
5.433000	-1.329020
5.434000	-1.329020
5.435000	-1.329020
5.436000	-1.338050
5.437000	-1.338050
5.438000	-1.329020
5.439000	-1.338050
5.440000	-1.338050
5.441000	-1.338050
5.442000	-1.347100
5.443000	-1.338050
5.444000	-1.338050
5.445000	-1.338050
5.446000	-1.338050
5.447000	-1.338050
5.448000	-1.329020
5.449000	-1.338050
5.450000	-1.338050
5.451000	-1.329020
5.452000	-1.338050
5.453000	-1.338050
5.454000	-1.338050
5.455000	-1.329020
5.456000	-1.338050
5.457000	-1.329020
5.458000	-1.338050
5.459000	-1.347100
5.460000	-1.338050
5.461000	-1.347100
5.462000	-1.338050
5.463000	-1.338050
5.464000	-1.329020
5.465000	-1.329020
5.466000	-1.338050
5.467000	-1.329020
5.468000	-1.329020
5.469000	-1.338050
5.470000	-1.338050
5.471000	-1.338050
5.472000	-1.338050
5.473000	-1.338050
5.474000	-1.338050
5.475000	-1.347100
5.476000	-1.329020
5.477000	-1.329020
5.478000	-1.338050
5.479000	-1.329020
5.480000	-1.338050
5.481000	-1.329020
5.482000	-1.329020
5.483000	-1.329020
5.484000	-1.319990
5.485000	-1.319990
5.486000	-1.338050
5.487000	-1.329020
5.488000	-1.310970
5.489000	-1.329020
5.490000	-1.329020
5.491000	-1.329020
5.492000	-1.329020
5.493000	-1.329020
5.494000	-1.329020
5.495000	-1.310970
5.496000	-1.329020
5.497000	-1.319990
5.498000	-1.310970
5.499000	-1.319990
5.500000	-1.319990
