-0.500000	-0.481349
-0.499000	-0.570474
-0.498000	-0.570474
-0.497000	-0.481349
-0.496000	-0.570474
-0.495000	-0.481349
-0.494000	-0.392406
-0.493000	-0.481349
-0.492000	-0.481349
-0.491000	-0.481349
-0.490000	-0.392406
-0.489000	-0.481349
-0.488000	-0.570474
-0.487000	-0.570474
-0.486000	-0.481349
-0.485000	-0.659417
-0.484000	-0.570474
-0.483000	-0.570474
-0.482000	-0.570474
-0.481000	-0.570474
-0.480000	-0.570474
-0.479000	-0.570474
-0.478000	-0.481349
-0.477000	-0.570474
-0.476000	-0.570474
-0.475000	-0.570474
-0.474000	-0.392406
-0.473000	-0.392406
-0.472000	-0.570474
-0.471000	-0.570474
-0.470000	-0.659417
-0.469000	-0.570474
-0.468000	-0.659417
-0.467000	-0.570474
-0.466000	-0.570474
-0.465000	-0.659417
-0.464000	-0.659417
-0.463000	-0.392406
-0.462000	-0.481349
-0.461000	-0.481349
-0.460000	-0.481349
-0.459000	-0.570474
-0.458000	-0.481349
-0.457000	-0.392406
-0.456000	-0.481349
-0.455000	-0.570474
-0.454000	-0.570474
-0.453000	-0.570474
-0.452000	-0.659417
-0.451000	-0.570474
-0.450000	-0.481349
-0.449000	-0.570474
-0.448000	-0.570474
-0.447000	-0.659417
-0.446000	-0.659417
-0.445000	-0.570474
-0.444000	-0.570474
-0.443000	-0.570474
-0.442000	-0.481349
-0.441000	-0.570474
-0.440000	-0.481349
-0.439000	-0.481349
-0.438000	-0.570474
-0.437000	-0.659417
-0.436000	-0.570474
-0.435000	-0.570474
-0.434000	-0.570474
-0.433000	-0.570474
-0.432000	-0.570474
-0.431000	-0.570474
-0.430000	-0.570474
-0.429000	-0.481349
-0.428000	-0.481349
-0.427000	-0.659417
-0.426000	-0.570474
-0.425000	-0.570474
-0.424000	-0.481349
-0.423000	-0.392406
-0.422000	-0.570474
-0.421000	-0.570474
-0.420000	-0.748360
-0.419000	-0.748360
-0.418000	-0.570474
-0.417000	-0.481349
-0.416000	-0.659417
-0.415000	-0.659417
-0.414000	-0.570474
-0.413000	-0.570474
-0.412000	-0.481349
-0.411000	-0.481349
-0.410000	-0.481349
-0.409000	-0.570474
-0.408000	-0.570474
-0.407000	-0.481349
-0.406000	-0.481349
-0.405000	-0.570474
-0.404000	-0.748360
-0.403000	-0.570474
-0.402000	-0.570474
-0.401000	-0.570474
-0.400000	-0.570474
-0.399000	-0.570474
-0.398000	-0.748360
-0.397000	-0.570474
-0.396000	-0.481349
-0.395000	-0.392406
-0.394000	-0.570474
-0.393000	-0.570474
-0.392000	-0.481349
-0.391000	-0.570474
-0.390000	-0.481349
-0.389000	-0.570474
-0.388000	-0.659417
-0.387000	-0.659417
-0.386000	-0.570474
-0.385000	-0.481349
-0.384000	-0.659417
-0.383000	-0.481349
-0.382000	-0.481349
-0.381000	-0.570474
-0.380000	-0.570474
-0.379000	-0.481349
-0.378000	-0.570474
-0.377000	-0.570474
-0.376000	-0.570474
-0.375000	-0.570474
-0.374000	-0.659417
-0.373000	-0.570474
-0.372000	-0.481349
-0.371000	-0.392406
-0.370000	-0.570474
-0.369000	-0.659417
-0.368000	-0.659417
-0.367000	-0.570474
-0.366000	-0.570474
-0.365000	-0.659417
-0.364000	-0.570474
-0.363000	-0.481349
-0.362000	-0.570474
-0.361000	-0.481349
-0.360000	-0.570474
-0.359000	-0.481349
-0.358000	-0.570474
-0.357000	-0.481349
-0.356000	-0.392406
-0.355000	-0.481349
-0.354000	-0.659417
-0.353000	-0.570474
-0.352000	-0.570474
-0.351000	-0.570474
-0.350000	-0.570474
-0.349000	-0.570474
-0.348000	-0.748360
-0.347000	-0.570474
-0.346000	-0.481349
-0.345000	-0.392406
-0.344000	-0.481349
-0.343000	-0.481349
-0.342000	-0.570474
-0.341000	-0.481349
-0.340000	-0.481349
-0.339000	-0.481349
-0.338000	-0.570474
-0.337000	-0.570474
-0.336000	-0.659417
-0.335000	-0.570474
-0.334000	-0.570474
-0.333000	-0.570474
-0.332000	-0.570474
-0.331000	-0.659417
-0.330000	-0.481349
-0.329000	-0.570474
-0.328000	-0.481349
-0.327000	-0.570474
-0.326000	-0.481349
-0.325000	-0.570474
-0.324000	-0.481349
-0.323000	-0.481349
-0.322000	-0.481349
-0.321000	-0.570474
-0.320000	-0.748360
-0.319000	-0.570474
-0.318000	-0.570474
-0.317000	-0.570474
-0.316000	-0.570474
-0.315000	-0.659417
-0.314000	-0.659417
-0.313000	-0.570474
-0.312000	-0.481349
-0.311000	-0.481349
-0.310000	-0.570474
-0.309000	-0.570474
-0.308000	-0.570474
-0.307000	-0.481349
-0.306000	-0.481349
-0.305000	-0.659417
-0.304000	-0.659417
-0.303000	-0.570474
-0.302000	-0.481349
-0.301000	-0.659417
-0.300000	-0.570474
-0.299000	-0.659417
-0.298000	-0.570474
-0.297000	-0.570474
-0.296000	-0.481349
-0.295000	-0.570474
-0.294000	-0.570474
-0.293000	-0.570474
-0.292000	-0.481349
-0.291000	-0.481349
-0.290000	-0.481349
-0.289000	-0.481349
-0.288000	-0.570474
-0.287000	-0.659417
-0.286000	-0.659417
-0.285000	-0.570474
-0.284000	-0.659417
-0.283000	-0.659417
-0.282000	-0.659417
-0.281000	-0.570474
-0.280000	-0.570474
-0.279000	-0.570474
-0.278000	-0.659417
-0.277000	-0.570474
-0.276000	-0.481349
-0.275000	-0.570474
-0.274000	-0.392406
-0.273000	-0.392406
-0.272000	-0.481349
-0.271000	-0.570474
-0.270000	-0.570474
-0.269000	-0.659417
-0.268000	-0.570474
-0.267000	-0.481349
-0.266000	-0.570474
-0.265000	-0.659417
-0.264000	-0.659417
-0.263000	-0.659417
-0.262000	-0.481349
-0.261000	-0.481349
-0.260000	-0.481349
-0.259000	-0.570474
-0.258000	-0.481349
-0.257000	-0.570474
-0.256000	-0.481349
-0.255000	-0.659417
-0.254000	-0.748360
-0.253000	-0.570474
-0.252000	-0.570474
-0.251000	-0.570474
-0.250000	-0.570474
-0.249000	-0.570474
-0.248000	-0.659417
-0.247000	-0.570474
-0.246000	-0.481349
-0.245000	-0.570474
-0.244000	-0.481349
-0.243000	-0.570474
-0.242000	-0.392406
-0.241000	-0.481349
-0.240000	-0.570474
-0.239000	-0.481349
-0.238000	-0.570474
-0.237000	-0.570474
-0.236000	-0.570474
-0.235000	-0.570474
-0.234000	-0.481349
-0.233000	-0.570474
-0.232000	-0.570474
-0.231000	-0.659417
-0.230000	-0.570474
-0.229000	-0.570474
-0.228000	-0.659417
-0.227000	-0.481349
-0.226000	-0.570474
-0.225000	-0.659417
-0.224000	-0.481349
-0.223000	-0.570474
-0.222000	-0.570474
-0.221000	-0.659417
-0.220000	-0.570474
-0.219000	-0.570474
-0.218000	-0.570474
-0.217000	-0.570474
-0.216000	-0.481349
-0.215000	-0.659417
-0.214000	-0.659417
-0.213000	-0.659417
-0.212000	-0.659417
-0.211000	-0.481349
-0.210000	-0.570474
-0.209000	-0.570474
-0.208000	-0.659417
-0.207000	-0.481349
-0.206000	-0.570474
-0.205000	-0.570474
-0.204000	-0.659417
-0.203000	-0.659417
-0.202000	-0.570474
-0.201000	-0.570474
-0.200000	-0.570474
-0.199000	-0.570474
-0.198000	-0.659417
-0.197000	-0.659417
-0.196000	-0.570474
-0.195000	-0.392406
-0.194000	-0.392406
-0.193000	-0.570474
-0.192000	-0.481349
-0.191000	-0.481349
-0.190000	-0.570474
-0.189000	-0.481349
-0.188000	-0.570474
-0.187000	-0.748360
-0.186000	-0.570474
-0.185000	-0.481349
-0.184000	-0.570474
-0.183000	-0.659417
-0.182000	-0.570474
-0.181000	-0.570474
-0.180000	-0.659417
-0.179000	-0.481349
-0.178000	-0.570474
-0.177000	-0.659417
-0.176000	-0.570474
-0.175000	-0.659417
-0.174000	-0.481349
-0.173000	-0.392406
-0.172000	-0.481349
-0.171000	-0.570474
-0.170000	-0.659417
-0.169000	-0.659417
-0.168000	-0.570474
-0.167000	-0.570474
-0.166000	-0.481349
-0.165000	-0.659417
-0.164000	-0.570474
-0.163000	-0.570474
-0.162000	-0.570474
-0.161000	-0.570474
-0.160000	-0.481349
-0.159000	-0.570474
-0.158000	-0.481349
-0.157000	-0.481349
-0.156000	-0.392406
-0.155000	-0.570474
-0.154000	-0.570474
-0.153000	-0.570474
-0.152000	-0.481349
-0.151000	-0.570474
-0.150000	-0.481349
-0.149000	-0.570474
-0.148000	-0.659417
-0.147000	-0.481349
-0.146000	-0.570474
-0.145000	-0.481349
-0.144000	-0.570474
-0.143000	-0.570474
-0.142000	-0.570474
-0.141000	-0.570474
-0.140000	-0.392406
-0.139000	-0.481349
-0.138000	-0.570474
-0.137000	-0.481349
-0.136000	-0.570474
-0.135000	-0.570474
-0.134000	-0.570474
-0.133000	-0.481349
-0.132000	-0.570474
-0.131000	-0.659417
-0.130000	-0.659417
-0.129000	-0.392406
-0.128000	-0.481349
-0.127000	-0.481349
-0.126000	-0.392406
-0.125000	-0.570474
-0.124000	-0.570474
-0.123000	-0.392406
-0.122000	-0.570474
-0.121000	-0.570474
-0.120000	-0.570474
-0.119000	-0.570474
-0.118000	-0.570474
-0.117000	-0.570474
-0.116000	-0.659417
-0.115000	-0.570474
-0.114000	-0.659417
-0.113000	-0.570474
-0.112000	-0.481349
-0.111000	-0.481349
-0.110000	-0.481349
-0.109000	-0.481349
-0.108000	-0.481349
-0.107000	-0.481349
-0.106000	-0.481349
-0.105000	-0.570474
-0.104000	-0.570474
-0.103000	-0.570474
-0.102000	-0.570474
-0.101000	-0.570474
-0.100000	-0.481349
-0.099000	-0.570474
-0.098000	-0.659417
-0.097000	-0.659417
-0.096000	-0.481349
-0.095000	-0.570474
-0.094000	-0.481349
-0.093000	-0.570474
-0.092000	-0.659417
-0.091000	-0.481349
-0.090000	-0.481349
-0.089000	-0.570474
-0.088000	-0.570474
-0.087000	-0.659417
-0.086000	-0.659417
-0.085000	-0.570474
-0.084000	-0.481349
-0.083000	-0.570474
-0.082000	-0.481349
-0.081000	-0.570474
-0.080000	-0.570474
-0.079000	-0.570474
-0.078000	-0.570474
-0.077000	-0.659417
-0.076000	-0.659417
-0.075000	-0.659417
-0.074000	-0.570474
-0.073000	-0.481349
-0.072000	-0.570474
-0.071000	-0.659417
-0.070000	-0.659417
-0.069000	-0.659417
-0.068000	-0.570474
-0.067000	-0.570474
-0.066000	-0.659417
-0.065000	-0.659417
-0.064000	-0.659417
-0.063000	-0.392406
-0.062000	-0.481349
-0.061000	-0.570474
-0.060000	-0.570474
-0.059000	-0.570474
-0.058000	-0.570474
-0.057000	-0.481349
-0.056000	-0.570474
-0.055000	-0.481349
-0.054000	-0.570474
-0.053000	-0.659417
-0.052000	-0.570474
-0.051000	-0.659417
-0.050000	-0.659417
-0.049000	-0.659417
-0.048000	-0.659417
-0.047000	-0.659417
-0.046000	-0.570474
-0.045000	-0.570474
-0.044000	-0.570474
-0.043000	-0.481349
-0.042000	-0.570474
-0.041000	-0.570474
-0.040000	-0.570474
-0.039000	-0.570474
-0.038000	-0.659417
-0.037000	-0.659417
-0.036000	-0.570474
-0.035000	-0.570474
-0.034000	-0.659417
-0.033000	-0.570474
-0.032000	-0.659417
-0.031000	-0.570474
-0.030000	-0.392406
-0.029000	-0.303463
-0.028000	-0.303463
-0.027000	-0.392406
-0.026000	-0.481349
-0.025000	-0.659417
-0.024000	-0.392406
-0.023000	-0.303463
-0.022000	-0.481349
-0.021000	-0.303463
-0.020000	-0.125395
-0.019000	-0.570474
-0.018000	-0.748360
-0.017000	-0.748360
-0.016000	-0.570474
-0.015000	-0.659417
-0.014000	-0.748360
-0.013000	-0.748360
-0.012000	-0.570474
-0.011000	-0.748360
-0.010000	-0.570474
-0.009000	-0.481349
-0.008000	-0.303463
-0.007000	0.230559
-0.006000	-0.125395
-0.005000	-1.104310
-0.004000	0.052491
-0.003000	0.141616
-0.002000	0.230559
-0.001000	-0.125395
0.000000	-0.570474
0.001000	-0.481349
0.002000	-1.193440
0.003000	-0.392406
0.004000	0.052491
0.005000	-0.392406
0.006000	-0.214520
0.007000	-1.015370
0.008000	-0.214520
0.009000	0.586513
0.010000	0.230559
0.011000	0.141616
0.012000	-0.570474
0.013000	-0.659417
0.014000	-0.036452
0.015000	0.408445
0.016000	0.675456
0.017000	1.031410
0.018000	1.654370
0.019000	0.764581
0.020000	0.675456
0.021000	6.549150
0.022000	-3.418290
0.023000	-3.151280
0.024000	2.811360
0.025000	3.345380
0.026000	4.235360
0.027000	0.230559
0.028000	-1.015370
0.029000	2.544350
0.030000	1.565430
0.031000	0.408445
0.032000	0.141616
0.033000	2.544350
0.034000	3.078370
0.035000	-0.392406
0.036000	-0.837485
0.037000	0.052491
0.038000	0.764581
0.039000	1.120530
0.040000	-0.125395
0.041000	-1.193440
0.042000	-0.926428
0.043000	-0.481349
0.044000	-0.214520
0.045000	0.497570
0.046000	0.230559
0.047000	-0.481349
0.048000	-0.570474
0.049000	-0.926428
0.050000	-0.837485
0.051000	0.141616
0.052000	1.209480
0.053000	0.052491
0.054000	-0.926428
0.055000	-0.748360
0.056000	-0.392406
0.057000	0.497570
0.058000	-0.125395
0.059000	0.052491
0.060000	-0.659417
0.061000	-0.214520
0.062000	0.319502
0.063000	0.408445
0.064000	0.408445
0.065000	0.230559
0.066000	-0.125395
0.067000	0.230559
0.068000	0.408445
0.069000	0.497570
0.070000	0.497570
0.071000	1.476490
0.072000	0.764581
0.073000	-0.481349
0.074000	1.387550
0.075000	0.764581
0.076000	3.879220
0.077000	0.586513
0.078000	1.209480
0.079000	1.476490
0.080000	0.230559
0.081000	1.120530
0.082000	-0.036452
0.083000	1.298420
0.084000	0.764581
0.085000	0.052491
0.086000	0.319502
0.087000	0.230559
0.088000	0.853524
0.089000	0.141616
0.090000	0.141616
0.091000	0.942466
0.092000	0.319502
0.093000	1.120530
0.094000	-0.214520
0.095000	0.764581
0.096000	-0.659417
0.097000	0.319502
0.098000	0.319502
0.099000	0.052491
0.100000	-0.036452
0.101000	-0.125395
0.102000	0.319502
0.103000	0.497570
0.104000	-0.214520
0.105000	0.408445
0.106000	0.586513
0.107000	1.031410
0.108000	0.586513
0.109000	-0.036452
0.110000	0.408445
0.111000	2.366460
0.112000	-0.570474
0.113000	-0.214520
0.114000	0.408445
0.115000	0.497570
0.116000	1.387550
0.117000	0.052491
0.118000	0.764581
0.119000	0.853524
0.120000	0.942466
0.121000	1.209480
0.122000	0.675456
0.123000	0.942466
0.124000	0.853524
0.125000	1.209480
0.126000	1.031410
0.127000	0.853524
0.128000	1.031410
0.129000	1.565430
0.130000	0.942466
0.131000	0.675456
0.132000	1.387550
0.133000	2.099450
0.134000	2.099450
0.135000	1.298420
0.136000	0.942466
0.137000	0.764581
0.138000	6.905100
0.139000	-7.867980
0.140000	7.617010
0.141000	6.193190
0.142000	7.350000
0.143000	7.172110
0.144000	-3.240220
0.145000	2.900300
0.146000	4.769200
0.147000	-0.837485
0.148000	-0.748360
0.149000	4.947270
0.150000	6.104070
0.151000	-0.303463
0.152000	-1.816400
0.153000	-0.036452
0.154000	1.654370
0.155000	2.099450
0.156000	0.853524
0.157000	-2.350240
0.158000	-2.795320
0.159000	-0.570474
0.160000	0.853524
0.161000	-1.193440
0.162000	-1.282380
0.163000	-0.036452
0.164000	-0.837485
0.165000	-0.659417
0.166000	0.942466
0.167000	1.120530
0.168000	0.141616
0.169000	0.319502
0.170000	-1.460450
0.171000	-2.706200
0.172000	-1.371320
0.173000	0.764581
0.174000	0.764581
0.175000	0.141616
0.176000	-0.214520
0.177000	0.230559
0.178000	-1.371320
0.179000	-3.329160
0.180000	-0.748360
0.181000	-1.816400
0.182000	-7.778860
0.183000	7.172110
0.184000	0.141616
0.185000	-0.303463
0.186000	0.586513
0.187000	-5.554010
0.188000	36.273201
0.189000	-49.695202
0.190000	-7.512030
0.191000	-32.163399
0.192000	11.888800
0.193000	50.690201
0.194000	-33.409199
0.195000	-13.741500
0.196000	8.239970
0.197000	-10.893700
0.198000	-5.732080
0.199000	15.003600
0.200000	10.019900
0.201000	15.181500
0.202000	4.057290
0.203000	-0.481349
0.204000	-10.270700
0.205000	4.235360
0.206000	28.441700
0.207000	12.867700
0.208000	-3.062330
0.209000	-6.622050
0.210000	-1.193440
0.211000	9.574850
0.212000	15.092600
0.213000	11.176700
0.214000	3.345380
0.215000	0.497570
0.216000	9.752910
0.217000	25.326799
0.218000	13.401600
0.219000	10.820800
0.220000	2.544350
0.221000	-5.554010
0.222000	1.743500
0.223000	2.989430
0.224000	6.549150
0.225000	11.621800
0.226000	10.375900
0.227000	-1.905350
0.228000	-2.172360
0.229000	6.104070
0.230000	10.731800
0.231000	8.685050
0.232000	3.968350
0.233000	-5.821020
0.234000	-11.694700
0.235000	-7.689910
0.236000	1.387550
0.237000	-1.371320
0.238000	-7.333960
0.239000	-12.139600
0.240000	-14.631500
0.241000	-15.343400
0.242000	-6.889060
0.243000	-3.151280
0.244000	-9.914760
0.245000	15.804500
0.246000	-17.479300
0.247000	-8.935840
0.248000	-6.355040
0.249000	4.324300
0.250000	6.104070
0.251000	-7.156070
0.252000	-5.643130
0.253000	-6.799940
0.254000	0.853524
0.255000	2.989430
0.256000	2.188400
0.257000	-0.570474
0.258000	-6.355040
0.259000	1.654370
0.260000	5.303220
0.261000	2.455410
0.262000	3.790280
0.263000	0.675456
0.264000	-0.748360
0.265000	-0.125395
0.266000	1.565430
0.267000	4.947270
0.268000	4.947270
0.269000	1.921380
0.270000	-0.303463
0.271000	-0.036452
0.272000	10.464800
0.273000	-3.240220
0.274000	-2.795320
0.275000	10.553800
0.276000	5.659170
0.277000	9.041010
0.278000	-1.994290
0.279000	2.455410
0.280000	13.045600
0.281000	6.460210
0.282000	-5.643130
0.283000	2.455410
0.284000	35.828098
0.285000	9.041010
0.286000	-1.994290
0.287000	20.788200
0.288000	9.663970
0.289000	11.176700
0.290000	7.617010
0.291000	2.455410
0.292000	17.584400
0.293000	-8.757960
0.294000	-8.757960
0.295000	-2.439370
0.296000	3.701340
0.297000	6.549150
0.298000	-8.490950
0.299000	-8.935840
0.300000	-4.308260
0.301000	-26.645700
0.302000	39.298901
0.303000	5.303220
0.304000	6.193190
0.305000	-14.008500
0.306000	-16.767401
0.307000	12.956700
0.308000	0.942466
0.309000	-3.418290
0.310000	0.497570
0.311000	-8.045870
0.312000	-13.563600
0.313000	55.584900
0.314000	-6.711000
0.315000	-19.437099
0.316000	-40.172798
0.317000	27.017900
0.318000	28.975700
0.319000	-18.458200
0.320000	39.120998
0.321000	13.579600
0.322000	-3.774240
0.323000	9.218890
0.324000	-6.088030
0.325000	5.392160
0.326000	24.703899
0.327000	11.532900
0.328000	6.282140
0.329000	11.888800
0.330000	-4.308260
0.331000	-2.083230
0.332000	-7.066950
0.333000	13.223700
0.334000	10.820800
0.335000	-0.837485
0.336000	-16.856300
0.337000	23.636000
0.338000	26.305799
0.339000	-6.266100
0.340000	-9.113910
0.341000	10.820800
0.342000	7.439120
0.343000	13.757700
0.344000	-4.486150
0.345000	-4.308260
0.346000	16.783400
0.347000	-3.151280
0.348000	-21.929001
0.349000	5.926180
0.350000	3.078370
0.351000	-31.095400
0.352000	1.921380
0.353000	7.172110
0.354000	2.989430
0.355000	-9.736880
0.356000	-17.924400
0.357000	-13.919600
0.358000	-0.125395
0.359000	-3.240220
0.360000	-13.296600
0.361000	-11.338800
0.362000	1.921380
0.363000	-15.343400
0.364000	-16.767401
0.365000	-18.814199
0.366000	-12.495600
0.367000	-4.486150
0.368000	-19.170099
0.369000	-6.799940
0.370000	-23.174900
0.371000	-5.554010
0.372000	-2.617250
0.373000	-11.338800
0.374000	-12.940600
0.375000	0.942466
0.376000	-13.474500
0.377000	-11.872600
0.378000	-10.626700
0.379000	-4.219140
0.380000	-10.626700
0.381000	0.230559
0.382000	1.120530
0.383000	12.422700
0.384000	11.799700
0.385000	-1.193440
0.386000	-16.144400
0.387000	-0.392406
0.388000	18.029301
0.389000	16.249399
0.390000	8.418040
0.391000	6.282140
0.392000	5.392160
0.393000	-4.931040
0.394000	2.455410
0.395000	15.003600
0.396000	17.673401
0.397000	12.066700
0.398000	8.506990
0.399000	5.570230
0.400000	8.862940
0.401000	12.066700
0.402000	21.144199
0.403000	32.357300
0.404000	17.139400
0.405000	-0.481349
0.406000	-5.020170
0.407000	-9.113910
0.408000	-23.174900
0.409000	21.144199
0.410000	58.432701
0.411000	16.694500
0.412000	-17.568199
0.413000	-18.191200
0.414000	-4.753160
0.415000	14.291600
0.416000	30.399500
0.417000	16.249399
0.418000	-4.486150
0.419000	-14.186600
0.420000	-27.268600
0.421000	-27.001600
0.422000	9.218890
0.423000	20.076300
0.424000	14.825600
0.425000	12.333700
0.426000	-15.877400
0.427000	-22.997000
0.428000	-7.066950
0.429000	6.282140
0.430000	10.909900
0.431000	6.015130
0.432000	-12.851700
0.433000	-16.322300
0.434000	-19.348200
0.435000	-7.512030
0.436000	0.408445
0.437000	4.680250
0.438000	-2.439370
0.439000	-5.554010
0.440000	-2.973210
0.441000	0.853524
0.442000	1.120530
0.443000	5.926180
0.444000	2.455410
0.445000	-3.240220
0.446000	-5.198060
0.447000	9.396960
0.448000	8.685050
0.449000	-6.088030
0.450000	-11.872600
0.451000	-12.673600
0.452000	-11.516600
0.453000	-3.507230
0.454000	6.727030
0.455000	9.396960
0.456000	1.120530
0.457000	-13.563600
0.458000	-10.092800
0.459000	2.010330
0.460000	10.998800
0.461000	8.774000
0.462000	0.052491
0.463000	-14.987400
0.464000	-29.938601
0.465000	-26.022699
0.466000	-6.799940
0.467000	14.647500
0.468000	18.207399
0.469000	7.172110
0.470000	-5.554010
0.471000	-6.355040
0.472000	-6.622050
0.473000	-0.748360
0.474000	1.476490
0.475000	-5.554010
0.476000	-7.778860
0.477000	-5.643130
0.478000	-9.469870
0.479000	-3.863180
0.480000	3.167310
0.481000	-0.570474
0.482000	-4.397200
0.483000	-2.795320
0.484000	-1.905350
0.485000	3.701340
0.486000	10.998800
0.487000	9.041010
0.488000	-0.125395
0.489000	-3.151280
0.490000	-1.816400
0.491000	0.230559
0.492000	-0.837485
0.493000	-0.926428
0.494000	-1.193440
0.495000	-2.617250
0.496000	-4.397200
0.497000	-1.015370
0.498000	9.308020
0.499000	12.689700
0.500000	3.434330
0.501000	-1.104310
0.502000	-0.570474
0.503000	4.591310
0.504000	9.218890
0.505000	10.019900
0.506000	5.214280
0.507000	-0.837485
0.508000	-5.910150
0.509000	-4.842100
0.510000	-0.481349
0.511000	2.188400
0.512000	3.434330
0.513000	4.413240
0.514000	7.617010
0.515000	9.752910
0.516000	7.261060
0.517000	4.324300
0.518000	0.497570
0.519000	-4.664220
0.520000	-4.486150
0.521000	-2.261300
0.522000	-1.638340
0.523000	-0.214520
0.524000	-1.104310
0.525000	-6.622050
0.526000	-8.223940
0.527000	-5.198060
0.528000	-3.952130
0.529000	-0.748360
0.530000	0.497570
0.531000	-3.240220
0.532000	-5.999090
0.533000	-4.753160
0.534000	-8.401820
0.535000	-12.228700
0.536000	-10.359800
0.537000	-10.715800
0.538000	-12.495600
0.539000	-11.872600
0.540000	-11.338800
0.541000	-7.422900
0.542000	-0.748360
0.543000	-1.994290
0.544000	-9.024790
0.545000	-5.999090
0.546000	-5.821020
0.547000	-4.041250
0.548000	-5.554010
0.549000	-7.512030
0.550000	-7.333960
0.551000	-3.774240
0.552000	-5.465070
0.553000	-8.401820
0.554000	-5.109110
0.555000	-2.172360
0.556000	0.230559
0.557000	1.743500
0.558000	2.277340
0.559000	3.078370
0.560000	5.214280
0.561000	0.764581
0.562000	-0.214520
0.563000	1.921380
0.564000	2.366460
0.565000	3.167310
0.566000	0.230559
0.567000	1.120530
0.568000	-0.748360
0.569000	0.230559
0.570000	4.057290
0.571000	5.214280
0.572000	2.099450
0.573000	4.146230
0.574000	4.858140
0.575000	6.282140
0.576000	5.570230
0.577000	1.209480
0.578000	-2.795320
0.579000	-1.460450
0.580000	-2.172360
0.581000	-2.083230
0.582000	-3.596170
0.583000	0.764581
0.584000	1.654370
0.585000	-0.570474
0.586000	-2.617250
0.587000	1.031410
0.588000	0.230559
0.589000	1.120530
0.590000	0.586513
0.591000	-2.261300
0.592000	-4.308260
0.593000	-5.643130
0.594000	-6.711000
0.595000	-3.596170
0.596000	-1.638340
0.597000	-1.905350
0.598000	-2.795320
0.599000	-3.151280
0.600000	-3.507230
0.601000	-4.308260
0.602000	-4.842100
0.603000	-1.015370
0.604000	1.298420
0.605000	-0.125395
0.606000	-3.240220
0.607000	-3.596170
0.608000	-4.842100
0.609000	-3.240220
0.610000	-1.905350
0.611000	-2.083230
0.612000	-3.952130
0.613000	-0.125395
0.614000	2.811360
0.615000	-2.706200
0.616000	-2.172360
0.617000	-0.659417
0.618000	1.743500
0.619000	2.455410
0.620000	2.366460
0.621000	3.345380
0.622000	3.701340
0.623000	-0.659417
0.624000	-4.219140
0.625000	-2.439370
0.626000	1.743500
0.627000	3.612390
0.628000	2.455410
0.629000	2.366460
0.630000	3.167310
0.631000	3.167310
0.632000	2.633290
0.633000	1.832440
0.634000	2.811360
0.635000	0.675456
0.636000	-2.172360
0.637000	-2.172360
0.638000	-1.104310
0.639000	-0.570474
0.640000	-0.303463
0.641000	-1.638340
0.642000	-0.214520
0.643000	-1.994290
0.644000	-3.418290
0.645000	-2.261300
0.646000	-0.926428
0.647000	-1.015370
0.648000	-2.884260
0.649000	-5.198060
0.650000	-3.418290
0.651000	-3.151280
0.652000	-4.041250
0.653000	-4.931040
0.654000	-3.596170
0.655000	-4.041250
0.656000	-3.418290
0.657000	-4.041250
0.658000	-5.109110
0.659000	-4.664220
0.660000	-3.952130
0.661000	-3.596170
0.662000	-2.706200
0.663000	0.230559
0.664000	-0.392406
0.665000	-2.973210
0.666000	-2.528310
0.667000	-3.507230
0.668000	-4.130190
0.669000	-0.125395
0.670000	-1.371320
0.671000	-2.528310
0.672000	-0.926428
0.673000	0.408445
0.674000	2.544350
0.675000	4.947270
0.676000	2.900300
0.677000	0.853524
0.678000	2.277340
0.679000	2.188400
0.680000	0.853524
0.681000	0.497570
0.682000	1.832440
0.683000	1.565430
0.684000	2.188400
0.685000	1.387550
0.686000	2.722420
0.687000	3.701340
0.688000	2.989430
0.689000	2.544350
0.690000	1.565430
0.691000	1.743500
0.692000	0.942466
0.693000	0.586513
0.694000	1.209480
0.695000	2.188400
0.696000	-0.570474
0.697000	-2.795320
0.698000	-2.083230
0.699000	0.141616
0.700000	-0.303463
0.701000	-1.015370
0.702000	-1.015370
0.703000	-2.083230
0.704000	-2.528310
0.705000	-3.418290
0.706000	-3.507230
0.707000	-2.350240
0.708000	-1.549390
0.709000	-2.617250
0.710000	-4.308260
0.711000	-3.774240
0.712000	-2.706200
0.713000	-3.062330
0.714000	-3.418290
0.715000	-1.460450
0.716000	-1.727280
0.717000	-2.795320
0.718000	-3.240220
0.719000	-1.282380
0.720000	0.497570
0.721000	0.586513
0.722000	-0.748360
0.723000	-1.371320
0.724000	-0.214520
0.725000	0.319502
0.726000	0.319502
0.727000	0.319502
0.728000	1.298420
0.729000	1.387550
0.730000	1.209480
0.731000	1.654370
0.732000	3.256260
0.733000	3.612390
0.734000	2.900300
0.735000	2.099450
0.736000	2.010330
0.737000	2.722420
0.738000	3.167310
0.739000	2.633290
0.740000	1.654370
0.741000	1.298420
0.742000	1.298420
0.743000	1.921380
0.744000	2.633290
0.745000	2.722420
0.746000	2.455410
0.747000	2.188400
0.748000	1.476490
0.749000	0.853524
0.750000	0.141616
0.751000	-0.303463
0.752000	-0.926428
0.753000	-1.104310
0.754000	-1.371320
0.755000	-1.104310
0.756000	-0.659417
0.757000	-0.748360
0.758000	-1.638340
0.759000	-1.994290
0.760000	-2.172360
0.761000	-3.151280
0.762000	-3.863180
0.763000	-3.774240
0.764000	-3.507230
0.765000	-3.329160
0.766000	-2.706200
0.767000	-2.350240
0.768000	-1.638340
0.769000	-2.528310
0.770000	-2.973210
0.771000	-2.706200
0.772000	-2.261300
0.773000	-2.083230
0.774000	-2.706200
0.775000	-2.172360
0.776000	-0.303463
0.777000	-0.303463
0.778000	-1.015370
0.779000	-0.748360
0.780000	0.408445
0.781000	0.942466
0.782000	1.654370
0.783000	1.921380
0.784000	1.476490
0.785000	2.099450
0.786000	2.366460
0.787000	1.654370
0.788000	1.921380
0.789000	3.256260
0.790000	3.434330
0.791000	3.078370
0.792000	4.591310
0.793000	4.680250
0.794000	3.167310
0.795000	2.722420
0.796000	2.633290
0.797000	2.099450
0.798000	2.989430
0.799000	3.701340
0.800000	3.167310
0.801000	2.989430
0.802000	2.989430
0.803000	2.455410
0.804000	1.031410
0.805000	1.565430
0.806000	2.544350
0.807000	0.853524
0.808000	0.408445
0.809000	0.408445
0.810000	-0.125395
0.811000	-1.193440
0.812000	-0.481349
0.813000	0.675456
0.814000	-1.015370
0.815000	-0.392406
0.816000	-2.884260
0.817000	-1.727280
0.818000	0.230559
0.819000	0.764581
0.820000	-2.528310
0.821000	-3.863180
0.822000	-2.439370
0.823000	-1.727280
0.824000	-1.460450
0.825000	-1.994290
0.826000	-2.528310
0.827000	-0.659417
0.828000	-1.104310
0.829000	-1.727280
0.830000	-1.816400
0.831000	-1.371320
0.832000	0.942466
0.833000	0.764581
0.834000	-0.926428
0.835000	-1.638340
0.836000	0.230559
0.837000	2.099450
0.838000	1.832440
0.839000	1.031410
0.840000	0.052491
0.841000	2.811360
0.842000	4.057290
0.843000	3.167310
0.844000	-1.015370
0.845000	2.722420
0.846000	6.905100
0.847000	3.078370
0.848000	0.408445
0.849000	1.832440
0.850000	3.523270
0.851000	7.261060
0.852000	3.523270
0.853000	1.565430
0.854000	4.413240
0.855000	3.256260
0.856000	0.319502
0.857000	1.921380
0.858000	4.591310
0.859000	4.413240
0.860000	2.099450
0.861000	2.010330
0.862000	2.900300
0.863000	3.345380
0.864000	1.120530
0.865000	0.319502
0.866000	-1.282380
0.867000	2.366460
0.868000	1.654370
0.869000	-1.994290
0.870000	-0.748360
0.871000	-0.392406
0.872000	-0.659417
0.873000	-0.659417
0.874000	0.052491
0.875000	-1.460450
0.876000	-2.528310
0.877000	-0.392406
0.878000	-1.104310
0.879000	-0.481349
0.880000	-0.837485
0.881000	-0.748360
0.882000	-0.926428
0.883000	-1.193440
0.884000	-2.706200
0.885000	-1.816400
0.886000	0.853524
0.887000	0.408445
0.888000	0.319502
0.889000	0.497570
0.890000	1.031410
0.891000	1.031410
0.892000	3.434330
0.893000	1.921380
0.894000	1.743500
0.895000	3.345380
0.896000	2.277340
0.897000	0.942466
0.898000	2.544350
0.899000	4.591310
0.900000	2.544350
0.901000	1.832440
0.902000	4.591310
0.903000	5.481100
0.904000	4.502190
0.905000	3.256260
0.906000	2.811360
0.907000	7.795080
0.908000	7.439120
0.909000	3.790280
0.910000	1.832440
0.911000	3.345380
0.912000	5.036210
0.913000	5.748120
0.914000	2.633290
0.915000	0.319502
0.916000	0.408445
0.917000	1.387550
0.918000	2.989430
0.919000	4.591310
0.920000	2.633290
0.921000	1.743500
0.922000	1.743500
0.923000	0.764581
0.924000	-0.303463
0.925000	-0.748360
0.926000	0.319502
0.927000	0.497570
0.928000	-0.481349
0.929000	-1.994290
0.930000	-1.727280
0.931000	-3.507230
0.932000	-0.837485
0.933000	0.675456
0.934000	1.387550
0.935000	1.120530
0.936000	-0.837485
0.937000	-3.952130
0.938000	0.586513
0.939000	0.675456
0.940000	2.633290
0.941000	-1.282380
0.942000	-4.486150
0.943000	-4.041250
0.944000	0.319502
0.945000	1.031410
0.946000	-0.659417
0.947000	2.099450
0.948000	5.748120
0.949000	6.994050
0.950000	3.701340
0.951000	0.764581
0.952000	-0.392406
0.953000	4.769200
0.954000	2.989430
0.955000	1.120530
0.956000	4.057290
0.957000	7.261060
0.958000	9.129950
0.959000	6.994050
0.960000	4.591310
0.961000	3.968350
0.962000	4.413240
0.963000	5.481100
0.964000	4.680250
0.965000	4.413240
0.966000	5.125150
0.967000	6.905100
0.968000	5.837240
0.969000	4.769200
0.970000	5.926180
0.971000	5.392160
0.972000	3.879220
0.973000	3.078370
0.974000	3.167310
0.975000	4.324300
0.976000	5.570230
0.977000	4.947270
0.978000	3.701340
0.979000	1.832440
0.980000	1.832440
0.981000	2.722420
0.982000	-0.036452
0.983000	-0.570474
0.984000	-1.816400
0.985000	-0.303463
0.986000	1.565430
0.987000	1.565430
0.988000	0.141616
0.989000	-0.214520
0.990000	-0.837485
0.991000	-1.104310
0.992000	0.141616
0.993000	-1.015370
0.994000	0.319502
0.995000	-0.303463
0.996000	-0.926428
0.997000	-1.638340
0.998000	-0.303463
0.999000	0.319502
1.000000	1.387550
1.001000	1.654370
1.002000	1.120530
1.003000	0.497570
1.004000	1.743500
1.005000	2.900300
1.006000	2.544350
1.007000	2.188400
1.008000	2.099450
1.009000	2.455410
1.010000	3.078370
1.011000	3.790280
1.012000	5.036210
1.013000	4.947270
1.014000	4.235360
1.015000	4.502190
1.016000	5.659170
1.017000	5.303220
1.018000	6.193190
1.019000	5.214280
1.020000	4.502190
1.021000	3.523270
1.022000	4.680250
1.023000	5.481100
1.024000	5.659170
1.025000	5.214280
1.026000	4.591310
1.027000	4.858140
1.028000	4.146230
1.029000	2.989430
1.030000	2.455410
1.031000	3.078370
1.032000	4.235360
1.033000	3.879220
1.034000	3.434330
1.035000	3.078370
1.036000	2.010330
1.037000	0.319502
1.038000	-0.659417
1.039000	-0.392406
1.040000	0.853524
1.041000	1.476490
1.042000	2.188400
1.043000	1.832440
1.044000	1.031410
1.045000	0.052491
1.046000	-0.125395
1.047000	-1.727280
1.048000	-1.816400
1.049000	-0.748360
1.050000	-0.036452
1.051000	0.586513
1.052000	0.052491
1.053000	-0.303463
1.054000	0.675456
1.055000	0.141616
1.056000	-1.193440
1.057000	-1.104310
1.058000	1.298420
1.059000	2.455410
1.060000	2.099450
1.061000	1.387550
1.062000	1.565430
1.063000	1.387550
1.064000	1.654370
1.065000	1.654370
1.066000	2.099450
1.067000	3.078370
1.068000	3.701340
1.069000	3.701340
1.070000	4.413240
1.071000	5.570230
1.072000	5.303220
1.073000	4.769200
1.074000	4.413240
1.075000	4.324300
1.076000	4.680250
1.077000	4.947270
1.078000	5.125150
1.079000	5.036210
1.080000	5.392160
1.081000	5.659170
1.082000	5.392160
1.083000	5.125150
1.084000	5.125150
1.085000	5.125150
1.086000	4.591310
1.087000	3.523270
1.088000	2.900300
1.089000	3.434330
1.090000	3.434330
1.091000	2.633290
1.092000	2.277340
1.093000	2.188400
1.094000	1.921380
1.095000	1.209480
1.096000	0.230559
1.097000	0.141616
1.098000	0.497570
1.099000	0.675456
1.100000	-0.481349
1.101000	-1.104310
1.102000	-0.570474
1.103000	-0.659417
1.104000	-1.282380
1.105000	-1.727280
1.106000	-1.638340
1.107000	-1.104310
1.108000	-0.748360
1.109000	-0.659417
1.110000	-0.926428
1.111000	-0.926428
1.112000	-0.570474
1.113000	-0.392406
1.114000	0.052491
1.115000	-0.036452
1.116000	0.764581
1.117000	1.031410
1.118000	1.387550
1.119000	1.743500
1.120000	2.099450
1.121000	2.722420
1.122000	2.722420
1.123000	2.188400
1.124000	2.277340
1.125000	3.701340
1.126000	4.413240
1.127000	4.680250
1.128000	3.701340
1.129000	4.057290
1.130000	4.769200
1.131000	5.392160
1.132000	4.324300
1.133000	4.057290
1.134000	5.303220
1.135000	5.036210
1.136000	3.968350
1.137000	4.057290
1.138000	4.324300
1.139000	4.502190
1.140000	4.502190
1.141000	3.879220
1.142000	2.989430
1.143000	3.167310
1.144000	3.256260
1.145000	2.811360
1.146000	2.455410
1.147000	1.387550
1.148000	1.565430
1.149000	2.277340
1.150000	1.387550
1.151000	0.675456
1.152000	0.141616
1.153000	0.675456
1.154000	-0.392406
1.155000	-0.303463
1.156000	-0.392406
1.157000	-1.015370
1.158000	-0.214520
1.159000	0.586513
1.160000	-1.193440
1.161000	-2.439370
1.162000	-0.481349
1.163000	0.141616
1.164000	-0.748360
1.165000	-2.439370
1.166000	-1.282380
1.167000	-0.748360
1.168000	0.408445
1.169000	0.141616
1.170000	-1.015370
1.171000	-1.015370
1.172000	0.230559
1.173000	0.942466
1.174000	0.230559
1.175000	0.141616
1.176000	1.565430
1.177000	1.921380
1.178000	1.565430
1.179000	1.387550
1.180000	1.031410
1.181000	2.277340
1.182000	3.879220
1.183000	2.633290
1.184000	2.188400
1.185000	2.455410
1.186000	3.434330
1.187000	3.879220
1.188000	4.769200
1.189000	2.989430
1.190000	2.900300
1.191000	3.256260
1.192000	4.413240
1.193000	4.769200
1.194000	4.057290
1.195000	2.455410
1.196000	2.633290
1.197000	3.879220
1.198000	4.502190
1.199000	3.612390
1.200000	2.099450
1.201000	2.277340
1.202000	3.790280
1.203000	2.989430
1.204000	1.743500
1.205000	1.921380
1.206000	1.031410
1.207000	2.010330
1.208000	1.743500
1.209000	0.764581
1.210000	0.497570
1.211000	1.031410
1.212000	1.031410
1.213000	1.031410
1.214000	1.209480
1.215000	-0.481349
1.216000	-0.837485
1.217000	0.586513
1.218000	1.031410
1.219000	0.408445
1.220000	0.497570
1.221000	-0.837485
1.222000	0.586513
1.223000	2.900300
1.224000	2.633290
1.225000	-0.926428
1.226000	-0.392406
1.227000	2.099450
1.228000	3.078370
1.229000	2.366460
1.230000	1.031410
1.231000	0.764581
1.232000	2.633290
1.233000	4.769200
1.234000	3.612390
1.235000	2.277340
1.236000	1.921380
1.237000	3.523270
1.238000	5.125150
1.239000	5.659170
1.240000	3.256260
1.241000	2.722420
1.242000	4.769200
1.243000	5.481100
1.244000	5.303220
1.245000	3.701340
1.246000	3.256260
1.247000	4.146230
1.248000	4.057290
1.249000	5.303220
1.250000	4.413240
1.251000	3.612390
1.252000	3.790280
1.253000	3.256260
1.254000	3.167310
1.255000	3.968350
1.256000	3.167310
1.257000	2.633290
1.258000	2.188400
1.259000	2.900300
1.260000	2.010330
1.261000	2.099450
1.262000	1.654370
1.263000	0.586513
1.264000	0.141616
1.265000	0.497570
1.266000	1.031410
1.267000	-0.303463
1.268000	-1.104310
1.269000	0.319502
1.270000	0.675456
1.271000	0.853524
1.272000	0.052491
1.273000	-1.371320
1.274000	-0.214520
1.275000	0.052491
1.276000	0.052491
1.277000	-0.926428
1.278000	-0.837485
1.279000	-0.926428
1.280000	-0.036452
1.281000	1.031410
1.282000	0.586513
1.283000	0.764581
1.284000	1.209480
1.285000	1.031410
1.286000	1.120530
1.287000	1.921380
1.288000	1.209480
1.289000	1.476490
1.290000	3.701340
1.291000	3.434330
1.292000	1.565430
1.293000	1.921380
1.294000	3.167310
1.295000	4.146230
1.296000	4.413240
1.297000	3.879220
1.298000	2.811360
1.299000	4.146230
1.300000	5.125150
1.301000	5.392160
1.302000	3.345380
1.303000	3.167310
1.304000	4.324300
1.305000	5.036210
1.306000	4.680250
1.307000	3.167310
1.308000	2.989430
1.309000	3.879220
1.310000	3.701340
1.311000	3.167310
1.312000	2.633290
1.313000	1.743500
1.314000	1.921380
1.315000	3.256260
1.316000	2.633290
1.317000	1.565430
1.318000	2.099450
1.319000	1.921380
1.320000	1.298420
1.321000	0.764581
1.322000	0.853524
1.323000	-0.125395
1.324000	-0.214520
1.325000	0.942466
1.326000	1.387550
1.327000	0.675456
1.328000	1.209480
1.329000	1.298420
1.330000	0.497570
1.331000	0.497570
1.332000	-0.036452
1.333000	-0.837485
1.334000	-0.125395
1.335000	1.476490
1.336000	0.853524
1.337000	0.052491
1.338000	1.743500
1.339000	3.078370
1.340000	2.455410
1.341000	1.654370
1.342000	1.387550
1.343000	1.565430
1.344000	2.366460
1.345000	2.633290
1.346000	2.544350
1.347000	2.900300
1.348000	2.811360
1.349000	2.811360
1.350000	2.900300
1.351000	3.167310
1.352000	3.434330
1.353000	3.523270
1.354000	3.879220
1.355000	3.701340
1.356000	3.434330
1.357000	3.879220
1.358000	3.879220
1.359000	3.167310
1.360000	3.434330
1.361000	3.879220
1.362000	3.167310
1.363000	2.633290
1.364000	2.900300
1.365000	3.167310
1.366000	3.523270
1.367000	3.612390
1.368000	3.078370
1.369000	2.900300
1.370000	3.078370
1.371000	2.544350
1.372000	1.565430
1.373000	1.654370
1.374000	2.455410
1.375000	1.921380
1.376000	1.387550
1.377000	1.921380
1.378000	2.188400
1.379000	2.188400
1.380000	2.099450
1.381000	1.565430
1.382000	1.209480
1.383000	1.298420
1.384000	1.476490
1.385000	1.476490
1.386000	1.387550
1.387000	1.565430
1.388000	1.743500
1.389000	1.743500
1.390000	3.167310
1.391000	3.167310
1.392000	1.921380
1.393000	0.586513
1.394000	1.120530
1.395000	1.743500
1.396000	2.188400
1.397000	2.633290
1.398000	2.989430
1.399000	3.523270
1.400000	3.790280
1.401000	2.811360
1.402000	2.188400
1.403000	2.811360
1.404000	3.879220
1.405000	3.523270
1.406000	2.989430
1.407000	3.256260
1.408000	4.324300
1.409000	4.769200
1.410000	4.324300
1.411000	3.612390
1.412000	3.434330
1.413000	3.790280
1.414000	3.523270
1.415000	3.256260
1.416000	3.256260
1.417000	3.701340
1.418000	3.612390
1.419000	3.345380
1.420000	3.612390
1.421000	3.701340
1.422000	2.989430
1.423000	2.099450
1.424000	1.654370
1.425000	1.743500
1.426000	2.455410
1.427000	2.633290
1.428000	2.099450
1.429000	1.743500
1.430000	1.832440
1.431000	1.921380
1.432000	1.476490
1.433000	0.942466
1.434000	0.675456
1.435000	0.853524
1.436000	1.209480
1.437000	1.565430
1.438000	1.743500
1.439000	1.476490
1.440000	1.387550
1.441000	1.209480
1.442000	1.031410
1.443000	1.298420
1.444000	1.654370
1.445000	1.921380
1.446000	1.921380
1.447000	2.010330
1.448000	2.633290
1.449000	2.900300
1.450000	2.811360
1.451000	2.722420
1.452000	2.633290
1.453000	2.989430
1.454000	3.701340
1.455000	3.345380
1.456000	3.612390
1.457000	3.968350
1.458000	4.057290
1.459000	4.057290
1.460000	4.235360
1.461000	4.413240
1.462000	4.502190
1.463000	4.413240
1.464000	3.968350
1.465000	4.057290
1.466000	4.413240
1.467000	4.947270
1.468000	4.680250
1.469000	4.324300
1.470000	3.968350
1.471000	3.701340
1.472000	3.256260
1.473000	3.345380
1.474000	3.078370
1.475000	3.167310
1.476000	3.167310
1.477000	3.879220
1.478000	3.879220
1.479000	3.256260
1.480000	2.455410
1.481000	1.743500
1.482000	1.832440
1.483000	1.921380
1.484000	2.188400
1.485000	1.743500
1.486000	1.387550
1.487000	1.565430
1.488000	1.743500
1.489000	1.031410
1.490000	0.942466
1.491000	1.209480
1.492000	2.099450
1.493000	1.921380
1.494000	1.387550
1.495000	0.853524
1.496000	1.209480
1.497000	1.476490
1.498000	1.654370
1.499000	2.099450
1.500000	2.544350
1.501000	1.743500
1.502000	1.387550
1.503000	2.010330
1.504000	2.633290
1.505000	2.010330
1.506000	2.277340
1.507000	3.167310
1.508000	3.879220
1.509000	3.879220
1.510000	4.057290
1.511000	3.701340
1.512000	3.879220
1.513000	4.591310
1.514000	3.968350
1.515000	2.900300
1.516000	2.900300
1.517000	4.502190
1.518000	5.659170
1.519000	4.591310
1.520000	4.413240
1.521000	4.057290
1.522000	4.324300
1.523000	5.125150
1.524000	4.502190
1.525000	3.612390
1.526000	3.434330
1.527000	4.680250
1.528000	4.769200
1.529000	4.502190
1.530000	3.434330
1.531000	3.256260
1.532000	2.989430
1.533000	2.989430
1.534000	3.256260
1.535000	2.455410
1.536000	2.277340
1.537000	2.811360
1.538000	3.434330
1.539000	2.277340
1.540000	1.387550
1.541000	1.476490
1.542000	2.722420
1.543000	2.722420
1.544000	2.188400
1.545000	1.476490
1.546000	0.942466
1.547000	1.476490
1.548000	2.366460
1.549000	1.743500
1.550000	1.565430
1.551000	2.010330
1.552000	2.455410
1.553000	2.366460
1.554000	2.366460
1.555000	2.722420
1.556000	2.099450
1.557000	1.654370
1.558000	2.455410
1.559000	3.434330
1.560000	3.078370
1.561000	3.434330
1.562000	3.345380
1.563000	3.968350
1.564000	4.235360
1.565000	3.879220
1.566000	3.167310
1.567000	3.612390
1.568000	4.858140
1.569000	5.036210
1.570000	4.591310
1.571000	4.324300
1.572000	4.769200
1.573000	5.036210
1.574000	4.413240
1.575000	4.769200
1.576000	5.125150
1.577000	5.392160
1.578000	4.947270
1.579000	4.324300
1.580000	4.769200
1.581000	4.591310
1.582000	3.968350
1.583000	4.235360
1.584000	4.235360
1.585000	4.146230
1.586000	3.790280
1.587000	3.523270
1.588000	3.701340
1.589000	3.523270
1.590000	3.523270
1.591000	2.633290
1.592000	2.455410
1.593000	2.900300
1.594000	3.256260
1.595000	2.811360
1.596000	2.811360
1.597000	2.277340
1.598000	2.010330
1.599000	2.633290
1.600000	2.544350
1.601000	1.298420
1.602000	1.209480
1.603000	2.277340
1.604000	2.277340
1.605000	2.010330
1.606000	1.654370
1.607000	2.010330
1.608000	2.455410
1.609000	2.989430
1.610000	2.811360
1.611000	2.188400
1.612000	2.544350
1.613000	2.455410
1.614000	2.722420
1.615000	3.078370
1.616000	2.900300
1.617000	3.345380
1.618000	2.900300
1.619000	3.434330
1.620000	3.879220
1.621000	4.324300
1.622000	4.591310
1.623000	4.858140
1.624000	4.680250
1.625000	4.235360
1.626000	4.324300
1.627000	4.680250
1.628000	4.858140
1.629000	4.858140
1.630000	4.680250
1.631000	4.680250
1.632000	4.680250
1.633000	5.036210
1.634000	5.036210
1.635000	4.680250
1.636000	4.947270
1.637000	4.858140
1.638000	3.879220
1.639000	4.502190
1.640000	4.769200
1.641000	3.879220
1.642000	4.413240
1.643000	4.413240
1.644000	3.701340
1.645000	3.078370
1.646000	3.256260
1.647000	3.167310
1.648000	3.167310
1.649000	3.167310
1.650000	3.167310
1.651000	2.811360
1.652000	2.633290
1.653000	2.366460
1.654000	2.010330
1.655000	1.743500
1.656000	2.188400
1.657000	2.099450
1.658000	2.099450
1.659000	2.099450
1.660000	2.188400
1.661000	2.099450
1.662000	2.099450
1.663000	2.188400
1.664000	1.921380
1.665000	1.565430
1.666000	1.832440
1.667000	2.188400
1.668000	2.188400
1.669000	2.633290
1.670000	2.900300
1.671000	3.078370
1.672000	2.811360
1.673000	2.811360
1.674000	2.989430
1.675000	3.167310
1.676000	3.345380
1.677000	3.256260
1.678000	3.523270
1.679000	3.968350
1.680000	3.968350
1.681000	3.790280
1.682000	4.235360
1.683000	4.502190
1.684000	4.502190
1.685000	4.324300
1.686000	4.235360
1.687000	4.324300
1.688000	4.769200
1.689000	4.680250
1.690000	4.680250
1.691000	4.591310
1.692000	4.680250
1.693000	4.591310
1.694000	4.502190
1.695000	4.235360
1.696000	3.879220
1.697000	4.057290
1.698000	4.235360
1.699000	3.968350
1.700000	3.790280
1.701000	3.701340
1.702000	3.701340
1.703000	3.434330
1.704000	3.256260
1.705000	3.167310
1.706000	2.811360
1.707000	2.722420
1.708000	2.544350
1.709000	2.544350
1.710000	2.811360
1.711000	2.544350
1.712000	2.188400
1.713000	2.010330
1.714000	2.277340
1.715000	2.366460
1.716000	2.366460
1.717000	2.099450
1.718000	2.010330
1.719000	1.921380
1.720000	1.921380
1.721000	2.099450
1.722000	2.010330
1.723000	2.277340
1.724000	2.455410
1.725000	2.544350
1.726000	2.544350
1.727000	2.722420
1.728000	2.989430
1.729000	3.078370
1.730000	2.811360
1.731000	2.900300
1.732000	3.078370
1.733000	3.167310
1.734000	3.167310
1.735000	3.256260
1.736000	3.345380
1.737000	3.612390
1.738000	3.879220
1.739000	3.879220
1.740000	3.879220
1.741000	3.879220
1.742000	3.879220
1.743000	3.968350
1.744000	3.879220
1.745000	3.523270
1.746000	3.345380
1.747000	3.434330
1.748000	3.434330
1.749000	3.256260
1.750000	3.256260
1.751000	3.345380
1.752000	3.434330
1.753000	3.345380
1.754000	3.345380
1.755000	3.078370
1.756000	3.078370
1.757000	2.811360
1.758000	2.544350
1.759000	2.277340
1.760000	1.921380
1.761000	1.921380
1.762000	2.366460
1.763000	2.544350
1.764000	2.099450
1.765000	1.654370
1.766000	2.099450
1.767000	2.366460
1.768000	2.366460
1.769000	1.921380
1.770000	1.565430
1.771000	1.476490
1.772000	1.743500
1.773000	2.010330
1.774000	1.921380
1.775000	1.832440
1.776000	1.921380
1.777000	2.188400
1.778000	2.366460
1.779000	2.366460
1.780000	2.010330
1.781000	2.010330
1.782000	2.633290
1.783000	2.722420
1.784000	2.455410
1.785000	2.188400
1.786000	2.544350
1.787000	3.434330
1.788000	3.167310
1.789000	2.811360
1.790000	2.900300
1.791000	3.078370
1.792000	2.722420
1.793000	3.167310
1.794000	3.434330
1.795000	3.434330
1.796000	3.256260
1.797000	3.434330
1.798000	3.345380
1.799000	3.523270
1.800000	3.790280
1.801000	3.434330
1.802000	2.989430
1.803000	3.256260
1.804000	3.345380
1.805000	2.811360
1.806000	2.722420
1.807000	3.078370
1.808000	2.989430
1.809000	2.989430
1.810000	3.167310
1.811000	2.722420
1.812000	2.366460
1.813000	2.544350
1.814000	2.989430
1.815000	2.633290
1.816000	2.455410
1.817000	2.277340
1.818000	2.455410
1.819000	2.277340
1.820000	2.277340
1.821000	1.921380
1.822000	2.010330
1.823000	2.188400
1.824000	2.544350
1.825000	2.455410
1.826000	2.099450
1.827000	2.099450
1.828000	2.633290
1.829000	2.277340
1.830000	2.366460
1.831000	2.455410
1.832000	2.188400
1.833000	2.366460
1.834000	2.544350
1.835000	2.366460
1.836000	2.188400
1.837000	2.544350
1.838000	2.633290
1.839000	2.900300
1.840000	2.811360
1.841000	2.722420
1.842000	2.811360
1.843000	2.633290
1.844000	2.989430
1.845000	2.722420
1.846000	2.633290
1.847000	3.345380
1.848000	3.701340
1.849000	3.167310
1.850000	2.633290
1.851000	3.078370
1.852000	3.523270
1.853000	3.345380
1.854000	2.633290
1.855000	2.633290
1.856000	3.167310
1.857000	3.256260
1.858000	3.256260
1.859000	3.167310
1.860000	2.900300
1.861000	3.345380
1.862000	3.078370
1.863000	2.811360
1.864000	2.900300
1.865000	2.366460
1.866000	2.099450
1.867000	2.544350
1.868000	2.633290
1.869000	2.277340
1.870000	2.544350
1.871000	2.277340
1.872000	2.811360
1.873000	2.989430
1.874000	2.633290
1.875000	2.010330
1.876000	2.366460
1.877000	2.188400
1.878000	2.188400
1.879000	1.921380
1.880000	1.743500
1.881000	1.743500
1.882000	2.277340
1.883000	2.989430
1.884000	3.167310
1.885000	2.455410
1.886000	2.366460
1.887000	2.366460
1.888000	2.544350
1.889000	2.277340
1.890000	2.366460
1.891000	2.099450
1.892000	2.455410
1.893000	2.989430
1.894000	2.989430
1.895000	3.078370
1.896000	2.811360
1.897000	2.900300
1.898000	2.633290
1.899000	2.989430
1.900000	2.811360
1.901000	2.544350
1.902000	2.722420
1.903000	3.078370
1.904000	2.989430
1.905000	2.544350
1.906000	2.455410
1.907000	2.633290
1.908000	2.455410
1.909000	2.633290
1.910000	2.366460
1.911000	2.010330
1.912000	2.366460
1.913000	2.811360
1.914000	2.722420
1.915000	2.099450
1.916000	1.921380
1.917000	2.544350
1.918000	2.544350
1.919000	2.277340
1.920000	1.832440
1.921000	1.565430
1.922000	1.565430
1.923000	1.921380
1.924000	2.188400
1.925000	2.099450
1.926000	1.743500
1.927000	2.366460
1.928000	2.455410
1.929000	2.277340
1.930000	2.099450
1.931000	1.743500
1.932000	1.565430
1.933000	2.010330
1.934000	2.366460
1.935000	2.277340
1.936000	1.921380
1.937000	2.277340
1.938000	2.633290
1.939000	2.455410
1.940000	2.544350
1.941000	2.900300
1.942000	2.811360
1.943000	2.989430
1.944000	3.256260
1.945000	2.989430
1.946000	2.544350
1.947000	2.633290
1.948000	3.167310
1.949000	2.900300
1.950000	2.722420
1.951000	2.633290
1.952000	2.900300
1.953000	2.900300
1.954000	3.256260
1.955000	3.523270
1.956000	3.167310
1.957000	3.167310
1.958000	3.434330
1.959000	3.345380
1.960000	3.167310
1.961000	3.078370
1.962000	2.811360
1.963000	2.544350
1.964000	2.544350
1.965000	2.544350
1.966000	2.633290
1.967000	2.811360
1.968000	2.811360
1.969000	3.167310
1.970000	2.900300
1.971000	2.811360
1.972000	2.633290
1.973000	2.455410
1.974000	2.455410
1.975000	2.455410
1.976000	2.366460
1.977000	2.277340
1.978000	2.099450
1.979000	2.188400
1.980000	2.366460
1.981000	2.366460
1.982000	2.455410
1.983000	2.366460
1.984000	2.455410
1.985000	2.633290
1.986000	2.544350
1.987000	2.811360
1.988000	2.455410
1.989000	2.366460
1.990000	2.811360
1.991000	2.900300
1.992000	2.811360
1.993000	2.811360
1.994000	2.900300
1.995000	2.900300
1.996000	2.900300
1.997000	2.989430
1.998000	3.167310
1.999000	3.434330
2.000000	3.701340
2.001000	3.701340
2.002000	3.523270
2.003000	3.434330
2.004000	3.523270
2.005000	3.256260
2.006000	3.256260
2.007000	3.256260
2.008000	3.434330
2.009000	3.256260
2.010000	3.523270
2.011000	3.434330
2.012000	3.434330
2.013000	3.434330
2.014000	3.345380
2.015000	3.256260
2.016000	3.256260
2.017000	2.989430
2.018000	2.633290
2.019000	2.544350
2.020000	2.633290
2.021000	2.722420
2.022000	2.722420
2.023000	2.633290
2.024000	2.366460
2.025000	2.277340
2.026000	2.366460
2.027000	2.366460
2.028000	2.188400
2.029000	1.921380
2.030000	1.743500
2.031000	1.921380
2.032000	2.010330
2.033000	2.010330
2.034000	1.921380
2.035000	1.654370
2.036000	1.654370
2.037000	1.654370
2.038000	1.743500
2.039000	1.832440
2.040000	2.099450
2.041000	2.099450
2.042000	2.188400
2.043000	2.099450
2.044000	2.188400
2.045000	2.099450
2.046000	2.099450
2.047000	2.099450
2.048000	2.188400
2.049000	2.366460
2.050000	2.455410
2.051000	2.544350
2.052000	2.633290
2.053000	2.722420
2.054000	3.167310
2.055000	3.167310
2.056000	3.167310
2.057000	3.256260
2.058000	3.167310
2.059000	3.256260
2.060000	3.256260
2.061000	3.078370
2.062000	3.078370
2.063000	3.167310
2.064000	3.167310
2.065000	3.167310
2.066000	3.167310
2.067000	3.256260
2.068000	3.167310
2.069000	2.900300
2.070000	2.722420
2.071000	2.811360
2.072000	2.811360
2.073000	2.811360
2.074000	2.722420
2.075000	2.544350
2.076000	2.277340
2.077000	2.366460
2.078000	2.455410
2.079000	2.188400
2.080000	1.832440
2.081000	1.832440
2.082000	2.010330
2.083000	2.010330
2.084000	1.921380
2.085000	1.832440
2.086000	1.743500
2.087000	1.743500
2.088000	2.099450
2.089000	2.099450
2.090000	1.832440
2.091000	1.832440
2.092000	1.832440
2.093000	2.099450
2.094000	1.921380
2.095000	2.099450
2.096000	2.188400
2.097000	2.366460
2.098000	2.455410
2.099000	2.633290
2.100000	2.722420
2.101000	2.722420
2.102000	2.633290
2.103000	2.811360
2.104000	2.989430
2.105000	3.167310
2.106000	3.256260
2.107000	2.989430
2.108000	3.345380
2.109000	3.256260
2.110000	3.167310
2.111000	3.256260
2.112000	3.523270
2.113000	3.701340
2.114000	3.790280
2.115000	3.701340
2.116000	3.612390
2.117000	3.701340
2.118000	3.968350
2.119000	3.701340
2.120000	3.523270
2.121000	3.256260
2.122000	3.434330
2.123000	3.434330
2.124000	3.612390
2.125000	3.523270
2.126000	3.612390
2.127000	3.434330
2.128000	3.523270
2.129000	3.612390
2.130000	3.523270
2.131000	3.167310
2.132000	2.989430
2.133000	3.078370
2.134000	3.167310
2.135000	2.900300
2.136000	2.722420
2.137000	2.455410
2.138000	2.722420
2.139000	2.811360
2.140000	2.722420
2.141000	2.544350
2.142000	2.455410
2.143000	2.811360
2.144000	2.900300
2.145000	2.900300
2.146000	2.544350
2.147000	2.455410
2.148000	2.455410
2.149000	2.544350
2.150000	2.633290
2.151000	2.366460
2.152000	2.188400
2.153000	2.544350
2.154000	2.900300
2.155000	2.900300
2.156000	2.633290
2.157000	2.633290
2.158000	2.989430
2.159000	2.989430
2.160000	3.256260
2.161000	3.167310
2.162000	3.078370
2.163000	3.256260
2.164000	3.523270
2.165000	3.434330
2.166000	3.167310
2.167000	3.345380
2.168000	3.345380
2.169000	3.256260
2.170000	3.523270
2.171000	3.612390
2.172000	3.523270
2.173000	3.523270
2.174000	3.790280
2.175000	3.968350
2.176000	3.701340
2.177000	3.790280
2.178000	3.879220
2.179000	3.701340
2.180000	3.612390
2.181000	3.345380
2.182000	3.167310
2.183000	3.167310
2.184000	3.345380
2.185000	3.434330
2.186000	3.256260
2.187000	3.256260
2.188000	3.345380
2.189000	3.434330
2.190000	3.434330
2.191000	3.256260
2.192000	2.989430
2.193000	2.900300
2.194000	2.811360
2.195000	2.811360
2.196000	2.811360
2.197000	2.455410
2.198000	2.544350
2.199000	2.544350
2.200000	2.811360
2.201000	2.722420
2.202000	2.455410
2.203000	2.188400
2.204000	2.455410
2.205000	2.811360
2.206000	2.900300
2.207000	2.811360
2.208000	2.811360
2.209000	2.722420
2.210000	2.900300
2.211000	2.633290
2.212000	2.366460
2.213000	2.455410
2.214000	2.633290
2.215000	2.900300
2.216000	3.078370
2.217000	3.167310
2.218000	3.078370
2.219000	2.989430
2.220000	3.167310
2.221000	3.078370
2.222000	2.900300
2.223000	2.989430
2.224000	3.167310
2.225000	3.256260
2.226000	3.523270
2.227000	3.523270
2.228000	3.434330
2.229000	3.612390
2.230000	3.523270
2.231000	3.256260
2.232000	2.989430
2.233000	2.989430
2.234000	3.256260
2.235000	3.345380
2.236000	3.434330
2.237000	3.434330
2.238000	3.523270
2.239000	3.612390
2.240000	3.701340
2.241000	3.345380
2.242000	2.989430
2.243000	2.900300
2.244000	3.078370
2.245000	3.078370
2.246000	2.900300
2.247000	2.900300
2.248000	2.900300
2.249000	2.900300
2.250000	2.989430
2.251000	2.811360
2.252000	2.722420
2.253000	2.900300
2.254000	2.900300
2.255000	3.078370
2.256000	2.989430
2.257000	2.900300
2.258000	2.811360
2.259000	2.722420
2.260000	2.633290
2.261000	2.455410
2.262000	2.455410
2.263000	2.633290
2.264000	2.633290
2.265000	2.900300
2.266000	2.989430
2.267000	2.989430
2.268000	2.900300
2.269000	3.167310
2.270000	2.989430
2.271000	3.078370
2.272000	2.900300
2.273000	2.722420
2.274000	2.633290
2.275000	2.900300
2.276000	2.989430
2.277000	2.989430
2.278000	3.167310
2.279000	3.167310
2.280000	3.345380
2.281000	3.345380
2.282000	3.256260
2.283000	3.256260
2.284000	3.256260
2.285000	4.680250
2.286000	0.675456
2.287000	1.476490
2.288000	4.235360
2.289000	4.502190
2.290000	4.502190
2.291000	3.434330
2.292000	2.455410
2.293000	2.811360
2.294000	3.078370
2.295000	2.633290
2.296000	2.455410
2.297000	3.345380
2.298000	4.057290
2.299000	3.523270
2.300000	3.167310
2.301000	3.523270
2.302000	3.612390
2.303000	2.989430
2.304000	2.544350
2.305000	2.455410
2.306000	2.900300
2.307000	3.434330
2.308000	3.523270
2.309000	3.523270
2.310000	3.701340
2.311000	3.879220
2.312000	3.612390
2.313000	2.544350
2.314000	2.544350
2.315000	2.989430
2.316000	2.455410
2.317000	2.544350
2.318000	3.345380
2.319000	3.790280
2.320000	3.879220
2.321000	3.879220
2.322000	3.078370
2.323000	2.633290
2.324000	2.989430
2.325000	2.989430
2.326000	2.722420
2.327000	2.900300
2.328000	3.256260
2.329000	3.434330
2.330000	3.345380
2.331000	3.434330
2.332000	3.167310
2.333000	2.900300
2.334000	2.811360
2.335000	2.722420
2.336000	2.544350
2.337000	2.989430
2.338000	3.256260
2.339000	3.345380
2.340000	3.256260
2.341000	3.256260
2.342000	2.989430
2.343000	2.811360
2.344000	2.722420
2.345000	2.811360
2.346000	2.722420
2.347000	2.722420
2.348000	2.811360
2.349000	2.900300
2.350000	3.078370
2.351000	3.167310
2.352000	3.078370
2.353000	2.811360
2.354000	2.900300
2.355000	2.989430
2.356000	2.811360
2.357000	2.900300
2.358000	2.811360
2.359000	2.989430
2.360000	3.078370
2.361000	3.256260
2.362000	3.078370
2.363000	3.078370
2.364000	3.078370
2.365000	2.989430
2.366000	2.811360
2.367000	2.989430
2.368000	3.167310
2.369000	3.345380
2.370000	3.345380
2.371000	3.256260
2.372000	3.167310
2.373000	2.989430
2.374000	3.078370
2.375000	3.078370
2.376000	3.078370
2.377000	3.167310
2.378000	3.256260
2.379000	3.167310
2.380000	3.167310
2.381000	3.167310
2.382000	3.167310
2.383000	2.900300
2.384000	2.633290
2.385000	2.544350
2.386000	2.633290
2.387000	2.811360
2.388000	2.722420
2.389000	2.544350
2.390000	2.455410
2.391000	2.633290
2.392000	2.811360
2.393000	2.811360
2.394000	2.722420
2.395000	2.544350
2.396000	2.277340
2.397000	2.188400
2.398000	2.188400
2.399000	1.921380
2.400000	1.921380
2.401000	2.010330
2.402000	2.188400
2.403000	2.099450
2.404000	2.455410
2.405000	2.455410
2.406000	2.455410
2.407000	2.455410
2.408000	2.277340
2.409000	2.277340
2.410000	2.455410
2.411000	2.544350
2.412000	2.722420
2.413000	2.455410
2.414000	2.277340
2.415000	2.366460
2.416000	2.722420
2.417000	2.811360
2.418000	2.811360
2.419000	2.811360
2.420000	2.989430
2.421000	3.078370
2.422000	3.167310
2.423000	3.256260
2.424000	3.256260
2.425000	3.167310
2.426000	3.167310
2.427000	3.256260
2.428000	3.345380
2.429000	3.434330
2.430000	3.345380
2.431000	3.078370
2.432000	3.256260
2.433000	3.434330
2.434000	3.345380
2.435000	3.345380
2.436000	3.256260
2.437000	3.256260
2.438000	3.256260
2.439000	3.167310
2.440000	3.167310
2.441000	3.078370
2.442000	2.989430
2.443000	2.989430
2.444000	2.811360
2.445000	2.633290
2.446000	2.544350
2.447000	2.544350
2.448000	2.633290
2.449000	2.455410
2.450000	2.366460
2.451000	2.455410
2.452000	2.455410
2.453000	2.455410
2.454000	2.366460
2.455000	2.099450
2.456000	2.188400
2.457000	2.188400
2.458000	2.188400
2.459000	2.099450
2.460000	2.277340
2.461000	2.188400
2.462000	2.099450
2.463000	2.277340
2.464000	2.277340
2.465000	2.366460
2.466000	2.366460
2.467000	2.544350
2.468000	2.544350
2.469000	2.544350
2.470000	2.633290
2.471000	2.633290
2.472000	2.811360
2.473000	2.989430
2.474000	2.900300
2.475000	3.078370
2.476000	3.256260
2.477000	3.256260
2.478000	3.434330
2.479000	3.523270
2.480000	3.523270
2.481000	3.434330
2.482000	3.701340
2.483000	3.612390
2.484000	3.612390
2.485000	3.612390
2.486000	3.434330
2.487000	3.701340
2.488000	3.790280
2.489000	3.879220
2.490000	3.790280
2.491000	3.701340
2.492000	3.523270
2.493000	3.701340
2.494000	3.612390
2.495000	3.523270
2.496000	3.256260
2.497000	3.256260
2.498000	3.167310
2.499000	3.078370
2.500000	3.078370
2.501000	2.989430
2.502000	2.900300
2.503000	2.900300
2.504000	2.900300
2.505000	2.633290
2.506000	2.633290
2.507000	2.455410
2.508000	2.455410
2.509000	2.366460
2.510000	2.277340
2.511000	2.188400
2.512000	2.010330
2.513000	1.921380
2.514000	2.010330
2.515000	1.832440
2.516000	1.921380
2.517000	2.010330
2.518000	2.099450
2.519000	1.921380
2.520000	2.010330
2.521000	2.099450
2.522000	2.099450
2.523000	2.188400
2.524000	2.188400
2.525000	2.188400
2.526000	2.277340
2.527000	2.277340
2.528000	2.366460
2.529000	2.366460
2.530000	2.366460
2.531000	2.811360
2.532000	2.811360
2.533000	2.900300
2.534000	2.989430
2.535000	3.167310
2.536000	2.989430
2.537000	3.078370
2.538000	3.167310
2.539000	3.167310
2.540000	3.345380
2.541000	3.434330
2.542000	3.434330
2.543000	3.612390
2.544000	3.701340
2.545000	3.612390
2.546000	3.434330
2.547000	3.523270
2.548000	3.434330
2.549000	3.345380
2.550000	3.345380
2.551000	3.345380
2.552000	3.167310
2.553000	3.167310
2.554000	2.989430
2.555000	2.989430
2.556000	2.989430
2.557000	2.811360
2.558000	2.722420
2.559000	2.633290
2.560000	2.722420
2.561000	2.544350
2.562000	2.455410
2.563000	2.366460
2.564000	2.366460
2.565000	2.277340
2.566000	2.277340
2.567000	2.188400
2.568000	2.099450
2.569000	1.921380
2.570000	1.743500
2.571000	2.010330
2.572000	1.921380
2.573000	1.832440
2.574000	2.010330
2.575000	2.010330
2.576000	2.099450
2.577000	2.099450
2.578000	2.188400
2.579000	2.010330
2.580000	2.010330
2.581000	2.099450
2.582000	2.099450
2.583000	2.188400
2.584000	2.188400
2.585000	2.188400
2.586000	2.366460
2.587000	2.544350
2.588000	2.722420
2.589000	2.722420
2.590000	2.989430
2.591000	2.811360
2.592000	2.900300
2.593000	2.989430
2.594000	3.078370
2.595000	3.078370
2.596000	3.078370
2.597000	3.078370
2.598000	3.167310
2.599000	3.345380
2.600000	3.256260
2.601000	3.434330
2.602000	3.256260
2.603000	3.345380
2.604000	3.523270
2.605000	3.523270
2.606000	3.523270
2.607000	3.523270
2.608000	3.434330
2.609000	3.434330
2.610000	3.523270
2.611000	3.345380
2.612000	3.256260
2.613000	3.167310
2.614000	3.078370
2.615000	3.078370
2.616000	3.078370
2.617000	3.078370
2.618000	2.989430
2.619000	2.900300
2.620000	2.900300
2.621000	2.900300
2.622000	2.900300
2.623000	2.722420
2.624000	2.722420
2.625000	2.633290
2.626000	2.633290
2.627000	2.455410
2.628000	2.455410
2.629000	2.455410
2.630000	2.188400
2.631000	2.277340
2.632000	2.277340
2.633000	2.366460
2.634000	2.455410
2.635000	2.366460
2.636000	2.366460
2.637000	2.366460
2.638000	2.455410
2.639000	2.455410
2.640000	2.544350
2.641000	2.455410
2.642000	2.455410
2.643000	2.544350
2.644000	2.633290
2.645000	2.633290
2.646000	2.722420
2.647000	2.811360
2.648000	2.900300
2.649000	3.078370
2.650000	3.167310
2.651000	3.167310
2.652000	3.167310
2.653000	3.256260
2.654000	3.256260
2.655000	3.256260
2.656000	3.345380
2.657000	3.345380
2.658000	3.345380
2.659000	3.256260
2.660000	3.345380
2.661000	3.434330
2.662000	3.434330
2.663000	3.345380
2.664000	3.523270
2.665000	3.523270
2.666000	3.434330
2.667000	3.434330
2.668000	3.256260
2.669000	3.167310
2.670000	3.167310
2.671000	3.167310
2.672000	3.256260
2.673000	3.256260
2.674000	3.167310
2.675000	3.078370
2.676000	3.078370
2.677000	2.989430
2.678000	2.989430
2.679000	2.811360
2.680000	2.722420
2.681000	2.633290
2.682000	2.633290
2.683000	2.633290
2.684000	2.722420
2.685000	2.544350
2.686000	2.455410
2.687000	2.544350
2.688000	2.455410
2.689000	2.544350
2.690000	2.455410
2.691000	2.455410
2.692000	2.277340
2.693000	2.455410
2.694000	2.544350
2.695000	2.455410
2.696000	2.366460
2.697000	2.366460
2.698000	2.455410
2.699000	2.544350
2.700000	2.544350
2.701000	2.455410
2.702000	2.366460
2.703000	2.366460
2.704000	2.722420
2.705000	2.811360
2.706000	2.633290
2.707000	2.633290
2.708000	2.722420
2.709000	2.811360
2.710000	2.633290
2.711000	2.811360
2.712000	2.811360
2.713000	2.811360
2.714000	2.811360
2.715000	2.811360
2.716000	2.989430
2.717000	2.989430
2.718000	2.989430
2.719000	2.900300
2.720000	2.989430
2.721000	2.989430
2.722000	2.989430
2.723000	2.989430
2.724000	3.078370
2.725000	2.989430
2.726000	2.989430
2.727000	3.078370
2.728000	2.989430
2.729000	2.989430
2.730000	2.900300
2.731000	2.722420
2.732000	2.722420
2.733000	2.811360
2.734000	2.900300
2.735000	2.722420
2.736000	2.722420
2.737000	2.811360
2.738000	2.811360
2.739000	2.722420
2.740000	2.722420
2.741000	2.811360
2.742000	2.633290
2.743000	2.722420
2.744000	2.633290
2.745000	2.722420
2.746000	2.544350
2.747000	2.544350
2.748000	2.633290
2.749000	2.544350
2.750000	2.455410
2.751000	2.544350
2.752000	2.633290
2.753000	2.455410
2.754000	2.633290
2.755000	2.633290
2.756000	2.633290
2.757000	2.633290
2.758000	2.544350
2.759000	2.633290
2.760000	2.722420
2.761000	2.722420
2.762000	2.633290
2.763000	2.633290
2.764000	2.633290
2.765000	2.544350
2.766000	2.633290
2.767000	2.722420
2.768000	2.544350
2.769000	2.544350
2.770000	2.633290
2.771000	2.811360
2.772000	2.811360
2.773000	2.811360
2.774000	2.811360
2.775000	2.811360
2.776000	2.811360
2.777000	2.900300
2.778000	2.900300
2.779000	2.811360
2.780000	2.811360
2.781000	2.900300
2.782000	2.989430
2.783000	2.989430
2.784000	2.900300
2.785000	3.078370
2.786000	2.989430
2.787000	3.078370
2.788000	2.989430
2.789000	3.078370
2.790000	3.167310
2.791000	3.078370
2.792000	2.989430
2.793000	3.078370
2.794000	3.167310
2.795000	3.167310
2.796000	3.078370
2.797000	2.989430
2.798000	2.989430
2.799000	3.078370
2.800000	3.078370
2.801000	3.078370
2.802000	2.989430
2.803000	2.989430
2.804000	3.078370
2.805000	2.989430
2.806000	2.900300
2.807000	2.989430
2.808000	2.989430
2.809000	2.989430
2.810000	2.989430
2.811000	3.167310
2.812000	3.078370
2.813000	2.811360
2.814000	2.811360
2.815000	2.811360
2.816000	2.811360
2.817000	2.900300
2.818000	2.722420
2.819000	2.633290
2.820000	2.811360
2.821000	2.900300
2.822000	2.900300
2.823000	2.989430
2.824000	2.900300
2.825000	2.900300
2.826000	2.900300
2.827000	2.811360
2.828000	2.811360
2.829000	2.811360
2.830000	2.811360
2.831000	2.811360
2.832000	2.811360
2.833000	2.811360
2.834000	2.811360
2.835000	2.811360
2.836000	2.811360
2.837000	2.811360
2.838000	2.900300
2.839000	2.900300
2.840000	2.900300
2.841000	2.989430
2.842000	2.989430
2.843000	3.078370
2.844000	2.989430
2.845000	2.989430
2.846000	3.078370
2.847000	3.167310
2.848000	3.078370
2.849000	2.989430
2.850000	3.078370
2.851000	2.989430
2.852000	2.811360
2.853000	2.811360
2.854000	2.989430
2.855000	3.167310
2.856000	3.078370
2.857000	3.167310
2.858000	2.989430
2.859000	3.078370
2.860000	2.989430
2.861000	3.167310
2.862000	3.078370
2.863000	2.811360
2.864000	2.900300
2.865000	2.900300
2.866000	3.078370
2.867000	2.989430
2.868000	3.078370
2.869000	2.811360
2.870000	2.722420
2.871000	2.900300
2.872000	2.811360
2.873000	2.811360
2.874000	2.722420
2.875000	2.633290
2.876000	2.811360
2.877000	2.900300
2.878000	2.811360
2.879000	2.633290
2.880000	2.544350
2.881000	2.544350
2.882000	2.455410
2.883000	2.366460
2.884000	2.455410
2.885000	2.366460
2.886000	2.455410
2.887000	2.544350
2.888000	2.633290
2.889000	2.633290
2.890000	2.455410
2.891000	2.455410
2.892000	2.455410
2.893000	2.544350
2.894000	2.633290
2.895000	2.633290
2.896000	2.544350
2.897000	2.633290
2.898000	2.633290
2.899000	2.633290
2.900000	2.633290
2.901000	2.633290
2.902000	2.544350
2.903000	2.633290
2.904000	2.722420
2.905000	2.811360
2.906000	2.900300
2.907000	2.900300
2.908000	2.900300
2.909000	2.900300
2.910000	2.989430
2.911000	2.989430
2.912000	2.900300
2.913000	2.900300
2.914000	2.989430
2.915000	2.900300
2.916000	2.989430
2.917000	2.989430
2.918000	2.900300
2.919000	2.989430
2.920000	3.078370
2.921000	2.900300
2.922000	2.900300
2.923000	2.989430
2.924000	2.900300
2.925000	2.900300
2.926000	2.900300
2.927000	2.900300
2.928000	2.900300
2.929000	2.811360
2.930000	2.811360
2.931000	2.811360
2.932000	2.722420
2.933000	2.722420
2.934000	2.633290
2.935000	2.544350
2.936000	2.544350
2.937000	2.544350
2.938000	2.722420
2.939000	2.722420
2.940000	2.633290
2.941000	2.633290
2.942000	2.633290
2.943000	2.544350
2.944000	2.544350
2.945000	2.722420
2.946000	2.633290
2.947000	2.455410
2.948000	2.544350
2.949000	2.633290
2.950000	2.811360
2.951000	2.722420
2.952000	2.722420
2.953000	2.633290
2.954000	2.900300
2.955000	2.900300
2.956000	2.811360
2.957000	2.900300
2.958000	2.900300
2.959000	2.989430
2.960000	2.900300
2.961000	3.078370
2.962000	3.078370
2.963000	2.989430
2.964000	2.900300
2.965000	2.989430
2.966000	3.078370
2.967000	3.167310
2.968000	3.078370
2.969000	3.167310
2.970000	2.989430
2.971000	3.078370
2.972000	3.434330
2.973000	3.434330
2.974000	3.345380
2.975000	3.167310
2.976000	3.078370
2.977000	3.167310
2.978000	3.167310
2.979000	3.167310
2.980000	2.989430
2.981000	3.167310
2.982000	3.256260
2.983000	3.167310
2.984000	3.078370
2.985000	3.078370
2.986000	3.078370
2.987000	2.989430
2.988000	2.900300
2.989000	2.900300
2.990000	2.900300
2.991000	2.900300
2.992000	2.989430
2.993000	3.078370
2.994000	3.167310
2.995000	2.900300
2.996000	2.900300
2.997000	2.811360
2.998000	2.722420
2.999000	2.722420
3.000000	2.633290
3.001000	2.722420
3.002000	2.811360
3.003000	2.811360
3.004000	2.900300
3.005000	2.989430
3.006000	2.900300
3.007000	2.900300
3.008000	2.722420
3.009000	2.811360
3.010000	2.900300
3.011000	2.989430
3.012000	2.989430
3.013000	2.811360
3.014000	2.900300
3.015000	2.989430
3.016000	2.989430
3.017000	3.078370
3.018000	2.900300
3.019000	2.900300
3.020000	2.989430
3.021000	3.078370
3.022000	2.989430
3.023000	3.167310
3.024000	3.167310
3.025000	3.167310
3.026000	3.167310
3.027000	3.345380
3.028000	3.256260
3.029000	3.167310
3.030000	3.078370
3.031000	2.989430
3.032000	3.167310
3.033000	3.167310
3.034000	3.078370
3.035000	3.167310
3.036000	2.989430
3.037000	3.078370
3.038000	3.078370
3.039000	2.989430
3.040000	2.989430
3.041000	2.989430
3.042000	2.900300
3.043000	2.900300
3.044000	2.989430
3.045000	3.078370
3.046000	2.900300
3.047000	2.900300
3.048000	2.811360
3.049000	2.722420
3.050000	2.722420
3.051000	2.722420
3.052000	2.722420
3.053000	2.633290
3.054000	2.722420
3.055000	2.633290
3.056000	2.633290
3.057000	2.722420
3.058000	2.633290
3.059000	2.633290
3.060000	2.633290
3.061000	2.722420
3.062000	2.633290
3.063000	2.544350
3.064000	2.722420
3.065000	2.633290
3.066000	2.722420
3.067000	2.722420
3.068000	2.633290
3.069000	2.811360
3.070000	2.722420
3.071000	2.811360
3.072000	2.811360
3.073000	2.811360
3.074000	2.900300
3.075000	2.811360
3.076000	2.811360
3.077000	2.989430
3.078000	2.989430
3.079000	2.900300
3.080000	2.811360
3.081000	2.900300
3.082000	2.989430
3.083000	2.900300
3.084000	2.811360
3.085000	2.811360
3.086000	2.811360
3.087000	2.811360
3.088000	3.078370
3.089000	2.900300
3.090000	2.811360
3.091000	2.989430
3.092000	2.900300
3.093000	2.900300
3.094000	2.900300
3.095000	2.900300
3.096000	2.811360
3.097000	2.722420
3.098000	2.811360
3.099000	2.722420
3.100000	2.900300
3.101000	2.811360
3.102000	2.722420
3.103000	2.811360
3.104000	2.900300
3.105000	2.900300
3.106000	2.989430
3.107000	2.900300
3.108000	2.900300
3.109000	2.811360
3.110000	2.900300
3.111000	2.900300
3.112000	2.811360
3.113000	2.900300
3.114000	2.900300
3.115000	2.900300
3.116000	2.811360
3.117000	2.900300
3.118000	2.900300
3.119000	2.900300
3.120000	2.900300
3.121000	2.989430
3.122000	3.078370
3.123000	3.078370
3.124000	2.989430
3.125000	2.989430
3.126000	2.900300
3.127000	2.900300
3.128000	2.989430
3.129000	2.989430
3.130000	2.989430
3.131000	2.900300
3.132000	2.989430
3.133000	3.078370
3.134000	2.989430
3.135000	2.900300
3.136000	2.989430
3.137000	2.900300
3.138000	3.167310
3.139000	3.078370
3.140000	2.989430
3.141000	3.078370
3.142000	2.900300
3.143000	2.989430
3.144000	3.078370
3.145000	2.989430
3.146000	2.900300
3.147000	2.900300
3.148000	2.900300
3.149000	3.078370
3.150000	3.078370
3.151000	2.900300
3.152000	2.900300
3.153000	3.078370
3.154000	3.078370
3.155000	3.078370
3.156000	3.167310
3.157000	3.078370
3.158000	3.167310
3.159000	2.989430
3.160000	3.167310
3.161000	3.078370
3.162000	2.989430
3.163000	3.078370
3.164000	3.167310
3.165000	3.078370
3.166000	3.078370
3.167000	3.078370
3.168000	3.078370
3.169000	3.078370
3.170000	3.078370
3.171000	2.989430
3.172000	3.078370
3.173000	3.167310
3.174000	3.256260
3.175000	3.078370
3.176000	3.167310
3.177000	3.167310
3.178000	3.256260
3.179000	3.078370
3.180000	3.078370
3.181000	2.989430
3.182000	2.989430
3.183000	3.167310
3.184000	3.167310
3.185000	2.989430
3.186000	3.078370
3.187000	2.989430
3.188000	3.167310
3.189000	2.900300
3.190000	2.989430
3.191000	2.989430
3.192000	2.989430
3.193000	2.989430
3.194000	3.078370
3.195000	3.078370
3.196000	2.900300
3.197000	2.811360
3.198000	2.900300
3.199000	2.900300
3.200000	2.811360
3.201000	2.811360
3.202000	2.811360
3.203000	2.722420
3.204000	2.722420
3.205000	2.811360
3.206000	2.900300
3.207000	2.722420
3.208000	2.811360
3.209000	2.722420
3.210000	2.722420
3.211000	2.811360
3.212000	2.811360
3.213000	2.633290
3.214000	2.811360
3.215000	2.722420
3.216000	2.722420
3.217000	2.811360
3.218000	2.811360
3.219000	2.811360
3.220000	2.722420
3.221000	2.900300
3.222000	2.900300
3.223000	2.989430
3.224000	2.900300
3.225000	2.900300
3.226000	2.900300
3.227000	2.989430
3.228000	2.989430
3.229000	2.989430
3.230000	2.900300
3.231000	2.900300
3.232000	2.989430
3.233000	3.078370
3.234000	3.078370
3.235000	2.989430
3.236000	2.811360
3.237000	2.900300
3.238000	2.989430
3.239000	2.989430
3.240000	2.989430
3.241000	2.900300
3.242000	2.900300
3.243000	2.900300
3.244000	2.900300
3.245000	2.989430
3.246000	2.900300
3.247000	2.811360
3.248000	2.722420
3.249000	2.811360
3.250000	2.900300
3.251000	2.811360
3.252000	2.633290
3.253000	2.633290
3.254000	2.722420
3.255000	2.633290
3.256000	2.722420
3.257000	2.544350
3.258000	2.722420
3.259000	2.722420
3.260000	2.633290
3.261000	2.633290
3.262000	2.722420
3.263000	2.633290
3.264000	2.633290
3.265000	2.633290
3.266000	2.722420
3.267000	2.633290
3.268000	2.722420
3.269000	2.722420
3.270000	2.900300
3.271000	2.722420
3.272000	2.900300
3.273000	2.900300
3.274000	2.989430
3.275000	2.989430
3.276000	2.989430
3.277000	2.989430
3.278000	2.989430
3.279000	2.989430
3.280000	2.989430
3.281000	2.989430
3.282000	2.989430
3.283000	3.078370
3.284000	3.167310
3.285000	2.989430
3.286000	3.167310
3.287000	3.167310
3.288000	3.256260
3.289000	3.434330
3.290000	3.256260
3.291000	3.256260
3.292000	3.167310
3.293000	3.256260
3.294000	3.345380
3.295000	3.256260
3.296000	3.167310
3.297000	3.167310
3.298000	3.167310
3.299000	3.078370
3.300000	3.167310
3.301000	2.989430
3.302000	2.989430
3.303000	2.989430
3.304000	2.989430
3.305000	3.078370
3.306000	2.989430
3.307000	2.989430
3.308000	2.989430
3.309000	2.811360
3.310000	2.989430
3.311000	2.900300
3.312000	2.900300
3.313000	2.811360
3.314000	2.900300
3.315000	2.900300
3.316000	2.811360
3.317000	2.900300
3.318000	2.811360
3.319000	2.811360
3.320000	2.722420
3.321000	2.900300
3.322000	2.900300
3.323000	2.989430
3.324000	2.811360
3.325000	2.900300
3.326000	2.989430
3.327000	2.989430
3.328000	2.900300
3.329000	2.900300
3.330000	2.989430
3.331000	2.989430
3.332000	2.989430
3.333000	2.989430
3.334000	3.078370
3.335000	3.167310
3.336000	2.989430
3.337000	3.167310
3.338000	3.167310
3.339000	3.256260
3.340000	3.167310
3.341000	3.345380
3.342000	3.345380
3.343000	3.345380
3.344000	3.345380
3.345000	3.345380
3.346000	3.256260
3.347000	3.256260
3.348000	3.256260
3.349000	3.167310
3.350000	3.345380
3.351000	3.256260
3.352000	3.167310
3.353000	3.256260
3.354000	3.345380
3.355000	3.256260
3.356000	3.167310
3.357000	3.167310
3.358000	3.167310
3.359000	3.078370
3.360000	3.078370
3.361000	3.167310
3.362000	3.078370
3.363000	2.989430
3.364000	2.989430
3.365000	2.811360
3.366000	2.811360
3.367000	2.811360
3.368000	2.811360
3.369000	2.811360
3.370000	2.722420
3.371000	2.811360
3.372000	2.811360
3.373000	2.722420
3.374000	2.811360
3.375000	2.722420
3.376000	2.722420
3.377000	2.811360
3.378000	2.811360
3.379000	2.722420
3.380000	2.633290
3.381000	2.633290
3.382000	2.633290
3.383000	2.722420
3.384000	2.722420
3.385000	2.811360
3.386000	2.633290
3.387000	2.811360
3.388000	2.900300
3.389000	2.989430
3.390000	2.989430
3.391000	2.900300
3.392000	2.989430
3.393000	2.989430
3.394000	3.078370
3.395000	3.078370
3.396000	2.989430
3.397000	2.989430
3.398000	3.078370
3.399000	3.078370
3.400000	2.989430
3.401000	3.078370
3.402000	2.989430
3.403000	3.167310
3.404000	2.989430
3.405000	3.167310
3.406000	3.256260
3.407000	3.167310
3.408000	2.989430
3.409000	3.167310
3.410000	2.989430
3.411000	3.167310
3.412000	3.167310
3.413000	2.989430
3.414000	2.989430
3.415000	3.078370
3.416000	2.989430
3.417000	2.900300
3.418000	2.900300
3.419000	2.722420
3.420000	2.811360
3.421000	2.900300
3.422000	2.811360
3.423000	2.811360
3.424000	2.811360
3.425000	2.811360
3.426000	2.811360
3.427000	2.900300
3.428000	2.811360
3.429000	2.722420
3.430000	2.722420
3.431000	2.633290
3.432000	2.633290
3.433000	2.811360
3.434000	2.811360
3.435000	2.811360
3.436000	2.633290
3.437000	2.900300
3.438000	2.900300
3.439000	2.900300
3.440000	2.900300
3.441000	2.900300
3.442000	3.078370
3.443000	2.989430
3.444000	3.078370
3.445000	2.989430
3.446000	3.078370
3.447000	2.989430
3.448000	2.989430
3.449000	2.989430
3.450000	2.989430
3.451000	3.167310
3.452000	3.078370
3.453000	3.167310
3.454000	3.167310
3.455000	2.989430
3.456000	3.256260
3.457000	3.256260
3.458000	3.078370
3.459000	3.167310
3.460000	3.256260
3.461000	3.167310
3.462000	3.256260
3.463000	3.167310
3.464000	3.167310
3.465000	3.167310
3.466000	3.078370
3.467000	3.167310
3.468000	3.078370
3.469000	2.989430
3.470000	2.989430
3.471000	3.167310
3.472000	3.078370
3.473000	3.078370
3.474000	3.078370
3.475000	2.900300
3.476000	2.989430
3.477000	3.078370
3.478000	2.989430
3.479000	2.989430
3.480000	2.900300
3.481000	2.811360
3.482000	2.900300
3.483000	2.900300
3.484000	2.989430
3.485000	2.989430
3.486000	2.722420
3.487000	2.900300
3.488000	2.900300
3.489000	2.989430
3.490000	2.989430
3.491000	2.900300
3.492000	2.989430
3.493000	2.900300
3.494000	3.167310
3.495000	3.167310
3.496000	2.900300
3.497000	2.989430
3.498000	2.900300
3.499000	2.989430
3.500000	2.989430
3.501000	2.989430
3.502000	2.900300
3.503000	3.078370
3.504000	3.167310
3.505000	3.078370
3.506000	3.078370
3.507000	3.078370
3.508000	3.078370
3.509000	3.078370
3.510000	3.167310
3.511000	3.256260
3.512000	3.167310
3.513000	3.256260
3.514000	3.078370
3.515000	3.078370
3.516000	3.167310
3.517000	3.167310
3.518000	3.167310
3.519000	3.167310
3.520000	3.167310
3.521000	3.078370
3.522000	3.167310
3.523000	3.167310
3.524000	3.078370
3.525000	3.078370
3.526000	3.078370
3.527000	3.078370
3.528000	3.078370
3.529000	2.900300
3.530000	2.989430
3.531000	2.900300
3.532000	2.900300
3.533000	2.989430
3.534000	2.989430
3.535000	2.900300
3.536000	2.811360
3.537000	2.811360
3.538000	2.811360
3.539000	2.989430
3.540000	2.989430
3.541000	2.989430
3.542000	2.989430
3.543000	2.900300
3.544000	2.900300
3.545000	2.900300
3.546000	2.811360
3.547000	2.900300
3.548000	2.900300
3.549000	2.900300
3.550000	2.989430
3.551000	2.900300
3.552000	2.989430
3.553000	2.900300
3.554000	2.811360
3.555000	2.989430
3.556000	3.167310
3.557000	3.078370
3.558000	3.078370
3.559000	2.989430
3.560000	2.811360
3.561000	2.989430
3.562000	3.167310
3.563000	3.078370
3.564000	2.900300
3.565000	2.989430
3.566000	2.989430
3.567000	3.078370
3.568000	2.900300
3.569000	2.900300
3.570000	2.989430
3.571000	3.078370
3.572000	3.167310
3.573000	2.989430
3.574000	2.989430
3.575000	2.989430
3.576000	2.900300
3.577000	3.078370
3.578000	2.989430
3.579000	2.811360
3.580000	2.900300
3.581000	2.811360
3.582000	2.989430
3.583000	2.989430
3.584000	2.811360
3.585000	2.722420
3.586000	2.900300
3.587000	2.900300
3.588000	2.811360
3.589000	2.811360
3.590000	2.900300
3.591000	2.722420
3.592000	2.900300
3.593000	2.989430
3.594000	2.989430
3.595000	2.989430
3.596000	2.900300
3.597000	2.900300
3.598000	2.811360
3.599000	2.900300
3.600000	2.900300
3.601000	2.900300
3.602000	2.811360
3.603000	2.900300
3.604000	2.989430
3.605000	2.989430
3.606000	3.078370
3.607000	3.167310
3.608000	3.078370
3.609000	3.078370
3.610000	3.167310
3.611000	3.167310
3.612000	3.167310
3.613000	3.167310
3.614000	2.989430
3.615000	2.900300
3.616000	2.989430
3.617000	2.989430
3.618000	2.989430
3.619000	2.989430
3.620000	3.078370
3.621000	2.900300
3.622000	3.167310
3.623000	3.167310
3.624000	3.078370
3.625000	3.078370
3.626000	3.078370
3.627000	3.078370
3.628000	3.078370
3.629000	2.900300
3.630000	2.900300
3.631000	2.989430
3.632000	2.989430
3.633000	3.167310
3.634000	2.989430
3.635000	3.078370
3.636000	2.900300
3.637000	2.900300
3.638000	3.078370
3.639000	3.078370
3.640000	3.078370
3.641000	2.900300
3.642000	2.989430
3.643000	2.900300
3.644000	2.900300
3.645000	2.989430
3.646000	2.900300
3.647000	2.900300
3.648000	2.900300
3.649000	2.900300
3.650000	2.900300
3.651000	2.989430
3.652000	2.989430
3.653000	2.811360
3.654000	3.078370
3.655000	3.078370
3.656000	3.078370
3.657000	3.167310
3.658000	3.167310
3.659000	3.078370
3.660000	3.167310
3.661000	3.167310
3.662000	3.078370
3.663000	3.078370
3.664000	3.167310
3.665000	3.078370
3.666000	3.256260
3.667000	3.256260
3.668000	3.078370
3.669000	3.256260
3.670000	3.167310
3.671000	3.256260
3.672000	3.434330
3.673000	3.434330
3.674000	3.167310
3.675000	3.167310
3.676000	3.256260
3.677000	3.256260
3.678000	3.167310
3.679000	3.078370
3.680000	2.989430
3.681000	3.078370
3.682000	3.078370
3.683000	2.989430
3.684000	2.900300
3.685000	3.078370
3.686000	3.078370
3.687000	3.078370
3.688000	3.078370
3.689000	3.078370
3.690000	2.989430
3.691000	2.989430
3.692000	2.989430
3.693000	2.900300
3.694000	2.900300
3.695000	3.078370
3.696000	2.900300
3.697000	2.900300
3.698000	2.722420
3.699000	2.722420
3.700000	2.811360
3.701000	2.900300
3.702000	2.811360
3.703000	2.722420
3.704000	2.811360
3.705000	2.900300
3.706000	2.900300
3.707000	2.900300
3.708000	2.989430
3.709000	2.989430
3.710000	2.989430
3.711000	3.078370
3.712000	2.900300
3.713000	2.989430
3.714000	2.989430
3.715000	2.989430
3.716000	3.078370
3.717000	3.078370
3.718000	3.167310
3.719000	3.078370
3.720000	3.167310
3.721000	3.078370
3.722000	3.078370
3.723000	3.078370
3.724000	3.167310
3.725000	3.167310
3.726000	3.078370
3.727000	3.167310
3.728000	3.167310
3.729000	3.167310
3.730000	2.989430
3.731000	3.078370
3.732000	3.167310
3.733000	3.078370
3.734000	3.078370
3.735000	2.900300
3.736000	3.078370
3.737000	2.989430
3.738000	2.989430
3.739000	2.900300
3.740000	2.989430
3.741000	3.078370
3.742000	2.900300
3.743000	2.811360
3.744000	2.900300
3.745000	2.811360
3.746000	2.722420
3.747000	2.811360
3.748000	2.633290
3.749000	2.811360
3.750000	2.900300
3.751000	2.811360
3.752000	2.811360
3.753000	2.722420
3.754000	2.900300
3.755000	2.811360
3.756000	2.811360
3.757000	2.900300
3.758000	2.900300
3.759000	2.811360
3.760000	2.989430
3.761000	2.900300
3.762000	2.900300
3.763000	2.900300
3.764000	2.900300
3.765000	2.722420
3.766000	2.989430
3.767000	3.078370
3.768000	2.989430
3.769000	2.989430
3.770000	3.078370
3.771000	2.989430
3.772000	3.078370
3.773000	3.078370
3.774000	3.167310
3.775000	3.167310
3.776000	3.078370
3.777000	3.167310
3.778000	3.167310
3.779000	3.256260
3.780000	3.256260
3.781000	3.256260
3.782000	3.078370
3.783000	3.167310
3.784000	3.167310
3.785000	3.167310
3.786000	3.078370
3.787000	3.078370
3.788000	3.256260
3.789000	3.167310
3.790000	3.167310
3.791000	3.167310
3.792000	3.078370
3.793000	3.167310
3.794000	3.167310
3.795000	3.078370
3.796000	3.078370
3.797000	2.989430
3.798000	2.989430
3.799000	3.078370
3.800000	2.989430
3.801000	2.989430
3.802000	2.811360
3.803000	2.811360
3.804000	2.900300
3.805000	2.989430
3.806000	2.900300
3.807000	2.989430
3.808000	2.989430
3.809000	2.989430
3.810000	2.989430
3.811000	3.078370
3.812000	2.989430
3.813000	2.989430
3.814000	2.989430
3.815000	2.900300
3.816000	2.989430
3.817000	3.078370
3.818000	2.989430
3.819000	2.900300
3.820000	2.989430
3.821000	2.989430
3.822000	3.167310
3.823000	3.078370
3.824000	3.078370
3.825000	3.167310
3.826000	3.078370
3.827000	3.256260
3.828000	3.167310
3.829000	3.078370
3.830000	3.078370
3.831000	2.989430
3.832000	3.078370
3.833000	3.167310
3.834000	3.167310
3.835000	3.078370
3.836000	3.078370
3.837000	3.256260
3.838000	3.256260
3.839000	3.256260
3.840000	3.167310
3.841000	3.256260
3.842000	3.167310
3.843000	3.167310
3.844000	3.256260
3.845000	3.167310
3.846000	3.167310
3.847000	2.989430
3.848000	3.078370
3.849000	3.078370
3.850000	3.167310
3.851000	3.078370
3.852000	2.989430
3.853000	2.811360
3.854000	2.989430
3.855000	3.167310
3.856000	2.989430
3.857000	2.900300
3.858000	3.078370
3.859000	3.078370
3.860000	2.989430
3.861000	2.900300
3.862000	3.078370
3.863000	2.811360
3.864000	2.811360
3.865000	2.900300
3.866000	2.811360
3.867000	2.989430
3.868000	2.900300
3.869000	2.811360
3.870000	2.900300
3.871000	2.989430
3.872000	3.078370
3.873000	2.900300
3.874000	2.900300
3.875000	2.900300
3.876000	2.989430
3.877000	3.078370
3.878000	3.078370
3.879000	2.989430
3.880000	2.989430
3.881000	2.989430
3.882000	3.078370
3.883000	3.078370
3.884000	3.078370
3.885000	3.078370
3.886000	2.900300
3.887000	3.078370
3.888000	3.078370
3.889000	3.078370
3.890000	3.167310
3.891000	3.167310
3.892000	3.167310
3.893000	2.989430
3.894000	3.167310
3.895000	2.989430
3.896000	3.078370
3.897000	2.989430
3.898000	3.078370
3.899000	2.989430
3.900000	2.989430
3.901000	2.989430
3.902000	2.989430
3.903000	2.989430
3.904000	2.900300
3.905000	2.989430
3.906000	3.078370
3.907000	3.078370
3.908000	2.989430
3.909000	2.900300
3.910000	2.989430
3.911000	2.989430
3.912000	3.078370
3.913000	2.811360
3.914000	2.811360
3.915000	2.811360
3.916000	2.900300
3.917000	2.989430
3.918000	2.900300
3.919000	2.811360
3.920000	2.900300
3.921000	2.989430
3.922000	2.989430
3.923000	2.989430
3.924000	3.078370
3.925000	2.900300
3.926000	2.811360
3.927000	2.989430
3.928000	3.078370
3.929000	2.989430
3.930000	2.989430
3.931000	2.989430
3.932000	2.900300
3.933000	2.900300
3.934000	3.078370
3.935000	2.989430
3.936000	2.989430
3.937000	3.078370
3.938000	3.078370
3.939000	3.167310
3.940000	3.167310
3.941000	3.167310
3.942000	3.078370
3.943000	3.078370
3.944000	3.167310
3.945000	3.167310
3.946000	2.989430
3.947000	2.989430
3.948000	3.078370
3.949000	3.078370
3.950000	2.989430
3.951000	3.167310
3.952000	3.078370
3.953000	2.989430
3.954000	3.167310
3.955000	3.078370
3.956000	3.167310
3.957000	3.078370
3.958000	3.078370
3.959000	3.078370
3.960000	3.167310
3.961000	3.078370
3.962000	3.167310
3.963000	3.078370
3.964000	2.900300
3.965000	2.989430
3.966000	2.989430
3.967000	3.078370
3.968000	2.900300
3.969000	2.900300
3.970000	2.989430
3.971000	3.078370
3.972000	3.078370
3.973000	2.989430
3.974000	3.078370
3.975000	3.167310
3.976000	2.989430
3.977000	2.989430
3.978000	3.167310
3.979000	2.989430
3.980000	3.078370
3.981000	2.989430
3.982000	2.989430
3.983000	3.078370
3.984000	3.167310
3.985000	3.078370
3.986000	2.989430
3.987000	3.078370
3.988000	3.167310
3.989000	3.167310
3.990000	3.167310
3.991000	3.256260
3.992000	3.167310
3.993000	3.167310
3.994000	3.256260
3.995000	3.078370
3.996000	3.167310
3.997000	2.989430
3.998000	3.078370
3.999000	2.989430
4.000000	3.167310
4.001000	2.989430
4.002000	3.078370
4.003000	2.989430
4.004000	3.078370
4.005000	3.167310
4.006000	3.167310
4.007000	3.078370
4.008000	3.167310
4.009000	2.989430
4.010000	3.167310
4.011000	3.167310
4.012000	2.989430
4.013000	2.900300
4.014000	2.900300
4.015000	2.989430
4.016000	2.900300
4.017000	2.900300
4.018000	2.900300
4.019000	2.900300
4.020000	2.989430
4.021000	2.989430
4.022000	3.078370
4.023000	3.078370
4.024000	2.989430
4.025000	2.989430
4.026000	3.078370
4.027000	2.989430
4.028000	3.078370
4.029000	2.900300
4.030000	2.989430
4.031000	2.900300
4.032000	2.989430
4.033000	3.078370
4.034000	2.989430
4.035000	2.989430
4.036000	2.900300
4.037000	3.078370
4.038000	2.989430
4.039000	3.078370
4.040000	3.167310
4.041000	3.078370
4.042000	2.989430
4.043000	3.078370
4.044000	3.078370
4.045000	3.078370
4.046000	2.989430
4.047000	2.989430
4.048000	2.989430
4.049000	2.900300
4.050000	3.078370
4.051000	2.989430
4.052000	2.989430
4.053000	2.989430
4.054000	3.078370
4.055000	3.078370
4.056000	2.989430
4.057000	2.989430
4.058000	2.989430
4.059000	2.989430
4.060000	3.078370
4.061000	3.078370
4.062000	3.078370
4.063000	2.900300
4.064000	2.989430
4.065000	2.989430
4.066000	2.900300
4.067000	2.900300
4.068000	2.900300
4.069000	2.811360
4.070000	2.900300
4.071000	2.989430
4.072000	2.989430
4.073000	2.989430
4.074000	2.989430
4.075000	2.900300
4.076000	2.989430
4.077000	2.989430
4.078000	3.078370
4.079000	2.900300
4.080000	2.811360
4.081000	2.989430
4.082000	2.900300
4.083000	2.900300
4.084000	2.989430
4.085000	2.900300
4.086000	2.900300
4.087000	2.989430
4.088000	3.078370
4.089000	3.078370
4.090000	3.078370
4.091000	3.167310
4.092000	3.078370
4.093000	3.078370
4.094000	3.167310
4.095000	3.078370
4.096000	3.078370
4.097000	3.167310
4.098000	3.167310
4.099000	3.078370
4.100000	3.167310
4.101000	3.078370
4.102000	2.989430
4.103000	3.167310
4.104000	3.167310
4.105000	3.167310
4.106000	3.078370
4.107000	3.167310
4.108000	3.167310
4.109000	3.167310
4.110000	3.256260
4.111000	3.167310
4.112000	3.078370
4.113000	3.167310
4.114000	3.078370
4.115000	3.078370
4.116000	2.989430
4.117000	3.078370
4.118000	2.989430
4.119000	2.989430
4.120000	2.900300
4.121000	3.078370
4.122000	3.078370
4.123000	3.078370
4.124000	3.078370
4.125000	2.989430
4.126000	3.078370
4.127000	2.989430
4.128000	3.078370
4.129000	3.078370
4.130000	2.989430
4.131000	2.989430
4.132000	2.989430
4.133000	2.989430
4.134000	3.078370
4.135000	2.989430
4.136000	2.989430
4.137000	2.989430
4.138000	3.167310
4.139000	3.078370
4.140000	3.167310
4.141000	3.078370
4.142000	3.167310
4.143000	2.989430
4.144000	3.167310
4.145000	1.743500
4.146000	1.565430
4.147000	2.544350
4.148000	4.858140
4.149000	5.036210
4.150000	3.612390
4.151000	2.900300
4.152000	2.633290
4.153000	2.722420
4.154000	2.544350
4.155000	2.099450
4.156000	2.811360
4.157000	3.879220
4.158000	3.701340
4.159000	3.167310
4.160000	3.434330
4.161000	3.968350
4.162000	3.790280
4.163000	2.989430
4.164000	2.277340
4.165000	2.188400
4.166000	2.811360
4.167000	3.256260
4.168000	3.167310
4.169000	3.256260
4.170000	3.612390
4.171000	3.701340
4.172000	3.434330
4.173000	2.989430
4.174000	2.811360
4.175000	2.544350
4.176000	2.366460
4.177000	2.633290
4.178000	3.078370
4.179000	3.612390
4.180000	3.701340
4.181000	3.256260
4.182000	2.900300
4.183000	2.811360
4.184000	2.989430
4.185000	2.455410
4.186000	2.277340
4.187000	2.544350
4.188000	2.989430
4.189000	3.345380
4.190000	3.434330
4.191000	3.434330
4.192000	3.167310
4.193000	3.167310
4.194000	2.900300
4.195000	2.633290
4.196000	2.722420
4.197000	2.900300
4.198000	2.989430
4.199000	2.900300
4.200000	2.989430
4.201000	3.167310
4.202000	3.256260
4.203000	3.167310
4.204000	3.167310
4.205000	2.811360
4.206000	2.811360
4.207000	2.989430
4.208000	2.900300
4.209000	2.900300
4.210000	3.256260
4.211000	3.434330
4.212000	3.345380
4.213000	3.167310
4.214000	3.078370
4.215000	2.811360
4.216000	2.900300
4.217000	2.811360
4.218000	2.811360
4.219000	2.811360
4.220000	2.900300
4.221000	3.256260
4.222000	3.345380
4.223000	3.434330
4.224000	3.078370
4.225000	2.900300
4.226000	2.633290
4.227000	2.900300
4.228000	3.078370
4.229000	3.078370
4.230000	2.900300
4.231000	2.989430
4.232000	2.900300
4.233000	3.167310
4.234000	3.078370
4.235000	2.900300
4.236000	2.811360
4.237000	2.811360
4.238000	2.900300
4.239000	2.900300
4.240000	2.989430
4.241000	3.078370
4.242000	3.078370
4.243000	3.167310
4.244000	3.167310
4.245000	2.989430
4.246000	2.989430
4.247000	2.900300
4.248000	2.811360
4.249000	2.633290
4.250000	2.811360
4.251000	3.078370
4.252000	3.167310
4.253000	3.078370
4.254000	2.989430
4.255000	3.078370
4.256000	2.989430
4.257000	2.989430
4.258000	3.078370
4.259000	2.900300
4.260000	3.078370
4.261000	2.989430
4.262000	3.078370
4.263000	3.167310
4.264000	3.256260
4.265000	3.167310
4.266000	2.989430
4.267000	2.989430
4.268000	2.811360
4.269000	2.633290
4.270000	2.900300
4.271000	3.523270
4.272000	3.523270
4.273000	3.256260
4.274000	3.167310
4.275000	2.989430
4.276000	2.989430
4.277000	2.989430
4.278000	2.900300
4.279000	2.900300
4.280000	3.078370
4.281000	3.078370
4.282000	3.078370
4.283000	2.989430
4.284000	3.167310
4.285000	3.256260
4.286000	2.900300
4.287000	2.811360
4.288000	2.900300
4.289000	2.989430
4.290000	2.989430
4.291000	2.989430
4.292000	3.167310
4.293000	3.256260
4.294000	3.523270
4.295000	3.167310
4.296000	2.989430
4.297000	2.900300
4.298000	2.900300
4.299000	2.811360
4.300000	2.811360
4.301000	2.989430
4.302000	3.167310
4.303000	3.256260
4.304000	3.167310
4.305000	2.989430
4.306000	3.078370
4.307000	3.167310
4.308000	2.989430
4.309000	2.722420
4.310000	2.989430
4.311000	3.256260
4.312000	3.256260
4.313000	3.167310
4.314000	2.989430
4.315000	2.989430
4.316000	3.078370
4.317000	3.167310
4.318000	2.989430
4.319000	2.989430
4.320000	3.078370
4.321000	3.078370
4.322000	3.256260
4.323000	2.989430
4.324000	3.078370
4.325000	3.256260
4.326000	3.167310
4.327000	3.167310
4.328000	3.078370
4.329000	2.900300
4.330000	2.722420
4.331000	2.811360
4.332000	2.989430
4.333000	2.989430
4.334000	3.078370
4.335000	3.256260
4.336000	3.078370
4.337000	2.989430
4.338000	2.989430
4.339000	2.989430
4.340000	2.989430
4.341000	2.900300
4.342000	2.900300
4.343000	2.989430
4.344000	3.078370
4.345000	3.078370
4.346000	3.167310
4.347000	2.989430
4.348000	2.811360
4.349000	2.811360
4.350000	2.811360
4.351000	2.900300
4.352000	2.900300
4.353000	2.811360
4.354000	2.900300
4.355000	3.078370
4.356000	3.078370
4.357000	3.078370
4.358000	2.989430
4.359000	2.900300
4.360000	2.900300
4.361000	3.078370
4.362000	2.989430
4.363000	2.989430
4.364000	2.989430
4.365000	2.989430
4.366000	3.167310
4.367000	3.078370
4.368000	3.078370
4.369000	3.078370
4.370000	2.900300
4.371000	2.989430
4.372000	2.989430
4.373000	2.989430
4.374000	3.078370
4.375000	3.167310
4.376000	2.989430
4.377000	3.167310
4.378000	3.078370
4.379000	3.078370
4.380000	2.811360
4.381000	2.811360
4.382000	2.900300
4.383000	2.811360
4.384000	2.900300
4.385000	2.900300
4.386000	2.900300
4.387000	2.900300
4.388000	2.989430
4.389000	2.989430
4.390000	2.900300
4.391000	2.900300
4.392000	2.989430
4.393000	2.989430
4.394000	2.989430
4.395000	2.989430
4.396000	2.900300
4.397000	2.811360
4.398000	2.900300
4.399000	2.811360
4.400000	2.900300
4.401000	3.078370
4.402000	2.989430
4.403000	2.900300
4.404000	2.900300
4.405000	2.989430
4.406000	3.078370
4.407000	3.078370
4.408000	3.167310
4.409000	2.989430
4.410000	3.078370
4.411000	3.078370
4.412000	3.078370
4.413000	2.989430
4.414000	2.900300
4.415000	2.900300
4.416000	2.900300
4.417000	2.900300
4.418000	2.811360
4.419000	2.900300
4.420000	3.167310
4.421000	3.256260
4.422000	3.078370
4.423000	2.989430
4.424000	2.900300
4.425000	2.900300
4.426000	2.989430
4.427000	2.989430
4.428000	2.989430
4.429000	3.167310
4.430000	3.078370
4.431000	2.989430
4.432000	2.989430
4.433000	3.078370
4.434000	3.167310
4.435000	2.989430
4.436000	2.722420
4.437000	2.811360
4.438000	2.900300
4.439000	3.078370
4.440000	2.989430
4.441000	3.078370
4.442000	3.078370
4.443000	3.078370
4.444000	3.078370
4.445000	2.989430
4.446000	2.900300
4.447000	2.900300
4.448000	2.811360
4.449000	2.811360
4.450000	2.989430
4.451000	3.078370
4.452000	2.989430
4.453000	2.989430
4.454000	3.078370
4.455000	3.078370
4.456000	3.078370
4.457000	2.989430
4.458000	2.989430
4.459000	2.989430
4.460000	2.989430
4.461000	3.078370
4.462000	3.078370
4.463000	3.078370
4.464000	3.167310
4.465000	2.989430
4.466000	2.989430
4.467000	3.167310
4.468000	3.256260
4.469000	3.078370
4.470000	3.078370
4.471000	2.989430
4.472000	3.078370
4.473000	3.167310
4.474000	3.167310
4.475000	2.989430
4.476000	3.167310
4.477000	3.256260
4.478000	3.256260
4.479000	3.078370
4.480000	2.989430
4.481000	3.078370
4.482000	3.078370
4.483000	2.900300
4.484000	2.989430
4.485000	3.078370
4.486000	2.989430
4.487000	2.989430
4.488000	3.167310
4.489000	2.989430
4.490000	3.167310
4.491000	3.078370
4.492000	2.989430
4.493000	2.900300
4.494000	2.989430
4.495000	3.078370
4.496000	2.900300
4.497000	3.078370
4.498000	2.989430
4.499000	2.989430
4.500000	2.989430
4.501000	2.900300
4.502000	2.900300
4.503000	2.811360
4.504000	2.989430
4.505000	2.989430
4.506000	2.900300
4.507000	3.078370
4.508000	2.900300
4.509000	2.989430
4.510000	3.078370
4.511000	3.078370
4.512000	3.078370
4.513000	2.989430
4.514000	2.989430
4.515000	2.900300
4.516000	2.900300
4.517000	2.989430
4.518000	2.900300
4.519000	2.989430
4.520000	2.811360
4.521000	2.989430
4.522000	3.078370
4.523000	2.989430
4.524000	3.078370
4.525000	2.989430
4.526000	2.989430
4.527000	3.078370
4.528000	2.989430
4.529000	2.989430
4.530000	2.900300
4.531000	2.900300
4.532000	2.900300
4.533000	2.989430
4.534000	2.989430
4.535000	2.900300
4.536000	2.900300
4.537000	2.900300
4.538000	2.900300
4.539000	2.989430
4.540000	2.900300
4.541000	3.078370
4.542000	2.989430
4.543000	2.989430
4.544000	3.078370
4.545000	2.989430
4.546000	2.811360
4.547000	2.811360
4.548000	2.811360
4.549000	2.900300
4.550000	2.811360
4.551000	2.900300
4.552000	2.633290
4.553000	2.722420
4.554000	2.900300
4.555000	2.900300
4.556000	2.811360
4.557000	2.633290
4.558000	2.722420
4.559000	2.811360
4.560000	2.811360
4.561000	2.811360
4.562000	2.900300
4.563000	2.811360
4.564000	2.811360
4.565000	2.900300
4.566000	2.900300
4.567000	2.811360
4.568000	2.900300
4.569000	2.722420
4.570000	2.900300
4.571000	3.078370
4.572000	2.900300
4.573000	2.900300
4.574000	2.989430
4.575000	2.900300
4.576000	2.989430
4.577000	2.989430
4.578000	2.989430
4.579000	3.078370
4.580000	2.900300
4.581000	2.900300
4.582000	2.900300
4.583000	2.900300
4.584000	3.167310
4.585000	2.989430
4.586000	2.900300
4.587000	3.078370
4.588000	3.078370
4.589000	3.078370
4.590000	3.078370
4.591000	2.989430
4.592000	2.989430
4.593000	2.989430
4.594000	3.167310
4.595000	3.167310
4.596000	2.989430
4.597000	2.900300
4.598000	2.989430
4.599000	2.989430
4.600000	2.989430
4.601000	2.989430
4.602000	2.900300
4.603000	2.989430
4.604000	2.900300
4.605000	2.989430
4.606000	2.989430
4.607000	3.078370
4.608000	3.078370
4.609000	2.989430
4.610000	2.989430
4.611000	2.989430
4.612000	2.989430
4.613000	2.900300
4.614000	2.900300
4.615000	2.900300
4.616000	3.078370
4.617000	2.900300
4.618000	2.900300
4.619000	2.900300
4.620000	2.989430
4.621000	3.078370
4.622000	3.078370
4.623000	3.078370
4.624000	2.989430
4.625000	2.989430
4.626000	3.078370
4.627000	3.078370
4.628000	3.078370
4.629000	3.167310
4.630000	2.989430
4.631000	3.078370
4.632000	2.989430
4.633000	2.989430
4.634000	3.167310
4.635000	3.078370
4.636000	2.900300
4.637000	2.989430
4.638000	3.078370
4.639000	3.078370
4.640000	3.256260
4.641000	3.167310
4.642000	3.167310
4.643000	3.078370
4.644000	3.345380
4.645000	3.167310
4.646000	2.989430
4.647000	2.989430
4.648000	2.989430
4.649000	3.078370
4.650000	3.078370
4.651000	3.078370
4.652000	3.078370
4.653000	3.078370
4.654000	3.078370
4.655000	3.078370
4.656000	3.167310
4.657000	3.078370
4.658000	3.078370
4.659000	2.989430
4.660000	3.078370
4.661000	3.167310
4.662000	3.167310
4.663000	3.078370
4.664000	3.078370
4.665000	2.989430
4.666000	2.900300
4.667000	2.989430
4.668000	2.900300
4.669000	2.900300
4.670000	2.900300
4.671000	3.078370
4.672000	2.989430
4.673000	2.989430
4.674000	3.078370
4.675000	3.167310
4.676000	2.989430
4.677000	2.989430
4.678000	2.989430
4.679000	2.989430
4.680000	2.989430
4.681000	2.989430
4.682000	2.989430
4.683000	2.989430
4.684000	3.078370
4.685000	2.900300
4.686000	2.900300
4.687000	2.900300
4.688000	2.900300
4.689000	2.989430
4.690000	2.900300
4.691000	2.989430
4.692000	2.989430
4.693000	3.078370
4.694000	3.167310
4.695000	2.900300
4.696000	2.722420
4.697000	2.633290
4.698000	2.722420
4.699000	2.722420
4.700000	2.811360
4.701000	2.900300
4.702000	2.633290
4.703000	2.722420
4.704000	2.811360
4.705000	2.722420
4.706000	2.811360
4.707000	2.722420
4.708000	2.633290
4.709000	2.544350
4.710000	2.722420
4.711000	2.722420
4.712000	2.722420
4.713000	2.633290
4.714000	2.544350
4.715000	2.722420
4.716000	2.722420
4.717000	2.544350
4.718000	2.544350
4.719000	2.544350
4.720000	2.455410
4.721000	2.633290
4.722000	2.633290
4.723000	2.722420
4.724000	2.811360
4.725000	2.811360
4.726000	2.811360
4.727000	2.811360
4.728000	2.544350
4.729000	3.256260
4.730000	3.078370
4.731000	2.455410
4.732000	2.277340
4.733000	2.544350
4.734000	2.633290
4.735000	2.900300
4.736000	2.989430
4.737000	2.989430
4.738000	3.167310
4.739000	2.989430
4.740000	2.811360
4.741000	2.900300
4.742000	3.078370
4.743000	2.989430
4.744000	2.722420
4.745000	2.633290
4.746000	2.989430
4.747000	3.078370
4.748000	3.078370
4.749000	3.078370
4.750000	2.811360
4.751000	2.633290
4.752000	2.811360
4.753000	2.811360
4.754000	2.633290
4.755000	2.722420
4.756000	2.811360
4.757000	2.811360
4.758000	2.722420
4.759000	2.722420
4.760000	3.078370
4.761000	3.078370
4.762000	2.722420
4.763000	2.544350
4.764000	2.455410
4.765000	2.544350
4.766000	2.722420
4.767000	2.633290
4.768000	2.455410
4.769000	2.633290
4.770000	2.811360
4.771000	2.811360
4.772000	2.900300
4.773000	2.722420
4.774000	2.811360
4.775000	2.633290
4.776000	2.633290
4.777000	2.811360
4.778000	2.989430
4.779000	2.722420
4.780000	2.633290
4.781000	2.722420
4.782000	2.811360
4.783000	2.900300
4.784000	2.900300
4.785000	2.722420
4.786000	2.544350
4.787000	2.544350
4.788000	2.811360
4.789000	2.811360
4.790000	2.900300
4.791000	2.989430
4.792000	2.811360
4.793000	2.811360
4.794000	2.900300
4.795000	2.989430
4.796000	2.811360
4.797000	2.633290
4.798000	2.633290
4.799000	2.633290
4.800000	2.633290
4.801000	2.811360
4.802000	2.900300
4.803000	2.633290
4.804000	2.811360
4.805000	2.811360
4.806000	2.989430
4.807000	3.078370
4.808000	2.900300
4.809000	2.811360
4.810000	2.188400
4.811000	2.366460
4.812000	3.167310
4.813000	2.544350
4.814000	2.633290
4.815000	2.989430
4.816000	3.790280
4.817000	1.654370
4.818000	1.298420
4.819000	2.277340
4.820000	2.366460
4.821000	3.523270
4.822000	3.701340
4.823000	0.853524
4.824000	1.120530
4.825000	2.366460
4.826000	2.989430
4.827000	2.900300
4.828000	3.434330
4.829000	3.523270
4.830000	1.565430
4.831000	3.167310
4.832000	1.921380
4.833000	0.586513
4.834000	5.392160
4.835000	4.769200
4.836000	2.366460
4.837000	1.921380
4.838000	2.099450
4.839000	2.544350
4.840000	5.214280
4.841000	5.214280
4.842000	5.481100
4.843000	3.968350
4.844000	5.926180
4.845000	5.659170
4.846000	6.460210
4.847000	5.837240
4.848000	5.659170
4.849000	3.434330
4.850000	2.989430
4.851000	4.235360
4.852000	4.858140
4.853000	4.324300
4.854000	3.345380
4.855000	4.591310
4.856000	4.591310
4.857000	5.125150
4.858000	4.858140
4.859000	4.769200
4.860000	3.434330
4.861000	3.167310
4.862000	3.078370
4.863000	3.345380
4.864000	2.455410
4.865000	2.633290
4.866000	2.188400
4.867000	1.654370
4.868000	2.366460
4.869000	2.366460
4.870000	2.366460
4.871000	2.455410
4.872000	1.743500
4.873000	1.832440
4.874000	2.010330
4.875000	2.544350
4.876000	2.811360
4.877000	2.811360
4.878000	3.078370
4.879000	2.188400
4.880000	1.031410
4.881000	0.764581
4.882000	1.476490
4.883000	2.188400
4.884000	2.188400
4.885000	1.298420
4.886000	1.298420
4.887000	1.743500
4.888000	2.900300
4.889000	3.256260
4.890000	2.989430
4.891000	2.544350
4.892000	2.366460
4.893000	2.366460
4.894000	2.099450
4.895000	2.099450
4.896000	1.654370
4.897000	1.209480
4.898000	1.031410
4.899000	1.209480
4.900000	2.010330
4.901000	2.722420
4.902000	3.167310
4.903000	2.811360
4.904000	2.099450
4.905000	2.010330
4.906000	1.921380
4.907000	1.921380
4.908000	1.832440
4.909000	1.387550
4.910000	1.120530
4.911000	1.476490
4.912000	1.832440
4.913000	1.743500
4.914000	2.277340
4.915000	2.633290
4.916000	2.277340
4.917000	2.010330
4.918000	2.188400
4.919000	2.010330
4.920000	2.188400
4.921000	1.565430
4.922000	1.120530
4.923000	1.120530
4.924000	1.743500
4.925000	2.099450
4.926000	1.921380
4.927000	1.387550
4.928000	0.853524
4.929000	0.853524
4.930000	1.031410
4.931000	1.298420
4.932000	1.298420
4.933000	1.120530
4.934000	1.031410
4.935000	1.031410
4.936000	1.209480
4.937000	1.387550
4.938000	1.209480
4.939000	0.764581
4.940000	0.675456
4.941000	0.853524
4.942000	1.120530
4.943000	1.031410
4.944000	1.209480
4.945000	1.120530
4.946000	1.209480
4.947000	1.476490
4.948000	1.921380
4.949000	2.277340
4.950000	2.277340
4.951000	2.010330
4.952000	1.654370
4.953000	1.476490
4.954000	2.099450
4.955000	2.455410
4.956000	2.633290
4.957000	2.455410
4.958000	2.366460
4.959000	2.544350
4.960000	2.900300
4.961000	3.167310
4.962000	2.989430
4.963000	2.633290
4.964000	2.722420
4.965000	2.900300
4.966000	3.256260
4.967000	3.078370
4.968000	2.722420
4.969000	2.366460
4.970000	1.921380
4.971000	2.277340
4.972000	2.811360
4.973000	3.167310
4.974000	3.167310
4.975000	3.167310
4.976000	2.900300
4.977000	2.544350
4.978000	2.544350
4.979000	2.455410
4.980000	1.832440
4.981000	1.743500
4.982000	2.277340
4.983000	2.277340
4.984000	2.455410
4.985000	2.811360
4.986000	2.900300
4.987000	2.900300
4.988000	3.167310
4.989000	3.167310
4.990000	3.167310
4.991000	2.989430
4.992000	3.167310
4.993000	3.167310
4.994000	2.722420
4.995000	2.277340
4.996000	2.544350
4.997000	3.078370
4.998000	3.345380
4.999000	3.167310
5.000000	2.811360
5.001000	2.989430
5.002000	3.434330
5.003000	3.612390
5.004000	3.612390
5.005000	3.701340
5.006000	3.612390
5.007000	4.680250
5.008000	4.769200
5.009000	4.057290
5.010000	5.036210
5.011000	4.680250
5.012000	3.612390
5.013000	3.078370
5.014000	4.146230
5.015000	4.591310
5.016000	5.659170
5.017000	5.837240
5.018000	4.591310
5.019000	3.968350
5.020000	4.680250
5.021000	5.748120
5.022000	6.282140
5.023000	5.481100
5.024000	5.926180
5.025000	6.727030
5.026000	6.104070
5.027000	5.748120
5.028000	7.795080
5.029000	8.418040
5.030000	8.062090
5.031000	8.328920
5.032000	3.790280
5.033000	4.235360
5.034000	5.125150
5.035000	6.638090
5.036000	7.705950
5.037000	3.434330
5.038000	1.031410
5.039000	3.345380
5.040000	3.701340
5.041000	-0.926428
5.042000	-0.125395
5.043000	3.523270
5.044000	3.345380
5.045000	-0.125395
5.046000	-1.104310
5.047000	0.230559
5.048000	2.366460
5.049000	1.209480
5.050000	-1.727280
5.051000	-2.261300
5.052000	-1.816400
5.053000	-1.015370
5.054000	-2.172360
5.055000	-2.439370
5.056000	-1.460450
5.057000	-2.172360
5.058000	-2.973210
5.059000	-2.706200
5.060000	-1.549390
5.061000	-1.015370
5.062000	-1.727280
5.063000	-3.329160
5.064000	-4.219140
5.065000	-5.020170
5.066000	-3.507230
5.067000	0.942466
5.068000	-5.554010
5.069000	-15.076500
5.070000	-9.736880
5.071000	-0.214520
5.072000	9.308020
5.073000	2.633290
5.074000	-8.045870
5.075000	9.663970
5.076000	20.877199
5.077000	-11.427700
5.078000	-20.149200
5.079000	-10.092800
5.080000	-2.261300
5.081000	22.479000
5.082000	-10.181800
5.083000	-25.043800
5.084000	-14.987400
5.085000	28.797600
5.086000	21.678200
5.087000	-4.219140
5.088000	2.989430
5.089000	-20.594101
5.090000	-15.254400
5.091000	-4.041250
5.092000	33.692402
5.093000	8.506990
5.094000	-14.987400
5.095000	-15.254400
5.096000	12.778800
5.097000	11.087800
5.098000	-5.109110
5.099000	-14.008500
5.100000	10.375900
5.101000	20.788200
5.102000	14.202600
5.103000	-19.704100
5.104000	-14.453600
5.105000	3.523270
5.106000	16.338499
5.107000	-1.460450
5.108000	-7.333960
5.109000	-3.596170
5.110000	4.413240
5.111000	-9.202850
5.112000	-9.113910
5.113000	-3.062330
5.114000	5.570230
5.115000	7.528070
5.116000	2.989430
5.117000	-0.926428
5.118000	1.476490
5.119000	4.680250
5.120000	0.675456
5.121000	-9.825820
5.122000	-9.113910
5.123000	-4.130190
5.124000	2.455410
5.125000	-3.151280
5.126000	-5.287180
5.127000	3.078370
5.128000	7.884020
5.129000	10.642900
5.130000	4.947270
5.131000	-5.465070
5.132000	-12.673600
5.133000	5.303220
5.134000	12.778800
5.135000	4.057290
5.136000	-11.605800
5.137000	-16.767401
5.138000	-5.554010
5.139000	9.041010
5.140000	8.062090
5.141000	-3.863180
5.142000	-1.905350
5.143000	4.591310
5.144000	7.172110
5.145000	2.989430
5.146000	-4.130190
5.147000	-1.460450
5.148000	5.303220
5.149000	5.659170
5.150000	-6.266100
5.151000	-8.223940
5.152000	-1.282380
5.153000	4.502190
5.154000	4.235360
5.155000	-3.596170
5.156000	-5.821020
5.157000	-0.837485
5.158000	8.685050
5.159000	7.083170
5.160000	2.455410
5.161000	1.654370
5.162000	-1.638340
5.163000	-6.266100
5.164000	-6.978010
5.165000	-2.884260
5.166000	-0.926428
5.167000	-1.015370
5.168000	-0.392406
5.169000	0.408445
5.170000	-1.104310
5.171000	-2.261300
5.172000	-3.507230
5.173000	0.141616
5.174000	4.324300
5.175000	2.277340
5.176000	-1.816400
5.177000	-3.151280
5.178000	0.408445
5.179000	-0.392406
5.180000	-2.528310
5.181000	-1.727280
5.182000	-3.062330
5.183000	-0.214520
5.184000	0.052491
5.185000	4.146230
5.186000	3.701340
5.187000	4.413240
5.188000	-1.282380
5.189000	-1.104310
5.190000	0.141616
5.191000	3.078370
5.192000	0.497570
5.193000	1.120530
5.194000	-3.151280
5.195000	-4.219140
5.196000	-1.727280
5.197000	0.942466
5.198000	-4.575090
5.199000	-3.240220
5.200000	3.612390
5.201000	10.375900
5.202000	5.125150
5.203000	-1.905350
5.204000	-5.554010
5.205000	-5.376120
5.206000	0.141616
5.207000	0.141616
5.208000	-2.439370
5.209000	-3.685300
5.210000	-3.329160
5.211000	-2.884260
5.212000	-2.083230
5.213000	0.853524
5.214000	2.010330
5.215000	2.366460
5.216000	0.052491
5.217000	0.319502
5.218000	-0.036452
5.219000	-1.282380
5.220000	-3.151280
5.221000	-2.973210
5.222000	-2.884260
5.223000	-3.952130
5.224000	-2.884260
5.225000	0.764581
5.226000	3.790280
5.227000	4.858140
5.228000	-0.392406
5.229000	-3.240220
5.230000	-2.172360
5.231000	2.544350
5.232000	3.701340
5.233000	0.675456
5.234000	-3.507230
5.235000	-3.329160
5.236000	-0.392406
5.237000	0.319502
5.238000	-1.371320
5.239000	-2.083230
5.240000	0.230559
5.241000	1.476490
5.242000	2.188400
5.243000	1.031410
5.244000	1.654370
5.245000	0.764581
5.246000	-0.303463
5.247000	-0.748360
5.248000	-0.303463
5.249000	0.408445
5.250000	0.408445
5.251000	-0.125395
5.252000	-0.748360
5.253000	-1.905350
5.254000	-1.994290
5.255000	-1.460450
5.256000	-0.214520
5.257000	0.675456
5.258000	1.476490
5.259000	-0.036452
5.260000	-0.036452
5.261000	-0.214520
5.262000	-0.570474
5.263000	-1.015370
5.264000	-1.994290
5.265000	-2.172360
5.266000	-1.460450
5.267000	-0.748360
5.268000	-2.617250
5.269000	-4.041250
5.270000	-4.308260
5.271000	-2.884260
5.272000	-1.193440
5.273000	1.209480
5.274000	2.455410
5.275000	-0.125395
5.276000	-2.439370
5.277000	-2.884260
5.278000	-2.083230
5.279000	-2.350240
5.280000	-3.507230
5.281000	-3.596170
5.282000	-2.439370
5.283000	-0.125395
5.284000	-0.303463
5.285000	-0.748360
5.286000	-0.392406
5.287000	0.319502
5.288000	0.319502
5.289000	1.387550
5.290000	1.476490
5.291000	1.298420
5.292000	1.565430
5.293000	1.120530
5.294000	-1.371320
5.295000	-2.884260
5.296000	-2.261300
5.297000	0.764581
5.298000	2.633290
5.299000	2.811360
5.300000	1.565430
5.301000	0.497570
5.302000	1.743500
5.303000	2.188400
5.304000	1.298420
5.305000	-0.036452
5.306000	0.230559
5.307000	1.120530
5.308000	1.743500
5.309000	1.209480
5.310000	-0.303463
5.311000	-1.282380
5.312000	-0.748360
5.313000	-0.036452
5.314000	0.141616
5.315000	-0.392406
5.316000	0.319502
5.317000	1.476490
5.318000	1.654370
5.319000	-0.481349
5.320000	-2.528310
5.321000	-2.172360
5.322000	-1.104310
5.323000	-0.837485
5.324000	-1.549390
5.325000	-1.727280
5.326000	-2.528310
5.327000	-2.528310
5.328000	-3.418290
5.329000	-1.727280
5.330000	-0.303463
5.331000	-0.214520
5.332000	-1.994290
5.333000	-1.816400
5.334000	-0.125395
5.335000	-0.125395
5.336000	-1.905350
5.337000	-3.151280
5.338000	-3.507230
5.339000	-2.439370
5.340000	-0.570474
5.341000	-1.282380
5.342000	-1.994290
5.343000	-0.392406
5.344000	1.565430
5.345000	1.209480
5.346000	0.586513
5.347000	1.387550
5.348000	1.654370
5.349000	2.010330
5.350000	1.387550
5.351000	-0.036452
5.352000	-0.214520
5.353000	0.942466
5.354000	1.921380
5.355000	2.188400
5.356000	2.811360
5.357000	3.434330
5.358000	4.146230
5.359000	3.345380
5.360000	2.188400
5.361000	1.120530
5.362000	1.565430
5.363000	1.654370
5.364000	1.921380
5.365000	2.277340
5.366000	1.565430
5.367000	0.141616
5.368000	-0.748360
5.369000	0.052491
5.370000	0.230559
5.371000	0.408445
5.372000	-0.036452
5.373000	0.319502
5.374000	-0.303463
5.375000	-1.015370
5.376000	-2.617250
5.377000	-2.350240
5.378000	-1.193440
5.379000	-1.816400
5.380000	-3.596170
5.381000	-4.041250
5.382000	-2.261300
5.383000	-1.905350
5.384000	-2.884260
5.385000	-3.685300
5.386000	-3.863180
5.387000	-3.151280
5.388000	-3.151280
5.389000	-3.329160
5.390000	-2.528310
5.391000	-2.172360
5.392000	-2.172360
5.393000	-2.884260
5.394000	-2.439370
5.395000	-2.172360
5.396000	-1.727280
5.397000	-2.083230
5.398000	-1.282380
5.399000	-1.549390
5.400000	-0.926428
5.401000	-0.659417
5.402000	0.230559
5.403000	0.141616
5.404000	0.408445
5.405000	0.319502
5.406000	0.497570
5.407000	1.476490
5.408000	1.209480
5.409000	0.675456
5.410000	0.497570
5.411000	1.565430
5.412000	2.099450
5.413000	2.099450
5.414000	2.099450
5.415000	1.832440
5.416000	2.455410
5.417000	3.256260
5.418000	1.476490
5.419000	0.497570
5.420000	1.654370
5.421000	3.078370
5.422000	2.989430
5.423000	1.476490
5.424000	-0.303463
5.425000	0.230559
5.426000	1.476490
5.427000	1.120530
5.428000	-0.926428
5.429000	-1.104310
5.430000	0.942466
5.431000	2.277340
5.432000	0.230559
5.433000	-2.439370
5.434000	-4.308260
5.435000	-2.439370
5.436000	-0.570474
5.437000	-1.104310
5.438000	-3.329160
5.439000	-3.596170
5.440000	-1.816400
5.441000	-1.371320
5.442000	-2.706200
5.443000	-3.952130
5.444000	-4.219140
5.445000	-2.172360
5.446000	-1.816400
5.447000	-3.151280
5.448000	-3.774240
5.449000	-2.528310
5.450000	-1.994290
5.451000	-2.528310
5.452000	-4.486150
5.453000	-4.664220
5.454000	-2.706200
5.455000	0.141616
5.456000	-0.481349
5.457000	-1.638340
5.458000	-2.350240
5.459000	-2.083230
5.460000	-0.392406
5.461000	1.120530
5.462000	0.497570
5.463000	-0.214520
5.464000	0.052491
5.465000	0.675456
5.466000	0.764581
5.467000	0.586513
5.468000	1.031410
5.469000	1.743500
5.470000	2.188400
5.471000	1.832440
5.472000	1.387550
5.473000	2.010330
5.474000	3.879220
5.475000	3.968350
5.476000	2.811360
5.477000	1.832440
5.478000	2.099450
5.479000	2.366460
5.480000	3.078370
5.481000	2.188400
5.482000	1.387550
5.483000	1.565430
5.484000	1.921380
5.485000	1.298420
5.486000	1.209480
5.487000	1.120530
5.488000	0.942466
5.489000	0.853524
5.490000	-0.392406
5.491000	-1.371320
5.492000	-1.549390
5.493000	-0.303463
5.494000	-0.748360
5.495000	-2.172360
5.496000	-2.884260
5.497000	-2.795320
5.498000	-2.439370
5.499000	-3.418290
5.500000	-4.130190
