-0.500000	0.183002
-0.499000	0.164946
-0.498000	0.164946
-0.497000	0.173974
-0.496000	0.183002
-0.495000	0.173974
-0.494000	0.173974
-0.493000	0.173974
-0.492000	0.164946
-0.491000	0.173974
-0.490000	0.173974
-0.489000	0.164946
-0.488000	0.164946
-0.487000	0.164946
-0.486000	0.173974
-0.485000	0.164946
-0.484000	0.164946
-0.483000	0.173974
-0.482000	0.183002
-0.481000	0.173974
-0.480000	0.164946
-0.479000	0.173974
-0.478000	0.164946
-0.477000	0.173974
-0.476000	0.164946
-0.475000	0.164946
-0.474000	0.164946
-0.473000	0.173974
-0.472000	0.173974
-0.471000	0.173974
-0.470000	0.164946
-0.469000	0.164946
-0.468000	0.155900
-0.467000	0.173974
-0.466000	0.173974
-0.465000	0.173974
-0.464000	0.173974
-0.463000	0.173974
-0.462000	0.173974
-0.461000	0.164946
-0.460000	0.173974
-0.459000	0.164946
-0.458000	0.164946
-0.457000	0.164946
-0.456000	0.164946
-0.455000	0.164946
-0.454000	0.164946
-0.453000	0.164946
-0.452000	0.173974
-0.451000	0.173974
-0.450000	0.173974
-0.449000	0.173974
-0.448000	0.155900
-0.447000	0.183002
-0.446000	0.164946
-0.445000	0.173974
-0.444000	0.164946
-0.443000	0.173974
-0.442000	0.173974
-0.441000	0.164946
-0.440000	0.164946
-0.439000	0.173974
-0.438000	0.183002
-0.437000	0.173974
-0.436000	0.164946
-0.435000	0.173974
-0.434000	0.183002
-0.433000	0.173974
-0.432000	0.173974
-0.431000	0.173974
-0.430000	0.173974
-0.429000	0.183002
-0.428000	0.173974
-0.427000	0.173974
-0.426000	0.173974
-0.425000	0.173974
-0.424000	0.173974
-0.423000	0.173974
-0.422000	0.173974
-0.421000	0.164946
-0.420000	0.173974
-0.419000	0.173974
-0.418000	0.173974
-0.417000	0.173974
-0.416000	0.164946
-0.415000	0.173974
-0.414000	0.173974
-0.413000	0.164946
-0.412000	0.173974
-0.411000	0.164946
-0.410000	0.164946
-0.409000	0.173974
-0.408000	0.173974
-0.407000	0.173974
-0.406000	0.164946
-0.405000	0.173974
-0.404000	0.164946
-0.403000	0.164946
-0.402000	0.173974
-0.401000	0.164946
-0.400000	0.173974
-0.399000	0.164946
-0.398000	0.164946
-0.397000	0.183002
-0.396000	0.164946
-0.395000	0.173974
-0.394000	0.173974
-0.393000	0.173974
-0.392000	0.173974
-0.391000	0.164946
-0.390000	0.173974
-0.389000	0.164946
-0.388000	0.155900
-0.387000	0.155900
-0.386000	0.173974
-0.385000	0.164946
-0.384000	0.164946
-0.383000	0.173974
-0.382000	0.173974
-0.381000	0.164946
-0.380000	0.164946
-0.379000	0.173974
-0.378000	0.173974
-0.377000	0.164946
-0.376000	0.164946
-0.375000	0.164946
-0.374000	0.164946
-0.373000	0.173974
-0.372000	0.164946
-0.371000	0.164946
-0.370000	0.164946
-0.369000	0.173974
-0.368000	0.164946
-0.367000	0.173974
-0.366000	0.164946
-0.365000	0.164946
-0.364000	0.164946
-0.363000	0.173974
-0.362000	0.173974
-0.361000	0.164946
-0.360000	0.155900
-0.359000	0.173974
-0.358000	0.164946
-0.357000	0.173974
-0.356000	0.164946
-0.355000	0.164946
-0.354000	0.173974
-0.353000	0.164946
-0.352000	0.173974
-0.351000	0.173974
-0.350000	0.173974
-0.349000	0.164946
-0.348000	0.173974
-0.347000	0.173974
-0.346000	0.164946
-0.345000	0.164946
-0.344000	0.164946
-0.343000	0.164946
-0.342000	0.173974
-0.341000	0.164946
-0.340000	0.164946
-0.339000	0.173974
-0.338000	0.164946
-0.337000	0.164946
-0.336000	0.164946
-0.335000	0.183002
-0.334000	0.164946
-0.333000	0.173974
-0.332000	0.173974
-0.331000	0.173974
-0.330000	0.164946
-0.329000	0.173974
-0.328000	0.173974
-0.327000	0.164946
-0.326000	0.173974
-0.325000	0.173974
-0.324000	0.173974
-0.323000	0.173974
-0.322000	0.164946
-0.321000	0.173974
-0.320000	0.173974
-0.319000	0.164946
-0.318000	0.164946
-0.317000	0.183002
-0.316000	0.164946
-0.315000	0.173974
-0.314000	0.164946
-0.313000	0.173974
-0.312000	0.164946
-0.311000	0.173974
-0.310000	0.183002
-0.309000	0.173974
-0.308000	0.173974
-0.307000	0.173974
-0.306000	0.173974
-0.305000	0.173974
-0.304000	0.164946
-0.303000	0.164946
-0.302000	0.173974
-0.301000	0.173974
-0.300000	0.173974
-0.299000	0.183002
-0.298000	0.164946
-0.297000	0.173974
-0.296000	0.173974
-0.295000	0.183002
-0.294000	0.164946
-0.293000	0.164946
-0.292000	0.164946
-0.291000	0.164946
-0.290000	0.173974
-0.289000	0.164946
-0.288000	0.155900
-0.287000	0.164946
-0.286000	0.164946
-0.285000	0.173974
-0.284000	0.164946
-0.283000	0.164946
-0.282000	0.164946
-0.281000	0.173974
-0.280000	0.164946
-0.279000	0.173974
-0.278000	0.164946
-0.277000	0.173974
-0.276000	0.173974
-0.275000	0.183002
-0.274000	0.173974
-0.273000	0.173974
-0.272000	0.164946
-0.271000	0.173974
-0.270000	0.164946
-0.269000	0.173974
-0.268000	0.173974
-0.267000	0.164946
-0.266000	0.173974
-0.265000	0.183002
-0.264000	0.173974
-0.263000	0.164946
-0.262000	0.173974
-0.261000	0.164946
-0.260000	0.173974
-0.259000	0.155900
-0.258000	0.155900
-0.257000	0.164946
-0.256000	0.164946
-0.255000	0.173974
-0.254000	0.173974
-0.253000	0.173974
-0.252000	0.183002
-0.251000	0.173974
-0.250000	0.164946
-0.249000	0.183002
-0.248000	0.173974
-0.247000	0.164946
-0.246000	0.183002
-0.245000	0.173974
-0.244000	0.183002
-0.243000	0.183002
-0.242000	0.164946
-0.241000	0.164946
-0.240000	0.164946
-0.239000	0.155900
-0.238000	0.164946
-0.237000	0.173974
-0.236000	0.173974
-0.235000	0.173974
-0.234000	0.164946
-0.233000	0.183002
-0.232000	0.183002
-0.231000	0.173974
-0.230000	0.173974
-0.229000	0.164946
-0.228000	0.173974
-0.227000	0.173974
-0.226000	0.173974
-0.225000	0.173974
-0.224000	0.173974
-0.223000	0.173974
-0.222000	0.164946
-0.221000	0.164946
-0.220000	0.164946
-0.219000	0.173974
-0.218000	0.173974
-0.217000	0.173974
-0.216000	0.164946
-0.215000	0.164946
-0.214000	0.173974
-0.213000	0.183002
-0.212000	0.183002
-0.211000	0.183002
-0.210000	0.164946
-0.209000	0.173974
-0.208000	0.173974
-0.207000	0.164946
-0.206000	0.164946
-0.205000	0.164946
-0.204000	0.164946
-0.203000	0.173974
-0.202000	0.164946
-0.201000	0.155900
-0.200000	0.173974
-0.199000	0.173974
-0.198000	0.164946
-0.197000	0.173974
-0.196000	0.173974
-0.195000	0.173974
-0.194000	0.164946
-0.193000	0.164946
-0.192000	0.164946
-0.191000	0.173974
-0.190000	0.173974
-0.189000	0.173974
-0.188000	0.164946
-0.187000	0.173974
-0.186000	0.164946
-0.185000	0.164946
-0.184000	0.173974
-0.183000	0.155900
-0.182000	0.173974
-0.181000	0.173974
-0.180000	0.173974
-0.179000	0.173974
-0.178000	0.164946
-0.177000	0.155900
-0.176000	0.173974
-0.175000	0.183002
-0.174000	0.164946
-0.173000	0.164946
-0.172000	0.164946
-0.171000	0.164946
-0.170000	0.164946
-0.169000	0.173974
-0.168000	0.164946
-0.167000	0.183002
-0.166000	0.183002
-0.165000	0.164946
-0.164000	0.164946
-0.163000	0.173974
-0.162000	0.173974
-0.161000	0.164946
-0.160000	0.164946
-0.159000	0.164946
-0.158000	0.164946
-0.157000	0.164946
-0.156000	0.164946
-0.155000	0.164946
-0.154000	0.164946
-0.153000	0.155900
-0.152000	0.155900
-0.151000	0.164946
-0.150000	0.164946
-0.149000	0.173974
-0.148000	0.164946
-0.147000	0.164946
-0.146000	0.164946
-0.145000	0.173974
-0.144000	0.155900
-0.143000	0.164946
-0.142000	0.164946
-0.141000	0.155900
-0.140000	0.173974
-0.139000	0.173974
-0.138000	0.164946
-0.137000	0.155900
-0.136000	0.164946
-0.135000	0.173974
-0.134000	0.173974
-0.133000	0.183002
-0.132000	0.173974
-0.131000	0.164946
-0.130000	0.173974
-0.129000	0.173974
-0.128000	0.164946
-0.127000	0.164946
-0.126000	0.155900
-0.125000	0.164946
-0.124000	0.164946
-0.123000	0.173974
-0.122000	0.173974
-0.121000	0.164946
-0.120000	0.155900
-0.119000	0.173974
-0.118000	0.164946
-0.117000	0.173974
-0.116000	0.173974
-0.115000	0.173974
-0.114000	0.173974
-0.113000	0.173974
-0.112000	0.164946
-0.111000	0.173974
-0.110000	0.173974
-0.109000	0.173974
-0.108000	0.173974
-0.107000	0.164946
-0.106000	0.155900
-0.105000	0.164946
-0.104000	0.173974
-0.103000	0.173974
-0.102000	0.173974
-0.101000	0.173974
-0.100000	0.164946
-0.099000	0.173974
-0.098000	0.173974
-0.097000	0.173974
-0.096000	0.173974
-0.095000	0.173974
-0.094000	0.173974
-0.093000	0.164946
-0.092000	0.173974
-0.091000	0.173974
-0.090000	0.173974
-0.089000	0.173974
-0.088000	0.173974
-0.087000	0.164946
-0.086000	0.183002
-0.085000	0.173974
-0.084000	0.173974
-0.083000	0.173974
-0.082000	0.183002
-0.081000	0.183002
-0.080000	0.173974
-0.079000	0.173974
-0.078000	0.173974
-0.077000	0.164946
-0.076000	0.173974
-0.075000	0.173974
-0.074000	0.164946
-0.073000	0.164946
-0.072000	0.173974
-0.071000	0.183002
-0.070000	0.173974
-0.069000	0.173974
-0.068000	0.164946
-0.067000	0.183002
-0.066000	0.173974
-0.065000	0.173974
-0.064000	0.164946
-0.063000	0.173974
-0.062000	0.173974
-0.061000	0.173974
-0.060000	0.173974
-0.059000	0.183002
-0.058000	0.164946
-0.057000	0.173974
-0.056000	0.173974
-0.055000	0.164946
-0.054000	0.164946
-0.053000	0.173974
-0.052000	0.173974
-0.051000	0.173974
-0.050000	0.173974
-0.049000	0.183002
-0.048000	0.173974
-0.047000	0.183002
-0.046000	0.183002
-0.045000	0.173974
-0.044000	0.173974
-0.043000	0.173974
-0.042000	0.173974
-0.041000	0.173974
-0.040000	0.164946
-0.039000	0.164946
-0.038000	0.183002
-0.037000	0.164946
-0.036000	0.173974
-0.035000	0.173974
-0.034000	0.164946
-0.033000	0.173974
-0.032000	0.173974
-0.031000	0.164946
-0.030000	0.137844
-0.029000	0.128797
-0.028000	0.128797
-0.027000	0.128797
-0.026000	0.137844
-0.025000	0.146872
-0.024000	0.155900
-0.023000	0.146872
-0.022000	0.155900
-0.021000	0.155900
-0.020000	0.173974
-0.019000	0.210105
-0.018000	0.237207
-0.017000	0.237207
-0.016000	0.237207
-0.015000	0.237207
-0.014000	0.246235
-0.013000	0.237207
-0.012000	0.219133
-0.011000	0.219133
-0.010000	0.201077
-0.009000	0.164946
-0.008000	0.137844
-0.007000	0.074611
-0.006000	0.110741
-0.005000	0.146872
-0.004000	0.020405
-0.003000	-0.006697
-0.002000	-0.015725
-0.001000	0.002350
0.000000	0.056536
0.001000	0.083638
0.002000	0.155900
0.003000	0.083638
0.004000	0.065582
0.005000	0.128797
0.006000	0.110741
0.007000	0.164946
0.008000	0.128797
0.009000	0.047508
0.010000	0.056536
0.011000	0.101713
0.012000	0.183002
0.013000	0.146872
0.014000	0.101713
0.015000	0.065582
0.016000	0.020405
0.017000	-0.024753
0.018000	-0.042827
0.019000	0.038480
0.020000	0.056536
0.021000	-0.304787
0.022000	0.526270
0.023000	0.490139
0.024000	-0.060883
0.025000	-0.015725
0.026000	-0.033799
0.027000	0.101713
0.028000	0.246235
0.029000	0.065582
0.030000	0.201077
0.031000	0.291412
0.032000	0.282366
0.033000	0.183002
0.034000	0.137844
0.035000	0.426906
0.036000	0.589503
0.037000	0.562400
0.038000	0.363673
0.039000	0.390776
0.040000	0.580475
0.041000	0.724997
0.042000	0.634661
0.043000	0.562400
0.044000	0.444962
0.045000	0.417860
0.046000	0.435934
0.047000	0.499167
0.048000	0.499167
0.049000	0.517242
0.050000	0.517242
0.051000	0.354645
0.052000	0.291412
0.053000	0.381729
0.054000	0.426906
0.055000	0.417860
0.056000	0.417860
0.057000	0.363673
0.058000	0.363673
0.059000	0.390776
0.060000	0.454009
0.061000	0.417860
0.062000	0.372701
0.063000	0.381729
0.064000	0.408832
0.065000	0.408832
0.066000	0.463037
0.067000	0.481093
0.068000	0.435934
0.069000	0.426906
0.070000	0.435934
0.071000	0.291412
0.072000	0.354645
0.073000	0.481093
0.074000	0.309468
0.075000	0.210105
0.076000	0.291412
0.077000	0.544326
0.078000	0.354645
0.079000	0.499167
0.080000	0.607559
0.081000	0.571428
0.082000	0.706922
0.083000	0.616605
0.084000	0.553372
0.085000	0.634661
0.086000	0.706922
0.087000	0.752099
0.088000	0.643708
0.089000	0.688866
0.090000	0.715969
0.091000	0.652736
0.092000	0.688866
0.093000	0.643708
0.094000	0.661764
0.095000	0.743071
0.096000	0.806304
0.097000	0.634661
0.098000	0.625633
0.099000	0.661764
0.100000	0.670792
0.101000	0.652736
0.102000	0.598531
0.103000	0.589503
0.104000	0.643708
0.105000	0.598531
0.106000	0.562400
0.107000	0.508195
0.108000	0.526270
0.109000	0.589503
0.110000	0.544326
0.111000	0.472065
0.112000	0.607559
0.113000	0.580475
0.114000	0.589503
0.115000	0.580475
0.116000	0.508195
0.117000	0.589503
0.118000	0.562400
0.119000	0.544326
0.120000	0.571428
0.121000	0.571428
0.122000	0.598531
0.123000	0.616605
0.124000	0.598531
0.125000	0.562400
0.126000	0.589503
0.127000	0.616605
0.128000	0.571428
0.129000	0.553372
0.130000	0.634661
0.131000	0.634661
0.132000	0.535298
0.133000	0.508195
0.134000	0.544326
0.135000	0.589503
0.136000	0.607559
0.137000	0.417860
0.138000	0.860491
0.139000	0.905668
0.140000	-0.819679
0.141000	-0.738390
0.142000	-0.458356
0.143000	-0.232526
0.144000	0.589503
0.145000	0.092666
0.146000	0.065582
0.147000	0.842435
0.148000	0.706922
0.149000	0.309468
0.150000	0.381729
0.151000	0.905668
0.152000	1.122450
0.153000	1.149550
0.154000	0.995985
0.155000	0.779202
0.156000	0.932770
0.157000	1.465720
0.158000	1.528950
0.159000	1.122450
0.160000	1.122450
0.161000	1.366350
0.162000	1.266990
0.163000	1.167630
0.164000	1.266990
0.165000	1.077290
0.166000	0.959854
0.167000	1.005030
0.168000	0.923724
0.169000	0.869537
0.170000	1.104390
0.171000	1.194730
0.172000	0.878565
0.173000	0.670792
0.174000	0.706922
0.175000	0.761127
0.176000	0.761127
0.177000	0.743071
0.178000	1.384430
0.179000	1.646390
0.180000	1.411510
0.181000	1.239890
0.182000	1.474750
0.183000	0.779202
0.184000	1.375380
0.185000	1.176660
0.186000	0.905668
0.187000	-0.115088
0.188000	3.922760
0.189000	8.267720
0.190000	0.634661
0.191000	3.236220
0.192000	1.266990
0.193000	-1.461040
0.194000	3.949840
0.195000	1.095370
0.196000	-0.187349
0.197000	3.579490
0.198000	1.492820
0.199000	-2.192730
0.200000	-1.894640
0.201000	-0.846782
0.202000	-0.322862
0.203000	0.535298
0.204000	0.706922
0.205000	-1.370700
0.206000	-3.746440
0.207000	-1.352650
0.208000	0.463037
0.209000	0.354645
0.210000	0.426906
0.211000	-0.151219
0.212000	-1.307470
0.213000	-1.144870
0.214000	-0.015725
0.215000	-0.422225
0.216000	-1.768170
0.217000	-2.382430
0.218000	-1.524270
0.219000	-1.108740
0.220000	0.020405
0.221000	0.896621
0.222000	0.345599
0.223000	0.137844
0.224000	0.038480
0.225000	-0.304787
0.226000	0.002350
0.227000	1.158600
0.228000	1.574110
0.229000	0.950826
0.230000	0.661764
0.231000	1.032130
0.232000	1.899320
0.233000	3.037500
0.234000	3.678850
0.235000	3.489160
0.236000	2.920060
0.237000	3.182040
0.238000	3.904680
0.239000	4.600250
0.240000	4.753800
0.241000	4.627350
0.242000	3.823400
0.243000	3.218170
0.244000	2.974260
0.245000	2.640040
0.246000	3.633700
0.247000	2.441300
0.248000	1.772860
0.249000	0.995985
0.250000	1.032130
0.251000	1.718650
0.252000	1.149550
0.253000	1.104390
0.254000	0.598531
0.255000	0.074611
0.256000	0.309468
0.257000	0.661764
0.258000	0.950826
0.259000	0.670792
0.260000	0.490139
0.261000	0.517242
0.262000	0.598531
0.263000	0.923724
0.264000	1.248920
0.265000	1.294090
0.266000	0.950826
0.267000	0.679838
0.268000	0.706922
0.269000	1.023090
0.270000	1.465720
0.271000	1.628310
0.272000	1.673490
0.273000	2.739410
0.274000	2.332910
0.275000	0.950826
0.276000	1.321200
0.277000	1.492820
0.278000	1.872220
0.279000	1.122450
0.280000	0.183002
0.281000	0.589503
0.282000	0.977929
0.283000	-0.828707
0.284000	-2.581160
0.285000	-0.539645
0.286000	-0.548692
0.287000	-1.957860
0.288000	-0.259629
0.289000	-0.666111
0.290000	-0.648055
0.291000	0.363673
0.292000	0.887593
0.293000	1.980610
0.294000	1.547030
0.295000	1.628310
0.296000	1.601210
0.297000	1.303120
0.298000	2.432270
0.299000	2.829740
0.300000	2.278700
0.301000	1.610260
0.302000	-1.488140
0.303000	1.086320
0.304000	0.959854
0.305000	1.230860
0.306000	1.718650
0.307000	0.463037
0.308000	0.851463
0.309000	1.203760
0.310000	1.068260
0.311000	1.601210
0.312000	0.002350
0.313000	2.793590
0.314000	3.398820
0.315000	-0.548692
0.316000	1.510900
0.317000	-0.223480
0.318000	0.210105
0.319000	-0.142191
0.320000	-7.910750
0.321000	-4.035500
0.322000	0.336571
0.323000	-0.756446
0.324000	-0.024753
0.325000	-1.190050
0.326000	-3.005710
0.327000	-0.368020
0.328000	1.077290
0.329000	0.282366
0.330000	2.179340
0.331000	2.179340
0.332000	2.585840
0.333000	1.357330
0.334000	1.610260
0.335000	0.372701
0.336000	-0.765474
0.337000	-0.485459
0.338000	1.583160
0.339000	1.673490
0.340000	0.309468
0.341000	0.652736
0.342000	1.303120
0.343000	-0.069930
0.344000	0.670792
0.345000	0.336571
0.346000	-0.223480
0.347000	2.116100
0.348000	2.513580
0.349000	0.417860
0.350000	2.938130
0.351000	4.744770
0.352000	1.411510
0.353000	0.327543
0.354000	0.734025
0.355000	1.836090
0.356000	2.938130
0.357000	3.010390
0.358000	1.266990
0.359000	1.167630
0.360000	2.016740
0.361000	2.576810
0.362000	2.224510
0.363000	2.929110
0.364000	3.073630
0.365000	3.209120
0.366000	2.811670
0.367000	2.522600
0.368000	2.504530
0.369000	3.263330
0.370000	3.552390
0.371000	2.423240
0.372000	2.323880
0.373000	3.416890
0.374000	2.838770
0.375000	2.107080
0.376000	2.603910
0.377000	2.269670
0.378000	2.197410
0.379000	2.468400
0.380000	2.350980
0.381000	1.158600
0.382000	0.625633
0.383000	-0.575776
0.384000	-0.819679
0.385000	0.571428
0.386000	2.829740
0.387000	1.203760
0.388000	-1.488140
0.389000	-2.174660
0.390000	-1.126820
0.391000	-0.801605
0.392000	-0.169293
0.393000	0.399804
0.394000	-0.873884
0.395000	-2.084320
0.396000	-1.668790
0.397000	-1.551370
0.398000	-1.497170
0.399000	-0.982276
0.400000	-1.307470
0.401000	-1.352650
0.402000	-3.430270
0.403000	-4.216170
0.404000	-2.003030
0.405000	0.074611
0.406000	0.625633
0.407000	1.646390
0.408000	1.330220
0.409000	-3.475450
0.410000	-5.056250
0.411000	-0.675157
0.412000	1.646390
0.413000	1.854140
0.414000	1.230860
0.415000	-1.000350
0.416000	-2.526950
0.417000	-0.395123
0.418000	0.869537
0.419000	2.025790
0.420000	4.311180
0.421000	4.148590
0.422000	-0.196396
0.423000	-1.849460
0.424000	-1.190050
0.425000	0.580475
0.426000	3.082660
0.427000	3.425920
0.428000	2.007710
0.429000	-0.413179
0.430000	-1.280370
0.431000	0.327543
0.432000	2.089020
0.433000	2.179340
0.434000	2.025790
0.435000	1.321200
0.436000	0.634661
0.437000	-0.106060
0.438000	0.797258
0.439000	1.628310
0.440000	1.230860
0.441000	0.210105
0.442000	0.481093
0.443000	0.255263
0.444000	0.426906
0.445000	0.797258
0.446000	0.995985
0.447000	-0.295759
0.448000	-0.087986
0.449000	1.718650
0.450000	2.233540
0.451000	2.856830
0.452000	2.631000
0.453000	1.736720
0.454000	1.321200
0.455000	1.339250
0.456000	1.763810
0.457000	3.660780
0.458000	3.543360
0.459000	1.628310
0.460000	0.282366
0.461000	0.761127
0.462000	2.116100
0.463000	3.733060
0.464000	5.024800
0.465000	4.509910
0.466000	2.531630
0.467000	0.192030
0.468000	-0.458356
0.469000	0.706922
0.470000	1.989640
0.471000	2.405170
0.472000	2.224510
0.473000	1.312150
0.474000	0.661764
0.475000	0.986957
0.476000	1.014060
0.477000	0.806304
0.478000	1.023090
0.479000	0.210105
0.480000	-0.512542
0.481000	0.517242
0.482000	1.294090
0.483000	0.761127
0.484000	0.336571
0.485000	-0.187349
0.486000	-1.054540
0.487000	-0.837754
0.488000	0.029434
0.489000	0.797258
0.490000	0.995985
0.491000	0.779202
0.492000	0.634661
0.493000	0.508195
0.494000	0.697894
0.495000	0.896621
0.496000	1.059220
0.497000	0.851463
0.498000	0.273338
0.499000	0.228179
0.500000	1.140530
0.501000	1.727680
0.502000	1.610260
0.503000	1.176660
0.504000	0.435934
0.505000	0.110741
0.506000	0.706922
0.507000	1.519920
0.508000	2.034820
0.509000	2.052870
0.510000	1.628310
0.511000	1.032130
0.512000	0.878565
0.513000	0.752099
0.514000	0.499167
0.515000	0.372701
0.516000	0.544326
0.517000	0.824360
0.518000	1.375380
0.519000	1.736720
0.520000	1.465720
0.521000	1.294090
0.522000	1.203760
0.523000	0.995985
0.524000	1.194730
0.525000	1.818010
0.526000	2.043840
0.527000	2.007710
0.528000	2.079970
0.529000	1.772860
0.530000	1.547030
0.531000	1.872220
0.532000	2.016740
0.533000	2.089020
0.534000	2.468400
0.535000	2.621970
0.536000	2.667150
0.537000	2.883930
0.538000	2.838770
0.539000	2.631000
0.540000	2.820700
0.541000	2.621970
0.542000	1.944480
0.543000	2.116100
0.544000	2.775540
0.545000	2.802640
0.546000	2.621970
0.547000	2.432270
0.548000	2.341930
0.549000	2.441300
0.550000	2.350980
0.551000	2.197410
0.552000	2.350980
0.553000	2.558740
0.554000	2.260640
0.555000	1.989640
0.556000	1.845120
0.557000	1.637340
0.558000	1.556050
0.559000	1.402490
0.560000	1.501850
0.561000	1.673490
0.562000	1.610260
0.563000	1.574110
0.564000	1.492820
0.565000	1.456690
0.566000	1.574110
0.567000	1.619290
0.568000	1.799960
0.569000	1.610260
0.570000	1.167630
0.571000	1.501850
0.572000	1.736720
0.573000	1.637340
0.574000	1.619290
0.575000	1.601210
0.576000	1.628310
0.577000	1.727680
0.578000	2.052870
0.579000	2.061920
0.580000	2.079970
0.581000	2.206440
0.582000	2.251620
0.583000	2.016740
0.584000	1.736720
0.585000	1.854140
0.586000	2.043840
0.587000	1.845120
0.588000	1.935450
0.589000	2.007710
0.590000	1.953510
0.591000	2.134180
0.592000	2.350980
0.593000	2.233540
0.594000	2.269670
0.595000	2.260640
0.596000	1.845120
0.597000	1.881250
0.598000	2.215470
0.599000	2.197410
0.600000	2.161280
0.601000	2.269670
0.602000	2.224510
0.603000	1.944480
0.604000	1.808990
0.605000	2.025790
0.606000	2.278700
0.607000	2.396140
0.608000	2.450340
0.609000	2.323880
0.610000	2.251620
0.611000	2.251620
0.612000	2.369040
0.613000	2.052870
0.614000	2.007710
0.615000	2.423240
0.616000	2.459370
0.617000	2.242570
0.618000	2.206440
0.619000	1.962550
0.620000	1.890270
0.621000	1.980610
0.622000	1.917380
0.623000	2.260640
0.624000	2.649070
0.625000	2.450340
0.626000	2.061920
0.627000	2.034820
0.628000	1.962550
0.629000	2.025790
0.630000	2.070950
0.631000	1.962550
0.632000	2.043840
0.633000	2.134180
0.634000	1.962550
0.635000	2.161280
0.636000	2.522600
0.637000	2.414210
0.638000	2.269670
0.639000	2.179340
0.640000	2.116100
0.641000	2.179340
0.642000	2.233540
0.643000	2.287750
0.644000	2.477450
0.645000	2.341930
0.646000	2.188380
0.647000	2.269670
0.648000	2.369040
0.649000	2.531630
0.650000	2.522600
0.651000	2.459370
0.652000	2.567760
0.653000	2.495500
0.654000	2.378080
0.655000	2.549710
0.656000	2.477450
0.657000	2.341930
0.658000	2.522600
0.659000	2.631000
0.660000	2.531630
0.661000	2.621970
0.662000	2.441300
0.663000	2.025790
0.664000	2.197410
0.665000	2.414210
0.666000	2.405170
0.667000	2.567760
0.668000	2.477450
0.669000	2.007710
0.670000	2.287750
0.671000	2.477450
0.672000	2.179340
0.673000	2.052870
0.674000	1.944480
0.675000	1.727680
0.676000	1.890270
0.677000	2.116100
0.678000	1.935450
0.679000	1.998680
0.680000	2.170310
0.681000	1.971580
0.682000	1.854140
0.683000	2.007710
0.684000	1.953510
0.685000	1.872220
0.686000	1.827040
0.687000	1.754780
0.688000	1.682520
0.689000	1.700580
0.690000	1.799960
0.691000	1.818010
0.692000	1.854140
0.693000	1.827040
0.694000	1.700580
0.695000	1.664450
0.696000	1.899320
0.697000	2.089020
0.698000	1.953510
0.699000	1.799960
0.700000	1.772860
0.701000	1.754780
0.702000	1.772860
0.703000	1.899320
0.704000	1.953510
0.705000	1.998680
0.706000	1.998680
0.707000	1.854140
0.708000	1.799960
0.709000	1.881250
0.710000	2.070950
0.711000	2.061920
0.712000	1.935450
0.713000	1.971580
0.714000	1.980610
0.715000	1.808990
0.716000	1.917380
0.717000	2.061920
0.718000	1.944480
0.719000	1.808990
0.720000	1.736720
0.721000	1.700580
0.722000	1.827040
0.723000	1.935450
0.724000	1.808990
0.725000	1.709620
0.726000	1.754780
0.727000	1.745750
0.728000	1.628310
0.729000	1.610260
0.730000	1.655420
0.731000	1.592180
0.732000	1.483790
0.733000	1.429590
0.734000	1.465720
0.735000	1.537980
0.736000	1.565080
0.737000	1.510900
0.738000	1.411510
0.739000	1.438620
0.740000	1.519920
0.741000	1.501850
0.742000	1.465720
0.743000	1.429590
0.744000	1.321200
0.745000	1.248920
0.746000	1.266990
0.747000	1.266990
0.748000	1.366350
0.749000	1.429590
0.750000	1.438620
0.751000	1.483790
0.752000	1.537980
0.753000	1.537980
0.754000	1.556050
0.755000	1.547030
0.756000	1.492820
0.757000	1.519920
0.758000	1.610260
0.759000	1.646390
0.760000	1.682520
0.761000	1.781880
0.762000	1.808990
0.763000	1.799960
0.764000	1.790910
0.765000	1.763810
0.766000	1.718650
0.767000	1.682520
0.768000	1.673490
0.769000	1.673490
0.770000	1.727680
0.771000	1.727680
0.772000	1.700580
0.773000	1.619290
0.774000	1.655420
0.775000	1.619290
0.776000	1.438620
0.777000	1.456690
0.778000	1.510900
0.779000	1.438620
0.780000	1.366350
0.781000	1.357330
0.782000	1.230860
0.783000	1.185680
0.784000	1.221830
0.785000	1.131500
0.786000	1.113420
0.787000	1.203760
0.788000	1.221830
0.789000	1.077290
0.790000	1.086320
0.791000	1.095370
0.792000	0.923724
0.793000	0.932770
0.794000	1.104390
0.795000	1.140530
0.796000	1.158600
0.797000	1.212790
0.798000	1.104390
0.799000	1.050190
0.800000	1.068260
0.801000	1.158600
0.802000	1.113420
0.803000	1.122450
0.804000	1.330220
0.805000	1.257960
0.806000	1.131500
0.807000	1.294090
0.808000	1.375380
0.809000	1.294090
0.810000	1.366350
0.811000	1.483790
0.812000	1.393460
0.813000	1.285050
0.814000	1.393460
0.815000	1.402490
0.816000	1.519920
0.817000	1.492820
0.818000	1.185680
0.819000	1.122450
0.820000	1.483790
0.821000	1.673490
0.822000	1.510900
0.823000	1.429590
0.824000	1.447660
0.825000	1.366350
0.826000	1.402490
0.827000	1.357330
0.828000	1.285050
0.829000	1.456690
0.830000	1.411510
0.831000	1.393460
0.832000	1.248920
0.833000	1.068260
0.834000	1.303120
0.835000	1.429590
0.836000	1.212790
0.837000	1.095370
0.838000	1.248920
0.839000	1.221830
0.840000	1.194730
0.841000	1.041160
0.842000	0.923724
0.843000	1.122450
0.844000	1.294090
0.845000	0.905668
0.846000	0.752099
0.847000	1.294090
0.848000	1.411510
0.849000	1.104390
0.850000	0.851463
0.851000	0.625633
0.852000	0.968901
0.853000	1.203760
0.854000	0.896621
0.855000	1.059220
0.856000	1.357330
0.857000	1.077290
0.858000	0.815332
0.859000	0.824360
0.860000	0.986957
0.861000	1.077290
0.862000	0.986957
0.863000	1.023090
0.864000	1.086320
0.865000	1.068260
0.866000	1.131500
0.867000	1.014060
0.868000	0.914696
0.869000	1.285050
0.870000	1.348280
0.871000	1.068260
0.872000	1.068260
0.873000	1.095370
0.874000	0.968901
0.875000	1.131500
0.876000	1.357330
0.877000	1.140530
0.878000	1.068260
0.879000	1.248920
0.880000	1.068260
0.881000	0.977929
0.882000	1.113420
0.883000	1.140530
0.884000	1.330220
0.885000	1.321200
0.886000	0.968901
0.887000	1.068260
0.888000	1.185680
0.889000	0.959854
0.890000	0.968901
0.891000	1.005030
0.892000	0.797258
0.893000	0.959854
0.894000	1.014060
0.895000	0.770155
0.896000	0.986957
0.897000	1.158600
0.898000	0.887593
0.899000	0.752099
0.900000	0.905668
0.901000	0.842435
0.902000	0.652736
0.903000	0.661764
0.904000	0.743071
0.905000	0.833388
0.906000	0.697894
0.907000	0.435934
0.908000	0.499167
0.909000	0.806304
0.910000	0.932770
0.911000	0.715969
0.912000	0.408832
0.913000	0.463037
0.914000	0.878565
0.915000	1.050190
0.916000	0.995985
0.917000	0.851463
0.918000	0.670792
0.919000	0.517242
0.920000	0.625633
0.921000	0.697894
0.922000	0.715969
0.923000	0.824360
0.924000	0.968901
0.925000	0.824360
0.926000	0.715969
0.927000	0.788230
0.928000	0.824360
0.929000	0.914696
0.930000	1.023090
0.931000	1.059220
0.932000	0.851463
0.933000	0.607559
0.934000	0.526270
0.935000	0.553372
0.936000	0.806304
0.937000	0.995985
0.938000	0.697894
0.939000	0.345599
0.940000	0.255263
0.941000	1.059220
0.942000	1.357330
0.943000	1.041160
0.944000	0.905668
0.945000	0.634661
0.946000	0.598531
0.947000	0.408832
0.948000	-0.033799
0.949000	-0.097033
0.950000	0.381729
0.951000	0.715969
0.952000	0.715969
0.953000	0.634661
0.954000	0.734025
0.955000	0.598531
0.956000	0.318496
0.957000	-0.033799
0.958000	-0.196396
0.959000	0.011378
0.960000	0.291412
0.961000	0.454009
0.962000	0.463037
0.963000	0.363673
0.964000	0.435934
0.965000	0.381729
0.966000	0.237207
0.967000	0.056536
0.968000	0.038480
0.969000	0.183002
0.970000	0.155900
0.971000	0.128797
0.972000	0.381729
0.973000	0.408832
0.974000	0.354645
0.975000	0.264310
0.976000	0.074611
0.977000	0.020405
0.978000	0.255263
0.979000	0.399804
0.980000	0.408832
0.981000	0.490139
0.982000	0.616605
0.983000	0.770155
0.984000	0.797258
0.985000	0.562400
0.986000	0.481093
0.987000	0.481093
0.988000	0.580475
0.989000	0.743071
0.990000	0.788230
0.991000	0.724997
0.992000	0.661764
0.993000	0.688866
0.994000	0.679838
0.995000	0.706922
0.996000	0.743071
0.997000	0.806304
0.998000	0.679838
0.999000	0.598531
1.000000	0.544326
1.001000	0.499167
1.002000	0.481093
1.003000	0.589503
1.004000	0.499167
1.005000	0.408832
1.006000	0.472065
1.007000	0.544326
1.008000	0.481093
1.009000	0.499167
1.010000	0.435934
1.011000	0.372701
1.012000	0.318496
1.013000	0.291412
1.014000	0.291412
1.015000	0.255263
1.016000	0.164946
1.017000	0.201077
1.018000	0.219133
1.019000	0.273338
1.020000	0.472065
1.021000	0.499167
1.022000	0.327543
1.023000	0.273338
1.024000	0.255263
1.025000	0.273338
1.026000	0.399804
1.027000	0.444962
1.028000	0.517242
1.029000	0.697894
1.030000	0.688866
1.031000	0.553372
1.032000	0.481093
1.033000	0.417860
1.034000	0.426906
1.035000	0.544326
1.036000	0.643708
1.037000	0.788230
1.038000	0.887593
1.039000	0.833388
1.040000	0.661764
1.041000	0.463037
1.042000	0.381729
1.043000	0.399804
1.044000	0.490139
1.045000	0.571428
1.046000	0.670792
1.047000	0.797258
1.048000	0.797258
1.049000	0.616605
1.050000	0.499167
1.051000	0.508195
1.052000	0.544326
1.053000	0.553372
1.054000	0.571428
1.055000	0.688866
1.056000	0.806304
1.057000	0.761127
1.058000	0.553372
1.059000	0.463037
1.060000	0.472065
1.061000	0.535298
1.062000	0.571428
1.063000	0.607559
1.064000	0.598531
1.065000	0.598531
1.066000	0.580475
1.067000	0.499167
1.068000	0.435934
1.069000	0.390776
1.070000	0.327543
1.071000	0.282366
1.072000	0.273338
1.073000	0.300440
1.074000	0.354645
1.075000	0.354645
1.076000	0.327543
1.077000	0.300440
1.078000	0.273338
1.079000	0.237207
1.080000	0.146872
1.081000	0.137844
1.082000	0.164946
1.083000	0.210105
1.084000	0.183002
1.085000	0.201077
1.086000	0.237207
1.087000	0.291412
1.088000	0.318496
1.089000	0.264310
1.090000	0.273338
1.091000	0.327543
1.092000	0.363673
1.093000	0.381729
1.094000	0.444962
1.095000	0.508195
1.096000	0.535298
1.097000	0.553372
1.098000	0.472065
1.099000	0.472065
1.100000	0.580475
1.101000	0.652736
1.102000	0.616605
1.103000	0.625633
1.104000	0.688866
1.105000	0.715969
1.106000	0.679838
1.107000	0.616605
1.108000	0.598531
1.109000	0.607559
1.110000	0.652736
1.111000	0.634661
1.112000	0.616605
1.113000	0.589503
1.114000	0.616605
1.115000	0.580475
1.116000	0.481093
1.117000	0.499167
1.118000	0.535298
1.119000	0.481093
1.120000	0.417860
1.121000	0.417860
1.122000	0.426906
1.123000	0.444962
1.124000	0.435934
1.125000	0.345599
1.126000	0.309468
1.127000	0.354645
1.128000	0.354645
1.129000	0.363673
1.130000	0.318496
1.131000	0.264310
1.132000	0.354645
1.133000	0.426906
1.134000	0.336571
1.135000	0.300440
1.136000	0.454009
1.137000	0.435934
1.138000	0.381729
1.139000	0.435934
1.140000	0.399804
1.141000	0.472065
1.142000	0.634661
1.143000	0.544326
1.144000	0.499167
1.145000	0.580475
1.146000	0.616605
1.147000	0.634661
1.148000	0.634661
1.149000	0.607559
1.150000	0.688866
1.151000	0.761127
1.152000	0.724997
1.153000	0.734025
1.154000	0.851463
1.155000	0.806304
1.156000	0.815332
1.157000	0.914696
1.158000	0.788230
1.159000	0.743071
1.160000	0.896621
1.161000	1.050190
1.162000	0.878565
1.163000	0.797258
1.164000	0.932770
1.165000	1.059220
1.166000	0.932770
1.167000	0.905668
1.168000	0.905668
1.169000	0.923724
1.170000	1.068260
1.171000	1.032130
1.172000	0.869537
1.173000	0.869537
1.174000	0.959854
1.175000	0.977929
1.176000	0.878565
1.177000	0.887593
1.178000	0.896621
1.179000	0.887593
1.180000	0.896621
1.181000	0.842435
1.182000	0.752099
1.183000	0.779202
1.184000	0.878565
1.185000	0.842435
1.186000	0.761127
1.187000	0.734025
1.188000	0.643708
1.189000	0.734025
1.190000	0.833388
1.191000	0.688866
1.192000	0.625633
1.193000	0.634661
1.194000	0.697894
1.195000	0.797258
1.196000	0.806304
1.197000	0.670792
1.198000	0.607559
1.199000	0.743071
1.200000	0.779202
1.201000	0.815332
1.202000	0.743071
1.203000	0.634661
1.204000	0.815332
1.205000	0.887593
1.206000	0.833388
1.207000	0.896621
1.208000	0.797258
1.209000	0.788230
1.210000	0.896621
1.211000	0.905668
1.212000	0.851463
1.213000	0.851463
1.214000	0.797258
1.215000	0.860491
1.216000	0.995985
1.217000	0.878565
1.218000	0.770155
1.219000	0.878565
1.220000	0.824360
1.221000	0.887593
1.222000	0.923724
1.223000	0.598531
1.224000	0.598531
1.225000	0.950826
1.226000	0.851463
1.227000	0.634661
1.228000	0.643708
1.229000	0.706922
1.230000	0.788230
1.231000	0.833388
1.232000	0.661764
1.233000	0.444962
1.234000	0.562400
1.235000	0.743071
1.236000	0.734025
1.237000	0.706922
1.238000	0.589503
1.239000	0.580475
1.240000	0.734025
1.241000	0.761127
1.242000	0.607559
1.243000	0.544326
1.244000	0.670792
1.245000	0.734025
1.246000	0.743071
1.247000	0.761127
1.248000	0.688866
1.249000	0.724997
1.250000	0.752099
1.251000	0.788230
1.252000	0.860491
1.253000	0.779202
1.254000	0.815332
1.255000	0.860491
1.256000	0.815332
1.257000	0.905668
1.258000	0.959854
1.259000	0.860491
1.260000	0.941798
1.261000	1.005030
1.262000	0.941798
1.263000	1.113420
1.264000	1.158600
1.265000	1.005030
1.266000	1.113420
1.267000	1.230860
1.268000	1.104390
1.269000	1.005030
1.270000	1.032130
1.271000	1.041160
1.272000	1.167630
1.273000	1.212790
1.274000	1.104390
1.275000	1.104390
1.276000	1.167630
1.277000	1.230860
1.278000	1.321200
1.279000	1.257960
1.280000	1.095370
1.281000	1.059220
1.282000	1.059220
1.283000	1.041160
1.284000	0.995985
1.285000	1.077290
1.286000	1.140530
1.287000	1.086320
1.288000	1.077290
1.289000	1.068260
1.290000	0.824360
1.291000	0.806304
1.292000	0.995985
1.293000	1.032130
1.294000	0.932770
1.295000	0.905668
1.296000	0.860491
1.297000	0.869537
1.298000	0.986957
1.299000	0.860491
1.300000	0.670792
1.301000	0.724997
1.302000	0.896621
1.303000	0.995985
1.304000	0.869537
1.305000	0.734025
1.306000	0.842435
1.307000	0.923724
1.308000	0.905668
1.309000	0.869537
1.310000	0.842435
1.311000	0.905668
1.312000	0.977929
1.313000	1.050190
1.314000	1.014060
1.315000	0.860491
1.316000	0.896621
1.317000	1.032130
1.318000	0.986957
1.319000	0.941798
1.320000	1.041160
1.321000	1.050190
1.322000	1.077290
1.323000	1.194730
1.324000	1.176660
1.325000	1.095370
1.326000	1.059220
1.327000	1.113420
1.328000	1.050190
1.329000	0.995985
1.330000	1.104390
1.331000	1.122450
1.332000	1.104390
1.333000	1.194730
1.334000	1.185680
1.335000	1.059220
1.336000	1.113420
1.337000	1.131500
1.338000	0.932770
1.339000	0.887593
1.340000	0.995985
1.341000	1.032130
1.342000	1.050190
1.343000	1.077290
1.344000	0.995985
1.345000	0.959854
1.346000	0.941798
1.347000	0.905668
1.348000	0.887593
1.349000	0.941798
1.350000	0.941798
1.351000	0.932770
1.352000	0.932770
1.353000	0.887593
1.354000	0.869537
1.355000	0.905668
1.356000	0.896621
1.357000	0.833388
1.358000	0.851463
1.359000	0.878565
1.360000	0.860491
1.361000	0.833388
1.362000	0.878565
1.363000	0.941798
1.364000	0.896621
1.365000	0.869537
1.366000	0.842435
1.367000	0.797258
1.368000	0.788230
1.369000	0.833388
1.370000	0.806304
1.371000	0.860491
1.372000	0.950826
1.373000	0.932770
1.374000	0.833388
1.375000	0.833388
1.376000	0.896621
1.377000	0.851463
1.378000	0.779202
1.379000	0.779202
1.380000	0.806304
1.381000	0.815332
1.382000	0.869537
1.383000	0.869537
1.384000	0.851463
1.385000	0.851463
1.386000	0.833388
1.387000	0.797258
1.388000	0.779202
1.389000	0.779202
1.390000	0.607559
1.391000	0.607559
1.392000	0.860491
1.393000	0.968901
1.394000	0.896621
1.395000	0.842435
1.396000	0.761127
1.397000	0.652736
1.398000	0.634661
1.399000	0.589503
1.400000	0.616605
1.401000	0.734025
1.402000	0.824360
1.403000	0.770155
1.404000	0.706922
1.405000	0.734025
1.406000	0.761127
1.407000	0.670792
1.408000	0.580475
1.409000	0.553372
1.410000	0.598531
1.411000	0.652736
1.412000	0.670792
1.413000	0.652736
1.414000	0.679838
1.415000	0.734025
1.416000	0.688866
1.417000	0.625633
1.418000	0.607559
1.419000	0.598531
1.420000	0.571428
1.421000	0.625633
1.422000	0.697894
1.423000	0.752099
1.424000	0.806304
1.425000	0.797258
1.426000	0.724997
1.427000	0.670792
1.428000	0.697894
1.429000	0.715969
1.430000	0.706922
1.431000	0.734025
1.432000	0.815332
1.433000	0.851463
1.434000	0.869537
1.435000	0.833388
1.436000	0.752099
1.437000	0.715969
1.438000	0.706922
1.439000	0.706922
1.440000	0.734025
1.441000	0.770155
1.442000	0.797258
1.443000	0.770155
1.444000	0.715969
1.445000	0.697894
1.446000	0.688866
1.447000	0.652736
1.448000	0.598531
1.449000	0.580475
1.450000	0.607559
1.451000	0.598531
1.452000	0.589503
1.453000	0.589503
1.454000	0.562400
1.455000	0.544326
1.456000	0.517242
1.457000	0.481093
1.458000	0.444962
1.459000	0.454009
1.460000	0.417860
1.461000	0.444962
1.462000	0.463037
1.463000	0.463037
1.464000	0.490139
1.465000	0.454009
1.466000	0.390776
1.467000	0.381729
1.468000	0.399804
1.469000	0.381729
1.470000	0.444962
1.471000	0.499167
1.472000	0.526270
1.473000	0.517242
1.474000	0.517242
1.475000	0.517242
1.476000	0.508195
1.477000	0.435934
1.478000	0.426906
1.479000	0.481093
1.480000	0.535298
1.481000	0.589503
1.482000	0.616605
1.483000	0.607559
1.484000	0.544326
1.485000	0.580475
1.486000	0.634661
1.487000	0.598531
1.488000	0.553372
1.489000	0.607559
1.490000	0.661764
1.491000	0.634661
1.492000	0.553372
1.493000	0.571428
1.494000	0.634661
1.495000	0.697894
1.496000	0.670792
1.497000	0.634661
1.498000	0.607559
1.499000	0.562400
1.500000	0.535298
1.501000	0.598531
1.502000	0.634661
1.503000	0.553372
1.504000	0.580475
1.505000	0.634661
1.506000	0.598531
1.507000	0.454009
1.508000	0.444962
1.509000	0.463037
1.510000	0.399804
1.511000	0.472065
1.512000	0.490139
1.513000	0.417860
1.514000	0.454009
1.515000	0.571428
1.516000	0.508195
1.517000	0.327543
1.518000	0.255263
1.519000	0.327543
1.520000	0.399804
1.521000	0.381729
1.522000	0.336571
1.523000	0.300440
1.524000	0.309468
1.525000	0.417860
1.526000	0.417860
1.527000	0.291412
1.528000	0.282366
1.529000	0.327543
1.530000	0.336571
1.531000	0.363673
1.532000	0.372701
1.533000	0.318496
1.534000	0.345599
1.535000	0.390776
1.536000	0.435934
1.537000	0.390776
1.538000	0.300440
1.539000	0.417860
1.540000	0.499167
1.541000	0.408832
1.542000	0.345599
1.543000	0.390776
1.544000	0.408832
1.545000	0.490139
1.546000	0.517242
1.547000	0.417860
1.548000	0.372701
1.549000	0.408832
1.550000	0.444962
1.551000	0.426906
1.552000	0.354645
1.553000	0.354645
1.554000	0.363673
1.555000	0.336571
1.556000	0.417860
1.557000	0.472065
1.558000	0.408832
1.559000	0.309468
1.560000	0.327543
1.561000	0.309468
1.562000	0.291412
1.563000	0.282366
1.564000	0.237207
1.565000	0.273338
1.566000	0.354645
1.567000	0.291412
1.568000	0.183002
1.569000	0.164946
1.570000	0.210105
1.571000	0.246235
1.572000	0.246235
1.573000	0.210105
1.574000	0.255263
1.575000	0.228179
1.576000	0.183002
1.577000	0.155900
1.578000	0.201077
1.579000	0.192030
1.580000	0.183002
1.581000	0.237207
1.582000	0.237207
1.583000	0.237207
1.584000	0.219133
1.585000	0.219133
1.586000	0.201077
1.587000	0.228179
1.588000	0.246235
1.589000	0.210105
1.590000	0.282366
1.591000	0.318496
1.592000	0.273338
1.593000	0.264310
1.594000	0.237207
1.595000	0.246235
1.596000	0.255263
1.597000	0.309468
1.598000	0.291412
1.599000	0.237207
1.600000	0.273338
1.601000	0.381729
1.602000	0.345599
1.603000	0.264310
1.604000	0.237207
1.605000	0.300440
1.606000	0.291412
1.607000	0.309468
1.608000	0.264310
1.609000	0.192030
1.610000	0.264310
1.611000	0.282366
1.612000	0.273338
1.613000	0.255263
1.614000	0.237207
1.615000	0.219133
1.616000	0.273338
1.617000	0.282366
1.618000	0.273338
1.619000	0.237207
1.620000	0.173974
1.621000	0.119769
1.622000	0.110741
1.623000	0.128797
1.624000	0.173974
1.625000	0.210105
1.626000	0.183002
1.627000	0.146872
1.628000	0.137844
1.629000	0.128797
1.630000	0.110741
1.631000	0.128797
1.632000	0.128797
1.633000	0.092666
1.634000	0.128797
1.635000	0.146872
1.636000	0.146872
1.637000	0.155900
1.638000	0.183002
1.639000	0.137844
1.640000	0.128797
1.641000	0.183002
1.642000	0.128797
1.643000	0.173974
1.644000	0.228179
1.645000	0.237207
1.646000	0.228179
1.647000	0.273338
1.648000	0.255263
1.649000	0.228179
1.650000	0.237207
1.651000	0.255263
1.652000	0.237207
1.653000	0.300440
1.654000	0.336571
1.655000	0.363673
1.656000	0.345599
1.657000	0.309468
1.658000	0.300440
1.659000	0.318496
1.660000	0.273338
1.661000	0.273338
1.662000	0.300440
1.663000	0.291412
1.664000	0.291412
1.665000	0.345599
1.666000	0.336571
1.667000	0.291412
1.668000	0.291412
1.669000	0.264310
1.670000	0.219133
1.671000	0.228179
1.672000	0.255263
1.673000	0.255263
1.674000	0.246235
1.675000	0.246235
1.676000	0.246235
1.677000	0.237207
1.678000	0.228179
1.679000	0.173974
1.680000	0.164946
1.681000	0.192030
1.682000	0.164946
1.683000	0.155900
1.684000	0.164946
1.685000	0.173974
1.686000	0.192030
1.687000	0.192030
1.688000	0.164946
1.689000	0.155900
1.690000	0.155900
1.691000	0.155900
1.692000	0.128797
1.693000	0.137844
1.694000	0.164946
1.695000	0.183002
1.696000	0.192030
1.697000	0.183002
1.698000	0.155900
1.699000	0.173974
1.700000	0.192030
1.701000	0.192030
1.702000	0.192030
1.703000	0.210105
1.704000	0.237207
1.705000	0.255263
1.706000	0.255263
1.707000	0.246235
1.708000	0.273338
1.709000	0.255263
1.710000	0.228179
1.711000	0.237207
1.712000	0.291412
1.713000	0.300440
1.714000	0.273338
1.715000	0.273338
1.716000	0.273338
1.717000	0.291412
1.718000	0.309468
1.719000	0.309468
1.720000	0.309468
1.721000	0.300440
1.722000	0.309468
1.723000	0.300440
1.724000	0.282366
1.725000	0.264310
1.726000	0.264310
1.727000	0.255263
1.728000	0.228179
1.729000	0.246235
1.730000	0.273338
1.731000	0.273338
1.732000	0.237207
1.733000	0.246235
1.734000	0.264310
1.735000	0.246235
1.736000	0.255263
1.737000	0.246235
1.738000	0.210105
1.739000	0.210105
1.740000	0.228179
1.741000	0.237207
1.742000	0.237207
1.743000	0.228179
1.744000	0.246235
1.745000	0.282366
1.746000	0.282366
1.747000	0.282366
1.748000	0.282366
1.749000	0.291412
1.750000	0.300440
1.751000	0.309468
1.752000	0.291412
1.753000	0.282366
1.754000	0.318496
1.755000	0.336571
1.756000	0.336571
1.757000	0.363673
1.758000	0.381729
1.759000	0.390776
1.760000	0.435934
1.761000	0.435934
1.762000	0.390776
1.763000	0.372701
1.764000	0.417860
1.765000	0.454009
1.766000	0.408832
1.767000	0.390776
1.768000	0.408832
1.769000	0.426906
1.770000	0.481093
1.771000	0.499167
1.772000	0.444962
1.773000	0.417860
1.774000	0.444962
1.775000	0.454009
1.776000	0.426906
1.777000	0.417860
1.778000	0.399804
1.779000	0.435934
1.780000	0.463037
1.781000	0.463037
1.782000	0.435934
1.783000	0.417860
1.784000	0.435934
1.785000	0.444962
1.786000	0.435934
1.787000	0.390776
1.788000	0.390776
1.789000	0.426906
1.790000	0.417860
1.791000	0.417860
1.792000	0.444962
1.793000	0.435934
1.794000	0.390776
1.795000	0.417860
1.796000	0.426906
1.797000	0.399804
1.798000	0.381729
1.799000	0.399804
1.800000	0.390776
1.801000	0.399804
1.802000	0.472065
1.803000	0.444962
1.804000	0.426906
1.805000	0.454009
1.806000	0.463037
1.807000	0.454009
1.808000	0.454009
1.809000	0.454009
1.810000	0.444962
1.811000	0.481093
1.812000	0.517242
1.813000	0.490139
1.814000	0.454009
1.815000	0.508195
1.816000	0.535298
1.817000	0.526270
1.818000	0.517242
1.819000	0.535298
1.820000	0.517242
1.821000	0.571428
1.822000	0.580475
1.823000	0.571428
1.824000	0.535298
1.825000	0.571428
1.826000	0.580475
1.827000	0.553372
1.828000	0.535298
1.829000	0.571428
1.830000	0.562400
1.831000	0.553372
1.832000	0.589503
1.833000	0.571428
1.834000	0.553372
1.835000	0.580475
1.836000	0.598531
1.837000	0.562400
1.838000	0.535298
1.839000	0.553372
1.840000	0.544326
1.841000	0.544326
1.842000	0.535298
1.843000	0.544326
1.844000	0.508195
1.845000	0.544326
1.846000	0.562400
1.847000	0.490139
1.848000	0.472065
1.849000	0.526270
1.850000	0.571428
1.851000	0.499167
1.852000	0.499167
1.853000	0.508195
1.854000	0.535298
1.855000	0.562400
1.856000	0.544326
1.857000	0.508195
1.858000	0.508195
1.859000	0.517242
1.860000	0.544326
1.861000	0.535298
1.862000	0.508195
1.863000	0.517242
1.864000	0.553372
1.865000	0.571428
1.866000	0.589503
1.867000	0.589503
1.868000	0.571428
1.869000	0.598531
1.870000	0.589503
1.871000	0.562400
1.872000	0.544326
1.873000	0.526270
1.874000	0.544326
1.875000	0.625633
1.876000	0.589503
1.877000	0.589503
1.878000	0.625633
1.879000	0.607559
1.880000	0.652736
1.881000	0.688866
1.882000	0.598531
1.883000	0.553372
1.884000	0.580475
1.885000	0.616605
1.886000	0.625633
1.887000	0.634661
1.888000	0.634661
1.889000	0.652736
1.890000	0.652736
1.891000	0.661764
1.892000	0.670792
1.893000	0.616605
1.894000	0.589503
1.895000	0.634661
1.896000	0.652736
1.897000	0.625633
1.898000	0.679838
1.899000	0.643708
1.900000	0.643708
1.901000	0.688866
1.902000	0.670792
1.903000	0.643708
1.904000	0.652736
1.905000	0.670792
1.906000	0.688866
1.907000	0.688866
1.908000	0.679838
1.909000	0.679838
1.910000	0.697894
1.911000	0.715969
1.912000	0.715969
1.913000	0.652736
1.914000	0.661764
1.915000	0.715969
1.916000	0.734025
1.917000	0.679838
1.918000	0.688866
1.919000	0.715969
1.920000	0.734025
1.921000	0.770155
1.922000	0.770155
1.923000	0.734025
1.924000	0.706922
1.925000	0.734025
1.926000	0.743071
1.927000	0.724997
1.928000	0.688866
1.929000	0.706922
1.930000	0.715969
1.931000	0.743071
1.932000	0.788230
1.933000	0.743071
1.934000	0.706922
1.935000	0.706922
1.936000	0.724997
1.937000	0.679838
1.938000	0.697894
1.939000	0.679838
1.940000	0.697894
1.941000	0.688866
1.942000	0.688866
1.943000	0.679838
1.944000	0.661764
1.945000	0.661764
1.946000	0.688866
1.947000	0.697894
1.948000	0.643708
1.949000	0.652736
1.950000	0.688866
1.951000	0.679838
1.952000	0.661764
1.953000	0.670792
1.954000	0.634661
1.955000	0.634661
1.956000	0.670792
1.957000	0.679838
1.958000	0.643708
1.959000	0.634661
1.960000	0.643708
1.961000	0.652736
1.962000	0.661764
1.963000	0.679838
1.964000	0.670792
1.965000	0.670792
1.966000	0.661764
1.967000	0.652736
1.968000	0.625633
1.969000	0.616605
1.970000	0.616605
1.971000	0.643708
1.972000	0.643708
1.973000	0.670792
1.974000	0.661764
1.975000	0.652736
1.976000	0.652736
1.977000	0.661764
1.978000	0.670792
1.979000	0.652736
1.980000	0.634661
1.981000	0.643708
1.982000	0.643708
1.983000	0.634661
1.984000	0.643708
1.985000	0.616605
1.986000	0.616605
1.987000	0.643708
1.988000	0.661764
1.989000	0.643708
1.990000	0.616605
1.991000	0.616605
1.992000	0.607559
1.993000	0.607559
1.994000	0.607559
1.995000	0.616605
1.996000	0.616605
1.997000	0.607559
1.998000	0.580475
1.999000	0.580475
2.000000	0.553372
2.001000	0.544326
2.002000	0.571428
2.003000	0.580475
2.004000	0.580475
2.005000	0.589503
2.006000	0.607559
2.007000	0.589503
2.008000	0.562400
2.009000	0.571428
2.010000	0.562400
2.011000	0.562400
2.012000	0.553372
2.013000	0.562400
2.014000	0.562400
2.015000	0.580475
2.016000	0.589503
2.017000	0.598531
2.018000	0.625633
2.019000	0.634661
2.020000	0.625633
2.021000	0.616605
2.022000	0.607559
2.023000	0.616605
2.024000	0.625633
2.025000	0.634661
2.026000	0.625633
2.027000	0.625633
2.028000	0.643708
2.029000	0.652736
2.030000	0.661764
2.031000	0.643708
2.032000	0.625633
2.033000	0.625633
2.034000	0.643708
2.035000	0.652736
2.036000	0.661764
2.037000	0.679838
2.038000	0.670792
2.039000	0.661764
2.040000	0.652736
2.041000	0.643708
2.042000	0.634661
2.043000	0.643708
2.044000	0.634661
2.045000	0.643708
2.046000	0.652736
2.047000	0.634661
2.048000	0.634661
2.049000	0.616605
2.050000	0.598531
2.051000	0.607559
2.052000	0.598531
2.053000	0.598531
2.054000	0.580475
2.055000	0.571428
2.056000	0.562400
2.057000	0.571428
2.058000	0.562400
2.059000	0.553372
2.060000	0.562400
2.061000	0.562400
2.062000	0.553372
2.063000	0.553372
2.064000	0.535298
2.065000	0.535298
2.066000	0.544326
2.067000	0.526270
2.068000	0.526270
2.069000	0.553372
2.070000	0.571428
2.071000	0.544326
2.072000	0.535298
2.073000	0.544326
2.074000	0.544326
2.075000	0.580475
2.076000	0.571428
2.077000	0.571428
2.078000	0.580475
2.079000	0.580475
2.080000	0.589503
2.081000	0.607559
2.082000	0.589503
2.083000	0.589503
2.084000	0.598531
2.085000	0.598531
2.086000	0.589503
2.087000	0.598531
2.088000	0.571428
2.089000	0.544326
2.090000	0.598531
2.091000	0.589503
2.092000	0.571428
2.093000	0.571428
2.094000	0.562400
2.095000	0.544326
2.096000	0.535298
2.097000	0.517242
2.098000	0.499167
2.099000	0.490139
2.100000	0.499167
2.101000	0.490139
2.102000	0.490139
2.103000	0.490139
2.104000	0.481093
2.105000	0.463037
2.106000	0.444962
2.107000	0.444962
2.108000	0.444962
2.109000	0.417860
2.110000	0.435934
2.111000	0.435934
2.112000	0.408832
2.113000	0.399804
2.114000	0.381729
2.115000	0.381729
2.116000	0.390776
2.117000	0.390776
2.118000	0.372701
2.119000	0.381729
2.120000	0.390776
2.121000	0.417860
2.122000	0.408832
2.123000	0.390776
2.124000	0.372701
2.125000	0.372701
2.126000	0.363673
2.127000	0.372701
2.128000	0.372701
2.129000	0.354645
2.130000	0.363673
2.131000	0.381729
2.132000	0.381729
2.133000	0.381729
2.134000	0.381729
2.135000	0.390776
2.136000	0.399804
2.137000	0.408832
2.138000	0.408832
2.139000	0.399804
2.140000	0.390776
2.141000	0.435934
2.142000	0.435934
2.143000	0.408832
2.144000	0.381729
2.145000	0.390776
2.146000	0.399804
2.147000	0.408832
2.148000	0.417860
2.149000	0.399804
2.150000	0.399804
2.151000	0.435934
2.152000	0.454009
2.153000	0.426906
2.154000	0.399804
2.155000	0.399804
2.156000	0.417860
2.157000	0.417860
2.158000	0.399804
2.159000	0.390776
2.160000	0.381729
2.161000	0.381729
2.162000	0.390776
2.163000	0.372701
2.164000	0.363673
2.165000	0.354645
2.166000	0.390776
2.167000	0.381729
2.168000	0.372701
2.169000	0.381729
2.170000	0.345599
2.171000	0.345599
2.172000	0.363673
2.173000	0.354645
2.174000	0.318496
2.175000	0.300440
2.176000	0.327543
2.177000	0.336571
2.178000	0.336571
2.179000	0.327543
2.180000	0.336571
2.181000	0.345599
2.182000	0.363673
2.183000	0.363673
2.184000	0.345599
2.185000	0.327543
2.186000	0.327543
2.187000	0.345599
2.188000	0.318496
2.189000	0.318496
2.190000	0.318496
2.191000	0.318496
2.192000	0.336571
2.193000	0.354645
2.194000	0.363673
2.195000	0.327543
2.196000	0.327543
2.197000	0.354645
2.198000	0.354645
2.199000	0.345599
2.200000	0.336571
2.201000	0.336571
2.202000	0.354645
2.203000	0.381729
2.204000	0.363673
2.205000	0.336571
2.206000	0.318496
2.207000	0.309468
2.208000	0.318496
2.209000	0.309468
2.210000	0.318496
2.211000	0.354645
2.212000	0.390776
2.213000	0.381729
2.214000	0.363673
2.215000	0.336571
2.216000	0.309468
2.217000	0.309468
2.218000	0.309468
2.219000	0.318496
2.220000	0.318496
2.221000	0.327543
2.222000	0.354645
2.223000	0.372701
2.224000	0.363673
2.225000	0.345599
2.226000	0.327543
2.227000	0.309468
2.228000	0.309468
2.229000	0.300440
2.230000	0.300440
2.231000	0.336571
2.232000	0.372701
2.233000	0.372701
2.234000	0.354645
2.235000	0.345599
2.236000	0.327543
2.237000	0.309468
2.238000	0.309468
2.239000	0.309468
2.240000	0.291412
2.241000	0.327543
2.242000	0.354645
2.243000	0.363673
2.244000	0.345599
2.245000	0.345599
2.246000	0.336571
2.247000	0.327543
2.248000	0.327543
2.249000	0.318496
2.250000	0.327543
2.251000	0.327543
2.252000	0.336571
2.253000	0.345599
2.254000	0.336571
2.255000	0.327543
2.256000	0.309468
2.257000	0.309468
2.258000	0.327543
2.259000	0.327543
2.260000	0.327543
2.261000	0.327543
2.262000	0.336571
2.263000	0.318496
2.264000	0.318496
2.265000	0.309468
2.266000	0.309468
2.267000	0.309468
2.268000	0.300440
2.269000	0.300440
2.270000	0.300440
2.271000	0.300440
2.272000	0.309468
2.273000	0.318496
2.274000	0.318496
2.275000	0.300440
2.276000	0.291412
2.277000	0.291412
2.278000	0.282366
2.279000	0.264310
2.280000	0.264310
2.281000	0.273338
2.282000	0.282366
2.283000	0.291412
2.284000	0.300440
2.285000	0.354645
2.286000	0.553372
2.287000	0.435934
2.288000	0.183002
2.289000	0.110741
2.290000	0.155900
2.291000	0.255263
2.292000	0.363673
2.293000	0.381729
2.294000	0.399804
2.295000	0.435934
2.296000	0.417860
2.297000	0.291412
2.298000	0.219133
2.299000	0.255263
2.300000	0.291412
2.301000	0.246235
2.302000	0.273338
2.303000	0.354645
2.304000	0.417860
2.305000	0.426906
2.306000	0.390776
2.307000	0.318496
2.308000	0.300440
2.309000	0.291412
2.310000	0.255263
2.311000	0.219133
2.312000	0.300440
2.313000	0.399804
2.314000	0.408832
2.315000	0.399804
2.316000	0.454009
2.317000	0.399804
2.318000	0.300440
2.319000	0.246235
2.320000	0.228179
2.321000	0.246235
2.322000	0.354645
2.323000	0.417860
2.324000	0.390776
2.325000	0.381729
2.326000	0.399804
2.327000	0.354645
2.328000	0.300440
2.329000	0.264310
2.330000	0.264310
2.331000	0.282366
2.332000	0.327543
2.333000	0.354645
2.334000	0.381729
2.335000	0.381729
2.336000	0.381729
2.337000	0.318496
2.338000	0.300440
2.339000	0.291412
2.340000	0.300440
2.341000	0.309468
2.342000	0.327543
2.343000	0.354645
2.344000	0.363673
2.345000	0.381729
2.346000	0.372701
2.347000	0.363673
2.348000	0.363673
2.349000	0.354645
2.350000	0.327543
2.351000	0.318496
2.352000	0.327543
2.353000	0.345599
2.354000	0.372701
2.355000	0.363673
2.356000	0.399804
2.357000	0.372701
2.358000	0.363673
2.359000	0.345599
2.360000	0.336571
2.361000	0.327543
2.362000	0.336571
2.363000	0.354645
2.364000	0.345599
2.365000	0.372701
2.366000	0.390776
2.367000	0.363673
2.368000	0.336571
2.369000	0.309468
2.370000	0.309468
2.371000	0.336571
2.372000	0.363673
2.373000	0.372701
2.374000	0.372701
2.375000	0.372701
2.376000	0.381729
2.377000	0.381729
2.378000	0.354645
2.379000	0.363673
2.380000	0.354645
2.381000	0.363673
2.382000	0.372701
2.383000	0.390776
2.384000	0.399804
2.385000	0.417860
2.386000	0.408832
2.387000	0.408832
2.388000	0.408832
2.389000	0.435934
2.390000	0.435934
2.391000	0.426906
2.392000	0.399804
2.393000	0.408832
2.394000	0.417860
2.395000	0.426906
2.396000	0.444962
2.397000	0.454009
2.398000	0.444962
2.399000	0.454009
2.400000	0.454009
2.401000	0.454009
2.402000	0.435934
2.403000	0.454009
2.404000	0.444962
2.405000	0.444962
2.406000	0.454009
2.407000	0.454009
2.408000	0.454009
2.409000	0.454009
2.410000	0.444962
2.411000	0.426906
2.412000	0.435934
2.413000	0.472065
2.414000	0.490139
2.415000	0.472065
2.416000	0.454009
2.417000	0.435934
2.418000	0.454009
2.419000	0.444962
2.420000	0.444962
2.421000	0.444962
2.422000	0.454009
2.423000	0.426906
2.424000	0.454009
2.425000	0.444962
2.426000	0.444962
2.427000	0.426906
2.428000	0.417860
2.429000	0.408832
2.430000	0.435934
2.431000	0.426906
2.432000	0.426906
2.433000	0.408832
2.434000	0.399804
2.435000	0.399804
2.436000	0.426906
2.437000	0.408832
2.438000	0.417860
2.439000	0.426906
2.440000	0.444962
2.441000	0.435934
2.442000	0.417860
2.443000	0.426906
2.444000	0.444962
2.445000	0.435934
2.446000	0.454009
2.447000	0.454009
2.448000	0.444962
2.449000	0.463037
2.450000	0.463037
2.451000	0.463037
2.452000	0.463037
2.453000	0.463037
2.454000	0.481093
2.455000	0.499167
2.456000	0.517242
2.457000	0.508195
2.458000	0.490139
2.459000	0.499167
2.460000	0.490139
2.461000	0.490139
2.462000	0.481093
2.463000	0.490139
2.464000	0.490139
2.465000	0.490139
2.466000	0.490139
2.467000	0.481093
2.468000	0.472065
2.469000	0.463037
2.470000	0.463037
2.471000	0.463037
2.472000	0.472065
2.473000	0.472065
2.474000	0.454009
2.475000	0.444962
2.476000	0.454009
2.477000	0.426906
2.478000	0.426906
2.479000	0.417860
2.480000	0.435934
2.481000	0.435934
2.482000	0.426906
2.483000	0.426906
2.484000	0.435934
2.485000	0.435934
2.486000	0.426906
2.487000	0.435934
2.488000	0.435934
2.489000	0.435934
2.490000	0.426906
2.491000	0.435934
2.492000	0.426906
2.493000	0.417860
2.494000	0.426906
2.495000	0.444962
2.496000	0.444962
2.497000	0.454009
2.498000	0.463037
2.499000	0.463037
2.500000	0.463037
2.501000	0.472065
2.502000	0.472065
2.503000	0.472065
2.504000	0.472065
2.505000	0.499167
2.506000	0.490139
2.507000	0.490139
2.508000	0.499167
2.509000	0.499167
2.510000	0.490139
2.511000	0.517242
2.512000	0.526270
2.513000	0.508195
2.514000	0.526270
2.515000	0.535298
2.516000	0.544326
2.517000	0.544326
2.518000	0.526270
2.519000	0.535298
2.520000	0.544326
2.521000	0.544326
2.522000	0.526270
2.523000	0.535298
2.524000	0.526270
2.525000	0.535298
2.526000	0.535298
2.527000	0.526270
2.528000	0.526270
2.529000	0.508195
2.530000	0.499167
2.531000	0.490139
2.532000	0.499167
2.533000	0.481093
2.534000	0.472065
2.535000	0.463037
2.536000	0.463037
2.537000	0.472065
2.538000	0.472065
2.539000	0.454009
2.540000	0.444962
2.541000	0.435934
2.542000	0.444962
2.543000	0.435934
2.544000	0.426906
2.545000	0.426906
2.546000	0.435934
2.547000	0.435934
2.548000	0.454009
2.549000	0.454009
2.550000	0.463037
2.551000	0.463037
2.552000	0.472065
2.553000	0.472065
2.554000	0.481093
2.555000	0.472065
2.556000	0.481093
2.557000	0.499167
2.558000	0.508195
2.559000	0.508195
2.560000	0.508195
2.561000	0.517242
2.562000	0.526270
2.563000	0.526270
2.564000	0.526270
2.565000	0.526270
2.566000	0.526270
2.567000	0.544326
2.568000	0.544326
2.569000	0.544326
2.570000	0.544326
2.571000	0.553372
2.572000	0.553372
2.573000	0.553372
2.574000	0.544326
2.575000	0.544326
2.576000	0.544326
2.577000	0.535298
2.578000	0.535298
2.579000	0.526270
2.580000	0.535298
2.581000	0.526270
2.582000	0.544326
2.583000	0.535298
2.584000	0.535298
2.585000	0.535298
2.586000	0.526270
2.587000	0.526270
2.588000	0.526270
2.589000	0.517242
2.590000	0.508195
2.591000	0.508195
2.592000	0.508195
2.593000	0.490139
2.594000	0.508195
2.595000	0.481093
2.596000	0.481093
2.597000	0.481093
2.598000	0.481093
2.599000	0.472065
2.600000	0.463037
2.601000	0.463037
2.602000	0.463037
2.603000	0.463037
2.604000	0.444962
2.605000	0.444962
2.606000	0.454009
2.607000	0.435934
2.608000	0.435934
2.609000	0.426906
2.610000	0.435934
2.611000	0.444962
2.612000	0.435934
2.613000	0.435934
2.614000	0.435934
2.615000	0.444962
2.616000	0.444962
2.617000	0.435934
2.618000	0.454009
2.619000	0.444962
2.620000	0.444962
2.621000	0.444962
2.622000	0.454009
2.623000	0.472065
2.624000	0.463037
2.625000	0.463037
2.626000	0.472065
2.627000	0.472065
2.628000	0.481093
2.629000	0.481093
2.630000	0.472065
2.631000	0.490139
2.632000	0.490139
2.633000	0.481093
2.634000	0.463037
2.635000	0.472065
2.636000	0.481093
2.637000	0.481093
2.638000	0.463037
2.639000	0.472065
2.640000	0.472065
2.641000	0.472065
2.642000	0.472065
2.643000	0.454009
2.644000	0.463037
2.645000	0.454009
2.646000	0.454009
2.647000	0.454009
2.648000	0.435934
2.649000	0.444962
2.650000	0.435934
2.651000	0.426906
2.652000	0.426906
2.653000	0.435934
2.654000	0.435934
2.655000	0.435934
2.656000	0.426906
2.657000	0.426906
2.658000	0.426906
2.659000	0.426906
2.660000	0.426906
2.661000	0.435934
2.662000	0.435934
2.663000	0.426906
2.664000	0.426906
2.665000	0.435934
2.666000	0.435934
2.667000	0.454009
2.668000	0.454009
2.669000	0.463037
2.670000	0.454009
2.671000	0.463037
2.672000	0.463037
2.673000	0.463037
2.674000	0.463037
2.675000	0.472065
2.676000	0.472065
2.677000	0.463037
2.678000	0.472065
2.679000	0.472065
2.680000	0.472065
2.681000	0.490139
2.682000	0.481093
2.683000	0.481093
2.684000	0.499167
2.685000	0.499167
2.686000	0.490139
2.687000	0.490139
2.688000	0.490139
2.689000	0.490139
2.690000	0.490139
2.691000	0.499167
2.692000	0.490139
2.693000	0.490139
2.694000	0.472065
2.695000	0.490139
2.696000	0.472065
2.697000	0.481093
2.698000	0.490139
2.699000	0.490139
2.700000	0.481093
2.701000	0.481093
2.702000	0.490139
2.703000	0.490139
2.704000	0.472065
2.705000	0.472065
2.706000	0.481093
2.707000	0.472065
2.708000	0.472065
2.709000	0.472065
2.710000	0.463037
2.711000	0.454009
2.712000	0.454009
2.713000	0.454009
2.714000	0.454009
2.715000	0.454009
2.716000	0.444962
2.717000	0.444962
2.718000	0.444962
2.719000	0.454009
2.720000	0.463037
2.721000	0.454009
2.722000	0.454009
2.723000	0.454009
2.724000	0.444962
2.725000	0.463037
2.726000	0.463037
2.727000	0.463037
2.728000	0.463037
2.729000	0.463037
2.730000	0.472065
2.731000	0.463037
2.732000	0.463037
2.733000	0.472065
2.734000	0.472065
2.735000	0.472065
2.736000	0.481093
2.737000	0.481093
2.738000	0.481093
2.739000	0.472065
2.740000	0.490139
2.741000	0.481093
2.742000	0.490139
2.743000	0.481093
2.744000	0.481093
2.745000	0.490139
2.746000	0.490139
2.747000	0.490139
2.748000	0.481093
2.749000	0.490139
2.750000	0.490139
2.751000	0.481093
2.752000	0.481093
2.753000	0.490139
2.754000	0.481093
2.755000	0.481093
2.756000	0.481093
2.757000	0.472065
2.758000	0.472065
2.759000	0.463037
2.760000	0.472065
2.761000	0.454009
2.762000	0.472065
2.763000	0.472065
2.764000	0.463037
2.765000	0.472065
2.766000	0.472065
2.767000	0.463037
2.768000	0.454009
2.769000	0.463037
2.770000	0.472065
2.771000	0.444962
2.772000	0.454009
2.773000	0.463037
2.774000	0.454009
2.775000	0.454009
2.776000	0.435934
2.777000	0.444962
2.778000	0.444962
2.779000	0.444962
2.780000	0.444962
2.781000	0.444962
2.782000	0.435934
2.783000	0.435934
2.784000	0.435934
2.785000	0.435934
2.786000	0.426906
2.787000	0.435934
2.788000	0.435934
2.789000	0.426906
2.790000	0.417860
2.791000	0.435934
2.792000	0.426906
2.793000	0.426906
2.794000	0.426906
2.795000	0.426906
2.796000	0.435934
2.797000	0.426906
2.798000	0.435934
2.799000	0.426906
2.800000	0.435934
2.801000	0.435934
2.802000	0.435934
2.803000	0.435934
2.804000	0.435934
2.805000	0.444962
2.806000	0.444962
2.807000	0.444962
2.808000	0.444962
2.809000	0.444962
2.810000	0.444962
2.811000	0.444962
2.812000	0.444962
2.813000	0.444962
2.814000	0.435934
2.815000	0.454009
2.816000	0.454009
2.817000	0.454009
2.818000	0.463037
2.819000	0.463037
2.820000	0.444962
2.821000	0.444962
2.822000	0.454009
2.823000	0.454009
2.824000	0.444962
2.825000	0.435934
2.826000	0.454009
2.827000	0.444962
2.828000	0.454009
2.829000	0.463037
2.830000	0.444962
2.831000	0.454009
2.832000	0.444962
2.833000	0.435934
2.834000	0.435934
2.835000	0.435934
2.836000	0.435934
2.837000	0.435934
2.838000	0.435934
2.839000	0.444962
2.840000	0.435934
2.841000	0.435934
2.842000	0.435934
2.843000	0.435934
2.844000	0.444962
2.845000	0.435934
2.846000	0.417860
2.847000	0.417860
2.848000	0.426906
2.849000	0.426906
2.850000	0.435934
2.851000	0.435934
2.852000	0.435934
2.853000	0.435934
2.854000	0.435934
2.855000	0.417860
2.856000	0.417860
2.857000	0.417860
2.858000	0.417860
2.859000	0.417860
2.860000	0.417860
2.861000	0.426906
2.862000	0.426906
2.863000	0.435934
2.864000	0.426906
2.865000	0.435934
2.866000	0.426906
2.867000	0.417860
2.868000	0.426906
2.869000	0.435934
2.870000	0.435934
2.871000	0.454009
2.872000	0.444962
2.873000	0.444962
2.874000	0.444962
2.875000	0.444962
2.876000	0.444962
2.877000	0.444962
2.878000	0.444962
2.879000	0.435934
2.880000	0.444962
2.881000	0.454009
2.882000	0.454009
2.883000	0.463037
2.884000	0.472065
2.885000	0.454009
2.886000	0.454009
2.887000	0.454009
2.888000	0.463037
2.889000	0.454009
2.890000	0.463037
2.891000	0.472065
2.892000	0.463037
2.893000	0.463037
2.894000	0.463037
2.895000	0.454009
2.896000	0.454009
2.897000	0.463037
2.898000	0.454009
2.899000	0.463037
2.900000	0.454009
2.901000	0.463037
2.902000	0.463037
2.903000	0.463037
2.904000	0.454009
2.905000	0.454009
2.906000	0.444962
2.907000	0.444962
2.908000	0.454009
2.909000	0.444962
2.910000	0.444962
2.911000	0.444962
2.912000	0.444962
2.913000	0.454009
2.914000	0.444962
2.915000	0.454009
2.916000	0.444962
2.917000	0.444962
2.918000	0.444962
2.919000	0.444962
2.920000	0.435934
2.921000	0.444962
2.922000	0.435934
2.923000	0.435934
2.924000	0.444962
2.925000	0.444962
2.926000	0.444962
2.927000	0.435934
2.928000	0.435934
2.929000	0.435934
2.930000	0.444962
2.931000	0.444962
2.932000	0.454009
2.933000	0.454009
2.934000	0.454009
2.935000	0.444962
2.936000	0.454009
2.937000	0.454009
2.938000	0.454009
2.939000	0.454009
2.940000	0.435934
2.941000	0.444962
2.942000	0.444962
2.943000	0.444962
2.944000	0.444962
2.945000	0.454009
2.946000	0.454009
2.947000	0.435934
2.948000	0.454009
2.949000	0.435934
2.950000	0.435934
2.951000	0.426906
2.952000	0.426906
2.953000	0.435934
2.954000	0.426906
2.955000	0.426906
2.956000	0.426906
2.957000	0.426906
2.958000	0.417860
2.959000	0.417860
2.960000	0.417860
2.961000	0.417860
2.962000	0.408832
2.963000	0.408832
2.964000	0.417860
2.965000	0.408832
2.966000	0.408832
2.967000	0.417860
2.968000	0.408832
2.969000	0.408832
2.970000	0.426906
2.971000	0.399804
2.972000	0.381729
2.973000	0.372701
2.974000	0.381729
2.975000	0.399804
2.976000	0.417860
2.977000	0.417860
2.978000	0.417860
2.979000	0.417860
2.980000	0.417860
2.981000	0.408832
2.982000	0.408832
2.983000	0.399804
2.984000	0.390776
2.985000	0.408832
2.986000	0.408832
2.987000	0.417860
2.988000	0.435934
2.989000	0.426906
2.990000	0.426906
2.991000	0.426906
2.992000	0.417860
2.993000	0.399804
2.994000	0.399804
2.995000	0.399804
2.996000	0.408832
2.997000	0.417860
2.998000	0.426906
2.999000	0.426906
3.000000	0.426906
3.001000	0.417860
3.002000	0.417860
3.003000	0.417860
3.004000	0.399804
3.005000	0.399804
3.006000	0.408832
3.007000	0.399804
3.008000	0.408832
3.009000	0.417860
3.010000	0.408832
3.011000	0.408832
3.012000	0.399804
3.013000	0.390776
3.014000	0.390776
3.015000	0.390776
3.016000	0.399804
3.017000	0.381729
3.018000	0.399804
3.019000	0.381729
3.020000	0.399804
3.021000	0.399804
3.022000	0.390776
3.023000	0.390776
3.024000	0.381729
3.025000	0.372701
3.026000	0.372701
3.027000	0.372701
3.028000	0.381729
3.029000	0.390776
3.030000	0.390776
3.031000	0.390776
3.032000	0.390776
3.033000	0.399804
3.034000	0.381729
3.035000	0.381729
3.036000	0.390776
3.037000	0.390776
3.038000	0.399804
3.039000	0.390776
3.040000	0.399804
3.041000	0.408832
3.042000	0.408832
3.043000	0.399804
3.044000	0.399804
3.045000	0.399804
3.046000	0.408832
3.047000	0.417860
3.048000	0.417860
3.049000	0.417860
3.050000	0.426906
3.051000	0.435934
3.052000	0.426906
3.053000	0.426906
3.054000	0.435934
3.055000	0.426906
3.056000	0.435934
3.057000	0.426906
3.058000	0.426906
3.059000	0.417860
3.060000	0.435934
3.061000	0.426906
3.062000	0.435934
3.063000	0.426906
3.064000	0.435934
3.065000	0.435934
3.066000	0.426906
3.067000	0.426906
3.068000	0.417860
3.069000	0.417860
3.070000	0.417860
3.071000	0.426906
3.072000	0.426906
3.073000	0.417860
3.074000	0.417860
3.075000	0.426906
3.076000	0.417860
3.077000	0.408832
3.078000	0.426906
3.079000	0.417860
3.080000	0.417860
3.081000	0.426906
3.082000	0.417860
3.083000	0.399804
3.084000	0.417860
3.085000	0.408832
3.086000	0.417860
3.087000	0.426906
3.088000	0.408832
3.089000	0.417860
3.090000	0.417860
3.091000	0.408832
3.092000	0.408832
3.093000	0.408832
3.094000	0.408832
3.095000	0.417860
3.096000	0.417860
3.097000	0.408832
3.098000	0.426906
3.099000	0.426906
3.100000	0.408832
3.101000	0.417860
3.102000	0.399804
3.103000	0.426906
3.104000	0.408832
3.105000	0.417860
3.106000	0.417860
3.107000	0.408832
3.108000	0.426906
3.109000	0.417860
3.110000	0.417860
3.111000	0.399804
3.112000	0.408832
3.113000	0.408832
3.114000	0.408832
3.115000	0.408832
3.116000	0.408832
3.117000	0.417860
3.118000	0.408832
3.119000	0.408832
3.120000	0.399804
3.121000	0.408832
3.122000	0.399804
3.123000	0.399804
3.124000	0.408832
3.125000	0.399804
3.126000	0.390776
3.127000	0.399804
3.128000	0.399804
3.129000	0.399804
3.130000	0.408832
3.131000	0.399804
3.132000	0.399804
3.133000	0.390776
3.134000	0.399804
3.135000	0.390776
3.136000	0.381729
3.137000	0.390776
3.138000	0.381729
3.139000	0.399804
3.140000	0.390776
3.141000	0.390776
3.142000	0.381729
3.143000	0.381729
3.144000	0.390776
3.145000	0.381729
3.146000	0.390776
3.147000	0.381729
3.148000	0.381729
3.149000	0.381729
3.150000	0.381729
3.151000	0.381729
3.152000	0.381729
3.153000	0.381729
3.154000	0.381729
3.155000	0.381729
3.156000	0.381729
3.157000	0.381729
3.158000	0.372701
3.159000	0.381729
3.160000	0.381729
3.161000	0.381729
3.162000	0.372701
3.163000	0.390776
3.164000	0.381729
3.165000	0.363673
3.166000	0.372701
3.167000	0.390776
3.168000	0.381729
3.169000	0.381729
3.170000	0.390776
3.171000	0.372701
3.172000	0.372701
3.173000	0.381729
3.174000	0.381729
3.175000	0.381729
3.176000	0.363673
3.177000	0.372701
3.178000	0.363673
3.179000	0.372701
3.180000	0.372701
3.181000	0.381729
3.182000	0.372701
3.183000	0.372701
3.184000	0.381729
3.185000	0.372701
3.186000	0.381729
3.187000	0.372701
3.188000	0.372701
3.189000	0.381729
3.190000	0.381729
3.191000	0.390776
3.192000	0.381729
3.193000	0.381729
3.194000	0.381729
3.195000	0.381729
3.196000	0.390776
3.197000	0.390776
3.198000	0.399804
3.199000	0.399804
3.200000	0.399804
3.201000	0.399804
3.202000	0.399804
3.203000	0.399804
3.204000	0.399804
3.205000	0.417860
3.206000	0.399804
3.207000	0.408832
3.208000	0.399804
3.209000	0.399804
3.210000	0.408832
3.211000	0.399804
3.212000	0.399804
3.213000	0.399804
3.214000	0.399804
3.215000	0.399804
3.216000	0.399804
3.217000	0.399804
3.218000	0.408832
3.219000	0.399804
3.220000	0.399804
3.221000	0.408832
3.222000	0.390776
3.223000	0.408832
3.224000	0.399804
3.225000	0.399804
3.226000	0.399804
3.227000	0.399804
3.228000	0.399804
3.229000	0.408832
3.230000	0.399804
3.231000	0.399804
3.232000	0.390776
3.233000	0.399804
3.234000	0.399804
3.235000	0.390776
3.236000	0.399804
3.237000	0.390776
3.238000	0.399804
3.239000	0.399804
3.240000	0.399804
3.241000	0.399804
3.242000	0.399804
3.243000	0.399804
3.244000	0.390776
3.245000	0.399804
3.246000	0.399804
3.247000	0.399804
3.248000	0.408832
3.249000	0.408832
3.250000	0.399804
3.251000	0.408832
3.252000	0.408832
3.253000	0.417860
3.254000	0.408832
3.255000	0.408832
3.256000	0.408832
3.257000	0.408832
3.258000	0.417860
3.259000	0.399804
3.260000	0.399804
3.261000	0.399804
3.262000	0.417860
3.263000	0.408832
3.264000	0.417860
3.265000	0.408832
3.266000	0.417860
3.267000	0.417860
3.268000	0.408832
3.269000	0.399804
3.270000	0.408832
3.271000	0.408832
3.272000	0.399804
3.273000	0.399804
3.274000	0.399804
3.275000	0.399804
3.276000	0.399804
3.277000	0.399804
3.278000	0.390776
3.279000	0.372701
3.280000	0.381729
3.281000	0.381729
3.282000	0.372701
3.283000	0.381729
3.284000	0.372701
3.285000	0.372701
3.286000	0.372701
3.287000	0.372701
3.288000	0.372701
3.289000	0.363673
3.290000	0.372701
3.291000	0.363673
3.292000	0.363673
3.293000	0.363673
3.294000	0.372701
3.295000	0.363673
3.296000	0.363673
3.297000	0.372701
3.298000	0.363673
3.299000	0.372701
3.300000	0.372701
3.301000	0.372701
3.302000	0.381729
3.303000	0.381729
3.304000	0.372701
3.305000	0.381729
3.306000	0.390776
3.307000	0.381729
3.308000	0.372701
3.309000	0.381729
3.310000	0.381729
3.311000	0.381729
3.312000	0.372701
3.313000	0.372701
3.314000	0.381729
3.315000	0.381729
3.316000	0.381729
3.317000	0.381729
3.318000	0.372701
3.319000	0.372701
3.320000	0.381729
3.321000	0.372701
3.322000	0.381729
3.323000	0.372701
3.324000	0.381729
3.325000	0.372701
3.326000	0.372701
3.327000	0.372701
3.328000	0.372701
3.329000	0.363673
3.330000	0.363673
3.331000	0.372701
3.332000	0.372701
3.333000	0.363673
3.334000	0.363673
3.335000	0.363673
3.336000	0.363673
3.337000	0.363673
3.338000	0.372701
3.339000	0.363673
3.340000	0.354645
3.341000	0.363673
3.342000	0.363673
3.343000	0.354645
3.344000	0.354645
3.345000	0.354645
3.346000	0.363673
3.347000	0.354645
3.348000	0.354645
3.349000	0.354645
3.350000	0.363673
3.351000	0.354645
3.352000	0.363673
3.353000	0.354645
3.354000	0.363673
3.355000	0.363673
3.356000	0.354645
3.357000	0.363673
3.358000	0.372701
3.359000	0.363673
3.360000	0.363673
3.361000	0.381729
3.362000	0.381729
3.363000	0.372701
3.364000	0.372701
3.365000	0.381729
3.366000	0.381729
3.367000	0.390776
3.368000	0.390776
3.369000	0.390776
3.370000	0.390776
3.371000	0.399804
3.372000	0.399804
3.373000	0.390776
3.374000	0.399804
3.375000	0.399804
3.376000	0.390776
3.377000	0.399804
3.378000	0.390776
3.379000	0.399804
3.380000	0.399804
3.381000	0.390776
3.382000	0.399804
3.383000	0.399804
3.384000	0.399804
3.385000	0.399804
3.386000	0.390776
3.387000	0.390776
3.388000	0.381729
3.389000	0.381729
3.390000	0.381729
3.391000	0.381729
3.392000	0.381729
3.393000	0.381729
3.394000	0.381729
3.395000	0.381729
3.396000	0.381729
3.397000	0.372701
3.398000	0.381729
3.399000	0.363673
3.400000	0.372701
3.401000	0.372701
3.402000	0.363673
3.403000	0.372701
3.404000	0.381729
3.405000	0.381729
3.406000	0.381729
3.407000	0.381729
3.408000	0.381729
3.409000	0.372701
3.410000	0.381729
3.411000	0.381729
3.412000	0.390776
3.413000	0.381729
3.414000	0.381729
3.415000	0.381729
3.416000	0.390776
3.417000	0.390776
3.418000	0.390776
3.419000	0.381729
3.420000	0.390776
3.421000	0.399804
3.422000	0.381729
3.423000	0.399804
3.424000	0.390776
3.425000	0.381729
3.426000	0.390776
3.427000	0.399804
3.428000	0.390776
3.429000	0.390776
3.430000	0.381729
3.431000	0.381729
3.432000	0.390776
3.433000	0.399804
3.434000	0.399804
3.435000	0.399804
3.436000	0.399804
3.437000	0.390776
3.438000	0.390776
3.439000	0.390776
3.440000	0.372701
3.441000	0.372701
3.442000	0.381729
3.443000	0.363673
3.444000	0.372701
3.445000	0.372701
3.446000	0.363673
3.447000	0.372701
3.448000	0.363673
3.449000	0.363673
3.450000	0.354645
3.451000	0.363673
3.452000	0.354645
3.453000	0.354645
3.454000	0.354645
3.455000	0.354645
3.456000	0.345599
3.457000	0.354645
3.458000	0.345599
3.459000	0.354645
3.460000	0.345599
3.461000	0.345599
3.462000	0.354645
3.463000	0.345599
3.464000	0.354645
3.465000	0.354645
3.466000	0.363673
3.467000	0.354645
3.468000	0.372701
3.469000	0.354645
3.470000	0.363673
3.471000	0.363673
3.472000	0.363673
3.473000	0.363673
3.474000	0.363673
3.475000	0.363673
3.476000	0.372701
3.477000	0.363673
3.478000	0.372701
3.479000	0.363673
3.480000	0.363673
3.481000	0.363673
3.482000	0.372701
3.483000	0.372701
3.484000	0.363673
3.485000	0.363673
3.486000	0.372701
3.487000	0.363673
3.488000	0.372701
3.489000	0.372701
3.490000	0.363673
3.491000	0.363673
3.492000	0.372701
3.493000	0.363673
3.494000	0.363673
3.495000	0.363673
3.496000	0.372701
3.497000	0.363673
3.498000	0.363673
3.499000	0.363673
3.500000	0.354645
3.501000	0.363673
3.502000	0.363673
3.503000	0.363673
3.504000	0.372701
3.505000	0.354645
3.506000	0.354645
3.507000	0.354645
3.508000	0.354645
3.509000	0.354645
3.510000	0.363673
3.511000	0.363673
3.512000	0.363673
3.513000	0.345599
3.514000	0.354645
3.515000	0.354645
3.516000	0.363673
3.517000	0.354645
3.518000	0.363673
3.519000	0.354645
3.520000	0.363673
3.521000	0.354645
3.522000	0.354645
3.523000	0.372701
3.524000	0.363673
3.525000	0.363673
3.526000	0.354645
3.527000	0.363673
3.528000	0.363673
3.529000	0.372701
3.530000	0.363673
3.531000	0.372701
3.532000	0.381729
3.533000	0.381729
3.534000	0.381729
3.535000	0.381729
3.536000	0.372701
3.537000	0.381729
3.538000	0.381729
3.539000	0.381729
3.540000	0.372701
3.541000	0.372701
3.542000	0.381729
3.543000	0.381729
3.544000	0.381729
3.545000	0.372701
3.546000	0.372701
3.547000	0.372701
3.548000	0.372701
3.549000	0.363673
3.550000	0.372701
3.551000	0.372701
3.552000	0.372701
3.553000	0.372701
3.554000	0.363673
3.555000	0.372701
3.556000	0.372701
3.557000	0.363673
3.558000	0.372701
3.559000	0.354645
3.560000	0.363673
3.561000	0.354645
3.562000	0.363673
3.563000	0.372701
3.564000	0.363673
3.565000	0.363673
3.566000	0.372701
3.567000	0.372701
3.568000	0.372701
3.569000	0.372701
3.570000	0.381729
3.571000	0.363673
3.572000	0.372701
3.573000	0.354645
3.574000	0.372701
3.575000	0.363673
3.576000	0.372701
3.577000	0.363673
3.578000	0.372701
3.579000	0.372701
3.580000	0.372701
3.581000	0.363673
3.582000	0.372701
3.583000	0.363673
3.584000	0.363673
3.585000	0.372701
3.586000	0.381729
3.587000	0.381729
3.588000	0.390776
3.589000	0.372701
3.590000	0.363673
3.591000	0.381729
3.592000	0.372701
3.593000	0.381729
3.594000	0.372701
3.595000	0.363673
3.596000	0.372701
3.597000	0.372701
3.598000	0.372701
3.599000	0.372701
3.600000	0.372701
3.601000	0.381729
3.602000	0.372701
3.603000	0.363673
3.604000	0.363673
3.605000	0.372701
3.606000	0.354645
3.607000	0.363673
3.608000	0.363673
3.609000	0.363673
3.610000	0.354645
3.611000	0.363673
3.612000	0.354645
3.613000	0.354645
3.614000	0.354645
3.615000	0.354645
3.616000	0.363673
3.617000	0.354645
3.618000	0.363673
3.619000	0.354645
3.620000	0.363673
3.621000	0.372701
3.622000	0.372701
3.623000	0.354645
3.624000	0.354645
3.625000	0.372701
3.626000	0.354645
3.627000	0.354645
3.628000	0.354645
3.629000	0.363673
3.630000	0.363673
3.631000	0.363673
3.632000	0.363673
3.633000	0.363673
3.634000	0.372701
3.635000	0.363673
3.636000	0.363673
3.637000	0.363673
3.638000	0.363673
3.639000	0.372701
3.640000	0.363673
3.641000	0.363673
3.642000	0.363673
3.643000	0.363673
3.644000	0.354645
3.645000	0.363673
3.646000	0.354645
3.647000	0.363673
3.648000	0.363673
3.649000	0.363673
3.650000	0.363673
3.651000	0.354645
3.652000	0.363673
3.653000	0.363673
3.654000	0.363673
3.655000	0.354645
3.656000	0.354645
3.657000	0.354645
3.658000	0.354645
3.659000	0.354645
3.660000	0.354645
3.661000	0.354645
3.662000	0.354645
3.663000	0.345599
3.664000	0.345599
3.665000	0.354645
3.666000	0.354645
3.667000	0.345599
3.668000	0.345599
3.669000	0.354645
3.670000	0.345599
3.671000	0.354645
3.672000	0.354645
3.673000	0.354645
3.674000	0.345599
3.675000	0.345599
3.676000	0.345599
3.677000	0.354645
3.678000	0.345599
3.679000	0.345599
3.680000	0.345599
3.681000	0.354645
3.682000	0.363673
3.683000	0.345599
3.684000	0.363673
3.685000	0.363673
3.686000	0.354645
3.687000	0.354645
3.688000	0.354645
3.689000	0.354645
3.690000	0.363673
3.691000	0.381729
3.692000	0.381729
3.693000	0.372701
3.694000	0.372701
3.695000	0.372701
3.696000	0.363673
3.697000	0.363673
3.698000	0.363673
3.699000	0.372701
3.700000	0.372701
3.701000	0.372701
3.702000	0.363673
3.703000	0.372701
3.704000	0.372701
3.705000	0.381729
3.706000	0.363673
3.707000	0.363673
3.708000	0.372701
3.709000	0.363673
3.710000	0.363673
3.711000	0.363673
3.712000	0.363673
3.713000	0.345599
3.714000	0.363673
3.715000	0.363673
3.716000	0.345599
3.717000	0.354645
3.718000	0.354645
3.719000	0.363673
3.720000	0.354645
3.721000	0.354645
3.722000	0.354645
3.723000	0.354645
3.724000	0.354645
3.725000	0.363673
3.726000	0.354645
3.727000	0.354645
3.728000	0.336571
3.729000	0.345599
3.730000	0.354645
3.731000	0.345599
3.732000	0.363673
3.733000	0.354645
3.734000	0.354645
3.735000	0.354645
3.736000	0.363673
3.737000	0.363673
3.738000	0.363673
3.739000	0.363673
3.740000	0.354645
3.741000	0.354645
3.742000	0.363673
3.743000	0.363673
3.744000	0.363673
3.745000	0.363673
3.746000	0.363673
3.747000	0.363673
3.748000	0.363673
3.749000	0.381729
3.750000	0.372701
3.751000	0.372701
3.752000	0.372701
3.753000	0.363673
3.754000	0.381729
3.755000	0.381729
3.756000	0.381729
3.757000	0.381729
3.758000	0.372701
3.759000	0.381729
3.760000	0.372701
3.761000	0.363673
3.762000	0.372701
3.763000	0.363673
3.764000	0.363673
3.765000	0.363673
3.766000	0.363673
3.767000	0.363673
3.768000	0.354645
3.769000	0.363673
3.770000	0.363673
3.771000	0.354645
3.772000	0.363673
3.773000	0.354645
3.774000	0.363673
3.775000	0.354645
3.776000	0.345599
3.777000	0.354645
3.778000	0.354645
3.779000	0.336571
3.780000	0.336571
3.781000	0.345599
3.782000	0.354645
3.783000	0.336571
3.784000	0.345599
3.785000	0.345599
3.786000	0.336571
3.787000	0.345599
3.788000	0.345599
3.789000	0.345599
3.790000	0.336571
3.791000	0.354645
3.792000	0.345599
3.793000	0.345599
3.794000	0.354645
3.795000	0.354645
3.796000	0.354645
3.797000	0.354645
3.798000	0.354645
3.799000	0.354645
3.800000	0.363673
3.801000	0.363673
3.802000	0.354645
3.803000	0.354645
3.804000	0.363673
3.805000	0.363673
3.806000	0.363673
3.807000	0.363673
3.808000	0.354645
3.809000	0.354645
3.810000	0.354645
3.811000	0.372701
3.812000	0.354645
3.813000	0.354645
3.814000	0.363673
3.815000	0.363673
3.816000	0.345599
3.817000	0.354645
3.818000	0.363673
3.819000	0.345599
3.820000	0.345599
3.821000	0.345599
3.822000	0.345599
3.823000	0.363673
3.824000	0.354645
3.825000	0.345599
3.826000	0.345599
3.827000	0.345599
3.828000	0.354645
3.829000	0.336571
3.830000	0.354645
3.831000	0.354645
3.832000	0.336571
3.833000	0.336571
3.834000	0.345599
3.835000	0.336571
3.836000	0.336571
3.837000	0.345599
3.838000	0.336571
3.839000	0.345599
3.840000	0.345599
3.841000	0.327543
3.842000	0.336571
3.843000	0.345599
3.844000	0.336571
3.845000	0.345599
3.846000	0.336571
3.847000	0.345599
3.848000	0.327543
3.849000	0.354645
3.850000	0.345599
3.851000	0.336571
3.852000	0.345599
3.853000	0.354645
3.854000	0.363673
3.855000	0.345599
3.856000	0.354645
3.857000	0.354645
3.858000	0.345599
3.859000	0.354645
3.860000	0.354645
3.861000	0.354645
3.862000	0.363673
3.863000	0.354645
3.864000	0.354645
3.865000	0.354645
3.866000	0.372701
3.867000	0.363673
3.868000	0.354645
3.869000	0.363673
3.870000	0.372701
3.871000	0.363673
3.872000	0.354645
3.873000	0.354645
3.874000	0.354645
3.875000	0.354645
3.876000	0.336571
3.877000	0.354645
3.878000	0.354645
3.879000	0.354645
3.880000	0.345599
3.881000	0.345599
3.882000	0.345599
3.883000	0.345599
3.884000	0.345599
3.885000	0.363673
3.886000	0.354645
3.887000	0.354645
3.888000	0.354645
3.889000	0.345599
3.890000	0.345599
3.891000	0.345599
3.892000	0.345599
3.893000	0.345599
3.894000	0.345599
3.895000	0.354645
3.896000	0.354645
3.897000	0.354645
3.898000	0.345599
3.899000	0.345599
3.900000	0.345599
3.901000	0.363673
3.902000	0.363673
3.903000	0.354645
3.904000	0.354645
3.905000	0.363673
3.906000	0.354645
3.907000	0.354645
3.908000	0.354645
3.909000	0.354645
3.910000	0.363673
3.911000	0.363673
3.912000	0.363673
3.913000	0.354645
3.914000	0.363673
3.915000	0.354645
3.916000	0.372701
3.917000	0.363673
3.918000	0.354645
3.919000	0.354645
3.920000	0.354645
3.921000	0.345599
3.922000	0.363673
3.923000	0.345599
3.924000	0.354645
3.925000	0.363673
3.926000	0.354645
3.927000	0.345599
3.928000	0.345599
3.929000	0.345599
3.930000	0.354645
3.931000	0.363673
3.932000	0.345599
3.933000	0.354645
3.934000	0.354645
3.935000	0.354645
3.936000	0.354645
3.937000	0.345599
3.938000	0.336571
3.939000	0.345599
3.940000	0.345599
3.941000	0.345599
3.942000	0.354645
3.943000	0.345599
3.944000	0.345599
3.945000	0.354645
3.946000	0.327543
3.947000	0.345599
3.948000	0.336571
3.949000	0.336571
3.950000	0.345599
3.951000	0.336571
3.952000	0.345599
3.953000	0.336571
3.954000	0.345599
3.955000	0.336571
3.956000	0.345599
3.957000	0.327543
3.958000	0.336571
3.959000	0.336571
3.960000	0.345599
3.961000	0.318496
3.962000	0.336571
3.963000	0.327543
3.964000	0.336571
3.965000	0.336571
3.966000	0.327543
3.967000	0.336571
3.968000	0.345599
3.969000	0.345599
3.970000	0.345599
3.971000	0.345599
3.972000	0.345599
3.973000	0.336571
3.974000	0.345599
3.975000	0.345599
3.976000	0.336571
3.977000	0.345599
3.978000	0.336571
3.979000	0.345599
3.980000	0.336571
3.981000	0.327543
3.982000	0.336571
3.983000	0.336571
3.984000	0.336571
3.985000	0.336571
3.986000	0.336571
3.987000	0.336571
3.988000	0.336571
3.989000	0.345599
3.990000	0.336571
3.991000	0.345599
3.992000	0.336571
3.993000	0.336571
3.994000	0.336571
3.995000	0.345599
3.996000	0.327543
3.997000	0.336571
3.998000	0.345599
3.999000	0.336571
4.000000	0.345599
4.001000	0.345599
4.002000	0.336571
4.003000	0.336571
4.004000	0.336571
4.005000	0.345599
4.006000	0.327543
4.007000	0.327543
4.008000	0.345599
4.009000	0.336571
4.010000	0.345599
4.011000	0.345599
4.012000	0.345599
4.013000	0.345599
4.014000	0.354645
4.015000	0.354645
4.016000	0.336571
4.017000	0.354645
4.018000	0.354645
4.019000	0.354645
4.020000	0.354645
4.021000	0.363673
4.022000	0.345599
4.023000	0.354645
4.024000	0.354645
4.025000	0.354645
4.026000	0.345599
4.027000	0.354645
4.028000	0.354645
4.029000	0.354645
4.030000	0.345599
4.031000	0.354645
4.032000	0.363673
4.033000	0.354645
4.034000	0.354645
4.035000	0.354645
4.036000	0.354645
4.037000	0.354645
4.038000	0.354645
4.039000	0.354645
4.040000	0.354645
4.041000	0.354645
4.042000	0.345599
4.043000	0.345599
4.044000	0.354645
4.045000	0.345599
4.046000	0.336571
4.047000	0.345599
4.048000	0.354645
4.049000	0.354645
4.050000	0.354645
4.051000	0.354645
4.052000	0.354645
4.053000	0.345599
4.054000	0.354645
4.055000	0.354645
4.056000	0.345599
4.057000	0.345599
4.058000	0.345599
4.059000	0.354645
4.060000	0.345599
4.061000	0.354645
4.062000	0.363673
4.063000	0.345599
4.064000	0.354645
4.065000	0.345599
4.066000	0.354645
4.067000	0.354645
4.068000	0.354645
4.069000	0.354645
4.070000	0.345599
4.071000	0.354645
4.072000	0.363673
4.073000	0.354645
4.074000	0.354645
4.075000	0.363673
4.076000	0.345599
4.077000	0.354645
4.078000	0.345599
4.079000	0.345599
4.080000	0.354645
4.081000	0.354645
4.082000	0.345599
4.083000	0.354645
4.084000	0.354645
4.085000	0.354645
4.086000	0.354645
4.087000	0.354645
4.088000	0.354645
4.089000	0.345599
4.090000	0.336571
4.091000	0.345599
4.092000	0.345599
4.093000	0.336571
4.094000	0.345599
4.095000	0.336571
4.096000	0.336571
4.097000	0.345599
4.098000	0.327543
4.099000	0.345599
4.100000	0.345599
4.101000	0.336571
4.102000	0.345599
4.103000	0.336571
4.104000	0.336571
4.105000	0.336571
4.106000	0.345599
4.107000	0.345599
4.108000	0.345599
4.109000	0.327543
4.110000	0.345599
4.111000	0.336571
4.112000	0.336571
4.113000	0.336571
4.114000	0.336571
4.115000	0.336571
4.116000	0.336571
4.117000	0.345599
4.118000	0.345599
4.119000	0.345599
4.120000	0.345599
4.121000	0.345599
4.122000	0.345599
4.123000	0.345599
4.124000	0.327543
4.125000	0.336571
4.126000	0.345599
4.127000	0.336571
4.128000	0.336571
4.129000	0.345599
4.130000	0.345599
4.131000	0.345599
4.132000	0.345599
4.133000	0.354645
4.134000	0.336571
4.135000	0.336571
4.136000	0.345599
4.137000	0.336571
4.138000	0.345599
4.139000	0.336571
4.140000	0.336571
4.141000	0.336571
4.142000	0.336571
4.143000	0.336571
4.144000	0.336571
4.145000	0.544326
4.146000	0.544326
4.147000	0.336571
4.148000	0.110741
4.149000	0.137844
4.150000	0.219133
4.151000	0.345599
4.152000	0.417860
4.153000	0.444962
4.154000	0.454009
4.155000	0.490139
4.156000	0.399804
4.157000	0.264310
4.158000	0.255263
4.159000	0.291412
4.160000	0.255263
4.161000	0.237207
4.162000	0.273338
4.163000	0.372701
4.164000	0.463037
4.165000	0.463037
4.166000	0.399804
4.167000	0.345599
4.168000	0.327543
4.169000	0.300440
4.170000	0.255263
4.171000	0.264310
4.172000	0.327543
4.173000	0.372701
4.174000	0.408832
4.175000	0.454009
4.176000	0.463037
4.177000	0.417860
4.178000	0.354645
4.179000	0.291412
4.180000	0.246235
4.181000	0.300440
4.182000	0.354645
4.183000	0.363673
4.184000	0.390776
4.185000	0.435934
4.186000	0.435934
4.187000	0.399804
4.188000	0.354645
4.189000	0.309468
4.190000	0.300440
4.191000	0.300440
4.192000	0.327543
4.193000	0.336571
4.194000	0.372701
4.195000	0.399804
4.196000	0.381729
4.197000	0.363673
4.198000	0.363673
4.199000	0.354645
4.200000	0.336571
4.201000	0.327543
4.202000	0.309468
4.203000	0.327543
4.204000	0.345599
4.205000	0.372701
4.206000	0.381729
4.207000	0.390776
4.208000	0.390776
4.209000	0.363673
4.210000	0.327543
4.211000	0.300440
4.212000	0.318496
4.213000	0.336571
4.214000	0.354645
4.215000	0.372701
4.216000	0.381729
4.217000	0.390776
4.218000	0.390776
4.219000	0.372701
4.220000	0.345599
4.221000	0.318496
4.222000	0.318496
4.223000	0.318496
4.224000	0.345599
4.225000	0.381729
4.226000	0.399804
4.227000	0.381729
4.228000	0.354645
4.229000	0.336571
4.230000	0.345599
4.231000	0.354645
4.232000	0.345599
4.233000	0.336571
4.234000	0.345599
4.235000	0.354645
4.236000	0.363673
4.237000	0.363673
4.238000	0.372701
4.239000	0.372701
4.240000	0.363673
4.241000	0.354645
4.242000	0.345599
4.243000	0.345599
4.244000	0.354645
4.245000	0.345599
4.246000	0.345599
4.247000	0.363673
4.248000	0.381729
4.249000	0.390776
4.250000	0.372701
4.251000	0.345599
4.252000	0.336571
4.253000	0.336571
4.254000	0.345599
4.255000	0.354645
4.256000	0.354645
4.257000	0.363673
4.258000	0.372701
4.259000	0.363673
4.260000	0.363673
4.261000	0.345599
4.262000	0.336571
4.263000	0.327543
4.264000	0.336571
4.265000	0.336571
4.266000	0.363673
4.267000	0.363673
4.268000	0.390776
4.269000	0.408832
4.270000	0.345599
4.271000	0.291412
4.272000	0.309468
4.273000	0.318496
4.274000	0.354645
4.275000	0.363673
4.276000	0.372701
4.277000	0.381729
4.278000	0.390776
4.279000	0.372701
4.280000	0.354645
4.281000	0.336571
4.282000	0.354645
4.283000	0.345599
4.284000	0.327543
4.285000	0.345599
4.286000	0.372701
4.287000	0.381729
4.288000	0.372701
4.289000	0.372701
4.290000	0.372701
4.291000	0.354645
4.292000	0.345599
4.293000	0.327543
4.294000	0.309468
4.295000	0.318496
4.296000	0.345599
4.297000	0.372701
4.298000	0.381729
4.299000	0.399804
4.300000	0.372701
4.301000	0.345599
4.302000	0.336571
4.303000	0.318496
4.304000	0.327543
4.305000	0.345599
4.306000	0.345599
4.307000	0.354645
4.308000	0.363673
4.309000	0.381729
4.310000	0.372701
4.311000	0.345599
4.312000	0.318496
4.313000	0.336571
4.314000	0.327543
4.315000	0.336571
4.316000	0.345599
4.317000	0.345599
4.318000	0.363673
4.319000	0.354645
4.320000	0.363673
4.321000	0.345599
4.322000	0.354645
4.323000	0.363673
4.324000	0.354645
4.325000	0.318496
4.326000	0.318496
4.327000	0.327543
4.328000	0.327543
4.329000	0.363673
4.330000	0.390776
4.331000	0.372701
4.332000	0.363673
4.333000	0.345599
4.334000	0.318496
4.335000	0.327543
4.336000	0.336571
4.337000	0.345599
4.338000	0.363673
4.339000	0.381729
4.340000	0.372701
4.341000	0.363673
4.342000	0.372701
4.343000	0.363673
4.344000	0.354645
4.345000	0.336571
4.346000	0.345599
4.347000	0.345599
4.348000	0.363673
4.349000	0.372701
4.350000	0.372701
4.351000	0.363673
4.352000	0.372701
4.353000	0.363673
4.354000	0.372701
4.355000	0.354645
4.356000	0.354645
4.357000	0.345599
4.358000	0.354645
4.359000	0.363673
4.360000	0.372701
4.361000	0.363673
4.362000	0.363673
4.363000	0.363673
4.364000	0.354645
4.365000	0.354645
4.366000	0.354645
4.367000	0.345599
4.368000	0.354645
4.369000	0.354645
4.370000	0.372701
4.371000	0.363673
4.372000	0.372701
4.373000	0.381729
4.374000	0.363673
4.375000	0.372701
4.376000	0.354645
4.377000	0.354645
4.378000	0.363673
4.379000	0.363673
4.380000	0.381729
4.381000	0.381729
4.382000	0.372701
4.383000	0.372701
4.384000	0.354645
4.385000	0.372701
4.386000	0.363673
4.387000	0.363673
4.388000	0.363673
4.389000	0.363673
4.390000	0.372701
4.391000	0.372701
4.392000	0.372701
4.393000	0.372701
4.394000	0.372701
4.395000	0.363673
4.396000	0.363673
4.397000	0.363673
4.398000	0.363673
4.399000	0.372701
4.400000	0.363673
4.401000	0.363673
4.402000	0.363673
4.403000	0.381729
4.404000	0.372701
4.405000	0.381729
4.406000	0.372701
4.407000	0.354645
4.408000	0.363673
4.409000	0.354645
4.410000	0.363673
4.411000	0.354645
4.412000	0.354645
4.413000	0.372701
4.414000	0.363673
4.415000	0.372701
4.416000	0.381729
4.417000	0.390776
4.418000	0.399804
4.419000	0.363673
4.420000	0.336571
4.421000	0.336571
4.422000	0.363673
4.423000	0.354645
4.424000	0.372701
4.425000	0.381729
4.426000	0.381729
4.427000	0.381729
4.428000	0.381729
4.429000	0.354645
4.430000	0.336571
4.431000	0.354645
4.432000	0.345599
4.433000	0.345599
4.434000	0.345599
4.435000	0.363673
4.436000	0.381729
4.437000	0.381729
4.438000	0.372701
4.439000	0.372701
4.440000	0.363673
4.441000	0.354645
4.442000	0.336571
4.443000	0.336571
4.444000	0.345599
4.445000	0.372701
4.446000	0.363673
4.447000	0.381729
4.448000	0.381729
4.449000	0.381729
4.450000	0.372701
4.451000	0.363673
4.452000	0.363673
4.453000	0.354645
4.454000	0.363673
4.455000	0.354645
4.456000	0.354645
4.457000	0.372701
4.458000	0.372701
4.459000	0.381729
4.460000	0.372701
4.461000	0.372701
4.462000	0.363673
4.463000	0.336571
4.464000	0.354645
4.465000	0.363673
4.466000	0.363673
4.467000	0.354645
4.468000	0.336571
4.469000	0.345599
4.470000	0.363673
4.471000	0.363673
4.472000	0.363673
4.473000	0.363673
4.474000	0.345599
4.475000	0.363673
4.476000	0.354645
4.477000	0.345599
4.478000	0.345599
4.479000	0.345599
4.480000	0.354645
4.481000	0.363673
4.482000	0.354645
4.483000	0.345599
4.484000	0.363673
4.485000	0.363673
4.486000	0.354645
4.487000	0.363673
4.488000	0.363673
4.489000	0.363673
4.490000	0.363673
4.491000	0.363673
4.492000	0.372701
4.493000	0.363673
4.494000	0.372701
4.495000	0.363673
4.496000	0.372701
4.497000	0.372701
4.498000	0.363673
4.499000	0.372701
4.500000	0.363673
4.501000	0.381729
4.502000	0.381729
4.503000	0.381729
4.504000	0.390776
4.505000	0.381729
4.506000	0.381729
4.507000	0.372701
4.508000	0.381729
4.509000	0.372701
4.510000	0.363673
4.511000	0.372701
4.512000	0.381729
4.513000	0.363673
4.514000	0.363673
4.515000	0.381729
4.516000	0.372701
4.517000	0.372701
4.518000	0.372701
4.519000	0.363673
4.520000	0.381729
4.521000	0.381729
4.522000	0.381729
4.523000	0.363673
4.524000	0.363673
4.525000	0.372701
4.526000	0.372701
4.527000	0.381729
4.528000	0.372701
4.529000	0.372701
4.530000	0.372701
4.531000	0.372701
4.532000	0.381729
4.533000	0.372701
4.534000	0.372701
4.535000	0.381729
4.536000	0.372701
4.537000	0.381729
4.538000	0.381729
4.539000	0.372701
4.540000	0.372701
4.541000	0.372701
4.542000	0.381729
4.543000	0.381729
4.544000	0.381729
4.545000	0.372701
4.546000	0.381729
4.547000	0.381729
4.548000	0.390776
4.549000	0.390776
4.550000	0.390776
4.551000	0.390776
4.552000	0.381729
4.553000	0.381729
4.554000	0.390776
4.555000	0.390776
4.556000	0.390776
4.557000	0.381729
4.558000	0.399804
4.559000	0.390776
4.560000	0.381729
4.561000	0.381729
4.562000	0.390776
4.563000	0.390776
4.564000	0.390776
4.565000	0.390776
4.566000	0.381729
4.567000	0.381729
4.568000	0.381729
4.569000	0.399804
4.570000	0.390776
4.571000	0.390776
4.572000	0.372701
4.573000	0.381729
4.574000	0.372701
4.575000	0.372701
4.576000	0.372701
4.577000	0.381729
4.578000	0.381729
4.579000	0.381729
4.580000	0.372701
4.581000	0.363673
4.582000	0.372701
4.583000	0.381729
4.584000	0.381729
4.585000	0.381729
4.586000	0.381729
4.587000	0.381729
4.588000	0.372701
4.589000	0.390776
4.590000	0.381729
4.591000	0.381729
4.592000	0.390776
4.593000	0.381729
4.594000	0.372701
4.595000	0.363673
4.596000	0.372701
4.597000	0.372701
4.598000	0.381729
4.599000	0.390776
4.600000	0.381729
4.601000	0.390776
4.602000	0.381729
4.603000	0.381729
4.604000	0.381729
4.605000	0.381729
4.606000	0.381729
4.607000	0.372701
4.608000	0.372701
4.609000	0.381729
4.610000	0.381729
4.611000	0.372701
4.612000	0.363673
4.613000	0.372701
4.614000	0.372701
4.615000	0.372701
4.616000	0.372701
4.617000	0.381729
4.618000	0.372701
4.619000	0.372701
4.620000	0.381729
4.621000	0.381729
4.622000	0.372701
4.623000	0.363673
4.624000	0.372701
4.625000	0.372701
4.626000	0.372701
4.627000	0.372701
4.628000	0.363673
4.629000	0.363673
4.630000	0.363673
4.631000	0.372701
4.632000	0.363673
4.633000	0.372701
4.634000	0.363673
4.635000	0.363673
4.636000	0.363673
4.637000	0.372701
4.638000	0.363673
4.639000	0.372701
4.640000	0.372701
4.641000	0.372701
4.642000	0.372701
4.643000	0.372701
4.644000	0.363673
4.645000	0.363673
4.646000	0.372701
4.647000	0.381729
4.648000	0.381729
4.649000	0.372701
4.650000	0.372701
4.651000	0.354645
4.652000	0.372701
4.653000	0.372701
4.654000	0.372701
4.655000	0.372701
4.656000	0.372701
4.657000	0.381729
4.658000	0.381729
4.659000	0.381729
4.660000	0.372701
4.661000	0.363673
4.662000	0.354645
4.663000	0.363673
4.664000	0.372701
4.665000	0.372701
4.666000	0.372701
4.667000	0.372701
4.668000	0.390776
4.669000	0.399804
4.670000	0.390776
4.671000	0.390776
4.672000	0.381729
4.673000	0.390776
4.674000	0.390776
4.675000	0.390776
4.676000	0.381729
4.677000	0.408832
4.678000	0.390776
4.679000	0.399804
4.680000	0.399804
4.681000	0.417860
4.682000	0.399804
4.683000	0.399804
4.684000	0.399804
4.685000	0.399804
4.686000	0.399804
4.687000	0.408832
4.688000	0.417860
4.689000	0.417860
4.690000	0.417860
4.691000	0.417860
4.692000	0.417860
4.693000	0.399804
4.694000	0.417860
4.695000	0.426906
4.696000	0.435934
4.697000	0.435934
4.698000	0.426906
4.699000	0.435934
4.700000	0.426906
4.701000	0.426906
4.702000	0.435934
4.703000	0.426906
4.704000	0.435934
4.705000	0.435934
4.706000	0.435934
4.707000	0.444962
4.708000	0.444962
4.709000	0.454009
4.710000	0.454009
4.711000	0.454009
4.712000	0.463037
4.713000	0.454009
4.714000	0.444962
4.715000	0.454009
4.716000	0.463037
4.717000	0.463037
4.718000	0.472065
4.719000	0.472065
4.720000	0.472065
4.721000	0.463037
4.722000	0.463037
4.723000	0.463037
4.724000	0.454009
4.725000	0.463037
4.726000	0.454009
4.727000	0.463037
4.728000	0.444962
4.729000	0.417860
4.730000	0.454009
4.731000	0.499167
4.732000	0.517242
4.733000	0.508195
4.734000	0.490139
4.735000	0.454009
4.736000	0.426906
4.737000	0.426906
4.738000	0.408832
4.739000	0.426906
4.740000	0.435934
4.741000	0.444962
4.742000	0.435934
4.743000	0.463037
4.744000	0.472065
4.745000	0.490139
4.746000	0.463037
4.747000	0.417860
4.748000	0.417860
4.749000	0.435934
4.750000	0.463037
4.751000	0.472065
4.752000	0.463037
4.753000	0.472065
4.754000	0.499167
4.755000	0.499167
4.756000	0.499167
4.757000	0.481093
4.758000	0.472065
4.759000	0.472065
4.760000	0.444962
4.761000	0.444962
4.762000	0.472065
4.763000	0.499167
4.764000	0.517242
4.765000	0.499167
4.766000	0.481093
4.767000	0.508195
4.768000	0.490139
4.769000	0.481093
4.770000	0.463037
4.771000	0.454009
4.772000	0.463037
4.773000	0.472065
4.774000	0.472065
4.775000	0.481093
4.776000	0.490139
4.777000	0.490139
4.778000	0.472065
4.779000	0.472065
4.780000	0.472065
4.781000	0.472065
4.782000	0.463037
4.783000	0.463037
4.784000	0.472065
4.785000	0.472065
4.786000	0.490139
4.787000	0.499167
4.788000	0.490139
4.789000	0.490139
4.790000	0.481093
4.791000	0.472065
4.792000	0.454009
4.793000	0.490139
4.794000	0.472065
4.795000	0.472065
4.796000	0.490139
4.797000	0.481093
4.798000	0.508195
4.799000	0.508195
4.800000	0.508195
4.801000	0.490139
4.802000	0.472065
4.803000	0.481093
4.804000	0.499167
4.805000	0.481093
4.806000	0.472065
4.807000	0.463037
4.808000	0.472065
4.809000	0.517242
4.810000	0.544326
4.811000	0.508195
4.812000	0.463037
4.813000	0.472065
4.814000	0.463037
4.815000	0.426906
4.816000	0.454009
4.817000	0.643708
4.818000	0.616605
4.819000	0.562400
4.820000	0.517242
4.821000	0.472065
4.822000	0.481093
4.823000	0.815332
4.824000	0.706922
4.825000	0.553372
4.826000	0.580475
4.827000	0.688866
4.828000	0.526270
4.829000	0.426906
4.830000	0.923724
4.831000	0.986957
4.832000	1.014060
4.833000	0.797258
4.834000	0.562400
4.835000	0.499167
4.836000	0.851463
4.837000	0.752099
4.838000	0.535298
4.839000	0.417860
4.840000	0.372701
4.841000	0.228179
4.842000	0.164946
4.843000	0.300440
4.844000	0.237207
4.845000	0.183002
4.846000	0.164946
4.847000	0.246235
4.848000	0.318496
4.849000	0.481093
4.850000	0.526270
4.851000	0.435934
4.852000	0.381729
4.853000	0.435934
4.854000	0.517242
4.855000	0.526270
4.856000	0.580475
4.857000	0.526270
4.858000	0.598531
4.859000	0.643708
4.860000	0.860491
4.861000	0.869537
4.862000	0.923724
4.863000	0.914696
4.864000	0.941798
4.865000	0.878565
4.866000	1.005030
4.867000	1.050190
4.868000	0.923724
4.869000	0.932770
4.870000	0.932770
4.871000	0.914696
4.872000	0.941798
4.873000	0.968901
4.874000	0.887593
4.875000	0.851463
4.876000	0.815332
4.877000	0.761127
4.878000	0.724997
4.879000	0.779202
4.880000	0.851463
4.881000	0.860491
4.882000	0.779202
4.883000	0.706922
4.884000	0.706922
4.885000	0.788230
4.886000	0.833388
4.887000	0.788230
4.888000	0.688866
4.889000	0.679838
4.890000	0.715969
4.891000	0.761127
4.892000	0.797258
4.893000	0.824360
4.894000	0.842435
4.895000	0.851463
4.896000	0.914696
4.897000	0.977929
4.898000	0.995985
4.899000	0.995985
4.900000	0.959854
4.901000	0.878565
4.902000	0.824360
4.903000	0.914696
4.904000	0.995985
4.905000	1.005030
4.906000	1.014060
4.907000	0.986957
4.908000	1.005030
4.909000	1.032130
4.910000	1.050190
4.911000	0.986957
4.912000	0.977929
4.913000	0.923724
4.914000	0.905668
4.915000	0.860491
4.916000	0.860491
4.917000	0.842435
4.918000	0.824360
4.919000	0.824360
4.920000	0.806304
4.921000	0.860491
4.922000	0.896621
4.923000	0.869537
4.924000	0.806304
4.925000	0.788230
4.926000	0.779202
4.927000	0.824360
4.928000	0.869537
4.929000	0.860491
4.930000	0.833388
4.931000	0.815332
4.932000	0.815332
4.933000	0.824360
4.934000	0.833388
4.935000	0.815332
4.936000	0.788230
4.937000	0.770155
4.938000	0.806304
4.939000	0.833388
4.940000	0.842435
4.941000	0.824360
4.942000	0.806304
4.943000	0.806304
4.944000	0.806304
4.945000	0.806304
4.946000	0.797258
4.947000	0.752099
4.948000	0.697894
4.949000	0.661764
4.950000	0.661764
4.951000	0.688866
4.952000	0.706922
4.953000	0.706922
4.954000	0.652736
4.955000	0.616605
4.956000	0.616605
4.957000	0.616605
4.958000	0.625633
4.959000	0.616605
4.960000	0.562400
4.961000	0.544326
4.962000	0.544326
4.963000	0.580475
4.964000	0.553372
4.965000	0.535298
4.966000	0.499167
4.967000	0.490139
4.968000	0.526270
4.969000	0.562400
4.970000	0.562400
4.971000	0.526270
4.972000	0.499167
4.973000	0.472065
4.974000	0.454009
4.975000	0.454009
4.976000	0.472065
4.977000	0.472065
4.978000	0.481093
4.979000	0.472065
4.980000	0.454009
4.981000	0.481093
4.982000	0.454009
4.983000	0.381729
4.984000	0.318496
4.985000	0.264310
4.986000	0.264310
4.987000	0.246235
4.988000	0.219133
4.989000	0.210105
4.990000	0.210105
4.991000	0.192030
4.992000	0.164946
4.993000	0.183002
4.994000	0.219133
4.995000	0.246235
4.996000	0.201077
4.997000	0.164946
4.998000	0.128797
4.999000	0.128797
5.000000	0.155900
5.001000	0.146872
5.002000	0.110741
5.003000	0.074611
5.004000	0.110741
5.005000	0.119769
5.006000	0.092666
5.007000	-0.006697
5.008000	-0.051856
5.009000	-0.069930
5.010000	-0.160265
5.011000	-0.078958
5.012000	-0.006697
5.013000	-0.042827
5.014000	-0.142191
5.015000	-0.286713
5.016000	-0.440281
5.017000	-0.431253
5.018000	-0.386095
5.019000	-0.431253
5.020000	-0.629980
5.021000	-0.792577
5.022000	-0.891940
5.023000	-1.099710
5.024000	-1.343600
5.025000	-1.461040
5.026000	-1.560400
5.027000	-1.668790
5.028000	-1.903670
5.029000	-2.129500
5.030000	-2.165630
5.031000	-2.003030
5.032000	-1.677840
5.033000	-1.704940
5.034000	-1.903670
5.035000	-2.084320
5.036000	-2.057240
5.037000	-1.560400
5.038000	-1.199080
5.039000	-1.144870
5.040000	-0.765474
5.041000	-0.358992
5.042000	-0.557720
5.043000	-0.756446
5.044000	-0.467384
5.045000	-0.142191
5.046000	-0.024753
5.047000	-0.069930
5.048000	-0.160265
5.049000	-0.087986
5.050000	0.255263
5.051000	0.426906
5.052000	0.282366
5.053000	0.110741
5.054000	0.237207
5.055000	0.255263
5.056000	0.155900
5.057000	0.201077
5.058000	0.291412
5.059000	0.255263
5.060000	0.183002
5.061000	0.146872
5.062000	0.183002
5.063000	0.345599
5.064000	0.417860
5.065000	0.499167
5.066000	0.417860
5.067000	0.101713
5.068000	-0.042827
5.069000	0.426906
5.070000	0.959854
5.071000	0.363673
5.072000	-0.187349
5.073000	0.706922
5.074000	-0.738390
5.075000	-2.003030
5.076000	0.092666
5.077000	1.221830
5.078000	0.986957
5.079000	1.113420
5.080000	0.914696
5.081000	-1.479110
5.082000	0.255263
5.083000	2.197410
5.084000	1.158600
5.085000	-1.461040
5.086000	-3.475450
5.087000	-0.503515
5.088000	1.790910
5.089000	1.781880
5.090000	0.734025
5.091000	-1.343600
5.092000	-2.237890
5.093000	1.483790
5.094000	2.432270
5.095000	0.526270
5.096000	-1.470070
5.097000	-0.340918
5.098000	0.950826
5.099000	1.348280
5.100000	-0.033799
5.101000	-2.093370
5.102000	-1.000350
5.103000	1.492820
5.104000	0.950826
5.105000	0.047508
5.106000	-0.837754
5.107000	-0.368020
5.108000	0.490139
5.109000	0.779202
5.110000	0.318496
5.111000	0.553372
5.112000	-0.015725
5.113000	-0.060883
5.114000	0.598531
5.115000	0.535298
5.116000	-1.045510
5.117000	-0.729344
5.118000	0.327543
5.119000	0.110741
5.120000	-0.006697
5.121000	0.995985
5.122000	1.014060
5.123000	-0.042827
5.124000	-0.268657
5.125000	0.435934
5.126000	0.761127
5.127000	-0.087986
5.128000	-0.666111
5.129000	-0.440281
5.130000	-0.232526
5.131000	0.535298
5.132000	0.995985
5.133000	-0.196396
5.134000	-1.244240
5.135000	-0.304787
5.136000	1.294090
5.137000	1.384430
5.138000	0.390776
5.139000	-0.675157
5.140000	-0.629980
5.141000	0.544326
5.142000	0.688866
5.143000	-0.340918
5.144000	-0.413179
5.145000	0.056536
5.146000	0.273338
5.147000	0.164946
5.148000	-0.205424
5.149000	-0.349946
5.150000	0.435934
5.151000	0.734025
5.152000	0.092666
5.153000	-0.304787
5.154000	-0.060883
5.155000	0.363673
5.156000	0.688866
5.157000	0.210105
5.158000	-0.530617
5.159000	-0.368020
5.160000	-0.006697
5.161000	-0.033799
5.162000	0.164946
5.163000	0.670792
5.164000	0.788230
5.165000	0.228179
5.166000	-0.060883
5.167000	0.137844
5.168000	0.038480
5.169000	0.164946
5.170000	0.345599
5.171000	0.201077
5.172000	0.065582
5.173000	0.047508
5.174000	-0.151219
5.175000	-0.133163
5.176000	0.173974
5.177000	0.336571
5.178000	0.183002
5.179000	0.173974
5.180000	0.237207
5.181000	0.472065
5.182000	0.345599
5.183000	-0.069930
5.184000	-0.124116
5.185000	0.083638
5.186000	0.074611
5.187000	-0.169293
5.188000	-0.015725
5.189000	0.237207
5.190000	0.192030
5.191000	-0.133163
5.192000	-0.124116
5.193000	0.047508
5.194000	0.363673
5.195000	0.372701
5.196000	-0.024753
5.197000	-0.006697
5.198000	0.526270
5.199000	0.553372
5.200000	-0.160265
5.201000	-0.720316
5.202000	-0.322862
5.203000	0.300440
5.204000	0.580475
5.205000	0.535298
5.206000	0.110741
5.207000	-0.033799
5.208000	0.273338
5.209000	0.417860
5.210000	0.246235
5.211000	0.255263
5.212000	0.237207
5.213000	0.047508
5.214000	-0.133163
5.215000	-0.033799
5.216000	0.119769
5.217000	0.110741
5.218000	0.038480
5.219000	0.110741
5.220000	0.363673
5.221000	0.372701
5.222000	0.300440
5.223000	0.417860
5.224000	0.309468
5.225000	0.029434
5.226000	-0.160265
5.227000	-0.232526
5.228000	0.164946
5.229000	0.499167
5.230000	0.309468
5.231000	-0.151219
5.232000	-0.241554
5.233000	-0.042827
5.234000	0.363673
5.235000	0.417860
5.236000	0.074611
5.237000	-0.033799
5.238000	0.246235
5.239000	0.219133
5.240000	0.083638
5.241000	0.047508
5.242000	-0.006697
5.243000	0.011378
5.244000	-0.006697
5.245000	0.065582
5.246000	0.219133
5.247000	0.237207
5.248000	0.110741
5.249000	0.065582
5.250000	0.038480
5.251000	0.092666
5.252000	0.128797
5.253000	0.210105
5.254000	0.282366
5.255000	0.255263
5.256000	0.101713
5.257000	-0.006697
5.258000	-0.051856
5.259000	0.038480
5.260000	0.173974
5.261000	0.146872
5.262000	0.183002
5.263000	0.219133
5.264000	0.201077
5.265000	0.237207
5.266000	0.146872
5.267000	0.119769
5.268000	0.327543
5.269000	0.444962
5.270000	0.372701
5.271000	0.300440
5.272000	0.210105
5.273000	-0.033799
5.274000	-0.087986
5.275000	0.065582
5.276000	0.282366
5.277000	0.381729
5.278000	0.219133
5.279000	0.110741
5.280000	0.282366
5.281000	0.372701
5.282000	0.291412
5.283000	0.110741
5.284000	0.056536
5.285000	0.210105
5.286000	0.228179
5.287000	0.074611
5.288000	0.038480
5.289000	0.047508
5.290000	0.092666
5.291000	0.056536
5.292000	-0.042827
5.293000	-0.042827
5.294000	0.155900
5.295000	0.345599
5.296000	0.273338
5.297000	0.110741
5.298000	-0.124116
5.299000	-0.223480
5.300000	-0.087986
5.301000	0.101713
5.302000	0.146872
5.303000	0.011378
5.304000	-0.060883
5.305000	0.101713
5.306000	0.164946
5.307000	0.056536
5.308000	-0.015725
5.309000	0.011378
5.310000	0.092666
5.311000	0.237207
5.312000	0.173974
5.313000	0.074611
5.314000	0.092666
5.315000	0.101713
5.316000	0.038480
5.317000	-0.006697
5.318000	0.020405
5.319000	0.155900
5.320000	0.282366
5.321000	0.219133
5.322000	0.146872
5.323000	0.137844
5.324000	0.155900
5.325000	0.237207
5.326000	0.309468
5.327000	0.264310
5.328000	0.300440
5.329000	0.228179
5.330000	0.146872
5.331000	0.146872
5.332000	0.246235
5.333000	0.237207
5.334000	0.083638
5.335000	0.128797
5.336000	0.237207
5.337000	0.291412
5.338000	0.381729
5.339000	0.273338
5.340000	0.092666
5.341000	0.119769
5.342000	0.291412
5.343000	0.146872
5.344000	-0.060883
5.345000	0.020405
5.346000	0.092666
5.347000	0.029434
5.348000	0.020405
5.349000	0.002350
5.350000	0.011378
5.351000	0.137844
5.352000	0.155900
5.353000	0.029434
5.354000	-0.006697
5.355000	0.038480
5.356000	-0.060883
5.357000	-0.133163
5.358000	-0.133163
5.359000	-0.115088
5.360000	-0.015725
5.361000	0.074611
5.362000	0.038480
5.363000	-0.033799
5.364000	-0.042827
5.365000	-0.051856
5.366000	0.029434
5.367000	0.128797
5.368000	0.128797
5.369000	0.074611
5.370000	0.101713
5.371000	0.128797
5.372000	0.083638
5.373000	0.074611
5.374000	0.173974
5.375000	0.219133
5.376000	0.255263
5.377000	0.246235
5.378000	0.201077
5.379000	0.219133
5.380000	0.327543
5.381000	0.345599
5.382000	0.210105
5.383000	0.201077
5.384000	0.291412
5.385000	0.318496
5.386000	0.336571
5.387000	0.309468
5.388000	0.300440
5.389000	0.309468
5.390000	0.300440
5.391000	0.183002
5.392000	0.192030
5.393000	0.309468
5.394000	0.327543
5.395000	0.273338
5.396000	0.219133
5.397000	0.137844
5.398000	0.210105
5.399000	0.282366
5.400000	0.183002
5.401000	0.056536
5.402000	0.056536
5.403000	0.137844
5.404000	0.146872
5.405000	0.101713
5.406000	-0.006697
5.407000	-0.006697
5.408000	0.074611
5.409000	0.110741
5.410000	0.038480
5.411000	0.002350
5.412000	-0.015725
5.413000	-0.015725
5.414000	-0.033799
5.415000	-0.015725
5.416000	-0.051856
5.417000	-0.042827
5.418000	0.047508
5.419000	0.083638
5.420000	-0.006697
5.421000	-0.087986
5.422000	-0.060883
5.423000	0.011378
5.424000	0.110741
5.425000	0.119769
5.426000	0.047508
5.427000	0.020405
5.428000	0.137844
5.429000	0.137844
5.430000	0.020405
5.431000	-0.024753
5.432000	0.065582
5.433000	0.309468
5.434000	0.408832
5.435000	0.183002
5.436000	0.092666
5.437000	0.237207
5.438000	0.345599
5.439000	0.309468
5.440000	0.173974
5.441000	0.128797
5.442000	0.309468
5.443000	0.454009
5.444000	0.381729
5.445000	0.210105
5.446000	0.183002
5.447000	0.273338
5.448000	0.345599
5.449000	0.291412
5.450000	0.210105
5.451000	0.192030
5.452000	0.381729
5.453000	0.481093
5.454000	0.300440
5.455000	0.065582
5.456000	0.101713
5.457000	0.246235
5.458000	0.273338
5.459000	0.210105
5.460000	0.101713
5.461000	0.038480
5.462000	0.155900
5.463000	0.183002
5.464000	0.047508
5.465000	-0.015725
5.466000	0.065582
5.467000	0.128797
5.468000	0.101713
5.469000	-0.015725
5.470000	-0.078958
5.471000	-0.042827
5.472000	0.038480
5.473000	0.011378
5.474000	-0.142191
5.475000	-0.187349
5.476000	-0.033799
5.477000	0.038480
5.478000	-0.033799
5.479000	-0.051856
5.480000	-0.069930
5.481000	-0.006697
5.482000	0.083638
5.483000	0.020405
5.484000	-0.097033
5.485000	0.020405
5.486000	0.110741
5.487000	0.038480
5.488000	0.029434
5.489000	0.029434
5.490000	0.083638
5.491000	0.237207
5.492000	0.237207
5.493000	0.083638
5.494000	0.119769
5.495000	0.264310
5.496000	0.273338
5.497000	0.210105
5.498000	0.255263
5.499000	0.318496
5.500000	0.354645
