-0.500000	21.288099
-0.499000	19.116100
-0.498000	21.288099
-0.497000	21.288099
-0.496000	16.939699
-0.495000	19.116100
-0.494000	21.288099
-0.493000	19.116100
-0.492000	21.288099
-0.491000	19.116100
-0.490000	21.288099
-0.489000	19.116100
-0.488000	19.116100
-0.487000	16.939699
-0.486000	19.116100
-0.485000	21.288099
-0.484000	21.288099
-0.483000	16.939699
-0.482000	19.116100
-0.481000	21.288099
-0.480000	21.288099
-0.479000	23.459999
-0.478000	19.116100
-0.477000	21.288099
-0.476000	21.288099
-0.475000	21.288099
-0.474000	21.288099
-0.473000	21.288099
-0.472000	21.288099
-0.471000	21.288099
-0.470000	19.116100
-0.469000	21.288099
-0.468000	21.288099
-0.467000	21.288099
-0.466000	16.939699
-0.465000	19.116100
-0.464000	21.288099
-0.463000	19.116100
-0.462000	21.288099
-0.461000	19.116100
-0.460000	19.116100
-0.459000	21.288099
-0.458000	19.116100
-0.457000	21.288099
-0.456000	19.116100
-0.455000	19.116100
-0.454000	19.116100
-0.453000	16.939699
-0.452000	19.116100
-0.451000	21.288099
-0.450000	21.288099
-0.449000	21.288099
-0.448000	19.116100
-0.447000	19.116100
-0.446000	21.288099
-0.445000	19.116100
-0.444000	19.116100
-0.443000	21.288099
-0.442000	19.116100
-0.441000	16.939699
-0.440000	21.288099
-0.439000	19.116100
-0.438000	19.116100
-0.437000	16.939699
-0.436000	19.116100
-0.435000	21.288099
-0.434000	19.116100
-0.433000	19.116100
-0.432000	16.939699
-0.431000	19.116100
-0.430000	21.288099
-0.429000	21.288099
-0.428000	19.116100
-0.427000	21.288099
-0.426000	19.116100
-0.425000	16.939699
-0.424000	23.459999
-0.423000	21.288099
-0.422000	21.288099
-0.421000	21.288099
-0.420000	19.116100
-0.419000	21.288099
-0.418000	23.459999
-0.417000	19.116100
-0.416000	23.459999
-0.415000	21.288099
-0.414000	21.288099
-0.413000	19.116100
-0.412000	19.116100
-0.411000	19.116100
-0.410000	21.288099
-0.409000	19.116100
-0.408000	19.116100
-0.407000	21.288099
-0.406000	21.288099
-0.405000	21.288099
-0.404000	19.116100
-0.403000	21.288099
-0.402000	19.116100
-0.401000	19.116100
-0.400000	23.459999
-0.399000	19.116100
-0.398000	19.116100
-0.397000	19.116100
-0.396000	21.288099
-0.395000	19.116100
-0.394000	16.939699
-0.393000	19.116100
-0.392000	19.116100
-0.391000	23.459999
-0.390000	21.288099
-0.389000	16.939699
-0.388000	21.288099
-0.387000	19.116100
-0.386000	19.116100
-0.385000	23.459999
-0.384000	19.116100
-0.383000	19.116100
-0.382000	19.116100
-0.381000	19.116100
-0.380000	21.288099
-0.379000	19.116100
-0.378000	19.116100
-0.377000	21.288099
-0.376000	19.116100
-0.375000	19.116100
-0.374000	21.288099
-0.373000	23.459999
-0.372000	21.288099
-0.371000	19.116100
-0.370000	23.459999
-0.369000	21.288099
-0.368000	19.116100
-0.367000	19.116100
-0.366000	21.288099
-0.365000	21.288099
-0.364000	21.288099
-0.363000	19.116100
-0.362000	21.288099
-0.361000	21.288099
-0.360000	21.288099
-0.359000	19.116100
-0.358000	21.288099
-0.357000	19.116100
-0.356000	21.288099
-0.355000	21.288099
-0.354000	19.116100
-0.353000	21.288099
-0.352000	23.459999
-0.351000	16.939699
-0.350000	19.116100
-0.349000	19.116100
-0.348000	21.288099
-0.347000	19.116100
-0.346000	19.116100
-0.345000	19.116100
-0.344000	19.116100
-0.343000	19.116100
-0.342000	21.288099
-0.341000	21.288099
-0.340000	21.288099
-0.339000	21.288099
-0.338000	19.116100
-0.337000	19.116100
-0.336000	21.288099
-0.335000	19.116100
-0.334000	21.288099
-0.333000	21.288099
-0.332000	23.459999
-0.331000	19.116100
-0.330000	19.116100
-0.329000	21.288099
-0.328000	21.288099
-0.327000	21.288099
-0.326000	19.116100
-0.325000	23.459999
-0.324000	19.116100
-0.323000	19.116100
-0.322000	23.459999
-0.321000	21.288099
-0.320000	21.288099
-0.319000	16.939699
-0.318000	21.288099
-0.317000	19.116100
-0.316000	19.116100
-0.315000	19.116100
-0.314000	21.288099
-0.313000	16.939699
-0.312000	21.288099
-0.311000	19.116100
-0.310000	21.288099
-0.309000	19.116100
-0.308000	21.288099
-0.307000	19.116100
-0.306000	19.116100
-0.305000	19.116100
-0.304000	16.939699
-0.303000	19.116100
-0.302000	21.288099
-0.301000	21.288099
-0.300000	19.116100
-0.299000	21.288099
-0.298000	21.288099
-0.297000	19.116100
-0.296000	19.116100
-0.295000	16.939699
-0.294000	21.288099
-0.293000	21.288099
-0.292000	19.116100
-0.291000	19.116100
-0.290000	19.116100
-0.289000	21.288099
-0.288000	19.116100
-0.287000	21.288099
-0.286000	19.116100
-0.285000	21.288099
-0.284000	19.116100
-0.283000	19.116100
-0.282000	16.939699
-0.281000	21.288099
-0.280000	19.116100
-0.279000	19.116100
-0.278000	19.116100
-0.277000	21.288099
-0.276000	19.116100
-0.275000	21.288099
-0.274000	19.116100
-0.273000	21.288099
-0.272000	21.288099
-0.271000	21.288099
-0.270000	21.288099
-0.269000	19.116100
-0.268000	21.288099
-0.267000	23.459999
-0.266000	16.939699
-0.265000	19.116100
-0.264000	21.288099
-0.263000	21.288099
-0.262000	21.288099
-0.261000	19.116100
-0.260000	19.116100
-0.259000	16.939699
-0.258000	19.116100
-0.257000	19.116100
-0.256000	16.939699
-0.255000	19.116100
-0.254000	19.116100
-0.253000	21.288099
-0.252000	21.288099
-0.251000	21.288099
-0.250000	21.288099
-0.249000	19.116100
-0.248000	21.288099
-0.247000	19.116100
-0.246000	23.459999
-0.245000	19.116100
-0.244000	21.288099
-0.243000	21.288099
-0.242000	19.116100
-0.241000	23.459999
-0.240000	19.116100
-0.239000	19.116100
-0.238000	19.116100
-0.237000	19.116100
-0.236000	19.116100
-0.235000	19.116100
-0.234000	19.116100
-0.233000	21.288099
-0.232000	19.116100
-0.231000	19.116100
-0.230000	21.288099
-0.229000	19.116100
-0.228000	19.116100
-0.227000	19.116100
-0.226000	19.116100
-0.225000	21.288099
-0.224000	19.116100
-0.223000	21.288099
-0.222000	19.116100
-0.221000	21.288099
-0.220000	21.288099
-0.219000	21.288099
-0.218000	19.116100
-0.217000	21.288099
-0.216000	19.116100
-0.215000	21.288099
-0.214000	16.939699
-0.213000	19.116100
-0.212000	19.116100
-0.211000	19.116100
-0.210000	16.939699
-0.209000	19.116100
-0.208000	19.116100
-0.207000	19.116100
-0.206000	21.288099
-0.205000	16.939699
-0.204000	21.288099
-0.203000	16.939699
-0.202000	19.116100
-0.201000	16.939699
-0.200000	21.288099
-0.199000	19.116100
-0.198000	19.116100
-0.197000	19.116100
-0.196000	19.116100
-0.195000	19.116100
-0.194000	16.939699
-0.193000	21.288099
-0.192000	21.288099
-0.191000	19.116100
-0.190000	21.288099
-0.189000	19.116100
-0.188000	19.116100
-0.187000	21.288099
-0.186000	21.288099
-0.185000	21.288099
-0.184000	23.459999
-0.183000	21.288099
-0.182000	21.288099
-0.181000	21.288099
-0.180000	19.116100
-0.179000	21.288099
-0.178000	19.116100
-0.177000	21.288099
-0.176000	21.288099
-0.175000	21.288099
-0.174000	19.116100
-0.173000	19.116100
-0.172000	19.116100
-0.171000	21.288099
-0.170000	23.459999
-0.169000	21.288099
-0.168000	19.116100
-0.167000	19.116100
-0.166000	19.116100
-0.165000	19.116100
-0.164000	19.116100
-0.163000	19.116100
-0.162000	21.288099
-0.161000	21.288099
-0.160000	21.288099
-0.159000	21.288099
-0.158000	19.116100
-0.157000	19.116100
-0.156000	19.116100
-0.155000	16.939699
-0.154000	19.116100
-0.153000	23.459999
-0.152000	19.116100
-0.151000	16.939699
-0.150000	21.288099
-0.149000	19.116100
-0.148000	21.288099
-0.147000	21.288099
-0.146000	21.288099
-0.145000	19.116100
-0.144000	21.288099
-0.143000	23.459999
-0.142000	19.116100
-0.141000	21.288099
-0.140000	21.288099
-0.139000	21.288099
-0.138000	19.116100
-0.137000	19.116100
-0.136000	23.459999
-0.135000	21.288099
-0.134000	21.288099
-0.133000	19.116100
-0.132000	19.116100
-0.131000	19.116100
-0.130000	19.116100
-0.129000	21.288099
-0.128000	16.939699
-0.127000	21.288099
-0.126000	21.288099
-0.125000	21.288099
-0.124000	21.288099
-0.123000	19.116100
-0.122000	21.288099
-0.121000	21.288099
-0.120000	23.459999
-0.119000	23.459999
-0.118000	21.288099
-0.117000	21.288099
-0.116000	21.288099
-0.115000	19.116100
-0.114000	21.288099
-0.113000	19.116100
-0.112000	16.939699
-0.111000	19.116100
-0.110000	19.116100
-0.109000	21.288099
-0.108000	19.116100
-0.107000	21.288099
-0.106000	21.288099
-0.105000	21.288099
-0.104000	21.288099
-0.103000	21.288099
-0.102000	19.116100
-0.101000	19.116100
-0.100000	21.288099
-0.099000	21.288099
-0.098000	21.288099
-0.097000	21.288099
-0.096000	21.288099
-0.095000	19.116100
-0.094000	21.288099
-0.093000	21.288099
-0.092000	19.116100
-0.091000	19.116100
-0.090000	19.116100
-0.089000	19.116100
-0.088000	19.116100
-0.087000	21.288099
-0.086000	16.939699
-0.085000	16.939699
-0.084000	21.288099
-0.083000	19.116100
-0.082000	21.288099
-0.081000	21.288099
-0.080000	19.116100
-0.079000	21.288099
-0.078000	21.288099
-0.077000	19.116100
-0.076000	16.939699
-0.075000	19.116100
-0.074000	19.116100
-0.073000	19.116100
-0.072000	21.288099
-0.071000	19.116100
-0.070000	21.288099
-0.069000	21.288099
-0.068000	21.288099
-0.067000	21.288099
-0.066000	19.116100
-0.065000	21.288099
-0.064000	21.288099
-0.063000	23.459999
-0.062000	19.116100
-0.061000	21.288099
-0.060000	23.459999
-0.059000	21.288099
-0.058000	19.116100
-0.057000	21.288099
-0.056000	19.116100
-0.055000	21.288099
-0.054000	21.288099
-0.053000	21.288099
-0.052000	21.288099
-0.051000	21.288099
-0.050000	23.459999
-0.049000	19.116100
-0.048000	19.116100
-0.047000	21.288099
-0.046000	19.116100
-0.045000	19.116100
-0.044000	21.288099
-0.043000	21.288099
-0.042000	23.459999
-0.041000	23.459999
-0.040000	21.288099
-0.039000	19.116100
-0.038000	19.116100
-0.037000	23.459999
-0.036000	19.116100
-0.035000	19.116100
-0.034000	16.939699
-0.033000	14.767700
-0.032000	6.075310
-0.031000	25.632000
-0.030000	27.808500
-0.029000	38.672798
-0.028000	21.288099
-0.027000	12.595700
-0.026000	23.459999
-0.025000	47.365200
-0.024000	49.537102
-0.023000	38.672798
-0.022000	29.980400
-0.021000	32.152401
-0.020000	25.632000
-0.019000	34.328800
-0.018000	29.980400
-0.017000	19.116100
-0.016000	19.116100
-0.015000	23.459999
-0.014000	32.152401
-0.013000	40.844799
-0.012000	43.021198
-0.011000	27.808500
-0.010000	29.980400
-0.009000	32.152401
-0.008000	38.672798
-0.007000	43.021198
-0.006000	36.500801
-0.005000	34.328800
-0.004000	25.632000
-0.003000	36.500801
-0.002000	43.021198
-0.001000	45.193199
0.000000	40.844799
0.001000	45.193199
0.002000	45.193199
0.003000	47.365200
0.004000	51.713600
0.005000	53.885502
0.006000	53.885502
0.007000	45.193199
0.008000	47.365200
0.009000	51.713600
0.010000	49.537102
0.011000	56.057499
0.012000	51.713600
0.013000	47.365200
0.014000	36.500801
0.015000	29.980400
0.016000	25.632000
0.017000	16.939699
0.018000	14.767700
0.019000	27.808500
0.020000	34.328800
0.021000	45.193199
0.022000	47.365200
0.023000	49.537102
0.024000	43.021198
0.025000	36.500801
0.026000	29.980400
0.027000	36.500801
0.028000	34.328800
0.029000	43.021198
0.030000	45.193199
0.031000	49.537102
0.032000	51.713600
0.033000	53.885502
0.034000	53.885502
0.035000	49.537102
0.036000	43.021198
0.037000	36.500801
0.038000	32.152401
0.039000	27.808500
0.040000	25.632000
0.041000	23.459999
0.042000	23.459999
0.043000	25.632000
0.044000	34.328800
0.045000	40.844799
0.046000	40.844799
0.047000	40.844799
0.048000	36.500801
0.049000	36.500801
0.050000	29.980400
0.051000	34.328800
0.052000	34.328800
0.053000	29.980400
0.054000	38.672798
0.055000	36.500801
0.056000	38.672798
0.057000	38.672798
0.058000	38.672798
0.059000	34.328800
0.060000	34.328800
0.061000	29.980400
0.062000	29.980400
0.063000	34.328800
0.064000	32.152401
0.065000	32.152401
0.066000	34.328800
0.067000	29.980400
0.068000	36.500801
0.069000	36.500801
0.070000	36.500801
0.071000	36.500801
0.072000	32.152401
0.073000	29.980400
0.074000	34.328800
0.075000	34.328800
0.076000	34.328800
0.077000	36.500801
0.078000	32.152401
0.079000	34.328800
0.080000	32.152401
0.081000	29.980400
0.082000	27.808500
0.083000	27.808500
0.084000	25.632000
0.085000	25.632000
0.086000	27.808500
0.087000	25.632000
0.088000	29.980400
0.089000	29.980400
0.090000	32.152401
0.091000	32.152401
0.092000	34.328800
0.093000	36.500801
0.094000	38.672798
0.095000	36.500801
0.096000	36.500801
0.097000	36.500801
0.098000	36.500801
0.099000	34.328800
0.100000	36.500801
0.101000	32.152401
0.102000	29.980400
0.103000	27.808500
0.104000	32.152401
0.105000	29.980400
0.106000	34.328800
0.107000	29.980400
0.108000	29.980400
0.109000	32.152401
0.110000	34.328800
0.111000	29.980400
0.112000	32.152401
0.113000	32.152401
0.114000	29.980400
0.115000	29.980400
0.116000	34.328800
0.117000	36.500801
0.118000	32.152401
0.119000	29.980400
0.120000	29.980400
0.121000	34.328800
0.122000	34.328800
0.123000	32.152401
0.124000	34.328800
0.125000	34.328800
0.126000	34.328800
0.127000	29.980400
0.128000	32.152401
0.129000	29.980400
0.130000	32.152401
0.131000	29.980400
0.132000	32.152401
0.133000	32.152401
0.134000	34.328800
0.135000	34.328800
0.136000	34.328800
0.137000	29.980400
0.138000	32.152401
0.139000	34.328800
0.140000	34.328800
0.141000	34.328800
0.142000	36.500801
0.143000	36.500801
0.144000	34.328800
0.145000	34.328800
0.146000	34.328800
0.147000	34.328800
0.148000	36.500801
0.149000	36.500801
0.150000	32.152401
0.151000	34.328800
0.152000	34.328800
0.153000	36.500801
0.154000	32.152401
0.155000	29.980400
0.156000	29.980400
0.157000	32.152401
0.158000	29.980400
0.159000	29.980400
0.160000	34.328800
0.161000	29.980400
0.162000	29.980400
0.163000	29.980400
0.164000	36.500801
0.165000	34.328800
0.166000	36.500801
0.167000	40.844799
0.168000	40.844799
0.169000	38.672798
0.170000	36.500801
0.171000	38.672798
0.172000	32.152401
0.173000	34.328800
0.174000	34.328800
0.175000	29.980400
0.176000	27.808500
0.177000	32.152401
0.178000	29.980400
0.179000	29.980400
0.180000	29.980400
0.181000	29.980400
0.182000	34.328800
0.183000	36.500801
0.184000	34.328800
0.185000	34.328800
0.186000	32.152401
0.187000	34.328800
0.188000	34.328800
0.189000	32.152401
0.190000	36.500801
0.191000	32.152401
0.192000	34.328800
0.193000	34.328800
0.194000	34.328800
0.195000	34.328800
0.196000	36.500801
0.197000	38.672798
0.198000	36.500801
0.199000	36.500801
0.200000	36.500801
0.201000	36.500801
0.202000	34.328800
0.203000	34.328800
0.204000	36.500801
0.205000	36.500801
0.206000	34.328800
0.207000	34.328800
0.208000	34.328800
0.209000	32.152401
0.210000	36.500801
0.211000	34.328800
0.212000	32.152401
0.213000	34.328800
0.214000	36.500801
0.215000	34.328800
0.216000	36.500801
0.217000	32.152401
0.218000	29.980400
0.219000	34.328800
0.220000	29.980400
0.221000	34.328800
0.222000	29.980400
0.223000	29.980400
0.224000	29.980400
0.225000	32.152401
0.226000	32.152401
0.227000	34.328800
0.228000	34.328800
0.229000	29.980400
0.230000	32.152401
0.231000	32.152401
0.232000	29.980400
0.233000	32.152401
0.234000	29.980400
0.235000	29.980400
0.236000	32.152401
0.237000	27.808500
0.238000	32.152401
0.239000	29.980400
0.240000	29.980400
0.241000	34.328800
0.242000	29.980400
0.243000	32.152401
0.244000	29.980400
0.245000	32.152401
0.246000	27.808500
0.247000	29.980400
0.248000	32.152401
0.249000	29.980400
0.250000	27.808500
0.251000	27.808500
0.252000	29.980400
0.253000	29.980400
0.254000	27.808500
0.255000	29.980400
0.256000	27.808500
0.257000	29.980400
0.258000	29.980400
0.259000	29.980400
0.260000	29.980400
0.261000	27.808500
0.262000	29.980400
0.263000	27.808500
0.264000	27.808500
0.265000	29.980400
0.266000	27.808500
0.267000	23.459999
0.268000	29.980400
0.269000	27.808500
0.270000	27.808500
0.271000	27.808500
0.272000	25.632000
0.273000	27.808500
0.274000	27.808500
0.275000	27.808500
0.276000	27.808500
0.277000	27.808500
0.278000	25.632000
0.279000	27.808500
0.280000	25.632000
0.281000	27.808500
0.282000	27.808500
0.283000	23.459999
0.284000	27.808500
0.285000	27.808500
0.286000	27.808500
0.287000	25.632000
0.288000	27.808500
0.289000	27.808500
0.290000	25.632000
0.291000	27.808500
0.292000	25.632000
0.293000	27.808500
0.294000	25.632000
0.295000	27.808500
0.296000	23.459999
0.297000	25.632000
0.298000	25.632000
0.299000	25.632000
0.300000	27.808500
0.301000	25.632000
0.302000	25.632000
0.303000	27.808500
0.304000	27.808500
0.305000	25.632000
0.306000	25.632000
0.307000	23.459999
0.308000	23.459999
0.309000	23.459999
0.310000	23.459999
0.311000	23.459999
0.312000	21.288099
0.313000	23.459999
0.314000	23.459999
0.315000	23.459999
0.316000	25.632000
0.317000	23.459999
0.318000	23.459999
0.319000	23.459999
0.320000	23.459999
0.321000	23.459999
0.322000	25.632000
0.323000	19.116100
0.324000	25.632000
0.325000	23.459999
0.326000	23.459999
0.327000	23.459999
0.328000	23.459999
0.329000	23.459999
0.330000	23.459999
0.331000	21.288099
0.332000	23.459999
0.333000	21.288099
0.334000	21.288099
0.335000	21.288099
0.336000	25.632000
0.337000	21.288099
0.338000	23.459999
0.339000	23.459999
0.340000	23.459999
0.341000	25.632000
0.342000	21.288099
0.343000	23.459999
0.344000	23.459999
0.345000	25.632000
0.346000	21.288099
0.347000	21.288099
0.348000	25.632000
0.349000	23.459999
0.350000	21.288099
0.351000	23.459999
0.352000	23.459999
0.353000	23.459999
0.354000	27.808500
0.355000	23.459999
0.356000	25.632000
0.357000	38.672798
0.358000	34.328800
0.359000	34.328800
0.360000	27.808500
0.361000	10.419300
0.362000	16.939699
0.363000	-2.617060
0.364000	19.116100
0.365000	12.595700
0.366000	16.939699
0.367000	12.595700
0.368000	-0.445078
0.369000	8.247290
0.370000	3.903330
0.371000	14.767700
0.372000	21.288099
0.373000	29.980400
0.374000	25.632000
0.375000	29.980400
0.376000	27.808500
0.377000	27.808500
0.378000	25.632000
0.379000	25.632000
0.380000	27.808500
0.381000	23.459999
0.382000	25.632000
0.383000	21.288099
0.384000	19.116100
0.385000	16.939699
0.386000	16.939699
0.387000	19.116100
0.388000	16.939699
0.389000	19.116100
0.390000	21.288099
0.391000	21.288099
0.392000	21.288099
0.393000	21.288099
0.394000	23.459999
0.395000	25.632000
0.396000	25.632000
0.397000	25.632000
0.398000	23.459999
0.399000	23.459999
0.400000	25.632000
0.401000	23.459999
0.402000	25.632000
0.403000	25.632000
0.404000	25.632000
0.405000	25.632000
0.406000	23.459999
0.407000	25.632000
0.408000	25.632000
0.409000	23.459999
0.410000	25.632000
0.411000	23.459999
0.412000	21.288099
0.413000	21.288099
0.414000	21.288099
0.415000	21.288099
0.416000	23.459999
0.417000	21.288099
0.418000	23.459999
0.419000	21.288099
0.420000	23.459999
0.421000	25.632000
0.422000	23.459999
0.423000	25.632000
0.424000	25.632000
0.425000	23.459999
0.426000	23.459999
0.427000	19.116100
0.428000	21.288099
0.429000	19.116100
0.430000	21.288099
0.431000	21.288099
0.432000	19.116100
0.433000	21.288099
0.434000	19.116100
0.435000	23.459999
0.436000	23.459999
0.437000	25.632000
0.438000	21.288099
0.439000	23.459999
0.440000	27.808500
0.441000	25.632000
0.442000	29.980400
0.443000	25.632000
0.444000	23.459999
0.445000	21.288099
0.446000	25.632000
0.447000	25.632000
0.448000	25.632000
0.449000	25.632000
0.450000	23.459999
0.451000	25.632000
0.452000	25.632000
0.453000	27.808500
0.454000	23.459999
0.455000	27.808500
0.456000	25.632000
0.457000	29.980400
0.458000	27.808500
0.459000	29.980400
0.460000	29.980400
0.461000	27.808500
0.462000	32.152401
0.463000	29.980400
0.464000	29.980400
0.465000	27.808500
0.466000	27.808500
0.467000	27.808500
0.468000	27.808500
0.469000	29.980400
0.470000	29.980400
0.471000	25.632000
0.472000	27.808500
0.473000	27.808500
0.474000	27.808500
0.475000	23.459999
0.476000	25.632000
0.477000	27.808500
0.478000	25.632000
0.479000	27.808500
0.480000	27.808500
0.481000	29.980400
0.482000	27.808500
0.483000	27.808500
0.484000	27.808500
0.485000	25.632000
0.486000	27.808500
0.487000	27.808500
0.488000	29.980400
0.489000	27.808500
0.490000	27.808500
0.491000	25.632000
0.492000	25.632000
0.493000	27.808500
0.494000	23.459999
0.495000	25.632000
0.496000	27.808500
0.497000	3.903330
0.498000	77.790703
0.499000	125.600998
0.500000	184.279999
0.501000	216.876999
0.502000	160.375000
0.503000	34.328800
0.504000	-80.852798
0.505000	-128.667007
0.506000	-189.514008
0.507000	-187.341995
0.508000	-226.460007
0.509000	-285.139008
0.510000	-267.753998
0.511000	-217.768005
0.512000	-128.667007
0.513000	-43.911400
0.514000	19.116100
0.515000	66.926300
0.516000	75.618698
0.517000	101.695999
0.518000	151.682007
0.519000	164.718994
0.520000	136.470001
0.521000	103.872002
0.522000	58.234001
0.523000	40.844799
0.524000	-30.870600
0.525000	-59.124100
0.526000	-72.160400
0.527000	-74.336899
0.528000	-85.201202
0.529000	-87.373199
0.530000	-85.201202
0.531000	-61.296101
0.532000	-30.870600
0.533000	-30.870600
0.534000	-2.617060
0.535000	-17.829800
0.536000	1.726900
0.537000	8.247290
0.538000	-13.485900
0.539000	3.903330
0.540000	-26.522200
0.541000	-20.006201
0.542000	-20.006201
0.543000	-17.829800
0.544000	-11.309400
0.545000	-33.042599
0.546000	-35.219002
0.547000	-48.255299
0.548000	-46.083302
0.549000	-46.083302
0.550000	-46.083302
0.551000	-52.603699
0.552000	-61.296101
0.553000	-61.296101
0.554000	-63.468102
0.555000	-61.296101
0.556000	-63.468102
0.557000	-52.603699
0.558000	-56.947701
0.559000	-48.255299
0.560000	-46.083302
0.561000	-39.563000
0.562000	-30.870600
0.563000	-24.350201
0.564000	-22.178200
0.565000	-33.042599
0.566000	-41.734901
0.567000	-41.734901
0.568000	-50.427299
0.569000	-56.947701
0.570000	-61.296101
0.571000	-69.988503
0.572000	-78.680801
0.573000	-91.721603
0.574000	-93.893600
0.575000	-96.065598
0.576000	-102.585999
0.577000	-102.585999
0.578000	-100.414001
0.579000	-91.721603
0.580000	-85.201202
0.581000	-83.029198
0.582000	-78.680801
0.583000	-76.508797
0.584000	-69.988503
0.585000	-61.296101
0.586000	-56.947701
0.587000	-50.427299
0.588000	-52.603699
0.589000	-52.603699
0.590000	-52.603699
0.591000	-54.775700
0.592000	-54.775700
0.593000	-50.427299
0.594000	-46.083302
0.595000	-48.255299
0.596000	-46.083302
0.597000	-46.083302
0.598000	-50.427299
0.599000	-54.775700
0.600000	-61.296101
0.601000	-63.468102
0.602000	-59.124100
0.603000	-59.124100
0.604000	-56.947701
0.605000	-59.124100
0.606000	-59.124100
0.607000	-54.775700
0.608000	-54.775700
0.609000	-52.603699
0.610000	-50.427299
0.611000	-46.083302
0.612000	-46.083302
0.613000	-50.427299
0.614000	-52.603699
0.615000	-59.124100
0.616000	-61.296101
0.617000	-63.468102
0.618000	-63.468102
0.619000	-63.468102
0.620000	-65.640099
0.621000	-61.296101
0.622000	-61.296101
0.623000	-63.468102
0.624000	-65.640099
0.625000	-63.468102
0.626000	-65.640099
0.627000	-63.468102
0.628000	-63.468102
0.629000	-61.296101
0.630000	-59.124100
0.631000	-61.296101
0.632000	-56.947701
0.633000	-59.124100
0.634000	-59.124100
0.635000	-56.947701
0.636000	-56.947701
0.637000	-56.947701
0.638000	-63.468102
0.639000	-59.124100
0.640000	-61.296101
0.641000	-61.296101
0.642000	-63.468102
0.643000	-65.640099
0.644000	-67.816498
0.645000	-61.296101
0.646000	-63.468102
0.647000	-61.296101
0.648000	-61.296101
0.649000	-56.947701
0.650000	-59.124100
0.651000	-50.427299
0.652000	-56.947701
0.653000	-48.255299
0.654000	-56.947701
0.655000	-52.603699
0.656000	-54.775700
0.657000	-54.775700
0.658000	-56.947701
0.659000	-56.947701
0.660000	-54.775700
0.661000	-61.296101
0.662000	-63.468102
0.663000	-61.296101
0.664000	-61.296101
0.665000	-63.468102
0.666000	-59.124100
0.667000	-67.816498
0.668000	-59.124100
0.669000	-63.468102
0.670000	-61.296101
0.671000	-59.124100
0.672000	-59.124100
0.673000	-59.124100
0.674000	-59.124100
0.675000	-59.124100
0.676000	-61.296101
0.677000	-61.296101
0.678000	-59.124100
0.679000	-61.296101
0.680000	-65.640099
0.681000	-63.468102
0.682000	-72.160400
0.683000	-67.816498
0.684000	-69.988503
0.685000	-72.160400
0.686000	-74.336899
0.687000	-76.508797
0.688000	-69.988503
0.689000	-74.336899
0.690000	-69.988503
0.691000	-76.508797
0.692000	-67.816498
0.693000	-72.160400
0.694000	-65.640099
0.695000	-74.336899
0.696000	-69.988503
0.697000	-69.988503
0.698000	-67.816498
0.699000	-67.816498
0.700000	-72.160400
0.701000	-65.640099
0.702000	-76.508797
0.703000	-72.160400
0.704000	-83.029198
0.705000	-74.336899
0.706000	-83.029198
0.707000	-74.336899
0.708000	-85.201202
0.709000	-78.680801
0.710000	-85.201202
0.711000	-83.029198
0.712000	-87.373199
0.713000	-80.852798
0.714000	-83.029198
0.715000	-80.852798
0.716000	-78.680801
0.717000	-80.852798
0.718000	-80.852798
0.719000	-83.029198
0.720000	-87.373199
0.721000	-91.721603
0.722000	-89.549599
0.723000	-93.893600
0.724000	-93.893600
0.725000	-100.414001
0.726000	-89.549599
0.727000	-102.585999
0.728000	-89.549599
0.729000	-100.414001
0.730000	-91.721603
0.731000	-109.106003
0.732000	-96.065598
0.733000	-115.626999
0.734000	-102.585999
0.735000	-119.971001
0.736000	-109.106003
0.737000	-111.278000
0.738000	-100.414001
0.739000	-104.762001
0.740000	-117.799004
0.741000	-122.147003
0.742000	-139.531998
0.743000	-143.880005
0.744000	-135.182999
0.745000	-133.011002
0.746000	-115.626999
0.747000	-115.626999
0.748000	-111.278000
0.749000	-115.626999
0.750000	-122.147003
0.751000	-124.319000
0.752000	-133.011002
0.753000	-133.011002
0.754000	-137.360001
0.755000	-137.360001
0.756000	-141.703995
0.757000	-139.531998
0.758000	-141.703995
0.759000	-139.531998
0.760000	-143.880005
0.761000	-143.880005
0.762000	-146.052002
0.763000	-139.531998
0.764000	-143.880005
0.765000	-143.880005
0.766000	-146.052002
0.767000	-148.223999
0.768000	-148.223999
0.769000	-150.395996
0.770000	-148.223999
0.771000	-143.880005
0.772000	-143.880005
0.773000	-137.360001
0.774000	-143.880005
0.775000	-139.531998
0.776000	-146.052002
0.777000	-143.880005
0.778000	-150.395996
0.779000	-150.395996
0.780000	-154.744995
0.781000	-148.223999
0.782000	-148.223999
0.783000	-150.395996
0.784000	-150.395996
0.785000	-152.572998
0.786000	-143.880005
0.787000	-148.223999
0.788000	-146.052002
0.789000	-146.052002
0.790000	-141.703995
0.791000	-139.531998
0.792000	-139.531998
0.793000	-137.360001
0.794000	-137.360001
0.795000	-143.880005
0.796000	-141.703995
0.797000	-146.052002
0.798000	-146.052002
0.799000	-146.052002
0.800000	-146.052002
0.801000	-146.052002
0.802000	-148.223999
0.803000	-143.880005
0.804000	-139.531998
0.805000	-139.531998
0.806000	-141.703995
0.807000	-146.052002
0.808000	-141.703995
0.809000	-139.531998
0.810000	-139.531998
0.811000	-137.360001
0.812000	-135.182999
0.813000	-135.182999
0.814000	-139.531998
0.815000	-137.360001
0.816000	-137.360001
0.817000	-139.531998
0.818000	-146.052002
0.819000	-141.703995
0.820000	-139.531998
0.821000	-139.531998
0.822000	-139.531998
0.823000	-139.531998
0.824000	-137.360001
0.825000	-135.182999
0.826000	-133.011002
0.827000	-135.182999
0.828000	-143.880005
0.829000	-143.880005
0.830000	-146.052002
0.831000	-141.703995
0.832000	-139.531998
0.833000	-137.360001
0.834000	-133.011002
0.835000	-135.182999
0.836000	-137.360001
0.837000	-137.360001
0.838000	-139.531998
0.839000	-139.531998
0.840000	-143.880005
0.841000	-137.360001
0.842000	-139.531998
0.843000	-139.531998
0.844000	-139.531998
0.845000	-139.531998
0.846000	-139.531998
0.847000	-139.531998
0.848000	-139.531998
0.849000	-139.531998
0.850000	-139.531998
0.851000	-137.360001
0.852000	-139.531998
0.853000	-137.360001
0.854000	-137.360001
0.855000	-139.531998
0.856000	-133.011002
0.857000	-137.360001
0.858000	-139.531998
0.859000	-137.360001
0.860000	-137.360001
0.861000	-143.880005
0.862000	-141.703995
0.863000	-141.703995
0.864000	-139.531998
0.865000	-139.531998
0.866000	-137.360001
0.867000	-137.360001
0.868000	-139.531998
0.869000	-135.182999
0.870000	-135.182999
0.871000	-135.182999
0.872000	-133.011002
0.873000	-135.182999
0.874000	-133.011002
0.875000	-128.667007
0.876000	-128.667007
0.877000	-130.839005
0.878000	-128.667007
0.879000	-130.839005
0.880000	-130.839005
0.881000	-128.667007
0.882000	-133.011002
0.883000	-130.839005
0.884000	-133.011002
0.885000	-133.011002
0.886000	-137.360001
0.887000	-130.839005
0.888000	-130.839005
0.889000	-133.011002
0.890000	-133.011002
0.891000	-135.182999
0.892000	-137.360001
0.893000	-130.839005
0.894000	-135.182999
0.895000	-130.839005
0.896000	-130.839005
0.897000	-128.667007
0.898000	-130.839005
0.899000	-133.011002
0.900000	-133.011002
0.901000	-135.182999
0.902000	-135.182999
0.903000	-135.182999
0.904000	-133.011002
0.905000	-137.360001
0.906000	-137.360001
0.907000	-135.182999
0.908000	-130.839005
0.909000	-133.011002
0.910000	-130.839005
0.911000	-130.839005
0.912000	-130.839005
0.913000	-133.011002
0.914000	-130.839005
0.915000	-133.011002
0.916000	-133.011002
0.917000	-133.011002
0.918000	-137.360001
0.919000	-135.182999
0.920000	-135.182999
0.921000	-135.182999
0.922000	-135.182999
0.923000	-137.360001
0.924000	-135.182999
0.925000	-139.531998
0.926000	-139.531998
0.927000	-139.531998
0.928000	-137.360001
0.929000	-139.531998
0.930000	-135.182999
0.931000	-137.360001
0.932000	-133.011002
0.933000	-133.011002
0.934000	-137.360001
0.935000	-137.360001
0.936000	-137.360001
0.937000	-137.360001
0.938000	-137.360001
0.939000	-139.531998
0.940000	-137.360001
0.941000	-137.360001
0.942000	-137.360001
0.943000	-137.360001
0.944000	-143.880005
0.945000	-139.531998
0.946000	-141.703995
0.947000	-143.880005
0.948000	-146.052002
0.949000	-141.703995
0.950000	-148.223999
0.951000	-143.880005
0.952000	-148.223999
0.953000	-141.703995
0.954000	-146.052002
0.955000	-146.052002
0.956000	-146.052002
0.957000	-146.052002
0.958000	-146.052002
0.959000	-143.880005
0.960000	-146.052002
0.961000	-150.395996
0.962000	-146.052002
0.963000	-146.052002
0.964000	-146.052002
0.965000	-148.223999
0.966000	-148.223999
0.967000	-152.572998
0.968000	-148.223999
0.969000	-148.223999
0.970000	-150.395996
0.971000	-152.572998
0.972000	-148.223999
0.973000	-148.223999
0.974000	-148.223999
0.975000	-146.052002
0.976000	-146.052002
0.977000	-150.395996
0.978000	-146.052002
0.979000	-141.703995
0.980000	-146.052002
0.981000	-143.880005
0.982000	-143.880005
0.983000	-148.223999
0.984000	-146.052002
0.985000	-148.223999
0.986000	-146.052002
0.987000	-148.223999
0.988000	-148.223999
0.989000	-152.572998
0.990000	-152.572998
0.991000	-150.395996
0.992000	-154.744995
0.993000	-150.395996
0.994000	-152.572998
0.995000	-152.572998
0.996000	-154.744995
0.997000	-156.917007
0.998000	-152.572998
0.999000	-154.744995
1.000000	-159.093002
1.001000	-156.917007
1.002000	-154.744995
1.003000	-159.093002
1.004000	-156.917007
1.005000	-159.093002
1.006000	-163.436996
1.007000	-161.264999
1.008000	-161.264999
1.009000	-163.436996
1.010000	-161.264999
1.011000	-167.785004
1.012000	-167.785004
1.013000	-169.957001
1.014000	-169.957001
1.015000	-172.128998
1.016000	-172.128998
1.017000	-172.128998
1.018000	-172.128998
1.019000	-174.306000
1.020000	-178.649994
1.021000	-178.649994
1.022000	-178.649994
1.023000	-178.649994
1.024000	-176.477997
1.025000	-180.822006
1.026000	-180.822006
1.027000	-180.822006
1.028000	-182.998001
1.029000	-182.998001
1.030000	-180.822006
1.031000	-182.998001
1.032000	-185.169998
1.033000	-187.341995
1.034000	-187.341995
1.035000	-185.169998
1.036000	-185.169998
1.037000	-187.341995
1.038000	-187.341995
1.039000	-187.341995
1.040000	-189.514008
1.041000	-187.341995
1.042000	-189.514008
1.043000	-191.690002
1.044000	-191.690002
1.045000	-189.514008
1.046000	-189.514008
1.047000	-193.862000
1.048000	-191.690002
1.049000	-193.862000
1.050000	-196.033997
1.051000	-196.033997
1.052000	-196.033997
1.053000	-196.033997
1.054000	-200.382996
1.055000	-198.210999
1.056000	-198.210999
1.057000	-193.862000
1.058000	-200.382996
1.059000	-198.210999
1.060000	-200.382996
1.061000	-198.210999
1.062000	-200.382996
1.063000	-200.382996
1.064000	-200.382996
1.065000	-202.554993
1.066000	-202.554993
1.067000	-202.554993
1.068000	-202.554993
1.069000	-204.727005
1.070000	-204.727005
1.071000	-202.554993
1.072000	-204.727005
1.073000	-206.903000
1.074000	-209.074997
1.075000	-206.903000
1.076000	-209.074997
1.077000	-209.074997
1.078000	-209.074997
1.079000	-206.903000
1.080000	-206.903000
1.081000	-209.074997
1.082000	-211.246994
1.083000	-209.074997
1.084000	-211.246994
1.085000	-213.423996
1.086000	-213.423996
1.087000	-213.423996
1.088000	-211.246994
1.089000	-213.423996
1.090000	-213.423996
1.091000	-213.423996
1.092000	-213.423996
1.093000	-213.423996
1.094000	-213.423996
1.095000	-215.595993
1.096000	-211.246994
1.097000	-213.423996
1.098000	-215.595993
1.099000	-213.423996
1.100000	-213.423996
1.101000	-213.423996
1.102000	-215.595993
1.103000	-211.246994
1.104000	-213.423996
1.105000	-213.423996
1.106000	-215.595993
1.107000	-213.423996
1.108000	-213.423996
1.109000	-211.246994
1.110000	-215.595993
1.111000	-211.246994
1.112000	-215.595993
1.113000	-211.246994
1.114000	-213.423996
1.115000	-215.595993
1.116000	-215.595993
1.117000	-215.595993
1.118000	-215.595993
1.119000	-215.595993
1.120000	-215.595993
1.121000	-215.595993
1.122000	-215.595993
1.123000	-217.768005
1.124000	-215.595993
1.125000	-217.768005
1.126000	-217.768005
1.127000	-217.768005
1.128000	-217.768005
1.129000	-219.940002
1.130000	-215.595993
1.131000	-215.595993
1.132000	-217.768005
1.133000	-217.768005
1.134000	-217.768005
1.135000	-217.768005
1.136000	-217.768005
1.137000	-215.595993
1.138000	-217.768005
1.139000	-217.768005
1.140000	-217.768005
1.141000	-217.768005
1.142000	-217.768005
1.143000	-213.423996
1.144000	-215.595993
1.145000	-217.768005
1.146000	-217.768005
1.147000	-215.595993
1.148000	-217.768005
1.149000	-217.768005
1.150000	-215.595993
1.151000	-219.940002
1.152000	-219.940002
1.153000	-215.595993
1.154000	-217.768005
1.155000	-222.115997
1.156000	-217.768005
1.157000	-217.768005
1.158000	-219.940002
1.159000	-217.768005
1.160000	-217.768005
1.161000	-217.768005
1.162000	-215.595993
1.163000	-217.768005
1.164000	-213.423996
1.165000	-217.768005
1.166000	-215.595993
1.167000	-213.423996
1.168000	-215.595993
1.169000	-215.595993
1.170000	-217.768005
1.171000	-217.768005
1.172000	-215.595993
1.173000	-215.595993
1.174000	-215.595993
1.175000	-215.595993
1.176000	-213.423996
1.177000	-215.595993
1.178000	-215.595993
1.179000	-217.768005
1.180000	-217.768005
1.181000	-217.768005
1.182000	-217.768005
1.183000	-215.595993
1.184000	-219.940002
1.185000	-217.768005
1.186000	-219.940002
1.187000	-217.768005
1.188000	-217.768005
1.189000	-215.595993
1.190000	-217.768005
1.191000	-215.595993
1.192000	-217.768005
1.193000	-215.595993
1.194000	-217.768005
1.195000	-217.768005
1.196000	-215.595993
1.197000	-215.595993
1.198000	-215.595993
1.199000	-217.768005
1.200000	-217.768005
1.201000	-217.768005
1.202000	-219.940002
1.203000	-217.768005
1.204000	-217.768005
1.205000	-215.595993
1.206000	-217.768005
1.207000	-217.768005
1.208000	-217.768005
1.209000	-219.940002
1.210000	-219.940002
1.211000	-219.940002
1.212000	-217.768005
1.213000	-219.940002
1.214000	-219.940002
1.215000	-222.115997
1.216000	-219.940002
1.217000	-222.115997
1.218000	-219.940002
1.219000	-222.115997
1.220000	-224.287994
1.221000	-224.287994
1.222000	-224.287994
1.223000	-224.287994
1.224000	-226.460007
1.225000	-224.287994
1.226000	-226.460007
1.227000	-226.460007
1.228000	-226.460007
1.229000	-228.636002
1.230000	-226.460007
1.231000	-224.287994
1.232000	-226.460007
1.233000	-228.636002
1.234000	-226.460007
1.235000	-230.807999
1.236000	-228.636002
1.237000	-228.636002
1.238000	-226.460007
1.239000	-230.807999
1.240000	-230.807999
1.241000	-230.807999
1.242000	-230.807999
1.243000	-232.979996
1.244000	-232.979996
1.245000	-235.151993
1.246000	-232.979996
1.247000	-235.151993
1.248000	-230.807999
1.249000	-235.151993
1.250000	-237.328995
1.251000	-235.151993
1.252000	-235.151993
1.253000	-235.151993
1.254000	-235.151993
1.255000	-235.151993
1.256000	-235.151993
1.257000	-235.151993
1.258000	-235.151993
1.259000	-237.328995
1.260000	-237.328995
1.261000	-239.501007
1.262000	-239.501007
1.263000	-237.328995
1.264000	-239.501007
1.265000	-241.673004
1.266000	-239.501007
1.267000	-243.848999
1.268000	-241.673004
1.269000	-241.673004
1.270000	-239.501007
1.271000	-241.673004
1.272000	-246.020996
1.273000	-243.848999
1.274000	-243.848999
1.275000	-241.673004
1.276000	-243.848999
1.277000	-248.192993
1.278000	-246.020996
1.279000	-248.192993
1.280000	-248.192993
1.281000	-246.020996
1.282000	-248.192993
1.283000	-250.365005
1.284000	-250.365005
1.285000	-250.365005
1.286000	-250.365005
1.287000	-252.542007
1.288000	-250.365005
1.289000	-252.542007
1.290000	-250.365005
1.291000	-250.365005
1.292000	-250.365005
1.293000	-254.712997
1.294000	-252.542007
1.295000	-252.542007
1.296000	-252.542007
1.297000	-254.712997
1.298000	-254.712997
1.299000	-252.542007
1.300000	-254.712997
1.301000	-254.712997
1.302000	-252.542007
1.303000	-254.712997
1.304000	-256.885010
1.305000	-256.885010
1.306000	-254.712997
1.307000	-256.885010
1.308000	-256.885010
1.309000	-256.885010
1.310000	-259.057007
1.311000	-256.885010
1.312000	-256.885010
1.313000	-256.885010
1.314000	-254.712997
1.315000	-259.057007
1.316000	-259.057007
1.317000	-254.712997
1.318000	-259.057007
1.319000	-254.712997
1.320000	-259.057007
1.321000	-259.057007
1.322000	-256.885010
1.323000	-259.057007
1.324000	-256.885010
1.325000	-259.057007
1.326000	-259.057007
1.327000	-261.234009
1.328000	-259.057007
1.329000	-261.234009
1.330000	-259.057007
1.331000	-259.057007
1.332000	-263.406006
1.333000	-261.234009
1.334000	-261.234009
1.335000	-263.406006
1.336000	-263.406006
1.337000	-263.406006
1.338000	-263.406006
1.339000	-265.578003
1.340000	-265.578003
1.341000	-261.234009
1.342000	-265.578003
1.343000	-265.578003
1.344000	-267.753998
1.345000	-267.753998
1.346000	-265.578003
1.347000	-269.925995
1.348000	-267.753998
1.349000	-267.753998
1.350000	-269.925995
1.351000	-269.925995
1.352000	-267.753998
1.353000	-269.925995
1.354000	-269.925995
1.355000	-269.925995
1.356000	-269.925995
1.357000	-267.753998
1.358000	-269.925995
1.359000	-267.753998
1.360000	-269.925995
1.361000	-267.753998
1.362000	-269.925995
1.363000	-267.753998
1.364000	-269.925995
1.365000	-269.925995
1.366000	-267.753998
1.367000	-269.925995
1.368000	-269.925995
1.369000	-269.925995
1.370000	-269.925995
1.371000	-269.925995
1.372000	-269.925995
1.373000	-267.753998
1.374000	-269.925995
1.375000	-269.925995
1.376000	-267.753998
1.377000	-267.753998
1.378000	-269.925995
1.379000	-265.578003
1.380000	-269.925995
1.381000	-267.753998
1.382000	-269.925995
1.383000	-267.753998
1.384000	-272.097992
1.385000	-269.925995
1.386000	-267.753998
1.387000	-274.269989
1.388000	-272.097992
1.389000	-269.925995
1.390000	-272.097992
1.391000	-272.097992
1.392000	-272.097992
1.393000	-272.097992
1.394000	-272.097992
1.395000	-274.269989
1.396000	-274.269989
1.397000	-274.269989
1.398000	-272.097992
1.399000	-274.269989
1.400000	-274.269989
1.401000	-272.097992
1.402000	-278.618988
1.403000	-274.269989
1.404000	-274.269989
1.405000	-274.269989
1.406000	-276.446991
1.407000	-276.446991
1.408000	-278.618988
1.409000	-276.446991
1.410000	-276.446991
1.411000	-274.269989
1.412000	-276.446991
1.413000	-276.446991
1.414000	-276.446991
1.415000	-276.446991
1.416000	-272.097992
1.417000	-272.097992
1.418000	-274.269989
1.419000	-274.269989
1.420000	-272.097992
1.421000	-276.446991
1.422000	-274.269989
1.423000	-278.618988
1.424000	-276.446991
1.425000	-276.446991
1.426000	-280.790985
1.427000	-278.618988
1.428000	-278.618988
1.429000	-274.269989
1.430000	-276.446991
1.431000	-278.618988
1.432000	-276.446991
1.433000	-274.269989
1.434000	-276.446991
1.435000	-274.269989
1.436000	-276.446991
1.437000	-278.618988
1.438000	-278.618988
1.439000	-278.618988
1.440000	-276.446991
1.441000	-276.446991
1.442000	-276.446991
1.443000	-276.446991
1.444000	-276.446991
1.445000	-278.618988
1.446000	-278.618988
1.447000	-278.618988
1.448000	-278.618988
1.449000	-278.618988
1.450000	-280.790985
1.451000	-280.790985
1.452000	-285.139008
1.453000	-282.967010
1.454000	-282.967010
1.455000	-278.618988
1.456000	-280.790985
1.457000	-282.967010
1.458000	-282.967010
1.459000	-282.967010
1.460000	-285.139008
1.461000	-285.139008
1.462000	-282.967010
1.463000	-282.967010
1.464000	-285.139008
1.465000	-282.967010
1.466000	-285.139008
1.467000	-287.311005
1.468000	-287.311005
1.469000	-287.311005
1.470000	-287.311005
1.471000	-285.139008
1.472000	-287.311005
1.473000	-287.311005
1.474000	-287.311005
1.475000	-285.139008
1.476000	-287.311005
1.477000	-289.483002
1.478000	-285.139008
1.479000	-285.139008
1.480000	-285.139008
1.481000	-287.311005
1.482000	-287.311005
1.483000	-287.311005
1.484000	-287.311005
1.485000	-285.139008
1.486000	-285.139008
1.487000	-287.311005
1.488000	-287.311005
1.489000	-287.311005
1.490000	-287.311005
1.491000	-285.139008
1.492000	-287.311005
1.493000	-287.311005
1.494000	-287.311005
1.495000	-287.311005
1.496000	-287.311005
1.497000	-287.311005
1.498000	-289.483002
1.499000	-287.311005
1.500000	-287.311005
1.501000	-285.139008
1.502000	-282.967010
1.503000	-287.311005
1.504000	-289.483002
1.505000	-289.483002
1.506000	-287.311005
1.507000	-291.658997
1.508000	-289.483002
1.509000	-287.311005
1.510000	-289.483002
1.511000	-287.311005
1.512000	-291.658997
1.513000	-289.483002
1.514000	-289.483002
1.515000	-289.483002
1.516000	-289.483002
1.517000	-289.483002
1.518000	-291.658997
1.519000	-291.658997
1.520000	-289.483002
1.521000	-293.830994
1.522000	-293.830994
1.523000	-291.658997
1.524000	-289.483002
1.525000	-291.658997
1.526000	-291.658997
1.527000	-291.658997
1.528000	-293.830994
1.529000	-291.658997
1.530000	-291.658997
1.531000	-291.658997
1.532000	-293.830994
1.533000	-293.830994
1.534000	-293.830994
1.535000	-291.658997
1.536000	-293.830994
1.537000	-291.658997
1.538000	-293.830994
1.539000	-291.658997
1.540000	-293.830994
1.541000	-291.658997
1.542000	-293.830994
1.543000	-293.830994
1.544000	-293.830994
1.545000	-291.658997
1.546000	-291.658997
1.547000	-293.830994
1.548000	-293.830994
1.549000	-293.830994
1.550000	-296.002991
1.551000	-293.830994
1.552000	-298.179993
1.553000	-296.002991
1.554000	-293.830994
1.555000	-293.830994
1.556000	-296.002991
1.557000	-296.002991
1.558000	-293.830994
1.559000	-293.830994
1.560000	-298.179993
1.561000	-293.830994
1.562000	-293.830994
1.563000	-296.002991
1.564000	-296.002991
1.565000	-298.179993
1.566000	-300.351990
1.567000	-296.002991
1.568000	-298.179993
1.569000	-296.002991
1.570000	-296.002991
1.571000	-300.351990
1.572000	-300.351990
1.573000	-298.179993
1.574000	-300.351990
1.575000	-296.002991
1.576000	-298.179993
1.577000	-296.002991
1.578000	-298.179993
1.579000	-298.179993
1.580000	-300.351990
1.581000	-300.351990
1.582000	-300.351990
1.583000	-300.351990
1.584000	-300.351990
1.585000	-300.351990
1.586000	-302.523987
1.587000	-298.179993
1.588000	-302.523987
1.589000	-300.351990
1.590000	-300.351990
1.591000	-300.351990
1.592000	-300.351990
1.593000	-302.523987
1.594000	-300.351990
1.595000	-300.351990
1.596000	-296.002991
1.597000	-298.179993
1.598000	-302.523987
1.599000	-302.523987
1.600000	-302.523987
1.601000	-300.351990
1.602000	-304.696014
1.603000	-300.351990
1.604000	-300.351990
1.605000	-302.523987
1.606000	-300.351990
1.607000	-300.351990
1.608000	-300.351990
1.609000	-300.351990
1.610000	-300.351990
1.611000	-302.523987
1.612000	-302.523987
1.613000	-300.351990
1.614000	-300.351990
1.615000	-302.523987
1.616000	-302.523987
1.617000	-302.523987
1.618000	-302.523987
1.619000	-304.696014
1.620000	-302.523987
1.621000	-304.696014
1.622000	-302.523987
1.623000	-304.696014
1.624000	-306.872009
1.625000	-304.696014
1.626000	-304.696014
1.627000	-309.044006
1.628000	-304.696014
1.629000	-302.523987
1.630000	-306.872009
1.631000	-304.696014
1.632000	-304.696014
1.633000	-304.696014
1.634000	-306.872009
1.635000	-302.523987
1.636000	-306.872009
1.637000	-309.044006
1.638000	-304.696014
1.639000	-306.872009
1.640000	-306.872009
1.641000	-306.872009
1.642000	-306.872009
1.643000	-309.044006
1.644000	-306.872009
1.645000	-304.696014
1.646000	-309.044006
1.647000	-306.872009
1.648000	-309.044006
1.649000	-304.696014
1.650000	-309.044006
1.651000	-309.044006
1.652000	-309.044006
1.653000	-309.044006
1.654000	-309.044006
1.655000	-309.044006
1.656000	-311.216003
1.657000	-309.044006
1.658000	-311.216003
1.659000	-311.216003
1.660000	-311.216003
1.661000	-313.393005
1.662000	-311.216003
1.663000	-311.216003
1.664000	-313.393005
1.665000	-311.216003
1.666000	-313.393005
1.667000	-311.216003
1.668000	-313.393005
1.669000	-309.044006
1.670000	-311.216003
1.671000	-311.216003
1.672000	-311.216003
1.673000	-313.393005
1.674000	-313.393005
1.675000	-313.393005
1.676000	-313.393005
1.677000	-311.216003
1.678000	-313.393005
1.679000	-311.216003
1.680000	-313.393005
1.681000	-313.393005
1.682000	-313.393005
1.683000	-313.393005
1.684000	-315.563995
1.685000	-315.563995
1.686000	-315.563995
1.687000	-315.563995
1.688000	-313.393005
1.689000	-313.393005
1.690000	-317.735992
1.691000	-315.563995
1.692000	-317.735992
1.693000	-317.735992
1.694000	-317.735992
1.695000	-315.563995
1.696000	-317.735992
1.697000	-315.563995
1.698000	-315.563995
1.699000	-315.563995
1.700000	-317.735992
1.701000	-317.735992
1.702000	-315.563995
1.703000	-319.907990
1.704000	-317.735992
1.705000	-315.563995
1.706000	-319.907990
1.707000	-315.563995
1.708000	-317.735992
1.709000	-317.735992
1.710000	-319.907990
1.711000	-317.735992
1.712000	-317.735992
1.713000	-319.907990
1.714000	-317.735992
1.715000	-315.563995
1.716000	-319.907990
1.717000	-315.563995
1.718000	-315.563995
1.719000	-317.735992
1.720000	-315.563995
1.721000	-317.735992
1.722000	-315.563995
1.723000	-317.735992
1.724000	-322.084991
1.725000	-319.907990
1.726000	-319.907990
1.727000	-319.907990
1.728000	-319.907990
1.729000	-317.735992
1.730000	-319.907990
1.731000	-319.907990
1.732000	-319.907990
1.733000	-317.735992
1.734000	-319.907990
1.735000	-317.735992
1.736000	-319.907990
1.737000	-317.735992
1.738000	-317.735992
1.739000	-322.084991
1.740000	-326.428986
1.741000	-319.907990
1.742000	-322.084991
1.743000	-322.084991
1.744000	-322.084991
1.745000	-322.084991
1.746000	-324.256989
1.747000	-326.428986
1.748000	-322.084991
1.749000	-322.084991
1.750000	-324.256989
1.751000	-324.256989
1.752000	-322.084991
1.753000	-322.084991
1.754000	-322.084991
1.755000	-322.084991
1.756000	-324.256989
1.757000	-324.256989
1.758000	-322.084991
1.759000	-322.084991
1.760000	-324.256989
1.761000	-324.256989
1.762000	-322.084991
1.763000	-324.256989
1.764000	-322.084991
1.765000	-322.084991
1.766000	-324.256989
1.767000	-322.084991
1.768000	-322.084991
1.769000	-322.084991
1.770000	-324.256989
1.771000	-322.084991
1.772000	-326.428986
1.773000	-324.256989
1.774000	-326.428986
1.775000	-324.256989
1.776000	-324.256989
1.777000	-326.428986
1.778000	-326.428986
1.779000	-326.428986
1.780000	-326.428986
1.781000	-326.428986
1.782000	-326.428986
1.783000	-330.777008
1.784000	-326.428986
1.785000	-326.428986
1.786000	-326.428986
1.787000	-326.428986
1.788000	-326.428986
1.789000	-330.777008
1.790000	-328.601013
1.791000	-328.601013
1.792000	-326.428986
1.793000	-330.777008
1.794000	-326.428986
1.795000	-328.601013
1.796000	-328.601013
1.797000	-328.601013
1.798000	-328.601013
1.799000	-326.428986
1.800000	-328.601013
1.801000	-328.601013
1.802000	-328.601013
1.803000	-328.601013
1.804000	-326.428986
1.805000	-328.601013
1.806000	-330.777008
1.807000	-328.601013
1.808000	-328.601013
1.809000	-328.601013
1.810000	-328.601013
1.811000	-330.777008
1.812000	-328.601013
1.813000	-326.428986
1.814000	-328.601013
1.815000	-328.601013
1.816000	-328.601013
1.817000	-330.777008
1.818000	-332.949005
1.819000	-330.777008
1.820000	-328.601013
1.821000	-330.777008
1.822000	-330.777008
1.823000	-328.601013
1.824000	-330.777008
1.825000	-328.601013
1.826000	-330.777008
1.827000	-328.601013
1.828000	-330.777008
1.829000	-330.777008
1.830000	-326.428986
1.831000	-330.777008
1.832000	-332.949005
1.833000	-330.777008
1.834000	-328.601013
1.835000	-330.777008
1.836000	-330.777008
1.837000	-328.601013
1.838000	-330.777008
1.839000	-330.777008
1.840000	-332.949005
1.841000	-330.777008
1.842000	-330.777008
1.843000	-330.777008
1.844000	-330.777008
1.845000	-330.777008
1.846000	-330.777008
1.847000	-332.949005
1.848000	-335.121002
1.849000	-332.949005
1.850000	-330.777008
1.851000	-330.777008
1.852000	-335.121002
1.853000	-330.777008
1.854000	-335.121002
1.855000	-332.949005
1.856000	-332.949005
1.857000	-330.777008
1.858000	-332.949005
1.859000	-330.777008
1.860000	-332.949005
1.861000	-332.949005
1.862000	-332.949005
1.863000	-332.949005
1.864000	-332.949005
1.865000	-332.949005
1.866000	-332.949005
1.867000	-335.121002
1.868000	-335.121002
1.869000	-332.949005
1.870000	-332.949005
1.871000	-332.949005
1.872000	-332.949005
1.873000	-332.949005
1.874000	-330.777008
1.875000	-332.949005
1.876000	-332.949005
1.877000	-332.949005
1.878000	-332.949005
1.879000	-332.949005
1.880000	-328.601013
1.881000	-332.949005
1.882000	-330.777008
1.883000	-332.949005
1.884000	-330.777008
1.885000	-330.777008
1.886000	-330.777008
1.887000	-330.777008
1.888000	-330.777008
1.889000	-330.777008
1.890000	-330.777008
1.891000	-330.777008
1.892000	-328.601013
1.893000	-328.601013
1.894000	-326.428986
1.895000	-322.084991
1.896000	-319.907990
1.897000	-317.735992
1.898000	-324.256989
1.899000	-324.256989
1.900000	-322.084991
1.901000	-324.256989
1.902000	-322.084991
1.903000	-322.084991
1.904000	-319.907990
1.905000	-317.735992
1.906000	-315.563995
1.907000	-313.393005
1.908000	-311.216003
1.909000	-311.216003
1.910000	-311.216003
1.911000	-309.044006
1.912000	-304.696014
1.913000	-304.696014
1.914000	-298.179993
1.915000	-293.830994
1.916000	-291.658997
1.917000	-282.967010
1.918000	-278.618988
1.919000	-272.097992
1.920000	-263.406006
1.921000	-261.234009
1.922000	-259.057007
1.923000	-259.057007
1.924000	-254.712997
1.925000	-254.712997
1.926000	-243.848999
1.927000	-239.501007
1.928000	-232.979996
1.929000	-222.115997
1.930000	-228.636002
1.931000	-222.115997
1.932000	-226.460007
1.933000	-232.979996
1.934000	-241.673004
1.935000	-250.365005
1.936000	-254.712997
1.937000	-254.712997
1.938000	-256.885010
1.939000	-254.712997
1.940000	-248.192993
1.941000	-265.578003
1.942000	-232.979996
1.943000	-206.903000
1.944000	-213.423996
1.945000	-209.074997
1.946000	-189.514008
1.947000	-191.690002
1.948000	-222.115997
1.949000	-243.848999
1.950000	-226.460007
1.951000	-224.287994
1.952000	-198.210999
1.953000	-206.903000
1.954000	-215.595993
1.955000	-202.554993
1.956000	-198.210999
1.957000	-191.690002
1.958000	-180.822006
1.959000	-189.514008
1.960000	-189.514008
1.961000	-176.477997
1.962000	-161.264999
1.963000	-146.052002
1.964000	-148.223999
1.965000	-128.667007
1.966000	-117.799004
1.967000	-102.585999
1.968000	-104.762001
1.969000	-113.455002
1.970000	-124.319000
1.971000	-133.011002
1.972000	-137.360001
1.973000	-148.223999
1.974000	-146.052002
1.975000	-146.052002
1.976000	-135.182999
1.977000	-135.182999
1.978000	-137.360001
1.979000	-137.360001
1.980000	-130.839005
1.981000	-122.147003
1.982000	-117.799004
1.983000	-115.626999
1.984000	-115.626999
1.985000	-113.455002
1.986000	-113.455002
1.987000	-124.319000
1.988000	-126.490997
1.989000	-130.839005
1.990000	-126.490997
1.991000	-119.971001
1.992000	-119.971001
1.993000	-119.971001
1.994000	-122.147003
1.995000	-122.147003
1.996000	-117.799004
1.997000	-111.278000
1.998000	-104.762001
1.999000	-111.278000
2.000000	-111.278000
2.001000	-113.455002
2.002000	-122.147003
2.003000	-126.490997
2.004000	-135.182999
2.005000	-135.182999
2.006000	-135.182999
2.007000	-139.531998
2.008000	-133.011002
2.009000	-135.182999
2.010000	-137.360001
2.011000	-135.182999
2.012000	-124.319000
2.013000	-122.147003
2.014000	-117.799004
2.015000	-122.147003
2.016000	-115.626999
2.017000	-109.106003
2.018000	-85.201202
2.019000	-93.893600
2.020000	-72.160400
2.021000	-87.373199
2.022000	-65.640099
2.023000	-65.640099
2.024000	-46.083302
2.025000	-46.083302
2.026000	-35.219002
2.027000	-33.042599
2.028000	-24.350201
2.029000	-43.911400
2.030000	-28.698601
2.031000	-37.390999
2.032000	-22.178200
2.033000	-26.522200
2.034000	-33.042599
2.035000	-28.698601
2.036000	-35.219002
2.037000	-15.657800
2.038000	-24.350201
2.039000	-6.965470
2.040000	-17.829800
2.041000	-15.657800
2.042000	-17.829800
2.043000	-9.137440
2.044000	-13.485900
2.045000	-13.485900
2.046000	-17.829800
2.047000	-0.445078
2.048000	6.075310
2.049000	-2.617060
2.050000	6.075310
2.051000	16.939699
2.052000	12.595700
2.053000	25.632000
2.054000	21.288099
2.055000	16.939699
2.056000	-0.445078
2.057000	-2.617060
2.058000	-20.006201
2.059000	-9.137440
2.060000	-24.350201
2.061000	-9.137440
2.062000	-15.657800
2.063000	1.726900
2.064000	-6.965470
2.065000	1.726900
2.066000	-11.309400
2.067000	-13.485900
2.068000	-30.870600
2.069000	-30.870600
2.070000	-22.178200
2.071000	10.419300
2.072000	51.713600
2.073000	64.749901
2.074000	88.659500
2.075000	43.021198
2.076000	3.903330
2.077000	-33.042599
2.078000	-59.124100
2.079000	-52.603699
2.080000	-15.657800
2.081000	-0.445078
2.082000	10.419300
2.083000	19.116100
2.084000	-0.445078
2.085000	-17.829800
2.086000	-2.617060
2.087000	10.419300
2.088000	45.193199
2.089000	56.057499
2.090000	47.365200
2.091000	29.980400
2.092000	29.980400
2.093000	19.116100
2.094000	3.903330
2.095000	-13.485900
2.096000	-33.042599
2.097000	-39.563000
2.098000	-33.042599
2.099000	-24.350201
2.100000	1.726900
2.101000	14.767700
2.102000	6.075310
2.103000	6.075310
2.104000	8.247290
2.105000	19.116100
2.106000	32.152401
2.107000	36.500801
2.108000	14.767700
2.109000	-4.793490
2.110000	1.726900
2.111000	-2.617060
2.112000	1.726900
2.113000	-11.309400
2.114000	-15.657800
2.115000	-24.350201
2.116000	-22.178200
2.117000	-22.178200
2.118000	-6.965470
2.119000	1.726900
2.120000	8.247290
2.121000	19.116100
2.122000	21.288099
2.123000	36.500801
2.124000	23.459999
2.125000	3.903330
2.126000	-6.965470
2.127000	-17.829800
2.128000	-22.178200
2.129000	-11.309400
2.130000	-0.445078
2.131000	-6.965470
2.132000	-4.793490
2.133000	-13.485900
2.134000	-4.793490
2.135000	-4.793490
2.136000	8.247290
2.137000	12.595700
2.138000	23.459999
2.139000	21.288099
2.140000	19.116100
2.141000	14.767700
2.142000	3.903330
2.143000	-6.965470
2.144000	-13.485900
2.145000	-11.309400
2.146000	-6.965470
2.147000	3.903330
2.148000	8.247290
2.149000	6.075310
2.150000	8.247290
2.151000	10.419300
2.152000	19.116100
2.153000	21.288099
2.154000	16.939699
2.155000	12.595700
2.156000	-0.445078
2.157000	12.595700
2.158000	12.595700
2.159000	12.595700
2.160000	8.247290
2.161000	-2.617060
2.162000	-0.445078
2.163000	-0.445078
2.164000	-9.137440
2.165000	1.726900
2.166000	-4.793490
2.167000	1.726900
2.168000	8.247290
2.169000	3.903330
2.170000	8.247290
2.171000	10.419300
2.172000	6.075310
2.173000	3.903330
2.174000	-6.965470
2.175000	-4.793490
2.176000	-4.793490
2.177000	-2.617060
2.178000	1.726900
2.179000	-6.965470
2.180000	-4.793490
2.181000	-2.617060
2.182000	-6.965470
2.183000	3.903330
2.184000	8.247290
2.185000	-0.445078
2.186000	3.903330
2.187000	-2.617060
2.188000	3.903330
2.189000	1.726900
2.190000	-2.617060
2.191000	1.726900
2.192000	-2.617060
2.193000	1.726900
2.194000	3.903330
2.195000	6.075310
2.196000	3.903330
2.197000	6.075310
2.198000	10.419300
2.199000	10.419300
2.200000	12.595700
2.201000	12.595700
2.202000	10.419300
2.203000	10.419300
2.204000	14.767700
2.205000	10.419300
2.206000	8.247290
2.207000	8.247290
2.208000	6.075310
2.209000	-0.445078
2.210000	-4.793490
2.211000	-0.445078
2.212000	-2.617060
2.213000	1.726900
2.214000	8.247290
2.215000	6.075310
2.216000	8.247290
2.217000	10.419300
2.218000	16.939699
2.219000	16.939699
2.220000	10.419300
2.221000	6.075310
2.222000	-0.445078
2.223000	1.726900
2.224000	1.726900
2.225000	-2.617060
2.226000	-2.617060
2.227000	-2.617060
2.228000	-0.445078
2.229000	1.726900
2.230000	3.903330
2.231000	6.075310
2.232000	1.726900
2.233000	1.726900
2.234000	-4.793490
2.235000	-2.617060
2.236000	-2.617060
2.237000	3.903330
2.238000	6.075310
2.239000	6.075310
2.240000	3.903330
2.241000	-0.445078
2.242000	-0.445078
2.243000	6.075310
2.244000	6.075310
2.245000	1.726900
2.246000	1.726900
2.247000	8.247290
2.248000	6.075310
2.249000	8.247290
2.250000	6.075310
2.251000	1.726900
2.252000	-2.617060
2.253000	-2.617060
2.254000	-0.445078
2.255000	-0.445078
2.256000	-0.445078
2.257000	-0.445078
2.258000	1.726900
2.259000	3.903330
2.260000	3.903330
2.261000	3.903330
2.262000	1.726900
2.263000	3.903330
2.264000	8.247290
2.265000	10.419300
2.266000	12.595700
2.267000	10.419300
2.268000	6.075310
2.269000	3.903330
2.270000	6.075310
2.271000	6.075310
2.272000	1.726900
2.273000	-2.617060
2.274000	1.726900
2.275000	1.726900
2.276000	8.247290
2.277000	10.419300
2.278000	10.419300
2.279000	6.075310
2.280000	1.726900
2.281000	-0.445078
2.282000	-0.445078
2.283000	6.075310
2.284000	6.075310
2.285000	1.726900
2.286000	-4.793490
2.287000	-0.445078
2.288000	-0.445078
2.289000	1.726900
2.290000	-2.617060
2.291000	1.726900
2.292000	3.903330
2.293000	3.903330
2.294000	8.247290
2.295000	10.419300
2.296000	1.726900
2.297000	1.726900
2.298000	-0.445078
2.299000	-4.793490
2.300000	-2.617060
2.301000	-2.617060
2.302000	1.726900
2.303000	6.075310
2.304000	10.419300
2.305000	6.075310
2.306000	6.075310
2.307000	3.903330
2.308000	3.903330
2.309000	3.903330
2.310000	3.903330
2.311000	3.903330
2.312000	6.075310
2.313000	10.419300
2.314000	6.075310
2.315000	8.247290
2.316000	1.726900
2.317000	1.726900
2.318000	-2.617060
2.319000	-2.617060
2.320000	1.726900
2.321000	1.726900
2.322000	6.075310
2.323000	6.075310
2.324000	6.075310
2.325000	10.419300
2.326000	3.903330
2.327000	6.075310
2.328000	8.247290
2.329000	10.419300
2.330000	8.247290
2.331000	10.419300
2.332000	8.247290
2.333000	8.247290
2.334000	8.247290
2.335000	3.903330
2.336000	-2.617060
2.337000	1.726900
2.338000	6.075310
2.339000	6.075310
2.340000	3.903330
2.341000	6.075310
2.342000	6.075310
2.343000	8.247290
2.344000	8.247290
2.345000	3.903330
2.346000	6.075310
2.347000	3.903330
2.348000	3.903330
2.349000	-0.445078
2.350000	-0.445078
2.351000	1.726900
2.352000	1.726900
2.353000	1.726900
2.354000	-0.445078
2.355000	6.075310
2.356000	6.075310
2.357000	6.075310
2.358000	3.903330
2.359000	3.903330
2.360000	3.903330
2.361000	1.726900
2.362000	3.903330
2.363000	3.903330
2.364000	1.726900
2.365000	1.726900
2.366000	1.726900
2.367000	1.726900
2.368000	1.726900
2.369000	-0.445078
2.370000	1.726900
2.371000	1.726900
2.372000	1.726900
2.373000	6.075310
2.374000	6.075310
2.375000	6.075310
2.376000	8.247290
2.377000	6.075310
2.378000	6.075310
2.379000	6.075310
2.380000	6.075310
2.381000	3.903330
2.382000	3.903330
2.383000	3.903330
2.384000	1.726900
2.385000	1.726900
2.386000	6.075310
2.387000	6.075310
2.388000	6.075310
2.389000	6.075310
2.390000	8.247290
2.391000	3.903330
2.392000	3.903330
2.393000	3.903330
2.394000	-0.445078
2.395000	3.903330
2.396000	6.075310
2.397000	3.903330
2.398000	1.726900
2.399000	6.075310
2.400000	1.726900
2.401000	3.903330
2.402000	3.903330
2.403000	1.726900
2.404000	1.726900
2.405000	3.903330
2.406000	6.075310
2.407000	6.075310
2.408000	3.903330
2.409000	3.903330
2.410000	6.075310
2.411000	1.726900
2.412000	6.075310
2.413000	3.903330
2.414000	3.903330
2.415000	6.075310
2.416000	6.075310
2.417000	3.903330
2.418000	1.726900
2.419000	6.075310
2.420000	3.903330
2.421000	1.726900
2.422000	3.903330
2.423000	1.726900
2.424000	3.903330
2.425000	-0.445078
2.426000	1.726900
2.427000	-0.445078
2.428000	1.726900
2.429000	1.726900
2.430000	-2.617060
2.431000	1.726900
2.432000	-2.617060
2.433000	1.726900
2.434000	3.903330
2.435000	3.903330
2.436000	6.075310
2.437000	-0.445078
2.438000	1.726900
2.439000	3.903330
2.440000	3.903330
2.441000	6.075310
2.442000	3.903330
2.443000	1.726900
2.444000	1.726900
2.445000	1.726900
2.446000	1.726900
2.447000	1.726900
2.448000	3.903330
2.449000	3.903330
2.450000	3.903330
2.451000	6.075310
2.452000	6.075310
2.453000	3.903330
2.454000	3.903330
2.455000	1.726900
2.456000	1.726900
2.457000	3.903330
2.458000	3.903330
2.459000	3.903330
2.460000	6.075310
2.461000	6.075310
2.462000	8.247290
2.463000	6.075310
2.464000	6.075310
2.465000	6.075310
2.466000	6.075310
2.467000	6.075310
2.468000	6.075310
2.469000	6.075310
2.470000	8.247290
2.471000	6.075310
2.472000	8.247290
2.473000	6.075310
2.474000	8.247290
2.475000	6.075310
2.476000	6.075310
2.477000	3.903330
2.478000	3.903330
2.479000	1.726900
2.480000	6.075310
2.481000	3.903330
2.482000	3.903330
2.483000	3.903330
2.484000	3.903330
2.485000	3.903330
2.486000	1.726900
2.487000	-4.793490
2.488000	1.726900
2.489000	-2.617060
2.490000	1.726900
2.491000	-0.445078
2.492000	3.903330
2.493000	-0.445078
2.494000	1.726900
2.495000	1.726900
2.496000	3.903330
2.497000	3.903330
2.498000	1.726900
2.499000	1.726900
2.500000	1.726900
2.501000	6.075310
2.502000	3.903330
2.503000	3.903330
2.504000	1.726900
2.505000	3.903330
2.506000	3.903330
2.507000	3.903330
2.508000	1.726900
2.509000	3.903330
2.510000	6.075310
2.511000	1.726900
2.512000	6.075310
2.513000	3.903330
2.514000	6.075310
2.515000	6.075310
2.516000	3.903330
2.517000	3.903330
2.518000	1.726900
2.519000	3.903330
2.520000	3.903330
2.521000	6.075310
2.522000	3.903330
2.523000	3.903330
2.524000	6.075310
2.525000	6.075310
2.526000	8.247290
2.527000	8.247290
2.528000	6.075310
2.529000	6.075310
2.530000	6.075310
2.531000	3.903330
2.532000	3.903330
2.533000	3.903330
2.534000	6.075310
2.535000	6.075310
2.536000	6.075310
2.537000	1.726900
2.538000	-0.445078
2.539000	3.903330
2.540000	1.726900
2.541000	1.726900
2.542000	3.903330
2.543000	3.903330
2.544000	3.903330
2.545000	1.726900
2.546000	3.903330
2.547000	3.903330
2.548000	3.903330
2.549000	1.726900
2.550000	1.726900
2.551000	-0.445078
2.552000	1.726900
2.553000	1.726900
2.554000	-2.617060
2.555000	-0.445078
2.556000	-0.445078
2.557000	-0.445078
2.558000	-0.445078
2.559000	1.726900
2.560000	1.726900
2.561000	-0.445078
2.562000	-0.445078
2.563000	3.903330
2.564000	-0.445078
2.565000	-0.445078
2.566000	3.903330
2.567000	1.726900
2.568000	1.726900
2.569000	3.903330
2.570000	3.903330
2.571000	-0.445078
2.572000	3.903330
2.573000	3.903330
2.574000	1.726900
2.575000	3.903330
2.576000	3.903330
2.577000	3.903330
2.578000	6.075310
2.579000	6.075310
2.580000	3.903330
2.581000	6.075310
2.582000	8.247290
2.583000	8.247290
2.584000	3.903330
2.585000	8.247290
2.586000	3.903330
2.587000	3.903330
2.588000	6.075310
2.589000	6.075310
2.590000	3.903330
2.591000	6.075310
2.592000	6.075310
2.593000	1.726900
2.594000	8.247290
2.595000	8.247290
2.596000	6.075310
2.597000	6.075310
2.598000	3.903330
2.599000	1.726900
2.600000	1.726900
2.601000	1.726900
2.602000	6.075310
2.603000	6.075310
2.604000	3.903330
2.605000	3.903330
2.606000	3.903330
2.607000	1.726900
2.608000	1.726900
2.609000	3.903330
2.610000	3.903330
2.611000	3.903330
2.612000	3.903330
2.613000	1.726900
2.614000	3.903330
2.615000	3.903330
2.616000	1.726900
2.617000	3.903330
2.618000	1.726900
2.619000	1.726900
2.620000	3.903330
2.621000	1.726900
2.622000	-0.445078
2.623000	3.903330
2.624000	3.903330
2.625000	3.903330
2.626000	3.903330
2.627000	3.903330
2.628000	1.726900
2.629000	3.903330
2.630000	6.075310
2.631000	1.726900
2.632000	1.726900
2.633000	3.903330
2.634000	3.903330
2.635000	3.903330
2.636000	3.903330
2.637000	3.903330
2.638000	1.726900
2.639000	1.726900
2.640000	1.726900
2.641000	1.726900
2.642000	3.903330
2.643000	3.903330
2.644000	6.075310
2.645000	3.903330
2.646000	3.903330
2.647000	3.903330
2.648000	3.903330
2.649000	3.903330
2.650000	3.903330
2.651000	1.726900
2.652000	6.075310
2.653000	6.075310
2.654000	6.075310
2.655000	6.075310
2.656000	3.903330
2.657000	3.903330
2.658000	8.247290
2.659000	8.247290
2.660000	6.075310
2.661000	3.903330
2.662000	1.726900
2.663000	1.726900
2.664000	1.726900
2.665000	3.903330
2.666000	6.075310
2.667000	1.726900
2.668000	3.903330
2.669000	6.075310
2.670000	3.903330
2.671000	3.903330
2.672000	6.075310
2.673000	3.903330
2.674000	3.903330
2.675000	1.726900
2.676000	3.903330
2.677000	1.726900
2.678000	-0.445078
2.679000	1.726900
2.680000	1.726900
2.681000	1.726900
2.682000	-0.445078
2.683000	1.726900
2.684000	-0.445078
2.685000	1.726900
2.686000	3.903330
2.687000	-0.445078
2.688000	1.726900
2.689000	1.726900
2.690000	1.726900
2.691000	1.726900
2.692000	3.903330
2.693000	1.726900
2.694000	1.726900
2.695000	6.075310
2.696000	3.903330
2.697000	3.903330
2.698000	6.075310
2.699000	3.903330
2.700000	8.247290
2.701000	1.726900
2.702000	3.903330
2.703000	3.903330
2.704000	3.903330
2.705000	3.903330
2.706000	6.075310
2.707000	6.075310
2.708000	6.075310
2.709000	6.075310
2.710000	8.247290
2.711000	6.075310
2.712000	6.075310
2.713000	6.075310
2.714000	6.075310
2.715000	3.903330
2.716000	3.903330
2.717000	3.903330
2.718000	3.903330
2.719000	3.903330
2.720000	3.903330
2.721000	6.075310
2.722000	3.903330
2.723000	3.903330
2.724000	-0.445078
2.725000	3.903330
2.726000	3.903330
2.727000	3.903330
2.728000	1.726900
2.729000	3.903330
2.730000	3.903330
2.731000	1.726900
2.732000	3.903330
2.733000	3.903330
2.734000	1.726900
2.735000	1.726900
2.736000	1.726900
2.737000	1.726900
2.738000	1.726900
2.739000	1.726900
2.740000	-0.445078
2.741000	1.726900
2.742000	1.726900
2.743000	-0.445078
2.744000	3.903330
2.745000	3.903330
2.746000	3.903330
2.747000	1.726900
2.748000	1.726900
2.749000	3.903330
2.750000	3.903330
2.751000	6.075310
2.752000	1.726900
2.753000	1.726900
2.754000	6.075310
2.755000	1.726900
2.756000	1.726900
2.757000	3.903330
2.758000	1.726900
2.759000	1.726900
2.760000	3.903330
2.761000	3.903330
2.762000	3.903330
2.763000	6.075310
2.764000	6.075310
2.765000	3.903330
2.766000	3.903330
2.767000	3.903330
2.768000	1.726900
2.769000	3.903330
2.770000	3.903330
2.771000	6.075310
2.772000	3.903330
2.773000	6.075310
2.774000	3.903330
2.775000	3.903330
2.776000	1.726900
2.777000	1.726900
2.778000	3.903330
2.779000	3.903330
2.780000	3.903330
2.781000	3.903330
2.782000	3.903330
2.783000	3.903330
2.784000	3.903330
2.785000	3.903330
2.786000	3.903330
2.787000	1.726900
2.788000	1.726900
2.789000	-0.445078
2.790000	1.726900
2.791000	-0.445078
2.792000	1.726900
2.793000	1.726900
2.794000	1.726900
2.795000	1.726900
2.796000	3.903330
2.797000	3.903330
2.798000	3.903330
2.799000	-0.445078
2.800000	1.726900
2.801000	-0.445078
2.802000	1.726900
2.803000	1.726900
2.804000	3.903330
2.805000	1.726900
2.806000	1.726900
2.807000	1.726900
2.808000	1.726900
2.809000	1.726900
2.810000	6.075310
2.811000	3.903330
2.812000	3.903330
2.813000	8.247290
2.814000	6.075310
2.815000	6.075310
2.816000	6.075310
2.817000	3.903330
2.818000	3.903330
2.819000	3.903330
2.820000	3.903330
2.821000	3.903330
2.822000	6.075310
2.823000	8.247290
2.824000	6.075310
2.825000	6.075310
2.826000	6.075310
2.827000	6.075310
2.828000	3.903330
2.829000	8.247290
2.830000	3.903330
2.831000	6.075310
2.832000	3.903330
2.833000	6.075310
2.834000	3.903330
2.835000	6.075310
2.836000	3.903330
2.837000	3.903330
2.838000	3.903330
2.839000	3.903330
2.840000	3.903330
2.841000	3.903330
2.842000	3.903330
2.843000	1.726900
2.844000	1.726900
2.845000	3.903330
2.846000	3.903330
2.847000	3.903330
2.848000	3.903330
2.849000	1.726900
2.850000	1.726900
2.851000	3.903330
2.852000	3.903330
2.853000	1.726900
2.854000	3.903330
2.855000	1.726900
2.856000	1.726900
2.857000	6.075310
2.858000	1.726900
2.859000	1.726900
2.860000	3.903330
2.861000	3.903330
2.862000	3.903330
2.863000	3.903330
2.864000	6.075310
2.865000	3.903330
2.866000	3.903330
2.867000	-0.445078
2.868000	3.903330
2.869000	3.903330
2.870000	3.903330
2.871000	1.726900
2.872000	1.726900
2.873000	-0.445078
2.874000	1.726900
2.875000	3.903330
2.876000	3.903330
2.877000	3.903330
2.878000	3.903330
2.879000	1.726900
2.880000	3.903330
2.881000	3.903330
2.882000	1.726900
2.883000	3.903330
2.884000	1.726900
2.885000	3.903330
2.886000	3.903330
2.887000	3.903330
2.888000	3.903330
2.889000	3.903330
2.890000	6.075310
2.891000	3.903330
2.892000	6.075310
2.893000	3.903330
2.894000	3.903330
2.895000	3.903330
2.896000	6.075310
2.897000	3.903330
2.898000	1.726900
2.899000	3.903330
2.900000	3.903330
2.901000	3.903330
2.902000	3.903330
2.903000	1.726900
2.904000	1.726900
2.905000	1.726900
2.906000	3.903330
2.907000	3.903330
2.908000	1.726900
2.909000	3.903330
2.910000	3.903330
2.911000	6.075310
2.912000	1.726900
2.913000	3.903330
2.914000	1.726900
2.915000	3.903330
2.916000	1.726900
2.917000	1.726900
2.918000	-0.445078
2.919000	3.903330
2.920000	1.726900
2.921000	1.726900
2.922000	3.903330
2.923000	1.726900
2.924000	1.726900
2.925000	3.903330
2.926000	1.726900
2.927000	3.903330
2.928000	1.726900
2.929000	1.726900
2.930000	3.903330
2.931000	3.903330
2.932000	6.075310
2.933000	3.903330
2.934000	3.903330
2.935000	8.247290
2.936000	6.075310
2.937000	1.726900
2.938000	3.903330
2.939000	3.903330
2.940000	3.903330
2.941000	3.903330
2.942000	3.903330
2.943000	1.726900
2.944000	1.726900
2.945000	6.075310
2.946000	3.903330
2.947000	1.726900
2.948000	3.903330
2.949000	3.903330
2.950000	3.903330
2.951000	3.903330
2.952000	1.726900
2.953000	1.726900
2.954000	1.726900
2.955000	-0.445078
2.956000	3.903330
2.957000	3.903330
2.958000	3.903330
2.959000	1.726900
2.960000	1.726900
2.961000	1.726900
2.962000	3.903330
2.963000	1.726900
2.964000	6.075310
2.965000	1.726900
2.966000	3.903330
2.967000	1.726900
2.968000	3.903330
2.969000	3.903330
2.970000	6.075310
2.971000	3.903330
2.972000	3.903330
2.973000	6.075310
2.974000	1.726900
2.975000	3.903330
2.976000	-0.445078
2.977000	-0.445078
2.978000	1.726900
2.979000	3.903330
2.980000	6.075310
2.981000	3.903330
2.982000	6.075310
2.983000	1.726900
2.984000	6.075310
2.985000	3.903330
2.986000	6.075310
2.987000	1.726900
2.988000	6.075310
2.989000	6.075310
2.990000	6.075310
2.991000	8.247290
2.992000	8.247290
2.993000	6.075310
2.994000	6.075310
2.995000	6.075310
2.996000	3.903330
2.997000	3.903330
2.998000	3.903330
2.999000	3.903330
3.000000	1.726900
3.001000	1.726900
3.002000	3.903330
3.003000	6.075310
3.004000	6.075310
3.005000	3.903330
3.006000	3.903330
3.007000	6.075310
3.008000	3.903330
3.009000	3.903330
3.010000	6.075310
3.011000	3.903330
3.012000	3.903330
3.013000	8.247290
3.014000	6.075310
3.015000	1.726900
3.016000	3.903330
3.017000	1.726900
3.018000	1.726900
3.019000	3.903330
3.020000	3.903330
3.021000	6.075310
3.022000	3.903330
3.023000	1.726900
3.024000	1.726900
3.025000	3.903330
3.026000	3.903330
3.027000	3.903330
3.028000	8.247290
3.029000	3.903330
3.030000	3.903330
3.031000	3.903330
3.032000	1.726900
3.033000	3.903330
3.034000	3.903330
3.035000	3.903330
3.036000	1.726900
3.037000	3.903330
3.038000	1.726900
3.039000	3.903330
3.040000	1.726900
3.041000	1.726900
3.042000	3.903330
3.043000	1.726900
3.044000	3.903330
3.045000	6.075310
3.046000	6.075310
3.047000	3.903330
3.048000	1.726900
3.049000	3.903330
3.050000	6.075310
3.051000	3.903330
3.052000	8.247290
3.053000	3.903330
3.054000	6.075310
3.055000	3.903330
3.056000	6.075310
3.057000	1.726900
3.058000	3.903330
3.059000	3.903330
3.060000	1.726900
3.061000	6.075310
3.062000	3.903330
3.063000	6.075310
3.064000	1.726900
3.065000	6.075310
3.066000	1.726900
3.067000	1.726900
3.068000	3.903330
3.069000	3.903330
3.070000	3.903330
3.071000	1.726900
3.072000	3.903330
3.073000	1.726900
3.074000	1.726900
3.075000	1.726900
3.076000	3.903330
3.077000	1.726900
3.078000	3.903330
3.079000	3.903330
3.080000	-0.445078
3.081000	1.726900
3.082000	3.903330
3.083000	3.903330
3.084000	1.726900
3.085000	1.726900
3.086000	3.903330
3.087000	1.726900
3.088000	1.726900
3.089000	1.726900
3.090000	1.726900
3.091000	1.726900
3.092000	3.903330
3.093000	1.726900
3.094000	6.075310
3.095000	3.903330
3.096000	3.903330
3.097000	6.075310
3.098000	6.075310
3.099000	3.903330
3.100000	3.903330
3.101000	1.726900
3.102000	6.075310
3.103000	6.075310
3.104000	3.903330
3.105000	6.075310
3.106000	6.075310
3.107000	6.075310
3.108000	6.075310
3.109000	6.075310
3.110000	3.903330
3.111000	3.903330
3.112000	3.903330
3.113000	3.903330
3.114000	1.726900
3.115000	3.903330
3.116000	3.903330
3.117000	3.903330
3.118000	1.726900
3.119000	6.075310
3.120000	6.075310
3.121000	1.726900
3.122000	3.903330
3.123000	3.903330
3.124000	1.726900
3.125000	6.075310
3.126000	3.903330
3.127000	1.726900
3.128000	3.903330
3.129000	1.726900
3.130000	3.903330
3.131000	3.903330
3.132000	1.726900
3.133000	3.903330
3.134000	-0.445078
3.135000	3.903330
3.136000	3.903330
3.137000	-0.445078
3.138000	3.903330
3.139000	1.726900
3.140000	3.903330
3.141000	3.903330
3.142000	1.726900
3.143000	3.903330
3.144000	3.903330
3.145000	3.903330
3.146000	3.903330
3.147000	1.726900
3.148000	3.903330
3.149000	6.075310
3.150000	6.075310
3.151000	1.726900
3.152000	6.075310
3.153000	6.075310
3.154000	6.075310
3.155000	3.903330
3.156000	3.903330
3.157000	3.903330
3.158000	3.903330
3.159000	8.247290
3.160000	6.075310
3.161000	6.075310
3.162000	3.903330
3.163000	1.726900
3.164000	6.075310
3.165000	6.075310
3.166000	6.075310
3.167000	3.903330
3.168000	6.075310
3.169000	3.903330
3.170000	3.903330
3.171000	3.903330
3.172000	6.075310
3.173000	6.075310
3.174000	3.903330
3.175000	3.903330
3.176000	1.726900
3.177000	1.726900
3.178000	3.903330
3.179000	1.726900
3.180000	3.903330
3.181000	1.726900
3.182000	3.903330
3.183000	6.075310
3.184000	3.903330
3.185000	3.903330
3.186000	1.726900
3.187000	1.726900
3.188000	1.726900
3.189000	3.903330
3.190000	1.726900
3.191000	1.726900
3.192000	6.075310
3.193000	1.726900
3.194000	1.726900
3.195000	1.726900
3.196000	1.726900
3.197000	3.903330
3.198000	1.726900
3.199000	1.726900
3.200000	6.075310
3.201000	1.726900
3.202000	1.726900
3.203000	6.075310
3.204000	3.903330
3.205000	6.075310
3.206000	6.075310
3.207000	3.903330
3.208000	6.075310
3.209000	3.903330
3.210000	1.726900
3.211000	6.075310
3.212000	3.903330
3.213000	3.903330
3.214000	3.903330
3.215000	3.903330
3.216000	6.075310
3.217000	3.903330
3.218000	3.903330
3.219000	6.075310
3.220000	3.903330
3.221000	3.903330
3.222000	3.903330
3.223000	6.075310
3.224000	6.075310
3.225000	3.903330
3.226000	-0.445078
3.227000	1.726900
3.228000	3.903330
3.229000	3.903330
3.230000	6.075310
3.231000	3.903330
3.232000	1.726900
3.233000	1.726900
3.234000	1.726900
3.235000	3.903330
3.236000	6.075310
3.237000	6.075310
3.238000	3.903330
3.239000	3.903330
3.240000	3.903330
3.241000	1.726900
3.242000	1.726900
3.243000	3.903330
3.244000	3.903330
3.245000	3.903330
3.246000	1.726900
3.247000	1.726900
3.248000	1.726900
3.249000	1.726900
3.250000	1.726900
3.251000	3.903330
3.252000	3.903330
3.253000	1.726900
3.254000	3.903330
3.255000	1.726900
3.256000	3.903330
3.257000	3.903330
3.258000	3.903330
3.259000	3.903330
3.260000	6.075310
3.261000	3.903330
3.262000	3.903330
3.263000	1.726900
3.264000	1.726900
3.265000	3.903330
3.266000	6.075310
3.267000	1.726900
3.268000	6.075310
3.269000	3.903330
3.270000	6.075310
3.271000	3.903330
3.272000	6.075310
3.273000	3.903330
3.274000	6.075310
3.275000	1.726900
3.276000	6.075310
3.277000	3.903330
3.278000	3.903330
3.279000	8.247290
3.280000	3.903330
3.281000	1.726900
3.282000	1.726900
3.283000	3.903330
3.284000	6.075310
3.285000	3.903330
3.286000	3.903330
3.287000	3.903330
3.288000	6.075310
3.289000	1.726900
3.290000	3.903330
3.291000	3.903330
3.292000	1.726900
3.293000	3.903330
3.294000	3.903330
3.295000	3.903330
3.296000	6.075310
3.297000	3.903330
3.298000	1.726900
3.299000	3.903330
3.300000	1.726900
3.301000	3.903330
3.302000	6.075310
3.303000	6.075310
3.304000	6.075310
3.305000	1.726900
3.306000	-0.445078
3.307000	3.903330
3.308000	3.903330
3.309000	3.903330
3.310000	1.726900
3.311000	3.903330
3.312000	1.726900
3.313000	8.247290
3.314000	3.903330
3.315000	3.903330
3.316000	6.075310
3.317000	3.903330
3.318000	3.903330
3.319000	6.075310
3.320000	1.726900
3.321000	6.075310
3.322000	3.903330
3.323000	3.903330
3.324000	1.726900
3.325000	1.726900
3.326000	3.903330
3.327000	3.903330
3.328000	1.726900
3.329000	3.903330
3.330000	3.903330
3.331000	3.903330
3.332000	3.903330
3.333000	6.075310
3.334000	3.903330
3.335000	6.075310
3.336000	3.903330
3.337000	3.903330
3.338000	1.726900
3.339000	3.903330
3.340000	8.247290
3.341000	3.903330
3.342000	6.075310
3.343000	3.903330
3.344000	1.726900
3.345000	1.726900
3.346000	3.903330
3.347000	6.075310
3.348000	6.075310
3.349000	3.903330
3.350000	6.075310
3.351000	1.726900
3.352000	3.903330
3.353000	3.903330
3.354000	3.903330
3.355000	3.903330
3.356000	3.903330
3.357000	3.903330
3.358000	3.903330
3.359000	3.903330
3.360000	6.075310
3.361000	3.903330
3.362000	3.903330
3.363000	1.726900
3.364000	6.075310
3.365000	3.903330
3.366000	3.903330
3.367000	3.903330
3.368000	3.903330
3.369000	1.726900
3.370000	6.075310
3.371000	3.903330
3.372000	1.726900
3.373000	3.903330
3.374000	3.903330
3.375000	3.903330
3.376000	3.903330
3.377000	3.903330
3.378000	1.726900
3.379000	1.726900
3.380000	6.075310
3.381000	6.075310
3.382000	3.903330
3.383000	1.726900
3.384000	6.075310
3.385000	3.903330
3.386000	3.903330
3.387000	3.903330
3.388000	3.903330
3.389000	3.903330
3.390000	3.903330
3.391000	3.903330
3.392000	1.726900
3.393000	1.726900
3.394000	1.726900
3.395000	6.075310
3.396000	6.075310
3.397000	3.903330
3.398000	3.903330
3.399000	1.726900
3.400000	1.726900
3.401000	1.726900
3.402000	1.726900
3.403000	3.903330
3.404000	1.726900
3.405000	6.075310
3.406000	-0.445078
3.407000	3.903330
3.408000	3.903330
3.409000	1.726900
3.410000	1.726900
3.411000	1.726900
3.412000	1.726900
3.413000	3.903330
3.414000	3.903330
3.415000	6.075310
3.416000	3.903330
3.417000	1.726900
3.418000	3.903330
3.419000	6.075310
3.420000	1.726900
3.421000	3.903330
3.422000	3.903330
3.423000	3.903330
3.424000	6.075310
3.425000	1.726900
3.426000	3.903330
3.427000	1.726900
3.428000	6.075310
3.429000	3.903330
3.430000	3.903330
3.431000	3.903330
3.432000	1.726900
3.433000	3.903330
3.434000	3.903330
3.435000	6.075310
3.436000	6.075310
3.437000	1.726900
3.438000	3.903330
3.439000	-0.445078
3.440000	1.726900
3.441000	1.726900
3.442000	1.726900
3.443000	3.903330
3.444000	3.903330
3.445000	6.075310
3.446000	1.726900
3.447000	3.903330
3.448000	3.903330
3.449000	3.903330
3.450000	3.903330
3.451000	3.903330
3.452000	1.726900
3.453000	3.903330
3.454000	3.903330
3.455000	1.726900
3.456000	3.903330
3.457000	1.726900
3.458000	6.075310
3.459000	3.903330
3.460000	3.903330
3.461000	1.726900
3.462000	3.903330
3.463000	1.726900
3.464000	1.726900
3.465000	3.903330
3.466000	3.903330
3.467000	1.726900
3.468000	1.726900
3.469000	3.903330
3.470000	1.726900
3.471000	1.726900
3.472000	1.726900
3.473000	1.726900
3.474000	1.726900
3.475000	8.247290
3.476000	3.903330
3.477000	3.903330
3.478000	6.075310
3.479000	3.903330
3.480000	1.726900
3.481000	6.075310
3.482000	3.903330
3.483000	3.903330
3.484000	3.903330
3.485000	1.726900
3.486000	6.075310
3.487000	1.726900
3.488000	3.903330
3.489000	3.903330
3.490000	6.075310
3.491000	3.903330
3.492000	3.903330
3.493000	3.903330
3.494000	3.903330
3.495000	3.903330
3.496000	3.903330
3.497000	3.903330
3.498000	3.903330
3.499000	1.726900
3.500000	3.903330
3.501000	-0.445078
3.502000	3.903330
3.503000	3.903330
3.504000	3.903330
3.505000	3.903330
3.506000	3.903330
3.507000	1.726900
3.508000	6.075310
3.509000	3.903330
3.510000	1.726900
3.511000	6.075310
3.512000	-0.445078
3.513000	1.726900
3.514000	3.903330
3.515000	3.903330
3.516000	3.903330
3.517000	1.726900
3.518000	3.903330
3.519000	3.903330
3.520000	3.903330
3.521000	3.903330
3.522000	1.726900
3.523000	6.075310
3.524000	3.903330
3.525000	1.726900
3.526000	3.903330
3.527000	3.903330
3.528000	6.075310
3.529000	6.075310
3.530000	6.075310
3.531000	3.903330
3.532000	3.903330
3.533000	6.075310
3.534000	3.903330
3.535000	3.903330
3.536000	3.903330
3.537000	3.903330
3.538000	3.903330
3.539000	3.903330
3.540000	3.903330
3.541000	3.903330
3.542000	6.075310
3.543000	3.903330
3.544000	3.903330
3.545000	3.903330
3.546000	3.903330
3.547000	3.903330
3.548000	3.903330
3.549000	6.075310
3.550000	3.903330
3.551000	3.903330
3.552000	3.903330
3.553000	1.726900
3.554000	3.903330
3.555000	3.903330
3.556000	6.075310
3.557000	3.903330
3.558000	1.726900
3.559000	3.903330
3.560000	6.075310
3.561000	3.903330
3.562000	3.903330
3.563000	1.726900
3.564000	3.903330
3.565000	-0.445078
3.566000	-0.445078
3.567000	3.903330
3.568000	3.903330
3.569000	1.726900
3.570000	1.726900
3.571000	1.726900
3.572000	3.903330
3.573000	3.903330
3.574000	1.726900
3.575000	-0.445078
3.576000	1.726900
3.577000	1.726900
3.578000	3.903330
3.579000	1.726900
3.580000	3.903330
3.581000	3.903330
3.582000	6.075310
3.583000	3.903330
3.584000	6.075310
3.585000	3.903330
3.586000	3.903330
3.587000	3.903330
3.588000	6.075310
3.589000	1.726900
3.590000	3.903330
3.591000	3.903330
3.592000	3.903330
3.593000	8.247290
3.594000	3.903330
3.595000	3.903330
3.596000	6.075310
3.597000	3.903330
3.598000	6.075310
3.599000	3.903330
3.600000	3.903330
3.601000	6.075310
3.602000	3.903330
3.603000	6.075310
3.604000	6.075310
3.605000	3.903330
3.606000	6.075310
3.607000	3.903330
3.608000	6.075310
3.609000	3.903330
3.610000	1.726900
3.611000	6.075310
3.612000	6.075310
3.613000	1.726900
3.614000	3.903330
3.615000	1.726900
3.616000	3.903330
3.617000	1.726900
3.618000	1.726900
3.619000	3.903330
3.620000	3.903330
3.621000	3.903330
3.622000	3.903330
3.623000	1.726900
3.624000	6.075310
3.625000	3.903330
3.626000	3.903330
3.627000	6.075310
3.628000	8.247290
3.629000	3.903330
3.630000	3.903330
3.631000	6.075310
3.632000	1.726900
3.633000	6.075310
3.634000	3.903330
3.635000	6.075310
3.636000	6.075310
3.637000	3.903330
3.638000	3.903330
3.639000	3.903330
3.640000	3.903330
3.641000	3.903330
3.642000	6.075310
3.643000	3.903330
3.644000	3.903330
3.645000	3.903330
3.646000	6.075310
3.647000	3.903330
3.648000	6.075310
3.649000	3.903330
3.650000	6.075310
3.651000	6.075310
3.652000	6.075310
3.653000	6.075310
3.654000	3.903330
3.655000	6.075310
3.656000	3.903330
3.657000	1.726900
3.658000	3.903330
3.659000	3.903330
3.660000	6.075310
3.661000	6.075310
3.662000	1.726900
3.663000	3.903330
3.664000	3.903330
3.665000	3.903330
3.666000	1.726900
3.667000	1.726900
3.668000	3.903330
3.669000	3.903330
3.670000	1.726900
3.671000	1.726900
3.672000	3.903330
3.673000	3.903330
3.674000	1.726900
3.675000	3.903330
3.676000	3.903330
3.677000	3.903330
3.678000	3.903330
3.679000	1.726900
3.680000	1.726900
3.681000	1.726900
3.682000	3.903330
3.683000	3.903330
3.684000	3.903330
3.685000	3.903330
3.686000	1.726900
3.687000	1.726900
3.688000	3.903330
3.689000	3.903330
3.690000	1.726900
3.691000	3.903330
3.692000	3.903330
3.693000	3.903330
3.694000	6.075310
3.695000	6.075310
3.696000	1.726900
3.697000	8.247290
3.698000	1.726900
3.699000	1.726900
3.700000	1.726900
3.701000	6.075310
3.702000	3.903330
3.703000	3.903330
3.704000	8.247290
3.705000	3.903330
3.706000	3.903330
3.707000	3.903330
3.708000	3.903330
3.709000	3.903330
3.710000	3.903330
3.711000	1.726900
3.712000	3.903330
3.713000	3.903330
3.714000	8.247290
3.715000	6.075310
3.716000	3.903330
3.717000	3.903330
3.718000	3.903330
3.719000	3.903330
3.720000	1.726900
3.721000	1.726900
3.722000	3.903330
3.723000	3.903330
3.724000	1.726900
3.725000	3.903330
3.726000	1.726900
3.727000	1.726900
3.728000	6.075310
3.729000	1.726900
3.730000	3.903330
3.731000	1.726900
3.732000	3.903330
3.733000	1.726900
3.734000	3.903330
3.735000	3.903330
3.736000	3.903330
3.737000	1.726900
3.738000	3.903330
3.739000	3.903330
3.740000	3.903330
3.741000	6.075310
3.742000	6.075310
3.743000	1.726900
3.744000	3.903330
3.745000	3.903330
3.746000	3.903330
3.747000	3.903330
3.748000	6.075310
3.749000	6.075310
3.750000	3.903330
3.751000	6.075310
3.752000	3.903330
3.753000	1.726900
3.754000	1.726900
3.755000	8.247290
3.756000	6.075310
3.757000	3.903330
3.758000	3.903330
3.759000	3.903330
3.760000	3.903330
3.761000	8.247290
3.762000	3.903330
3.763000	3.903330
3.764000	6.075310
3.765000	3.903330
3.766000	8.247290
3.767000	3.903330
3.768000	1.726900
3.769000	3.903330
3.770000	1.726900
3.771000	3.903330
3.772000	8.247290
3.773000	6.075310
3.774000	6.075310
3.775000	3.903330
3.776000	1.726900
3.777000	3.903330
3.778000	3.903330
3.779000	3.903330
3.780000	6.075310
3.781000	3.903330
3.782000	3.903330
3.783000	3.903330
3.784000	1.726900
3.785000	3.903330
3.786000	1.726900
3.787000	1.726900
3.788000	3.903330
3.789000	1.726900
3.790000	6.075310
3.791000	1.726900
3.792000	1.726900
3.793000	1.726900
3.794000	1.726900
3.795000	3.903330
3.796000	3.903330
3.797000	1.726900
3.798000	3.903330
3.799000	3.903330
3.800000	1.726900
3.801000	3.903330
3.802000	3.903330
3.803000	6.075310
3.804000	3.903330
3.805000	3.903330
3.806000	3.903330
3.807000	6.075310
3.808000	6.075310
3.809000	6.075310
3.810000	1.726900
3.811000	6.075310
3.812000	3.903330
3.813000	6.075310
3.814000	3.903330
3.815000	3.903330
3.816000	3.903330
3.817000	6.075310
3.818000	1.726900
3.819000	3.903330
3.820000	3.903330
3.821000	3.903330
3.822000	3.903330
3.823000	3.903330
3.824000	6.075310
3.825000	3.903330
3.826000	6.075310
3.827000	1.726900
3.828000	6.075310
3.829000	3.903330
3.830000	6.075310
3.831000	3.903330
3.832000	3.903330
3.833000	3.903330
3.834000	3.903330
3.835000	3.903330
3.836000	6.075310
3.837000	3.903330
3.838000	3.903330
3.839000	6.075310
3.840000	6.075310
3.841000	6.075310
3.842000	6.075310
3.843000	1.726900
3.844000	3.903330
3.845000	3.903330
3.846000	3.903330
3.847000	1.726900
3.848000	3.903330
3.849000	3.903330
3.850000	6.075310
3.851000	3.903330
3.852000	1.726900
3.853000	3.903330
3.854000	1.726900
3.855000	1.726900
3.856000	3.903330
3.857000	3.903330
3.858000	1.726900
3.859000	3.903330
3.860000	3.903330
3.861000	3.903330
3.862000	6.075310
3.863000	3.903330
3.864000	6.075310
3.865000	3.903330
3.866000	3.903330
3.867000	3.903330
3.868000	3.903330
3.869000	1.726900
3.870000	3.903330
3.871000	6.075310
3.872000	3.903330
3.873000	1.726900
3.874000	8.247290
3.875000	3.903330
3.876000	3.903330
3.877000	6.075310
3.878000	6.075310
3.879000	1.726900
3.880000	6.075310
3.881000	3.903330
3.882000	3.903330
3.883000	1.726900
3.884000	3.903330
3.885000	6.075310
3.886000	6.075310
3.887000	6.075310
3.888000	3.903330
3.889000	6.075310
3.890000	3.903330
3.891000	3.903330
3.892000	6.075310
3.893000	3.903330
3.894000	6.075310
3.895000	3.903330
3.896000	6.075310
3.897000	3.903330
3.898000	3.903330
3.899000	1.726900
3.900000	3.903330
3.901000	1.726900
3.902000	3.903330
3.903000	1.726900
3.904000	3.903330
3.905000	3.903330
3.906000	3.903330
3.907000	6.075310
3.908000	1.726900
3.909000	3.903330
3.910000	6.075310
3.911000	3.903330
3.912000	1.726900
3.913000	3.903330
3.914000	3.903330
3.915000	3.903330
3.916000	3.903330
3.917000	6.075310
3.918000	3.903330
3.919000	6.075310
3.920000	6.075310
3.921000	3.903330
3.922000	1.726900
3.923000	3.903330
3.924000	3.903330
3.925000	3.903330
3.926000	3.903330
3.927000	3.903330
3.928000	1.726900
3.929000	3.903330
3.930000	3.903330
3.931000	3.903330
3.932000	6.075310
3.933000	1.726900
3.934000	3.903330
3.935000	3.903330
3.936000	3.903330
3.937000	1.726900
3.938000	3.903330
3.939000	3.903330
3.940000	6.075310
3.941000	8.247290
3.942000	1.726900
3.943000	6.075310
3.944000	3.903330
3.945000	6.075310
3.946000	3.903330
3.947000	1.726900
3.948000	1.726900
3.949000	6.075310
3.950000	3.903330
3.951000	1.726900
3.952000	3.903330
3.953000	-0.445078
3.954000	-0.445078
3.955000	-2.617060
3.956000	1.726900
3.957000	3.903330
3.958000	1.726900
3.959000	3.903330
3.960000	3.903330
3.961000	3.903330
3.962000	3.903330
3.963000	3.903330
3.964000	6.075310
3.965000	3.903330
3.966000	6.075310
3.967000	3.903330
3.968000	1.726900
3.969000	6.075310
3.970000	1.726900
3.971000	1.726900
3.972000	6.075310
3.973000	3.903330
3.974000	1.726900
3.975000	6.075310
3.976000	6.075310
3.977000	6.075310
3.978000	3.903330
3.979000	3.903330
3.980000	3.903330
3.981000	3.903330
3.982000	1.726900
3.983000	3.903330
3.984000	6.075310
3.985000	3.903330
3.986000	3.903330
3.987000	3.903330
3.988000	3.903330
3.989000	1.726900
3.990000	1.726900
3.991000	1.726900
3.992000	3.903330
3.993000	3.903330
3.994000	3.903330
3.995000	3.903330
3.996000	6.075310
3.997000	1.726900
3.998000	3.903330
3.999000	1.726900
4.000000	6.075310
4.001000	6.075310
4.002000	3.903330
4.003000	1.726900
4.004000	3.903330
4.005000	1.726900
4.006000	3.903330
4.007000	3.903330
4.008000	3.903330
4.009000	3.903330
4.010000	1.726900
4.011000	3.903330
4.012000	1.726900
4.013000	3.903330
4.014000	3.903330
4.015000	3.903330
4.016000	1.726900
4.017000	1.726900
4.018000	1.726900
4.019000	3.903330
4.020000	1.726900
4.021000	1.726900
4.022000	6.075310
4.023000	3.903330
4.024000	1.726900
4.025000	6.075310
4.026000	3.903330
4.027000	3.903330
4.028000	3.903330
4.029000	3.903330
4.030000	6.075310
4.031000	1.726900
4.032000	3.903330
4.033000	3.903330
4.034000	3.903330
4.035000	3.903330
4.036000	6.075310
4.037000	3.903330
4.038000	3.903330
4.039000	3.903330
4.040000	3.903330
4.041000	6.075310
4.042000	3.903330
4.043000	3.903330
4.044000	1.726900
4.045000	-0.445078
4.046000	6.075310
4.047000	6.075310
4.048000	1.726900
4.049000	3.903330
4.050000	1.726900
4.051000	6.075310
4.052000	3.903330
4.053000	3.903330
4.054000	1.726900
4.055000	3.903330
4.056000	1.726900
4.057000	3.903330
4.058000	3.903330
4.059000	3.903330
4.060000	1.726900
4.061000	3.903330
4.062000	6.075310
4.063000	6.075310
4.064000	8.247290
4.065000	6.075310
4.066000	3.903330
4.067000	3.903330
4.068000	3.903330
4.069000	3.903330
4.070000	1.726900
4.071000	3.903330
4.072000	3.903330
4.073000	3.903330
4.074000	3.903330
4.075000	3.903330
4.076000	6.075310
4.077000	3.903330
4.078000	3.903330
4.079000	3.903330
4.080000	3.903330
4.081000	3.903330
4.082000	6.075310
4.083000	3.903330
4.084000	6.075310
4.085000	3.903330
4.086000	3.903330
4.087000	3.903330
4.088000	3.903330
4.089000	3.903330
4.090000	8.247290
4.091000	3.903330
4.092000	3.903330
4.093000	6.075310
4.094000	6.075310
4.095000	3.903330
4.096000	3.903330
4.097000	3.903330
4.098000	6.075310
4.099000	3.903330
4.100000	1.726900
4.101000	6.075310
4.102000	3.903330
4.103000	3.903330
4.104000	3.903330
4.105000	3.903330
4.106000	3.903330
4.107000	1.726900
4.108000	1.726900
4.109000	3.903330
4.110000	3.903330
4.111000	3.903330
4.112000	6.075310
4.113000	1.726900
4.114000	3.903330
4.115000	3.903330
4.116000	3.903330
4.117000	3.903330
4.118000	-0.445078
4.119000	3.903330
4.120000	1.726900
4.121000	1.726900
4.122000	3.903330
4.123000	3.903330
4.124000	3.903330
4.125000	3.903330
4.126000	3.903330
4.127000	1.726900
4.128000	3.903330
4.129000	3.903330
4.130000	3.903330
4.131000	3.903330
4.132000	6.075310
4.133000	3.903330
4.134000	1.726900
4.135000	6.075310
4.136000	3.903330
4.137000	3.903330
4.138000	1.726900
4.139000	3.903330
4.140000	3.903330
4.141000	6.075310
4.142000	3.903330
4.143000	6.075310
4.144000	6.075310
4.145000	6.075310
4.146000	3.903330
4.147000	3.903330
4.148000	6.075310
4.149000	1.726900
4.150000	3.903330
4.151000	3.903330
4.152000	3.903330
4.153000	3.903330
4.154000	6.075310
4.155000	6.075310
4.156000	3.903330
4.157000	3.903330
4.158000	3.903330
4.159000	3.903330
4.160000	3.903330
4.161000	6.075310
4.162000	1.726900
4.163000	3.903330
4.164000	3.903330
4.165000	3.903330
4.166000	1.726900
4.167000	3.903330
4.168000	6.075310
4.169000	6.075310
4.170000	6.075310
4.171000	1.726900
4.172000	3.903330
4.173000	6.075310
4.174000	1.726900
4.175000	1.726900
4.176000	6.075310
4.177000	3.903330
4.178000	3.903330
4.179000	6.075310
4.180000	6.075310
4.181000	3.903330
4.182000	3.903330
4.183000	3.903330
4.184000	1.726900
4.185000	3.903330
4.186000	1.726900
4.187000	1.726900
4.188000	1.726900
4.189000	3.903330
4.190000	3.903330
4.191000	3.903330
4.192000	6.075310
4.193000	3.903330
4.194000	6.075310
4.195000	6.075310
4.196000	3.903330
4.197000	6.075310
4.198000	6.075310
4.199000	3.903330
4.200000	6.075310
4.201000	3.903330
4.202000	3.903330
4.203000	3.903330
4.204000	1.726900
4.205000	3.903330
4.206000	3.903330
4.207000	3.903330
4.208000	3.903330
4.209000	3.903330
4.210000	3.903330
4.211000	6.075310
4.212000	3.903330
4.213000	3.903330
4.214000	3.903330
4.215000	3.903330
4.216000	6.075310
4.217000	3.903330
4.218000	1.726900
4.219000	6.075310
4.220000	1.726900
4.221000	3.903330
4.222000	3.903330
4.223000	1.726900
4.224000	3.903330
4.225000	3.903330
4.226000	3.903330
4.227000	1.726900
4.228000	3.903330
4.229000	1.726900
4.230000	3.903330
4.231000	1.726900
4.232000	3.903330
4.233000	3.903330
4.234000	3.903330
4.235000	3.903330
4.236000	6.075310
4.237000	3.903330
4.238000	-0.445078
4.239000	3.903330
4.240000	1.726900
4.241000	3.903330
4.242000	6.075310
4.243000	3.903330
4.244000	3.903330
4.245000	3.903330
4.246000	6.075310
4.247000	3.903330
4.248000	3.903330
4.249000	6.075310
4.250000	3.903330
4.251000	3.903330
4.252000	3.903330
4.253000	1.726900
4.254000	1.726900
4.255000	3.903330
4.256000	1.726900
4.257000	6.075310
4.258000	6.075310
4.259000	6.075310
4.260000	3.903330
4.261000	3.903330
4.262000	1.726900
4.263000	6.075310
4.264000	6.075310
4.265000	3.903330
4.266000	3.903330
4.267000	8.247290
4.268000	3.903330
4.269000	3.903330
4.270000	3.903330
4.271000	3.903330
4.272000	6.075310
4.273000	6.075310
4.274000	3.903330
4.275000	3.903330
4.276000	6.075310
4.277000	1.726900
4.278000	1.726900
4.279000	3.903330
4.280000	3.903330
4.281000	3.903330
4.282000	3.903330
4.283000	3.903330
4.284000	3.903330
4.285000	6.075310
4.286000	3.903330
4.287000	3.903330
4.288000	3.903330
4.289000	3.903330
4.290000	3.903330
4.291000	1.726900
4.292000	3.903330
4.293000	1.726900
4.294000	3.903330
4.295000	3.903330
4.296000	1.726900
4.297000	1.726900
4.298000	3.903330
4.299000	3.903330
4.300000	3.903330
4.301000	3.903330
4.302000	6.075310
4.303000	6.075310
4.304000	3.903330
4.305000	1.726900
4.306000	3.903330
4.307000	3.903330
4.308000	1.726900
4.309000	3.903330
4.310000	3.903330
4.311000	3.903330
4.312000	6.075310
4.313000	3.903330
4.314000	6.075310
4.315000	1.726900
4.316000	1.726900
4.317000	1.726900
4.318000	3.903330
4.319000	3.903330
4.320000	1.726900
4.321000	3.903330
4.322000	1.726900
4.323000	3.903330
4.324000	3.903330
4.325000	8.247290
4.326000	3.903330
4.327000	3.903330
4.328000	3.903330
4.329000	3.903330
4.330000	3.903330
4.331000	3.903330
4.332000	3.903330
4.333000	1.726900
4.334000	1.726900
4.335000	6.075310
4.336000	1.726900
4.337000	3.903330
4.338000	3.903330
4.339000	3.903330
4.340000	6.075310
4.341000	3.903330
4.342000	3.903330
4.343000	1.726900
4.344000	1.726900
4.345000	6.075310
4.346000	1.726900
4.347000	3.903330
4.348000	1.726900
4.349000	6.075310
4.350000	3.903330
4.351000	3.903330
4.352000	3.903330
4.353000	3.903330
4.354000	1.726900
4.355000	6.075310
4.356000	6.075310
4.357000	3.903330
4.358000	3.903330
4.359000	1.726900
4.360000	3.903330
4.361000	6.075310
4.362000	3.903330
4.363000	6.075310
4.364000	1.726900
4.365000	1.726900
4.366000	3.903330
4.367000	6.075310
4.368000	1.726900
4.369000	3.903330
4.370000	3.903330
4.371000	3.903330
4.372000	3.903330
4.373000	1.726900
4.374000	6.075310
4.375000	6.075310
4.376000	6.075310
4.377000	6.075310
4.378000	6.075310
4.379000	1.726900
4.380000	3.903330
4.381000	3.903330
4.382000	1.726900
4.383000	6.075310
4.384000	3.903330
4.385000	6.075310
4.386000	3.903330
4.387000	1.726900
4.388000	3.903330
4.389000	6.075310
4.390000	6.075310
4.391000	3.903330
4.392000	3.903330
4.393000	6.075310
4.394000	3.903330
4.395000	6.075310
4.396000	3.903330
4.397000	3.903330
4.398000	3.903330
4.399000	3.903330
4.400000	3.903330
4.401000	3.903330
4.402000	3.903330
4.403000	3.903330
4.404000	6.075310
4.405000	3.903330
4.406000	3.903330
4.407000	6.075310
4.408000	8.247290
4.409000	3.903330
4.410000	6.075310
4.411000	3.903330
4.412000	1.726900
4.413000	6.075310
4.414000	3.903330
4.415000	3.903330
4.416000	3.903330
4.417000	3.903330
4.418000	6.075310
4.419000	8.247290
4.420000	3.903330
4.421000	3.903330
4.422000	6.075310
4.423000	3.903330
4.424000	3.903330
4.425000	6.075310
4.426000	6.075310
4.427000	6.075310
4.428000	3.903330
4.429000	6.075310
4.430000	6.075310
4.431000	3.903330
4.432000	3.903330
4.433000	3.903330
4.434000	1.726900
4.435000	8.247290
4.436000	3.903330
4.437000	-0.445078
4.438000	1.726900
4.439000	3.903330
4.440000	1.726900
4.441000	3.903330
4.442000	1.726900
4.443000	1.726900
4.444000	3.903330
4.445000	6.075310
4.446000	3.903330
4.447000	3.903330
4.448000	6.075310
4.449000	1.726900
4.450000	3.903330
4.451000	3.903330
4.452000	6.075310
4.453000	3.903330
4.454000	6.075310
4.455000	6.075310
4.456000	1.726900
4.457000	3.903330
4.458000	6.075310
4.459000	3.903330
4.460000	6.075310
4.461000	3.903330
4.462000	3.903330
4.463000	6.075310
4.464000	6.075310
4.465000	3.903330
4.466000	3.903330
4.467000	6.075310
4.468000	8.247290
4.469000	3.903330
4.470000	3.903330
4.471000	6.075310
4.472000	1.726900
4.473000	6.075310
4.474000	3.903330
4.475000	6.075310
4.476000	6.075310
4.477000	6.075310
4.478000	3.903330
4.479000	3.903330
4.480000	6.075310
4.481000	3.903330
4.482000	6.075310
4.483000	3.903330
4.484000	3.903330
4.485000	3.903330
4.486000	3.903330
4.487000	3.903330
4.488000	3.903330
4.489000	6.075310
4.490000	8.247290
4.491000	6.075310
4.492000	3.903330
4.493000	6.075310
4.494000	6.075310
4.495000	1.726900
4.496000	3.903330
4.497000	1.726900
4.498000	6.075310
4.499000	3.903330
4.500000	6.075310
4.501000	3.903330
4.502000	3.903330
4.503000	3.903330
4.504000	-0.445078
4.505000	3.903330
4.506000	1.726900
4.507000	6.075310
4.508000	1.726900
4.509000	3.903330
4.510000	1.726900
4.511000	6.075310
4.512000	1.726900
4.513000	6.075310
4.514000	3.903330
4.515000	1.726900
4.516000	3.903330
4.517000	3.903330
4.518000	3.903330
4.519000	6.075310
4.520000	3.903330
4.521000	6.075310
4.522000	1.726900
4.523000	6.075310
4.524000	3.903330
4.525000	3.903330
4.526000	3.903330
4.527000	3.903330
4.528000	6.075310
4.529000	3.903330
4.530000	1.726900
4.531000	3.903330
4.532000	3.903330
4.533000	6.075310
4.534000	1.726900
4.535000	3.903330
4.536000	6.075310
4.537000	6.075310
4.538000	3.903330
4.539000	3.903330
4.540000	6.075310
4.541000	6.075310
4.542000	3.903330
4.543000	6.075310
4.544000	6.075310
4.545000	3.903330
4.546000	6.075310
4.547000	6.075310
4.548000	6.075310
4.549000	3.903330
4.550000	3.903330
4.551000	3.903330
4.552000	3.903330
4.553000	1.726900
4.554000	1.726900
4.555000	3.903330
4.556000	1.726900
4.557000	3.903330
4.558000	1.726900
4.559000	3.903330
4.560000	1.726900
4.561000	6.075310
4.562000	6.075310
4.563000	3.903330
4.564000	1.726900
4.565000	6.075310
4.566000	6.075310
4.567000	1.726900
4.568000	1.726900
4.569000	6.075310
4.570000	3.903330
4.571000	6.075310
4.572000	3.903330
4.573000	3.903330
4.574000	6.075310
4.575000	3.903330
4.576000	3.903330
4.577000	6.075310
4.578000	3.903330
4.579000	8.247290
4.580000	6.075310
4.581000	3.903330
4.582000	3.903330
4.583000	3.903330
4.584000	1.726900
4.585000	3.903330
4.586000	6.075310
4.587000	6.075310
4.588000	1.726900
4.589000	1.726900
4.590000	3.903330
4.591000	3.903330
4.592000	6.075310
4.593000	3.903330
4.594000	1.726900
4.595000	1.726900
4.596000	6.075310
4.597000	3.903330
4.598000	3.903330
4.599000	3.903330
4.600000	3.903330
4.601000	3.903330
4.602000	3.903330
4.603000	3.903330
4.604000	3.903330
4.605000	1.726900
4.606000	3.903330
4.607000	1.726900
4.608000	6.075310
4.609000	3.903330
4.610000	3.903330
4.611000	1.726900
4.612000	3.903330
4.613000	6.075310
4.614000	3.903330
4.615000	3.903330
4.616000	3.903330
4.617000	3.903330
4.618000	6.075310
4.619000	3.903330
4.620000	3.903330
4.621000	6.075310
4.622000	3.903330
4.623000	6.075310
4.624000	6.075310
4.625000	3.903330
4.626000	3.903330
4.627000	6.075310
4.628000	6.075310
4.629000	6.075310
4.630000	1.726900
4.631000	3.903330
4.632000	1.726900
4.633000	-0.445078
4.634000	3.903330
4.635000	3.903330
4.636000	6.075310
4.637000	3.903330
4.638000	3.903330
4.639000	3.903330
4.640000	3.903330
4.641000	6.075310
4.642000	3.903330
4.643000	3.903330
4.644000	1.726900
4.645000	3.903330
4.646000	1.726900
4.647000	3.903330
4.648000	6.075310
4.649000	3.903330
4.650000	3.903330
4.651000	6.075310
4.652000	6.075310
4.653000	3.903330
4.654000	6.075310
4.655000	6.075310
4.656000	3.903330
4.657000	6.075310
4.658000	6.075310
4.659000	6.075310
4.660000	3.903330
4.661000	3.903330
4.662000	6.075310
4.663000	6.075310
4.664000	3.903330
4.665000	3.903330
4.666000	6.075310
4.667000	3.903330
4.668000	1.726900
4.669000	3.903330
4.670000	3.903330
4.671000	3.903330
4.672000	6.075310
4.673000	6.075310
4.674000	3.903330
4.675000	-0.445078
4.676000	1.726900
4.677000	1.726900
4.678000	6.075310
4.679000	3.903330
4.680000	3.903330
4.681000	3.903330
4.682000	3.903330
4.683000	3.903330
4.684000	3.903330
4.685000	3.903330
4.686000	1.726900
4.687000	3.903330
4.688000	1.726900
4.689000	1.726900
4.690000	1.726900
4.691000	1.726900
4.692000	3.903330
4.693000	3.903330
4.694000	6.075310
4.695000	3.903330
4.696000	6.075310
4.697000	3.903330
4.698000	6.075310
4.699000	3.903330
4.700000	1.726900
4.701000	6.075310
4.702000	6.075310
4.703000	8.247290
4.704000	3.903330
4.705000	3.903330
4.706000	3.903330
4.707000	3.903330
4.708000	1.726900
4.709000	3.903330
4.710000	3.903330
4.711000	3.903330
4.712000	3.903330
4.713000	6.075310
4.714000	8.247290
4.715000	6.075310
4.716000	3.903330
4.717000	1.726900
4.718000	6.075310
4.719000	3.903330
4.720000	3.903330
4.721000	3.903330
4.722000	3.903330
4.723000	3.903330
4.724000	3.903330
4.725000	6.075310
4.726000	3.903330
4.727000	1.726900
4.728000	3.903330
4.729000	3.903330
4.730000	6.075310
4.731000	1.726900
4.732000	1.726900
4.733000	1.726900
4.734000	3.903330
4.735000	1.726900
4.736000	1.726900
4.737000	3.903330
4.738000	3.903330
4.739000	3.903330
4.740000	3.903330
4.741000	3.903330
4.742000	3.903330
4.743000	3.903330
4.744000	3.903330
4.745000	3.903330
4.746000	3.903330
4.747000	3.903330
4.748000	1.726900
4.749000	1.726900
4.750000	3.903330
4.751000	3.903330
4.752000	3.903330
4.753000	3.903330
4.754000	1.726900
4.755000	3.903330
4.756000	3.903330
4.757000	6.075310
4.758000	3.903330
4.759000	3.903330
4.760000	1.726900
4.761000	3.903330
4.762000	3.903330
4.763000	3.903330
4.764000	6.075310
4.765000	3.903330
4.766000	1.726900
4.767000	3.903330
4.768000	6.075310
4.769000	3.903330
4.770000	3.903330
4.771000	3.903330
4.772000	3.903330
4.773000	3.903330
4.774000	3.903330
4.775000	6.075310
4.776000	1.726900
4.777000	3.903330
4.778000	3.903330
4.779000	1.726900
4.780000	1.726900
4.781000	1.726900
4.782000	6.075310
4.783000	-0.445078
4.784000	6.075310
4.785000	6.075310
4.786000	3.903330
4.787000	3.903330
4.788000	1.726900
4.789000	3.903330
4.790000	6.075310
4.791000	6.075310
4.792000	3.903330
4.793000	1.726900
4.794000	3.903330
4.795000	8.247290
4.796000	3.903330
4.797000	3.903330
4.798000	3.903330
4.799000	3.903330
4.800000	3.903330
4.801000	3.903330
4.802000	3.903330
4.803000	1.726900
4.804000	3.903330
4.805000	3.903330
4.806000	3.903330
4.807000	6.075310
4.808000	3.903330
4.809000	3.903330
4.810000	3.903330
4.811000	3.903330
4.812000	3.903330
4.813000	3.903330
4.814000	3.903330
4.815000	3.903330
4.816000	1.726900
4.817000	1.726900
4.818000	6.075310
4.819000	1.726900
4.820000	1.726900
4.821000	6.075310
4.822000	3.903330
4.823000	1.726900
4.824000	3.903330
4.825000	6.075310
4.826000	3.903330
4.827000	3.903330
4.828000	3.903330
4.829000	3.903330
4.830000	6.075310
4.831000	1.726900
4.832000	1.726900
4.833000	3.903330
4.834000	3.903330
4.835000	3.903330
4.836000	3.903330
4.837000	3.903330
4.838000	6.075310
4.839000	1.726900
4.840000	3.903330
4.841000	1.726900
4.842000	3.903330
4.843000	6.075310
4.844000	3.903330
4.845000	1.726900
4.846000	1.726900
4.847000	6.075310
4.848000	3.903330
4.849000	3.903330
4.850000	3.903330
4.851000	3.903330
4.852000	3.903330
4.853000	3.903330
4.854000	6.075310
4.855000	3.903330
4.856000	6.075310
4.857000	3.903330
4.858000	3.903330
4.859000	1.726900
4.860000	1.726900
4.861000	6.075310
4.862000	1.726900
4.863000	8.247290
4.864000	1.726900
4.865000	1.726900
4.866000	3.903330
4.867000	3.903330
4.868000	1.726900
4.869000	1.726900
4.870000	1.726900
4.871000	3.903330
4.872000	1.726900
4.873000	6.075310
4.874000	1.726900
4.875000	3.903330
4.876000	3.903330
4.877000	8.247290
4.878000	8.247290
4.879000	6.075310
4.880000	8.247290
4.881000	6.075310
4.882000	6.075310
4.883000	3.903330
4.884000	1.726900
4.885000	3.903330
4.886000	3.903330
4.887000	3.903330
4.888000	1.726900
4.889000	6.075310
4.890000	3.903330
4.891000	1.726900
4.892000	3.903330
4.893000	3.903330
4.894000	3.903330
4.895000	1.726900
4.896000	6.075310
4.897000	1.726900
4.898000	1.726900
4.899000	6.075310
4.900000	3.903330
4.901000	3.903330
4.902000	3.903330
4.903000	3.903330
4.904000	3.903330
4.905000	1.726900
4.906000	1.726900
4.907000	3.903330
4.908000	6.075310
4.909000	-0.445078
4.910000	1.726900
4.911000	1.726900
4.912000	3.903330
4.913000	3.903330
4.914000	1.726900
4.915000	1.726900
4.916000	3.903330
4.917000	1.726900
4.918000	3.903330
4.919000	6.075310
4.920000	3.903330
4.921000	3.903330
4.922000	3.903330
4.923000	6.075310
4.924000	6.075310
4.925000	3.903330
4.926000	3.903330
4.927000	3.903330
4.928000	1.726900
4.929000	3.903330
4.930000	3.903330
4.931000	3.903330
4.932000	3.903330
4.933000	3.903330
4.934000	3.903330
4.935000	3.903330
4.936000	3.903330
4.937000	3.903330
4.938000	3.903330
4.939000	6.075310
4.940000	8.247290
4.941000	6.075310
4.942000	1.726900
4.943000	3.903330
4.944000	3.903330
4.945000	6.075310
4.946000	1.726900
4.947000	6.075310
4.948000	1.726900
4.949000	3.903330
4.950000	1.726900
4.951000	6.075310
4.952000	6.075310
4.953000	1.726900
4.954000	1.726900
4.955000	3.903330
4.956000	3.903330
4.957000	1.726900
4.958000	3.903330
4.959000	3.903330
4.960000	3.903330
4.961000	3.903330
4.962000	6.075310
4.963000	3.903330
4.964000	3.903330
4.965000	3.903330
4.966000	6.075310
4.967000	6.075310
4.968000	3.903330
4.969000	3.903330
4.970000	3.903330
4.971000	3.903330
4.972000	3.903330
4.973000	6.075310
4.974000	3.903330
4.975000	3.903330
4.976000	3.903330
4.977000	1.726900
4.978000	3.903330
4.979000	3.903330
4.980000	1.726900
4.981000	6.075310
4.982000	6.075310
4.983000	3.903330
4.984000	3.903330
4.985000	3.903330
4.986000	3.903330
4.987000	3.903330
4.988000	1.726900
4.989000	6.075310
4.990000	6.075310
4.991000	3.903330
4.992000	6.075310
4.993000	3.903330
4.994000	3.903330
4.995000	1.726900
4.996000	3.903330
4.997000	1.726900
4.998000	6.075310
4.999000	6.075310
5.000000	3.903330
5.001000	3.903330
5.002000	3.903330
5.003000	3.903330
5.004000	3.903330
5.005000	3.903330
5.006000	3.903330
5.007000	3.903330
5.008000	3.903330
5.009000	6.075310
5.010000	3.903330
5.011000	3.903330
5.012000	3.903330
5.013000	3.903330
5.014000	1.726900
5.015000	3.903330
5.016000	3.903330
5.017000	3.903330
5.018000	6.075310
5.019000	1.726900
5.020000	3.903330
5.021000	3.903330
5.022000	1.726900
5.023000	1.726900
5.024000	3.903330
5.025000	1.726900
5.026000	6.075310
5.027000	3.903330
5.028000	3.903330
5.029000	6.075310
5.030000	3.903330
5.031000	3.903330
5.032000	3.903330
5.033000	3.903330
5.034000	3.903330
5.035000	3.903330
5.036000	3.903330
5.037000	6.075310
5.038000	3.903330
5.039000	3.903330
5.040000	6.075310
5.041000	1.726900
5.042000	3.903330
5.043000	6.075310
5.044000	6.075310
5.045000	3.903330
5.046000	3.903330
5.047000	6.075310
5.048000	3.903330
5.049000	6.075310
5.050000	1.726900
5.051000	3.903330
5.052000	6.075310
5.053000	6.075310
5.054000	6.075310
5.055000	1.726900
5.056000	3.903330
5.057000	3.903330
5.058000	3.903330
5.059000	3.903330
5.060000	3.903330
5.061000	6.075310
5.062000	3.903330
5.063000	3.903330
5.064000	3.903330
5.065000	3.903330
5.066000	1.726900
5.067000	1.726900
5.068000	1.726900
5.069000	3.903330
5.070000	6.075310
5.071000	6.075310
5.072000	3.903330
5.073000	6.075310
5.074000	3.903330
5.075000	3.903330
5.076000	1.726900
5.077000	6.075310
5.078000	1.726900
5.079000	3.903330
5.080000	1.726900
5.081000	1.726900
5.082000	3.903330
5.083000	6.075310
5.084000	1.726900
5.085000	3.903330
5.086000	6.075310
5.087000	8.247290
5.088000	3.903330
5.089000	8.247290
5.090000	3.903330
5.091000	1.726900
5.092000	3.903330
5.093000	3.903330
5.094000	6.075310
5.095000	3.903330
5.096000	3.903330
5.097000	3.903330
5.098000	3.903330
5.099000	3.903330
5.100000	3.903330
5.101000	6.075310
5.102000	3.903330
5.103000	1.726900
5.104000	6.075310
5.105000	3.903330
5.106000	6.075310
5.107000	6.075310
5.108000	3.903330
5.109000	3.903330
5.110000	1.726900
5.111000	3.903330
5.112000	8.247290
5.113000	6.075310
5.114000	3.903330
5.115000	1.726900
5.116000	1.726900
5.117000	3.903330
5.118000	3.903330
5.119000	-0.445078
5.120000	1.726900
5.121000	6.075310
5.122000	6.075310
5.123000	3.903330
5.124000	3.903330
5.125000	1.726900
5.126000	3.903330
5.127000	3.903330
5.128000	3.903330
5.129000	3.903330
5.130000	6.075310
5.131000	3.903330
5.132000	1.726900
5.133000	6.075310
5.134000	3.903330
5.135000	6.075310
5.136000	3.903330
5.137000	6.075310
5.138000	6.075310
5.139000	3.903330
5.140000	6.075310
5.141000	6.075310
5.142000	3.903330
5.143000	3.903330
5.144000	3.903330
5.145000	3.903330
5.146000	3.903330
5.147000	6.075310
5.148000	3.903330
5.149000	3.903330
5.150000	3.903330
5.151000	6.075310
5.152000	6.075310
5.153000	1.726900
5.154000	3.903330
5.155000	6.075310
5.156000	3.903330
5.157000	3.903330
5.158000	3.903330
5.159000	1.726900
5.160000	3.903330
5.161000	6.075310
5.162000	3.903330
5.163000	3.903330
5.164000	3.903330
5.165000	1.726900
5.166000	3.903330
5.167000	1.726900
5.168000	3.903330
5.169000	6.075310
5.170000	1.726900
5.171000	3.903330
5.172000	3.903330
5.173000	3.903330
5.174000	1.726900
5.175000	1.726900
5.176000	3.903330
5.177000	1.726900
5.178000	3.903330
5.179000	3.903330
5.180000	3.903330
5.181000	3.903330
5.182000	3.903330
5.183000	1.726900
5.184000	3.903330
5.185000	3.903330
5.186000	1.726900
5.187000	3.903330
5.188000	-0.445078
5.189000	1.726900
5.190000	3.903330
5.191000	3.903330
5.192000	1.726900
5.193000	3.903330
5.194000	1.726900
5.195000	3.903330
5.196000	3.903330
5.197000	1.726900
5.198000	1.726900
5.199000	3.903330
5.200000	3.903330
5.201000	1.726900
5.202000	3.903330
5.203000	3.903330
5.204000	3.903330
5.205000	3.903330
5.206000	3.903330
5.207000	3.903330
5.208000	3.903330
5.209000	3.903330
5.210000	3.903330
5.211000	3.903330
5.212000	3.903330
5.213000	6.075310
5.214000	3.903330
5.215000	1.726900
5.216000	3.903330
5.217000	3.903330
5.218000	3.903330
5.219000	1.726900
5.220000	3.903330
5.221000	3.903330
5.222000	1.726900
5.223000	6.075310
5.224000	6.075310
5.225000	3.903330
5.226000	3.903330
5.227000	3.903330
5.228000	1.726900
5.229000	1.726900
5.230000	6.075310
5.231000	1.726900
5.232000	3.903330
5.233000	6.075310
5.234000	6.075310
5.235000	6.075310
5.236000	3.903330
5.237000	3.903330
5.238000	3.903330
5.239000	3.903330
5.240000	6.075310
5.241000	6.075310
5.242000	3.903330
5.243000	3.903330
5.244000	1.726900
5.245000	3.903330
5.246000	3.903330
5.247000	1.726900
5.248000	1.726900
5.249000	3.903330
5.250000	3.903330
5.251000	6.075310
5.252000	6.075310
5.253000	3.903330
5.254000	3.903330
5.255000	3.903330
5.256000	3.903330
5.257000	1.726900
5.258000	3.903330
5.259000	8.247290
5.260000	6.075310
5.261000	6.075310
5.262000	3.903330
5.263000	3.903330
5.264000	6.075310
5.265000	3.903330
5.266000	3.903330
5.267000	3.903330
5.268000	3.903330
5.269000	3.903330
5.270000	6.075310
5.271000	6.075310
5.272000	1.726900
5.273000	6.075310
5.274000	6.075310
5.275000	6.075310
5.276000	3.903330
5.277000	1.726900
5.278000	1.726900
5.279000	6.075310
5.280000	1.726900
5.281000	3.903330
5.282000	3.903330
5.283000	1.726900
5.284000	3.903330
5.285000	3.903330
5.286000	1.726900
5.287000	1.726900
5.288000	3.903330
5.289000	3.903330
5.290000	1.726900
5.291000	3.903330
5.292000	3.903330
5.293000	3.903330
5.294000	6.075310
5.295000	3.903330
5.296000	6.075310
5.297000	3.903330
5.298000	1.726900
5.299000	3.903330
5.300000	3.903330
5.301000	3.903330
5.302000	3.903330
5.303000	3.903330
5.304000	3.903330
5.305000	6.075310
5.306000	3.903330
5.307000	6.075310
5.308000	3.903330
5.309000	3.903330
5.310000	3.903330
5.311000	1.726900
5.312000	6.075310
5.313000	3.903330
5.314000	6.075310
5.315000	3.903330
5.316000	1.726900
5.317000	3.903330
5.318000	3.903330
5.319000	6.075310
5.320000	3.903330
5.321000	3.903330
5.322000	3.903330
5.323000	6.075310
5.324000	6.075310
5.325000	3.903330
5.326000	6.075310
5.327000	3.903330
5.328000	3.903330
5.329000	3.903330
5.330000	6.075310
5.331000	3.903330
5.332000	3.903330
5.333000	1.726900
5.334000	3.903330
5.335000	3.903330
5.336000	3.903330
5.337000	3.903330
5.338000	1.726900
5.339000	3.903330
5.340000	6.075310
5.341000	6.075310
5.342000	3.903330
5.343000	3.903330
5.344000	3.903330
5.345000	3.903330
5.346000	6.075310
5.347000	3.903330
5.348000	3.903330
5.349000	3.903330
5.350000	3.903330
5.351000	6.075310
5.352000	6.075310
5.353000	1.726900
5.354000	3.903330
5.355000	3.903330
5.356000	3.903330
5.357000	3.903330
5.358000	3.903330
5.359000	8.247290
5.360000	1.726900
5.361000	8.247290
5.362000	3.903330
5.363000	6.075310
5.364000	3.903330
5.365000	3.903330
5.366000	3.903330
5.367000	3.903330
5.368000	3.903330
5.369000	6.075310
5.370000	3.903330
5.371000	3.903330
5.372000	6.075310
5.373000	6.075310
5.374000	6.075310
5.375000	3.903330
5.376000	3.903330
5.377000	1.726900
5.378000	3.903330
5.379000	3.903330
5.380000	6.075310
5.381000	3.903330
5.382000	1.726900
5.383000	3.903330
5.384000	6.075310
5.385000	3.903330
5.386000	3.903330
5.387000	3.903330
5.388000	3.903330
5.389000	6.075310
5.390000	6.075310
5.391000	6.075310
5.392000	3.903330
5.393000	1.726900
5.394000	3.903330
5.395000	6.075310
5.396000	6.075310
5.397000	3.903330
5.398000	1.726900
5.399000	3.903330
5.400000	1.726900
5.401000	3.903330
5.402000	-0.445078
5.403000	3.903330
5.404000	3.903330
5.405000	3.903330
5.406000	6.075310
5.407000	3.903330
5.408000	3.903330
5.409000	3.903330
5.410000	3.903330
5.411000	3.903330
5.412000	3.903330
5.413000	3.903330
5.414000	3.903330
5.415000	3.903330
5.416000	1.726900
5.417000	3.903330
5.418000	6.075310
5.419000	3.903330
5.420000	3.903330
5.421000	3.903330
5.422000	6.075310
5.423000	1.726900
5.424000	3.903330
5.425000	3.903330
5.426000	3.903330
5.427000	3.903330
5.428000	3.903330
5.429000	1.726900
5.430000	3.903330
5.431000	3.903330
5.432000	3.903330
5.433000	3.903330
5.434000	6.075310
5.435000	6.075310
5.436000	3.903330
5.437000	3.903330
5.438000	6.075310
5.439000	1.726900
5.440000	3.903330
5.441000	6.075310
5.442000	1.726900
5.443000	3.903330
5.444000	3.903330
5.445000	3.903330
5.446000	3.903330
5.447000	3.903330
5.448000	3.903330
5.449000	1.726900
5.450000	3.903330
5.451000	6.075310
5.452000	6.075310
5.453000	3.903330
5.454000	1.726900
5.455000	3.903330
5.456000	1.726900
5.457000	3.903330
5.458000	6.075310
5.459000	3.903330
5.460000	3.903330
5.461000	6.075310
5.462000	1.726900
5.463000	3.903330
5.464000	3.903330
5.465000	1.726900
5.466000	3.903330
5.467000	6.075310
5.468000	6.075310
5.469000	6.075310
5.470000	3.903330
5.471000	3.903330
5.472000	3.903330
5.473000	3.903330
5.474000	6.075310
5.475000	3.903330
5.476000	1.726900
5.477000	-0.445078
5.478000	1.726900
5.479000	3.903330
5.480000	3.903330
5.481000	3.903330
5.482000	3.903330
5.483000	3.903330
5.484000	3.903330
5.485000	3.903330
5.486000	3.903330
5.487000	1.726900
5.488000	3.903330
5.489000	6.075310
5.490000	6.075310
5.491000	6.075310
5.492000	3.903330
5.493000	1.726900
5.494000	3.903330
5.495000	3.903330
5.496000	3.903330
5.497000	3.903330
5.498000	6.075310
5.499000	6.075310
5.500000	6.075310
