-0.500000	-1.144100
-0.499000	-1.144100
-0.498000	-1.144100
-0.497000	1.825690
-0.496000	-1.144100
-0.495000	-1.144100
-0.494000	4.795470
-0.493000	-1.144100
-0.492000	4.795470
-0.491000	-4.119960
-0.490000	1.825690
-0.489000	4.795470
-0.488000	-1.144100
-0.487000	-1.144100
-0.486000	-1.144100
-0.485000	1.825690
-0.484000	-1.144100
-0.483000	1.825690
-0.482000	-1.144100
-0.481000	-1.144100
-0.480000	1.825690
-0.479000	-1.144100
-0.478000	1.825690
-0.477000	1.825690
-0.476000	-1.144100
-0.475000	-1.144100
-0.474000	-1.144100
-0.473000	-1.144100
-0.472000	1.825690
-0.471000	-1.144100
-0.470000	1.825690
-0.469000	1.825690
-0.468000	-1.144100
-0.467000	-1.144100
-0.466000	-1.144100
-0.465000	1.825690
-0.464000	1.825690
-0.463000	1.825690
-0.462000	-1.144100
-0.461000	1.825690
-0.460000	-1.144100
-0.459000	1.825690
-0.458000	1.825690
-0.457000	-1.144100
-0.456000	1.825690
-0.455000	1.825690
-0.454000	1.825690
-0.453000	-4.119960
-0.452000	1.825690
-0.451000	1.825690
-0.450000	1.825690
-0.449000	-1.144100
-0.448000	1.825690
-0.447000	-1.144100
-0.446000	-4.119960
-0.445000	1.825690
-0.444000	1.825690
-0.443000	-1.144100
-0.442000	1.825690
-0.441000	1.825690
-0.440000	1.825690
-0.439000	1.825690
-0.438000	1.825690
-0.437000	-1.144100
-0.436000	-4.119960
-0.435000	1.825690
-0.434000	-1.144100
-0.433000	1.825690
-0.432000	1.825690
-0.431000	1.825690
-0.430000	1.825690
-0.429000	-1.144100
-0.428000	-1.144100
-0.427000	4.795470
-0.426000	-1.144100
-0.425000	1.825690
-0.424000	-1.144100
-0.423000	-1.144100
-0.422000	-1.144100
-0.421000	1.825690
-0.420000	-1.144100
-0.419000	-1.144100
-0.418000	-4.119960
-0.417000	-1.144100
-0.416000	1.825690
-0.415000	-1.144100
-0.414000	-1.144100
-0.413000	1.825690
-0.412000	1.825690
-0.411000	1.825690
-0.410000	1.825690
-0.409000	4.795470
-0.408000	1.825690
-0.407000	1.825690
-0.406000	-1.144100
-0.405000	-1.144100
-0.404000	-1.144100
-0.403000	1.825690
-0.402000	-1.144100
-0.401000	-1.144100
-0.400000	1.825690
-0.399000	-1.144100
-0.398000	1.825690
-0.397000	-1.144100
-0.396000	-1.144100
-0.395000	-1.144100
-0.394000	1.825690
-0.393000	1.825690
-0.392000	1.825690
-0.391000	-1.144100
-0.390000	-1.144100
-0.389000	1.825690
-0.388000	-1.144100
-0.387000	1.825690
-0.386000	-1.144100
-0.385000	-4.119960
-0.384000	-1.144100
-0.383000	-1.144100
-0.382000	-4.119960
-0.381000	-1.144100
-0.380000	4.795470
-0.379000	-4.119960
-0.378000	1.825690
-0.377000	4.795470
-0.376000	1.825690
-0.375000	-1.144100
-0.374000	-1.144100
-0.373000	-1.144100
-0.372000	4.795470
-0.371000	4.795470
-0.370000	-1.144100
-0.369000	-4.119960
-0.368000	-4.119960
-0.367000	4.795470
-0.366000	1.825690
-0.365000	1.825690
-0.364000	4.795470
-0.363000	1.825690
-0.362000	-1.144100
-0.361000	-1.144100
-0.360000	1.825690
-0.359000	4.795470
-0.358000	1.825690
-0.357000	1.825690
-0.356000	-1.144100
-0.355000	-1.144100
-0.354000	1.825690
-0.353000	1.825690
-0.352000	1.825690
-0.351000	-1.144100
-0.350000	1.825690
-0.349000	4.795470
-0.348000	-1.144100
-0.347000	-1.144100
-0.346000	-1.144100
-0.345000	-1.144100
-0.344000	-4.119960
-0.343000	-1.144100
-0.342000	-1.144100
-0.341000	-1.144100
-0.340000	1.825690
-0.339000	4.795470
-0.338000	4.795470
-0.337000	-1.144100
-0.336000	1.825690
-0.335000	1.825690
-0.334000	1.825690
-0.333000	-1.144100
-0.332000	1.825690
-0.331000	1.825690
-0.330000	-1.144100
-0.329000	-1.144100
-0.328000	1.825690
-0.327000	-1.144100
-0.326000	1.825690
-0.325000	1.825690
-0.324000	-1.144100
-0.323000	1.825690
-0.322000	-1.144100
-0.321000	1.825690
-0.320000	-1.144100
-0.319000	-1.144100
-0.318000	4.795470
-0.317000	-1.144100
-0.316000	4.795470
-0.315000	-1.144100
-0.314000	-1.144100
-0.313000	-1.144100
-0.312000	1.825690
-0.311000	4.795470
-0.310000	-1.144100
-0.309000	1.825690
-0.308000	1.825690
-0.307000	4.795470
-0.306000	-1.144100
-0.305000	1.825690
-0.304000	-4.119960
-0.303000	-1.144100
-0.302000	1.825690
-0.301000	1.825690
-0.300000	-1.144100
-0.299000	-4.119960
-0.298000	-1.144100
-0.297000	-4.119960
-0.296000	-1.144100
-0.295000	1.825690
-0.294000	1.825690
-0.293000	1.825690
-0.292000	-1.144100
-0.291000	1.825690
-0.290000	-1.144100
-0.289000	1.825690
-0.288000	-1.144100
-0.287000	-1.144100
-0.286000	-1.144100
-0.285000	-1.144100
-0.284000	1.825690
-0.283000	1.825690
-0.282000	4.795470
-0.281000	1.825690
-0.280000	1.825690
-0.279000	1.825690
-0.278000	4.795470
-0.277000	1.825690
-0.276000	-1.144100
-0.275000	4.795470
-0.274000	1.825690
-0.273000	-1.144100
-0.272000	-1.144100
-0.271000	-1.144100
-0.270000	-4.119960
-0.269000	1.825690
-0.268000	-1.144100
-0.267000	-1.144100
-0.266000	-1.144100
-0.265000	1.825690
-0.264000	-1.144100
-0.263000	1.825690
-0.262000	1.825690
-0.261000	-1.144100
-0.260000	1.825690
-0.259000	1.825690
-0.258000	-1.144100
-0.257000	-4.119960
-0.256000	-1.144100
-0.255000	-1.144100
-0.254000	-4.119960
-0.253000	1.825690
-0.252000	-1.144100
-0.251000	1.825690
-0.250000	1.825690
-0.249000	7.771340
-0.248000	-1.144100
-0.247000	-1.144100
-0.246000	-1.144100
-0.245000	1.825690
-0.244000	4.795470
-0.243000	1.825690
-0.242000	1.825690
-0.241000	1.825690
-0.240000	1.825690
-0.239000	1.825690
-0.238000	1.825690
-0.237000	4.795470
-0.236000	-4.119960
-0.235000	-1.144100
-0.234000	-1.144100
-0.233000	-1.144100
-0.232000	-1.144100
-0.231000	-1.144100
-0.230000	1.825690
-0.229000	1.825690
-0.228000	-1.144100
-0.227000	1.825690
-0.226000	1.825690
-0.225000	1.825690
-0.224000	1.825690
-0.223000	-1.144100
-0.222000	-1.144100
-0.221000	1.825690
-0.220000	-1.144100
-0.219000	-1.144100
-0.218000	-1.144100
-0.217000	1.825690
-0.216000	-1.144100
-0.215000	-4.119960
-0.214000	-1.144100
-0.213000	1.825690
-0.212000	1.825690
-0.211000	1.825690
-0.210000	-1.144100
-0.209000	4.795470
-0.208000	-1.144100
-0.207000	1.825690
-0.206000	-1.144100
-0.205000	1.825690
-0.204000	1.825690
-0.203000	-1.144100
-0.202000	-1.144100
-0.201000	-1.144100
-0.200000	1.825690
-0.199000	4.795470
-0.198000	1.825690
-0.197000	-1.144100
-0.196000	-1.144100
-0.195000	1.825690
-0.194000	4.795470
-0.193000	1.825690
-0.192000	1.825690
-0.191000	1.825690
-0.190000	1.825690
-0.189000	-1.144100
-0.188000	-1.144100
-0.187000	-1.144100
-0.186000	-1.144100
-0.185000	-1.144100
-0.184000	-1.144100
-0.183000	-1.144100
-0.182000	4.795470
-0.181000	1.825690
-0.180000	1.825690
-0.179000	4.795470
-0.178000	4.795470
-0.177000	1.825690
-0.176000	-1.144100
-0.175000	-1.144100
-0.174000	-1.144100
-0.173000	-4.119960
-0.172000	1.825690
-0.171000	-1.144100
-0.170000	-1.144100
-0.169000	-4.119960
-0.168000	-1.144100
-0.167000	-1.144100
-0.166000	1.825690
-0.165000	4.795470
-0.164000	-1.144100
-0.163000	-1.144100
-0.162000	1.825690
-0.161000	-1.144100
-0.160000	-1.144100
-0.159000	-4.119960
-0.158000	-1.144100
-0.157000	-1.144100
-0.156000	-1.144100
-0.155000	1.825690
-0.154000	-4.119960
-0.153000	-1.144100
-0.152000	-4.119960
-0.151000	1.825690
-0.150000	-1.144100
-0.149000	-4.119960
-0.148000	-1.144100
-0.147000	-1.144100
-0.146000	-1.144100
-0.145000	1.825690
-0.144000	1.825690
-0.143000	1.825690
-0.142000	1.825690
-0.141000	4.795470
-0.140000	-1.144100
-0.139000	1.825690
-0.138000	-1.144100
-0.137000	-1.144100
-0.136000	-1.144100
-0.135000	1.825690
-0.134000	-1.144100
-0.133000	-1.144100
-0.132000	-1.144100
-0.131000	1.825690
-0.130000	1.825690
-0.129000	-4.119960
-0.128000	-1.144100
-0.127000	-1.144100
-0.126000	1.825690
-0.125000	-1.144100
-0.124000	-1.144100
-0.123000	-1.144100
-0.122000	-1.144100
-0.121000	-1.144100
-0.120000	1.825690
-0.119000	-1.144100
-0.118000	1.825690
-0.117000	1.825690
-0.116000	1.825690
-0.115000	4.795470
-0.114000	-4.119960
-0.113000	-1.144100
-0.112000	-1.144100
-0.111000	1.825690
-0.110000	1.825690
-0.109000	-1.144100
-0.108000	-1.144100
-0.107000	-1.144100
-0.106000	1.825690
-0.105000	-1.144100
-0.104000	1.825690
-0.103000	-1.144100
-0.102000	-1.144100
-0.101000	-1.144100
-0.100000	1.825690
-0.099000	1.825690
-0.098000	-4.119960
-0.097000	-1.144100
-0.096000	1.825690
-0.095000	1.825690
-0.094000	-1.144100
-0.093000	1.825690
-0.092000	-1.144100
-0.091000	1.825690
-0.090000	-1.144100
-0.089000	1.825690
-0.088000	1.825690
-0.087000	-4.119960
-0.086000	-1.144100
-0.085000	1.825690
-0.084000	-1.144100
-0.083000	1.825690
-0.082000	-1.144100
-0.081000	1.825690
-0.080000	4.795470
-0.079000	-1.144100
-0.078000	4.795470
-0.077000	1.825690
-0.076000	-1.144100
-0.075000	1.825690
-0.074000	-1.144100
-0.073000	1.825690
-0.072000	-1.144100
-0.071000	1.825690
-0.070000	-4.119960
-0.069000	-1.144100
-0.068000	-1.144100
-0.067000	1.825690
-0.066000	1.825690
-0.065000	1.825690
-0.064000	1.825690
-0.063000	-1.144100
-0.062000	1.825690
-0.061000	1.825690
-0.060000	1.825690
-0.059000	1.825690
-0.058000	1.825690
-0.057000	-1.144100
-0.056000	1.825690
-0.055000	-1.144100
-0.054000	-1.144100
-0.053000	-1.144100
-0.052000	1.825690
-0.051000	-1.144100
-0.050000	-1.144100
-0.049000	1.825690
-0.048000	1.825690
-0.047000	1.825690
-0.046000	1.825690
-0.045000	1.825690
-0.044000	-1.144100
-0.043000	4.795470
-0.042000	-1.144100
-0.041000	-1.144100
-0.040000	1.825690
-0.039000	1.825690
-0.038000	1.825690
-0.037000	-1.144100
-0.036000	1.825690
-0.035000	-1.144100
-0.034000	1.825690
-0.033000	-1.144100
-0.032000	-1.144100
-0.031000	-7.089750
-0.030000	4.795470
-0.029000	4.795470
-0.028000	4.795470
-0.027000	4.795470
-0.026000	7.771340
-0.025000	-1.144100
-0.024000	1.825690
-0.023000	4.795470
-0.022000	4.795470
-0.021000	-4.119960
-0.020000	-1.144100
-0.019000	-13.029300
-0.018000	-10.059500
-0.017000	-13.029300
-0.016000	-10.059500
-0.015000	-24.920601
-0.014000	-18.975000
-0.013000	-18.975000
-0.012000	-10.059500
-0.011000	-16.005199
-0.010000	-16.005199
-0.009000	-27.890400
-0.008000	-21.944700
-0.007000	-24.920601
-0.006000	-18.975000
-0.005000	-18.975000
-0.004000	-27.890400
-0.003000	-24.920601
-0.002000	-18.975000
-0.001000	-21.944700
0.000000	-21.944700
0.001000	-18.975000
0.002000	-13.029300
0.003000	-13.029300
0.004000	-13.029300
0.005000	-13.029300
0.006000	-16.005199
0.007000	-10.059500
0.008000	-4.119960
0.009000	-7.089750
0.010000	-4.119960
0.011000	-7.089750
0.012000	-1.144100
0.013000	4.795470
0.014000	-4.119960
0.015000	-4.119960
0.016000	4.795470
0.017000	1.825690
0.018000	7.771340
0.019000	4.795470
0.020000	7.771340
0.021000	4.795470
0.022000	4.795470
0.023000	1.825690
0.024000	1.825690
0.025000	-7.089750
0.026000	-7.089750
0.027000	-10.059500
0.028000	-13.029300
0.029000	-18.975000
0.030000	-16.005199
0.031000	-18.975000
0.032000	-18.975000
0.033000	-16.005199
0.034000	-18.975000
0.035000	-21.944700
0.036000	-24.920601
0.037000	-24.920601
0.038000	-24.920601
0.039000	-24.920601
0.040000	-24.920601
0.041000	-24.920601
0.042000	-27.890400
0.043000	-27.890400
0.044000	-27.890400
0.045000	-30.860201
0.046000	-33.830002
0.047000	-33.830002
0.048000	-36.805801
0.049000	-36.805801
0.050000	-30.860201
0.051000	-33.830002
0.052000	-27.890400
0.053000	-27.890400
0.054000	-27.890400
0.055000	-27.890400
0.056000	-27.890400
0.057000	-21.944700
0.058000	-27.890400
0.059000	-27.890400
0.060000	-24.920601
0.061000	-24.920601
0.062000	-24.920601
0.063000	-21.944700
0.064000	-21.944700
0.065000	-27.890400
0.066000	-21.944700
0.067000	-21.944700
0.068000	-21.944700
0.069000	-27.890400
0.070000	-24.920601
0.071000	-24.920601
0.072000	-24.920601
0.073000	-24.920601
0.074000	-24.920601
0.075000	-24.920601
0.076000	-27.890400
0.077000	-27.890400
0.078000	-27.890400
0.079000	-30.860201
0.080000	-30.860201
0.081000	-33.830002
0.082000	-33.830002
0.083000	-33.830002
0.084000	-36.805801
0.085000	-36.805801
0.086000	-39.775600
0.087000	-39.775600
0.088000	-39.775600
0.089000	-39.775600
0.090000	-42.745399
0.091000	-45.721298
0.092000	-39.775600
0.093000	-39.775600
0.094000	-36.805801
0.095000	-39.775600
0.096000	-36.805801
0.097000	-45.721298
0.098000	-45.721298
0.099000	-45.721298
0.100000	-45.721298
0.101000	-42.745399
0.102000	-42.745399
0.103000	-39.775600
0.104000	-39.775600
0.105000	-42.745399
0.106000	-42.745399
0.107000	-36.805801
0.108000	-36.805801
0.109000	-36.805801
0.110000	-39.775600
0.111000	-39.775600
0.112000	-36.805801
0.113000	-42.745399
0.114000	-45.721298
0.115000	-39.775600
0.116000	-39.775600
0.117000	-39.775600
0.118000	-39.775600
0.119000	-39.775600
0.120000	-42.745399
0.121000	-42.745399
0.122000	-42.745399
0.123000	-45.721298
0.124000	-42.745399
0.125000	-42.745399
0.126000	-48.691002
0.127000	-45.721298
0.128000	-48.691002
0.129000	-48.691002
0.130000	-48.691002
0.131000	-48.691002
0.132000	-54.630600
0.133000	-54.630600
0.134000	-48.691002
0.135000	-54.630600
0.136000	-54.630600
0.137000	-54.630600
0.138000	-51.660801
0.139000	-54.630600
0.140000	-54.630600
0.141000	-54.630600
0.142000	-54.630600
0.143000	-57.606499
0.144000	-57.606499
0.145000	-57.606499
0.146000	-57.606499
0.147000	-57.606499
0.148000	-60.576302
0.149000	-57.606499
0.150000	-57.606499
0.151000	-57.606499
0.152000	-54.630600
0.153000	-54.630600
0.154000	-54.630600
0.155000	-51.660801
0.156000	-51.660801
0.157000	-51.660801
0.158000	-51.660801
0.159000	-54.630600
0.160000	-60.576302
0.161000	-57.606499
0.162000	-54.630600
0.163000	-57.606499
0.164000	-57.606499
0.165000	-60.576302
0.166000	-63.546001
0.167000	-60.576302
0.168000	-60.576302
0.169000	-57.606499
0.170000	-60.576302
0.171000	-60.576302
0.172000	-57.606499
0.173000	-60.576302
0.174000	-60.576302
0.175000	-60.576302
0.176000	-63.546001
0.177000	-66.515800
0.178000	-63.546001
0.179000	-63.546001
0.180000	-60.576302
0.181000	-63.546001
0.182000	-63.546001
0.183000	-63.546001
0.184000	-60.576302
0.185000	-57.606499
0.186000	-63.546001
0.187000	-63.546001
0.188000	-66.515800
0.189000	-60.576302
0.190000	-63.546001
0.191000	-63.546001
0.192000	-69.491699
0.193000	-69.491699
0.194000	-66.515800
0.195000	-66.515800
0.196000	-66.515800
0.197000	-69.491699
0.198000	-69.491699
0.199000	-66.515800
0.200000	-69.491699
0.201000	-66.515800
0.202000	-69.491699
0.203000	-66.515800
0.204000	-69.491699
0.205000	-69.491699
0.206000	-69.491699
0.207000	-69.491699
0.208000	-69.491699
0.209000	-69.491699
0.210000	-69.491699
0.211000	-69.491699
0.212000	-72.461502
0.213000	-69.491699
0.214000	-72.461502
0.215000	-69.491699
0.216000	-75.431297
0.217000	-72.461502
0.218000	-69.491699
0.219000	-72.461502
0.220000	-72.461502
0.221000	-72.461502
0.222000	-69.491699
0.223000	-75.431297
0.224000	-69.491699
0.225000	-72.461502
0.226000	-69.491699
0.227000	-72.461502
0.228000	-69.491699
0.229000	-69.491699
0.230000	-72.461502
0.231000	-72.461502
0.232000	-72.461502
0.233000	-72.461502
0.234000	-72.461502
0.235000	-72.461502
0.236000	-72.461502
0.237000	-72.461502
0.238000	-72.461502
0.239000	-69.491699
0.240000	-75.431297
0.241000	-72.461502
0.242000	-72.461502
0.243000	-72.461502
0.244000	-75.431297
0.245000	-72.461502
0.246000	-75.431297
0.247000	-78.407097
0.248000	-78.407097
0.249000	-72.461502
0.250000	-72.461502
0.251000	-78.407097
0.252000	-78.407097
0.253000	-75.431297
0.254000	-75.431297
0.255000	-78.407097
0.256000	-75.431297
0.257000	-75.431297
0.258000	-72.461502
0.259000	-78.407097
0.260000	-78.407097
0.261000	-78.407097
0.262000	-81.376900
0.263000	-78.407097
0.264000	-81.376900
0.265000	-78.407097
0.266000	-81.376900
0.267000	-78.407097
0.268000	-81.376900
0.269000	-78.407097
0.270000	-78.407097
0.271000	-78.407097
0.272000	-75.431297
0.273000	-75.431297
0.274000	-75.431297
0.275000	-78.407097
0.276000	-78.407097
0.277000	-75.431297
0.278000	-78.407097
0.279000	-81.376900
0.280000	-78.407097
0.281000	-81.376900
0.282000	-75.431297
0.283000	-78.407097
0.284000	-78.407097
0.285000	-81.376900
0.286000	-81.376900
0.287000	-81.376900
0.288000	-78.407097
0.289000	-75.431297
0.290000	-81.376900
0.291000	-75.431297
0.292000	-78.407097
0.293000	-84.346703
0.294000	-78.407097
0.295000	-81.376900
0.296000	-81.376900
0.297000	-84.346703
0.298000	-78.407097
0.299000	-81.376900
0.300000	-81.376900
0.301000	-81.376900
0.302000	-81.376900
0.303000	-78.407097
0.304000	-78.407097
0.305000	-81.376900
0.306000	-81.376900
0.307000	-81.376900
0.308000	-81.376900
0.309000	-81.376900
0.310000	-84.346703
0.311000	-81.376900
0.312000	-81.376900
0.313000	-78.407097
0.314000	-78.407097
0.315000	-84.346703
0.316000	-84.346703
0.317000	-81.376900
0.318000	-81.376900
0.319000	-84.346703
0.320000	-81.376900
0.321000	-81.376900
0.322000	-78.407097
0.323000	-81.376900
0.324000	-84.346703
0.325000	-81.376900
0.326000	-81.376900
0.327000	-84.346703
0.328000	-84.346703
0.329000	-78.407097
0.330000	-84.346703
0.331000	-84.346703
0.332000	-81.376900
0.333000	-84.346703
0.334000	-81.376900
0.335000	-84.346703
0.336000	-81.376900
0.337000	-81.376900
0.338000	-81.376900
0.339000	-81.376900
0.340000	-81.376900
0.341000	-78.407097
0.342000	-84.346703
0.343000	-84.346703
0.344000	-84.346703
0.345000	-84.346703
0.346000	-81.376900
0.347000	-81.376900
0.348000	-84.346703
0.349000	-84.346703
0.350000	-84.346703
0.351000	-87.316498
0.352000	-84.346703
0.353000	-84.346703
0.354000	-81.376900
0.355000	-81.376900
0.356000	-90.292297
0.357000	-78.407097
0.358000	-78.407097
0.359000	-99.207802
0.360000	-90.292297
0.361000	-81.376900
0.362000	-75.431297
0.363000	-84.346703
0.364000	-81.376900
0.365000	-90.292297
0.366000	-93.262100
0.367000	-90.292297
0.368000	-93.262100
0.369000	-90.292297
0.370000	-93.262100
0.371000	-93.262100
0.372000	-90.292297
0.373000	-96.231903
0.374000	-93.262100
0.375000	-93.262100
0.376000	-93.262100
0.377000	-87.316498
0.378000	-87.316498
0.379000	-90.292297
0.380000	-93.262100
0.381000	-87.316498
0.382000	-90.292297
0.383000	-81.376900
0.384000	-81.376900
0.385000	-84.346703
0.386000	-81.376900
0.387000	-81.376900
0.388000	-81.376900
0.389000	-81.376900
0.390000	-78.407097
0.391000	-81.376900
0.392000	-81.376900
0.393000	-87.316498
0.394000	-84.346703
0.395000	-84.346703
0.396000	-84.346703
0.397000	-87.316498
0.398000	-84.346703
0.399000	-87.316498
0.400000	-87.316498
0.401000	-87.316498
0.402000	-87.316498
0.403000	-90.292297
0.404000	-93.262100
0.405000	-90.292297
0.406000	-87.316498
0.407000	-90.292297
0.408000	-93.262100
0.409000	-93.262100
0.410000	-96.231903
0.411000	-96.231903
0.412000	-96.231903
0.413000	-99.207802
0.414000	-99.207802
0.415000	-99.207802
0.416000	-99.207802
0.417000	-96.231903
0.418000	-99.207802
0.419000	-96.231903
0.420000	-99.207802
0.421000	-93.262100
0.422000	-96.231903
0.423000	-96.231903
0.424000	-99.207802
0.425000	-96.231903
0.426000	-99.207802
0.427000	-99.207802
0.428000	-96.231903
0.429000	-99.207802
0.430000	-96.231903
0.431000	-96.231903
0.432000	-102.178001
0.433000	-99.207802
0.434000	-96.231903
0.435000	-96.231903
0.436000	-96.231903
0.437000	-99.207802
0.438000	-99.207802
0.439000	-99.207802
0.440000	-99.207802
0.441000	-99.207802
0.442000	-96.231903
0.443000	-99.207802
0.444000	-102.178001
0.445000	-99.207802
0.446000	-99.207802
0.447000	-96.231903
0.448000	-99.207802
0.449000	-102.178001
0.450000	-99.207802
0.451000	-102.178001
0.452000	-102.178001
0.453000	-102.178001
0.454000	-99.207802
0.455000	-105.147003
0.456000	-102.178001
0.457000	-99.207802
0.458000	-102.178001
0.459000	-105.147003
0.460000	-102.178001
0.461000	-108.116997
0.462000	-105.147003
0.463000	-105.147003
0.464000	-105.147003
0.465000	-105.147003
0.466000	-105.147003
0.467000	-105.147003
0.468000	-105.147003
0.469000	-105.147003
0.470000	-105.147003
0.471000	-108.116997
0.472000	-108.116997
0.473000	-105.147003
0.474000	-105.147003
0.475000	-105.147003
0.476000	-108.116997
0.477000	-111.093002
0.478000	-108.116997
0.479000	-111.093002
0.480000	-111.093002
0.481000	-111.093002
0.482000	-105.147003
0.483000	-108.116997
0.484000	-108.116997
0.485000	-108.116997
0.486000	-105.147003
0.487000	-108.116997
0.488000	-108.116997
0.489000	-108.116997
0.490000	-105.147003
0.491000	-108.116997
0.492000	-108.116997
0.493000	-111.093002
0.494000	-108.116997
0.495000	-111.093002
0.496000	-114.063004
0.497000	-149.718002
0.498000	-173.494995
0.499000	13.710900
0.500000	28.572001
0.501000	-93.262100
0.502000	-36.805801
0.503000	141.485001
0.504000	159.315002
0.505000	73.143097
0.506000	-30.860201
0.507000	-78.407097
0.508000	-93.262100
0.509000	-84.346703
0.510000	-114.063004
0.511000	-191.320007
0.512000	-241.835999
0.513000	-215.095993
0.514000	-224.005997
0.515000	-206.181000
0.516000	-200.235001
0.517000	-226.981003
0.518000	-143.779007
0.519000	-137.832993
0.520000	-188.350006
0.521000	-185.380005
0.522000	-155.664001
0.523000	-122.977997
0.524000	-134.863007
0.525000	-146.748993
0.526000	-99.207802
0.527000	-57.606499
0.528000	-63.546001
0.529000	-42.745399
0.530000	-13.029300
0.531000	-4.119960
0.532000	1.825690
0.533000	7.771340
0.534000	25.596100
0.535000	31.541800
0.536000	34.511600
0.537000	10.741100
0.538000	1.825690
0.539000	1.825690
0.540000	-16.005199
0.541000	-21.944700
0.542000	-24.920601
0.543000	-30.860201
0.544000	-24.920601
0.545000	-33.830002
0.546000	-30.860201
0.547000	-27.890400
0.548000	-30.860201
0.549000	-30.860201
0.550000	-36.805801
0.551000	-57.606499
0.552000	-60.576302
0.553000	-75.431297
0.554000	-87.316498
0.555000	-96.231903
0.556000	-105.147003
0.557000	-111.093002
0.558000	-122.977997
0.559000	-122.977997
0.560000	-125.947998
0.561000	-128.917999
0.562000	-134.863007
0.563000	-120.008003
0.564000	-125.947998
0.565000	-117.032997
0.566000	-108.116997
0.567000	-105.147003
0.568000	-102.178001
0.569000	-90.292297
0.570000	-81.376900
0.571000	-75.431297
0.572000	-75.431297
0.573000	-57.606499
0.574000	-48.691002
0.575000	-33.830002
0.576000	-24.920601
0.577000	-21.944700
0.578000	-24.920601
0.579000	-21.944700
0.580000	-18.975000
0.581000	-16.005199
0.582000	-18.975000
0.583000	-27.890400
0.584000	-27.890400
0.585000	-30.860201
0.586000	-30.860201
0.587000	-33.830002
0.588000	-33.830002
0.589000	-36.805801
0.590000	-36.805801
0.591000	-33.830002
0.592000	-33.830002
0.593000	-36.805801
0.594000	-36.805801
0.595000	-36.805801
0.596000	-42.745399
0.597000	-48.691002
0.598000	-39.775600
0.599000	-39.775600
0.600000	-36.805801
0.601000	-42.745399
0.602000	-42.745399
0.603000	-42.745399
0.604000	-39.775600
0.605000	-39.775600
0.606000	-45.721298
0.607000	-48.691002
0.608000	-54.630600
0.609000	-57.606499
0.610000	-60.576302
0.611000	-69.491699
0.612000	-72.461502
0.613000	-72.461502
0.614000	-69.491699
0.615000	-69.491699
0.616000	-69.491699
0.617000	-60.576302
0.618000	-57.606499
0.619000	-60.576302
0.620000	-60.576302
0.621000	-57.606499
0.622000	-48.691002
0.623000	-45.721298
0.624000	-39.775600
0.625000	-36.805801
0.626000	-36.805801
0.627000	-33.830002
0.628000	-27.890400
0.629000	-21.944700
0.630000	-27.890400
0.631000	-21.944700
0.632000	-18.975000
0.633000	-21.944700
0.634000	-24.920601
0.635000	-21.944700
0.636000	-21.944700
0.637000	-27.890400
0.638000	-27.890400
0.639000	-27.890400
0.640000	-30.860201
0.641000	-30.860201
0.642000	-33.830002
0.643000	-36.805801
0.644000	-39.775600
0.645000	-36.805801
0.646000	-42.745399
0.647000	-45.721298
0.648000	-39.775600
0.649000	-39.775600
0.650000	-42.745399
0.651000	-45.721298
0.652000	-48.691002
0.653000	-48.691002
0.654000	-48.691002
0.655000	-42.745399
0.656000	-45.721298
0.657000	-45.721298
0.658000	-39.775600
0.659000	-39.775600
0.660000	-39.775600
0.661000	-42.745399
0.662000	-36.805801
0.663000	-33.830002
0.664000	-33.830002
0.665000	-36.805801
0.666000	-27.890400
0.667000	-24.920601
0.668000	-24.920601
0.669000	-24.920601
0.670000	-18.975000
0.671000	-16.005199
0.672000	-16.005199
0.673000	-18.975000
0.674000	-16.005199
0.675000	-13.029300
0.676000	-13.029300
0.677000	-13.029300
0.678000	-16.005199
0.679000	-10.059500
0.680000	-13.029300
0.681000	-18.975000
0.682000	-16.005199
0.683000	-18.975000
0.684000	-13.029300
0.685000	-16.005199
0.686000	-16.005199
0.687000	-16.005199
0.688000	-13.029300
0.689000	-10.059500
0.690000	-13.029300
0.691000	-16.005199
0.692000	-16.005199
0.693000	-13.029300
0.694000	-18.975000
0.695000	-21.944700
0.696000	-18.975000
0.697000	-18.975000
0.698000	-18.975000
0.699000	-18.975000
0.700000	-21.944700
0.701000	-27.890400
0.702000	-21.944700
0.703000	-18.975000
0.704000	-24.920601
0.705000	-24.920601
0.706000	-18.975000
0.707000	-18.975000
0.708000	-16.005199
0.709000	-18.975000
0.710000	-18.975000
0.711000	-16.005199
0.712000	-10.059500
0.713000	-10.059500
0.714000	-7.089750
0.715000	-10.059500
0.716000	-1.144100
0.717000	-1.144100
0.718000	-1.144100
0.719000	-1.144100
0.720000	1.825690
0.721000	1.825690
0.722000	4.795470
0.723000	1.825690
0.724000	1.825690
0.725000	-1.144100
0.726000	1.825690
0.727000	-1.144100
0.728000	-1.144100
0.729000	-1.144100
0.730000	1.825690
0.731000	4.795470
0.732000	1.825690
0.733000	1.825690
0.734000	7.771340
0.735000	7.771340
0.736000	10.741100
0.737000	4.795470
0.738000	7.771340
0.739000	1.825690
0.740000	1.825690
0.741000	7.771340
0.742000	13.710900
0.743000	19.656601
0.744000	22.626301
0.745000	13.710900
0.746000	10.741100
0.747000	13.710900
0.748000	16.680700
0.749000	19.656601
0.750000	19.656601
0.751000	13.710900
0.752000	19.656601
0.753000	22.626301
0.754000	7.771340
0.755000	13.710900
0.756000	10.741100
0.757000	7.771340
0.758000	10.741100
0.759000	10.741100
0.760000	10.741100
0.761000	10.741100
0.762000	4.795470
0.763000	7.771340
0.764000	13.710900
0.765000	7.771340
0.766000	10.741100
0.767000	13.710900
0.768000	16.680700
0.769000	13.710900
0.770000	10.741100
0.771000	7.771340
0.772000	16.680700
0.773000	16.680700
0.774000	19.656601
0.775000	13.710900
0.776000	16.680700
0.777000	19.656601
0.778000	19.656601
0.779000	16.680700
0.780000	16.680700
0.781000	13.710900
0.782000	22.626301
0.783000	22.626301
0.784000	22.626301
0.785000	22.626301
0.786000	25.596100
0.787000	25.596100
0.788000	28.572001
0.789000	28.572001
0.790000	28.572001
0.791000	31.541800
0.792000	28.572001
0.793000	28.572001
0.794000	19.656601
0.795000	22.626301
0.796000	25.596100
0.797000	22.626301
0.798000	19.656601
0.799000	19.656601
0.800000	22.626301
0.801000	13.710900
0.802000	10.741100
0.803000	13.710900
0.804000	19.656601
0.805000	19.656601
0.806000	16.680700
0.807000	10.741100
0.808000	10.741100
0.809000	7.771340
0.810000	13.710900
0.811000	7.771340
0.812000	10.741100
0.813000	10.741100
0.814000	10.741100
0.815000	13.710900
0.816000	7.771340
0.817000	7.771340
0.818000	10.741100
0.819000	10.741100
0.820000	10.741100
0.821000	10.741100
0.822000	13.710900
0.823000	13.710900
0.824000	7.771340
0.825000	4.795470
0.826000	7.771340
0.827000	10.741100
0.828000	16.680700
0.829000	16.680700
0.830000	19.656601
0.831000	16.680700
0.832000	16.680700
0.833000	19.656601
0.834000	13.710900
0.835000	16.680700
0.836000	19.656601
0.837000	13.710900
0.838000	16.680700
0.839000	13.710900
0.840000	13.710900
0.841000	13.710900
0.842000	10.741100
0.843000	10.741100
0.844000	7.771340
0.845000	10.741100
0.846000	4.795470
0.847000	7.771340
0.848000	4.795470
0.849000	4.795470
0.850000	4.795470
0.851000	-1.144100
0.852000	-1.144100
0.853000	4.795470
0.854000	-1.144100
0.855000	-1.144100
0.856000	-1.144100
0.857000	-1.144100
0.858000	-1.144100
0.859000	-4.119960
0.860000	-4.119960
0.861000	-4.119960
0.862000	-4.119960
0.863000	-7.089750
0.864000	-4.119960
0.865000	-13.029300
0.866000	-10.059500
0.867000	-7.089750
0.868000	-1.144100
0.869000	-7.089750
0.870000	-10.059500
0.871000	-4.119960
0.872000	-1.144100
0.873000	-7.089750
0.874000	-10.059500
0.875000	-10.059500
0.876000	-4.119960
0.877000	-7.089750
0.878000	-10.059500
0.879000	-7.089750
0.880000	-10.059500
0.881000	-10.059500
0.882000	-7.089750
0.883000	-7.089750
0.884000	-7.089750
0.885000	-10.059500
0.886000	-7.089750
0.887000	-13.029300
0.888000	-10.059500
0.889000	-10.059500
0.890000	-7.089750
0.891000	-13.029300
0.892000	-13.029300
0.893000	-18.975000
0.894000	-18.975000
0.895000	-16.005199
0.896000	-18.975000
0.897000	-21.944700
0.898000	-21.944700
0.899000	-21.944700
0.900000	-16.005199
0.901000	-24.920601
0.902000	-27.890400
0.903000	-24.920601
0.904000	-24.920601
0.905000	-24.920601
0.906000	-27.890400
0.907000	-27.890400
0.908000	-24.920601
0.909000	-24.920601
0.910000	-24.920601
0.911000	-27.890400
0.912000	-27.890400
0.913000	-27.890400
0.914000	-30.860201
0.915000	-27.890400
0.916000	-24.920601
0.917000	-27.890400
0.918000	-27.890400
0.919000	-24.920601
0.920000	-27.890400
0.921000	-27.890400
0.922000	-21.944700
0.923000	-24.920601
0.924000	-27.890400
0.925000	-24.920601
0.926000	-24.920601
0.927000	-27.890400
0.928000	-27.890400
0.929000	-33.830002
0.930000	-33.830002
0.931000	-30.860201
0.932000	-30.860201
0.933000	-27.890400
0.934000	-33.830002
0.935000	-27.890400
0.936000	-24.920601
0.937000	-27.890400
0.938000	-30.860201
0.939000	-33.830002
0.940000	-27.890400
0.941000	-24.920601
0.942000	-30.860201
0.943000	-33.830002
0.944000	-33.830002
0.945000	-30.860201
0.946000	-33.830002
0.947000	-27.890400
0.948000	-30.860201
0.949000	-30.860201
0.950000	-27.890400
0.951000	-27.890400
0.952000	-30.860201
0.953000	-33.830002
0.954000	-30.860201
0.955000	-27.890400
0.956000	-27.890400
0.957000	-33.830002
0.958000	-33.830002
0.959000	-33.830002
0.960000	-33.830002
0.961000	-30.860201
0.962000	-30.860201
0.963000	-30.860201
0.964000	-30.860201
0.965000	-30.860201
0.966000	-30.860201
0.967000	-27.890400
0.968000	-30.860201
0.969000	-24.920601
0.970000	-24.920601
0.971000	-30.860201
0.972000	-24.920601
0.973000	-27.890400
0.974000	-27.890400
0.975000	-30.860201
0.976000	-27.890400
0.977000	-21.944700
0.978000	-24.920601
0.979000	-21.944700
0.980000	-27.890400
0.981000	-24.920601
0.982000	-24.920601
0.983000	-24.920601
0.984000	-24.920601
0.985000	-21.944700
0.986000	-21.944700
0.987000	-18.975000
0.988000	-18.975000
0.989000	-18.975000
0.990000	-16.005199
0.991000	-16.005199
0.992000	-16.005199
0.993000	-16.005199
0.994000	-13.029300
0.995000	-16.005199
0.996000	-16.005199
0.997000	-16.005199
0.998000	-16.005199
0.999000	-16.005199
1.000000	-18.975000
1.001000	-16.005199
1.002000	-16.005199
1.003000	-16.005199
1.004000	-13.029300
1.005000	-13.029300
1.006000	-13.029300
1.007000	-16.005199
1.008000	-13.029300
1.009000	-13.029300
1.010000	-18.975000
1.011000	-16.005199
1.012000	-16.005199
1.013000	-16.005199
1.014000	-18.975000
1.015000	-16.005199
1.016000	-13.029300
1.017000	-18.975000
1.018000	-18.975000
1.019000	-13.029300
1.020000	-13.029300
1.021000	-16.005199
1.022000	-13.029300
1.023000	-16.005199
1.024000	-16.005199
1.025000	-10.059500
1.026000	-10.059500
1.027000	-10.059500
1.028000	-10.059500
1.029000	-13.029300
1.030000	-10.059500
1.031000	-10.059500
1.032000	-7.089750
1.033000	-10.059500
1.034000	-10.059500
1.035000	-10.059500
1.036000	-7.089750
1.037000	-10.059500
1.038000	-10.059500
1.039000	-4.119960
1.040000	-1.144100
1.041000	-4.119960
1.042000	-4.119960
1.043000	-4.119960
1.044000	-1.144100
1.045000	-1.144100
1.046000	-4.119960
1.047000	-7.089750
1.048000	-1.144100
1.049000	-1.144100
1.050000	4.795470
1.051000	-1.144100
1.052000	4.795470
1.053000	1.825690
1.054000	-1.144100
1.055000	1.825690
1.056000	-1.144100
1.057000	4.795470
1.058000	-1.144100
1.059000	1.825690
1.060000	-1.144100
1.061000	-4.119960
1.062000	-4.119960
1.063000	-4.119960
1.064000	-4.119960
1.065000	-1.144100
1.066000	-4.119960
1.067000	1.825690
1.068000	-1.144100
1.069000	-1.144100
1.070000	-4.119960
1.071000	1.825690
1.072000	-1.144100
1.073000	-1.144100
1.074000	-1.144100
1.075000	-4.119960
1.076000	-1.144100
1.077000	-4.119960
1.078000	1.825690
1.079000	-1.144100
1.080000	-1.144100
1.081000	4.795470
1.082000	4.795470
1.083000	-1.144100
1.084000	1.825690
1.085000	1.825690
1.086000	1.825690
1.087000	1.825690
1.088000	4.795470
1.089000	1.825690
1.090000	1.825690
1.091000	4.795470
1.092000	1.825690
1.093000	-1.144100
1.094000	7.771340
1.095000	1.825690
1.096000	4.795470
1.097000	4.795470
1.098000	-1.144100
1.099000	1.825690
1.100000	1.825690
1.101000	1.825690
1.102000	1.825690
1.103000	-1.144100
1.104000	-1.144100
1.105000	1.825690
1.106000	7.771340
1.107000	1.825690
1.108000	-1.144100
1.109000	1.825690
1.110000	1.825690
1.111000	1.825690
1.112000	-1.144100
1.113000	-1.144100
1.114000	-1.144100
1.115000	-1.144100
1.116000	-1.144100
1.117000	-4.119960
1.118000	-1.144100
1.119000	-1.144100
1.120000	1.825690
1.121000	-1.144100
1.122000	-1.144100
1.123000	1.825690
1.124000	-1.144100
1.125000	-1.144100
1.126000	-7.089750
1.127000	-4.119960
1.128000	-4.119960
1.129000	-4.119960
1.130000	-7.089750
1.131000	-10.059500
1.132000	-7.089750
1.133000	-4.119960
1.134000	-4.119960
1.135000	-7.089750
1.136000	-10.059500
1.137000	-1.144100
1.138000	-7.089750
1.139000	-7.089750
1.140000	-4.119960
1.141000	-7.089750
1.142000	-4.119960
1.143000	-7.089750
1.144000	-7.089750
1.145000	-7.089750
1.146000	-7.089750
1.147000	-7.089750
1.148000	-10.059500
1.149000	-10.059500
1.150000	-7.089750
1.151000	-10.059500
1.152000	-10.059500
1.153000	-10.059500
1.154000	-10.059500
1.155000	-10.059500
1.156000	-10.059500
1.157000	-10.059500
1.158000	-13.029300
1.159000	-13.029300
1.160000	-10.059500
1.161000	-13.029300
1.162000	-13.029300
1.163000	-13.029300
1.164000	-16.005199
1.165000	-16.005199
1.166000	-13.029300
1.167000	-16.005199
1.168000	-13.029300
1.169000	-16.005199
1.170000	-13.029300
1.171000	-18.975000
1.172000	-16.005199
1.173000	-16.005199
1.174000	-13.029300
1.175000	-18.975000
1.176000	-16.005199
1.177000	-16.005199
1.178000	-18.975000
1.179000	-18.975000
1.180000	-16.005199
1.181000	-18.975000
1.182000	-18.975000
1.183000	-18.975000
1.184000	-16.005199
1.185000	-16.005199
1.186000	-16.005199
1.187000	-16.005199
1.188000	-16.005199
1.189000	-18.975000
1.190000	-16.005199
1.191000	-18.975000
1.192000	-18.975000
1.193000	-16.005199
1.194000	-18.975000
1.195000	-16.005199
1.196000	-21.944700
1.197000	-18.975000
1.198000	-21.944700
1.199000	-18.975000
1.200000	-16.005199
1.201000	-18.975000
1.202000	-21.944700
1.203000	-18.975000
1.204000	-18.975000
1.205000	-18.975000
1.206000	-21.944700
1.207000	-16.005199
1.208000	-16.005199
1.209000	-18.975000
1.210000	-16.005199
1.211000	-21.944700
1.212000	-16.005199
1.213000	-18.975000
1.214000	-18.975000
1.215000	-16.005199
1.216000	-18.975000
1.217000	-18.975000
1.218000	-18.975000
1.219000	-18.975000
1.220000	-18.975000
1.221000	-16.005199
1.222000	-16.005199
1.223000	-16.005199
1.224000	-18.975000
1.225000	-18.975000
1.226000	-18.975000
1.227000	-18.975000
1.228000	-16.005199
1.229000	-16.005199
1.230000	-18.975000
1.231000	-18.975000
1.232000	-16.005199
1.233000	-16.005199
1.234000	-16.005199
1.235000	-16.005199
1.236000	-16.005199
1.237000	-13.029300
1.238000	-16.005199
1.239000	-13.029300
1.240000	-16.005199
1.241000	-10.059500
1.242000	-16.005199
1.243000	-13.029300
1.244000	-13.029300
1.245000	-13.029300
1.246000	-18.975000
1.247000	-13.029300
1.248000	-13.029300
1.249000	-13.029300
1.250000	-10.059500
1.251000	-13.029300
1.252000	-10.059500
1.253000	-13.029300
1.254000	-10.059500
1.255000	-13.029300
1.256000	-10.059500
1.257000	-10.059500
1.258000	-7.089750
1.259000	-13.029300
1.260000	-10.059500
1.261000	-10.059500
1.262000	-10.059500
1.263000	-10.059500
1.264000	-13.029300
1.265000	-10.059500
1.266000	-13.029300
1.267000	-13.029300
1.268000	-7.089750
1.269000	-7.089750
1.270000	-7.089750
1.271000	-4.119960
1.272000	-7.089750
1.273000	-7.089750
1.274000	-10.059500
1.275000	-7.089750
1.276000	-7.089750
1.277000	-4.119960
1.278000	-10.059500
1.279000	-7.089750
1.280000	-10.059500
1.281000	-7.089750
1.282000	-7.089750
1.283000	-10.059500
1.284000	-10.059500
1.285000	-7.089750
1.286000	-7.089750
1.287000	-4.119960
1.288000	-7.089750
1.289000	-10.059500
1.290000	-4.119960
1.291000	-7.089750
1.292000	-7.089750
1.293000	-7.089750
1.294000	-7.089750
1.295000	-7.089750
1.296000	-7.089750
1.297000	-7.089750
1.298000	-10.059500
1.299000	-7.089750
1.300000	-4.119960
1.301000	-4.119960
1.302000	-4.119960
1.303000	-4.119960
1.304000	-7.089750
1.305000	-7.089750
1.306000	-4.119960
1.307000	-7.089750
1.308000	-4.119960
1.309000	-7.089750
1.310000	-4.119960
1.311000	-1.144100
1.312000	-4.119960
1.313000	-7.089750
1.314000	-4.119960
1.315000	-7.089750
1.316000	-1.144100
1.317000	-4.119960
1.318000	-7.089750
1.319000	-4.119960
1.320000	-4.119960
1.321000	-4.119960
1.322000	-4.119960
1.323000	-4.119960
1.324000	-4.119960
1.325000	-4.119960
1.326000	-7.089750
1.327000	-1.144100
1.328000	-1.144100
1.329000	-4.119960
1.330000	-4.119960
1.331000	-10.059500
1.332000	-7.089750
1.333000	-4.119960
1.334000	-7.089750
1.335000	-4.119960
1.336000	-4.119960
1.337000	-1.144100
1.338000	-4.119960
1.339000	-4.119960
1.340000	-7.089750
1.341000	-4.119960
1.342000	-4.119960
1.343000	-7.089750
1.344000	-7.089750
1.345000	-4.119960
1.346000	-7.089750
1.347000	-7.089750
1.348000	-10.059500
1.349000	-10.059500
1.350000	-7.089750
1.351000	-7.089750
1.352000	-10.059500
1.353000	-7.089750
1.354000	-7.089750
1.355000	-4.119960
1.356000	-7.089750
1.357000	-10.059500
1.358000	-7.089750
1.359000	-7.089750
1.360000	-7.089750
1.361000	-7.089750
1.362000	-10.059500
1.363000	-10.059500
1.364000	-10.059500
1.365000	-10.059500
1.366000	-7.089750
1.367000	-7.089750
1.368000	-7.089750
1.369000	-10.059500
1.370000	-4.119960
1.371000	-7.089750
1.372000	-7.089750
1.373000	-7.089750
1.374000	-10.059500
1.375000	-10.059500
1.376000	-10.059500
1.377000	-10.059500
1.378000	-7.089750
1.379000	-7.089750
1.380000	-7.089750
1.381000	-10.059500
1.382000	-7.089750
1.383000	-7.089750
1.384000	-4.119960
1.385000	-7.089750
1.386000	-7.089750
1.387000	-7.089750
1.388000	-7.089750
1.389000	-7.089750
1.390000	-7.089750
1.391000	-10.059500
1.392000	-10.059500
1.393000	-10.059500
1.394000	-10.059500
1.395000	-7.089750
1.396000	-13.029300
1.397000	-7.089750
1.398000	-7.089750
1.399000	-7.089750
1.400000	-7.089750
1.401000	-10.059500
1.402000	-10.059500
1.403000	-7.089750
1.404000	-7.089750
1.405000	-10.059500
1.406000	-7.089750
1.407000	-13.029300
1.408000	-7.089750
1.409000	-10.059500
1.410000	-10.059500
1.411000	-10.059500
1.412000	-10.059500
1.413000	-10.059500
1.414000	-13.029300
1.415000	-16.005199
1.416000	-16.005199
1.417000	-10.059500
1.418000	-10.059500
1.419000	-7.089750
1.420000	-4.119960
1.421000	-7.089750
1.422000	-1.144100
1.423000	-1.144100
1.424000	-4.119960
1.425000	-10.059500
1.426000	-10.059500
1.427000	-10.059500
1.428000	-10.059500
1.429000	-10.059500
1.430000	-16.005199
1.431000	-13.029300
1.432000	-13.029300
1.433000	-10.059500
1.434000	-10.059500
1.435000	-16.005199
1.436000	-13.029300
1.437000	-16.005199
1.438000	-10.059500
1.439000	-13.029300
1.440000	-13.029300
1.441000	-10.059500
1.442000	-7.089750
1.443000	-13.029300
1.444000	-10.059500
1.445000	-10.059500
1.446000	-13.029300
1.447000	-10.059500
1.448000	-7.089750
1.449000	-4.119960
1.450000	-10.059500
1.451000	-10.059500
1.452000	-10.059500
1.453000	-7.089750
1.454000	-7.089750
1.455000	-10.059500
1.456000	-7.089750
1.457000	-7.089750
1.458000	-13.029300
1.459000	-7.089750
1.460000	-10.059500
1.461000	-10.059500
1.462000	-7.089750
1.463000	-10.059500
1.464000	-7.089750
1.465000	-7.089750
1.466000	-7.089750
1.467000	-10.059500
1.468000	-13.029300
1.469000	-10.059500
1.470000	-10.059500
1.471000	-7.089750
1.472000	-7.089750
1.473000	-10.059500
1.474000	-10.059500
1.475000	-7.089750
1.476000	-13.029300
1.477000	-10.059500
1.478000	-10.059500
1.479000	-10.059500
1.480000	-13.029300
1.481000	-13.029300
1.482000	-10.059500
1.483000	-13.029300
1.484000	-13.029300
1.485000	-10.059500
1.486000	-13.029300
1.487000	-10.059500
1.488000	-13.029300
1.489000	-10.059500
1.490000	-10.059500
1.491000	-13.029300
1.492000	-10.059500
1.493000	-16.005199
1.494000	-13.029300
1.495000	-7.089750
1.496000	-13.029300
1.497000	-13.029300
1.498000	-13.029300
1.499000	-10.059500
1.500000	-10.059500
1.501000	-13.029300
1.502000	-13.029300
1.503000	-10.059500
1.504000	-10.059500
1.505000	-7.089750
1.506000	-7.089750
1.507000	-10.059500
1.508000	-13.029300
1.509000	-10.059500
1.510000	-10.059500
1.511000	-7.089750
1.512000	-10.059500
1.513000	-13.029300
1.514000	-10.059500
1.515000	-10.059500
1.516000	-10.059500
1.517000	-13.029300
1.518000	-7.089750
1.519000	-10.059500
1.520000	-10.059500
1.521000	-13.029300
1.522000	-10.059500
1.523000	-13.029300
1.524000	-13.029300
1.525000	-13.029300
1.526000	-13.029300
1.527000	-16.005199
1.528000	-13.029300
1.529000	-13.029300
1.530000	-16.005199
1.531000	-16.005199
1.532000	-16.005199
1.533000	-13.029300
1.534000	-13.029300
1.535000	-13.029300
1.536000	-13.029300
1.537000	-13.029300
1.538000	-13.029300
1.539000	-10.059500
1.540000	-13.029300
1.541000	-13.029300
1.542000	-13.029300
1.543000	-10.059500
1.544000	-13.029300
1.545000	-13.029300
1.546000	-10.059500
1.547000	-10.059500
1.548000	-13.029300
1.549000	-13.029300
1.550000	-13.029300
1.551000	-13.029300
1.552000	-13.029300
1.553000	-10.059500
1.554000	-10.059500
1.555000	-10.059500
1.556000	-10.059500
1.557000	-10.059500
1.558000	-13.029300
1.559000	-10.059500
1.560000	-10.059500
1.561000	-13.029300
1.562000	-16.005199
1.563000	-10.059500
1.564000	-10.059500
1.565000	-13.029300
1.566000	-10.059500
1.567000	-13.029300
1.568000	-13.029300
1.569000	-13.029300
1.570000	-10.059500
1.571000	-10.059500
1.572000	-10.059500
1.573000	-7.089750
1.574000	-13.029300
1.575000	-13.029300
1.576000	-10.059500
1.577000	-10.059500
1.578000	-13.029300
1.579000	-13.029300
1.580000	-13.029300
1.581000	-10.059500
1.582000	-13.029300
1.583000	-13.029300
1.584000	-13.029300
1.585000	-13.029300
1.586000	-10.059500
1.587000	-13.029300
1.588000	-10.059500
1.589000	-13.029300
1.590000	-10.059500
1.591000	-10.059500
1.592000	-13.029300
1.593000	-13.029300
1.594000	-10.059500
1.595000	-16.005199
1.596000	-13.029300
1.597000	-16.005199
1.598000	-10.059500
1.599000	-13.029300
1.600000	-16.005199
1.601000	-10.059500
1.602000	-10.059500
1.603000	-13.029300
1.604000	-10.059500
1.605000	-13.029300
1.606000	-13.029300
1.607000	-13.029300
1.608000	-10.059500
1.609000	-16.005199
1.610000	-13.029300
1.611000	-10.059500
1.612000	-13.029300
1.613000	-13.029300
1.614000	-13.029300
1.615000	-13.029300
1.616000	-13.029300
1.617000	-10.059500
1.618000	-13.029300
1.619000	-13.029300
1.620000	-16.005199
1.621000	-10.059500
1.622000	-13.029300
1.623000	-13.029300
1.624000	-13.029300
1.625000	-13.029300
1.626000	-16.005199
1.627000	-16.005199
1.628000	-13.029300
1.629000	-10.059500
1.630000	-16.005199
1.631000	-10.059500
1.632000	-10.059500
1.633000	-10.059500
1.634000	-10.059500
1.635000	-13.029300
1.636000	-10.059500
1.637000	-13.029300
1.638000	-13.029300
1.639000	-10.059500
1.640000	-10.059500
1.641000	-13.029300
1.642000	-13.029300
1.643000	-10.059500
1.644000	-13.029300
1.645000	-13.029300
1.646000	-16.005199
1.647000	-10.059500
1.648000	-13.029300
1.649000	-10.059500
1.650000	-13.029300
1.651000	-13.029300
1.652000	-16.005199
1.653000	-13.029300
1.654000	-13.029300
1.655000	-16.005199
1.656000	-13.029300
1.657000	-10.059500
1.658000	-16.005199
1.659000	-16.005199
1.660000	-10.059500
1.661000	-13.029300
1.662000	-13.029300
1.663000	-16.005199
1.664000	-13.029300
1.665000	-13.029300
1.666000	-7.089750
1.667000	-10.059500
1.668000	-10.059500
1.669000	-10.059500
1.670000	-13.029300
1.671000	-16.005199
1.672000	-13.029300
1.673000	-10.059500
1.674000	-10.059500
1.675000	-13.029300
1.676000	-16.005199
1.677000	-16.005199
1.678000	-13.029300
1.679000	-13.029300
1.680000	-16.005199
1.681000	-18.975000
1.682000	-10.059500
1.683000	-16.005199
1.684000	-16.005199
1.685000	-7.089750
1.686000	-16.005199
1.687000	-10.059500
1.688000	-10.059500
1.689000	-13.029300
1.690000	-16.005199
1.691000	-13.029300
1.692000	-13.029300
1.693000	-13.029300
1.694000	-16.005199
1.695000	-16.005199
1.696000	-16.005199
1.697000	-16.005199
1.698000	-13.029300
1.699000	-13.029300
1.700000	-16.005199
1.701000	-13.029300
1.702000	-16.005199
1.703000	-16.005199
1.704000	-10.059500
1.705000	-10.059500
1.706000	-16.005199
1.707000	-13.029300
1.708000	-16.005199
1.709000	-13.029300
1.710000	-13.029300
1.711000	-16.005199
1.712000	-13.029300
1.713000	-13.029300
1.714000	-18.975000
1.715000	-13.029300
1.716000	-16.005199
1.717000	-13.029300
1.718000	-13.029300
1.719000	-13.029300
1.720000	-13.029300
1.721000	-13.029300
1.722000	-13.029300
1.723000	-13.029300
1.724000	-16.005199
1.725000	-16.005199
1.726000	-13.029300
1.727000	-13.029300
1.728000	-16.005199
1.729000	-18.975000
1.730000	-16.005199
1.731000	-16.005199
1.732000	-16.005199
1.733000	-13.029300
1.734000	-13.029300
1.735000	-13.029300
1.736000	-13.029300
1.737000	-16.005199
1.738000	-13.029300
1.739000	-16.005199
1.740000	-13.029300
1.741000	-13.029300
1.742000	-13.029300
1.743000	-18.975000
1.744000	-13.029300
1.745000	-16.005199
1.746000	-18.975000
1.747000	-13.029300
1.748000	-13.029300
1.749000	-16.005199
1.750000	-13.029300
1.751000	-13.029300
1.752000	-16.005199
1.753000	-13.029300
1.754000	-13.029300
1.755000	-10.059500
1.756000	-13.029300
1.757000	-13.029300
1.758000	-16.005199
1.759000	-10.059500
1.760000	-13.029300
1.761000	-16.005199
1.762000	-13.029300
1.763000	-16.005199
1.764000	-13.029300
1.765000	-16.005199
1.766000	-13.029300
1.767000	-13.029300
1.768000	-16.005199
1.769000	-13.029300
1.770000	-13.029300
1.771000	-10.059500
1.772000	-16.005199
1.773000	-13.029300
1.774000	-10.059500
1.775000	-13.029300
1.776000	-13.029300
1.777000	-10.059500
1.778000	-16.005199
1.779000	-16.005199
1.780000	-13.029300
1.781000	-13.029300
1.782000	-16.005199
1.783000	-13.029300
1.784000	-16.005199
1.785000	-13.029300
1.786000	-13.029300
1.787000	-10.059500
1.788000	-13.029300
1.789000	-13.029300
1.790000	-13.029300
1.791000	-13.029300
1.792000	-16.005199
1.793000	-16.005199
1.794000	-13.029300
1.795000	-16.005199
1.796000	-16.005199
1.797000	-16.005199
1.798000	-13.029300
1.799000	-16.005199
1.800000	-16.005199
1.801000	-13.029300
1.802000	-13.029300
1.803000	-13.029300
1.804000	-13.029300
1.805000	-16.005199
1.806000	-13.029300
1.807000	-16.005199
1.808000	-13.029300
1.809000	-16.005199
1.810000	-13.029300
1.811000	-10.059500
1.812000	-16.005199
1.813000	-16.005199
1.814000	-13.029300
1.815000	-13.029300
1.816000	-10.059500
1.817000	-16.005199
1.818000	-10.059500
1.819000	-13.029300
1.820000	-16.005199
1.821000	-13.029300
1.822000	-13.029300
1.823000	-10.059500
1.824000	-13.029300
1.825000	-16.005199
1.826000	-13.029300
1.827000	-13.029300
1.828000	-16.005199
1.829000	-16.005199
1.830000	-16.005199
1.831000	-16.005199
1.832000	-13.029300
1.833000	-16.005199
1.834000	-13.029300
1.835000	-13.029300
1.836000	-18.975000
1.837000	-16.005199
1.838000	-13.029300
1.839000	-13.029300
1.840000	-13.029300
1.841000	-10.059500
1.842000	-16.005199
1.843000	-18.975000
1.844000	-16.005199
1.845000	-13.029300
1.846000	-18.975000
1.847000	-18.975000
1.848000	-18.975000
1.849000	-16.005199
1.850000	-18.975000
1.851000	-13.029300
1.852000	-16.005199
1.853000	-16.005199
1.854000	-16.005199
1.855000	-13.029300
1.856000	-16.005199
1.857000	-18.975000
1.858000	-21.944700
1.859000	-16.005199
1.860000	-16.005199
1.861000	-16.005199
1.862000	-13.029300
1.863000	-16.005199
1.864000	-13.029300
1.865000	-13.029300
1.866000	-16.005199
1.867000	-13.029300
1.868000	-13.029300
1.869000	-16.005199
1.870000	-13.029300
1.871000	-13.029300
1.872000	-16.005199
1.873000	-16.005199
1.874000	-16.005199
1.875000	-16.005199
1.876000	-18.975000
1.877000	-18.975000
1.878000	-18.975000
1.879000	-21.944700
1.880000	-18.975000
1.881000	-18.975000
1.882000	-16.005199
1.883000	-16.005199
1.884000	-16.005199
1.885000	-16.005199
1.886000	-16.005199
1.887000	-18.975000
1.888000	-18.975000
1.889000	-16.005199
1.890000	-16.005199
1.891000	-18.975000
1.892000	-18.975000
1.893000	-16.005199
1.894000	-18.975000
1.895000	-18.975000
1.896000	-18.975000
1.897000	-16.005199
1.898000	-18.975000
1.899000	-18.975000
1.900000	-18.975000
1.901000	-18.975000
1.902000	-21.944700
1.903000	-18.975000
1.904000	-16.005199
1.905000	-16.005199
1.906000	-18.975000
1.907000	-16.005199
1.908000	-18.975000
1.909000	-16.005199
1.910000	-13.029300
1.911000	-16.005199
1.912000	-18.975000
1.913000	-18.975000
1.914000	-18.975000
1.915000	-18.975000
1.916000	-16.005199
1.917000	-16.005199
1.918000	-13.029300
1.919000	-10.059500
1.920000	-13.029300
1.921000	-10.059500
1.922000	-13.029300
1.923000	-10.059500
1.924000	-10.059500
1.925000	-10.059500
1.926000	-10.059500
1.927000	-10.059500
1.928000	-16.005199
1.929000	-16.005199
1.930000	-13.029300
1.931000	-16.005199
1.932000	-13.029300
1.933000	-16.005199
1.934000	-16.005199
1.935000	-16.005199
1.936000	-24.920601
1.937000	-18.975000
1.938000	-24.920601
1.939000	-30.860201
1.940000	-36.805801
1.941000	-18.975000
1.942000	-33.830002
1.943000	-81.376900
1.944000	-72.461502
1.945000	-60.576302
1.946000	-72.461502
1.947000	-81.376900
1.948000	-57.606499
1.949000	-51.660801
1.950000	-54.630600
1.951000	-30.860201
1.952000	-54.630600
1.953000	-63.546001
1.954000	-39.775600
1.955000	-27.890400
1.956000	-39.775600
1.957000	-36.805801
1.958000	-27.890400
1.959000	-33.830002
1.960000	-30.860201
1.961000	-18.975000
1.962000	-24.920601
1.963000	-30.860201
1.964000	-24.920601
1.965000	-21.944700
1.966000	-13.029300
1.967000	-21.944700
1.968000	-36.805801
1.969000	-33.830002
1.970000	-21.944700
1.971000	-33.830002
1.972000	-51.660801
1.973000	-48.691002
1.974000	-42.745399
1.975000	-51.660801
1.976000	-60.576302
1.977000	-60.576302
1.978000	-39.775600
1.979000	-33.830002
1.980000	-27.890400
1.981000	-48.691002
1.982000	-54.630600
1.983000	-51.660801
1.984000	-42.745399
1.985000	-39.775600
1.986000	-39.775600
1.987000	-39.775600
1.988000	-27.890400
1.989000	-18.975000
1.990000	-21.944700
1.991000	-21.944700
1.992000	-7.089750
1.993000	-1.144100
1.994000	-1.144100
1.995000	1.825690
1.996000	-4.119960
1.997000	-4.119960
1.998000	-4.119960
1.999000	-4.119960
2.000000	-7.089750
2.001000	-4.119960
2.002000	-7.089750
2.003000	-10.059500
2.004000	-7.089750
2.005000	-13.029300
2.006000	-10.059500
2.007000	-13.029300
2.008000	-16.005199
2.009000	-18.975000
2.010000	-27.890400
2.011000	-24.920601
2.012000	-27.890400
2.013000	-42.745399
2.014000	-48.691002
2.015000	-48.691002
2.016000	-45.721298
2.017000	-54.630600
2.018000	-63.546001
2.019000	-69.491699
2.020000	-72.461502
2.021000	-69.491699
2.022000	-72.461502
2.023000	-75.431297
2.024000	-78.407097
2.025000	-75.431297
2.026000	-78.407097
2.027000	-78.407097
2.028000	-90.292297
2.029000	-75.431297
2.030000	-75.431297
2.031000	-66.515800
2.032000	-66.515800
2.033000	-78.407097
2.034000	-63.546001
2.035000	-66.515800
2.036000	-51.660801
2.037000	-54.630600
2.038000	-57.606499
2.039000	-48.691002
2.040000	-27.890400
2.041000	-33.830002
2.042000	-33.830002
2.043000	-45.721298
2.044000	-39.775600
2.045000	-21.944700
2.046000	-4.119960
2.047000	-13.029300
2.048000	-10.059500
2.049000	-1.144100
2.050000	13.710900
2.051000	13.710900
2.052000	25.596100
2.053000	16.680700
2.054000	25.596100
2.055000	37.481300
2.056000	34.511600
2.057000	25.596100
2.058000	37.481300
2.059000	34.511600
2.060000	31.541800
2.061000	31.541800
2.062000	25.596100
2.063000	19.656601
2.064000	19.656601
2.065000	7.771340
2.066000	4.795470
2.067000	4.795470
2.068000	10.741100
2.069000	-4.119960
2.070000	-7.089750
2.071000	-18.975000
2.072000	-10.059500
2.073000	1.825690
2.074000	-10.059500
2.075000	-13.029300
2.076000	-7.089750
2.077000	-13.029300
2.078000	-33.830002
2.079000	-39.775600
2.080000	-1.144100
2.081000	7.771340
2.082000	4.795470
2.083000	-51.660801
2.084000	-48.691002
2.085000	-18.975000
2.086000	16.680700
2.087000	25.596100
2.088000	22.626301
2.089000	-4.119960
2.090000	-10.059500
2.091000	7.771340
2.092000	10.741100
2.093000	7.771340
2.094000	25.596100
2.095000	16.680700
2.096000	22.626301
2.097000	-1.144100
2.098000	-10.059500
2.099000	10.741100
2.100000	31.541800
2.101000	-1.144100
2.102000	7.771340
2.103000	7.771340
2.104000	10.741100
2.105000	19.656601
2.106000	19.656601
2.107000	-1.144100
2.108000	-10.059500
2.109000	7.771340
2.110000	10.741100
2.111000	16.680700
2.112000	10.741100
2.113000	4.795470
2.114000	-7.089750
2.115000	10.741100
2.116000	-1.144100
2.117000	10.741100
2.118000	4.795470
2.119000	4.795470
2.120000	-4.119960
2.121000	10.741100
2.122000	1.825690
2.123000	-10.059500
2.124000	-7.089750
2.125000	1.825690
2.126000	10.741100
2.127000	4.795470
2.128000	-4.119960
2.129000	-4.119960
2.130000	-7.089750
2.131000	-10.059500
2.132000	-13.029300
2.133000	1.825690
2.134000	4.795470
2.135000	4.795470
2.136000	-7.089750
2.137000	-10.059500
2.138000	4.795470
2.139000	7.771340
2.140000	4.795470
2.141000	1.825690
2.142000	7.771340
2.143000	10.741100
2.144000	13.710900
2.145000	10.741100
2.146000	10.741100
2.147000	4.795470
2.148000	-1.144100
2.149000	7.771340
2.150000	7.771340
2.151000	13.710900
2.152000	10.741100
2.153000	10.741100
2.154000	4.795470
2.155000	-1.144100
2.156000	7.771340
2.157000	4.795470
2.158000	4.795470
2.159000	1.825690
2.160000	-4.119960
2.161000	-4.119960
2.162000	-7.089750
2.163000	-1.144100
2.164000	7.771340
2.165000	-1.144100
2.166000	4.795470
2.167000	-4.119960
2.168000	-13.029300
2.169000	-10.059500
2.170000	-1.144100
2.171000	-1.144100
2.172000	-7.089750
2.173000	-10.059500
2.174000	7.771340
2.175000	7.771340
2.176000	1.825690
2.177000	-1.144100
2.178000	-7.089750
2.179000	7.771340
2.180000	7.771340
2.181000	7.771340
2.182000	13.710900
2.183000	1.825690
2.184000	1.825690
2.185000	7.771340
2.186000	13.710900
2.187000	10.741100
2.188000	4.795470
2.189000	4.795470
2.190000	4.795470
2.191000	1.825690
2.192000	4.795470
2.193000	1.825690
2.194000	1.825690
2.195000	4.795470
2.196000	-1.144100
2.197000	4.795470
2.198000	-1.144100
2.199000	-1.144100
2.200000	-1.144100
2.201000	-4.119960
2.202000	-4.119960
2.203000	-1.144100
2.204000	-1.144100
2.205000	1.825690
2.206000	1.825690
2.207000	-1.144100
2.208000	-7.089750
2.209000	-4.119960
2.210000	1.825690
2.211000	-1.144100
2.212000	-4.119960
2.213000	1.825690
2.214000	-1.144100
2.215000	-1.144100
2.216000	1.825690
2.217000	1.825690
2.218000	4.795470
2.219000	7.771340
2.220000	7.771340
2.221000	10.741100
2.222000	4.795470
2.223000	7.771340
2.224000	7.771340
2.225000	7.771340
2.226000	7.771340
2.227000	1.825690
2.228000	-1.144100
2.229000	-1.144100
2.230000	-1.144100
2.231000	7.771340
2.232000	7.771340
2.233000	1.825690
2.234000	-4.119960
2.235000	-4.119960
2.236000	4.795470
2.237000	7.771340
2.238000	4.795470
2.239000	-1.144100
2.240000	-4.119960
2.241000	1.825690
2.242000	1.825690
2.243000	4.795470
2.244000	1.825690
2.245000	-4.119960
2.246000	-1.144100
2.247000	-1.144100
2.248000	-4.119960
2.249000	4.795470
2.250000	-1.144100
2.251000	-1.144100
2.252000	7.771340
2.253000	1.825690
2.254000	-1.144100
2.255000	-1.144100
2.256000	-1.144100
2.257000	-1.144100
2.258000	7.771340
2.259000	1.825690
2.260000	4.795470
2.261000	4.795470
2.262000	4.795470
2.263000	4.795470
2.264000	1.825690
2.265000	7.771340
2.266000	7.771340
2.267000	4.795470
2.268000	4.795470
2.269000	1.825690
2.270000	7.771340
2.271000	7.771340
2.272000	4.795470
2.273000	7.771340
2.274000	4.795470
2.275000	7.771340
2.276000	7.771340
2.277000	7.771340
2.278000	-1.144100
2.279000	-4.119960
2.280000	-4.119960
2.281000	4.795470
2.282000	7.771340
2.283000	-4.119960
2.284000	-7.089750
2.285000	-4.119960
2.286000	-1.144100
2.287000	4.795470
2.288000	-1.144100
2.289000	1.825690
2.290000	-7.089750
2.291000	-1.144100
2.292000	4.795470
2.293000	-1.144100
2.294000	-7.089750
2.295000	-1.144100
2.296000	-1.144100
2.297000	-1.144100
2.298000	7.771340
2.299000	-1.144100
2.300000	-1.144100
2.301000	-1.144100
2.302000	1.825690
2.303000	-1.144100
2.304000	1.825690
2.305000	1.825690
2.306000	4.795470
2.307000	4.795470
2.308000	1.825690
2.309000	4.795470
2.310000	4.795470
2.311000	1.825690
2.312000	-1.144100
2.313000	-4.119960
2.314000	-1.144100
2.315000	1.825690
2.316000	1.825690
2.317000	1.825690
2.318000	1.825690
2.319000	1.825690
2.320000	-1.144100
2.321000	1.825690
2.322000	1.825690
2.323000	-1.144100
2.324000	4.795470
2.325000	-1.144100
2.326000	4.795470
2.327000	-1.144100
2.328000	-1.144100
2.329000	-1.144100
2.330000	1.825690
2.331000	4.795470
2.332000	7.771340
2.333000	4.795470
2.334000	4.795470
2.335000	1.825690
2.336000	4.795470
2.337000	7.771340
2.338000	7.771340
2.339000	4.795470
2.340000	1.825690
2.341000	-1.144100
2.342000	1.825690
2.343000	10.741100
2.344000	7.771340
2.345000	1.825690
2.346000	-1.144100
2.347000	-4.119960
2.348000	1.825690
2.349000	7.771340
2.350000	1.825690
2.351000	-1.144100
2.352000	-1.144100
2.353000	-1.144100
2.354000	1.825690
2.355000	-1.144100
2.356000	7.771340
2.357000	4.795470
2.358000	-4.119960
2.359000	-4.119960
2.360000	-1.144100
2.361000	1.825690
2.362000	4.795470
2.363000	-1.144100
2.364000	-7.089750
2.365000	-1.144100
2.366000	1.825690
2.367000	4.795470
2.368000	4.795470
2.369000	1.825690
2.370000	1.825690
2.371000	4.795470
2.372000	1.825690
2.373000	7.771340
2.374000	1.825690
2.375000	4.795470
2.376000	1.825690
2.377000	1.825690
2.378000	1.825690
2.379000	1.825690
2.380000	-1.144100
2.381000	1.825690
2.382000	1.825690
2.383000	-1.144100
2.384000	1.825690
2.385000	1.825690
2.386000	4.795470
2.387000	4.795470
2.388000	1.825690
2.389000	1.825690
2.390000	-1.144100
2.391000	1.825690
2.392000	1.825690
2.393000	-1.144100
2.394000	4.795470
2.395000	4.795470
2.396000	-1.144100
2.397000	-1.144100
2.398000	-1.144100
2.399000	1.825690
2.400000	1.825690
2.401000	1.825690
2.402000	-1.144100
2.403000	-1.144100
2.404000	-1.144100
2.405000	-1.144100
2.406000	-1.144100
2.407000	-4.119960
2.408000	1.825690
2.409000	1.825690
2.410000	1.825690
2.411000	4.795470
2.412000	4.795470
2.413000	1.825690
2.414000	1.825690
2.415000	4.795470
2.416000	7.771340
2.417000	7.771340
2.418000	1.825690
2.419000	4.795470
2.420000	4.795470
2.421000	1.825690
2.422000	4.795470
2.423000	7.771340
2.424000	1.825690
2.425000	4.795470
2.426000	4.795470
2.427000	4.795470
2.428000	4.795470
2.429000	1.825690
2.430000	1.825690
2.431000	1.825690
2.432000	1.825690
2.433000	-1.144100
2.434000	4.795470
2.435000	1.825690
2.436000	1.825690
2.437000	1.825690
2.438000	-1.144100
2.439000	4.795470
2.440000	-1.144100
2.441000	1.825690
2.442000	1.825690
2.443000	4.795470
2.444000	4.795470
2.445000	-1.144100
2.446000	1.825690
2.447000	4.795470
2.448000	4.795470
2.449000	7.771340
2.450000	1.825690
2.451000	1.825690
2.452000	1.825690
2.453000	4.795470
2.454000	7.771340
2.455000	1.825690
2.456000	1.825690
2.457000	1.825690
2.458000	4.795470
2.459000	7.771340
2.460000	4.795470
2.461000	1.825690
2.462000	4.795470
2.463000	1.825690
2.464000	4.795470
2.465000	4.795470
2.466000	7.771340
2.467000	4.795470
2.468000	1.825690
2.469000	1.825690
2.470000	1.825690
2.471000	7.771340
2.472000	10.741100
2.473000	4.795470
2.474000	-1.144100
2.475000	1.825690
2.476000	1.825690
2.477000	7.771340
2.478000	1.825690
2.479000	-1.144100
2.480000	1.825690
2.481000	-1.144100
2.482000	-1.144100
2.483000	-1.144100
2.484000	1.825690
2.485000	-1.144100
2.486000	-1.144100
2.487000	-4.119960
2.488000	-4.119960
2.489000	-4.119960
2.490000	-1.144100
2.491000	-1.144100
2.492000	-1.144100
2.493000	-1.144100
2.494000	-1.144100
2.495000	-1.144100
2.496000	-4.119960
2.497000	-4.119960
2.498000	-4.119960
2.499000	1.825690
2.500000	1.825690
2.501000	1.825690
2.502000	4.795470
2.503000	4.795470
2.504000	4.795470
2.505000	1.825690
2.506000	1.825690
2.507000	-1.144100
2.508000	-4.119960
2.509000	4.795470
2.510000	-1.144100
2.511000	-4.119960
2.512000	-4.119960
2.513000	-1.144100
2.514000	1.825690
2.515000	-1.144100
2.516000	-1.144100
2.517000	-1.144100
2.518000	-1.144100
2.519000	-4.119960
2.520000	-4.119960
2.521000	-1.144100
2.522000	1.825690
2.523000	-1.144100
2.524000	-1.144100
2.525000	-1.144100
2.526000	-1.144100
2.527000	1.825690
2.528000	1.825690
2.529000	4.795470
2.530000	4.795470
2.531000	4.795470
2.532000	4.795470
2.533000	4.795470
2.534000	7.771340
2.535000	4.795470
2.536000	4.795470
2.537000	1.825690
2.538000	1.825690
2.539000	4.795470
2.540000	4.795470
2.541000	1.825690
2.542000	1.825690
2.543000	1.825690
2.544000	4.795470
2.545000	1.825690
2.546000	1.825690
2.547000	-1.144100
2.548000	-1.144100
2.549000	1.825690
2.550000	1.825690
2.551000	1.825690
2.552000	-1.144100
2.553000	1.825690
2.554000	4.795470
2.555000	4.795470
2.556000	4.795470
2.557000	1.825690
2.558000	4.795470
2.559000	1.825690
2.560000	1.825690
2.561000	4.795470
2.562000	-1.144100
2.563000	4.795470
2.564000	-1.144100
2.565000	-1.144100
2.566000	4.795470
2.567000	1.825690
2.568000	4.795470
2.569000	-1.144100
2.570000	-1.144100
2.571000	1.825690
2.572000	4.795470
2.573000	4.795470
2.574000	-1.144100
2.575000	1.825690
2.576000	4.795470
2.577000	4.795470
2.578000	1.825690
2.579000	4.795470
2.580000	4.795470
2.581000	4.795470
2.582000	4.795470
2.583000	10.741100
2.584000	4.795470
2.585000	1.825690
2.586000	1.825690
2.587000	10.741100
2.588000	4.795470
2.589000	4.795470
2.590000	7.771340
2.591000	4.795470
2.592000	4.795470
2.593000	4.795470
2.594000	4.795470
2.595000	4.795470
2.596000	4.795470
2.597000	1.825690
2.598000	1.825690
2.599000	1.825690
2.600000	4.795470
2.601000	4.795470
2.602000	1.825690
2.603000	1.825690
2.604000	4.795470
2.605000	1.825690
2.606000	4.795470
2.607000	4.795470
2.608000	1.825690
2.609000	1.825690
2.610000	1.825690
2.611000	1.825690
2.612000	4.795470
2.613000	4.795470
2.614000	1.825690
2.615000	4.795470
2.616000	4.795470
2.617000	-1.144100
2.618000	1.825690
2.619000	4.795470
2.620000	4.795470
2.621000	4.795470
2.622000	4.795470
2.623000	4.795470
2.624000	4.795470
2.625000	4.795470
2.626000	1.825690
2.627000	-1.144100
2.628000	4.795470
2.629000	-1.144100
2.630000	1.825690
2.631000	-1.144100
2.632000	-1.144100
2.633000	1.825690
2.634000	4.795470
2.635000	1.825690
2.636000	4.795470
2.637000	1.825690
2.638000	1.825690
2.639000	1.825690
2.640000	4.795470
2.641000	4.795470
2.642000	4.795470
2.643000	1.825690
2.644000	-1.144100
2.645000	-1.144100
2.646000	-1.144100
2.647000	-1.144100
2.648000	-1.144100
2.649000	-4.119960
2.650000	1.825690
2.651000	1.825690
2.652000	1.825690
2.653000	1.825690
2.654000	-1.144100
2.655000	1.825690
2.656000	1.825690
2.657000	-1.144100
2.658000	1.825690
2.659000	-1.144100
2.660000	-1.144100
2.661000	-1.144100
2.662000	1.825690
2.663000	-1.144100
2.664000	-1.144100
2.665000	-1.144100
2.666000	1.825690
2.667000	1.825690
2.668000	1.825690
2.669000	-1.144100
2.670000	-1.144100
2.671000	1.825690
2.672000	4.795470
2.673000	1.825690
2.674000	1.825690
2.675000	-4.119960
2.676000	1.825690
2.677000	-1.144100
2.678000	-1.144100
2.679000	-1.144100
2.680000	1.825690
2.681000	-4.119960
2.682000	-1.144100
2.683000	1.825690
2.684000	-1.144100
2.685000	1.825690
2.686000	1.825690
2.687000	-1.144100
2.688000	1.825690
2.689000	-1.144100
2.690000	1.825690
2.691000	-1.144100
2.692000	-1.144100
2.693000	-1.144100
2.694000	-1.144100
2.695000	1.825690
2.696000	1.825690
2.697000	1.825690
2.698000	1.825690
2.699000	1.825690
2.700000	1.825690
2.701000	1.825690
2.702000	4.795470
2.703000	1.825690
2.704000	1.825690
2.705000	1.825690
2.706000	1.825690
2.707000	1.825690
2.708000	4.795470
2.709000	-1.144100
2.710000	-1.144100
2.711000	-1.144100
2.712000	1.825690
2.713000	4.795470
2.714000	-1.144100
2.715000	1.825690
2.716000	1.825690
2.717000	1.825690
2.718000	1.825690
2.719000	1.825690
2.720000	1.825690
2.721000	7.771340
2.722000	4.795470
2.723000	4.795470
2.724000	4.795470
2.725000	4.795470
2.726000	4.795470
2.727000	4.795470
2.728000	1.825690
2.729000	1.825690
2.730000	-1.144100
2.731000	1.825690
2.732000	4.795470
2.733000	1.825690
2.734000	4.795470
2.735000	1.825690
2.736000	1.825690
2.737000	1.825690
2.738000	1.825690
2.739000	7.771340
2.740000	1.825690
2.741000	4.795470
2.742000	4.795470
2.743000	4.795470
2.744000	1.825690
2.745000	1.825690
2.746000	-1.144100
2.747000	1.825690
2.748000	1.825690
2.749000	-1.144100
2.750000	7.771340
2.751000	-1.144100
2.752000	1.825690
2.753000	1.825690
2.754000	1.825690
2.755000	4.795470
2.756000	-1.144100
2.757000	1.825690
2.758000	4.795470
2.759000	4.795470
2.760000	1.825690
2.761000	4.795470
2.762000	4.795470
2.763000	4.795470
2.764000	4.795470
2.765000	4.795470
2.766000	4.795470
2.767000	4.795470
2.768000	4.795470
2.769000	4.795470
2.770000	4.795470
2.771000	7.771340
2.772000	7.771340
2.773000	1.825690
2.774000	7.771340
2.775000	1.825690
2.776000	4.795470
2.777000	4.795470
2.778000	4.795470
2.779000	1.825690
2.780000	1.825690
2.781000	-1.144100
2.782000	4.795470
2.783000	4.795470
2.784000	4.795470
2.785000	-1.144100
2.786000	4.795470
2.787000	7.771340
2.788000	1.825690
2.789000	1.825690
2.790000	1.825690
2.791000	1.825690
2.792000	1.825690
2.793000	-1.144100
2.794000	4.795470
2.795000	4.795470
2.796000	1.825690
2.797000	-1.144100
2.798000	1.825690
2.799000	4.795470
2.800000	1.825690
2.801000	1.825690
2.802000	-1.144100
2.803000	1.825690
2.804000	4.795470
2.805000	1.825690
2.806000	-1.144100
2.807000	-1.144100
2.808000	-1.144100
2.809000	1.825690
2.810000	1.825690
2.811000	4.795470
2.812000	-1.144100
2.813000	-1.144100
2.814000	-1.144100
2.815000	-1.144100
2.816000	1.825690
2.817000	-1.144100
2.818000	4.795470
2.819000	1.825690
2.820000	1.825690
2.821000	4.795470
2.822000	1.825690
2.823000	1.825690
2.824000	-1.144100
2.825000	-1.144100
2.826000	1.825690
2.827000	4.795470
2.828000	1.825690
2.829000	1.825690
2.830000	-1.144100
2.831000	-1.144100
2.832000	-1.144100
2.833000	1.825690
2.834000	1.825690
2.835000	1.825690
2.836000	-1.144100
2.837000	-1.144100
2.838000	4.795470
2.839000	1.825690
2.840000	1.825690
2.841000	-1.144100
2.842000	4.795470
2.843000	-1.144100
2.844000	1.825690
2.845000	-1.144100
2.846000	1.825690
2.847000	1.825690
2.848000	1.825690
2.849000	1.825690
2.850000	-1.144100
2.851000	-1.144100
2.852000	-1.144100
2.853000	-1.144100
2.854000	1.825690
2.855000	1.825690
2.856000	4.795470
2.857000	4.795470
2.858000	-1.144100
2.859000	1.825690
2.860000	1.825690
2.861000	1.825690
2.862000	1.825690
2.863000	1.825690
2.864000	1.825690
2.865000	1.825690
2.866000	-1.144100
2.867000	1.825690
2.868000	4.795470
2.869000	-1.144100
2.870000	1.825690
2.871000	4.795470
2.872000	1.825690
2.873000	-1.144100
2.874000	1.825690
2.875000	-1.144100
2.876000	1.825690
2.877000	1.825690
2.878000	-1.144100
2.879000	-1.144100
2.880000	-1.144100
2.881000	1.825690
2.882000	4.795470
2.883000	-1.144100
2.884000	1.825690
2.885000	4.795470
2.886000	4.795470
2.887000	1.825690
2.888000	1.825690
2.889000	4.795470
2.890000	4.795470
2.891000	4.795470
2.892000	1.825690
2.893000	1.825690
2.894000	1.825690
2.895000	1.825690
2.896000	1.825690
2.897000	1.825690
2.898000	4.795470
2.899000	1.825690
2.900000	4.795470
2.901000	1.825690
2.902000	-1.144100
2.903000	1.825690
2.904000	4.795470
2.905000	4.795470
2.906000	1.825690
2.907000	1.825690
2.908000	1.825690
2.909000	1.825690
2.910000	1.825690
2.911000	-1.144100
2.912000	-1.144100
2.913000	-1.144100
2.914000	-1.144100
2.915000	1.825690
2.916000	4.795470
2.917000	4.795470
2.918000	1.825690
2.919000	-1.144100
2.920000	1.825690
2.921000	4.795470
2.922000	4.795470
2.923000	7.771340
2.924000	4.795470
2.925000	4.795470
2.926000	1.825690
2.927000	1.825690
2.928000	4.795470
2.929000	1.825690
2.930000	4.795470
2.931000	1.825690
2.932000	4.795470
2.933000	4.795470
2.934000	1.825690
2.935000	4.795470
2.936000	4.795470
2.937000	1.825690
2.938000	4.795470
2.939000	4.795470
2.940000	4.795470
2.941000	4.795470
2.942000	1.825690
2.943000	4.795470
2.944000	1.825690
2.945000	-1.144100
2.946000	4.795470
2.947000	4.795470
2.948000	4.795470
2.949000	4.795470
2.950000	1.825690
2.951000	4.795470
2.952000	1.825690
2.953000	1.825690
2.954000	4.795470
2.955000	1.825690
2.956000	4.795470
2.957000	1.825690
2.958000	1.825690
2.959000	4.795470
2.960000	1.825690
2.961000	-1.144100
2.962000	1.825690
2.963000	4.795470
2.964000	1.825690
2.965000	4.795470
2.966000	1.825690
2.967000	-1.144100
2.968000	1.825690
2.969000	4.795470
2.970000	4.795470
2.971000	4.795470
2.972000	4.795470
2.973000	4.795470
2.974000	1.825690
2.975000	-4.119960
2.976000	1.825690
2.977000	-1.144100
2.978000	-1.144100
2.979000	1.825690
2.980000	-1.144100
2.981000	-1.144100
2.982000	-1.144100
2.983000	-1.144100
2.984000	1.825690
2.985000	-1.144100
2.986000	1.825690
2.987000	4.795470
2.988000	1.825690
2.989000	4.795470
2.990000	-1.144100
2.991000	1.825690
2.992000	4.795470
2.993000	-1.144100
2.994000	-1.144100
2.995000	-1.144100
2.996000	-1.144100
2.997000	-1.144100
2.998000	1.825690
2.999000	4.795470
3.000000	1.825690
3.001000	-1.144100
3.002000	-1.144100
3.003000	1.825690
3.004000	-1.144100
3.005000	1.825690
3.006000	1.825690
3.007000	1.825690
3.008000	-1.144100
3.009000	4.795470
3.010000	-1.144100
3.011000	1.825690
3.012000	-1.144100
3.013000	-1.144100
3.014000	-1.144100
3.015000	1.825690
3.016000	1.825690
3.017000	-1.144100
3.018000	1.825690
3.019000	1.825690
3.020000	1.825690
3.021000	1.825690
3.022000	1.825690
3.023000	4.795470
3.024000	1.825690
3.025000	1.825690
3.026000	-1.144100
3.027000	-1.144100
3.028000	1.825690
3.029000	-1.144100
3.030000	-1.144100
3.031000	1.825690
3.032000	4.795470
3.033000	1.825690
3.034000	-1.144100
3.035000	4.795470
3.036000	1.825690
3.037000	4.795470
3.038000	4.795470
3.039000	1.825690
3.040000	-1.144100
3.041000	-1.144100
3.042000	-1.144100
3.043000	-1.144100
3.044000	-1.144100
3.045000	1.825690
3.046000	1.825690
3.047000	1.825690
3.048000	1.825690
3.049000	1.825690
3.050000	1.825690
3.051000	1.825690
3.052000	4.795470
3.053000	-1.144100
3.054000	1.825690
3.055000	1.825690
3.056000	1.825690
3.057000	-1.144100
3.058000	1.825690
3.059000	7.771340
3.060000	4.795470
3.061000	1.825690
3.062000	4.795470
3.063000	1.825690
3.064000	1.825690
3.065000	4.795470
3.066000	4.795470
3.067000	1.825690
3.068000	1.825690
3.069000	1.825690
3.070000	4.795470
3.071000	4.795470
3.072000	4.795470
3.073000	4.795470
3.074000	4.795470
3.075000	4.795470
3.076000	1.825690
3.077000	-1.144100
3.078000	1.825690
3.079000	4.795470
3.080000	1.825690
3.081000	1.825690
3.082000	-1.144100
3.083000	1.825690
3.084000	4.795470
3.085000	4.795470
3.086000	1.825690
3.087000	1.825690
3.088000	1.825690
3.089000	1.825690
3.090000	-1.144100
3.091000	7.771340
3.092000	1.825690
3.093000	1.825690
3.094000	1.825690
3.095000	-1.144100
3.096000	-1.144100
3.097000	1.825690
3.098000	1.825690
3.099000	1.825690
3.100000	7.771340
3.101000	4.795470
3.102000	4.795470
3.103000	1.825690
3.104000	7.771340
3.105000	4.795470
3.106000	1.825690
3.107000	-1.144100
3.108000	1.825690
3.109000	1.825690
3.110000	-1.144100
3.111000	1.825690
3.112000	1.825690
3.113000	4.795470
3.114000	4.795470
3.115000	1.825690
3.116000	4.795470
3.117000	7.771340
3.118000	1.825690
3.119000	7.771340
3.120000	4.795470
3.121000	4.795470
3.122000	4.795470
3.123000	4.795470
3.124000	1.825690
3.125000	1.825690
3.126000	4.795470
3.127000	-1.144100
3.128000	-1.144100
3.129000	4.795470
3.130000	-1.144100
3.131000	-1.144100
3.132000	-1.144100
3.133000	-1.144100
3.134000	1.825690
3.135000	1.825690
3.136000	1.825690
3.137000	4.795470
3.138000	1.825690
3.139000	1.825690
3.140000	1.825690
3.141000	1.825690
3.142000	-1.144100
3.143000	1.825690
3.144000	1.825690
3.145000	4.795470
3.146000	-1.144100
3.147000	1.825690
3.148000	1.825690
3.149000	1.825690
3.150000	1.825690
3.151000	1.825690
3.152000	1.825690
3.153000	-1.144100
3.154000	4.795470
3.155000	4.795470
3.156000	4.795470
3.157000	-1.144100
3.158000	1.825690
3.159000	1.825690
3.160000	-1.144100
3.161000	4.795470
3.162000	-1.144100
3.163000	-1.144100
3.164000	1.825690
3.165000	1.825690
3.166000	4.795470
3.167000	1.825690
3.168000	4.795470
3.169000	-1.144100
3.170000	-1.144100
3.171000	-1.144100
3.172000	4.795470
3.173000	1.825690
3.174000	4.795470
3.175000	-1.144100
3.176000	4.795470
3.177000	1.825690
3.178000	-1.144100
3.179000	1.825690
3.180000	-4.119960
3.181000	-1.144100
3.182000	1.825690
3.183000	-1.144100
3.184000	1.825690
3.185000	1.825690
3.186000	-1.144100
3.187000	1.825690
3.188000	1.825690
3.189000	1.825690
3.190000	-1.144100
3.191000	1.825690
3.192000	1.825690
3.193000	1.825690
3.194000	1.825690
3.195000	1.825690
3.196000	-4.119960
3.197000	-1.144100
3.198000	4.795470
3.199000	-1.144100
3.200000	1.825690
3.201000	-1.144100
3.202000	1.825690
3.203000	-1.144100
3.204000	4.795470
3.205000	4.795470
3.206000	4.795470
3.207000	1.825690
3.208000	-4.119960
3.209000	1.825690
3.210000	1.825690
3.211000	4.795470
3.212000	1.825690
3.213000	-1.144100
3.214000	-1.144100
3.215000	1.825690
3.216000	-1.144100
3.217000	1.825690
3.218000	1.825690
3.219000	-1.144100
3.220000	1.825690
3.221000	4.795470
3.222000	1.825690
3.223000	4.795470
3.224000	-1.144100
3.225000	1.825690
3.226000	4.795470
3.227000	1.825690
3.228000	4.795470
3.229000	1.825690
3.230000	1.825690
3.231000	-1.144100
3.232000	-1.144100
3.233000	-1.144100
3.234000	1.825690
3.235000	4.795470
3.236000	1.825690
3.237000	1.825690
3.238000	1.825690
3.239000	4.795470
3.240000	4.795470
3.241000	4.795470
3.242000	1.825690
3.243000	1.825690
3.244000	1.825690
3.245000	4.795470
3.246000	-4.119960
3.247000	1.825690
3.248000	-1.144100
3.249000	1.825690
3.250000	4.795470
3.251000	-1.144100
3.252000	1.825690
3.253000	1.825690
3.254000	4.795470
3.255000	1.825690
3.256000	-1.144100
3.257000	4.795470
3.258000	1.825690
3.259000	-1.144100
3.260000	-1.144100
3.261000	1.825690
3.262000	-1.144100
3.263000	1.825690
3.264000	1.825690
3.265000	1.825690
3.266000	1.825690
3.267000	4.795470
3.268000	1.825690
3.269000	1.825690
3.270000	4.795470
3.271000	4.795470
3.272000	1.825690
3.273000	4.795470
3.274000	1.825690
3.275000	-1.144100
3.276000	4.795470
3.277000	-1.144100
3.278000	1.825690
3.279000	-4.119960
3.280000	1.825690
3.281000	-1.144100
3.282000	4.795470
3.283000	1.825690
3.284000	4.795470
3.285000	4.795470
3.286000	1.825690
3.287000	4.795470
3.288000	4.795470
3.289000	4.795470
3.290000	4.795470
3.291000	1.825690
3.292000	1.825690
3.293000	4.795470
3.294000	-1.144100
3.295000	4.795470
3.296000	1.825690
3.297000	-1.144100
3.298000	1.825690
3.299000	-1.144100
3.300000	1.825690
3.301000	1.825690
3.302000	1.825690
3.303000	1.825690
3.304000	4.795470
3.305000	1.825690
3.306000	1.825690
3.307000	1.825690
3.308000	-1.144100
3.309000	-1.144100
3.310000	1.825690
3.311000	1.825690
3.312000	-4.119960
3.313000	-1.144100
3.314000	-1.144100
3.315000	1.825690
3.316000	1.825690
3.317000	1.825690
3.318000	1.825690
3.319000	-1.144100
3.320000	1.825690
3.321000	1.825690
3.322000	1.825690
3.323000	1.825690
3.324000	4.795470
3.325000	1.825690
3.326000	1.825690
3.327000	-1.144100
3.328000	4.795470
3.329000	1.825690
3.330000	1.825690
3.331000	1.825690
3.332000	1.825690
3.333000	-1.144100
3.334000	1.825690
3.335000	-1.144100
3.336000	4.795470
3.337000	-1.144100
3.338000	1.825690
3.339000	1.825690
3.340000	4.795470
3.341000	-1.144100
3.342000	-1.144100
3.343000	1.825690
3.344000	-1.144100
3.345000	-1.144100
3.346000	1.825690
3.347000	-1.144100
3.348000	-1.144100
3.349000	-1.144100
3.350000	4.795470
3.351000	1.825690
3.352000	1.825690
3.353000	1.825690
3.354000	1.825690
3.355000	1.825690
3.356000	7.771340
3.357000	4.795470
3.358000	-1.144100
3.359000	1.825690
3.360000	4.795470
3.361000	4.795470
3.362000	-1.144100
3.363000	4.795470
3.364000	-1.144100
3.365000	1.825690
3.366000	4.795470
3.367000	1.825690
3.368000	1.825690
3.369000	1.825690
3.370000	4.795470
3.371000	4.795470
3.372000	4.795470
3.373000	4.795470
3.374000	1.825690
3.375000	4.795470
3.376000	1.825690
3.377000	1.825690
3.378000	1.825690
3.379000	4.795470
3.380000	-1.144100
3.381000	1.825690
3.382000	1.825690
3.383000	4.795470
3.384000	1.825690
3.385000	1.825690
3.386000	1.825690
3.387000	4.795470
3.388000	1.825690
3.389000	-1.144100
3.390000	4.795470
3.391000	4.795470
3.392000	4.795470
3.393000	-1.144100
3.394000	4.795470
3.395000	1.825690
3.396000	1.825690
3.397000	1.825690
3.398000	1.825690
3.399000	1.825690
3.400000	4.795470
3.401000	1.825690
3.402000	-1.144100
3.403000	4.795470
3.404000	4.795470
3.405000	1.825690
3.406000	4.795470
3.407000	1.825690
3.408000	4.795470
3.409000	1.825690
3.410000	1.825690
3.411000	1.825690
3.412000	1.825690
3.413000	4.795470
3.414000	-1.144100
3.415000	1.825690
3.416000	1.825690
3.417000	4.795470
3.418000	1.825690
3.419000	1.825690
3.420000	-1.144100
3.421000	1.825690
3.422000	1.825690
3.423000	-1.144100
3.424000	-1.144100
3.425000	1.825690
3.426000	1.825690
3.427000	1.825690
3.428000	1.825690
3.429000	-1.144100
3.430000	1.825690
3.431000	-1.144100
3.432000	4.795470
3.433000	-1.144100
3.434000	-1.144100
3.435000	1.825690
3.436000	1.825690
3.437000	1.825690
3.438000	1.825690
3.439000	-1.144100
3.440000	4.795470
3.441000	1.825690
3.442000	-1.144100
3.443000	-1.144100
3.444000	4.795470
3.445000	-1.144100
3.446000	1.825690
3.447000	1.825690
3.448000	1.825690
3.449000	4.795470
3.450000	1.825690
3.451000	1.825690
3.452000	4.795470
3.453000	4.795470
3.454000	1.825690
3.455000	4.795470
3.456000	-1.144100
3.457000	1.825690
3.458000	1.825690
3.459000	1.825690
3.460000	4.795470
3.461000	-1.144100
3.462000	4.795470
3.463000	-1.144100
3.464000	-1.144100
3.465000	-1.144100
3.466000	-1.144100
3.467000	-1.144100
3.468000	-1.144100
3.469000	-1.144100
3.470000	-1.144100
3.471000	1.825690
3.472000	1.825690
3.473000	1.825690
3.474000	1.825690
3.475000	-4.119960
3.476000	1.825690
3.477000	1.825690
3.478000	4.795470
3.479000	1.825690
3.480000	-1.144100
3.481000	1.825690
3.482000	1.825690
3.483000	1.825690
3.484000	1.825690
3.485000	4.795470
3.486000	4.795470
3.487000	4.795470
3.488000	4.795470
3.489000	1.825690
3.490000	1.825690
3.491000	1.825690
3.492000	1.825690
3.493000	1.825690
3.494000	1.825690
3.495000	1.825690
3.496000	1.825690
3.497000	1.825690
3.498000	-1.144100
3.499000	1.825690
3.500000	1.825690
3.501000	-1.144100
3.502000	4.795470
3.503000	1.825690
3.504000	1.825690
3.505000	1.825690
3.506000	-1.144100
3.507000	-1.144100
3.508000	-1.144100
3.509000	-1.144100
3.510000	1.825690
3.511000	1.825690
3.512000	-1.144100
3.513000	-1.144100
3.514000	1.825690
3.515000	-1.144100
3.516000	4.795470
3.517000	1.825690
3.518000	4.795470
3.519000	-1.144100
3.520000	1.825690
3.521000	-1.144100
3.522000	4.795470
3.523000	1.825690
3.524000	1.825690
3.525000	-1.144100
3.526000	4.795470
3.527000	-1.144100
3.528000	1.825690
3.529000	-1.144100
3.530000	1.825690
3.531000	4.795470
3.532000	1.825690
3.533000	4.795470
3.534000	4.795470
3.535000	1.825690
3.536000	1.825690
3.537000	4.795470
3.538000	4.795470
3.539000	4.795470
3.540000	4.795470
3.541000	-1.144100
3.542000	1.825690
3.543000	1.825690
3.544000	1.825690
3.545000	4.795470
3.546000	1.825690
3.547000	4.795470
3.548000	7.771340
3.549000	4.795470
3.550000	1.825690
3.551000	1.825690
3.552000	4.795470
3.553000	1.825690
3.554000	4.795470
3.555000	-1.144100
3.556000	4.795470
3.557000	-1.144100
3.558000	1.825690
3.559000	1.825690
3.560000	-1.144100
3.561000	1.825690
3.562000	-1.144100
3.563000	-4.119960
3.564000	1.825690
3.565000	-1.144100
3.566000	-1.144100
3.567000	1.825690
3.568000	1.825690
3.569000	-1.144100
3.570000	4.795470
3.571000	1.825690
3.572000	4.795470
3.573000	1.825690
3.574000	1.825690
3.575000	1.825690
3.576000	1.825690
3.577000	-1.144100
3.578000	4.795470
3.579000	1.825690
3.580000	4.795470
3.581000	1.825690
3.582000	4.795470
3.583000	1.825690
3.584000	4.795470
3.585000	-1.144100
3.586000	-1.144100
3.587000	4.795470
3.588000	1.825690
3.589000	1.825690
3.590000	1.825690
3.591000	1.825690
3.592000	1.825690
3.593000	1.825690
3.594000	1.825690
3.595000	-1.144100
3.596000	1.825690
3.597000	1.825690
3.598000	1.825690
3.599000	1.825690
3.600000	4.795470
3.601000	4.795470
3.602000	1.825690
3.603000	-1.144100
3.604000	1.825690
3.605000	1.825690
3.606000	1.825690
3.607000	-1.144100
3.608000	4.795470
3.609000	1.825690
3.610000	-1.144100
3.611000	1.825690
3.612000	-1.144100
3.613000	1.825690
3.614000	-4.119960
3.615000	1.825690
3.616000	-1.144100
3.617000	4.795470
3.618000	1.825690
3.619000	-1.144100
3.620000	1.825690
3.621000	1.825690
3.622000	1.825690
3.623000	4.795470
3.624000	-4.119960
3.625000	-1.144100
3.626000	4.795470
3.627000	-1.144100
3.628000	1.825690
3.629000	4.795470
3.630000	1.825690
3.631000	1.825690
3.632000	-1.144100
3.633000	1.825690
3.634000	-1.144100
3.635000	1.825690
3.636000	1.825690
3.637000	4.795470
3.638000	1.825690
3.639000	1.825690
3.640000	1.825690
3.641000	-1.144100
3.642000	1.825690
3.643000	1.825690
3.644000	1.825690
3.645000	4.795470
3.646000	-1.144100
3.647000	4.795470
3.648000	1.825690
3.649000	-1.144100
3.650000	4.795470
3.651000	1.825690
3.652000	4.795470
3.653000	1.825690
3.654000	1.825690
3.655000	1.825690
3.656000	1.825690
3.657000	4.795470
3.658000	-1.144100
3.659000	4.795470
3.660000	1.825690
3.661000	-1.144100
3.662000	-1.144100
3.663000	1.825690
3.664000	-1.144100
3.665000	-1.144100
3.666000	-1.144100
3.667000	1.825690
3.668000	1.825690
3.669000	1.825690
3.670000	1.825690
3.671000	4.795470
3.672000	-1.144100
3.673000	1.825690
3.674000	1.825690
3.675000	-1.144100
3.676000	-1.144100
3.677000	1.825690
3.678000	1.825690
3.679000	4.795470
3.680000	1.825690
3.681000	-1.144100
3.682000	-1.144100
3.683000	-1.144100
3.684000	1.825690
3.685000	-1.144100
3.686000	4.795470
3.687000	1.825690
3.688000	1.825690
3.689000	4.795470
3.690000	1.825690
3.691000	1.825690
3.692000	1.825690
3.693000	4.795470
3.694000	1.825690
3.695000	1.825690
3.696000	1.825690
3.697000	4.795470
3.698000	1.825690
3.699000	1.825690
3.700000	4.795470
3.701000	1.825690
3.702000	4.795470
3.703000	4.795470
3.704000	4.795470
3.705000	1.825690
3.706000	1.825690
3.707000	4.795470
3.708000	1.825690
3.709000	1.825690
3.710000	1.825690
3.711000	4.795470
3.712000	4.795470
3.713000	4.795470
3.714000	-1.144100
3.715000	4.795470
3.716000	4.795470
3.717000	4.795470
3.718000	4.795470
3.719000	4.795470
3.720000	4.795470
3.721000	4.795470
3.722000	1.825690
3.723000	4.795470
3.724000	4.795470
3.725000	4.795470
3.726000	1.825690
3.727000	4.795470
3.728000	1.825690
3.729000	1.825690
3.730000	1.825690
3.731000	4.795470
3.732000	4.795470
3.733000	-1.144100
3.734000	-1.144100
3.735000	4.795470
3.736000	1.825690
3.737000	1.825690
3.738000	4.795470
3.739000	1.825690
3.740000	1.825690
3.741000	1.825690
3.742000	1.825690
3.743000	4.795470
3.744000	1.825690
3.745000	1.825690
3.746000	4.795470
3.747000	-4.119960
3.748000	-1.144100
3.749000	-1.144100
3.750000	1.825690
3.751000	4.795470
3.752000	1.825690
3.753000	1.825690
3.754000	7.771340
3.755000	1.825690
3.756000	-1.144100
3.757000	4.795470
3.758000	1.825690
3.759000	4.795470
3.760000	1.825690
3.761000	1.825690
3.762000	1.825690
3.763000	-1.144100
3.764000	-1.144100
3.765000	4.795470
3.766000	4.795470
3.767000	4.795470
3.768000	4.795470
3.769000	-1.144100
3.770000	1.825690
3.771000	-1.144100
3.772000	4.795470
3.773000	-1.144100
3.774000	1.825690
3.775000	1.825690
3.776000	1.825690
3.777000	1.825690
3.778000	-1.144100
3.779000	-1.144100
3.780000	1.825690
3.781000	1.825690
3.782000	1.825690
3.783000	1.825690
3.784000	1.825690
3.785000	1.825690
3.786000	1.825690
3.787000	-1.144100
3.788000	1.825690
3.789000	4.795470
3.790000	1.825690
3.791000	1.825690
3.792000	1.825690
3.793000	4.795470
3.794000	1.825690
3.795000	-1.144100
3.796000	-1.144100
3.797000	1.825690
3.798000	4.795470
3.799000	4.795470
3.800000	1.825690
3.801000	1.825690
3.802000	4.795470
3.803000	4.795470
3.804000	1.825690
3.805000	4.795470
3.806000	4.795470
3.807000	1.825690
3.808000	-1.144100
3.809000	1.825690
3.810000	4.795470
3.811000	1.825690
3.812000	1.825690
3.813000	1.825690
3.814000	1.825690
3.815000	4.795470
3.816000	1.825690
3.817000	1.825690
3.818000	-1.144100
3.819000	1.825690
3.820000	1.825690
3.821000	1.825690
3.822000	1.825690
3.823000	1.825690
3.824000	4.795470
3.825000	1.825690
3.826000	1.825690
3.827000	1.825690
3.828000	-1.144100
3.829000	1.825690
3.830000	-1.144100
3.831000	1.825690
3.832000	1.825690
3.833000	-1.144100
3.834000	-1.144100
3.835000	-1.144100
3.836000	1.825690
3.837000	1.825690
3.838000	1.825690
3.839000	4.795470
3.840000	1.825690
3.841000	4.795470
3.842000	1.825690
3.843000	-1.144100
3.844000	1.825690
3.845000	1.825690
3.846000	1.825690
3.847000	-1.144100
3.848000	-1.144100
3.849000	-1.144100
3.850000	4.795470
3.851000	1.825690
3.852000	1.825690
3.853000	4.795470
3.854000	1.825690
3.855000	-1.144100
3.856000	4.795470
3.857000	-1.144100
3.858000	1.825690
3.859000	1.825690
3.860000	1.825690
3.861000	1.825690
3.862000	4.795470
3.863000	-1.144100
3.864000	1.825690
3.865000	-1.144100
3.866000	-1.144100
3.867000	1.825690
3.868000	-1.144100
3.869000	1.825690
3.870000	4.795470
3.871000	1.825690
3.872000	1.825690
3.873000	-1.144100
3.874000	4.795470
3.875000	1.825690
3.876000	4.795470
3.877000	-1.144100
3.878000	4.795470
3.879000	-1.144100
3.880000	-1.144100
3.881000	1.825690
3.882000	4.795470
3.883000	1.825690
3.884000	1.825690
3.885000	4.795470
3.886000	1.825690
3.887000	1.825690
3.888000	4.795470
3.889000	4.795470
3.890000	1.825690
3.891000	4.795470
3.892000	4.795470
3.893000	-1.144100
3.894000	1.825690
3.895000	-1.144100
3.896000	1.825690
3.897000	-1.144100
3.898000	1.825690
3.899000	1.825690
3.900000	-1.144100
3.901000	1.825690
3.902000	4.795470
3.903000	7.771340
3.904000	7.771340
3.905000	7.771340
3.906000	1.825690
3.907000	-1.144100
3.908000	1.825690
3.909000	4.795470
3.910000	1.825690
3.911000	1.825690
3.912000	1.825690
3.913000	4.795470
3.914000	-1.144100
3.915000	4.795470
3.916000	1.825690
3.917000	1.825690
3.918000	1.825690
3.919000	-1.144100
3.920000	1.825690
3.921000	-1.144100
3.922000	1.825690
3.923000	-1.144100
3.924000	-1.144100
3.925000	-1.144100
3.926000	1.825690
3.927000	-1.144100
3.928000	1.825690
3.929000	-1.144100
3.930000	1.825690
3.931000	-1.144100
3.932000	1.825690
3.933000	4.795470
3.934000	1.825690
3.935000	1.825690
3.936000	4.795470
3.937000	1.825690
3.938000	1.825690
3.939000	1.825690
3.940000	-1.144100
3.941000	1.825690
3.942000	-4.119960
3.943000	1.825690
3.944000	-1.144100
3.945000	1.825690
3.946000	4.795470
3.947000	4.795470
3.948000	4.795470
3.949000	-1.144100
3.950000	1.825690
3.951000	-1.144100
3.952000	-1.144100
3.953000	4.795470
3.954000	-1.144100
3.955000	1.825690
3.956000	1.825690
3.957000	1.825690
3.958000	1.825690
3.959000	1.825690
3.960000	4.795470
3.961000	1.825690
3.962000	-4.119960
3.963000	1.825690
3.964000	-1.144100
3.965000	1.825690
3.966000	4.795470
3.967000	1.825690
3.968000	1.825690
3.969000	4.795470
3.970000	-1.144100
3.971000	-1.144100
3.972000	4.795470
3.973000	1.825690
3.974000	-1.144100
3.975000	1.825690
3.976000	4.795470
3.977000	1.825690
3.978000	4.795470
3.979000	1.825690
3.980000	4.795470
3.981000	4.795470
3.982000	1.825690
3.983000	1.825690
3.984000	4.795470
3.985000	1.825690
3.986000	1.825690
3.987000	1.825690
3.988000	1.825690
3.989000	7.771340
3.990000	1.825690
3.991000	1.825690
3.992000	-1.144100
3.993000	-1.144100
3.994000	1.825690
3.995000	1.825690
3.996000	1.825690
3.997000	1.825690
3.998000	1.825690
3.999000	-4.119960
4.000000	4.795470
4.001000	1.825690
4.002000	4.795470
4.003000	1.825690
4.004000	4.795470
4.005000	-1.144100
4.006000	1.825690
4.007000	1.825690
4.008000	1.825690
4.009000	1.825690
4.010000	1.825690
4.011000	1.825690
4.012000	1.825690
4.013000	4.795470
4.014000	-1.144100
4.015000	1.825690
4.016000	1.825690
4.017000	7.771340
4.018000	-1.144100
4.019000	1.825690
4.020000	7.771340
4.021000	-1.144100
4.022000	4.795470
4.023000	1.825690
4.024000	4.795470
4.025000	4.795470
4.026000	-1.144100
4.027000	1.825690
4.028000	1.825690
4.029000	-1.144100
4.030000	1.825690
4.031000	1.825690
4.032000	1.825690
4.033000	1.825690
4.034000	7.771340
4.035000	1.825690
4.036000	4.795470
4.037000	1.825690
4.038000	7.771340
4.039000	-1.144100
4.040000	4.795470
4.041000	4.795470
4.042000	1.825690
4.043000	4.795470
4.044000	1.825690
4.045000	1.825690
4.046000	1.825690
4.047000	-1.144100
4.048000	4.795470
4.049000	-1.144100
4.050000	4.795470
4.051000	4.795470
4.052000	-1.144100
4.053000	1.825690
4.054000	1.825690
4.055000	4.795470
4.056000	1.825690
4.057000	4.795470
4.058000	4.795470
4.059000	1.825690
4.060000	1.825690
4.061000	-1.144100
4.062000	4.795470
4.063000	1.825690
4.064000	1.825690
4.065000	1.825690
4.066000	4.795470
4.067000	7.771340
4.068000	-1.144100
4.069000	-4.119960
4.070000	1.825690
4.071000	1.825690
4.072000	1.825690
4.073000	1.825690
4.074000	1.825690
4.075000	4.795470
4.076000	-1.144100
4.077000	-1.144100
4.078000	-1.144100
4.079000	1.825690
4.080000	4.795470
4.081000	1.825690
4.082000	-1.144100
4.083000	1.825690
4.084000	-1.144100
4.085000	1.825690
4.086000	4.795470
4.087000	4.795470
4.088000	1.825690
4.089000	1.825690
4.090000	-1.144100
4.091000	1.825690
4.092000	1.825690
4.093000	1.825690
4.094000	4.795470
4.095000	1.825690
4.096000	1.825690
4.097000	4.795470
4.098000	1.825690
4.099000	1.825690
4.100000	4.795470
4.101000	1.825690
4.102000	4.795470
4.103000	4.795470
4.104000	-1.144100
4.105000	4.795470
4.106000	-1.144100
4.107000	-1.144100
4.108000	-1.144100
4.109000	-1.144100
4.110000	4.795470
4.111000	-1.144100
4.112000	1.825690
4.113000	-1.144100
4.114000	4.795470
4.115000	1.825690
4.116000	4.795470
4.117000	-1.144100
4.118000	-1.144100
4.119000	1.825690
4.120000	-1.144100
4.121000	1.825690
4.122000	1.825690
4.123000	4.795470
4.124000	1.825690
4.125000	-1.144100
4.126000	-1.144100
4.127000	4.795470
4.128000	-1.144100
4.129000	-1.144100
4.130000	1.825690
4.131000	-1.144100
4.132000	1.825690
4.133000	1.825690
4.134000	1.825690
4.135000	1.825690
4.136000	1.825690
4.137000	4.795470
4.138000	4.795470
4.139000	4.795470
4.140000	1.825690
4.141000	-1.144100
4.142000	1.825690
4.143000	4.795470
4.144000	4.795470
4.145000	-4.119960
4.146000	-1.144100
4.147000	1.825690
4.148000	-1.144100
4.149000	1.825690
4.150000	1.825690
4.151000	4.795470
4.152000	1.825690
4.153000	4.795470
4.154000	1.825690
4.155000	4.795470
4.156000	1.825690
4.157000	-1.144100
4.158000	1.825690
4.159000	-4.119960
4.160000	1.825690
4.161000	-1.144100
4.162000	1.825690
4.163000	1.825690
4.164000	4.795470
4.165000	1.825690
4.166000	-1.144100
4.167000	4.795470
4.168000	1.825690
4.169000	-1.144100
4.170000	1.825690
4.171000	1.825690
4.172000	1.825690
4.173000	-1.144100
4.174000	4.795470
4.175000	-1.144100
4.176000	-1.144100
4.177000	1.825690
4.178000	4.795470
4.179000	-4.119960
4.180000	1.825690
4.181000	1.825690
4.182000	4.795470
4.183000	1.825690
4.184000	1.825690
4.185000	1.825690
4.186000	1.825690
4.187000	1.825690
4.188000	4.795470
4.189000	1.825690
4.190000	-1.144100
4.191000	1.825690
4.192000	1.825690
4.193000	1.825690
4.194000	1.825690
4.195000	4.795470
4.196000	1.825690
4.197000	1.825690
4.198000	7.771340
4.199000	-1.144100
4.200000	1.825690
4.201000	1.825690
4.202000	1.825690
4.203000	1.825690
4.204000	1.825690
4.205000	7.771340
4.206000	4.795470
4.207000	4.795470
4.208000	1.825690
4.209000	1.825690
4.210000	1.825690
4.211000	1.825690
4.212000	1.825690
4.213000	-1.144100
4.214000	1.825690
4.215000	1.825690
4.216000	4.795470
4.217000	1.825690
4.218000	-1.144100
4.219000	1.825690
4.220000	4.795470
4.221000	1.825690
4.222000	1.825690
4.223000	-1.144100
4.224000	1.825690
4.225000	1.825690
4.226000	-1.144100
4.227000	-1.144100
4.228000	4.795470
4.229000	1.825690
4.230000	1.825690
4.231000	1.825690
4.232000	1.825690
4.233000	-1.144100
4.234000	1.825690
4.235000	-1.144100
4.236000	1.825690
4.237000	4.795470
4.238000	-1.144100
4.239000	7.771340
4.240000	4.795470
4.241000	4.795470
4.242000	-1.144100
4.243000	1.825690
4.244000	-1.144100
4.245000	1.825690
4.246000	1.825690
4.247000	-1.144100
4.248000	1.825690
4.249000	1.825690
4.250000	1.825690
4.251000	1.825690
4.252000	1.825690
4.253000	4.795470
4.254000	-1.144100
4.255000	4.795470
4.256000	1.825690
4.257000	1.825690
4.258000	-1.144100
4.259000	4.795470
4.260000	1.825690
4.261000	1.825690
4.262000	-1.144100
4.263000	1.825690
4.264000	1.825690
4.265000	1.825690
4.266000	1.825690
4.267000	1.825690
4.268000	4.795470
4.269000	1.825690
4.270000	1.825690
4.271000	4.795470
4.272000	-1.144100
4.273000	4.795470
4.274000	-1.144100
4.275000	1.825690
4.276000	4.795470
4.277000	1.825690
4.278000	-1.144100
4.279000	-1.144100
4.280000	1.825690
4.281000	4.795470
4.282000	1.825690
4.283000	1.825690
4.284000	4.795470
4.285000	4.795470
4.286000	4.795470
4.287000	4.795470
4.288000	4.795470
4.289000	1.825690
4.290000	1.825690
4.291000	4.795470
4.292000	1.825690
4.293000	1.825690
4.294000	4.795470
4.295000	1.825690
4.296000	-1.144100
4.297000	1.825690
4.298000	1.825690
4.299000	1.825690
4.300000	4.795470
4.301000	1.825690
4.302000	1.825690
4.303000	1.825690
4.304000	1.825690
4.305000	4.795470
4.306000	1.825690
4.307000	1.825690
4.308000	-1.144100
4.309000	1.825690
4.310000	1.825690
4.311000	1.825690
4.312000	-1.144100
4.313000	1.825690
4.314000	7.771340
4.315000	-1.144100
4.316000	4.795470
4.317000	1.825690
4.318000	-1.144100
4.319000	7.771340
4.320000	1.825690
4.321000	4.795470
4.322000	4.795470
4.323000	4.795470
4.324000	-1.144100
4.325000	-1.144100
4.326000	-1.144100
4.327000	1.825690
4.328000	1.825690
4.329000	4.795470
4.330000	-4.119960
4.331000	1.825690
4.332000	1.825690
4.333000	1.825690
4.334000	1.825690
4.335000	1.825690
4.336000	1.825690
4.337000	1.825690
4.338000	1.825690
4.339000	-1.144100
4.340000	1.825690
4.341000	-1.144100
4.342000	1.825690
4.343000	-1.144100
4.344000	-1.144100
4.345000	-1.144100
4.346000	1.825690
4.347000	-1.144100
4.348000	4.795470
4.349000	1.825690
4.350000	1.825690
4.351000	1.825690
4.352000	7.771340
4.353000	4.795470
4.354000	4.795470
4.355000	1.825690
4.356000	1.825690
4.357000	1.825690
4.358000	1.825690
4.359000	4.795470
4.360000	1.825690
4.361000	1.825690
4.362000	1.825690
4.363000	1.825690
4.364000	4.795470
4.365000	-1.144100
4.366000	1.825690
4.367000	-1.144100
4.368000	1.825690
4.369000	-1.144100
4.370000	4.795470
4.371000	4.795470
4.372000	4.795470
4.373000	-1.144100
4.374000	1.825690
4.375000	1.825690
4.376000	-1.144100
4.377000	1.825690
4.378000	1.825690
4.379000	-1.144100
4.380000	1.825690
4.381000	1.825690
4.382000	1.825690
4.383000	-1.144100
4.384000	1.825690
4.385000	1.825690
4.386000	1.825690
4.387000	1.825690
4.388000	1.825690
4.389000	1.825690
4.390000	4.795470
4.391000	1.825690
4.392000	4.795470
4.393000	1.825690
4.394000	4.795470
4.395000	-1.144100
4.396000	1.825690
4.397000	1.825690
4.398000	1.825690
4.399000	1.825690
4.400000	4.795470
4.401000	4.795470
4.402000	4.795470
4.403000	1.825690
4.404000	4.795470
4.405000	1.825690
4.406000	1.825690
4.407000	-1.144100
4.408000	1.825690
4.409000	1.825690
4.410000	-1.144100
4.411000	-1.144100
4.412000	4.795470
4.413000	1.825690
4.414000	1.825690
4.415000	4.795470
4.416000	1.825690
4.417000	1.825690
4.418000	1.825690
4.419000	1.825690
4.420000	4.795470
4.421000	1.825690
4.422000	1.825690
4.423000	-1.144100
4.424000	1.825690
4.425000	4.795470
4.426000	4.795470
4.427000	1.825690
4.428000	-1.144100
4.429000	-1.144100
4.430000	-1.144100
4.431000	-1.144100
4.432000	-1.144100
4.433000	1.825690
4.434000	4.795470
4.435000	1.825690
4.436000	-4.119960
4.437000	4.795470
4.438000	7.771340
4.439000	4.795470
4.440000	1.825690
4.441000	1.825690
4.442000	1.825690
4.443000	-1.144100
4.444000	1.825690
4.445000	-1.144100
4.446000	1.825690
4.447000	-1.144100
4.448000	1.825690
4.449000	-1.144100
4.450000	1.825690
4.451000	-1.144100
4.452000	4.795470
4.453000	-1.144100
4.454000	4.795470
4.455000	4.795470
4.456000	-1.144100
4.457000	-1.144100
4.458000	-1.144100
4.459000	-1.144100
4.460000	1.825690
4.461000	1.825690
4.462000	-1.144100
4.463000	1.825690
4.464000	-1.144100
4.465000	1.825690
4.466000	1.825690
4.467000	4.795470
4.468000	1.825690
4.469000	-1.144100
4.470000	1.825690
4.471000	1.825690
4.472000	4.795470
4.473000	-1.144100
4.474000	1.825690
4.475000	-4.119960
4.476000	-1.144100
4.477000	1.825690
4.478000	-1.144100
4.479000	4.795470
4.480000	1.825690
4.481000	1.825690
4.482000	1.825690
4.483000	1.825690
4.484000	4.795470
4.485000	-1.144100
4.486000	1.825690
4.487000	1.825690
4.488000	-1.144100
4.489000	4.795470
4.490000	1.825690
4.491000	1.825690
4.492000	-1.144100
4.493000	1.825690
4.494000	-1.144100
4.495000	-1.144100
4.496000	-1.144100
4.497000	4.795470
4.498000	1.825690
4.499000	4.795470
4.500000	1.825690
4.501000	-1.144100
4.502000	4.795470
4.503000	1.825690
4.504000	1.825690
4.505000	4.795470
4.506000	4.795470
4.507000	-1.144100
4.508000	1.825690
4.509000	1.825690
4.510000	1.825690
4.511000	-1.144100
4.512000	1.825690
4.513000	-1.144100
4.514000	-1.144100
4.515000	1.825690
4.516000	1.825690
4.517000	-1.144100
4.518000	4.795470
4.519000	-1.144100
4.520000	-1.144100
4.521000	4.795470
4.522000	1.825690
4.523000	4.795470
4.524000	4.795470
4.525000	4.795470
4.526000	4.795470
4.527000	1.825690
4.528000	1.825690
4.529000	1.825690
4.530000	1.825690
4.531000	1.825690
4.532000	1.825690
4.533000	1.825690
4.534000	7.771340
4.535000	1.825690
4.536000	1.825690
4.537000	1.825690
4.538000	1.825690
4.539000	1.825690
4.540000	1.825690
4.541000	1.825690
4.542000	4.795470
4.543000	1.825690
4.544000	-1.144100
4.545000	-1.144100
4.546000	-1.144100
4.547000	-1.144100
4.548000	1.825690
4.549000	4.795470
4.550000	1.825690
4.551000	4.795470
4.552000	1.825690
4.553000	4.795470
4.554000	1.825690
4.555000	4.795470
4.556000	1.825690
4.557000	4.795470
4.558000	-1.144100
4.559000	-1.144100
4.560000	1.825690
4.561000	-1.144100
4.562000	1.825690
4.563000	1.825690
4.564000	4.795470
4.565000	1.825690
4.566000	-1.144100
4.567000	1.825690
4.568000	1.825690
4.569000	4.795470
4.570000	4.795470
4.571000	1.825690
4.572000	1.825690
4.573000	-1.144100
4.574000	1.825690
4.575000	1.825690
4.576000	-1.144100
4.577000	-1.144100
4.578000	-4.119960
4.579000	1.825690
4.580000	4.795470
4.581000	1.825690
4.582000	-1.144100
4.583000	1.825690
4.584000	1.825690
4.585000	7.771340
4.586000	4.795470
4.587000	4.795470
4.588000	4.795470
4.589000	1.825690
4.590000	1.825690
4.591000	-1.144100
4.592000	1.825690
4.593000	1.825690
4.594000	1.825690
4.595000	1.825690
4.596000	-1.144100
4.597000	1.825690
4.598000	-1.144100
4.599000	1.825690
4.600000	1.825690
4.601000	1.825690
4.602000	1.825690
4.603000	-1.144100
4.604000	-1.144100
4.605000	-1.144100
4.606000	-1.144100
4.607000	1.825690
4.608000	-1.144100
4.609000	1.825690
4.610000	4.795470
4.611000	-4.119960
4.612000	1.825690
4.613000	-1.144100
4.614000	1.825690
4.615000	1.825690
4.616000	-1.144100
4.617000	1.825690
4.618000	1.825690
4.619000	-1.144100
4.620000	-1.144100
4.621000	1.825690
4.622000	1.825690
4.623000	1.825690
4.624000	1.825690
4.625000	-1.144100
4.626000	1.825690
4.627000	-1.144100
4.628000	1.825690
4.629000	4.795470
4.630000	1.825690
4.631000	-1.144100
4.632000	-1.144100
4.633000	1.825690
4.634000	-1.144100
4.635000	1.825690
4.636000	1.825690
4.637000	1.825690
4.638000	1.825690
4.639000	-1.144100
4.640000	1.825690
4.641000	1.825690
4.642000	-1.144100
4.643000	1.825690
4.644000	1.825690
4.645000	-1.144100
4.646000	1.825690
4.647000	-1.144100
4.648000	1.825690
4.649000	1.825690
4.650000	4.795470
4.651000	1.825690
4.652000	-1.144100
4.653000	-1.144100
4.654000	4.795470
4.655000	-1.144100
4.656000	-1.144100
4.657000	-1.144100
4.658000	4.795470
4.659000	4.795470
4.660000	-1.144100
4.661000	1.825690
4.662000	-1.144100
4.663000	1.825690
4.664000	1.825690
4.665000	1.825690
4.666000	1.825690
4.667000	1.825690
4.668000	1.825690
4.669000	-1.144100
4.670000	-4.119960
4.671000	4.795470
4.672000	1.825690
4.673000	1.825690
4.674000	4.795470
4.675000	-1.144100
4.676000	4.795470
4.677000	1.825690
4.678000	-1.144100
4.679000	1.825690
4.680000	-1.144100
4.681000	1.825690
4.682000	1.825690
4.683000	1.825690
4.684000	1.825690
4.685000	4.795470
4.686000	1.825690
4.687000	1.825690
4.688000	1.825690
4.689000	1.825690
4.690000	-1.144100
4.691000	1.825690
4.692000	-1.144100
4.693000	7.771340
4.694000	4.795470
4.695000	-1.144100
4.696000	1.825690
4.697000	1.825690
4.698000	1.825690
4.699000	1.825690
4.700000	4.795470
4.701000	1.825690
4.702000	1.825690
4.703000	1.825690
4.704000	1.825690
4.705000	4.795470
4.706000	1.825690
4.707000	1.825690
4.708000	-1.144100
4.709000	1.825690
4.710000	1.825690
4.711000	1.825690
4.712000	4.795470
4.713000	1.825690
4.714000	1.825690
4.715000	1.825690
4.716000	4.795470
4.717000	1.825690
4.718000	1.825690
4.719000	4.795470
4.720000	4.795470
4.721000	1.825690
4.722000	4.795470
4.723000	1.825690
4.724000	4.795470
4.725000	1.825690
4.726000	1.825690
4.727000	1.825690
4.728000	1.825690
4.729000	1.825690
4.730000	-1.144100
4.731000	-1.144100
4.732000	1.825690
4.733000	4.795470
4.734000	-1.144100
4.735000	-1.144100
4.736000	1.825690
4.737000	1.825690
4.738000	1.825690
4.739000	4.795470
4.740000	1.825690
4.741000	4.795470
4.742000	-1.144100
4.743000	-1.144100
4.744000	-1.144100
4.745000	4.795470
4.746000	1.825690
4.747000	1.825690
4.748000	1.825690
4.749000	-1.144100
4.750000	4.795470
4.751000	1.825690
4.752000	4.795470
4.753000	1.825690
4.754000	1.825690
4.755000	1.825690
4.756000	-1.144100
4.757000	4.795470
4.758000	-1.144100
4.759000	1.825690
4.760000	-1.144100
4.761000	-1.144100
4.762000	-4.119960
4.763000	-1.144100
4.764000	1.825690
4.765000	-1.144100
4.766000	-1.144100
4.767000	-1.144100
4.768000	-1.144100
4.769000	-1.144100
4.770000	4.795470
4.771000	1.825690
4.772000	1.825690
4.773000	1.825690
4.774000	-1.144100
4.775000	-1.144100
4.776000	-1.144100
4.777000	-1.144100
4.778000	-1.144100
4.779000	1.825690
4.780000	-1.144100
4.781000	1.825690
4.782000	-1.144100
4.783000	1.825690
4.784000	1.825690
4.785000	1.825690
4.786000	-1.144100
4.787000	4.795470
4.788000	1.825690
4.789000	-1.144100
4.790000	1.825690
4.791000	1.825690
4.792000	4.795470
4.793000	1.825690
4.794000	-1.144100
4.795000	1.825690
4.796000	1.825690
4.797000	-1.144100
4.798000	-1.144100
4.799000	1.825690
4.800000	1.825690
4.801000	1.825690
4.802000	1.825690
4.803000	4.795470
4.804000	1.825690
4.805000	1.825690
4.806000	-1.144100
4.807000	1.825690
4.808000	-1.144100
4.809000	1.825690
4.810000	1.825690
4.811000	-1.144100
4.812000	1.825690
4.813000	1.825690
4.814000	-1.144100
4.815000	-1.144100
4.816000	4.795470
4.817000	1.825690
4.818000	1.825690
4.819000	-1.144100
4.820000	1.825690
4.821000	1.825690
4.822000	1.825690
4.823000	-1.144100
4.824000	1.825690
4.825000	1.825690
4.826000	-1.144100
4.827000	-1.144100
4.828000	1.825690
4.829000	1.825690
4.830000	-1.144100
4.831000	1.825690
4.832000	1.825690
4.833000	-1.144100
4.834000	-1.144100
4.835000	1.825690
4.836000	1.825690
4.837000	-1.144100
4.838000	-1.144100
4.839000	1.825690
4.840000	4.795470
4.841000	-1.144100
4.842000	1.825690
4.843000	1.825690
4.844000	-1.144100
4.845000	-1.144100
4.846000	-4.119960
4.847000	1.825690
4.848000	1.825690
4.849000	1.825690
4.850000	-1.144100
4.851000	4.795470
4.852000	1.825690
4.853000	4.795470
4.854000	-1.144100
4.855000	4.795470
4.856000	1.825690
4.857000	1.825690
4.858000	1.825690
4.859000	-1.144100
4.860000	1.825690
4.861000	1.825690
4.862000	-1.144100
4.863000	-1.144100
4.864000	1.825690
4.865000	1.825690
4.866000	4.795470
4.867000	-1.144100
4.868000	-1.144100
4.869000	-1.144100
4.870000	1.825690
4.871000	1.825690
4.872000	-1.144100
4.873000	1.825690
4.874000	1.825690
4.875000	1.825690
4.876000	-1.144100
4.877000	4.795470
4.878000	-1.144100
4.879000	-1.144100
4.880000	1.825690
4.881000	1.825690
4.882000	4.795470
4.883000	1.825690
4.884000	1.825690
4.885000	1.825690
4.886000	1.825690
4.887000	1.825690
4.888000	1.825690
4.889000	7.771340
4.890000	1.825690
4.891000	1.825690
4.892000	1.825690
4.893000	1.825690
4.894000	1.825690
4.895000	1.825690
4.896000	1.825690
4.897000	4.795470
4.898000	1.825690
4.899000	4.795470
4.900000	1.825690
4.901000	-1.144100
4.902000	1.825690
4.903000	1.825690
4.904000	-1.144100
4.905000	-1.144100
4.906000	1.825690
4.907000	1.825690
4.908000	-4.119960
4.909000	-1.144100
4.910000	1.825690
4.911000	1.825690
4.912000	1.825690
4.913000	4.795470
4.914000	1.825690
4.915000	1.825690
4.916000	4.795470
4.917000	1.825690
4.918000	1.825690
4.919000	4.795470
4.920000	1.825690
4.921000	4.795470
4.922000	1.825690
4.923000	-1.144100
4.924000	-1.144100
4.925000	4.795470
4.926000	1.825690
4.927000	1.825690
4.928000	1.825690
4.929000	-1.144100
4.930000	-1.144100
4.931000	4.795470
4.932000	4.795470
4.933000	1.825690
4.934000	1.825690
4.935000	4.795470
4.936000	4.795470
4.937000	4.795470
4.938000	4.795470
4.939000	1.825690
4.940000	-1.144100
4.941000	1.825690
4.942000	-1.144100
4.943000	1.825690
4.944000	-1.144100
4.945000	-1.144100
4.946000	-1.144100
4.947000	-1.144100
4.948000	1.825690
4.949000	1.825690
4.950000	-4.119960
4.951000	4.795470
4.952000	4.795470
4.953000	1.825690
4.954000	4.795470
4.955000	1.825690
4.956000	4.795470
4.957000	4.795470
4.958000	4.795470
4.959000	1.825690
4.960000	1.825690
4.961000	1.825690
4.962000	-1.144100
4.963000	1.825690
4.964000	1.825690
4.965000	1.825690
4.966000	1.825690
4.967000	1.825690
4.968000	1.825690
4.969000	-1.144100
4.970000	-1.144100
4.971000	-1.144100
4.972000	4.795470
4.973000	1.825690
4.974000	1.825690
4.975000	-4.119960
4.976000	1.825690
4.977000	4.795470
4.978000	-1.144100
4.979000	1.825690
4.980000	1.825690
4.981000	-1.144100
4.982000	1.825690
4.983000	1.825690
4.984000	-1.144100
4.985000	1.825690
4.986000	1.825690
4.987000	4.795470
4.988000	1.825690
4.989000	1.825690
4.990000	-1.144100
4.991000	-1.144100
4.992000	1.825690
4.993000	1.825690
4.994000	-4.119960
4.995000	1.825690
4.996000	1.825690
4.997000	1.825690
4.998000	1.825690
4.999000	7.771340
5.000000	1.825690
5.001000	1.825690
5.002000	1.825690
5.003000	4.795470
5.004000	1.825690
5.005000	1.825690
5.006000	-1.144100
5.007000	4.795470
5.008000	-1.144100
5.009000	-1.144100
5.010000	4.795470
5.011000	1.825690
5.012000	-1.144100
5.013000	1.825690
5.014000	1.825690
5.015000	1.825690
5.016000	4.795470
5.017000	1.825690
5.018000	1.825690
5.019000	1.825690
5.020000	1.825690
5.021000	4.795470
5.022000	1.825690
5.023000	1.825690
5.024000	4.795470
5.025000	4.795470
5.026000	-1.144100
5.027000	4.795470
5.028000	-1.144100
5.029000	-4.119960
5.030000	1.825690
5.031000	1.825690
5.032000	1.825690
5.033000	1.825690
5.034000	-1.144100
5.035000	4.795470
5.036000	1.825690
5.037000	1.825690
5.038000	1.825690
5.039000	1.825690
5.040000	1.825690
5.041000	1.825690
5.042000	1.825690
5.043000	4.795470
5.044000	1.825690
5.045000	4.795470
5.046000	1.825690
5.047000	-1.144100
5.048000	4.795470
5.049000	1.825690
5.050000	-1.144100
5.051000	4.795470
5.052000	1.825690
5.053000	-1.144100
5.054000	1.825690
5.055000	1.825690
5.056000	1.825690
5.057000	-1.144100
5.058000	-1.144100
5.059000	-1.144100
5.060000	-1.144100
5.061000	1.825690
5.062000	1.825690
5.063000	4.795470
5.064000	-1.144100
5.065000	1.825690
5.066000	1.825690
5.067000	4.795470
5.068000	1.825690
5.069000	1.825690
5.070000	4.795470
5.071000	4.795470
5.072000	4.795470
5.073000	1.825690
5.074000	1.825690
5.075000	1.825690
5.076000	-1.144100
5.077000	-1.144100
5.078000	-1.144100
5.079000	1.825690
5.080000	-1.144100
5.081000	1.825690
5.082000	1.825690
5.083000	7.771340
5.084000	-1.144100
5.085000	4.795470
5.086000	7.771340
5.087000	1.825690
5.088000	4.795470
5.089000	1.825690
5.090000	4.795470
5.091000	-1.144100
5.092000	-1.144100
5.093000	4.795470
5.094000	-4.119960
5.095000	-1.144100
5.096000	4.795470
5.097000	4.795470
5.098000	4.795470
5.099000	-1.144100
5.100000	-1.144100
5.101000	1.825690
5.102000	-1.144100
5.103000	-1.144100
5.104000	4.795470
5.105000	-1.144100
5.106000	4.795470
5.107000	1.825690
5.108000	4.795470
5.109000	4.795470
5.110000	4.795470
5.111000	-1.144100
5.112000	1.825690
5.113000	1.825690
5.114000	-1.144100
5.115000	-1.144100
5.116000	1.825690
5.117000	1.825690
5.118000	1.825690
5.119000	4.795470
5.120000	4.795470
5.121000	1.825690
5.122000	1.825690
5.123000	-1.144100
5.124000	-1.144100
5.125000	1.825690
5.126000	1.825690
5.127000	4.795470
5.128000	1.825690
5.129000	1.825690
5.130000	1.825690
5.131000	1.825690
5.132000	1.825690
5.133000	4.795470
5.134000	-1.144100
5.135000	4.795470
5.136000	4.795470
5.137000	1.825690
5.138000	4.795470
5.139000	1.825690
5.140000	4.795470
5.141000	1.825690
5.142000	4.795470
5.143000	1.825690
5.144000	1.825690
5.145000	1.825690
5.146000	1.825690
5.147000	1.825690
5.148000	-1.144100
5.149000	1.825690
5.150000	-1.144100
5.151000	-1.144100
5.152000	1.825690
5.153000	1.825690
5.154000	1.825690
5.155000	1.825690
5.156000	1.825690
5.157000	1.825690
5.158000	4.795470
5.159000	4.795470
5.160000	-1.144100
5.161000	4.795470
5.162000	1.825690
5.163000	4.795470
5.164000	4.795470
5.165000	1.825690
5.166000	4.795470
5.167000	1.825690
5.168000	1.825690
5.169000	1.825690
5.170000	7.771340
5.171000	4.795470
5.172000	4.795470
5.173000	1.825690
5.174000	4.795470
5.175000	-1.144100
5.176000	1.825690
5.177000	-1.144100
5.178000	4.795470
5.179000	1.825690
5.180000	1.825690
5.181000	1.825690
5.182000	4.795470
5.183000	1.825690
5.184000	1.825690
5.185000	4.795470
5.186000	1.825690
5.187000	1.825690
5.188000	1.825690
5.189000	1.825690
5.190000	4.795470
5.191000	-1.144100
5.192000	1.825690
5.193000	-1.144100
5.194000	4.795470
5.195000	-1.144100
5.196000	1.825690
5.197000	-1.144100
5.198000	1.825690
5.199000	1.825690
5.200000	4.795470
5.201000	1.825690
5.202000	-1.144100
5.203000	4.795470
5.204000	4.795470
5.205000	1.825690
5.206000	1.825690
5.207000	4.795470
5.208000	-1.144100
5.209000	-1.144100
5.210000	-1.144100
5.211000	-1.144100
5.212000	-1.144100
5.213000	-1.144100
5.214000	4.795470
5.215000	-1.144100
5.216000	1.825690
5.217000	4.795470
5.218000	1.825690
5.219000	1.825690
5.220000	4.795470
5.221000	1.825690
5.222000	4.795470
5.223000	-1.144100
5.224000	4.795470
5.225000	1.825690
5.226000	4.795470
5.227000	1.825690
5.228000	4.795470
5.229000	1.825690
5.230000	1.825690
5.231000	7.771340
5.232000	-1.144100
5.233000	1.825690
5.234000	1.825690
5.235000	-1.144100
5.236000	1.825690
5.237000	1.825690
5.238000	1.825690
5.239000	1.825690
5.240000	1.825690
5.241000	1.825690
5.242000	4.795470
5.243000	-1.144100
5.244000	-1.144100
5.245000	4.795470
5.246000	1.825690
5.247000	1.825690
5.248000	-1.144100
5.249000	1.825690
5.250000	1.825690
5.251000	-4.119960
5.252000	1.825690
5.253000	-1.144100
5.254000	4.795470
5.255000	-1.144100
5.256000	4.795470
5.257000	4.795470
5.258000	4.795470
5.259000	-1.144100
5.260000	-1.144100
5.261000	-1.144100
5.262000	-1.144100
5.263000	1.825690
5.264000	1.825690
5.265000	1.825690
5.266000	1.825690
5.267000	1.825690
5.268000	-4.119960
5.269000	4.795470
5.270000	-1.144100
5.271000	7.771340
5.272000	1.825690
5.273000	1.825690
5.274000	1.825690
5.275000	-1.144100
5.276000	1.825690
5.277000	-1.144100
5.278000	1.825690
5.279000	4.795470
5.280000	4.795470
5.281000	4.795470
5.282000	1.825690
5.283000	4.795470
5.284000	4.795470
5.285000	1.825690
5.286000	4.795470
5.287000	4.795470
5.288000	4.795470
5.289000	4.795470
5.290000	1.825690
5.291000	1.825690
5.292000	-1.144100
5.293000	4.795470
5.294000	4.795470
5.295000	-1.144100
5.296000	1.825690
5.297000	1.825690
5.298000	1.825690
5.299000	4.795470
5.300000	4.795470
5.301000	1.825690
5.302000	1.825690
5.303000	1.825690
5.304000	1.825690
5.305000	1.825690
5.306000	4.795470
5.307000	1.825690
5.308000	4.795470
5.309000	-1.144100
5.310000	4.795470
5.311000	1.825690
5.312000	-1.144100
5.313000	-1.144100
5.314000	1.825690
5.315000	4.795470
5.316000	1.825690
5.317000	1.825690
5.318000	1.825690
5.319000	4.795470
5.320000	1.825690
5.321000	4.795470
5.322000	4.795470
5.323000	4.795470
5.324000	4.795470
5.325000	1.825690
5.326000	7.771340
5.327000	-1.144100
5.328000	-1.144100
5.329000	-1.144100
5.330000	1.825690
5.331000	-1.144100
5.332000	4.795470
5.333000	1.825690
5.334000	1.825690
5.335000	4.795470
5.336000	4.795470
5.337000	1.825690
5.338000	4.795470
5.339000	-1.144100
5.340000	-1.144100
5.341000	-1.144100
5.342000	1.825690
5.343000	1.825690
5.344000	-1.144100
5.345000	-1.144100
5.346000	1.825690
5.347000	1.825690
5.348000	4.795470
5.349000	-1.144100
5.350000	-1.144100
5.351000	-1.144100
5.352000	4.795470
5.353000	4.795470
5.354000	1.825690
5.355000	1.825690
5.356000	4.795470
5.357000	1.825690
5.358000	1.825690
5.359000	-1.144100
5.360000	1.825690
5.361000	1.825690
5.362000	1.825690
5.363000	1.825690
5.364000	-1.144100
5.365000	1.825690
5.366000	4.795470
5.367000	1.825690
5.368000	1.825690
5.369000	1.825690
5.370000	4.795470
5.371000	4.795470
5.372000	4.795470
5.373000	1.825690
5.374000	1.825690
5.375000	-1.144100
5.376000	4.795470
5.377000	1.825690
5.378000	1.825690
5.379000	1.825690
5.380000	1.825690
5.381000	1.825690
5.382000	1.825690
5.383000	1.825690
5.384000	1.825690
5.385000	-1.144100
5.386000	-1.144100
5.387000	4.795470
5.388000	4.795470
5.389000	4.795470
5.390000	-1.144100
5.391000	1.825690
5.392000	4.795470
5.393000	-1.144100
5.394000	-1.144100
5.395000	4.795470
5.396000	4.795470
5.397000	1.825690
5.398000	1.825690
5.399000	1.825690
5.400000	-1.144100
5.401000	-1.144100
5.402000	4.795470
5.403000	4.795470
5.404000	4.795470
5.405000	1.825690
5.406000	1.825690
5.407000	4.795470
5.408000	4.795470
5.409000	-1.144100
5.410000	1.825690
5.411000	1.825690
5.412000	-1.144100
5.413000	1.825690
5.414000	1.825690
5.415000	4.795470
5.416000	7.771340
5.417000	1.825690
5.418000	4.795470
5.419000	4.795470
5.420000	1.825690
5.421000	1.825690
5.422000	1.825690
5.423000	4.795470
5.424000	-1.144100
5.425000	1.825690
5.426000	4.795470
5.427000	4.795470
5.428000	-4.119960
5.429000	-1.144100
5.430000	4.795470
5.431000	7.771340
5.432000	1.825690
5.433000	-1.144100
5.434000	1.825690
5.435000	4.795470
5.436000	1.825690
5.437000	1.825690
5.438000	1.825690
5.439000	1.825690
5.440000	4.795470
5.441000	4.795470
5.442000	1.825690
5.443000	4.795470
5.444000	1.825690
5.445000	1.825690
5.446000	1.825690
5.447000	-1.144100
5.448000	1.825690
5.449000	1.825690
5.450000	-1.144100
5.451000	4.795470
5.452000	-1.144100
5.453000	1.825690
5.454000	4.795470
5.455000	1.825690
5.456000	1.825690
5.457000	1.825690
5.458000	1.825690
5.459000	1.825690
5.460000	4.795470
5.461000	-1.144100
5.462000	1.825690
5.463000	1.825690
5.464000	1.825690
5.465000	1.825690
5.466000	4.795470
5.467000	1.825690
5.468000	-1.144100
5.469000	1.825690
5.470000	1.825690
5.471000	1.825690
5.472000	-1.144100
5.473000	1.825690
5.474000	1.825690
5.475000	-1.144100
5.476000	1.825690
5.477000	1.825690
5.478000	4.795470
5.479000	1.825690
5.480000	1.825690
5.481000	1.825690
5.482000	4.795470
5.483000	1.825690
5.484000	1.825690
5.485000	4.795470
5.486000	1.825690
5.487000	4.795470
5.488000	4.795470
5.489000	1.825690
5.490000	1.825690
5.491000	-1.144100
5.492000	-1.144100
5.493000	-1.144100
5.494000	1.825690
5.495000	1.825690
5.496000	1.825690
5.497000	1.825690
5.498000	1.825690
5.499000	1.825690
5.500000	-1.144100
