-0.500000	-1.106690
-0.499000	-1.169480
-0.498000	-1.106690
-0.497000	-1.106690
-0.496000	-1.043900
-0.495000	-1.169480
-0.494000	-1.169480
-0.493000	-1.043900
-0.492000	-1.106690
-0.491000	-1.169480
-0.490000	-1.106690
-0.489000	-1.169480
-0.488000	-1.106690
-0.487000	-1.106690
-0.486000	-1.106690
-0.485000	-1.169480
-0.484000	-1.169480
-0.483000	-1.106690
-0.482000	-1.169480
-0.481000	-1.043900
-0.480000	-1.169480
-0.479000	-1.169480
-0.478000	-1.106690
-0.477000	-1.169480
-0.476000	-1.106690
-0.475000	-1.169480
-0.474000	-1.169480
-0.473000	-1.169480
-0.472000	-1.106690
-0.471000	-1.169480
-0.470000	-1.106690
-0.469000	-1.043900
-0.468000	-1.169480
-0.467000	-1.106690
-0.466000	-1.106690
-0.465000	-1.106690
-0.464000	-1.169480
-0.463000	-1.106690
-0.462000	-1.106690
-0.461000	-1.106690
-0.460000	-1.106690
-0.459000	-1.106690
-0.458000	-1.169480
-0.457000	-1.169480
-0.456000	-1.169480
-0.455000	-1.169480
-0.454000	-1.106690
-0.453000	-1.169480
-0.452000	-1.106690
-0.451000	-1.106690
-0.450000	-1.169480
-0.449000	-1.106690
-0.448000	-1.169480
-0.447000	-1.169480
-0.446000	-1.106690
-0.445000	-1.169480
-0.444000	-1.043900
-0.443000	-1.169480
-0.442000	-1.169480
-0.441000	-1.106690
-0.440000	-1.169480
-0.439000	-1.169480
-0.438000	-1.232270
-0.437000	-1.169480
-0.436000	-1.106690
-0.435000	-1.106690
-0.434000	-1.106690
-0.433000	-1.169480
-0.432000	-1.232270
-0.431000	-1.106690
-0.430000	-1.043900
-0.429000	-1.106690
-0.428000	-1.043900
-0.427000	-1.043900
-0.426000	-1.043900
-0.425000	-1.169480
-0.424000	-1.232270
-0.423000	-1.169480
-0.422000	-1.169480
-0.421000	-1.169480
-0.420000	-1.106690
-0.419000	-1.169480
-0.418000	-1.106690
-0.417000	-1.106690
-0.416000	-1.106690
-0.415000	-1.043900
-0.414000	-1.106690
-0.413000	-1.106690
-0.412000	-1.169480
-0.411000	-1.043900
-0.410000	-1.106690
-0.409000	-1.106690
-0.408000	-1.169480
-0.407000	-1.043900
-0.406000	-1.169480
-0.405000	-1.106690
-0.404000	-1.106690
-0.403000	-1.169480
-0.402000	-1.106690
-0.401000	-1.106690
-0.400000	-1.169480
-0.399000	-1.169480
-0.398000	-1.169480
-0.397000	-1.169480
-0.396000	-1.169480
-0.395000	-1.169480
-0.394000	-1.106690
-0.393000	-1.169480
-0.392000	-1.106690
-0.391000	-1.169480
-0.390000	-1.106690
-0.389000	-1.169480
-0.388000	-1.169480
-0.387000	-1.169480
-0.386000	-1.106690
-0.385000	-1.169480
-0.384000	-1.169480
-0.383000	-1.169480
-0.382000	-1.169480
-0.381000	-1.169480
-0.380000	-1.106690
-0.379000	-1.169480
-0.378000	-1.106690
-0.377000	-1.106690
-0.376000	-1.169480
-0.375000	-1.169480
-0.374000	-1.106690
-0.373000	-1.106690
-0.372000	-1.169480
-0.371000	-1.169480
-0.370000	-1.169480
-0.369000	-1.169480
-0.368000	-1.106690
-0.367000	-1.169480
-0.366000	-1.169480
-0.365000	-1.169480
-0.364000	-1.169480
-0.363000	-1.106690
-0.362000	-1.169480
-0.361000	-1.169480
-0.360000	-1.043900
-0.359000	-1.169480
-0.358000	-1.106690
-0.357000	-1.106690
-0.356000	-1.169480
-0.355000	-1.043900
-0.354000	-1.106690
-0.353000	-1.106690
-0.352000	-1.169480
-0.351000	-1.106690
-0.350000	-1.043900
-0.349000	-1.106690
-0.348000	-1.106690
-0.347000	-1.232270
-0.346000	-1.169480
-0.345000	-1.169480
-0.344000	-1.169480
-0.343000	-1.169480
-0.342000	-1.169480
-0.341000	-1.043900
-0.340000	-1.169480
-0.339000	-1.169480
-0.338000	-1.043900
-0.337000	-1.106690
-0.336000	-1.169480
-0.335000	-1.169480
-0.334000	-1.169480
-0.333000	-1.106690
-0.332000	-1.169480
-0.331000	-1.043900
-0.330000	-1.169480
-0.329000	-1.106690
-0.328000	-1.043900
-0.327000	-1.106690
-0.326000	-1.169480
-0.325000	-1.043900
-0.324000	-1.106690
-0.323000	-1.043900
-0.322000	-1.169480
-0.321000	-1.043900
-0.320000	-1.169480
-0.319000	-1.169480
-0.318000	-1.106690
-0.317000	-1.106690
-0.316000	-1.106690
-0.315000	-1.169480
-0.314000	-1.106690
-0.313000	-1.043900
-0.312000	-1.232270
-0.311000	-1.043900
-0.310000	-1.169480
-0.309000	-1.169480
-0.308000	-1.169480
-0.307000	-1.169480
-0.306000	-1.043900
-0.305000	-1.106690
-0.304000	-1.106690
-0.303000	-1.106690
-0.302000	-1.106690
-0.301000	-1.169480
-0.300000	-1.169480
-0.299000	-1.106690
-0.298000	-1.106690
-0.297000	-1.106690
-0.296000	-1.106690
-0.295000	-1.106690
-0.294000	-1.106690
-0.293000	-1.043900
-0.292000	-1.169480
-0.291000	-1.106690
-0.290000	-1.106690
-0.289000	-1.169480
-0.288000	-1.169480
-0.287000	-1.169480
-0.286000	-1.169480
-0.285000	-1.106690
-0.284000	-1.169480
-0.283000	-1.169480
-0.282000	-1.169480
-0.281000	-1.106690
-0.280000	-1.169480
-0.279000	-1.043900
-0.278000	-1.106690
-0.277000	-1.106690
-0.276000	-1.043900
-0.275000	-1.106690
-0.274000	-1.106690
-0.273000	-1.106690
-0.272000	-1.232270
-0.271000	-1.169480
-0.270000	-1.106690
-0.269000	-1.169480
-0.268000	-1.106690
-0.267000	-1.106690
-0.266000	-1.106690
-0.265000	-1.169480
-0.264000	-1.169480
-0.263000	-1.232270
-0.262000	-1.232270
-0.261000	-1.169480
-0.260000	-1.169480
-0.259000	-1.169480
-0.258000	-1.169480
-0.257000	-1.169480
-0.256000	-1.169480
-0.255000	-1.169480
-0.254000	-1.169480
-0.253000	-1.169480
-0.252000	-1.232270
-0.251000	-1.106690
-0.250000	-1.169480
-0.249000	-1.106690
-0.248000	-1.106690
-0.247000	-1.106690
-0.246000	-1.106690
-0.245000	-1.043900
-0.244000	-1.043900
-0.243000	-1.169480
-0.242000	-1.106690
-0.241000	-1.169480
-0.240000	-1.106690
-0.239000	-1.169480
-0.238000	-1.169480
-0.237000	-1.106690
-0.236000	-1.106690
-0.235000	-1.169480
-0.234000	-1.169480
-0.233000	-1.169480
-0.232000	-1.106690
-0.231000	-1.043900
-0.230000	-1.169480
-0.229000	-1.169480
-0.228000	-1.232270
-0.227000	-1.043900
-0.226000	-1.169480
-0.225000	-1.169480
-0.224000	-1.169480
-0.223000	-1.169480
-0.222000	-1.169480
-0.221000	-1.169480
-0.220000	-1.169480
-0.219000	-1.169480
-0.218000	-1.169480
-0.217000	-1.169480
-0.216000	-1.169480
-0.215000	-1.169480
-0.214000	-1.169480
-0.213000	-1.169480
-0.212000	-1.043900
-0.211000	-1.169480
-0.210000	-1.043900
-0.209000	-1.169480
-0.208000	-1.169480
-0.207000	-1.169480
-0.206000	-1.232270
-0.205000	-1.169480
-0.204000	-1.169480
-0.203000	-1.169480
-0.202000	-1.169480
-0.201000	-1.169480
-0.200000	-1.232270
-0.199000	-1.043900
-0.198000	-1.106690
-0.197000	-1.106690
-0.196000	-1.106690
-0.195000	-1.169480
-0.194000	-1.106690
-0.193000	-1.106690
-0.192000	-1.169480
-0.191000	-1.043900
-0.190000	-1.169480
-0.189000	-1.232270
-0.188000	-1.106690
-0.187000	-1.232270
-0.186000	-1.169480
-0.185000	-1.295190
-0.184000	-1.169480
-0.183000	-1.169480
-0.182000	-1.169480
-0.181000	-1.169480
-0.180000	-1.169480
-0.179000	-1.106690
-0.178000	-1.106690
-0.177000	-1.043900
-0.176000	-0.980980
-0.175000	-1.106690
-0.174000	-1.169480
-0.173000	-1.169480
-0.172000	-1.232270
-0.171000	-1.106690
-0.170000	-1.043900
-0.169000	-1.169480
-0.168000	-1.106690
-0.167000	-1.169480
-0.166000	-1.106690
-0.165000	-1.169480
-0.164000	-1.169480
-0.163000	-1.043900
-0.162000	-1.169480
-0.161000	-1.106690
-0.160000	-1.169480
-0.159000	-1.106690
-0.158000	-1.106690
-0.157000	-1.169480
-0.156000	-1.106690
-0.155000	-1.232270
-0.154000	-1.043900
-0.153000	-1.169480
-0.152000	-1.169480
-0.151000	-1.106690
-0.150000	-1.043900
-0.149000	-1.106690
-0.148000	-1.169480
-0.147000	-1.169480
-0.146000	-1.169480
-0.145000	-1.169480
-0.144000	-1.106690
-0.143000	-1.169480
-0.142000	-1.043900
-0.141000	-1.106690
-0.140000	-1.169480
-0.139000	-1.169480
-0.138000	-1.106690
-0.137000	-1.169480
-0.136000	-1.169480
-0.135000	-1.106690
-0.134000	-1.106690
-0.133000	-1.043900
-0.132000	-1.106690
-0.131000	-1.106690
-0.130000	-1.169480
-0.129000	-1.169480
-0.128000	-1.106690
-0.127000	-1.043900
-0.126000	-1.106690
-0.125000	-1.232270
-0.124000	-1.169480
-0.123000	-1.106690
-0.122000	-1.169480
-0.121000	-1.106690
-0.120000	-1.106690
-0.119000	-1.169480
-0.118000	-1.169480
-0.117000	-1.169480
-0.116000	-1.043900
-0.115000	-1.169480
-0.114000	-1.169480
-0.113000	-1.232270
-0.112000	-1.169480
-0.111000	-1.169480
-0.110000	-1.169480
-0.109000	-1.106690
-0.108000	-1.106690
-0.107000	-1.169480
-0.106000	-1.169480
-0.105000	-1.043900
-0.104000	-1.169480
-0.103000	-1.232270
-0.102000	-1.169480
-0.101000	-1.169480
-0.100000	-1.169480
-0.099000	-1.169480
-0.098000	-1.169480
-0.097000	-1.106690
-0.096000	-1.043900
-0.095000	-1.043900
-0.094000	-1.043900
-0.093000	-1.106690
-0.092000	-1.106690
-0.091000	-1.106690
-0.090000	-1.043900
-0.089000	-1.169480
-0.088000	-1.232270
-0.087000	-1.106690
-0.086000	-1.106690
-0.085000	-1.169480
-0.084000	-1.169480
-0.083000	-1.106690
-0.082000	-1.043900
-0.081000	-1.043900
-0.080000	-1.106690
-0.079000	-1.169480
-0.078000	-1.169480
-0.077000	-1.169480
-0.076000	-1.357980
-0.075000	-1.232270
-0.074000	-1.295190
-0.073000	-1.295190
-0.072000	-1.295190
-0.071000	-1.232270
-0.070000	-1.295190
-0.069000	-1.232270
-0.068000	-1.295190
-0.067000	-1.169480
-0.066000	-1.043900
-0.065000	-1.106690
-0.064000	-1.043900
-0.063000	-0.980980
-0.062000	-1.043900
-0.061000	-1.106690
-0.060000	-1.043900
-0.059000	-1.043900
-0.058000	-1.169480
-0.057000	-1.106690
-0.056000	-1.169480
-0.055000	-1.169480
-0.054000	-1.169480
-0.053000	-1.169480
-0.052000	-1.169480
-0.051000	-1.043900
-0.050000	-1.169480
-0.049000	-1.043900
-0.048000	-1.106690
-0.047000	-1.043900
-0.046000	-0.980980
-0.045000	-0.980980
-0.044000	-0.918189
-0.043000	-0.980980
-0.042000	-1.232270
-0.041000	-0.980980
-0.040000	-0.855398
-0.039000	-0.855398
-0.038000	-0.980980
-0.037000	-0.855398
-0.036000	-0.666897
-0.035000	-0.541186
-0.034000	-0.038601
-0.033000	0.338402
-0.032000	0.903778
-0.031000	0.903778
-0.030000	1.280780
-0.029000	1.909080
-0.028000	2.600160
-0.027000	3.165540
-0.026000	3.354040
-0.025000	3.793830
-0.024000	4.108050
-0.023000	4.296420
-0.022000	4.359340
-0.021000	4.359340
-0.020000	4.296420
-0.019000	4.296420
-0.018000	3.982340
-0.017000	3.856630
-0.016000	3.479750
-0.015000	3.165540
-0.014000	2.851460
-0.013000	2.725750
-0.012000	2.348870
-0.011000	2.285950
-0.010000	1.909080
-0.009000	1.594860
-0.008000	1.029490
-0.007000	0.589695
-0.006000	0.212692
-0.005000	-0.289894
-0.004000	-0.729688
-0.003000	-1.357980
-0.002000	-2.049070
-0.001000	-2.551650
0.000000	-3.305660
0.001000	-3.996750
0.002000	-4.876340
0.003000	-5.693000
0.004000	-6.761090
0.005000	-7.891970
0.006000	-8.960060
0.007000	-9.776860
0.008000	-10.467900
0.009000	-11.033300
0.010000	-11.661600
0.011000	-11.912900
0.012000	-12.038600
0.013000	-12.038600
0.014000	-12.038600
0.015000	-11.724400
0.016000	-11.661600
0.017000	-11.221800
0.018000	-10.844800
0.019000	-10.342200
0.020000	-9.965230
0.021000	-9.525440
0.022000	-9.022860
0.023000	-8.583060
0.024000	-8.080480
0.025000	-7.640680
0.026000	-7.200890
0.027000	-6.761090
0.028000	-6.447010
0.029000	-6.258510
0.030000	-6.132800
0.031000	-6.132800
0.032000	-6.195720
0.033000	-6.384090
0.034000	-6.447010
0.035000	-6.447010
0.036000	-6.321300
0.037000	-6.007220
0.038000	-5.693000
0.039000	-5.190420
0.040000	-4.813420
0.041000	-4.499330
0.042000	-4.185250
0.043000	-3.871040
0.044000	-3.871040
0.045000	-4.059540
0.046000	-4.373620
0.047000	-5.001920
0.048000	-5.755920
0.049000	-6.509800
0.050000	-7.452180
0.051000	-8.520270
0.052000	-9.462650
0.053000	-10.279400
0.054000	-10.844800
0.055000	-11.473100
0.056000	-11.724400
0.057000	-11.850100
0.058000	-11.912900
0.059000	-11.661600
0.060000	-11.284600
0.061000	-10.844800
0.062000	-10.342200
0.063000	-9.776860
0.064000	-9.462650
0.065000	-9.148570
0.066000	-8.834350
0.067000	-8.520270
0.068000	-8.331770
0.069000	-8.394560
0.070000	-8.457480
0.071000	-8.583060
0.072000	-8.708770
0.073000	-8.897270
0.074000	-8.708770
0.075000	-8.583060
0.076000	-8.583060
0.077000	-8.645980
0.078000	-8.394560
0.079000	-8.143270
0.080000	-7.891970
0.081000	-7.891970
0.082000	-7.766390
0.083000	-7.514970
0.084000	-7.389390
0.085000	-7.389390
0.086000	-7.452180
0.087000	-7.640680
0.088000	-7.829180
0.089000	-8.206190
0.090000	-8.457480
0.091000	-8.771560
0.092000	-9.022860
0.093000	-9.399860
0.094000	-9.651150
0.095000	-9.839650
0.096000	-10.028200
0.097000	-10.216700
0.098000	-10.342200
0.099000	-10.467900
0.100000	-10.656400
0.101000	-10.970500
0.102000	-11.159000
0.103000	-11.347500
0.104000	-11.473100
0.105000	-11.661600
0.106000	-11.787300
0.107000	-11.787300
0.108000	-11.850100
0.109000	-11.850100
0.110000	-11.787300
0.111000	-11.787300
0.112000	-11.661600
0.113000	-11.661600
0.114000	-11.787300
0.115000	-11.724400
0.116000	-11.787300
0.117000	-11.787300
0.118000	-11.975700
0.119000	-11.912900
0.120000	-11.975700
0.121000	-11.912900
0.122000	-11.912900
0.123000	-11.912900
0.124000	-11.787300
0.125000	-11.912900
0.126000	-11.850100
0.127000	-11.850100
0.128000	-11.787300
0.129000	-11.724400
0.130000	-11.598800
0.131000	-11.535900
0.132000	-11.535900
0.133000	-11.410300
0.134000	-11.410300
0.135000	-11.347500
0.136000	-11.221800
0.137000	-11.096200
0.138000	-11.096200
0.139000	-11.096200
0.140000	-11.159000
0.141000	-11.221800
0.142000	-11.410300
0.143000	-11.473100
0.144000	-11.724400
0.145000	-11.850100
0.146000	-12.038600
0.147000	-12.227100
0.148000	-12.352700
0.149000	-12.478400
0.150000	-12.541200
0.151000	-12.604000
0.152000	-12.729700
0.153000	-12.604000
0.154000	-12.541200
0.155000	-12.604000
0.156000	-12.352700
0.157000	-12.352700
0.158000	-12.227100
0.159000	-12.289900
0.160000	-12.164200
0.161000	-12.038600
0.162000	-12.038600
0.163000	-11.787300
0.164000	-11.912900
0.165000	-11.850100
0.166000	-11.850100
0.167000	-11.912900
0.168000	-12.038600
0.169000	-12.164200
0.170000	-12.352700
0.171000	-12.541200
0.172000	-12.729700
0.173000	-12.981000
0.174000	-13.232300
0.175000	-13.483600
0.176000	-13.734900
0.177000	-13.797800
0.178000	-13.923400
0.179000	-14.111900
0.180000	-14.300400
0.181000	-14.363200
0.182000	-14.488900
0.183000	-14.551700
0.184000	-14.677400
0.185000	-14.803000
0.186000	-14.803000
0.187000	-14.928700
0.188000	-14.928700
0.189000	-14.991500
0.190000	-14.991500
0.191000	-14.928700
0.192000	-14.865800
0.193000	-14.803000
0.194000	-14.865800
0.195000	-14.865800
0.196000	-14.928700
0.197000	-14.928700
0.198000	-15.054300
0.199000	-15.180000
0.200000	-15.242800
0.201000	-15.368500
0.202000	-15.494100
0.203000	-15.619800
0.204000	-15.745300
0.205000	-15.996600
0.206000	-15.933800
0.207000	-15.996600
0.208000	-16.185101
0.209000	-16.185101
0.210000	-16.310900
0.211000	-16.436399
0.212000	-16.499399
0.213000	-16.499399
0.214000	-16.687901
0.215000	-16.813400
0.216000	-16.876200
0.217000	-17.001900
0.218000	-17.064699
0.219000	-17.190399
0.220000	-17.378901
0.221000	-17.441700
0.222000	-17.504499
0.223000	-17.630199
0.224000	-17.693001
0.225000	-17.944300
0.226000	-18.070000
0.227000	-18.195601
0.228000	-18.384100
0.229000	-18.572599
0.230000	-18.698299
0.231000	-18.886700
0.232000	-19.012400
0.233000	-19.200899
0.234000	-19.389400
0.235000	-19.514999
0.236000	-19.640699
0.237000	-19.640699
0.238000	-19.892000
0.239000	-20.017599
0.240000	-19.954800
0.241000	-20.017599
0.242000	-20.143299
0.243000	-20.206100
0.244000	-20.268999
0.245000	-20.394600
0.246000	-20.457399
0.247000	-20.583099
0.248000	-20.583099
0.249000	-20.645901
0.250000	-19.954800
0.251000	-18.635401
0.252000	-18.698299
0.253000	-19.075199
0.254000	-19.577801
0.255000	-18.509800
0.256000	-17.316000
0.257000	-17.441700
0.258000	-17.316000
0.259000	-15.996600
0.260000	-14.488900
0.261000	-13.546400
0.262000	-13.169500
0.263000	-12.352700
0.264000	-11.473100
0.265000	-10.907700
0.266000	-10.405000
0.267000	-9.713940
0.268000	-9.399860
0.269000	-9.902440
0.270000	-10.593500
0.271000	-10.530700
0.272000	-10.467900
0.273000	-11.284600
0.274000	-12.415500
0.275000	-13.420800
0.276000	-13.860600
0.277000	-14.677400
0.278000	-15.996600
0.279000	-17.064699
0.280000	-17.630199
0.281000	-18.007099
0.282000	-18.761101
0.283000	-19.514999
0.284000	-19.514999
0.285000	-19.829201
0.286000	-20.080500
0.287000	-20.268999
0.288000	-20.080500
0.289000	-19.892000
0.290000	-19.954800
0.291000	-20.143299
0.292000	-20.268999
0.293000	-20.080500
0.294000	-19.829201
0.295000	-19.829201
0.296000	-19.577801
0.297000	-19.389400
0.298000	-19.200899
0.299000	-19.138100
0.300000	-18.886700
0.301000	-18.698299
0.302000	-18.321301
0.303000	-18.258499
0.304000	-18.258499
0.305000	-17.944300
0.306000	-17.755800
0.307000	-17.567301
0.308000	-17.504499
0.309000	-17.127600
0.310000	-17.001900
0.311000	-16.876200
0.312000	-16.939100
0.313000	-16.750601
0.314000	-16.562099
0.315000	-16.436399
0.316000	-16.499399
0.317000	-16.562099
0.318000	-16.436399
0.319000	-16.436399
0.320000	-16.687901
0.321000	-17.001900
0.322000	-17.190399
0.323000	-17.190399
0.324000	-17.253201
0.325000	-17.504499
0.326000	-17.818701
0.327000	-17.693001
0.328000	-17.504499
0.329000	-17.944300
0.330000	-18.070000
0.331000	-18.070000
0.332000	-18.007099
0.333000	-18.132799
0.334000	-18.572599
0.335000	-18.572599
0.336000	-17.881500
0.337000	-17.755800
0.338000	-17.881500
0.339000	-17.944300
0.340000	-17.504499
0.341000	-17.253201
0.342000	-17.190399
0.343000	-17.190399
0.344000	-16.939100
0.345000	-16.499399
0.346000	-16.562099
0.347000	-16.750601
0.348000	-16.813400
0.349000	-16.436399
0.350000	-15.871100
0.351000	-15.556800
0.352000	-15.556800
0.353000	-15.117200
0.354000	-14.614500
0.355000	-14.488900
0.356000	-14.488900
0.357000	-14.551700
0.358000	-14.488900
0.359000	-14.237600
0.360000	-14.363200
0.361000	-14.426000
0.362000	-14.363200
0.363000	-14.049100
0.364000	-13.923400
0.365000	-13.672100
0.366000	-13.169500
0.367000	-12.729700
0.368000	-12.352700
0.369000	-11.975700
0.370000	-11.787300
0.371000	-11.347500
0.372000	-11.221800
0.373000	-11.347500
0.374000	-11.535900
0.375000	-11.850100
0.376000	-11.975700
0.377000	-12.541200
0.378000	-13.295100
0.379000	-13.923400
0.380000	-14.237600
0.381000	-15.117200
0.382000	-15.933800
0.383000	-16.436399
0.384000	-16.939100
0.385000	-17.127600
0.386000	-17.441700
0.387000	-17.567301
0.388000	-17.316000
0.389000	-16.939100
0.390000	-16.624901
0.391000	-16.373600
0.392000	-15.682600
0.393000	-14.991500
0.394000	-14.049100
0.395000	-13.546400
0.396000	-12.792500
0.397000	-12.478400
0.398000	-11.850100
0.399000	-11.347500
0.400000	-10.719200
0.401000	-10.342200
0.402000	-10.216700
0.403000	-9.902440
0.404000	-9.776860
0.405000	-9.651150
0.406000	-9.713940
0.407000	-9.776860
0.408000	-10.090900
0.409000	-10.153700
0.410000	-10.279400
0.411000	-10.530700
0.412000	-10.782000
0.413000	-11.033300
0.414000	-11.410300
0.415000	-11.661600
0.416000	-11.850100
0.417000	-12.038600
0.418000	-12.164200
0.419000	-12.415500
0.420000	-12.729700
0.421000	-13.106700
0.422000	-13.358000
0.423000	-13.797800
0.424000	-13.986200
0.425000	-14.363200
0.426000	-14.677400
0.427000	-15.242800
0.428000	-15.368500
0.429000	-15.745300
0.430000	-16.059601
0.431000	-16.310900
0.432000	-16.373600
0.433000	-16.499399
0.434000	-16.624901
0.435000	-16.687901
0.436000	-16.813400
0.437000	-16.562099
0.438000	-16.373600
0.439000	-16.248100
0.440000	-16.185101
0.441000	-15.745300
0.442000	-15.494100
0.443000	-15.117200
0.444000	-15.054300
0.445000	-14.614500
0.446000	-14.237600
0.447000	-13.986200
0.448000	-13.986200
0.449000	-13.734900
0.450000	-13.420800
0.451000	-13.295100
0.452000	-13.232300
0.453000	-12.981000
0.454000	-12.855300
0.455000	-12.729700
0.456000	-12.541200
0.457000	-12.352700
0.458000	-12.164200
0.459000	-12.038600
0.460000	-11.912900
0.461000	-11.661600
0.462000	-11.535900
0.463000	-11.473100
0.464000	-11.347500
0.465000	-11.221800
0.466000	-11.347500
0.467000	-11.347500
0.468000	-11.473100
0.469000	-11.598800
0.470000	-11.787300
0.471000	-12.101400
0.472000	-12.352700
0.473000	-12.918200
0.474000	-13.232300
0.475000	-13.797800
0.476000	-14.300400
0.477000	-14.865800
0.478000	-15.305600
0.479000	-15.871100
0.480000	-16.122400
0.481000	-16.562099
0.482000	-16.750601
0.483000	-17.001900
0.484000	-17.064699
0.485000	-17.190399
0.486000	-17.064699
0.487000	-16.939100
0.488000	-17.064699
0.489000	-16.939100
0.490000	-16.813400
0.491000	-16.624901
0.492000	-16.562099
0.493000	-16.373600
0.494000	-16.310900
0.495000	-16.059601
0.496000	-16.122400
0.497000	-15.996600
0.498000	-16.059601
0.499000	-15.996600
0.500000	-15.996600
0.501000	-15.933800
0.502000	-15.996600
0.503000	-15.996600
0.504000	-15.996600
0.505000	-15.996600
0.506000	-16.059601
0.507000	-16.122400
0.508000	-16.059601
0.509000	-16.059601
0.510000	-15.933800
0.511000	-16.122400
0.512000	-15.996600
0.513000	-16.122400
0.514000	-16.122400
0.515000	-16.310900
0.516000	-16.373600
0.517000	-16.562099
0.518000	-16.624901
0.519000	-16.876200
0.520000	-17.001900
0.521000	-17.378901
0.522000	-17.504499
0.523000	-17.944300
0.524000	-18.070000
0.525000	-18.384100
0.526000	-18.446899
0.527000	-18.761101
0.528000	-18.949600
0.529000	-19.012400
0.530000	-19.012400
0.531000	-19.263700
0.532000	-19.326500
0.533000	-19.452200
0.534000	-19.514999
0.535000	-19.326500
0.536000	-19.514999
0.537000	-19.514999
0.538000	-19.452200
0.539000	-19.200899
0.540000	-19.326500
0.541000	-19.075199
0.542000	-19.012400
0.543000	-18.823900
0.544000	-18.698299
0.545000	-18.509800
0.546000	-18.446899
0.547000	-18.384100
0.548000	-18.321301
0.549000	-18.258499
0.550000	-18.195601
0.551000	-18.321301
0.552000	-18.195601
0.553000	-18.321301
0.554000	-18.321301
0.555000	-18.446899
0.556000	-18.321301
0.557000	-18.384100
0.558000	-18.446899
0.559000	-18.509800
0.560000	-18.509800
0.561000	-18.446899
0.562000	-18.321301
0.563000	-18.321301
0.564000	-18.384100
0.565000	-18.321301
0.566000	-18.384100
0.567000	-18.384100
0.568000	-18.384100
0.569000	-18.446899
0.570000	-18.446899
0.571000	-18.572599
0.572000	-18.698299
0.573000	-18.949600
0.574000	-19.012400
0.575000	-19.200899
0.576000	-19.263700
0.577000	-19.452200
0.578000	-19.703501
0.579000	-19.766300
0.580000	-19.766300
0.581000	-19.892000
0.582000	-19.954800
0.583000	-19.892000
0.584000	-19.954800
0.585000	-19.766300
0.586000	-19.703501
0.587000	-19.514999
0.588000	-19.263700
0.589000	-19.012400
0.590000	-18.761101
0.591000	-18.509800
0.592000	-18.258499
0.593000	-17.944300
0.594000	-17.630199
0.595000	-17.316000
0.596000	-17.064699
0.597000	-16.750601
0.598000	-16.436399
0.599000	-16.248100
0.600000	-15.996600
0.601000	-15.871100
0.602000	-15.745300
0.603000	-15.619800
0.604000	-15.682600
0.605000	-15.619800
0.606000	-15.808300
0.607000	-15.745300
0.608000	-15.871100
0.609000	-15.996600
0.610000	-16.059601
0.611000	-16.185101
0.612000	-16.185101
0.613000	-16.310900
0.614000	-16.373600
0.615000	-16.373600
0.616000	-16.310900
0.617000	-16.310900
0.618000	-16.310900
0.619000	-16.248100
0.620000	-16.248100
0.621000	-16.185101
0.622000	-16.059601
0.623000	-16.059601
0.624000	-15.871100
0.625000	-15.871100
0.626000	-15.871100
0.627000	-15.682600
0.628000	-15.494100
0.629000	-15.368500
0.630000	-15.368500
0.631000	-15.242800
0.632000	-15.117200
0.633000	-14.991500
0.634000	-14.991500
0.635000	-14.991500
0.636000	-14.865800
0.637000	-14.865800
0.638000	-14.740200
0.639000	-14.614500
0.640000	-14.551700
0.641000	-14.363200
0.642000	-14.300400
0.643000	-14.049100
0.644000	-13.734900
0.645000	-13.295100
0.646000	-13.232300
0.647000	-13.232300
0.648000	-13.420800
0.649000	-13.232300
0.650000	-12.981000
0.651000	-12.792500
0.652000	-12.729700
0.653000	-12.541200
0.654000	-12.352700
0.655000	-12.164200
0.656000	-12.038600
0.657000	-11.975700
0.658000	-11.661600
0.659000	-11.284600
0.660000	-10.844800
0.661000	-10.467900
0.662000	-10.405000
0.663000	-10.405000
0.664000	-10.342200
0.665000	-10.342200
0.666000	-10.090900
0.667000	-9.965230
0.668000	-9.839650
0.669000	-9.713940
0.670000	-9.839650
0.671000	-9.965230
0.672000	-9.965230
0.673000	-9.839650
0.674000	-9.651150
0.675000	-9.525440
0.676000	-9.462650
0.677000	-9.337070
0.678000	-9.211360
0.679000	-9.148570
0.680000	-9.022860
0.681000	-8.834350
0.682000	-8.645980
0.683000	-8.583060
0.684000	-8.457480
0.685000	-8.268980
0.686000	-8.080480
0.687000	-8.206190
0.688000	-8.206190
0.689000	-8.268980
0.690000	-8.080480
0.691000	-8.017690
0.692000	-7.891970
0.693000	-7.891970
0.694000	-8.080480
0.695000	-8.017690
0.696000	-8.017690
0.697000	-7.703470
0.698000	-7.577890
0.699000	-7.452180
0.700000	-7.577890
0.701000	-7.326600
0.702000	-7.200890
0.703000	-7.012390
0.704000	-6.949600
0.705000	-6.949600
0.706000	-6.823880
0.707000	-6.572590
0.708000	-6.321300
0.709000	-6.321300
0.710000	-6.321300
0.711000	-6.321300
0.712000	-6.321300
0.713000	-6.132800
0.714000	-6.007220
0.715000	-6.070010
0.716000	-6.132800
0.717000	-6.195720
0.718000	-6.447010
0.719000	-6.447010
0.720000	-6.258510
0.721000	-6.195720
0.722000	-6.132800
0.723000	-6.195720
0.724000	-6.195720
0.725000	-6.195720
0.726000	-5.944300
0.727000	-5.755920
0.728000	-5.504500
0.729000	-5.504500
0.730000	-5.378920
0.731000	-5.441710
0.732000	-5.316130
0.733000	-5.127630
0.734000	-5.127630
0.735000	-5.064840
0.736000	-5.001920
0.737000	-4.939130
0.738000	-4.813420
0.739000	-4.813420
0.740000	-4.813420
0.741000	-4.939130
0.742000	-4.876340
0.743000	-4.813420
0.744000	-4.750630
0.745000	-4.750630
0.746000	-4.750630
0.747000	-4.750630
0.748000	-4.750630
0.749000	-4.813420
0.750000	-4.687830
0.751000	-4.687830
0.752000	-4.562120
0.753000	-4.373620
0.754000	-4.310830
0.755000	-4.310830
0.756000	-4.185250
0.757000	-4.185250
0.758000	-3.996750
0.759000	-3.933830
0.760000	-3.808250
0.761000	-3.808250
0.762000	-3.745460
0.763000	-3.871040
0.764000	-3.808250
0.765000	-3.808250
0.766000	-3.682540
0.767000	-3.808250
0.768000	-3.682540
0.769000	-3.745460
0.770000	-3.745460
0.771000	-3.808250
0.772000	-3.808250
0.773000	-3.808250
0.774000	-3.808250
0.775000	-3.808250
0.776000	-3.808250
0.777000	-3.745460
0.778000	-3.808250
0.779000	-3.808250
0.780000	-3.808250
0.781000	-3.745460
0.782000	-3.745460
0.783000	-3.556950
0.784000	-3.494030
0.785000	-3.431240
0.786000	-3.431240
0.787000	-3.305660
0.788000	-3.305660
0.789000	-3.179950
0.790000	-3.054370
0.791000	-2.991450
0.792000	-2.928660
0.793000	-2.928660
0.794000	-2.928660
0.795000	-2.865870
0.796000	-2.802950
0.797000	-2.740160
0.798000	-2.677370
0.799000	-2.551650
0.800000	-2.551650
0.801000	-2.426070
0.802000	-2.551650
0.803000	-2.363150
0.804000	-2.363150
0.805000	-2.300360
0.806000	-2.237570
0.807000	-2.111860
0.808000	-2.111860
0.809000	-2.111860
0.810000	-2.174780
0.811000	-1.986280
0.812000	-1.923360
0.813000	-1.860570
0.814000	-1.734990
0.815000	-1.672070
0.816000	-1.672070
0.817000	-1.734990
0.818000	-1.672070
0.819000	-1.609280
0.820000	-1.609280
0.821000	-1.672070
0.822000	-1.546480
0.823000	-1.609280
0.824000	-1.609280
0.825000	-1.672070
0.826000	-1.672070
0.827000	-1.734990
0.828000	-1.860570
0.829000	-1.797780
0.830000	-1.860570
0.831000	-1.797780
0.832000	-1.797780
0.833000	-1.986280
0.834000	-1.986280
0.835000	-1.986280
0.836000	-1.986280
0.837000	-1.923360
0.838000	-2.111860
0.839000	-1.986280
0.840000	-2.049070
0.841000	-2.174780
0.842000	-2.111860
0.843000	-2.049070
0.844000	-1.986280
0.845000	-2.049070
0.846000	-1.923360
0.847000	-1.986280
0.848000	-1.986280
0.849000	-1.986280
0.850000	-1.923360
0.851000	-1.923360
0.852000	-1.923360
0.853000	-1.923360
0.854000	-1.923360
0.855000	-1.797780
0.856000	-1.797780
0.857000	-1.797780
0.858000	-1.797780
0.859000	-1.860570
0.860000	-1.797780
0.861000	-1.860570
0.862000	-1.860570
0.863000	-1.860570
0.864000	-1.860570
0.865000	-1.797780
0.866000	-1.797780
0.867000	-1.797780
0.868000	-1.734990
0.869000	-1.797780
0.870000	-1.797780
0.871000	-1.797780
0.872000	-1.797780
0.873000	-1.734990
0.874000	-1.672070
0.875000	-1.734990
0.876000	-1.734990
0.877000	-1.734990
0.878000	-1.734990
0.879000	-1.734990
0.880000	-1.672070
0.881000	-1.797780
0.882000	-1.860570
0.883000	-1.797780
0.884000	-1.923360
0.885000	-1.797780
0.886000	-1.923360
0.887000	-1.860570
0.888000	-1.923360
0.889000	-2.049070
0.890000	-2.049070
0.891000	-2.111860
0.892000	-2.049070
0.893000	-2.111860
0.894000	-2.237570
0.895000	-2.300360
0.896000	-2.363150
0.897000	-2.363150
0.898000	-2.363150
0.899000	-2.426070
0.900000	-2.488860
0.901000	-2.488860
0.902000	-2.614570
0.903000	-2.551650
0.904000	-2.551650
0.905000	-2.677370
0.906000	-2.614570
0.907000	-2.677370
0.908000	-2.802950
0.909000	-2.740160
0.910000	-2.740160
0.911000	-2.677370
0.912000	-2.740160
0.913000	-2.740160
0.914000	-2.802950
0.915000	-2.677370
0.916000	-2.740160
0.917000	-2.740160
0.918000	-2.802950
0.919000	-2.802950
0.920000	-2.802950
0.921000	-2.802950
0.922000	-2.865870
0.923000	-2.865870
0.924000	-2.928660
0.925000	-2.928660
0.926000	-2.928660
0.927000	-2.928660
0.928000	-2.991450
0.929000	-2.991450
0.930000	-3.054370
0.931000	-2.991450
0.932000	-3.054370
0.933000	-3.054370
0.934000	-3.054370
0.935000	-3.117160
0.936000	-3.054370
0.937000	-3.054370
0.938000	-3.179950
0.939000	-3.117160
0.940000	-3.117160
0.941000	-3.117160
0.942000	-3.242740
0.943000	-3.179950
0.944000	-3.242740
0.945000	-3.242740
0.946000	-3.242740
0.947000	-3.242740
0.948000	-3.368450
0.949000	-3.368450
0.950000	-3.305660
0.951000	-3.431240
0.952000	-3.431240
0.953000	-3.494030
0.954000	-3.431240
0.955000	-3.494030
0.956000	-3.494030
0.957000	-3.556950
0.958000	-3.619740
0.959000	-3.619740
0.960000	-3.619740
0.961000	-3.682540
0.962000	-3.682540
0.963000	-3.682540
0.964000	-3.682540
0.965000	-3.745460
0.966000	-3.745460
0.967000	-3.745460
0.968000	-3.808250
0.969000	-3.871040
0.970000	-3.871040
0.971000	-3.871040
0.972000	-3.871040
0.973000	-3.933830
0.974000	-3.871040
0.975000	-3.996750
0.976000	-3.996750
0.977000	-3.996750
0.978000	-3.996750
0.979000	-3.871040
0.980000	-3.933830
0.981000	-3.871040
0.982000	-3.933830
0.983000	-3.933830
0.984000	-3.871040
0.985000	-3.808250
0.986000	-3.808250
0.987000	-3.871040
0.988000	-3.933830
0.989000	-3.808250
0.990000	-3.871040
0.991000	-3.933830
0.992000	-4.059540
0.993000	-3.996750
0.994000	-3.996750
0.995000	-4.059540
0.996000	-4.122330
0.997000	-4.185250
0.998000	-4.248040
0.999000	-4.185250
1.000000	-4.185250
1.001000	-4.248040
1.002000	-4.248040
1.003000	-4.248040
1.004000	-4.248040
1.005000	-4.373620
1.006000	-4.248040
1.007000	-4.310830
1.008000	-4.248040
1.009000	-4.310830
1.010000	-4.373620
1.011000	-4.310830
1.012000	-4.310830
1.013000	-4.310830
1.014000	-4.310830
1.015000	-4.373620
1.016000	-4.436540
1.017000	-4.436540
1.018000	-4.373620
1.019000	-4.373620
1.020000	-4.436540
1.021000	-4.436540
1.022000	-4.499330
1.023000	-4.373620
1.024000	-4.562120
1.025000	-4.562120
1.026000	-4.687830
1.027000	-4.625040
1.028000	-4.625040
1.029000	-4.750630
1.030000	-4.750630
1.031000	-4.876340
1.032000	-4.750630
1.033000	-4.750630
1.034000	-4.813420
1.035000	-4.939130
1.036000	-4.813420
1.037000	-4.876340
1.038000	-4.939130
1.039000	-5.001920
1.040000	-4.939130
1.041000	-5.001920
1.042000	-5.001920
1.043000	-5.001920
1.044000	-5.064840
1.045000	-5.001920
1.046000	-5.064840
1.047000	-5.064840
1.048000	-5.064840
1.049000	-5.064840
1.050000	-5.001920
1.051000	-5.001920
1.052000	-5.001920
1.053000	-5.001920
1.054000	-5.064840
1.055000	-5.064840
1.056000	-5.064840
1.057000	-5.127630
1.058000	-5.127630
1.059000	-5.127630
1.060000	-5.127630
1.061000	-5.190420
1.062000	-5.253210
1.063000	-5.064840
1.064000	-5.127630
1.065000	-5.190420
1.066000	-5.190420
1.067000	-5.064840
1.068000	-5.127630
1.069000	-5.190420
1.070000	-5.127630
1.071000	-5.064840
1.072000	-5.190420
1.073000	-5.127630
1.074000	-5.190420
1.075000	-5.253210
1.076000	-5.190420
1.077000	-5.253210
1.078000	-5.316130
1.079000	-5.253210
1.080000	-5.253210
1.081000	-5.253210
1.082000	-5.316130
1.083000	-5.316130
1.084000	-5.378920
1.085000	-5.316130
1.086000	-5.253210
1.087000	-5.441710
1.088000	-5.441710
1.089000	-5.441710
1.090000	-5.441710
1.091000	-5.441710
1.092000	-5.504500
1.093000	-5.567420
1.094000	-5.630210
1.095000	-5.567420
1.096000	-5.567420
1.097000	-5.630210
1.098000	-5.630210
1.099000	-5.630210
1.100000	-5.567420
1.101000	-5.630210
1.102000	-5.630210
1.103000	-5.567420
1.104000	-5.693000
1.105000	-5.630210
1.106000	-5.567420
1.107000	-5.567420
1.108000	-5.755920
1.109000	-5.630210
1.110000	-5.567420
1.111000	-5.693000
1.112000	-5.567420
1.113000	-5.504500
1.114000	-5.504500
1.115000	-5.567420
1.116000	-5.504500
1.117000	-5.441710
1.118000	-5.378920
1.119000	-5.316130
1.120000	-5.316130
1.121000	-5.378920
1.122000	-5.316130
1.123000	-5.316130
1.124000	-5.253210
1.125000	-5.253210
1.126000	-5.253210
1.127000	-5.316130
1.128000	-5.316130
1.129000	-5.316130
1.130000	-5.253210
1.131000	-5.316130
1.132000	-5.316130
1.133000	-5.316130
1.134000	-5.316130
1.135000	-5.253210
1.136000	-5.316130
1.137000	-5.316130
1.138000	-5.316130
1.139000	-5.316130
1.140000	-5.316130
1.141000	-5.316130
1.142000	-5.378920
1.143000	-5.253210
1.144000	-5.316130
1.145000	-5.253210
1.146000	-5.190420
1.147000	-5.253210
1.148000	-5.190420
1.149000	-5.190420
1.150000	-5.127630
1.151000	-5.127630
1.152000	-5.064840
1.153000	-5.064840
1.154000	-5.001920
1.155000	-5.001920
1.156000	-5.001920
1.157000	-5.001920
1.158000	-4.939130
1.159000	-4.939130
1.160000	-4.939130
1.161000	-4.876340
1.162000	-4.939130
1.163000	-4.813420
1.164000	-4.876340
1.165000	-4.876340
1.166000	-4.750630
1.167000	-4.813420
1.168000	-4.813420
1.169000	-4.750630
1.170000	-4.750630
1.171000	-4.813420
1.172000	-4.750630
1.173000	-4.625040
1.174000	-4.687830
1.175000	-4.687830
1.176000	-4.687830
1.177000	-4.499330
1.178000	-4.499330
1.179000	-4.499330
1.180000	-4.499330
1.181000	-4.436540
1.182000	-4.499330
1.183000	-4.499330
1.184000	-4.436540
1.185000	-4.436540
1.186000	-4.373620
1.187000	-4.436540
1.188000	-4.310830
1.189000	-4.499330
1.190000	-4.310830
1.191000	-4.310830
1.192000	-4.310830
1.193000	-4.310830
1.194000	-4.373620
1.195000	-4.310830
1.196000	-4.310830
1.197000	-4.436540
1.198000	-4.310830
1.199000	-4.373620
1.200000	-4.373620
1.201000	-4.310830
1.202000	-4.248040
1.203000	-4.248040
1.204000	-4.310830
1.205000	-4.373620
1.206000	-4.310830
1.207000	-4.248040
1.208000	-4.310830
1.209000	-4.310830
1.210000	-4.310830
1.211000	-4.310830
1.212000	-4.185250
1.213000	-4.185250
1.214000	-4.185250
1.215000	-4.185250
1.216000	-4.185250
1.217000	-4.122330
1.218000	-4.059540
1.219000	-3.933830
1.220000	-4.059540
1.221000	-4.122330
1.222000	-3.933830
1.223000	-3.996750
1.224000	-3.933830
1.225000	-3.996750
1.226000	-3.871040
1.227000	-3.933830
1.228000	-3.871040
1.229000	-3.933830
1.230000	-3.871040
1.231000	-3.808250
1.232000	-3.808250
1.233000	-3.808250
1.234000	-3.745460
1.235000	-3.808250
1.236000	-3.808250
1.237000	-3.745460
1.238000	-3.745460
1.239000	-3.745460
1.240000	-3.682540
1.241000	-3.682540
1.242000	-3.745460
1.243000	-3.745460
1.244000	-3.682540
1.245000	-3.808250
1.246000	-3.619740
1.247000	-3.682540
1.248000	-3.745460
1.249000	-3.619740
1.250000	-3.556950
1.251000	-3.619740
1.252000	-3.556950
1.253000	-3.619740
1.254000	-3.556950
1.255000	-3.619740
1.256000	-3.682540
1.257000	-3.556950
1.258000	-3.556950
1.259000	-3.556950
1.260000	-3.619740
1.261000	-3.619740
1.262000	-3.619740
1.263000	-3.682540
1.264000	-3.619740
1.265000	-3.682540
1.266000	-3.682540
1.267000	-3.556950
1.268000	-3.556950
1.269000	-3.619740
1.270000	-3.556950
1.271000	-3.494030
1.272000	-3.431240
1.273000	-3.494030
1.274000	-3.494030
1.275000	-3.494030
1.276000	-3.556950
1.277000	-3.431240
1.278000	-3.431240
1.279000	-3.431240
1.280000	-3.305660
1.281000	-3.368450
1.282000	-3.431240
1.283000	-3.368450
1.284000	-3.368450
1.285000	-3.368450
1.286000	-3.305660
1.287000	-3.242740
1.288000	-3.305660
1.289000	-3.242740
1.290000	-3.305660
1.291000	-3.242740
1.292000	-3.179950
1.293000	-3.305660
1.294000	-3.179950
1.295000	-3.179950
1.296000	-3.117160
1.297000	-3.117160
1.298000	-3.117160
1.299000	-3.054370
1.300000	-2.991450
1.301000	-3.054370
1.302000	-3.054370
1.303000	-2.991450
1.304000	-2.991450
1.305000	-3.054370
1.306000	-2.991450
1.307000	-2.928660
1.308000	-2.865870
1.309000	-2.865870
1.310000	-2.802950
1.311000	-2.740160
1.312000	-2.740160
1.313000	-2.802950
1.314000	-2.740160
1.315000	-2.740160
1.316000	-2.802950
1.317000	-2.677370
1.318000	-2.740160
1.319000	-2.802950
1.320000	-2.740160
1.321000	-2.802950
1.322000	-2.802950
1.323000	-2.865870
1.324000	-2.865870
1.325000	-2.865870
1.326000	-2.928660
1.327000	-2.928660
1.328000	-2.928660
1.329000	-2.991450
1.330000	-2.928660
1.331000	-2.991450
1.332000	-2.928660
1.333000	-2.991450
1.334000	-2.928660
1.335000	-2.928660
1.336000	-2.991450
1.337000	-2.928660
1.338000	-2.928660
1.339000	-2.928660
1.340000	-2.928660
1.341000	-2.865870
1.342000	-2.865870
1.343000	-2.928660
1.344000	-2.865870
1.345000	-2.802950
1.346000	-2.928660
1.347000	-2.865870
1.348000	-2.865870
1.349000	-2.802950
1.350000	-2.802950
1.351000	-2.802950
1.352000	-2.802950
1.353000	-2.802950
1.354000	-2.677370
1.355000	-2.677370
1.356000	-2.677370
1.357000	-2.677370
1.358000	-2.677370
1.359000	-2.740160
1.360000	-2.677370
1.361000	-2.740160
1.362000	-2.740160
1.363000	-2.677370
1.364000	-2.740160
1.365000	-2.802950
1.366000	-2.740160
1.367000	-2.802950
1.368000	-2.802950
1.369000	-2.802950
1.370000	-2.802950
1.371000	-2.865870
1.372000	-2.865870
1.373000	-2.928660
1.374000	-2.865870
1.375000	-2.928660
1.376000	-2.991450
1.377000	-2.865870
1.378000	-2.928660
1.379000	-2.928660
1.380000	-2.865870
1.381000	-2.928660
1.382000	-2.928660
1.383000	-2.928660
1.384000	-2.865870
1.385000	-2.928660
1.386000	-2.928660
1.387000	-2.928660
1.388000	-2.928660
1.389000	-2.928660
1.390000	-2.865870
1.391000	-2.991450
1.392000	-2.991450
1.393000	-2.991450
1.394000	-2.991450
1.395000	-3.117160
1.396000	-3.117160
1.397000	-3.054370
1.398000	-2.991450
1.399000	-3.054370
1.400000	-3.054370
1.401000	-2.991450
1.402000	-2.928660
1.403000	-2.928660
1.404000	-2.991450
1.405000	-2.991450
1.406000	-2.928660
1.407000	-3.054370
1.408000	-3.054370
1.409000	-2.928660
1.410000	-2.928660
1.411000	-2.928660
1.412000	-2.928660
1.413000	-2.865870
1.414000	-2.991450
1.415000	-2.928660
1.416000	-2.928660
1.417000	-2.991450
1.418000	-2.928660
1.419000	-3.054370
1.420000	-2.991450
1.421000	-3.054370
1.422000	-3.054370
1.423000	-3.117160
1.424000	-3.179950
1.425000	-3.117160
1.426000	-3.305660
1.427000	-3.179950
1.428000	-3.242740
1.429000	-3.179950
1.430000	-3.179950
1.431000	-3.242740
1.432000	-3.179950
1.433000	-3.117160
1.434000	-3.242740
1.435000	-3.305660
1.436000	-3.242740
1.437000	-3.179950
1.438000	-3.242740
1.439000	-3.054370
1.440000	-3.242740
1.441000	-3.179950
1.442000	-3.179950
1.443000	-3.179950
1.444000	-3.242740
1.445000	-3.117160
1.446000	-3.179950
1.447000	-3.054370
1.448000	-3.117160
1.449000	-3.117160
1.450000	-3.179950
1.451000	-3.054370
1.452000	-3.054370
1.453000	-3.117160
1.454000	-3.117160
1.455000	-3.054370
1.456000	-3.117160
1.457000	-2.991450
1.458000	-3.117160
1.459000	-3.054370
1.460000	-3.117160
1.461000	-3.179950
1.462000	-3.054370
1.463000	-3.054370
1.464000	-3.054370
1.465000	-3.117160
1.466000	-3.054370
1.467000	-3.179950
1.468000	-3.179950
1.469000	-3.054370
1.470000	-3.054370
1.471000	-3.117160
1.472000	-3.054370
1.473000	-3.054370
1.474000	-3.054370
1.475000	-3.054370
1.476000	-3.117160
1.477000	-2.991450
1.478000	-2.928660
1.479000	-2.928660
1.480000	-2.991450
1.481000	-2.991450
1.482000	-2.991450
1.483000	-2.928660
1.484000	-2.928660
1.485000	-2.991450
1.486000	-2.991450
1.487000	-2.928660
1.488000	-2.802950
1.489000	-2.928660
1.490000	-2.865870
1.491000	-2.865870
1.492000	-2.865870
1.493000	-2.802950
1.494000	-2.802950
1.495000	-2.802950
1.496000	-2.740160
1.497000	-2.740160
1.498000	-2.740160
1.499000	-2.614570
1.500000	-2.551650
1.501000	-2.551650
1.502000	-2.614570
1.503000	-2.614570
1.504000	-2.614570
1.505000	-2.677370
1.506000	-2.551650
1.507000	-2.488860
1.508000	-2.551650
1.509000	-2.488860
1.510000	-2.551650
1.511000	-2.488860
1.512000	-2.426070
1.513000	-2.488860
1.514000	-2.426070
1.515000	-2.488860
1.516000	-2.426070
1.517000	-2.363150
1.518000	-2.488860
1.519000	-2.426070
1.520000	-2.426070
1.521000	-2.426070
1.522000	-2.426070
1.523000	-2.426070
1.524000	-2.426070
1.525000	-2.488860
1.526000	-2.426070
1.527000	-2.488860
1.528000	-2.488860
1.529000	-2.426070
1.530000	-2.363150
1.531000	-2.363150
1.532000	-2.426070
1.533000	-2.488860
1.534000	-2.426070
1.535000	-2.363150
1.536000	-2.363150
1.537000	-2.300360
1.538000	-2.363150
1.539000	-2.363150
1.540000	-2.300360
1.541000	-2.300360
1.542000	-2.300360
1.543000	-2.300360
1.544000	-2.300360
1.545000	-2.237570
1.546000	-2.300360
1.547000	-2.300360
1.548000	-2.237570
1.549000	-2.300360
1.550000	-2.237570
1.551000	-2.237570
1.552000	-2.111860
1.553000	-2.174780
1.554000	-2.174780
1.555000	-2.111860
1.556000	-2.174780
1.557000	-2.174780
1.558000	-2.049070
1.559000	-2.237570
1.560000	-2.174780
1.561000	-2.174780
1.562000	-2.174780
1.563000	-2.111860
1.564000	-2.237570
1.565000	-2.174780
1.566000	-2.174780
1.567000	-2.174780
1.568000	-2.174780
1.569000	-2.111860
1.570000	-2.111860
1.571000	-2.111860
1.572000	-2.049070
1.573000	-2.111860
1.574000	-2.111860
1.575000	-2.111860
1.576000	-2.049070
1.577000	-2.111860
1.578000	-2.049070
1.579000	-2.111860
1.580000	-2.049070
1.581000	-2.049070
1.582000	-1.986280
1.583000	-2.111860
1.584000	-2.111860
1.585000	-2.049070
1.586000	-2.049070
1.587000	-2.111860
1.588000	-2.049070
1.589000	-2.049070
1.590000	-2.049070
1.591000	-2.049070
1.592000	-2.049070
1.593000	-1.986280
1.594000	-2.049070
1.595000	-2.049070
1.596000	-2.111860
1.597000	-1.923360
1.598000	-2.049070
1.599000	-2.049070
1.600000	-1.986280
1.601000	-1.923360
1.602000	-1.923360
1.603000	-1.986280
1.604000	-1.860570
1.605000	-1.923360
1.606000	-1.860570
1.607000	-1.797780
1.608000	-1.797780
1.609000	-1.860570
1.610000	-1.860570
1.611000	-1.797780
1.612000	-1.797780
1.613000	-1.860570
1.614000	-1.797780
1.615000	-1.797780
1.616000	-1.734990
1.617000	-1.860570
1.618000	-1.734990
1.619000	-1.797780
1.620000	-1.734990
1.621000	-1.734990
1.622000	-1.734990
1.623000	-1.734990
1.624000	-1.672070
1.625000	-1.734990
1.626000	-1.672070
1.627000	-1.734990
1.628000	-1.609280
1.629000	-1.672070
1.630000	-1.546480
1.631000	-1.546480
1.632000	-1.672070
1.633000	-1.546480
1.634000	-1.546480
1.635000	-1.546480
1.636000	-1.546480
1.637000	-1.546480
1.638000	-1.546480
1.639000	-1.483570
1.640000	-1.483570
1.641000	-1.420770
1.642000	-1.483570
1.643000	-1.546480
1.644000	-1.483570
1.645000	-1.420770
1.646000	-1.483570
1.647000	-1.483570
1.648000	-1.420770
1.649000	-1.483570
1.650000	-1.420770
1.651000	-1.420770
1.652000	-1.357980
1.653000	-1.295190
1.654000	-1.357980
1.655000	-1.420770
1.656000	-1.295190
1.657000	-1.420770
1.658000	-1.295190
1.659000	-1.295190
1.660000	-1.232270
1.661000	-1.232270
1.662000	-1.232270
1.663000	-1.232270
1.664000	-1.169480
1.665000	-1.232270
1.666000	-1.169480
1.667000	-1.043900
1.668000	-1.169480
1.669000	-1.043900
1.670000	-0.980980
1.671000	-1.043900
1.672000	-0.980980
1.673000	-1.043900
1.674000	-0.918189
1.675000	-0.918189
1.676000	-0.980980
1.677000	-0.980980
1.678000	-0.980980
1.679000	-0.918189
1.680000	-0.855398
1.681000	-0.918189
1.682000	-0.980980
1.683000	-0.918189
1.684000	-0.980980
1.685000	-0.918189
1.686000	-0.918189
1.687000	-0.918189
1.688000	-0.980980
1.689000	-0.918189
1.690000	-0.855398
1.691000	-0.918189
1.692000	-0.980980
1.693000	-0.918189
1.694000	-0.918189
1.695000	-0.980980
1.696000	-0.918189
1.697000	-0.918189
1.698000	-0.918189
1.699000	-0.980980
1.700000	-0.855398
1.701000	-0.855398
1.702000	-0.855398
1.703000	-0.855398
1.704000	-0.855398
1.705000	-0.792479
1.706000	-0.855398
1.707000	-0.855398
1.708000	-0.855398
1.709000	-0.855398
1.710000	-0.792479
1.711000	-0.855398
1.712000	-0.792479
1.713000	-0.729688
1.714000	-0.666897
1.715000	-0.792479
1.716000	-0.729688
1.717000	-0.666897
1.718000	-0.729688
1.719000	-0.666897
1.720000	-0.729688
1.721000	-0.729688
1.722000	-0.729688
1.723000	-0.729688
1.724000	-0.666897
1.725000	-0.666897
1.726000	-0.666897
1.727000	-0.666897
1.728000	-0.666897
1.729000	-0.604106
1.730000	-0.604106
1.731000	-0.666897
1.732000	-0.541186
1.733000	-0.666897
1.734000	-0.604106
1.735000	-0.666897
1.736000	-0.604106
1.737000	-0.604106
1.738000	-0.666897
1.739000	-0.604106
1.740000	-0.666897
1.741000	-0.666897
1.742000	-0.666897
1.743000	-0.666897
1.744000	-0.666897
1.745000	-0.666897
1.746000	-0.666897
1.747000	-0.666897
1.748000	-0.729688
1.749000	-0.729688
1.750000	-0.729688
1.751000	-0.666897
1.752000	-0.604106
1.753000	-0.604106
1.754000	-0.541186
1.755000	-0.666897
1.756000	-0.666897
1.757000	-0.604106
1.758000	-0.666897
1.759000	-0.541186
1.760000	-0.604106
1.761000	-0.604106
1.762000	-0.541186
1.763000	-0.478395
1.764000	-0.478395
1.765000	-0.478395
1.766000	-0.541186
1.767000	-0.415604
1.768000	-0.541186
1.769000	-0.541186
1.770000	-0.415604
1.771000	-0.415604
1.772000	-0.415604
1.773000	-0.415604
1.774000	-0.478395
1.775000	-0.541186
1.776000	-0.415604
1.777000	-0.478395
1.778000	-0.478395
1.779000	-0.478395
1.780000	-0.415604
1.781000	-0.415604
1.782000	-0.478395
1.783000	-0.415604
1.784000	-0.352684
1.785000	-0.415604
1.786000	-0.415604
1.787000	-0.352684
1.788000	-0.415604
1.789000	-0.352684
1.790000	-0.289894
1.791000	-0.289894
1.792000	-0.289894
1.793000	-0.289894
1.794000	-0.352684
1.795000	-0.289894
1.796000	-0.289894
1.797000	-0.352684
1.798000	-0.289894
1.799000	-0.289894
1.800000	-0.289894
1.801000	-0.227103
1.802000	-0.289894
1.803000	-0.227103
1.804000	-0.164312
1.805000	-0.227103
1.806000	-0.227103
1.807000	-0.289894
1.808000	-0.164312
1.809000	-0.227103
1.810000	-0.164312
1.811000	-0.164312
1.812000	-0.101392
1.813000	-0.164312
1.814000	-0.227103
1.815000	-0.164312
1.816000	-0.164312
1.817000	-0.164312
1.818000	-0.164312
1.819000	-0.101392
1.820000	-0.164312
1.821000	-0.164312
1.822000	-0.101392
1.823000	-0.101392
1.824000	-0.038601
1.825000	-0.101392
1.826000	-0.164312
1.827000	-0.038601
1.828000	-0.101392
1.829000	-0.101392
1.830000	0.024190
1.831000	-0.101392
1.832000	-0.101392
1.833000	-0.101392
1.834000	0.024190
1.835000	0.024190
1.836000	0.024190
1.837000	-0.038601
1.838000	0.024190
1.839000	0.087110
1.840000	0.087110
1.841000	0.087110
1.842000	0.087110
1.843000	0.087110
1.844000	0.024190
1.845000	0.024190
1.846000	0.087110
1.847000	0.087110
1.848000	0.087110
1.849000	0.024190
1.850000	0.149901
1.851000	0.087110
1.852000	0.087110
1.853000	0.024190
1.854000	0.087110
1.855000	0.024190
1.856000	0.024190
1.857000	0.087110
1.858000	0.024190
1.859000	0.087110
1.860000	0.149901
1.861000	0.087110
1.862000	0.024190
1.863000	0.024190
1.864000	0.024190
1.865000	0.087110
1.866000	0.024190
1.867000	0.024190
1.868000	0.024190
1.869000	0.087110
1.870000	0.087110
1.871000	0.024190
1.872000	-0.038601
1.873000	0.024190
1.874000	0.024190
1.875000	0.024190
1.876000	0.149901
1.877000	0.087110
1.878000	-0.038601
1.879000	-0.038601
1.880000	0.024190
1.881000	0.024190
1.882000	0.024190
1.883000	0.087110
1.884000	0.024190
1.885000	-0.038601
1.886000	-0.038601
1.887000	-0.038601
1.888000	-0.038601
1.889000	0.024190
1.890000	0.024190
1.891000	0.024190
1.892000	-0.038601
1.893000	-0.038601
1.894000	-0.038601
1.895000	0.024190
1.896000	0.024190
1.897000	-0.038601
1.898000	-0.038601
1.899000	-0.101392
1.900000	-0.101392
1.901000	-0.038601
1.902000	-0.101392
1.903000	-0.101392
1.904000	0.024190
1.905000	-0.101392
1.906000	-0.101392
1.907000	-0.101392
1.908000	-0.164312
1.909000	-0.164312
1.910000	-0.164312
1.911000	-0.164312
1.912000	-0.227103
1.913000	-0.164312
1.914000	-0.227103
1.915000	-0.289894
1.916000	-0.227103
1.917000	-0.289894
1.918000	-0.289894
1.919000	-0.164312
1.920000	-0.164312
1.921000	-0.227103
1.922000	-0.289894
1.923000	-0.227103
1.924000	-0.289894
1.925000	-0.164312
1.926000	-0.164312
1.927000	-0.164312
1.928000	-0.227103
1.929000	-0.164312
1.930000	-0.164312
1.931000	-0.164312
1.932000	-0.164312
1.933000	-0.101392
1.934000	-0.101392
1.935000	-0.164312
1.936000	-0.164312
1.937000	-0.164312
1.938000	-0.164312
1.939000	-0.164312
1.940000	-0.164312
1.941000	-0.164312
1.942000	-0.164312
1.943000	-0.164312
1.944000	-0.101392
1.945000	-0.164312
1.946000	-0.164312
1.947000	-0.164312
1.948000	-0.101392
1.949000	-0.164312
1.950000	-0.101392
1.951000	-0.101392
1.952000	-0.101392
1.953000	-0.038601
1.954000	-0.164312
1.955000	-0.164312
1.956000	-0.101392
1.957000	-0.101392
1.958000	-0.101392
1.959000	-0.101392
1.960000	-0.164312
1.961000	-0.038601
1.962000	-0.164312
1.963000	-0.038601
1.964000	-0.038601
1.965000	-0.101392
1.966000	-0.038601
1.967000	-0.101392
1.968000	-0.101392
1.969000	0.024190
1.970000	0.024190
1.971000	-0.038601
1.972000	0.024190
1.973000	0.024190
1.974000	0.024190
1.975000	0.024190
1.976000	-0.038601
1.977000	0.087110
1.978000	0.024190
1.979000	0.087110
1.980000	0.087110
1.981000	0.087110
1.982000	0.087110
1.983000	0.212692
1.984000	0.149901
1.985000	0.212692
1.986000	0.149901
1.987000	0.212692
1.988000	0.149901
1.989000	0.338402
1.990000	0.275482
1.991000	0.212692
1.992000	0.275482
1.993000	0.275482
1.994000	0.275482
1.995000	0.275482
1.996000	0.338402
1.997000	0.275482
1.998000	0.338402
1.999000	0.275482
2.000000	0.275482
2.001000	0.338402
2.002000	0.275482
2.003000	0.338402
2.004000	0.338402
2.005000	0.275482
2.006000	0.401193
2.007000	0.401193
2.008000	0.338402
2.009000	0.401193
2.010000	0.401193
2.011000	0.275482
2.012000	0.338402
2.013000	0.401193
2.014000	0.338402
2.015000	0.463984
2.016000	0.338402
2.017000	0.401193
2.018000	0.463984
2.019000	0.401193
2.020000	0.526904
2.021000	0.401193
2.022000	0.463984
2.023000	0.463984
2.024000	0.463984
2.025000	0.526904
2.026000	0.463984
2.027000	0.463984
2.028000	0.526904
2.029000	0.463984
2.030000	0.526904
2.031000	0.526904
2.032000	0.526904
2.033000	0.463984
2.034000	0.589695
2.035000	0.526904
2.036000	0.589695
2.037000	0.589695
2.038000	0.652486
2.039000	0.589695
2.040000	0.589695
2.041000	0.589695
2.042000	0.589695
2.043000	0.589695
2.044000	0.652486
2.045000	0.526904
2.046000	0.589695
2.047000	0.652486
2.048000	0.589695
2.049000	0.589695
2.050000	0.589695
2.051000	0.589695
2.052000	0.589695
2.053000	0.526904
2.054000	0.526904
2.055000	0.589695
2.056000	0.652486
2.057000	0.589695
2.058000	0.589695
2.059000	0.526904
2.060000	0.589695
2.061000	0.652486
2.062000	0.589695
2.063000	0.589695
2.064000	0.589695
2.065000	0.589695
2.066000	0.589695
2.067000	0.652486
2.068000	0.589695
2.069000	0.589695
2.070000	0.652486
2.071000	0.652486
2.072000	0.526904
2.073000	0.526904
2.074000	0.589695
2.075000	0.589695
2.076000	0.526904
2.077000	0.589695
2.078000	0.589695
2.079000	0.589695
2.080000	0.526904
2.081000	0.526904
2.082000	0.652486
2.083000	0.526904
2.084000	0.652486
2.085000	0.589695
2.086000	0.589695
2.087000	0.589695
2.088000	0.652486
2.089000	0.652486
2.090000	0.652486
2.091000	0.589695
2.092000	0.526904
2.093000	0.652486
2.094000	0.589695
2.095000	0.589695
2.096000	0.652486
2.097000	0.589695
2.098000	0.589695
2.099000	0.652486
2.100000	0.652486
2.101000	0.589695
2.102000	0.652486
2.103000	0.652486
2.104000	0.778196
2.105000	0.715277
2.106000	0.652486
2.107000	0.778196
2.108000	0.715277
2.109000	0.652486
2.110000	0.652486
2.111000	0.715277
2.112000	0.652486
2.113000	0.715277
2.114000	0.715277
2.115000	0.715277
2.116000	0.778196
2.117000	0.778196
2.118000	0.778196
2.119000	0.778196
2.120000	0.715277
2.121000	0.778196
2.122000	0.778196
2.123000	0.840987
2.124000	0.778196
2.125000	0.778196
2.126000	0.840987
2.127000	0.715277
2.128000	0.778196
2.129000	0.778196
2.130000	0.840987
2.131000	0.715277
2.132000	0.840987
2.133000	0.778196
2.134000	0.840987
2.135000	0.840987
2.136000	0.840987
2.137000	0.840987
2.138000	0.840987
2.139000	0.778196
2.140000	0.840987
2.141000	0.840987
2.142000	0.903778
2.143000	0.840987
2.144000	0.903778
2.145000	0.903778
2.146000	0.966698
2.147000	0.903778
2.148000	0.966698
2.149000	0.966698
2.150000	1.029490
2.151000	0.903778
2.152000	0.966698
2.153000	1.029490
2.154000	0.966698
2.155000	0.966698
2.156000	1.092280
2.157000	1.029490
2.158000	1.029490
2.159000	1.029490
2.160000	1.029490
2.161000	1.029490
2.162000	1.155070
2.163000	1.092280
2.164000	1.155070
2.165000	1.092280
2.166000	1.217990
2.167000	1.217990
2.168000	1.092280
2.169000	1.155070
2.170000	1.155070
2.171000	1.155070
2.172000	1.155070
2.173000	1.217990
2.174000	1.155070
2.175000	1.217990
2.176000	1.092280
2.177000	1.217990
2.178000	1.155070
2.179000	1.092280
2.180000	1.155070
2.181000	1.092280
2.182000	1.155070
2.183000	1.155070
2.184000	1.155070
2.185000	1.217990
2.186000	1.217990
2.187000	1.217990
2.188000	1.155070
2.189000	1.280780
2.190000	1.217990
2.191000	1.217990
2.192000	1.217990
2.193000	1.155070
2.194000	1.092280
2.195000	1.155070
2.196000	1.155070
2.197000	1.217990
2.198000	1.155070
2.199000	1.155070
2.200000	1.217990
2.201000	1.217990
2.202000	1.217990
2.203000	1.217990
2.204000	1.280780
2.205000	1.217990
2.206000	1.155070
2.207000	1.217990
2.208000	1.217990
2.209000	1.155070
2.210000	1.217990
2.211000	1.092280
2.212000	1.155070
2.213000	1.217990
2.214000	1.155070
2.215000	1.217990
2.216000	1.155070
2.217000	1.155070
2.218000	1.155070
2.219000	1.092280
2.220000	1.155070
2.221000	1.217990
2.222000	1.155070
2.223000	1.092280
2.224000	1.155070
2.225000	1.092280
2.226000	1.092280
2.227000	1.029490
2.228000	1.029490
2.229000	0.966698
2.230000	0.966698
2.231000	1.029490
2.232000	0.840987
2.233000	0.903778
2.234000	0.966698
2.235000	1.029490
2.236000	0.840987
2.237000	0.903778
2.238000	0.903778
2.239000	0.903778
2.240000	0.840987
2.241000	0.840987
2.242000	0.840987
2.243000	0.840987
2.244000	0.778196
2.245000	0.778196
2.246000	0.840987
2.247000	0.778196
2.248000	0.652486
2.249000	0.715277
2.250000	0.778196
2.251000	0.778196
2.252000	0.715277
2.253000	0.715277
2.254000	0.778196
2.255000	0.778196
2.256000	0.715277
2.257000	0.778196
2.258000	0.715277
2.259000	0.652486
2.260000	0.778196
2.261000	0.778196
2.262000	0.840987
2.263000	0.778196
2.264000	0.778196
2.265000	0.840987
2.266000	0.903778
2.267000	0.840987
2.268000	0.966698
2.269000	0.903778
2.270000	0.966698
2.271000	0.840987
2.272000	0.966698
2.273000	0.966698
2.274000	0.903778
2.275000	0.903778
2.276000	0.966698
2.277000	0.903778
2.278000	0.903778
2.279000	0.903778
2.280000	0.903778
2.281000	0.903778
2.282000	0.966698
2.283000	0.903778
2.284000	0.903778
2.285000	0.903778
2.286000	0.903778
2.287000	0.966698
2.288000	0.903778
2.289000	0.966698
2.290000	0.966698
2.291000	0.966698
2.292000	0.966698
2.293000	0.966698
2.294000	0.966698
2.295000	0.966698
2.296000	1.029490
2.297000	0.966698
2.298000	0.966698
2.299000	0.966698
2.300000	0.966698
2.301000	1.029490
2.302000	0.966698
2.303000	1.155070
2.304000	1.029490
2.305000	1.029490
2.306000	1.092280
2.307000	1.092280
2.308000	1.092280
2.309000	1.029490
2.310000	1.155070
2.311000	1.092280
2.312000	1.092280
2.313000	1.155070
2.314000	1.029490
2.315000	1.092280
2.316000	1.155070
2.317000	1.155070
2.318000	1.217990
2.319000	1.155070
2.320000	1.217990
2.321000	1.217990
2.322000	1.217990
2.323000	1.280780
2.324000	1.280780
2.325000	1.280780
2.326000	1.280780
2.327000	1.280780
2.328000	1.280780
2.329000	1.217990
2.330000	1.280780
2.331000	1.217990
2.332000	1.217990
2.333000	1.217990
2.334000	1.280780
2.335000	1.280780
2.336000	1.280780
2.337000	1.343570
2.338000	1.280780
2.339000	1.343570
2.340000	1.343570
2.341000	1.280780
2.342000	1.280780
2.343000	1.280780
2.344000	1.280780
2.345000	1.280780
2.346000	1.406360
2.347000	1.343570
2.348000	1.406360
2.349000	1.469280
2.350000	1.343570
2.351000	1.343570
2.352000	1.406360
2.353000	1.406360
2.354000	1.406360
2.355000	1.343570
2.356000	1.406360
2.357000	1.406360
2.358000	1.406360
2.359000	1.406360
2.360000	1.343570
2.361000	1.343570
2.362000	1.343570
2.363000	1.343570
2.364000	1.469280
2.365000	1.469280
2.366000	1.406360
2.367000	1.469280
2.368000	1.469280
2.369000	1.532070
2.370000	1.532070
2.371000	1.469280
2.372000	1.469280
2.373000	1.594860
2.374000	1.594860
2.375000	1.532070
2.376000	1.532070
2.377000	1.532070
2.378000	1.532070
2.379000	1.594860
2.380000	1.594860
2.381000	1.532070
2.382000	1.532070
2.383000	1.469280
2.384000	1.532070
2.385000	1.469280
2.386000	1.532070
2.387000	1.532070
2.388000	1.532070
2.389000	1.532070
2.390000	1.469280
2.391000	1.532070
2.392000	1.532070
2.393000	1.469280
2.394000	1.594860
2.395000	1.469280
2.396000	1.469280
2.397000	1.469280
2.398000	1.469280
2.399000	1.469280
2.400000	1.469280
2.401000	1.469280
2.402000	1.532070
2.403000	1.532070
2.404000	1.532070
2.405000	1.469280
2.406000	1.594860
2.407000	1.532070
2.408000	1.532070
2.409000	1.469280
2.410000	1.532070
2.411000	1.532070
2.412000	1.469280
2.413000	1.532070
2.414000	1.532070
2.415000	1.532070
2.416000	1.469280
2.417000	1.594860
2.418000	1.532070
2.419000	1.657780
2.420000	1.532070
2.421000	1.532070
2.422000	1.532070
2.423000	1.469280
2.424000	1.594860
2.425000	1.594860
2.426000	1.594860
2.427000	1.532070
2.428000	1.594860
2.429000	1.657780
2.430000	1.532070
2.431000	1.657780
2.432000	1.594860
2.433000	1.594860
2.434000	1.594860
2.435000	1.657780
2.436000	1.594860
2.437000	1.657780
2.438000	1.594860
2.439000	1.594860
2.440000	1.594860
2.441000	1.594860
2.442000	1.532070
2.443000	1.532070
2.444000	1.657780
2.445000	1.594860
2.446000	1.594860
2.447000	1.594860
2.448000	1.594860
2.449000	1.594860
2.450000	1.532070
2.451000	1.594860
2.452000	1.594860
2.453000	1.657780
2.454000	1.594860
2.455000	1.657780
2.456000	1.720580
2.457000	1.657780
2.458000	1.594860
2.459000	1.657780
2.460000	1.657780
2.461000	1.657780
2.462000	1.657780
2.463000	1.720580
2.464000	1.657780
2.465000	1.720580
2.466000	1.657780
2.467000	1.720580
2.468000	1.720580
2.469000	1.783370
2.470000	1.720580
2.471000	1.720580
2.472000	1.720580
2.473000	1.783370
2.474000	1.783370
2.475000	1.909080
2.476000	1.783370
2.477000	1.783370
2.478000	1.720580
2.479000	1.720580
2.480000	1.846160
2.481000	1.783370
2.482000	1.846160
2.483000	1.846160
2.484000	1.909080
2.485000	1.846160
2.486000	1.846160
2.487000	1.909080
2.488000	1.909080
2.489000	1.783370
2.490000	1.846160
2.491000	1.909080
2.492000	1.846160
2.493000	1.846160
2.494000	1.846160
2.495000	1.846160
2.496000	1.909080
2.497000	1.846160
2.498000	1.846160
2.499000	1.846160
2.500000	1.846160
2.501000	1.846160
2.502000	1.909080
2.503000	1.909080
2.504000	2.034660
2.505000	1.971870
2.506000	1.909080
2.507000	1.971870
2.508000	1.971870
2.509000	1.971870
2.510000	1.971870
2.511000	1.971870
2.512000	1.971870
2.513000	1.971870
2.514000	2.034660
2.515000	1.909080
2.516000	1.971870
2.517000	1.971870
2.518000	1.971870
2.519000	2.097580
2.520000	2.034660
2.521000	2.097580
2.522000	1.971870
2.523000	2.034660
2.524000	2.097580
2.525000	2.097580
2.526000	2.034660
2.527000	2.097580
2.528000	1.971870
2.529000	2.097580
2.530000	2.097580
2.531000	1.971870
2.532000	2.034660
2.533000	1.971870
2.534000	2.034660
2.535000	2.097580
2.536000	2.034660
2.537000	2.097580
2.538000	2.160370
2.539000	2.097580
2.540000	2.160370
2.541000	2.160370
2.542000	2.160370
2.543000	2.097580
2.544000	2.097580
2.545000	2.034660
2.546000	2.097580
2.547000	2.097580
2.548000	2.160370
2.549000	2.097580
2.550000	2.097580
2.551000	2.160370
2.552000	2.160370
2.553000	2.097580
2.554000	2.160370
2.555000	2.097580
2.556000	2.160370
2.557000	2.097580
2.558000	2.097580
2.559000	2.034660
2.560000	2.097580
2.561000	2.160370
2.562000	2.034660
2.563000	2.097580
2.564000	2.097580
2.565000	2.097580
2.566000	2.097580
2.567000	2.160370
2.568000	2.097580
2.569000	2.097580
2.570000	2.097580
2.571000	2.034660
2.572000	2.097580
2.573000	2.034660
2.574000	2.034660
2.575000	2.097580
2.576000	2.034660
2.577000	2.097580
2.578000	2.097580
2.579000	2.097580
2.580000	2.034660
2.581000	2.097580
2.582000	2.097580
2.583000	2.097580
2.584000	2.034660
2.585000	2.034660
2.586000	2.097580
2.587000	2.097580
2.588000	2.034660
2.589000	2.034660
2.590000	2.160370
2.591000	2.034660
2.592000	2.097580
2.593000	2.034660
2.594000	2.097580
2.595000	2.034660
2.596000	2.160370
2.597000	2.160370
2.598000	2.097580
2.599000	2.034660
2.600000	2.034660
2.601000	2.097580
2.602000	2.097580
2.603000	2.097580
2.604000	2.160370
2.605000	2.097580
2.606000	2.034660
2.607000	2.097580
2.608000	2.160370
2.609000	2.034660
2.610000	2.097580
2.611000	2.097580
2.612000	2.034660
2.613000	2.034660
2.614000	2.160370
2.615000	2.034660
2.616000	2.097580
2.617000	2.097580
2.618000	2.097580
2.619000	2.097580
2.620000	2.097580
2.621000	2.034660
2.622000	2.034660
2.623000	2.223160
2.624000	2.160370
2.625000	2.097580
2.626000	2.097580
2.627000	2.097580
2.628000	2.097580
2.629000	2.160370
2.630000	2.223160
2.631000	2.097580
2.632000	2.097580
2.633000	2.097580
2.634000	2.160370
2.635000	2.160370
2.636000	2.223160
2.637000	2.223160
2.638000	2.223160
2.639000	2.223160
2.640000	2.285950
2.641000	2.285950
2.642000	2.285950
2.643000	2.160370
2.644000	2.223160
2.645000	2.223160
2.646000	2.285950
2.647000	2.348870
2.648000	2.348870
2.649000	2.285950
2.650000	2.285950
2.651000	2.285950
2.652000	2.348870
2.653000	2.348870
2.654000	2.348870
2.655000	2.285950
2.656000	2.285950
2.657000	2.285950
2.658000	2.285950
2.659000	2.348870
2.660000	2.348870
2.661000	2.285950
2.662000	2.348870
2.663000	2.411660
2.664000	2.411660
2.665000	2.348870
2.666000	2.411660
2.667000	2.411660
2.668000	2.348870
2.669000	2.348870
2.670000	2.411660
2.671000	2.474450
2.672000	2.411660
2.673000	2.411660
2.674000	2.474450
2.675000	2.348870
2.676000	2.411660
2.677000	2.411660
2.678000	2.474450
2.679000	2.411660
2.680000	2.474450
2.681000	2.411660
2.682000	2.411660
2.683000	2.474450
2.684000	2.474450
2.685000	2.411660
2.686000	2.474450
2.687000	2.474450
2.688000	2.474450
2.689000	2.474450
2.690000	2.474450
2.691000	2.537370
2.692000	2.474450
2.693000	2.474450
2.694000	2.474450
2.695000	2.474450
2.696000	2.537370
2.697000	2.537370
2.698000	2.474450
2.699000	2.411660
2.700000	2.411660
2.701000	2.537370
2.702000	2.411660
2.703000	2.411660
2.704000	2.600160
2.705000	2.474450
2.706000	2.537370
2.707000	2.537370
2.708000	2.474450
2.709000	2.537370
2.710000	2.474450
2.711000	2.474450
2.712000	2.474450
2.713000	2.537370
2.714000	2.474450
2.715000	2.474450
2.716000	2.474450
2.717000	2.474450
2.718000	2.537370
2.719000	2.474450
2.720000	2.411660
2.721000	2.537370
2.722000	2.474450
2.723000	2.474450
2.724000	2.474450
2.725000	2.474450
2.726000	2.348870
2.727000	2.474450
2.728000	2.537370
2.729000	2.348870
2.730000	2.474450
2.731000	2.411660
2.732000	2.411660
2.733000	2.411660
2.734000	2.348870
2.735000	2.474450
2.736000	2.474450
2.737000	2.474450
2.738000	2.474450
2.739000	2.348870
2.740000	2.537370
2.741000	2.411660
2.742000	2.411660
2.743000	2.474450
2.744000	2.474450
2.745000	2.411660
2.746000	2.474450
2.747000	2.411660
2.748000	2.411660
2.749000	2.411660
2.750000	2.411660
2.751000	2.348870
2.752000	2.411660
2.753000	2.411660
2.754000	2.411660
2.755000	2.411660
2.756000	2.411660
2.757000	2.411660
2.758000	2.411660
2.759000	2.474450
2.760000	2.411660
2.761000	2.411660
2.762000	2.474450
2.763000	2.348870
2.764000	2.411660
2.765000	2.348870
2.766000	2.348870
2.767000	2.474450
2.768000	2.474450
2.769000	2.411660
2.770000	2.474450
2.771000	2.348870
2.772000	2.411660
2.773000	2.411660
2.774000	2.411660
2.775000	2.348870
2.776000	2.474450
2.777000	2.411660
2.778000	2.411660
2.779000	2.537370
2.780000	2.411660
2.781000	2.474450
2.782000	2.411660
2.783000	2.474450
2.784000	2.411660
2.785000	2.474450
2.786000	2.537370
2.787000	2.474450
2.788000	2.537370
2.789000	2.537370
2.790000	2.537370
2.791000	2.411660
2.792000	2.474450
2.793000	2.537370
2.794000	2.474450
2.795000	2.537370
2.796000	2.474450
2.797000	2.537370
2.798000	2.474450
2.799000	2.537370
2.800000	2.537370
2.801000	2.537370
2.802000	2.600160
2.803000	2.411660
2.804000	2.537370
2.805000	2.474450
2.806000	2.600160
2.807000	2.537370
2.808000	2.600160
2.809000	2.600160
2.810000	2.537370
2.811000	2.537370
2.812000	2.662950
2.813000	2.662950
2.814000	2.600160
2.815000	2.600160
2.816000	2.600160
2.817000	2.537370
2.818000	2.600160
2.819000	2.600160
2.820000	2.600160
2.821000	2.600160
2.822000	2.537370
2.823000	2.600160
2.824000	2.725750
2.825000	2.662950
2.826000	2.600160
2.827000	2.600160
2.828000	2.600160
2.829000	2.662950
2.830000	2.662950
2.831000	2.662950
2.832000	2.662950
2.833000	2.662950
2.834000	2.662950
2.835000	2.600160
2.836000	2.662950
2.837000	2.662950
2.838000	2.600160
2.839000	2.662950
2.840000	2.725750
2.841000	2.662950
2.842000	2.725750
2.843000	2.600160
2.844000	2.662950
2.845000	2.600160
2.846000	2.662950
2.847000	2.725750
2.848000	2.662950
2.849000	2.662950
2.850000	2.662950
2.851000	2.662950
2.852000	2.725750
2.853000	2.662950
2.854000	2.725750
2.855000	2.662950
2.856000	2.725750
2.857000	2.725750
2.858000	2.725750
2.859000	2.662950
2.860000	2.725750
2.861000	2.662950
2.862000	2.662950
2.863000	2.725750
2.864000	2.600160
2.865000	2.725750
2.866000	2.725750
2.867000	2.725750
2.868000	2.788660
2.869000	2.662950
2.870000	2.725750
2.871000	2.662950
2.872000	2.725750
2.873000	2.725750
2.874000	2.662950
2.875000	2.725750
2.876000	2.725750
2.877000	2.662950
2.878000	2.662950
2.879000	2.725750
2.880000	2.725750
2.881000	2.662950
2.882000	2.725750
2.883000	2.662950
2.884000	2.662950
2.885000	2.662950
2.886000	2.662950
2.887000	2.662950
2.888000	2.662950
2.889000	2.725750
2.890000	2.725750
2.891000	2.662950
2.892000	2.600160
2.893000	2.725750
2.894000	2.600160
2.895000	2.662950
2.896000	2.600160
2.897000	2.662950
2.898000	2.600160
2.899000	2.662950
2.900000	2.537370
2.901000	2.662950
2.902000	2.600160
2.903000	2.662950
2.904000	2.662950
2.905000	2.662950
2.906000	2.725750
2.907000	2.662950
2.908000	2.662950
2.909000	2.725750
2.910000	2.600160
2.911000	2.600160
2.912000	2.600160
2.913000	2.725750
2.914000	2.537370
2.915000	2.600160
2.916000	2.600160
2.917000	2.662950
2.918000	2.600160
2.919000	2.600160
2.920000	2.725750
2.921000	2.725750
2.922000	2.662950
2.923000	2.662950
2.924000	2.725750
2.925000	2.662950
2.926000	2.600160
2.927000	2.600160
2.928000	2.537370
2.929000	2.662950
2.930000	2.662950
2.931000	2.662950
2.932000	2.537370
2.933000	2.600160
2.934000	2.662950
2.935000	2.600160
2.936000	2.662950
2.937000	2.788660
2.938000	2.662950
2.939000	2.600160
2.940000	2.662950
2.941000	2.600160
2.942000	2.600160
2.943000	2.600160
2.944000	2.662950
2.945000	2.662950
2.946000	2.600160
2.947000	2.537370
2.948000	2.662950
2.949000	2.662950
2.950000	2.600160
2.951000	2.600160
2.952000	2.600160
2.953000	2.662950
2.954000	2.662950
2.955000	2.600160
2.956000	2.662950
2.957000	2.725750
2.958000	2.600160
2.959000	2.662950
2.960000	2.600160
2.961000	2.600160
2.962000	2.662950
2.963000	2.662950
2.964000	2.662950
2.965000	2.662950
2.966000	2.600160
2.967000	2.725750
2.968000	2.662950
2.969000	2.725750
2.970000	2.662950
2.971000	2.725750
2.972000	2.725750
2.973000	2.788660
2.974000	2.725750
2.975000	2.662950
2.976000	2.662950
2.977000	2.662950
2.978000	2.662950
2.979000	2.725750
2.980000	2.725750
2.981000	2.725750
2.982000	2.662950
2.983000	2.788660
2.984000	2.725750
2.985000	2.662950
2.986000	2.788660
2.987000	2.788660
2.988000	2.725750
2.989000	2.662950
2.990000	2.788660
2.991000	2.725750
2.992000	2.725750
2.993000	2.662950
2.994000	2.788660
2.995000	2.662950
2.996000	2.725750
2.997000	2.788660
2.998000	2.725750
2.999000	2.662950
3.000000	2.725750
3.001000	2.788660
3.002000	2.662950
3.003000	2.725750
3.004000	2.725750
3.005000	2.788660
3.006000	2.725750
3.007000	2.725750
3.008000	2.725750
3.009000	2.725750
3.010000	2.725750
3.011000	2.725750
3.012000	2.725750
3.013000	2.725750
3.014000	2.662950
3.015000	2.725750
3.016000	2.725750
3.017000	2.788660
3.018000	2.725750
3.019000	2.725750
3.020000	2.851460
3.021000	2.725750
3.022000	2.725750
3.023000	2.725750
3.024000	2.851460
3.025000	2.788660
3.026000	2.725750
3.027000	2.725750
3.028000	2.788660
3.029000	2.725750
3.030000	2.788660
3.031000	2.788660
3.032000	2.788660
3.033000	2.662950
3.034000	2.725750
3.035000	2.725750
3.036000	2.788660
3.037000	2.788660
3.038000	2.725750
3.039000	2.788660
3.040000	2.725750
3.041000	2.662950
3.042000	2.788660
3.043000	2.725750
3.044000	2.725750
3.045000	2.725750
3.046000	2.725750
3.047000	2.725750
3.048000	2.725750
3.049000	2.725750
3.050000	2.662950
3.051000	2.725750
3.052000	2.725750
3.053000	2.788660
3.054000	2.662950
3.055000	2.600160
3.056000	2.662950
3.057000	2.662950
3.058000	2.662950
3.059000	2.725750
3.060000	2.662950
3.061000	2.662950
3.062000	2.725750
3.063000	2.725750
3.064000	2.725750
3.065000	2.725750
3.066000	2.662950
3.067000	2.662950
3.068000	2.662950
3.069000	2.662950
3.070000	2.725750
3.071000	2.600160
3.072000	2.725750
3.073000	2.662950
3.074000	2.725750
3.075000	2.725750
3.076000	2.662950
3.077000	2.662950
3.078000	2.725750
3.079000	2.662950
3.080000	2.662950
3.081000	2.725750
3.082000	2.662950
3.083000	2.725750
3.084000	2.788660
3.085000	2.725750
3.086000	2.725750
3.087000	2.662950
3.088000	2.600160
3.089000	2.600160
3.090000	2.662950
3.091000	2.725750
3.092000	2.662950
3.093000	2.662950
3.094000	2.600160
3.095000	2.725750
3.096000	2.662950
3.097000	2.662950
3.098000	2.662950
3.099000	2.600160
3.100000	2.662950
3.101000	2.662950
3.102000	2.725750
3.103000	2.662950
3.104000	2.725750
3.105000	2.662950
3.106000	2.662950
3.107000	2.725750
3.108000	2.725750
3.109000	2.600160
3.110000	2.662950
3.111000	2.662950
3.112000	2.725750
3.113000	2.662950
3.114000	2.662950
3.115000	2.725750
3.116000	2.662950
3.117000	2.600160
3.118000	2.662950
3.119000	2.662950
3.120000	2.662950
3.121000	2.725750
3.122000	2.662950
3.123000	2.662950
3.124000	2.662950
3.125000	2.725750
3.126000	2.725750
3.127000	2.600160
3.128000	2.662950
3.129000	2.600160
3.130000	2.725750
3.131000	2.600160
3.132000	2.662950
3.133000	2.725750
3.134000	2.662950
3.135000	2.662950
3.136000	2.662950
3.137000	2.662950
3.138000	2.662950
3.139000	2.788660
3.140000	2.725750
3.141000	2.725750
3.142000	2.662950
3.143000	2.725750
3.144000	2.725750
3.145000	2.725750
3.146000	2.725750
3.147000	2.725750
3.148000	2.725750
3.149000	2.725750
3.150000	2.662950
3.151000	2.725750
3.152000	2.725750
3.153000	2.788660
3.154000	2.725750
3.155000	2.725750
3.156000	2.662950
3.157000	2.725750
3.158000	2.662950
3.159000	2.725750
3.160000	2.662950
3.161000	2.725750
3.162000	2.725750
3.163000	2.725750
3.164000	2.725750
3.165000	2.788660
3.166000	2.725750
3.167000	2.788660
3.168000	2.725750
3.169000	2.788660
3.170000	2.725750
3.171000	2.725750
3.172000	2.725750
3.173000	2.725750
3.174000	2.725750
3.175000	2.725750
3.176000	2.725750
3.177000	2.725750
3.178000	2.725750
3.179000	2.662950
3.180000	2.725750
3.181000	2.788660
3.182000	2.725750
3.183000	2.788660
3.184000	2.725750
3.185000	2.725750
3.186000	2.662950
3.187000	2.788660
3.188000	2.725750
3.189000	2.788660
3.190000	2.851460
3.191000	2.788660
3.192000	2.725750
3.193000	2.725750
3.194000	2.725750
3.195000	2.725750
3.196000	2.725750
3.197000	2.725750
3.198000	2.725750
3.199000	2.725750
3.200000	2.662950
3.201000	2.725750
3.202000	2.725750
3.203000	2.725750
3.204000	2.788660
3.205000	2.725750
3.206000	2.725750
3.207000	2.725750
3.208000	2.788660
3.209000	2.788660
3.210000	2.725750
3.211000	2.725750
3.212000	2.725750
3.213000	2.725750
3.214000	2.725750
3.215000	2.725750
3.216000	2.662950
3.217000	2.600160
3.218000	2.662950
3.219000	2.662950
3.220000	2.725750
3.221000	2.662950
3.222000	2.662950
3.223000	2.662950
3.224000	2.725750
3.225000	2.725750
3.226000	2.725750
3.227000	2.725750
3.228000	2.600160
3.229000	2.725750
3.230000	2.725750
3.231000	2.725750
3.232000	2.662950
3.233000	2.662950
3.234000	2.662950
3.235000	2.600160
3.236000	2.662950
3.237000	2.662950
3.238000	2.662950
3.239000	2.662950
3.240000	2.662950
3.241000	2.662950
3.242000	2.662950
3.243000	2.662950
3.244000	2.725750
3.245000	2.662950
3.246000	2.662950
3.247000	2.600160
3.248000	2.600160
3.249000	2.537370
3.250000	2.662950
3.251000	2.600160
3.252000	2.600160
3.253000	2.600160
3.254000	2.600160
3.255000	2.662950
3.256000	2.600160
3.257000	2.662950
3.258000	2.662950
3.259000	2.600160
3.260000	2.662950
3.261000	2.662950
3.262000	2.600160
3.263000	2.600160
3.264000	2.662950
3.265000	2.600160
3.266000	2.662950
3.267000	2.600160
3.268000	2.725750
3.269000	2.600160
3.270000	2.600160
3.271000	2.725750
3.272000	2.600160
3.273000	2.662950
3.274000	2.662950
3.275000	2.662950
3.276000	2.600160
3.277000	2.725750
3.278000	2.600160
3.279000	2.662950
3.280000	2.725750
3.281000	2.725750
3.282000	2.662950
3.283000	2.662950
3.284000	2.725750
3.285000	2.662950
3.286000	2.662950
3.287000	2.788660
3.288000	2.725750
3.289000	2.725750
3.290000	2.662950
3.291000	2.662950
3.292000	2.725750
3.293000	2.788660
3.294000	2.725750
3.295000	2.662950
3.296000	2.662950
3.297000	2.725750
3.298000	2.662950
3.299000	2.725750
3.300000	2.662950
3.301000	2.725750
3.302000	2.725750
3.303000	2.725750
3.304000	2.725750
3.305000	2.725750
3.306000	2.725750
3.307000	2.725750
3.308000	2.662950
3.309000	2.662950
3.310000	2.725750
3.311000	2.725750
3.312000	2.662950
3.313000	2.725750
3.314000	2.725750
3.315000	2.725750
3.316000	2.725750
3.317000	2.788660
3.318000	2.725750
3.319000	2.788660
3.320000	2.725750
3.321000	2.662950
3.322000	2.788660
3.323000	2.725750
3.324000	2.851460
3.325000	2.725750
3.326000	2.788660
3.327000	2.788660
3.328000	2.725750
3.329000	2.725750
3.330000	2.851460
3.331000	2.725750
3.332000	2.788660
3.333000	2.788660
3.334000	2.725750
3.335000	2.788660
3.336000	2.788660
3.337000	2.788660
3.338000	2.725750
3.339000	2.725750
3.340000	2.725750
3.341000	2.788660
3.342000	2.725750
3.343000	2.725750
3.344000	2.725750
3.345000	2.788660
3.346000	2.788660
3.347000	2.725750
3.348000	2.725750
3.349000	2.725750
3.350000	2.788660
3.351000	2.914250
3.352000	2.788660
3.353000	2.725750
3.354000	2.725750
3.355000	2.788660
3.356000	2.788660
3.357000	2.788660
3.358000	2.788660
3.359000	2.788660
3.360000	2.788660
3.361000	2.788660
3.362000	2.788660
3.363000	2.725750
3.364000	2.788660
3.365000	2.788660
3.366000	2.662950
3.367000	2.788660
3.368000	2.725750
3.369000	2.725750
3.370000	2.725750
3.371000	2.725750
3.372000	2.662950
3.373000	2.725750
3.374000	2.725750
3.375000	2.788660
3.376000	2.725750
3.377000	2.725750
3.378000	2.662950
3.379000	2.725750
3.380000	2.725750
3.381000	2.662950
3.382000	2.662950
3.383000	2.725750
3.384000	2.725750
3.385000	2.725750
3.386000	2.662950
3.387000	2.725750
3.388000	2.662950
3.389000	2.662950
3.390000	2.725750
3.391000	2.725750
3.392000	2.725750
3.393000	2.600160
3.394000	2.600160
3.395000	2.600160
3.396000	2.662950
3.397000	2.662950
3.398000	2.662950
3.399000	2.600160
3.400000	2.662950
3.401000	2.662950
3.402000	2.662950
3.403000	2.600160
3.404000	2.600160
3.405000	2.600160
3.406000	2.600160
3.407000	2.662950
3.408000	2.725750
3.409000	2.725750
3.410000	2.725750
3.411000	2.725750
3.412000	2.662950
3.413000	2.662950
3.414000	2.662950
3.415000	2.662950
3.416000	2.600160
3.417000	2.600160
3.418000	2.725750
3.419000	2.662950
3.420000	2.662950
3.421000	2.725750
3.422000	2.662950
3.423000	2.662950
3.424000	2.725750
3.425000	2.600160
3.426000	2.662950
3.427000	2.725750
3.428000	2.600160
3.429000	2.662950
3.430000	2.662950
3.431000	2.600160
3.432000	2.600160
3.433000	2.600160
3.434000	2.725750
3.435000	2.725750
3.436000	2.725750
3.437000	2.725750
3.438000	2.725750
3.439000	2.662950
3.440000	2.725750
3.441000	2.662950
3.442000	2.662950
3.443000	2.725750
3.444000	2.725750
3.445000	2.662950
3.446000	2.662950
3.447000	2.725750
3.448000	2.725750
3.449000	2.662950
3.450000	2.725750
3.451000	2.725750
3.452000	2.725750
3.453000	2.788660
3.454000	2.788660
3.455000	2.725750
3.456000	2.725750
3.457000	2.851460
3.458000	2.725750
3.459000	2.788660
3.460000	2.725750
3.461000	2.788660
3.462000	2.788660
3.463000	2.725750
3.464000	2.788660
3.465000	2.788660
3.466000	2.788660
3.467000	2.725750
3.468000	2.788660
3.469000	2.725750
3.470000	2.851460
3.471000	2.788660
3.472000	2.788660
3.473000	2.851460
3.474000	2.788660
3.475000	2.788660
3.476000	2.788660
3.477000	2.788660
3.478000	2.851460
3.479000	2.788660
3.480000	2.851460
3.481000	2.788660
3.482000	2.788660
3.483000	2.788660
3.484000	2.851460
3.485000	2.851460
3.486000	2.851460
3.487000	2.851460
3.488000	2.851460
3.489000	2.851460
3.490000	2.788660
3.491000	2.851460
3.492000	2.851460
3.493000	2.851460
3.494000	2.914250
3.495000	2.851460
3.496000	2.914250
3.497000	2.914250
3.498000	2.851460
3.499000	2.914250
3.500000	2.851460
3.501000	2.914250
3.502000	2.914250
3.503000	2.851460
3.504000	2.851460
3.505000	2.788660
3.506000	2.914250
3.507000	2.977170
3.508000	2.914250
3.509000	2.851460
3.510000	2.977170
3.511000	2.914250
3.512000	2.914250
3.513000	2.851460
3.514000	2.851460
3.515000	2.914250
3.516000	2.851460
3.517000	2.977170
3.518000	2.914250
3.519000	2.851460
3.520000	2.851460
3.521000	2.851460
3.522000	2.914250
3.523000	2.851460
3.524000	2.977170
3.525000	2.914250
3.526000	2.914250
3.527000	2.851460
3.528000	2.788660
3.529000	2.914250
3.530000	2.914250
3.531000	2.851460
3.532000	2.788660
3.533000	2.851460
3.534000	2.851460
3.535000	2.851460
3.536000	2.851460
3.537000	2.788660
3.538000	2.851460
3.539000	2.788660
3.540000	2.851460
3.541000	2.914250
3.542000	2.851460
3.543000	2.788660
3.544000	2.788660
3.545000	2.788660
3.546000	2.788660
3.547000	2.851460
3.548000	2.788660
3.549000	2.851460
3.550000	2.788660
3.551000	2.851460
3.552000	2.788660
3.553000	2.914250
3.554000	2.851460
3.555000	2.977170
3.556000	2.788660
3.557000	2.788660
3.558000	2.851460
3.559000	2.851460
3.560000	2.788660
3.561000	2.914250
3.562000	2.788660
3.563000	2.851460
3.564000	2.851460
3.565000	2.851460
3.566000	2.788660
3.567000	2.788660
3.568000	2.788660
3.569000	2.788660
3.570000	2.851460
3.571000	2.725750
3.572000	2.851460
3.573000	2.851460
3.574000	2.851460
3.575000	2.851460
3.576000	2.788660
3.577000	2.851460
3.578000	2.851460
3.579000	2.851460
3.580000	2.851460
3.581000	2.788660
3.582000	2.851460
3.583000	2.788660
3.584000	2.788660
3.585000	2.851460
3.586000	2.851460
3.587000	2.851460
3.588000	2.851460
3.589000	2.788660
3.590000	2.725750
3.591000	2.788660
3.592000	2.725750
3.593000	2.851460
3.594000	2.851460
3.595000	2.725750
3.596000	2.788660
3.597000	2.851460
3.598000	2.851460
3.599000	2.725750
3.600000	2.788660
3.601000	2.788660
3.602000	2.851460
3.603000	2.851460
3.604000	2.851460
3.605000	2.788660
3.606000	2.788660
3.607000	2.851460
3.608000	2.851460
3.609000	2.851460
3.610000	2.851460
3.611000	2.914250
3.612000	2.788660
3.613000	2.851460
3.614000	2.914250
3.615000	2.914250
3.616000	2.914250
3.617000	2.914250
3.618000	2.914250
3.619000	2.914250
3.620000	2.914250
3.621000	2.914250
3.622000	2.914250
3.623000	2.914250
3.624000	2.914250
3.625000	3.039960
3.626000	2.914250
3.627000	2.914250
3.628000	2.851460
3.629000	2.788660
3.630000	2.977170
3.631000	2.977170
3.632000	2.851460
3.633000	2.914250
3.634000	2.851460
3.635000	2.977170
3.636000	2.977170
3.637000	2.914250
3.638000	2.977170
3.639000	2.914250
3.640000	2.914250
3.641000	2.851460
3.642000	2.914250
3.643000	2.851460
3.644000	2.914250
3.645000	2.977170
3.646000	2.914250
3.647000	2.977170
3.648000	2.914250
3.649000	3.039960
3.650000	2.977170
3.651000	2.977170
3.652000	2.977170
3.653000	2.977170
3.654000	2.977170
3.655000	2.977170
3.656000	2.977170
3.657000	3.039960
3.658000	3.039960
3.659000	2.977170
3.660000	2.914250
3.661000	2.914250
3.662000	2.914250
3.663000	2.914250
3.664000	2.914250
3.665000	3.039960
3.666000	2.977170
3.667000	2.977170
3.668000	2.977170
3.669000	2.914250
3.670000	2.977170
3.671000	3.039960
3.672000	2.977170
3.673000	2.977170
3.674000	2.977170
3.675000	2.977170
3.676000	2.977170
3.677000	3.039960
3.678000	2.977170
3.679000	2.977170
3.680000	2.977170
3.681000	2.977170
3.682000	2.977170
3.683000	2.914250
3.684000	3.039960
3.685000	3.039960
3.686000	2.977170
3.687000	2.914250
3.688000	2.977170
3.689000	2.977170
3.690000	2.914250
3.691000	2.977170
3.692000	2.914250
3.693000	2.914250
3.694000	2.914250
3.695000	2.914250
3.696000	2.914250
3.697000	2.977170
3.698000	2.977170
3.699000	2.914250
3.700000	2.914250
3.701000	2.851460
3.702000	2.977170
3.703000	2.914250
3.704000	2.977170
3.705000	2.914250
3.706000	2.851460
3.707000	2.914250
3.708000	2.914250
3.709000	2.977170
3.710000	2.851460
3.711000	2.977170
3.712000	2.851460
3.713000	2.977170
3.714000	2.914250
3.715000	2.914250
3.716000	2.977170
3.717000	2.914250
3.718000	2.851460
3.719000	2.914250
3.720000	2.914250
3.721000	2.914250
3.722000	2.851460
3.723000	2.914250
3.724000	2.914250
3.725000	2.914250
3.726000	2.914250
3.727000	2.914250
3.728000	2.788660
3.729000	2.851460
3.730000	2.977170
3.731000	2.851460
3.732000	2.914250
3.733000	2.914250
3.734000	2.977170
3.735000	2.851460
3.736000	2.851460
3.737000	2.914250
3.738000	2.977170
3.739000	2.851460
3.740000	2.851460
3.741000	2.914250
3.742000	2.851460
3.743000	2.851460
3.744000	2.851460
3.745000	2.851460
3.746000	2.851460
3.747000	2.914250
3.748000	2.914250
3.749000	2.788660
3.750000	2.914250
3.751000	2.851460
3.752000	2.851460
3.753000	2.851460
3.754000	2.851460
3.755000	2.914250
3.756000	2.851460
3.757000	2.914250
3.758000	2.851460
3.759000	2.851460
3.760000	2.914250
3.761000	2.851460
3.762000	2.914250
3.763000	2.977170
3.764000	2.851460
3.765000	2.851460
3.766000	2.914250
3.767000	2.914250
3.768000	2.914250
3.769000	2.914250
3.770000	2.914250
3.771000	2.914250
3.772000	2.914250
3.773000	2.851460
3.774000	2.851460
3.775000	2.851460
3.776000	2.914250
3.777000	2.977170
3.778000	2.914250
3.779000	2.977170
3.780000	2.977170
3.781000	2.977170
3.782000	2.977170
3.783000	2.914250
3.784000	2.977170
3.785000	2.977170
3.786000	2.914250
3.787000	2.977170
3.788000	2.977170
3.789000	2.977170
3.790000	2.977170
3.791000	2.977170
3.792000	2.977170
3.793000	2.977170
3.794000	2.977170
3.795000	2.851460
3.796000	2.851460
3.797000	2.977170
3.798000	2.914250
3.799000	2.977170
3.800000	2.914250
3.801000	2.914250
3.802000	2.977170
3.803000	2.914250
3.804000	2.851460
3.805000	2.914250
3.806000	2.914250
3.807000	2.851460
3.808000	2.914250
3.809000	2.977170
3.810000	2.977170
3.811000	2.977170
3.812000	2.977170
3.813000	2.977170
3.814000	2.914250
3.815000	2.977170
3.816000	2.914250
3.817000	2.977170
3.818000	2.914250
3.819000	2.977170
3.820000	2.977170
3.821000	2.977170
3.822000	2.914250
3.823000	2.977170
3.824000	3.039960
3.825000	3.039960
3.826000	3.039960
3.827000	2.914250
3.828000	2.977170
3.829000	2.977170
3.830000	2.977170
3.831000	3.039960
3.832000	3.039960
3.833000	2.977170
3.834000	3.039960
3.835000	2.851460
3.836000	2.977170
3.837000	2.977170
3.838000	2.977170
3.839000	3.039960
3.840000	2.914250
3.841000	3.039960
3.842000	2.914250
3.843000	2.977170
3.844000	2.977170
3.845000	2.977170
3.846000	2.851460
3.847000	2.851460
3.848000	2.914250
3.849000	2.977170
3.850000	2.977170
3.851000	2.914250
3.852000	2.977170
3.853000	2.977170
3.854000	3.039960
3.855000	2.914250
3.856000	2.914250
3.857000	2.914250
3.858000	2.914250
3.859000	2.914250
3.860000	2.851460
3.861000	2.851460
3.862000	2.851460
3.863000	2.914250
3.864000	2.851460
3.865000	2.851460
3.866000	2.851460
3.867000	2.851460
3.868000	2.788660
3.869000	2.851460
3.870000	2.788660
3.871000	2.851460
3.872000	2.725750
3.873000	2.788660
3.874000	2.788660
3.875000	2.725750
3.876000	2.725750
3.877000	2.788660
3.878000	2.788660
3.879000	2.788660
3.880000	2.788660
3.881000	2.725750
3.882000	2.788660
3.883000	2.725750
3.884000	2.788660
3.885000	2.725750
3.886000	2.725750
3.887000	2.788660
3.888000	2.725750
3.889000	2.788660
3.890000	2.725750
3.891000	2.725750
3.892000	2.725750
3.893000	2.725750
3.894000	2.725750
3.895000	2.725750
3.896000	2.725750
3.897000	2.788660
3.898000	2.662950
3.899000	2.725750
3.900000	2.725750
3.901000	2.725750
3.902000	2.788660
3.903000	2.788660
3.904000	2.725750
3.905000	2.662950
3.906000	2.662950
3.907000	2.725750
3.908000	2.725750
3.909000	2.662950
3.910000	2.662950
3.911000	2.662950
3.912000	2.662950
3.913000	2.600160
3.914000	2.788660
3.915000	2.600160
3.916000	2.725750
3.917000	2.662950
3.918000	2.662950
3.919000	2.662950
3.920000	2.662950
3.921000	2.725750
3.922000	2.662950
3.923000	2.725750
3.924000	2.600160
3.925000	2.725750
3.926000	2.600160
3.927000	2.725750
3.928000	2.662950
3.929000	2.662950
3.930000	2.788660
3.931000	2.600160
3.932000	2.725750
3.933000	2.662950
3.934000	2.662950
3.935000	2.725750
3.936000	2.600160
3.937000	2.788660
3.938000	2.725750
3.939000	2.662950
3.940000	2.725750
3.941000	2.725750
3.942000	2.725750
3.943000	2.662950
3.944000	2.725750
3.945000	2.725750
3.946000	2.725750
3.947000	2.725750
3.948000	2.725750
3.949000	2.725750
3.950000	2.725750
3.951000	2.788660
3.952000	2.725750
3.953000	2.725750
3.954000	2.725750
3.955000	2.662950
3.956000	2.662950
3.957000	2.725750
3.958000	2.725750
3.959000	2.725750
3.960000	2.725750
3.961000	2.600160
3.962000	2.725750
3.963000	2.662950
3.964000	2.725750
3.965000	2.662950
3.966000	2.725750
3.967000	2.725750
3.968000	2.725750
3.969000	2.725750
3.970000	2.725750
3.971000	2.725750
3.972000	2.788660
3.973000	2.788660
3.974000	2.851460
3.975000	2.725750
3.976000	2.662950
3.977000	2.725750
3.978000	2.662950
3.979000	2.662950
3.980000	2.600160
3.981000	2.725750
3.982000	2.725750
3.983000	2.725750
3.984000	2.725750
3.985000	2.788660
3.986000	2.725750
3.987000	2.725750
3.988000	2.725750
3.989000	2.725750
3.990000	2.725750
3.991000	2.725750
3.992000	2.725750
3.993000	2.788660
3.994000	2.788660
3.995000	2.788660
3.996000	2.725750
3.997000	2.788660
3.998000	2.725750
3.999000	2.725750
4.000000	2.725750
4.001000	2.662950
4.002000	2.788660
4.003000	2.788660
4.004000	2.788660
4.005000	2.725750
4.006000	2.725750
4.007000	2.788660
4.008000	2.725750
4.009000	2.725750
4.010000	2.725750
4.011000	2.725750
4.012000	2.662950
4.013000	2.725750
4.014000	2.662950
4.015000	2.725750
4.016000	2.662950
4.017000	2.725750
4.018000	2.662950
4.019000	2.725750
4.020000	2.725750
4.021000	2.725750
4.022000	2.600160
4.023000	2.725750
4.024000	2.788660
4.025000	2.725750
4.026000	2.662950
4.027000	2.725750
4.028000	2.662950
4.029000	2.725750
4.030000	2.788660
4.031000	2.725750
4.032000	2.662950
4.033000	2.600160
4.034000	2.662950
4.035000	2.725750
4.036000	2.662950
4.037000	2.662950
4.038000	2.662950
4.039000	2.600160
4.040000	2.725750
4.041000	2.662950
4.042000	2.662950
4.043000	2.600160
4.044000	2.725750
4.045000	2.725750
4.046000	2.662950
4.047000	2.662950
4.048000	2.662950
4.049000	2.662950
4.050000	2.662950
4.051000	2.725750
4.052000	2.600160
4.053000	2.725750
4.054000	2.725750
4.055000	2.662950
4.056000	2.662950
4.057000	2.662950
4.058000	2.662950
4.059000	2.662950
4.060000	2.662950
4.061000	2.600160
4.062000	2.600160
4.063000	2.600160
4.064000	2.662950
4.065000	2.662950
4.066000	2.537370
4.067000	2.600160
4.068000	2.600160
4.069000	2.600160
4.070000	2.662950
4.071000	2.600160
4.072000	2.600160
4.073000	2.662950
4.074000	2.662950
4.075000	2.662950
4.076000	2.600160
4.077000	2.662950
4.078000	2.662950
4.079000	2.662950
4.080000	2.662950
4.081000	2.600160
4.082000	2.600160
4.083000	2.662950
4.084000	2.662950
4.085000	2.725750
4.086000	2.662950
4.087000	2.725750
4.088000	2.600160
4.089000	2.725750
4.090000	2.662950
4.091000	2.662950
4.092000	2.662950
4.093000	2.662950
4.094000	2.662950
4.095000	2.662950
4.096000	2.662950
4.097000	2.662950
4.098000	2.725750
4.099000	2.725750
4.100000	2.725750
4.101000	2.725750
4.102000	2.725750
4.103000	2.788660
4.104000	2.662950
4.105000	2.788660
4.106000	2.788660
4.107000	2.662950
4.108000	2.725750
4.109000	2.725750
4.110000	2.725750
4.111000	2.725750
4.112000	2.788660
4.113000	2.725750
4.114000	2.725750
4.115000	2.788660
4.116000	2.725750
4.117000	2.725750
4.118000	2.725750
4.119000	2.788660
4.120000	2.725750
4.121000	2.788660
4.122000	2.662950
4.123000	2.725750
4.124000	2.725750
4.125000	2.725750
4.126000	2.851460
4.127000	2.851460
4.128000	2.725750
4.129000	2.788660
4.130000	2.851460
4.131000	2.788660
4.132000	2.788660
4.133000	2.725750
4.134000	2.788660
4.135000	2.725750
4.136000	2.725750
4.137000	2.725750
4.138000	2.725750
4.139000	2.788660
4.140000	2.725750
4.141000	2.788660
4.142000	2.788660
4.143000	2.788660
4.144000	2.788660
4.145000	2.725750
4.146000	2.788660
4.147000	2.788660
4.148000	2.788660
4.149000	2.788660
4.150000	2.788660
4.151000	2.851460
4.152000	2.788660
4.153000	2.788660
4.154000	2.788660
4.155000	2.851460
4.156000	2.788660
4.157000	2.788660
4.158000	2.851460
4.159000	2.725750
4.160000	2.851460
4.161000	2.914250
4.162000	2.851460
4.163000	2.851460
4.164000	2.788660
4.165000	2.788660
4.166000	2.788660
4.167000	2.851460
4.168000	2.851460
4.169000	2.851460
4.170000	2.851460
4.171000	2.788660
4.172000	2.914250
4.173000	2.914250
4.174000	2.851460
4.175000	2.788660
4.176000	2.851460
4.177000	2.788660
4.178000	2.725750
4.179000	2.788660
4.180000	2.788660
4.181000	2.788660
4.182000	2.851460
4.183000	2.788660
4.184000	2.851460
4.185000	2.788660
4.186000	2.851460
4.187000	2.788660
4.188000	2.851460
4.189000	2.851460
4.190000	2.788660
4.191000	2.788660
4.192000	2.851460
4.193000	2.725750
4.194000	2.851460
4.195000	2.725750
4.196000	2.788660
4.197000	2.851460
4.198000	2.851460
4.199000	2.788660
4.200000	2.788660
4.201000	2.788660
4.202000	2.788660
4.203000	2.788660
4.204000	2.725750
4.205000	2.788660
4.206000	2.725750
4.207000	2.788660
4.208000	2.788660
4.209000	2.788660
4.210000	2.725750
4.211000	2.788660
4.212000	2.788660
4.213000	2.851460
4.214000	2.788660
4.215000	2.788660
4.216000	2.788660
4.217000	2.851460
4.218000	2.788660
4.219000	2.788660
4.220000	2.788660
4.221000	2.851460
4.222000	2.851460
4.223000	2.851460
4.224000	2.788660
4.225000	2.788660
4.226000	2.851460
4.227000	2.788660
4.228000	2.851460
4.229000	2.851460
4.230000	2.788660
4.231000	2.725750
4.232000	2.725750
4.233000	2.788660
4.234000	2.788660
4.235000	2.725750
4.236000	2.851460
4.237000	2.725750
4.238000	2.788660
4.239000	2.788660
4.240000	2.725750
4.241000	2.851460
4.242000	2.788660
4.243000	2.788660
4.244000	2.788660
4.245000	2.914250
4.246000	2.851460
4.247000	2.851460
4.248000	2.851460
4.249000	2.851460
4.250000	2.851460
4.251000	2.914250
4.252000	2.788660
4.253000	2.851460
4.254000	2.851460
4.255000	2.851460
4.256000	2.851460
4.257000	2.851460
4.258000	2.851460
4.259000	2.851460
4.260000	2.851460
4.261000	2.788660
4.262000	2.851460
4.263000	2.851460
4.264000	2.851460
4.265000	2.914250
4.266000	2.914250
4.267000	2.914250
4.268000	2.851460
4.269000	2.851460
4.270000	2.977170
4.271000	2.914250
4.272000	2.977170
4.273000	2.977170
4.274000	2.914250
4.275000	2.851460
4.276000	2.851460
4.277000	2.851460
4.278000	2.851460
4.279000	2.851460
4.280000	2.977170
4.281000	2.914250
4.282000	2.851460
4.283000	2.914250
4.284000	2.851460
4.285000	2.914250
4.286000	2.851460
4.287000	2.851460
4.288000	2.914250
4.289000	2.914250
4.290000	2.851460
4.291000	2.977170
4.292000	2.914250
4.293000	2.851460
4.294000	2.977170
4.295000	2.914250
4.296000	2.851460
4.297000	2.914250
4.298000	2.977170
4.299000	2.914250
4.300000	3.039960
4.301000	2.977170
4.302000	2.977170
4.303000	2.914250
4.304000	2.977170
4.305000	2.914250
4.306000	3.039960
4.307000	3.039960
4.308000	3.039960
4.309000	2.914250
4.310000	2.977170
4.311000	2.914250
4.312000	2.977170
4.313000	2.977170
4.314000	2.977170
4.315000	2.977170
4.316000	2.977170
4.317000	2.977170
4.318000	2.977170
4.319000	2.977170
4.320000	2.977170
4.321000	2.977170
4.322000	2.977170
4.323000	2.977170
4.324000	2.977170
4.325000	2.977170
4.326000	2.977170
4.327000	2.977170
4.328000	2.977170
4.329000	2.977170
4.330000	3.039960
4.331000	3.102750
4.332000	3.039960
4.333000	2.977170
4.334000	2.977170
4.335000	3.039960
4.336000	2.977170
4.337000	3.039960
4.338000	3.102750
4.339000	3.039960
4.340000	2.977170
4.341000	2.977170
4.342000	3.039960
4.343000	3.039960
4.344000	2.977170
4.345000	2.977170
4.346000	3.039960
4.347000	2.977170
4.348000	2.977170
4.349000	2.977170
4.350000	2.851460
4.351000	2.914250
4.352000	2.977170
4.353000	2.977170
4.354000	2.977170
4.355000	2.914250
4.356000	2.914250
4.357000	2.977170
4.358000	2.851460
4.359000	2.977170
4.360000	2.851460
4.361000	2.977170
4.362000	2.977170
4.363000	2.851460
4.364000	2.977170
4.365000	2.977170
4.366000	2.914250
4.367000	2.914250
4.368000	2.914250
4.369000	2.977170
4.370000	2.914250
4.371000	2.914250
4.372000	2.977170
4.373000	2.977170
4.374000	2.977170
4.375000	2.914250
4.376000	2.851460
4.377000	2.914250
4.378000	2.851460
4.379000	2.914250
4.380000	2.851460
4.381000	2.851460
4.382000	2.851460
4.383000	2.914250
4.384000	2.914250
4.385000	2.977170
4.386000	2.851460
4.387000	2.977170
4.388000	2.914250
4.389000	2.851460
4.390000	2.977170
4.391000	2.914250
4.392000	2.851460
4.393000	2.725750
4.394000	2.788660
4.395000	2.725750
4.396000	2.788660
4.397000	2.788660
4.398000	2.788660
4.399000	2.662950
4.400000	2.600160
4.401000	2.600160
4.402000	2.474450
4.403000	2.285950
4.404000	2.097580
4.405000	1.909080
4.406000	1.720580
4.407000	1.657780
4.408000	1.532070
4.409000	1.469280
4.410000	1.217990
4.411000	1.029490
4.412000	0.840987
4.413000	0.715277
4.414000	0.526904
4.415000	0.275482
4.416000	0.087110
4.417000	-0.101392
4.418000	-0.352684
4.419000	-0.604106
4.420000	-0.855398
4.421000	-1.043900
4.422000	-1.420770
4.423000	-1.609280
4.424000	-1.734990
4.425000	-1.860570
4.426000	-1.986280
4.427000	-2.049070
4.428000	-2.174780
4.429000	-2.111860
4.430000	-2.049070
4.431000	-1.860570
4.432000	-1.860570
4.433000	-1.734990
4.434000	-1.546480
4.435000	-1.546480
4.436000	-1.483570
4.437000	-1.357980
4.438000	-1.295190
4.439000	-1.295190
4.440000	-1.357980
4.441000	-1.357980
4.442000	-1.357980
4.443000	-1.420770
4.444000	-1.483570
4.445000	-1.546480
4.446000	-1.609280
4.447000	-1.734990
4.448000	-1.734990
4.449000	-1.860570
4.450000	-1.986280
4.451000	-2.111860
4.452000	-2.174780
4.453000	-2.363150
4.454000	-2.426070
4.455000	-2.551650
4.456000	-2.614570
4.457000	-2.677370
4.458000	-2.802950
4.459000	-2.928660
4.460000	-3.117160
4.461000	-3.242740
4.462000	-3.431240
4.463000	-3.431240
4.464000	-3.619740
4.465000	-3.745460
4.466000	-3.933830
4.467000	-3.933830
4.468000	-3.996750
4.469000	-4.248040
4.470000	-4.185250
4.471000	-4.248040
4.472000	-4.248040
4.473000	-4.310830
4.474000	-4.373620
4.475000	-4.248040
4.476000	-4.248040
4.477000	-4.248040
4.478000	-4.248040
4.479000	-4.059540
4.480000	-3.996750
4.481000	-3.996750
4.482000	-3.871040
4.483000	-3.871040
4.484000	-3.808250
4.485000	-3.808250
4.486000	-3.871040
4.487000	-3.871040
4.488000	-3.933830
4.489000	-3.933830
4.490000	-3.996750
4.491000	-4.122330
4.492000	-4.310830
4.493000	-4.310830
4.494000	-4.436540
4.495000	-4.562120
4.496000	-4.687830
4.497000	-4.813420
4.498000	-4.939130
4.499000	-4.939130
4.500000	-5.064840
4.501000	-5.064840
4.502000	-5.064840
4.503000	-5.316130
4.504000	-5.253210
4.505000	-5.378920
4.506000	-5.316130
4.507000	-5.378920
4.508000	-5.378920
4.509000	-5.441710
4.510000	-5.378920
4.511000	-5.441710
4.512000	-5.441710
4.513000	-5.504500
4.514000	-5.504500
4.515000	-5.567420
4.516000	-5.630210
4.517000	-5.630210
4.518000	-5.693000
4.519000	-5.630210
4.520000	-5.693000
4.521000	-5.755920
4.522000	-5.693000
4.523000	-5.755920
4.524000	-5.630210
4.525000	-5.693000
4.526000	-5.755920
4.527000	-5.693000
4.528000	-5.693000
4.529000	-5.693000
4.530000	-5.693000
4.531000	-5.693000
4.532000	-5.755920
4.533000	-5.630210
4.534000	-5.693000
4.535000	-5.567420
4.536000	-5.630210
4.537000	-5.693000
4.538000	-5.630210
4.539000	-5.630210
4.540000	-5.630210
4.541000	-5.567420
4.542000	-5.567420
4.543000	-5.504500
4.544000	-5.567420
4.545000	-5.504500
4.546000	-5.441710
4.547000	-5.441710
4.548000	-5.378920
4.549000	-5.378920
4.550000	-5.316130
4.551000	-5.253210
4.552000	-5.316130
4.553000	-5.253210
4.554000	-5.253210
4.555000	-5.316130
4.556000	-5.316130
4.557000	-5.253210
4.558000	-5.253210
4.559000	-5.378920
4.560000	-5.316130
4.561000	-5.316130
4.562000	-5.316130
4.563000	-5.378920
4.564000	-5.316130
4.565000	-5.441710
4.566000	-5.504500
4.567000	-5.504500
4.568000	-5.504500
4.569000	-5.504500
4.570000	-5.504500
4.571000	-5.567420
4.572000	-5.567420
4.573000	-5.567420
4.574000	-5.630210
4.575000	-5.630210
4.576000	-5.630210
4.577000	-5.693000
4.578000	-5.630210
4.579000	-5.693000
4.580000	-5.630210
4.581000	-5.630210
4.582000	-5.630210
4.583000	-5.630210
4.584000	-5.630210
4.585000	-5.693000
4.586000	-5.693000
4.587000	-5.693000
4.588000	-5.693000
4.589000	-5.818710
4.590000	-5.755920
4.591000	-5.818710
4.592000	-5.881510
4.593000	-5.881510
4.594000	-5.881510
4.595000	-5.881510
4.596000	-6.070010
4.597000	-5.944300
4.598000	-6.070010
4.599000	-6.070010
4.600000	-6.007220
4.601000	-6.007220
4.602000	-5.944300
4.603000	-6.007220
4.604000	-5.944300
4.605000	-5.881510
4.606000	-5.881510
4.607000	-5.881510
4.608000	-5.881510
4.609000	-5.818710
4.610000	-5.818710
4.611000	-5.755920
4.612000	-5.818710
4.613000	-5.755920
4.614000	-5.818710
4.615000	-5.755920
4.616000	-5.818710
4.617000	-5.818710
4.618000	-5.818710
4.619000	-5.818710
4.620000	-5.818710
4.621000	-5.818710
4.622000	-5.944300
4.623000	-5.881510
4.624000	-5.881510
4.625000	-5.944300
4.626000	-5.944300
4.627000	-5.944300
4.628000	-6.007220
4.629000	-5.944300
4.630000	-6.007220
4.631000	-6.007220
4.632000	-6.007220
4.633000	-5.944300
4.634000	-5.944300
4.635000	-5.944300
4.636000	-5.944300
4.637000	-5.881510
4.638000	-5.944300
4.639000	-5.881510
4.640000	-5.944300
4.641000	-5.818710
4.642000	-5.881510
4.643000	-5.944300
4.644000	-5.881510
4.645000	-5.881510
4.646000	-5.944300
4.647000	-5.944300
4.648000	-5.881510
4.649000	-6.007220
4.650000	-5.944300
4.651000	-5.944300
4.652000	-5.944300
4.653000	-5.944300
4.654000	-5.944300
4.655000	-5.881510
4.656000	-5.944300
4.657000	-5.944300
4.658000	-5.881510
4.659000	-5.881510
4.660000	-5.818710
4.661000	-5.818710
4.662000	-5.881510
4.663000	-5.818710
4.664000	-5.818710
4.665000	-5.881510
4.666000	-5.818710
4.667000	-5.818710
4.668000	-5.944300
4.669000	-5.881510
4.670000	-5.944300
4.671000	-5.881510
4.672000	-5.881510
4.673000	-5.944300
4.674000	-5.881510
4.675000	-5.881510
4.676000	-5.881510
4.677000	-5.944300
4.678000	-6.007220
4.679000	-5.944300
4.680000	-5.944300
4.681000	-5.881510
4.682000	-5.881510
4.683000	-5.881510
4.684000	-5.881510
4.685000	-5.818710
4.686000	-5.881510
4.687000	-5.881510
4.688000	-5.881510
4.689000	-5.944300
4.690000	-5.881510
4.691000	-5.881510
4.692000	-5.881510
4.693000	-5.881510
4.694000	-5.818710
4.695000	-5.818710
4.696000	-5.944300
4.697000	-5.755920
4.698000	-5.818710
4.699000	-5.818710
4.700000	-5.693000
4.701000	-5.755920
4.702000	-5.755920
4.703000	-5.755920
4.704000	-5.693000
4.705000	-5.755920
4.706000	-5.630210
4.707000	-5.567420
4.708000	-5.504500
4.709000	-5.504500
4.710000	-5.378920
4.711000	-5.378920
4.712000	-5.253210
4.713000	-5.127630
4.714000	-5.190420
4.715000	-5.127630
4.716000	-5.064840
4.717000	-5.001920
4.718000	-4.939130
4.719000	-4.813420
4.720000	-4.750630
4.721000	-4.687830
4.722000	-4.687830
4.723000	-4.625040
4.724000	-4.625040
4.725000	-4.436540
4.726000	-4.436540
4.727000	-4.373620
4.728000	-4.310830
4.729000	-4.122330
4.730000	-3.996750
4.731000	-3.933830
4.732000	-3.808250
4.733000	-3.682540
4.734000	-3.619740
4.735000	-3.368450
4.736000	-3.305660
4.737000	-3.242740
4.738000	-3.054370
4.739000	-2.991450
4.740000	-2.928660
4.741000	-2.928660
4.742000	-2.802950
4.743000	-2.802950
4.744000	-2.928660
4.745000	-2.865870
4.746000	-2.928660
4.747000	-2.991450
4.748000	-3.054370
4.749000	-3.117160
4.750000	-3.179950
4.751000	-3.179950
4.752000	-3.242740
4.753000	-3.305660
4.754000	-3.368450
4.755000	-3.368450
4.756000	-3.431240
4.757000	-3.431240
4.758000	-3.305660
4.759000	-3.368450
4.760000	-3.431240
4.761000	-3.305660
4.762000	-3.242740
4.763000	-3.179950
4.764000	-3.117160
4.765000	-2.991450
4.766000	-2.865870
4.767000	-2.865870
4.768000	-2.802950
4.769000	-2.740160
4.770000	-2.677370
4.771000	-2.677370
4.772000	-2.551650
4.773000	-2.677370
4.774000	-2.614570
4.775000	-2.614570
4.776000	-2.740160
4.777000	-2.614570
4.778000	-2.802950
4.779000	-2.740160
4.780000	-2.802950
4.781000	-2.928660
4.782000	-2.991450
4.783000	-3.054370
4.784000	-3.054370
4.785000	-3.054370
4.786000	-2.991450
4.787000	-2.928660
4.788000	-2.865870
4.789000	-2.865870
4.790000	-2.740160
4.791000	-2.677370
4.792000	-2.614570
4.793000	-2.614570
4.794000	-2.551650
4.795000	-2.488860
4.796000	-2.551650
4.797000	-2.426070
4.798000	-2.426070
4.799000	-2.488860
4.800000	-2.363150
4.801000	-2.488860
4.802000	-2.551650
4.803000	-2.551650
4.804000	-2.677370
4.805000	-2.802950
4.806000	-2.802950
4.807000	-2.740160
4.808000	-2.865870
4.809000	-2.865870
4.810000	-2.928660
4.811000	-2.865870
4.812000	-2.802950
4.813000	-2.802950
4.814000	-2.677370
4.815000	-2.740160
4.816000	-2.614570
4.817000	-2.551650
4.818000	-2.488860
4.819000	-2.363150
4.820000	-2.426070
4.821000	-2.363150
4.822000	-2.488860
4.823000	-2.488860
4.824000	-2.488860
4.825000	-2.551650
4.826000	-2.551650
4.827000	-2.614570
4.828000	-2.614570
4.829000	-2.802950
4.830000	-2.614570
4.831000	-2.677370
4.832000	-2.677370
4.833000	-2.740160
4.834000	-2.740160
4.835000	-2.551650
4.836000	-2.740160
4.837000	-2.614570
4.838000	-2.677370
4.839000	-2.614570
4.840000	-2.488860
4.841000	-2.488860
4.842000	-2.551650
4.843000	-2.551650
4.844000	-2.551650
4.845000	-2.488860
4.846000	-2.488860
4.847000	-2.426070
4.848000	-2.551650
4.849000	-2.551650
4.850000	-2.551650
4.851000	-2.551650
4.852000	-2.677370
4.853000	-2.614570
4.854000	-2.614570
4.855000	-2.677370
4.856000	-2.677370
4.857000	-2.740160
4.858000	-2.614570
4.859000	-2.740160
4.860000	-2.677370
4.861000	-2.740160
4.862000	-2.802950
4.863000	-2.677370
4.864000	-2.740160
4.865000	-2.677370
4.866000	-2.677370
4.867000	-2.740160
4.868000	-2.677370
4.869000	-2.802950
4.870000	-2.740160
4.871000	-2.740160
4.872000	-2.802950
4.873000	-2.802950
4.874000	-2.802950
4.875000	-2.802950
4.876000	-2.865870
4.877000	-2.928660
4.878000	-2.865870
4.879000	-2.928660
4.880000	-2.928660
4.881000	-2.991450
4.882000	-3.054370
4.883000	-3.117160
4.884000	-3.117160
4.885000	-3.054370
4.886000	-3.054370
4.887000	-3.054370
4.888000	-3.117160
4.889000	-3.054370
4.890000	-3.054370
4.891000	-3.054370
4.892000	-3.054370
4.893000	-3.054370
4.894000	-3.054370
4.895000	-3.054370
4.896000	-3.054370
4.897000	-2.928660
4.898000	-2.991450
4.899000	-2.991450
4.900000	-2.991450
4.901000	-2.928660
4.902000	-2.991450
4.903000	-2.928660
4.904000	-2.991450
4.905000	-2.991450
4.906000	-2.991450
4.907000	-2.991450
4.908000	-3.117160
4.909000	-3.054370
4.910000	-3.179950
4.911000	-3.117160
4.912000	-3.179950
4.913000	-3.179950
4.914000	-3.117160
4.915000	-3.054370
4.916000	-3.179950
4.917000	-3.117160
4.918000	-3.117160
4.919000	-3.117160
4.920000	-3.054370
4.921000	-3.054370
4.922000	-2.991450
4.923000	-3.054370
4.924000	-2.928660
4.925000	-3.054370
4.926000	-3.054370
4.927000	-3.054370
4.928000	-3.054370
4.929000	-3.179950
4.930000	-3.054370
4.931000	-3.117160
4.932000	-3.117160
4.933000	-3.179950
4.934000	-3.179950
4.935000	-3.305660
4.936000	-3.242740
4.937000	-3.305660
4.938000	-3.242740
4.939000	-3.305660
4.940000	-3.305660
4.941000	-3.179950
4.942000	-3.305660
4.943000	-3.179950
4.944000	-3.242740
4.945000	-3.305660
4.946000	-3.179950
4.947000	-3.117160
4.948000	-3.179950
4.949000	-3.179950
4.950000	-3.117160
4.951000	-3.179950
4.952000	-3.117160
4.953000	-3.179950
4.954000	-3.117160
4.955000	-3.054370
4.956000	-3.117160
4.957000	-3.179950
4.958000	-3.179950
4.959000	-3.117160
4.960000	-3.117160
4.961000	-3.179950
4.962000	-3.179950
4.963000	-3.117160
4.964000	-3.054370
4.965000	-3.117160
4.966000	-3.117160
4.967000	-3.242740
4.968000	-3.179950
4.969000	-3.305660
4.970000	-3.179950
4.971000	-3.242740
4.972000	-3.242740
4.973000	-3.179950
4.974000	-3.179950
4.975000	-3.242740
4.976000	-3.305660
4.977000	-3.305660
4.978000	-3.305660
4.979000	-3.305660
4.980000	-3.305660
4.981000	-3.305660
4.982000	-3.368450
4.983000	-3.368450
4.984000	-3.305660
4.985000	-3.431240
4.986000	-3.368450
4.987000	-3.368450
4.988000	-3.431240
4.989000	-3.368450
4.990000	-3.431240
4.991000	-3.431240
4.992000	-3.431240
4.993000	-3.556950
4.994000	-3.431240
4.995000	-3.431240
4.996000	-3.556950
4.997000	-3.431240
4.998000	-3.431240
4.999000	-3.494030
5.000000	-3.556950
5.001000	-3.431240
5.002000	-3.494030
5.003000	-3.494030
5.004000	-3.431240
5.005000	-3.494030
5.006000	-3.494030
5.007000	-3.305660
5.008000	-3.431240
5.009000	-3.431240
5.010000	-3.494030
5.011000	-3.431240
5.012000	-3.431240
5.013000	-3.494030
5.014000	-3.368450
5.015000	-3.431240
5.016000	-3.494030
5.017000	-3.494030
5.018000	-3.556950
5.019000	-3.556950
5.020000	-3.494030
5.021000	-3.431240
5.022000	-3.431240
5.023000	-3.494030
5.024000	-3.494030
5.025000	-3.556950
5.026000	-3.556950
5.027000	-3.556950
5.028000	-3.556950
5.029000	-3.494030
5.030000	-3.682540
5.031000	-3.619740
5.032000	-3.682540
5.033000	-3.619740
5.034000	-3.619740
5.035000	-3.682540
5.036000	-3.682540
5.037000	-3.619740
5.038000	-3.619740
5.039000	-3.682540
5.040000	-3.556950
5.041000	-3.682540
5.042000	-3.619740
5.043000	-3.619740
5.044000	-3.682540
5.045000	-3.682540
5.046000	-3.619740
5.047000	-3.619740
5.048000	-3.556950
5.049000	-3.619740
5.050000	-3.619740
5.051000	-3.619740
5.052000	-3.682540
5.053000	-3.556950
5.054000	-3.619740
5.055000	-3.556950
5.056000	-3.619740
5.057000	-3.682540
5.058000	-3.556950
5.059000	-3.619740
5.060000	-3.619740
5.061000	-3.619740
5.062000	-3.619740
5.063000	-3.745460
5.064000	-3.682540
5.065000	-3.682540
5.066000	-3.745460
5.067000	-3.682540
5.068000	-3.682540
5.069000	-3.682540
5.070000	-3.745460
5.071000	-3.682540
5.072000	-3.745460
5.073000	-3.745460
5.074000	-3.682540
5.075000	-3.808250
5.076000	-3.745460
5.077000	-3.745460
5.078000	-3.808250
5.079000	-3.745460
5.080000	-3.808250
5.081000	-3.808250
5.082000	-3.745460
5.083000	-3.745460
5.084000	-3.745460
5.085000	-3.871040
5.086000	-3.682540
5.087000	-3.745460
5.088000	-3.745460
5.089000	-3.745460
5.090000	-3.745460
5.091000	-3.682540
5.092000	-3.619740
5.093000	-3.682540
5.094000	-3.808250
5.095000	-3.808250
5.096000	-3.745460
5.097000	-3.619740
5.098000	-3.682540
5.099000	-3.682540
5.100000	-3.682540
5.101000	-3.619740
5.102000	-3.682540
5.103000	-3.682540
5.104000	-3.745460
5.105000	-3.682540
5.106000	-3.682540
5.107000	-3.619740
5.108000	-3.619740
5.109000	-3.682540
5.110000	-3.682540
5.111000	-3.745460
5.112000	-3.682540
5.113000	-3.682540
5.114000	-3.682540
5.115000	-3.682540
5.116000	-3.745460
5.117000	-3.619740
5.118000	-3.682540
5.119000	-3.745460
5.120000	-3.745460
5.121000	-3.682540
5.122000	-3.682540
5.123000	-3.619740
5.124000	-3.682540
5.125000	-3.745460
5.126000	-3.682540
5.127000	-3.682540
5.128000	-3.682540
5.129000	-3.682540
5.130000	-3.619740
5.131000	-3.682540
5.132000	-3.808250
5.133000	-3.682540
5.134000	-3.682540
5.135000	-3.682540
5.136000	-3.682540
5.137000	-3.745460
5.138000	-3.682540
5.139000	-3.682540
5.140000	-3.682540
5.141000	-3.682540
5.142000	-3.682540
5.143000	-3.619740
5.144000	-3.682540
5.145000	-3.682540
5.146000	-3.619740
5.147000	-3.745460
5.148000	-3.745460
5.149000	-3.745460
5.150000	-3.745460
5.151000	-3.619740
5.152000	-3.745460
5.153000	-3.682540
5.154000	-3.682540
5.155000	-3.682540
5.156000	-3.745460
5.157000	-3.745460
5.158000	-3.682540
5.159000	-3.808250
5.160000	-3.745460
5.161000	-3.808250
5.162000	-3.808250
5.163000	-3.745460
5.164000	-3.745460
5.165000	-3.808250
5.166000	-3.808250
5.167000	-3.871040
5.168000	-3.871040
5.169000	-3.745460
5.170000	-3.808250
5.171000	-3.808250
5.172000	-3.871040
5.173000	-3.808250
5.174000	-3.808250
5.175000	-3.808250
5.176000	-3.871040
5.177000	-3.871040
5.178000	-3.871040
5.179000	-3.933830
5.180000	-3.808250
5.181000	-3.808250
5.182000	-3.871040
5.183000	-3.871040
5.184000	-3.808250
5.185000	-3.808250
5.186000	-3.871040
5.187000	-3.808250
5.188000	-3.871040
5.189000	-3.871040
5.190000	-3.871040
5.191000	-3.808250
5.192000	-3.808250
5.193000	-3.933830
5.194000	-3.933830
5.195000	-3.933830
5.196000	-3.933830
5.197000	-3.933830
5.198000	-3.996750
5.199000	-3.933830
5.200000	-3.871040
5.201000	-3.808250
5.202000	-3.871040
5.203000	-3.933830
5.204000	-3.933830
5.205000	-3.933830
5.206000	-3.933830
5.207000	-3.933830
5.208000	-3.871040
5.209000	-3.871040
5.210000	-3.871040
5.211000	-3.933830
5.212000	-3.933830
5.213000	-3.808250
5.214000	-3.808250
5.215000	-3.808250
5.216000	-3.871040
5.217000	-3.871040
5.218000	-3.871040
5.219000	-3.871040
5.220000	-3.871040
5.221000	-3.871040
5.222000	-3.933830
5.223000	-3.933830
5.224000	-3.808250
5.225000	-3.871040
5.226000	-3.871040
5.227000	-3.871040
5.228000	-3.933830
5.229000	-3.933830
5.230000	-3.871040
5.231000	-3.933830
5.232000	-3.933830
5.233000	-3.871040
5.234000	-3.933830
5.235000	-3.871040
5.236000	-3.933830
5.237000	-3.871040
5.238000	-3.996750
5.239000	-3.933830
5.240000	-3.933830
5.241000	-3.871040
5.242000	-3.933830
5.243000	-3.996750
5.244000	-3.933830
5.245000	-3.996750
5.246000	-3.933830
5.247000	-3.933830
5.248000	-3.933830
5.249000	-3.933830
5.250000	-3.871040
5.251000	-3.871040
5.252000	-3.871040
5.253000	-3.871040
5.254000	-3.933830
5.255000	-3.933830
5.256000	-3.871040
5.257000	-3.933830
5.258000	-3.871040
5.259000	-3.871040
5.260000	-3.871040
5.261000	-3.871040
5.262000	-3.933830
5.263000	-3.933830
5.264000	-3.808250
5.265000	-3.996750
5.266000	-3.808250
5.267000	-3.808250
5.268000	-3.808250
5.269000	-3.808250
5.270000	-3.871040
5.271000	-3.808250
5.272000	-3.871040
5.273000	-3.871040
5.274000	-3.808250
5.275000	-3.871040
5.276000	-3.871040
5.277000	-3.808250
5.278000	-3.933830
5.279000	-3.808250
5.280000	-3.808250
5.281000	-3.871040
5.282000	-3.808250
5.283000	-3.808250
5.284000	-3.808250
5.285000	-3.808250
5.286000	-3.808250
5.287000	-3.808250
5.288000	-3.808250
5.289000	-3.808250
5.290000	-3.808250
5.291000	-3.808250
5.292000	-3.871040
5.293000	-3.808250
5.294000	-3.871040
5.295000	-3.871040
5.296000	-3.871040
5.297000	-3.808250
5.298000	-3.808250
5.299000	-3.871040
5.300000	-3.871040
5.301000	-3.871040
5.302000	-3.933830
5.303000	-3.933830
5.304000	-3.871040
5.305000	-3.871040
5.306000	-3.933830
5.307000	-3.871040
5.308000	-3.871040
5.309000	-3.808250
5.310000	-3.808250
5.311000	-3.933830
5.312000	-3.871040
5.313000	-3.808250
5.314000	-3.808250
5.315000	-3.933830
5.316000	-3.871040
5.317000	-3.933830
5.318000	-3.871040
5.319000	-3.808250
5.320000	-3.933830
5.321000	-3.933830
5.322000	-3.871040
5.323000	-3.808250
5.324000	-3.871040
5.325000	-3.808250
5.326000	-3.871040
5.327000	-3.871040
5.328000	-3.871040
5.329000	-3.871040
5.330000	-3.933830
5.331000	-3.871040
5.332000	-3.871040
5.333000	-3.933830
5.334000	-3.871040
5.335000	-3.933830
5.336000	-3.871040
5.337000	-3.933830
5.338000	-3.871040
5.339000	-3.933830
5.340000	-3.871040
5.341000	-3.933830
5.342000	-3.933830
5.343000	-3.933830
5.344000	-3.933830
5.345000	-3.871040
5.346000	-3.933830
5.347000	-3.933830
5.348000	-3.933830
5.349000	-3.933830
5.350000	-3.933830
5.351000	-3.933830
5.352000	-3.871040
5.353000	-3.933830
5.354000	-3.933830
5.355000	-3.933830
5.356000	-3.933830
5.357000	-3.933830
5.358000	-3.933830
5.359000	-3.933830
5.360000	-3.996750
5.361000	-3.933830
5.362000	-3.933830
5.363000	-3.933830
5.364000	-3.933830
5.365000	-3.996750
5.366000	-3.996750
5.367000	-3.996750
5.368000	-3.996750
5.369000	-3.933830
5.370000	-3.996750
5.371000	-3.996750
5.372000	-3.933830
5.373000	-3.933830
5.374000	-3.933830
5.375000	-3.871040
5.376000	-3.871040
5.377000	-3.933830
5.378000	-3.996750
5.379000	-3.996750
5.380000	-3.933830
5.381000	-3.933830
5.382000	-3.996750
5.383000	-3.933830
5.384000	-3.933830
5.385000	-3.933830
5.386000	-3.933830
5.387000	-3.871040
5.388000	-3.933830
5.389000	-3.808250
5.390000	-3.871040
5.391000	-3.933830
5.392000	-3.933830
5.393000	-3.996750
5.394000	-3.871040
5.395000	-3.871040
5.396000	-3.871040
5.397000	-3.933830
5.398000	-3.871040
5.399000	-3.996750
5.400000	-3.933830
5.401000	-3.871040
5.402000	-3.933830
5.403000	-3.933830
5.404000	-3.808250
5.405000	-3.933830
5.406000	-3.933830
5.407000	-3.871040
5.408000	-3.933830
5.409000	-3.871040
5.410000	-3.871040
5.411000	-3.933830
5.412000	-3.933830
5.413000	-3.933830
5.414000	-3.871040
5.415000	-3.933830
5.416000	-3.996750
5.417000	-3.933830
5.418000	-3.871040
5.419000	-3.871040
5.420000	-3.933830
5.421000	-3.871040
5.422000	-3.933830
5.423000	-3.933830
5.424000	-3.933830
5.425000	-3.933830
5.426000	-3.933830
5.427000	-3.996750
5.428000	-3.871040
5.429000	-3.933830
5.430000	-3.871040
5.431000	-3.933830
5.432000	-3.871040
5.433000	-3.933830
5.434000	-3.933830
5.435000	-3.871040
5.436000	-3.933830
5.437000	-3.933830
5.438000	-3.871040
5.439000	-3.933830
5.440000	-3.871040
5.441000	-3.808250
5.442000	-3.871040
5.443000	-3.933830
5.444000	-3.871040
5.445000	-3.871040
5.446000	-3.871040
5.447000	-3.871040
5.448000	-3.933830
5.449000	-3.871040
5.450000	-3.808250
5.451000	-3.933830
5.452000	-3.871040
5.453000	-3.871040
5.454000	-3.933830
5.455000	-3.871040
5.456000	-3.933830
5.457000	-3.808250
5.458000	-3.808250
5.459000	-3.871040
5.460000	-3.933830
5.461000	-3.933830
5.462000	-3.996750
5.463000	-3.871040
5.464000	-3.871040
5.465000	-3.808250
5.466000	-3.871040
5.467000	-3.871040
5.468000	-3.871040
5.469000	-3.871040
5.470000	-3.933830
5.471000	-3.871040
5.472000	-3.933830
5.473000	-3.996750
5.474000	-3.808250
5.475000	-3.871040
5.476000	-3.933830
5.477000	-3.933830
5.478000	-3.871040
5.479000	-3.933830
5.480000	-3.871040
5.481000	-3.871040
5.482000	-3.871040
5.483000	-3.871040
5.484000	-3.871040
5.485000	-3.933830
5.486000	-3.808250
5.487000	-3.871040
5.488000	-3.933830
5.489000	-3.871040
5.490000	-3.871040
5.491000	-3.933830
5.492000	-3.996750
5.493000	-3.808250
5.494000	-3.871040
5.495000	-3.871040
5.496000	-3.933830
5.497000	-3.933830
5.498000	-3.871040
5.499000	-3.996750
5.500000	-3.871040
