-0.500000	-16.157400
-0.499000	-17.185600
-0.498000	-17.185600
-0.497000	-16.671499
-0.496000	-16.671499
-0.495000	-16.671499
-0.494000	-17.185600
-0.493000	-17.185600
-0.492000	-16.671499
-0.491000	-17.185600
-0.490000	-17.185600
-0.489000	-16.157400
-0.488000	-17.185600
-0.487000	-16.671499
-0.486000	-17.185600
-0.485000	-16.671499
-0.484000	-16.671499
-0.483000	-16.671499
-0.482000	-16.157400
-0.481000	-16.157400
-0.480000	-16.671499
-0.479000	-17.700701
-0.478000	-16.671499
-0.477000	-17.185600
-0.476000	-16.671499
-0.475000	-16.671499
-0.474000	-16.671499
-0.473000	-16.157400
-0.472000	-17.185600
-0.471000	-16.671499
-0.470000	-17.185600
-0.469000	-16.671499
-0.468000	-16.671499
-0.467000	-16.671499
-0.466000	-16.671499
-0.465000	-17.185600
-0.464000	-16.671499
-0.463000	-16.671499
-0.462000	-16.671499
-0.461000	-16.671499
-0.460000	-16.671499
-0.459000	-17.185600
-0.458000	-16.157400
-0.457000	-17.185600
-0.456000	-16.671499
-0.455000	-17.185600
-0.454000	-17.185600
-0.453000	-17.185600
-0.452000	-16.157400
-0.451000	-16.157400
-0.450000	-17.185600
-0.449000	-16.671499
-0.448000	-17.185600
-0.447000	-16.671499
-0.446000	-17.185600
-0.445000	-17.185600
-0.444000	-17.185600
-0.443000	-16.671499
-0.442000	-16.671499
-0.441000	-16.671499
-0.440000	-17.185600
-0.439000	-16.671499
-0.438000	-16.671499
-0.437000	-17.185600
-0.436000	-17.185600
-0.435000	-16.671499
-0.434000	-16.671499
-0.433000	-16.671499
-0.432000	-16.671499
-0.431000	-16.157400
-0.430000	-16.671499
-0.429000	-16.671499
-0.428000	-17.185600
-0.427000	-17.185600
-0.426000	-16.671499
-0.425000	-16.157400
-0.424000	-16.671499
-0.423000	-17.185600
-0.422000	-16.671499
-0.421000	-16.671499
-0.420000	-16.671499
-0.419000	-16.671499
-0.418000	-16.157400
-0.417000	-16.157400
-0.416000	-17.185600
-0.415000	-16.671499
-0.414000	-17.185600
-0.413000	-16.157400
-0.412000	-16.671499
-0.411000	-17.185600
-0.410000	-16.671499
-0.409000	-16.671499
-0.408000	-16.157400
-0.407000	-16.671499
-0.406000	-16.671499
-0.405000	-16.671499
-0.404000	-16.671499
-0.403000	-16.157400
-0.402000	-17.185600
-0.401000	-16.671499
-0.400000	-17.185600
-0.399000	-17.700701
-0.398000	-17.185600
-0.397000	-16.671499
-0.396000	-16.671499
-0.395000	-17.185600
-0.394000	-17.700701
-0.393000	-16.671499
-0.392000	-16.157400
-0.391000	-16.671499
-0.390000	-17.185600
-0.389000	-16.671499
-0.388000	-17.185600
-0.387000	-17.700701
-0.386000	-16.157400
-0.385000	-16.671499
-0.384000	-17.700701
-0.383000	-16.671499
-0.382000	-16.671499
-0.381000	-16.671499
-0.380000	-17.185600
-0.379000	-16.671499
-0.378000	-16.671499
-0.377000	-16.671499
-0.376000	-17.185600
-0.375000	-16.671499
-0.374000	-16.671499
-0.373000	-17.185600
-0.372000	-17.700701
-0.371000	-17.185600
-0.370000	-16.671499
-0.369000	-16.671499
-0.368000	-16.671499
-0.367000	-16.671499
-0.366000	-17.185600
-0.365000	-16.157400
-0.364000	-16.157400
-0.363000	-16.157400
-0.362000	-15.642200
-0.361000	-16.671499
-0.360000	-16.157400
-0.359000	-16.671499
-0.358000	-16.671499
-0.357000	-16.157400
-0.356000	-16.671499
-0.355000	-16.671499
-0.354000	-16.671499
-0.353000	-16.671499
-0.352000	-16.671499
-0.351000	-16.671499
-0.350000	-16.671499
-0.349000	-17.185600
-0.348000	-16.671499
-0.347000	-16.671499
-0.346000	-16.157400
-0.345000	-16.671499
-0.344000	-16.671499
-0.343000	-17.185600
-0.342000	-16.671499
-0.341000	-16.671499
-0.340000	-17.700701
-0.339000	-17.185600
-0.338000	-17.700701
-0.337000	-17.185600
-0.336000	-16.671499
-0.335000	-16.671499
-0.334000	-17.185600
-0.333000	-16.671499
-0.332000	-17.185600
-0.331000	-16.671499
-0.330000	-16.671499
-0.329000	-16.671499
-0.328000	-17.185600
-0.327000	-17.185600
-0.326000	-16.671499
-0.325000	-16.157400
-0.324000	-16.671499
-0.323000	-16.671499
-0.322000	-17.185600
-0.321000	-16.157400
-0.320000	-17.185600
-0.319000	-16.671499
-0.318000	-16.671499
-0.317000	-16.671499
-0.316000	-16.671499
-0.315000	-16.671499
-0.314000	-16.671499
-0.313000	-16.671499
-0.312000	-16.671499
-0.311000	-17.185600
-0.310000	-16.671499
-0.309000	-17.185600
-0.308000	-16.671499
-0.307000	-16.671499
-0.306000	-17.185600
-0.305000	-16.671499
-0.304000	-16.671499
-0.303000	-16.157400
-0.302000	-16.671499
-0.301000	-16.671499
-0.300000	-16.157400
-0.299000	-17.700701
-0.298000	-16.671499
-0.297000	-15.642200
-0.296000	-16.671499
-0.295000	-16.671499
-0.294000	-17.185600
-0.293000	-16.671499
-0.292000	-16.671499
-0.291000	-16.157400
-0.290000	-16.671499
-0.289000	-16.671499
-0.288000	-16.671499
-0.287000	-16.671499
-0.286000	-16.671499
-0.285000	-17.185600
-0.284000	-16.671499
-0.283000	-16.671499
-0.282000	-17.700701
-0.281000	-16.671499
-0.280000	-16.671499
-0.279000	-16.671499
-0.278000	-16.671499
-0.277000	-17.185600
-0.276000	-16.671499
-0.275000	-16.671499
-0.274000	-16.157400
-0.273000	-16.671499
-0.272000	-16.671499
-0.271000	-16.671499
-0.270000	-16.671499
-0.269000	-16.671499
-0.268000	-16.157400
-0.267000	-16.671499
-0.266000	-16.157400
-0.265000	-16.157400
-0.264000	-17.185600
-0.263000	-16.671499
-0.262000	-17.185600
-0.261000	-16.157400
-0.260000	-16.157400
-0.259000	-17.185600
-0.258000	-17.185600
-0.257000	-16.671499
-0.256000	-17.185600
-0.255000	-17.700701
-0.254000	-16.671499
-0.253000	-17.185600
-0.252000	-16.671499
-0.251000	-17.185600
-0.250000	-16.671499
-0.249000	-16.671499
-0.248000	-17.185600
-0.247000	-16.671499
-0.246000	-16.671499
-0.245000	-17.185600
-0.244000	-16.671499
-0.243000	-16.671499
-0.242000	-16.671499
-0.241000	-16.671499
-0.240000	-16.671499
-0.239000	-17.185600
-0.238000	-16.671499
-0.237000	-16.671499
-0.236000	-17.185600
-0.235000	-16.671499
-0.234000	-16.671499
-0.233000	-16.671499
-0.232000	-16.671499
-0.231000	-16.671499
-0.230000	-16.671499
-0.229000	-16.157400
-0.228000	-16.671499
-0.227000	-17.185600
-0.226000	-16.671499
-0.225000	-16.671499
-0.224000	-16.157400
-0.223000	-16.671499
-0.222000	-16.671499
-0.221000	-16.671499
-0.220000	-17.185600
-0.219000	-16.671499
-0.218000	-17.700701
-0.217000	-16.157400
-0.216000	-16.157400
-0.215000	-16.671499
-0.214000	-16.671499
-0.213000	-16.671499
-0.212000	-16.671499
-0.211000	-17.185600
-0.210000	-17.185600
-0.209000	-17.185600
-0.208000	-16.671499
-0.207000	-16.671499
-0.206000	-17.185600
-0.205000	-17.700701
-0.204000	-17.185600
-0.203000	-16.157400
-0.202000	-16.671499
-0.201000	-16.671499
-0.200000	-17.700701
-0.199000	-16.157400
-0.198000	-16.671499
-0.197000	-16.671499
-0.196000	-16.671499
-0.195000	-16.671499
-0.194000	-16.157400
-0.193000	-16.671499
-0.192000	-16.671499
-0.191000	-16.671499
-0.190000	-16.671499
-0.189000	-17.185600
-0.188000	-17.700701
-0.187000	-16.671499
-0.186000	-16.157400
-0.185000	-16.671499
-0.184000	-16.671499
-0.183000	-16.671499
-0.182000	-16.671499
-0.181000	-16.671499
-0.180000	-16.671499
-0.179000	-17.185600
-0.178000	-16.671499
-0.177000	-16.157400
-0.176000	-16.157400
-0.175000	-16.671499
-0.174000	-17.185600
-0.173000	-16.671499
-0.172000	-17.700701
-0.171000	-17.185600
-0.170000	-17.700701
-0.169000	-16.157400
-0.168000	-17.700701
-0.167000	-16.671499
-0.166000	-16.671499
-0.165000	-16.671499
-0.164000	-16.157400
-0.163000	-17.185600
-0.162000	-17.185600
-0.161000	-17.185600
-0.160000	-16.671499
-0.159000	-16.671499
-0.158000	-16.671499
-0.157000	-16.157400
-0.156000	-17.700701
-0.155000	-16.671499
-0.154000	-17.700701
-0.153000	-16.671499
-0.152000	-16.671499
-0.151000	-17.185600
-0.150000	-16.671499
-0.149000	-16.671499
-0.148000	-16.157400
-0.147000	-16.671499
-0.146000	-16.671499
-0.145000	-17.185600
-0.144000	-16.157400
-0.143000	-16.671499
-0.142000	-16.671499
-0.141000	-16.671499
-0.140000	-16.671499
-0.139000	-16.671499
-0.138000	-16.671499
-0.137000	-16.671499
-0.136000	-17.185600
-0.135000	-16.671499
-0.134000	-16.671499
-0.133000	-16.671499
-0.132000	-16.157400
-0.131000	-16.671499
-0.130000	-16.157400
-0.129000	-16.157400
-0.128000	-16.671499
-0.127000	-16.671499
-0.126000	-17.185600
-0.125000	-16.671499
-0.124000	-16.671499
-0.123000	-16.671499
-0.122000	-16.671499
-0.121000	-16.671499
-0.120000	-16.671499
-0.119000	-16.671499
-0.118000	-16.671499
-0.117000	-16.671499
-0.116000	-16.671499
-0.115000	-16.671499
-0.114000	-16.671499
-0.113000	-17.185600
-0.112000	-16.671499
-0.111000	-17.185600
-0.110000	-16.671499
-0.109000	-16.671499
-0.108000	-16.157400
-0.107000	-16.671499
-0.106000	-16.671499
-0.105000	-17.700701
-0.104000	-17.185600
-0.103000	-16.671499
-0.102000	-16.671499
-0.101000	-16.157400
-0.100000	-16.671499
-0.099000	-16.671499
-0.098000	-16.671499
-0.097000	-16.671499
-0.096000	-16.157400
-0.095000	-16.671499
-0.094000	-17.185600
-0.093000	-17.185600
-0.092000	-16.157400
-0.091000	-16.671499
-0.090000	-16.671499
-0.089000	-17.185600
-0.088000	-16.671499
-0.087000	-16.671499
-0.086000	-16.157400
-0.085000	-16.671499
-0.084000	-16.157400
-0.083000	-16.671499
-0.082000	-17.185600
-0.081000	-16.157400
-0.080000	-16.671499
-0.079000	-16.157400
-0.078000	-17.185600
-0.077000	-16.671499
-0.076000	-17.185600
-0.075000	-17.185600
-0.074000	-16.157400
-0.073000	-17.185600
-0.072000	-17.700701
-0.071000	-17.700701
-0.070000	-16.157400
-0.069000	-16.671499
-0.068000	-16.671499
-0.067000	-16.671499
-0.066000	-16.671499
-0.065000	-16.157400
-0.064000	-16.671499
-0.063000	-16.671499
-0.062000	-16.671499
-0.061000	-17.185600
-0.060000	-16.671499
-0.059000	-17.700701
-0.058000	-17.185600
-0.057000	-16.671499
-0.056000	-16.157400
-0.055000	-16.671499
-0.054000	-17.700701
-0.053000	-16.671499
-0.052000	-17.185600
-0.051000	-16.671499
-0.050000	-16.671499
-0.049000	-16.671499
-0.048000	-16.671499
-0.047000	-16.157400
-0.046000	-16.671499
-0.045000	-16.671499
-0.044000	-17.185600
-0.043000	-16.671499
-0.042000	-16.671499
-0.041000	-16.671499
-0.040000	-16.157400
-0.039000	-16.671499
-0.038000	-17.185600
-0.037000	-17.185600
-0.036000	-16.157400
-0.035000	-16.671499
-0.034000	-17.185600
-0.033000	-17.700701
-0.032000	-19.758200
-0.031000	-21.301600
-0.030000	-21.301600
-0.029000	-21.815701
-0.028000	-21.815701
-0.027000	-22.843901
-0.026000	-23.358999
-0.025000	-23.873100
-0.024000	-23.358999
-0.023000	-23.873100
-0.022000	-23.873100
-0.021000	-24.902399
-0.020000	-24.902399
-0.019000	-25.416500
-0.018000	-25.930599
-0.017000	-25.930599
-0.016000	-25.930599
-0.015000	-26.444700
-0.014000	-27.474001
-0.013000	-28.502199
-0.012000	-29.017300
-0.011000	-29.017300
-0.010000	-29.531401
-0.009000	-28.502199
-0.008000	-29.017300
-0.007000	-29.017300
-0.006000	-30.045500
-0.005000	-30.560699
-0.004000	-30.560699
-0.003000	-31.588900
-0.002000	-32.618198
-0.001000	-33.132301
0.000000	-33.132301
0.001000	-32.618198
0.002000	-34.161499
0.003000	-35.189701
0.004000	-35.189701
0.005000	-36.219002
0.006000	-35.703800
0.007000	-35.189701
0.008000	-36.219002
0.009000	-39.304699
0.010000	-41.877300
0.011000	-39.819801
0.012000	-33.132301
0.013000	-26.959900
0.014000	-24.387199
0.015000	-30.560699
0.016000	-37.247200
0.017000	-41.363201
0.018000	-44.448898
0.019000	-42.391399
0.020000	-39.304699
0.021000	-36.733101
0.022000	-36.219002
0.023000	-36.219002
0.024000	-37.762299
0.025000	-39.304699
0.026000	-36.219002
0.027000	-33.132301
0.028000	-30.045500
0.029000	-29.531401
0.030000	-30.560699
0.031000	-32.618198
0.032000	-34.675598
0.033000	-33.646400
0.034000	-34.161499
0.035000	-33.646400
0.036000	-31.074800
0.037000	-28.502199
0.038000	-28.502199
0.039000	-29.531401
0.040000	-31.074800
0.041000	-32.618198
0.042000	-34.161499
0.043000	-34.161499
0.044000	-34.161499
0.045000	-34.161499
0.046000	-32.103001
0.047000	-30.045500
0.048000	-33.132301
0.049000	-34.675598
0.050000	-33.132301
0.051000	-34.675598
0.052000	-35.703800
0.053000	-31.588900
0.054000	-32.618198
0.055000	-33.132301
0.056000	-35.703800
0.057000	-34.161499
0.058000	-35.703800
0.059000	-35.189701
0.060000	-34.675598
0.061000	-35.189701
0.062000	-33.646400
0.063000	-33.132301
0.064000	-33.646400
0.065000	-34.675598
0.066000	-35.189701
0.067000	-33.132301
0.068000	-34.675598
0.069000	-29.531401
0.070000	-30.560699
0.071000	-32.618198
0.072000	-30.045500
0.073000	-29.531401
0.074000	-30.560699
0.075000	-30.045500
0.076000	-28.502199
0.077000	-29.017300
0.078000	-29.017300
0.079000	-30.560699
0.080000	-27.988100
0.081000	-29.531401
0.082000	-30.045500
0.083000	-29.531401
0.084000	-29.531401
0.085000	-29.017300
0.086000	-30.045500
0.087000	-29.531401
0.088000	-32.103001
0.089000	-32.103001
0.090000	-35.189701
0.091000	-22.843901
0.092000	-33.132301
0.093000	-25.930599
0.094000	-25.416500
0.095000	-22.329800
0.096000	-25.930599
0.097000	-26.959900
0.098000	-29.017300
0.099000	-25.930599
0.100000	-27.474001
0.101000	-27.474001
0.102000	-24.902399
0.103000	-32.103001
0.104000	-27.988100
0.105000	-23.873100
0.106000	-26.959900
0.107000	-25.416500
0.108000	-23.358999
0.109000	-23.873100
0.110000	-29.531401
0.111000	-24.387199
0.112000	-22.843901
0.113000	-31.074800
0.114000	-29.017300
0.115000	-25.930599
0.116000	-23.358999
0.117000	-25.930599
0.118000	-26.444700
0.119000	-24.902399
0.120000	-24.902399
0.121000	-24.902399
0.122000	-23.873100
0.123000	-24.902399
0.124000	-24.387199
0.125000	-21.815701
0.126000	-24.387199
0.127000	-21.301600
0.128000	-23.873100
0.129000	-21.815701
0.130000	-22.843901
0.131000	-21.301600
0.132000	-21.301600
0.133000	-23.873100
0.134000	-26.959900
0.135000	-24.902399
0.136000	-21.301600
0.137000	-25.930599
0.138000	-26.959900
0.139000	-24.387199
0.140000	-24.387199
0.141000	-22.843901
0.142000	-24.902399
0.143000	-20.786400
0.144000	-21.815701
0.145000	-23.358999
0.146000	-25.416500
0.147000	-24.387199
0.148000	-23.358999
0.149000	-23.873100
0.150000	-21.815701
0.151000	-21.301600
0.152000	-19.758200
0.153000	-20.272301
0.154000	-20.272301
0.155000	-21.301600
0.156000	-20.272301
0.157000	-20.786400
0.158000	-19.758200
0.159000	-20.786400
0.160000	-23.358999
0.161000	-19.758200
0.162000	-22.329800
0.163000	-23.873100
0.164000	-20.786400
0.165000	-21.815701
0.166000	-20.786400
0.167000	-20.786400
0.168000	-21.815701
0.169000	-20.786400
0.170000	-22.329800
0.171000	-22.329800
0.172000	-21.815701
0.173000	-20.786400
0.174000	-20.786400
0.175000	-20.272301
0.176000	-19.758200
0.177000	-17.700701
0.178000	-20.272301
0.179000	-20.272301
0.180000	-19.243000
0.181000	-19.758200
0.182000	-22.329800
0.183000	-21.301600
0.184000	-20.786400
0.185000	-19.758200
0.186000	-21.815701
0.187000	-19.758200
0.188000	-20.272301
0.189000	-20.272301
0.190000	-21.301600
0.191000	-20.786400
0.192000	-21.815701
0.193000	-21.815701
0.194000	-20.786400
0.195000	-20.786400
0.196000	-20.786400
0.197000	-18.728901
0.198000	-20.272301
0.199000	-19.758200
0.200000	-20.272301
0.201000	-20.272301
0.202000	-20.272301
0.203000	-20.272301
0.204000	-19.243000
0.205000	-20.786400
0.206000	-21.301600
0.207000	-21.815701
0.208000	-25.416500
0.209000	-17.700701
0.210000	-14.614000
0.211000	-23.358999
0.212000	-21.301600
0.213000	-19.243000
0.214000	-19.758200
0.215000	-21.815701
0.216000	-21.815701
0.217000	-20.272301
0.218000	-22.843901
0.219000	-17.700701
0.220000	-19.758200
0.221000	-22.843901
0.222000	-20.272301
0.223000	-16.157400
0.224000	-21.301600
0.225000	-22.329800
0.226000	-21.815701
0.227000	-20.272301
0.228000	-13.584800
0.229000	-15.642200
0.230000	89.294899
0.231000	96.496498
0.232000	-70.683899
0.233000	-87.658798
0.234000	54.829899
0.235000	-145.270996
0.236000	-57.824001
0.237000	-2.782270
0.238000	24.995100
0.239000	13.678500
0.240000	55.859200
0.241000	45.570801
0.242000	-0.724801
0.243000	-41.877300
0.244000	-47.021500
0.245000	-19.758200
0.246000	-45.992199
0.247000	-39.304699
0.248000	-43.420601
0.249000	-18.728901
0.250000	-9.983920
0.251000	-8.441620
0.252000	-24.902399
0.253000	-14.099900
0.254000	-13.070700
0.255000	-12.556500
0.256000	-41.877300
0.257000	-38.790600
0.258000	-57.824001
0.259000	-59.881401
0.260000	-45.992199
0.261000	-38.790600
0.262000	-12.041400
0.263000	7.505060
0.264000	22.422501
0.265000	6.990960
0.266000	4.419390
0.267000	-15.128100
0.268000	-32.618198
0.269000	-44.448898
0.270000	-43.934700
0.271000	-36.733101
0.272000	-19.758200
0.273000	-8.955720
0.274000	1.846770
0.275000	5.447600
0.276000	5.961700
0.277000	-8.441620
0.278000	-11.013200
0.279000	-28.502199
0.280000	-19.758200
0.281000	-29.531401
0.282000	-21.301600
0.283000	-20.272301
0.284000	-7.926460
0.285000	-7.926460
0.286000	6.990960
0.287000	10.591800
0.288000	5.961700
0.289000	-1.239960
0.290000	-9.469820
0.291000	-26.444700
0.292000	-31.588900
0.293000	-32.618198
0.294000	-21.815701
0.295000	-17.700701
0.296000	-5.868990
0.297000	-7.926460
0.298000	-3.297420
0.299000	-9.469820
0.300000	-9.983920
0.301000	-18.728901
0.302000	-21.815701
0.303000	-21.815701
0.304000	-16.157400
0.305000	-16.157400
0.306000	-17.185600
0.307000	-16.671499
0.308000	-16.671499
0.309000	-17.700701
0.310000	-14.614000
0.311000	-18.728901
0.312000	-8.441620
0.313000	-12.556500
0.314000	-17.700701
0.315000	-19.243000
0.316000	-25.416500
0.317000	-20.786400
0.318000	-14.614000
0.319000	-7.926460
0.320000	-9.469820
0.321000	-1.754060
0.322000	-5.868990
0.323000	-13.584800
0.324000	-21.815701
0.325000	-13.584800
0.326000	-35.189701
0.327000	-18.214800
0.328000	-20.272301
0.329000	-18.214800
0.330000	-8.955720
0.331000	-8.955720
0.332000	-11.527300
0.333000	0.303405
0.334000	-0.210698
0.335000	-5.354890
0.336000	-4.840790
0.337000	-15.642200
0.338000	-14.614000
0.339000	-7.412360
0.340000	-5.354890
0.341000	-16.157400
0.342000	-15.642200
0.343000	-1.239960
0.344000	-12.041400
0.345000	-0.724801
0.346000	-9.983920
0.347000	4.933490
0.348000	-0.724801
0.349000	13.163400
0.350000	0.303405
0.351000	12.135200
0.352000	16.250099
0.353000	5.447600
0.354000	17.279301
0.355000	6.990960
0.356000	9.562530
0.357000	5.447600
0.358000	15.736000
0.359000	16.250099
0.360000	24.995100
0.361000	26.023300
0.362000	27.052601
0.363000	21.908400
0.364000	21.394300
0.365000	29.110001
0.366000	19.336800
0.367000	10.077700
0.368000	5.961700
0.369000	18.307501
0.370000	14.706700
0.371000	7.505060
0.372000	14.706700
0.373000	-2.268160
0.374000	0.818562
0.375000	-3.811530
0.376000	-4.325630
0.377000	-6.383100
0.378000	-2.268160
0.379000	-9.983920
0.380000	13.163400
0.381000	32.710899
0.382000	45.056702
0.383000	45.056702
0.384000	50.715000
0.385000	49.685699
0.386000	41.970001
0.387000	34.254200
0.388000	31.681601
0.389000	27.052601
0.390000	28.595900
0.391000	31.681601
0.392000	42.999199
0.393000	48.142399
0.394000	46.084900
0.395000	52.258400
0.396000	50.200901
0.397000	53.801701
0.398000	47.628300
0.399000	49.171600
0.400000	47.114201
0.401000	58.430801
0.402000	58.430801
0.403000	57.916698
0.404000	67.175797
0.405000	70.262497
0.406000	66.146500
0.407000	37.341000
0.408000	79.006500
0.409000	49.685699
0.410000	24.481001
0.411000	21.394300
0.412000	42.484100
0.413000	34.768299
0.414000	52.258400
0.415000	53.801701
0.416000	36.825802
0.417000	5.447600
0.418000	18.821699
0.419000	27.566700
0.420000	10.591800
0.421000	28.595900
0.422000	32.196800
0.423000	38.883301
0.424000	32.710899
0.425000	41.455898
0.426000	47.628300
0.427000	52.258400
0.428000	50.715000
0.429000	46.600101
0.430000	3.390130
0.431000	44.027500
0.432000	36.825802
0.433000	29.624100
0.434000	33.740101
0.435000	39.912498
0.436000	49.685699
0.437000	56.887402
0.438000	48.142399
0.439000	36.311699
0.440000	16.250099
0.441000	26.023300
0.442000	29.624100
0.443000	30.139299
0.444000	41.455898
0.445000	48.657501
0.446000	65.632401
0.447000	58.430801
0.448000	80.035698
0.449000	58.944901
0.450000	58.430801
0.451000	52.772499
0.452000	58.944901
0.453000	43.513401
0.454000	34.254200
0.455000	36.311699
0.456000	21.908400
0.457000	23.451700
0.458000	27.052601
0.459000	34.768299
0.460000	36.825802
0.461000	48.657501
0.462000	56.887402
0.463000	55.344002
0.464000	63.060902
0.465000	69.233299
0.466000	68.719200
0.467000	74.891602
0.468000	78.492401
0.469000	75.405701
0.470000	74.891602
0.471000	68.204002
0.472000	55.859200
0.473000	51.229099
0.474000	52.258400
0.475000	50.715000
0.476000	52.258400
0.477000	54.315800
0.478000	58.430801
0.479000	55.859200
0.480000	62.031601
0.481000	62.545700
0.482000	76.434898
0.483000	76.948997
0.484000	82.607300
0.485000	84.664803
0.486000	83.122498
0.487000	83.122498
0.488000	81.579102
0.489000	85.694000
0.490000	83.636597
0.491000	85.179901
0.492000	76.948997
0.493000	75.920799
0.494000	73.863297
0.495000	65.632401
0.496000	72.320000
0.497000	64.089104
0.498000	80.549797
0.499000	70.776604
0.500000	86.208099
0.501000	76.948997
0.502000	90.838203
0.503000	79.521599
0.504000	91.352303
0.505000	84.664803
0.506000	97.010597
0.507000	91.352303
0.508000	96.496498
0.509000	94.953201
0.510000	103.183998
0.511000	92.895699
0.512000	95.467300
0.513000	87.237396
0.514000	94.953201
0.515000	87.237396
0.516000	94.953201
0.517000	87.751503
0.518000	95.982399
0.519000	90.324097
0.520000	93.409798
0.521000	95.467300
0.522000	93.409798
0.523000	97.010597
0.524000	96.496498
0.525000	108.327003
0.526000	101.125999
0.527000	108.842003
0.528000	99.583199
0.529000	106.785004
0.530000	104.211998
0.531000	110.385002
0.532000	106.785004
0.533000	107.813004
0.534000	109.871002
0.535000	110.900002
0.536000	113.986000
0.537000	112.957001
0.538000	111.414001
0.539000	106.785004
0.540000	103.183998
0.541000	106.269997
0.542000	105.241997
0.543000	104.211998
0.544000	104.725998
0.545000	113.471001
0.546000	127.361000
0.547000	103.183998
0.548000	122.216003
0.549000	93.409798
0.550000	107.299004
0.551000	115.528999
0.552000	109.871002
0.553000	133.018997
0.554000	98.554001
0.555000	100.611000
0.556000	85.179901
0.557000	124.274002
0.558000	111.414001
0.559000	113.471001
0.560000	99.583199
0.561000	98.554001
0.562000	108.327003
0.563000	118.100998
0.564000	126.331001
0.565000	109.871002
0.566000	111.928001
0.567000	117.585999
0.568000	119.129997
0.569000	112.443001
0.570000	103.183998
0.571000	115.528999
0.572000	118.100998
0.573000	122.216003
0.574000	108.327003
0.575000	121.702003
0.576000	117.071999
0.577000	131.990005
0.578000	129.932007
0.579000	123.760002
0.580000	112.957001
0.581000	132.505005
0.582000	121.702003
0.583000	109.356003
0.584000	103.183998
0.585000	107.299004
0.586000	100.611000
0.587000	113.986000
0.588000	119.129997
0.589000	116.557999
0.590000	112.443001
0.591000	123.760002
0.592000	121.186996
0.593000	117.071999
0.594000	118.615997
0.595000	119.644997
0.596000	115.528999
0.597000	118.100998
0.598000	123.760002
0.599000	120.158997
0.600000	121.702003
0.601000	120.672997
0.602000	121.186996
0.603000	116.043999
0.604000	127.875000
0.605000	127.875000
0.606000	124.274002
0.607000	128.904007
0.608000	126.331001
0.609000	128.904007
0.610000	125.817001
0.611000	137.647995
0.612000	130.445999
0.613000	131.990005
0.614000	129.932007
0.615000	125.817001
0.616000	121.702003
0.617000	127.875000
0.618000	125.303001
0.619000	131.990005
0.620000	140.220993
0.621000	141.248993
0.622000	136.619995
0.623000	139.190994
0.624000	141.248993
0.625000	142.792007
0.626000	145.878998
0.627000	145.878998
0.628000	146.393005
0.629000	144.850006
0.630000	144.850006
0.631000	146.393005
0.632000	144.335999
0.633000	144.335999
0.634000	143.820999
0.635000	141.764008
0.636000	144.335999
0.637000	144.850006
0.638000	149.994003
0.639000	146.906998
0.640000	150.507996
0.641000	148.966003
0.642000	147.421997
0.643000	152.565994
0.644000	153.080994
0.645000	153.595001
0.646000	154.623993
0.647000	153.595001
0.648000	153.595001
0.649000	151.022995
0.650000	148.449997
0.651000	145.878998
0.652000	143.306000
0.653000	145.365005
0.654000	145.365005
0.655000	147.936005
0.656000	146.906998
0.657000	149.479996
0.658000	151.537003
0.659000	153.595001
0.660000	152.565994
0.661000	153.595001
0.662000	152.050995
0.663000	149.994003
0.664000	148.966003
0.665000	147.421997
0.666000	146.906998
0.667000	148.966003
0.668000	147.936005
0.669000	152.565994
0.670000	148.966003
0.671000	152.565994
0.672000	149.479996
0.673000	153.595001
0.674000	152.050995
0.675000	153.595001
0.676000	154.108994
0.677000	152.565994
0.678000	150.507996
0.679000	148.966003
0.680000	151.537003
0.681000	148.449997
0.682000	152.050995
0.683000	146.906998
0.684000	151.022995
0.685000	149.479996
0.686000	151.537003
0.687000	150.507996
0.688000	153.080994
0.689000	136.106003
0.690000	144.335999
0.691000	146.393005
0.692000	149.994003
0.693000	145.878998
0.694000	144.335999
0.695000	142.792007
0.696000	145.365005
0.697000	148.449997
0.698000	144.850006
0.699000	129.932007
0.700000	137.647995
0.701000	134.046997
0.702000	126.331001
0.703000	123.246002
0.704000	123.760002
0.705000	120.158997
0.706000	124.274002
0.707000	124.788002
0.708000	124.274002
0.709000	125.303001
0.710000	128.389008
0.711000	127.875000
0.712000	123.246002
0.713000	120.672997
0.714000	117.585999
0.715000	116.557999
0.716000	118.615997
0.717000	120.672997
0.718000	123.246002
0.719000	123.760002
0.720000	124.274002
0.721000	122.216003
0.722000	120.672997
0.723000	120.672997
0.724000	118.615997
0.725000	120.158997
0.726000	120.158997
0.727000	122.731003
0.728000	122.216003
0.729000	122.216003
0.730000	121.186996
0.731000	120.158997
0.732000	119.129997
0.733000	117.071999
0.734000	116.557999
0.735000	115.528999
0.736000	115.014999
0.737000	112.957001
0.738000	112.957001
0.739000	112.443001
0.740000	110.385002
0.741000	110.900002
0.742000	108.842003
0.743000	103.183998
0.744000	100.097000
0.745000	99.068100
0.746000	98.554001
0.747000	92.381599
0.748000	91.866402
0.749000	91.352303
0.750000	86.208099
0.751000	81.579102
0.752000	79.006500
0.753000	75.405701
0.754000	73.863297
0.755000	62.031601
0.756000	59.974098
0.757000	56.373299
0.758000	55.344002
0.759000	54.829899
0.760000	58.944901
0.761000	67.689903
0.762000	74.377403
0.763000	71.804802
0.764000	42.999199
0.765000	52.772499
0.766000	58.944901
0.767000	52.258400
0.768000	36.311699
0.769000	26.023300
0.770000	22.937599
0.771000	15.220800
0.772000	23.451700
0.773000	9.048430
0.774000	2.876030
0.775000	4.933490
0.776000	5.961700
0.777000	-4.840790
0.778000	-5.354890
0.779000	-4.840790
0.780000	-6.898250
0.781000	-5.868990
0.782000	-6.383100
0.783000	-4.325630
0.784000	-7.926460
0.785000	-4.325630
0.786000	-5.354890
0.787000	-5.354890
0.788000	-7.926460
0.789000	-5.354890
0.790000	-6.383100
0.791000	-5.354890
0.792000	-6.383100
0.793000	-5.354890
0.794000	-4.325630
0.795000	-4.840790
0.796000	-2.268160
0.797000	-2.782270
0.798000	-6.383100
0.799000	-4.325630
0.800000	-1.239960
0.801000	-5.354890
0.802000	-19.243000
0.803000	-0.210698
0.804000	-33.646400
0.805000	-6.383100
0.806000	-9.983920
0.807000	-1.239960
0.808000	1.332660
0.809000	10.591800
0.810000	0.303405
0.811000	-1.239960
0.812000	-2.782270
0.813000	-5.354890
0.814000	-7.412360
0.815000	-9.469820
0.816000	0.818562
0.817000	-1.239960
0.818000	14.706700
0.819000	14.706700
0.820000	13.163400
0.821000	1.332660
0.822000	-2.268160
0.823000	-4.840790
0.824000	-14.614000
0.825000	0.818562
0.826000	-3.297420
0.827000	-1.754060
0.828000	-1.239960
0.829000	0.303405
0.830000	-6.383100
0.831000	-5.354890
0.832000	-9.469820
0.833000	-5.354890
0.834000	-7.926460
0.835000	6.476860
0.836000	-12.556500
0.837000	7.505060
0.838000	-12.556500
0.839000	5.447600
0.840000	-4.840790
0.841000	-2.268160
0.842000	10.591800
0.843000	-1.239960
0.844000	3.904230
0.845000	-18.214800
0.846000	-35.189701
0.847000	-43.934700
0.848000	-0.724801
0.849000	-18.214800
0.850000	-15.642200
0.851000	-3.297420
0.852000	-10.499100
0.853000	-19.243000
0.854000	-17.185600
0.855000	-7.926460
0.856000	-5.354890
0.857000	15.220800
0.858000	15.736000
0.859000	13.678500
0.860000	-6.383100
0.861000	-2.782270
0.862000	-5.868990
0.863000	-8.441620
0.864000	-4.325630
0.865000	-28.502199
0.866000	-45.992199
0.867000	-31.074800
0.868000	-39.304699
0.869000	-18.728901
0.870000	13.163400
0.871000	22.937599
0.872000	26.538500
0.873000	15.220800
0.874000	52.258400
0.875000	-0.210698
0.876000	9.048430
0.877000	37.341000
0.878000	-27.988100
0.879000	14.706700
0.880000	-9.469820
0.881000	-29.017300
0.882000	-14.614000
0.883000	-22.843901
0.884000	-23.358999
0.885000	-44.448898
0.886000	-14.614000
0.887000	-3.811530
0.888000	-4.325630
0.889000	2.360870
0.890000	-13.584800
0.891000	7.505060
0.892000	18.307501
0.893000	-6.898250
0.894000	23.965799
0.895000	5.447600
0.896000	23.965799
0.897000	-36.733101
0.898000	-5.354890
0.899000	-36.219002
0.900000	-27.474001
0.901000	-26.444700
0.902000	-0.724801
0.903000	-22.329800
0.904000	-9.983920
0.905000	-18.214800
0.906000	-7.412360
0.907000	-22.843901
0.908000	5.961700
0.909000	1.846770
0.910000	10.077700
0.911000	11.620000
0.912000	21.908400
0.913000	36.825802
0.914000	23.451700
0.915000	-7.412360
0.916000	-18.728901
0.917000	-12.041400
0.918000	-19.758200
0.919000	-18.728901
0.920000	-13.070700
0.921000	-12.556500
0.922000	-34.161499
0.923000	-5.868990
0.924000	-4.325630
0.925000	-3.811530
0.926000	-5.868990
0.927000	0.818562
0.928000	12.649300
0.929000	14.192600
0.930000	12.649300
0.931000	-3.297420
0.932000	8.020220
0.933000	4.933490
0.934000	-8.441620
0.935000	-21.815701
0.936000	3.390130
0.937000	-9.983920
0.938000	-4.840790
0.939000	-12.556500
0.940000	0.303405
0.941000	-13.070700
0.942000	-14.614000
0.943000	-3.811530
0.944000	-4.325630
0.945000	-6.898250
0.946000	3.390130
0.947000	8.534320
0.948000	4.933490
0.949000	13.163400
0.950000	4.419390
0.951000	-0.724801
0.952000	-0.724801
0.953000	-4.840790
0.954000	-13.584800
0.955000	-14.614000
0.956000	-10.499100
0.957000	-14.099900
0.958000	-13.584800
0.959000	-16.157400
0.960000	-8.441620
0.961000	-23.358999
0.962000	-15.642200
0.963000	-18.728901
0.964000	-6.383100
0.965000	0.818562
0.966000	8.534320
0.967000	1.846770
0.968000	3.390130
0.969000	6.476860
0.970000	-2.782270
0.971000	-7.412360
0.972000	-5.354890
0.973000	-14.614000
0.974000	-15.128100
0.975000	-11.527300
0.976000	-6.898250
0.977000	-8.441620
0.978000	-7.412360
0.979000	1.846770
0.980000	-1.754060
0.981000	-1.239960
0.982000	-2.268160
0.983000	2.876030
0.984000	-1.754060
0.985000	8.020220
0.986000	0.303405
0.987000	3.904230
0.988000	-0.724801
0.989000	3.904230
0.990000	-3.811530
0.991000	-1.754060
0.992000	-8.441620
0.993000	-11.013200
0.994000	-16.157400
0.995000	-8.955720
0.996000	-16.157400
0.997000	-11.013200
0.998000	-7.412360
0.999000	-1.239960
1.000000	-3.811530
1.001000	0.818562
1.002000	-1.239960
1.003000	1.332660
1.004000	-3.297420
1.005000	-1.239960
1.006000	-2.782270
1.007000	-5.354890
1.008000	-5.354890
1.009000	-7.926460
1.010000	-4.325630
1.011000	-1.239960
1.012000	-3.297420
1.013000	-6.383100
1.014000	-7.926460
1.015000	-8.441620
1.016000	-8.955720
1.017000	-7.926460
1.018000	-7.926460
1.019000	-6.383100
1.020000	-5.868990
1.021000	-6.898250
1.022000	-4.840790
1.023000	-4.840790
1.024000	-3.297420
1.025000	-2.782270
1.026000	-2.782270
1.027000	-2.782270
1.028000	-7.412360
1.029000	-3.297420
1.030000	-1.754060
1.031000	-2.268160
1.032000	-3.297420
1.033000	-5.354890
1.034000	-7.926460
1.035000	-9.469820
1.036000	-11.527300
1.037000	-8.441620
1.038000	-10.499100
1.039000	-3.297420
1.040000	-1.754060
1.041000	4.933490
1.042000	8.020220
1.043000	8.534320
1.044000	2.876030
1.045000	0.303405
1.046000	-4.840790
1.047000	-11.527300
1.048000	-15.642200
1.049000	-11.013200
1.050000	-7.412360
1.051000	-4.325630
1.052000	-0.210698
1.053000	-2.268160
1.054000	-1.754060
1.055000	-1.754060
1.056000	1.846770
1.057000	-3.297420
1.058000	-3.297420
1.059000	-5.868990
1.060000	-9.983920
1.061000	-11.527300
1.062000	-8.955720
1.063000	-9.469820
1.064000	-7.412360
1.065000	-3.297420
1.066000	-4.325630
1.067000	-6.383100
1.068000	-2.782270
1.069000	-8.441620
1.070000	-11.013200
1.071000	-8.955720
1.072000	-6.383100
1.073000	-4.840790
1.074000	-3.811530
1.075000	-0.210698
1.076000	3.390130
1.077000	-0.210698
1.078000	-2.268160
1.079000	-7.412360
1.080000	-7.926460
1.081000	-10.499100
1.082000	-8.441620
1.083000	-5.354890
1.084000	-0.724801
1.085000	-2.268160
1.086000	0.818562
1.087000	-3.297420
1.088000	-4.840790
1.089000	-6.898250
1.090000	-6.383100
1.091000	-5.354890
1.092000	-3.297420
1.093000	-4.840790
1.094000	-7.412360
1.095000	-4.840790
1.096000	0.818562
1.097000	-0.210698
1.098000	-1.239960
1.099000	-2.268160
1.100000	-7.412360
1.101000	-11.013200
1.102000	-7.412360
1.103000	-5.868990
1.104000	-8.441620
1.105000	-3.297420
1.106000	-3.297420
1.107000	1.332660
1.108000	1.846770
1.109000	1.846770
1.110000	-4.325630
1.111000	-2.268160
1.112000	-6.383100
1.113000	-6.898250
1.114000	-8.441620
1.115000	-3.811530
1.116000	-3.811530
1.117000	-2.782270
1.118000	-1.754060
1.119000	-3.811530
1.120000	-2.268160
1.121000	-5.868990
1.122000	-6.383100
1.123000	-6.383100
1.124000	-5.868990
1.125000	-26.959900
1.126000	-37.247200
1.127000	-22.843901
1.128000	-23.358999
1.129000	-23.358999
1.130000	-26.959900
1.131000	-20.272301
1.132000	-11.013200
1.133000	-3.297420
1.134000	-3.811530
1.135000	-5.354890
1.136000	0.303405
1.137000	-3.297420
1.138000	-9.983920
1.139000	-5.868990
1.140000	-1.239960
1.141000	-8.441620
1.142000	-7.412360
1.143000	-0.724801
1.144000	-2.268160
1.145000	-7.926460
1.146000	-1.239960
1.147000	-0.210698
1.148000	-3.297420
1.149000	-4.840790
1.150000	-0.210698
1.151000	-3.811530
1.152000	-3.811530
1.153000	-4.325630
1.154000	-0.724801
1.155000	-4.840790
1.156000	-1.239960
1.157000	-4.325630
1.158000	-4.840790
1.159000	-6.898250
1.160000	-4.325630
1.161000	-6.383100
1.162000	-3.811530
1.163000	5.447600
1.164000	41.970001
1.165000	47.628300
1.166000	-86.115402
1.167000	-122.638000
1.168000	-49.078899
1.169000	-65.539703
1.170000	16.250099
1.171000	97.010597
1.172000	42.999199
1.173000	9.562530
1.174000	16.250099
1.175000	29.110001
1.176000	-38.790600
1.177000	-23.358999
1.178000	-55.765400
1.179000	-61.938900
1.180000	-27.988100
1.181000	49.685699
1.182000	-3.811530
1.183000	54.829899
1.184000	21.908400
1.185000	11.105900
1.186000	-14.614000
1.187000	-25.930599
1.188000	-62.452999
1.189000	-74.798798
1.190000	-40.333900
1.191000	-26.959900
1.192000	15.736000
1.193000	60.488201
1.194000	50.200901
1.195000	22.422501
1.196000	-12.041400
1.197000	-6.898250
1.198000	-37.762299
1.199000	-37.762299
1.200000	-35.189701
1.201000	-29.531401
1.202000	-18.728901
1.203000	0.818562
1.204000	22.422501
1.205000	22.422501
1.206000	28.595900
1.207000	4.933490
1.208000	-9.983920
1.209000	-18.214800
1.210000	-13.584800
1.211000	-17.700701
1.212000	-26.959900
1.213000	-21.815701
1.214000	-26.959900
1.215000	-88.172897
1.216000	26.023300
1.217000	147.421997
1.218000	-44.448898
1.219000	10.077700
1.220000	-23.873100
1.221000	-77.370399
1.222000	13.163400
1.223000	29.110001
1.224000	-11.527300
1.225000	-1.754060
1.226000	61.517502
1.227000	-7.412360
1.228000	-26.959900
1.229000	-13.584800
1.230000	2.876030
1.231000	-34.161499
1.232000	5.961700
1.233000	-42.391399
1.234000	-4.840790
1.235000	-33.132301
1.236000	20.880199
1.237000	-16.157400
1.238000	17.279301
1.239000	-9.983920
1.240000	2.360870
1.241000	-12.041400
1.242000	-7.412360
1.243000	-2.782270
1.244000	-23.358999
1.245000	-11.013200
1.246000	-15.642200
1.247000	5.447600
1.248000	-0.724801
1.249000	-1.239960
1.250000	-20.786400
1.251000	-5.868990
1.252000	-17.700701
1.253000	-9.469820
1.254000	-33.132301
1.255000	-9.469820
1.256000	-0.210698
1.257000	-4.325630
1.258000	-4.840790
1.259000	-8.441620
1.260000	-20.786400
1.261000	-48.049702
1.262000	-65.539703
1.263000	-71.197998
1.264000	-82.514603
1.265000	-73.769600
1.266000	-74.798798
1.267000	-121.094002
1.268000	-80.971199
1.269000	-41.363201
1.270000	-11.013200
1.271000	16.250099
1.272000	-22.843901
1.273000	7.505060
1.274000	-22.329800
1.275000	-1.239960
1.276000	-20.786400
1.277000	-6.383100
1.278000	-19.243000
1.279000	-8.441620
1.280000	-6.383100
1.281000	6.990960
1.282000	13.163400
1.283000	22.422501
1.284000	3.390130
1.285000	-3.297420
1.286000	-16.671499
1.287000	-16.157400
1.288000	-27.474001
1.289000	-22.329800
1.290000	-9.983920
1.291000	4.419390
1.292000	2.876030
1.293000	3.904230
1.294000	1.846770
1.295000	-3.811530
1.296000	-13.070700
1.297000	-19.758200
1.298000	-13.070700
1.299000	-9.469820
1.300000	-5.354890
1.301000	-5.354890
1.302000	-136.526993
1.303000	-202.369995
1.304000	-62.967098
1.305000	-70.168800
1.306000	-50.107101
1.307000	-51.650501
1.308000	2.360870
1.309000	21.908400
1.310000	5.447600
1.311000	12.649300
1.312000	-4.840790
1.313000	18.821699
1.314000	4.933490
1.315000	-1.754060
1.316000	-25.416500
1.317000	-33.132301
1.318000	-17.700701
1.319000	-5.868990
1.320000	14.706700
1.321000	10.077700
1.322000	22.422501
1.323000	1.332660
1.324000	6.990960
1.325000	1.846770
1.326000	-11.527300
1.327000	-27.474001
1.328000	-30.560699
1.329000	-19.758200
1.330000	-6.898250
1.331000	12.135200
1.332000	16.250099
1.333000	12.649300
1.334000	-87.658798
1.335000	-80.971199
1.336000	150.507996
1.337000	-98.461304
1.338000	-92.803001
1.339000	-28.502199
1.340000	-5.354890
1.341000	-1.754060
1.342000	57.402599
1.343000	-1.754060
1.344000	-11.527300
1.345000	58.944901
1.346000	21.908400
1.347000	-45.478100
1.348000	-29.531401
1.349000	-19.243000
1.350000	-36.733101
1.351000	-17.185600
1.352000	10.591800
1.353000	12.649300
1.354000	20.880199
1.355000	30.653400
1.356000	10.591800
1.357000	-0.210698
1.358000	-17.700701
1.359000	-39.304699
1.360000	12.649300
1.361000	-57.824001
1.362000	-3.811530
1.363000	-8.955720
1.364000	39.912498
1.365000	-2.268160
1.366000	44.027500
1.367000	-9.469820
1.368000	-25.416500
1.369000	-37.762299
1.370000	-31.074800
1.371000	-43.934700
1.372000	-25.416500
1.373000	-10.499100
1.374000	-7.926460
1.375000	11.105900
1.376000	22.422501
1.377000	18.821699
1.378000	2.360870
1.379000	-2.782270
1.380000	-19.758200
1.381000	-19.758200
1.382000	-21.301600
1.383000	-21.301600
1.384000	-16.671499
1.385000	4.419390
1.386000	37.341000
1.387000	8.534320
1.388000	26.538500
1.389000	-1.239960
1.390000	2.360870
1.391000	-31.074800
1.392000	2.876030
1.393000	-3.297420
1.394000	-7.412360
1.395000	-7.926460
1.396000	-0.210698
1.397000	-0.210698
1.398000	4.419390
1.399000	2.876030
1.400000	-4.325630
1.401000	-5.868990
1.402000	-19.243000
1.403000	-7.412360
1.404000	-20.786400
1.405000	-5.868990
1.406000	-12.041400
1.407000	-1.239960
1.408000	-3.297420
1.409000	3.390130
1.410000	-1.754060
1.411000	-4.325630
1.412000	-3.811530
1.413000	-6.383100
1.414000	-8.955720
1.415000	-20.786400
1.416000	-18.728901
1.417000	-29.531401
1.418000	-5.868990
1.419000	-3.811530
1.420000	3.904230
1.421000	4.419390
1.422000	8.534320
1.423000	-2.268160
1.424000	-11.013200
1.425000	-9.983920
1.426000	-9.469820
1.427000	-7.412360
1.428000	-3.297420
1.429000	-2.782270
1.430000	-2.782270
1.431000	-5.868990
1.432000	-7.412360
1.433000	-5.354890
1.434000	-3.297420
1.435000	-8.955720
1.436000	-34.675598
1.437000	-40.333900
1.438000	-12.556500
1.439000	-9.469820
1.440000	3.390130
1.441000	0.818562
1.442000	-3.297420
1.443000	-9.983920
1.444000	-9.469820
1.445000	-5.868990
1.446000	-7.926460
1.447000	-0.724801
1.448000	-1.754060
1.449000	-4.840790
1.450000	-2.782270
1.451000	-2.782270
1.452000	0.303405
1.453000	0.818562
1.454000	-1.754060
1.455000	-3.811530
1.456000	-2.268160
1.457000	-3.811530
1.458000	-2.782270
1.459000	-3.297420
1.460000	-0.724801
1.461000	-3.811530
1.462000	-5.868990
1.463000	-7.412360
1.464000	-7.926460
1.465000	-7.412360
1.466000	-5.354890
1.467000	-24.902399
1.468000	-16.157400
1.469000	-10.499100
1.470000	-12.041400
1.471000	-11.013200
1.472000	-7.412360
1.473000	-5.354890
1.474000	-2.782270
1.475000	-20.272301
1.476000	-37.247200
1.477000	-48.049702
1.478000	-42.391399
1.479000	-25.416500
1.480000	-26.959900
1.481000	-16.671499
1.482000	-5.868990
1.483000	1.332660
1.484000	3.390130
1.485000	6.476860
1.486000	5.961700
1.487000	-2.782270
1.488000	-5.868990
1.489000	-12.041400
1.490000	-15.642200
1.491000	-8.955720
1.492000	-4.325630
1.493000	-1.239960
1.494000	0.303405
1.495000	3.390130
1.496000	0.818562
1.497000	-2.268160
1.498000	-5.354890
1.499000	-9.983920
1.500000	-7.412360
1.501000	-12.041400
1.502000	-9.469820
1.503000	-8.441620
1.504000	-2.268160
1.505000	-1.239960
1.506000	-0.210698
1.507000	-1.754060
1.508000	-4.840790
1.509000	-6.898250
1.510000	-9.469820
1.511000	-8.441620
1.512000	-5.868990
1.513000	-3.297420
1.514000	-2.268160
1.515000	1.332660
1.516000	2.876030
1.517000	4.419390
1.518000	2.360870
1.519000	-2.268160
1.520000	-10.499100
1.521000	-11.527300
1.522000	-13.070700
1.523000	-9.983920
1.524000	-19.243000
1.525000	-24.902399
1.526000	-17.185600
1.527000	-17.185600
1.528000	-19.243000
1.529000	-16.671499
1.530000	-15.642200
1.531000	-13.070700
1.532000	-5.354890
1.533000	-0.210698
1.534000	0.303405
1.535000	-2.782270
1.536000	-55.251301
1.537000	-25.930599
1.538000	-17.700701
1.539000	-15.128100
1.540000	-13.584800
1.541000	-11.527300
1.542000	-12.556500
1.543000	-6.383100
1.544000	-5.354890
1.545000	-20.272301
1.546000	-25.930599
1.547000	-27.474001
1.548000	-29.017300
1.549000	-19.243000
1.550000	-21.815701
1.551000	-18.214800
1.552000	-13.584800
1.553000	-2.268160
1.554000	-1.754060
1.555000	1.846770
1.556000	-2.268160
1.557000	0.818562
1.558000	-5.354890
1.559000	-8.441620
1.560000	-17.185600
1.561000	-21.815701
1.562000	-47.535599
1.563000	-35.703800
1.564000	-29.017300
1.565000	-14.614000
1.566000	-14.614000
1.567000	34.768299
1.568000	-23.358999
1.569000	-17.700701
1.570000	-18.728901
1.571000	-5.354890
1.572000	-25.930599
1.573000	-1.239960
1.574000	-9.469820
1.575000	-19.758200
1.576000	-3.297420
1.577000	31.681601
1.578000	-4.840790
1.579000	-12.556500
1.580000	-13.584800
1.581000	-15.128100
1.582000	-12.556500
1.583000	-2.268160
1.584000	-6.383100
1.585000	-13.584800
1.586000	-35.703800
1.587000	-14.099900
1.588000	-14.614000
1.589000	-9.469820
1.590000	-15.642200
1.591000	-9.469820
1.592000	-12.556500
1.593000	2.876030
1.594000	-10.499100
1.595000	-2.782270
1.596000	-5.868990
1.597000	-8.441620
1.598000	-9.983920
1.599000	-3.811530
1.600000	-5.868990
1.601000	-9.469820
1.602000	-11.013200
1.603000	-12.556500
1.604000	-13.070700
1.605000	-7.926460
1.606000	-8.441620
1.607000	-6.898250
1.608000	-10.499100
1.609000	-8.955720
1.610000	-17.700701
1.611000	-20.272301
1.612000	-18.728901
1.613000	-15.642200
1.614000	-12.556500
1.615000	-11.527300
1.616000	-11.013200
1.617000	-8.441620
1.618000	-9.469820
1.619000	-3.297420
1.620000	-6.898250
1.621000	-6.898250
1.622000	-7.926460
1.623000	-7.926460
1.624000	-7.926460
1.625000	-4.325630
1.626000	-6.383100
1.627000	-7.926460
1.628000	-9.469820
1.629000	-9.469820
1.630000	-9.469820
1.631000	-8.441620
1.632000	-10.499100
1.633000	-9.983920
1.634000	-14.099900
1.635000	-12.041400
1.636000	-14.099900
1.637000	-7.412360
1.638000	-8.955720
1.639000	-6.383100
1.640000	-6.898250
1.641000	-7.412360
1.642000	-8.955720
1.643000	-9.983920
1.644000	-10.499100
1.645000	-12.041400
1.646000	-8.441620
1.647000	-8.441620
1.648000	-6.898250
1.649000	-7.926460
1.650000	-9.469820
1.651000	-11.013200
1.652000	-12.556500
1.653000	-12.556500
1.654000	-13.584800
1.655000	-14.099900
1.656000	-12.556500
1.657000	-9.983920
1.658000	-8.955720
1.659000	-7.412360
1.660000	-7.926460
1.661000	-8.955720
1.662000	-8.955720
1.663000	-10.499100
1.664000	-9.469820
1.665000	-10.499100
1.666000	-9.983920
1.667000	-10.499100
1.668000	-10.499100
1.669000	-7.926460
1.670000	-9.983920
1.671000	-8.441620
1.672000	-8.955720
1.673000	-9.469820
1.674000	-12.041400
1.675000	-12.556500
1.676000	-13.070700
1.677000	-12.041400
1.678000	-9.983920
1.679000	-7.926460
1.680000	-5.354890
1.681000	-5.868990
1.682000	-5.354890
1.683000	-6.383100
1.684000	-7.926460
1.685000	-8.441620
1.686000	-7.926460
1.687000	-8.441620
1.688000	-8.441620
1.689000	-8.955720
1.690000	-7.412360
1.691000	-6.898250
1.692000	-7.412360
1.693000	-9.469820
1.694000	-10.499100
1.695000	-12.556500
1.696000	-11.527300
1.697000	-12.556500
1.698000	-11.527300
1.699000	-12.556500
1.700000	-11.527300
1.701000	-12.041400
1.702000	-10.499100
1.703000	-7.926460
1.704000	-5.354890
1.705000	-6.898250
1.706000	-8.955720
1.707000	-12.041400
1.708000	-12.556500
1.709000	-13.584800
1.710000	-10.499100
1.711000	-10.499100
1.712000	-7.926460
1.713000	-7.412360
1.714000	-7.412360
1.715000	-7.926460
1.716000	-9.469820
1.717000	-10.499100
1.718000	-11.527300
1.719000	-12.041400
1.720000	-10.499100
1.721000	-10.499100
1.722000	-7.926460
1.723000	-6.383100
1.724000	-5.868990
1.725000	-6.383100
1.726000	-6.383100
1.727000	-7.412360
1.728000	-8.441620
1.729000	-9.469820
1.730000	-11.527300
1.731000	-12.556500
1.732000	-9.983920
1.733000	-9.469820
1.734000	-7.926460
1.735000	-7.412360
1.736000	-7.412360
1.737000	-7.926460
1.738000	-8.955720
1.739000	-11.527300
1.740000	-12.556500
1.741000	-12.041400
1.742000	-12.041400
1.743000	-8.955720
1.744000	-7.926460
1.745000	-6.383100
1.746000	-5.354890
1.747000	-5.354890
1.748000	-6.898250
1.749000	-7.926460
1.750000	-8.955720
1.751000	-8.955720
1.752000	-9.469820
1.753000	-9.983920
1.754000	-11.013200
1.755000	-9.469820
1.756000	-9.469820
1.757000	-9.469820
1.758000	-8.441620
1.759000	-7.926460
1.760000	-10.499100
1.761000	-11.527300
1.762000	-12.556500
1.763000	-12.041400
1.764000	-12.556500
1.765000	-11.013200
1.766000	-9.983920
1.767000	-7.926460
1.768000	-6.898250
1.769000	-6.898250
1.770000	-7.412360
1.771000	-9.983920
1.772000	-11.527300
1.773000	-12.556500
1.774000	-12.556500
1.775000	-12.041400
1.776000	-8.955720
1.777000	-8.955720
1.778000	-6.383100
1.779000	-7.926460
1.780000	-7.412360
1.781000	-8.441620
1.782000	-7.926460
1.783000	-11.013200
1.784000	-9.983920
1.785000	-8.955720
1.786000	-8.441620
1.787000	-6.383100
1.788000	-5.354890
1.789000	-5.354890
1.790000	-5.868990
1.791000	-6.383100
1.792000	-6.898250
1.793000	-8.441620
1.794000	-8.441620
1.795000	-11.013200
1.796000	-11.013200
1.797000	-10.499100
1.798000	-8.441620
1.799000	-8.441620
1.800000	-8.955720
1.801000	-8.955720
1.802000	-8.441620
1.803000	-9.983920
1.804000	-11.013200
1.805000	-11.013200
1.806000	-10.499100
1.807000	-9.469820
1.808000	-8.955720
1.809000	-7.926460
1.810000	-7.412360
1.811000	-7.412360
1.812000	-8.955720
1.813000	-8.441620
1.814000	-10.499100
1.815000	-9.983920
1.816000	-9.983920
1.817000	-11.013200
1.818000	-9.469820
1.819000	-11.013200
1.820000	-9.469820
1.821000	-10.499100
1.822000	-9.469820
1.823000	-9.983920
1.824000	-8.955720
1.825000	-9.983920
1.826000	-10.499100
1.827000	-11.013200
1.828000	-11.527300
1.829000	-11.527300
1.830000	-8.955720
1.831000	-8.441620
1.832000	-7.412360
1.833000	-8.955720
1.834000	-7.412360
1.835000	-8.441620
1.836000	-8.441620
1.837000	-10.499100
1.838000	-9.983920
1.839000	-11.013200
1.840000	-8.955720
1.841000	-8.441620
1.842000	-7.412360
1.843000	-8.441620
1.844000	-7.926460
1.845000	-9.469820
1.846000	-9.469820
1.847000	-8.955720
1.848000	-8.955720
1.849000	-8.441620
1.850000	-8.441620
1.851000	-7.412360
1.852000	-7.412360
1.853000	-6.383100
1.854000	-6.383100
1.855000	-8.441620
1.856000	-8.955720
1.857000	-9.469820
1.858000	-9.469820
1.859000	-9.983920
1.860000	-8.955720
1.861000	-9.469820
1.862000	-9.469820
1.863000	-8.955720
1.864000	-9.469820
1.865000	-9.983920
1.866000	-11.013200
1.867000	-10.499100
1.868000	-10.499100
1.869000	-10.499100
1.870000	-9.983920
1.871000	-8.441620
1.872000	-8.441620
1.873000	-9.983920
1.874000	-9.469820
1.875000	-9.983920
1.876000	-9.983920
1.877000	-10.499100
1.878000	-9.983920
1.879000	-9.469820
1.880000	-9.469820
1.881000	-9.469820
1.882000	-9.469820
1.883000	-10.499100
1.884000	-10.499100
1.885000	-9.983920
1.886000	-10.499100
1.887000	-9.469820
1.888000	-9.469820
1.889000	-9.469820
1.890000	-7.926460
1.891000	-9.469820
1.892000	-8.955720
1.893000	-9.983920
1.894000	-9.469820
1.895000	-8.441620
1.896000	-8.441620
1.897000	-7.926460
1.898000	-7.926460
1.899000	-8.441620
1.900000	-9.469820
1.901000	-10.499100
1.902000	-9.983920
1.903000	-9.469820
1.904000	-8.441620
1.905000	-8.441620
1.906000	-7.926460
1.907000	-8.441620
1.908000	-7.412360
1.909000	-7.926460
1.910000	-9.469820
1.911000	-9.469820
1.912000	-9.469820
1.913000	-9.469820
1.914000	-7.926460
1.915000	-6.898250
1.916000	-7.412360
1.917000	-8.441620
1.918000	-7.926460
1.919000	-8.955720
1.920000	-9.469820
1.921000	-10.499100
1.922000	-9.983920
1.923000	-10.499100
1.924000	-9.469820
1.925000	-8.955720
1.926000	-8.955720
1.927000	-10.499100
1.928000	-9.983920
1.929000	-11.013200
1.930000	-11.013200
1.931000	-10.499100
1.932000	-11.527300
1.933000	-10.499100
1.934000	-9.983920
1.935000	-8.441620
1.936000	-8.955720
1.937000	-8.441620
1.938000	-9.983920
1.939000	-9.983920
1.940000	-10.499100
1.941000	-9.983920
1.942000	-9.469820
1.943000	-9.469820
1.944000	-8.441620
1.945000	-8.441620
1.946000	-9.469820
1.947000	-8.955720
1.948000	-9.469820
1.949000	-10.499100
1.950000	-9.469820
1.951000	-8.441620
1.952000	-8.441620
1.953000	-7.412360
1.954000	-7.926460
1.955000	-7.926460
1.956000	-7.412360
1.957000	-8.441620
1.958000	-8.955720
1.959000	-8.441620
1.960000	-9.469820
1.961000	-8.955720
1.962000	-8.441620
1.963000	-8.441620
1.964000	-8.955720
1.965000	-9.469820
1.966000	-9.469820
1.967000	-9.983920
1.968000	-9.469820
1.969000	-9.983920
1.970000	-8.441620
1.971000	-8.441620
1.972000	-8.441620
1.973000	-8.955720
1.974000	-9.469820
1.975000	-8.441620
1.976000	-9.469820
1.977000	-9.469820
1.978000	-8.955720
1.979000	-8.441620
1.980000	-8.441620
1.981000	-7.926460
1.982000	-8.441620
1.983000	-9.983920
1.984000	-9.469820
1.985000	-10.499100
1.986000	-9.983920
1.987000	-9.983920
1.988000	-9.469820
1.989000	-9.469820
1.990000	-9.469820
1.991000	-9.469820
1.992000	-9.469820
1.993000	-11.013200
1.994000	-11.013200
1.995000	-10.499100
1.996000	-11.013200
1.997000	-9.983920
1.998000	-9.469820
1.999000	-8.955720
2.000000	-7.926460
2.001000	-8.955720
2.002000	-9.469820
2.003000	-9.983920
2.004000	-11.013200
2.005000	-10.499100
2.006000	-10.499100
2.007000	-8.955720
2.008000	-8.441620
2.009000	-7.412360
2.010000	-7.926460
2.011000	-7.926460
2.012000	-9.983920
2.013000	-8.955720
2.014000	-11.013200
2.015000	-8.441620
2.016000	-8.955720
2.017000	-7.412360
2.018000	-7.412360
2.019000	-6.898250
2.020000	-7.412360
2.021000	-7.412360
2.022000	-8.955720
2.023000	-9.469820
2.024000	-9.469820
2.025000	-9.983920
2.026000	-8.441620
2.027000	-8.441620
2.028000	-7.926460
2.029000	-8.441620
2.030000	-8.441620
2.031000	-9.469820
2.032000	-9.469820
2.033000	-10.499100
2.034000	-9.983920
2.035000	-9.469820
2.036000	-8.441620
2.037000	-9.469820
2.038000	-8.441620
2.039000	-9.469820
2.040000	-9.469820
2.041000	-9.469820
2.042000	-9.983920
2.043000	-9.983920
2.044000	-8.441620
2.045000	-9.469820
2.046000	-9.469820
2.047000	-9.983920
2.048000	-9.983920
2.049000	-10.499100
2.050000	-10.499100
2.051000	-10.499100
2.052000	-9.983920
2.053000	-8.441620
2.054000	-8.441620
2.055000	-8.441620
2.056000	-8.955720
2.057000	-10.499100
2.058000	-11.013200
2.059000	-9.983920
2.060000	-10.499100
2.061000	-8.955720
2.062000	-8.441620
2.063000	-7.926460
2.064000	-7.412360
2.065000	-7.926460
2.066000	-8.441620
2.067000	-9.983920
2.068000	-9.983920
2.069000	-9.983920
2.070000	-9.469820
2.071000	-8.955720
2.072000	-8.441620
2.073000	-6.898250
2.074000	-7.926460
2.075000	-7.412360
2.076000	-8.441620
2.077000	-9.469820
2.078000	-11.013200
2.079000	-9.983920
2.080000	-9.469820
2.081000	-8.441620
2.082000	-6.898250
2.083000	-7.412360
2.084000	-8.441620
2.085000	-9.983920
2.086000	-7.926460
2.087000	-8.441620
2.088000	-9.469820
2.089000	-9.469820
2.090000	-11.013200
2.091000	-8.955720
2.092000	-9.469820
2.093000	-7.412360
2.094000	-9.983920
2.095000	-9.983920
2.096000	-11.013200
2.097000	-10.499100
2.098000	-9.469820
2.099000	-8.955720
2.100000	-8.441620
2.101000	-10.499100
2.102000	-9.469820
2.103000	-9.469820
2.104000	-9.469820
2.105000	-8.955720
2.106000	-9.983920
2.107000	-9.469820
2.108000	-8.955720
2.109000	-8.441620
2.110000	-8.441620
2.111000	-9.469820
2.112000	-9.469820
2.113000	-8.955720
2.114000	-9.469820
2.115000	-9.983920
2.116000	-8.955720
2.117000	-8.955720
2.118000	-7.412360
2.119000	-9.469820
2.120000	-7.926460
2.121000	-9.469820
2.122000	-9.469820
2.123000	-9.983920
2.124000	-10.499100
2.125000	-9.469820
2.126000	-8.955720
2.127000	-8.441620
2.128000	-8.441620
2.129000	-8.441620
2.130000	-8.441620
2.131000	-9.983920
2.132000	-9.983920
2.133000	-10.499100
2.134000	-10.499100
2.135000	-8.441620
2.136000	-8.441620
2.137000	-7.412360
2.138000	-7.926460
2.139000	-7.412360
2.140000	-8.441620
2.141000	-10.499100
2.142000	-9.983920
2.143000	-11.013200
2.144000	-9.983920
2.145000	-9.469820
2.146000	-8.955720
2.147000	-7.412360
2.148000	-7.412360
2.149000	-9.469820
2.150000	-9.469820
2.151000	-10.499100
2.152000	-9.983920
2.153000	-9.983920
2.154000	-9.983920
2.155000	-9.469820
2.156000	-8.441620
2.157000	-7.926460
2.158000	-8.441620
2.159000	-8.955720
2.160000	-9.983920
2.161000	-10.499100
2.162000	-9.983920
2.163000	-9.469820
2.164000	-9.469820
2.165000	-8.441620
2.166000	-9.469820
2.167000	-8.955720
2.168000	-8.955720
2.169000	-9.469820
2.170000	-9.469820
2.171000	-9.983920
2.172000	-9.469820
2.173000	-9.469820
2.174000	-8.955720
2.175000	-9.469820
2.176000	-9.469820
2.177000	-9.469820
2.178000	-9.469820
2.179000	-9.983920
2.180000	-8.441620
2.181000	-8.955720
2.182000	-7.926460
2.183000	-7.926460
2.184000	-8.955720
2.185000	-8.955720
2.186000	-8.441620
2.187000	-9.983920
2.188000	-9.469820
2.189000	-8.955720
2.190000	-8.955720
2.191000	-9.469820
2.192000	-7.926460
2.193000	-7.926460
2.194000	-7.926460
2.195000	-8.441620
2.196000	-9.983920
2.197000	-10.499100
2.198000	-9.469820
2.199000	-9.983920
2.200000	-8.441620
2.201000	-7.926460
2.202000	-7.412360
2.203000	-8.441620
2.204000	-8.441620
2.205000	-9.469820
2.206000	-10.499100
2.207000	-10.499100
2.208000	-9.469820
2.209000	-9.983920
2.210000	-8.955720
2.211000	-8.955720
2.212000	-7.926460
2.213000	-7.926460
2.214000	-8.441620
2.215000	-9.983920
2.216000	-11.013200
2.217000	-10.499100
2.218000	-10.499100
2.219000	-9.469820
2.220000	-8.955720
2.221000	-7.926460
2.222000	-8.955720
2.223000	-8.441620
2.224000	-8.441620
2.225000	-8.441620
2.226000	-10.499100
2.227000	-9.469820
2.228000	-9.469820
2.229000	-8.955720
2.230000	-8.441620
2.231000	-8.441620
2.232000	-8.441620
2.233000	-9.469820
2.234000	-8.955720
2.235000	-8.955720
2.236000	-8.955720
2.237000	-8.955720
2.238000	-9.469820
2.239000	-8.441620
2.240000	-8.441620
2.241000	-8.441620
2.242000	-7.926460
2.243000	-9.469820
2.244000	-9.469820
2.245000	-9.469820
2.246000	-9.469820
2.247000	-9.469820
2.248000	-8.441620
2.249000	-8.955720
2.250000	-8.955720
2.251000	-9.469820
2.252000	-9.469820
2.253000	-9.983920
2.254000	-9.983920
2.255000	-8.441620
2.256000	-8.441620
2.257000	-8.441620
2.258000	-8.441620
2.259000	-9.469820
2.260000	-9.983920
2.261000	-10.499100
2.262000	-10.499100
2.263000	-9.983920
2.264000	-9.469820
2.265000	-7.926460
2.266000	-8.441620
2.267000	-8.441620
2.268000	-7.926460
2.269000	-8.441620
2.270000	-10.499100
2.271000	-11.013200
2.272000	-9.983920
2.273000	-9.469820
2.274000	-8.441620
2.275000	-7.412360
2.276000	-8.441620
2.277000	-8.441620
2.278000	-8.955720
2.279000	-7.926460
2.280000	-9.469820
2.281000	-9.469820
2.282000	-11.013200
2.283000	-9.469820
2.284000	-8.441620
2.285000	-7.926460
2.286000	-7.412360
2.287000	-8.441620
2.288000	-8.955720
2.289000	-8.955720
2.290000	-9.469820
2.291000	-9.469820
2.292000	-9.469820
2.293000	-9.469820
2.294000	-8.955720
2.295000	-8.441620
2.296000	-9.469820
2.297000	-8.955720
2.298000	-9.469820
2.299000	-8.955720
2.300000	-9.469820
2.301000	-9.469820
2.302000	-9.469820
2.303000	-8.441620
2.304000	-8.955720
2.305000	-8.441620
2.306000	-9.469820
2.307000	-8.441620
2.308000	-8.955720
2.309000	-8.441620
2.310000	-8.441620
2.311000	-8.955720
2.312000	-8.955720
2.313000	-8.955720
2.314000	-8.441620
2.315000	-8.955720
2.316000	-8.955720
2.317000	-9.983920
2.318000	-9.469820
2.319000	-8.955720
2.320000	-7.926460
2.321000	-8.955720
2.322000	-8.441620
2.323000	-8.441620
2.324000	-9.469820
2.325000	-10.499100
2.326000	-9.983920
2.327000	-9.983920
2.328000	-9.469820
2.329000	-8.955720
2.330000	-8.441620
2.331000	-8.441620
2.332000	-8.955720
2.333000	-7.926460
2.334000	-9.469820
2.335000	-9.983920
2.336000	-9.983920
2.337000	-9.983920
2.338000	-8.955720
2.339000	-7.926460
2.340000	-7.926460
2.341000	-7.926460
2.342000	-7.412360
2.343000	-8.955720
2.344000	-9.469820
2.345000	-10.499100
2.346000	-9.983920
2.347000	-9.469820
2.348000	-8.955720
2.349000	-8.955720
2.350000	-7.926460
2.351000	-8.441620
2.352000	-7.926460
2.353000	-7.926460
2.354000	-9.983920
2.355000	-9.983920
2.356000	-9.469820
2.357000	-8.955720
2.358000	-8.441620
2.359000	-8.441620
2.360000	-8.955720
2.361000	-9.469820
2.362000	-9.469820
2.363000	-9.983920
2.364000	-9.469820
2.365000	-9.469820
2.366000	-9.469820
2.367000	-9.469820
2.368000	-8.955720
2.369000	-7.926460
2.370000	-8.955720
2.371000	-8.441620
2.372000	-9.469820
2.373000	-9.469820
2.374000	-9.983920
2.375000	-9.469820
2.376000	-9.983920
2.377000	-8.955720
2.378000	-8.441620
2.379000	-9.983920
2.380000	-9.469820
2.381000	-9.469820
2.382000	-9.469820
2.383000	-8.955720
2.384000	-8.441620
2.385000	-8.955720
2.386000	-8.441620
2.387000	-8.441620
2.388000	-8.441620
2.389000	-9.469820
2.390000	-9.469820
2.391000	-9.983920
2.392000	-9.469820
2.393000	-8.955720
2.394000	-8.955720
2.395000	-8.441620
2.396000	-7.926460
2.397000	-8.441620
2.398000	-9.469820
2.399000	-9.469820
2.400000	-9.983920
2.401000	-9.469820
2.402000	-9.469820
2.403000	-8.441620
2.404000	-8.441620
2.405000	-8.441620
2.406000	-8.441620
2.407000	-8.441620
2.408000	-9.469820
2.409000	-9.469820
2.410000	-9.983920
2.411000	-9.983920
2.412000	-9.983920
2.413000	-8.441620
2.414000	-8.441620
2.415000	-7.412360
2.416000	-8.955720
2.417000	-8.441620
2.418000	-9.469820
2.419000	-9.469820
2.420000	-9.469820
2.421000	-10.499100
2.422000	-8.955720
2.423000	-8.441620
2.424000	-8.441620
2.425000	-8.441620
2.426000	-8.441620
2.427000	-10.499100
2.428000	-10.499100
2.429000	-10.499100
2.430000	-9.983920
2.431000	-9.469820
2.432000	-9.469820
2.433000	-9.469820
2.434000	-9.469820
2.435000	-9.469820
2.436000	-8.441620
2.437000	-7.926460
2.438000	-8.955720
2.439000	-9.983920
2.440000	-9.469820
2.441000	-8.955720
2.442000	-8.955720
2.443000	-8.441620
2.444000	-8.955720
2.445000	-8.441620
2.446000	-8.955720
2.447000	-8.441620
2.448000	-8.955720
2.449000	-8.955720
2.450000	-8.955720
2.451000	-8.955720
2.452000	-8.955720
2.453000	-9.469820
2.454000	-9.469820
2.455000	-9.983920
2.456000	-9.983920
2.457000	-9.469820
2.458000	-8.441620
2.459000	-7.926460
2.460000	-8.441620
2.461000	-7.926460
2.462000	-8.441620
2.463000	-9.469820
2.464000	-9.469820
2.465000	-9.983920
2.466000	-9.469820
2.467000	-8.955720
2.468000	-8.441620
2.469000	-8.955720
2.470000	-9.469820
2.471000	-8.955720
2.472000	-9.469820
2.473000	-9.469820
2.474000	-9.983920
2.475000	-9.469820
2.476000	-9.469820
2.477000	-8.441620
2.478000	-8.441620
2.479000	-7.926460
2.480000	-8.441620
2.481000	-8.441620
2.482000	-8.441620
2.483000	-9.983920
2.484000	-9.983920
2.485000	-9.469820
2.486000	-9.983920
2.487000	-8.955720
2.488000	-8.441620
2.489000	-8.441620
2.490000	-8.441620
2.491000	-8.441620
2.492000	-9.469820
2.493000	-9.983920
2.494000	-10.499100
2.495000	-9.469820
2.496000	-9.469820
2.497000	-9.469820
2.498000	-8.441620
2.499000	-8.441620
2.500000	-8.441620
2.501000	-8.441620
2.502000	-9.469820
2.503000	-8.955720
2.504000	-9.469820
2.505000	-9.469820
2.506000	-8.441620
2.507000	-8.441620
2.508000	-7.926460
2.509000	-8.441620
2.510000	-8.955720
2.511000	-9.469820
2.512000	-8.441620
2.513000	-9.469820
2.514000	-8.441620
2.515000	-9.469820
2.516000	-8.955720
2.517000	-9.469820
2.518000	-9.469820
2.519000	-8.955720
2.520000	-8.955720
2.521000	-8.955720
2.522000	-8.441620
2.523000	-8.441620
2.524000	-8.441620
2.525000	-8.441620
2.526000	-8.955720
2.527000	-9.469820
2.528000	-9.983920
2.529000	-9.469820
2.530000	-8.955720
2.531000	-9.469820
2.532000	-9.469820
2.533000	-8.441620
2.534000	-8.955720
2.535000	-8.955720
2.536000	-9.469820
2.537000	-9.469820
2.538000	-9.983920
2.539000	-9.469820
2.540000	-9.983920
2.541000	-8.441620
2.542000	-8.955720
2.543000	-8.441620
2.544000	-8.441620
2.545000	-8.955720
2.546000	-9.469820
2.547000	-9.469820
2.548000	-8.955720
2.549000	-9.983920
2.550000	-8.955720
2.551000	-8.955720
2.552000	-8.441620
2.553000	-8.955720
2.554000	-8.441620
2.555000	-8.955720
2.556000	-9.469820
2.557000	-9.469820
2.558000	-8.955720
2.559000	-9.469820
2.560000	-8.441620
2.561000	-8.955720
2.562000	-8.441620
2.563000	-8.441620
2.564000	-8.441620
2.565000	-8.955720
2.566000	-9.469820
2.567000	-9.469820
2.568000	-9.469820
2.569000	-9.469820
2.570000	-8.441620
2.571000	-8.955720
2.572000	-9.469820
2.573000	-8.441620
2.574000	-9.469820
2.575000	-9.469820
2.576000	-9.469820
2.577000	-9.469820
2.578000	-9.469820
2.579000	-9.469820
2.580000	-9.469820
2.581000	-8.955720
2.582000	-9.983920
2.583000	-9.983920
2.584000	-9.469820
2.585000	-8.955720
2.586000	-8.441620
2.587000	-9.469820
2.588000	-9.469820
2.589000	-8.441620
2.590000	-9.469820
2.591000	-9.469820
2.592000	-9.469820
2.593000	-9.469820
2.594000	-9.469820
2.595000	-9.983920
2.596000	-8.441620
2.597000	-8.441620
2.598000	-9.469820
2.599000	-8.955720
2.600000	-9.469820
2.601000	-8.955720
2.602000	-9.983920
2.603000	-8.441620
2.604000	-9.469820
2.605000	-7.926460
2.606000	-8.441620
2.607000	-8.441620
2.608000	-8.441620
2.609000	-8.955720
2.610000	-8.441620
2.611000	-9.469820
2.612000	-9.469820
2.613000	-9.983920
2.614000	-9.469820
2.615000	-8.441620
2.616000	-8.441620
2.617000	-8.955720
2.618000	-8.955720
2.619000	-8.955720
2.620000	-8.441620
2.621000	-9.983920
2.622000	-9.469820
2.623000	-9.469820
2.624000	-9.469820
2.625000	-8.955720
2.626000	-7.926460
2.627000	-8.955720
2.628000	-8.955720
2.629000	-9.469820
2.630000	-8.441620
2.631000	-8.955720
2.632000	-9.469820
2.633000	-9.983920
2.634000	-9.469820
2.635000	-9.469820
2.636000	-8.955720
2.637000	-8.955720
2.638000	-8.955720
2.639000	-9.469820
2.640000	-9.469820
2.641000	-8.955720
2.642000	-9.983920
2.643000	-8.955720
2.644000	-8.955720
2.645000	-9.983920
2.646000	-8.955720
2.647000	-8.955720
2.648000	-8.441620
2.649000	-8.955720
2.650000	-8.441620
2.651000	-8.955720
2.652000	-8.441620
2.653000	-8.955720
2.654000	-8.955720
2.655000	-9.469820
2.656000	-9.983920
2.657000	-8.955720
2.658000	-8.955720
2.659000	-8.441620
2.660000	-8.441620
2.661000	-9.469820
2.662000	-8.441620
2.663000	-9.469820
2.664000	-9.469820
2.665000	-8.441620
2.666000	-9.469820
2.667000	-9.469820
2.668000	-8.955720
2.669000	-8.955720
2.670000	-8.441620
2.671000	-8.441620
2.672000	-7.926460
2.673000	-8.441620
2.674000	-9.469820
2.675000	-8.955720
2.676000	-9.469820
2.677000	-9.469820
2.678000	-8.955720
2.679000	-9.469820
2.680000	-8.441620
2.681000	-8.441620
2.682000	-8.441620
2.683000	-8.955720
2.684000	-8.955720
2.685000	-9.469820
2.686000	-8.955720
2.687000	-9.469820
2.688000	-9.983920
2.689000	-8.955720
2.690000	-8.955720
2.691000	-8.441620
2.692000	-8.441620
2.693000	-8.955720
2.694000	-9.469820
2.695000	-9.983920
2.696000	-9.469820
2.697000	-10.499100
2.698000	-9.469820
2.699000	-8.955720
2.700000	-8.955720
2.701000	-8.441620
2.702000	-9.469820
2.703000	-8.441620
2.704000	-8.955720
2.705000	-9.469820
2.706000	-9.469820
2.707000	-9.469820
2.708000	-9.469820
2.709000	-8.441620
2.710000	-8.955720
2.711000	-8.441620
2.712000	-8.441620
2.713000	-8.441620
2.714000	-8.955720
2.715000	-8.955720
2.716000	-8.441620
2.717000	-8.955720
2.718000	-7.926460
2.719000	-8.441620
2.720000	-8.441620
2.721000	-9.469820
2.722000	-8.955720
2.723000	-9.983920
2.724000	-9.983920
2.725000	-11.013200
2.726000	-9.469820
2.727000	-8.955720
2.728000	-8.955720
2.729000	-7.926460
2.730000	-8.441620
2.731000	-8.955720
2.732000	-6.383100
2.733000	-7.926460
2.734000	-8.955720
2.735000	-8.441620
2.736000	-7.412360
2.737000	-8.441620
2.738000	-8.441620
2.739000	-9.983920
2.740000	-11.527300
2.741000	-12.041400
2.742000	-9.469820
2.743000	-9.983920
2.744000	-8.441620
2.745000	-7.926460
2.746000	-6.898250
2.747000	-7.926460
2.748000	-8.441620
2.749000	-9.469820
2.750000	-11.013200
2.751000	-11.013200
2.752000	-9.983920
2.753000	-9.469820
2.754000	-9.469820
2.755000	-8.441620
2.756000	-8.441620
2.757000	-7.926460
2.758000	-8.441620
2.759000	-6.898250
2.760000	-8.441620
2.761000	-7.412360
2.762000	-9.469820
2.763000	-9.983920
2.764000	-10.499100
2.765000	-9.469820
2.766000	-11.527300
2.767000	-10.499100
2.768000	-8.955720
2.769000	-8.955720
2.770000	-7.926460
2.771000	-8.441620
2.772000	-8.955720
2.773000	-7.412360
2.774000	-7.926460
2.775000	-8.441620
2.776000	-7.412360
2.777000	-9.983920
2.778000	-10.499100
2.779000	-9.983920
2.780000	-9.983920
2.781000	-10.499100
2.782000	-9.983920
2.783000	-9.469820
2.784000	-8.955720
2.785000	-8.955720
2.786000	-7.926460
2.787000	-7.412360
2.788000	-8.441620
2.789000	-7.926460
2.790000	-8.441620
2.791000	-8.955720
2.792000	-9.469820
2.793000	-9.983920
2.794000	-8.955720
2.795000	-8.955720
2.796000	-8.955720
2.797000	-8.955720
2.798000	-8.441620
2.799000	-7.926460
2.800000	-8.441620
2.801000	-9.469820
2.802000	-9.983920
2.803000	-9.469820
2.804000	-9.469820
2.805000	-8.441620
2.806000	-9.469820
2.807000	-8.441620
2.808000	-7.926460
2.809000	-7.412360
2.810000	-8.441620
2.811000	-9.469820
2.812000	-9.983920
2.813000	-9.469820
2.814000	-9.983920
2.815000	-9.469820
2.816000	-9.983920
2.817000	-9.469820
2.818000	-9.469820
2.819000	-8.441620
2.820000	-8.441620
2.821000	-8.441620
2.822000	-8.955720
2.823000	-9.983920
2.824000	-9.983920
2.825000	-9.469820
2.826000	-9.983920
2.827000	-10.499100
2.828000	-8.955720
2.829000	-8.441620
2.830000	-8.441620
2.831000	-7.412360
2.832000	-7.926460
2.833000	-7.926460
2.834000	-7.926460
2.835000	-8.441620
2.836000	-8.955720
2.837000	-9.469820
2.838000	-9.983920
2.839000	-10.499100
2.840000	-9.469820
2.841000	-8.441620
2.842000	-8.441620
2.843000	-8.955720
2.844000	-9.469820
2.845000	-9.469820
2.846000	-9.469820
2.847000	-9.469820
2.848000	-8.955720
2.849000	-9.469820
2.850000	-8.441620
2.851000	-8.441620
2.852000	-8.441620
2.853000	-8.441620
2.854000	-7.926460
2.855000	-8.441620
2.856000	-8.441620
2.857000	-9.469820
2.858000	-9.469820
2.859000	-9.469820
2.860000	-8.441620
2.861000	-9.469820
2.862000	-8.955720
2.863000	-8.441620
2.864000	-8.955720
2.865000	-8.955720
2.866000	-8.441620
2.867000	-9.983920
2.868000	-8.955720
2.869000	-9.469820
2.870000	-9.983920
2.871000	-8.955720
2.872000	-8.441620
2.873000	-9.469820
2.874000	-7.926460
2.875000	-7.926460
2.876000	-8.955720
2.877000	-8.955720
2.878000	-10.499100
2.879000	-9.469820
2.880000	-10.499100
2.881000	-9.469820
2.882000	-8.955720
2.883000	-9.469820
2.884000	-8.955720
2.885000	-8.441620
2.886000	-8.441620
2.887000	-8.441620
2.888000	-9.469820
2.889000	-8.955720
2.890000	-9.983920
2.891000	-9.469820
2.892000	-9.469820
2.893000	-9.469820
2.894000	-9.983920
2.895000	-9.983920
2.896000	-9.469820
2.897000	-7.926460
2.898000	-8.955720
2.899000	-8.955720
2.900000	-7.926460
2.901000	-9.469820
2.902000	-9.469820
2.903000	-9.983920
2.904000	-9.469820
2.905000	-9.469820
2.906000	-9.469820
2.907000	-9.469820
2.908000	-9.469820
2.909000	-8.441620
2.910000	-8.441620
2.911000	-9.469820
2.912000	-9.983920
2.913000	-9.469820
2.914000	-9.469820
2.915000	-8.441620
2.916000	-8.441620
2.917000	-8.441620
2.918000	-7.926460
2.919000	-7.926460
2.920000	-8.441620
2.921000	-9.469820
2.922000	-9.469820
2.923000	-9.983920
2.924000	-8.955720
2.925000	-8.441620
2.926000	-8.441620
2.927000	-8.955720
2.928000	-9.469820
2.929000	-8.955720
2.930000	-8.441620
2.931000	-8.955720
2.932000	-9.469820
2.933000	-9.469820
2.934000	-9.983920
2.935000	-8.955720
2.936000	-8.441620
2.937000	-8.441620
2.938000	-8.441620
2.939000	-7.926460
2.940000	-8.955720
2.941000	-8.955720
2.942000	-8.955720
2.943000	-9.983920
2.944000	-9.983920
2.945000	-9.469820
2.946000	-9.469820
2.947000	-9.469820
2.948000	-9.469820
2.949000	-9.469820
2.950000	-8.955720
2.951000	-8.955720
2.952000	-9.469820
2.953000	-8.955720
2.954000	-9.469820
2.955000	-8.955720
2.956000	-8.955720
2.957000	-8.441620
2.958000	-8.955720
2.959000	-8.955720
2.960000	-8.441620
2.961000	-9.469820
2.962000	-8.955720
2.963000	-9.469820
2.964000	-9.469820
2.965000	-9.469820
2.966000	-9.469820
2.967000	-9.469820
2.968000	-9.469820
2.969000	-8.955720
2.970000	-8.441620
2.971000	-8.441620
2.972000	-8.441620
2.973000	-9.469820
2.974000	-8.955720
2.975000	-8.441620
2.976000	-9.469820
2.977000	-9.469820
2.978000	-9.469820
2.979000	-8.955720
2.980000	-8.441620
2.981000	-8.441620
2.982000	-8.955720
2.983000	-8.441620
2.984000	-9.469820
2.985000	-9.983920
2.986000	-9.469820
2.987000	-9.469820
2.988000	-8.955720
2.989000	-8.955720
2.990000	-8.441620
2.991000	-8.441620
2.992000	-7.926460
2.993000	-8.955720
2.994000	-8.955720
2.995000	-9.469820
2.996000	-9.469820
2.997000	-8.955720
2.998000	-8.955720
2.999000	-8.955720
3.000000	-8.441620
3.001000	-8.955720
3.002000	-7.926460
3.003000	-8.441620
3.004000	-8.955720
3.005000	-9.469820
3.006000	-9.983920
3.007000	-9.469820
3.008000	-9.983920
3.009000	-8.955720
3.010000	-8.441620
3.011000	-8.441620
3.012000	-9.469820
3.013000	-8.955720
3.014000	-8.441620
3.015000	-9.469820
3.016000	-9.983920
3.017000	-9.469820
3.018000	-9.469820
3.019000	-9.469820
3.020000	-8.441620
3.021000	-8.955720
3.022000	-9.469820
3.023000	-8.441620
3.024000	-8.955720
3.025000	-8.955720
3.026000	-9.469820
3.027000	-9.469820
3.028000	-9.469820
3.029000	-9.469820
3.030000	-9.469820
3.031000	-8.955720
3.032000	-8.441620
3.033000	-9.469820
3.034000	-8.441620
3.035000	-8.441620
3.036000	-7.926460
3.037000	-8.955720
3.038000	-9.983920
3.039000	-9.469820
3.040000	-9.469820
3.041000	-9.983920
3.042000	-8.441620
3.043000	-8.441620
3.044000	-9.469820
3.045000	-8.955720
3.046000	-8.441620
3.047000	-8.441620
3.048000	-9.469820
3.049000	-9.469820
3.050000	-9.983920
3.051000	-8.955720
3.052000	-9.469820
3.053000	-8.955720
3.054000	-8.441620
3.055000	-8.441620
3.056000	-8.441620
3.057000	-8.955720
3.058000	-9.469820
3.059000	-8.441620
3.060000	-9.983920
3.061000	-10.499100
3.062000	-9.469820
3.063000	-9.469820
3.064000	-8.955720
3.065000	-8.955720
3.066000	-8.955720
3.067000	-9.469820
3.068000	-8.955720
3.069000	-8.955720
3.070000	-9.469820
3.071000	-9.983920
3.072000	-9.469820
3.073000	-8.441620
3.074000	-8.441620
3.075000	-7.926460
3.076000	-8.441620
3.077000	-8.441620
3.078000	-8.441620
3.079000	-9.469820
3.080000	-9.469820
3.081000	-9.469820
3.082000	-9.983920
3.083000	-9.469820
3.084000	-9.469820
3.085000	-8.441620
3.086000	-8.955720
3.087000	-8.441620
3.088000	-8.955720
3.089000	-8.955720
3.090000	-9.469820
3.091000	-8.955720
3.092000	-8.955720
3.093000	-8.441620
3.094000	-8.955720
3.095000	-9.469820
3.096000	-8.955720
3.097000	-8.441620
3.098000	-8.955720
3.099000	-8.955720
3.100000	-8.441620
3.101000	-8.441620
3.102000	-8.441620
3.103000	-9.469820
3.104000	-9.469820
3.105000	-9.469820
3.106000	-9.469820
3.107000	-8.441620
3.108000	-9.469820
3.109000	-8.955720
3.110000	-8.955720
3.111000	-9.469820
3.112000	-9.983920
3.113000	-8.955720
3.114000	-8.955720
3.115000	-9.469820
3.116000	-9.983920
3.117000	-9.469820
3.118000	-8.441620
3.119000	-8.955720
3.120000	-7.926460
3.121000	-8.441620
3.122000	-9.469820
3.123000	-8.955720
3.124000	-9.983920
3.125000	-9.469820
3.126000	-10.499100
3.127000	-9.469820
3.128000	-8.955720
3.129000	-9.469820
3.130000	-7.926460
3.131000	-8.441620
3.132000	-8.441620
3.133000	-8.955720
3.134000	-9.983920
3.135000	-9.983920
3.136000	-9.469820
3.137000	-9.469820
3.138000	-8.955720
3.139000	-9.469820
3.140000	-9.469820
3.141000	-8.441620
3.142000	-8.955720
3.143000	-8.955720
3.144000	-9.983920
3.145000	-10.499100
3.146000	-9.469820
3.147000	-8.955720
3.148000	-9.469820
3.149000	-9.469820
3.150000	-9.469820
3.151000	-8.441620
3.152000	-9.469820
3.153000	-9.469820
3.154000	-8.955720
3.155000	-8.955720
3.156000	-9.469820
3.157000	-8.441620
3.158000	-9.469820
3.159000	-8.955720
3.160000	-8.441620
3.161000	-8.955720
3.162000	-8.441620
3.163000	-8.441620
3.164000	-8.955720
3.165000	-9.469820
3.166000	-9.469820
3.167000	-9.983920
3.168000	-9.469820
3.169000	-8.955720
3.170000	-9.469820
3.171000	-9.469820
3.172000	-9.469820
3.173000	-8.955720
3.174000	-9.469820
3.175000	-8.955720
3.176000	-9.983920
3.177000	-9.469820
3.178000	-9.469820
3.179000	-8.955720
3.180000	-9.469820
3.181000	-8.441620
3.182000	-9.469820
3.183000	-8.441620
3.184000	-8.441620
3.185000	-8.441620
3.186000	-9.469820
3.187000	-9.469820
3.188000	-9.469820
3.189000	-9.469820
3.190000	-9.469820
3.191000	-8.955720
3.192000	-8.441620
3.193000	-9.469820
3.194000	-8.441620
3.195000	-7.926460
3.196000	-7.926460
3.197000	-8.441620
3.198000	-8.955720
3.199000	-9.469820
3.200000	-9.983920
3.201000	-8.441620
3.202000	-8.955720
3.203000	-7.926460
3.204000	-8.441620
3.205000	-8.441620
3.206000	-8.441620
3.207000	-8.955720
3.208000	-8.955720
3.209000	-10.499100
3.210000	-9.983920
3.211000	-9.469820
3.212000	-9.983920
3.213000	-8.441620
3.214000	-8.955720
3.215000	-8.955720
3.216000	-8.955720
3.217000	-9.469820
3.218000	-8.441620
3.219000	-9.983920
3.220000	-9.469820
3.221000	-9.469820
3.222000	-8.955720
3.223000	-8.441620
3.224000	-8.441620
3.225000	-9.469820
3.226000	-8.441620
3.227000	-8.955720
3.228000	-9.469820
3.229000	-8.955720
3.230000	-9.983920
3.231000	-9.469820
3.232000	-9.469820
3.233000	-9.983920
3.234000	-8.955720
3.235000	-9.469820
3.236000	-8.441620
3.237000	-8.441620
3.238000	-8.955720
3.239000	-8.441620
3.240000	-9.469820
3.241000	-9.983920
3.242000	-8.955720
3.243000	-9.469820
3.244000	-9.469820
3.245000	-9.469820
3.246000	-8.441620
3.247000	-8.441620
3.248000	-8.955720
3.249000	-8.441620
3.250000	-8.955720
3.251000	-8.441620
3.252000	-8.955720
3.253000	-9.469820
3.254000	-9.469820
3.255000	-9.469820
3.256000	-8.441620
3.257000	-8.441620
3.258000	-8.955720
3.259000	-8.441620
3.260000	-9.469820
3.261000	-9.469820
3.262000	-9.983920
3.263000	-8.955720
3.264000	-9.983920
3.265000	-8.441620
3.266000	-8.441620
3.267000	-8.441620
3.268000	-8.441620
3.269000	-8.955720
3.270000	-8.955720
3.271000	-9.983920
3.272000	-9.469820
3.273000	-9.983920
3.274000	-9.469820
3.275000	-9.983920
3.276000	-9.469820
3.277000	-8.955720
3.278000	-8.441620
3.279000	-8.441620
3.280000	-8.955720
3.281000	-8.955720
3.282000	-8.955720
3.283000	-9.983920
3.284000	-9.469820
3.285000	-8.955720
3.286000	-8.955720
3.287000	-8.441620
3.288000	-8.441620
3.289000	-8.441620
3.290000	-8.441620
3.291000	-8.441620
3.292000	-8.955720
3.293000	-9.469820
3.294000	-8.955720
3.295000	-9.469820
3.296000	-8.441620
3.297000	-8.955720
3.298000	-8.955720
3.299000	-9.469820
3.300000	-8.955720
3.301000	-8.955720
3.302000	-8.441620
3.303000	-8.441620
3.304000	-8.441620
3.305000	-8.955720
3.306000	-9.469820
3.307000	-8.955720
3.308000	-8.955720
3.309000	-9.469820
3.310000	-9.469820
3.311000	-8.441620
3.312000	-8.441620
3.313000	-8.955720
3.314000	-8.955720
3.315000	-8.955720
3.316000	-8.955720
3.317000	-9.469820
3.318000	-9.469820
3.319000	-9.469820
3.320000	-8.441620
3.321000	-8.441620
3.322000	-8.955720
3.323000	-8.441620
3.324000	-8.955720
3.325000	-8.955720
3.326000	-9.983920
3.327000	-10.499100
3.328000	-9.983920
3.329000	-8.441620
3.330000	-8.441620
3.331000	-8.955720
3.332000	-7.926460
3.333000	-8.955720
3.334000	-8.441620
3.335000	-9.469820
3.336000	-9.469820
3.337000	-9.469820
3.338000	-9.469820
3.339000	-9.469820
3.340000	-8.955720
3.341000	-8.441620
3.342000	-8.441620
3.343000	-8.441620
3.344000	-8.955720
3.345000	-8.955720
3.346000	-9.469820
3.347000	-9.469820
3.348000	-8.955720
3.349000	-8.955720
3.350000	-9.983920
3.351000	-9.469820
3.352000	-8.441620
3.353000	-9.469820
3.354000	-8.955720
3.355000	-8.955720
3.356000	-9.469820
3.357000	-9.469820
3.358000	-8.955720
3.359000	-9.469820
3.360000	-9.469820
3.361000	-9.469820
3.362000	-9.469820
3.363000	-7.926460
3.364000	-8.955720
3.365000	-8.955720
3.366000	-8.955720
3.367000	-9.469820
3.368000	-8.441620
3.369000	-8.441620
3.370000	-8.441620
3.371000	-8.441620
3.372000	-9.469820
3.373000	-9.469820
3.374000	-9.469820
3.375000	-8.441620
3.376000	-9.469820
3.377000	-9.469820
3.378000	-9.469820
3.379000	-8.955720
3.380000	-9.983920
3.381000	-8.955720
3.382000	-9.983920
3.383000	-9.469820
3.384000	-9.983920
3.385000	-8.441620
3.386000	-9.469820
3.387000	-8.955720
3.388000	-8.955720
3.389000	-9.469820
3.390000	-9.469820
3.391000	-9.983920
3.392000	-9.469820
3.393000	-9.469820
3.394000	-8.441620
3.395000	-9.469820
3.396000	-8.441620
3.397000	-8.441620
3.398000	-8.955720
3.399000	-8.955720
3.400000	-9.983920
3.401000	-9.469820
3.402000	-8.955720
3.403000	-8.955720
3.404000	-9.469820
3.405000	-8.955720
3.406000	-8.955720
3.407000	-7.926460
3.408000	-7.926460
3.409000	-8.441620
3.410000	-8.955720
3.411000	-9.469820
3.412000	-8.441620
3.413000	-9.469820
3.414000	-9.469820
3.415000	-8.955720
3.416000	-8.441620
3.417000	-8.441620
3.418000	-8.441620
3.419000	-8.441620
3.420000	-8.955720
3.421000	-8.955720
3.422000	-9.469820
3.423000	-9.469820
3.424000	-9.469820
3.425000	-9.469820
3.426000	-8.441620
3.427000	-8.441620
3.428000	-8.955720
3.429000	-9.469820
3.430000	-8.441620
3.431000	-8.441620
3.432000	-8.955720
3.433000	-9.469820
3.434000	-9.469820
3.435000	-8.441620
3.436000	-9.469820
3.437000	-8.441620
3.438000	-8.955720
3.439000	-8.441620
3.440000	-8.955720
3.441000	-8.955720
3.442000	-8.955720
3.443000	-9.983920
3.444000	-8.955720
3.445000	-9.983920
3.446000	-8.441620
3.447000	-8.955720
3.448000	-7.926460
3.449000	-8.955720
3.450000	-8.955720
3.451000	-8.441620
3.452000	-8.441620
3.453000	-8.441620
3.454000	-9.983920
3.455000	-9.469820
3.456000	-8.441620
3.457000	-9.983920
3.458000	-8.955720
3.459000	-8.441620
3.460000	-8.441620
3.461000	-9.469820
3.462000	-9.469820
3.463000	-9.983920
3.464000	-9.469820
3.465000	-9.469820
3.466000	-9.983920
3.467000	-8.955720
3.468000	-9.469820
3.469000	-7.926460
3.470000	-8.441620
3.471000	-8.441620
3.472000	-8.955720
3.473000	-9.469820
3.474000	-8.441620
3.475000	-9.469820
3.476000	-9.469820
3.477000	-9.469820
3.478000	-9.469820
3.479000	-8.955720
3.480000	-8.955720
3.481000	-8.441620
3.482000	-9.469820
3.483000	-8.441620
3.484000	-8.955720
3.485000	-9.469820
3.486000	-10.499100
3.487000	-8.955720
3.488000	-9.469820
3.489000	-8.955720
3.490000	-8.441620
3.491000	-8.955720
3.492000	-9.469820
3.493000	-8.955720
3.494000	-9.469820
3.495000	-9.983920
3.496000	-9.469820
3.497000	-9.469820
3.498000	-9.469820
3.499000	-8.955720
3.500000	-9.983920
3.501000	-9.469820
3.502000	-8.441620
3.503000	-8.441620
3.504000	-8.441620
3.505000	-8.441620
3.506000	-9.469820
3.507000	-8.441620
3.508000	-9.469820
3.509000	-9.469820
3.510000	-9.983920
3.511000	-8.955720
3.512000	-9.469820
3.513000	-9.469820
3.514000	-8.441620
3.515000	-8.441620
3.516000	-9.469820
3.517000	-9.469820
3.518000	-9.469820
3.519000	-9.469820
3.520000	-8.955720
3.521000	-9.983920
3.522000	-9.469820
3.523000	-8.955720
3.524000	-8.441620
3.525000	-8.955720
3.526000	-8.955720
3.527000	-9.469820
3.528000	-9.469820
3.529000	-9.469820
3.530000	-9.469820
3.531000	-8.955720
3.532000	-8.441620
3.533000	-8.955720
3.534000	-9.469820
3.535000	-8.441620
3.536000	-8.955720
3.537000	-8.441620
3.538000	-9.469820
3.539000	-9.469820
3.540000	-8.955720
3.541000	-9.469820
3.542000	-8.955720
3.543000	-9.469820
3.544000	-9.983920
3.545000	-9.469820
3.546000	-8.441620
3.547000	-9.469820
3.548000	-8.955720
3.549000	-9.469820
3.550000	-9.469820
3.551000	-8.441620
3.552000	-9.469820
3.553000	-8.955720
3.554000	-8.955720
3.555000	-8.955720
3.556000	-8.955720
3.557000	-8.441620
3.558000	-8.441620
3.559000	-9.469820
3.560000	-9.469820
3.561000	-9.469820
3.562000	-9.469820
3.563000	-9.469820
3.564000	-8.955720
3.565000	-8.955720
3.566000	-8.441620
3.567000	-8.955720
3.568000	-9.469820
3.569000	-8.441620
3.570000	-8.955720
3.571000	-8.955720
3.572000	-10.499100
3.573000	-9.469820
3.574000	-8.955720
3.575000	-8.441620
3.576000	-8.955720
3.577000	-8.955720
3.578000	-9.469820
3.579000	-8.955720
3.580000	-9.469820
3.581000	-8.955720
3.582000	-9.469820
3.583000	-9.983920
3.584000	-9.469820
3.585000	-9.469820
3.586000	-8.441620
3.587000	-9.469820
3.588000	-8.441620
3.589000	-8.441620
3.590000	-8.955720
3.591000	-8.955720
3.592000	-9.469820
3.593000	-8.955720
3.594000	-8.441620
3.595000	-9.469820
3.596000	-8.441620
3.597000	-8.441620
3.598000	-8.441620
3.599000	-8.955720
3.600000	-9.469820
3.601000	-8.955720
3.602000	-9.469820
3.603000	-9.469820
3.604000	-9.469820
3.605000	-8.955720
3.606000	-8.441620
3.607000	-8.955720
3.608000	-8.441620
3.609000	-8.441620
3.610000	-8.441620
3.611000	-9.983920
3.612000	-8.955720
3.613000	-9.469820
3.614000	-9.469820
3.615000	-9.983920
3.616000	-8.955720
3.617000	-9.469820
3.618000	-8.441620
3.619000	-7.926460
3.620000	-8.441620
3.621000	-8.441620
3.622000	-8.955720
3.623000	-8.955720
3.624000	-8.955720
3.625000	-9.469820
3.626000	-9.469820
3.627000	-9.469820
3.628000	-9.469820
3.629000	-8.441620
3.630000	-8.955720
3.631000	-8.441620
3.632000	-8.441620
3.633000	-8.955720
3.634000	-9.469820
3.635000	-9.469820
3.636000	-9.469820
3.637000	-9.469820
3.638000	-9.469820
3.639000	-8.441620
3.640000	-8.441620
3.641000	-8.441620
3.642000	-8.441620
3.643000	-9.469820
3.644000	-9.469820
3.645000	-9.983920
3.646000	-8.955720
3.647000	-9.469820
3.648000	-8.955720
3.649000	-9.983920
3.650000	-9.469820
3.651000	-9.469820
3.652000	-9.469820
3.653000	-8.441620
3.654000	-8.955720
3.655000	-9.469820
3.656000	-9.983920
3.657000	-8.955720
3.658000	-8.441620
3.659000	-9.983920
3.660000	-8.955720
3.661000	-9.469820
3.662000	-8.441620
3.663000	-8.441620
3.664000	-8.955720
3.665000	-9.469820
3.666000	-9.469820
3.667000	-9.983920
3.668000	-9.983920
3.669000	-9.469820
3.670000	-8.955720
3.671000	-8.955720
3.672000	-9.469820
3.673000	-8.441620
3.674000	-8.441620
3.675000	-7.926460
3.676000	-9.469820
3.677000	-8.955720
3.678000	-8.955720
3.679000	-8.955720
3.680000	-9.469820
3.681000	-9.469820
3.682000	-9.469820
3.683000	-8.441620
3.684000	-8.441620
3.685000	-8.441620
3.686000	-8.955720
3.687000	-8.955720
3.688000	-8.955720
3.689000	-9.469820
3.690000	-8.955720
3.691000	-8.955720
3.692000	-8.955720
3.693000	-8.441620
3.694000	-8.441620
3.695000	-8.955720
3.696000	-8.955720
3.697000	-9.469820
3.698000	-8.441620
3.699000	-8.441620
3.700000	-9.469820
3.701000	-9.469820
3.702000	-9.469820
3.703000	-8.955720
3.704000	-8.955720
3.705000	-8.955720
3.706000	-9.469820
3.707000	-9.469820
3.708000	-9.469820
3.709000	-9.469820
3.710000	-9.469820
3.711000	-9.469820
3.712000	-8.955720
3.713000	-8.955720
3.714000	-8.441620
3.715000	-8.441620
3.716000	-8.955720
3.717000	-8.441620
3.718000	-9.469820
3.719000	-8.955720
3.720000	-9.469820
3.721000	-9.469820
3.722000	-8.441620
3.723000	-8.955720
3.724000	-8.955720
3.725000	-8.955720
3.726000	-8.955720
3.727000	-8.441620
3.728000	-8.441620
3.729000	-9.469820
3.730000	-8.955720
3.731000	-8.955720
3.732000	-8.441620
3.733000	-9.469820
3.734000	-8.441620
3.735000	-8.955720
3.736000	-8.955720
3.737000	-8.955720
3.738000	-8.441620
3.739000	-9.469820
3.740000	-9.469820
3.741000	-9.469820
3.742000	-9.469820
3.743000	-8.955720
3.744000	-9.983920
3.745000	-8.955720
3.746000	-8.955720
3.747000	-8.441620
3.748000	-9.469820
3.749000	-8.441620
3.750000	-9.469820
3.751000	-8.441620
3.752000	-8.441620
3.753000	-8.955720
3.754000	-8.955720
3.755000	-9.983920
3.756000	-8.955720
3.757000	-8.955720
3.758000	-9.469820
3.759000	-8.441620
3.760000	-8.955720
3.761000	-9.469820
3.762000	-8.955720
3.763000	-8.955720
3.764000	-8.955720
3.765000	-9.469820
3.766000	-9.469820
3.767000	-8.955720
3.768000	-8.955720
3.769000	-9.469820
3.770000	-7.926460
3.771000	-9.469820
3.772000	-8.955720
3.773000	-9.469820
3.774000	-9.469820
3.775000	-9.469820
3.776000	-9.469820
3.777000	-9.983920
3.778000	-8.955720
3.779000	-8.955720
3.780000	-8.955720
3.781000	-9.469820
3.782000	-8.441620
3.783000	-8.955720
3.784000	-8.441620
3.785000	-9.469820
3.786000	-9.469820
3.787000	-8.441620
3.788000	-8.441620
3.789000	-8.955720
3.790000	-8.955720
3.791000	-8.955720
3.792000	-8.955720
3.793000	-8.955720
3.794000	-9.469820
3.795000	-9.983920
3.796000	-9.469820
3.797000	-8.441620
3.798000	-8.441620
3.799000	-9.469820
3.800000	-8.441620
3.801000	-8.441620
3.802000	-8.441620
3.803000	-8.955720
3.804000	-9.469820
3.805000	-9.469820
3.806000	-9.469820
3.807000	-8.955720
3.808000	-8.955720
3.809000	-9.469820
3.810000	-8.441620
3.811000	-8.955720
3.812000	-8.441620
3.813000	-8.441620
3.814000	-8.441620
3.815000	-9.469820
3.816000	-9.469820
3.817000	-8.955720
3.818000	-8.955720
3.819000	-9.469820
3.820000	-9.469820
3.821000	-9.469820
3.822000	-8.955720
3.823000	-8.955720
3.824000	-8.955720
3.825000	-9.469820
3.826000	-9.469820
3.827000	-9.469820
3.828000	-9.983920
3.829000	-9.983920
3.830000	-9.469820
3.831000	-9.469820
3.832000	-8.955720
3.833000	-8.955720
3.834000	-8.441620
3.835000	-8.441620
3.836000	-9.469820
3.837000	-8.955720
3.838000	-8.955720
3.839000	-9.469820
3.840000	-9.469820
3.841000	-8.955720
3.842000	-8.441620
3.843000	-8.955720
3.844000	-8.955720
3.845000	-8.441620
3.846000	-8.441620
3.847000	-8.441620
3.848000	-9.469820
3.849000	-9.469820
3.850000	-9.469820
3.851000	-8.955720
3.852000	-8.441620
3.853000	-7.926460
3.854000	-9.469820
3.855000	-9.469820
3.856000	-8.955720
3.857000	-8.955720
3.858000	-8.955720
3.859000	-9.469820
3.860000	-8.955720
3.861000	-9.469820
3.862000	-8.955720
3.863000	-8.955720
3.864000	-8.441620
3.865000	-8.441620
3.866000	-8.955720
3.867000	-9.469820
3.868000	-8.955720
3.869000	-9.469820
3.870000	-9.469820
3.871000	-9.469820
3.872000	-9.469820
3.873000	-9.983920
3.874000	-9.469820
3.875000	-9.469820
3.876000	-8.441620
3.877000	-8.441620
3.878000	-9.469820
3.879000	-9.469820
3.880000	-8.955720
3.881000	-8.955720
3.882000	-9.469820
3.883000	-9.469820
3.884000	-9.469820
3.885000	-8.441620
3.886000	-8.955720
3.887000	-9.469820
3.888000	-9.983920
3.889000	-9.469820
3.890000	-8.955720
3.891000	-9.469820
3.892000	-9.469820
3.893000	-9.469820
3.894000	-8.955720
3.895000	-8.955720
3.896000	-8.441620
3.897000	-9.469820
3.898000	-8.441620
3.899000	-8.955720
3.900000	-8.955720
3.901000	-8.955720
3.902000	-8.955720
3.903000	-9.469820
3.904000	-8.955720
3.905000	-8.441620
3.906000	-8.955720
3.907000	-9.469820
3.908000	-8.441620
3.909000	-9.469820
3.910000	-8.955720
3.911000	-9.469820
3.912000	-9.469820
3.913000	-9.469820
3.914000	-8.955720
3.915000	-9.469820
3.916000	-9.469820
3.917000	-9.469820
3.918000	-8.955720
3.919000	-8.441620
3.920000	-9.469820
3.921000	-8.955720
3.922000	-9.469820
3.923000	-9.469820
3.924000	-8.955720
3.925000	-8.955720
3.926000	-9.469820
3.927000	-8.955720
3.928000	-8.955720
3.929000	-8.955720
3.930000	-8.441620
3.931000	-8.955720
3.932000	-9.469820
3.933000	-9.983920
3.934000	-8.955720
3.935000	-9.983920
3.936000	-9.469820
3.937000	-8.955720
3.938000	-8.955720
3.939000	-9.469820
3.940000	-9.469820
3.941000	-8.955720
3.942000	-9.469820
3.943000	-9.469820
3.944000	-9.469820
3.945000	-9.469820
3.946000	-9.469820
3.947000	-8.441620
3.948000	-8.441620
3.949000	-8.955720
3.950000	-8.955720
3.951000	-8.955720
3.952000	-8.441620
3.953000	-7.926460
3.954000	-9.469820
3.955000	-8.955720
3.956000	-9.469820
3.957000	-8.955720
3.958000	-9.469820
3.959000	-8.955720
3.960000	-8.441620
3.961000	-8.441620
3.962000	-8.441620
3.963000	-8.441620
3.964000	-9.469820
3.965000	-9.469820
3.966000	-9.469820
3.967000	-8.441620
3.968000	-9.469820
3.969000	-8.441620
3.970000	-8.441620
3.971000	-8.441620
3.972000	-8.955720
3.973000	-8.955720
3.974000	-8.441620
3.975000	-9.983920
3.976000	-8.955720
3.977000	-9.469820
3.978000	-9.469820
3.979000	-9.469820
3.980000	-9.469820
3.981000	-8.955720
3.982000	-8.955720
3.983000	-9.469820
3.984000	-8.441620
3.985000	-8.955720
3.986000	-8.441620
3.987000	-9.983920
3.988000	-9.469820
3.989000	-8.955720
3.990000	-9.469820
3.991000	-8.955720
3.992000	-8.955720
3.993000	-9.469820
3.994000	-8.955720
3.995000	-8.955720
3.996000	-8.955720
3.997000	-9.469820
3.998000	-8.955720
3.999000	-8.955720
4.000000	-8.955720
4.001000	-8.955720
4.002000	-8.955720
4.003000	-8.441620
4.004000	-8.955720
4.005000	-9.469820
4.006000	-8.955720
4.007000	-8.955720
4.008000	-9.469820
4.009000	-9.983920
4.010000	-9.983920
4.011000	-9.469820
4.012000	-8.955720
4.013000	-8.441620
4.014000	-8.955720
4.015000	-8.441620
4.016000	-8.955720
4.017000	-8.955720
4.018000	-8.955720
4.019000	-9.469820
4.020000	-9.469820
4.021000	-9.983920
4.022000	-9.469820
4.023000	-9.469820
4.024000	-9.469820
4.025000	-9.469820
4.026000	-8.441620
4.027000	-8.955720
4.028000	-9.469820
4.029000	-9.983920
4.030000	-9.469820
4.031000	-9.469820
4.032000	-9.469820
4.033000	-9.469820
4.034000	-8.955720
4.035000	-8.441620
4.036000	-8.955720
4.037000	-8.955720
4.038000	-9.469820
4.039000	-9.469820
4.040000	-9.469820
4.041000	-9.469820
4.042000	-9.469820
4.043000	-9.469820
4.044000	-9.469820
4.045000	-9.469820
4.046000	-9.469820
4.047000	-8.441620
4.048000	-9.469820
4.049000	-8.441620
4.050000	-8.955720
4.051000	-8.955720
4.052000	-9.469820
4.053000	-9.469820
4.054000	-9.469820
4.055000	-8.955720
4.056000	-9.469820
4.057000	-8.441620
4.058000	-8.441620
4.059000	-9.469820
4.060000	-9.469820
4.061000	-9.469820
4.062000	-9.983920
4.063000	-9.469820
4.064000	-8.955720
4.065000	-8.441620
4.066000	-8.955720
4.067000	-8.441620
4.068000	-8.441620
4.069000	-9.469820
4.070000	-8.955720
4.071000	-8.955720
4.072000	-9.469820
4.073000	-9.469820
4.074000	-8.441620
4.075000	-9.469820
4.076000	-9.469820
4.077000	-8.955720
4.078000	-8.955720
4.079000	-8.441620
4.080000	-8.441620
4.081000	-8.955720
4.082000	-8.955720
4.083000	-9.469820
4.084000	-9.469820
4.085000	-9.469820
4.086000	-8.955720
4.087000	-8.955720
4.088000	-9.469820
4.089000	-8.955720
4.090000	-8.955720
4.091000	-9.469820
4.092000	-9.469820
4.093000	-9.469820
4.094000	-9.469820
4.095000	-9.469820
4.096000	-9.469820
4.097000	-8.955720
4.098000	-9.469820
4.099000	-8.955720
4.100000	-8.441620
4.101000	-8.955720
4.102000	-8.955720
4.103000	-9.469820
4.104000	-8.955720
4.105000	-9.983920
4.106000	-8.955720
4.107000	-9.983920
4.108000	-9.469820
4.109000	-8.441620
4.110000	-8.955720
4.111000	-9.469820
4.112000	-8.955720
4.113000	-9.469820
4.114000	-8.955720
4.115000	-8.955720
4.116000	-9.469820
4.117000	-9.983920
4.118000	-9.469820
4.119000	-8.955720
4.120000	-8.955720
4.121000	-8.441620
4.122000	-8.441620
4.123000	-9.469820
4.124000	-9.469820
4.125000	-9.469820
4.126000	-9.469820
4.127000	-8.441620
4.128000	-9.469820
4.129000	-8.955720
4.130000	-8.955720
4.131000	-8.441620
4.132000	-9.469820
4.133000	-9.469820
4.134000	-9.469820
4.135000	-8.955720
4.136000	-9.469820
4.137000	-9.469820
4.138000	-9.469820
4.139000	-9.469820
4.140000	-9.469820
4.141000	-8.441620
4.142000	-8.955720
4.143000	-9.469820
4.144000	-8.441620
4.145000	-9.469820
4.146000	-9.469820
4.147000	-8.955720
4.148000	-9.469820
4.149000	-9.469820
4.150000	-9.469820
4.151000	-9.469820
4.152000	-8.441620
4.153000	-8.955720
4.154000	-8.955720
4.155000	-9.469820
4.156000	-8.955720
4.157000	-8.441620
4.158000	-8.955720
4.159000	-9.469820
4.160000	-8.441620
4.161000	-9.469820
4.162000	-9.469820
4.163000	-9.469820
4.164000	-8.441620
4.165000	-8.441620
4.166000	-8.955720
4.167000	-8.955720
4.168000	-8.955720
4.169000	-9.469820
4.170000	-9.469820
4.171000	-9.469820
4.172000	-8.955720
4.173000	-8.955720
4.174000	-8.955720
4.175000	-8.441620
4.176000	-9.469820
4.177000	-8.955720
4.178000	-9.983920
4.179000	-9.983920
4.180000	-8.955720
4.181000	-9.983920
4.182000	-9.469820
4.183000	-9.469820
4.184000	-8.955720
4.185000	-8.441620
4.186000	-8.955720
4.187000	-9.469820
4.188000	-9.469820
4.189000	-8.441620
4.190000	-8.955720
4.191000	-9.469820
4.192000	-8.955720
4.193000	-8.441620
4.194000	-8.955720
4.195000	-8.955720
4.196000	-8.955720
4.197000	-9.469820
4.198000	-8.955720
4.199000	-9.469820
4.200000	-9.469820
4.201000	-8.955720
4.202000	-8.441620
4.203000	-8.955720
4.204000	-8.955720
4.205000	-8.955720
4.206000	-8.441620
4.207000	-9.469820
4.208000	-8.955720
4.209000	-9.983920
4.210000	-9.469820
4.211000	-10.499100
4.212000	-9.469820
4.213000	-9.469820
4.214000	-8.955720
4.215000	-9.469820
4.216000	-8.955720
4.217000	-9.469820
4.218000	-8.441620
4.219000	-9.469820
4.220000	-9.469820
4.221000	-8.955720
4.222000	-9.469820
4.223000	-9.469820
4.224000	-9.469820
4.225000	-8.441620
4.226000	-9.983920
4.227000	-8.441620
4.228000	-9.469820
4.229000	-8.955720
4.230000	-8.955720
4.231000	-8.441620
4.232000	-9.469820
4.233000	-8.955720
4.234000	-8.955720
4.235000	-8.955720
4.236000	-8.441620
4.237000	-8.441620
4.238000	-9.469820
4.239000	-8.955720
4.240000	-8.955720
4.241000	-9.469820
4.242000	-8.441620
4.243000	-9.469820
4.244000	-9.469820
4.245000	-9.469820
4.246000	-9.469820
4.247000	-8.441620
4.248000	-8.441620
4.249000	-8.441620
4.250000	-8.955720
4.251000	-8.441620
4.252000	-8.955720
4.253000	-8.955720
4.254000	-9.469820
4.255000	-8.441620
4.256000	-9.983920
4.257000	-9.469820
4.258000	-9.469820
4.259000	-9.469820
4.260000	-9.469820
4.261000	-8.441620
4.262000	-9.983920
4.263000	-9.469820
4.264000	-9.983920
4.265000	-8.955720
4.266000	-9.469820
4.267000	-9.469820
4.268000	-8.955720
4.269000	-8.441620
4.270000	-8.955720
4.271000	-8.441620
4.272000	-9.469820
4.273000	-8.955720
4.274000	-9.469820
4.275000	-9.469820
4.276000	-9.469820
4.277000	-9.469820
4.278000	-8.955720
4.279000	-7.926460
4.280000	-8.955720
4.281000	-8.955720
4.282000	-8.955720
4.283000	-8.955720
4.284000	-9.469820
4.285000	-8.955720
4.286000	-9.469820
4.287000	-9.469820
4.288000	-9.469820
4.289000	-8.955720
4.290000	-8.955720
4.291000	-8.441620
4.292000	-8.955720
4.293000	-9.469820
4.294000	-9.469820
4.295000	-9.469820
4.296000	-9.469820
4.297000	-8.955720
4.298000	-8.955720
4.299000	-8.441620
4.300000	-9.469820
4.301000	-8.955720
4.302000	-9.469820
4.303000	-8.955720
4.304000	-8.955720
4.305000	-8.955720
4.306000	-9.469820
4.307000	-8.441620
4.308000	-8.955720
4.309000	-9.469820
4.310000	-9.469820
4.311000	-9.469820
4.312000	-8.955720
4.313000	-8.441620
4.314000	-8.441620
4.315000	-9.469820
4.316000	-9.469820
4.317000	-9.469820
4.318000	-8.955720
4.319000	-8.955720
4.320000	-9.469820
4.321000	-9.469820
4.322000	-8.441620
4.323000	-8.441620
4.324000	-8.441620
4.325000	-8.955720
4.326000	-8.441620
4.327000	-9.983920
4.328000	-9.469820
4.329000	-9.469820
4.330000	-9.469820
4.331000	-9.469820
4.332000	-8.955720
4.333000	-9.469820
4.334000	-9.469820
4.335000	-8.441620
4.336000	-9.469820
4.337000	-8.955720
4.338000	-9.469820
4.339000	-9.469820
4.340000	-9.469820
4.341000	-8.955720
4.342000	-8.955720
4.343000	-8.955720
4.344000	-8.955720
4.345000	-9.469820
4.346000	-8.441620
4.347000	-9.469820
4.348000	-8.441620
4.349000	-9.469820
4.350000	-9.469820
4.351000	-8.955720
4.352000	-9.469820
4.353000	-9.469820
4.354000	-9.469820
4.355000	-8.955720
4.356000	-9.469820
4.357000	-9.469820
4.358000	-9.469820
4.359000	-9.469820
4.360000	-9.469820
4.361000	-9.469820
4.362000	-8.441620
4.363000	-9.469820
4.364000	-8.441620
4.365000	-9.469820
4.366000	-9.983920
4.367000	-8.955720
4.368000	-8.955720
4.369000	-9.469820
4.370000	-9.469820
4.371000	-9.469820
4.372000	-9.469820
4.373000	-9.469820
4.374000	-8.955720
4.375000	-8.441620
4.376000	-9.469820
4.377000	-9.469820
4.378000	-8.441620
4.379000	-8.955720
4.380000	-8.955720
4.381000	-8.955720
4.382000	-9.469820
4.383000	-9.469820
4.384000	-9.469820
4.385000	-9.469820
4.386000	-8.441620
4.387000	-8.955720
4.388000	-9.469820
4.389000	-9.469820
4.390000	-9.469820
4.391000	-8.955720
4.392000	-9.983920
4.393000	-9.469820
4.394000	-9.469820
4.395000	-8.955720
4.396000	-8.955720
4.397000	-8.441620
4.398000	-8.441620
4.399000	-9.469820
4.400000	-8.955720
4.401000	-8.955720
4.402000	-9.469820
4.403000	-8.441620
4.404000	-9.469820
4.405000	-9.983920
4.406000	-9.469820
4.407000	-8.955720
4.408000	-8.441620
4.409000	-8.955720
4.410000	-8.441620
4.411000	-9.469820
4.412000	-9.469820
4.413000	-9.469820
4.414000	-9.469820
4.415000	-8.955720
4.416000	-9.469820
4.417000	-9.469820
4.418000	-8.441620
4.419000	-8.441620
4.420000	-8.441620
4.421000	-9.469820
4.422000	-9.469820
4.423000	-9.469820
4.424000	-8.955720
4.425000	-9.983920
4.426000	-9.469820
4.427000	-8.441620
4.428000	-8.955720
4.429000	-9.469820
4.430000	-9.469820
4.431000	-9.469820
4.432000	-9.469820
4.433000	-9.469820
4.434000	-9.469820
4.435000	-9.469820
4.436000	-9.469820
4.437000	-9.469820
4.438000	-9.469820
4.439000	-9.469820
4.440000	-8.955720
4.441000	-8.955720
4.442000	-8.441620
4.443000	-9.469820
4.444000	-9.469820
4.445000	-8.955720
4.446000	-9.469820
4.447000	-9.469820
4.448000	-9.469820
4.449000	-8.441620
4.450000	-9.469820
4.451000	-8.955720
4.452000	-8.441620
4.453000	-8.441620
4.454000	-8.955720
4.455000	-8.441620
4.456000	-9.469820
4.457000	-9.469820
4.458000	-9.469820
4.459000	-8.955720
4.460000	-8.955720
4.461000	-9.469820
4.462000	-8.955720
4.463000	-8.441620
4.464000	-8.441620
4.465000	-8.955720
4.466000	-9.469820
4.467000	-9.469820
4.468000	-8.955720
4.469000	-8.441620
4.470000	-9.983920
4.471000	-9.469820
4.472000	-8.441620
4.473000	-9.469820
4.474000	-8.955720
4.475000	-8.441620
4.476000	-9.983920
4.477000	-10.499100
4.478000	-9.469820
4.479000	-8.955720
4.480000	-8.441620
4.481000	-9.469820
4.482000	-8.955720
4.483000	-8.955720
4.484000	-8.441620
4.485000	-8.955720
4.486000	-9.469820
4.487000	-8.441620
4.488000	-9.469820
4.489000	-9.469820
4.490000	-8.955720
4.491000	-8.441620
4.492000	-8.955720
4.493000	-8.955720
4.494000	-8.955720
4.495000	-8.441620
4.496000	-9.469820
4.497000	-8.955720
4.498000	-8.955720
4.499000	-9.469820
4.500000	-8.441620
4.501000	-8.441620
4.502000	-8.441620
4.503000	-8.955720
4.504000	-8.955720
4.505000	-8.441620
4.506000	-9.469820
4.507000	-8.441620
4.508000	-8.955720
4.509000	-8.955720
4.510000	-8.955720
4.511000	-9.469820
4.512000	-9.469820
4.513000	-9.469820
4.514000	-8.441620
4.515000	-8.955720
4.516000	-9.469820
4.517000	-9.469820
4.518000	-8.441620
4.519000	-8.955720
4.520000	-8.955720
4.521000	-9.469820
4.522000	-9.469820
4.523000	-9.469820
4.524000	-8.955720
4.525000	-8.441620
4.526000	-9.469820
4.527000	-9.469820
4.528000	-9.469820
4.529000	-8.955720
4.530000	-9.983920
4.531000	-9.469820
4.532000	-9.469820
4.533000	-9.469820
4.534000	-8.441620
4.535000	-8.955720
4.536000	-8.441620
4.537000	-8.955720
4.538000	-8.955720
4.539000	-9.983920
4.540000	-9.469820
4.541000	-9.469820
4.542000	-8.441620
4.543000	-9.983920
4.544000	-9.469820
4.545000	-8.955720
4.546000	-8.441620
4.547000	-8.441620
4.548000	-8.441620
4.549000	-9.469820
4.550000	-9.983920
4.551000	-9.469820
4.552000	-8.441620
4.553000	-8.441620
4.554000	-9.469820
4.555000	-9.469820
4.556000	-8.955720
4.557000	-8.955720
4.558000	-8.955720
4.559000	-8.955720
4.560000	-9.469820
4.561000	-9.469820
4.562000	-9.983920
4.563000	-8.955720
4.564000	-9.469820
4.565000	-9.469820
4.566000	-8.955720
4.567000	-8.955720
4.568000	-9.469820
4.569000	-7.926460
4.570000	-8.955720
4.571000	-8.955720
4.572000	-9.469820
4.573000	-9.983920
4.574000	-8.955720
4.575000	-8.441620
4.576000	-8.441620
4.577000	-8.441620
4.578000	-9.469820
4.579000	-8.441620
4.580000	-8.955720
4.581000	-8.441620
4.582000	-9.469820
4.583000	-8.441620
4.584000	-9.469820
4.585000	-9.469820
4.586000	-8.955720
4.587000	-8.955720
4.588000	-9.469820
4.589000	-8.441620
4.590000	-8.955720
4.591000	-8.955720
4.592000	-8.955720
4.593000	-8.955720
4.594000	-9.469820
4.595000	-8.955720
4.596000	-8.955720
4.597000	-9.469820
4.598000	-9.469820
4.599000	-8.955720
4.600000	-8.955720
4.601000	-7.926460
4.602000	-8.441620
4.603000	-8.441620
4.604000	-8.955720
4.605000	-8.955720
4.606000	-8.955720
4.607000	-8.955720
4.608000	-8.441620
4.609000	-8.955720
4.610000	-8.955720
4.611000	-8.955720
4.612000	-8.955720
4.613000	-9.469820
4.614000	-9.469820
4.615000	-9.983920
4.616000	-8.955720
4.617000	-8.441620
4.618000	-8.955720
4.619000	-9.469820
4.620000	-8.955720
4.621000	-9.469820
4.622000	-9.469820
4.623000	-9.469820
4.624000	-8.955720
4.625000	-8.441620
4.626000	-9.469820
4.627000	-9.469820
4.628000	-9.983920
4.629000	-9.469820
4.630000	-8.955720
4.631000	-8.441620
4.632000	-9.469820
4.633000	-8.441620
4.634000	-8.441620
4.635000	-8.441620
4.636000	-9.469820
4.637000	-8.441620
4.638000	-9.983920
4.639000	-8.441620
4.640000	-8.955720
4.641000	-8.955720
4.642000	-8.955720
4.643000	-8.955720
4.644000	-8.955720
4.645000	-9.469820
4.646000	-8.955720
4.647000	-8.955720
4.648000	-8.441620
4.649000	-8.955720
4.650000	-9.469820
4.651000	-8.441620
4.652000	-8.441620
4.653000	-8.441620
4.654000	-8.955720
4.655000	-8.955720
4.656000	-9.469820
4.657000	-8.955720
4.658000	-8.441620
4.659000	-9.469820
4.660000	-9.983920
4.661000	-9.469820
4.662000	-8.955720
4.663000	-8.955720
4.664000	-8.441620
4.665000	-8.441620
4.666000	-9.983920
4.667000	-8.441620
4.668000	-8.955720
4.669000	-9.469820
4.670000	-8.441620
4.671000	-9.469820
4.672000	-9.469820
4.673000	-8.955720
4.674000	-8.441620
4.675000	-8.441620
4.676000	-9.469820
4.677000	-8.441620
4.678000	-9.983920
4.679000	-9.469820
4.680000	-9.469820
4.681000	-9.469820
4.682000	-8.955720
4.683000	-9.469820
4.684000	-8.955720
4.685000	-8.441620
4.686000	-8.955720
4.687000	-8.441620
4.688000	-9.469820
4.689000	-8.955720
4.690000	-9.469820
4.691000	-9.469820
4.692000	-8.955720
4.693000	-9.983920
4.694000	-9.469820
4.695000	-9.469820
4.696000	-8.955720
4.697000	-8.955720
4.698000	-8.955720
4.699000	-8.441620
4.700000	-9.469820
4.701000	-9.469820
4.702000	-9.983920
4.703000	-8.955720
4.704000	-9.469820
4.705000	-9.469820
4.706000	-9.469820
4.707000	-8.441620
4.708000	-8.441620
4.709000	-9.469820
4.710000	-8.441620
4.711000	-8.441620
4.712000	-9.469820
4.713000	-9.469820
4.714000	-8.955720
4.715000	-8.955720
4.716000	-8.441620
4.717000	-8.441620
4.718000	-8.441620
4.719000	-8.955720
4.720000	-8.441620
4.721000	-8.955720
4.722000	-9.469820
4.723000	-8.955720
4.724000	-8.955720
4.725000	-9.469820
4.726000	-8.955720
4.727000	-9.469820
4.728000	-8.955720
4.729000	-8.955720
4.730000	-8.441620
4.731000	-8.441620
4.732000	-8.441620
4.733000	-9.469820
4.734000	-9.469820
4.735000	-8.955720
4.736000	-8.955720
4.737000	-8.955720
4.738000	-8.441620
4.739000	-8.441620
4.740000	-8.955720
4.741000	-9.469820
4.742000	-8.441620
4.743000	-9.469820
4.744000	-9.469820
4.745000	-9.469820
4.746000	-9.469820
4.747000	-9.469820
4.748000	-8.441620
4.749000	-9.983920
4.750000	-9.983920
4.751000	-9.469820
4.752000	-9.469820
4.753000	-9.469820
4.754000	-9.469820
4.755000	-8.955720
4.756000	-8.955720
4.757000	-9.469820
4.758000	-8.955720
4.759000	-8.955720
4.760000	-8.955720
4.761000	-9.469820
4.762000	-8.441620
4.763000	-8.955720
4.764000	-8.955720
4.765000	-9.469820
4.766000	-9.469820
4.767000	-10.499100
4.768000	-8.955720
4.769000	-8.955720
4.770000	-8.955720
4.771000	-9.469820
4.772000	-8.955720
4.773000	-8.955720
4.774000	-9.469820
4.775000	-9.469820
4.776000	-9.469820
4.777000	-9.469820
4.778000	-8.955720
4.779000	-8.955720
4.780000	-8.955720
4.781000	-8.955720
4.782000	-8.955720
4.783000	-9.469820
4.784000	-8.955720
4.785000	-8.955720
4.786000	-8.955720
4.787000	-9.469820
4.788000	-9.469820
4.789000	-8.955720
4.790000	-9.469820
4.791000	-9.469820
4.792000	-8.955720
4.793000	-9.469820
4.794000	-9.469820
4.795000	-9.469820
4.796000	-8.955720
4.797000	-8.955720
4.798000	-8.955720
4.799000	-8.955720
4.800000	-9.469820
4.801000	-8.955720
4.802000	-9.469820
4.803000	-8.441620
4.804000	-8.955720
4.805000	-9.469820
4.806000	-9.469820
4.807000	-9.469820
4.808000	-9.469820
4.809000	-9.469820
4.810000	-9.469820
4.811000	-9.469820
4.812000	-8.441620
4.813000	-9.469820
4.814000	-8.955720
4.815000	-9.469820
4.816000	-8.955720
4.817000	-9.469820
4.818000	-9.469820
4.819000	-9.983920
4.820000	-9.469820
4.821000	-8.955720
4.822000	-8.441620
4.823000	-9.469820
4.824000	-9.469820
4.825000	-9.469820
4.826000	-9.983920
4.827000	-8.955720
4.828000	-8.955720
4.829000	-9.469820
4.830000	-9.469820
4.831000	-9.469820
4.832000	-8.441620
4.833000	-9.469820
4.834000	-8.955720
4.835000	-8.955720
4.836000	-8.955720
4.837000	-9.469820
4.838000	-9.469820
4.839000	-8.955720
4.840000	-9.469820
4.841000	-9.469820
4.842000	-9.469820
4.843000	-9.469820
4.844000	-9.469820
4.845000	-9.469820
4.846000	-9.469820
4.847000	-8.441620
4.848000	-8.955720
4.849000	-8.955720
4.850000	-8.955720
4.851000	-9.983920
4.852000	-9.469820
4.853000	-8.955720
4.854000	-8.955720
4.855000	-8.441620
4.856000	-8.955720
4.857000	-9.469820
4.858000	-9.469820
4.859000	-8.955720
4.860000	-9.469820
4.861000	-9.469820
4.862000	-8.955720
4.863000	-8.955720
4.864000	-9.469820
4.865000	-8.441620
4.866000	-8.955720
4.867000	-9.469820
4.868000	-7.926460
4.869000	-8.955720
4.870000	-8.955720
4.871000	-9.469820
4.872000	-9.469820
4.873000	-9.983920
4.874000	-8.441620
4.875000	-8.955720
4.876000	-9.469820
4.877000	-8.955720
4.878000	-8.955720
4.879000	-8.441620
4.880000	-8.441620
4.881000	-8.441620
4.882000	-9.469820
4.883000	-9.983920
4.884000	-8.955720
4.885000	-9.469820
4.886000	-8.955720
4.887000	-8.441620
4.888000	-8.955720
4.889000	-8.955720
4.890000	-9.469820
4.891000	-8.955720
4.892000	-9.469820
4.893000	-8.955720
4.894000	-9.469820
4.895000	-9.469820
4.896000	-8.955720
4.897000	-8.955720
4.898000	-9.469820
4.899000	-8.955720
4.900000	-8.441620
4.901000	-9.469820
4.902000	-8.441620
4.903000	-8.441620
4.904000	-9.469820
4.905000	-8.955720
4.906000	-9.469820
4.907000	-9.469820
4.908000	-8.441620
4.909000	-8.955720
4.910000	-9.469820
4.911000	-8.955720
4.912000	-8.955720
4.913000	-9.469820
4.914000	-9.469820
4.915000	-9.469820
4.916000	-9.469820
4.917000	-9.469820
4.918000	-9.469820
4.919000	-8.441620
4.920000	-8.441620
4.921000	-8.441620
4.922000	-9.469820
4.923000	-8.955720
4.924000	-9.469820
4.925000	-9.469820
4.926000	-8.955720
4.927000	-9.469820
4.928000	-8.955720
4.929000	-9.469820
4.930000	-8.955720
4.931000	-8.955720
4.932000	-8.441620
4.933000	-9.469820
4.934000	-8.955720
4.935000	-9.469820
4.936000	-8.955720
4.937000	-8.955720
4.938000	-9.469820
4.939000	-8.955720
4.940000	-8.441620
4.941000	-8.955720
4.942000	-8.441620
4.943000	-8.955720
4.944000	-8.955720
4.945000	-9.469820
4.946000	-9.469820
4.947000	-9.469820
4.948000	-9.469820
4.949000	-8.955720
4.950000	-9.469820
4.951000	-8.441620
4.952000	-8.955720
4.953000	-7.926460
4.954000	-8.955720
4.955000	-9.469820
4.956000	-9.469820
4.957000	-9.469820
4.958000	-9.469820
4.959000	-9.469820
4.960000	-9.469820
4.961000	-8.955720
4.962000	-8.441620
4.963000	-8.955720
4.964000	-8.441620
4.965000	-9.469820
4.966000	-9.469820
4.967000	-8.955720
4.968000	-9.469820
4.969000	-8.955720
4.970000	-8.441620
4.971000	-9.469820
4.972000	-8.955720
4.973000	-9.469820
4.974000	-9.469820
4.975000	-8.441620
4.976000	-8.955720
4.977000	-9.469820
4.978000	-8.955720
4.979000	-8.955720
4.980000	-8.441620
4.981000	-8.955720
4.982000	-9.469820
4.983000	-8.441620
4.984000	-8.441620
4.985000	-8.955720
4.986000	-8.441620
4.987000	-9.983920
4.988000	-8.955720
4.989000	-8.955720
4.990000	-9.469820
4.991000	-9.469820
4.992000	-8.441620
4.993000	-9.469820
4.994000	-8.955720
4.995000	-9.469820
4.996000	-8.955720
4.997000	-9.983920
4.998000	-9.469820
4.999000	-9.469820
5.000000	-8.955720
5.001000	-9.469820
5.002000	-8.441620
5.003000	-9.469820
5.004000	-8.441620
5.005000	-8.441620
5.006000	-9.469820
5.007000	-8.955720
5.008000	-8.441620
5.009000	-9.469820
5.010000	-9.469820
5.011000	-8.955720
5.012000	-8.441620
5.013000	-9.469820
5.014000	-9.469820
5.015000	-8.955720
5.016000	-9.469820
5.017000	-7.926460
5.018000	-9.469820
5.019000	-8.955720
5.020000	-8.955720
5.021000	-9.469820
5.022000	-8.955720
5.023000	-9.469820
5.024000	-8.955720
5.025000	-9.469820
5.026000	-9.469820
5.027000	-8.441620
5.028000	-9.469820
5.029000	-9.469820
5.030000	-8.955720
5.031000	-8.441620
5.032000	-9.469820
5.033000	-9.469820
5.034000	-9.469820
5.035000	-8.955720
5.036000	-8.955720
5.037000	-9.469820
5.038000	-8.441620
5.039000	-8.955720
5.040000	-9.469820
5.041000	-8.955720
5.042000	-8.955720
5.043000	-9.469820
5.044000	-8.955720
5.045000	-9.469820
5.046000	-8.955720
5.047000	-8.955720
5.048000	-8.441620
5.049000	-8.955720
5.050000	-8.441620
5.051000	-8.955720
5.052000	-9.469820
5.053000	-9.469820
5.054000	-8.955720
5.055000	-8.955720
5.056000	-9.469820
5.057000	-8.441620
5.058000	-9.469820
5.059000	-8.955720
5.060000	-8.955720
5.061000	-9.469820
5.062000	-9.469820
5.063000	-9.983920
5.064000	-9.469820
5.065000	-9.469820
5.066000	-9.469820
5.067000	-9.469820
5.068000	-8.955720
5.069000	-8.955720
5.070000	-9.469820
5.071000	-8.955720
5.072000	-8.955720
5.073000	-9.469820
5.074000	-8.955720
5.075000	-8.955720
5.076000	-8.955720
5.077000	-8.955720
5.078000	-8.955720
5.079000	-8.955720
5.080000	-8.955720
5.081000	-8.955720
5.082000	-8.955720
5.083000	-9.469820
5.084000	-8.441620
5.085000	-8.441620
5.086000	-9.469820
5.087000	-8.441620
5.088000	-8.955720
5.089000	-8.955720
5.090000	-8.955720
5.091000	-8.955720
5.092000	-9.469820
5.093000	-8.441620
5.094000	-9.469820
5.095000	-8.955720
5.096000	-8.955720
5.097000	-8.441620
5.098000	-8.441620
5.099000	-8.441620
5.100000	-8.441620
5.101000	-8.955720
5.102000	-9.469820
5.103000	-8.441620
5.104000	-9.469820
5.105000	-9.469820
5.106000	-9.469820
5.107000	-9.469820
5.108000	-9.469820
5.109000	-9.469820
5.110000	-9.469820
5.111000	-9.469820
5.112000	-8.441620
5.113000	-9.469820
5.114000	-8.955720
5.115000	-9.469820
5.116000	-9.469820
5.117000	-9.469820
5.118000	-8.955720
5.119000	-8.441620
5.120000	-9.469820
5.121000	-8.441620
5.122000	-9.469820
5.123000	-8.441620
5.124000	-9.469820
5.125000	-8.441620
5.126000	-9.469820
5.127000	-8.955720
5.128000	-9.469820
5.129000	-9.469820
5.130000	-8.955720
5.131000	-8.955720
5.132000	-8.955720
5.133000	-8.955720
5.134000	-7.926460
5.135000	-9.469820
5.136000	-8.955720
5.137000	-8.955720
5.138000	-9.469820
5.139000	-8.955720
5.140000	-9.983920
5.141000	-8.441620
5.142000	-9.469820
5.143000	-8.955720
5.144000	-9.469820
5.145000	-9.469820
5.146000	-9.469820
5.147000	-8.441620
5.148000	-9.469820
5.149000	-9.983920
5.150000	-8.955720
5.151000	-9.469820
5.152000	-8.441620
5.153000	-8.955720
5.154000	-8.955720
5.155000	-8.955720
5.156000	-8.441620
5.157000	-8.441620
5.158000	-8.441620
5.159000	-8.955720
5.160000	-9.469820
5.161000	-9.469820
5.162000	-8.955720
5.163000	-9.469820
5.164000	-8.955720
5.165000	-9.469820
5.166000	-8.441620
5.167000	-8.955720
5.168000	-9.469820
5.169000	-8.955720
5.170000	-9.469820
5.171000	-8.955720
5.172000	-9.469820
5.173000	-9.469820
5.174000	-8.955720
5.175000	-8.955720
5.176000	-9.469820
5.177000	-8.955720
5.178000	-8.955720
5.179000	-9.469820
5.180000	-8.441620
5.181000	-9.469820
5.182000	-8.955720
5.183000	-9.469820
5.184000	-9.469820
5.185000	-8.441620
5.186000	-8.441620
5.187000	-9.469820
5.188000	-9.469820
5.189000	-8.441620
5.190000	-9.469820
5.191000	-8.955720
5.192000	-9.469820
5.193000	-9.983920
5.194000	-8.955720
5.195000	-8.441620
5.196000	-8.955720
5.197000	-8.955720
5.198000	-8.955720
5.199000	-8.441620
5.200000	-8.955720
5.201000	-9.469820
5.202000	-9.469820
5.203000	-8.441620
5.204000	-9.469820
5.205000	-8.441620
5.206000	-9.469820
5.207000	-8.441620
5.208000	-8.955720
5.209000	-9.469820
5.210000	-9.469820
5.211000	-8.955720
5.212000	-9.469820
5.213000	-8.955720
5.214000	-8.955720
5.215000	-8.955720
5.216000	-8.441620
5.217000	-9.469820
5.218000	-8.955720
5.219000	-8.441620
5.220000	-8.955720
5.221000	-8.441620
5.222000	-8.955720
5.223000	-9.469820
5.224000	-9.469820
5.225000	-8.441620
5.226000	-9.983920
5.227000	-9.469820
5.228000	-9.469820
5.229000	-8.955720
5.230000	-8.955720
5.231000	-8.441620
5.232000	-8.441620
5.233000	-9.469820
5.234000	-8.441620
5.235000	-8.441620
5.236000	-9.469820
5.237000	-9.469820
5.238000	-9.469820
5.239000	-8.955720
5.240000	-8.955720
5.241000	-9.469820
5.242000	-9.983920
5.243000	-8.441620
5.244000	-9.469820
5.245000	-8.955720
5.246000	-8.441620
5.247000	-8.955720
5.248000	-9.469820
5.249000	-9.469820
5.250000	-8.441620
5.251000	-8.441620
5.252000	-8.441620
5.253000	-8.441620
5.254000	-8.955720
5.255000	-8.955720
5.256000	-9.469820
5.257000	-8.955720
5.258000	-9.469820
5.259000	-9.469820
5.260000	-9.469820
5.261000	-8.955720
5.262000	-9.469820
5.263000	-8.441620
5.264000	-9.469820
5.265000	-9.469820
5.266000	-9.469820
5.267000	-8.955720
5.268000	-8.955720
5.269000	-8.955720
5.270000	-8.441620
5.271000	-9.469820
5.272000	-9.469820
5.273000	-9.469820
5.274000	-8.955720
5.275000	-9.469820
5.276000	-8.955720
5.277000	-9.469820
5.278000	-8.955720
5.279000	-8.955720
5.280000	-9.469820
5.281000	-8.441620
5.282000	-8.955720
5.283000	-8.955720
5.284000	-7.926460
5.285000	-8.441620
5.286000	-8.955720
5.287000	-9.469820
5.288000	-8.955720
5.289000	-9.469820
5.290000	-9.469820
5.291000	-8.955720
5.292000	-8.955720
5.293000	-8.955720
5.294000	-9.469820
5.295000	-8.955720
5.296000	-9.469820
5.297000	-8.441620
5.298000	-9.469820
5.299000	-9.983920
5.300000	-9.469820
5.301000	-9.469820
5.302000	-8.955720
5.303000	-8.955720
5.304000	-9.469820
5.305000	-8.441620
5.306000	-8.955720
5.307000	-8.955720
5.308000	-8.441620
5.309000	-8.955720
5.310000	-9.469820
5.311000	-9.469820
5.312000	-9.469820
5.313000	-8.955720
5.314000	-8.955720
5.315000	-9.469820
5.316000	-8.955720
5.317000	-9.469820
5.318000	-8.441620
5.319000	-8.955720
5.320000	-9.469820
5.321000	-9.469820
5.322000	-8.955720
5.323000	-9.469820
5.324000	-9.469820
5.325000	-8.441620
5.326000	-8.955720
5.327000	-9.469820
5.328000	-8.955720
5.329000	-9.469820
5.330000	-9.983920
5.331000	-9.469820
5.332000	-9.469820
5.333000	-9.469820
5.334000	-9.469820
5.335000	-9.469820
5.336000	-9.469820
5.337000	-9.469820
5.338000	-9.469820
5.339000	-9.469820
5.340000	-8.955720
5.341000	-9.469820
5.342000	-9.469820
5.343000	-9.469820
5.344000	-9.469820
5.345000	-9.469820
5.346000	-8.441620
5.347000	-8.441620
5.348000	-9.469820
5.349000	-8.955720
5.350000	-9.469820
5.351000	-8.441620
5.352000	-9.469820
5.353000	-8.955720
5.354000	-9.469820
5.355000	-8.955720
5.356000	-8.955720
5.357000	-8.441620
5.358000	-9.469820
5.359000	-9.469820
5.360000	-9.469820
5.361000	-8.955720
5.362000	-8.955720
5.363000	-9.469820
5.364000	-9.469820
5.365000	-8.955720
5.366000	-9.469820
5.367000	-8.441620
5.368000	-8.955720
5.369000	-8.441620
5.370000	-8.955720
5.371000	-9.469820
5.372000	-9.469820
5.373000	-9.469820
5.374000	-8.441620
5.375000	-8.955720
5.376000	-9.469820
5.377000	-9.469820
5.378000	-9.469820
5.379000	-9.469820
5.380000	-8.441620
5.381000	-8.955720
5.382000	-9.469820
5.383000	-9.469820
5.384000	-9.469820
5.385000	-9.469820
5.386000	-8.955720
5.387000	-8.955720
5.388000	-9.469820
5.389000	-8.955720
5.390000	-8.955720
5.391000	-8.441620
5.392000	-8.955720
5.393000	-9.469820
5.394000	-8.955720
5.395000	-9.469820
5.396000	-9.469820
5.397000	-9.983920
5.398000	-8.441620
5.399000	-9.469820
5.400000	-9.983920
5.401000	-8.441620
5.402000	-8.955720
5.403000	-8.441620
5.404000	-8.955720
5.405000	-9.469820
5.406000	-8.955720
5.407000	-8.955720
5.408000	-8.955720
5.409000	-9.469820
5.410000	-9.469820
5.411000	-9.469820
5.412000	-8.955720
5.413000	-8.441620
5.414000	-8.441620
5.415000	-8.955720
5.416000	-9.469820
5.417000	-8.955720
5.418000	-8.955720
5.419000	-8.441620
5.420000	-8.441620
5.421000	-8.955720
5.422000	-8.955720
5.423000	-9.469820
5.424000	-9.469820
5.425000	-9.469820
5.426000	-8.955720
5.427000	-9.469820
5.428000	-9.983920
5.429000	-8.955720
5.430000	-8.955720
5.431000	-8.441620
5.432000	-9.469820
5.433000	-8.955720
5.434000	-9.469820
5.435000	-9.469820
5.436000	-8.441620
5.437000	-9.469820
5.438000	-9.469820
5.439000	-9.469820
5.440000	-8.441620
5.441000	-8.955720
5.442000	-9.469820
5.443000	-9.469820
5.444000	-9.469820
5.445000	-9.469820
5.446000	-9.469820
5.447000	-9.469820
5.448000	-9.469820
5.449000	-8.955720
5.450000	-9.983920
5.451000	-9.469820
5.452000	-8.955720
5.453000	-8.441620
5.454000	-8.955720
5.455000	-8.441620
5.456000	-9.469820
5.457000	-8.441620
5.458000	-8.955720
5.459000	-8.955720
5.460000	-9.469820
5.461000	-8.955720
5.462000	-9.469820
5.463000	-9.469820
5.464000	-8.955720
5.465000	-8.955720
5.466000	-9.469820
5.467000	-8.441620
5.468000	-8.955720
5.469000	-8.955720
5.470000	-9.983920
5.471000	-9.469820
5.472000	-8.441620
5.473000	-8.955720
5.474000	-8.441620
5.475000	-8.441620
5.476000	-8.441620
5.477000	-9.469820
5.478000	-9.469820
5.479000	-9.469820
5.480000	-8.955720
5.481000	-9.469820
5.482000	-9.469820
5.483000	-9.469820
5.484000	-8.955720
5.485000	-8.955720
5.486000	-8.441620
5.487000	-8.955720
5.488000	-8.955720
5.489000	-9.469820
5.490000	-8.955720
5.491000	-9.469820
5.492000	-9.469820
5.493000	-8.955720
5.494000	-8.955720
5.495000	-8.441620
5.496000	-9.469820
5.497000	-8.955720
5.498000	-9.469820
5.499000	-9.469820
5.500000	-8.955720
