-0.500000	-0.002087
-0.499000	-0.007180
-0.498000	-0.012283
-0.497000	-0.002087
-0.496000	-0.002087
-0.495000	-0.002087
-0.494000	-0.007180
-0.493000	0.003006
-0.492000	-0.002087
-0.491000	0.003006
-0.490000	-0.007180
-0.489000	-0.002087
-0.488000	-0.002087
-0.487000	-0.007180
-0.486000	-0.002087
-0.485000	0.003006
-0.484000	-0.002087
-0.483000	-0.002087
-0.482000	-0.012283
-0.481000	-0.002087
-0.480000	-0.002087
-0.479000	-0.002087
-0.478000	-0.012283
-0.477000	-0.002087
-0.476000	-0.002087
-0.475000	-0.002087
-0.474000	-0.002087
-0.473000	0.003006
-0.472000	-0.002087
-0.471000	-0.002087
-0.470000	-0.007180
-0.469000	-0.002087
-0.468000	-0.002087
-0.467000	-0.007180
-0.466000	-0.007180
-0.465000	-0.007180
-0.464000	-0.002087
-0.463000	-0.007180
-0.462000	0.003006
-0.461000	-0.007180
-0.460000	0.003006
-0.459000	0.003006
-0.458000	0.003006
-0.457000	-0.002087
-0.456000	-0.012283
-0.455000	-0.002087
-0.454000	-0.007180
-0.453000	-0.002087
-0.452000	0.003006
-0.451000	0.003006
-0.450000	-0.002087
-0.449000	-0.002087
-0.448000	-0.002087
-0.447000	-0.002087
-0.446000	-0.007180
-0.445000	-0.002087
-0.444000	-0.002087
-0.443000	0.003006
-0.442000	-0.007180
-0.441000	-0.007180
-0.440000	-0.002087
-0.439000	0.003006
-0.438000	-0.002087
-0.437000	-0.007180
-0.436000	-0.002087
-0.435000	-0.002087
-0.434000	-0.002087
-0.433000	-0.002087
-0.432000	-0.007180
-0.431000	-0.002087
-0.430000	0.003006
-0.429000	0.003006
-0.428000	-0.007180
-0.427000	-0.002087
-0.426000	-0.007180
-0.425000	-0.002087
-0.424000	-0.002087
-0.423000	-0.007180
-0.422000	-0.007180
-0.421000	-0.002087
-0.420000	0.003006
-0.419000	-0.007180
-0.418000	-0.002087
-0.417000	-0.007180
-0.416000	-0.007180
-0.415000	-0.007180
-0.414000	-0.002087
-0.413000	-0.007180
-0.412000	-0.002087
-0.411000	-0.002087
-0.410000	0.003006
-0.409000	-0.002087
-0.408000	-0.002087
-0.407000	-0.007180
-0.406000	-0.002087
-0.405000	-0.007180
-0.404000	-0.012283
-0.403000	0.003006
-0.402000	-0.007180
-0.401000	-0.002087
-0.400000	-0.017376
-0.399000	0.003006
-0.398000	-0.007180
-0.397000	-0.007180
-0.396000	-0.002087
-0.395000	-0.007180
-0.394000	-0.007180
-0.393000	-0.012283
-0.392000	-0.002087
-0.391000	0.003006
-0.390000	-0.002087
-0.389000	-0.002087
-0.388000	-0.002087
-0.387000	-0.002087
-0.386000	-0.002087
-0.385000	-0.012283
-0.384000	-0.002087
-0.383000	-0.007180
-0.382000	-0.007180
-0.381000	-0.007180
-0.380000	-0.007180
-0.379000	0.003006
-0.378000	-0.007180
-0.377000	-0.002087
-0.376000	0.003006
-0.375000	0.003006
-0.374000	-0.007180
-0.373000	-0.007180
-0.372000	-0.002087
-0.371000	0.003006
-0.370000	-0.007180
-0.369000	-0.002087
-0.368000	-0.002087
-0.367000	-0.002087
-0.366000	0.003006
-0.365000	-0.007180
-0.364000	-0.002087
-0.363000	0.003006
-0.362000	0.003006
-0.361000	-0.007180
-0.360000	-0.007180
-0.359000	-0.007180
-0.358000	0.003006
-0.357000	-0.002087
-0.356000	0.008109
-0.355000	-0.007180
-0.354000	-0.002087
-0.353000	-0.002087
-0.352000	-0.002087
-0.351000	-0.002087
-0.350000	0.003006
-0.349000	-0.002087
-0.348000	-0.012283
-0.347000	-0.002087
-0.346000	-0.007180
-0.345000	-0.002087
-0.344000	-0.007180
-0.343000	-0.002087
-0.342000	-0.002087
-0.341000	-0.002087
-0.340000	-0.002087
-0.339000	-0.007180
-0.338000	-0.002087
-0.337000	-0.002087
-0.336000	-0.002087
-0.335000	-0.012283
-0.334000	-0.002087
-0.333000	-0.002087
-0.332000	-0.002087
-0.331000	-0.002087
-0.330000	-0.007180
-0.329000	-0.007180
-0.328000	-0.007180
-0.327000	-0.002087
-0.326000	0.003006
-0.325000	-0.002087
-0.324000	-0.007180
-0.323000	-0.007180
-0.322000	-0.002087
-0.321000	-0.002087
-0.320000	-0.007180
-0.319000	-0.007180
-0.318000	-0.002087
-0.317000	-0.002087
-0.316000	-0.007180
-0.315000	-0.007180
-0.314000	-0.007180
-0.313000	-0.007180
-0.312000	-0.007180
-0.311000	-0.002087
-0.310000	-0.007180
-0.309000	-0.007180
-0.308000	-0.002087
-0.307000	-0.002087
-0.306000	-0.007180
-0.305000	-0.007180
-0.304000	-0.007180
-0.303000	0.003006
-0.302000	0.003006
-0.301000	-0.007180
-0.300000	0.003006
-0.299000	-0.007180
-0.298000	-0.007180
-0.297000	-0.002087
-0.296000	-0.002087
-0.295000	-0.007180
-0.294000	-0.002087
-0.293000	0.003006
-0.292000	-0.007180
-0.291000	-0.012283
-0.290000	-0.002087
-0.289000	-0.007180
-0.288000	-0.012283
-0.287000	-0.007180
-0.286000	-0.007180
-0.285000	-0.002087
-0.284000	0.008109
-0.283000	-0.007180
-0.282000	-0.007180
-0.281000	-0.007180
-0.280000	-0.007180
-0.279000	0.003006
-0.278000	-0.007180
-0.277000	0.003006
-0.276000	0.003006
-0.275000	-0.002087
-0.274000	0.003006
-0.273000	-0.007180
-0.272000	-0.002087
-0.271000	0.003006
-0.270000	0.003006
-0.269000	-0.002087
-0.268000	-0.002087
-0.267000	-0.012283
-0.266000	-0.007180
-0.265000	-0.002087
-0.264000	-0.002087
-0.263000	-0.002087
-0.262000	0.003006
-0.261000	-0.002087
-0.260000	0.003006
-0.259000	-0.002087
-0.258000	-0.007180
-0.257000	-0.002087
-0.256000	-0.002087
-0.255000	-0.002087
-0.254000	-0.002087
-0.253000	-0.007180
-0.252000	-0.002087
-0.251000	-0.007180
-0.250000	0.003006
-0.249000	-0.002087
-0.248000	-0.002087
-0.247000	-0.007180
-0.246000	-0.007180
-0.245000	-0.002087
-0.244000	-0.007180
-0.243000	-0.012283
-0.242000	-0.002087
-0.241000	-0.002087
-0.240000	-0.007180
-0.239000	-0.002087
-0.238000	-0.007180
-0.237000	-0.007180
-0.236000	-0.002087
-0.235000	-0.007180
-0.234000	-0.007180
-0.233000	-0.007180
-0.232000	-0.007180
-0.231000	-0.012283
-0.230000	-0.002087
-0.229000	0.003006
-0.228000	-0.012283
-0.227000	-0.002087
-0.226000	-0.007180
-0.225000	-0.002087
-0.224000	-0.012283
-0.223000	-0.002087
-0.222000	-0.007180
-0.221000	0.003006
-0.220000	-0.002087
-0.219000	0.003006
-0.218000	-0.007180
-0.217000	-0.007180
-0.216000	-0.007180
-0.215000	-0.002087
-0.214000	-0.002087
-0.213000	-0.002087
-0.212000	-0.007180
-0.211000	-0.007180
-0.210000	0.003006
-0.209000	-0.007180
-0.208000	-0.002087
-0.207000	-0.002087
-0.206000	-0.007180
-0.205000	-0.002087
-0.204000	-0.007180
-0.203000	-0.002087
-0.202000	-0.007180
-0.201000	-0.012283
-0.200000	-0.007180
-0.199000	-0.007180
-0.198000	-0.007180
-0.197000	-0.002087
-0.196000	-0.002087
-0.195000	0.003006
-0.194000	-0.007180
-0.193000	-0.002087
-0.192000	-0.002087
-0.191000	-0.007180
-0.190000	-0.007180
-0.189000	-0.007180
-0.188000	-0.012283
-0.187000	-0.007180
-0.186000	0.003006
-0.185000	-0.002087
-0.184000	-0.012283
-0.183000	-0.002087
-0.182000	-0.007180
-0.181000	-0.007180
-0.180000	-0.007180
-0.179000	0.003006
-0.178000	-0.007180
-0.177000	-0.002087
-0.176000	-0.002087
-0.175000	-0.007180
-0.174000	-0.002087
-0.173000	0.003006
-0.172000	-0.002087
-0.171000	-0.012283
-0.170000	-0.002087
-0.169000	0.003006
-0.168000	-0.002087
-0.167000	-0.007180
-0.166000	-0.002087
-0.165000	-0.012283
-0.164000	-0.007180
-0.163000	-0.002087
-0.162000	-0.007180
-0.161000	-0.002087
-0.160000	0.003006
-0.159000	-0.002087
-0.158000	-0.007180
-0.157000	0.003006
-0.156000	-0.002087
-0.155000	-0.002087
-0.154000	0.008109
-0.153000	0.008109
-0.152000	-0.007180
-0.151000	-0.002087
-0.150000	0.003006
-0.149000	-0.002087
-0.148000	-0.012283
-0.147000	-0.007180
-0.146000	-0.002087
-0.145000	-0.002087
-0.144000	-0.002087
-0.143000	-0.002087
-0.142000	-0.002087
-0.141000	-0.007180
-0.140000	0.003006
-0.139000	-0.012283
-0.138000	-0.007180
-0.137000	-0.002087
-0.136000	0.003006
-0.135000	-0.007180
-0.134000	-0.002087
-0.133000	-0.007180
-0.132000	-0.007180
-0.131000	0.003006
-0.130000	-0.002087
-0.129000	-0.002087
-0.128000	-0.007180
-0.127000	-0.002087
-0.126000	0.003006
-0.125000	-0.007180
-0.124000	-0.007180
-0.123000	-0.002087
-0.122000	0.003006
-0.121000	-0.002087
-0.120000	-0.002087
-0.119000	0.003006
-0.118000	-0.007180
-0.117000	-0.007180
-0.116000	-0.002087
-0.115000	-0.007180
-0.114000	-0.002087
-0.113000	-0.002087
-0.112000	-0.002087
-0.111000	0.003006
-0.110000	-0.007180
-0.109000	0.003006
-0.108000	-0.002087
-0.107000	-0.007180
-0.106000	-0.007180
-0.105000	-0.012283
-0.104000	-0.007180
-0.103000	-0.002087
-0.102000	-0.002087
-0.101000	-0.002087
-0.100000	-0.002087
-0.099000	-0.002087
-0.098000	-0.007180
-0.097000	-0.007180
-0.096000	-0.002087
-0.095000	-0.007180
-0.094000	-0.007180
-0.093000	-0.002087
-0.092000	-0.002087
-0.091000	-0.002087
-0.090000	0.003006
-0.089000	-0.002087
-0.088000	-0.002087
-0.087000	-0.002087
-0.086000	-0.007180
-0.085000	-0.002087
-0.084000	-0.002087
-0.083000	-0.007180
-0.082000	-0.007180
-0.081000	-0.002087
-0.080000	-0.007180
-0.079000	-0.007180
-0.078000	-0.007180
-0.077000	-0.007180
-0.076000	-0.002087
-0.075000	-0.002087
-0.074000	-0.002087
-0.073000	-0.002087
-0.072000	-0.002087
-0.071000	-0.002087
-0.070000	-0.007180
-0.069000	0.003006
-0.068000	-0.007180
-0.067000	0.003006
-0.066000	-0.007180
-0.065000	-0.002087
-0.064000	-0.002087
-0.063000	0.003006
-0.062000	-0.007180
-0.061000	-0.007180
-0.060000	-0.002087
-0.059000	-0.002087
-0.058000	-0.002087
-0.057000	-0.002087
-0.056000	-0.002087
-0.055000	-0.007180
-0.054000	-0.007180
-0.053000	-0.007180
-0.052000	-0.002087
-0.051000	-0.007180
-0.050000	-0.002087
-0.049000	-0.002087
-0.048000	-0.002087
-0.047000	-0.007180
-0.046000	-0.002087
-0.045000	-0.012283
-0.044000	-0.007180
-0.043000	-0.002087
-0.042000	-0.007180
-0.041000	-0.002087
-0.040000	-0.002087
-0.039000	0.003006
-0.038000	-0.007180
-0.037000	-0.002087
-0.036000	-0.007180
-0.035000	-0.002087
-0.034000	-0.002087
-0.033000	0.003006
-0.032000	0.008109
-0.031000	0.013202
-0.030000	0.008109
-0.029000	0.013202
-0.028000	0.023387
-0.027000	0.023387
-0.026000	0.018295
-0.025000	0.008109
-0.024000	0.008109
-0.023000	0.013202
-0.022000	0.008109
-0.021000	0.003006
-0.020000	-0.007180
-0.019000	-0.007180
-0.018000	-0.017376
-0.017000	-0.017376
-0.016000	-0.027562
-0.015000	-0.022469
-0.014000	-0.027562
-0.013000	-0.037758
-0.012000	-0.032665
-0.011000	-0.032665
-0.010000	-0.027562
-0.009000	-0.047954
-0.008000	-0.053047
-0.007000	-0.047954
-0.006000	-0.042851
-0.005000	-0.053047
-0.004000	-0.058140
-0.003000	-0.053047
-0.002000	-0.037758
-0.001000	-0.022469
0.000000	-0.002087
0.001000	-0.012283
0.002000	0.013202
0.003000	0.038677
0.004000	0.033584
0.005000	0.059058
0.006000	0.079451
0.007000	0.099833
0.008000	0.110018
0.009000	0.145689
0.010000	0.171175
0.011000	0.186453
0.012000	0.196649
0.013000	0.211938
0.014000	0.222124
0.015000	0.217031
0.016000	0.211938
0.017000	0.211938
0.018000	0.211938
0.019000	0.196649
0.020000	0.171175
0.021000	0.145689
0.022000	0.140596
0.023000	0.115111
0.024000	0.084544
0.025000	0.059058
0.026000	0.059058
0.027000	0.053966
0.028000	0.048873
0.029000	0.043780
0.030000	0.038677
0.031000	0.064162
0.032000	0.099833
0.033000	0.130400
0.034000	0.043780
0.035000	-0.124389
0.036000	-0.170246
0.037000	-0.073429
0.038000	0.094729
0.039000	0.003006
0.040000	-0.160060
0.041000	-0.134575
0.042000	0.003006
0.043000	0.130400
0.044000	0.048873
0.045000	-0.042851
0.046000	0.003006
0.047000	0.084544
0.048000	0.079451
0.049000	-0.053047
0.050000	-0.032665
0.051000	0.079451
0.052000	0.079451
0.053000	0.048873
0.054000	-0.007180
0.055000	0.053966
0.056000	0.166071
0.057000	0.099833
0.058000	0.089636
0.059000	0.181360
0.060000	0.227227
0.061000	0.262898
0.062000	0.456532
0.063000	0.298569
0.064000	0.160978
0.065000	-0.149864
0.066000	-0.093811
0.067000	0.400479
0.068000	0.278177
0.069000	-0.170246
0.070000	-0.475995
0.071000	-0.216113
0.072000	0.385190
0.073000	0.405582
0.074000	0.120215
0.075000	0.008109
0.076000	0.232320
0.077000	0.125307
0.078000	-0.221206
0.079000	-0.221206
0.080000	0.115111
0.081000	0.318951
0.082000	-0.058140
0.083000	-0.715495
0.084000	-0.323126
0.085000	0.492203
0.086000	0.410675
0.087000	-0.272166
0.088000	-0.491284
0.089000	0.130400
0.090000	0.736806
0.091000	0.232320
0.092000	-0.460706
0.093000	-0.348600
0.094000	0.242516
0.095000	0.334240
0.096000	-0.211020
0.097000	-0.475995
0.098000	-0.032665
0.099000	0.487110
0.100000	0.140596
0.101000	-0.394467
0.102000	-0.267073
0.103000	0.140596
0.104000	0.232320
0.105000	-0.063233
0.106000	-0.292548
0.107000	-0.053047
0.108000	0.211938
0.109000	-0.053047
0.110000	-0.425035
0.111000	-0.236495
0.112000	0.196649
0.113000	0.298569
0.114000	-0.139678
0.115000	-0.414849
0.116000	-0.104007
0.117000	0.227227
0.118000	0.028491
0.119000	-0.338415
0.120000	-0.216113
0.121000	0.120215
0.122000	0.115111
0.123000	-0.211020
0.124000	-0.394467
0.125000	-0.047954
0.126000	0.242516
0.127000	-0.022469
0.128000	-0.404653
0.129000	-0.318022
0.130000	0.166071
0.131000	0.247609
0.132000	-0.221206
0.133000	-0.450520
0.134000	-0.124389
0.135000	0.262898
0.136000	0.069255
0.137000	-0.343508
0.138000	-0.292548
0.139000	0.074348
0.140000	0.110018
0.141000	-0.236495
0.142000	-0.409757
0.143000	-0.058140
0.144000	0.257795
0.145000	-0.047954
0.146000	-0.475995
0.147000	-0.368982
0.148000	0.079451
0.149000	0.094729
0.150000	-0.333311
0.151000	-0.491284
0.152000	-0.124389
0.153000	0.150782
0.154000	-0.144771
0.155000	-0.552430
0.156000	-0.399560
0.157000	0.069255
0.158000	0.145689
0.159000	-0.282351
0.160000	-0.501480
0.161000	-0.170246
0.162000	0.120215
0.163000	-0.114193
0.164000	-0.547337
0.165000	-0.450520
0.166000	0.069255
0.167000	0.181360
0.168000	-0.241588
0.169000	-0.506573
0.170000	0.130400
0.171000	0.818334
0.172000	0.492203
0.173000	0.497306
0.174000	0.176267
0.175000	0.492203
0.176000	0.120215
0.177000	-0.776652
0.178000	-0.318022
0.179000	0.089636
0.180000	0.359715
0.181000	-0.170246
0.182000	-0.791941
0.183000	-0.613586
0.184000	-0.302744
0.185000	0.064162
0.186000	-0.307837
0.187000	-0.802126
0.188000	-0.368982
0.189000	-0.012283
0.190000	-0.231402
0.191000	-0.455613
0.192000	-0.312929
0.193000	-0.002087
0.194000	-0.139678
0.195000	-0.450520
0.196000	-0.277259
0.197000	0.104926
0.198000	0.375004
0.199000	0.059058
0.200000	-0.455613
0.201000	-0.205917
0.202000	0.211938
0.203000	0.369911
0.204000	0.079451
0.205000	-0.129482
0.206000	0.171175
0.207000	0.232320
0.208000	-0.078522
0.209000	-0.205917
0.210000	0.064162
0.211000	0.420861
0.212000	0.247609
0.213000	-0.195731
0.214000	-0.307837
0.215000	0.028491
0.216000	0.217031
0.217000	-0.093811
0.218000	-0.419942
0.219000	-0.160060
0.220000	0.110018
0.221000	-0.037758
0.222000	-0.379178
0.223000	-0.470902
0.224000	-0.017376
0.225000	0.176267
0.226000	-0.170246
0.227000	-0.475995
0.228000	-0.532048
0.229000	0.069255
0.230000	0.308755
0.231000	-0.272166
0.232000	-0.190628
0.233000	0.018295
0.234000	0.354622
0.235000	0.375004
0.236000	-0.012283
0.237000	0.079451
0.238000	0.267991
0.239000	0.482017
0.240000	0.451439
0.241000	0.456532
0.242000	0.425964
0.243000	0.558451
0.244000	0.767374
0.245000	0.522781
0.246000	0.201742
0.247000	0.217031
0.248000	0.833623
0.249000	0.767374
0.250000	0.089636
0.251000	-0.047954
0.252000	0.843819
0.253000	1.440030
0.254000	0.940636
0.255000	0.650175
0.256000	1.429830
0.257000	2.240070
0.258000	1.597990
0.259000	0.471821
0.260000	0.482017
0.261000	1.154660
0.262000	1.276960
0.263000	0.410675
0.264000	0.043780
0.265000	0.425964
0.266000	0.706228
0.267000	-0.032665
0.268000	-0.990677
0.269000	-0.766455
0.270000	-0.068336
0.271000	-0.160060
0.272000	-1.021240
0.273000	-1.535930
0.274000	-1.072200
0.275000	-0.720599
0.276000	-1.209800
0.277000	-1.897730
0.278000	-1.683700
0.279000	-0.781744
0.280000	-0.766455
0.281000	-1.479870
0.282000	-1.760140
0.283000	-1.087490
0.284000	-0.537151
0.285000	-0.965192
0.286000	-1.612360
0.287000	-1.225080
0.288000	-0.180442
0.289000	-0.114193
0.290000	-0.924428
0.291000	-1.163930
0.292000	-0.318022
0.293000	0.369911
0.294000	-0.175349
0.295000	-0.827612
0.296000	-0.409757
0.297000	0.512584
0.298000	0.497306
0.299000	-0.348600
0.300000	-0.516759
0.301000	0.273084
0.302000	0.869294
0.303000	0.431057
0.304000	-0.205917
0.305000	0.084544
0.306000	0.915161
0.307000	0.925347
0.308000	0.140596
0.309000	-0.037758
0.310000	0.736806
0.311000	1.185240
0.312000	0.594122
0.313000	-0.047954
0.314000	0.257795
0.315000	0.976307
0.316000	0.910058
0.317000	0.099833
0.318000	-0.134575
0.319000	0.502399
0.320000	0.813241
0.321000	0.160978
0.322000	-0.628875
0.323000	-0.348600
0.324000	0.512584
0.325000	0.594122
0.326000	0.018295
0.327000	-0.593204
0.328000	-0.221206
0.329000	0.094729
0.330000	-0.098904
0.331000	-0.149864
0.332000	-0.119286
0.333000	0.028491
0.334000	-0.160060
0.335000	-0.608483
0.336000	-0.730784
0.337000	-0.384271
0.338000	0.059058
0.339000	-0.002087
0.340000	-0.368982
0.341000	-0.511666
0.342000	-0.409757
0.343000	-0.353693
0.344000	-0.414849
0.345000	-0.486191
0.346000	-0.409757
0.347000	-0.481088
0.348000	-0.583008
0.349000	-0.501480
0.350000	-0.562626
0.351000	-0.705310
0.352000	-0.807219
0.353000	-0.679825
0.354000	-0.516759
0.355000	-0.766455
0.356000	-0.756270
0.357000	-0.389364
0.358000	-0.272166
0.359000	-0.414849
0.360000	-0.771548
0.361000	-0.735888
0.362000	-0.379178
0.363000	-0.129482
0.364000	-0.221206
0.365000	-0.440324
0.366000	-0.256877
0.367000	0.028491
0.368000	-0.058140
0.369000	-0.261969
0.370000	-0.205917
0.371000	0.110018
0.372000	0.278177
0.373000	-0.042851
0.374000	-0.261969
0.375000	-0.073429
0.376000	0.191556
0.377000	0.171175
0.378000	-0.129482
0.379000	-0.139678
0.380000	0.145689
0.381000	0.201742
0.382000	-0.002087
0.383000	-0.261969
0.384000	-0.129482
0.385000	0.186453
0.386000	0.104926
0.387000	-0.144771
0.388000	-0.338415
0.389000	-0.093811
0.390000	0.120215
0.391000	-0.185535
0.392000	-0.425035
0.393000	-0.282351
0.394000	0.064162
0.395000	-0.017376
0.396000	-0.430138
0.397000	-0.455613
0.398000	-0.200824
0.399000	0.018295
0.400000	-0.205917
0.401000	-0.547337
0.402000	-0.409757
0.403000	-0.154957
0.404000	-0.185535
0.405000	-0.475995
0.406000	-0.577915
0.407000	-0.267073
0.408000	-0.185535
0.409000	-0.435231
0.410000	-0.588101
0.411000	-0.501480
0.412000	-0.144771
0.413000	-0.236495
0.414000	-0.644154
0.415000	-0.537151
0.416000	-0.241588
0.417000	-0.160060
0.418000	-0.404653
0.419000	-0.577915
0.420000	-0.292548
0.421000	-0.017376
0.422000	-0.144771
0.423000	-0.521862
0.424000	-0.384271
0.425000	0.023387
0.426000	-0.002087
0.427000	-0.318022
0.428000	-0.419942
0.429000	-0.093811
0.430000	0.084544
0.431000	-0.175349
0.432000	-0.307837
0.433000	-0.073429
0.434000	0.145689
0.435000	0.013202
0.436000	-0.302744
0.437000	-0.139678
0.438000	0.140596
0.439000	0.206845
0.440000	0.038677
0.441000	-0.149864
0.442000	0.079451
0.443000	0.186453
0.444000	-0.175349
0.445000	-0.195731
0.446000	0.160978
0.447000	0.242516
0.448000	-0.109100
0.449000	-0.338415
0.450000	-0.088718
0.451000	0.130400
0.452000	-0.098904
0.453000	-0.394467
0.454000	-0.287455
0.455000	0.160978
0.456000	0.176267
0.457000	-0.297640
0.458000	-0.374086
0.459000	-0.063233
0.460000	0.125307
0.461000	-0.185535
0.462000	-0.613586
0.463000	-0.272166
0.464000	0.201742
0.465000	0.110018
0.466000	-0.374086
0.467000	-0.690021
0.468000	-0.200824
0.469000	0.140596
0.470000	-0.211020
0.471000	-0.567719
0.472000	-0.368982
0.473000	0.099833
0.474000	0.043780
0.475000	-0.404653
0.476000	-0.608483
0.477000	-0.129482
0.478000	0.273084
0.479000	-0.180442
0.480000	-0.613586
0.481000	-0.312929
0.482000	0.211938
0.483000	0.191556
0.484000	-0.379178
0.485000	-0.552430
0.486000	0.008109
0.487000	0.232320
0.488000	-0.012283
0.489000	-0.384271
0.490000	-0.216113
0.491000	0.232320
0.492000	0.191556
0.493000	-0.256877
0.494000	-0.409757
0.495000	0.130400
0.496000	0.461635
0.497000	-0.109100
0.498000	-0.425035
0.499000	-0.088718
0.500000	0.273084
0.501000	0.222124
0.502000	-0.256877
0.503000	-0.343508
0.504000	0.160978
0.505000	0.242516
0.506000	-0.200824
0.507000	-0.368982
0.508000	-0.083625
0.509000	0.273084
0.510000	0.053966
0.511000	-0.394467
0.512000	-0.338415
0.513000	0.099833
0.514000	0.262898
0.515000	-0.195731
0.516000	-0.430138
0.517000	-0.175349
0.518000	0.150782
0.519000	0.099833
0.520000	-0.353693
0.521000	-0.389364
0.522000	0.003006
0.523000	0.160978
0.524000	-0.134575
0.525000	-0.501480
0.526000	-0.216113
0.527000	0.217031
0.528000	0.125307
0.529000	-0.297640
0.530000	-0.460706
0.531000	-0.002087
0.532000	0.288373
0.533000	-0.078522
0.534000	-0.404653
0.535000	-0.154957
0.536000	0.186453
0.537000	0.089636
0.538000	-0.277259
0.539000	-0.282351
0.540000	0.059058
0.541000	0.201742
0.542000	-0.032665
0.543000	-0.246691
0.544000	-0.063233
0.545000	0.267991
0.546000	0.120215
0.547000	-0.333311
0.548000	-0.236495
0.549000	0.227227
0.550000	0.166071
0.551000	-0.272166
0.552000	-0.267073
0.553000	0.013202
0.554000	0.038677
0.555000	-0.277259
0.556000	-0.251784
0.557000	-0.022469
0.558000	-0.032665
0.559000	-0.119286
0.560000	-0.267073
0.561000	-0.119286
0.562000	-0.073429
0.563000	-0.124389
0.564000	-0.129482
0.565000	-0.093811
0.566000	0.069255
0.567000	-0.104007
0.568000	-0.231402
0.569000	-0.068336
0.570000	-0.022469
0.571000	-0.068336
0.572000	-0.093811
0.573000	0.053966
0.574000	0.064162
0.575000	-0.205917
0.576000	-0.149864
0.577000	0.013202
0.578000	-0.058140
0.579000	-0.073429
0.580000	-0.098904
0.581000	-0.042851
0.582000	0.013202
0.583000	-0.042851
0.584000	-0.042851
0.585000	-0.149864
0.586000	-0.037758
0.587000	0.166071
0.588000	-0.022469
0.589000	-0.093811
0.590000	-0.114193
0.591000	0.023387
0.592000	0.089636
0.593000	-0.134575
0.594000	-0.129482
0.595000	0.013202
0.596000	0.186453
0.597000	0.166071
0.598000	-0.144771
0.599000	-0.139678
0.600000	0.094729
0.601000	0.227227
0.602000	0.003006
0.603000	-0.144771
0.604000	0.064162
0.605000	0.227227
0.606000	0.140596
0.607000	-0.053047
0.608000	-0.083625
0.609000	0.135504
0.610000	0.242516
0.611000	0.089636
0.612000	-0.078522
0.613000	-0.022469
0.614000	0.252702
0.615000	0.130400
0.616000	-0.053047
0.617000	0.023387
0.618000	0.110018
0.619000	0.176267
0.620000	0.059058
0.621000	0.038677
0.622000	0.064162
0.623000	0.028491
0.624000	0.191556
0.625000	0.150782
0.626000	0.023387
0.627000	0.079451
0.628000	0.120215
0.629000	0.150782
0.630000	0.069255
0.631000	0.064162
0.632000	0.176267
0.633000	0.125307
0.634000	0.150782
0.635000	0.120215
0.636000	0.059058
0.637000	0.099833
0.638000	0.074348
0.639000	0.110018
0.640000	0.089636
0.641000	0.064162
0.642000	0.120215
0.643000	0.038677
0.644000	0.079451
0.645000	0.155886
0.646000	0.018295
0.647000	-0.037758
0.648000	0.043780
0.649000	0.099833
0.650000	0.069255
0.651000	0.018295
0.652000	-0.012283
0.653000	-0.032665
0.654000	0.043780
0.655000	0.145689
0.656000	0.013202
0.657000	-0.139678
0.658000	0.089636
0.659000	0.303662
0.660000	0.018295
0.661000	-0.231402
0.662000	0.008109
0.663000	0.288373
0.664000	0.130400
0.665000	-0.144771
0.666000	-0.027562
0.667000	0.160978
0.668000	0.115111
0.669000	0.038677
0.670000	-0.007180
0.671000	0.064162
0.672000	0.196649
0.673000	0.160978
0.674000	0.023387
0.675000	-0.032665
0.676000	0.094729
0.677000	0.181360
0.678000	0.104926
0.679000	0.003006
0.680000	0.038677
0.681000	0.181360
0.682000	0.186453
0.683000	0.038677
0.684000	-0.012283
0.685000	0.166071
0.686000	0.303662
0.687000	0.145689
0.688000	-0.053047
0.689000	0.125307
0.690000	0.303662
0.691000	0.130400
0.692000	-0.022469
0.693000	0.079451
0.694000	0.293466
0.695000	0.201742
0.696000	0.028491
0.697000	0.069255
0.698000	0.110018
0.699000	0.217031
0.700000	0.262898
0.701000	0.120215
0.702000	0.028491
0.703000	0.120215
0.704000	0.329137
0.705000	0.191556
0.706000	-0.058140
0.707000	0.038677
0.708000	0.283280
0.709000	0.293466
0.710000	0.038677
0.711000	-0.053047
0.712000	0.145689
0.713000	0.318951
0.714000	0.196649
0.715000	-0.002087
0.716000	0.079451
0.717000	0.283280
0.718000	0.278177
0.719000	0.110018
0.720000	0.048873
0.721000	0.181360
0.722000	0.293466
0.723000	0.196649
0.724000	0.120215
0.725000	0.150782
0.726000	0.242516
0.727000	0.283280
0.728000	0.145689
0.729000	0.079451
0.730000	0.191556
0.731000	0.324044
0.732000	0.242516
0.733000	0.064162
0.734000	0.110018
0.735000	0.313848
0.736000	0.334240
0.737000	0.160978
0.738000	0.069255
0.739000	0.262898
0.740000	0.390293
0.741000	0.242516
0.742000	0.104926
0.743000	0.181360
0.744000	0.375004
0.745000	0.375004
0.746000	0.171175
0.747000	0.110018
0.748000	0.283280
0.749000	0.425964
0.750000	0.293466
0.751000	0.104926
0.752000	0.176267
0.753000	0.359715
0.754000	0.359715
0.755000	0.206845
0.756000	0.130400
0.757000	0.273084
0.758000	0.390293
0.759000	0.303662
0.760000	0.115111
0.761000	0.125307
0.762000	0.324044
0.763000	0.375004
0.764000	0.176267
0.765000	0.043780
0.766000	0.196649
0.767000	0.354622
0.768000	0.211938
0.769000	0.013202
0.770000	0.074348
0.771000	0.273084
0.772000	0.283280
0.773000	0.064162
0.774000	-0.027562
0.775000	0.140596
0.776000	0.262898
0.777000	0.135504
0.778000	-0.063233
0.779000	-0.012283
0.780000	0.206845
0.781000	0.232320
0.782000	0.008109
0.783000	-0.104007
0.784000	0.094729
0.785000	0.273084
0.786000	0.125307
0.787000	-0.093811
0.788000	-0.053047
0.789000	0.166071
0.790000	0.196649
0.791000	-0.032665
0.792000	-0.104007
0.793000	0.084544
0.794000	0.232320
0.795000	0.110018
0.796000	-0.083625
0.797000	-0.022469
0.798000	0.201742
0.799000	0.242516
0.800000	0.043780
0.801000	-0.078522
0.802000	0.079451
0.803000	0.242516
0.804000	0.120215
0.805000	-0.078522
0.806000	-0.017376
0.807000	0.232320
0.808000	0.267991
0.809000	0.023387
0.810000	-0.058140
0.811000	0.140596
0.812000	0.288373
0.813000	0.176267
0.814000	0.003006
0.815000	0.074348
0.816000	0.267991
0.817000	0.262898
0.818000	0.084544
0.819000	-0.007180
0.820000	0.140596
0.821000	0.308755
0.822000	0.227227
0.823000	0.048873
0.824000	0.074348
0.825000	0.252702
0.826000	0.303662
0.827000	0.166071
0.828000	0.064162
0.829000	0.166071
0.830000	0.359715
0.831000	0.303662
0.832000	0.089636
0.833000	0.094729
0.834000	0.278177
0.835000	0.334240
0.836000	0.166071
0.837000	0.094729
0.838000	0.196649
0.839000	0.308755
0.840000	0.283280
0.841000	0.135504
0.842000	0.084544
0.843000	0.196649
0.844000	0.283280
0.845000	0.222124
0.846000	0.084544
0.847000	0.099833
0.848000	0.237413
0.849000	0.222124
0.850000	0.110018
0.851000	0.135504
0.852000	0.171175
0.853000	0.171175
0.854000	0.176267
0.855000	0.099833
0.856000	0.033584
0.857000	0.104926
0.858000	0.171175
0.859000	0.110018
0.860000	0.018295
0.861000	0.043780
0.862000	0.125307
0.863000	0.048873
0.864000	-0.058140
0.865000	0.125307
0.866000	0.155886
0.867000	-0.047954
0.868000	-0.017376
0.869000	0.084544
0.870000	0.028491
0.871000	-0.053047
0.872000	-0.058140
0.873000	0.059058
0.874000	0.079451
0.875000	0.008109
0.876000	-0.053047
0.877000	-0.073429
0.878000	0.069255
0.879000	0.145689
0.880000	-0.007180
0.881000	-0.088718
0.882000	0.053966
0.883000	0.176267
0.884000	0.003006
0.885000	-0.149864
0.886000	0.059058
0.887000	0.155886
0.888000	0.033584
0.889000	-0.007180
0.890000	0.028491
0.891000	0.018295
0.892000	0.115111
0.893000	0.145689
0.894000	0.003006
0.895000	-0.068336
0.896000	0.094729
0.897000	0.191556
0.898000	0.013202
0.899000	-0.114193
0.900000	0.043780
0.901000	0.191556
0.902000	0.079451
0.903000	-0.053047
0.904000	-0.012283
0.905000	0.115111
0.906000	0.217031
0.907000	0.089636
0.908000	-0.119286
0.909000	0.028491
0.910000	0.242516
0.911000	0.064162
0.912000	-0.114193
0.913000	0.053966
0.914000	0.211938
0.915000	0.084544
0.916000	-0.078522
0.917000	0.038677
0.918000	0.160978
0.919000	0.104926
0.920000	0.089636
0.921000	0.053966
0.922000	0.028491
0.923000	0.043780
0.924000	0.130400
0.925000	0.125307
0.926000	-0.058140
0.927000	-0.037758
0.928000	0.171175
0.929000	0.150782
0.930000	-0.042851
0.931000	-0.078522
0.932000	0.140596
0.933000	0.191556
0.934000	-0.002087
0.935000	-0.083625
0.936000	0.003006
0.937000	0.104926
0.938000	0.099833
0.939000	-0.058140
0.940000	-0.098904
0.941000	0.033584
0.942000	0.079451
0.943000	0.038677
0.944000	-0.058140
0.945000	-0.027562
0.946000	0.074348
0.947000	0.059058
0.948000	-0.012283
0.949000	-0.149864
0.950000	-0.022469
0.951000	0.099833
0.952000	-0.012283
0.953000	-0.165153
0.954000	-0.160060
0.955000	0.038677
0.956000	0.099833
0.957000	-0.104007
0.958000	-0.149864
0.959000	-0.012283
0.960000	0.079451
0.961000	-0.032665
0.962000	-0.195731
0.963000	-0.139678
0.964000	-0.027562
0.965000	-0.012283
0.966000	-0.119286
0.967000	-0.231402
0.968000	-0.149864
0.969000	0.018295
0.970000	-0.058140
0.971000	-0.256877
0.972000	-0.216113
0.973000	0.043780
0.974000	0.053966
0.975000	-0.160060
0.976000	-0.267073
0.977000	-0.119286
0.978000	0.018295
0.979000	-0.114193
0.980000	-0.226299
0.981000	-0.165153
0.982000	0.048873
0.983000	0.059058
0.984000	-0.180442
0.985000	-0.205917
0.986000	-0.022469
0.987000	0.053966
0.988000	-0.063233
0.989000	-0.246691
0.990000	-0.175349
0.991000	0.023387
0.992000	-0.027562
0.993000	-0.185535
0.994000	-0.221206
0.995000	-0.037758
0.996000	0.023387
0.997000	-0.119286
0.998000	-0.154957
0.999000	-0.124389
1.000000	-0.002087
1.001000	0.018295
1.002000	-0.165153
1.003000	-0.231402
1.004000	-0.098904
1.005000	0.079451
1.006000	-0.027562
1.007000	-0.246691
1.008000	-0.124389
1.009000	0.038677
1.010000	-0.007180
1.011000	-0.093811
1.012000	-0.144771
1.013000	-0.104007
1.014000	0.008109
1.015000	-0.012283
1.016000	-0.134575
1.017000	-0.205917
1.018000	-0.063233
1.019000	0.064162
1.020000	-0.093811
1.021000	-0.277259
1.022000	-0.241588
1.023000	0.013202
1.024000	0.043780
1.025000	-0.170246
1.026000	-0.261969
1.027000	-0.119286
1.028000	-0.032665
1.029000	-0.180442
1.030000	-0.292548
1.031000	-0.170246
1.032000	0.018295
1.033000	-0.053047
1.034000	-0.277259
1.035000	-0.282351
1.036000	-0.058140
1.037000	0.018295
1.038000	-0.134575
1.039000	-0.190628
1.040000	-0.022469
1.041000	0.048873
1.042000	-0.073429
1.043000	-0.226299
1.044000	-0.226299
1.045000	-0.104007
1.046000	-0.022469
1.047000	-0.083625
1.048000	-0.195731
1.049000	-0.149864
1.050000	-0.058140
1.051000	-0.124389
1.052000	-0.282351
1.053000	-0.251784
1.054000	-0.109100
1.055000	-0.032665
1.056000	-0.124389
1.057000	-0.272166
1.058000	-0.185535
1.059000	-0.068336
1.060000	-0.093811
1.061000	-0.251784
1.062000	-0.241588
1.063000	0.003006
1.064000	0.043780
1.065000	-0.119286
1.066000	-0.256877
1.067000	-0.160060
1.068000	0.033584
1.069000	-0.002087
1.070000	-0.175349
1.071000	-0.231402
1.072000	-0.042851
1.073000	0.064162
1.074000	-0.078522
1.075000	-0.211020
1.076000	-0.104007
1.077000	0.094729
1.078000	0.043780
1.079000	-0.129482
1.080000	-0.134575
1.081000	0.023387
1.082000	0.069255
1.083000	-0.073429
1.084000	-0.160060
1.085000	-0.053047
1.086000	0.084544
1.087000	0.048873
1.088000	-0.093811
1.089000	-0.098904
1.090000	0.033584
1.091000	0.089636
1.092000	0.003006
1.093000	-0.078522
1.094000	-0.017376
1.095000	0.059058
1.096000	0.033584
1.097000	-0.068336
1.098000	-0.058140
1.099000	0.053966
1.100000	0.089636
1.101000	-0.012283
1.102000	-0.063233
1.103000	0.038677
1.104000	0.115111
1.105000	0.048873
1.106000	-0.042851
1.107000	0.008109
1.108000	0.048873
1.109000	0.043780
1.110000	-0.007180
1.111000	-0.032665
1.112000	0.043780
1.113000	0.069255
1.114000	0.053966
1.115000	-0.017376
1.116000	-0.017376
1.117000	0.059058
1.118000	0.079451
1.119000	0.028491
1.120000	-0.037758
1.121000	-0.007180
1.122000	0.069255
1.123000	0.064162
1.124000	-0.022469
1.125000	-0.063233
1.126000	0.033584
1.127000	0.104926
1.128000	0.038677
1.129000	-0.063233
1.130000	-0.027562
1.131000	0.069255
1.132000	0.048873
1.133000	-0.058140
1.134000	-0.098904
1.135000	0.008109
1.136000	0.084544
1.137000	0.008109
1.138000	-0.104007
1.139000	-0.093811
1.140000	0.038677
1.141000	0.064162
1.142000	-0.063233
1.143000	-0.124389
1.144000	-0.042851
1.145000	0.053966
1.146000	-0.037758
1.147000	-0.160060
1.148000	-0.124389
1.149000	0.008109
1.150000	0.003006
1.151000	-0.124389
1.152000	-0.165153
1.153000	-0.063233
1.154000	-0.002087
1.155000	-0.068336
1.156000	-0.170246
1.157000	-0.144771
1.158000	-0.027562
1.159000	-0.017376
1.160000	-0.144771
1.161000	-0.205917
1.162000	-0.088718
1.163000	0.008109
1.164000	-0.083625
1.165000	-0.200824
1.166000	-0.129482
1.167000	0.003006
1.168000	-0.022469
1.169000	-0.154957
1.170000	-0.170246
1.171000	-0.037758
1.172000	0.018295
1.173000	-0.098904
1.174000	-0.195731
1.175000	-0.109100
1.176000	0.023387
1.177000	-0.002087
1.178000	-0.180442
1.179000	-0.190628
1.180000	-0.002087
1.181000	0.043780
1.182000	-0.088718
1.183000	-0.205917
1.184000	-0.119286
1.185000	0.023387
1.186000	-0.002087
1.187000	-0.139678
1.188000	-0.165153
1.189000	-0.032665
1.190000	0.038677
1.191000	-0.047954
1.192000	-0.149864
1.193000	-0.109100
1.194000	0.003006
1.195000	0.023387
1.196000	-0.063233
1.197000	-0.119286
1.198000	-0.053047
1.199000	0.043780
1.200000	-0.007180
1.201000	-0.114193
1.202000	-0.119286
1.203000	0.028491
1.204000	0.059058
1.205000	-0.068336
1.206000	-0.124389
1.207000	-0.027562
1.208000	0.059058
1.209000	-0.002087
1.210000	-0.098904
1.211000	-0.037758
1.212000	0.048873
1.213000	0.043780
1.214000	-0.093811
1.215000	-0.124389
1.216000	0.043780
1.217000	0.099833
1.218000	-0.027562
1.219000	-0.104007
1.220000	-0.047954
1.221000	0.064162
1.222000	0.064162
1.223000	-0.068336
1.224000	-0.068336
1.225000	0.038677
1.226000	0.099833
1.227000	-0.012283
1.228000	-0.129482
1.229000	-0.037758
1.230000	0.110018
1.231000	0.043780
1.232000	-0.098904
1.233000	-0.088718
1.234000	0.048873
1.235000	0.094729
1.236000	-0.032665
1.237000	-0.068336
1.238000	-0.027562
1.239000	0.033584
1.240000	0.074348
1.241000	-0.058140
1.242000	-0.093811
1.243000	0.003006
1.244000	0.048873
1.245000	0.008109
1.246000	-0.124389
1.247000	-0.073429
1.248000	0.084544
1.249000	0.033584
1.250000	-0.093811
1.251000	-0.129482
1.252000	-0.022469
1.253000	0.059058
1.254000	-0.027562
1.255000	-0.083625
1.256000	-0.078522
1.257000	0.003006
1.258000	0.038677
1.259000	-0.068336
1.260000	-0.088718
1.261000	-0.022469
1.262000	0.028491
1.263000	0.003006
1.264000	-0.047954
1.265000	-0.083625
1.266000	-0.037758
1.267000	0.033584
1.268000	0.018295
1.269000	-0.093811
1.270000	-0.053047
1.271000	0.003006
1.272000	0.028491
1.273000	-0.017376
1.274000	-0.063233
1.275000	-0.027562
1.276000	-0.032665
1.277000	-0.002087
1.278000	-0.037758
1.279000	-0.078522
1.280000	-0.012283
1.281000	0.013202
1.282000	-0.068336
1.283000	-0.053047
1.284000	-0.027562
1.285000	-0.027562
1.286000	-0.012283
1.287000	-0.002087
1.288000	-0.022469
1.289000	-0.083625
1.290000	0.008109
1.291000	0.033584
1.292000	-0.078522
1.293000	-0.037758
1.294000	0.038677
1.295000	-0.012283
1.296000	-0.047954
1.297000	-0.042851
1.298000	-0.007180
1.299000	-0.063233
1.300000	-0.022469
1.301000	0.038677
1.302000	-0.022469
1.303000	-0.098904
1.304000	-0.032665
1.305000	0.079451
1.306000	-0.027562
1.307000	-0.104007
1.308000	-0.037758
1.309000	0.048873
1.310000	-0.007180
1.311000	-0.119286
1.312000	-0.104007
1.313000	0.003006
1.314000	0.053966
1.315000	-0.068336
1.316000	-0.093811
1.317000	-0.032665
1.318000	0.013202
1.319000	0.003006
1.320000	-0.058140
1.321000	-0.022469
1.322000	-0.002087
1.323000	-0.017376
1.324000	-0.022469
1.325000	-0.032665
1.326000	-0.053047
1.327000	-0.012283
1.328000	0.003006
1.329000	-0.047954
1.330000	-0.129482
1.331000	-0.068336
1.332000	0.089636
1.333000	0.038677
1.334000	-0.160060
1.335000	-0.129482
1.336000	0.069255
1.337000	0.104926
1.338000	-0.109100
1.339000	-0.180442
1.340000	0.023387
1.341000	0.079451
1.342000	-0.027562
1.343000	-0.144771
1.344000	-0.114193
1.345000	0.028491
1.346000	0.089636
1.347000	-0.047954
1.348000	-0.200824
1.349000	-0.053047
1.350000	0.160978
1.351000	0.064162
1.352000	-0.160060
1.353000	-0.139678
1.354000	0.048873
1.355000	0.125307
1.356000	0.013202
1.357000	-0.129482
1.358000	-0.073429
1.359000	0.099833
1.360000	0.125307
1.361000	-0.119286
1.362000	-0.226299
1.363000	0.023387
1.364000	0.166071
1.365000	-0.027562
1.366000	-0.226299
1.367000	-0.073429
1.368000	0.120215
1.369000	0.048873
1.370000	-0.149864
1.371000	-0.185535
1.372000	-0.002087
1.373000	0.079451
1.374000	-0.073429
1.375000	-0.180442
1.376000	-0.083625
1.377000	0.059058
1.378000	-0.007180
1.379000	-0.180442
1.380000	-0.160060
1.381000	-0.027562
1.382000	0.048873
1.383000	-0.058140
1.384000	-0.190628
1.385000	-0.124389
1.386000	0.018295
1.387000	0.008109
1.388000	-0.088718
1.389000	-0.134575
1.390000	-0.022469
1.391000	0.064162
1.392000	-0.027562
1.393000	-0.154957
1.394000	-0.124389
1.395000	0.013202
1.396000	0.043780
1.397000	-0.098904
1.398000	-0.154957
1.399000	-0.068336
1.400000	0.018295
1.401000	-0.042851
1.402000	-0.149864
1.403000	-0.144771
1.404000	-0.027562
1.405000	0.013202
1.406000	-0.083625
1.407000	-0.165153
1.408000	-0.093811
1.409000	0.023387
1.410000	-0.007180
1.411000	-0.139678
1.412000	-0.165153
1.413000	-0.032665
1.414000	0.023387
1.415000	-0.093811
1.416000	-0.205917
1.417000	-0.124389
1.418000	0.028491
1.419000	0.018295
1.420000	-0.114193
1.421000	-0.134575
1.422000	-0.017376
1.423000	0.059058
1.424000	-0.012283
1.425000	-0.104007
1.426000	-0.068336
1.427000	0.048873
1.428000	0.043780
1.429000	-0.053047
1.430000	-0.093811
1.431000	-0.012283
1.432000	0.079451
1.433000	0.038677
1.434000	-0.073429
1.435000	-0.058140
1.436000	0.048873
1.437000	0.099833
1.438000	-0.002087
1.439000	-0.083625
1.440000	0.008109
1.441000	0.094729
1.442000	0.053966
1.443000	-0.068336
1.444000	-0.047954
1.445000	0.069255
1.446000	0.094729
1.447000	0.018295
1.448000	-0.007180
1.449000	0.038677
1.450000	0.074348
1.451000	0.053966
1.452000	0.003006
1.453000	-0.002087
1.454000	0.043780
1.455000	0.074348
1.456000	0.048873
1.457000	0.003006
1.458000	0.028491
1.459000	0.069255
1.460000	0.079451
1.461000	0.028491
1.462000	0.003006
1.463000	0.043780
1.464000	0.084544
1.465000	0.059058
1.466000	0.008109
1.467000	-0.007180
1.468000	0.053966
1.469000	0.084544
1.470000	0.033584
1.471000	0.008109
1.472000	0.028491
1.473000	0.084544
1.474000	0.059058
1.475000	0.013202
1.476000	0.008109
1.477000	0.059058
1.478000	0.089636
1.479000	0.053966
1.480000	-0.002087
1.481000	0.003006
1.482000	0.069255
1.483000	0.089636
1.484000	0.023387
1.485000	-0.042851
1.486000	0.008109
1.487000	0.064162
1.488000	0.064162
1.489000	-0.022469
1.490000	-0.053047
1.491000	0.038677
1.492000	0.094729
1.493000	0.018295
1.494000	-0.078522
1.495000	-0.042851
1.496000	0.048873
1.497000	0.033584
1.498000	-0.063233
1.499000	-0.093811
1.500000	-0.027562
1.501000	0.018295
1.502000	-0.037758
1.503000	-0.104007
1.504000	-0.068336
1.505000	-0.002087
1.506000	0.003006
1.507000	-0.083625
1.508000	-0.104007
1.509000	-0.042851
1.510000	0.013202
1.511000	-0.063233
1.512000	-0.134575
1.513000	-0.073429
1.514000	0.013202
1.515000	-0.022469
1.516000	-0.114193
1.517000	-0.119286
1.518000	-0.032665
1.519000	-0.017376
1.520000	-0.068336
1.521000	-0.124389
1.522000	-0.093811
1.523000	-0.012283
1.524000	-0.042851
1.525000	-0.104007
1.526000	-0.104007
1.527000	-0.042851
1.528000	-0.017376
1.529000	-0.078522
1.530000	-0.104007
1.531000	-0.068336
1.532000	0.003006
1.533000	0.018295
1.534000	-0.083625
1.535000	-0.119286
1.536000	-0.047954
1.537000	-0.012283
1.538000	-0.063233
1.539000	-0.129482
1.540000	-0.093811
1.541000	0.018295
1.542000	0.003006
1.543000	-0.093811
1.544000	-0.088718
1.545000	0.018295
1.546000	0.048873
1.547000	-0.042851
1.548000	-0.063233
1.549000	0.018295
1.550000	0.018295
1.551000	-0.032665
1.552000	-0.042851
1.553000	-0.022469
1.554000	-0.017376
1.555000	0.018295
1.556000	0.003006
1.557000	-0.058140
1.558000	-0.032665
1.559000	0.053966
1.560000	0.043780
1.561000	-0.058140
1.562000	-0.042851
1.563000	-0.012283
1.564000	0.038677
1.565000	0.003006
1.566000	-0.073429
1.567000	-0.032665
1.568000	0.064162
1.569000	0.048873
1.570000	-0.088718
1.571000	-0.083625
1.572000	0.059058
1.573000	0.089636
1.574000	0.003006
1.575000	-0.063233
1.576000	-0.047954
1.577000	0.028491
1.578000	0.043780
1.579000	-0.032665
1.580000	-0.068336
1.581000	0.008109
1.582000	0.084544
1.583000	-0.007180
1.584000	-0.119286
1.585000	-0.037758
1.586000	0.069255
1.587000	0.059058
1.588000	-0.073429
1.589000	-0.088718
1.590000	-0.012283
1.591000	0.038677
1.592000	0.013202
1.593000	-0.073429
1.594000	-0.058140
1.595000	0.028491
1.596000	0.089636
1.597000	0.043780
1.598000	-0.098904
1.599000	-0.042851
1.600000	0.094729
1.601000	0.059058
1.602000	-0.068336
1.603000	-0.073429
1.604000	0.038677
1.605000	0.064162
1.606000	0.008109
1.607000	-0.068336
1.608000	-0.073429
1.609000	0.033584
1.610000	0.120215
1.611000	-0.002087
1.612000	-0.093811
1.613000	-0.007180
1.614000	0.074348
1.615000	0.018295
1.616000	-0.068336
1.617000	-0.002087
1.618000	0.069255
1.619000	0.043780
1.620000	-0.032665
1.621000	-0.042851
1.622000	0.028491
1.623000	0.074348
1.624000	0.018295
1.625000	-0.068336
1.626000	-0.037758
1.627000	0.079451
1.628000	0.008109
1.629000	-0.093811
1.630000	-0.053047
1.631000	0.018295
1.632000	0.064162
1.633000	-0.027562
1.634000	-0.104007
1.635000	-0.012283
1.636000	0.064162
1.637000	-0.002087
1.638000	-0.078522
1.639000	-0.053047
1.640000	0.018295
1.641000	0.028491
1.642000	-0.037758
1.643000	-0.098904
1.644000	-0.063233
1.645000	0.038677
1.646000	0.038677
1.647000	-0.053047
1.648000	-0.063233
1.649000	0.048873
1.650000	0.043780
1.651000	-0.073429
1.652000	-0.078522
1.653000	-0.007180
1.654000	0.038677
1.655000	-0.007180
1.656000	-0.078522
1.657000	-0.058140
1.658000	-0.022469
1.659000	0.053966
1.660000	-0.007180
1.661000	-0.114193
1.662000	-0.042851
1.663000	0.048873
1.664000	0.023387
1.665000	-0.068336
1.666000	-0.053047
1.667000	0.048873
1.668000	-0.002087
1.669000	-0.073429
1.670000	-0.027562
1.671000	0.018295
1.672000	0.018295
1.673000	-0.022469
1.674000	-0.022469
1.675000	-0.007180
1.676000	-0.012283
1.677000	0.008109
1.678000	-0.032665
1.679000	-0.027562
1.680000	0.043780
1.681000	0.013202
1.682000	-0.032665
1.683000	-0.027562
1.684000	0.043780
1.685000	0.069255
1.686000	0.003006
1.687000	0.003006
1.688000	0.038677
1.689000	0.079451
1.690000	0.064162
1.691000	-0.012283
1.692000	0.013202
1.693000	0.084544
1.694000	0.104926
1.695000	0.033584
1.696000	-0.022469
1.697000	0.048873
1.698000	0.104926
1.699000	0.064162
1.700000	-0.007180
1.701000	-0.002087
1.702000	0.094729
1.703000	0.120215
1.704000	0.028491
1.705000	-0.017376
1.706000	0.059058
1.707000	0.115111
1.708000	0.079451
1.709000	0.023387
1.710000	0.043780
1.711000	0.089636
1.712000	0.104926
1.713000	0.079451
1.714000	0.038677
1.715000	0.074348
1.716000	0.130400
1.717000	0.089636
1.718000	0.043780
1.719000	0.043780
1.720000	0.089636
1.721000	0.089636
1.722000	0.038677
1.723000	0.038677
1.724000	0.059058
1.725000	0.089636
1.726000	0.089636
1.727000	0.043780
1.728000	0.028491
1.729000	0.079451
1.730000	0.125307
1.731000	0.069255
1.732000	0.038677
1.733000	0.084544
1.734000	0.120215
1.735000	0.094729
1.736000	0.059058
1.737000	0.074348
1.738000	0.120215
1.739000	0.104926
1.740000	0.094729
1.741000	0.099833
1.742000	0.110018
1.743000	0.140596
1.744000	0.115111
1.745000	0.089636
1.746000	0.099833
1.747000	0.120215
1.748000	0.110018
1.749000	0.074348
1.750000	0.094729
1.751000	0.110018
1.752000	0.104926
1.753000	0.079451
1.754000	0.069255
1.755000	0.104926
1.756000	0.099833
1.757000	0.084544
1.758000	0.089636
1.759000	0.084544
1.760000	0.099833
1.761000	0.084544
1.762000	0.074348
1.763000	0.084544
1.764000	0.115111
1.765000	0.135504
1.766000	0.110018
1.767000	0.079451
1.768000	0.084544
1.769000	0.110018
1.770000	0.125307
1.771000	0.094729
1.772000	0.074348
1.773000	0.084544
1.774000	0.120215
1.775000	0.125307
1.776000	0.074348
1.777000	0.043780
1.778000	0.104926
1.779000	0.140596
1.780000	0.110018
1.781000	0.079451
1.782000	0.089636
1.783000	0.120215
1.784000	0.120215
1.785000	0.074348
1.786000	0.079451
1.787000	0.120215
1.788000	0.140596
1.789000	0.135504
1.790000	0.140596
1.791000	0.150782
1.792000	0.171175
1.793000	0.191556
1.794000	0.181360
1.795000	0.196649
1.796000	0.247609
1.797000	0.262898
1.798000	0.247609
1.799000	0.232320
1.800000	0.252702
1.801000	0.257795
1.802000	0.252702
1.803000	0.257795
1.804000	0.262898
1.805000	0.288373
1.806000	0.267991
1.807000	0.262898
1.808000	0.242516
1.809000	0.222124
1.810000	0.217031
1.811000	0.206845
1.812000	0.211938
1.813000	0.222124
1.814000	0.145689
1.815000	0.104926
1.816000	0.135504
1.817000	0.166071
1.818000	0.059058
1.819000	-0.053047
1.820000	0.003006
1.821000	0.053966
1.822000	0.003006
1.823000	-0.134575
1.824000	-0.170246
1.825000	-0.068336
1.826000	0.008109
1.827000	-0.083625
1.828000	-0.160060
1.829000	-0.083625
1.830000	0.013202
1.831000	-0.002087
1.832000	-0.114193
1.833000	-0.109100
1.834000	0.008109
1.835000	0.079451
1.836000	0.013202
1.837000	-0.058140
1.838000	-0.032665
1.839000	0.038677
1.840000	0.028491
1.841000	-0.053047
1.842000	-0.063233
1.843000	0.033584
1.844000	0.069255
1.845000	1.934320
1.846000	10.429000
1.847000	10.429000
1.848000	-3.722020
1.849000	-9.205100
1.850000	-0.547337
1.851000	7.794480
1.852000	1.776350
1.853000	-9.307020
1.854000	-6.840650
1.855000	2.815900
1.856000	9.425140
1.857000	2.362370
1.858000	-5.505550
1.859000	-4.379380
1.860000	3.060490
1.861000	4.278380
1.862000	-3.650680
1.863000	-6.183290
1.864000	0.150782
1.865000	6.785520
1.866000	5.022370
1.867000	-1.347380
1.868000	-4.496580
1.869000	-0.256877
1.870000	3.463050
1.871000	0.059058
1.872000	-3.930950
1.873000	-2.330870
1.874000	3.386620
1.875000	4.915360
1.876000	1.526650
1.877000	-3.451940
1.878000	-3.074860
1.879000	0.966110
1.880000	2.189110
1.881000	-1.306610
1.882000	-3.915660
1.883000	-0.211020
1.884000	4.472030
1.885000	3.152210
1.886000	-3.253200
1.887000	-4.216320
1.888000	-0.165153
1.889000	2.882130
1.890000	0.405582
1.891000	-3.299070
1.892000	-1.408530
1.893000	4.140800
1.894000	4.400680
1.895000	-1.785610
1.896000	-4.888960
1.897000	-1.138450
1.898000	3.590450
1.899000	1.740670
1.900000	-3.197150
1.901000	-2.432780
1.902000	3.503830
1.903000	5.001990
1.904000	-1.041630
1.905000	-5.046930
1.906000	-1.576690
1.907000	3.901290
1.908000	2.087190
1.909000	-3.085050
1.910000	-2.921980
1.911000	2.550910
1.912000	4.507700
1.913000	-0.695114
1.914000	-5.306820
1.915000	-2.769110
1.916000	3.177700
1.917000	3.106360
1.918000	-1.826390
1.919000	-2.957650
1.920000	1.363580
1.921000	4.079650
1.922000	0.166071
1.923000	-4.598500
1.924000	-2.723240
1.925000	2.795500
1.926000	3.600650
1.927000	-1.011060
1.928000	-3.018810
1.929000	0.614504
1.930000	3.544590
1.931000	0.777570
1.932000	-3.635400
1.933000	-2.723240
1.934000	2.280830
1.935000	3.845240
1.936000	-0.058140
1.937000	-2.881220
1.938000	-0.669639
1.939000	2.418420
1.940000	0.910058
1.941000	-2.758910
1.942000	-2.504120
1.943000	1.358490
1.944000	3.203170
1.945000	0.303662
1.946000	-2.595850
1.947000	-1.296420
1.948000	1.725390
1.949000	1.445120
1.950000	-1.872240
1.951000	-2.453160
1.952000	0.813241
1.953000	3.019720
1.954000	0.966110
1.955000	-2.351250
1.956000	-1.816190
1.957000	1.246380
1.958000	1.623480
1.959000	-0.893850
1.960000	-1.826390
1.961000	0.665464
1.962000	2.622250
1.963000	0.838716
1.964000	-2.009830
1.965000	-1.856950
1.966000	0.874387
1.967000	1.766160
1.968000	-0.430138
1.969000	-1.800900
1.970000	-0.114193
1.971000	2.041330
1.972000	0.935543
1.973000	-1.816190
1.974000	-1.994550
1.975000	0.527873
1.976000	1.766160
1.977000	0.079451
1.978000	-1.602170
1.979000	-0.348600
1.980000	1.654040
1.981000	0.889676
1.982000	-1.530820
1.983000	-1.913010
1.984000	0.492203
1.985000	1.985280
1.986000	0.482017
1.987000	-1.515540
1.988000	-0.842890
1.989000	1.348300
1.990000	1.399250
1.991000	-0.955006
1.992000	-1.989450
1.993000	0.130400
1.994000	2.036240
1.995000	0.787766
1.996000	-1.541020
1.997000	-1.138450
1.998000	1.098610
1.999000	1.297340
2.000000	-0.898953
2.001000	-1.862060
2.002000	0.084544
2.003000	1.919030
2.004000	0.828530
2.005000	-1.398340
2.006000	-1.367760
2.007000	0.696042
2.008000	1.429830
2.009000	-0.425035
2.010000	-1.729560
2.011000	-0.287455
2.012000	1.684620
2.013000	1.052740
2.014000	-1.158840
2.015000	-1.439100
2.016000	0.487110
2.017000	1.455310
2.018000	-0.037758
2.019000	-1.495150
2.020000	-0.368982
2.021000	1.490980
2.022000	1.057840
2.023000	-1.092590
2.024000	-1.642940
2.025000	0.232320
2.026000	1.429830
2.027000	0.201742
2.028000	-1.265850
2.029000	-0.577915
2.030000	1.159750
2.031000	1.001780
2.032000	-0.853086
2.033000	-1.459480
2.034000	0.115111
2.035000	1.445120
2.036000	0.385190
2.037000	-1.194510
2.038000	-0.705310
2.039000	0.935543
2.040000	1.006880
2.041000	-0.740981
2.042000	-1.403430
2.043000	0.099833
2.044000	1.414540
2.045000	0.522781
2.046000	-1.072200
2.047000	-0.817415
2.048000	0.696042
2.049000	0.930439
2.050000	-0.537151
2.051000	-1.306610
2.052000	-0.002087
2.053000	1.312630
2.054000	0.497306
2.055000	-1.041630
2.056000	-0.898953
2.057000	0.599215
2.058000	1.001780
2.059000	-0.353693
2.060000	-1.138450
2.061000	-0.022469
2.062000	1.220910
2.063000	0.594122
2.064000	-0.929521
2.065000	-0.960099
2.066000	0.471821
2.067000	0.966110
2.068000	-0.180442
2.069000	-1.051820
2.070000	-0.170246
2.071000	1.068030
2.072000	0.594122
2.073000	-0.837797
2.074000	-1.011060
2.075000	0.324044
2.076000	0.986503
2.077000	-0.058140
2.078000	-1.011060
2.079000	-0.292548
2.080000	0.904965
2.081000	0.573741
2.082000	-0.797033
2.083000	-1.046730
2.084000	0.237413
2.085000	0.976307
2.086000	0.064162
2.087000	-0.929521
2.088000	-0.353693
2.089000	0.792859
2.090000	0.594122
2.091000	-0.633968
2.092000	-0.975388
2.093000	0.181360
2.094000	1.001780
2.095000	0.227227
2.096000	-0.822508
2.097000	-0.465809
2.098000	0.655268
2.099000	0.645082
2.100000	-0.486191
2.101000	-0.898953
2.102000	0.135504
2.103000	0.996688
2.104000	0.318951
2.105000	-0.756270
2.106000	-0.572822
2.107000	0.502399
2.108000	0.639979
2.109000	-0.389364
2.110000	-0.878561
2.111000	0.028491
2.112000	0.874387
2.113000	0.298569
2.114000	-0.776652
2.115000	-0.639061
2.116000	0.380097
2.117000	0.599215
2.118000	-0.282351
2.119000	-0.776652
2.120000	-0.007180
2.121000	0.782663
2.122000	0.329137
2.123000	-0.633968
2.124000	-0.593204
2.125000	0.344426
2.126000	0.685846
2.127000	-0.119286
2.128000	-0.679825
2.129000	-0.042851
2.130000	0.731713
2.131000	0.349519
2.132000	-0.593204
2.133000	-0.583008
2.134000	0.288373
2.135000	0.609411
2.136000	-0.114193
2.137000	-0.644154
2.138000	-0.134575
2.139000	0.517688
2.140000	0.247609
2.141000	-0.552430
2.142000	-0.608483
2.143000	0.166071
2.144000	0.527873
2.145000	-0.063233
2.146000	-0.583008
2.147000	-0.175349
2.148000	0.466728
2.149000	0.293466
2.150000	-0.425035
2.151000	-0.511666
2.152000	0.171175
2.153000	0.532977
2.154000	0.028491
2.155000	-0.470902
2.156000	-0.149864
2.157000	0.425964
2.158000	0.313848
2.159000	-0.323126
2.160000	-0.425035
2.161000	0.196649
2.162000	0.507492
2.163000	0.048873
2.164000	-0.430138
2.165000	-0.205917
2.166000	0.329137
2.167000	0.222124
2.168000	-0.328218
2.169000	-0.425035
2.170000	0.089636
2.171000	0.425964
2.172000	0.023387
2.173000	-0.430138
2.174000	-0.216113
2.175000	0.222124
2.176000	0.217031
2.177000	-0.282351
2.178000	-0.419942
2.179000	0.110018
2.180000	0.456532
2.181000	-0.017376
2.182000	-0.526955
2.183000	-0.160060
2.184000	0.390293
2.185000	0.278177
2.186000	-0.261969
2.187000	-0.348600
2.188000	0.232320
2.189000	0.451439
2.190000	-0.058140
2.191000	-0.506573
2.192000	-0.256877
2.193000	0.410675
2.194000	0.405582
2.195000	-0.282351
2.196000	-0.486191
2.197000	0.023387
2.198000	0.548255
2.199000	0.155886
2.200000	-0.572822
2.201000	-0.287455
2.202000	0.431057
2.203000	0.318951
2.204000	-0.358797
2.205000	-0.583008
2.206000	0.038677
2.207000	0.553359
2.208000	0.048873
2.209000	-0.588101
2.210000	-0.379178
2.211000	0.364808
2.212000	0.456532
2.213000	-0.272166
2.214000	-0.552430
2.215000	0.003006
2.216000	0.482017
2.217000	0.181360
2.218000	-0.460706
2.219000	-0.399560
2.220000	0.247609
2.221000	0.461635
2.222000	-0.093811
2.223000	-0.475995
2.224000	-0.022469
2.225000	0.441243
2.226000	0.206845
2.227000	-0.282351
2.228000	-0.302744
2.229000	0.181360
2.230000	0.344426
2.231000	0.003006
2.232000	-0.267073
2.233000	-0.211020
2.234000	0.104926
2.235000	0.211938
2.236000	-0.022469
2.237000	-0.267073
2.238000	-0.195731
2.239000	0.155886
2.240000	0.206845
2.241000	-0.160060
2.242000	-0.272166
2.243000	-0.022469
2.244000	0.227227
2.245000	0.074348
2.246000	-0.246691
2.247000	-0.185535
2.248000	0.079451
2.249000	0.232320
2.250000	-0.017376
2.251000	-0.302744
2.252000	-0.124389
2.253000	0.120215
2.254000	0.104926
2.255000	-0.144771
2.256000	-0.216113
2.257000	0.018295
2.258000	0.115111
2.259000	-0.007180
2.260000	-0.205917
2.261000	-0.154957
2.262000	0.125307
2.263000	0.135504
2.264000	-0.063233
2.265000	-0.165153
2.266000	-0.012283
2.267000	0.206845
2.268000	0.069255
2.269000	-0.144771
2.270000	-0.119286
2.271000	0.094729
2.272000	0.145689
2.273000	-0.053047
2.274000	-0.175349
2.275000	-0.083625
2.276000	0.089636
2.277000	0.089636
2.278000	-0.124389
2.279000	-0.165153
2.280000	0.064162
2.281000	0.145689
2.282000	-0.002087
2.283000	-0.211020
2.284000	-0.058140
2.285000	0.196649
2.286000	0.043780
2.287000	-0.272166
2.288000	-0.236495
2.289000	0.115111
2.290000	0.171175
2.291000	-0.144771
2.292000	-0.343508
2.293000	-0.063233
2.294000	0.349519
2.295000	0.166071
2.296000	-0.277259
2.297000	-0.226299
2.298000	0.145689
2.299000	0.217031
2.300000	-0.083625
2.301000	-0.236495
2.302000	0.079451
2.303000	0.324044
2.304000	0.043780
2.305000	-0.297640
2.306000	-0.068336
2.307000	0.354622
2.308000	0.227227
2.309000	-0.312929
2.310000	-0.374086
2.311000	0.110018
2.312000	0.324044
2.313000	-0.083625
2.314000	0.752095
2.315000	1.516460
2.316000	0.461635
2.317000	-0.751166
2.318000	0.089636
2.319000	1.939410
2.320000	1.037450
2.321000	-1.744850
2.322000	-1.979260
2.323000	0.762281
2.324000	2.133050
2.325000	-0.007180
2.326000	-2.101560
2.327000	-0.725692
2.328000	1.699910
2.329000	1.256570
2.330000	-1.260750
2.331000	-1.790720
2.332000	0.619597
2.333000	2.255360
2.334000	0.548255
2.335000	-1.571600
2.336000	-0.812322
2.337000	1.740670
2.338000	1.801830
2.339000	-1.087490
2.340000	-2.116850
2.341000	0.262898
2.342000	2.143240
2.343000	0.538070
2.344000	-1.907910
2.345000	-1.270940
2.346000	1.231100
2.347000	1.485890
2.348000	-0.802126
2.349000	-1.851860
2.350000	0.018295
2.351000	1.755960
2.352000	0.548255
2.353000	-1.648030
2.354000	-1.301520
2.355000	0.981399
2.356000	1.480790
2.357000	-0.496377
2.358000	-1.607270
2.359000	-0.053047
2.360000	1.684620
2.361000	0.701135
2.362000	-1.362670
2.363000	-1.067110
2.364000	0.966110
2.365000	1.531750
2.366000	1.169950
2.367000	2.545820
2.368000	1.939410
2.369000	-1.637840
2.370000	-2.865930
2.371000	0.696042
2.372000	2.780220
2.373000	0.390293
2.374000	-2.595850
2.375000	-1.337190
2.376000	2.056620
2.377000	1.893550
2.378000	-1.449300
2.379000	-2.662100
2.380000	0.431057
2.381000	2.744550
2.382000	0.420861
2.383000	-2.565270
2.384000	-1.357570
2.385000	2.005660
2.386000	2.020950
2.387000	-1.321900
2.388000	-2.417490
2.389000	0.375004
2.390000	2.505040
2.391000	0.660371
2.392000	-2.050600
2.393000	-0.980481
2.394000	1.827310
2.395000	1.745770
2.396000	-1.062020
2.397000	-1.953780
2.398000	0.415768
2.399000	2.184010
2.400000	0.390293
2.401000	-2.142320
2.402000	-1.214890
2.403000	1.541940
2.404000	1.633660
2.405000	-0.980481
2.406000	-1.989450
2.407000	0.140596
2.408000	1.934320
2.409000	0.487110
2.410000	-1.867150
2.411000	-1.056920
2.412000	1.429830
2.413000	1.618370
2.414000	-0.593204
2.415000	-1.627650
2.416000	0.176267
2.417000	1.659150
2.418000	0.446346
2.419000	-1.530820
2.420000	-1.077300
2.421000	1.144470
2.422000	1.511370
2.423000	-0.521862
2.424000	-1.642940
2.425000	-0.042851
2.426000	1.613280
2.427000	0.614504
2.428000	-1.388150
2.429000	-1.204690
2.430000	0.920254
2.431000	1.429830
2.432000	-0.465809
2.433000	-1.642940
2.434000	-0.190628
2.435000	1.414540
2.436000	0.624700
2.437000	-1.209800
2.438000	-1.235270
2.439000	0.721517
2.440000	1.348300
2.441000	-0.134575
2.442000	-1.016150
2.443000	0.115111
2.444000	1.190330
2.445000	0.160978
2.446000	-1.219980
2.447000	-0.649257
2.448000	0.991596
2.449000	1.098610
2.450000	-0.435231
2.451000	2.082090
2.452000	4.370110
2.453000	0.415768
2.454000	-4.144980
2.455000	-1.688800
2.456000	3.442670
2.457000	2.739450
2.458000	-2.351250
2.459000	-3.691450
2.460000	0.660371
2.461000	4.033790
2.462000	0.818334
2.463000	-3.645580
2.464000	-2.142320
2.465000	2.703780
2.466000	3.014630
2.467000	-1.734660
2.468000	-3.650680
2.469000	0.369911
2.470000	3.682170
2.471000	1.073120
2.472000	-3.146200
2.473000	-2.244240
2.474000	2.158530
2.475000	2.938190
2.476000	-1.174120
2.477000	-3.380600
2.478000	0.155886
2.479000	4.594330
2.480000	2.856660
2.481000	-2.524510
2.482000	-3.737310
2.483000	1.068030
2.484000	4.018500
2.485000	0.155886
2.486000	-3.905470
2.487000	-1.535930
2.488000	3.106360
2.489000	2.749650
2.490000	-2.020020
2.491000	-3.558950
2.492000	0.609411
2.493000	3.600650
2.494000	0.599215
2.495000	-3.457040
2.496000	-1.790720
2.497000	2.770030
2.498000	2.780220
2.499000	-1.617450
2.500000	-3.416270
2.501000	0.247609
2.502000	3.422290
2.503000	0.940636
2.504000	-3.028990
2.505000	-1.969070
2.506000	2.341980
2.507000	2.820990
2.508000	-1.276030
2.509000	-3.314360
2.510000	-0.139678
2.511000	3.106360
2.512000	1.282060
2.513000	-2.636610
2.514000	-2.127030
2.515000	1.847690
2.516000	2.713980
2.517000	-0.817415
2.518000	-3.074860
2.519000	-0.465809
2.520000	2.800610
2.521000	1.445120
2.522000	-2.198380
2.523000	-2.198380
2.524000	1.353400
2.525000	2.545820
2.526000	-0.486191
2.527000	-2.774200
2.528000	-0.659443
2.529000	2.510150
2.530000	1.603090
2.531000	-1.826390
2.532000	-2.193280
2.533000	0.935543
2.534000	2.392940
2.535000	-0.149864
2.536000	-2.524510
2.537000	-0.858179
2.538000	2.153440
2.539000	1.643860
2.540000	-1.464580
2.541000	-2.218760
2.542000	0.583926
2.543000	2.326700
2.544000	0.135504
2.545000	-2.249340
2.546000	-1.000860
2.547000	1.847690
2.548000	1.710110
2.549000	-1.219980
2.550000	-2.167810
2.551000	0.329137
2.552000	2.153440
2.553000	0.395386
2.554000	-1.984350
2.555000	-1.097680
2.556000	1.562320
2.557000	1.659150
2.558000	-0.944810
2.559000	-2.050600
2.560000	0.135504
2.561000	1.980180
2.562000	0.522781
2.563000	-1.744850
2.564000	-1.189410
2.565000	1.287150
2.566000	1.638770
2.567000	-0.730784
2.568000	-1.913010
2.569000	-0.042851
2.570000	1.822210
2.571000	0.696042
2.572000	-1.581780
2.573000	-1.255650
2.574000	1.052740
2.575000	1.623480
2.576000	-0.486191
2.577000	-1.846770
2.578000	-0.272166
2.579000	1.659150
2.580000	0.869294
2.581000	-1.326990
2.582000	-1.337190
2.583000	0.808148
2.584000	1.572520
2.585000	-0.251784
2.586000	-1.704090
2.587000	-0.450520
2.588000	1.455310
2.589000	0.915161
2.590000	-1.097680
2.591000	-1.321900
2.592000	0.558451
2.593000	1.455310
2.594000	-0.073429
2.595000	-1.510440
2.596000	-0.511666
2.597000	1.297340
2.598000	0.966110
2.599000	-0.929521
2.600000	-1.326990
2.601000	0.369911
2.602000	1.353400
2.603000	0.033584
2.604000	-1.403430
2.605000	-0.572822
2.606000	1.149570
2.607000	0.966110
2.608000	-0.786837
2.609000	-1.270940
2.610000	0.283280
2.611000	1.322820
2.612000	0.166071
2.613000	-1.265850
2.614000	-0.633968
2.615000	0.986503
2.616000	0.971214
2.617000	-0.669639
2.618000	-1.265850
2.619000	0.145689
2.620000	1.246380
2.621000	0.293466
2.622000	-1.128260
2.623000	-0.705310
2.624000	0.828530
2.625000	0.981399
2.626000	-0.501480
2.627000	-1.204690
2.628000	-0.017376
2.629000	1.129180
2.630000	0.375004
2.631000	-1.000860
2.632000	-0.776652
2.633000	0.670557
2.634000	0.966110
2.635000	-0.343508
2.636000	-1.102780
2.637000	-0.078522
2.638000	1.032360
2.639000	0.446346
2.640000	-0.853086
2.641000	-0.781744
2.642000	0.543162
2.643000	0.915161
2.644000	-0.241588
2.645000	-1.041630
2.646000	-0.165153
2.647000	0.930439
2.648000	0.466728
2.649000	-0.766455
2.650000	-0.771548
2.651000	0.441243
2.652000	0.884583
2.653000	-0.154957
2.654000	-0.975388
2.655000	-0.261969
2.656000	0.803045
2.657000	0.517688
2.658000	-0.644154
2.659000	-0.781744
2.660000	0.303662
2.661000	0.838716
2.662000	-0.042851
2.663000	-0.893850
2.664000	-0.318022
2.665000	0.721517
2.666000	0.532977
2.667000	-0.547337
2.668000	-0.766455
2.669000	0.237413
2.670000	0.787766
2.671000	0.013202
2.672000	-0.802126
2.673000	-0.323126
2.674000	0.639979
2.675000	0.538070
2.676000	-0.460706
2.677000	-0.715495
2.678000	0.181360
2.679000	0.736806
2.680000	0.074348
2.681000	-0.720599
2.682000	-0.343508
2.683000	0.553359
2.684000	0.502399
2.685000	-0.394467
2.686000	-0.690021
2.687000	0.110018
2.688000	0.680753
2.689000	0.110018
2.690000	-0.664546
2.691000	-0.399560
2.692000	0.456532
2.693000	0.507492
2.694000	-0.318022
2.695000	-0.659443
2.696000	0.053966
2.697000	0.629793
2.698000	0.140596
2.699000	-0.588101
2.700000	-0.399560
2.701000	0.405582
2.702000	0.492203
2.703000	-0.251784
2.704000	-0.608483
2.705000	-0.002087
2.706000	0.563544
2.707000	0.171175
2.708000	-0.521862
2.709000	-0.404653
2.710000	0.324044
2.711000	0.466728
2.712000	-0.190628
2.713000	-0.572822
2.714000	-0.047954
2.715000	0.507492
2.716000	0.191556
2.717000	-0.465809
2.718000	-0.394467
2.719000	0.267991
2.720000	0.446346
2.721000	-0.154957
2.722000	-0.537151
2.723000	-0.083625
2.724000	0.466728
2.725000	0.211938
2.726000	-0.404653
2.727000	-0.384271
2.728000	0.232320
2.729000	0.425964
2.730000	-0.114193
2.731000	-0.481088
2.732000	-0.098904
2.733000	0.415768
2.734000	0.211938
2.735000	-0.343508
2.736000	-0.363889
2.737000	0.191556
2.738000	0.405582
2.739000	-0.073429
2.740000	-0.445417
2.741000	-0.109100
2.742000	0.364808
2.743000	0.217031
2.744000	-0.302744
2.745000	-0.358797
2.746000	0.140596
2.747000	0.359715
2.748000	-0.053047
2.749000	-0.409757
2.750000	-0.134575
2.751000	0.318951
2.752000	0.211938
2.753000	-0.272166
2.754000	-0.353693
2.755000	0.099833
2.756000	0.339333
2.757000	-0.032665
2.758000	-0.394467
2.759000	-0.154957
2.760000	0.283280
2.761000	0.211938
2.762000	-0.236495
2.763000	-0.323126
2.764000	0.084544
2.765000	0.308755
2.766000	-0.007180
2.767000	-0.348600
2.768000	-0.160060
2.769000	0.242516
2.770000	0.222124
2.771000	-0.195731
2.772000	-0.318022
2.773000	0.033584
2.774000	0.273084
2.775000	0.023387
2.776000	-0.297640
2.777000	-0.170246
2.778000	0.211938
2.779000	0.217031
2.780000	-0.160060
2.781000	-0.302744
2.782000	0.028491
2.783000	0.252702
2.784000	0.023387
2.785000	-0.267073
2.786000	-0.170246
2.787000	0.166071
2.788000	0.217031
2.789000	-0.129482
2.790000	-0.282351
2.791000	-0.012283
2.792000	0.262898
2.793000	0.069255
2.794000	-0.261969
2.795000	-0.160060
2.796000	0.166071
2.797000	0.186453
2.798000	-0.124389
2.799000	-0.272166
2.800000	-0.017376
2.801000	0.211938
2.802000	0.053966
2.803000	-0.231402
2.804000	-0.185535
2.805000	0.130400
2.806000	0.186453
2.807000	-0.104007
2.808000	-0.231402
2.809000	-0.027562
2.810000	0.171175
2.811000	0.038677
2.812000	-0.185535
2.813000	-0.139678
2.814000	0.094729
2.815000	0.150782
2.816000	-0.088718
2.817000	-0.221206
2.818000	-0.027562
2.819000	0.186453
2.820000	0.074348
2.821000	-0.170246
2.822000	-0.170246
2.823000	0.094729
2.824000	0.155886
2.825000	-0.058140
2.826000	-0.211020
2.827000	-0.037758
2.828000	0.191556
2.829000	0.074348
2.830000	-0.175349
2.831000	-0.190628
2.832000	0.059058
2.833000	0.155886
2.834000	-0.063233
2.835000	-0.195731
2.836000	-0.042851
2.837000	0.140596
2.838000	0.038677
2.839000	-0.165153
2.840000	-0.134575
2.841000	0.059058
2.842000	0.104926
2.843000	-0.047954
2.844000	-0.154957
2.845000	-0.017376
2.846000	0.104926
2.847000	0.023387
2.848000	-0.119286
2.849000	-0.109100
2.850000	0.053966
2.851000	0.104926
2.852000	-0.047954
2.853000	-0.134575
2.854000	-0.037758
2.855000	0.104926
2.856000	0.043780
2.857000	-0.134575
2.858000	-0.124389
2.859000	0.028491
2.860000	0.089636
2.861000	-0.053047
2.862000	-0.144771
2.863000	-0.032665
2.864000	0.094729
2.865000	0.018295
2.866000	-0.129482
2.867000	-0.093811
2.868000	0.064162
2.869000	0.069255
2.870000	-0.068336
2.871000	-0.129482
2.872000	-0.007180
2.873000	0.084544
2.874000	0.003006
2.875000	-0.119286
2.876000	-0.083625
2.877000	0.053966
2.878000	0.069255
2.879000	-0.058140
2.880000	-0.114193
2.881000	-0.017376
2.882000	0.084544
2.883000	-0.012283
2.884000	-0.124389
2.885000	-0.078522
2.886000	0.053966
2.887000	0.059058
2.888000	-0.078522
2.889000	-0.114193
2.890000	0.003006
2.891000	0.069255
2.892000	-0.012283
2.893000	-0.114193
2.894000	-0.058140
2.895000	0.043780
2.896000	0.043780
2.897000	-0.078522
2.898000	-0.098904
2.899000	0.008109
2.900000	0.059058
2.901000	-0.027562
2.902000	-0.098904
2.903000	-0.042851
2.904000	0.038677
2.905000	0.028491
2.906000	-0.058140
2.907000	-0.088718
2.908000	-0.002087
2.909000	0.059058
2.910000	0.008109
2.911000	-0.078522
2.912000	-0.047954
2.913000	0.043780
2.914000	0.033584
2.915000	-0.053047
2.916000	-0.078522
2.917000	0.008109
2.918000	0.048873
2.919000	-0.017376
2.920000	-0.083625
2.921000	-0.032665
2.922000	0.038677
2.923000	0.008109
2.924000	-0.078522
2.925000	-0.068336
2.926000	0.018295
2.927000	0.028491
2.928000	-0.042851
2.929000	-0.078522
2.930000	-0.037758
2.931000	0.018295
2.932000	0.003006
2.933000	-0.063233
2.934000	-0.063233
2.935000	-0.007180
2.936000	0.018295
2.937000	-0.007180
2.938000	-0.068336
2.939000	-0.053047
2.940000	0.003006
2.941000	0.018295
2.942000	-0.032665
2.943000	-0.073429
2.944000	-0.027562
2.945000	0.033584
2.946000	-0.002087
2.947000	-0.053047
2.948000	-0.053047
2.949000	0.008109
2.950000	0.018295
2.951000	-0.037758
2.952000	-0.053047
2.953000	-0.002087
2.954000	0.028491
2.955000	-0.012283
2.956000	-0.063233
2.957000	-0.037758
2.958000	-0.002087
2.959000	-0.007180
2.960000	-0.032665
2.961000	-0.047954
2.962000	-0.012283
2.963000	0.008109
2.964000	-0.027562
2.965000	-0.032665
2.966000	-0.017376
2.967000	0.003006
2.968000	-0.017376
2.969000	-0.037758
2.970000	-0.027562
2.971000	-0.027562
2.972000	-0.032665
2.973000	-0.032665
2.974000	-0.027562
2.975000	-0.017376
2.976000	-0.007180
2.977000	-0.022469
2.978000	-0.037758
2.979000	-0.027562
2.980000	-0.002087
2.981000	0.003006
2.982000	-0.032665
2.983000	-0.053047
2.984000	-0.027562
2.985000	0.003006
2.986000	-0.007180
2.987000	-0.042851
2.988000	-0.058140
2.989000	-0.022469
2.990000	0.008109
2.991000	-0.022469
2.992000	-0.037758
2.993000	-0.037758
2.994000	-0.002087
2.995000	0.003006
2.996000	-0.032665
2.997000	-0.047954
2.998000	-0.022469
2.999000	0.003006
3.000000	0.003006
3.001000	-0.042851
3.002000	-0.047954
3.003000	-0.007180
3.004000	0.023387
3.005000	-0.017376
3.006000	-0.058140
3.007000	-0.032665
3.008000	0.003006
3.009000	0.008109
3.010000	-0.032665
3.011000	-0.047954
3.012000	-0.012283
3.013000	0.013202
3.014000	-0.012283
3.015000	-0.058140
3.016000	-0.037758
3.017000	0.003006
3.018000	-0.002087
3.019000	-0.027562
3.020000	-0.068336
3.021000	-0.022469
3.022000	0.018295
3.023000	-0.007180
3.024000	-0.042851
3.025000	-0.063233
3.026000	-0.007180
3.027000	0.023387
3.028000	-0.012283
3.029000	-0.053047
3.030000	-0.037758
3.031000	0.013202
3.032000	0.008109
3.033000	-0.053047
3.034000	-0.058140
3.035000	-0.012283
3.036000	0.018295
3.037000	-0.017376
3.038000	-0.058140
3.039000	-0.037758
3.040000	0.003006
3.041000	0.013202
3.042000	-0.032665
3.043000	-0.053047
3.044000	-0.017376
3.045000	0.003006
3.046000	-0.007180
3.047000	-0.032665
3.048000	-0.037758
3.049000	0.003006
3.050000	-0.002087
3.051000	-0.037758
3.052000	-0.047954
3.053000	-0.012283
3.054000	0.013202
3.055000	-0.017376
3.056000	-0.058140
3.057000	-0.047954
3.058000	-0.007180
3.059000	0.013202
3.060000	-0.032665
3.061000	-0.053047
3.062000	-0.032665
3.063000	0.003006
3.064000	-0.022469
3.065000	-0.058140
3.066000	-0.032665
3.067000	-0.002087
3.068000	-0.007180
3.069000	-0.037758
3.070000	-0.037758
3.071000	-0.007180
3.072000	0.008109
3.073000	-0.012283
3.074000	-0.022469
3.075000	-0.012283
3.076000	0.003006
3.077000	-0.002087
3.078000	-0.027562
3.079000	-0.037758
3.080000	-0.017376
3.081000	-0.012283
3.082000	-0.027562
3.083000	-0.032665
3.084000	-0.027562
3.085000	-0.012283
3.086000	-0.007180
3.087000	-0.047954
3.088000	-0.047954
3.089000	-0.012283
3.090000	-0.012283
3.091000	-0.027562
3.092000	-0.042851
3.093000	-0.022469
3.094000	-0.002087
3.095000	-0.017376
3.096000	-0.042851
3.097000	-0.027562
3.098000	-0.012283
3.099000	-0.017376
3.100000	-0.027562
3.101000	-0.032665
3.102000	-0.012283
3.103000	-0.007180
3.104000	-0.022469
3.105000	-0.037758
3.106000	-0.022469
3.107000	-0.012283
3.108000	-0.017376
3.109000	-0.037758
3.110000	-0.027562
3.111000	-0.012283
3.112000	-0.007180
3.113000	-0.032665
3.114000	-0.042851
3.115000	-0.022469
3.116000	0.003006
3.117000	-0.007180
3.118000	-0.047954
3.119000	-0.032665
3.120000	0.008109
3.121000	0.003006
3.122000	-0.037758
3.123000	-0.053047
3.124000	-0.017376
3.125000	0.018295
3.126000	-0.012283
3.127000	-0.058140
3.128000	-0.042851
3.129000	-0.002087
3.130000	0.013202
3.131000	-0.042851
3.132000	-0.047954
3.133000	-0.017376
3.134000	0.018295
3.135000	-0.007180
3.136000	-0.053047
3.137000	-0.032665
3.138000	0.013202
3.139000	0.003006
3.140000	-0.032665
3.141000	-0.037758
3.142000	-0.007180
3.143000	0.003006
3.144000	-0.022469
3.145000	-0.047954
3.146000	-0.032665
3.147000	-0.012283
3.148000	0.008109
3.149000	-0.022469
3.150000	-0.058140
3.151000	-0.037758
3.152000	0.003006
3.153000	0.003006
3.154000	-0.058140
3.155000	-0.068336
3.156000	-0.007180
3.157000	0.008109
3.158000	-0.022469
3.159000	-0.037758
3.160000	-0.027562
3.161000	-0.002087
3.162000	0.003006
3.163000	-0.022469
3.164000	-0.037758
3.165000	-0.017376
3.166000	0.008109
3.167000	-0.012283
3.168000	-0.047954
3.169000	-0.037758
3.170000	0.013202
3.171000	0.013202
3.172000	-0.037758
3.173000	-0.058140
3.174000	-0.027562
3.175000	0.028491
3.176000	0.003006
3.177000	-0.042851
3.178000	-0.053047
3.179000	-0.007180
3.180000	0.013202
3.181000	-0.017376
3.182000	-0.047954
3.183000	-0.027562
3.184000	0.003006
3.185000	-0.012283
3.186000	-0.047954
3.187000	-0.042851
3.188000	-0.007180
3.189000	0.003006
3.190000	-0.032665
3.191000	-0.053047
3.192000	-0.022469
3.193000	-0.002087
3.194000	-0.012283
3.195000	-0.037758
3.196000	-0.037758
3.197000	-0.012283
3.198000	-0.007180
3.199000	-0.037758
3.200000	-0.042851
3.201000	-0.022469
3.202000	-0.002087
3.203000	-0.032665
3.204000	-0.053047
3.205000	-0.022469
3.206000	0.008109
3.207000	-0.002087
3.208000	-0.032665
3.209000	-0.037758
3.210000	-0.017376
3.211000	0.003006
3.212000	-0.017376
3.213000	-0.037758
3.214000	-0.027562
3.215000	0.003006
3.216000	-0.012283
3.217000	-0.047954
3.218000	-0.042851
3.219000	-0.017376
3.220000	0.003006
3.221000	-0.042851
3.222000	-0.053047
3.223000	-0.022469
3.224000	-0.002087
3.225000	-0.012283
3.226000	-0.037758
3.227000	-0.032665
3.228000	-0.002087
3.229000	-0.012283
3.230000	-0.037758
3.231000	-0.027562
3.232000	-0.012283
3.233000	0.003006
3.234000	-0.022469
3.235000	-0.047954
3.236000	-0.032665
3.237000	0.008109
3.238000	-0.002087
3.239000	-0.037758
3.240000	-0.047954
3.241000	-0.017376
3.242000	0.003006
3.243000	-0.022469
3.244000	-0.042851
3.245000	-0.027562
3.246000	-0.012283
3.247000	-0.017376
3.248000	-0.042851
3.249000	-0.037758
3.250000	0.003006
3.251000	-0.002087
3.252000	-0.032665
3.253000	-0.047954
3.254000	-0.007180
3.255000	0.018295
3.256000	-0.012283
3.257000	-0.053047
3.258000	-0.032665
3.259000	0.013202
3.260000	0.013202
3.261000	-0.032665
3.262000	-0.047954
3.263000	-0.012283
3.264000	0.008109
3.265000	-0.017376
3.266000	-0.053047
3.267000	-0.032665
3.268000	0.003006
3.269000	0.008109
3.270000	-0.032665
3.271000	-0.053047
3.272000	-0.022469
3.273000	0.013202
3.274000	-0.012283
3.275000	-0.047954
3.276000	-0.037758
3.277000	0.003006
3.278000	0.003006
3.279000	-0.032665
3.280000	-0.042851
3.281000	-0.007180
3.282000	0.013202
3.283000	-0.017376
3.284000	-0.058140
3.285000	-0.032665
3.286000	0.008109
3.287000	0.003006
3.288000	-0.037758
3.289000	-0.053047
3.290000	-0.012283
3.291000	0.003006
3.292000	-0.017376
3.293000	-0.042851
3.294000	-0.032665
3.295000	0.003006
3.296000	-0.012283
3.297000	-0.037758
3.298000	-0.032665
3.299000	-0.007180
3.300000	0.013202
3.301000	-0.022469
3.302000	-0.053047
3.303000	-0.022469
3.304000	0.008109
3.305000	-0.002087
3.306000	-0.037758
3.307000	-0.047954
3.308000	-0.012283
3.309000	0.003006
3.310000	-0.027562
3.311000	-0.047954
3.312000	-0.032665
3.313000	0.003006
3.314000	-0.012283
3.315000	-0.047954
3.316000	-0.042851
3.317000	-0.007180
3.318000	0.008109
3.319000	-0.027562
3.320000	-0.047954
3.321000	-0.027562
3.322000	-0.007180
3.323000	-0.002087
3.324000	-0.037758
3.325000	-0.037758
3.326000	-0.017376
3.327000	-0.022469
3.328000	-0.017376
3.329000	-0.002087
3.330000	-0.042851
3.331000	-0.037758
3.332000	-0.017376
3.333000	0.028491
3.334000	-0.027562
3.335000	-0.063233
3.336000	-0.007180
3.337000	0.013202
3.338000	-0.027562
3.339000	-0.053047
3.340000	-0.032665
3.341000	0.018295
3.342000	-0.002087
3.343000	-0.037758
3.344000	-0.063233
3.345000	-0.012283
3.346000	0.033584
3.347000	-0.017376
3.348000	-0.073429
3.349000	-0.032665
3.350000	0.038677
3.351000	0.003006
3.352000	-0.073429
3.353000	-0.073429
3.354000	0.023387
3.355000	0.043780
3.356000	-0.032665
3.357000	-0.088718
3.358000	-0.027562
3.359000	0.048873
3.360000	0.013202
3.361000	-0.068336
3.362000	-0.058140
3.363000	0.033584
3.364000	0.023387
3.365000	-0.063233
3.366000	-0.093811
3.367000	0.028491
3.368000	0.089636
3.369000	-0.022469
3.370000	-0.119286
3.371000	-0.063233
3.372000	0.043780
3.373000	0.043780
3.374000	-0.078522
3.375000	-0.088718
3.376000	0.003006
3.377000	0.043780
3.378000	-0.027562
3.379000	-0.104007
3.380000	-0.053047
3.381000	0.033584
3.382000	0.018295
3.383000	-0.063233
3.384000	-0.083625
3.385000	0.008109
3.386000	0.048873
3.387000	-0.017376
3.388000	-0.104007
3.389000	-0.063233
3.390000	0.059058
3.391000	0.069255
3.392000	-0.042851
3.393000	-0.093811
3.394000	-0.017376
3.395000	0.053966
3.396000	-0.007180
3.397000	-0.078522
3.398000	-0.037758
3.399000	0.038677
3.400000	-0.012283
3.401000	-0.068336
3.402000	-0.047954
3.403000	0.023387
3.404000	0.023387
3.405000	-0.063233
3.406000	-0.073429
3.407000	-0.022469
3.408000	0.013202
3.409000	0.008109
3.410000	-0.042851
3.411000	-0.037758
3.412000	-0.022469
3.413000	-0.007180
3.414000	-0.007180
3.415000	-0.032665
3.416000	-0.032665
3.417000	-0.017376
3.418000	-0.017376
3.419000	-0.037758
3.420000	-0.042851
3.421000	0.003006
3.422000	-0.007180
3.423000	-0.047954
3.424000	-0.037758
3.425000	-0.022469
3.426000	-0.002087
3.427000	-0.022469
3.428000	-0.047954
3.429000	-0.032665
3.430000	-0.017376
3.431000	-0.007180
3.432000	-0.027562
3.433000	-0.032665
3.434000	0.003006
3.435000	-0.007180
3.436000	-0.012283
3.437000	-0.027562
3.438000	-0.037758
3.439000	-0.012283
3.440000	-0.002087
3.441000	-0.007180
3.442000	-0.037758
3.443000	-0.042851
3.444000	-0.017376
3.445000	-0.012283
3.446000	-0.027562
3.447000	-0.022469
3.448000	-0.022469
3.449000	-0.017376
3.450000	-0.032665
3.451000	-0.027562
3.452000	-0.012283
3.453000	-0.022469
3.454000	-0.032665
3.455000	-0.032665
3.456000	-0.012283
3.457000	-0.012283
3.458000	-0.037758
3.459000	-0.022469
3.460000	0.008109
3.461000	-0.007180
3.462000	-0.032665
3.463000	-0.027562
3.464000	-0.002087
3.465000	-0.012283
3.466000	-0.022469
3.467000	-0.032665
3.468000	-0.027562
3.469000	-0.017376
3.470000	-0.012283
3.471000	-0.017376
3.472000	-0.032665
3.473000	-0.037758
3.474000	-0.027562
3.475000	-0.022469
3.476000	-0.012283
3.477000	-0.012283
3.478000	-0.017376
3.479000	-0.022469
3.480000	-0.037758
3.481000	-0.037758
3.482000	-0.007180
3.483000	-0.012283
3.484000	-0.037758
3.485000	-0.027562
3.486000	0.008109
3.487000	-0.007180
3.488000	-0.047954
3.489000	-0.037758
3.490000	0.008109
3.491000	-0.007180
3.492000	-0.042851
3.493000	-0.032665
3.494000	0.008109
3.495000	-0.002087
3.496000	-0.037758
3.497000	-0.032665
3.498000	-0.032665
3.499000	0.003006
3.500000	-0.007180
3.501000	-0.022469
3.502000	-0.037758
3.503000	-0.012283
3.504000	0.008109
3.505000	-0.022469
3.506000	-0.037758
3.507000	-0.017376
3.508000	0.013202
3.509000	0.023387
3.510000	-0.058140
3.511000	-0.088718
3.512000	-0.017376
3.513000	0.038677
3.514000	0.003006
3.515000	-0.083625
3.516000	-0.083625
3.517000	0.013202
3.518000	0.023387
3.519000	-0.063233
3.520000	-0.073429
3.521000	0.008109
3.522000	0.043780
3.523000	-0.032665
3.524000	-0.078522
3.525000	-0.022469
3.526000	0.043780
3.527000	-0.007180
3.528000	-0.063233
3.529000	-0.027562
3.530000	0.018295
3.531000	0.008109
3.532000	-0.037758
3.533000	-0.042851
3.534000	-0.027562
3.535000	-0.012283
3.536000	-0.002087
3.537000	-0.022469
3.538000	-0.037758
3.539000	-0.017376
3.540000	-0.012283
3.541000	-0.032665
3.542000	-0.058140
3.543000	-0.017376
3.544000	0.023387
3.545000	-0.022469
3.546000	-0.073429
3.547000	-0.058140
3.548000	0.008109
3.549000	0.018295
3.550000	-0.027562
3.551000	-0.047954
3.552000	-0.012283
3.553000	0.008109
3.554000	-0.012283
3.555000	-0.037758
3.556000	-0.027562
3.557000	-0.002087
3.558000	0.003006
3.559000	-0.037758
3.560000	-0.047954
3.561000	-0.017376
3.562000	0.018295
3.563000	-0.007180
3.564000	-0.058140
3.565000	-0.042851
3.566000	0.003006
3.567000	0.003006
3.568000	-0.042851
3.569000	-0.053047
3.570000	-0.017376
3.571000	0.003006
3.572000	-0.017376
3.573000	-0.053047
3.574000	-0.037758
3.575000	0.008109
3.576000	0.003006
3.577000	-0.047954
3.578000	-0.058140
3.579000	-0.002087
3.580000	0.028491
3.581000	-0.017376
3.582000	-0.063233
3.583000	-0.042851
3.584000	-0.007180
3.585000	-0.007180
3.586000	-0.037758
3.587000	-0.042851
3.588000	-0.007180
3.589000	-0.002087
3.590000	-0.022469
3.591000	-0.047954
3.592000	-0.032665
3.593000	0.003006
3.594000	0.003006
3.595000	-0.037758
3.596000	-0.047954
3.597000	-0.007180
3.598000	0.023387
3.599000	-0.022469
3.600000	-0.058140
3.601000	-0.042851
3.602000	0.008109
3.603000	0.008109
3.604000	-0.037758
3.605000	-0.047954
3.606000	-0.012283
3.607000	0.003006
3.608000	-0.027562
3.609000	-0.047954
3.610000	-0.027562
3.611000	0.008109
3.612000	-0.002087
3.613000	-0.042851
3.614000	-0.037758
3.615000	-0.002087
3.616000	0.008109
3.617000	-0.012283
3.618000	-0.032665
3.619000	-0.022469
3.620000	-0.002087
3.621000	-0.007180
3.622000	-0.037758
3.623000	-0.022469
3.624000	-0.007180
3.625000	-0.002087
3.626000	-0.017376
3.627000	-0.037758
3.628000	-0.032665
3.629000	-0.002087
3.630000	-0.002087
3.631000	-0.037758
3.632000	-0.047954
3.633000	-0.022469
3.634000	-0.007180
3.635000	-0.017376
3.636000	-0.042851
3.637000	-0.032665
3.638000	-0.012283
3.639000	-0.012283
3.640000	-0.032665
3.641000	-0.037758
3.642000	-0.022469
3.643000	-0.002087
3.644000	-0.017376
3.645000	-0.032665
3.646000	-0.032665
3.647000	-0.007180
3.648000	-0.007180
3.649000	-0.022469
3.650000	-0.042851
3.651000	-0.037758
3.652000	-0.017376
3.653000	-0.012283
3.654000	-0.027562
3.655000	-0.032665
3.656000	-0.017376
3.657000	-0.017376
3.658000	-0.022469
3.659000	-0.032665
3.660000	-0.012283
3.661000	-0.012283
3.662000	-0.017376
3.663000	-0.027562
3.664000	-0.022469
3.665000	-0.012283
3.666000	-0.012283
3.667000	-0.027562
3.668000	-0.032665
3.669000	-0.017376
3.670000	-0.017376
3.671000	-0.022469
3.672000	-0.032665
3.673000	-0.017376
3.674000	-0.017376
3.675000	-0.012283
3.676000	-0.027562
3.677000	-0.032665
3.678000	-0.022469
3.679000	-0.012283
3.680000	-0.012283
3.681000	-0.032665
3.682000	-0.032665
3.683000	-0.012283
3.684000	-0.017376
3.685000	-0.027562
3.686000	-0.032665
3.687000	-0.022469
3.688000	-0.012283
3.689000	-0.022469
3.690000	-0.032665
3.691000	-0.027562
3.692000	-0.012283
3.693000	-0.012283
3.694000	-0.032665
3.695000	-0.032665
3.696000	-0.022469
3.697000	-0.007180
3.698000	-0.022469
3.699000	-0.032665
3.700000	-0.032665
3.701000	-0.022469
3.702000	-0.022469
3.703000	-0.012283
3.704000	-0.017376
3.705000	-0.032665
3.706000	-0.012283
3.707000	-0.002087
3.708000	-0.012283
3.709000	-0.022469
3.710000	-0.017376
3.711000	-0.012283
3.712000	-0.017376
3.713000	-0.027562
3.714000	-0.027562
3.715000	-0.012283
3.716000	-0.007180
3.717000	-0.022469
3.718000	-0.027562
3.719000	-0.022469
3.720000	-0.012283
3.721000	-0.007180
3.722000	-0.027562
3.723000	-0.022469
3.724000	-0.017376
3.725000	-0.012283
3.726000	-0.027562
3.727000	-0.022469
3.728000	-0.022469
3.729000	-0.022469
3.730000	-0.022469
3.731000	-0.017376
3.732000	-0.022469
3.733000	-0.017376
3.734000	-0.022469
3.735000	-0.022469
3.736000	-0.022469
3.737000	-0.022469
3.738000	-0.017376
3.739000	-0.017376
3.740000	-0.022469
3.741000	-0.032665
3.742000	-0.027562
3.743000	-0.017376
3.744000	-0.012283
3.745000	-0.027562
3.746000	-0.022469
3.747000	-0.012283
3.748000	-0.017376
3.749000	-0.027562
3.750000	-0.037758
3.751000	-0.012283
3.752000	-0.012283
3.753000	-0.022469
3.754000	-0.032665
3.755000	-0.022469
3.756000	-0.012283
3.757000	-0.017376
3.758000	-0.032665
3.759000	-0.032665
3.760000	-0.022469
3.761000	-0.012283
3.762000	-0.027562
3.763000	-0.027562
3.764000	-0.022469
3.765000	-0.017376
3.766000	-0.017376
3.767000	-0.022469
3.768000	-0.032665
3.769000	-0.022469
3.770000	-0.007180
3.771000	-0.012283
3.772000	-0.037758
3.773000	-0.022469
3.774000	-0.007180
3.775000	-0.002087
3.776000	-0.022469
3.777000	-0.027562
3.778000	-0.017376
3.779000	-0.007180
3.780000	-0.012283
3.781000	-0.042851
3.782000	-0.027562
3.783000	-0.012283
3.784000	-0.012283
3.785000	-0.032665
3.786000	-0.042851
3.787000	-0.017376
3.788000	-0.012283
3.789000	-0.022469
3.790000	-0.032665
3.791000	-0.032665
3.792000	-0.007180
3.793000	-0.012283
3.794000	-0.032665
3.795000	-0.027562
3.796000	-0.012283
3.797000	-0.007180
3.798000	-0.022469
3.799000	-0.032665
3.800000	-0.027562
3.801000	-0.002087
3.802000	-0.002087
3.803000	-0.022469
3.804000	-0.037758
3.805000	-0.017376
3.806000	0.003006
3.807000	-0.017376
3.808000	-0.037758
3.809000	-0.022469
3.810000	-0.012283
3.811000	-0.012283
3.812000	-0.032665
3.813000	-0.037758
3.814000	-0.022469
3.815000	-0.007180
3.816000	-0.022469
3.817000	-0.032665
3.818000	-0.027562
3.819000	-0.007180
3.820000	-0.007180
3.821000	-0.022469
3.822000	-0.042851
3.823000	-0.027562
3.824000	0.008109
3.825000	-0.007180
3.826000	-0.032665
3.827000	-0.037758
3.828000	-0.007180
3.829000	-0.002087
3.830000	-0.022469
3.831000	-0.037758
3.832000	-0.007180
3.833000	0.003006
3.834000	-0.027562
3.835000	-0.047954
3.836000	-0.022469
3.837000	0.008109
3.838000	-0.002087
3.839000	-0.037758
3.840000	-0.037758
3.841000	-0.012283
3.842000	0.003006
3.843000	-0.027562
3.844000	-0.042851
3.845000	-0.032665
3.846000	0.003006
3.847000	-0.007180
3.848000	-0.037758
3.849000	-0.037758
3.850000	-0.012283
3.851000	-0.002087
3.852000	-0.027562
3.853000	-0.042851
3.854000	-0.027562
3.855000	-0.007180
3.856000	-0.012283
3.857000	-0.037758
3.858000	-0.032665
3.859000	-0.017376
3.860000	-0.007180
3.861000	-0.027562
3.862000	-0.037758
3.863000	-0.027562
3.864000	-0.012283
3.865000	-0.017376
3.866000	-0.037758
3.867000	-0.027562
3.868000	-0.007180
3.869000	-0.002087
3.870000	-0.032665
3.871000	-0.042851
3.872000	-0.027562
3.873000	0.008109
3.874000	-0.022469
3.875000	-0.032665
3.876000	-0.027562
3.877000	-0.007180
3.878000	-0.012283
3.879000	-0.022469
3.880000	-0.032665
3.881000	-0.022469
3.882000	-0.007180
3.883000	-0.012283
3.884000	-0.032665
3.885000	-0.027562
3.886000	-0.012283
3.887000	-0.007180
3.888000	-0.022469
3.889000	-0.027562
3.890000	-0.027562
3.891000	-0.012283
3.892000	-0.007180
3.893000	-0.022469
3.894000	-0.032665
3.895000	-0.022469
3.896000	-0.007180
3.897000	-0.022469
3.898000	-0.027562
3.899000	-0.022469
3.900000	-0.007180
3.901000	-0.017376
3.902000	-0.032665
3.903000	-0.032665
3.904000	-0.012283
3.905000	-0.002087
3.906000	-0.027562
3.907000	-0.042851
3.908000	-0.027562
3.909000	-0.012283
3.910000	-0.012283
3.911000	-0.037758
3.912000	-0.032665
3.913000	-0.017376
3.914000	-0.012283
3.915000	-0.027562
3.916000	-0.032665
3.917000	-0.027562
3.918000	-0.007180
3.919000	-0.017376
3.920000	-0.032665
3.921000	-0.032665
3.922000	-0.022469
3.923000	-0.002087
3.924000	-0.022469
3.925000	-0.042851
3.926000	-0.027562
3.927000	-0.012283
3.928000	-0.012283
3.929000	-0.027562
3.930000	-0.027562
3.931000	-0.012283
3.932000	-0.002087
3.933000	-0.017376
3.934000	-0.037758
3.935000	-0.027562
3.936000	-0.007180
3.937000	-0.007180
3.938000	-0.027562
3.939000	-0.032665
3.940000	-0.017376
3.941000	-0.002087
3.942000	-0.012283
3.943000	-0.027562
3.944000	-0.027562
3.945000	-0.012283
3.946000	-0.017376
3.947000	-0.027562
3.948000	-0.022469
3.949000	-0.007180
3.950000	-0.007180
3.951000	-0.022469
3.952000	-0.032665
3.953000	-0.022469
3.954000	-0.007180
3.955000	-0.012283
3.956000	-0.032665
3.957000	-0.037758
3.958000	-0.012283
3.959000	-0.012283
3.960000	-0.012283
3.961000	-0.037758
3.962000	-0.027562
3.963000	-0.012283
3.964000	-0.012283
3.965000	-0.032665
3.966000	-0.027562
3.967000	-0.017376
3.968000	-0.007180
3.969000	-0.012283
3.970000	-0.037758
3.971000	-0.032665
3.972000	-0.017376
3.973000	-0.002087
3.974000	-0.037758
3.975000	-0.047954
3.976000	-0.032665
3.977000	-0.002087
3.978000	-0.017376
3.979000	-0.042851
3.980000	-0.032665
3.981000	0.003006
3.982000	0.008109
3.983000	-0.022469
3.984000	-0.037758
3.985000	-0.012283
3.986000	0.013202
3.987000	-0.007180
3.988000	-0.042851
3.989000	-0.042851
3.990000	-0.007180
3.991000	0.003006
3.992000	-0.032665
3.993000	-0.058140
3.994000	-0.032665
3.995000	0.003006
3.996000	-0.007180
3.997000	-0.027562
3.998000	-0.042851
3.999000	0.003006
4.000000	0.003006
4.001000	-0.027562
4.002000	-0.047954
4.003000	-0.022469
4.004000	-0.002087
4.005000	-0.012283
4.006000	-0.032665
4.007000	-0.032665
4.008000	-0.002087
4.009000	0.008109
4.010000	-0.017376
4.011000	-0.037758
4.012000	-0.022469
4.013000	-0.007180
4.014000	-0.012283
4.015000	-0.037758
4.016000	-0.032665
4.017000	-0.017376
4.018000	-0.012283
4.019000	-0.032665
4.020000	-0.042851
4.021000	-0.017376
4.022000	-0.002087
4.023000	-0.012283
4.024000	-0.032665
4.025000	-0.032665
4.026000	-0.012283
4.027000	-0.012283
4.028000	-0.022469
4.029000	-0.037758
4.030000	-0.017376
4.031000	-0.012283
4.032000	-0.012283
4.033000	-0.032665
4.034000	-0.032665
4.035000	-0.022469
4.036000	-0.012283
4.037000	-0.032665
4.038000	-0.032665
4.039000	-0.022469
4.040000	-0.017376
4.041000	-0.017376
4.042000	-0.027562
4.043000	-0.027562
4.044000	-0.017376
4.045000	0.003006
4.046000	-0.002087
4.047000	-0.022469
4.048000	-0.032665
4.049000	-0.012283
4.050000	-0.007180
4.051000	-0.032665
4.052000	-0.042851
4.053000	-0.017376
4.054000	-0.002087
4.055000	-0.022469
4.056000	-0.042851
4.057000	-0.027562
4.058000	-0.002087
4.059000	-0.002087
4.060000	-0.017376
4.061000	-0.032665
4.062000	-0.007180
4.063000	-0.002087
4.064000	-0.022469
4.065000	-0.042851
4.066000	-0.032665
4.067000	-0.007180
4.068000	-0.017376
4.069000	-0.047954
4.070000	-0.042851
4.071000	-0.012283
4.072000	0.003006
4.073000	-0.027562
4.074000	-0.042851
4.075000	-0.032665
4.076000	0.003006
4.077000	-0.007180
4.078000	-0.037758
4.079000	-0.042851
4.080000	-0.007180
4.081000	-0.002087
4.082000	-0.012283
4.083000	-0.047954
4.084000	-0.032665
4.085000	0.003006
4.086000	-0.012283
4.087000	-0.027562
4.088000	-0.037758
4.089000	-0.007180
4.090000	0.008109
4.091000	-0.032665
4.092000	-0.053047
4.093000	-0.027562
4.094000	-0.007180
4.095000	-0.017376
4.096000	-0.042851
4.097000	-0.037758
4.098000	-0.012283
4.099000	0.008109
4.100000	-0.022469
4.101000	-0.042851
4.102000	-0.022469
4.103000	0.013202
4.104000	-0.012283
4.105000	-0.042851
4.106000	-0.032665
4.107000	-0.007180
4.108000	0.003006
4.109000	-0.022469
4.110000	-0.032665
4.111000	-0.022469
4.112000	-0.002087
4.113000	-0.007180
4.114000	-0.032665
4.115000	-0.032665
4.116000	-0.012283
4.117000	-0.002087
4.118000	-0.022469
4.119000	-0.037758
4.120000	-0.037758
4.121000	-0.012283
4.122000	-0.017376
4.123000	-0.032665
4.124000	-0.027562
4.125000	-0.007180
4.126000	0.003006
4.127000	-0.022469
4.128000	-0.032665
4.129000	-0.017376
4.130000	-0.022469
4.131000	-0.017376
4.132000	-0.032665
4.133000	-0.037758
4.134000	-0.022469
4.135000	-0.012283
4.136000	-0.022469
4.137000	-0.027562
4.138000	-0.022469
4.139000	-0.007180
4.140000	-0.007180
4.141000	-0.017376
4.142000	-0.032665
4.143000	-0.022469
4.144000	-0.012283
4.145000	-0.017376
4.146000	-0.032665
4.147000	-0.022469
4.148000	-0.012283
4.149000	-0.007180
4.150000	-0.017376
4.151000	-0.027562
4.152000	-0.022469
4.153000	-0.012283
4.154000	-0.007180
4.155000	-0.027562
4.156000	-0.022469
4.157000	-0.022469
4.158000	-0.017376
4.159000	-0.022469
4.160000	-0.032665
4.161000	-0.022469
4.162000	-0.007180
4.163000	-0.012283
4.164000	-0.022469
4.165000	-0.032665
4.166000	-0.007180
4.167000	-0.012283
4.168000	-0.022469
4.169000	-0.037758
4.170000	-0.027562
4.171000	-0.017376
4.172000	-0.022469
4.173000	-0.032665
4.174000	-0.032665
4.175000	-0.017376
4.176000	-0.007180
4.177000	-0.022469
4.178000	-0.032665
4.179000	-0.022469
4.180000	-0.007180
4.181000	-0.012283
4.182000	-0.027562
4.183000	-0.032665
4.184000	-0.022469
4.185000	-0.012283
4.186000	-0.027562
4.187000	-0.032665
4.188000	-0.022469
4.189000	-0.012283
4.190000	-0.017376
4.191000	-0.022469
4.192000	-0.027562
4.193000	-0.022469
4.194000	-0.007180
4.195000	-0.017376
4.196000	-0.037758
4.197000	-0.032665
4.198000	-0.022469
4.199000	-0.012283
4.200000	-0.027562
4.201000	-0.037758
4.202000	-0.022469
4.203000	-0.007180
4.204000	-0.017376
4.205000	-0.027562
4.206000	-0.032665
4.207000	-0.007180
4.208000	-0.007180
4.209000	-0.027562
4.210000	-0.027562
4.211000	-0.012283
4.212000	-0.007180
4.213000	-0.017376
4.214000	-0.032665
4.215000	-0.027562
4.216000	-0.022469
4.217000	-0.007180
4.218000	-0.022469
4.219000	-0.037758
4.220000	-0.017376
4.221000	-0.012283
4.222000	-0.022469
4.223000	-0.037758
4.224000	-0.037758
4.225000	-0.022469
4.226000	-0.007180
4.227000	-0.027562
4.228000	-0.027562
4.229000	-0.022469
4.230000	-0.012283
4.231000	-0.012283
4.232000	-0.022469
4.233000	-0.032665
4.234000	-0.022469
4.235000	-0.012283
4.236000	-0.017376
4.237000	-0.027562
4.238000	-0.032665
4.239000	-0.012283
4.240000	-0.017376
4.241000	-0.027562
4.242000	-0.027562
4.243000	-0.017376
4.244000	-0.007180
4.245000	-0.017376
4.246000	-0.027562
4.247000	-0.022469
4.248000	-0.007180
4.249000	-0.022469
4.250000	-0.027562
4.251000	-0.032665
4.252000	-0.017376
4.253000	-0.012283
4.254000	-0.022469
4.255000	-0.037758
4.256000	-0.017376
4.257000	-0.012283
4.258000	-0.007180
4.259000	-0.022469
4.260000	-0.027562
4.261000	-0.017376
4.262000	-0.012283
4.263000	-0.022469
4.264000	-0.037758
4.265000	-0.032665
4.266000	-0.017376
4.267000	-0.017376
4.268000	-0.022469
4.269000	-0.022469
4.270000	-0.012283
4.271000	-0.007180
4.272000	-0.017376
4.273000	-0.027562
4.274000	-0.017376
4.275000	-0.012283
4.276000	-0.022469
4.277000	-0.032665
4.278000	-0.027562
4.279000	-0.017376
4.280000	-0.012283
4.281000	-0.022469
4.282000	-0.027562
4.283000	-0.022469
4.284000	-0.017376
4.285000	-0.022469
4.286000	-0.022469
4.287000	-0.027562
4.288000	-0.012283
4.289000	-0.002087
4.290000	-0.012283
4.291000	-0.027562
4.292000	-0.032665
4.293000	-0.017376
4.294000	0.003006
4.295000	-0.012283
4.296000	-0.037758
4.297000	-0.042851
4.298000	-0.017376
4.299000	-0.007180
4.300000	-0.022469
4.301000	-0.058140
4.302000	-0.032665
4.303000	0.003006
4.304000	-0.007180
4.305000	-0.032665
4.306000	-0.037758
4.307000	-0.007180
4.308000	0.013202
4.309000	-0.012283
4.310000	-0.042851
4.311000	-0.037758
4.312000	-0.002087
4.313000	-0.002087
4.314000	-0.032665
4.315000	-0.047954
4.316000	-0.022469
4.317000	0.003006
4.318000	-0.017376
4.319000	-0.037758
4.320000	-0.027562
4.321000	0.003006
4.322000	-0.007180
4.323000	-0.032665
4.324000	-0.042851
4.325000	-0.012283
4.326000	-0.002087
4.327000	-0.027562
4.328000	-0.042851
4.329000	-0.022469
4.330000	0.013202
4.331000	-0.007180
4.332000	-0.032665
4.333000	-0.032665
4.334000	0.003006
4.335000	0.008109
4.336000	-0.017376
4.337000	-0.037758
4.338000	-0.022469
4.339000	0.008109
4.340000	-0.012283
4.341000	-0.037758
4.342000	-0.037758
4.343000	-0.007180
4.344000	0.003006
4.345000	-0.022469
4.346000	-0.037758
4.347000	-0.022469
4.348000	0.003006
4.349000	-0.007180
4.350000	-0.042851
4.351000	-0.037758
4.352000	-0.012283
4.353000	-0.002087
4.354000	-0.027562
4.355000	-0.047954
4.356000	-0.017376
4.357000	0.003006
4.358000	-0.007180
4.359000	-0.037758
4.360000	-0.032665
4.361000	-0.012283
4.362000	0.003006
4.363000	-0.027562
4.364000	-0.042851
4.365000	-0.032665
4.366000	-0.002087
4.367000	-0.002087
4.368000	-0.032665
4.369000	-0.032665
4.370000	-0.012283
4.371000	0.003006
4.372000	-0.012283
4.373000	-0.053047
4.374000	-0.027562
4.375000	0.003006
4.376000	-0.007180
4.377000	-0.037758
4.378000	-0.042851
4.379000	-0.012283
4.380000	0.003006
4.381000	-0.012283
4.382000	-0.037758
4.383000	-0.022469
4.384000	0.003006
4.385000	-0.007180
4.386000	-0.032665
4.387000	-0.037758
4.388000	-0.017376
4.389000	-0.002087
4.390000	-0.027562
4.391000	-0.042851
4.392000	-0.032665
4.393000	-0.002087
4.394000	-0.007180
4.395000	-0.032665
4.396000	-0.032665
4.397000	-0.007180
4.398000	-0.002087
4.399000	-0.017376
4.400000	-0.037758
4.401000	-0.027562
4.402000	-0.012283
4.403000	-0.007180
4.404000	-0.032665
4.405000	-0.037758
4.406000	-0.007180
4.407000	0.003006
4.408000	-0.017376
4.409000	-0.032665
4.410000	-0.017376
4.411000	-0.002087
4.412000	-0.012283
4.413000	-0.037758
4.414000	-0.047954
4.415000	-0.022469
4.416000	-0.002087
4.417000	-0.027562
4.418000	-0.042851
4.419000	-0.032665
4.420000	-0.017376
4.421000	-0.012283
4.422000	-0.027562
4.423000	-0.032665
4.424000	-0.017376
4.425000	0.008109
4.426000	-0.017376
4.427000	-0.047954
4.428000	-0.032665
4.429000	-0.017376
4.430000	-0.017376
4.431000	-0.032665
4.432000	-0.032665
4.433000	-0.022469
4.434000	-0.002087
4.435000	-0.012283
4.436000	-0.027562
4.437000	-0.027562
4.438000	-0.007180
4.439000	-0.002087
4.440000	-0.027562
4.441000	-0.027562
4.442000	-0.017376
4.443000	-0.012283
4.444000	-0.022469
4.445000	-0.032665
4.446000	-0.032665
4.447000	-0.012283
4.448000	-0.007180
4.449000	-0.022469
4.450000	-0.022469
4.451000	-0.022469
4.452000	-0.017376
4.453000	-0.017376
4.454000	-0.032665
4.455000	-0.037758
4.456000	-0.022469
4.457000	-0.017376
4.458000	-0.022469
4.459000	-0.022469
4.460000	-0.022469
4.461000	-0.012283
4.462000	-0.007180
4.463000	-0.022469
4.464000	-0.022469
4.465000	-0.017376
4.466000	-0.017376
4.467000	-0.027562
4.468000	-0.032665
4.469000	-0.022469
4.470000	-0.012283
4.471000	-0.007180
4.472000	-0.027562
4.473000	-0.022469
4.474000	-0.012283
4.475000	-0.002087
4.476000	-0.012283
4.477000	-0.027562
4.478000	-0.027562
4.479000	0.604308
4.480000	1.501170
4.481000	0.920254
4.482000	-0.822508
4.483000	-1.199600
4.484000	0.252702
4.485000	1.169950
4.486000	0.120215
4.487000	-1.209800
4.488000	-0.649257
4.489000	0.935543
4.490000	0.945728
4.491000	-0.562626
4.492000	-1.128260
4.493000	0.115111
4.494000	1.093510
4.495000	0.186453
4.496000	-1.082400
4.497000	-0.603390
4.498000	0.859108
4.499000	0.940636
4.500000	-0.475995
4.501000	-1.082400
4.502000	0.074348
4.503000	1.032360
4.504000	0.222124
4.505000	-0.980481
4.506000	-0.583008
4.507000	0.772477
4.508000	0.884583
4.509000	-0.430138
4.510000	-1.041630
4.511000	-0.017376
4.512000	0.945728
4.513000	0.262898
4.514000	-0.888757
4.515000	-0.603390
4.516000	0.639979
4.517000	0.813241
4.518000	-0.425035
4.519000	-1.011060
4.520000	-0.032665
4.521000	0.894779
4.522000	0.293466
4.523000	-0.827612
4.524000	-0.588101
4.525000	0.583926
4.526000	0.772477
4.527000	-0.333311
4.528000	-0.944810
4.529000	-0.058140
4.530000	0.874387
4.531000	0.364808
4.532000	-0.715495
4.533000	-0.613586
4.534000	0.471821
4.535000	0.731713
4.536000	-0.272166
4.537000	-0.888757
4.538000	-0.109100
4.539000	0.797952
4.540000	0.380097
4.541000	-0.644154
4.542000	-0.644154
4.543000	0.339333
4.544000	0.675650
4.545000	-0.200824
4.546000	-0.832704
4.547000	-0.170246
4.548000	0.711321
4.549000	0.395386
4.550000	-0.593204
4.551000	-0.644154
4.552000	0.298569
4.553000	0.670557
4.554000	-0.124389
4.555000	-0.746074
4.556000	-0.175349
4.557000	0.660371
4.558000	0.395386
4.559000	-0.501480
4.560000	-0.613586
4.561000	0.252702
4.562000	0.639979
4.563000	-0.063233
4.564000	-0.695114
4.565000	-0.226299
4.566000	0.568648
4.567000	0.400479
4.568000	-0.460706
4.569000	-0.608483
4.570000	0.196649
4.571000	0.614504
4.572000	-0.027562
4.573000	-0.649257
4.574000	-0.236495
4.575000	0.512584
4.576000	0.385190
4.577000	-0.430138
4.578000	-0.593204
4.579000	0.150782
4.580000	0.910058
4.581000	0.375004
4.582000	-0.644154
4.583000	-0.572822
4.584000	0.405582
4.585000	0.670557
4.586000	-0.226299
4.587000	-0.812322
4.588000	-0.144771
4.589000	0.701135
4.590000	0.380097
4.591000	-0.562626
4.592000	-0.572822
4.593000	0.334240
4.594000	0.645082
4.595000	-0.149864
4.596000	-0.746074
4.597000	-0.144771
4.598000	0.670557
4.599000	0.405582
4.600000	-0.506573
4.601000	-0.593204
4.602000	0.262898
4.603000	0.629793
4.604000	-0.098904
4.605000	-0.695114
4.606000	-0.175349
4.607000	0.599215
4.608000	0.390293
4.609000	-0.475995
4.610000	-0.593204
4.611000	0.206845
4.612000	0.594122
4.613000	-0.053047
4.614000	-0.649257
4.615000	-0.200824
4.616000	0.553359
4.617000	0.385190
4.618000	-0.440324
4.619000	-0.593204
4.620000	0.181360
4.621000	0.594122
4.622000	-0.002087
4.623000	-0.598297
4.624000	-0.221206
4.625000	0.502399
4.626000	0.375004
4.627000	-0.399560
4.628000	-0.567719
4.629000	0.145689
4.630000	0.568648
4.631000	0.033584
4.632000	-0.572822
4.633000	-0.246691
4.634000	0.441243
4.635000	0.364808
4.636000	-0.358797
4.637000	-0.542244
4.638000	0.104926
4.639000	0.538070
4.640000	0.059058
4.641000	-0.521862
4.642000	-0.267073
4.643000	0.395386
4.644000	0.364808
4.645000	-0.302744
4.646000	-0.516759
4.647000	0.089636
4.648000	0.517688
4.649000	0.084544
4.650000	-0.506573
4.651000	-0.282351
4.652000	0.354622
4.653000	0.364808
4.654000	-0.267073
4.655000	-0.491284
4.656000	0.064162
4.657000	0.487110
4.658000	0.089636
4.659000	-0.465809
4.660000	-0.292548
4.661000	0.303662
4.662000	0.354622
4.663000	-0.226299
4.664000	-0.470902
4.665000	0.028491
4.666000	0.446346
4.667000	0.094729
4.668000	-0.430138
4.669000	-0.297640
4.670000	0.278177
4.671000	0.349519
4.672000	-0.185535
4.673000	-0.440324
4.674000	0.003006
4.675000	0.400479
4.676000	0.099833
4.677000	-0.399560
4.678000	-0.287455
4.679000	0.242516
4.680000	0.339333
4.681000	-0.160060
4.682000	-0.419942
4.683000	-0.022469
4.684000	0.364808
4.685000	0.115111
4.686000	-0.363889
4.687000	-0.277259
4.688000	0.217031
4.689000	0.324044
4.690000	-0.139678
4.691000	-0.404653
4.692000	-0.042851
4.693000	0.339333
4.694000	0.115111
4.695000	-0.328218
4.696000	-0.272166
4.697000	0.201742
4.698000	0.308755
4.699000	-0.109100
4.700000	-0.368982
4.701000	-0.058140
4.702000	0.313848
4.703000	0.130400
4.704000	-0.292548
4.705000	-0.267073
4.706000	0.171175
4.707000	0.288373
4.708000	-0.093811
4.709000	-0.343508
4.710000	-0.058140
4.711000	0.288373
4.712000	0.130400
4.713000	-0.267073
4.714000	-0.256877
4.715000	0.140596
4.716000	0.273084
4.717000	-0.083625
4.718000	-0.343508
4.719000	-0.078522
4.720000	0.262898
4.721000	0.140596
4.722000	-0.241588
4.723000	-0.256877
4.724000	0.115111
4.725000	0.273084
4.726000	-0.053047
4.727000	-0.318022
4.728000	-0.088718
4.729000	0.232320
4.730000	0.140596
4.731000	-0.226299
4.732000	-0.256877
4.733000	0.094729
4.734000	0.257795
4.735000	-0.042851
4.736000	-0.292548
4.737000	-0.098904
4.738000	0.227227
4.739000	0.145689
4.740000	-0.195731
4.741000	-0.241588
4.742000	0.074348
4.743000	0.227227
4.744000	-0.022469
4.745000	-0.282351
4.746000	-0.104007
4.747000	0.201742
4.748000	0.140596
4.749000	-0.185535
4.750000	-0.241588
4.751000	0.053966
4.752000	0.227227
4.753000	-0.017376
4.754000	-0.256877
4.755000	-0.109100
4.756000	0.181360
4.757000	0.135504
4.758000	-0.165153
4.759000	-0.226299
4.760000	0.043780
4.761000	0.211938
4.762000	0.003006
4.763000	-0.236495
4.764000	-0.109100
4.765000	0.166071
4.766000	0.130400
4.767000	-0.144771
4.768000	-0.221206
4.769000	0.038677
4.770000	0.201742
4.771000	-0.002087
4.772000	-0.226299
4.773000	-0.114193
4.774000	0.140596
4.775000	0.130400
4.776000	-0.134575
4.777000	-0.205917
4.778000	0.018295
4.779000	0.191556
4.780000	0.003006
4.781000	-0.221206
4.782000	-0.124389
4.783000	0.125307
4.784000	0.120215
4.785000	-0.124389
4.786000	-0.200824
4.787000	0.013202
4.788000	0.166071
4.789000	0.013202
4.790000	-0.200824
4.791000	-0.124389
4.792000	0.120215
4.793000	0.130400
4.794000	-0.098904
4.795000	-0.195731
4.796000	0.008109
4.797000	0.160978
4.798000	0.018295
4.799000	-0.185535
4.800000	-0.119286
4.801000	0.104926
4.802000	0.125307
4.803000	-0.083625
4.804000	-0.180442
4.805000	-0.012283
4.806000	0.145689
4.807000	0.023387
4.808000	-0.175349
4.809000	-0.119286
4.810000	0.089636
4.811000	0.110018
4.812000	-0.078522
4.813000	-0.170246
4.814000	-0.012283
4.815000	0.130400
4.816000	0.023387
4.817000	-0.170246
4.818000	-0.119286
4.819000	0.084544
4.820000	0.115111
4.821000	-0.073429
4.822000	-0.170246
4.823000	-0.022469
4.824000	0.125307
4.825000	0.028491
4.826000	-0.149864
4.827000	-0.109100
4.828000	0.064162
4.829000	0.115111
4.830000	-0.063233
4.831000	-0.154957
4.832000	-0.032665
4.833000	0.115111
4.834000	0.033584
4.835000	-0.134575
4.836000	-0.114193
4.837000	0.059058
4.838000	0.099833
4.839000	-0.058140
4.840000	-0.160060
4.841000	-0.042851
4.842000	0.104926
4.843000	0.028491
4.844000	-0.134575
4.845000	-0.119286
4.846000	0.059058
4.847000	0.094729
4.848000	-0.053047
4.849000	-0.149864
4.850000	-0.032665
4.851000	0.104926
4.852000	0.038677
4.853000	-0.114193
4.854000	-0.109100
4.855000	0.043780
4.856000	0.094729
4.857000	-0.053047
4.858000	-0.144771
4.859000	-0.037758
4.860000	0.099833
4.861000	0.043780
4.862000	-0.104007
4.863000	-0.109100
4.864000	0.038677
4.865000	0.094729
4.866000	-0.042851
4.867000	-0.139678
4.868000	-0.042851
4.869000	0.079451
4.870000	0.038677
4.871000	-0.109100
4.872000	-0.109100
4.873000	0.033584
4.874000	0.089636
4.875000	-0.032665
4.876000	-0.124389
4.877000	-0.047954
4.878000	0.074348
4.879000	0.038677
4.880000	-0.083625
4.881000	-0.114193
4.882000	0.033584
4.883000	0.069255
4.884000	-0.032665
4.885000	-0.124389
4.886000	-0.037758
4.887000	0.069255
4.888000	0.038677
4.889000	-0.083625
4.890000	-0.104007
4.891000	0.018295
4.892000	0.074348
4.893000	-0.027562
4.894000	-0.119286
4.895000	-0.047954
4.896000	0.064162
4.897000	0.033584
4.898000	-0.083625
4.899000	-0.104007
4.900000	0.008109
4.901000	0.064162
4.902000	-0.027562
4.903000	-0.109100
4.904000	-0.047954
4.905000	0.048873
4.906000	0.043780
4.907000	-0.078522
4.908000	-0.093811
4.909000	0.003006
4.910000	0.064162
4.911000	-0.022469
4.912000	-0.109100
4.913000	-0.053047
4.914000	0.053966
4.915000	0.038677
4.916000	-0.078522
4.917000	-0.088718
4.918000	0.003006
4.919000	0.059058
4.920000	-0.012283
4.921000	-0.098904
4.922000	-0.053047
4.923000	0.043780
4.924000	0.038677
4.925000	-0.063233
4.926000	-0.088718
4.927000	0.003006
4.928000	0.059058
4.929000	-0.007180
4.930000	-0.088718
4.931000	-0.053047
4.932000	0.033584
4.933000	0.033584
4.934000	-0.053047
4.935000	-0.088718
4.936000	0.003006
4.937000	0.059058
4.938000	-0.012283
4.939000	-0.083625
4.940000	-0.053047
4.941000	0.038677
4.942000	0.028491
4.943000	-0.047954
4.944000	-0.088718
4.945000	-0.007180
4.946000	0.048873
4.947000	-0.007180
4.948000	-0.083625
4.949000	-0.063233
4.950000	0.028491
4.951000	0.028491
4.952000	-0.047954
4.953000	-0.088718
4.954000	-0.017376
4.955000	0.043780
4.956000	-0.007180
4.957000	-0.083625
4.958000	-0.053047
4.959000	0.023387
4.960000	0.028491
4.961000	-0.047954
4.962000	-0.078522
4.963000	-0.012283
4.964000	0.038677
4.965000	-0.002087
4.966000	-0.083625
4.967000	-0.053047
4.968000	0.023387
4.969000	0.033584
4.970000	-0.042851
4.971000	-0.078522
4.972000	-0.012283
4.973000	0.043780
4.974000	0.003006
4.975000	-0.078522
4.976000	-0.053047
4.977000	0.013202
4.978000	0.028491
4.979000	-0.042851
4.980000	-0.073429
4.981000	-0.022469
4.982000	0.033584
4.983000	-0.002087
4.984000	-0.073429
4.985000	-0.058140
4.986000	0.013202
4.987000	0.023387
4.988000	-0.042851
4.989000	-0.073429
4.990000	-0.017376
4.991000	0.028491
4.992000	-0.007180
4.993000	-0.063233
4.994000	-0.047954
4.995000	0.023387
4.996000	0.023387
4.997000	-0.042851
4.998000	-0.068336
4.999000	-0.017376
5.000000	0.033584
5.001000	-0.017376
5.002000	-0.073429
5.003000	-0.053047
5.004000	0.013202
5.005000	0.013202
5.006000	-0.037758
5.007000	-0.068336
5.008000	-0.012283
5.009000	0.023387
5.010000	-0.012283
5.011000	-0.068336
5.012000	-0.047954
5.013000	0.018295
5.014000	0.018295
5.015000	-0.042851
5.016000	-0.058140
5.017000	-0.022469
5.018000	0.023387
5.019000	-0.007180
5.020000	-0.063233
5.021000	-0.047954
5.022000	0.008109
5.023000	0.013202
5.024000	-0.037758
5.025000	-0.053047
5.026000	-0.017376
5.027000	0.018295
5.028000	-0.007180
5.029000	-0.053047
5.030000	-0.042851
5.031000	-0.002087
5.032000	0.013202
5.033000	-0.027562
5.034000	-0.058140
5.035000	-0.022469
5.036000	0.013202
5.037000	-0.007180
5.038000	-0.053047
5.039000	-0.042851
5.040000	-0.002087
5.041000	0.013202
5.042000	-0.022469
5.043000	-0.053047
5.044000	-0.017376
5.045000	0.018295
5.046000	-0.002087
5.047000	-0.047954
5.048000	-0.053047
5.049000	-0.002087
5.050000	0.003006
5.051000	-0.027562
5.052000	-0.058140
5.053000	-0.027562
5.054000	0.008109
5.055000	-0.007180
5.056000	-0.042851
5.057000	-0.042851
5.058000	0.003006
5.059000	0.008109
5.060000	-0.022469
5.061000	-0.042851
5.062000	-0.027562
5.063000	0.008109
5.064000	-0.002087
5.065000	-0.042851
5.066000	-0.042851
5.067000	-0.012283
5.068000	0.003006
5.069000	-0.022469
5.070000	-0.053047
5.071000	-0.027562
5.072000	0.003006
5.073000	0.003006
5.074000	-0.037758
5.075000	-0.053047
5.076000	-0.017376
5.077000	0.013202
5.078000	-0.017376
5.079000	-0.042851
5.080000	-0.037758
5.081000	0.008109
5.082000	0.008109
5.083000	-0.037758
5.084000	-0.053047
5.085000	-0.012283
5.086000	0.023387
5.087000	-0.017376
5.088000	-0.063233
5.089000	-0.032665
5.090000	0.013202
5.091000	0.013202
5.092000	-0.042851
5.093000	-0.053047
5.094000	-0.007180
5.095000	0.023387
5.096000	-0.012283
5.097000	-0.063233
5.098000	-0.053047
5.099000	-0.002087
5.100000	0.013202
5.101000	-0.027562
5.102000	-0.068336
5.103000	-0.017376
5.104000	0.028491
5.105000	-0.012283
5.106000	-0.058140
5.107000	-0.042851
5.108000	0.008109
5.109000	0.028491
5.110000	-0.032665
5.111000	-0.068336
5.112000	-0.022469
5.113000	0.023387
5.114000	-0.007180
5.115000	-0.063233
5.116000	-0.053047
5.117000	-0.002087
5.118000	0.018295
5.119000	-0.032665
5.120000	-0.068336
5.121000	-0.022469
5.122000	0.028491
5.123000	-0.002087
5.124000	-0.073429
5.125000	-0.053047
5.126000	0.018295
5.127000	0.023387
5.128000	-0.047954
5.129000	-0.073429
5.130000	-0.022469
5.131000	0.033584
5.132000	-0.007180
5.133000	-0.068336
5.134000	-0.053047
5.135000	0.008109
5.136000	0.028491
5.137000	-0.032665
5.138000	-0.068336
5.139000	-0.017376
5.140000	0.038677
5.141000	0.003006
5.142000	-0.073429
5.143000	-0.063233
5.144000	0.008109
5.145000	0.033584
5.146000	-0.037758
5.147000	-0.078522
5.148000	-0.022469
5.149000	0.028491
5.150000	-0.007180
5.151000	-0.058140
5.152000	-0.037758
5.153000	0.018295
5.154000	0.028491
5.155000	-0.027562
5.156000	-0.068336
5.157000	-0.022469
5.158000	0.023387
5.159000	0.003006
5.160000	-0.068336
5.161000	-0.063233
5.162000	0.003006
5.163000	0.018295
5.164000	-0.037758
5.165000	-0.073429
5.166000	-0.027562
5.167000	0.018295
5.168000	-0.007180
5.169000	-0.058140
5.170000	-0.058140
5.171000	-0.007180
5.172000	0.013202
5.173000	-0.032665
5.174000	-0.078522
5.175000	-0.027562
5.176000	0.028491
5.177000	0.008109
5.178000	-0.053047
5.179000	-0.053047
5.180000	0.008109
5.181000	0.023387
5.182000	-0.027562
5.183000	-0.063233
5.184000	-0.027562
5.185000	0.023387
5.186000	-0.007180
5.187000	-0.053047
5.188000	-0.058140
5.189000	-0.002087
5.190000	0.008109
5.191000	-0.032665
5.192000	-0.058140
5.193000	-0.032665
5.194000	0.018295
5.195000	0.003006
5.196000	-0.058140
5.197000	-0.058140
5.198000	0.003006
5.199000	0.018295
5.200000	-0.032665
5.201000	-0.053047
5.202000	-0.027562
5.203000	0.018295
5.204000	0.003006
5.205000	-0.042851
5.206000	-0.042851
5.207000	-0.002087
5.208000	0.018295
5.209000	-0.022469
5.210000	-0.053047
5.211000	-0.022469
5.212000	0.008109
5.213000	-0.007180
5.214000	-0.042851
5.215000	-0.037758
5.216000	-0.012283
5.217000	-0.007180
5.218000	-0.007180
5.219000	-0.027562
5.220000	-0.027562
5.221000	-0.012283
5.222000	-0.002087
5.223000	-0.032665
5.224000	-0.047954
5.225000	-0.002087
5.226000	0.003006
5.227000	-0.027562
5.228000	-0.032665
5.229000	-0.027562
5.230000	-0.017376
5.231000	-0.007180
5.232000	-0.022469
5.233000	-0.022469
5.234000	-0.032665
5.235000	-0.012283
5.236000	-0.002087
5.237000	-0.032665
5.238000	-0.037758
5.239000	-0.012283
5.240000	-0.002087
5.241000	-0.012283
5.242000	-0.042851
5.243000	-0.032665
5.244000	0.008109
5.245000	0.018295
5.246000	-0.017376
5.247000	-0.063233
5.248000	-0.042851
5.249000	0.013202
5.250000	0.018295
5.251000	-0.037758
5.252000	-0.073429
5.253000	-0.017376
5.254000	0.028491
5.255000	-0.032665
5.256000	-0.098904
5.257000	-0.047954
5.258000	0.043780
5.259000	0.023387
5.260000	-0.068336
5.261000	-0.068336
5.262000	0.013202
5.263000	0.028491
5.264000	-0.047954
5.265000	-0.078522
5.266000	-0.022469
5.267000	0.043780
5.268000	0.003006
5.269000	-0.058140
5.270000	-0.047954
5.271000	0.008109
5.272000	0.013202
5.273000	-0.032665
5.274000	-0.053047
5.275000	-0.007180
5.276000	0.023387
5.277000	-0.012283
5.278000	-0.073429
5.279000	-0.047954
5.280000	0.018295
5.281000	0.023387
5.282000	-0.058140
5.283000	-0.093811
5.284000	-0.027562
5.285000	0.028491
5.286000	-0.002087
5.287000	-0.083625
5.288000	-0.053047
5.289000	0.013202
5.290000	0.008109
5.291000	-0.053047
5.292000	-0.063233
5.293000	-0.007180
5.294000	0.028491
5.295000	-0.012283
5.296000	-0.063233
5.297000	-0.047954
5.298000	0.013202
5.299000	0.018295
5.300000	-0.042851
5.301000	-0.068336
5.302000	-0.012283
5.303000	0.028491
5.304000	-0.012283
5.305000	-0.068336
5.306000	-0.042851
5.307000	0.008109
5.308000	-0.002087
5.309000	-0.037758
5.310000	-0.053047
5.311000	-0.007180
5.312000	0.013202
5.313000	-0.017376
5.314000	-0.063233
5.315000	-0.047954
5.316000	0.003006
5.317000	0.013202
5.318000	-0.027562
5.319000	-0.047954
5.320000	-0.022469
5.321000	-0.007180
5.322000	-0.017376
5.323000	-0.032665
5.324000	-0.027562
5.325000	-0.002087
5.326000	0.008109
5.327000	-0.012283
5.328000	-0.032665
5.329000	-0.027562
5.330000	0.018295
5.331000	0.003006
5.332000	-0.058140
5.333000	-0.047954
5.334000	0.008109
5.335000	0.028491
5.336000	-0.017376
5.337000	-0.078522
5.338000	-0.042851
5.339000	0.018295
5.340000	-0.007180
5.341000	-0.042851
5.342000	-0.063233
5.343000	0.028491
5.344000	0.033584
5.345000	-0.088718
5.346000	-0.083625
5.347000	-0.002087
5.348000	0.064162
5.349000	-0.027562
5.350000	-0.098904
5.351000	-0.037758
5.352000	0.018295
5.353000	0.028491
5.354000	-0.037758
5.355000	-0.078522
5.356000	-0.002087
5.357000	0.033584
5.358000	-0.007180
5.359000	-0.068336
5.360000	-0.047954
5.361000	0.028491
5.362000	0.003006
5.363000	-0.037758
5.364000	-0.068336
5.365000	-0.022469
5.366000	0.038677
5.367000	-0.007180
5.368000	-0.063233
5.369000	-0.053047
5.370000	0.003006
5.371000	0.033584
5.372000	-0.037758
5.373000	-0.068336
5.374000	-0.027562
5.375000	0.008109
5.376000	-0.022469
5.377000	-0.063233
5.378000	-0.022469
5.379000	0.008109
5.380000	-0.017376
5.381000	-0.058140
5.382000	-0.063233
5.383000	0.013202
5.384000	0.023387
5.385000	-0.002087
5.386000	-0.042851
5.387000	-0.042851
5.388000	0.013202
5.389000	0.008109
5.390000	-0.032665
5.391000	-0.047954
5.392000	-0.002087
5.393000	0.013202
5.394000	-0.027562
5.395000	-0.058140
5.396000	-0.027562
5.397000	0.003006
5.398000	-0.012283
5.399000	-0.047954
5.400000	-0.053047
5.401000	-0.017376
5.402000	0.008109
5.403000	-0.017376
5.404000	-0.058140
5.405000	-0.047954
5.406000	-0.002087
5.407000	0.008109
5.408000	-0.022469
5.409000	-0.042851
5.410000	-0.017376
5.411000	0.003006
5.412000	-0.022469
5.413000	-0.053047
5.414000	-0.027562
5.415000	0.008109
5.416000	0.013202
5.417000	-0.032665
5.418000	-0.053047
5.419000	-0.017376
5.420000	0.013202
5.421000	-0.017376
5.422000	-0.037758
5.423000	-0.037758
5.424000	-0.007180
5.425000	-0.002087
5.426000	-0.027562
5.427000	-0.042851
5.428000	-0.012283
5.429000	0.008109
5.430000	-0.017376
5.431000	-0.047954
5.432000	-0.042851
5.433000	0.003006
5.434000	0.008109
5.435000	-0.032665
5.436000	-0.053047
5.437000	-0.017376
5.438000	0.008109
5.439000	-0.012283
5.440000	-0.053047
5.441000	-0.037758
5.442000	0.003006
5.443000	-0.002087
5.444000	-0.027562
5.445000	-0.042851
5.446000	-0.017376
5.447000	0.003006
5.448000	-0.022469
5.449000	-0.037758
5.450000	-0.037758
5.451000	-0.002087
5.452000	0.008109
5.453000	-0.022469
5.454000	-0.053047
5.455000	-0.032665
5.456000	0.003006
5.457000	-0.007180
5.458000	-0.037758
5.459000	-0.042851
5.460000	-0.012283
5.461000	0.008109
5.462000	-0.032665
5.463000	-0.047954
5.464000	-0.042851
5.465000	0.003006
5.466000	0.003006
5.467000	-0.037758
5.468000	-0.058140
5.469000	-0.032665
5.470000	0.003006
5.471000	-0.007180
5.472000	-0.022469
5.473000	-0.027562
5.474000	-0.017376
5.475000	-0.002087
5.476000	-0.022469
5.477000	-0.007180
5.478000	-0.012283
5.479000	-0.022469
5.480000	-0.012283
5.481000	-0.022469
5.482000	-0.032665
5.483000	-0.012283
5.484000	0.008109
5.485000	-0.022469
5.486000	-0.053047
5.487000	-0.027562
5.488000	-0.002087
5.489000	0.008109
5.490000	-0.027562
5.491000	-0.053047
5.492000	-0.022469
5.493000	-0.022469
5.494000	-0.022469
5.495000	-0.022469
5.496000	-0.012283
5.497000	-0.007180
5.498000	-0.012283
5.499000	-0.027562
