-0.500000	0.379941
-0.499000	0.379941
-0.498000	0.397869
-0.497000	0.379941
-0.496000	0.397869
-0.495000	0.379941
-0.494000	0.379941
-0.493000	0.379941
-0.492000	0.379941
-0.491000	0.379941
-0.490000	0.379941
-0.489000	0.362013
-0.488000	0.379941
-0.487000	0.379941
-0.486000	0.379941
-0.485000	0.379941
-0.484000	0.379941
-0.483000	0.379941
-0.482000	0.397869
-0.481000	0.379941
-0.480000	0.379941
-0.479000	0.379941
-0.478000	0.379941
-0.477000	0.379941
-0.476000	0.379941
-0.475000	0.379941
-0.474000	0.379941
-0.473000	0.379941
-0.472000	0.379941
-0.471000	0.379941
-0.470000	0.379941
-0.469000	0.379941
-0.468000	0.379941
-0.467000	0.379941
-0.466000	0.397869
-0.465000	0.379941
-0.464000	0.379941
-0.463000	0.379941
-0.462000	0.379941
-0.461000	0.379941
-0.460000	0.397869
-0.459000	0.379941
-0.458000	0.397869
-0.457000	0.397869
-0.456000	0.379941
-0.455000	0.379941
-0.454000	0.379941
-0.453000	0.379941
-0.452000	0.379941
-0.451000	0.379941
-0.450000	0.379941
-0.449000	0.379941
-0.448000	0.379941
-0.447000	0.397869
-0.446000	0.379941
-0.445000	0.379941
-0.444000	0.379941
-0.443000	0.379941
-0.442000	0.362013
-0.441000	0.379941
-0.440000	0.379941
-0.439000	0.379941
-0.438000	0.379941
-0.437000	0.379941
-0.436000	0.379941
-0.435000	0.362013
-0.434000	0.379941
-0.433000	0.379941
-0.432000	0.379941
-0.431000	0.379941
-0.430000	0.379941
-0.429000	0.397869
-0.428000	0.379941
-0.427000	0.379941
-0.426000	0.379941
-0.425000	0.379941
-0.424000	0.379941
-0.423000	0.379941
-0.422000	0.379941
-0.421000	0.379941
-0.420000	0.379941
-0.419000	0.379941
-0.418000	0.397869
-0.417000	0.379941
-0.416000	0.379941
-0.415000	0.397869
-0.414000	0.379941
-0.413000	0.362013
-0.412000	0.397869
-0.411000	0.379941
-0.410000	0.379941
-0.409000	0.379941
-0.408000	0.379941
-0.407000	0.379941
-0.406000	0.379941
-0.405000	0.397869
-0.404000	0.379941
-0.403000	0.379941
-0.402000	0.379941
-0.401000	0.362013
-0.400000	0.379941
-0.399000	0.379941
-0.398000	0.379941
-0.397000	0.379941
-0.396000	0.379941
-0.395000	0.379941
-0.394000	0.379941
-0.393000	0.379941
-0.392000	0.379941
-0.391000	0.379941
-0.390000	0.379941
-0.389000	0.379941
-0.388000	0.379941
-0.387000	0.397869
-0.386000	0.379941
-0.385000	0.379941
-0.384000	0.379941
-0.383000	0.379941
-0.382000	0.397869
-0.381000	0.379941
-0.380000	0.397869
-0.379000	0.379941
-0.378000	0.379941
-0.377000	0.379941
-0.376000	0.379941
-0.375000	0.379941
-0.374000	0.379941
-0.373000	0.379941
-0.372000	0.379941
-0.371000	0.379941
-0.370000	0.379941
-0.369000	0.379941
-0.368000	0.379941
-0.367000	0.379941
-0.366000	0.379941
-0.365000	0.379941
-0.364000	0.379941
-0.363000	0.379941
-0.362000	0.379941
-0.361000	0.362013
-0.360000	0.379941
-0.359000	0.379941
-0.358000	0.397869
-0.357000	0.379941
-0.356000	0.379941
-0.355000	0.379941
-0.354000	0.379941
-0.353000	0.397869
-0.352000	0.397869
-0.351000	0.379941
-0.350000	0.379941
-0.349000	0.379941
-0.348000	0.379941
-0.347000	0.379941
-0.346000	0.379941
-0.345000	0.379941
-0.344000	0.379941
-0.343000	0.379941
-0.342000	0.379941
-0.341000	0.379941
-0.340000	0.397869
-0.339000	0.379941
-0.338000	0.379941
-0.337000	0.379941
-0.336000	0.379941
-0.335000	0.379941
-0.334000	0.397869
-0.333000	0.379941
-0.332000	0.379941
-0.331000	0.379941
-0.330000	0.362013
-0.329000	0.379941
-0.328000	0.379941
-0.327000	0.379941
-0.326000	0.379941
-0.325000	0.379941
-0.324000	0.379941
-0.323000	0.379941
-0.322000	0.379941
-0.321000	0.379941
-0.320000	0.379941
-0.319000	0.379941
-0.318000	0.379941
-0.317000	0.397869
-0.316000	0.379941
-0.315000	0.379941
-0.314000	0.379941
-0.313000	0.379941
-0.312000	0.379941
-0.311000	0.379941
-0.310000	0.379941
-0.309000	0.379941
-0.308000	0.379941
-0.307000	0.379941
-0.306000	0.379941
-0.305000	0.379941
-0.304000	0.379941
-0.303000	0.379941
-0.302000	0.362013
-0.301000	0.379941
-0.300000	0.379941
-0.299000	0.379941
-0.298000	0.379941
-0.297000	0.379941
-0.296000	0.379941
-0.295000	0.379941
-0.294000	0.379941
-0.293000	0.379941
-0.292000	0.379941
-0.291000	0.379941
-0.290000	0.397869
-0.289000	0.379941
-0.288000	0.397869
-0.287000	0.397869
-0.286000	0.379941
-0.285000	0.397869
-0.284000	0.379941
-0.283000	0.379941
-0.282000	0.379941
-0.281000	0.379941
-0.280000	0.379941
-0.279000	0.379941
-0.278000	0.379941
-0.277000	0.379941
-0.276000	0.379941
-0.275000	0.379941
-0.274000	0.362013
-0.273000	0.362013
-0.272000	0.379941
-0.271000	0.379941
-0.270000	0.379941
-0.269000	0.379941
-0.268000	0.379941
-0.267000	0.379941
-0.266000	0.379941
-0.265000	0.379941
-0.264000	0.379941
-0.263000	0.379941
-0.262000	0.379941
-0.261000	0.362013
-0.260000	0.379941
-0.259000	0.379941
-0.258000	0.379941
-0.257000	0.379941
-0.256000	0.379941
-0.255000	0.379941
-0.254000	0.379941
-0.253000	0.379941
-0.252000	0.379941
-0.251000	0.379941
-0.250000	0.379941
-0.249000	0.379941
-0.248000	0.379941
-0.247000	0.379941
-0.246000	0.362013
-0.245000	0.397869
-0.244000	0.397869
-0.243000	0.379941
-0.242000	0.379941
-0.241000	0.379941
-0.240000	0.379941
-0.239000	0.379941
-0.238000	0.379941
-0.237000	0.397869
-0.236000	0.397869
-0.235000	0.379941
-0.234000	0.379941
-0.233000	0.379941
-0.232000	0.379941
-0.231000	0.379941
-0.230000	0.379941
-0.229000	0.379941
-0.228000	0.397869
-0.227000	0.379941
-0.226000	0.379941
-0.225000	0.379941
-0.224000	0.379941
-0.223000	0.379941
-0.222000	0.379941
-0.221000	0.379941
-0.220000	0.379941
-0.219000	0.397869
-0.218000	0.379941
-0.217000	0.379941
-0.216000	0.379941
-0.215000	0.397869
-0.214000	0.379941
-0.213000	0.397869
-0.212000	0.379941
-0.211000	0.379941
-0.210000	0.379941
-0.209000	0.379941
-0.208000	0.379941
-0.207000	0.379941
-0.206000	0.379941
-0.205000	0.379941
-0.204000	0.397869
-0.203000	0.379941
-0.202000	0.379941
-0.201000	0.379941
-0.200000	0.379941
-0.199000	0.379941
-0.198000	0.379941
-0.197000	0.379941
-0.196000	0.379941
-0.195000	0.362013
-0.194000	0.379941
-0.193000	0.379941
-0.192000	0.379941
-0.191000	0.379941
-0.190000	0.379941
-0.189000	0.379941
-0.188000	0.379941
-0.187000	0.379941
-0.186000	0.379941
-0.185000	0.379941
-0.184000	0.362013
-0.183000	0.379941
-0.182000	0.379941
-0.181000	0.379941
-0.180000	0.379941
-0.179000	0.379941
-0.178000	0.379941
-0.177000	0.379941
-0.176000	0.379941
-0.175000	0.379941
-0.174000	0.379941
-0.173000	0.397869
-0.172000	0.379941
-0.171000	0.379941
-0.170000	0.379941
-0.169000	0.362013
-0.168000	0.379941
-0.167000	0.397869
-0.166000	0.379941
-0.165000	0.397869
-0.164000	0.379941
-0.163000	0.379941
-0.162000	0.379941
-0.161000	0.379941
-0.160000	0.379941
-0.159000	0.379941
-0.158000	0.379941
-0.157000	0.379941
-0.156000	0.362013
-0.155000	0.379941
-0.154000	0.379941
-0.153000	0.379941
-0.152000	0.379941
-0.151000	0.379941
-0.150000	0.397869
-0.149000	0.379941
-0.148000	0.397869
-0.147000	0.397869
-0.146000	0.379941
-0.145000	0.379941
-0.144000	0.379941
-0.143000	0.379941
-0.142000	0.362013
-0.141000	0.379941
-0.140000	0.379941
-0.139000	0.379941
-0.138000	0.379941
-0.137000	0.379941
-0.136000	0.379941
-0.135000	0.397869
-0.134000	0.379941
-0.133000	0.379941
-0.132000	0.379941
-0.131000	0.379941
-0.130000	0.379941
-0.129000	0.379941
-0.128000	0.379941
-0.127000	0.379941
-0.126000	0.379941
-0.125000	0.379941
-0.124000	0.379941
-0.123000	0.362013
-0.122000	0.397869
-0.121000	0.379941
-0.120000	0.379941
-0.119000	0.379941
-0.118000	0.379941
-0.117000	0.379941
-0.116000	0.397869
-0.115000	0.397869
-0.114000	0.379941
-0.113000	0.379941
-0.112000	0.379941
-0.111000	0.362013
-0.110000	0.379941
-0.109000	0.397869
-0.108000	0.379941
-0.107000	0.379941
-0.106000	0.379941
-0.105000	0.379941
-0.104000	0.379941
-0.103000	0.379941
-0.102000	0.379941
-0.101000	0.397869
-0.100000	0.379941
-0.099000	0.379941
-0.098000	0.379941
-0.097000	0.397869
-0.096000	0.379941
-0.095000	0.379941
-0.094000	0.397869
-0.093000	0.379941
-0.092000	0.379941
-0.091000	0.379941
-0.090000	0.379941
-0.089000	0.379941
-0.088000	0.397869
-0.087000	0.379941
-0.086000	0.379941
-0.085000	0.362013
-0.084000	0.379941
-0.083000	0.379941
-0.082000	0.379941
-0.081000	0.379941
-0.080000	0.397869
-0.079000	0.397869
-0.078000	0.379941
-0.077000	0.379941
-0.076000	0.379941
-0.075000	0.379941
-0.074000	0.379941
-0.073000	0.397869
-0.072000	0.379941
-0.071000	0.397869
-0.070000	0.379941
-0.069000	0.397869
-0.068000	0.379941
-0.067000	0.379941
-0.066000	0.379941
-0.065000	0.379941
-0.064000	0.379941
-0.063000	0.379941
-0.062000	0.379941
-0.061000	0.362013
-0.060000	0.379941
-0.059000	0.379941
-0.058000	0.379941
-0.057000	0.379941
-0.056000	0.379941
-0.055000	0.379941
-0.054000	0.379941
-0.053000	0.379941
-0.052000	0.379941
-0.051000	0.379941
-0.050000	0.379941
-0.049000	0.379941
-0.048000	0.379941
-0.047000	0.379941
-0.046000	0.379941
-0.045000	0.379941
-0.044000	0.379941
-0.043000	0.379941
-0.042000	0.379941
-0.041000	0.379941
-0.040000	0.379941
-0.039000	0.379941
-0.038000	0.379941
-0.037000	0.379941
-0.036000	0.397869
-0.035000	0.362013
-0.034000	0.308193
-0.033000	0.200551
-0.032000	0.092946
-0.031000	-0.068516
-0.030000	-0.194085
-0.029000	-0.391403
-0.028000	-0.499045
-0.027000	-0.624614
-0.026000	-0.714291
-0.025000	-0.803968
-0.024000	-0.857789
-0.023000	-0.893681
-0.022000	-0.929537
-0.021000	-0.929537
-0.020000	-0.911609
-0.019000	-0.911609
-0.018000	-0.875753
-0.017000	-0.875753
-0.016000	-0.893681
-0.015000	-0.929537
-0.014000	-0.947502
-0.013000	-0.965430
-0.012000	-0.965430
-0.011000	-0.983358
-0.010000	-0.947502
-0.009000	-0.911609
-0.008000	-0.821933
-0.007000	-0.714291
-0.006000	-0.516973
-0.005000	-0.283762
-0.004000	-0.032623
-0.003000	0.272337
-0.002000	0.577259
-0.001000	0.864291
0.000000	1.133360
0.001000	1.384500
0.002000	1.599740
0.003000	1.815030
0.004000	2.030270
0.005000	2.245520
0.006000	2.424910
0.007000	2.640190
0.008000	2.909260
0.009000	3.232150
0.010000	3.662680
0.011000	4.254630
0.012000	4.900410
0.013000	5.582070
0.014000	6.245780
0.015000	6.909520
0.016000	7.465580
0.017000	7.985780
0.018000	8.434240
0.019000	8.846840
0.020000	9.187660
0.021000	9.420870
0.022000	9.618190
0.023000	9.707860
0.024000	9.707860
0.025000	9.600260
0.026000	9.510550
0.027000	9.241480
0.028000	8.793020
0.029000	7.860210
0.030000	6.532810
0.031000	4.900410
0.032000	3.985560
0.033000	3.931740
0.034000	5.115650
0.035000	6.568660
0.036000	8.254890
0.037000	8.990340
0.038000	9.133840
0.039000	8.541880
0.040000	7.662900
0.041000	6.317530
0.042000	5.295040
0.043000	4.093170
0.044000	3.393570
0.045000	2.927190
0.046000	2.891330
0.047000	3.608850
0.048000	4.792760
0.049000	6.568660
0.050000	8.667450
0.051000	9.959000
0.052000	11.125000
0.053000	11.053300
0.054000	10.784200
0.055000	9.743760
0.056000	8.559810
0.057000	7.340010
0.058000	6.102280
0.059000	3.357720
0.060000	0.649008
0.061000	-1.521530
0.062000	-0.821933
0.063000	1.599740
0.064000	6.263700
0.065000	11.932200
0.066000	16.058001
0.067000	17.959499
0.068000	17.654600
0.069000	16.811501
0.070000	14.407700
0.071000	12.362800
0.072000	9.689940
0.073000	8.434240
0.074000	6.622480
0.075000	6.030530
0.076000	7.214440
0.077000	9.402940
0.078000	12.560100
0.079000	15.663400
0.080000	17.833900
0.081000	17.816000
0.082000	17.546900
0.083000	16.291300
0.084000	14.282100
0.085000	12.380700
0.086000	11.017400
0.087000	9.923150
0.088000	9.564370
0.089000	9.869330
0.090000	10.712400
0.091000	12.416600
0.092000	13.869600
0.093000	14.945900
0.094000	15.340500
0.095000	14.910000
0.096000	13.869600
0.097000	12.757400
0.098000	11.842500
0.099000	11.268500
0.100000	10.981500
0.101000	11.125000
0.102000	11.483800
0.103000	12.344800
0.104000	13.421100
0.105000	14.389800
0.106000	15.322600
0.107000	15.735200
0.108000	15.609600
0.109000	15.125200
0.110000	14.569200
0.111000	14.228300
0.112000	14.300100
0.113000	14.425600
0.114000	14.694700
0.115000	15.161100
0.116000	15.681300
0.117000	16.237400
0.118000	16.703800
0.119000	17.026699
0.120000	16.990900
0.121000	16.721800
0.122000	16.363001
0.123000	16.004200
0.124000	16.022200
0.125000	16.093901
0.126000	16.398899
0.127000	16.632099
0.128000	16.919100
0.129000	17.242001
0.130000	17.528999
0.131000	17.708401
0.132000	17.744200
0.133000	17.654600
0.134000	17.528999
0.135000	17.349600
0.136000	17.152300
0.137000	17.259899
0.138000	17.511101
0.139000	17.798100
0.140000	18.210699
0.141000	18.408001
0.142000	18.515600
0.143000	18.677000
0.144000	18.587400
0.145000	18.605301
0.146000	18.389999
0.147000	18.318300
0.148000	18.210699
0.149000	18.264500
0.150000	18.443800
0.151000	18.623199
0.152000	18.964100
0.153000	19.161400
0.154000	19.287001
0.155000	19.502199
0.156000	19.573999
0.157000	19.753300
0.158000	19.789200
0.159000	19.807199
0.160000	19.753300
0.161000	19.699499
0.162000	19.753300
0.163000	19.861000
0.164000	20.022400
0.165000	20.183901
0.166000	20.327400
0.167000	20.399099
0.168000	20.488800
0.169000	20.470900
0.170000	13.600500
0.171000	14.192500
0.172000	8.667450
0.173000	10.622700
0.174000	13.474900
0.175000	15.968400
0.176000	19.699499
0.177000	17.295799
0.178000	17.582800
0.179000	15.681300
0.180000	17.116400
0.181000	18.479700
0.182000	18.982000
0.183000	20.201799
0.184000	18.641199
0.185000	19.609800
0.186000	19.538099
0.187000	20.452900
0.188000	21.744499
0.189000	21.242201
0.190000	22.695200
0.191000	21.798300
0.192000	23.000200
0.193000	22.713200
0.194000	22.874599
0.195000	23.233400
0.196000	22.767000
0.197000	23.484501
0.198000	22.964300
0.199000	23.287201
0.200000	23.125799
0.201000	23.089899
0.202000	23.305099
0.203000	23.054001
0.204000	23.143700
0.205000	22.784901
0.206000	22.551701
0.207000	21.995600
0.208000	21.744499
0.209000	21.403700
0.210000	20.847601
0.211000	20.793800
0.212000	20.201799
0.213000	20.201799
0.214000	20.004499
0.215000	20.094200
0.216000	20.327400
0.217000	20.148001
0.218000	20.686199
0.219000	20.506800
0.220000	20.847601
0.221000	21.080799
0.222000	21.134600
0.223000	21.636900
0.224000	21.636900
0.225000	21.977699
0.226000	21.475401
0.227000	17.816000
0.228000	17.708401
0.229000	14.658900
0.230000	12.829100
0.231000	11.896400
0.232000	9.976970
0.233000	10.748300
0.234000	10.030800
0.235000	12.201300
0.236000	14.820300
0.237000	16.990900
0.238000	17.044600
0.239000	17.044600
0.240000	15.466100
0.241000	13.654300
0.242000	12.990600
0.243000	11.465800
0.244000	11.537600
0.245000	10.694500
0.246000	10.461300
0.247000	10.963600
0.248000	11.842500
0.249000	12.811200
0.250000	13.349400
0.251000	13.959300
0.252000	13.331400
0.253000	11.591400
0.254000	8.846840
0.255000	6.066390
0.256000	4.469880
0.257000	3.393570
0.258000	3.770280
0.259000	4.021420
0.260000	4.021420
0.261000	3.626780
0.262000	2.173770
0.263000	1.832950
0.264000	2.317300
0.265000	3.680600
0.266000	5.205360
0.267000	5.815250
0.268000	5.779390
0.269000	5.169470
0.270000	4.577520
0.271000	4.882480
0.272000	5.008050
0.273000	5.689680
0.274000	5.815250
0.275000	6.353420
0.276000	5.940820
0.277000	6.084350
0.278000	5.958780
0.279000	5.869070
0.280000	6.120210
0.281000	6.227850
0.282000	6.748050
0.283000	6.999190
0.284000	7.070940
0.285000	6.801870
0.286000	6.389270
0.287000	6.263700
0.288000	5.725570
0.289000	5.617930
0.290000	5.474430
0.291000	5.528250
0.292000	5.546180
0.293000	5.366790
0.294000	5.061870
0.295000	4.613410
0.296000	4.290520
0.297000	4.021420
0.298000	3.913810
0.299000	3.949670
0.300000	3.877920
0.301000	3.716500
0.302000	3.321820
0.303000	2.693980
0.304000	2.299340
0.305000	2.102020
0.306000	2.245520
0.307000	2.245520
0.308000	2.424910
0.309000	2.173770
0.310000	2.048200
0.311000	1.761210
0.312000	1.653560
0.313000	1.689460
0.314000	1.563890
0.315000	1.581820
0.316000	1.312750
0.317000	1.151290
0.318000	0.792542
0.319000	0.451690
0.320000	-0.445224
0.321000	-2.813080
0.322000	-5.754960
0.323000	-10.329200
0.324000	-12.302500
0.325000	-12.643300
0.326000	-9.324690
0.327000	-4.427520
0.328000	-0.534901
0.329000	2.586370
0.330000	3.393570
0.331000	4.039380
0.332000	4.308450
0.333000	4.523700
0.334000	3.806170
0.335000	2.030270
0.336000	-1.431820
0.337000	-5.719070
0.338000	-9.342620
0.339000	-10.992900
0.340000	-9.342620
0.341000	-5.952280
0.342000	-1.844420
0.343000	1.510070
0.344000	3.447390
0.345000	4.523700
0.346000	4.146990
0.347000	3.555030
0.348000	2.424910
0.349000	1.169250
0.350000	0.254372
0.351000	-0.803968
0.352000	-1.503560
0.353000	-2.292870
0.354000	-2.615760
0.355000	-2.418440
0.356000	-2.561940
0.357000	-2.256980
0.358000	-1.862340
0.359000	-1.108930
0.360000	0.057054
0.361000	1.276860
0.362000	2.263480
0.363000	2.442870
0.364000	1.886770
0.365000	1.043680
0.366000	0.272337
0.367000	-0.373475
0.368000	-0.786040
0.369000	-1.575310
0.370000	-2.023810
0.371000	-2.059660
0.372000	-1.808520
0.373000	-0.893681
0.374000	-0.140265
0.375000	0.433762
0.376000	0.702829
0.377000	0.469655
0.378000	0.110874
0.379000	-0.301727
0.380000	-0.732219
0.381000	-1.055110
0.382000	-1.682950
0.383000	-2.077590
0.384000	-2.454300
0.385000	-2.831010
0.386000	-2.920720
0.387000	-3.153890
0.388000	-2.956580
0.389000	-2.831010
0.390000	-2.705440
0.391000	-2.454300
0.392000	-2.310800
0.393000	-2.059660
0.394000	-2.059660
0.395000	-2.077590
0.396000	-2.005840
0.397000	-2.131410
0.398000	-1.934090
0.399000	-1.862340
0.400000	-1.880270
0.401000	-1.808520
0.402000	-1.808520
0.403000	-1.736770
0.404000	-1.665030
0.405000	-1.575310
0.406000	-1.377990
0.407000	-1.306250
0.408000	-1.180680
0.409000	-1.055110
0.410000	-1.162750
0.411000	-1.019250
0.412000	-1.144820
0.413000	-1.252420
0.414000	-1.180680
0.415000	-1.521530
0.416000	-1.467710
0.417000	-1.665030
0.418000	-1.593280
0.419000	-1.629130
0.420000	-1.665030
0.421000	-1.718850
0.422000	-2.023810
0.423000	-1.952020
0.424000	-2.059660
0.425000	-2.095560
0.426000	-1.880270
0.427000	-1.952020
0.428000	-1.700880
0.429000	-1.772670
0.430000	-1.682950
0.431000	-1.073070
0.432000	-0.570794
0.433000	0.702829
0.434000	2.137910
0.435000	2.747800
0.436000	3.106580
0.437000	2.012340
0.438000	1.241000
0.439000	0.003233
0.440000	-0.929537
0.441000	-1.934090
0.442000	-3.620320
0.443000	-5.216830
0.444000	-6.633950
0.445000	-6.974760
0.446000	-5.916420
0.447000	-4.122560
0.448000	-2.203160
0.449000	-0.373475
0.450000	0.738722
0.451000	1.223030
0.452000	1.079540
0.453000	0.236444
0.454000	-0.911609
0.455000	-1.772670
0.456000	-2.400480
0.457000	-2.508120
0.458000	-2.346690
0.459000	-2.310800
0.460000	-2.579870
0.461000	-2.902760
0.462000	-2.992470
0.463000	-2.687510
0.464000	-2.059660
0.465000	-1.180680
0.466000	-0.660470
0.467000	-0.247906
0.468000	-0.158193
0.469000	0.021198
0.470000	-0.068516
0.471000	0.057054
0.472000	-0.319655
0.473000	-0.481080
0.474000	-1.234500
0.475000	-1.629130
0.476000	-2.041730
0.477000	-1.772670
0.478000	-1.503560
0.479000	-1.252420
0.480000	-0.983358
0.481000	-1.288320
0.482000	-0.947502
0.483000	-0.839861
0.484000	-0.803968
0.485000	-0.158193
0.486000	-0.606650
0.487000	-0.122337
0.488000	-0.803968
0.489000	-0.821933
0.490000	-0.929537
0.491000	-1.306250
0.492000	-1.216570
0.493000	-1.539460
0.494000	-1.234500
0.495000	-1.198640
0.496000	-0.911609
0.497000	-0.481080
0.498000	-0.445224
0.499000	-0.355511
0.500000	-0.427259
0.501000	-0.319655
0.502000	-0.445224
0.503000	-0.391403
0.504000	-0.481080
0.505000	-0.588722
0.506000	-0.552829
0.507000	-0.606650
0.508000	-0.516973
0.509000	-0.409331
0.510000	-0.427259
0.511000	-0.427259
0.512000	-0.516973
0.513000	-0.481080
0.514000	-0.570794
0.515000	-0.355511
0.516000	-0.499045
0.517000	-0.212013
0.518000	-0.229941
0.519000	-0.283762
0.520000	-0.373475
0.521000	-0.337583
0.522000	-0.427259
0.523000	-0.391403
0.524000	-0.445224
0.525000	-0.516973
0.526000	-0.499045
0.527000	-0.750184
0.528000	-0.624614
0.529000	-0.875753
0.530000	-0.678398
0.531000	-0.570794
0.532000	-0.499045
0.533000	-0.301727
0.534000	-0.391403
0.535000	-0.194085
0.536000	-0.104372
0.537000	0.092946
0.538000	0.057054
0.539000	0.146767
0.540000	-0.086444
0.541000	0.146767
0.542000	-0.068516
0.543000	0.092946
0.544000	0.021198
0.545000	0.200551
0.546000	0.326121
0.547000	0.344085
0.548000	0.792542
0.549000	0.451690
0.550000	0.900147
0.551000	0.595224
0.552000	0.649008
0.553000	0.702829
0.554000	0.505511
0.555000	1.025720
0.556000	0.684901
0.557000	0.684901
0.558000	0.631080
0.559000	0.433762
0.560000	0.631080
0.561000	0.308193
0.562000	0.738722
0.563000	0.613152
0.564000	0.918112
0.565000	0.846363
0.566000	1.079540
0.567000	1.366570
0.568000	1.366570
0.569000	1.617710
0.570000	1.312750
0.571000	1.510070
0.572000	1.205110
0.573000	1.402420
0.574000	1.276860
0.575000	1.545920
0.576000	1.743280
0.577000	1.438320
0.578000	2.066160
0.579000	1.635640
0.580000	2.066160
0.581000	1.922630
0.582000	1.940600
0.583000	2.066160
0.584000	1.761210
0.585000	2.030270
0.586000	1.868850
0.587000	1.868850
0.588000	1.922630
0.589000	1.653560
0.590000	1.868850
0.591000	1.743280
0.592000	1.904700
0.593000	1.832950
0.594000	1.815030
0.595000	1.707380
0.596000	1.779130
0.597000	1.689460
0.598000	1.994420
0.599000	2.155840
0.600000	2.191730
0.601000	2.227590
0.602000	2.012340
0.603000	2.084090
0.604000	1.940600
0.605000	2.066160
0.606000	2.102020
0.607000	2.030270
0.608000	2.066160
0.609000	1.922630
0.610000	1.994420
0.611000	2.030270
0.612000	2.048200
0.613000	2.299340
0.614000	2.173770
0.615000	2.281410
0.616000	2.102020
0.617000	1.976450
0.618000	1.868850
0.619000	1.743280
0.620000	1.761210
0.621000	1.689460
0.622000	1.653560
0.623000	1.779130
0.624000	1.725310
0.625000	1.832950
0.626000	1.904700
0.627000	1.886770
0.628000	1.994420
0.629000	1.994420
0.630000	2.012340
0.631000	2.084090
0.632000	1.904700
0.633000	2.066160
0.634000	2.048200
0.635000	2.048200
0.636000	2.155840
0.637000	2.102020
0.638000	2.281410
0.639000	2.353160
0.640000	2.299340
0.641000	2.406980
0.642000	2.335230
0.643000	2.389050
0.644000	2.389050
0.645000	2.335230
0.646000	2.353160
0.647000	2.371090
0.648000	2.406980
0.649000	2.532550
0.650000	2.424910
0.651000	2.532550
0.652000	2.568440
0.653000	2.729870
0.654000	2.855440
0.655000	2.837510
0.656000	2.891330
0.657000	2.927190
0.658000	3.016900
0.659000	3.034830
0.660000	3.106580
0.661000	3.357720
0.662000	3.357720
0.663000	3.483290
0.664000	3.483290
0.665000	3.608850
0.666000	3.626780
0.667000	3.662680
0.668000	3.859990
0.669000	3.913810
0.670000	3.806170
0.671000	3.913810
0.672000	3.788240
0.673000	3.913810
0.674000	3.913810
0.675000	4.021420
0.676000	4.182880
0.677000	4.218740
0.678000	4.290520
0.679000	4.218740
0.680000	4.272560
0.681000	4.236700
0.682000	4.182880
0.683000	4.362270
0.684000	4.164950
0.685000	4.218740
0.686000	4.129060
0.687000	4.111130
0.688000	4.308450
0.689000	4.218740
0.690000	4.434020
0.691000	4.380200
0.692000	4.451950
0.693000	4.398130
0.694000	4.272560
0.695000	4.362270
0.696000	4.218740
0.697000	4.129060
0.698000	4.182880
0.699000	4.146990
0.700000	4.093170
0.701000	3.985560
0.702000	4.021420
0.703000	4.039380
0.704000	4.093170
0.705000	4.057310
0.706000	4.200810
0.707000	4.146990
0.708000	4.164950
0.709000	4.093170
0.710000	4.164950
0.711000	4.164950
0.712000	4.146990
0.713000	4.164950
0.714000	4.075240
0.715000	4.021420
0.716000	3.967600
0.717000	4.003490
0.718000	4.129060
0.719000	4.129060
0.720000	4.182880
0.721000	4.164950
0.722000	4.164950
0.723000	4.182880
0.724000	4.182880
0.725000	4.164950
0.726000	4.254630
0.727000	4.218740
0.728000	4.200810
0.729000	4.182880
0.730000	4.200810
0.731000	4.254630
0.732000	4.236700
0.733000	4.308450
0.734000	4.254630
0.735000	4.236700
0.736000	4.254630
0.737000	4.218740
0.738000	4.254630
0.739000	4.218740
0.740000	4.218740
0.741000	4.236700
0.742000	4.254630
0.743000	4.344310
0.744000	4.362270
0.745000	4.451950
0.746000	4.469880
0.747000	4.469880
0.748000	4.487840
0.749000	4.469880
0.750000	4.505770
0.751000	4.541620
0.752000	4.595450
0.753000	4.613410
0.754000	4.595450
0.755000	4.523700
0.756000	4.487840
0.757000	4.469880
0.758000	4.505770
0.759000	4.541620
0.760000	4.541620
0.761000	4.523700
0.762000	4.451950
0.763000	4.344310
0.764000	4.308450
0.765000	4.290520
0.766000	4.308450
0.767000	4.236700
0.768000	4.200810
0.769000	4.075240
0.770000	3.931740
0.771000	3.877920
0.772000	3.806170
0.773000	3.824100
0.774000	3.859990
0.775000	3.895850
0.776000	3.931740
0.777000	3.895850
0.778000	3.877920
0.779000	3.806170
0.780000	3.770280
0.781000	3.698530
0.782000	3.698530
0.783000	3.698530
0.784000	3.716500
0.785000	3.680600
0.786000	3.644710
0.787000	3.626780
0.788000	3.590930
0.789000	3.626780
0.790000	3.608850
0.791000	3.626780
0.792000	3.572960
0.793000	3.537110
0.794000	3.483290
0.795000	3.393570
0.796000	3.393570
0.797000	3.339790
0.798000	3.357720
0.799000	3.285970
0.800000	3.232150
0.801000	3.142470
0.802000	3.106580
0.803000	3.052760
0.804000	2.981010
0.805000	2.963080
0.806000	2.909260
0.807000	2.837510
0.808000	2.801620
0.809000	2.783690
0.810000	2.855440
0.811000	2.873370
0.812000	2.945110
0.813000	2.873370
0.814000	2.837510
0.815000	2.729870
0.816000	2.676050
0.817000	2.693980
0.818000	2.658120
0.819000	2.711940
0.820000	2.693980
0.821000	2.693980
0.822000	2.640190
0.823000	2.604300
0.824000	2.658120
0.825000	2.676050
0.826000	2.747800
0.827000	2.747800
0.828000	2.729870
0.829000	2.747800
0.830000	2.693980
0.831000	2.622230
0.832000	2.604300
0.833000	2.532550
0.834000	2.496660
0.835000	2.478730
0.836000	2.460800
0.837000	2.424910
0.838000	2.371090
0.839000	2.406980
0.840000	2.371090
0.841000	2.335230
0.842000	2.353160
0.843000	2.353160
0.844000	2.353160
0.845000	2.317300
0.846000	2.245520
0.847000	2.281410
0.848000	2.191730
0.849000	2.263480
0.850000	2.263480
0.851000	2.245520
0.852000	2.155840
0.853000	2.191730
0.854000	2.084090
0.855000	2.119950
0.856000	2.119950
0.857000	2.155840
0.858000	2.119950
0.859000	2.048200
0.860000	1.976450
0.861000	1.850880
0.862000	1.850880
0.863000	1.832950
0.864000	1.922630
0.865000	1.797060
0.866000	1.707380
0.867000	1.689460
0.868000	1.581820
0.869000	1.492140
0.870000	1.545920
0.871000	1.492140
0.872000	1.527990
0.873000	1.366570
0.874000	1.312750
0.875000	1.205110
0.876000	1.187180
0.877000	1.241000
0.878000	1.258930
0.879000	1.205110
0.880000	1.187180
0.881000	1.061610
0.882000	0.953968
0.883000	0.953968
0.884000	0.882219
0.885000	0.900147
0.886000	0.810470
0.887000	0.702829
0.888000	0.702829
0.889000	0.595224
0.890000	0.559331
0.891000	0.631080
0.892000	0.613152
0.893000	0.595224
0.894000	0.397869
0.895000	0.433762
0.896000	0.344085
0.897000	0.326121
0.898000	0.308193
0.899000	0.344085
0.900000	0.236444
0.901000	0.164695
0.902000	0.021198
0.903000	0.092946
0.904000	-0.068516
0.905000	0.057054
0.906000	-0.032623
0.907000	0.003233
0.908000	-0.122337
0.909000	-0.050588
0.910000	-0.176157
0.911000	-0.050588
0.912000	-0.140265
0.913000	-0.158193
0.914000	-0.194085
0.915000	-0.265834
0.916000	-0.212013
0.917000	-0.337583
0.918000	-0.337583
0.919000	-0.301727
0.920000	-0.427259
0.921000	-0.463152
0.922000	-0.481080
0.923000	-0.445224
0.924000	-0.499045
0.925000	-0.570794
0.926000	-0.642542
0.927000	-0.570794
0.928000	-0.768112
0.929000	-0.768112
0.930000	-0.732219
0.931000	-0.786040
0.932000	-0.821933
0.933000	-0.947502
0.934000	-0.929537
0.935000	-1.055110
0.936000	-1.073070
0.937000	-1.001290
0.938000	-1.091000
0.939000	-1.019250
0.940000	-1.144820
0.941000	-1.180680
0.942000	-1.162750
0.943000	-1.377990
0.944000	-1.288320
0.945000	-1.395960
0.946000	-1.360070
0.947000	-1.503560
0.948000	-1.557380
0.949000	-1.467710
0.950000	-1.629130
0.951000	-1.575310
0.952000	-1.754700
0.953000	-1.754700
0.954000	-1.862340
0.955000	-1.862340
0.956000	-2.005840
0.957000	-2.059660
0.958000	-2.077590
0.959000	-2.239050
0.960000	-2.239050
0.961000	-2.328730
0.962000	-2.310800
0.963000	-2.544010
0.964000	-2.651620
0.965000	-2.795150
0.966000	-2.884830
0.967000	-2.741330
0.968000	-2.687510
0.969000	-2.382550
0.970000	-2.274910
0.971000	-2.221120
0.972000	-2.203160
0.973000	-2.346690
0.974000	-2.274910
0.975000	-2.561940
0.976000	-2.615760
0.977000	-2.974500
0.978000	-3.225640
0.979000	-3.405030
0.980000	-3.602350
0.981000	-3.548530
0.982000	-3.584420
0.983000	-3.405030
0.984000	-3.422960
0.985000	-3.387110
0.986000	-3.530600
0.987000	-3.584420
0.988000	-3.656170
0.989000	-3.781740
0.990000	-3.674100
0.991000	-3.817630
0.992000	-3.674100
0.993000	-3.925240
0.994000	-3.871420
0.995000	-3.996990
0.996000	-4.122560
0.997000	-4.086700
0.998000	-4.319910
0.999000	-4.248130
1.000000	-4.337840
1.001000	-4.427520
1.002000	-4.301950
1.003000	-4.463410
1.004000	-4.301950
1.005000	-4.409590
1.006000	-4.445450
1.007000	-4.463410
1.008000	-4.606910
1.009000	-4.517230
1.010000	-4.660730
1.011000	-4.499270
1.012000	-4.750410
1.013000	-4.588980
1.014000	-4.750410
1.015000	-4.750410
1.016000	-4.858050
1.017000	-4.929800
1.018000	-4.965690
1.019000	-5.252680
1.020000	-5.216830
1.021000	-5.467970
1.022000	-5.629390
1.023000	-5.701140
1.024000	-5.862600
1.025000	-5.611460
1.026000	-5.521750
1.027000	-5.073290
1.028000	-4.840120
1.029000	-4.929800
1.030000	-4.875970
1.031000	-5.234750
1.032000	-4.858050
1.033000	-4.965690
1.034000	-4.553090
1.035000	-4.858050
1.036000	-5.019470
1.037000	-5.378250
1.038000	-5.701140
1.039000	-5.701140
1.040000	-5.754960
1.041000	-5.521750
1.042000	-5.503820
1.043000	-5.467970
1.044000	-5.396180
1.045000	-5.503820
1.046000	-5.521750
1.047000	-5.737030
1.048000	-5.754960
1.049000	-5.593500
1.050000	-5.450000
1.051000	-5.234750
1.052000	-5.180930
1.053000	-5.180930
1.054000	-5.485890
1.055000	-5.647320
1.056000	-6.006100
1.057000	-6.006100
1.058000	-6.095780
1.059000	-5.952280
1.060000	-5.898460
1.061000	-5.862600
1.062000	-5.826710
1.063000	-5.934350
1.064000	-5.988170
1.065000	-6.041990
1.066000	-6.041990
1.067000	-5.934350
1.068000	-5.916420
1.069000	-5.916420
1.070000	-5.970210
1.071000	-6.006100
1.072000	-5.970210
1.073000	-5.988170
1.074000	-5.934350
1.075000	-6.006100
1.076000	-6.006100
1.077000	-6.095780
1.078000	-6.131670
1.079000	-6.185490
1.080000	-6.239310
1.081000	-6.257240
1.082000	-6.239310
1.083000	-6.257240
1.084000	-6.221350
1.085000	-6.311060
1.086000	-6.257240
1.087000	-6.311060
1.088000	-6.293090
1.089000	-6.293090
1.090000	-6.257240
1.091000	-6.257240
1.092000	-6.311060
1.093000	-6.311060
1.094000	-6.346920
1.095000	-6.328990
1.096000	-6.311060
1.097000	-6.239310
1.098000	-6.113740
1.099000	-6.203420
1.100000	-6.203420
1.101000	-6.275170
1.102000	-6.364880
1.103000	-6.364880
1.104000	-6.311060
1.105000	-6.221350
1.106000	-6.203420
1.107000	-6.311060
1.108000	-6.328990
1.109000	-6.328990
1.110000	-6.311060
1.111000	-6.185490
1.112000	-6.203420
1.113000	-6.185490
1.114000	-6.293090
1.115000	-6.311060
1.116000	-6.311060
1.117000	-6.203420
1.118000	-6.077850
1.119000	-6.077850
1.120000	-6.059920
1.121000	-6.131670
1.122000	-6.167530
1.123000	-6.167530
1.124000	-6.059920
1.125000	-5.916420
1.126000	-5.826710
1.127000	-5.808780
1.128000	-5.844640
1.129000	-5.880530
1.130000	-5.880530
1.131000	-5.808780
1.132000	-5.665280
1.133000	-5.647320
1.134000	-5.611460
1.135000	-5.701140
1.136000	-5.808780
1.137000	-5.880530
1.138000	-5.862600
1.139000	-5.754960
1.140000	-5.647320
1.141000	-5.611460
1.142000	-5.647320
1.143000	-5.754960
1.144000	-5.808780
1.145000	-5.826710
1.146000	-5.719070
1.147000	-5.701140
1.148000	-5.665280
1.149000	-5.737030
1.150000	-5.826710
1.151000	-5.916420
1.152000	-5.952280
1.153000	-5.934350
1.154000	-5.844640
1.155000	-5.826710
1.156000	-5.754960
1.157000	-5.826710
1.158000	-5.898460
1.159000	-5.934350
1.160000	-5.934350
1.161000	-5.898460
1.162000	-5.826710
1.163000	-5.808780
1.164000	-5.754960
1.165000	-5.790850
1.166000	-5.844640
1.167000	-5.844640
1.168000	-5.790850
1.169000	-5.719070
1.170000	-5.701140
1.171000	-5.665280
1.172000	-5.737030
1.173000	-5.754960
1.174000	-5.844640
1.175000	-5.772890
1.176000	-5.719070
1.177000	-5.683210
1.178000	-5.737030
1.179000	-5.737030
1.180000	-5.808780
1.181000	-5.826710
1.182000	-5.754960
1.183000	-5.701140
1.184000	-5.629390
1.185000	-5.593500
1.186000	-5.647320
1.187000	-5.629390
1.188000	-5.719070
1.189000	-5.701140
1.190000	-5.665280
1.191000	-5.557640
1.192000	-5.467970
1.193000	-5.503820
1.194000	-5.432070
1.195000	-5.521750
1.196000	-5.503820
1.197000	-5.432070
1.198000	-5.288580
1.199000	-5.109190
1.200000	-5.019470
1.201000	-4.983620
1.202000	-5.001540
1.203000	-5.001540
1.204000	-5.001540
1.205000	-4.893940
1.206000	-4.750410
1.207000	-4.678660
1.208000	-4.606910
1.209000	-4.660730
1.210000	-4.624840
1.211000	-4.696580
1.212000	-4.642800
1.213000	-4.553090
1.214000	-4.535160
1.215000	-4.373700
1.216000	-4.463410
1.217000	-4.463410
1.218000	-4.481340
1.219000	-4.499270
1.220000	-4.391660
1.221000	-4.319910
1.222000	-4.230200
1.223000	-4.176380
1.224000	-4.212270
1.225000	-4.194340
1.226000	-4.176380
1.227000	-4.086700
1.228000	-4.032880
1.229000	-3.871420
1.230000	-3.835560
1.231000	-3.853490
1.232000	-3.853490
1.233000	-3.889380
1.234000	-3.853490
1.235000	-3.817630
1.236000	-3.745890
1.237000	-3.674100
1.238000	-3.709990
1.239000	-3.638240
1.240000	-3.763810
1.241000	-3.674100
1.242000	-3.674100
1.243000	-3.656170
1.244000	-3.530600
1.245000	-3.584420
1.246000	-3.512680
1.247000	-3.566500
1.248000	-3.584420
1.249000	-3.548530
1.250000	-3.548530
1.251000	-3.476780
1.252000	-3.476780
1.253000	-3.458850
1.254000	-3.405030
1.255000	-3.476780
1.256000	-3.422960
1.257000	-3.315360
1.258000	-3.279460
1.259000	-3.189790
1.260000	-3.171860
1.261000	-3.153890
1.262000	-3.100070
1.263000	-3.064220
1.264000	-3.028330
1.265000	-2.938650
1.266000	-2.902760
1.267000	-2.848940
1.268000	-2.902760
1.269000	-2.848940
1.270000	-2.902760
1.271000	-2.777190
1.272000	-2.669580
1.273000	-2.687510
1.274000	-2.561940
1.275000	-2.723370
1.276000	-2.633690
1.277000	-2.633690
1.278000	-2.669580
1.279000	-2.561940
1.280000	-2.579870
1.281000	-2.526050
1.282000	-2.472260
1.283000	-2.526050
1.284000	-2.382550
1.285000	-2.490190
1.286000	-2.328730
1.287000	-2.346690
1.288000	-2.292870
1.289000	-2.203160
1.290000	-2.203160
1.291000	-2.131410
1.292000	-2.041730
1.293000	-2.005840
1.294000	-1.952020
1.295000	-1.916160
1.296000	-1.844420
1.297000	-1.844420
1.298000	-1.772670
1.299000	-1.772670
1.300000	-1.682950
1.301000	-1.718850
1.302000	-1.665030
1.303000	-1.557380
1.304000	-1.593280
1.305000	-1.521530
1.306000	-1.593280
1.307000	-1.485640
1.308000	-1.521530
1.309000	-1.485640
1.310000	-1.395960
1.311000	-1.413890
1.312000	-1.270390
1.313000	-1.324210
1.314000	-1.234500
1.315000	-1.216570
1.316000	-1.162750
1.317000	-1.091000
1.318000	-1.055110
1.319000	-0.875753
1.320000	-0.947502
1.321000	-0.875753
1.322000	-0.857789
1.323000	-0.768112
1.324000	-0.714291
1.325000	-0.678398
1.326000	-0.570794
1.327000	-0.570794
1.328000	-0.588722
1.329000	-0.588722
1.330000	-0.606650
1.331000	-0.499045
1.332000	-0.516973
1.333000	-0.355511
1.334000	-0.301727
1.335000	-0.283762
1.336000	-0.301727
1.337000	-0.409331
1.338000	-0.391403
1.339000	-0.373475
1.340000	-0.301727
1.341000	-0.229941
1.342000	-0.158193
1.343000	-0.140265
1.344000	-0.104372
1.345000	-0.158193
1.346000	-0.176157
1.347000	-0.194085
1.348000	-0.176157
1.349000	-0.104372
1.350000	-0.104372
1.351000	-0.086444
1.352000	-0.104372
1.353000	-0.086444
1.354000	-0.050588
1.355000	-0.032623
1.356000	0.110874
1.357000	0.092946
1.358000	0.254372
1.359000	0.272337
1.360000	0.308193
1.361000	0.308193
1.362000	0.290265
1.363000	0.326121
1.364000	0.272337
1.365000	0.272337
1.366000	0.236444
1.367000	0.272337
1.368000	0.236444
1.369000	0.272337
1.370000	0.272337
1.371000	0.254372
1.372000	0.272337
1.373000	0.200551
1.374000	0.272337
1.375000	0.254372
1.376000	0.308193
1.377000	0.415834
1.378000	0.415834
1.379000	0.541403
1.380000	0.487583
1.381000	0.541403
1.382000	0.523439
1.383000	0.595224
1.384000	0.649008
1.385000	0.684901
1.386000	0.792542
1.387000	0.720794
1.388000	0.720794
1.389000	0.649008
1.390000	0.613152
1.391000	0.631080
1.392000	0.756650
1.393000	0.882219
1.394000	0.989861
1.395000	1.133360
1.396000	1.133360
1.397000	1.151290
1.398000	1.061610
1.399000	1.043680
1.400000	1.025720
1.401000	1.061610
1.402000	1.043680
1.403000	1.007790
1.404000	1.025720
1.405000	0.989861
1.406000	0.971896
1.407000	0.918112
1.408000	0.936040
1.409000	0.918112
1.410000	0.936040
1.411000	0.936040
1.412000	0.953968
1.413000	0.989861
1.414000	0.989861
1.415000	1.025720
1.416000	1.025720
1.417000	1.097470
1.418000	1.115430
1.419000	1.169250
1.420000	1.169250
1.421000	1.151290
1.422000	1.133360
1.423000	1.133360
1.424000	1.133360
1.425000	1.133360
1.426000	1.079540
1.427000	1.061610
1.428000	1.025720
1.429000	1.007790
1.430000	0.936040
1.431000	0.936040
1.432000	0.882219
1.433000	0.846363
1.434000	0.810470
1.435000	0.720794
1.436000	0.738722
1.437000	0.631080
1.438000	0.631080
1.439000	0.559331
1.440000	0.595224
1.441000	0.595224
1.442000	0.631080
1.443000	0.631080
1.444000	0.649008
1.445000	0.684901
1.446000	0.720794
1.447000	0.702829
1.448000	0.649008
1.449000	0.613152
1.450000	0.595224
1.451000	0.613152
1.452000	0.649008
1.453000	0.702829
1.454000	0.828398
1.455000	0.900147
1.456000	0.953968
1.457000	0.953968
1.458000	0.971896
1.459000	0.953968
1.460000	0.882219
1.461000	0.846363
1.462000	0.738722
1.463000	0.684901
1.464000	0.631080
1.465000	0.595224
1.466000	0.559331
1.467000	0.577259
1.468000	0.559331
1.469000	0.559331
1.470000	0.505511
1.471000	0.469655
1.472000	0.433762
1.473000	0.379941
1.474000	0.379941
1.475000	0.397869
1.476000	0.451690
1.477000	0.487583
1.478000	0.505511
1.479000	0.523439
1.480000	0.559331
1.481000	0.559331
1.482000	0.595224
1.483000	0.595224
1.484000	0.595224
1.485000	0.577259
1.486000	0.577259
1.487000	0.595224
1.488000	0.559331
1.489000	0.559331
1.490000	0.577259
1.491000	0.541403
1.492000	0.559331
1.493000	0.505511
1.494000	0.469655
1.495000	0.415834
1.496000	0.362013
1.497000	0.326121
1.498000	0.308193
1.499000	0.272337
1.500000	0.218516
1.501000	0.200551
1.502000	0.182623
1.503000	0.164695
1.504000	0.128802
1.505000	0.074982
1.506000	0.039126
1.507000	-0.032623
1.508000	-0.068516
1.509000	-0.122337
1.510000	-0.140265
1.511000	-0.176157
1.512000	-0.194085
1.513000	-0.212013
1.514000	-0.194085
1.515000	-0.176157
1.516000	-0.176157
1.517000	-0.158193
1.518000	-0.194085
1.519000	-0.229941
1.520000	-0.283762
1.521000	-0.337583
1.522000	-0.337583
1.523000	-0.337583
1.524000	-0.337583
1.525000	-0.337583
1.526000	-0.373475
1.527000	-0.355511
1.528000	-0.445224
1.529000	-0.463152
1.530000	-0.534901
1.531000	-0.516973
1.532000	-0.570794
1.533000	-0.660470
1.534000	-0.696363
1.535000	-0.732219
1.536000	-0.750184
1.537000	-0.750184
1.538000	-0.768112
1.539000	-0.768112
1.540000	-0.803968
1.541000	-0.821933
1.542000	-0.839861
1.543000	-0.803968
1.544000	-0.803968
1.545000	-0.803968
1.546000	-0.839861
1.547000	-0.839861
1.548000	-0.875753
1.549000	-0.893681
1.550000	-0.857789
1.551000	-0.839861
1.552000	-0.857789
1.553000	-0.857789
1.554000	-0.857789
1.555000	-0.929537
1.556000	-0.947502
1.557000	-0.911609
1.558000	-0.857789
1.559000	-0.803968
1.560000	-0.911609
1.561000	-0.929537
1.562000	-1.126860
1.563000	-1.198640
1.564000	-1.270390
1.565000	-1.270390
1.566000	-1.198640
1.567000	-1.234500
1.568000	-1.234500
1.569000	-1.306250
1.570000	-1.467710
1.571000	-1.449780
1.572000	-1.521530
1.573000	-1.377990
1.574000	-1.449780
1.575000	-1.413890
1.576000	-1.431820
1.577000	-1.557380
1.578000	-1.521530
1.579000	-1.665030
1.580000	-1.575310
1.581000	-1.629130
1.582000	-1.575310
1.583000	-1.575310
1.584000	-1.647100
1.585000	-1.647100
1.586000	-1.772670
1.587000	-1.808520
1.588000	-1.880270
1.589000	-1.898240
1.590000	-1.934090
1.591000	-1.969990
1.592000	-2.059660
1.593000	-2.203160
1.594000	-2.203160
1.595000	-2.256980
1.596000	-2.203160
1.597000	-2.185230
1.598000	-2.221120
1.599000	-2.185230
1.600000	-2.364620
1.601000	-2.364620
1.602000	-2.472260
1.603000	-2.418440
1.604000	-2.418440
1.605000	-2.382550
1.606000	-2.418440
1.607000	-2.508120
1.608000	-2.561940
1.609000	-2.633690
1.610000	-2.669580
1.611000	-2.705440
1.612000	-2.723370
1.613000	-2.777190
1.614000	-2.813080
1.615000	-2.813080
1.616000	-2.902760
1.617000	-2.902760
1.618000	-2.974500
1.619000	-2.920720
1.620000	-2.956580
1.621000	-2.956580
1.622000	-2.956580
1.623000	-3.046290
1.624000	-3.010400
1.625000	-3.100070
1.626000	-3.010400
1.627000	-3.082150
1.628000	-3.082150
1.629000	-3.028330
1.630000	-3.207720
1.631000	-3.118040
1.632000	-3.279460
1.633000	-3.261540
1.634000	-3.279460
1.635000	-3.315360
1.636000	-3.261540
1.637000	-3.387110
1.638000	-3.351210
1.639000	-3.494750
1.640000	-3.458850
1.641000	-3.530600
1.642000	-3.494750
1.643000	-3.422960
1.644000	-3.512680
1.645000	-3.494750
1.646000	-3.584420
1.647000	-3.674100
1.648000	-3.674100
1.649000	-3.727920
1.650000	-3.656170
1.651000	-3.709990
1.652000	-3.656170
1.653000	-3.727920
1.654000	-3.745890
1.655000	-3.835560
1.656000	-3.835560
1.657000	-3.817630
1.658000	-3.835560
1.659000	-3.817630
1.660000	-3.907310
1.661000	-3.943200
1.662000	-4.050810
1.663000	-4.176380
1.664000	-4.086700
1.665000	-4.212270
1.666000	-4.086700
1.667000	-4.158450
1.668000	-4.158450
1.669000	-4.140520
1.670000	-4.284020
1.671000	-4.194340
1.672000	-4.373700
1.673000	-4.266090
1.674000	-4.337840
1.675000	-4.319910
1.676000	-4.301950
1.677000	-4.391660
1.678000	-4.355770
1.679000	-4.427520
1.680000	-4.427520
1.681000	-4.355770
1.682000	-4.337840
1.683000	-4.248130
1.684000	-4.355770
1.685000	-4.409590
1.686000	-4.499270
1.687000	-4.553090
1.688000	-4.535160
1.689000	-4.553090
1.690000	-4.571010
1.691000	-4.642800
1.692000	-4.678660
1.693000	-4.786300
1.694000	-4.804230
1.695000	-4.804230
1.696000	-4.732480
1.697000	-4.660730
1.698000	-4.660730
1.699000	-4.642800
1.700000	-4.714550
1.701000	-4.768370
1.702000	-4.786300
1.703000	-4.822150
1.704000	-4.750410
1.705000	-4.804230
1.706000	-4.750410
1.707000	-4.822150
1.708000	-4.840120
1.709000	-4.875970
1.710000	-4.911870
1.711000	-4.858050
1.712000	-4.840120
1.713000	-4.750410
1.714000	-4.786300
1.715000	-4.750410
1.716000	-4.804230
1.717000	-4.858050
1.718000	-4.893940
1.719000	-4.893940
1.720000	-4.840120
1.721000	-4.858050
1.722000	-4.840120
1.723000	-4.893940
1.724000	-4.893940
1.725000	-4.947720
1.726000	-4.965690
1.727000	-4.911870
1.728000	-4.858050
1.729000	-4.822150
1.730000	-4.875970
1.731000	-4.893940
1.732000	-5.037440
1.733000	-5.073290
1.734000	-5.109190
1.735000	-5.091260
1.736000	-5.037440
1.737000	-5.055360
1.738000	-5.019470
1.739000	-5.037440
1.740000	-5.037440
1.741000	-5.037440
1.742000	-4.983620
1.743000	-4.929800
1.744000	-4.875970
1.745000	-4.911870
1.746000	-5.001540
1.747000	-5.073290
1.748000	-5.127110
1.749000	-5.073290
1.750000	-5.019470
1.751000	-4.911870
1.752000	-4.875970
1.753000	-4.911870
1.754000	-4.947720
1.755000	-5.019470
1.756000	-5.055360
1.757000	-5.019470
1.758000	-5.001540
1.759000	-4.947720
1.760000	-4.983620
1.761000	-5.001540
1.762000	-5.073290
1.763000	-5.109190
1.764000	-5.091260
1.765000	-5.037440
1.766000	-4.893940
1.767000	-4.875970
1.768000	-4.858050
1.769000	-4.947720
1.770000	-5.037440
1.771000	-5.091260
1.772000	-5.109190
1.773000	-5.019470
1.774000	-4.929800
1.775000	-4.875970
1.776000	-4.875970
1.777000	-4.947720
1.778000	-5.037440
1.779000	-5.073290
1.780000	-5.037440
1.781000	-4.929800
1.782000	-4.840120
1.783000	-4.804230
1.784000	-4.893940
1.785000	-5.019470
1.786000	-5.163010
1.787000	-5.306500
1.788000	-5.396180
1.789000	-5.414150
1.790000	-5.324430
1.791000	-5.216830
1.792000	-5.163010
1.793000	-5.127110
1.794000	-5.163010
1.795000	-5.252680
1.796000	-5.216830
1.797000	-5.145040
1.798000	-5.037440
1.799000	-4.911870
1.800000	-4.750410
1.801000	-4.750410
1.802000	-4.786300
1.803000	-4.840120
1.804000	-4.893940
1.805000	-4.714550
1.806000	-4.642800
1.807000	-4.463410
1.808000	-4.409590
1.809000	-4.463410
1.810000	-4.517230
1.811000	-4.553090
1.812000	-4.481340
1.813000	-4.409590
1.814000	-4.104630
1.815000	-4.032880
1.816000	-3.853490
1.817000	-3.763810
1.818000	-3.709990
1.819000	-3.476780
1.820000	-3.064220
1.821000	-2.526050
1.822000	-1.987910
1.823000	-1.611210
1.824000	-1.377990
1.825000	-1.342140
1.826000	-1.306250
1.827000	-1.162750
1.828000	-0.857789
1.829000	-0.427259
1.830000	-0.104372
1.831000	0.200551
1.832000	0.164695
1.833000	0.110874
1.834000	-0.140265
1.835000	-0.140265
1.836000	-0.104372
1.837000	0.110874
1.838000	0.326121
1.839000	0.469655
1.840000	0.487583
1.841000	0.254372
1.842000	0.074982
1.843000	-0.086444
1.844000	-0.068516
1.845000	-15.100800
1.846000	-36.752399
1.847000	-36.752399
1.848000	-36.752399
1.849000	-10.957100
1.850000	21.224300
1.851000	28.435499
1.852000	36.705101
1.853000	20.076200
1.854000	7.573220
1.855000	-26.922199
1.856000	-36.393600
1.857000	-36.752399
1.858000	-14.455000
1.859000	13.474900
1.860000	25.314199
1.861000	30.372801
1.862000	20.363300
1.863000	10.820100
1.864000	-16.894699
1.865000	-24.841299
1.866000	-33.451698
1.867000	-9.109440
1.868000	8.775090
1.869000	23.538300
1.870000	23.843300
1.871000	21.421600
1.872000	11.160900
1.873000	-7.764070
1.874000	-20.105600
1.875000	-27.783199
1.876000	-12.338300
1.877000	0.810470
1.878000	19.932699
1.879000	15.519900
1.880000	18.730900
1.881000	8.236920
1.882000	-8.481600
1.883000	-18.150299
1.884000	-25.648600
1.885000	-10.957100
1.886000	-1.306250
1.887000	16.811501
1.888000	13.116200
1.889000	16.004200
1.890000	6.586630
1.891000	-9.665510
1.892000	-15.531300
1.893000	-20.877001
1.894000	-6.041990
1.895000	2.371090
1.896000	16.560301
1.897000	12.685600
1.898000	15.304600
1.899000	6.174030
1.900000	-7.889600
1.901000	-12.804700
1.902000	-16.697399
1.903000	-4.068770
1.904000	3.698530
1.905000	14.981700
1.906000	11.914300
1.907000	11.250600
1.908000	0.487583
1.909000	-10.383100
1.910000	-13.540200
1.911000	-12.320400
1.912000	-2.131410
1.913000	5.922890
1.914000	11.537600
1.915000	9.994900
1.916000	5.653820
1.917000	-4.176380
1.918000	-10.903300
1.919000	-11.943700
1.920000	-8.068990
1.921000	1.563890
1.922000	7.878180
1.923000	11.573500
1.924000	8.129320
1.925000	2.729870
1.926000	-5.503820
1.927000	-10.293400
1.928000	-8.140740
1.929000	-3.153890
1.930000	5.887030
1.931000	9.492620
1.932000	9.905220
1.933000	5.707640
1.934000	-2.239050
1.935000	-6.633950
1.936000	-9.701400
1.937000	-5.252680
1.938000	0.290265
1.939000	6.909520
1.940000	8.793020
1.941000	6.658380
1.942000	0.953968
1.943000	-5.629390
1.944000	-8.033140
1.945000	-8.086960
1.946000	-2.723370
1.947000	2.604300
1.948000	7.268260
1.949000	6.981270
1.950000	3.214220
1.951000	-1.934090
1.952000	-6.526310
1.953000	-6.508380
1.954000	-4.230200
1.955000	0.989861
1.956000	5.725570
1.957000	6.909520
1.958000	5.869070
1.959000	0.469655
1.960000	-3.261540
1.961000	-6.382810
1.962000	-4.678660
1.963000	-1.180680
1.964000	3.393570
1.965000	6.012600
1.966000	5.743500
1.967000	2.765760
1.968000	-1.880270
1.969000	-5.216830
1.970000	-5.790850
1.971000	-2.992470
1.972000	0.774578
1.973000	4.236700
1.974000	4.846580
1.975000	3.160400
1.976000	-0.445224
1.977000	-4.050810
1.978000	-5.127110
1.979000	-3.996990
1.980000	-0.301727
1.981000	2.837510
1.982000	4.756910
1.983000	3.949670
1.984000	1.384500
1.985000	-1.969990
1.986000	-4.104630
1.987000	-3.853490
1.988000	-1.503560
1.989000	2.084090
1.990000	4.057310
1.991000	4.398130
1.992000	2.353160
1.993000	-0.373475
1.994000	-3.028330
1.995000	-3.530600
1.996000	-2.203160
1.997000	0.451690
1.998000	3.016900
1.999000	3.842030
2.000000	2.891330
2.001000	0.092946
2.002000	-2.185230
2.003000	-3.530600
2.004000	-2.687510
2.005000	-0.786040
2.006000	1.743280
2.007000	3.339790
2.008000	2.963080
2.009000	1.241000
2.010000	-1.395960
2.011000	-2.705440
2.012000	-2.759260
2.013000	-1.073070
2.014000	1.007790
2.015000	2.676050
2.016000	2.927190
2.017000	1.599740
2.018000	-0.445224
2.019000	-2.292870
2.020000	-2.544010
2.021000	-1.521530
2.022000	0.631080
2.023000	2.066160
2.024000	2.927190
2.025000	1.958520
2.026000	0.326121
2.027000	-1.503560
2.028000	-2.615760
2.029000	-1.898240
2.030000	-0.516973
2.031000	1.527990
2.032000	2.245520
2.033000	2.119950
2.034000	0.774578
2.035000	-0.929537
2.036000	-2.005840
2.037000	-2.023810
2.038000	-0.732219
2.039000	0.882219
2.040000	2.173770
2.041000	2.119950
2.042000	1.205110
2.043000	-0.499045
2.044000	-1.629130
2.045000	-2.041730
2.046000	-1.306250
2.047000	0.200551
2.048000	1.492140
2.049000	2.173770
2.050000	1.348600
2.051000	0.182623
2.052000	-1.288320
2.053000	-1.772670
2.054000	-1.395960
2.055000	-0.176157
2.056000	1.187180
2.057000	2.012340
2.058000	1.832950
2.059000	0.559331
2.060000	-0.732219
2.061000	-1.808520
2.062000	-1.449780
2.063000	-0.588722
2.064000	0.864291
2.065000	1.868850
2.066000	2.066160
2.067000	1.312750
2.068000	-0.122337
2.069000	-1.180680
2.070000	-1.665030
2.071000	-0.911609
2.072000	0.128802
2.073000	1.294820
2.074000	1.617710
2.075000	1.205110
2.076000	0.128802
2.077000	-1.108930
2.078000	-1.593280
2.079000	-1.449780
2.080000	-0.247906
2.081000	0.720794
2.082000	1.527990
2.083000	1.276860
2.084000	0.505511
2.085000	-0.570794
2.086000	-1.395960
2.087000	-1.377990
2.088000	-0.786040
2.089000	0.469655
2.090000	1.187180
2.091000	1.492140
2.092000	0.864291
2.093000	0.092946
2.094000	-0.714291
2.095000	-0.983358
2.096000	-0.552829
2.097000	0.236444
2.098000	1.276860
2.099000	1.527990
2.100000	1.366570
2.101000	0.397869
2.102000	-0.373475
2.103000	-1.001290
2.104000	-0.893681
2.105000	-0.301727
2.106000	0.487583
2.107000	1.223030
2.108000	1.115430
2.109000	0.684901
2.110000	-0.283762
2.111000	-0.821933
2.112000	-1.073070
2.113000	-0.642542
2.114000	0.039126
2.115000	0.613152
2.116000	1.007790
2.117000	0.649008
2.118000	0.128802
2.119000	-0.588722
2.120000	-0.750184
2.121000	-0.552829
2.122000	0.092946
2.123000	0.738722
2.124000	1.133360
2.125000	1.151290
2.126000	0.595224
2.127000	0.039126
2.128000	-0.516973
2.129000	-0.427259
2.130000	-0.122337
2.131000	0.505511
2.132000	0.864291
2.133000	0.936040
2.134000	0.595224
2.135000	0.021198
2.136000	-0.427259
2.137000	-0.732219
2.138000	-0.427259
2.139000	-0.086444
2.140000	0.505511
2.141000	0.505511
2.142000	0.379941
2.143000	-0.122337
2.144000	-0.516973
2.145000	-0.750184
2.146000	-0.714291
2.147000	-0.229941
2.148000	0.182623
2.149000	0.649008
2.150000	0.559331
2.151000	0.379941
2.152000	0.003233
2.153000	-0.212013
2.154000	-0.194085
2.155000	-0.050588
2.156000	0.379941
2.157000	0.595224
2.158000	0.756650
2.159000	0.505511
2.160000	0.254372
2.161000	-0.122337
2.162000	-0.122337
2.163000	-0.068516
2.164000	0.182623
2.165000	0.523439
2.166000	0.487583
2.167000	0.487583
2.168000	0.039126
2.169000	-0.229941
2.170000	-0.463152
2.171000	-0.391403
2.172000	-0.194085
2.173000	0.003233
2.174000	0.182623
2.175000	0.092946
2.176000	0.092946
2.177000	-0.283762
2.178000	-0.104372
2.179000	-0.337583
2.180000	0.021198
2.181000	0.110874
2.182000	0.397869
2.183000	0.415834
2.184000	0.290265
2.185000	0.200551
2.186000	-0.014695
2.187000	0.110874
2.188000	-0.014695
2.189000	0.218516
2.190000	0.379941
2.191000	0.613152
2.192000	0.505511
2.193000	0.559331
2.194000	0.308193
2.195000	0.254372
2.196000	0.021198
2.197000	0.039126
2.198000	0.039126
2.199000	0.074982
2.200000	0.254372
2.201000	0.074982
2.202000	-0.158193
2.203000	-0.247906
2.204000	-0.445224
2.205000	-0.104372
2.206000	-0.032623
2.207000	0.254372
2.208000	0.003233
2.209000	0.039126
2.210000	-0.158193
2.211000	0.003233
2.212000	-0.140265
2.213000	-0.122337
2.214000	-0.014695
2.215000	0.057054
2.216000	0.236444
2.217000	0.003233
2.218000	0.057054
2.219000	-0.068516
2.220000	0.110874
2.221000	0.200551
2.222000	0.308193
2.223000	0.344085
2.224000	0.379941
2.225000	0.433762
2.226000	0.362013
2.227000	0.344085
2.228000	0.200551
2.229000	0.182623
2.230000	0.200551
2.231000	0.290265
2.232000	0.110874
2.233000	0.057054
2.234000	0.218516
2.235000	0.021198
2.236000	0.200551
2.237000	-0.104372
2.238000	0.128802
2.239000	0.182623
2.240000	0.146767
2.241000	0.218516
2.242000	0.003233
2.243000	0.110874
2.244000	0.003233
2.245000	-0.068516
2.246000	-0.032623
2.247000	-0.122337
2.248000	-0.050588
2.249000	-0.032623
2.250000	-0.086444
2.251000	-0.032623
2.252000	-0.068516
2.253000	0.092946
2.254000	0.254372
2.255000	0.164695
2.256000	0.236444
2.257000	0.074982
2.258000	0.182623
2.259000	0.021198
2.260000	0.003233
2.261000	0.128802
2.262000	0.092946
2.263000	0.218516
2.264000	0.074982
2.265000	0.128802
2.266000	0.128802
2.267000	0.218516
2.268000	0.308193
2.269000	0.433762
2.270000	0.308193
2.271000	0.344085
2.272000	0.200551
2.273000	0.200551
2.274000	0.021198
2.275000	0.003233
2.276000	0.110874
2.277000	0.003233
2.278000	0.128802
2.279000	0.092946
2.280000	0.057054
2.281000	0.003233
2.282000	-0.122337
2.283000	0.003233
2.284000	0.039126
2.285000	0.057054
2.286000	0.092946
2.287000	0.092946
2.288000	0.146767
2.289000	0.092946
2.290000	0.021198
2.291000	0.039126
2.292000	0.039126
2.293000	0.128802
2.294000	0.272337
2.295000	0.272337
2.296000	0.379941
2.297000	0.236444
2.298000	0.362013
2.299000	0.218516
2.300000	0.272337
2.301000	0.236444
2.302000	0.182623
2.303000	0.272337
2.304000	0.182623
2.305000	0.146767
2.306000	0.110874
2.307000	0.039126
2.308000	0.021198
2.309000	-0.068516
2.310000	-0.032623
2.311000	-0.050588
2.312000	0.039126
2.313000	0.003233
2.314000	-0.516973
2.315000	-2.203160
2.316000	-4.553090
2.317000	-3.082150
2.318000	-0.499045
2.319000	0.846363
2.320000	0.738722
2.321000	1.510070
2.322000	0.487583
2.323000	-0.481080
2.324000	-1.270390
2.325000	-2.023810
2.326000	-1.001290
2.327000	-0.122337
2.328000	1.294820
2.329000	1.832950
2.330000	1.384500
2.331000	0.505511
2.332000	-0.857789
2.333000	-1.001290
2.334000	-1.485640
2.335000	-0.516973
2.336000	0.308193
2.337000	1.402420
2.338000	1.007790
2.339000	0.756650
2.340000	0.039126
2.341000	-0.624614
2.342000	-0.588722
2.343000	-0.427259
2.344000	0.021198
2.345000	0.272337
2.346000	0.469655
2.347000	0.469655
2.348000	-0.229941
2.349000	-0.678398
2.350000	-0.947502
2.351000	-0.534901
2.352000	-0.283762
2.353000	0.057054
2.354000	0.631080
2.355000	0.559331
2.356000	0.469655
2.357000	-0.158193
2.358000	-0.176157
2.359000	-0.445224
2.360000	0.074982
2.361000	0.469655
2.362000	0.828398
2.363000	0.828398
2.364000	0.666973
2.365000	1.079540
2.366000	2.765760
2.367000	2.855440
2.368000	1.438320
2.369000	2.891330
2.370000	0.344085
2.371000	0.684901
2.372000	-1.772670
2.373000	-1.575310
2.374000	-1.431820
2.375000	-0.588722
2.376000	1.366570
2.377000	0.666973
2.378000	1.850880
2.379000	0.936040
2.380000	0.236444
2.381000	-0.732219
2.382000	-0.445224
2.383000	-0.391403
2.384000	1.223030
2.385000	0.577259
2.386000	1.276860
2.387000	0.433762
2.388000	-0.427259
2.389000	-0.319655
2.390000	-0.678398
2.391000	0.362013
2.392000	0.092946
2.393000	0.110874
2.394000	-0.409331
2.395000	-1.252420
2.396000	-0.481080
2.397000	-0.660470
2.398000	0.397869
2.399000	0.469655
2.400000	1.043680
2.401000	0.469655
2.402000	-0.014695
2.403000	-0.229941
2.404000	-1.055110
2.405000	-0.570794
2.406000	-0.588722
2.407000	0.308193
2.408000	0.451690
2.409000	0.433762
2.410000	0.362013
2.411000	-0.696363
2.412000	-0.427259
2.413000	-0.875753
2.414000	-0.588722
2.415000	-0.319655
2.416000	-0.212013
2.417000	0.487583
2.418000	0.379941
2.419000	0.666973
2.420000	0.236444
2.421000	0.272337
2.422000	-0.032623
2.423000	-0.158193
2.424000	0.039126
2.425000	0.182623
2.426000	0.595224
2.427000	0.505511
2.428000	0.523439
2.429000	0.182623
2.430000	-0.122337
2.431000	-0.194085
2.432000	-0.337583
2.433000	-0.140265
2.434000	-0.068516
2.435000	0.272337
2.436000	0.164695
2.437000	-0.050588
2.438000	-0.229941
2.439000	-0.301727
2.440000	-0.229941
2.441000	1.223030
2.442000	1.743280
2.443000	2.676050
2.444000	2.030270
2.445000	1.402420
2.446000	0.128802
2.447000	-1.485640
2.448000	-1.431820
2.449000	-1.288320
2.450000	0.290265
2.451000	-0.445224
2.452000	-0.893681
2.453000	-1.413890
2.454000	-1.808520
2.455000	-0.032623
2.456000	0.774578
2.457000	2.155840
2.458000	1.402420
2.459000	0.864291
2.460000	-0.283762
2.461000	-1.593280
2.462000	-1.198640
2.463000	-1.306250
2.464000	0.433762
2.465000	1.276860
2.466000	1.797060
2.467000	0.846363
2.468000	-0.086444
2.469000	-1.019250
2.470000	-1.629130
2.471000	-0.857789
2.472000	-0.140265
2.473000	1.187180
2.474000	1.904700
2.475000	1.438320
2.476000	0.613152
2.477000	-0.893681
2.478000	-1.126860
2.479000	-1.916160
2.480000	-1.252420
2.481000	-0.642542
2.482000	0.254372
2.483000	1.563890
2.484000	1.599740
2.485000	1.097470
2.486000	-0.212013
2.487000	-1.252420
2.488000	-1.234500
2.489000	-1.019250
2.490000	0.164695
2.491000	0.918112
2.492000	1.581820
2.493000	1.241000
2.494000	0.164695
2.495000	-0.821933
2.496000	-1.377990
2.497000	-0.983358
2.498000	-0.283762
2.499000	0.631080
2.500000	1.169250
2.501000	1.438320
2.502000	0.684901
2.503000	-0.122337
2.504000	-1.019250
2.505000	-0.983358
2.506000	-0.373475
2.507000	0.469655
2.508000	1.043680
2.509000	1.097470
2.510000	0.720794
2.511000	0.092946
2.512000	-0.642542
2.513000	-0.983358
2.514000	-0.714291
2.515000	0.092946
2.516000	0.918112
2.517000	1.043680
2.518000	0.738722
2.519000	0.164695
2.520000	-0.427259
2.521000	-0.750184
2.522000	-0.821933
2.523000	-0.247906
2.524000	0.415834
2.525000	0.971896
2.526000	0.953968
2.527000	0.362013
2.528000	-0.140265
2.529000	-0.624614
2.530000	-0.642542
2.531000	-0.409331
2.532000	0.092946
2.533000	0.702829
2.534000	0.953968
2.535000	0.631080
2.536000	-0.014695
2.537000	-0.373475
2.538000	-0.642542
2.539000	-0.445224
2.540000	-0.140265
2.541000	0.433762
2.542000	0.792542
2.543000	0.864291
2.544000	0.433762
2.545000	-0.176157
2.546000	-0.570794
2.547000	-0.445224
2.548000	-0.247906
2.549000	0.236444
2.550000	0.469655
2.551000	0.666973
2.552000	0.613152
2.553000	0.092946
2.554000	-0.283762
2.555000	-0.481080
2.556000	-0.265834
2.557000	0.236444
2.558000	0.523439
2.559000	0.738722
2.560000	0.631080
2.561000	0.379941
2.562000	-0.068516
2.563000	-0.463152
2.564000	-0.481080
2.565000	-0.104372
2.566000	0.326121
2.567000	0.577259
2.568000	0.613152
2.569000	0.379941
2.570000	0.182623
2.571000	-0.229941
2.572000	-0.265834
2.573000	-0.176157
2.574000	0.218516
2.575000	0.523439
2.576000	0.523439
2.577000	0.379941
2.578000	0.092946
2.579000	-0.068516
2.580000	-0.247906
2.581000	-0.265834
2.582000	-0.014695
2.583000	0.272337
2.584000	0.577259
2.585000	0.451690
2.586000	0.218516
2.587000	-0.014695
2.588000	-0.122337
2.589000	-0.104372
2.590000	-0.068516
2.591000	0.074982
2.592000	0.272337
2.593000	0.344085
2.594000	0.200551
2.595000	-0.032623
2.596000	-0.176157
2.597000	-0.122337
2.598000	0.003233
2.599000	0.110874
2.600000	0.236444
2.601000	0.326121
2.602000	0.308193
2.603000	0.146767
2.604000	-0.050588
2.605000	-0.140265
2.606000	-0.086444
2.607000	0.057054
2.608000	0.146767
2.609000	0.218516
2.610000	0.254372
2.611000	0.218516
2.612000	0.092946
2.613000	-0.014695
2.614000	-0.032623
2.615000	0.110874
2.616000	0.200551
2.617000	0.272337
2.618000	0.272337
2.619000	0.236444
2.620000	0.164695
2.621000	0.039126
2.622000	-0.104372
2.623000	-0.086444
2.624000	0.057054
2.625000	0.218516
2.626000	0.236444
2.627000	0.200551
2.628000	0.182623
2.629000	0.128802
2.630000	0.039126
2.631000	-0.032623
2.632000	0.021198
2.633000	0.182623
2.634000	0.254372
2.635000	0.236444
2.636000	0.146767
2.637000	0.074982
2.638000	0.021198
2.639000	0.003233
2.640000	0.003233
2.641000	0.110874
2.642000	0.218516
2.643000	0.308193
2.644000	0.272337
2.645000	0.146767
2.646000	0.074982
2.647000	0.039126
2.648000	0.057054
2.649000	0.039126
2.650000	0.110874
2.651000	0.182623
2.652000	0.200551
2.653000	0.110874
2.654000	0.003233
2.655000	-0.050588
2.656000	0.003233
2.657000	0.039126
2.658000	0.074982
2.659000	0.110874
2.660000	0.164695
2.661000	0.182623
2.662000	0.110874
2.663000	0.021198
2.664000	0.021198
2.665000	0.057054
2.666000	0.074982
2.667000	0.074982
2.668000	0.092946
2.669000	0.110874
2.670000	0.146767
2.671000	0.110874
2.672000	0.092946
2.673000	0.110874
2.674000	0.146767
2.675000	0.182623
2.676000	0.164695
2.677000	0.128802
2.678000	0.092946
2.679000	0.092946
2.680000	0.057054
2.681000	0.039126
2.682000	0.057054
2.683000	0.128802
2.684000	0.146767
2.685000	0.110874
2.686000	0.092946
2.687000	0.092946
2.688000	0.092946
2.689000	0.074982
2.690000	0.057054
2.691000	0.074982
2.692000	0.128802
2.693000	0.146767
2.694000	0.092946
2.695000	0.074982
2.696000	0.057054
2.697000	0.092946
2.698000	0.074982
2.699000	0.110874
2.700000	0.128802
2.701000	0.182623
2.702000	0.200551
2.703000	0.146767
2.704000	0.092946
2.705000	0.057054
2.706000	0.092946
2.707000	0.092946
2.708000	0.092946
2.709000	0.110874
2.710000	0.110874
2.711000	0.110874
2.712000	0.092946
2.713000	0.021198
2.714000	0.021198
2.715000	0.092946
2.716000	0.092946
2.717000	0.110874
2.718000	0.110874
2.719000	0.092946
2.720000	0.057054
2.721000	0.039126
2.722000	0.021198
2.723000	0.021198
2.724000	0.092946
2.725000	0.110874
2.726000	0.146767
2.727000	0.146767
2.728000	0.128802
2.729000	0.146767
2.730000	0.128802
2.731000	0.092946
2.732000	0.128802
2.733000	0.164695
2.734000	0.164695
2.735000	0.164695
2.736000	0.146767
2.737000	0.164695
2.738000	0.182623
2.739000	0.200551
2.740000	0.182623
2.741000	0.164695
2.742000	0.200551
2.743000	0.164695
2.744000	0.146767
2.745000	0.110874
2.746000	0.146767
2.747000	0.146767
2.748000	0.164695
2.749000	0.146767
2.750000	0.110874
2.751000	0.092946
2.752000	0.057054
2.753000	0.057054
2.754000	0.074982
2.755000	0.092946
2.756000	0.146767
2.757000	0.164695
2.758000	0.146767
2.759000	0.092946
2.760000	0.074982
2.761000	0.039126
2.762000	0.021198
2.763000	0.021198
2.764000	0.092946
2.765000	0.128802
2.766000	0.128802
2.767000	0.110874
2.768000	0.074982
2.769000	0.092946
2.770000	0.039126
2.771000	0.057054
2.772000	0.074982
2.773000	0.128802
2.774000	0.146767
2.775000	0.146767
2.776000	0.092946
2.777000	0.039126
2.778000	0.021198
2.779000	0.039126
2.780000	0.057054
2.781000	0.074982
2.782000	0.128802
2.783000	0.200551
2.784000	0.200551
2.785000	0.092946
2.786000	0.057054
2.787000	0.039126
2.788000	0.092946
2.789000	0.110874
2.790000	0.146767
2.791000	0.218516
2.792000	0.164695
2.793000	0.128802
2.794000	0.110874
2.795000	0.039126
2.796000	0.074982
2.797000	0.146767
2.798000	0.074982
2.799000	0.164695
2.800000	0.182623
2.801000	0.236444
2.802000	0.128802
2.803000	0.057054
2.804000	0.021198
2.805000	0.039126
2.806000	0.092946
2.807000	0.164695
2.808000	0.146767
2.809000	0.110874
2.810000	0.057054
2.811000	0.057054
2.812000	0.039126
2.813000	0.074982
2.814000	0.182623
2.815000	0.218516
2.816000	0.164695
2.817000	0.164695
2.818000	0.057054
2.819000	0.110874
2.820000	0.074982
2.821000	0.110874
2.822000	0.128802
2.823000	0.146767
2.824000	0.218516
2.825000	0.128802
2.826000	0.146767
2.827000	0.092946
2.828000	0.057054
2.829000	0.039126
2.830000	0.057054
2.831000	0.128802
2.832000	0.164695
2.833000	0.146767
2.834000	0.146767
2.835000	0.021198
2.836000	-0.014695
2.837000	-0.014695
2.838000	0.039126
2.839000	0.110874
2.840000	0.146767
2.841000	0.182623
2.842000	0.182623
2.843000	0.110874
2.844000	0.039126
2.845000	0.003233
2.846000	0.057054
2.847000	0.146767
2.848000	0.164695
2.849000	0.236444
2.850000	0.182623
2.851000	0.146767
2.852000	0.057054
2.853000	0.021198
2.854000	0.057054
2.855000	0.110874
2.856000	0.200551
2.857000	0.218516
2.858000	0.164695
2.859000	0.128802
2.860000	0.021198
2.861000	0.003233
2.862000	0.003233
2.863000	0.039126
2.864000	0.074982
2.865000	0.128802
2.866000	0.146767
2.867000	0.128802
2.868000	0.074982
2.869000	0.039126
2.870000	-0.014695
2.871000	0.021198
2.872000	0.074982
2.873000	0.164695
2.874000	0.200551
2.875000	0.146767
2.876000	0.110874
2.877000	0.039126
2.878000	0.039126
2.879000	0.057054
2.880000	0.092946
2.881000	0.128802
2.882000	0.146767
2.883000	0.146767
2.884000	0.128802
2.885000	0.092946
2.886000	0.074982
2.887000	0.074982
2.888000	0.092946
2.889000	0.092946
2.890000	0.092946
2.891000	0.092946
2.892000	0.092946
2.893000	0.074982
2.894000	0.057054
2.895000	0.074982
2.896000	0.074982
2.897000	0.092946
2.898000	0.092946
2.899000	0.128802
2.900000	0.128802
2.901000	0.092946
2.902000	0.092946
2.903000	0.057054
2.904000	0.092946
2.905000	0.128802
2.906000	0.146767
2.907000	0.164695
2.908000	0.164695
2.909000	0.110874
2.910000	0.110874
2.911000	0.110874
2.912000	0.128802
2.913000	0.182623
2.914000	0.182623
2.915000	0.218516
2.916000	0.200551
2.917000	0.182623
2.918000	0.128802
2.919000	0.092946
2.920000	0.110874
2.921000	0.092946
2.922000	0.110874
2.923000	0.146767
2.924000	0.146767
2.925000	0.128802
2.926000	0.110874
2.927000	0.092946
2.928000	0.092946
2.929000	0.074982
2.930000	0.110874
2.931000	0.128802
2.932000	0.128802
2.933000	0.110874
2.934000	0.092946
2.935000	0.074982
2.936000	0.057054
2.937000	0.074982
2.938000	0.074982
2.939000	0.128802
2.940000	0.146767
2.941000	0.146767
2.942000	0.110874
2.943000	0.110874
2.944000	0.092946
2.945000	0.074982
2.946000	0.092946
2.947000	0.146767
2.948000	0.164695
2.949000	0.182623
2.950000	0.146767
2.951000	0.110874
2.952000	0.092946
2.953000	0.074982
2.954000	0.110874
2.955000	0.110874
2.956000	0.146767
2.957000	0.146767
2.958000	0.128802
2.959000	0.128802
2.960000	0.110874
2.961000	0.092946
2.962000	0.092946
2.963000	0.092946
2.964000	0.110874
2.965000	0.092946
2.966000	0.092946
2.967000	0.092946
2.968000	0.092946
2.969000	0.092946
2.970000	0.092946
2.971000	0.092946
2.972000	0.110874
2.973000	0.110874
2.974000	0.128802
2.975000	0.092946
2.976000	0.074982
2.977000	0.074982
2.978000	0.092946
2.979000	0.110874
2.980000	0.128802
2.981000	0.128802
2.982000	0.092946
2.983000	0.074982
2.984000	0.074982
2.985000	0.074982
2.986000	0.074982
2.987000	0.110874
2.988000	0.128802
2.989000	0.128802
2.990000	0.128802
2.991000	0.128802
2.992000	0.057054
2.993000	0.074982
2.994000	0.057054
2.995000	0.092946
2.996000	0.110874
2.997000	0.128802
2.998000	0.128802
2.999000	0.110874
3.000000	0.092946
3.001000	0.074982
3.002000	0.074982
3.003000	0.092946
3.004000	0.110874
3.005000	0.146767
3.006000	0.146767
3.007000	0.128802
3.008000	0.092946
3.009000	0.074982
3.010000	0.092946
3.011000	0.092946
3.012000	0.110874
3.013000	0.146767
3.014000	0.128802
3.015000	0.146767
3.016000	0.110874
3.017000	0.092946
3.018000	0.092946
3.019000	0.074982
3.020000	0.092946
3.021000	0.110874
3.022000	0.146767
3.023000	0.146767
3.024000	0.092946
3.025000	0.092946
3.026000	0.074982
3.027000	0.074982
3.028000	0.074982
3.029000	0.074982
3.030000	0.110874
3.031000	0.092946
3.032000	0.092946
3.033000	0.110874
3.034000	0.092946
3.035000	0.110874
3.036000	0.110874
3.037000	0.110874
3.038000	0.110874
3.039000	0.092946
3.040000	0.092946
3.041000	0.092946
3.042000	0.092946
3.043000	0.110874
3.044000	0.092946
3.045000	0.128802
3.046000	0.128802
3.047000	0.128802
3.048000	0.110874
3.049000	0.092946
3.050000	0.110874
3.051000	0.092946
3.052000	0.110874
3.053000	0.128802
3.054000	0.110874
3.055000	0.092946
3.056000	0.092946
3.057000	0.092946
3.058000	0.074982
3.059000	0.074982
3.060000	0.092946
3.061000	0.092946
3.062000	0.110874
3.063000	0.128802
3.064000	0.128802
3.065000	0.128802
3.066000	0.110874
3.067000	0.128802
3.068000	0.128802
3.069000	0.128802
3.070000	0.146767
3.071000	0.146767
3.072000	0.146767
3.073000	0.128802
3.074000	0.110874
3.075000	0.110874
3.076000	0.110874
3.077000	0.128802
3.078000	0.128802
3.079000	0.128802
3.080000	0.146767
3.081000	0.128802
3.082000	0.110874
3.083000	0.092946
3.084000	0.092946
3.085000	0.092946
3.086000	0.074982
3.087000	0.074982
3.088000	0.092946
3.089000	0.110874
3.090000	0.092946
3.091000	0.092946
3.092000	0.057054
3.093000	0.074982
3.094000	0.074982
3.095000	0.110874
3.096000	0.128802
3.097000	0.146767
3.098000	0.146767
3.099000	0.146767
3.100000	0.128802
3.101000	0.092946
3.102000	0.092946
3.103000	0.110874
3.104000	0.110874
3.105000	0.110874
3.106000	0.128802
3.107000	0.146767
3.108000	0.146767
3.109000	0.128802
3.110000	0.110874
3.111000	0.110874
3.112000	0.110874
3.113000	0.110874
3.114000	0.110874
3.115000	0.110874
3.116000	0.110874
3.117000	0.074982
3.118000	0.092946
3.119000	0.074982
3.120000	0.074982
3.121000	0.074982
3.122000	0.092946
3.123000	0.110874
3.124000	0.110874
3.125000	0.092946
3.126000	0.092946
3.127000	0.110874
3.128000	0.110874
3.129000	0.110874
3.130000	0.146767
3.131000	0.146767
3.132000	0.128802
3.133000	0.110874
3.134000	0.092946
3.135000	0.110874
3.136000	0.110874
3.137000	0.146767
3.138000	0.146767
3.139000	0.146767
3.140000	0.128802
3.141000	0.110874
3.142000	0.110874
3.143000	0.092946
3.144000	0.110874
3.145000	0.074982
3.146000	0.074982
3.147000	0.092946
3.148000	0.074982
3.149000	0.057054
3.150000	0.057054
3.151000	0.074982
3.152000	0.074982
3.153000	0.092946
3.154000	0.074982
3.155000	0.092946
3.156000	0.092946
3.157000	0.092946
3.158000	0.092946
3.159000	0.074982
3.160000	0.092946
3.161000	0.074982
3.162000	0.128802
3.163000	0.146767
3.164000	0.128802
3.165000	0.128802
3.166000	0.110874
3.167000	0.092946
3.168000	0.092946
3.169000	0.146767
3.170000	0.164695
3.171000	0.146767
3.172000	0.146767
3.173000	0.128802
3.174000	0.128802
3.175000	0.128802
3.176000	0.146767
3.177000	0.128802
3.178000	0.092946
3.179000	0.092946
3.180000	0.110874
3.181000	0.110874
3.182000	0.128802
3.183000	0.128802
3.184000	0.110874
3.185000	0.110874
3.186000	0.110874
3.187000	0.110874
3.188000	0.110874
3.189000	0.110874
3.190000	0.092946
3.191000	0.074982
3.192000	0.092946
3.193000	0.110874
3.194000	0.092946
3.195000	0.092946
3.196000	0.092946
3.197000	0.074982
3.198000	0.074982
3.199000	0.092946
3.200000	0.092946
3.201000	0.110874
3.202000	0.110874
3.203000	0.110874
3.204000	0.110874
3.205000	0.110874
3.206000	0.110874
3.207000	0.110874
3.208000	0.074982
3.209000	0.110874
3.210000	0.092946
3.211000	0.092946
3.212000	0.092946
3.213000	0.092946
3.214000	0.110874
3.215000	0.092946
3.216000	0.110874
3.217000	0.110874
3.218000	0.110874
3.219000	0.110874
3.220000	0.092946
3.221000	0.110874
3.222000	0.092946
3.223000	0.074982
3.224000	0.074982
3.225000	0.074982
3.226000	0.110874
3.227000	0.110874
3.228000	0.110874
3.229000	0.128802
3.230000	0.110874
3.231000	0.128802
3.232000	0.110874
3.233000	0.146767
3.234000	0.128802
3.235000	0.128802
3.236000	0.128802
3.237000	0.128802
3.238000	0.110874
3.239000	0.110874
3.240000	0.110874
3.241000	0.110874
3.242000	0.092946
3.243000	0.110874
3.244000	0.128802
3.245000	0.110874
3.246000	0.110874
3.247000	0.128802
3.248000	0.110874
3.249000	0.128802
3.250000	0.110874
3.251000	0.092946
3.252000	0.092946
3.253000	0.092946
3.254000	0.110874
3.255000	0.092946
3.256000	0.110874
3.257000	0.092946
3.258000	0.110874
3.259000	0.128802
3.260000	0.128802
3.261000	0.128802
3.262000	0.110874
3.263000	0.110874
3.264000	0.110874
3.265000	0.092946
3.266000	0.128802
3.267000	0.110874
3.268000	0.128802
3.269000	0.110874
3.270000	0.110874
3.271000	0.110874
3.272000	0.092946
3.273000	0.128802
3.274000	0.146767
3.275000	0.128802
3.276000	0.128802
3.277000	0.128802
3.278000	0.128802
3.279000	0.128802
3.280000	0.110874
3.281000	0.110874
3.282000	0.110874
3.283000	0.128802
3.284000	0.128802
3.285000	0.110874
3.286000	0.110874
3.287000	0.092946
3.288000	0.110874
3.289000	0.092946
3.290000	0.110874
3.291000	0.092946
3.292000	0.110874
3.293000	0.128802
3.294000	0.110874
3.295000	0.092946
3.296000	0.110874
3.297000	0.110874
3.298000	0.110874
3.299000	0.110874
3.300000	0.110874
3.301000	0.110874
3.302000	0.110874
3.303000	0.092946
3.304000	0.092946
3.305000	0.110874
3.306000	0.110874
3.307000	0.092946
3.308000	0.092946
3.309000	0.092946
3.310000	0.092946
3.311000	0.092946
3.312000	0.092946
3.313000	0.092946
3.314000	0.092946
3.315000	0.092946
3.316000	0.092946
3.317000	0.092946
3.318000	0.074982
3.319000	0.074982
3.320000	0.074982
3.321000	0.092946
3.322000	0.110874
3.323000	0.092946
3.324000	0.092946
3.325000	0.074982
3.326000	0.074982
3.327000	0.110874
3.328000	0.110874
3.329000	0.074982
3.330000	0.092946
3.331000	0.092946
3.332000	0.092946
3.333000	0.110874
3.334000	0.074982
3.335000	0.128802
3.336000	0.074982
3.337000	0.092946
3.338000	0.110874
3.339000	0.092946
3.340000	0.164695
3.341000	0.074982
3.342000	0.092946
3.343000	0.057054
3.344000	0.128802
3.345000	0.128802
3.346000	0.092946
3.347000	0.128802
3.348000	0.110874
3.349000	0.128802
3.350000	0.092946
3.351000	0.092946
3.352000	0.057054
3.353000	0.128802
3.354000	0.128802
3.355000	0.182623
3.356000	0.182623
3.357000	0.128802
3.358000	0.110874
3.359000	0.074982
3.360000	0.074982
3.361000	0.164695
3.362000	0.164695
3.363000	0.164695
3.364000	0.128802
3.365000	0.092946
3.366000	0.146767
3.367000	0.110874
3.368000	0.128802
3.369000	0.092946
3.370000	0.110874
3.371000	0.092946
3.372000	0.110874
3.373000	0.110874
3.374000	0.110874
3.375000	0.092946
3.376000	0.057054
3.377000	0.039126
3.378000	0.057054
3.379000	0.110874
3.380000	0.110874
3.381000	0.146767
3.382000	0.110874
3.383000	0.074982
3.384000	0.074982
3.385000	0.074982
3.386000	0.128802
3.387000	0.146767
3.388000	0.164695
3.389000	0.182623
3.390000	0.146767
3.391000	0.110874
3.392000	0.057054
3.393000	0.110874
3.394000	0.128802
3.395000	0.164695
3.396000	0.182623
3.397000	0.218516
3.398000	0.218516
3.399000	0.110874
3.400000	0.092946
3.401000	0.039126
3.402000	0.110874
3.403000	0.092946
3.404000	0.128802
3.405000	0.164695
3.406000	0.128802
3.407000	0.110874
3.408000	0.110874
3.409000	0.092946
3.410000	0.057054
3.411000	0.057054
3.412000	0.092946
3.413000	0.146767
3.414000	0.110874
3.415000	0.128802
3.416000	0.074982
3.417000	0.039126
3.418000	0.021198
3.419000	0.021198
3.420000	0.110874
3.421000	0.128802
3.422000	0.110874
3.423000	0.110874
3.424000	0.074982
3.425000	0.092946
3.426000	0.092946
3.427000	0.110874
3.428000	0.164695
3.429000	0.146767
3.430000	0.164695
3.431000	0.110874
3.432000	0.110874
3.433000	0.074982
3.434000	0.074982
3.435000	0.110874
3.436000	0.128802
3.437000	0.146767
3.438000	0.146767
3.439000	0.146767
3.440000	0.128802
3.441000	0.074982
3.442000	0.092946
3.443000	0.092946
3.444000	0.074982
3.445000	0.074982
3.446000	0.110874
3.447000	0.092946
3.448000	0.092946
3.449000	0.057054
3.450000	0.057054
3.451000	0.057054
3.452000	0.057054
3.453000	0.128802
3.454000	0.146767
3.455000	0.164695
3.456000	0.128802
3.457000	0.092946
3.458000	0.092946
3.459000	0.092946
3.460000	0.110874
3.461000	0.128802
3.462000	0.110874
3.463000	0.092946
3.464000	0.110874
3.465000	0.128802
3.466000	0.128802
3.467000	0.110874
3.468000	0.092946
3.469000	0.110874
3.470000	0.128802
3.471000	0.128802
3.472000	0.128802
3.473000	0.092946
3.474000	0.057054
3.475000	0.057054
3.476000	0.057054
3.477000	0.057054
3.478000	0.057054
3.479000	0.057054
3.480000	0.074982
3.481000	0.128802
3.482000	0.110874
3.483000	0.128802
3.484000	0.074982
3.485000	0.074982
3.486000	0.092946
3.487000	0.110874
3.488000	0.128802
3.489000	0.128802
3.490000	0.128802
3.491000	0.110874
3.492000	0.092946
3.493000	0.128802
3.494000	0.092946
3.495000	0.128802
3.496000	0.128802
3.497000	0.146767
3.498000	0.146767
3.499000	0.146767
3.500000	0.182623
3.501000	0.218516
3.502000	0.110874
3.503000	0.092946
3.504000	0.039126
3.505000	0.092946
3.506000	0.092946
3.507000	0.164695
3.508000	0.182623
3.509000	0.074982
3.510000	0.057054
3.511000	0.039126
3.512000	0.092946
3.513000	0.128802
3.514000	0.128802
3.515000	0.128802
3.516000	0.092946
3.517000	0.074982
3.518000	0.074982
3.519000	0.110874
3.520000	0.092946
3.521000	0.074982
3.522000	0.074982
3.523000	0.128802
3.524000	0.128802
3.525000	0.146767
3.526000	0.146767
3.527000	0.146767
3.528000	0.128802
3.529000	0.110874
3.530000	0.128802
3.531000	0.128802
3.532000	0.128802
3.533000	0.110874
3.534000	0.092946
3.535000	0.092946
3.536000	0.092946
3.537000	0.092946
3.538000	0.092946
3.539000	0.092946
3.540000	0.092946
3.541000	0.110874
3.542000	0.110874
3.543000	0.146767
3.544000	0.092946
3.545000	0.092946
3.546000	0.057054
3.547000	0.092946
3.548000	0.092946
3.549000	0.128802
3.550000	0.146767
3.551000	0.110874
3.552000	0.092946
3.553000	0.092946
3.554000	0.110874
3.555000	0.146767
3.556000	0.164695
3.557000	0.164695
3.558000	0.146767
3.559000	0.110874
3.560000	0.110874
3.561000	0.110874
3.562000	0.110874
3.563000	0.110874
3.564000	0.128802
3.565000	0.128802
3.566000	0.128802
3.567000	0.128802
3.568000	0.128802
3.569000	0.092946
3.570000	0.074982
3.571000	0.074982
3.572000	0.092946
3.573000	0.110874
3.574000	0.092946
3.575000	0.110874
3.576000	0.092946
3.577000	0.074982
3.578000	0.074982
3.579000	0.092946
3.580000	0.092946
3.581000	0.110874
3.582000	0.110874
3.583000	0.092946
3.584000	0.092946
3.585000	0.128802
3.586000	0.110874
3.587000	0.110874
3.588000	0.092946
3.589000	0.110874
3.590000	0.092946
3.591000	0.110874
3.592000	0.110874
3.593000	0.146767
3.594000	0.128802
3.595000	0.110874
3.596000	0.128802
3.597000	0.110874
3.598000	0.110874
3.599000	0.110874
3.600000	0.110874
3.601000	0.110874
3.602000	0.110874
3.603000	0.110874
3.604000	0.110874
3.605000	0.092946
3.606000	0.074982
3.607000	0.092946
3.608000	0.110874
3.609000	0.128802
3.610000	0.146767
3.611000	0.146767
3.612000	0.110874
3.613000	0.092946
3.614000	0.092946
3.615000	0.092946
3.616000	0.110874
3.617000	0.110874
3.618000	0.128802
3.619000	0.128802
3.620000	0.128802
3.621000	0.128802
3.622000	0.110874
3.623000	0.110874
3.624000	0.110874
3.625000	0.110874
3.626000	0.110874
3.627000	0.110874
3.628000	0.092946
3.629000	0.092946
3.630000	0.092946
3.631000	0.074982
3.632000	0.074982
3.633000	0.074982
3.634000	0.074982
3.635000	0.074982
3.636000	0.074982
3.637000	0.092946
3.638000	0.092946
3.639000	0.110874
3.640000	0.092946
3.641000	0.092946
3.642000	0.092946
3.643000	0.092946
3.644000	0.092946
3.645000	0.074982
3.646000	0.092946
3.647000	0.092946
3.648000	0.110874
3.649000	0.092946
3.650000	0.110874
3.651000	0.092946
3.652000	0.110874
3.653000	0.110874
3.654000	0.128802
3.655000	0.110874
3.656000	0.092946
3.657000	0.110874
3.658000	0.092946
3.659000	0.092946
3.660000	0.110874
3.661000	0.074982
3.662000	0.092946
3.663000	0.092946
3.664000	0.092946
3.665000	0.128802
3.666000	0.092946
3.667000	0.092946
3.668000	0.092946
3.669000	0.110874
3.670000	0.110874
3.671000	0.110874
3.672000	0.110874
3.673000	0.092946
3.674000	0.110874
3.675000	0.092946
3.676000	0.110874
3.677000	0.110874
3.678000	0.110874
3.679000	0.110874
3.680000	0.110874
3.681000	0.128802
3.682000	0.128802
3.683000	0.128802
3.684000	0.110874
3.685000	0.128802
3.686000	0.110874
3.687000	0.110874
3.688000	0.092946
3.689000	0.092946
3.690000	0.092946
3.691000	0.092946
3.692000	0.092946
3.693000	0.110874
3.694000	0.110874
3.695000	0.092946
3.696000	0.110874
3.697000	0.092946
3.698000	0.110874
3.699000	0.074982
3.700000	0.074982
3.701000	0.092946
3.702000	0.110874
3.703000	0.110874
3.704000	0.110874
3.705000	0.110874
3.706000	0.110874
3.707000	0.110874
3.708000	0.110874
3.709000	0.110874
3.710000	0.110874
3.711000	0.164695
3.712000	0.146767
3.713000	0.146767
3.714000	0.146767
3.715000	0.146767
3.716000	0.128802
3.717000	0.128802
3.718000	0.110874
3.719000	0.110874
3.720000	0.128802
3.721000	0.146767
3.722000	0.146767
3.723000	0.128802
3.724000	0.110874
3.725000	0.110874
3.726000	0.110874
3.727000	0.110874
3.728000	0.092946
3.729000	0.110874
3.730000	0.110874
3.731000	0.092946
3.732000	0.110874
3.733000	0.110874
3.734000	0.092946
3.735000	0.110874
3.736000	0.092946
3.737000	0.110874
3.738000	0.110874
3.739000	0.110874
3.740000	0.110874
3.741000	0.110874
3.742000	0.110874
3.743000	0.110874
3.744000	0.110874
3.745000	0.110874
3.746000	0.110874
3.747000	0.110874
3.748000	0.092946
3.749000	0.110874
3.750000	0.110874
3.751000	0.110874
3.752000	0.110874
3.753000	0.110874
3.754000	0.092946
3.755000	0.092946
3.756000	0.092946
3.757000	0.092946
3.758000	0.092946
3.759000	0.092946
3.760000	0.074982
3.761000	0.092946
3.762000	0.074982
3.763000	0.074982
3.764000	0.074982
3.765000	0.074982
3.766000	0.092946
3.767000	0.110874
3.768000	0.128802
3.769000	0.110874
3.770000	0.128802
3.771000	0.110874
3.772000	0.110874
3.773000	0.092946
3.774000	0.110874
3.775000	0.092946
3.776000	0.092946
3.777000	0.110874
3.778000	0.128802
3.779000	0.128802
3.780000	0.110874
3.781000	0.110874
3.782000	0.092946
3.783000	0.092946
3.784000	0.092946
3.785000	0.092946
3.786000	0.110874
3.787000	0.092946
3.788000	0.092946
3.789000	0.092946
3.790000	0.092946
3.791000	0.074982
3.792000	0.092946
3.793000	0.092946
3.794000	0.092946
3.795000	0.092946
3.796000	0.110874
3.797000	0.110874
3.798000	0.110874
3.799000	0.092946
3.800000	0.110874
3.801000	0.110874
3.802000	0.092946
3.803000	0.110874
3.804000	0.110874
3.805000	0.128802
3.806000	0.110874
3.807000	0.110874
3.808000	0.110874
3.809000	0.110874
3.810000	0.110874
3.811000	0.110874
3.812000	0.128802
3.813000	0.110874
3.814000	0.110874
3.815000	0.110874
3.816000	0.092946
3.817000	0.092946
3.818000	0.092946
3.819000	0.092946
3.820000	0.110874
3.821000	0.110874
3.822000	0.110874
3.823000	0.110874
3.824000	0.128802
3.825000	0.092946
3.826000	0.110874
3.827000	0.110874
3.828000	0.110874
3.829000	0.110874
3.830000	0.110874
3.831000	0.128802
3.832000	0.128802
3.833000	0.110874
3.834000	0.128802
3.835000	0.110874
3.836000	0.110874
3.837000	0.128802
3.838000	0.128802
3.839000	0.110874
3.840000	0.092946
3.841000	0.110874
3.842000	0.110874
3.843000	0.128802
3.844000	0.110874
3.845000	0.110874
3.846000	0.110874
3.847000	0.092946
3.848000	0.092946
3.849000	0.092946
3.850000	0.110874
3.851000	0.110874
3.852000	0.110874
3.853000	0.092946
3.854000	0.092946
3.855000	0.092946
3.856000	0.110874
3.857000	0.092946
3.858000	0.074982
3.859000	0.092946
3.860000	0.092946
3.861000	0.092946
3.862000	0.110874
3.863000	0.110874
3.864000	0.110874
3.865000	0.092946
3.866000	0.092946
3.867000	0.110874
3.868000	0.110874
3.869000	0.128802
3.870000	0.092946
3.871000	0.110874
3.872000	0.092946
3.873000	0.092946
3.874000	0.110874
3.875000	0.110874
3.876000	0.092946
3.877000	0.092946
3.878000	0.092946
3.879000	0.110874
3.880000	0.110874
3.881000	0.128802
3.882000	0.110874
3.883000	0.092946
3.884000	0.110874
3.885000	0.092946
3.886000	0.092946
3.887000	0.128802
3.888000	0.128802
3.889000	0.128802
3.890000	0.128802
3.891000	0.092946
3.892000	0.110874
3.893000	0.110874
3.894000	0.110874
3.895000	0.110874
3.896000	0.110874
3.897000	0.110874
3.898000	0.128802
3.899000	0.128802
3.900000	0.110874
3.901000	0.110874
3.902000	0.092946
3.903000	0.092946
3.904000	0.092946
3.905000	0.110874
3.906000	0.110874
3.907000	0.110874
3.908000	0.128802
3.909000	0.110874
3.910000	0.092946
3.911000	0.092946
3.912000	0.074982
3.913000	0.110874
3.914000	0.110874
3.915000	0.110874
3.916000	0.128802
3.917000	0.128802
3.918000	0.110874
3.919000	0.110874
3.920000	0.092946
3.921000	0.110874
3.922000	0.128802
3.923000	0.110874
3.924000	0.092946
3.925000	0.092946
3.926000	0.110874
3.927000	0.110874
3.928000	0.128802
3.929000	0.110874
3.930000	0.110874
3.931000	0.128802
3.932000	0.110874
3.933000	0.110874
3.934000	0.110874
3.935000	0.110874
3.936000	0.110874
3.937000	0.110874
3.938000	0.092946
3.939000	0.092946
3.940000	0.092946
3.941000	0.092946
3.942000	0.092946
3.943000	0.110874
3.944000	0.110874
3.945000	0.110874
3.946000	0.128802
3.947000	0.110874
3.948000	0.110874
3.949000	0.110874
3.950000	0.110874
3.951000	0.092946
3.952000	0.092946
3.953000	0.110874
3.954000	0.110874
3.955000	0.128802
3.956000	0.110874
3.957000	0.092946
3.958000	0.092946
3.959000	0.092946
3.960000	0.110874
3.961000	0.110874
3.962000	0.110874
3.963000	0.110874
3.964000	0.110874
3.965000	0.110874
3.966000	0.074982
3.967000	0.074982
3.968000	0.057054
3.969000	0.074982
3.970000	0.092946
3.971000	0.092946
3.972000	0.110874
3.973000	0.110874
3.974000	0.110874
3.975000	0.128802
3.976000	0.110874
3.977000	0.110874
3.978000	0.110874
3.979000	0.110874
3.980000	0.128802
3.981000	0.110874
3.982000	0.110874
3.983000	0.092946
3.984000	0.110874
3.985000	0.092946
3.986000	0.110874
3.987000	0.092946
3.988000	0.110874
3.989000	0.110874
3.990000	0.128802
3.991000	0.128802
3.992000	0.128802
3.993000	0.128802
3.994000	0.110874
3.995000	0.110874
3.996000	0.092946
3.997000	0.074982
3.998000	0.074982
3.999000	0.092946
4.000000	0.092946
4.001000	0.092946
4.002000	0.110874
4.003000	0.110874
4.004000	0.110874
4.005000	0.110874
4.006000	0.128802
4.007000	0.128802
4.008000	0.128802
4.009000	0.146767
4.010000	0.128802
4.011000	0.110874
4.012000	0.110874
4.013000	0.092946
4.014000	0.092946
4.015000	0.092946
4.016000	0.110874
4.017000	0.110874
4.018000	0.110874
4.019000	0.128802
4.020000	0.146767
4.021000	0.128802
4.022000	0.146767
4.023000	0.092946
4.024000	0.092946
4.025000	0.092946
4.026000	0.074982
4.027000	0.110874
4.028000	0.110874
4.029000	0.092946
4.030000	0.092946
4.031000	0.092946
4.032000	0.110874
4.033000	0.092946
4.034000	0.128802
4.035000	0.128802
4.036000	0.146767
4.037000	0.146767
4.038000	0.128802
4.039000	0.110874
4.040000	0.092946
4.041000	0.092946
4.042000	0.092946
4.043000	0.092946
4.044000	0.128802
4.045000	0.110874
4.046000	0.128802
4.047000	0.128802
4.048000	0.128802
4.049000	0.128802
4.050000	0.128802
4.051000	0.146767
4.052000	0.146767
4.053000	0.128802
4.054000	0.128802
4.055000	0.092946
4.056000	0.110874
4.057000	0.092946
4.058000	0.092946
4.059000	0.092946
4.060000	0.110874
4.061000	0.110874
4.062000	0.110874
4.063000	0.092946
4.064000	0.092946
4.065000	0.110874
4.066000	0.092946
4.067000	0.092946
4.068000	0.092946
4.069000	0.110874
4.070000	0.092946
4.071000	0.092946
4.072000	0.074982
4.073000	0.092946
4.074000	0.092946
4.075000	0.110874
4.076000	0.128802
4.077000	0.128802
4.078000	0.110874
4.079000	0.092946
4.080000	0.110874
4.081000	0.110874
4.082000	0.110874
4.083000	0.110874
4.084000	0.128802
4.085000	0.110874
4.086000	0.128802
4.087000	0.128802
4.088000	0.110874
4.089000	0.092946
4.090000	0.074982
4.091000	0.092946
4.092000	0.092946
4.093000	0.110874
4.094000	0.110874
4.095000	0.110874
4.096000	0.092946
4.097000	0.074982
4.098000	0.092946
4.099000	0.074982
4.100000	0.128802
4.101000	0.110874
4.102000	0.110874
4.103000	0.110874
4.104000	0.092946
4.105000	0.092946
4.106000	0.092946
4.107000	0.092946
4.108000	0.092946
4.109000	0.128802
4.110000	0.128802
4.111000	0.128802
4.112000	0.128802
4.113000	0.110874
4.114000	0.110874
4.115000	0.110874
4.116000	0.110874
4.117000	0.110874
4.118000	0.110874
4.119000	0.110874
4.120000	0.110874
4.121000	0.092946
4.122000	0.110874
4.123000	0.092946
4.124000	0.128802
4.125000	0.110874
4.126000	0.110874
4.127000	0.110874
4.128000	0.092946
4.129000	0.092946
4.130000	0.092946
4.131000	0.092946
4.132000	0.110874
4.133000	0.092946
4.134000	0.092946
4.135000	0.074982
4.136000	0.074982
4.137000	0.092946
4.138000	0.092946
4.139000	0.110874
4.140000	0.110874
4.141000	0.128802
4.142000	0.110874
4.143000	0.110874
4.144000	0.110874
4.145000	0.110874
4.146000	0.110874
4.147000	0.128802
4.148000	0.128802
4.149000	0.128802
4.150000	0.128802
4.151000	0.128802
4.152000	0.110874
4.153000	0.110874
4.154000	0.128802
4.155000	0.128802
4.156000	0.128802
4.157000	0.128802
4.158000	0.128802
4.159000	0.110874
4.160000	0.092946
4.161000	0.092946
4.162000	0.092946
4.163000	0.092946
4.164000	0.110874
4.165000	0.110874
4.166000	0.092946
4.167000	0.110874
4.168000	0.092946
4.169000	0.092946
4.170000	0.110874
4.171000	0.110874
4.172000	0.092946
4.173000	0.092946
4.174000	0.092946
4.175000	0.092946
4.176000	0.110874
4.177000	0.110874
4.178000	0.110874
4.179000	0.110874
4.180000	0.128802
4.181000	0.092946
4.182000	0.092946
4.183000	0.092946
4.184000	0.092946
4.185000	0.110874
4.186000	0.092946
4.187000	0.110874
4.188000	0.110874
4.189000	0.092946
4.190000	0.092946
4.191000	0.092946
4.192000	0.092946
4.193000	0.092946
4.194000	0.092946
4.195000	0.092946
4.196000	0.110874
4.197000	0.110874
4.198000	0.110874
4.199000	0.092946
4.200000	0.092946
4.201000	0.092946
4.202000	0.110874
4.203000	0.128802
4.204000	0.128802
4.205000	0.110874
4.206000	0.110874
4.207000	0.128802
4.208000	0.128802
4.209000	0.110874
4.210000	0.110874
4.211000	0.110874
4.212000	0.110874
4.213000	0.128802
4.214000	0.128802
4.215000	0.128802
4.216000	0.110874
4.217000	0.128802
4.218000	0.110874
4.219000	0.128802
4.220000	0.110874
4.221000	0.128802
4.222000	0.110874
4.223000	0.110874
4.224000	0.092946
4.225000	0.110874
4.226000	0.110874
4.227000	0.092946
4.228000	0.128802
4.229000	0.110874
4.230000	0.128802
4.231000	0.128802
4.232000	0.110874
4.233000	0.092946
4.234000	0.110874
4.235000	0.146767
4.236000	0.110874
4.237000	0.110874
4.238000	0.092946
4.239000	0.092946
4.240000	0.110874
4.241000	0.110874
4.242000	0.092946
4.243000	0.128802
4.244000	0.110874
4.245000	0.110874
4.246000	0.092946
4.247000	0.110874
4.248000	0.110874
4.249000	0.110874
4.250000	0.110874
4.251000	0.092946
4.252000	0.110874
4.253000	0.110874
4.254000	0.092946
4.255000	0.092946
4.256000	0.110874
4.257000	0.092946
4.258000	0.110874
4.259000	0.110874
4.260000	0.110874
4.261000	0.110874
4.262000	0.110874
4.263000	0.110874
4.264000	0.110874
4.265000	0.110874
4.266000	0.128802
4.267000	0.092946
4.268000	0.128802
4.269000	0.110874
4.270000	0.128802
4.271000	0.110874
4.272000	0.110874
4.273000	0.128802
4.274000	0.110874
4.275000	0.110874
4.276000	0.092946
4.277000	0.110874
4.278000	0.092946
4.279000	0.110874
4.280000	0.110874
4.281000	0.110874
4.282000	0.092946
4.283000	0.092946
4.284000	0.074982
4.285000	0.092946
4.286000	0.110874
4.287000	0.110874
4.288000	0.110874
4.289000	0.092946
4.290000	0.092946
4.291000	0.074982
4.292000	0.074982
4.293000	0.092946
4.294000	0.092946
4.295000	0.092946
4.296000	0.092946
4.297000	0.110874
4.298000	0.128802
4.299000	0.110874
4.300000	0.110874
4.301000	0.110874
4.302000	0.110874
4.303000	0.110874
4.304000	0.110874
4.305000	0.110874
4.306000	0.110874
4.307000	0.092946
4.308000	0.092946
4.309000	0.092946
4.310000	0.110874
4.311000	0.110874
4.312000	0.110874
4.313000	0.128802
4.314000	0.110874
4.315000	0.110874
4.316000	0.110874
4.317000	0.110874
4.318000	0.092946
4.319000	0.110874
4.320000	0.110874
4.321000	0.092946
4.322000	0.092946
4.323000	0.092946
4.324000	0.092946
4.325000	0.110874
4.326000	0.110874
4.327000	0.128802
4.328000	0.128802
4.329000	0.128802
4.330000	0.146767
4.331000	0.128802
4.332000	0.128802
4.333000	0.128802
4.334000	0.110874
4.335000	0.128802
4.336000	0.128802
4.337000	0.128802
4.338000	0.128802
4.339000	0.128802
4.340000	0.110874
4.341000	0.092946
4.342000	0.110874
4.343000	0.128802
4.344000	0.128802
4.345000	0.128802
4.346000	0.110874
4.347000	0.074982
4.348000	0.074982
4.349000	0.074982
4.350000	0.074982
4.351000	0.074982
4.352000	0.110874
4.353000	0.110874
4.354000	0.092946
4.355000	0.092946
4.356000	0.110874
4.357000	0.110874
4.358000	0.092946
4.359000	0.110874
4.360000	0.110874
4.361000	0.128802
4.362000	0.110874
4.363000	0.110874
4.364000	0.074982
4.365000	0.092946
4.366000	0.110874
4.367000	0.092946
4.368000	0.128802
4.369000	0.146767
4.370000	0.146767
4.371000	0.128802
4.372000	0.110874
4.373000	0.110874
4.374000	0.110874
4.375000	0.128802
4.376000	0.128802
4.377000	0.110874
4.378000	0.110874
4.379000	0.110874
4.380000	0.092946
4.381000	0.092946
4.382000	0.092946
4.383000	0.128802
4.384000	0.128802
4.385000	0.128802
4.386000	0.128802
4.387000	0.092946
4.388000	0.092946
4.389000	0.092946
4.390000	0.092946
4.391000	0.092946
4.392000	0.092946
4.393000	0.092946
4.394000	0.092946
4.395000	0.092946
4.396000	0.092946
4.397000	0.092946
4.398000	0.110874
4.399000	0.128802
4.400000	0.128802
4.401000	0.128802
4.402000	0.128802
4.403000	0.110874
4.404000	0.092946
4.405000	0.092946
4.406000	0.110874
4.407000	0.128802
4.408000	0.110874
4.409000	0.128802
4.410000	0.128802
4.411000	0.110874
4.412000	0.092946
4.413000	0.092946
4.414000	0.092946
4.415000	0.110874
4.416000	0.110874
4.417000	0.110874
4.418000	0.110874
4.419000	0.074982
4.420000	0.074982
4.421000	0.074982
4.422000	0.092946
4.423000	0.092946
4.424000	0.092946
4.425000	0.092946
4.426000	0.110874
4.427000	0.110874
4.428000	0.110874
4.429000	0.110874
4.430000	0.092946
4.431000	0.128802
4.432000	0.128802
4.433000	0.128802
4.434000	0.128802
4.435000	0.110874
4.436000	0.128802
4.437000	0.110874
4.438000	0.128802
4.439000	0.110874
4.440000	0.146767
4.441000	0.110874
4.442000	0.110874
4.443000	0.128802
4.444000	0.092946
4.445000	0.110874
4.446000	0.110874
4.447000	0.110874
4.448000	0.128802
4.449000	0.092946
4.450000	0.110874
4.451000	0.092946
4.452000	0.092946
4.453000	0.092946
4.454000	0.092946
4.455000	0.110874
4.456000	0.092946
4.457000	0.110874
4.458000	0.110874
4.459000	0.092946
4.460000	0.092946
4.461000	0.074982
4.462000	0.092946
4.463000	0.092946
4.464000	0.110874
4.465000	0.110874
4.466000	0.110874
4.467000	0.110874
4.468000	0.110874
4.469000	0.110874
4.470000	0.092946
4.471000	0.110874
4.472000	0.110874
4.473000	0.110874
4.474000	0.128802
4.475000	0.110874
4.476000	0.110874
4.477000	0.092946
4.478000	0.092946
4.479000	0.110874
4.480000	-0.337583
4.481000	-0.965430
4.482000	-0.803968
4.483000	-0.499045
4.484000	0.236444
4.485000	0.702829
4.486000	0.918112
4.487000	0.577259
4.488000	-0.068516
4.489000	-0.481080
4.490000	-0.839861
4.491000	-0.481080
4.492000	-0.068516
4.493000	0.649008
4.494000	0.918112
4.495000	0.738722
4.496000	0.272337
4.497000	-0.391403
4.498000	-0.552829
4.499000	-0.552829
4.500000	-0.032623
4.501000	0.487583
4.502000	0.882219
4.503000	0.918112
4.504000	0.451690
4.505000	-0.050588
4.506000	-0.499045
4.507000	-0.499045
4.508000	-0.212013
4.509000	0.236444
4.510000	0.595224
4.511000	0.666973
4.512000	0.415834
4.513000	-0.068516
4.514000	-0.427259
4.515000	-0.552829
4.516000	-0.283762
4.517000	0.092946
4.518000	0.469655
4.519000	0.523439
4.520000	0.415834
4.521000	0.128802
4.522000	-0.247906
4.523000	-0.391403
4.524000	-0.301727
4.525000	0.057054
4.526000	0.379941
4.527000	0.523439
4.528000	0.469655
4.529000	0.236444
4.530000	0.003233
4.531000	-0.194085
4.532000	-0.194085
4.533000	0.021198
4.534000	0.326121
4.535000	0.523439
4.536000	0.505511
4.537000	0.254372
4.538000	-0.014695
4.539000	-0.194085
4.540000	-0.212013
4.541000	-0.086444
4.542000	0.146767
4.543000	0.379941
4.544000	0.415834
4.545000	0.254372
4.546000	0.003233
4.547000	-0.158193
4.548000	-0.194085
4.549000	-0.086444
4.550000	0.110874
4.551000	0.272337
4.552000	0.362013
4.553000	0.290265
4.554000	0.092946
4.555000	-0.104372
4.556000	-0.158193
4.557000	-0.032623
4.558000	0.128802
4.559000	0.290265
4.560000	0.362013
4.561000	0.344085
4.562000	0.200551
4.563000	0.003233
4.564000	-0.122337
4.565000	-0.068516
4.566000	0.092946
4.567000	0.254372
4.568000	0.326121
4.569000	0.254372
4.570000	0.182623
4.571000	0.021198
4.572000	-0.068516
4.573000	-0.104372
4.574000	0.021198
4.575000	0.164695
4.576000	0.254372
4.577000	0.236444
4.578000	0.128802
4.579000	0.021198
4.580000	-0.086444
4.581000	-0.337583
4.582000	-0.481080
4.583000	-0.140265
4.584000	0.128802
4.585000	0.577259
4.586000	0.523439
4.587000	0.362013
4.588000	0.057054
4.589000	-0.247906
4.590000	-0.265834
4.591000	-0.247906
4.592000	0.146767
4.593000	0.397869
4.594000	0.595224
4.595000	0.433762
4.596000	0.128802
4.597000	-0.104372
4.598000	-0.283762
4.599000	-0.158193
4.600000	-0.032623
4.601000	0.308193
4.602000	0.487583
4.603000	0.469655
4.604000	0.254372
4.605000	-0.068516
4.606000	-0.194085
4.607000	-0.229941
4.608000	-0.014695
4.609000	0.164695
4.610000	0.362013
4.611000	0.415834
4.612000	0.272337
4.613000	0.057054
4.614000	-0.194085
4.615000	-0.212013
4.616000	-0.086444
4.617000	0.146767
4.618000	0.344085
4.619000	0.379941
4.620000	0.344085
4.621000	0.128802
4.622000	-0.068516
4.623000	-0.194085
4.624000	-0.122337
4.625000	0.074982
4.626000	0.272337
4.627000	0.379941
4.628000	0.308193
4.629000	0.182623
4.630000	-0.014695
4.631000	-0.122337
4.632000	-0.122337
4.633000	0.003233
4.634000	0.218516
4.635000	0.326121
4.636000	0.344085
4.637000	0.164695
4.638000	0.039126
4.639000	-0.104372
4.640000	-0.122337
4.641000	-0.032623
4.642000	0.128802
4.643000	0.308193
4.644000	0.326121
4.645000	0.236444
4.646000	0.074982
4.647000	-0.032623
4.648000	-0.050588
4.649000	-0.014695
4.650000	0.110874
4.651000	0.236444
4.652000	0.344085
4.653000	0.272337
4.654000	0.128802
4.655000	-0.014695
4.656000	-0.068516
4.657000	-0.014695
4.658000	0.092946
4.659000	0.200551
4.660000	0.290265
4.661000	0.290265
4.662000	0.182623
4.663000	0.039126
4.664000	-0.068516
4.665000	-0.050588
4.666000	0.057054
4.667000	0.164695
4.668000	0.218516
4.669000	0.236444
4.670000	0.182623
4.671000	0.074982
4.672000	-0.014695
4.673000	-0.050588
4.674000	0.021198
4.675000	0.146767
4.676000	0.200551
4.677000	0.218516
4.678000	0.182623
4.679000	0.092946
4.680000	0.003233
4.681000	-0.050588
4.682000	0.003233
4.683000	0.092946
4.684000	0.200551
4.685000	0.236444
4.686000	0.182623
4.687000	0.110874
4.688000	0.039126
4.689000	0.003233
4.690000	0.021198
4.691000	0.074982
4.692000	0.146767
4.693000	0.200551
4.694000	0.200551
4.695000	0.110874
4.696000	0.057054
4.697000	0.021198
4.698000	0.039126
4.699000	0.092946
4.700000	0.146767
4.701000	0.218516
4.702000	0.200551
4.703000	0.164695
4.704000	0.092946
4.705000	0.021198
4.706000	0.021198
4.707000	0.092946
4.708000	0.128802
4.709000	0.182623
4.710000	0.164695
4.711000	0.164695
4.712000	0.092946
4.713000	0.021198
4.714000	0.039126
4.715000	0.074982
4.716000	0.128802
4.717000	0.182623
4.718000	0.182623
4.719000	0.146767
4.720000	0.092946
4.721000	0.039126
4.722000	0.039126
4.723000	0.021198
4.724000	0.110874
4.725000	0.164695
4.726000	0.182623
4.727000	0.164695
4.728000	0.092946
4.729000	0.057054
4.730000	0.057054
4.731000	0.057054
4.732000	0.110874
4.733000	0.146767
4.734000	0.182623
4.735000	0.164695
4.736000	0.110874
4.737000	0.057054
4.738000	0.039126
4.739000	0.039126
4.740000	0.092946
4.741000	0.146767
4.742000	0.164695
4.743000	0.164695
4.744000	0.128802
4.745000	0.074982
4.746000	0.039126
4.747000	0.039126
4.748000	0.074982
4.749000	0.110874
4.750000	0.146767
4.751000	0.146767
4.752000	0.128802
4.753000	0.074982
4.754000	0.039126
4.755000	0.039126
4.756000	0.092946
4.757000	0.146767
4.758000	0.164695
4.759000	0.164695
4.760000	0.146767
4.761000	0.092946
4.762000	0.057054
4.763000	0.057054
4.764000	0.092946
4.765000	0.128802
4.766000	0.146767
4.767000	0.164695
4.768000	0.146767
4.769000	0.110874
4.770000	0.074982
4.771000	0.057054
4.772000	0.074982
4.773000	0.110874
4.774000	0.164695
4.775000	0.146767
4.776000	0.128802
4.777000	0.092946
4.778000	0.057054
4.779000	0.039126
4.780000	0.057054
4.781000	0.092946
4.782000	0.128802
4.783000	0.146767
4.784000	0.146767
4.785000	0.110874
4.786000	0.057054
4.787000	0.057054
4.788000	0.092946
4.789000	0.110874
4.790000	0.128802
4.791000	0.146767
4.792000	0.146767
4.793000	0.128802
4.794000	0.092946
4.795000	0.057054
4.796000	0.074982
4.797000	0.110874
4.798000	0.146767
4.799000	0.164695
4.800000	0.164695
4.801000	0.146767
4.802000	0.110874
4.803000	0.074982
4.804000	0.057054
4.805000	0.092946
4.806000	0.110874
4.807000	0.146767
4.808000	0.146767
4.809000	0.128802
4.810000	0.110874
4.811000	0.074982
4.812000	0.074982
4.813000	0.057054
4.814000	0.092946
4.815000	0.146767
4.816000	0.164695
4.817000	0.146767
4.818000	0.110874
4.819000	0.092946
4.820000	0.074982
4.821000	0.092946
4.822000	0.092946
4.823000	0.128802
4.824000	0.164695
4.825000	0.146767
4.826000	0.128802
4.827000	0.110874
4.828000	0.110874
4.829000	0.092946
4.830000	0.128802
4.831000	0.128802
4.832000	0.146767
4.833000	0.146767
4.834000	0.146767
4.835000	0.092946
4.836000	0.092946
4.837000	0.074982
4.838000	0.074982
4.839000	0.110874
4.840000	0.128802
4.841000	0.128802
4.842000	0.110874
4.843000	0.092946
4.844000	0.074982
4.845000	0.092946
4.846000	0.092946
4.847000	0.110874
4.848000	0.110874
4.849000	0.110874
4.850000	0.128802
4.851000	0.110874
4.852000	0.092946
4.853000	0.074982
4.854000	0.092946
4.855000	0.110874
4.856000	0.128802
4.857000	0.128802
4.858000	0.146767
4.859000	0.110874
4.860000	0.110874
4.861000	0.092946
4.862000	0.092946
4.863000	0.092946
4.864000	0.128802
4.865000	0.146767
4.866000	0.128802
4.867000	0.110874
4.868000	0.110874
4.869000	0.092946
4.870000	0.074982
4.871000	0.092946
4.872000	0.092946
4.873000	0.110874
4.874000	0.128802
4.875000	0.110874
4.876000	0.092946
4.877000	0.092946
4.878000	0.074982
4.879000	0.092946
4.880000	0.092946
4.881000	0.110874
4.882000	0.128802
4.883000	0.128802
4.884000	0.128802
4.885000	0.092946
4.886000	0.110874
4.887000	0.092946
4.888000	0.092946
4.889000	0.092946
4.890000	0.110874
4.891000	0.128802
4.892000	0.128802
4.893000	0.110874
4.894000	0.110874
4.895000	0.092946
4.896000	0.092946
4.897000	0.092946
4.898000	0.110874
4.899000	0.128802
4.900000	0.128802
4.901000	0.128802
4.902000	0.110874
4.903000	0.092946
4.904000	0.092946
4.905000	0.092946
4.906000	0.110874
4.907000	0.110874
4.908000	0.110874
4.909000	0.128802
4.910000	0.110874
4.911000	0.092946
4.912000	0.110874
4.913000	0.110874
4.914000	0.110874
4.915000	0.110874
4.916000	0.110874
4.917000	0.110874
4.918000	0.110874
4.919000	0.110874
4.920000	0.092946
4.921000	0.092946
4.922000	0.092946
4.923000	0.110874
4.924000	0.110874
4.925000	0.110874
4.926000	0.092946
4.927000	0.092946
4.928000	0.110874
4.929000	0.092946
4.930000	0.110874
4.931000	0.110874
4.932000	0.128802
4.933000	0.110874
4.934000	0.092946
4.935000	0.092946
4.936000	0.092946
4.937000	0.110874
4.938000	0.110874
4.939000	0.110874
4.940000	0.128802
4.941000	0.110874
4.942000	0.110874
4.943000	0.092946
4.944000	0.110874
4.945000	0.092946
4.946000	0.092946
4.947000	0.092946
4.948000	0.092946
4.949000	0.110874
4.950000	0.110874
4.951000	0.092946
4.952000	0.092946
4.953000	0.092946
4.954000	0.092946
4.955000	0.092946
4.956000	0.110874
4.957000	0.092946
4.958000	0.110874
4.959000	0.110874
4.960000	0.092946
4.961000	0.092946
4.962000	0.110874
4.963000	0.110874
4.964000	0.110874
4.965000	0.110874
4.966000	0.110874
4.967000	0.110874
4.968000	0.110874
4.969000	0.110874
4.970000	0.128802
4.971000	0.110874
4.972000	0.128802
4.973000	0.128802
4.974000	0.110874
4.975000	0.092946
4.976000	0.092946
4.977000	0.092946
4.978000	0.110874
4.979000	0.110874
4.980000	0.092946
4.981000	0.110874
4.982000	0.110874
4.983000	0.110874
4.984000	0.092946
4.985000	0.092946
4.986000	0.110874
4.987000	0.110874
4.988000	0.110874
4.989000	0.110874
4.990000	0.110874
4.991000	0.092946
4.992000	0.110874
4.993000	0.110874
4.994000	0.110874
4.995000	0.128802
4.996000	0.110874
4.997000	0.128802
4.998000	0.110874
4.999000	0.092946
5.000000	0.110874
5.001000	0.110874
5.002000	0.110874
5.003000	0.110874
5.004000	0.110874
5.005000	0.110874
5.006000	0.092946
5.007000	0.092946
5.008000	0.092946
5.009000	0.092946
5.010000	0.092946
5.011000	0.110874
5.012000	0.110874
5.013000	0.110874
5.014000	0.110874
5.015000	0.110874
5.016000	0.092946
5.017000	0.092946
5.018000	0.110874
5.019000	0.092946
5.020000	0.092946
5.021000	0.128802
5.022000	0.110874
5.023000	0.110874
5.024000	0.128802
5.025000	0.110874
5.026000	0.110874
5.027000	0.110874
5.028000	0.110874
5.029000	0.110874
5.030000	0.128802
5.031000	0.128802
5.032000	0.110874
5.033000	0.110874
5.034000	0.110874
5.035000	0.110874
5.036000	0.110874
5.037000	0.110874
5.038000	0.128802
5.039000	0.092946
5.040000	0.110874
5.041000	0.110874
5.042000	0.110874
5.043000	0.110874
5.044000	0.092946
5.045000	0.092946
5.046000	0.092946
5.047000	0.110874
5.048000	0.092946
5.049000	0.092946
5.050000	0.110874
5.051000	0.092946
5.052000	0.092946
5.053000	0.110874
5.054000	0.092946
5.055000	0.092946
5.056000	0.092946
5.057000	0.092946
5.058000	0.092946
5.059000	0.110874
5.060000	0.092946
5.061000	0.092946
5.062000	0.092946
5.063000	0.092946
5.064000	0.110874
5.065000	0.092946
5.066000	0.092946
5.067000	0.092946
5.068000	0.110874
5.069000	0.092946
5.070000	0.110874
5.071000	0.110874
5.072000	0.110874
5.073000	0.128802
5.074000	0.092946
5.075000	0.092946
5.076000	0.092946
5.077000	0.092946
5.078000	0.110874
5.079000	0.092946
5.080000	0.128802
5.081000	0.110874
5.082000	0.092946
5.083000	0.110874
5.084000	0.110874
5.085000	0.110874
5.086000	0.110874
5.087000	0.128802
5.088000	0.110874
5.089000	0.092946
5.090000	0.110874
5.091000	0.074982
5.092000	0.092946
5.093000	0.110874
5.094000	0.092946
5.095000	0.128802
5.096000	0.110874
5.097000	0.110874
5.098000	0.092946
5.099000	0.128802
5.100000	0.128802
5.101000	0.110874
5.102000	0.092946
5.103000	0.092946
5.104000	0.092946
5.105000	0.110874
5.106000	0.110874
5.107000	0.092946
5.108000	0.110874
5.109000	0.110874
5.110000	0.092946
5.111000	0.110874
5.112000	0.110874
5.113000	0.128802
5.114000	0.128802
5.115000	0.146767
5.116000	0.128802
5.117000	0.092946
5.118000	0.092946
5.119000	0.092946
5.120000	0.110874
5.121000	0.128802
5.122000	0.128802
5.123000	0.128802
5.124000	0.110874
5.125000	0.092946
5.126000	0.092946
5.127000	0.092946
5.128000	0.110874
5.129000	0.110874
5.130000	0.128802
5.131000	0.146767
5.132000	0.128802
5.133000	0.128802
5.134000	0.092946
5.135000	0.092946
5.136000	0.110874
5.137000	0.128802
5.138000	0.128802
5.139000	0.128802
5.140000	0.128802
5.141000	0.128802
5.142000	0.110874
5.143000	0.092946
5.144000	0.110874
5.145000	0.128802
5.146000	0.146767
5.147000	0.110874
5.148000	0.128802
5.149000	0.128802
5.150000	0.128802
5.151000	0.110874
5.152000	0.110874
5.153000	0.110874
5.154000	0.128802
5.155000	0.110874
5.156000	0.110874
5.157000	0.110874
5.158000	0.092946
5.159000	0.110874
5.160000	0.074982
5.161000	0.110874
5.162000	0.092946
5.163000	0.110874
5.164000	0.092946
5.165000	0.092946
5.166000	0.092946
5.167000	0.092946
5.168000	0.092946
5.169000	0.074982
5.170000	0.092946
5.171000	0.092946
5.172000	0.092946
5.173000	0.092946
5.174000	0.110874
5.175000	0.110874
5.176000	0.110874
5.177000	0.092946
5.178000	0.110874
5.179000	0.110874
5.180000	0.128802
5.181000	0.128802
5.182000	0.110874
5.183000	0.110874
5.184000	0.092946
5.185000	0.092946
5.186000	0.092946
5.187000	0.092946
5.188000	0.110874
5.189000	0.128802
5.190000	0.110874
5.191000	0.092946
5.192000	0.092946
5.193000	0.092946
5.194000	0.092946
5.195000	0.092946
5.196000	0.092946
5.197000	0.110874
5.198000	0.110874
5.199000	0.110874
5.200000	0.110874
5.201000	0.110874
5.202000	0.110874
5.203000	0.110874
5.204000	0.110874
5.205000	0.128802
5.206000	0.146767
5.207000	0.146767
5.208000	0.128802
5.209000	0.110874
5.210000	0.110874
5.211000	0.128802
5.212000	0.128802
5.213000	0.110874
5.214000	0.128802
5.215000	0.128802
5.216000	0.146767
5.217000	0.128802
5.218000	0.092946
5.219000	0.092946
5.220000	0.092946
5.221000	0.092946
5.222000	0.128802
5.223000	0.092946
5.224000	0.092946
5.225000	0.074982
5.226000	0.074982
5.227000	0.092946
5.228000	0.074982
5.229000	0.110874
5.230000	0.092946
5.231000	0.128802
5.232000	0.146767
5.233000	0.128802
5.234000	0.110874
5.235000	0.057054
5.236000	0.039126
5.237000	0.110874
5.238000	0.182623
5.239000	0.200551
5.240000	0.164695
5.241000	0.092946
5.242000	0.057054
5.243000	0.074982
5.244000	0.092946
5.245000	0.164695
5.246000	0.164695
5.247000	0.146767
5.248000	0.128802
5.249000	0.110874
5.250000	0.057054
5.251000	0.039126
5.252000	0.039126
5.253000	0.074982
5.254000	0.110874
5.255000	0.128802
5.256000	0.128802
5.257000	0.110874
5.258000	0.057054
5.259000	0.057054
5.260000	0.057054
5.261000	0.110874
5.262000	0.146767
5.263000	0.146767
5.264000	0.164695
5.265000	0.110874
5.266000	0.092946
5.267000	0.074982
5.268000	0.092946
5.269000	0.092946
5.270000	0.128802
5.271000	0.164695
5.272000	0.182623
5.273000	0.182623
5.274000	0.146767
5.275000	0.074982
5.276000	0.039126
5.277000	0.021198
5.278000	0.074982
5.279000	0.110874
5.280000	0.164695
5.281000	0.110874
5.282000	0.074982
5.283000	0.039126
5.284000	0.039126
5.285000	0.039126
5.286000	0.110874
5.287000	0.146767
5.288000	0.164695
5.289000	0.128802
5.290000	0.128802
5.291000	0.092946
5.292000	0.074982
5.293000	0.074982
5.294000	0.092946
5.295000	0.128802
5.296000	0.146767
5.297000	0.182623
5.298000	0.164695
5.299000	0.146767
5.300000	0.092946
5.301000	0.092946
5.302000	0.092946
5.303000	0.146767
5.304000	0.164695
5.305000	0.164695
5.306000	0.146767
5.307000	0.074982
5.308000	0.057054
5.309000	0.039126
5.310000	0.057054
5.311000	0.092946
5.312000	0.110874
5.313000	0.128802
5.314000	0.110874
5.315000	0.128802
5.316000	0.128802
5.317000	0.110874
5.318000	0.128802
5.319000	0.128802
5.320000	0.128802
5.321000	0.128802
5.322000	0.128802
5.323000	0.146767
5.324000	0.128802
5.325000	0.110874
5.326000	0.110874
5.327000	0.128802
5.328000	0.110874
5.329000	0.146767
5.330000	0.146767
5.331000	0.182623
5.332000	0.146767
5.333000	0.110874
5.334000	0.074982
5.335000	0.110874
5.336000	0.074982
5.337000	0.074982
5.338000	0.092946
5.339000	0.057054
5.340000	0.074982
5.341000	0.039126
5.342000	0.110874
5.343000	0.074982
5.344000	0.039126
5.345000	0.092946
5.346000	0.092946
5.347000	0.110874
5.348000	0.128802
5.349000	0.092946
5.350000	0.110874
5.351000	0.021198
5.352000	0.092946
5.353000	0.074982
5.354000	0.146767
5.355000	0.146767
5.356000	0.146767
5.357000	0.146767
5.358000	0.092946
5.359000	0.074982
5.360000	0.092946
5.361000	0.092946
5.362000	0.146767
5.363000	0.128802
5.364000	0.128802
5.365000	0.146767
5.366000	0.057054
5.367000	0.057054
5.368000	0.039126
5.369000	0.074982
5.370000	0.110874
5.371000	0.092946
5.372000	0.128802
5.373000	0.092946
5.374000	0.074982
5.375000	0.057054
5.376000	0.057054
5.377000	0.110874
5.378000	0.092946
5.379000	0.128802
5.380000	0.110874
5.381000	0.092946
5.382000	0.110874
5.383000	0.092946
5.384000	0.110874
5.385000	0.128802
5.386000	0.128802
5.387000	0.164695
5.388000	0.146767
5.389000	0.146767
5.390000	0.146767
5.391000	0.110874
5.392000	0.128802
5.393000	0.074982
5.394000	0.128802
5.395000	0.128802
5.396000	0.128802
5.397000	0.128802
5.398000	0.128802
5.399000	0.092946
5.400000	0.074982
5.401000	0.092946
5.402000	0.092946
5.403000	0.110874
5.404000	0.110874
5.405000	0.092946
5.406000	0.128802
5.407000	0.110874
5.408000	0.092946
5.409000	0.092946
5.410000	0.092946
5.411000	0.092946
5.412000	0.110874
5.413000	0.146767
5.414000	0.146767
5.415000	0.128802
5.416000	0.128802
5.417000	0.110874
5.418000	0.110874
5.419000	0.110874
5.420000	0.128802
5.421000	0.128802
5.422000	0.146767
5.423000	0.128802
5.424000	0.092946
5.425000	0.092946
5.426000	0.074982
5.427000	0.110874
5.428000	0.110874
5.429000	0.128802
5.430000	0.110874
5.431000	0.092946
5.432000	0.110874
5.433000	0.092946
5.434000	0.074982
5.435000	0.092946
5.436000	0.092946
5.437000	0.110874
5.438000	0.110874
5.439000	0.110874
5.440000	0.092946
5.441000	0.092946
5.442000	0.092946
5.443000	0.110874
5.444000	0.110874
5.445000	0.110874
5.446000	0.110874
5.447000	0.110874
5.448000	0.128802
5.449000	0.110874
5.450000	0.128802
5.451000	0.110874
5.452000	0.110874
5.453000	0.110874
5.454000	0.092946
5.455000	0.092946
5.456000	0.074982
5.457000	0.110874
5.458000	0.110874
5.459000	0.092946
5.460000	0.110874
5.461000	0.092946
5.462000	0.074982
5.463000	0.057054
5.464000	0.074982
5.465000	0.110874
5.466000	0.110874
5.467000	0.128802
5.468000	0.092946
5.469000	0.092946
5.470000	0.074982
5.471000	0.146767
5.472000	0.110874
5.473000	0.128802
5.474000	0.092946
5.475000	0.128802
5.476000	0.128802
5.477000	0.164695
5.478000	0.128802
5.479000	0.128802
5.480000	0.057054
5.481000	0.074982
5.482000	0.092946
5.483000	0.128802
5.484000	0.146767
5.485000	0.110874
5.486000	0.092946
5.487000	0.074982
5.488000	0.110874
5.489000	0.092946
5.490000	0.110874
5.491000	0.128802
5.492000	0.092946
5.493000	0.110874
5.494000	0.110874
5.495000	0.128802
5.496000	0.146767
5.497000	0.092946
5.498000	0.128802
5.499000	0.092946
