-0.500000	0.128371
-0.499000	0.128371
-0.498000	0.137399
-0.497000	0.128371
-0.496000	0.128371
-0.495000	0.119343
-0.494000	0.137399
-0.493000	0.128371
-0.492000	0.128371
-0.491000	0.137399
-0.490000	0.128371
-0.489000	0.128371
-0.488000	0.119343
-0.487000	0.128371
-0.486000	0.128371
-0.485000	0.119343
-0.484000	0.128371
-0.483000	0.128371
-0.482000	0.128371
-0.481000	0.128371
-0.480000	0.128371
-0.479000	0.128371
-0.478000	0.137399
-0.477000	0.119343
-0.476000	0.137399
-0.475000	0.128371
-0.474000	0.128371
-0.473000	0.119343
-0.472000	0.128371
-0.471000	0.137399
-0.470000	0.128371
-0.469000	0.128371
-0.468000	0.137399
-0.467000	0.128371
-0.466000	0.128371
-0.465000	0.128371
-0.464000	0.128371
-0.463000	0.128371
-0.462000	0.128371
-0.461000	0.128371
-0.460000	0.128371
-0.459000	0.128371
-0.458000	0.128371
-0.457000	0.119343
-0.456000	0.128371
-0.455000	0.128371
-0.454000	0.128371
-0.453000	0.128371
-0.452000	0.128371
-0.451000	0.128371
-0.450000	0.137399
-0.449000	0.128371
-0.448000	0.119343
-0.447000	0.146446
-0.446000	0.137399
-0.445000	0.128371
-0.444000	0.137399
-0.443000	0.128371
-0.442000	0.128371
-0.441000	0.128371
-0.440000	0.119343
-0.439000	0.128371
-0.438000	0.128371
-0.437000	0.128371
-0.436000	0.128371
-0.435000	0.137399
-0.434000	0.128371
-0.433000	0.128371
-0.432000	0.119343
-0.431000	0.119343
-0.430000	0.137399
-0.429000	0.128371
-0.428000	0.128371
-0.427000	0.137399
-0.426000	0.128371
-0.425000	0.128371
-0.424000	0.128371
-0.423000	0.119343
-0.422000	0.128371
-0.421000	0.128371
-0.420000	0.128371
-0.419000	0.128371
-0.418000	0.128371
-0.417000	0.128371
-0.416000	0.128371
-0.415000	0.128371
-0.414000	0.128371
-0.413000	0.128371
-0.412000	0.137399
-0.411000	0.137399
-0.410000	0.119343
-0.409000	0.137399
-0.408000	0.128371
-0.407000	0.119343
-0.406000	0.137399
-0.405000	0.128371
-0.404000	0.128371
-0.403000	0.128371
-0.402000	0.137399
-0.401000	0.128371
-0.400000	0.128371
-0.399000	0.128371
-0.398000	0.128371
-0.397000	0.128371
-0.396000	0.128371
-0.395000	0.119343
-0.394000	0.128371
-0.393000	0.128371
-0.392000	0.128371
-0.391000	0.128371
-0.390000	0.128371
-0.389000	0.137399
-0.388000	0.137399
-0.387000	0.119343
-0.386000	0.137399
-0.385000	0.128371
-0.384000	0.128371
-0.383000	0.128371
-0.382000	0.128371
-0.381000	0.137399
-0.380000	0.128371
-0.379000	0.128371
-0.378000	0.128371
-0.377000	0.137399
-0.376000	0.128371
-0.375000	0.119343
-0.374000	0.119343
-0.373000	0.128371
-0.372000	0.119343
-0.371000	0.119343
-0.370000	0.128371
-0.369000	0.128371
-0.368000	0.128371
-0.367000	0.128371
-0.366000	0.128371
-0.365000	0.128371
-0.364000	0.137399
-0.363000	0.119343
-0.362000	0.119343
-0.361000	0.128371
-0.360000	0.128371
-0.359000	0.128371
-0.358000	0.119343
-0.357000	0.128371
-0.356000	0.128371
-0.355000	0.128371
-0.354000	0.128371
-0.353000	0.128371
-0.352000	0.128371
-0.351000	0.137399
-0.350000	0.137399
-0.349000	0.128371
-0.348000	0.137399
-0.347000	0.128371
-0.346000	0.128371
-0.345000	0.128371
-0.344000	0.128371
-0.343000	0.119343
-0.342000	0.128371
-0.341000	0.110297
-0.340000	0.128371
-0.339000	0.119343
-0.338000	0.119343
-0.337000	0.128371
-0.336000	0.110297
-0.335000	0.128371
-0.334000	0.128371
-0.333000	0.128371
-0.332000	0.128371
-0.331000	0.128371
-0.330000	0.128371
-0.329000	0.128371
-0.328000	0.128371
-0.327000	0.128371
-0.326000	0.128371
-0.325000	0.128371
-0.324000	0.128371
-0.323000	0.119343
-0.322000	0.128371
-0.321000	0.128371
-0.320000	0.128371
-0.319000	0.128371
-0.318000	0.137399
-0.317000	0.128371
-0.316000	0.128371
-0.315000	0.128371
-0.314000	0.137399
-0.313000	0.128371
-0.312000	0.119343
-0.311000	0.137399
-0.310000	0.128371
-0.309000	0.128371
-0.308000	0.128371
-0.307000	0.128371
-0.306000	0.119343
-0.305000	0.128371
-0.304000	0.128371
-0.303000	0.137399
-0.302000	0.128371
-0.301000	0.128371
-0.300000	0.128371
-0.299000	0.128371
-0.298000	0.128371
-0.297000	0.128371
-0.296000	0.128371
-0.295000	0.128371
-0.294000	0.128371
-0.293000	0.128371
-0.292000	0.128371
-0.291000	0.128371
-0.290000	0.119343
-0.289000	0.128371
-0.288000	0.128371
-0.287000	0.128371
-0.286000	0.128371
-0.285000	0.137399
-0.284000	0.119343
-0.283000	0.128371
-0.282000	0.128371
-0.281000	0.119343
-0.280000	0.128371
-0.279000	0.128371
-0.278000	0.137399
-0.277000	0.128371
-0.276000	0.119343
-0.275000	0.128371
-0.274000	0.119343
-0.273000	0.119343
-0.272000	0.128371
-0.271000	0.128371
-0.270000	0.119343
-0.269000	0.128371
-0.268000	0.119343
-0.267000	0.128371
-0.266000	0.137399
-0.265000	0.128371
-0.264000	0.128371
-0.263000	0.128371
-0.262000	0.128371
-0.261000	0.128371
-0.260000	0.128371
-0.259000	0.128371
-0.258000	0.128371
-0.257000	0.128371
-0.256000	0.128371
-0.255000	0.137399
-0.254000	0.119343
-0.253000	0.128371
-0.252000	0.128371
-0.251000	0.128371
-0.250000	0.128371
-0.249000	0.128371
-0.248000	0.128371
-0.247000	0.128371
-0.246000	0.128371
-0.245000	0.128371
-0.244000	0.128371
-0.243000	0.128371
-0.242000	0.128371
-0.241000	0.119343
-0.240000	0.119343
-0.239000	0.128371
-0.238000	0.119343
-0.237000	0.128371
-0.236000	0.137399
-0.235000	0.128371
-0.234000	0.128371
-0.233000	0.128371
-0.232000	0.128371
-0.231000	0.119343
-0.230000	0.119343
-0.229000	0.137399
-0.228000	0.128371
-0.227000	0.128371
-0.226000	0.119343
-0.225000	0.128371
-0.224000	0.128371
-0.223000	0.128371
-0.222000	0.119343
-0.221000	0.128371
-0.220000	0.128371
-0.219000	0.128371
-0.218000	0.128371
-0.217000	0.128371
-0.216000	0.128371
-0.215000	0.128371
-0.214000	0.137399
-0.213000	0.137399
-0.212000	0.128371
-0.211000	0.128371
-0.210000	0.128371
-0.209000	0.137399
-0.208000	0.119343
-0.207000	0.128371
-0.206000	0.128371
-0.205000	0.128371
-0.204000	0.137399
-0.203000	0.128371
-0.202000	0.119343
-0.201000	0.128371
-0.200000	0.128371
-0.199000	0.128371
-0.198000	0.128371
-0.197000	0.137399
-0.196000	0.119343
-0.195000	0.119343
-0.194000	0.128371
-0.193000	0.128371
-0.192000	0.119343
-0.191000	0.119343
-0.190000	0.119343
-0.189000	0.119343
-0.188000	0.119343
-0.187000	0.128371
-0.186000	0.128371
-0.185000	0.119343
-0.184000	0.128371
-0.183000	0.128371
-0.182000	0.128371
-0.181000	0.128371
-0.180000	0.128371
-0.179000	0.128371
-0.178000	0.137399
-0.177000	0.119343
-0.176000	0.128371
-0.175000	0.128371
-0.174000	0.128371
-0.173000	0.128371
-0.172000	0.110297
-0.171000	0.119343
-0.170000	0.119343
-0.169000	0.119343
-0.168000	0.128371
-0.167000	0.146446
-0.166000	0.128371
-0.165000	0.137399
-0.164000	0.128371
-0.163000	0.128371
-0.162000	0.137399
-0.161000	0.128371
-0.160000	0.128371
-0.159000	0.137399
-0.158000	0.128371
-0.157000	0.119343
-0.156000	0.128371
-0.155000	0.128371
-0.154000	0.128371
-0.153000	0.137399
-0.152000	0.119343
-0.151000	0.128371
-0.150000	0.119343
-0.149000	0.119343
-0.148000	0.128371
-0.147000	0.119343
-0.146000	0.128371
-0.145000	0.128371
-0.144000	0.128371
-0.143000	0.137399
-0.142000	0.137399
-0.141000	0.128371
-0.140000	0.119343
-0.139000	0.128371
-0.138000	0.128371
-0.137000	0.128371
-0.136000	0.137399
-0.135000	0.146446
-0.134000	0.137399
-0.133000	0.128371
-0.132000	0.146446
-0.131000	0.137399
-0.130000	0.128371
-0.129000	0.128371
-0.128000	0.128371
-0.127000	0.128371
-0.126000	0.128371
-0.125000	0.128371
-0.124000	0.128371
-0.123000	0.128371
-0.122000	0.119343
-0.121000	0.128371
-0.120000	0.119343
-0.119000	0.128371
-0.118000	0.128371
-0.117000	0.128371
-0.116000	0.137399
-0.115000	0.128371
-0.114000	0.128371
-0.113000	0.128371
-0.112000	0.137399
-0.111000	0.128371
-0.110000	0.137399
-0.109000	0.128371
-0.108000	0.128371
-0.107000	0.119343
-0.106000	0.119343
-0.105000	0.128371
-0.104000	0.128371
-0.103000	0.128371
-0.102000	0.128371
-0.101000	0.128371
-0.100000	0.128371
-0.099000	0.137399
-0.098000	0.128371
-0.097000	0.128371
-0.096000	0.128371
-0.095000	0.119343
-0.094000	0.128371
-0.093000	0.128371
-0.092000	0.128371
-0.091000	0.119343
-0.090000	0.128371
-0.089000	0.128371
-0.088000	0.119343
-0.087000	0.128371
-0.086000	0.128371
-0.085000	0.128371
-0.084000	0.137399
-0.083000	0.137399
-0.082000	0.137399
-0.081000	0.137399
-0.080000	0.128371
-0.079000	0.119343
-0.078000	0.128371
-0.077000	0.128371
-0.076000	0.128371
-0.075000	0.119343
-0.074000	0.128371
-0.073000	0.119343
-0.072000	0.137399
-0.071000	0.128371
-0.070000	0.128371
-0.069000	0.128371
-0.068000	0.119343
-0.067000	0.128371
-0.066000	0.128371
-0.065000	0.128371
-0.064000	0.128371
-0.063000	0.128371
-0.062000	0.128371
-0.061000	0.137399
-0.060000	0.128371
-0.059000	0.128371
-0.058000	0.119343
-0.057000	0.137399
-0.056000	0.128371
-0.055000	0.128371
-0.054000	0.128371
-0.053000	0.128371
-0.052000	0.137399
-0.051000	0.128371
-0.050000	0.128371
-0.049000	0.137399
-0.048000	0.128371
-0.047000	0.128371
-0.046000	0.128371
-0.045000	0.119343
-0.044000	0.128371
-0.043000	0.119343
-0.042000	0.119343
-0.041000	0.128371
-0.040000	0.128371
-0.039000	0.128371
-0.038000	0.128371
-0.037000	0.119343
-0.036000	0.128371
-0.035000	0.128371
-0.034000	0.119343
-0.033000	0.110297
-0.032000	0.128371
-0.031000	0.137399
-0.030000	0.137399
-0.029000	0.164502
-0.028000	0.164502
-0.027000	0.164502
-0.026000	0.146446
-0.025000	0.137399
-0.024000	0.146446
-0.023000	0.146446
-0.022000	0.137399
-0.021000	0.137399
-0.020000	0.137399
-0.019000	0.164502
-0.018000	0.173530
-0.017000	0.164502
-0.016000	0.173530
-0.015000	0.146446
-0.014000	0.146446
-0.013000	0.164502
-0.012000	0.119343
-0.011000	0.119343
-0.010000	0.128371
-0.009000	0.119343
-0.008000	0.146446
-0.007000	0.173530
-0.006000	0.164502
-0.005000	0.164502
-0.004000	0.155474
-0.003000	0.119343
-0.002000	0.074166
-0.001000	0.065138
0.000000	0.056111
0.001000	0.038036
0.002000	0.092241
0.003000	0.119343
0.004000	0.128371
0.005000	0.182576
0.006000	0.155474
0.007000	0.137399
0.008000	0.164502
0.009000	0.119343
0.010000	0.119343
0.011000	0.164502
0.012000	0.191604
0.013000	0.209679
0.014000	0.227735
0.015000	0.236763
0.016000	0.191604
0.017000	0.191604
0.018000	0.200632
0.019000	0.209679
0.020000	0.155474
0.021000	0.173530
0.022000	0.164502
0.023000	0.173530
0.024000	0.191604
0.025000	0.182576
0.026000	0.164502
0.027000	0.182576
0.028000	0.092241
0.029000	-0.043253
0.030000	-0.223924
0.031000	-0.738816
0.032000	-0.675583
0.033000	0.580030
0.034000	1.203330
0.035000	1.555610
0.036000	1.465290
0.037000	-0.097458
0.038000	-0.196822
0.039000	0.832962
0.040000	0.661338
0.041000	0.805860
0.042000	0.670366
0.043000	-0.223924
0.044000	0.083213
0.045000	0.607133
0.046000	0.688422
0.047000	1.049760
0.048000	1.356880
0.049000	1.103950
0.050000	1.203330
0.051000	0.814888
0.052000	0.155474
0.053000	0.299996
0.054000	0.272912
0.055000	0.227735
0.056000	0.986531
0.057000	0.661338
0.058000	0.480667
0.059000	0.336145
0.060000	-2.852590
0.061000	-2.897750
0.062000	0.643263
0.063000	1.031690
0.064000	4.726270
0.065000	4.446230
0.066000	-3.448770
0.067000	-1.967330
0.068000	0.327098
0.069000	-1.696340
0.070000	3.696480
0.071000	3.967490
0.072000	-2.861620
0.073000	-1.289840
0.074000	-0.494912
0.075000	-1.895070
0.076000	4.663040
0.077000	4.112010
0.078000	-0.151663
0.079000	-0.205850
0.080000	-1.831830
0.081000	-1.958300
0.082000	2.729930
0.083000	2.097600
0.084000	-0.223924
0.085000	0.128371
0.086000	-0.856254
0.087000	-0.196822
0.088000	2.693800
0.089000	2.160840
0.090000	0.896195
0.091000	0.823934
0.092000	-0.115533
0.093000	0.462592
0.094000	1.555610
0.095000	1.185260
0.096000	0.706496
0.097000	0.851037
0.098000	0.038036
0.099000	0.706496
0.100000	1.709180
0.101000	1.519480
0.102000	0.905223
0.103000	0.742627
0.104000	0.200632
0.105000	0.715524
0.106000	1.158160
0.107000	1.067820
0.108000	1.031690
0.109000	0.986531
0.110000	1.103950
0.111000	1.537550
0.112000	1.140100
0.113000	0.345173
0.114000	0.083213
0.115000	0.318070
0.116000	1.528530
0.117000	1.772410
0.118000	0.860065
0.119000	0.453564
0.120000	0.841990
0.121000	1.167180
0.122000	1.564660
0.123000	0.887167
0.124000	0.372275
0.125000	1.131050
0.126000	1.429160
0.127000	0.769729
0.128000	0.426462
0.129000	0.534872
0.130000	0.914270
0.131000	1.492390
0.132000	1.013630
0.133000	0.426462
0.134000	1.076870
0.135000	1.519480
0.136000	1.004590
0.137000	0.968456
0.138000	0.661338
0.139000	0.751655
0.140000	1.600790
0.141000	1.420120
0.142000	0.887167
0.143000	1.203330
0.144000	0.941354
0.145000	0.778757
0.146000	1.320750
0.147000	1.266550
0.148000	1.420120
0.149000	1.700150
0.150000	1.239460
0.151000	1.320750
0.152000	1.826620
0.153000	1.447220
0.154000	1.284620
0.155000	1.239460
0.156000	1.266550
0.157000	1.573680
0.158000	1.519480
0.159000	1.338830
0.160000	1.519480
0.161000	1.691120
0.162000	1.691120
0.163000	1.645940
0.164000	1.492390
0.165000	1.447220
0.166000	1.519480
0.167000	1.429160
0.168000	1.320750
0.169000	1.347850
0.170000	0.019980
0.171000	-1.289840
0.172000	2.495080
0.173000	-0.377493
0.174000	0.480667
0.175000	0.327098
0.176000	-0.332316
0.177000	1.980180
0.178000	0.381303
0.179000	0.661338
0.180000	1.465290
0.181000	-0.558145
0.182000	1.673050
0.183000	2.142780
0.184000	0.778757
0.185000	1.718220
0.186000	0.399359
0.187000	0.281940
0.188000	2.901560
0.189000	2.233120
0.190000	1.528530
0.191000	2.016310
0.192000	0.733599
0.193000	2.115680
0.194000	2.928660
0.195000	2.124710
0.196000	2.621540
0.197000	1.365930
0.198000	1.257520
0.199000	2.495080
0.200000	2.395710
0.201000	2.206010
0.202000	1.582710
0.203000	0.832962
0.204000	1.393010
0.205000	1.727250
0.206000	1.853720
0.207000	1.221390
0.208000	0.787804
0.209000	0.814888
0.210000	0.760701
0.211000	0.742627
0.212000	0.787804
0.213000	0.345173
0.214000	0.832962
0.215000	0.760701
0.216000	0.580030
0.217000	0.715524
0.218000	0.580030
0.219000	0.724571
0.220000	0.941354
0.221000	1.194290
0.222000	1.438190
0.223000	1.429160
0.224000	1.483350
0.225000	1.501420
0.226000	1.528530
0.227000	0.896195
0.228000	2.160840
0.229000	3.542920
0.230000	1.031690
0.231000	2.368610
0.232000	1.853720
0.233000	2.422800
0.234000	3.289980
0.235000	2.495080
0.236000	3.073200
0.237000	2.215040
0.238000	1.347850
0.239000	-0.829152
0.240000	-1.624080
0.241000	0.688422
0.242000	2.142780
0.243000	-1.181450
0.244000	0.254837
0.245000	0.823934
0.246000	-0.278129
0.247000	-0.305213
0.248000	-0.738816
0.249000	-0.910441
0.250000	1.555610
0.251000	0.236763
0.252000	-2.391880
0.253000	-0.910441
0.254000	1.031690
0.255000	-2.979060
0.256000	-3.593310
0.257000	-1.479540
0.258000	-3.539110
0.259000	-3.484900
0.260000	-1.109170
0.261000	-2.843540
0.262000	-1.515670
0.263000	-0.738816
0.264000	-2.482220
0.265000	-1.615030
0.266000	-0.034225
0.267000	-0.802049
0.268000	0.119343
0.269000	1.094920
0.270000	1.266550
0.271000	1.898880
0.272000	2.585410
0.273000	2.495080
0.274000	2.766060
0.275000	3.262900
0.276000	2.522180
0.277000	2.693800
0.278000	2.829300
0.279000	2.847370
0.280000	2.982870
0.281000	2.982870
0.282000	2.242140
0.283000	2.341510
0.284000	2.540230
0.285000	2.901560
0.286000	3.127390
0.287000	2.964790
0.288000	2.684780
0.289000	2.233120
0.290000	2.196970
0.291000	1.989210
0.292000	1.456250
0.293000	1.573680
0.294000	1.636920
0.295000	1.239460
0.296000	1.573680
0.297000	1.537550
0.298000	1.040720
0.299000	1.194290
0.300000	1.420120
0.301000	0.661338
0.302000	0.823934
0.303000	0.345173
0.304000	-0.278129
0.305000	-0.124561
0.306000	0.227735
0.307000	-0.223924
0.308000	-0.639453
0.309000	-1.018850
0.310000	-1.208550
0.311000	-1.091110
0.312000	-1.226610
0.313000	-1.669240
0.314000	-1.741500
0.315000	-1.533740
0.316000	-1.931200
0.317000	-2.030560
0.318000	-2.148000
0.319000	-2.157030
0.320000	-2.021530
0.321000	-2.138970
0.322000	-2.798380
0.323000	-2.572550
0.324000	-2.193160
0.325000	-1.904090
0.326000	-0.747844
0.327000	-1.922170
0.328000	-3.051320
0.329000	-2.391880
0.330000	-3.855270
0.331000	-2.464160
0.332000	-0.756891
0.333000	-1.976360
0.334000	-1.497610
0.335000	-0.865282
0.336000	-1.298870
0.337000	-0.612350
0.338000	-1.560850
0.339000	-2.599660
0.340000	-0.558145
0.341000	0.571002
0.342000	0.887167
0.343000	0.869093
0.344000	-0.567192
0.345000	-0.982720
0.346000	0.796832
0.347000	1.122020
0.348000	1.149130
0.349000	1.429160
0.350000	0.580030
0.351000	1.329780
0.352000	1.826620
0.353000	0.796832
0.354000	0.986531
0.355000	0.896195
0.356000	0.552928
0.357000	1.140100
0.358000	0.769729
0.359000	0.607133
0.360000	0.254837
0.361000	0.236763
0.362000	0.670366
0.363000	0.074166
0.364000	-0.404595
0.365000	-0.214896
0.366000	-1.280810
0.367000	-0.377493
0.368000	0.571002
0.369000	-0.919487
0.370000	-1.064010
0.371000	-0.928515
0.372000	-1.768600
0.373000	-0.928515
0.374000	-0.774947
0.375000	-1.714400
0.376000	-1.533740
0.377000	-1.606000
0.378000	-1.587930
0.379000	-1.353070
0.380000	-1.551800
0.381000	-1.786670
0.382000	-1.479540
0.383000	-1.316940
0.384000	-1.154340
0.385000	-1.407280
0.386000	-1.515670
0.387000	-1.244680
0.388000	-1.073040
0.389000	-0.811077
0.390000	-0.820105
0.391000	-1.145320
0.392000	-0.964646
0.393000	-0.783975
0.394000	-0.720742
0.395000	-0.639453
0.396000	-0.485884
0.397000	-0.512987
0.398000	-0.034225
0.399000	0.146446
0.400000	-0.052299
0.401000	-0.115533
0.402000	-0.269083
0.403000	-0.016151
0.404000	0.137399
0.405000	0.128371
0.406000	0.001905
0.407000	-0.287157
0.408000	-0.169719
0.409000	0.263865
0.410000	0.309042
0.411000	0.029008
0.412000	-0.106486
0.413000	-0.287157
0.414000	-0.106486
0.415000	0.182576
0.416000	-0.106486
0.417000	-0.232952
0.418000	-0.187794
0.419000	-0.576220
0.420000	-0.467828
0.421000	-0.630424
0.422000	-0.955618
0.423000	-0.793021
0.424000	-0.747844
0.425000	-0.865282
0.426000	-0.576220
0.427000	-0.666555
0.428000	-0.892385
0.429000	-0.765919
0.430000	-0.657509
0.431000	-0.512987
0.432000	-0.214896
0.433000	-0.838180
0.434000	-0.802049
0.435000	-0.467828
0.436000	-1.000780
0.437000	-0.747844
0.438000	-0.142617
0.439000	-1.316940
0.440000	-1.136270
0.441000	-0.937543
0.442000	-1.551800
0.443000	-0.458782
0.444000	-0.359418
0.445000	-1.407280
0.446000	-0.531043
0.447000	-0.413623
0.448000	-1.127240
0.449000	-0.260055
0.450000	-0.522015
0.451000	-1.298870
0.452000	-0.693658
0.453000	-0.973674
0.454000	-0.793021
0.455000	0.191604
0.456000	-0.350390
0.457000	-0.820105
0.458000	-0.576220
0.459000	-0.576220
0.460000	-0.440726
0.461000	0.083213
0.462000	-0.251027
0.463000	-0.494912
0.464000	-0.675583
0.465000	-0.711714
0.466000	-0.594276
0.467000	-0.214896
0.468000	-0.142617
0.469000	-0.007122
0.470000	-0.133589
0.471000	-0.368446
0.472000	-0.711714
0.473000	-0.368446
0.474000	0.083213
0.475000	-0.241980
0.476000	-0.341362
0.477000	-0.034225
0.478000	-0.522015
0.479000	-0.585248
0.480000	-0.431679
0.481000	-0.910441
0.482000	-0.594276
0.483000	-0.106486
0.484000	-0.666555
0.485000	-0.395549
0.486000	-0.088430
0.487000	-0.684611
0.488000	-0.169719
0.489000	-0.440726
0.490000	-0.756891
0.491000	-0.621378
0.492000	-0.359418
0.493000	-0.187794
0.494000	-0.287157
0.495000	-0.540089
0.496000	-0.793021
0.497000	-0.865282
0.498000	-0.449754
0.499000	-0.205850
0.500000	-0.187794
0.501000	-0.043253
0.502000	-0.314260
0.503000	-0.151663
0.504000	-0.106486
0.505000	-0.503959
0.506000	-0.287157
0.507000	-0.178766
0.508000	-0.549117
0.509000	-0.070355
0.510000	-0.404595
0.511000	-0.729788
0.512000	0.001905
0.513000	-0.341362
0.514000	-0.485884
0.515000	0.029008
0.516000	-0.503959
0.517000	-0.540089
0.518000	0.218707
0.519000	-0.088430
0.520000	-0.467828
0.521000	-0.251027
0.522000	-0.702686
0.523000	-0.585248
0.524000	-0.061327
0.525000	-0.603322
0.526000	-0.729788
0.527000	-0.251027
0.528000	-0.458782
0.529000	-0.431679
0.530000	-0.377493
0.531000	-0.603322
0.532000	-0.558145
0.533000	-0.052299
0.534000	-0.368446
0.535000	-0.341362
0.536000	-0.422651
0.537000	-0.458782
0.538000	-0.467828
0.539000	-0.386521
0.540000	-0.494912
0.541000	-0.449754
0.542000	-0.178766
0.543000	-0.187794
0.544000	-0.287157
0.545000	-0.106486
0.546000	-0.232952
0.547000	-0.413623
0.548000	-0.106486
0.549000	-0.115533
0.550000	-0.160691
0.551000	0.010933
0.552000	-0.223924
0.553000	-0.341362
0.554000	-0.070355
0.555000	-0.332316
0.556000	-0.251027
0.557000	-0.151663
0.558000	-0.115533
0.559000	-0.106486
0.560000	-0.178766
0.561000	0.065138
0.562000	-0.214896
0.563000	-0.169719
0.564000	-0.603322
0.565000	-0.711714
0.566000	-0.630424
0.567000	-0.549117
0.568000	-0.540089
0.569000	-0.332316
0.570000	-0.494912
0.571000	-0.603322
0.572000	-0.675583
0.573000	-0.756891
0.574000	-0.612350
0.575000	-0.386521
0.576000	-0.214896
0.577000	-0.395549
0.578000	-0.603322
0.579000	-0.558145
0.580000	-0.847208
0.581000	-0.386521
0.582000	-0.503959
0.583000	-0.675583
0.584000	-0.377493
0.585000	-0.467828
0.586000	-0.485884
0.587000	-0.251027
0.588000	-0.558145
0.589000	-0.476856
0.590000	-0.169719
0.591000	-0.476856
0.592000	-0.404595
0.593000	-0.377493
0.594000	-0.485884
0.595000	-0.368446
0.596000	-0.323288
0.597000	-0.657509
0.598000	-0.657509
0.599000	-0.386521
0.600000	-0.386521
0.601000	-0.269083
0.602000	-0.449754
0.603000	-0.657509
0.604000	-0.756891
0.605000	-0.395549
0.606000	-0.458782
0.607000	-0.567192
0.608000	-0.612350
0.609000	-0.693658
0.610000	-0.702686
0.611000	-0.503959
0.612000	-0.774947
0.613000	-0.829152
0.614000	-0.765919
0.615000	-0.973674
0.616000	-0.711714
0.617000	-0.738816
0.618000	-0.982720
0.619000	-0.666555
0.620000	-0.883338
0.621000	-0.937543
0.622000	-0.720742
0.623000	-1.064010
0.624000	-1.208550
0.625000	-0.793021
0.626000	-0.937543
0.627000	-1.082080
0.628000	-0.865282
0.629000	-0.892385
0.630000	-0.847208
0.631000	-0.829152
0.632000	-0.774947
0.633000	-1.054980
0.634000	-0.820105
0.635000	-0.549117
0.636000	-0.883338
0.637000	-0.829152
0.638000	-0.585248
0.639000	-0.675583
0.640000	-0.856254
0.641000	-0.756891
0.642000	-0.639453
0.643000	-0.874310
0.644000	-0.485884
0.645000	-0.278129
0.646000	-0.802049
0.647000	-0.458782
0.648000	-0.314260
0.649000	-0.747844
0.650000	-0.783975
0.651000	-0.802049
0.652000	-0.720742
0.653000	-0.540089
0.654000	-0.531043
0.655000	-0.657509
0.656000	-0.811077
0.657000	-0.738816
0.658000	-0.693658
0.659000	-0.648480
0.660000	-0.693658
0.661000	-0.955618
0.662000	-0.973674
0.663000	-0.684611
0.664000	-0.693658
0.665000	-1.045950
0.666000	-1.064010
0.667000	-0.991748
0.668000	-0.847208
0.669000	-0.856254
0.670000	-0.964646
0.671000	-1.064010
0.672000	-1.064010
0.673000	-0.793021
0.674000	-0.621378
0.675000	-0.883338
0.676000	-1.036910
0.677000	-1.073040
0.678000	-0.910441
0.679000	-0.576220
0.680000	-0.910441
0.681000	-1.163370
0.682000	-0.883338
0.683000	-0.567192
0.684000	-0.711714
0.685000	-0.756891
0.686000	-0.765919
0.687000	-0.883338
0.688000	-0.729788
0.689000	-0.287157
0.690000	-0.639453
0.691000	-0.991748
0.692000	-0.702686
0.693000	-0.657509
0.694000	-0.621378
0.695000	-0.522015
0.696000	-0.883338
0.697000	-0.955618
0.698000	-0.368446
0.699000	-0.648480
0.700000	-0.874310
0.701000	-0.702686
0.702000	-0.937543
0.703000	-0.783975
0.704000	-0.205850
0.705000	-0.684611
0.706000	-1.217580
0.707000	-0.937543
0.708000	-0.865282
0.709000	-0.973674
0.710000	-0.901413
0.711000	-1.226610
0.712000	-1.226610
0.713000	-0.639453
0.714000	-0.747844
0.715000	-1.163370
0.716000	-1.172400
0.717000	-1.307910
0.718000	-1.226610
0.719000	-0.865282
0.720000	-1.100140
0.721000	-1.497610
0.722000	-1.253710
0.723000	-1.045950
0.724000	-1.154340
0.725000	-1.271780
0.726000	-1.416300
0.727000	-1.289840
0.728000	-1.009800
0.729000	-1.009800
0.730000	-1.073040
0.731000	-1.172400
0.732000	-1.280810
0.733000	-1.082080
0.734000	-0.964646
0.735000	-1.154340
0.736000	-1.253710
0.737000	-1.181450
0.738000	-1.054980
0.739000	-0.856254
0.740000	-0.982720
0.741000	-1.154340
0.742000	-1.000780
0.743000	-0.955618
0.744000	-0.991748
0.745000	-0.892385
0.746000	-1.054980
0.747000	-1.163370
0.748000	-0.946571
0.749000	-0.973674
0.750000	-1.091110
0.751000	-1.054980
0.752000	-1.127240
0.753000	-1.172400
0.754000	-0.973674
0.755000	-1.000780
0.756000	-1.082080
0.757000	-1.054980
0.758000	-1.045950
0.759000	-1.036910
0.760000	-0.955618
0.761000	-1.082080
0.762000	-1.217580
0.763000	-1.145320
0.764000	-0.982720
0.765000	-1.000780
0.766000	-1.054980
0.767000	-1.018850
0.768000	-1.009800
0.769000	-0.883338
0.770000	-0.765919
0.771000	-0.856254
0.772000	-0.919487
0.773000	-0.847208
0.774000	-0.802049
0.775000	-0.802049
0.776000	-0.820105
0.777000	-0.883338
0.778000	-0.793021
0.779000	-0.648480
0.780000	-0.639453
0.781000	-0.702686
0.782000	-0.684611
0.783000	-0.675583
0.784000	-0.621378
0.785000	-0.594276
0.786000	-0.594276
0.787000	-0.585248
0.788000	-0.639453
0.789000	-0.621378
0.790000	-0.558145
0.791000	-0.675583
0.792000	-0.702686
0.793000	-0.621378
0.794000	-0.630424
0.795000	-0.612350
0.796000	-0.512987
0.797000	-0.603322
0.798000	-0.738816
0.799000	-0.693658
0.800000	-0.765919
0.801000	-0.856254
0.802000	-0.783975
0.803000	-0.937543
0.804000	-0.946571
0.805000	-0.693658
0.806000	-0.802049
0.807000	-0.982720
0.808000	-0.856254
0.809000	-0.955618
0.810000	-1.045950
0.811000	-0.865282
0.812000	-1.036910
0.813000	-1.100140
0.814000	-0.955618
0.815000	-1.009800
0.816000	-0.991748
0.817000	-0.946571
0.818000	-1.064010
0.819000	-1.091110
0.820000	-1.027880
0.821000	-1.091110
0.822000	-1.082080
0.823000	-1.073040
0.824000	-1.109170
0.825000	-1.036910
0.826000	-0.982720
0.827000	-1.036910
0.828000	-1.027880
0.829000	-1.045950
0.830000	-1.027880
0.831000	-1.082080
0.832000	-0.982720
0.833000	-0.964646
0.834000	-1.073040
0.835000	-1.091110
0.836000	-1.054980
0.837000	-1.064010
0.838000	-1.073040
0.839000	-0.964646
0.840000	-1.091110
0.841000	-1.109170
0.842000	-0.883338
0.843000	-1.100140
0.844000	-1.154340
0.845000	-0.883338
0.846000	-1.091110
0.847000	-1.027880
0.848000	-0.910441
0.849000	-1.064010
0.850000	-1.100140
0.851000	-1.000780
0.852000	-1.064010
0.853000	-1.009800
0.854000	-0.883338
0.855000	-0.973674
0.856000	-0.973674
0.857000	-0.874310
0.858000	-1.091110
0.859000	-1.027880
0.860000	-0.901413
0.861000	-1.054980
0.862000	-0.937543
0.863000	-0.711714
0.864000	-0.946571
0.865000	-0.937543
0.866000	-0.865282
0.867000	-1.036910
0.868000	-0.883338
0.869000	-0.838180
0.870000	-0.964646
0.871000	-0.802049
0.872000	-0.919487
0.873000	-1.036910
0.874000	-0.811077
0.875000	-0.838180
0.876000	-0.973674
0.877000	-0.883338
0.878000	-0.928515
0.879000	-0.973674
0.880000	-0.738816
0.881000	-1.054980
0.882000	-1.172400
0.883000	-0.856254
0.884000	-0.928515
0.885000	-1.082080
0.886000	-0.919487
0.887000	-1.118210
0.888000	-1.082080
0.889000	-0.820105
0.890000	-1.109170
0.891000	-1.127240
0.892000	-1.000780
0.893000	-1.181450
0.894000	-1.091110
0.895000	-1.045950
0.896000	-1.217580
0.897000	-1.145320
0.898000	-1.217580
0.899000	-1.136270
0.900000	-1.109170
0.901000	-1.172400
0.902000	-1.208550
0.903000	-1.045950
0.904000	-1.064010
0.905000	-1.244680
0.906000	-1.226610
0.907000	-1.190480
0.908000	-1.344040
0.909000	-1.190480
0.910000	-1.154340
0.911000	-1.434380
0.912000	-1.253710
0.913000	-1.136270
0.914000	-1.307910
0.915000	-1.172400
0.916000	-1.217580
0.917000	-1.244680
0.918000	-1.136270
0.919000	-1.262740
0.920000	-1.542770
0.921000	-1.280810
0.922000	-1.163370
0.923000	-1.470510
0.924000	-1.181450
0.925000	-1.280810
0.926000	-1.470510
0.927000	-0.919487
0.928000	-1.271780
0.929000	-1.587930
0.930000	-1.009800
0.931000	-1.325970
0.932000	-1.425330
0.933000	-0.955618
0.934000	-1.497610
0.935000	-1.615030
0.936000	-0.919487
0.937000	-1.289840
0.938000	-1.353070
0.939000	-1.172400
0.940000	-1.262740
0.941000	-1.244680
0.942000	-1.027880
0.943000	-1.235630
0.944000	-1.407280
0.945000	-1.172400
0.946000	-1.335020
0.947000	-1.362100
0.948000	-1.118210
0.949000	-1.325970
0.950000	-1.443410
0.951000	-1.226610
0.952000	-1.136270
0.953000	-1.533740
0.954000	-1.298870
0.955000	-1.145320
0.956000	-1.488570
0.957000	-1.380170
0.958000	-1.036910
0.959000	-1.569870
0.960000	-1.678260
0.961000	-1.244680
0.962000	-1.479540
0.963000	-1.660210
0.964000	-1.271780
0.965000	-1.244680
0.966000	-1.064010
0.967000	-0.332316
0.968000	-1.036910
0.969000	-1.027880
0.970000	-0.621378
0.971000	-1.226610
0.972000	-1.497610
0.973000	-1.018850
0.974000	-1.533740
0.975000	-1.660210
0.976000	-1.064010
0.977000	-1.091110
0.978000	-1.163370
0.979000	-0.892385
0.980000	-1.000780
0.981000	-1.362100
0.982000	-1.145320
0.983000	-1.154340
0.984000	-1.470510
0.985000	-1.714400
0.986000	-1.380170
0.987000	-1.488570
0.988000	-1.497610
0.989000	-1.163370
0.990000	-1.181450
0.991000	-1.371150
0.992000	-1.226610
0.993000	-1.045950
0.994000	-1.380170
0.995000	-1.443410
0.996000	-1.000780
0.997000	-1.235630
0.998000	-1.307910
0.999000	-1.082080
1.000000	-1.335020
1.001000	-1.452440
1.002000	-1.064010
1.003000	-1.136270
1.004000	-1.497610
1.005000	-1.064010
1.006000	-1.208550
1.007000	-1.569870
1.008000	-1.091110
1.009000	-1.172400
1.010000	-1.723440
1.011000	-1.307910
1.012000	-1.335020
1.013000	-1.642130
1.014000	-1.325970
1.015000	-1.425330
1.016000	-1.795700
1.017000	-1.389200
1.018000	-1.434380
1.019000	-1.732470
1.020000	-1.479540
1.021000	-1.091110
1.022000	-1.434380
1.023000	-1.289840
1.024000	-0.874310
1.025000	-1.082080
1.026000	-1.027880
1.027000	-0.675583
1.028000	-0.675583
1.029000	-0.955618
1.030000	-0.639453
1.031000	-0.269083
1.032000	-0.278129
1.033000	-0.612350
1.034000	-0.485884
1.035000	-0.765919
1.036000	-0.503959
1.037000	-0.142617
1.038000	-0.702686
1.039000	-0.829152
1.040000	-0.214896
1.041000	-0.422651
1.042000	-0.296185
1.043000	-0.097458
1.044000	-0.531043
1.045000	-0.485884
1.046000	-0.323288
1.047000	-0.458782
1.048000	-0.350390
1.049000	-0.151663
1.050000	-0.431679
1.051000	-0.278129
1.052000	-0.088430
1.053000	-0.061327
1.054000	-0.088430
1.055000	-0.115533
1.056000	-0.196822
1.057000	-0.269083
1.058000	-0.079383
1.059000	-0.088430
1.060000	-0.368446
1.061000	-0.368446
1.062000	-0.097458
1.063000	-0.097458
1.064000	-0.061327
1.065000	0.065138
1.066000	-0.106486
1.067000	-0.187794
1.068000	0.001905
1.069000	-0.034225
1.070000	-0.160691
1.071000	-0.178766
1.072000	-0.187794
1.073000	-0.151663
1.074000	0.074166
1.075000	-0.052299
1.076000	-0.169719
1.077000	-0.106486
1.078000	-0.088430
1.079000	-0.232952
1.080000	-0.088430
1.081000	-0.142617
1.082000	-0.368446
1.083000	-0.260055
1.084000	-0.133589
1.085000	-0.133589
1.086000	-0.052299
1.087000	-0.260055
1.088000	-0.296185
1.089000	0.001905
1.090000	-0.079383
1.091000	-0.314260
1.092000	-0.205850
1.093000	-0.205850
1.094000	-0.142617
1.095000	-0.025197
1.096000	-0.205850
1.097000	-0.178766
1.098000	0.010933
1.099000	-0.260055
1.100000	-0.151663
1.101000	-0.043253
1.102000	-0.314260
1.103000	-0.214896
1.104000	0.001905
1.105000	-0.214896
1.106000	-0.332316
1.107000	-0.115533
1.108000	-0.296185
1.109000	-0.178766
1.110000	-0.196822
1.111000	-0.305213
1.112000	-0.214896
1.113000	-0.142617
1.114000	-0.305213
1.115000	-0.214896
1.116000	-0.196822
1.117000	-0.314260
1.118000	-0.214896
1.119000	-0.169719
1.120000	-0.296185
1.121000	-0.269083
1.122000	-0.178766
1.123000	-0.287157
1.124000	-0.205850
1.125000	-0.133589
1.126000	-0.097458
1.127000	-0.187794
1.128000	-0.160691
1.129000	-0.160691
1.130000	-0.169719
1.131000	-0.124561
1.132000	-0.097458
1.133000	-0.106486
1.134000	-0.016151
1.135000	-0.061327
1.136000	-0.124561
1.137000	0.019980
1.138000	0.019980
1.139000	-0.124561
1.140000	0.056111
1.141000	0.128371
1.142000	0.010933
1.143000	0.010933
1.144000	0.056111
1.145000	0.038036
1.146000	0.092241
1.147000	0.038036
1.148000	-0.007122
1.149000	0.119343
1.150000	0.092241
1.151000	-0.016151
1.152000	0.056111
1.153000	0.065138
1.154000	-0.061327
1.155000	-0.016151
1.156000	0.019980
1.157000	-0.079383
1.158000	-0.115533
1.159000	-0.052299
1.160000	-0.052299
1.161000	-0.070355
1.162000	-0.088430
1.163000	-0.106486
1.164000	-0.142617
1.165000	-0.151663
1.166000	-0.160691
1.167000	-0.169719
1.168000	-0.187794
1.169000	-0.196822
1.170000	-0.169719
1.171000	-0.124561
1.172000	-0.151663
1.173000	-0.133589
1.174000	-0.196822
1.175000	-0.133589
1.176000	-0.115533
1.177000	-0.133589
1.178000	-0.088430
1.179000	-0.160691
1.180000	-0.142617
1.181000	-0.070355
1.182000	-0.061327
1.183000	-0.178766
1.184000	-0.115533
1.185000	-0.043253
1.186000	-0.070355
1.187000	-0.034225
1.188000	-0.034225
1.189000	-0.169719
1.190000	-0.187794
1.191000	-0.088430
1.192000	-0.151663
1.193000	-0.124561
1.194000	-0.133589
1.195000	-0.205850
1.196000	-0.151663
1.197000	-0.025197
1.198000	-0.232952
1.199000	-0.260055
1.200000	-0.169719
1.201000	-0.178766
1.202000	-0.232952
1.203000	-0.205850
1.204000	-0.278129
1.205000	-0.314260
1.206000	-0.232952
1.207000	-0.269083
1.208000	-0.314260
1.209000	-0.251027
1.210000	-0.368446
1.211000	-0.341362
1.212000	-0.287157
1.213000	-0.359418
1.214000	-0.350390
1.215000	-0.341362
1.216000	-0.359418
1.217000	-0.359418
1.218000	-0.269083
1.219000	-0.341362
1.220000	-0.404595
1.221000	-0.350390
1.222000	-0.314260
1.223000	-0.232952
1.224000	-0.278129
1.225000	-0.341362
1.226000	-0.287157
1.227000	-0.278129
1.228000	-0.287157
1.229000	-0.223924
1.230000	-0.314260
1.231000	-0.350390
1.232000	-0.296185
1.233000	-0.241980
1.234000	-0.214896
1.235000	-0.205850
1.236000	-0.332316
1.237000	-0.214896
1.238000	-0.205850
1.239000	-0.305213
1.240000	-0.241980
1.241000	-0.341362
1.242000	-0.350390
1.243000	-0.323288
1.244000	-0.260055
1.245000	-0.251027
1.246000	-0.404595
1.247000	-0.287157
1.248000	-0.287157
1.249000	-0.368446
1.250000	-0.169719
1.251000	-0.341362
1.252000	-0.540089
1.253000	-0.223924
1.254000	-0.350390
1.255000	-0.494912
1.256000	-0.232952
1.257000	-0.314260
1.258000	-0.503959
1.259000	-0.151663
1.260000	-0.278129
1.261000	-0.476856
1.262000	-0.214896
1.263000	-0.359418
1.264000	-0.413623
1.265000	-0.160691
1.266000	-0.314260
1.267000	-0.431679
1.268000	-0.169719
1.269000	-0.287157
1.270000	-0.314260
1.271000	-0.205850
1.272000	-0.287157
1.273000	-0.305213
1.274000	-0.187794
1.275000	-0.187794
1.276000	-0.305213
1.277000	-0.160691
1.278000	-0.305213
1.279000	-0.241980
1.280000	-0.187794
1.281000	-0.260055
1.282000	-0.287157
1.283000	-0.124561
1.284000	-0.241980
1.285000	-0.278129
1.286000	-0.223924
1.287000	-0.341362
1.288000	-0.223924
1.289000	-0.214896
1.290000	-0.314260
1.291000	-0.323288
1.292000	-0.178766
1.293000	-0.269083
1.294000	-0.251027
1.295000	-0.232952
1.296000	-0.232952
1.297000	-0.359418
1.298000	-0.151663
1.299000	-0.278129
1.300000	-0.404595
1.301000	-0.187794
1.302000	-0.269083
1.303000	-0.287157
1.304000	-0.187794
1.305000	-0.287157
1.306000	-0.269083
1.307000	-0.169719
1.308000	-0.359418
1.309000	-0.214896
1.310000	-0.187794
1.311000	-0.341362
1.312000	-0.323288
1.313000	-0.178766
1.314000	-0.269083
1.315000	-0.305213
1.316000	-0.187794
1.317000	-0.305213
1.318000	-0.223924
1.319000	-0.169719
1.320000	-0.413623
1.321000	-0.205850
1.322000	-0.214896
1.323000	-0.377493
1.324000	-0.115533
1.325000	-0.205850
1.326000	-0.431679
1.327000	-0.223924
1.328000	-0.151663
1.329000	-0.133589
1.330000	-0.052299
1.331000	-0.359418
1.332000	-0.431679
1.333000	-0.133589
1.334000	-0.332316
1.335000	-0.359418
1.336000	-0.314260
1.337000	-0.395549
1.338000	-0.232952
1.339000	-0.052299
1.340000	-0.034225
1.341000	-0.314260
1.342000	-0.296185
1.343000	-0.169719
1.344000	-0.251027
1.345000	-0.386521
1.346000	-0.377493
1.347000	-0.305213
1.348000	-0.287157
1.349000	-0.205850
1.350000	-0.205850
1.351000	-0.440726
1.352000	-0.323288
1.353000	-0.160691
1.354000	-0.178766
1.355000	-0.205850
1.356000	-0.422651
1.357000	-0.494912
1.358000	-0.251027
1.359000	-0.251027
1.360000	-0.314260
1.361000	-0.323288
1.362000	-0.422651
1.363000	-0.314260
1.364000	-0.061327
1.365000	-0.205850
1.366000	-0.332316
1.367000	-0.251027
1.368000	-0.350390
1.369000	-0.251027
1.370000	-0.178766
1.371000	-0.359418
1.372000	-0.287157
1.373000	-0.296185
1.374000	-0.260055
1.375000	-0.151663
1.376000	-0.241980
1.377000	-0.223924
1.378000	-0.160691
1.379000	-0.223924
1.380000	-0.061327
1.381000	-0.133589
1.382000	-0.214896
1.383000	0.038036
1.384000	-0.070355
1.385000	-0.205850
1.386000	-0.178766
1.387000	-0.540089
1.388000	-0.232952
1.389000	-0.007122
1.390000	-0.214896
1.391000	0.029008
1.392000	0.056111
1.393000	-0.223924
1.394000	-0.007122
1.395000	0.047082
1.396000	-0.151663
1.397000	-0.142617
1.398000	-0.142617
1.399000	-0.169719
1.400000	0.047082
1.401000	-0.007122
1.402000	-0.061327
1.403000	-0.025197
1.404000	-0.079383
1.405000	0.019980
1.406000	0.137399
1.407000	-0.061327
1.408000	-0.070355
1.409000	0.001905
1.410000	-0.034225
1.411000	0.155474
1.412000	0.119343
1.413000	-0.088430
1.414000	-0.016151
1.415000	0.110297
1.416000	0.047082
1.417000	0.083213
1.418000	0.074166
1.419000	0.010933
1.420000	0.137399
1.421000	0.227735
1.422000	0.128371
1.423000	0.101269
1.424000	0.038036
1.425000	0.074166
1.426000	0.128371
1.427000	0.155474
1.428000	0.010933
1.429000	-0.025197
1.430000	0.038036
1.431000	0.065138
1.432000	0.065138
1.433000	0.038036
1.434000	-0.016151
1.435000	0.010933
1.436000	0.164502
1.437000	0.056111
1.438000	-0.043253
1.439000	0.010933
1.440000	-0.052299
1.441000	0.065138
1.442000	0.263865
1.443000	-0.025197
1.444000	-0.124561
1.445000	0.092241
1.446000	0.056111
1.447000	-0.278129
1.448000	-0.232952
1.449000	-0.043253
1.450000	-0.070355
1.451000	0.272912
1.452000	0.381303
1.453000	0.001905
1.454000	-0.052299
1.455000	0.047082
1.456000	-0.106486
1.457000	-0.088430
1.458000	-0.097458
1.459000	-0.251027
1.460000	-0.151663
1.461000	0.074166
1.462000	0.092241
1.463000	0.038036
1.464000	-0.025197
1.465000	-0.070355
1.466000	-0.043253
1.467000	0.001905
1.468000	-0.070355
1.469000	-0.205850
1.470000	-0.151663
1.471000	-0.061327
1.472000	-0.016151
1.473000	0.010933
1.474000	0.001905
1.475000	-0.034225
1.476000	0.010933
1.477000	0.092241
1.478000	0.038036
1.479000	0.001905
1.480000	0.001905
1.481000	0.029008
1.482000	0.092241
1.483000	0.164502
1.484000	0.146446
1.485000	0.092241
1.486000	0.155474
1.487000	0.218707
1.488000	0.218707
1.489000	0.173530
1.490000	0.173530
1.491000	0.110297
1.492000	0.155474
1.493000	0.254837
1.494000	0.200632
1.495000	0.182576
1.496000	0.227735
1.497000	0.236763
1.498000	0.263865
1.499000	0.309042
1.500000	0.164502
1.501000	0.119343
1.502000	0.227735
1.503000	0.191604
1.504000	0.173530
1.505000	0.218707
1.506000	0.173530
1.507000	0.164502
1.508000	0.318070
1.509000	0.272912
1.510000	0.236763
1.511000	0.236763
1.512000	0.164502
1.513000	0.128371
1.514000	0.299996
1.515000	0.227735
1.516000	0.092241
1.517000	0.209679
1.518000	0.290968
1.519000	0.272912
1.520000	0.336145
1.521000	0.263865
1.522000	0.218707
1.523000	0.354201
1.524000	0.345173
1.525000	0.290968
1.526000	0.272912
1.527000	0.290968
1.528000	0.263865
1.529000	0.309042
1.530000	0.345173
1.531000	0.327098
1.532000	0.272912
1.533000	0.336145
1.534000	0.399359
1.535000	0.299996
1.536000	0.309042
1.537000	0.290968
1.538000	0.227735
1.539000	0.281940
1.540000	0.336145
1.541000	0.272912
1.542000	0.245809
1.543000	0.299996
1.544000	0.318070
1.545000	0.272912
1.546000	0.327098
1.547000	0.227735
1.548000	0.128371
1.549000	0.281940
1.550000	0.272912
1.551000	0.146446
1.552000	0.182576
1.553000	0.281940
1.554000	0.209679
1.555000	0.209679
1.556000	0.254837
1.557000	-0.043253
1.558000	-0.025197
1.559000	0.263865
1.560000	0.164502
1.561000	0.164502
1.562000	0.272912
1.563000	0.164502
1.564000	0.182576
1.565000	0.327098
1.566000	0.254837
1.567000	0.101269
1.568000	0.164502
1.569000	0.263865
1.570000	0.083213
1.571000	0.182576
1.572000	0.290968
1.573000	0.074166
1.574000	0.164502
1.575000	0.489695
1.576000	0.263865
1.577000	0.209679
1.578000	0.498741
1.579000	0.408406
1.580000	0.092241
1.581000	0.336145
1.582000	0.309042
1.583000	0.137399
1.584000	0.245809
1.585000	0.272912
1.586000	0.218707
1.587000	0.218707
1.588000	0.299996
1.589000	0.354201
1.590000	0.309042
1.591000	0.327098
1.592000	0.363229
1.593000	0.209679
1.594000	0.254837
1.595000	0.218707
1.596000	0.001905
1.597000	0.236763
1.598000	0.309042
1.599000	0.019980
1.600000	0.272912
1.601000	0.327098
1.602000	0.137399
1.603000	0.399359
1.604000	0.299996
1.605000	0.056111
1.606000	0.336145
1.607000	0.345173
1.608000	0.137399
1.609000	0.173530
1.610000	0.182576
1.611000	0.164502
1.612000	0.281940
1.613000	0.272912
1.614000	0.164502
1.615000	0.245809
1.616000	0.263865
1.617000	0.281940
1.618000	0.236763
1.619000	0.272912
1.620000	0.281940
1.621000	0.281940
1.622000	0.363229
1.623000	0.327098
1.624000	0.191604
1.625000	0.354201
1.626000	0.390331
1.627000	0.318070
1.628000	0.336145
1.629000	0.309042
1.630000	0.336145
1.631000	0.417434
1.632000	0.453564
1.633000	0.290968
1.634000	0.345173
1.635000	0.435508
1.636000	0.471639
1.637000	0.363229
1.638000	0.372275
1.639000	0.408406
1.640000	0.299996
1.641000	0.336145
1.642000	0.453564
1.643000	0.345173
1.644000	0.254837
1.645000	0.417434
1.646000	0.417434
1.647000	0.227735
1.648000	0.354201
1.649000	0.336145
1.650000	0.245809
1.651000	0.480667
1.652000	0.435508
1.653000	0.263865
1.654000	0.354201
1.655000	0.309042
1.656000	0.345173
1.657000	0.363229
1.658000	0.281940
1.659000	0.209679
1.660000	0.354201
1.661000	0.336145
1.662000	0.372275
1.663000	0.426462
1.664000	0.363229
1.665000	0.390331
1.666000	0.399359
1.667000	0.435508
1.668000	0.399359
1.669000	0.354201
1.670000	0.354201
1.671000	0.381303
1.672000	0.363229
1.673000	0.372275
1.674000	0.399359
1.675000	0.417434
1.676000	0.408406
1.677000	0.534872
1.678000	0.507769
1.679000	0.471639
1.680000	0.489695
1.681000	0.489695
1.682000	0.435508
1.683000	0.471639
1.684000	0.444536
1.685000	0.399359
1.686000	0.417434
1.687000	0.390331
1.688000	0.363229
1.689000	0.435508
1.690000	0.435508
1.691000	0.399359
1.692000	0.462592
1.693000	0.498741
1.694000	0.471639
1.695000	0.471639
1.696000	0.390331
1.697000	0.381303
1.698000	0.399359
1.699000	0.381303
1.700000	0.408406
1.701000	0.345173
1.702000	0.318070
1.703000	0.363229
1.704000	0.480667
1.705000	0.453564
1.706000	0.435508
1.707000	0.471639
1.708000	0.489695
1.709000	0.507769
1.710000	0.525825
1.711000	0.399359
1.712000	0.426462
1.713000	0.435508
1.714000	0.408406
1.715000	0.435508
1.716000	0.417434
1.717000	0.426462
1.718000	0.543900
1.719000	0.589058
1.720000	0.616161
1.721000	0.670366
1.722000	0.625207
1.723000	0.643263
1.724000	0.679394
1.725000	0.616161
1.726000	0.580030
1.727000	0.643263
1.728000	0.616161
1.729000	0.688422
1.730000	0.688422
1.731000	0.652291
1.732000	0.670366
1.733000	0.715524
1.734000	0.724571
1.735000	0.715524
1.736000	0.733599
1.737000	0.688422
1.738000	0.706496
1.739000	0.733599
1.740000	0.679394
1.741000	0.580030
1.742000	0.607133
1.743000	0.688422
1.744000	0.688422
1.745000	0.706496
1.746000	0.760701
1.747000	0.715524
1.748000	0.751655
1.749000	0.787804
1.750000	0.751655
1.751000	0.724571
1.752000	0.751655
1.753000	0.715524
1.754000	0.688422
1.755000	0.742627
1.756000	0.733599
1.757000	0.670366
1.758000	0.760701
1.759000	0.805860
1.760000	0.851037
1.761000	0.823934
1.762000	0.832962
1.763000	0.878121
1.764000	0.841990
1.765000	0.841990
1.766000	0.851037
1.767000	0.823934
1.768000	0.832962
1.769000	0.869093
1.770000	0.823934
1.771000	0.841990
1.772000	0.887167
1.773000	0.832962
1.774000	0.860065
1.775000	0.986531
1.776000	0.950400
1.777000	0.887167
1.778000	0.950400
1.779000	0.914270
1.780000	0.787804
1.781000	0.823934
1.782000	0.841990
1.783000	0.832962
1.784000	0.869093
1.785000	0.805860
1.786000	0.923298
1.787000	1.194290
1.788000	0.905223
1.789000	0.742627
1.790000	0.679394
1.791000	0.299996
1.792000	0.128371
1.793000	0.001905
1.794000	-0.413623
1.795000	-0.603322
1.796000	-0.711714
1.797000	-0.883338
1.798000	-1.009800
1.799000	-1.091110
1.800000	-1.154340
1.801000	-1.054980
1.802000	-1.226610
1.803000	-1.262740
1.804000	-1.000780
1.805000	-1.280810
1.806000	-1.217580
1.807000	-1.027880
1.808000	-1.136270
1.809000	-1.208550
1.810000	-1.118210
1.811000	-1.335020
1.812000	-1.389200
1.813000	-1.244680
1.814000	-1.036910
1.815000	-1.307910
1.816000	-1.217580
1.817000	-0.684611
1.818000	-0.802049
1.819000	-1.018850
1.820000	-0.494912
1.821000	-0.503959
1.822000	-0.522015
1.823000	-0.223924
1.824000	-0.323288
1.825000	-0.196822
1.826000	-0.088430
1.827000	-0.178766
1.828000	-0.097458
1.829000	0.200632
1.830000	0.065138
1.831000	0.182576
1.832000	0.245809
1.833000	0.209679
1.834000	0.191604
1.835000	0.227735
1.836000	0.254837
1.837000	0.227735
1.838000	0.218707
1.839000	0.290968
1.840000	0.327098
1.841000	0.281940
1.842000	0.336145
1.843000	0.290968
1.844000	0.236763
1.845000	-3.575240
1.846000	-11.018600
1.847000	-5.390920
1.848000	10.579800
1.849000	1.429160
1.850000	-5.318660
1.851000	4.021680
1.852000	-2.798380
1.853000	-7.314990
1.854000	7.391060
1.855000	2.928660
1.856000	-10.603100
1.857000	-1.913140
1.858000	8.709910
1.859000	-0.567192
1.860000	-2.057660
1.861000	2.431840
1.862000	-3.502980
1.863000	-4.921190
1.864000	9.008020
1.865000	-1.100140
1.866000	-7.802780
1.867000	2.901560
1.868000	6.189660
1.869000	-2.120900
1.870000	-1.136270
1.871000	1.131050
1.872000	-5.174120
1.873000	1.682080
1.874000	3.253850
1.875000	0.065138
1.876000	-2.256390
1.877000	3.280960
1.878000	2.106650
1.879000	-1.551800
1.880000	-0.820105
1.881000	0.688422
1.882000	-0.820105
1.883000	-0.540089
1.884000	3.651330
1.885000	1.510450
1.886000	-2.057660
1.887000	1.664020
1.888000	-0.476856
1.889000	-3.168750
1.890000	2.820270
1.891000	3.660350
1.892000	-1.524700
1.893000	0.019980
1.894000	1.049760
1.895000	-0.214896
1.896000	0.887167
1.897000	-1.696340
1.898000	-3.557180
1.899000	0.101269
1.900000	2.973840
1.901000	-0.052299
1.902000	0.598105
1.903000	0.643263
1.904000	-0.675583
1.905000	-0.720742
1.906000	-0.368446
1.907000	-0.395549
1.908000	-1.064010
1.909000	-0.251027
1.910000	1.465290
1.911000	1.537550
1.912000	-0.928515
1.913000	-0.838180
1.914000	-0.738816
1.915000	-1.073040
1.916000	0.823934
1.917000	-0.061327
1.918000	-0.251027
1.919000	1.537550
1.920000	1.772410
1.921000	-1.054980
1.922000	0.010933
1.923000	0.336145
1.924000	-1.542770
1.925000	0.435508
1.926000	1.158160
1.927000	0.290968
1.928000	-0.106486
1.929000	2.079550
1.930000	-0.702686
1.931000	-0.232952
1.932000	0.571002
1.933000	0.318070
1.934000	-0.251027
1.935000	1.203330
1.936000	0.914270
1.937000	0.661338
1.938000	0.399359
1.939000	-0.955618
1.940000	-0.946571
1.941000	0.489695
1.942000	0.977484
1.943000	-0.404595
1.944000	0.110297
1.945000	1.122020
1.946000	0.787804
1.947000	-0.621378
1.948000	-0.016151
1.949000	-0.260055
1.950000	-0.666555
1.951000	0.056111
1.952000	1.085890
1.953000	-0.296185
1.954000	0.318070
1.955000	-0.205850
1.956000	-1.136270
1.957000	0.101269
1.958000	0.065138
1.959000	-0.765919
1.960000	0.074166
1.961000	1.013630
1.962000	-0.413623
1.963000	0.516797
1.964000	0.805860
1.965000	-0.630424
1.966000	-1.262740
1.967000	0.209679
1.968000	0.155474
1.969000	0.001905
1.970000	0.119343
1.971000	0.200632
1.972000	0.119343
1.973000	0.616161
1.974000	0.661338
1.975000	-0.052299
1.976000	-0.124561
1.977000	0.254837
1.978000	0.462592
1.979000	0.462592
1.980000	0.787804
1.981000	-0.214896
1.982000	-0.223924
1.983000	0.589058
1.984000	0.363229
1.985000	-0.305213
1.986000	0.453564
1.987000	0.426462
1.988000	0.363229
1.989000	1.067820
1.990000	0.435508
1.991000	-0.458782
1.992000	-0.088430
1.993000	0.354201
1.994000	0.218707
1.995000	0.435508
1.996000	0.001905
1.997000	-0.106486
1.998000	0.155474
1.999000	0.390331
2.000000	-0.124561
2.001000	-0.142617
2.002000	-0.016151
2.003000	-0.025197
2.004000	0.065138
2.005000	0.471639
2.006000	0.399359
2.007000	-0.350390
2.008000	-0.106486
2.009000	0.191604
2.010000	-0.142617
2.011000	-0.359418
2.012000	-0.070355
2.013000	-0.377493
2.014000	0.200632
2.015000	0.561974
2.016000	0.101269
2.017000	-0.025197
2.018000	0.200632
2.019000	0.092241
2.020000	0.200632
2.021000	0.164502
2.022000	-0.251027
2.023000	-0.196822
2.024000	0.236763
2.025000	0.345173
2.026000	-0.061327
2.027000	0.074166
2.028000	0.354201
2.029000	0.047082
2.030000	0.164502
2.031000	0.372275
2.032000	0.173530
2.033000	0.092241
2.034000	0.200632
2.035000	0.110297
2.036000	0.272912
2.037000	0.354201
2.038000	0.074166
2.039000	0.128371
2.040000	0.309042
2.041000	0.236763
2.042000	0.164502
2.043000	0.173530
2.044000	0.128371
2.045000	0.209679
2.046000	0.345173
2.047000	0.309042
2.048000	0.272912
2.049000	0.119343
2.050000	0.038036
2.051000	0.083213
2.052000	0.065138
2.053000	0.227735
2.054000	0.290968
2.055000	0.056111
2.056000	-0.061327
2.057000	0.173530
2.058000	0.092241
2.059000	0.029008
2.060000	0.056111
2.061000	0.029008
2.062000	0.164502
2.063000	0.426462
2.064000	0.083213
2.065000	-0.187794
2.066000	-0.043253
2.067000	-0.097458
2.068000	-0.034225
2.069000	0.110297
2.070000	0.065138
2.071000	0.029008
2.072000	0.236763
2.073000	0.209679
2.074000	0.001905
2.075000	-0.097458
2.076000	-0.052299
2.077000	0.056111
2.078000	0.191604
2.079000	0.254837
2.080000	0.164502
2.081000	0.047082
2.082000	0.029008
2.083000	0.101269
2.084000	0.056111
2.085000	0.001905
2.086000	0.101269
2.087000	0.083213
2.088000	0.218707
2.089000	0.354201
2.090000	0.191604
2.091000	0.029008
2.092000	0.137399
2.093000	0.128371
2.094000	0.128371
2.095000	0.236763
2.096000	0.038036
2.097000	-0.043253
2.098000	0.254837
2.099000	0.272912
2.100000	0.029008
2.101000	0.182576
2.102000	0.200632
2.103000	0.191604
2.104000	0.363229
2.105000	0.299996
2.106000	0.074166
2.107000	0.038036
2.108000	0.065138
2.109000	0.065138
2.110000	0.128371
2.111000	0.083213
2.112000	0.083213
2.113000	0.254837
2.114000	0.281940
2.115000	0.110297
2.116000	0.038036
2.117000	0.029008
2.118000	0.083213
2.119000	0.173530
2.120000	0.092241
2.121000	0.029008
2.122000	0.128371
2.123000	0.001905
2.124000	0.010933
2.125000	0.010933
2.126000	-0.034225
2.127000	0.065138
2.128000	0.146446
2.129000	0.038036
2.130000	0.101269
2.131000	0.173530
2.132000	-0.016151
2.133000	0.001905
2.134000	0.056111
2.135000	0.038036
2.136000	0.200632
2.137000	0.272912
2.138000	0.065138
2.139000	0.038036
2.140000	0.155474
2.141000	0.047082
2.142000	-0.007122
2.143000	0.056111
2.144000	0.110297
2.145000	0.263865
2.146000	0.381303
2.147000	0.155474
2.148000	0.101269
2.149000	0.029008
2.150000	0.074166
2.151000	0.010933
2.152000	0.074166
2.153000	0.155474
2.154000	0.101269
2.155000	0.218707
2.156000	0.209679
2.157000	0.001905
2.158000	0.101269
2.159000	0.083213
2.160000	-0.025197
2.161000	0.218707
2.162000	0.236763
2.163000	0.164502
2.164000	0.281940
2.165000	0.110297
2.166000	-0.115533
2.167000	0.110297
2.168000	0.173530
2.169000	0.119343
2.170000	0.299996
2.171000	0.281940
2.172000	0.263865
2.173000	0.236763
2.174000	0.200632
2.175000	-0.043253
2.176000	0.110297
2.177000	0.218707
2.178000	0.227735
2.179000	0.038036
2.180000	0.381303
2.181000	0.679394
2.182000	0.182576
2.183000	-0.052299
2.184000	0.047082
2.185000	0.146446
2.186000	0.336145
2.187000	0.227735
2.188000	-0.142617
2.189000	-0.540089
2.190000	0.146446
2.191000	0.697468
2.192000	-0.440726
2.193000	-0.458782
2.194000	0.056111
2.195000	0.101269
2.196000	0.769729
2.197000	0.272912
2.198000	-0.666555
2.199000	0.010933
2.200000	0.318070
2.201000	0.029008
2.202000	0.092241
2.203000	-0.305213
2.204000	-1.443410
2.205000	0.101269
2.206000	1.221390
2.207000	-0.034225
2.208000	-0.485884
2.209000	0.155474
2.210000	0.074166
2.211000	0.968456
2.212000	0.923298
2.213000	-0.702686
2.214000	-0.729788
2.215000	0.670366
2.216000	0.516797
2.217000	0.164502
2.218000	0.272912
2.219000	-0.440726
2.220000	-0.034225
2.221000	1.564660
2.222000	1.067820
2.223000	-0.223924
2.224000	0.363229
2.225000	0.444536
2.226000	0.272912
2.227000	1.140100
2.228000	0.281940
2.229000	-1.073040
2.230000	0.227735
2.231000	0.950400
2.232000	0.345173
2.233000	0.345173
2.234000	-0.016151
2.235000	-0.368446
2.236000	0.724571
2.237000	0.923298
2.238000	-0.115533
2.239000	-0.151663
2.240000	-0.061327
2.241000	-0.079383
2.242000	0.236763
2.243000	0.146446
2.244000	-0.522015
2.245000	-0.540089
2.246000	-0.007122
2.247000	0.236763
2.248000	0.083213
2.249000	-0.034225
2.250000	-0.467828
2.251000	-0.368446
2.252000	0.164502
2.253000	0.001905
2.254000	-0.241980
2.255000	-0.260055
2.256000	-0.368446
2.257000	-0.034225
2.258000	0.453564
2.259000	0.065138
2.260000	-0.323288
2.261000	-0.269083
2.262000	0.101269
2.263000	0.552928
2.264000	0.489695
2.265000	-0.106486
2.266000	-0.133589
2.267000	0.327098
2.268000	0.462592
2.269000	0.363229
2.270000	0.155474
2.271000	0.056111
2.272000	0.218707
2.273000	0.769729
2.274000	0.652291
2.275000	0.245809
2.276000	0.092241
2.277000	0.236763
2.278000	0.290968
2.279000	0.534872
2.280000	0.372275
2.281000	-0.007122
2.282000	0.227735
2.283000	0.561974
2.284000	0.489695
2.285000	0.381303
2.286000	0.182576
2.287000	-0.278129
2.288000	0.029008
2.289000	0.327098
2.290000	0.056111
2.291000	-0.079383
2.292000	-0.151663
2.293000	-0.314260
2.294000	0.209679
2.295000	0.354201
2.296000	-0.178766
2.297000	-0.350390
2.298000	-0.052299
2.299000	-0.043253
2.300000	0.001905
2.301000	0.019980
2.302000	-0.359418
2.303000	-0.169719
2.304000	0.119343
2.305000	0.065138
2.306000	-0.034225
2.307000	-0.323288
2.308000	-0.070355
2.309000	0.128371
2.310000	0.092241
2.311000	0.092241
2.312000	0.001905
2.313000	-0.314260
2.314000	0.968456
2.315000	1.519480
2.316000	-1.344040
2.317000	-1.443410
2.318000	2.323430
2.319000	-0.305213
2.320000	-1.298870
2.321000	1.420120
2.322000	-0.666555
2.323000	-0.115533
2.324000	2.133730
2.325000	0.155474
2.326000	-0.711714
2.327000	1.573680
2.328000	0.489695
2.329000	0.001905
2.330000	1.040720
2.331000	0.652291
2.332000	-0.359418
2.333000	1.411090
2.334000	0.787804
2.335000	0.426462
2.336000	0.327098
2.337000	0.381303
2.338000	-0.160691
2.339000	0.724571
2.340000	0.616161
2.341000	0.263865
2.342000	0.128371
2.343000	-0.485884
2.344000	-0.657509
2.345000	0.408406
2.346000	0.381303
2.347000	-0.503959
2.348000	0.164502
2.349000	0.038036
2.350000	-0.178766
2.351000	0.417434
2.352000	0.327098
2.353000	-0.856254
2.354000	-0.485884
2.355000	-0.133589
2.356000	-0.007122
2.357000	0.182576
2.358000	-0.269083
2.359000	-0.476856
2.360000	0.309042
2.361000	0.354201
2.362000	0.119343
2.363000	0.119343
2.364000	-0.567192
2.365000	-0.883338
2.366000	-2.635790
2.367000	-4.063030
2.368000	-0.503959
2.369000	1.636920
2.370000	-0.241980
2.371000	1.085890
2.372000	0.932326
2.373000	-2.328650
2.374000	0.083213
2.375000	2.142780
2.376000	-0.061327
2.377000	0.498741
2.378000	0.309042
2.379000	-1.642130
2.380000	-0.485884
2.381000	1.889850
2.382000	0.218707
2.383000	-0.684611
2.384000	-0.151663
2.385000	0.191604
2.386000	0.236763
2.387000	0.390331
2.388000	0.119343
2.389000	-0.341362
2.390000	0.417434
2.391000	0.869093
2.392000	2.829300
2.393000	3.615200
2.394000	0.480667
2.395000	-0.937543
2.396000	1.889850
2.397000	2.630570
2.398000	-0.865282
2.399000	0.471639
2.400000	0.914270
2.401000	-1.840860
2.402000	0.480667
2.403000	2.025340
2.404000	-0.765919
2.405000	-0.404595
2.406000	0.580030
2.407000	-0.729788
2.408000	0.697468
2.409000	2.052450
2.410000	-0.793021
2.411000	-0.350390
2.412000	1.004590
2.413000	1.058790
2.414000	1.564660
2.415000	0.932326
2.416000	0.056111
2.417000	-0.305213
2.418000	0.254837
2.419000	0.769729
2.420000	0.336145
2.421000	-0.305213
2.422000	0.182576
2.423000	0.290968
2.424000	0.327098
2.425000	0.318070
2.426000	-0.214896
2.427000	-0.214896
2.428000	0.290968
2.429000	0.200632
2.430000	0.327098
2.431000	0.155474
2.432000	-0.323288
2.433000	0.137399
2.434000	0.534872
2.435000	-0.025197
2.436000	-0.196822
2.437000	-0.142617
2.438000	-0.097458
2.439000	0.363229
2.440000	0.137399
2.441000	-1.235630
2.442000	-2.274460
2.443000	-1.407280
2.444000	0.408406
2.445000	0.860065
2.446000	0.010933
2.447000	0.146446
2.448000	-0.639453
2.449000	-0.458782
2.450000	0.561974
2.451000	-7.459510
2.452000	-3.665570
2.453000	4.906940
2.454000	-2.283490
2.455000	0.516797
2.456000	4.590770
2.457000	-4.297900
2.458000	-2.292520
2.459000	4.401080
2.460000	-0.585248
2.461000	-0.883338
2.462000	1.962110
2.463000	-1.786670
2.464000	-0.847208
2.465000	3.353220
2.466000	0.083213
2.467000	-2.030560
2.468000	0.643263
2.469000	0.182576
2.470000	-0.169719
2.471000	1.149130
2.472000	0.281940
2.473000	-1.479540
2.474000	0.309042
2.475000	1.456250
2.476000	-0.088430
2.477000	-0.512987
2.478000	-0.296185
2.479000	-1.994430
2.480000	-0.675583
2.481000	1.591760
2.482000	-0.214896
2.483000	-0.738816
2.484000	0.697468
2.485000	-0.359418
2.486000	-0.232952
2.487000	1.257520
2.488000	-0.422651
2.489000	-0.919487
2.490000	0.318070
2.491000	0.534872
2.492000	0.038036
2.493000	-0.097458
2.494000	-0.296185
2.495000	-0.133589
2.496000	0.679394
2.497000	0.860065
2.498000	-0.458782
2.499000	-0.720742
2.500000	0.372275
2.501000	0.227735
2.502000	0.137399
2.503000	0.417434
2.504000	-0.485884
2.505000	-0.232952
2.506000	1.185260
2.507000	0.309042
2.508000	-0.305213
2.509000	0.272912
2.510000	-0.395549
2.511000	0.001905
2.512000	1.113000
2.513000	0.119343
2.514000	-0.296185
2.515000	0.336145
2.516000	-0.106486
2.517000	0.489695
2.518000	0.634235
2.519000	-0.549117
2.520000	-0.332316
2.521000	0.507769
2.522000	0.489695
2.523000	0.408406
2.524000	0.010933
2.525000	-0.531043
2.526000	0.074166
2.527000	0.715524
2.528000	0.435508
2.529000	-0.214896
2.530000	-0.368446
2.531000	0.191604
2.532000	0.480667
2.533000	0.146446
2.534000	-0.043253
2.535000	-0.395549
2.536000	-0.124561
2.537000	0.688422
2.538000	0.290968
2.539000	-0.151663
2.540000	0.164502
2.541000	-0.251027
2.542000	0.010933
2.543000	0.706496
2.544000	-0.196822
2.545000	-0.395549
2.546000	0.290968
2.547000	0.001905
2.548000	0.263865
2.549000	0.580030
2.550000	-0.359418
2.551000	-0.305213
2.552000	0.381303
2.553000	0.254837
2.554000	0.128371
2.555000	0.110297
2.556000	-0.196822
2.557000	0.218707
2.558000	0.408406
2.559000	0.019980
2.560000	-0.196822
2.561000	-0.214896
2.562000	0.101269
2.563000	0.417434
2.564000	0.318070
2.565000	0.083213
2.566000	-0.097458
2.567000	0.137399
2.568000	0.471639
2.569000	0.272912
2.570000	-0.043253
2.571000	0.019980
2.572000	0.074166
2.573000	0.372275
2.574000	0.462592
2.575000	0.001905
2.576000	-0.142617
2.577000	0.101269
2.578000	0.182576
2.579000	0.345173
2.580000	0.281940
2.581000	-0.061327
2.582000	0.074166
2.583000	0.272912
2.584000	0.236763
2.585000	0.290968
2.586000	0.038036
2.587000	-0.160691
2.588000	0.263865
2.589000	0.354201
2.590000	0.128371
2.591000	0.074166
2.592000	-0.079383
2.593000	-0.016151
2.594000	0.345173
2.595000	0.263865
2.596000	-0.025197
2.597000	-0.016151
2.598000	0.038036
2.599000	0.290968
2.600000	0.182576
2.601000	-0.115533
2.602000	-0.124561
2.603000	0.047082
2.604000	0.191604
2.605000	0.299996
2.606000	0.010933
2.607000	-0.115533
2.608000	0.083213
2.609000	0.128371
2.610000	0.146446
2.611000	0.056111
2.612000	-0.070355
2.613000	0.128371
2.614000	0.281940
2.615000	0.128371
2.616000	0.155474
2.617000	0.092241
2.618000	0.029008
2.619000	0.182576
2.620000	0.191604
2.621000	0.164502
2.622000	0.245809
2.623000	0.128371
2.624000	0.119343
2.625000	0.309042
2.626000	0.245809
2.627000	0.119343
2.628000	0.056111
2.629000	0.074166
2.630000	0.281940
2.631000	0.363229
2.632000	0.173530
2.633000	0.092241
2.634000	0.119343
2.635000	0.245809
2.636000	0.290968
2.637000	0.083213
2.638000	-0.043253
2.639000	0.092241
2.640000	0.209679
2.641000	0.191604
2.642000	0.074166
2.643000	-0.097458
2.644000	0.047082
2.645000	0.182576
2.646000	0.119343
2.647000	0.019980
2.648000	-0.025197
2.649000	0.010933
2.650000	0.119343
2.651000	0.056111
2.652000	0.001905
2.653000	0.001905
2.654000	-0.025197
2.655000	0.056111
2.656000	0.110297
2.657000	0.056111
2.658000	0.029008
2.659000	0.038036
2.660000	0.019980
2.661000	0.137399
2.662000	0.137399
2.663000	0.029008
2.664000	0.038036
2.665000	0.110297
2.666000	0.173530
2.667000	0.245809
2.668000	0.173530
2.669000	0.065138
2.670000	0.146446
2.671000	0.209679
2.672000	0.200632
2.673000	0.128371
2.674000	0.074166
2.675000	0.137399
2.676000	0.290968
2.677000	0.290968
2.678000	0.191604
2.679000	0.101269
2.680000	0.173530
2.681000	0.236763
2.682000	0.200632
2.683000	0.119343
2.684000	0.065138
2.685000	0.110297
2.686000	0.191604
2.687000	0.191604
2.688000	0.074166
2.689000	0.047082
2.690000	0.083213
2.691000	0.092241
2.692000	0.083213
2.693000	0.047082
2.694000	0.010933
2.695000	0.074166
2.696000	0.083213
2.697000	0.056111
2.698000	0.065138
2.699000	0.019980
2.700000	-0.016151
2.701000	-0.007122
2.702000	-0.007122
2.703000	0.038036
2.704000	0.065138
2.705000	0.019980
2.706000	0.047082
2.707000	0.128371
2.708000	0.164502
2.709000	0.146446
2.710000	0.056111
2.711000	0.038036
2.712000	0.146446
2.713000	0.173530
2.714000	0.110297
2.715000	0.101269
2.716000	0.128371
2.717000	0.209679
2.718000	0.254837
2.719000	0.191604
2.720000	0.146446
2.721000	0.182576
2.722000	0.227735
2.723000	0.245809
2.724000	0.218707
2.725000	0.146446
2.726000	0.200632
2.727000	0.227735
2.728000	0.191604
2.729000	0.155474
2.730000	0.155474
2.731000	0.155474
2.732000	0.173530
2.733000	0.173530
2.734000	0.146446
2.735000	0.146446
2.736000	0.092241
2.737000	0.092241
2.738000	0.092241
2.739000	0.083213
2.740000	0.065138
2.741000	0.047082
2.742000	0.038036
2.743000	0.083213
2.744000	0.074166
2.745000	0.029008
2.746000	-0.007122
2.747000	-0.007122
2.748000	0.038036
2.749000	0.083213
2.750000	0.074166
2.751000	0.047082
2.752000	0.092241
2.753000	0.092241
2.754000	0.110297
2.755000	0.056111
2.756000	0.019980
2.757000	0.047082
2.758000	0.110297
2.759000	0.137399
2.760000	0.164502
2.761000	0.164502
2.762000	0.182576
2.763000	0.209679
2.764000	0.191604
2.765000	0.182576
2.766000	0.164502
2.767000	0.182576
2.768000	0.209679
2.769000	0.254837
2.770000	0.227735
2.771000	0.236763
2.772000	0.236763
2.773000	0.218707
2.774000	0.236763
2.775000	0.209679
2.776000	0.200632
2.777000	0.146446
2.778000	0.200632
2.779000	0.245809
2.780000	0.182576
2.781000	0.128371
2.782000	0.182576
2.783000	0.137399
2.784000	0.110297
2.785000	0.110297
2.786000	0.128371
2.787000	0.019980
2.788000	0.110297
2.789000	0.074166
2.790000	0.047082
2.791000	0.001905
2.792000	0.056111
2.793000	0.092241
2.794000	0.047082
2.795000	-0.007122
2.796000	0.029008
2.797000	0.128371
2.798000	-0.007122
2.799000	-0.043253
2.800000	0.074166
2.801000	0.029008
2.802000	-0.052299
2.803000	0.092241
2.804000	0.074166
2.805000	0.110297
2.806000	0.164502
2.807000	0.092241
2.808000	0.155474
2.809000	0.191604
2.810000	0.083213
2.811000	0.074166
2.812000	0.164502
2.813000	0.074166
2.814000	0.155474
2.815000	0.272912
2.816000	0.200632
2.817000	0.209679
2.818000	0.218707
2.819000	0.191604
2.820000	0.236763
2.821000	0.236763
2.822000	0.128371
2.823000	0.110297
2.824000	0.173530
2.825000	0.236763
2.826000	0.218707
2.827000	0.173530
2.828000	0.110297
2.829000	0.110297
2.830000	0.164502
2.831000	0.083213
2.832000	0.065138
2.833000	0.047082
2.834000	0.110297
2.835000	0.146446
2.836000	0.146446
2.837000	0.047082
2.838000	0.038036
2.839000	-0.007122
2.840000	-0.016151
2.841000	0.038036
2.842000	0.029008
2.843000	-0.025197
2.844000	0.019980
2.845000	0.119343
2.846000	0.101269
2.847000	0.065138
2.848000	0.029008
2.849000	0.056111
2.850000	0.056111
2.851000	0.065138
2.852000	0.074166
2.853000	0.092241
2.854000	0.083213
2.855000	0.128371
2.856000	0.146446
2.857000	0.110297
2.858000	0.110297
2.859000	0.119343
2.860000	0.137399
2.861000	0.191604
2.862000	0.191604
2.863000	0.146446
2.864000	0.182576
2.865000	0.200632
2.866000	0.191604
2.867000	0.191604
2.868000	0.164502
2.869000	0.164502
2.870000	0.182576
2.871000	0.137399
2.872000	0.119343
2.873000	0.164502
2.874000	0.137399
2.875000	0.110297
2.876000	0.119343
2.877000	0.128371
2.878000	0.155474
2.879000	0.119343
2.880000	0.074166
2.881000	0.101269
2.882000	0.110297
2.883000	0.065138
2.884000	0.029008
2.885000	0.019980
2.886000	0.038036
2.887000	0.047082
2.888000	0.056111
2.889000	0.065138
2.890000	0.065138
2.891000	0.056111
2.892000	0.074166
2.893000	0.074166
2.894000	0.092241
2.895000	0.029008
2.896000	0.038036
2.897000	0.110297
2.898000	0.119343
2.899000	0.119343
2.900000	0.119343
2.901000	0.146446
2.902000	0.164502
2.903000	0.137399
2.904000	0.119343
2.905000	0.110297
2.906000	0.146446
2.907000	0.164502
2.908000	0.191604
2.909000	0.227735
2.910000	0.182576
2.911000	0.164502
2.912000	0.182576
2.913000	0.182576
2.914000	0.155474
2.915000	0.110297
2.916000	0.119343
2.917000	0.182576
2.918000	0.200632
2.919000	0.182576
2.920000	0.164502
2.921000	0.128371
2.922000	0.137399
2.923000	0.128371
2.924000	0.083213
2.925000	0.056111
2.926000	0.056111
2.927000	0.038036
2.928000	0.092241
2.929000	0.137399
2.930000	0.092241
2.931000	0.056111
2.932000	0.065138
2.933000	0.101269
2.934000	0.101269
2.935000	0.092241
2.936000	0.029008
2.937000	0.074166
2.938000	0.128371
2.939000	0.110297
2.940000	0.092241
2.941000	0.074166
2.942000	0.074166
2.943000	0.101269
2.944000	0.110297
2.945000	0.119343
2.946000	0.137399
2.947000	0.146446
2.948000	0.164502
2.949000	0.164502
2.950000	0.155474
2.951000	0.137399
2.952000	0.128371
2.953000	0.164502
2.954000	0.191604
2.955000	0.182576
2.956000	0.182576
2.957000	0.191604
2.958000	0.173530
2.959000	0.155474
2.960000	0.164502
2.961000	0.146446
2.962000	0.155474
2.963000	0.191604
2.964000	0.182576
2.965000	0.155474
2.966000	0.173530
2.967000	0.155474
2.968000	0.110297
2.969000	0.110297
2.970000	0.119343
2.971000	0.092241
2.972000	0.101269
2.973000	0.128371
2.974000	0.128371
2.975000	0.137399
2.976000	0.119343
2.977000	0.110297
2.978000	0.101269
2.979000	0.101269
2.980000	0.092241
2.981000	0.092241
2.982000	0.110297
2.983000	0.110297
2.984000	0.083213
2.985000	0.110297
2.986000	0.128371
2.987000	0.101269
2.988000	0.092241
2.989000	0.092241
2.990000	0.092241
2.991000	0.128371
2.992000	0.128371
2.993000	0.110297
2.994000	0.128371
2.995000	0.164502
2.996000	0.119343
2.997000	0.110297
2.998000	0.119343
2.999000	0.092241
3.000000	0.110297
3.001000	0.155474
3.002000	0.137399
3.003000	0.119343
3.004000	0.128371
3.005000	0.137399
3.006000	0.146446
3.007000	0.155474
3.008000	0.065138
3.009000	0.083213
3.010000	0.137399
3.011000	0.119343
3.012000	0.092241
3.013000	0.083213
3.014000	0.074166
3.015000	0.128371
3.016000	0.137399
3.017000	0.083213
3.018000	0.092241
3.019000	0.164502
3.020000	0.137399
3.021000	0.137399
3.022000	0.119343
3.023000	0.083213
3.024000	0.101269
3.025000	0.128371
3.026000	0.110297
3.027000	0.128371
3.028000	0.128371
3.029000	0.110297
3.030000	0.146446
3.031000	0.137399
3.032000	0.101269
3.033000	0.092241
3.034000	0.110297
3.035000	0.119343
3.036000	0.119343
3.037000	0.128371
3.038000	0.146446
3.039000	0.128371
3.040000	0.092241
3.041000	0.119343
3.042000	0.101269
3.043000	0.056111
3.044000	0.074166
3.045000	0.074166
3.046000	0.074166
3.047000	0.119343
3.048000	0.119343
3.049000	0.083213
3.050000	0.092241
3.051000	0.092241
3.052000	0.083213
3.053000	0.065138
3.054000	0.038036
3.055000	0.038036
3.056000	0.083213
3.057000	0.083213
3.058000	0.092241
3.059000	0.056111
3.060000	0.083213
3.061000	0.110297
3.062000	0.101269
3.063000	0.092241
3.064000	0.092241
3.065000	0.092241
3.066000	0.119343
3.067000	0.155474
3.068000	0.137399
3.069000	0.101269
3.070000	0.146446
3.071000	0.146446
3.072000	0.119343
3.073000	0.137399
3.074000	0.146446
3.075000	0.128371
3.076000	0.164502
3.077000	0.182576
3.078000	0.146446
3.079000	0.155474
3.080000	0.164502
3.081000	0.128371
3.082000	0.155474
3.083000	0.182576
3.084000	0.119343
3.085000	0.146446
3.086000	0.146446
3.087000	0.128371
3.088000	0.146446
3.089000	0.146446
3.090000	0.092241
3.091000	0.110297
3.092000	0.137399
3.093000	0.119343
3.094000	0.119343
3.095000	0.128371
3.096000	0.065138
3.097000	0.083213
3.098000	0.101269
3.099000	0.074166
3.100000	0.101269
3.101000	0.065138
3.102000	0.110297
3.103000	0.119343
3.104000	0.092241
3.105000	0.074166
3.106000	0.083213
3.107000	0.065138
3.108000	0.092241
3.109000	0.110297
3.110000	0.092241
3.111000	0.119343
3.112000	0.146446
3.113000	0.146446
3.114000	0.146446
3.115000	0.128371
3.116000	0.110297
3.117000	0.137399
3.118000	0.128371
3.119000	0.137399
3.120000	0.155474
3.121000	0.146446
3.122000	0.155474
3.123000	0.209679
3.124000	0.182576
3.125000	0.173530
3.126000	0.173530
3.127000	0.119343
3.128000	0.137399
3.129000	0.173530
3.130000	0.137399
3.131000	0.146446
3.132000	0.164502
3.133000	0.155474
3.134000	0.155474
3.135000	0.164502
3.136000	0.137399
3.137000	0.092241
3.138000	0.119343
3.139000	0.119343
3.140000	0.110297
3.141000	0.119343
3.142000	0.110297
3.143000	0.101269
3.144000	0.110297
3.145000	0.101269
3.146000	0.110297
3.147000	0.101269
3.148000	0.083213
3.149000	0.092241
3.150000	0.119343
3.151000	0.101269
3.152000	0.092241
3.153000	0.110297
3.154000	0.092241
3.155000	0.110297
3.156000	0.110297
3.157000	0.110297
3.158000	0.110297
3.159000	0.128371
3.160000	0.110297
3.161000	0.110297
3.162000	0.137399
3.163000	0.137399
3.164000	0.110297
3.165000	0.128371
3.166000	0.164502
3.167000	0.164502
3.168000	0.146446
3.169000	0.128371
3.170000	0.146446
3.171000	0.146446
3.172000	0.146446
3.173000	0.110297
3.174000	0.119343
3.175000	0.128371
3.176000	0.137399
3.177000	0.146446
3.178000	0.128371
3.179000	0.128371
3.180000	0.101269
3.181000	0.110297
3.182000	0.119343
3.183000	0.074166
3.184000	0.074166
3.185000	0.101269
3.186000	0.110297
3.187000	0.128371
3.188000	0.110297
3.189000	0.092241
3.190000	0.092241
3.191000	0.110297
3.192000	0.047082
3.193000	0.074166
3.194000	0.101269
3.195000	0.083213
3.196000	0.110297
3.197000	0.137399
3.198000	0.110297
3.199000	0.101269
3.200000	0.128371
3.201000	0.092241
3.202000	0.101269
3.203000	0.146446
3.204000	0.137399
3.205000	0.128371
3.206000	0.155474
3.207000	0.146446
3.208000	0.110297
3.209000	0.164502
3.210000	0.155474
3.211000	0.101269
3.212000	0.146446
3.213000	0.164502
3.214000	0.137399
3.215000	0.173530
3.216000	0.182576
3.217000	0.119343
3.218000	0.155474
3.219000	0.155474
3.220000	0.110297
3.221000	0.128371
3.222000	0.119343
3.223000	0.092241
3.224000	0.119343
3.225000	0.128371
3.226000	0.056111
3.227000	0.092241
3.228000	0.119343
3.229000	0.074166
3.230000	0.083213
3.231000	0.092241
3.232000	0.047082
3.233000	0.065138
3.234000	0.074166
3.235000	0.056111
3.236000	0.038036
3.237000	0.056111
3.238000	0.047082
3.239000	0.056111
3.240000	0.074166
3.241000	0.056111
3.242000	0.074166
3.243000	0.092241
3.244000	0.074166
3.245000	0.065138
3.246000	0.101269
3.247000	0.083213
3.248000	0.083213
3.249000	0.119343
3.250000	0.146446
3.251000	0.146446
3.252000	0.146446
3.253000	0.155474
3.254000	0.146446
3.255000	0.155474
3.256000	0.146446
3.257000	0.128371
3.258000	0.137399
3.259000	0.173530
3.260000	0.173530
3.261000	0.200632
3.262000	0.173530
3.263000	0.182576
3.264000	0.182576
3.265000	0.164502
3.266000	0.146446
3.267000	0.146446
3.268000	0.137399
3.269000	0.155474
3.270000	0.155474
3.271000	0.146446
3.272000	0.137399
3.273000	0.119343
3.274000	0.110297
3.275000	0.092241
3.276000	0.083213
3.277000	0.083213
3.278000	0.074166
3.279000	0.074166
3.280000	0.065138
3.281000	0.074166
3.282000	0.056111
3.283000	0.074166
3.284000	0.056111
3.285000	0.047082
3.286000	0.056111
3.287000	0.065138
3.288000	0.056111
3.289000	0.056111
3.290000	0.056111
3.291000	0.065138
3.292000	0.092241
3.293000	0.092241
3.294000	0.092241
3.295000	0.110297
3.296000	0.119343
3.297000	0.128371
3.298000	0.146446
3.299000	0.128371
3.300000	0.146446
3.301000	0.164502
3.302000	0.173530
3.303000	0.173530
3.304000	0.173530
3.305000	0.164502
3.306000	0.191604
3.307000	0.200632
3.308000	0.182576
3.309000	0.182576
3.310000	0.200632
3.311000	0.200632
3.312000	0.200632
3.313000	0.191604
3.314000	0.182576
3.315000	0.191604
3.316000	0.182576
3.317000	0.182576
3.318000	0.155474
3.319000	0.155474
3.320000	0.146446
3.321000	0.137399
3.322000	0.128371
3.323000	0.119343
3.324000	0.119343
3.325000	0.119343
3.326000	0.137399
3.327000	0.083213
3.328000	0.065138
3.329000	0.128371
3.330000	0.074166
3.331000	0.074166
3.332000	-0.007122
3.333000	0.092241
3.334000	0.101269
3.335000	0.047082
3.336000	0.092241
3.337000	0.128371
3.338000	0.074166
3.339000	0.038036
3.340000	0.128371
3.341000	0.074166
3.342000	0.029008
3.343000	0.101269
3.344000	0.137399
3.345000	0.074166
3.346000	0.137399
3.347000	0.164502
3.348000	0.164502
3.349000	0.101269
3.350000	0.164502
3.351000	0.146446
3.352000	0.119343
3.353000	0.155474
3.354000	0.191604
3.355000	0.155474
3.356000	0.101269
3.357000	0.146446
3.358000	0.209679
3.359000	0.200632
3.360000	0.119343
3.361000	0.092241
3.362000	0.146446
3.363000	0.146446
3.364000	0.119343
3.365000	0.137399
3.366000	0.155474
3.367000	0.119343
3.368000	0.110297
3.369000	0.173530
3.370000	0.083213
3.371000	0.065138
3.372000	0.074166
3.373000	0.038036
3.374000	0.056111
3.375000	0.146446
3.376000	0.083213
3.377000	0.083213
3.378000	0.101269
3.379000	0.101269
3.380000	0.119343
3.381000	0.146446
3.382000	0.029008
3.383000	0.056111
3.384000	0.110297
3.385000	0.056111
3.386000	0.056111
3.387000	0.137399
3.388000	0.101269
3.389000	0.110297
3.390000	0.155474
3.391000	0.110297
3.392000	0.119343
3.393000	0.128371
3.394000	0.083213
3.395000	0.092241
3.396000	0.155474
3.397000	0.110297
3.398000	0.110297
3.399000	0.137399
3.400000	0.128371
3.401000	0.128371
3.402000	0.146446
3.403000	0.092241
3.404000	0.065138
3.405000	0.083213
3.406000	0.146446
3.407000	0.119343
3.408000	0.065138
3.409000	0.110297
3.410000	0.092241
3.411000	0.101269
3.412000	0.164502
3.413000	0.101269
3.414000	0.001905
3.415000	0.101269
3.416000	0.146446
3.417000	0.074166
3.418000	0.101269
3.419000	0.119343
3.420000	0.074166
3.421000	0.146446
3.422000	0.110297
3.423000	0.065138
3.424000	0.119343
3.425000	0.119343
3.426000	0.092241
3.427000	0.137399
3.428000	0.137399
3.429000	0.119343
3.430000	0.146446
3.431000	0.128371
3.432000	0.119343
3.433000	0.119343
3.434000	0.137399
3.435000	0.119343
3.436000	0.128371
3.437000	0.137399
3.438000	0.137399
3.439000	0.146446
3.440000	0.146446
3.441000	0.182576
3.442000	0.137399
3.443000	0.101269
3.444000	0.128371
3.445000	0.119343
3.446000	0.065138
3.447000	0.092241
3.448000	0.128371
3.449000	0.146446
3.450000	0.146446
3.451000	0.119343
3.452000	0.119343
3.453000	0.128371
3.454000	0.110297
3.455000	0.083213
3.456000	0.110297
3.457000	0.119343
3.458000	0.065138
3.459000	0.110297
3.460000	0.164502
3.461000	0.074166
3.462000	0.083213
3.463000	0.119343
3.464000	0.101269
3.465000	0.110297
3.466000	0.119343
3.467000	0.101269
3.468000	0.155474
3.469000	0.146446
3.470000	0.092241
3.471000	0.137399
3.472000	0.128371
3.473000	0.119343
3.474000	0.146446
3.475000	0.155474
3.476000	0.128371
3.477000	0.146446
3.478000	0.155474
3.479000	0.137399
3.480000	0.146446
3.481000	0.155474
3.482000	0.146446
3.483000	0.164502
3.484000	0.146446
3.485000	0.164502
3.486000	0.128371
3.487000	0.119343
3.488000	0.119343
3.489000	0.137399
3.490000	0.083213
3.491000	0.110297
3.492000	0.119343
3.493000	0.119343
3.494000	0.146446
3.495000	0.110297
3.496000	0.110297
3.497000	0.128371
3.498000	0.038036
3.499000	0.092241
3.500000	0.182576
3.501000	0.092241
3.502000	0.056111
3.503000	0.119343
3.504000	0.092241
3.505000	0.119343
3.506000	0.155474
3.507000	0.092241
3.508000	0.083213
3.509000	0.110297
3.510000	0.110297
3.511000	0.164502
3.512000	0.137399
3.513000	0.010933
3.514000	0.137399
3.515000	0.200632
3.516000	0.083213
3.517000	0.128371
3.518000	0.164502
3.519000	0.119343
3.520000	0.128371
3.521000	0.173530
3.522000	0.164502
3.523000	0.128371
3.524000	0.101269
3.525000	0.155474
3.526000	0.164502
3.527000	0.110297
3.528000	0.146446
3.529000	0.191604
3.530000	0.110297
3.531000	0.110297
3.532000	0.173530
3.533000	0.146446
3.534000	0.128371
3.535000	0.119343
3.536000	0.092241
3.537000	0.146446
3.538000	0.146446
3.539000	0.074166
3.540000	0.101269
3.541000	0.128371
3.542000	0.065138
3.543000	0.119343
3.544000	0.110297
3.545000	0.047082
3.546000	0.110297
3.547000	0.164502
3.548000	0.101269
3.549000	0.074166
3.550000	0.092241
3.551000	0.119343
3.552000	0.137399
3.553000	0.110297
3.554000	0.092241
3.555000	0.092241
3.556000	0.092241
3.557000	0.092241
3.558000	0.119343
3.559000	0.128371
3.560000	0.101269
3.561000	0.101269
3.562000	0.164502
3.563000	0.182576
3.564000	0.110297
3.565000	0.083213
3.566000	0.128371
3.567000	0.155474
3.568000	0.128371
3.569000	0.128371
3.570000	0.137399
3.571000	0.128371
3.572000	0.137399
3.573000	0.146446
3.574000	0.119343
3.575000	0.119343
3.576000	0.128371
3.577000	0.128371
3.578000	0.146446
3.579000	0.137399
3.580000	0.119343
3.581000	0.119343
3.582000	0.119343
3.583000	0.110297
3.584000	0.092241
3.585000	0.092241
3.586000	0.056111
3.587000	0.092241
3.588000	0.119343
3.589000	0.101269
3.590000	0.101269
3.591000	0.110297
3.592000	0.092241
3.593000	0.092241
3.594000	0.092241
3.595000	0.083213
3.596000	0.065138
3.597000	0.074166
3.598000	0.083213
3.599000	0.110297
3.600000	0.092241
3.601000	0.083213
3.602000	0.092241
3.603000	0.110297
3.604000	0.110297
3.605000	0.092241
3.606000	0.110297
3.607000	0.110297
3.608000	0.110297
3.609000	0.128371
3.610000	0.119343
3.611000	0.110297
3.612000	0.101269
3.613000	0.119343
3.614000	0.146446
3.615000	0.137399
3.616000	0.110297
3.617000	0.110297
3.618000	0.128371
3.619000	0.146446
3.620000	0.137399
3.621000	0.128371
3.622000	0.119343
3.623000	0.128371
3.624000	0.146446
3.625000	0.137399
3.626000	0.119343
3.627000	0.119343
3.628000	0.110297
3.629000	0.110297
3.630000	0.119343
3.631000	0.101269
3.632000	0.128371
3.633000	0.101269
3.634000	0.119343
3.635000	0.137399
3.636000	0.128371
3.637000	0.119343
3.638000	0.101269
3.639000	0.110297
3.640000	0.119343
3.641000	0.092241
3.642000	0.083213
3.643000	0.101269
3.644000	0.137399
3.645000	0.119343
3.646000	0.119343
3.647000	0.119343
3.648000	0.110297
3.649000	0.110297
3.650000	0.128371
3.651000	0.128371
3.652000	0.128371
3.653000	0.128371
3.654000	0.128371
3.655000	0.128371
3.656000	0.146446
3.657000	0.128371
3.658000	0.128371
3.659000	0.146446
3.660000	0.137399
3.661000	0.137399
3.662000	0.155474
3.663000	0.155474
3.664000	0.146446
3.665000	0.146446
3.666000	0.155474
3.667000	0.146446
3.668000	0.128371
3.669000	0.128371
3.670000	0.128371
3.671000	0.137399
3.672000	0.146446
3.673000	0.119343
3.674000	0.119343
3.675000	0.137399
3.676000	0.128371
3.677000	0.119343
3.678000	0.110297
3.679000	0.119343
3.680000	0.101269
3.681000	0.110297
3.682000	0.128371
3.683000	0.119343
3.684000	0.101269
3.685000	0.101269
3.686000	0.110297
3.687000	0.110297
3.688000	0.101269
3.689000	0.101269
3.690000	0.110297
3.691000	0.119343
3.692000	0.128371
3.693000	0.110297
3.694000	0.092241
3.695000	0.101269
3.696000	0.119343
3.697000	0.128371
3.698000	0.146446
3.699000	0.128371
3.700000	0.137399
3.701000	0.146446
3.702000	0.146446
3.703000	0.155474
3.704000	0.128371
3.705000	0.128371
3.706000	0.137399
3.707000	0.137399
3.708000	0.146446
3.709000	0.146446
3.710000	0.146446
3.711000	0.146446
3.712000	0.128371
3.713000	0.119343
3.714000	0.128371
3.715000	0.128371
3.716000	0.128371
3.717000	0.128371
3.718000	0.128371
3.719000	0.128371
3.720000	0.110297
3.721000	0.110297
3.722000	0.110297
3.723000	0.092241
3.724000	0.083213
3.725000	0.083213
3.726000	0.074166
3.727000	0.101269
3.728000	0.119343
3.729000	0.110297
3.730000	0.092241
3.731000	0.101269
3.732000	0.092241
3.733000	0.074166
3.734000	0.092241
3.735000	0.083213
3.736000	0.092241
3.737000	0.110297
3.738000	0.119343
3.739000	0.110297
3.740000	0.119343
3.741000	0.101269
3.742000	0.119343
3.743000	0.128371
3.744000	0.128371
3.745000	0.128371
3.746000	0.137399
3.747000	0.137399
3.748000	0.128371
3.749000	0.146446
3.750000	0.146446
3.751000	0.128371
3.752000	0.137399
3.753000	0.146446
3.754000	0.137399
3.755000	0.146446
3.756000	0.146446
3.757000	0.128371
3.758000	0.128371
3.759000	0.137399
3.760000	0.119343
3.761000	0.119343
3.762000	0.119343
3.763000	0.128371
3.764000	0.128371
3.765000	0.119343
3.766000	0.101269
3.767000	0.101269
3.768000	0.092241
3.769000	0.083213
3.770000	0.092241
3.771000	0.083213
3.772000	0.083213
3.773000	0.110297
3.774000	0.092241
3.775000	0.083213
3.776000	0.092241
3.777000	0.065138
3.778000	0.083213
3.779000	0.083213
3.780000	0.074166
3.781000	0.083213
3.782000	0.110297
3.783000	0.110297
3.784000	0.101269
3.785000	0.119343
3.786000	0.101269
3.787000	0.110297
3.788000	0.128371
3.789000	0.101269
3.790000	0.110297
3.791000	0.137399
3.792000	0.137399
3.793000	0.146446
3.794000	0.137399
3.795000	0.128371
3.796000	0.137399
3.797000	0.146446
3.798000	0.128371
3.799000	0.146446
3.800000	0.146446
3.801000	0.155474
3.802000	0.146446
3.803000	0.137399
3.804000	0.146446
3.805000	0.128371
3.806000	0.110297
3.807000	0.110297
3.808000	0.119343
3.809000	0.119343
3.810000	0.119343
3.811000	0.128371
3.812000	0.119343
3.813000	0.110297
3.814000	0.110297
3.815000	0.110297
3.816000	0.092241
3.817000	0.110297
3.818000	0.101269
3.819000	0.101269
3.820000	0.092241
3.821000	0.110297
3.822000	0.083213
3.823000	0.092241
3.824000	0.092241
3.825000	0.092241
3.826000	0.092241
3.827000	0.092241
3.828000	0.110297
3.829000	0.128371
3.830000	0.128371
3.831000	0.110297
3.832000	0.119343
3.833000	0.128371
3.834000	0.119343
3.835000	0.119343
3.836000	0.119343
3.837000	0.128371
3.838000	0.146446
3.839000	0.137399
3.840000	0.137399
3.841000	0.137399
3.842000	0.119343
3.843000	0.128371
3.844000	0.119343
3.845000	0.128371
3.846000	0.146446
3.847000	0.146446
3.848000	0.146446
3.849000	0.137399
3.850000	0.155474
3.851000	0.146446
3.852000	0.137399
3.853000	0.110297
3.854000	0.101269
3.855000	0.128371
3.856000	0.128371
3.857000	0.119343
3.858000	0.128371
3.859000	0.128371
3.860000	0.119343
3.861000	0.128371
3.862000	0.119343
3.863000	0.092241
3.864000	0.110297
3.865000	0.119343
3.866000	0.128371
3.867000	0.110297
3.868000	0.101269
3.869000	0.119343
3.870000	0.119343
3.871000	0.110297
3.872000	0.119343
3.873000	0.119343
3.874000	0.110297
3.875000	0.119343
3.876000	0.128371
3.877000	0.128371
3.878000	0.128371
3.879000	0.119343
3.880000	0.119343
3.881000	0.128371
3.882000	0.119343
3.883000	0.137399
3.884000	0.128371
3.885000	0.128371
3.886000	0.146446
3.887000	0.146446
3.888000	0.137399
3.889000	0.128371
3.890000	0.119343
3.891000	0.110297
3.892000	0.128371
3.893000	0.128371
3.894000	0.110297
3.895000	0.110297
3.896000	0.110297
3.897000	0.119343
3.898000	0.128371
3.899000	0.110297
3.900000	0.110297
3.901000	0.110297
3.902000	0.128371
3.903000	0.119343
3.904000	0.119343
3.905000	0.110297
3.906000	0.101269
3.907000	0.110297
3.908000	0.110297
3.909000	0.101269
3.910000	0.101269
3.911000	0.101269
3.912000	0.119343
3.913000	0.137399
3.914000	0.137399
3.915000	0.119343
3.916000	0.110297
3.917000	0.101269
3.918000	0.119343
3.919000	0.110297
3.920000	0.092241
3.921000	0.110297
3.922000	0.137399
3.923000	0.119343
3.924000	0.119343
3.925000	0.110297
3.926000	0.110297
3.927000	0.110297
3.928000	0.137399
3.929000	0.128371
3.930000	0.128371
3.931000	0.119343
3.932000	0.128371
3.933000	0.110297
3.934000	0.119343
3.935000	0.092241
3.936000	0.092241
3.937000	0.092241
3.938000	0.119343
3.939000	0.119343
3.940000	0.119343
3.941000	0.110297
3.942000	0.119343
3.943000	0.119343
3.944000	0.119343
3.945000	0.110297
3.946000	0.110297
3.947000	0.092241
3.948000	0.101269
3.949000	0.119343
3.950000	0.110297
3.951000	0.110297
3.952000	0.110297
3.953000	0.110297
3.954000	0.101269
3.955000	0.110297
3.956000	0.110297
3.957000	0.119343
3.958000	0.110297
3.959000	0.110297
3.960000	0.110297
3.961000	0.101269
3.962000	0.110297
3.963000	0.110297
3.964000	0.128371
3.965000	0.128371
3.966000	0.137399
3.967000	0.128371
3.968000	0.128371
3.969000	0.128371
3.970000	0.119343
3.971000	0.110297
3.972000	0.110297
3.973000	0.101269
3.974000	0.110297
3.975000	0.110297
3.976000	0.119343
3.977000	0.137399
3.978000	0.137399
3.979000	0.128371
3.980000	0.128371
3.981000	0.119343
3.982000	0.128371
3.983000	0.110297
3.984000	0.092241
3.985000	0.110297
3.986000	0.119343
3.987000	0.119343
3.988000	0.119343
3.989000	0.128371
3.990000	0.119343
3.991000	0.092241
3.992000	0.092241
3.993000	0.083213
3.994000	0.092241
3.995000	0.119343
3.996000	0.110297
3.997000	0.110297
3.998000	0.119343
3.999000	0.128371
4.000000	0.110297
4.001000	0.110297
4.002000	0.119343
4.003000	0.128371
4.004000	0.137399
4.005000	0.146446
4.006000	0.137399
4.007000	0.137399
4.008000	0.137399
4.009000	0.119343
4.010000	0.119343
4.011000	0.119343
4.012000	0.110297
4.013000	0.137399
4.014000	0.137399
4.015000	0.119343
4.016000	0.128371
4.017000	0.146446
4.018000	0.137399
4.019000	0.146446
4.020000	0.146446
4.021000	0.137399
4.022000	0.128371
4.023000	0.128371
4.024000	0.110297
4.025000	0.110297
4.026000	0.110297
4.027000	0.110297
4.028000	0.110297
4.029000	0.128371
4.030000	0.101269
4.031000	0.119343
4.032000	0.128371
4.033000	0.128371
4.034000	0.128371
4.035000	0.128371
4.036000	0.092241
4.037000	0.092241
4.038000	0.092241
4.039000	0.092241
4.040000	0.101269
4.041000	0.110297
4.042000	0.119343
4.043000	0.155474
4.044000	0.146446
4.045000	0.128371
4.046000	0.128371
4.047000	0.119343
4.048000	0.110297
4.049000	0.092241
4.050000	0.110297
4.051000	0.110297
4.052000	0.110297
4.053000	0.119343
4.054000	0.128371
4.055000	0.146446
4.056000	0.146446
4.057000	0.128371
4.058000	0.146446
4.059000	0.137399
4.060000	0.146446
4.061000	0.137399
4.062000	0.137399
4.063000	0.119343
4.064000	0.110297
4.065000	0.128371
4.066000	0.137399
4.067000	0.137399
4.068000	0.155474
4.069000	0.164502
4.070000	0.146446
4.071000	0.146446
4.072000	0.110297
4.073000	0.092241
4.074000	0.119343
4.075000	0.101269
4.076000	0.083213
4.077000	0.110297
4.078000	0.110297
4.079000	0.119343
4.080000	0.137399
4.081000	0.137399
4.082000	0.137399
4.083000	0.128371
4.084000	0.101269
4.085000	0.092241
4.086000	0.092241
4.087000	0.092241
4.088000	0.083213
4.089000	0.092241
4.090000	0.101269
4.091000	0.110297
4.092000	0.119343
4.093000	0.101269
4.094000	0.110297
4.095000	0.128371
4.096000	0.128371
4.097000	0.119343
4.098000	0.119343
4.099000	0.128371
4.100000	0.128371
4.101000	0.110297
4.102000	0.128371
4.103000	0.128371
4.104000	0.101269
4.105000	0.119343
4.106000	0.137399
4.107000	0.137399
4.108000	0.137399
4.109000	0.128371
4.110000	0.119343
4.111000	0.119343
4.112000	0.110297
4.113000	0.110297
4.114000	0.092241
4.115000	0.119343
4.116000	0.119343
4.117000	0.137399
4.118000	0.137399
4.119000	0.119343
4.120000	0.128371
4.121000	0.128371
4.122000	0.119343
4.123000	0.101269
4.124000	0.101269
4.125000	0.092241
4.126000	0.110297
4.127000	0.119343
4.128000	0.092241
4.129000	0.083213
4.130000	0.092241
4.131000	0.092241
4.132000	0.110297
4.133000	0.101269
4.134000	0.092241
4.135000	0.083213
4.136000	0.101269
4.137000	0.110297
4.138000	0.110297
4.139000	0.101269
4.140000	0.110297
4.141000	0.110297
4.142000	0.128371
4.143000	0.137399
4.144000	0.110297
4.145000	0.119343
4.146000	0.128371
4.147000	0.128371
4.148000	0.119343
4.149000	0.101269
4.150000	0.119343
4.151000	0.128371
4.152000	0.137399
4.153000	0.137399
4.154000	0.137399
4.155000	0.137399
4.156000	0.137399
4.157000	0.119343
4.158000	0.119343
4.159000	0.110297
4.160000	0.119343
4.161000	0.119343
4.162000	0.128371
4.163000	0.119343
4.164000	0.128371
4.165000	0.119343
4.166000	0.119343
4.167000	0.128371
4.168000	0.119343
4.169000	0.110297
4.170000	0.101269
4.171000	0.119343
4.172000	0.119343
4.173000	0.110297
4.174000	0.110297
4.175000	0.110297
4.176000	0.119343
4.177000	0.119343
4.178000	0.110297
4.179000	0.119343
4.180000	0.110297
4.181000	0.110297
4.182000	0.119343
4.183000	0.110297
4.184000	0.128371
4.185000	0.128371
4.186000	0.119343
4.187000	0.128371
4.188000	0.137399
4.189000	0.128371
4.190000	0.137399
4.191000	0.137399
4.192000	0.137399
4.193000	0.128371
4.194000	0.146446
4.195000	0.137399
4.196000	0.137399
4.197000	0.137399
4.198000	0.137399
4.199000	0.155474
4.200000	0.146446
4.201000	0.137399
4.202000	0.128371
4.203000	0.128371
4.204000	0.110297
4.205000	0.128371
4.206000	0.119343
4.207000	0.110297
4.208000	0.128371
4.209000	0.119343
4.210000	0.128371
4.211000	0.119343
4.212000	0.119343
4.213000	0.110297
4.214000	0.119343
4.215000	0.101269
4.216000	0.101269
4.217000	0.101269
4.218000	0.110297
4.219000	0.110297
4.220000	0.110297
4.221000	0.110297
4.222000	0.119343
4.223000	0.110297
4.224000	0.119343
4.225000	0.119343
4.226000	0.119343
4.227000	0.119343
4.228000	0.119343
4.229000	0.119343
4.230000	0.119343
4.231000	0.110297
4.232000	0.119343
4.233000	0.137399
4.234000	0.128371
4.235000	0.146446
4.236000	0.146446
4.237000	0.146446
4.238000	0.137399
4.239000	0.146446
4.240000	0.146446
4.241000	0.128371
4.242000	0.119343
4.243000	0.128371
4.244000	0.137399
4.245000	0.146446
4.246000	0.137399
4.247000	0.137399
4.248000	0.137399
4.249000	0.137399
4.250000	0.119343
4.251000	0.110297
4.252000	0.119343
4.253000	0.110297
4.254000	0.119343
4.255000	0.101269
4.256000	0.101269
4.257000	0.119343
4.258000	0.110297
4.259000	0.110297
4.260000	0.110297
4.261000	0.101269
4.262000	0.092241
4.263000	0.110297
4.264000	0.110297
4.265000	0.110297
4.266000	0.110297
4.267000	0.110297
4.268000	0.110297
4.269000	0.101269
4.270000	0.101269
4.271000	0.110297
4.272000	0.110297
4.273000	0.119343
4.274000	0.119343
4.275000	0.110297
4.276000	0.110297
4.277000	0.119343
4.278000	0.119343
4.279000	0.128371
4.280000	0.119343
4.281000	0.128371
4.282000	0.119343
4.283000	0.119343
4.284000	0.128371
4.285000	0.146446
4.286000	0.137399
4.287000	0.146446
4.288000	0.137399
4.289000	0.146446
4.290000	0.137399
4.291000	0.137399
4.292000	0.119343
4.293000	0.101269
4.294000	0.128371
4.295000	0.128371
4.296000	0.119343
4.297000	0.119343
4.298000	0.119343
4.299000	0.119343
4.300000	0.137399
4.301000	0.128371
4.302000	0.110297
4.303000	0.128371
4.304000	0.128371
4.305000	0.110297
4.306000	0.083213
4.307000	0.074166
4.308000	0.083213
4.309000	0.101269
4.310000	0.119343
4.311000	0.110297
4.312000	0.092241
4.313000	0.110297
4.314000	0.110297
4.315000	0.110297
4.316000	0.092241
4.317000	0.083213
4.318000	0.083213
4.319000	0.101269
4.320000	0.119343
4.321000	0.119343
4.322000	0.092241
4.323000	0.110297
4.324000	0.110297
4.325000	0.128371
4.326000	0.128371
4.327000	0.119343
4.328000	0.128371
4.329000	0.137399
4.330000	0.137399
4.331000	0.128371
4.332000	0.101269
4.333000	0.119343
4.334000	0.119343
4.335000	0.128371
4.336000	0.137399
4.337000	0.119343
4.338000	0.119343
4.339000	0.128371
4.340000	0.128371
4.341000	0.128371
4.342000	0.119343
4.343000	0.119343
4.344000	0.128371
4.345000	0.137399
4.346000	0.119343
4.347000	0.101269
4.348000	0.110297
4.349000	0.092241
4.350000	0.110297
4.351000	0.137399
4.352000	0.119343
4.353000	0.101269
4.354000	0.110297
4.355000	0.119343
4.356000	0.119343
4.357000	0.110297
4.358000	0.101269
4.359000	0.101269
4.360000	0.119343
4.361000	0.119343
4.362000	0.110297
4.363000	0.110297
4.364000	0.110297
4.365000	0.128371
4.366000	0.137399
4.367000	0.128371
4.368000	0.128371
4.369000	0.128371
4.370000	0.128371
4.371000	0.137399
4.372000	0.128371
4.373000	0.110297
4.374000	0.110297
4.375000	0.128371
4.376000	0.137399
4.377000	0.128371
4.378000	0.128371
4.379000	0.137399
4.380000	0.119343
4.381000	0.119343
4.382000	0.119343
4.383000	0.128371
4.384000	0.119343
4.385000	0.119343
4.386000	0.128371
4.387000	0.137399
4.388000	0.119343
4.389000	0.119343
4.390000	0.119343
4.391000	0.128371
4.392000	0.128371
4.393000	0.119343
4.394000	0.128371
4.395000	0.119343
4.396000	0.128371
4.397000	0.128371
4.398000	0.119343
4.399000	0.110297
4.400000	0.119343
4.401000	0.119343
4.402000	0.128371
4.403000	0.128371
4.404000	0.119343
4.405000	0.119343
4.406000	0.119343
4.407000	0.137399
4.408000	0.119343
4.409000	0.110297
4.410000	0.119343
4.411000	0.119343
4.412000	0.128371
4.413000	0.128371
4.414000	0.128371
4.415000	0.119343
4.416000	0.128371
4.417000	0.119343
4.418000	0.128371
4.419000	0.110297
4.420000	0.119343
4.421000	0.119343
4.422000	0.146446
4.423000	0.119343
4.424000	0.137399
4.425000	0.137399
4.426000	0.119343
4.427000	0.119343
4.428000	0.128371
4.429000	0.110297
4.430000	0.110297
4.431000	0.110297
4.432000	0.119343
4.433000	0.119343
4.434000	0.128371
4.435000	0.119343
4.436000	0.110297
4.437000	0.119343
4.438000	0.128371
4.439000	0.119343
4.440000	0.110297
4.441000	0.110297
4.442000	0.110297
4.443000	0.110297
4.444000	0.110297
4.445000	0.110297
4.446000	0.101269
4.447000	0.110297
4.448000	0.119343
4.449000	0.137399
4.450000	0.119343
4.451000	0.128371
4.452000	0.119343
4.453000	0.119343
4.454000	0.110297
4.455000	0.101269
4.456000	0.101269
4.457000	0.110297
4.458000	0.110297
4.459000	0.110297
4.460000	0.128371
4.461000	0.119343
4.462000	0.119343
4.463000	0.119343
4.464000	0.128371
4.465000	0.119343
4.466000	0.119343
4.467000	0.119343
4.468000	0.119343
4.469000	0.119343
4.470000	0.128371
4.471000	0.110297
4.472000	0.110297
4.473000	0.110297
4.474000	0.119343
4.475000	0.110297
4.476000	0.110297
4.477000	0.110297
4.478000	0.110297
4.479000	0.327098
4.480000	0.245809
4.481000	0.110297
4.482000	0.146446
4.483000	0.399359
4.484000	0.155474
4.485000	0.038036
4.486000	0.254837
4.487000	0.056111
4.488000	0.029008
4.489000	0.263865
4.490000	0.146446
4.491000	0.047082
4.492000	0.236763
4.493000	0.155474
4.494000	0.056111
4.495000	0.218707
4.496000	0.200632
4.497000	0.047082
4.498000	0.137399
4.499000	0.236763
4.500000	0.146446
4.501000	0.155474
4.502000	0.182576
4.503000	0.029008
4.504000	0.047082
4.505000	0.200632
4.506000	0.137399
4.507000	0.074166
4.508000	0.173530
4.509000	0.119343
4.510000	0.146446
4.511000	0.173530
4.512000	0.047082
4.513000	0.056111
4.514000	0.128371
4.515000	0.128371
4.516000	0.119343
4.517000	0.209679
4.518000	0.092241
4.519000	-0.052299
4.520000	0.092241
4.521000	0.110297
4.522000	0.019980
4.523000	0.164502
4.524000	0.182576
4.525000	0.047082
4.526000	0.128371
4.527000	0.164502
4.528000	0.065138
4.529000	0.083213
4.530000	0.092241
4.531000	0.083213
4.532000	0.191604
4.533000	0.209679
4.534000	0.092241
4.535000	0.110297
4.536000	0.182576
4.537000	0.164502
4.538000	0.119343
4.539000	0.128371
4.540000	0.146446
4.541000	0.200632
4.542000	0.227735
4.543000	0.182576
4.544000	0.092241
4.545000	0.128371
4.546000	0.146446
4.547000	0.164502
4.548000	0.182576
4.549000	0.173530
4.550000	0.137399
4.551000	0.146446
4.552000	0.164502
4.553000	0.119343
4.554000	0.083213
4.555000	0.101269
4.556000	0.155474
4.557000	0.164502
4.558000	0.155474
4.559000	0.119343
4.560000	0.047082
4.561000	0.065138
4.562000	0.110297
4.563000	0.074166
4.564000	0.119343
4.565000	0.137399
4.566000	0.083213
4.567000	0.128371
4.568000	0.155474
4.569000	0.074166
4.570000	0.038036
4.571000	0.083213
4.572000	0.092241
4.573000	0.137399
4.574000	0.146446
4.575000	0.074166
4.576000	0.083213
4.577000	0.128371
4.578000	0.110297
4.579000	0.101269
4.580000	0.227735
4.581000	0.327098
4.582000	0.110297
4.583000	0.119343
4.584000	0.263865
4.585000	0.038036
4.586000	0.101269
4.587000	0.272912
4.588000	0.056111
4.589000	0.065138
4.590000	0.227735
4.591000	0.173530
4.592000	0.146446
4.593000	0.236763
4.594000	0.074166
4.595000	0.083213
4.596000	0.236763
4.597000	0.182576
4.598000	0.110297
4.599000	0.155474
4.600000	0.164502
4.601000	0.128371
4.602000	0.128371
4.603000	0.128371
4.604000	0.056111
4.605000	0.092241
4.606000	0.146446
4.607000	0.110297
4.608000	0.092241
4.609000	0.137399
4.610000	0.083213
4.611000	0.038036
4.612000	0.119343
4.613000	0.110297
4.614000	0.083213
4.615000	0.101269
4.616000	0.083213
4.617000	0.056111
4.618000	0.101269
4.619000	0.101269
4.620000	0.038036
4.621000	0.083213
4.622000	0.110297
4.623000	0.101269
4.624000	0.128371
4.625000	0.128371
4.626000	0.074166
4.627000	0.110297
4.628000	0.155474
4.629000	0.128371
4.630000	0.101269
4.631000	0.137399
4.632000	0.137399
4.633000	0.155474
4.634000	0.164502
4.635000	0.128371
4.636000	0.110297
4.637000	0.173530
4.638000	0.155474
4.639000	0.155474
4.640000	0.173530
4.641000	0.173530
4.642000	0.137399
4.643000	0.137399
4.644000	0.137399
4.645000	0.137399
4.646000	0.137399
4.647000	0.128371
4.648000	0.128371
4.649000	0.137399
4.650000	0.137399
4.651000	0.110297
4.652000	0.092241
4.653000	0.110297
4.654000	0.128371
4.655000	0.101269
4.656000	0.092241
4.657000	0.083213
4.658000	0.083213
4.659000	0.101269
4.660000	0.092241
4.661000	0.047082
4.662000	0.056111
4.663000	0.092241
4.664000	0.092241
4.665000	0.110297
4.666000	0.083213
4.667000	0.074166
4.668000	0.110297
4.669000	0.128371
4.670000	0.083213
4.671000	0.074166
4.672000	0.110297
4.673000	0.110297
4.674000	0.110297
4.675000	0.119343
4.676000	0.110297
4.677000	0.119343
4.678000	0.146446
4.679000	0.128371
4.680000	0.128371
4.681000	0.137399
4.682000	0.146446
4.683000	0.146446
4.684000	0.155474
4.685000	0.146446
4.686000	0.146446
4.687000	0.146446
4.688000	0.137399
4.689000	0.128371
4.690000	0.137399
4.691000	0.128371
4.692000	0.119343
4.693000	0.146446
4.694000	0.146446
4.695000	0.137399
4.696000	0.146446
4.697000	0.128371
4.698000	0.110297
4.699000	0.128371
4.700000	0.119343
4.701000	0.119343
4.702000	0.101269
4.703000	0.101269
4.704000	0.101269
4.705000	0.110297
4.706000	0.092241
4.707000	0.074166
4.708000	0.074166
4.709000	0.101269
4.710000	0.101269
4.711000	0.092241
4.712000	0.083213
4.713000	0.092241
4.714000	0.101269
4.715000	0.092241
4.716000	0.101269
4.717000	0.083213
4.718000	0.092241
4.719000	0.119343
4.720000	0.119343
4.721000	0.119343
4.722000	0.128371
4.723000	0.110297
4.724000	0.110297
4.725000	0.137399
4.726000	0.128371
4.727000	0.119343
4.728000	0.128371
4.729000	0.128371
4.730000	0.146446
4.731000	0.155474
4.732000	0.146446
4.733000	0.137399
4.734000	0.137399
4.735000	0.146446
4.736000	0.164502
4.737000	0.155474
4.738000	0.128371
4.739000	0.128371
4.740000	0.155474
4.741000	0.155474
4.742000	0.146446
4.743000	0.128371
4.744000	0.119343
4.745000	0.146446
4.746000	0.137399
4.747000	0.128371
4.748000	0.128371
4.749000	0.110297
4.750000	0.128371
4.751000	0.137399
4.752000	0.119343
4.753000	0.101269
4.754000	0.110297
4.755000	0.101269
4.756000	0.110297
4.757000	0.092241
4.758000	0.101269
4.759000	0.083213
4.760000	0.110297
4.761000	0.110297
4.762000	0.110297
4.763000	0.092241
4.764000	0.092241
4.765000	0.092241
4.766000	0.110297
4.767000	0.119343
4.768000	0.110297
4.769000	0.110297
4.770000	0.119343
4.771000	0.119343
4.772000	0.128371
4.773000	0.119343
4.774000	0.110297
4.775000	0.128371
4.776000	0.137399
4.777000	0.137399
4.778000	0.137399
4.779000	0.128371
4.780000	0.146446
4.781000	0.146446
4.782000	0.146446
4.783000	0.119343
4.784000	0.137399
4.785000	0.137399
4.786000	0.146446
4.787000	0.146446
4.788000	0.128371
4.789000	0.128371
4.790000	0.128371
4.791000	0.119343
4.792000	0.128371
4.793000	0.110297
4.794000	0.128371
4.795000	0.128371
4.796000	0.128371
4.797000	0.128371
4.798000	0.110297
4.799000	0.110297
4.800000	0.110297
4.801000	0.119343
4.802000	0.119343
4.803000	0.110297
4.804000	0.119343
4.805000	0.110297
4.806000	0.092241
4.807000	0.101269
4.808000	0.119343
4.809000	0.101269
4.810000	0.092241
4.811000	0.092241
4.812000	0.101269
4.813000	0.101269
4.814000	0.101269
4.815000	0.092241
4.816000	0.092241
4.817000	0.110297
4.818000	0.110297
4.819000	0.101269
4.820000	0.110297
4.821000	0.110297
4.822000	0.110297
4.823000	0.128371
4.824000	0.119343
4.825000	0.110297
4.826000	0.119343
4.827000	0.119343
4.828000	0.119343
4.829000	0.119343
4.830000	0.128371
4.831000	0.128371
4.832000	0.137399
4.833000	0.128371
4.834000	0.146446
4.835000	0.146446
4.836000	0.128371
4.837000	0.137399
4.838000	0.128371
4.839000	0.128371
4.840000	0.137399
4.841000	0.119343
4.842000	0.137399
4.843000	0.128371
4.844000	0.128371
4.845000	0.119343
4.846000	0.110297
4.847000	0.119343
4.848000	0.119343
4.849000	0.119343
4.850000	0.119343
4.851000	0.119343
4.852000	0.110297
4.853000	0.101269
4.854000	0.110297
4.855000	0.092241
4.856000	0.083213
4.857000	0.092241
4.858000	0.101269
4.859000	0.101269
4.860000	0.101269
4.861000	0.101269
4.862000	0.110297
4.863000	0.110297
4.864000	0.110297
4.865000	0.092241
4.866000	0.110297
4.867000	0.101269
4.868000	0.110297
4.869000	0.119343
4.870000	0.110297
4.871000	0.110297
4.872000	0.110297
4.873000	0.119343
4.874000	0.119343
4.875000	0.110297
4.876000	0.119343
4.877000	0.119343
4.878000	0.128371
4.879000	0.137399
4.880000	0.137399
4.881000	0.137399
4.882000	0.137399
4.883000	0.128371
4.884000	0.128371
4.885000	0.128371
4.886000	0.128371
4.887000	0.146446
4.888000	0.137399
4.889000	0.128371
4.890000	0.146446
4.891000	0.128371
4.892000	0.137399
4.893000	0.137399
4.894000	0.128371
4.895000	0.128371
4.896000	0.119343
4.897000	0.128371
4.898000	0.128371
4.899000	0.119343
4.900000	0.119343
4.901000	0.101269
4.902000	0.110297
4.903000	0.101269
4.904000	0.092241
4.905000	0.101269
4.906000	0.110297
4.907000	0.101269
4.908000	0.110297
4.909000	0.101269
4.910000	0.092241
4.911000	0.101269
4.912000	0.110297
4.913000	0.101269
4.914000	0.110297
4.915000	0.101269
4.916000	0.110297
4.917000	0.110297
4.918000	0.110297
4.919000	0.110297
4.920000	0.110297
4.921000	0.119343
4.922000	0.119343
4.923000	0.119343
4.924000	0.128371
4.925000	0.119343
4.926000	0.128371
4.927000	0.146446
4.928000	0.128371
4.929000	0.128371
4.930000	0.146446
4.931000	0.137399
4.932000	0.137399
4.933000	0.137399
4.934000	0.146446
4.935000	0.155474
4.936000	0.146446
4.937000	0.146446
4.938000	0.137399
4.939000	0.146446
4.940000	0.137399
4.941000	0.128371
4.942000	0.128371
4.943000	0.137399
4.944000	0.119343
4.945000	0.128371
4.946000	0.119343
4.947000	0.110297
4.948000	0.119343
4.949000	0.119343
4.950000	0.110297
4.951000	0.110297
4.952000	0.128371
4.953000	0.101269
4.954000	0.101269
4.955000	0.119343
4.956000	0.101269
4.957000	0.092241
4.958000	0.101269
4.959000	0.074166
4.960000	0.092241
4.961000	0.092241
4.962000	0.110297
4.963000	0.092241
4.964000	0.101269
4.965000	0.110297
4.966000	0.101269
4.967000	0.110297
4.968000	0.119343
4.969000	0.110297
4.970000	0.110297
4.971000	0.128371
4.972000	0.119343
4.973000	0.119343
4.974000	0.128371
4.975000	0.137399
4.976000	0.119343
4.977000	0.137399
4.978000	0.137399
4.979000	0.137399
4.980000	0.146446
4.981000	0.146446
4.982000	0.146446
4.983000	0.146446
4.984000	0.146446
4.985000	0.146446
4.986000	0.128371
4.987000	0.137399
4.988000	0.137399
4.989000	0.137399
4.990000	0.146446
4.991000	0.128371
4.992000	0.128371
4.993000	0.146446
4.994000	0.119343
4.995000	0.119343
4.996000	0.119343
4.997000	0.119343
4.998000	0.110297
4.999000	0.110297
5.000000	0.119343
5.001000	0.110297
5.002000	0.119343
5.003000	0.110297
5.004000	0.101269
5.005000	0.101269
5.006000	0.083213
5.007000	0.092241
5.008000	0.083213
5.009000	0.092241
5.010000	0.083213
5.011000	0.092241
5.012000	0.083213
5.013000	0.083213
5.014000	0.092241
5.015000	0.092241
5.016000	0.092241
5.017000	0.110297
5.018000	0.110297
5.019000	0.119343
5.020000	0.110297
5.021000	0.110297
5.022000	0.119343
5.023000	0.119343
5.024000	0.110297
5.025000	0.119343
5.026000	0.128371
5.027000	0.128371
5.028000	0.137399
5.029000	0.146446
5.030000	0.146446
5.031000	0.146446
5.032000	0.128371
5.033000	0.137399
5.034000	0.155474
5.035000	0.146446
5.036000	0.146446
5.037000	0.146446
5.038000	0.137399
5.039000	0.128371
5.040000	0.128371
5.041000	0.128371
5.042000	0.119343
5.043000	0.128371
5.044000	0.110297
5.045000	0.137399
5.046000	0.128371
5.047000	0.110297
5.048000	0.119343
5.049000	0.110297
5.050000	0.110297
5.051000	0.110297
5.052000	0.092241
5.053000	0.101269
5.054000	0.092241
5.055000	0.101269
5.056000	0.101269
5.057000	0.083213
5.058000	0.092241
5.059000	0.092241
5.060000	0.092241
5.061000	0.092241
5.062000	0.101269
5.063000	0.092241
5.064000	0.092241
5.065000	0.101269
5.066000	0.119343
5.067000	0.128371
5.068000	0.128371
5.069000	0.110297
5.070000	0.119343
5.071000	0.146446
5.072000	0.128371
5.073000	0.128371
5.074000	0.137399
5.075000	0.146446
5.076000	0.164502
5.077000	0.164502
5.078000	0.155474
5.079000	0.155474
5.080000	0.164502
5.081000	0.191604
5.082000	0.182576
5.083000	0.173530
5.084000	0.173530
5.085000	0.182576
5.086000	0.173530
5.087000	0.173530
5.088000	0.155474
5.089000	0.128371
5.090000	0.164502
5.091000	0.155474
5.092000	0.128371
5.093000	0.119343
5.094000	0.137399
5.095000	0.119343
5.096000	0.128371
5.097000	0.119343
5.098000	0.074166
5.099000	0.065138
5.100000	0.101269
5.101000	0.092241
5.102000	0.065138
5.103000	0.065138
5.104000	0.065138
5.105000	0.074166
5.106000	0.074166
5.107000	0.065138
5.108000	0.065138
5.109000	0.038036
5.110000	0.056111
5.111000	0.074166
5.112000	0.065138
5.113000	0.047082
5.114000	0.065138
5.115000	0.056111
5.116000	0.083213
5.117000	0.092241
5.118000	0.083213
5.119000	0.110297
5.120000	0.119343
5.121000	0.092241
5.122000	0.128371
5.123000	0.137399
5.124000	0.092241
5.125000	0.119343
5.126000	0.146446
5.127000	0.128371
5.128000	0.146446
5.129000	0.155474
5.130000	0.137399
5.131000	0.164502
5.132000	0.182576
5.133000	0.164502
5.134000	0.137399
5.135000	0.146446
5.136000	0.146446
5.137000	0.155474
5.138000	0.146446
5.139000	0.119343
5.140000	0.128371
5.141000	0.128371
5.142000	0.146446
5.143000	0.137399
5.144000	0.110297
5.145000	0.101269
5.146000	0.092241
5.147000	0.092241
5.148000	0.092241
5.149000	0.092241
5.150000	0.092241
5.151000	0.092241
5.152000	0.101269
5.153000	0.092241
5.154000	0.065138
5.155000	0.065138
5.156000	0.074166
5.157000	0.092241
5.158000	0.092241
5.159000	0.083213
5.160000	0.074166
5.161000	0.065138
5.162000	0.092241
5.163000	0.110297
5.164000	0.092241
5.165000	0.101269
5.166000	0.146446
5.167000	0.137399
5.168000	0.146446
5.169000	0.155474
5.170000	0.137399
5.171000	0.110297
5.172000	0.146446
5.173000	0.137399
5.174000	0.128371
5.175000	0.155474
5.176000	0.164502
5.177000	0.146446
5.178000	0.191604
5.179000	0.173530
5.180000	0.128371
5.181000	0.164502
5.182000	0.182576
5.183000	0.146446
5.184000	0.173530
5.185000	0.164502
5.186000	0.110297
5.187000	0.137399
5.188000	0.164502
5.189000	0.128371
5.190000	0.128371
5.191000	0.146446
5.192000	0.119343
5.193000	0.128371
5.194000	0.137399
5.195000	0.110297
5.196000	0.092241
5.197000	0.110297
5.198000	0.101269
5.199000	0.092241
5.200000	0.092241
5.201000	0.092241
5.202000	0.083213
5.203000	0.110297
5.204000	0.092241
5.205000	0.074166
5.206000	0.074166
5.207000	0.083213
5.208000	0.074166
5.209000	0.083213
5.210000	0.092241
5.211000	0.083213
5.212000	0.092241
5.213000	0.092241
5.214000	0.119343
5.215000	0.137399
5.216000	0.101269
5.217000	0.092241
5.218000	0.119343
5.219000	0.137399
5.220000	0.146446
5.221000	0.119343
5.222000	0.119343
5.223000	0.146446
5.224000	0.146446
5.225000	0.146446
5.226000	0.146446
5.227000	0.146446
5.228000	0.092241
5.229000	0.173530
5.230000	0.182576
5.231000	0.137399
5.232000	0.155474
5.233000	0.209679
5.234000	0.119343
5.235000	0.137399
5.236000	0.173530
5.237000	0.101269
5.238000	0.110297
5.239000	0.164502
5.240000	0.128371
5.241000	0.119343
5.242000	0.155474
5.243000	0.137399
5.244000	0.083213
5.245000	0.119343
5.246000	0.110297
5.247000	0.074166
5.248000	0.110297
5.249000	0.083213
5.250000	0.047082
5.251000	0.110297
5.252000	0.137399
5.253000	0.065138
5.254000	0.074166
5.255000	0.119343
5.256000	0.065138
5.257000	0.074166
5.258000	0.128371
5.259000	0.083213
5.260000	0.056111
5.261000	0.128371
5.262000	0.128371
5.263000	0.101269
5.264000	0.101269
5.265000	0.092241
5.266000	0.092241
5.267000	0.155474
5.268000	0.128371
5.269000	0.101269
5.270000	0.155474
5.271000	0.155474
5.272000	0.128371
5.273000	0.155474
5.274000	0.173530
5.275000	0.119343
5.276000	0.155474
5.277000	0.173530
5.278000	0.146446
5.279000	0.164502
5.280000	0.182576
5.281000	0.146446
5.282000	0.137399
5.283000	0.155474
5.284000	0.173530
5.285000	0.164502
5.286000	0.128371
5.287000	0.128371
5.288000	0.164502
5.289000	0.137399
5.290000	0.110297
5.291000	0.128371
5.292000	0.128371
5.293000	0.083213
5.294000	0.074166
5.295000	0.119343
5.296000	0.092241
5.297000	0.056111
5.298000	0.056111
5.299000	0.092241
5.300000	0.092241
5.301000	0.083213
5.302000	0.083213
5.303000	0.065138
5.304000	0.065138
5.305000	0.074166
5.306000	0.074166
5.307000	0.065138
5.308000	0.065138
5.309000	0.047082
5.310000	0.083213
5.311000	0.110297
5.312000	0.074166
5.313000	0.074166
5.314000	0.092241
5.315000	0.092241
5.316000	0.119343
5.317000	0.110297
5.318000	0.137399
5.319000	0.146446
5.320000	0.128371
5.321000	0.119343
5.322000	0.119343
5.323000	0.128371
5.324000	0.119343
5.325000	0.128371
5.326000	0.146446
5.327000	0.146446
5.328000	0.137399
5.329000	0.128371
5.330000	0.146446
5.331000	0.191604
5.332000	0.128371
5.333000	0.137399
5.334000	0.155474
5.335000	0.164502
5.336000	0.128371
5.337000	0.128371
5.338000	0.083213
5.339000	0.092241
5.340000	0.128371
5.341000	0.119343
5.342000	0.065138
5.343000	0.092241
5.344000	0.128371
5.345000	0.137399
5.346000	0.110297
5.347000	0.074166
5.348000	0.110297
5.349000	0.101269
5.350000	0.101269
5.351000	0.065138
5.352000	0.119343
5.353000	0.047082
5.354000	0.047082
5.355000	0.092241
5.356000	0.119343
5.357000	0.065138
5.358000	0.083213
5.359000	0.119343
5.360000	0.092241
5.361000	0.092241
5.362000	0.119343
5.363000	0.110297
5.364000	0.083213
5.365000	0.137399
5.366000	0.128371
5.367000	0.128371
5.368000	0.137399
5.369000	0.137399
5.370000	0.128371
5.371000	0.155474
5.372000	0.110297
5.373000	0.146446
5.374000	0.164502
5.375000	0.119343
5.376000	0.146446
5.377000	0.182576
5.378000	0.164502
5.379000	0.155474
5.380000	0.155474
5.381000	0.137399
5.382000	0.182576
5.383000	0.164502
5.384000	0.119343
5.385000	0.146446
5.386000	0.164502
5.387000	0.119343
5.388000	0.164502
5.389000	0.155474
5.390000	0.110297
5.391000	0.119343
5.392000	0.128371
5.393000	0.110297
5.394000	0.128371
5.395000	0.092241
5.396000	0.074166
5.397000	0.110297
5.398000	0.110297
5.399000	0.110297
5.400000	0.128371
5.401000	0.092241
5.402000	0.056111
5.403000	0.110297
5.404000	0.128371
5.405000	0.092241
5.406000	0.065138
5.407000	0.083213
5.408000	0.119343
5.409000	0.110297
5.410000	0.083213
5.411000	0.101269
5.412000	0.128371
5.413000	0.110297
5.414000	0.092241
5.415000	0.110297
5.416000	0.155474
5.417000	0.137399
5.418000	0.137399
5.419000	0.137399
5.420000	0.146446
5.421000	0.146446
5.422000	0.146446
5.423000	0.155474
5.424000	0.155474
5.425000	0.164502
5.426000	0.173530
5.427000	0.164502
5.428000	0.155474
5.429000	0.146446
5.430000	0.155474
5.431000	0.164502
5.432000	0.155474
5.433000	0.164502
5.434000	0.146446
5.435000	0.155474
5.436000	0.137399
5.437000	0.146446
5.438000	0.137399
5.439000	0.119343
5.440000	0.119343
5.441000	0.110297
5.442000	0.119343
5.443000	0.110297
5.444000	0.110297
5.445000	0.101269
5.446000	0.101269
5.447000	0.083213
5.448000	0.101269
5.449000	0.110297
5.450000	0.083213
5.451000	0.056111
5.452000	0.083213
5.453000	0.074166
5.454000	0.065138
5.455000	0.083213
5.456000	0.083213
5.457000	0.074166
5.458000	0.092241
5.459000	0.092241
5.460000	0.083213
5.461000	0.083213
5.462000	0.083213
5.463000	0.083213
5.464000	0.101269
5.465000	0.119343
5.466000	0.110297
5.467000	0.119343
5.468000	0.128371
5.469000	0.164502
5.470000	0.119343
5.471000	0.155474
5.472000	0.155474
5.473000	0.146446
5.474000	0.146446
5.475000	0.155474
5.476000	0.119343
5.477000	0.164502
5.478000	0.164502
5.479000	0.110297
5.480000	0.155474
5.481000	0.173530
5.482000	0.119343
5.483000	0.128371
5.484000	0.173530
5.485000	0.137399
5.486000	0.137399
5.487000	0.137399
5.488000	0.128371
5.489000	0.128371
5.490000	0.110297
5.491000	0.092241
5.492000	0.110297
5.493000	0.092241
5.494000	0.083213
5.495000	0.074166
5.496000	0.092241
5.497000	0.101269
5.498000	0.074166
5.499000	0.083213
