-0.500000	0.467038
-0.499000	0.376769
-0.498000	0.467038
-0.497000	0.376769
-0.496000	0.376769
-0.495000	0.467038
-0.494000	0.376769
-0.493000	0.376769
-0.492000	0.376769
-0.491000	0.467038
-0.490000	0.467038
-0.489000	0.467038
-0.488000	0.376769
-0.487000	0.286684
-0.486000	0.467038
-0.485000	0.467038
-0.484000	0.376769
-0.483000	0.376769
-0.482000	0.286684
-0.481000	0.467038
-0.480000	0.376769
-0.479000	0.376769
-0.478000	0.467038
-0.477000	0.376769
-0.476000	0.467038
-0.475000	0.286684
-0.474000	0.557123
-0.473000	0.467038
-0.472000	0.467038
-0.471000	0.467038
-0.470000	0.376769
-0.469000	0.376769
-0.468000	0.467038
-0.467000	0.376769
-0.466000	0.467038
-0.465000	0.286684
-0.464000	0.376769
-0.463000	0.467038
-0.462000	0.376769
-0.461000	0.376769
-0.460000	0.376769
-0.459000	0.467038
-0.458000	0.467038
-0.457000	0.467038
-0.456000	0.467038
-0.455000	0.557123
-0.454000	0.467038
-0.453000	0.467038
-0.452000	0.467038
-0.451000	0.376769
-0.450000	0.376769
-0.449000	0.376769
-0.448000	0.376769
-0.447000	0.376769
-0.446000	0.467038
-0.445000	0.557123
-0.444000	0.286684
-0.443000	0.376769
-0.442000	0.376769
-0.441000	0.467038
-0.440000	0.376769
-0.439000	0.467038
-0.438000	0.467038
-0.437000	0.376769
-0.436000	0.467038
-0.435000	0.467038
-0.434000	0.376769
-0.433000	0.286684
-0.432000	0.376769
-0.431000	0.376769
-0.430000	0.376769
-0.429000	0.376769
-0.428000	0.467038
-0.427000	0.376769
-0.426000	0.467038
-0.425000	0.467038
-0.424000	0.467038
-0.423000	0.376769
-0.422000	0.376769
-0.421000	0.467038
-0.420000	0.467038
-0.419000	0.467038
-0.418000	0.467038
-0.417000	0.376769
-0.416000	0.376769
-0.415000	0.286684
-0.414000	0.467038
-0.413000	0.376769
-0.412000	0.467038
-0.411000	0.557123
-0.410000	0.467038
-0.409000	0.376769
-0.408000	0.467038
-0.407000	0.467038
-0.406000	0.376769
-0.405000	0.467038
-0.404000	0.467038
-0.403000	0.376769
-0.402000	0.376769
-0.401000	0.376769
-0.400000	0.376769
-0.399000	0.196599
-0.398000	0.376769
-0.397000	0.286684
-0.396000	0.286684
-0.395000	0.376769
-0.394000	0.557123
-0.393000	0.376769
-0.392000	0.286684
-0.391000	0.557123
-0.390000	0.467038
-0.389000	0.467038
-0.388000	0.467038
-0.387000	0.376769
-0.386000	0.376769
-0.385000	0.467038
-0.384000	0.467038
-0.383000	0.376769
-0.382000	0.376769
-0.381000	0.467038
-0.380000	0.376769
-0.379000	0.467038
-0.378000	0.557123
-0.377000	0.467038
-0.376000	0.467038
-0.375000	0.467038
-0.374000	0.467038
-0.373000	0.467038
-0.372000	0.376769
-0.371000	0.376769
-0.370000	0.376769
-0.369000	0.376769
-0.368000	0.376769
-0.367000	0.376769
-0.366000	0.286684
-0.365000	0.376769
-0.364000	0.376769
-0.363000	0.286684
-0.362000	0.467038
-0.361000	0.376769
-0.360000	0.467038
-0.359000	0.376769
-0.358000	0.286684
-0.357000	0.557123
-0.356000	0.467038
-0.355000	0.376769
-0.354000	0.467038
-0.353000	0.557123
-0.352000	0.467038
-0.351000	0.376769
-0.350000	0.467038
-0.349000	0.467038
-0.348000	0.467038
-0.347000	0.467038
-0.346000	0.467038
-0.345000	0.376769
-0.344000	0.467038
-0.343000	0.557123
-0.342000	0.557123
-0.341000	0.467038
-0.340000	0.467038
-0.339000	0.467038
-0.338000	0.467038
-0.337000	0.467038
-0.336000	0.467038
-0.335000	0.467038
-0.334000	0.557123
-0.333000	0.376769
-0.332000	0.286684
-0.331000	0.376769
-0.330000	0.376769
-0.329000	0.376769
-0.328000	0.467038
-0.327000	0.467038
-0.326000	0.286684
-0.325000	0.467038
-0.324000	0.557123
-0.323000	0.286684
-0.322000	0.467038
-0.321000	0.376769
-0.320000	0.376769
-0.319000	0.557123
-0.318000	0.557123
-0.317000	0.376769
-0.316000	0.467038
-0.315000	0.286684
-0.314000	0.467038
-0.313000	0.467038
-0.312000	0.557123
-0.311000	0.467038
-0.310000	0.376769
-0.309000	0.376769
-0.308000	0.467038
-0.307000	0.467038
-0.306000	0.467038
-0.305000	0.467038
-0.304000	0.467038
-0.303000	0.376769
-0.302000	0.467038
-0.301000	0.557123
-0.300000	0.467038
-0.299000	0.376769
-0.298000	0.467038
-0.297000	0.376769
-0.296000	0.376769
-0.295000	0.286684
-0.294000	0.376769
-0.293000	0.376769
-0.292000	0.376769
-0.291000	0.467038
-0.290000	0.467038
-0.289000	0.467038
-0.288000	0.467038
-0.287000	0.467038
-0.286000	0.467038
-0.285000	0.376769
-0.284000	0.376769
-0.283000	0.467038
-0.282000	0.376769
-0.281000	0.376769
-0.280000	0.467038
-0.279000	0.376769
-0.278000	0.467038
-0.277000	0.467038
-0.276000	0.467038
-0.275000	0.557123
-0.274000	0.557123
-0.273000	0.376769
-0.272000	0.376769
-0.271000	0.467038
-0.270000	0.467038
-0.269000	0.467038
-0.268000	0.376769
-0.267000	0.467038
-0.266000	0.376769
-0.265000	0.376769
-0.264000	0.376769
-0.263000	0.376769
-0.262000	0.467038
-0.261000	0.467038
-0.260000	0.467038
-0.259000	0.376769
-0.258000	0.467038
-0.257000	0.467038
-0.256000	0.467038
-0.255000	0.557123
-0.254000	0.557123
-0.253000	0.467038
-0.252000	0.467038
-0.251000	0.557123
-0.250000	0.376769
-0.249000	0.467038
-0.248000	0.376769
-0.247000	0.467038
-0.246000	0.376769
-0.245000	0.376769
-0.244000	0.376769
-0.243000	0.467038
-0.242000	0.467038
-0.241000	0.467038
-0.240000	0.467038
-0.239000	0.467038
-0.238000	0.557123
-0.237000	0.557123
-0.236000	0.376769
-0.235000	0.557123
-0.234000	0.467038
-0.233000	0.376769
-0.232000	0.376769
-0.231000	0.376769
-0.230000	0.467038
-0.229000	0.557123
-0.228000	0.467038
-0.227000	0.376769
-0.226000	0.376769
-0.225000	0.376769
-0.224000	0.557123
-0.223000	0.376769
-0.222000	0.467038
-0.221000	0.376769
-0.220000	0.467038
-0.219000	0.467038
-0.218000	0.467038
-0.217000	0.376769
-0.216000	0.376769
-0.215000	0.376769
-0.214000	0.376769
-0.213000	0.376769
-0.212000	0.376769
-0.211000	0.467038
-0.210000	0.376769
-0.209000	0.647208
-0.208000	0.467038
-0.207000	0.376769
-0.206000	0.376769
-0.205000	0.467038
-0.204000	0.467038
-0.203000	0.376769
-0.202000	0.376769
-0.201000	0.467038
-0.200000	0.286684
-0.199000	0.376769
-0.198000	0.376769
-0.197000	0.467038
-0.196000	0.376769
-0.195000	0.376769
-0.194000	0.376769
-0.193000	0.376769
-0.192000	0.467038
-0.191000	0.467038
-0.190000	0.286684
-0.189000	0.467038
-0.188000	0.376769
-0.187000	0.467038
-0.186000	0.467038
-0.185000	0.557123
-0.184000	0.376769
-0.183000	0.376769
-0.182000	0.467038
-0.181000	0.376769
-0.180000	0.286684
-0.179000	0.467038
-0.178000	0.376769
-0.177000	0.286684
-0.176000	0.467038
-0.175000	0.467038
-0.174000	0.467038
-0.173000	0.286684
-0.172000	0.376769
-0.171000	0.467038
-0.170000	0.376769
-0.169000	0.376769
-0.168000	0.467038
-0.167000	0.376769
-0.166000	0.286684
-0.165000	0.467038
-0.164000	0.467038
-0.163000	0.376769
-0.162000	0.467038
-0.161000	0.376769
-0.160000	0.467038
-0.159000	0.376769
-0.158000	0.467038
-0.157000	0.467038
-0.156000	0.376769
-0.155000	0.467038
-0.154000	0.376769
-0.153000	0.467038
-0.152000	0.376769
-0.151000	0.376769
-0.150000	0.376769
-0.149000	0.467038
-0.148000	0.376769
-0.147000	0.467038
-0.146000	0.376769
-0.145000	0.467038
-0.144000	0.467038
-0.143000	0.467038
-0.142000	0.557123
-0.141000	0.376769
-0.140000	0.467038
-0.139000	0.467038
-0.138000	0.467038
-0.137000	0.467038
-0.136000	0.467038
-0.135000	0.467038
-0.134000	0.376769
-0.133000	0.376769
-0.132000	0.376769
-0.131000	0.376769
-0.130000	0.286684
-0.129000	0.376769
-0.128000	0.467038
-0.127000	0.376769
-0.126000	0.467038
-0.125000	0.557123
-0.124000	0.557123
-0.123000	0.376769
-0.122000	0.376769
-0.121000	0.557123
-0.120000	0.376769
-0.119000	0.467038
-0.118000	0.467038
-0.117000	0.376769
-0.116000	0.467038
-0.115000	0.376769
-0.114000	0.376769
-0.113000	0.376769
-0.112000	0.467038
-0.111000	0.286684
-0.110000	0.376769
-0.109000	0.376769
-0.108000	0.376769
-0.107000	0.467038
-0.106000	0.467038
-0.105000	0.467038
-0.104000	0.467038
-0.103000	0.286684
-0.102000	0.467038
-0.101000	0.557123
-0.100000	0.376769
-0.099000	0.376769
-0.098000	0.376769
-0.097000	0.557123
-0.096000	0.286684
-0.095000	0.376769
-0.094000	0.376769
-0.093000	0.376769
-0.092000	0.467038
-0.091000	0.467038
-0.090000	0.376769
-0.089000	0.467038
-0.088000	0.467038
-0.087000	0.467038
-0.086000	0.467038
-0.085000	0.557123
-0.084000	0.376769
-0.083000	0.376769
-0.082000	0.467038
-0.081000	0.467038
-0.080000	0.467038
-0.079000	0.467038
-0.078000	0.376769
-0.077000	0.467038
-0.076000	0.557123
-0.075000	0.557123
-0.074000	0.376769
-0.073000	0.647208
-0.072000	0.467038
-0.071000	0.467038
-0.070000	0.467038
-0.069000	0.467038
-0.068000	0.376769
-0.067000	0.467038
-0.066000	0.376769
-0.065000	0.376769
-0.064000	0.286684
-0.063000	0.467038
-0.062000	0.467038
-0.061000	0.467038
-0.060000	0.376769
-0.059000	0.467038
-0.058000	0.376769
-0.057000	0.467038
-0.056000	0.467038
-0.055000	0.467038
-0.054000	0.467038
-0.053000	0.376769
-0.052000	0.376769
-0.051000	0.376769
-0.050000	0.467038
-0.049000	0.376769
-0.048000	0.376769
-0.047000	0.286684
-0.046000	0.286684
-0.045000	0.467038
-0.044000	0.286684
-0.043000	0.196599
-0.042000	0.376769
-0.041000	0.286684
-0.040000	0.286684
-0.039000	0.286684
-0.038000	0.376769
-0.037000	0.286684
-0.036000	0.467038
-0.035000	0.376769
-0.034000	0.467038
-0.033000	0.376769
-0.032000	0.557123
-0.031000	0.286684
-0.030000	-0.254194
-0.029000	-0.704803
-0.028000	-1.335770
-0.027000	-1.786370
-0.026000	-1.516120
-0.025000	-1.065330
-0.024000	-0.794888
-0.023000	-1.335770
-0.022000	-1.876640
-0.021000	-2.868130
-0.020000	-3.949700
-0.019000	-4.941190
-0.018000	-6.293200
-0.017000	-7.555120
-0.016000	-7.915650
-0.015000	-8.186090
-0.014000	-8.276360
-0.013000	-8.366440
-0.012000	-8.366440
-0.011000	-8.817050
-0.010000	-8.997400
-0.009000	-8.817050
-0.008000	-9.628370
-0.007000	-10.800000
-0.006000	-11.250800
-0.005000	-12.873300
-0.004000	-14.045100
-0.003000	-14.405600
-0.002000	-13.594300
-0.001000	-11.881800
0.000000	-9.718450
0.001000	-7.645390
0.002000	-4.670750
0.003000	-2.327250
0.004000	-0.794888
0.005000	1.188090
0.006000	2.179570
0.007000	3.171060
0.008000	4.703420
0.009000	5.514560
0.010000	6.325870
0.011000	5.875260
0.012000	8.218760
0.013000	9.210250
0.014000	10.922800
0.015000	10.832700
0.016000	10.021600
0.017000	10.291800
0.018000	10.382100
0.019000	12.455100
0.020000	13.356500
0.021000	14.348000
0.022000	14.618500
0.023000	13.176200
0.024000	12.275000
0.025000	10.742600
0.026000	8.849720
0.027000	6.235790
0.028000	3.711940
0.029000	1.368440
0.030000	-0.434364
0.031000	-0.975242
0.032000	-1.786370
0.033000	-2.237170
0.034000	-3.138570
0.035000	-4.220140
0.036000	-5.211630
0.037000	-5.842590
0.038000	-6.383470
0.039000	-7.194600
0.040000	-7.915650
0.041000	-8.907320
0.042000	-9.718450
0.043000	-9.808540
0.044000	-9.808540
0.045000	-8.817050
0.046000	-7.915650
0.047000	-7.104520
0.048000	-6.563640
0.049000	-6.022940
0.050000	-5.211630
0.051000	-4.490580
0.052000	-3.408820
0.053000	-2.597690
0.054000	-1.966730
0.055000	-1.696290
0.056000	-1.786370
0.057000	-1.606200
0.058000	-0.794888
0.059000	0.827562
0.060000	3.351410
0.061000	1.098000
0.062000	0.557123
0.063000	2.720450
0.064000	0.467038
0.065000	0.106514
0.066000	-9.538280
0.067000	-17.380100
0.068000	-15.397100
0.069000	-17.019600
0.070000	-7.014430
0.071000	-13.323900
0.072000	-15.757600
0.073000	-16.118200
0.074000	-15.126700
0.075000	-8.005920
0.076000	-7.194600
0.077000	-3.589180
0.078000	-14.946300
0.079000	-15.307000
0.080000	-18.642000
0.081000	-16.388599
0.082000	-6.022940
0.083000	-6.383470
0.084000	-0.524449
0.085000	-3.138570
0.086000	-1.425850
0.087000	2.540100
0.088000	2.540100
0.089000	7.046920
0.090000	5.244300
0.091000	-1.335770
0.092000	-3.318740
0.093000	-8.726960
0.094000	-3.589180
0.095000	-0.163925
0.096000	3.351410
0.097000	2.720450
0.098000	-6.113030
0.099000	-6.924160
0.100000	-11.521300
0.101000	-9.177570
0.102000	-9.357930
0.103000	-14.225300
0.104000	-16.568800
0.105000	-21.075800
0.106000	-21.796801
0.107000	-15.036600
0.108000	-25.131800
0.109000	-20.625000
0.110000	-27.926100
0.111000	-22.608000
0.112000	-28.376699
0.113000	-34.596298
0.114000	-34.235699
0.115000	-30.990601
0.116000	-18.642000
0.117000	-18.281500
0.118000	-13.053600
0.119000	-20.805300
0.120000	-16.298500
0.121000	-13.954800
0.122000	-8.366440
0.123000	-0.885157
0.124000	-1.335770
0.125000	-4.220140
0.126000	-17.830700
0.127000	-21.526400
0.128000	-13.954800
0.129000	-13.684400
0.130000	3.441500
0.131000	-0.975242
0.132000	-7.645390
0.133000	-11.611300
0.134000	-15.487200
0.135000	-1.516120
0.136000	-6.924160
0.137000	-7.104520
0.138000	-9.808540
0.139000	-26.033199
0.140000	-28.557100
0.141000	-26.033199
0.142000	-23.419300
0.143000	-15.757600
0.144000	-10.709900
0.145000	-13.233800
0.146000	-15.216800
0.147000	-22.427799
0.148000	-22.247400
0.149000	-18.191401
0.150000	-19.273001
0.151000	-15.577300
0.152000	-18.011101
0.153000	-17.470200
0.154000	-15.216800
0.155000	-18.371599
0.156000	-13.594300
0.157000	-10.079000
0.158000	-5.662240
0.159000	-6.653910
0.160000	-9.177570
0.161000	-11.250800
0.162000	-12.873300
0.163000	-12.602800
0.164000	-11.160700
0.165000	-11.881800
0.166000	-16.749100
0.167000	-21.075800
0.168000	-21.796801
0.169000	-19.363100
0.170000	-17.019600
0.171000	-15.487200
0.172000	-21.256001
0.173000	-19.903900
0.174000	-25.762800
0.175000	-20.715099
0.176000	-17.380100
0.177000	-19.002501
0.178000	-16.839199
0.179000	-17.830700
0.180000	-19.813900
0.181000	-24.050200
0.182000	-23.689699
0.183000	-21.976999
0.184000	-18.551901
0.185000	-19.633499
0.186000	-22.517900
0.187000	-27.565599
0.188000	-29.188000
0.189000	-23.779800
0.190000	-22.067301
0.191000	-18.371599
0.192000	-15.487200
0.193000	-15.757600
0.194000	-14.856200
0.195000	-12.873300
0.196000	-9.087490
0.197000	-9.628370
0.198000	-16.929501
0.199000	-22.247400
0.200000	-24.681200
0.201000	-24.771299
0.202000	-24.771299
0.203000	-22.517900
0.204000	-20.174400
0.205000	-22.698200
0.206000	-24.681200
0.207000	-23.960199
0.208000	-19.723600
0.209000	-19.813900
0.210000	-17.921000
0.211000	-21.256001
0.212000	-20.715099
0.213000	-23.689699
0.214000	-22.157400
0.215000	-16.478701
0.216000	-16.478701
0.217000	-17.740601
0.218000	-19.543400
0.219000	-21.346001
0.220000	-22.878401
0.221000	-23.058800
0.222000	-64.251099
0.223000	30.482401
0.224000	77.533798
0.225000	113.318001
0.226000	31.293800
0.227000	7.137190
0.228000	-61.457001
0.229000	-75.698601
0.230000	-77.952003
0.231000	-76.329498
0.232000	-42.348000
0.233000	-61.907600
0.234000	-44.331001
0.235000	-49.288601
0.236000	-19.363100
0.237000	10.472200
0.238000	24.173000
0.239000	15.970500
0.240000	-14.766200
0.241000	-36.038399
0.242000	-40.545200
0.243000	-27.475500
0.244000	-32.973801
0.245000	-36.218700
0.246000	-45.863300
0.247000	-50.189800
0.248000	-40.274700
0.249000	-31.261101
0.250000	-17.019600
0.251000	-24.500900
0.252000	-24.500900
0.253000	-25.672701
0.254000	-22.878401
0.255000	-9.267840
0.256000	-2.868130
0.257000	2.720450
0.258000	-5.121540
0.259000	-14.946300
0.260000	-28.917601
0.261000	-33.694901
0.262000	-32.973801
0.263000	-27.836000
0.264000	-19.723600
0.265000	-24.050200
0.266000	-27.114799
0.267000	-36.669300
0.268000	-42.708500
0.269000	-50.820702
0.270000	-58.662701
0.271000	-56.048801
0.272000	-50.280102
0.273000	-39.914200
0.274000	-36.669300
0.275000	-41.536701
0.276000	-46.854801
0.277000	-52.172901
0.278000	-50.910999
0.279000	-46.404202
0.280000	-43.970402
0.281000	-42.618401
0.282000	-51.451698
0.283000	-53.434898
0.284000	-37.300301
0.285000	-6.203110
0.286000	27.778400
0.287000	31.383801
0.288000	4.162550
0.289000	-36.308800
0.290000	-65.062500
0.291000	-62.718800
0.292000	-44.691502
0.293000	-28.466999
0.294000	-22.698200
0.295000	-26.303699
0.296000	-29.278099
0.297000	-28.286600
0.298000	-28.286600
0.299000	-31.711901
0.300000	-37.210201
0.301000	-36.939800
0.302000	-35.046902
0.303000	-32.793499
0.304000	-31.621599
0.305000	-37.751099
0.306000	-40.274700
0.307000	-41.356499
0.308000	-35.858200
0.309000	-35.136902
0.310000	-40.365002
0.311000	-46.223801
0.312000	-52.713600
0.313000	-49.649101
0.314000	-42.708500
0.315000	-32.973801
0.316000	-24.771299
0.317000	-19.453100
0.318000	-18.191401
0.319000	-18.732100
0.320000	-22.788300
0.321000	-25.943100
0.322000	-28.557100
0.323000	-24.410801
0.324000	-19.092600
0.325000	-11.070500
0.326000	-4.130060
0.327000	-8.817050
0.328000	-13.323900
0.329000	-28.647200
0.330000	-35.046902
0.331000	-39.193199
0.332000	-38.922699
0.333000	-30.990601
0.334000	-28.106300
0.335000	-22.698200
0.336000	-24.591101
0.337000	-31.531500
0.338000	-37.480598
0.339000	-43.339500
0.340000	-41.086102
0.341000	-33.334301
0.342000	-23.689699
0.343000	-20.264500
0.344000	-19.273001
0.345000	-21.075800
0.346000	-26.574100
0.347000	-27.745701
0.348000	-26.934601
0.349000	-25.672701
0.350000	-22.067301
0.351000	-22.608000
0.352000	-21.796801
0.353000	-20.084101
0.354000	-19.182899
0.355000	-13.414100
0.356000	-12.242300
0.357000	-10.800000
0.358000	-10.980400
0.359000	-13.774700
0.360000	-15.036600
0.361000	-20.174400
0.362000	-18.551901
0.363000	-20.625000
0.364000	-18.642000
0.365000	-16.839199
0.366000	-17.830700
0.367000	-20.264500
0.368000	-21.886900
0.369000	-24.140301
0.370000	-24.500900
0.371000	-22.247400
0.372000	-20.715099
0.373000	-16.298500
0.374000	-13.954800
0.375000	-13.414100
0.376000	-14.766200
0.377000	-19.363100
0.378000	-19.453100
0.379000	-20.985500
0.380000	-19.453100
0.381000	-17.740601
0.382000	-17.199699
0.383000	-13.594300
0.384000	-12.061900
0.385000	-10.800000
0.386000	-10.079000
0.387000	-11.791700
0.388000	-13.414100
0.389000	-12.332400
0.390000	-11.431000
0.391000	-9.448010
0.392000	-8.096000
0.393000	-8.817050
0.394000	-7.465040
0.395000	-10.169200
0.396000	-9.177570
0.397000	-11.971900
0.398000	-11.611300
0.399000	-10.980400
0.400000	-12.602800
0.401000	-9.357930
0.402000	-10.800000
0.403000	-9.177570
0.404000	-8.456530
0.405000	-9.898810
0.406000	-9.988890
0.407000	-10.980400
0.408000	-12.061900
0.409000	-13.323900
0.410000	-13.774700
0.411000	-12.692900
0.412000	-12.512700
0.413000	-12.422700
0.414000	-10.800000
0.415000	-10.800000
0.416000	-9.087490
0.417000	-8.817050
0.418000	-8.096000
0.419000	-7.735480
0.420000	-7.645390
0.421000	-8.366440
0.422000	-10.079000
0.423000	-9.448010
0.424000	-11.160700
0.425000	-11.070500
0.426000	-8.366440
0.427000	-7.104520
0.428000	-7.374950
0.429000	-4.220140
0.430000	-3.318740
0.431000	-0.073840
0.432000	0.376769
0.433000	0.016245
0.434000	0.557123
0.435000	0.196599
0.436000	-2.327250
0.437000	-2.597690
0.438000	-4.220140
0.439000	-4.220140
0.440000	-4.400490
0.441000	-5.482070
0.442000	-2.507610
0.443000	-3.679260
0.444000	-2.507610
0.445000	-1.696290
0.446000	-2.958220
0.447000	-1.786370
0.448000	-1.245680
0.449000	-2.327250
0.450000	-0.704803
0.451000	-3.679260
0.452000	-2.507610
0.453000	-2.327250
0.454000	-2.237170
0.455000	0.917647
0.456000	0.196599
0.457000	1.728960
0.458000	4.793510
0.459000	2.990890
0.460000	7.677880
0.461000	5.875260
0.462000	9.029890
0.463000	6.866750
0.464000	2.269660
0.465000	3.171060
0.466000	0.557123
0.467000	2.179570
0.468000	2.720450
0.469000	4.703420
0.470000	9.480690
0.471000	9.570770
0.472000	7.858240
0.473000	7.046920
0.474000	2.900620
0.475000	1.098000
0.476000	0.647208
0.477000	-0.434364
0.478000	1.638690
0.479000	0.196599
0.480000	-0.344279
0.481000	0.106514
0.482000	-0.163925
0.483000	4.342900
0.484000	2.179570
0.485000	5.424470
0.486000	5.063950
0.487000	3.802020
0.488000	6.325870
0.489000	5.424470
0.490000	8.849720
0.491000	12.094600
0.492000	12.004500
0.493000	11.463700
0.494000	13.897400
0.495000	12.455100
0.496000	16.781799
0.497000	14.077600
0.498000	14.438100
0.499000	12.815700
0.500000	9.480690
0.501000	11.644000
0.502000	11.553700
0.503000	14.167700
0.504000	13.807200
0.505000	9.841210
0.506000	10.652300
0.507000	8.128680
0.508000	8.038410
0.509000	9.120160
0.510000	7.587800
0.511000	7.587800
0.512000	6.686400
0.513000	4.523070
0.514000	4.523070
0.515000	5.694910
0.516000	7.677880
0.517000	8.398930
0.518000	9.390600
0.519000	10.742600
0.520000	10.201700
0.521000	12.635500
0.522000	12.184700
0.523000	13.627000
0.524000	16.871901
0.525000	14.438100
0.526000	17.863400
0.527000	17.412800
0.528000	18.313999
0.529000	23.271601
0.530000	20.116800
0.531000	23.632099
0.532000	21.559099
0.533000	19.846300
0.534000	21.108299
0.535000	19.125299
0.536000	19.305500
0.537000	19.215401
0.538000	16.601400
0.539000	17.322500
0.540000	13.627000
0.541000	14.708600
0.542000	13.987500
0.543000	14.888900
0.544000	14.708600
0.545000	14.979000
0.546000	16.421101
0.547000	15.700000
0.548000	16.240900
0.549000	18.133801
0.550000	16.601400
0.551000	18.313999
0.552000	18.313999
0.553000	18.223900
0.554000	21.378700
0.555000	20.567400
0.556000	23.542000
0.557000	23.451799
0.558000	24.082701
0.559000	28.589600
0.560000	28.860001
0.561000	31.834600
0.562000	32.195202
0.563000	30.482401
0.564000	32.735901
0.565000	31.293800
0.566000	30.662800
0.567000	31.473900
0.568000	30.212200
0.569000	28.499500
0.570000	27.237499
0.571000	24.713699
0.572000	25.344700
0.573000	23.722200
0.574000	24.893999
0.575000	25.975599
0.576000	24.804001
0.577000	25.705200
0.578000	23.812500
0.579000	25.705200
0.580000	24.713699
0.581000	26.065901
0.582000	25.975599
0.583000	25.525000
0.584000	24.353201
0.585000	24.713699
0.586000	25.344700
0.587000	28.138901
0.588000	29.671301
0.589000	31.023300
0.590000	30.662800
0.591000	30.662800
0.592000	31.023300
0.593000	34.719002
0.594000	35.349998
0.595000	36.882198
0.596000	37.423000
0.597000	36.521599
0.598000	38.324402
0.599000	35.620201
0.600000	35.620201
0.601000	33.276699
0.602000	31.473900
0.603000	30.843000
0.604000	31.924700
0.605000	31.744400
0.606000	30.031799
0.607000	28.860001
0.608000	28.048901
0.609000	28.950300
0.610000	30.031799
0.611000	30.392401
0.612000	30.121901
0.613000	28.679800
0.614000	29.220501
0.615000	31.293800
0.616000	32.014801
0.617000	32.014801
0.618000	31.113400
0.619000	30.392401
0.620000	31.834600
0.621000	33.457100
0.622000	35.980900
0.623000	37.423000
0.624000	37.242699
0.625000	37.693501
0.626000	38.234402
0.627000	39.586399
0.628000	40.757999
0.629000	41.208801
0.630000	41.118698
0.631000	39.405998
0.632000	38.324402
0.633000	37.873600
0.634000	37.423000
0.635000	37.963902
0.636000	36.882198
0.637000	36.611698
0.638000	34.899200
0.639000	32.735901
0.640000	32.195202
0.641000	31.834600
0.642000	34.088100
0.643000	33.637299
0.644000	32.735901
0.645000	30.482401
0.646000	28.499500
0.647000	28.319300
0.648000	29.130400
0.649000	29.581200
0.650000	30.482401
0.651000	30.843000
0.652000	31.293800
0.653000	32.104900
0.654000	32.104900
0.655000	32.285198
0.656000	32.014801
0.657000	31.203699
0.658000	30.752899
0.659000	31.113400
0.660000	31.834600
0.661000	32.285198
0.662000	33.907700
0.663000	34.358299
0.664000	33.997799
0.665000	33.457100
0.666000	32.735901
0.667000	32.826099
0.668000	32.916199
0.669000	32.555698
0.670000	32.195202
0.671000	30.752899
0.672000	30.031799
0.673000	28.950300
0.674000	28.229000
0.675000	27.327801
0.676000	27.237499
0.677000	27.507999
0.678000	27.778400
0.679000	28.679800
0.680000	29.040300
0.681000	29.761400
0.682000	30.212200
0.683000	30.572701
0.684000	30.662800
0.685000	30.572701
0.686000	30.482401
0.687000	30.302299
0.688000	31.293800
0.689000	31.383801
0.690000	31.473900
0.691000	31.293800
0.692000	31.293800
0.693000	31.654301
0.694000	32.285198
0.695000	33.186600
0.696000	33.457100
0.697000	33.907700
0.698000	33.997799
0.699000	33.096600
0.700000	32.285198
0.701000	30.662800
0.702000	29.671301
0.703000	28.409401
0.704000	26.877001
0.705000	25.975599
0.706000	25.254601
0.707000	25.795500
0.708000	25.705200
0.709000	26.156000
0.710000	26.336100
0.711000	26.246099
0.712000	26.156000
0.713000	26.156000
0.714000	25.885500
0.715000	26.336100
0.716000	26.426399
0.717000	26.156000
0.718000	25.975599
0.719000	25.164499
0.720000	24.804001
0.721000	24.893999
0.722000	24.713699
0.723000	25.885500
0.724000	26.156000
0.725000	27.147499
0.726000	28.048901
0.727000	29.310801
0.728000	30.031799
0.729000	30.302299
0.730000	30.302299
0.731000	29.941799
0.732000	28.499500
0.733000	27.598101
0.734000	26.516500
0.735000	26.246099
0.736000	26.246099
0.737000	25.164499
0.738000	24.713699
0.739000	23.812500
0.740000	23.181499
0.741000	23.181499
0.742000	23.632099
0.743000	23.632099
0.744000	23.902599
0.745000	23.542000
0.746000	22.730700
0.747000	22.099800
0.748000	20.387199
0.749000	20.387199
0.750000	20.837799
0.751000	19.936399
0.752000	21.108299
0.753000	21.559099
0.754000	20.928101
0.755000	22.640600
0.756000	22.640600
0.757000	23.812500
0.758000	26.065901
0.759000	25.615101
0.760000	26.696899
0.761000	25.074200
0.762000	24.804001
0.763000	25.615101
0.764000	24.533501
0.765000	25.525000
0.766000	25.074200
0.767000	23.632099
0.768000	23.361700
0.769000	21.649099
0.770000	21.378700
0.771000	21.288601
0.772000	21.739201
0.773000	21.018200
0.774000	20.387199
0.775000	19.936399
0.776000	17.773300
0.777000	17.953501
0.778000	16.962000
0.779000	17.412800
0.780000	17.502800
0.781000	15.610000
0.782000	15.519900
0.783000	14.979000
0.784000	14.708600
0.785000	16.511400
0.786000	16.511400
0.787000	16.871901
0.788000	17.773300
0.789000	16.781799
0.790000	18.043699
0.791000	16.871901
0.792000	17.232401
0.793000	18.494301
0.794000	17.412800
0.795000	17.232401
0.796000	17.592899
0.797000	16.421101
0.798000	16.962000
0.799000	16.421101
0.800000	15.700000
0.801000	16.150801
0.802000	16.060600
0.803000	14.708600
0.804000	15.069100
0.805000	13.717100
0.806000	13.987500
0.807000	13.356500
0.808000	12.094600
0.809000	12.004500
0.810000	10.291800
0.811000	10.291800
0.812000	9.210250
0.813000	8.849720
0.814000	9.841210
0.815000	9.120160
0.816000	10.111600
0.817000	7.767970
0.818000	8.218760
0.819000	9.029890
0.820000	6.686400
0.821000	9.660860
0.822000	8.669370
0.823000	9.660860
0.824000	9.931300
0.825000	10.742600
0.826000	10.291800
0.827000	10.832700
0.828000	10.201700
0.829000	11.553700
0.830000	10.742600
0.831000	9.931300
0.832000	9.751130
0.833000	7.948320
0.834000	8.128680
0.835000	8.669370
0.836000	5.154030
0.837000	9.029890
0.838000	4.432980
0.839000	5.154030
0.840000	4.252810
0.841000	2.179570
0.842000	4.252810
0.843000	1.819050
0.844000	3.080970
0.845000	0.917647
0.846000	2.089490
0.847000	0.376769
0.848000	1.728960
0.849000	0.557123
0.850000	-0.344279
0.851000	0.286684
0.852000	-0.434364
0.853000	0.106514
0.854000	0.467038
0.855000	0.467038
0.856000	1.999220
0.857000	1.007730
0.858000	1.909130
0.859000	0.557123
0.860000	2.359930
0.861000	1.548610
0.862000	2.179570
0.863000	2.540100
0.864000	0.737477
0.865000	1.909130
0.866000	-0.975242
0.867000	0.557123
0.868000	-1.966730
0.869000	-0.344279
0.870000	-3.949700
0.871000	-1.516120
0.872000	-4.851100
0.873000	-3.499090
0.874000	-4.941190
0.875000	-3.949700
0.876000	-5.301710
0.877000	-6.383470
0.878000	-7.014430
0.879000	-8.546610
0.880000	-7.194600
0.881000	-8.096000
0.882000	-7.465040
0.883000	-8.096000
0.884000	-8.907320
0.885000	-9.988890
0.886000	-8.726960
0.887000	-10.169200
0.888000	-7.284870
0.889000	-10.079000
0.890000	-6.563640
0.891000	-8.636880
0.892000	-7.465040
0.893000	-6.293200
0.894000	-9.357930
0.895000	-6.834080
0.896000	-9.087490
0.897000	-8.186090
0.898000	-7.194600
0.899000	-9.538280
0.900000	-9.267840
0.901000	-10.349400
0.902000	-12.152200
0.903000	-10.980400
0.904000	-12.512700
0.905000	-12.061900
0.906000	-12.152200
0.907000	-13.954800
0.908000	-14.856200
0.909000	-15.036600
0.910000	-17.019600
0.911000	-13.143700
0.912000	-16.478701
0.913000	-13.954800
0.914000	-17.109699
0.915000	-19.092600
0.916000	-17.650499
0.917000	-20.985500
0.918000	-16.568800
0.919000	-19.092600
0.920000	-17.830700
0.921000	-17.380100
0.922000	-19.273001
0.923000	-16.929501
0.924000	-18.191401
0.925000	-16.659000
0.926000	-17.290001
0.927000	-16.568800
0.928000	-18.011101
0.929000	-17.019600
0.930000	-18.191401
0.931000	-17.740601
0.932000	-17.921000
0.933000	-19.813900
0.934000	-19.273001
0.935000	-20.805300
0.936000	-19.182899
0.937000	-20.354500
0.938000	-21.165899
0.939000	-20.534901
0.940000	-22.427799
0.941000	-22.067301
0.942000	-22.337500
0.943000	-23.329201
0.944000	-22.337500
0.945000	-25.041700
0.946000	-23.148800
0.947000	-26.123301
0.948000	-25.221901
0.949000	-25.312201
0.950000	-26.033199
0.951000	-26.123301
0.952000	-26.033199
0.953000	-25.582600
0.954000	-25.582600
0.955000	-25.852900
0.956000	-26.844500
0.957000	-25.041700
0.958000	-25.582600
0.959000	-24.591101
0.960000	-23.779800
0.961000	-25.312201
0.962000	-24.140301
0.963000	-26.213600
0.964000	-25.852900
0.965000	-25.943100
0.966000	-27.205099
0.967000	-26.123301
0.968000	-27.836000
0.969000	-28.016199
0.970000	-28.917601
0.971000	-29.368200
0.972000	-29.728901
0.973000	-28.917601
0.974000	-29.999201
0.975000	-29.999201
0.976000	-30.810499
0.977000	-32.162498
0.978000	-31.621599
0.979000	-33.063900
0.980000	-31.802000
0.981000	-33.244202
0.982000	-33.153999
0.983000	-33.514500
0.984000	-34.686298
0.985000	-33.514500
0.986000	-34.055401
0.987000	-33.153999
0.988000	-32.252602
0.989000	-33.153999
0.990000	-31.802000
0.991000	-33.063900
0.992000	-32.432899
0.993000	-31.802000
0.994000	-31.892000
0.995000	-31.351400
0.996000	-31.351400
0.997000	-31.802000
0.998000	-31.621599
0.999000	-32.522999
1.000000	-31.982300
1.001000	-31.621599
1.002000	-32.522999
1.003000	-31.892000
1.004000	-33.153999
1.005000	-33.063900
1.006000	-33.424400
1.007000	-33.784901
1.008000	-33.063900
1.009000	-33.244202
1.010000	-33.875000
1.011000	-33.694901
1.012000	-34.596298
1.013000	-34.235699
1.014000	-34.506001
1.015000	-34.415901
1.016000	-33.784901
1.017000	-34.325802
1.018000	-34.235699
1.019000	-34.145500
1.020000	-34.415901
1.021000	-33.514500
1.022000	-33.424400
1.023000	-32.793499
1.024000	-32.072399
1.025000	-32.342800
1.026000	-31.621599
1.027000	-31.892000
1.028000	-31.531500
1.029000	-30.900600
1.030000	-30.990601
1.031000	-30.900600
1.032000	-31.080900
1.033000	-31.261101
1.034000	-30.990601
1.035000	-31.441401
1.036000	-31.351400
1.037000	-31.621599
1.038000	-32.162498
1.039000	-32.072399
1.040000	-32.522999
1.041000	-32.342800
1.042000	-31.802000
1.043000	-32.252602
1.044000	-32.072399
1.045000	-32.522999
1.046000	-32.793499
1.047000	-32.703400
1.048000	-32.703400
1.049000	-32.342800
1.050000	-31.892000
1.051000	-32.162498
1.052000	-31.621599
1.053000	-31.802000
1.054000	-31.531500
1.055000	-31.171000
1.056000	-30.720400
1.057000	-30.089399
1.058000	-29.638599
1.059000	-29.188000
1.060000	-29.097900
1.061000	-28.737200
1.062000	-28.376699
1.063000	-28.016199
1.064000	-27.745701
1.065000	-27.385201
1.066000	-27.475500
1.067000	-27.655701
1.068000	-27.926100
1.069000	-28.376699
1.070000	-28.557100
1.071000	-28.917601
1.072000	-29.097900
1.073000	-29.097900
1.074000	-29.368200
1.075000	-28.827499
1.076000	-28.827499
1.077000	-28.917601
1.078000	-28.917601
1.079000	-29.278099
1.080000	-29.278099
1.081000	-29.548599
1.082000	-29.368200
1.083000	-29.007700
1.084000	-29.278099
1.085000	-28.647200
1.086000	-28.737200
1.087000	-27.926100
1.088000	-28.196501
1.089000	-27.295099
1.090000	-27.565599
1.091000	-26.664200
1.092000	-26.844500
1.093000	-26.574100
1.094000	-25.672701
1.095000	-25.402300
1.096000	-24.320700
1.097000	-24.230400
1.098000	-23.599400
1.099000	-24.050200
1.100000	-24.140301
1.101000	-24.320700
1.102000	-24.050200
1.103000	-24.591101
1.104000	-24.050200
1.105000	-25.402300
1.106000	-24.410801
1.107000	-24.951599
1.108000	-24.771299
1.109000	-24.591101
1.110000	-24.771299
1.111000	-24.500900
1.112000	-24.230400
1.113000	-25.131800
1.114000	-24.050200
1.115000	-24.230400
1.116000	-24.410801
1.117000	-23.599400
1.118000	-24.410801
1.119000	-23.419300
1.120000	-23.779800
1.121000	-22.968500
1.122000	-22.517900
1.123000	-21.886900
1.124000	-21.436300
1.125000	-21.346001
1.126000	-21.346001
1.127000	-20.174400
1.128000	-20.715099
1.129000	-19.993999
1.130000	-19.363100
1.131000	-20.264500
1.132000	-19.002501
1.133000	-20.084101
1.134000	-19.543400
1.135000	-19.453100
1.136000	-20.174400
1.137000	-18.551901
1.138000	-19.903900
1.139000	-19.092600
1.140000	-19.002501
1.141000	-20.264500
1.142000	-18.822399
1.143000	-20.174400
1.144000	-18.822399
1.145000	-18.642000
1.146000	-19.363100
1.147000	-18.912500
1.148000	-19.092600
1.149000	-19.633499
1.150000	-17.921000
1.151000	-18.912500
1.152000	-17.380100
1.153000	-17.380100
1.154000	-17.019600
1.155000	-16.208200
1.156000	-16.388599
1.157000	-15.577300
1.158000	-14.766200
1.159000	-15.036600
1.160000	-13.774700
1.161000	-13.414100
1.162000	-13.053600
1.163000	-12.873300
1.164000	-12.963400
1.165000	-12.152200
1.166000	-12.061900
1.167000	-12.061900
1.168000	-11.971900
1.169000	-11.160700
1.170000	-11.431000
1.171000	-11.611300
1.172000	-11.340900
1.173000	-11.521300
1.174000	-11.431000
1.175000	-10.349400
1.176000	-10.800000
1.177000	-9.988890
1.178000	-10.619900
1.179000	-10.800000
1.180000	-9.718450
1.181000	-10.709900
1.182000	-9.808540
1.183000	-9.177570
1.184000	-9.087490
1.185000	-8.907320
1.186000	-8.546610
1.187000	-7.645390
1.188000	-7.645390
1.189000	-7.374950
1.190000	-6.383470
1.191000	-6.653910
1.192000	-5.121540
1.193000	-5.842590
1.194000	-4.851100
1.195000	-4.761020
1.196000	-5.031270
1.197000	-3.499090
1.198000	-4.761020
1.199000	-3.408820
1.200000	-4.130060
1.201000	-3.589180
1.202000	-3.048300
1.203000	-2.777860
1.204000	-2.687780
1.205000	-2.777860
1.206000	-2.597690
1.207000	-2.597690
1.208000	-1.786370
1.209000	-2.507610
1.210000	-1.065330
1.211000	-2.146900
1.212000	-1.516120
1.213000	-2.146900
1.214000	-3.138570
1.215000	-0.885157
1.216000	-1.516120
1.217000	0.376769
1.218000	-0.794888
1.219000	0.016245
1.220000	0.827562
1.221000	0.016245
1.222000	0.557123
1.223000	1.368440
1.224000	2.630180
1.225000	2.900620
1.226000	4.162550
1.227000	1.728960
1.228000	3.621850
1.229000	2.990890
1.230000	2.810540
1.231000	6.686400
1.232000	5.694910
1.233000	6.506230
1.234000	5.694910
1.235000	5.514560
1.236000	6.235790
1.237000	4.613340
1.238000	6.145520
1.239000	7.948320
1.240000	7.677880
1.241000	8.489200
1.242000	7.497710
1.243000	7.317360
1.244000	8.038410
1.245000	7.948320
1.246000	9.120160
1.247000	9.841210
1.248000	9.300330
1.249000	9.751130
1.250000	8.759640
1.251000	9.660860
1.252000	9.841210
1.253000	10.652300
1.254000	12.094600
1.255000	11.734100
1.256000	11.824200
1.257000	11.734100
1.258000	11.644000
1.259000	11.824200
1.260000	12.545200
1.261000	13.627000
1.262000	13.536700
1.263000	14.077600
1.264000	14.167700
1.265000	14.798600
1.266000	15.069100
1.267000	14.528400
1.268000	15.249400
1.269000	15.519900
1.270000	15.069100
1.271000	15.880400
1.272000	15.429600
1.273000	16.781799
1.274000	15.790300
1.275000	15.519900
1.276000	16.150801
1.277000	15.880400
1.278000	16.511400
1.279000	16.871901
1.280000	17.592899
1.281000	18.223900
1.282000	17.322500
1.283000	18.404301
1.284000	18.223900
1.285000	17.953501
1.286000	18.404301
1.287000	17.683001
1.288000	18.944901
1.289000	18.043699
1.290000	18.944901
1.291000	19.125299
1.292000	19.936399
1.293000	20.206900
1.294000	19.395700
1.295000	19.666201
1.296000	20.477301
1.297000	20.026699
1.298000	21.108299
1.299000	22.099800
1.300000	21.018200
1.301000	21.739201
1.302000	21.108299
1.303000	21.468800
1.304000	21.739201
1.305000	20.747700
1.306000	22.280100
1.307000	21.288601
1.308000	21.919600
1.309000	22.640600
1.310000	22.280100
1.311000	23.001200
1.312000	22.280100
1.313000	22.640600
1.314000	22.280100
1.315000	22.550600
1.316000	23.181499
1.317000	23.181499
1.318000	23.451799
1.319000	23.271601
1.320000	23.181499
1.321000	22.820801
1.322000	23.361700
1.323000	23.091200
1.324000	23.271601
1.325000	23.902599
1.326000	23.451799
1.327000	24.082701
1.328000	23.992599
1.329000	23.722200
1.330000	24.263100
1.331000	23.902599
1.332000	24.533501
1.333000	24.443399
1.334000	25.074200
1.335000	25.254601
1.336000	25.525000
1.337000	25.705200
1.338000	24.893999
1.339000	25.164499
1.340000	24.713699
1.341000	24.263100
1.342000	24.623600
1.343000	24.623600
1.344000	24.804001
1.345000	24.804001
1.346000	24.353201
1.347000	24.173000
1.348000	24.263100
1.349000	24.263100
1.350000	24.623600
1.351000	25.074200
1.352000	25.164499
1.353000	25.525000
1.354000	25.164499
1.355000	25.074200
1.356000	24.804001
1.357000	24.984100
1.358000	25.344700
1.359000	25.074200
1.360000	25.615101
1.361000	25.525000
1.362000	25.615101
1.363000	25.885500
1.364000	25.705200
1.365000	25.885500
1.366000	25.795500
1.367000	25.344700
1.368000	25.164499
1.369000	24.893999
1.370000	24.713699
1.371000	24.533501
1.372000	24.623600
1.373000	24.443399
1.374000	24.353201
1.375000	24.082701
1.376000	23.812500
1.377000	23.632099
1.378000	23.451799
1.379000	23.181499
1.380000	23.361700
1.381000	23.181499
1.382000	23.091200
1.383000	23.181499
1.384000	22.911100
1.385000	22.730700
1.386000	22.550600
1.387000	22.370199
1.388000	22.550600
1.389000	22.640600
1.390000	22.730700
1.391000	22.730700
1.392000	22.460300
1.393000	22.009701
1.394000	22.009701
1.395000	21.919600
1.396000	21.919600
1.397000	21.739201
1.398000	21.559099
1.399000	21.378700
1.400000	21.378700
1.401000	21.378700
1.402000	21.559099
1.403000	21.559099
1.404000	21.468800
1.405000	21.468800
1.406000	21.559099
1.407000	21.559099
1.408000	21.288601
1.409000	21.288601
1.410000	21.198400
1.411000	20.928101
1.412000	20.837799
1.413000	20.206900
1.414000	19.575899
1.415000	19.575899
1.416000	19.035200
1.417000	18.764799
1.418000	19.305500
1.419000	18.854900
1.420000	19.125299
1.421000	19.215401
1.422000	18.674700
1.423000	18.854900
1.424000	18.043699
1.425000	18.223900
1.426000	18.313999
1.427000	18.494301
1.428000	19.035200
1.429000	18.944901
1.430000	18.854900
1.431000	18.854900
1.432000	18.133801
1.433000	18.043699
1.434000	17.773300
1.435000	17.683001
1.436000	17.683001
1.437000	17.863400
1.438000	17.683001
1.439000	17.592899
1.440000	16.691500
1.441000	16.781799
1.442000	16.691500
1.443000	16.060600
1.444000	16.601400
1.445000	16.511400
1.446000	16.240900
1.447000	16.781799
1.448000	15.970500
1.449000	15.790300
1.450000	15.069100
1.451000	14.258000
1.452000	14.528400
1.453000	14.167700
1.454000	14.258000
1.455000	14.708600
1.456000	14.979000
1.457000	14.979000
1.458000	15.069100
1.459000	14.438100
1.460000	13.987500
1.461000	13.356500
1.462000	13.356500
1.463000	13.807200
1.464000	14.167700
1.465000	14.438100
1.466000	14.077600
1.467000	12.905900
1.468000	12.545200
1.469000	11.103100
1.470000	11.553700
1.471000	11.644000
1.472000	12.275000
1.473000	13.536700
1.474000	12.545200
1.475000	12.725600
1.476000	11.283300
1.477000	11.283300
1.478000	11.013100
1.479000	10.832700
1.480000	11.283300
1.481000	11.373600
1.482000	10.382100
1.483000	10.291800
1.484000	9.300330
1.485000	9.480690
1.486000	9.120160
1.487000	8.489200
1.488000	9.300330
1.489000	8.759640
1.490000	9.120160
1.491000	9.751130
1.492000	9.570770
1.493000	9.480690
1.494000	8.939810
1.495000	8.038410
1.496000	8.759640
1.497000	8.398930
1.498000	8.489200
1.499000	8.939810
1.500000	7.767970
1.501000	7.407440
1.502000	6.506230
1.503000	5.784990
1.504000	6.776480
1.505000	6.145520
1.506000	6.866750
1.507000	6.235790
1.508000	5.514560
1.509000	5.063950
1.510000	3.982380
1.511000	4.703420
1.512000	3.261140
1.513000	4.703420
1.514000	3.621850
1.515000	3.982380
1.516000	3.261140
1.517000	2.630180
1.518000	3.531580
1.519000	2.450010
1.520000	3.171060
1.521000	2.450010
1.522000	2.810540
1.523000	2.089490
1.524000	1.728960
1.525000	1.548610
1.526000	1.098000
1.527000	1.098000
1.528000	1.007730
1.529000	0.376769
1.530000	0.557123
1.531000	-0.614718
1.532000	-0.073840
1.533000	-0.434364
1.534000	-0.073840
1.535000	0.106514
1.536000	-0.434364
1.537000	-0.434364
1.538000	-1.335770
1.539000	-3.048300
1.540000	-2.327250
1.541000	-2.417340
1.542000	-2.868130
1.543000	-1.155410
1.544000	-3.499090
1.545000	-2.417340
1.546000	-3.589180
1.547000	-5.121540
1.548000	-4.400490
1.549000	-4.670750
1.550000	-4.761020
1.551000	-3.949700
1.552000	-5.301710
1.553000	-5.031270
1.554000	-5.031270
1.555000	-5.572150
1.556000	-4.941190
1.557000	-5.301710
1.558000	-5.482070
1.559000	-5.842590
1.560000	-6.563640
1.561000	-6.022940
1.562000	-6.563640
1.563000	-5.572150
1.564000	-5.572150
1.565000	-6.383470
1.566000	-6.924160
1.567000	-8.186090
1.568000	-7.735480
1.569000	-8.186090
1.570000	-6.924160
1.571000	-7.555120
1.572000	-7.104520
1.573000	-8.005920
1.574000	-8.726960
1.575000	-7.825560
1.576000	-9.267840
1.577000	-8.096000
1.578000	-9.267840
1.579000	-9.808540
1.580000	-9.538280
1.581000	-9.898810
1.582000	-9.718450
1.583000	-10.349400
1.584000	-10.709900
1.585000	-11.340900
1.586000	-12.512700
1.587000	-11.521300
1.588000	-12.061900
1.589000	-11.521300
1.590000	-11.160700
1.591000	-12.061900
1.592000	-12.152200
1.593000	-12.242300
1.594000	-13.053600
1.595000	-12.332400
1.596000	-12.692900
1.597000	-12.602800
1.598000	-12.692900
1.599000	-13.594300
1.600000	-13.774700
1.601000	-14.135200
1.602000	-14.495700
1.603000	-14.585800
1.604000	-15.397100
1.605000	-15.036600
1.606000	-15.938000
1.607000	-15.847700
1.608000	-14.856200
1.609000	-15.757600
1.610000	-14.856200
1.611000	-16.208200
1.612000	-16.118200
1.613000	-16.749100
1.614000	-16.929501
1.615000	-16.749100
1.616000	-16.749100
1.617000	-16.749100
1.618000	-16.478701
1.619000	-17.650499
1.620000	-17.740601
1.621000	-18.912500
1.622000	-18.371599
1.623000	-18.011101
1.624000	-17.650499
1.625000	-16.839199
1.626000	-17.560400
1.627000	-18.281500
1.628000	-19.002501
1.629000	-18.822399
1.630000	-18.642000
1.631000	-17.740601
1.632000	-17.560400
1.633000	-17.470200
1.634000	-18.642000
1.635000	-19.273001
1.636000	-19.543400
1.637000	-19.092600
1.638000	-18.822399
1.639000	-18.281500
1.640000	-19.092600
1.641000	-19.363100
1.642000	-20.264500
1.643000	-19.543400
1.644000	-19.273001
1.645000	-19.092600
1.646000	-19.092600
1.647000	-19.903900
1.648000	-20.264500
1.649000	-20.354500
1.650000	-20.625000
1.651000	-19.993999
1.652000	-19.813900
1.653000	-19.993999
1.654000	-19.633499
1.655000	-20.625000
1.656000	-20.354500
1.657000	-20.174400
1.658000	-20.264500
1.659000	-19.543400
1.660000	-19.543400
1.661000	-20.354500
1.662000	-20.174400
1.663000	-21.256001
1.664000	-20.625000
1.665000	-20.985500
1.666000	-20.805300
1.667000	-20.715099
1.668000	-21.616501
1.669000	-21.436300
1.670000	-21.796801
1.671000	-21.526400
1.672000	-20.985500
1.673000	-21.256001
1.674000	-21.256001
1.675000	-21.886900
1.676000	-22.337500
1.677000	-22.247400
1.678000	-22.337500
1.679000	-21.886900
1.680000	-22.157400
1.681000	-22.247400
1.682000	-22.608000
1.683000	-22.878401
1.684000	-23.058800
1.685000	-22.698200
1.686000	-22.608000
1.687000	-21.886900
1.688000	-21.886900
1.689000	-21.886900
1.690000	-22.067301
1.691000	-22.337500
1.692000	-22.247400
1.693000	-21.886900
1.694000	-21.796801
1.695000	-21.706699
1.696000	-22.067301
1.697000	-22.337500
1.698000	-21.976999
1.699000	-22.247400
1.700000	-21.796801
1.701000	-21.706699
1.702000	-21.976999
1.703000	-22.157400
1.704000	-22.247400
1.705000	-21.796801
1.706000	-21.256001
1.707000	-21.165899
1.708000	-21.256001
1.709000	-21.346001
1.710000	-21.526400
1.711000	-21.346001
1.712000	-20.985500
1.713000	-20.805300
1.714000	-20.625000
1.715000	-20.444799
1.716000	-20.444799
1.717000	-20.534901
1.718000	-20.264500
1.719000	-19.903900
1.720000	-19.723600
1.721000	-19.273001
1.722000	-19.273001
1.723000	-19.092600
1.724000	-19.002501
1.725000	-19.092600
1.726000	-18.912500
1.727000	-18.732100
1.728000	-18.732100
1.729000	-18.371599
1.730000	-18.822399
1.731000	-18.642000
1.732000	-18.642000
1.733000	-18.551901
1.734000	-18.191401
1.735000	-18.101101
1.736000	-17.830700
1.737000	-17.921000
1.738000	-18.101101
1.739000	-17.921000
1.740000	-17.560400
1.741000	-17.470200
1.742000	-17.019600
1.743000	-17.380100
1.744000	-17.470200
1.745000	-17.290001
1.746000	-17.380100
1.747000	-16.749100
1.748000	-16.659000
1.749000	-16.749100
1.750000	-16.568800
1.751000	-17.380100
1.752000	-16.749100
1.753000	-16.839199
1.754000	-16.118200
1.755000	-15.757600
1.756000	-15.938000
1.757000	-15.577300
1.758000	-15.577300
1.759000	-15.847700
1.760000	-15.847700
1.761000	-15.847700
1.762000	-15.577300
1.763000	-15.126700
1.764000	-15.577300
1.765000	-14.946300
1.766000	-15.397100
1.767000	-15.487200
1.768000	-15.216800
1.769000	-15.667600
1.770000	-15.036600
1.771000	-15.216800
1.772000	-15.036600
1.773000	-15.216800
1.774000	-14.946300
1.775000	-14.676100
1.776000	-14.405600
1.777000	-14.495700
1.778000	-14.045100
1.779000	-13.774700
1.780000	-13.504200
1.781000	-13.504200
1.782000	-13.233800
1.783000	-13.053600
1.784000	-12.783200
1.785000	-13.053600
1.786000	-12.602800
1.787000	-12.963400
1.788000	-12.602800
1.789000	-11.881800
1.790000	-12.152200
1.791000	-11.070500
1.792000	-11.701400
1.793000	-11.340900
1.794000	-10.980400
1.795000	-11.340900
1.796000	-10.800000
1.797000	-10.709900
1.798000	-10.709900
1.799000	-9.988890
1.800000	-10.800000
1.801000	-9.988890
1.802000	-9.808540
1.803000	-10.169200
1.804000	-9.267840
1.805000	-9.808540
1.806000	-9.267840
1.807000	-8.907320
1.808000	-9.718450
1.809000	-8.186090
1.810000	-8.907320
1.811000	-8.366440
1.812000	-7.194600
1.813000	-8.817050
1.814000	-7.194600
1.815000	-8.366440
1.816000	-8.005920
1.817000	-7.104520
1.818000	-7.374950
1.819000	-6.293200
1.820000	-6.473550
1.821000	-6.834080
1.822000	-6.383470
1.823000	-6.924160
1.824000	-6.203110
1.825000	-5.482070
1.826000	-5.572150
1.827000	-4.400490
1.828000	-5.752510
1.829000	-5.482070
1.830000	-5.932670
1.831000	-6.113030
1.832000	-5.121540
1.833000	-5.662240
1.834000	-5.121540
1.835000	-4.580660
1.836000	-5.482070
1.837000	-4.220140
1.838000	-4.580660
1.839000	-4.130060
1.840000	-3.408820
1.841000	-4.130060
1.842000	-3.679260
1.843000	-3.589180
1.844000	-3.859620
1.845000	-3.318740
1.846000	-3.228650
1.847000	-3.408820
1.848000	-2.958220
1.849000	-4.220140
1.850000	-3.589180
1.851000	-3.679260
1.852000	-2.597690
1.853000	-1.786370
1.854000	-1.335770
1.855000	-0.794888
1.856000	-0.975242
1.857000	-1.516120
1.858000	-1.425850
1.859000	-1.155410
1.860000	-1.245680
1.861000	-0.163925
1.862000	-1.065330
1.863000	-0.254194
1.864000	-0.614718
1.865000	-1.245680
1.866000	-0.524449
1.867000	-0.975242
1.868000	-0.614718
1.869000	0.016245
1.870000	-0.344279
1.871000	0.467038
1.872000	0.467038
1.873000	1.007730
1.874000	0.827562
1.875000	0.737477
1.876000	1.368440
1.877000	0.376769
1.878000	1.278170
1.879000	1.909130
1.880000	2.089490
1.881000	2.990890
1.882000	2.540100
1.883000	2.179570
1.884000	2.630180
1.885000	2.359930
1.886000	3.080970
1.887000	3.711940
1.888000	3.531580
1.889000	4.523070
1.890000	3.080970
1.891000	3.621850
1.892000	3.892110
1.893000	3.892110
1.894000	5.875260
1.895000	4.703420
1.896000	5.334390
1.897000	4.523070
1.898000	3.621850
1.899000	5.063950
1.900000	4.523070
1.901000	6.145520
1.902000	6.415960
1.903000	5.875260
1.904000	5.875260
1.905000	5.063950
1.906000	5.154030
1.907000	6.235790
1.908000	6.145520
1.909000	7.227270
1.910000	6.956840
1.911000	6.055430
1.912000	6.325870
1.913000	5.784990
1.914000	6.325870
1.915000	7.227270
1.916000	6.596310
1.917000	7.587800
1.918000	6.956840
1.919000	7.046920
1.920000	7.497710
1.921000	7.317360
1.922000	8.308850
1.923000	8.128680
1.924000	8.308850
1.925000	8.669370
1.926000	7.948320
1.927000	7.948320
1.928000	8.038410
1.929000	8.308850
1.930000	9.120160
1.931000	9.029890
1.932000	9.120160
1.933000	8.759640
1.934000	8.398930
1.935000	8.038410
1.936000	8.308850
1.937000	8.308850
1.938000	8.849720
1.939000	9.120160
1.940000	9.390600
1.941000	9.300330
1.942000	9.029890
1.943000	8.308850
1.944000	9.120160
1.945000	9.390600
1.946000	9.660860
1.947000	10.562300
1.948000	10.291800
1.949000	10.291800
1.950000	9.841210
1.951000	9.480690
1.952000	9.931300
1.953000	10.201700
1.954000	10.291800
1.955000	10.832700
1.956000	10.472200
1.957000	10.742600
1.958000	10.832700
1.959000	10.472200
1.960000	11.013100
1.961000	10.832700
1.962000	10.922800
1.963000	10.832700
1.964000	10.201700
1.965000	10.382100
1.966000	10.201700
1.967000	10.562300
1.968000	11.103100
1.969000	11.283300
1.970000	11.103100
1.971000	10.922800
1.972000	10.922800
1.973000	10.652300
1.974000	11.193200
1.975000	11.373600
1.976000	11.283300
1.977000	11.283300
1.978000	11.193200
1.979000	10.472200
1.980000	10.652300
1.981000	10.291800
1.982000	10.742600
1.983000	11.013100
1.984000	11.103100
1.985000	11.283300
1.986000	11.644000
1.987000	11.463700
1.988000	11.463700
1.989000	11.463700
1.990000	11.193200
1.991000	11.103100
1.992000	10.832700
1.993000	10.922800
1.994000	10.832700
1.995000	10.922800
1.996000	10.742600
1.997000	11.013100
1.998000	10.832700
1.999000	10.742600
2.000000	10.652300
2.001000	10.652300
2.002000	10.472200
2.003000	10.652300
2.004000	10.742600
2.005000	10.742600
2.006000	10.652300
2.007000	10.652300
2.008000	10.562300
2.009000	10.382100
2.010000	10.472200
2.011000	10.652300
2.012000	10.832700
2.013000	10.922800
2.014000	11.013100
2.015000	10.922800
2.016000	10.832700
2.017000	10.472200
2.018000	10.472200
2.019000	10.291800
2.020000	10.201700
2.021000	10.291800
2.022000	10.382100
2.023000	10.382100
2.024000	10.562300
2.025000	10.472200
2.026000	10.382100
2.027000	10.111600
2.028000	9.751130
2.029000	9.480690
2.030000	9.480690
2.031000	9.120160
2.032000	9.210250
2.033000	9.120160
2.034000	8.939810
2.035000	9.029890
2.036000	9.029890
2.037000	9.029890
2.038000	9.120160
2.039000	9.120160
2.040000	9.390600
2.041000	9.480690
2.042000	9.570770
2.043000	9.390600
2.044000	9.390600
2.045000	9.120160
2.046000	8.669370
2.047000	8.579290
2.048000	8.308850
2.049000	8.398930
2.050000	8.308850
2.051000	8.398930
2.052000	8.308850
2.053000	8.579290
2.054000	8.398930
2.055000	8.398930
2.056000	8.038410
2.057000	8.218760
2.058000	8.218760
2.059000	7.948320
2.060000	8.038410
2.061000	7.677880
2.062000	7.858240
2.063000	7.497710
2.064000	7.227270
2.065000	7.407440
2.066000	7.137190
2.067000	7.407440
2.068000	7.497710
2.069000	7.227270
2.070000	7.497710
2.071000	7.227270
2.072000	7.227270
2.073000	7.046920
2.074000	6.956840
2.075000	6.956840
2.076000	6.866750
2.077000	6.686400
2.078000	6.776480
2.079000	6.325870
2.080000	6.596310
2.081000	6.506230
2.082000	6.506230
2.083000	6.596310
2.084000	6.145520
2.085000	6.055430
2.086000	5.604830
2.087000	5.154030
2.088000	5.424470
2.089000	5.244300
2.090000	5.694910
2.091000	5.514560
2.092000	5.244300
2.093000	5.154030
2.094000	4.793510
2.095000	4.883590
2.096000	4.793510
2.097000	5.244300
2.098000	5.424470
2.099000	4.973860
2.100000	4.883590
2.101000	4.252810
2.102000	3.711940
2.103000	3.621850
2.104000	3.261140
2.105000	3.892110
2.106000	4.072460
2.107000	4.162550
2.108000	4.523070
2.109000	4.162550
2.110000	4.072460
2.111000	3.892110
2.112000	3.892110
2.113000	3.892110
2.114000	3.621850
2.115000	3.261140
2.116000	3.080970
2.117000	2.450010
2.118000	2.359930
2.119000	2.089490
2.120000	2.179570
2.121000	2.720450
2.122000	2.450010
2.123000	2.810540
2.124000	2.450010
2.125000	2.630180
2.126000	2.900620
2.127000	2.630180
2.128000	3.351410
2.129000	2.990890
2.130000	2.630180
2.131000	2.359930
2.132000	1.278170
2.133000	1.368440
2.134000	1.188090
2.135000	1.098000
2.136000	1.819050
2.137000	1.007730
2.138000	1.458520
2.139000	0.917647
2.140000	0.557123
2.141000	1.007730
2.142000	0.737477
2.143000	1.007730
2.144000	0.737477
2.145000	0.196599
2.146000	0.196599
2.147000	-0.163925
2.148000	-0.073840
2.149000	0.196599
2.150000	-0.344279
2.151000	-0.163925
2.152000	-0.434364
2.153000	-0.704803
2.154000	-0.614718
2.155000	-0.704803
2.156000	-0.434364
2.157000	-0.254194
2.158000	-0.344279
2.159000	-0.434364
2.160000	-0.975242
2.161000	-0.975242
2.162000	-1.425850
2.163000	-1.155410
2.164000	-1.155410
2.165000	-0.975242
2.166000	-0.975242
2.167000	-1.516120
2.168000	-1.696290
2.169000	-1.786370
2.170000	-2.237170
2.171000	-1.876640
2.172000	-1.786370
2.173000	-1.876640
2.174000	-1.786370
2.175000	-2.507610
2.176000	-2.417340
2.177000	-2.597690
2.178000	-2.777860
2.179000	-2.237170
2.180000	-2.507610
2.181000	-2.597690
2.182000	-2.687780
2.183000	-3.499090
2.184000	-3.499090
2.185000	-3.499090
2.186000	-3.859620
2.187000	-3.228650
2.188000	-3.769530
2.189000	-3.859620
2.190000	-3.949700
2.191000	-4.580660
2.192000	-4.039790
2.193000	-4.220140
2.194000	-3.769530
2.195000	-3.408820
2.196000	-3.769530
2.197000	-3.679260
2.198000	-4.039790
2.199000	-4.580660
2.200000	-4.490580
2.201000	-4.670750
2.202000	-4.761020
2.203000	-4.851100
2.204000	-5.211630
2.205000	-5.121540
2.206000	-5.211630
2.207000	-5.031270
2.208000	-5.121540
2.209000	-5.211630
2.210000	-5.391980
2.211000	-5.662240
2.212000	-6.022940
2.213000	-5.662240
2.214000	-5.842590
2.215000	-5.572150
2.216000	-5.752510
2.217000	-6.203110
2.218000	-5.932670
2.219000	-6.653910
2.220000	-6.203110
2.221000	-6.383470
2.222000	-6.113030
2.223000	-5.662240
2.224000	-5.842590
2.225000	-5.752510
2.226000	-6.022940
2.227000	-6.383470
2.228000	-6.473550
2.229000	-6.743990
2.230000	-7.014430
2.231000	-7.014430
2.232000	-7.645390
2.233000	-7.465040
2.234000	-7.465040
2.235000	-7.645390
2.236000	-7.194600
2.237000	-7.645390
2.238000	-7.555120
2.239000	-7.555120
2.240000	-7.915650
2.241000	-7.645390
2.242000	-7.645390
2.243000	-7.555120
2.244000	-7.374950
2.245000	-7.735480
2.246000	-7.645390
2.247000	-7.915650
2.248000	-8.276360
2.249000	-8.276360
2.250000	-8.366440
2.251000	-8.005920
2.252000	-8.096000
2.253000	-8.005920
2.254000	-7.825560
2.255000	-8.096000
2.256000	-8.186090
2.257000	-8.096000
2.258000	-8.005920
2.259000	-7.915650
2.260000	-8.005920
2.261000	-7.915650
2.262000	-7.825560
2.263000	-8.005920
2.264000	-8.005920
2.265000	-8.005920
2.266000	-8.456530
2.267000	-8.366440
2.268000	-8.546610
2.269000	-8.366440
2.270000	-8.636880
2.271000	-8.546610
2.272000	-8.546610
2.273000	-8.366440
2.274000	-8.366440
2.275000	-8.456530
2.276000	-8.456530
2.277000	-8.456530
2.278000	-8.276360
2.279000	-8.276360
2.280000	-8.096000
2.281000	-8.005920
2.282000	-8.186090
2.283000	-8.366440
2.284000	-8.456530
2.285000	-8.366440
2.286000	-8.456530
2.287000	-8.366440
2.288000	-8.276360
2.289000	-8.276360
2.290000	-8.096000
2.291000	-8.276360
2.292000	-8.186090
2.293000	-8.276360
2.294000	-8.456530
2.295000	-8.366440
2.296000	-8.546610
2.297000	-8.546610
2.298000	-8.726960
2.299000	-8.726960
2.300000	-8.907320
2.301000	-8.907320
2.302000	-8.997400
2.303000	-8.907320
2.304000	-8.907320
2.305000	-8.907320
2.306000	-9.087490
2.307000	-8.997400
2.308000	-8.726960
2.309000	-8.817050
2.310000	-8.726960
2.311000	-8.546610
2.312000	-8.636880
2.313000	-8.546610
2.314000	-8.726960
2.315000	-8.726960
2.316000	-8.907320
2.317000	-8.997400
2.318000	-8.636880
2.319000	-8.817050
2.320000	-8.546610
2.321000	-8.817050
2.322000	-8.997400
2.323000	-8.997400
2.324000	-8.997400
2.325000	-8.726960
2.326000	-8.636880
2.327000	-8.546610
2.328000	-8.366440
2.329000	-8.456530
2.330000	-8.366440
2.331000	-8.366440
2.332000	-8.366440
2.333000	-8.456530
2.334000	-8.366440
2.335000	-8.276360
2.336000	-8.276360
2.337000	-8.366440
2.338000	-8.276360
2.339000	-8.456530
2.340000	-8.366440
2.341000	-8.005920
2.342000	-8.186090
2.343000	-8.005920
2.344000	-7.915650
2.345000	-7.915650
2.346000	-8.096000
2.347000	-8.005920
2.348000	-7.825560
2.349000	-7.825560
2.350000	-7.915650
2.351000	-7.825560
2.352000	-7.825560
2.353000	-7.915650
2.354000	-7.825560
2.355000	-7.825560
2.356000	-7.735480
2.357000	-7.645390
2.358000	-7.465040
2.359000	-7.555120
2.360000	-7.374950
2.361000	-7.555120
2.362000	-7.465040
2.363000	-7.465040
2.364000	-7.374950
2.365000	-7.104520
2.366000	-7.104520
2.367000	-7.014430
2.368000	-7.014430
2.369000	-7.104520
2.370000	-6.834080
2.371000	-6.743990
2.372000	-6.563640
2.373000	-6.293200
2.374000	-6.383470
2.375000	-6.022940
2.376000	-6.113030
2.377000	-6.022940
2.378000	-5.932670
2.379000	-5.842590
2.380000	-6.022940
2.381000	-5.842590
2.382000	-6.022940
2.383000	-5.752510
2.384000	-5.932670
2.385000	-6.022940
2.386000	-6.022940
2.387000	-6.203110
2.388000	-6.022940
2.389000	-6.203110
2.390000	-6.022940
2.391000	-6.022940
2.392000	-5.752510
2.393000	-6.022940
2.394000	-5.842590
2.395000	-5.932670
2.396000	-5.842590
2.397000	-5.842590
2.398000	-5.572150
2.399000	-5.482070
2.400000	-5.391980
2.401000	-5.482070
2.402000	-5.301710
2.403000	-5.391980
2.404000	-5.482070
2.405000	-5.482070
2.406000	-5.572150
2.407000	-5.482070
2.408000	-5.391980
2.409000	-5.211630
2.410000	-5.121540
2.411000	-5.031270
2.412000	-5.031270
2.413000	-5.121540
2.414000	-4.941190
2.415000	-4.851100
2.416000	-4.670750
2.417000	-4.580660
2.418000	-4.310230
2.419000	-4.220140
2.420000	-4.490580
2.421000	-4.310230
2.422000	-4.400490
2.423000	-4.400490
2.424000	-4.310230
2.425000	-4.039790
2.426000	-4.039790
2.427000	-3.949700
2.428000	-3.949700
2.429000	-4.130060
2.430000	-4.039790
2.431000	-4.039790
2.432000	-3.859620
2.433000	-3.859620
2.434000	-3.949700
2.435000	-3.859620
2.436000	-3.679260
2.437000	-3.589180
2.438000	-3.408820
2.439000	-3.138570
2.440000	-3.228650
2.441000	-3.048300
2.442000	-3.138570
2.443000	-2.958220
2.444000	-2.868130
2.445000	-2.777860
2.446000	-2.777860
2.447000	-2.687780
2.448000	-2.507610
2.449000	-2.687780
2.450000	-2.507610
2.451000	-2.417340
2.452000	-2.146900
2.453000	-2.056810
2.454000	-2.146900
2.455000	-2.146900
2.456000	-2.056810
2.457000	-2.056810
2.458000	-1.966730
2.459000	-2.146900
2.460000	-2.146900
2.461000	-2.056810
2.462000	-2.237170
2.463000	-1.966730
2.464000	-2.056810
2.465000	-1.696290
2.466000	-1.696290
2.467000	-1.696290
2.468000	-1.425850
2.469000	-1.696290
2.470000	-1.516120
2.471000	-1.425850
2.472000	-1.606200
2.473000	-1.335770
2.474000	-1.696290
2.475000	-1.516120
2.476000	-1.516120
2.477000	-1.516120
2.478000	-1.425850
2.479000	-1.245680
2.480000	-0.975242
2.481000	-0.704803
2.482000	-0.794888
2.483000	-0.704803
2.484000	-0.614718
2.485000	-0.524449
2.486000	-0.344279
2.487000	-0.524449
2.488000	-0.614718
2.489000	-0.614718
2.490000	-0.794888
2.491000	-0.794888
2.492000	-0.704803
2.493000	-0.794888
2.494000	-0.704803
2.495000	-0.614718
2.496000	-0.704803
2.497000	-0.614718
2.498000	-0.434364
2.499000	-0.434364
2.500000	-0.254194
2.501000	-0.163925
2.502000	-0.254194
2.503000	-0.073840
2.504000	-0.073840
2.505000	-0.073840
2.506000	-0.073840
2.507000	-0.073840
2.508000	-0.073840
2.509000	0.016245
2.510000	-0.073840
2.511000	0.016245
2.512000	0.106514
2.513000	0.286684
2.514000	0.467038
2.515000	0.557123
2.516000	0.467038
2.517000	0.917647
2.518000	1.098000
2.519000	1.278170
2.520000	1.368440
2.521000	1.368440
2.522000	1.278170
2.523000	1.278170
2.524000	1.278170
2.525000	1.278170
2.526000	1.368440
2.527000	1.098000
2.528000	1.188090
2.529000	1.188090
2.530000	1.098000
2.531000	1.007730
2.532000	1.098000
2.533000	1.098000
2.534000	1.368440
2.535000	1.458520
2.536000	1.458520
2.537000	1.368440
2.538000	1.548610
2.539000	1.548610
2.540000	1.638690
2.541000	1.728960
2.542000	1.728960
2.543000	1.728960
2.544000	1.548610
2.545000	1.638690
2.546000	1.548610
2.547000	1.638690
2.548000	1.638690
2.549000	1.728960
2.550000	1.728960
2.551000	1.638690
2.552000	1.548610
2.553000	1.548610
2.554000	1.638690
2.555000	1.638690
2.556000	1.548610
2.557000	1.548610
2.558000	1.548610
2.559000	1.458520
2.560000	1.188090
2.561000	1.278170
2.562000	1.188090
2.563000	1.368440
2.564000	1.368440
2.565000	1.368440
2.566000	1.368440
2.567000	1.188090
2.568000	1.188090
2.569000	1.278170
2.570000	1.188090
2.571000	1.458520
2.572000	1.368440
2.573000	1.368440
2.574000	1.458520
2.575000	1.548610
2.576000	1.548610
2.577000	1.728960
2.578000	1.819050
2.579000	1.728960
2.580000	1.909130
2.581000	1.728960
2.582000	1.819050
2.583000	1.638690
2.584000	1.728960
2.585000	1.548610
2.586000	1.548610
2.587000	1.458520
2.588000	1.548610
2.589000	1.368440
2.590000	1.458520
2.591000	1.458520
2.592000	1.458520
2.593000	1.368440
2.594000	1.278170
2.595000	1.458520
2.596000	1.458520
2.597000	1.458520
2.598000	1.638690
2.599000	1.458520
2.600000	1.458520
2.601000	1.458520
2.602000	1.368440
2.603000	1.368440
2.604000	1.458520
2.605000	1.368440
2.606000	1.368440
2.607000	1.278170
2.608000	1.278170
2.609000	1.278170
2.610000	1.368440
2.611000	1.368440
2.612000	1.458520
2.613000	1.458520
2.614000	1.458520
2.615000	1.458520
2.616000	1.548610
2.617000	1.368440
2.618000	1.368440
2.619000	1.368440
2.620000	1.278170
2.621000	1.278170
2.622000	1.278170
2.623000	1.188090
2.624000	1.007730
2.625000	1.098000
2.626000	1.098000
2.627000	0.917647
2.628000	0.917647
2.629000	0.827562
2.630000	0.827562
2.631000	0.827562
2.632000	0.737477
2.633000	0.557123
2.634000	0.647208
2.635000	0.737477
2.636000	0.647208
2.637000	0.737477
2.638000	0.737477
2.639000	0.827562
2.640000	0.827562
2.641000	0.737477
2.642000	0.827562
2.643000	0.827562
2.644000	0.917647
2.645000	0.827562
2.646000	0.917647
2.647000	1.098000
2.648000	1.098000
2.649000	1.098000
2.650000	1.098000
2.651000	1.098000
2.652000	1.098000
2.653000	1.007730
2.654000	0.917647
2.655000	0.917647
2.656000	0.917647
2.657000	0.917647
2.658000	0.827562
2.659000	1.007730
2.660000	0.827562
2.661000	0.647208
2.662000	0.737477
2.663000	0.557123
2.664000	0.647208
2.665000	0.647208
2.666000	0.557123
2.667000	0.647208
2.668000	0.557123
2.669000	0.647208
2.670000	0.647208
2.671000	0.557123
2.672000	0.557123
2.673000	0.647208
2.674000	0.467038
2.675000	0.647208
2.676000	0.557123
2.677000	0.557123
2.678000	0.647208
2.679000	0.647208
2.680000	0.647208
2.681000	0.647208
2.682000	0.737477
2.683000	0.737477
2.684000	0.737477
2.685000	0.737477
2.686000	0.827562
2.687000	0.737477
2.688000	0.647208
2.689000	0.647208
2.690000	0.557123
2.691000	0.647208
2.692000	0.557123
2.693000	0.557123
2.694000	0.557123
2.695000	0.647208
2.696000	0.467038
2.697000	0.467038
2.698000	0.376769
2.699000	0.376769
2.700000	0.286684
2.701000	0.467038
2.702000	0.286684
2.703000	0.467038
2.704000	0.286684
2.705000	0.376769
2.706000	0.467038
2.707000	0.467038
2.708000	0.467038
2.709000	0.557123
2.710000	0.647208
2.711000	0.647208
2.712000	0.647208
2.713000	0.737477
2.714000	0.737477
2.715000	0.737477
2.716000	0.737477
2.717000	0.557123
2.718000	0.737477
2.719000	0.737477
2.720000	0.737477
2.721000	0.737477
2.722000	0.647208
2.723000	0.647208
2.724000	0.467038
2.725000	0.647208
2.726000	0.557123
2.727000	0.557123
2.728000	0.647208
2.729000	0.557123
2.730000	0.467038
2.731000	0.557123
2.732000	0.467038
2.733000	0.376769
2.734000	0.467038
2.735000	0.467038
2.736000	0.467038
2.737000	0.376769
2.738000	0.376769
2.739000	0.557123
2.740000	0.467038
2.741000	0.557123
2.742000	0.557123
2.743000	0.557123
2.744000	0.557123
2.745000	0.557123
2.746000	0.467038
2.747000	0.376769
2.748000	0.376769
2.749000	0.376769
2.750000	0.376769
2.751000	0.376769
2.752000	0.286684
2.753000	0.286684
2.754000	0.196599
2.755000	0.106514
2.756000	0.016245
2.757000	0.016245
2.758000	-0.073840
2.759000	-0.163925
2.760000	-0.163925
2.761000	-0.254194
2.762000	-0.254194
2.763000	-0.434364
2.764000	-0.434364
2.765000	-0.524449
2.766000	-0.614718
2.767000	-0.614718
2.768000	-0.614718
2.769000	-0.704803
2.770000	-0.704803
2.771000	-0.614718
2.772000	-0.704803
2.773000	-0.704803
2.774000	-0.704803
2.775000	-0.524449
2.776000	-0.794888
2.777000	-0.885157
2.778000	-0.704803
2.779000	-0.794888
2.780000	-0.704803
2.781000	-0.614718
2.782000	-0.794888
2.783000	-0.885157
2.784000	-0.975242
2.785000	-1.065330
2.786000	-0.975242
2.787000	-1.065330
2.788000	-1.155410
2.789000	-0.975242
2.790000	-1.155410
2.791000	-1.155410
2.792000	-1.065330
2.793000	-1.155410
2.794000	-1.245680
2.795000	-1.335770
2.796000	-1.335770
2.797000	-1.425850
2.798000	-1.335770
2.799000	-1.335770
2.800000	-1.335770
2.801000	-1.335770
2.802000	-1.245680
2.803000	-1.155410
2.804000	-1.155410
2.805000	-1.065330
2.806000	-1.065330
2.807000	-1.065330
2.808000	-0.975242
2.809000	-1.065330
2.810000	-1.065330
2.811000	-1.065330
2.812000	-1.245680
2.813000	-1.155410
2.814000	-1.155410
2.815000	-1.155410
2.816000	-1.155410
2.817000	-1.155410
2.818000	-0.975242
2.819000	-1.155410
2.820000	-1.065330
2.821000	-1.065330
2.822000	-1.065330
2.823000	-1.245680
2.824000	-1.425850
2.825000	-1.335770
2.826000	-1.335770
2.827000	-1.516120
2.828000	-1.425850
2.829000	-1.335770
2.830000	-1.516120
2.831000	-1.425850
2.832000	-1.516120
2.833000	-1.516120
2.834000	-1.516120
2.835000	-1.425850
2.836000	-1.425850
2.837000	-1.425850
2.838000	-1.425850
2.839000	-1.516120
2.840000	-1.516120
2.841000	-1.425850
2.842000	-1.516120
2.843000	-1.516120
2.844000	-1.606200
2.845000	-1.786370
2.846000	-1.696290
2.847000	-1.696290
2.848000	-1.606200
2.849000	-1.786370
2.850000	-1.786370
2.851000	-1.786370
2.852000	-1.876640
2.853000	-1.876640
2.854000	-1.786370
2.855000	-1.786370
2.856000	-1.876640
2.857000	-1.966730
2.858000	-1.966730
2.859000	-1.876640
2.860000	-2.056810
2.861000	-2.237170
2.862000	-2.237170
2.863000	-2.237170
2.864000	-2.237170
2.865000	-2.327250
2.866000	-2.417340
2.867000	-2.237170
2.868000	-2.417340
2.869000	-2.417340
2.870000	-2.327250
2.871000	-2.417340
2.872000	-2.237170
2.873000	-2.237170
2.874000	-2.237170
2.875000	-2.146900
2.876000	-2.237170
2.877000	-2.237170
2.878000	-2.056810
2.879000	-2.146900
2.880000	-2.417340
2.881000	-2.237170
2.882000	-2.237170
2.883000	-2.237170
2.884000	-2.056810
2.885000	-2.146900
2.886000	-2.146900
2.887000	-2.056810
2.888000	-2.146900
2.889000	-2.146900
2.890000	-2.146900
2.891000	-2.146900
2.892000	-2.146900
2.893000	-2.237170
2.894000	-2.237170
2.895000	-2.146900
2.896000	-2.237170
2.897000	-2.146900
2.898000	-2.146900
2.899000	-2.146900
2.900000	-2.327250
2.901000	-2.237170
2.902000	-2.327250
2.903000	-2.327250
2.904000	-2.417340
2.905000	-2.327250
2.906000	-2.237170
2.907000	-2.327250
2.908000	-2.237170
2.909000	-2.237170
2.910000	-2.327250
2.911000	-2.237170
2.912000	-2.327250
2.913000	-2.237170
2.914000	-2.146900
2.915000	-2.056810
2.916000	-2.146900
2.917000	-2.237170
2.918000	-2.146900
2.919000	-2.146900
2.920000	-2.146900
2.921000	-2.146900
2.922000	-2.056810
2.923000	-1.966730
2.924000	-2.056810
2.925000	-1.876640
2.926000	-1.786370
2.927000	-1.876640
2.928000	-2.056810
2.929000	-1.876640
2.930000	-1.876640
2.931000	-1.876640
2.932000	-2.056810
2.933000	-2.056810
2.934000	-1.966730
2.935000	-1.876640
2.936000	-2.056810
2.937000	-2.056810
2.938000	-2.056810
2.939000	-1.966730
2.940000	-1.966730
2.941000	-1.966730
2.942000	-2.056810
2.943000	-1.966730
2.944000	-2.056810
2.945000	-2.056810
2.946000	-2.056810
2.947000	-1.966730
2.948000	-1.966730
2.949000	-1.876640
2.950000	-1.966730
2.951000	-1.966730
2.952000	-1.966730
2.953000	-1.966730
2.954000	-1.876640
2.955000	-1.786370
2.956000	-1.876640
2.957000	-1.966730
2.958000	-1.876640
2.959000	-1.876640
2.960000	-2.056810
2.961000	-1.876640
2.962000	-1.876640
2.963000	-1.966730
2.964000	-1.876640
2.965000	-1.966730
2.966000	-2.146900
2.967000	-1.966730
2.968000	-2.056810
2.969000	-2.056810
2.970000	-2.056810
2.971000	-1.786370
2.972000	-1.876640
2.973000	-1.966730
2.974000	-1.786370
2.975000	-1.966730
2.976000	-1.876640
2.977000	-1.876640
2.978000	-1.786370
2.979000	-1.876640
2.980000	-1.876640
2.981000	-1.786370
2.982000	-1.786370
2.983000	-1.876640
2.984000	-1.876640
2.985000	-1.876640
2.986000	-1.876640
2.987000	-1.786370
2.988000	-1.876640
2.989000	-1.786370
2.990000	-1.786370
2.991000	-1.696290
2.992000	-1.786370
2.993000	-1.876640
2.994000	-1.786370
2.995000	-1.876640
2.996000	-1.966730
2.997000	-1.966730
2.998000	-1.966730
2.999000	-1.966730
3.000000	-2.056810
3.001000	-1.966730
3.002000	-2.056810
3.003000	-2.056810
3.004000	-2.056810
3.005000	-1.966730
3.006000	-1.966730
3.007000	-1.966730
3.008000	-1.966730
3.009000	-1.876640
3.010000	-1.876640
3.011000	-1.876640
3.012000	-1.876640
3.013000	-1.966730
3.014000	-1.876640
3.015000	-1.786370
3.016000	-1.876640
3.017000	-1.786370
3.018000	-1.786370
3.019000	-1.876640
3.020000	-1.876640
3.021000	-1.876640
3.022000	-2.146900
3.023000	-1.966730
3.024000	-1.966730
3.025000	-2.146900
3.026000	-2.146900
3.027000	-2.056810
3.028000	-2.237170
3.029000	-2.056810
3.030000	-2.237170
3.031000	-2.237170
3.032000	-2.327250
3.033000	-2.417340
3.034000	-2.417340
3.035000	-2.507610
3.036000	-2.417340
3.037000	-2.417340
3.038000	-2.417340
3.039000	-2.417340
3.040000	-2.507610
3.041000	-2.327250
3.042000	-2.327250
3.043000	-2.327250
3.044000	-2.237170
3.045000	-2.237170
3.046000	-2.146900
3.047000	-2.237170
3.048000	-2.237170
3.049000	-2.146900
3.050000	-2.417340
3.051000	-2.237170
3.052000	-2.146900
3.053000	-2.327250
3.054000	-2.146900
3.055000	-2.056810
3.056000	-1.966730
3.057000	-2.056810
3.058000	-2.056810
3.059000	-1.966730
3.060000	-2.056810
3.061000	-1.966730
3.062000	-2.146900
3.063000	-2.056810
3.064000	-2.146900
3.065000	-2.146900
3.066000	-2.237170
3.067000	-2.327250
3.068000	-2.327250
3.069000	-2.237170
3.070000	-2.327250
3.071000	-2.146900
3.072000	-2.056810
3.073000	-2.056810
3.074000	-2.056810
3.075000	-2.056810
3.076000	-2.056810
3.077000	-2.056810
3.078000	-1.876640
3.079000	-1.966730
3.080000	-1.876640
3.081000	-1.876640
3.082000	-1.876640
3.083000	-2.056810
3.084000	-2.056810
3.085000	-2.056810
3.086000	-1.966730
3.087000	-1.966730
3.088000	-2.056810
3.089000	-2.146900
3.090000	-1.966730
3.091000	-1.876640
3.092000	-1.876640
3.093000	-1.966730
3.094000	-1.966730
3.095000	-1.876640
3.096000	-2.146900
3.097000	-1.966730
3.098000	-1.966730
3.099000	-1.966730
3.100000	-2.056810
3.101000	-2.056810
3.102000	-2.056810
3.103000	-2.056810
3.104000	-2.146900
3.105000	-2.146900
3.106000	-2.146900
3.107000	-1.876640
3.108000	-1.966730
3.109000	-1.966730
3.110000	-1.966730
3.111000	-1.966730
3.112000	-1.966730
3.113000	-2.056810
3.114000	-1.876640
3.115000	-2.056810
3.116000	-1.876640
3.117000	-1.966730
3.118000	-2.146900
3.119000	-1.966730
3.120000	-1.876640
3.121000	-2.056810
3.122000	-1.966730
3.123000	-2.056810
3.124000	-2.056810
3.125000	-2.056810
3.126000	-2.056810
3.127000	-1.966730
3.128000	-2.056810
3.129000	-2.056810
3.130000	-1.966730
3.131000	-2.146900
3.132000	-2.056810
3.133000	-2.146900
3.134000	-2.146900
3.135000	-2.056810
3.136000	-1.966730
3.137000	-1.966730
3.138000	-1.966730
3.139000	-1.966730
3.140000	-1.786370
3.141000	-1.876640
3.142000	-1.696290
3.143000	-1.876640
3.144000	-1.876640
3.145000	-1.876640
3.146000	-1.966730
3.147000	-1.786370
3.148000	-1.966730
3.149000	-1.966730
3.150000	-1.876640
3.151000	-2.056810
3.152000	-1.876640
3.153000	-1.966730
3.154000	-1.876640
3.155000	-2.056810
3.156000	-1.966730
3.157000	-1.966730
3.158000	-1.876640
3.159000	-1.876640
3.160000	-1.876640
3.161000	-2.056810
3.162000	-1.966730
3.163000	-1.966730
3.164000	-2.146900
3.165000	-1.966730
3.166000	-2.056810
3.167000	-1.966730
3.168000	-1.966730
3.169000	-1.966730
3.170000	-2.056810
3.171000	-1.876640
3.172000	-1.876640
3.173000	-2.056810
3.174000	-1.876640
3.175000	-1.876640
3.176000	-1.876640
3.177000	-1.966730
3.178000	-1.876640
3.179000	-1.876640
3.180000	-1.876640
3.181000	-1.876640
3.182000	-1.966730
3.183000	-1.966730
3.184000	-1.876640
3.185000	-1.966730
3.186000	-1.876640
3.187000	-2.056810
3.188000	-1.876640
3.189000	-1.876640
3.190000	-1.966730
3.191000	-2.056810
3.192000	-1.966730
3.193000	-1.966730
3.194000	-1.966730
3.195000	-1.966730
3.196000	-1.966730
3.197000	-1.876640
3.198000	-1.966730
3.199000	-2.146900
3.200000	-2.146900
3.201000	-2.056810
3.202000	-2.146900
3.203000	-2.146900
3.204000	-2.146900
3.205000	-2.056810
3.206000	-2.146900
3.207000	-2.146900
3.208000	-2.237170
3.209000	-2.056810
3.210000	-2.146900
3.211000	-2.146900
3.212000	-2.056810
3.213000	-2.146900
3.214000	-1.966730
3.215000	-2.056810
3.216000	-2.146900
3.217000	-2.237170
3.218000	-2.056810
3.219000	-2.146900
3.220000	-2.146900
3.221000	-2.146900
3.222000	-2.146900
3.223000	-2.237170
3.224000	-2.237170
3.225000	-2.146900
3.226000	-2.327250
3.227000	-2.327250
3.228000	-2.237170
3.229000	-2.237170
3.230000	-2.146900
3.231000	-2.146900
3.232000	-2.146900
3.233000	-2.237170
3.234000	-2.237170
3.235000	-2.237170
3.236000	-2.327250
3.237000	-2.327250
3.238000	-2.327250
3.239000	-2.327250
3.240000	-2.146900
3.241000	-2.237170
3.242000	-2.237170
3.243000	-2.146900
3.244000	-2.146900
3.245000	-2.146900
3.246000	-2.237170
3.247000	-2.056810
3.248000	-2.056810
3.249000	-2.237170
3.250000	-2.056810
3.251000	-2.056810
3.252000	-2.056810
3.253000	-2.056810
3.254000	-2.056810
3.255000	-2.056810
3.256000	-2.056810
3.257000	-2.056810
3.258000	-1.966730
3.259000	-1.966730
3.260000	-1.876640
3.261000	-1.966730
3.262000	-1.966730
3.263000	-2.056810
3.264000	-1.966730
3.265000	-1.876640
3.266000	-1.966730
3.267000	-1.966730
3.268000	-2.146900
3.269000	-2.056810
3.270000	-2.056810
3.271000	-1.966730
3.272000	-2.056810
3.273000	-2.056810
3.274000	-2.146900
3.275000	-2.056810
3.276000	-2.146900
3.277000	-1.966730
3.278000	-1.876640
3.279000	-2.056810
3.280000	-1.966730
3.281000	-1.876640
3.282000	-2.056810
3.283000	-1.966730
3.284000	-1.966730
3.285000	-1.966730
3.286000	-2.056810
3.287000	-1.966730
3.288000	-1.876640
3.289000	-1.876640
3.290000	-1.876640
3.291000	-1.876640
3.292000	-1.966730
3.293000	-2.056810
3.294000	-1.966730
3.295000	-1.966730
3.296000	-2.146900
3.297000	-1.966730
3.298000	-1.966730
3.299000	-1.966730
3.300000	-1.876640
3.301000	-2.056810
3.302000	-2.146900
3.303000	-2.237170
3.304000	-1.966730
3.305000	-2.056810
3.306000	-2.237170
3.307000	-2.056810
3.308000	-2.056810
3.309000	-2.146900
3.310000	-2.056810
3.311000	-2.056810
3.312000	-2.056810
3.313000	-2.056810
3.314000	-2.146900
3.315000	-1.966730
3.316000	-2.056810
3.317000	-1.966730
3.318000	-2.056810
3.319000	-1.966730
3.320000	-1.966730
3.321000	-1.966730
3.322000	-2.056810
3.323000	-1.876640
3.324000	-1.966730
3.325000	-1.966730
3.326000	-1.876640
3.327000	-1.876640
3.328000	-1.876640
3.329000	-2.056810
3.330000	-1.966730
3.331000	-1.876640
3.332000	-1.876640
3.333000	-1.966730
3.334000	-1.966730
3.335000	-1.876640
3.336000	-1.876640
3.337000	-1.786370
3.338000	-1.876640
3.339000	-1.876640
3.340000	-1.966730
3.341000	-1.876640
3.342000	-1.876640
3.343000	-1.876640
3.344000	-1.966730
3.345000	-1.966730
3.346000	-2.056810
3.347000	-1.966730
3.348000	-1.966730
3.349000	-2.056810
3.350000	-2.056810
3.351000	-1.966730
3.352000	-1.876640
3.353000	-1.966730
3.354000	-1.876640
3.355000	-1.876640
3.356000	-1.876640
3.357000	-1.966730
3.358000	-1.876640
3.359000	-1.966730
3.360000	-1.876640
3.361000	-1.876640
3.362000	-1.966730
3.363000	-1.966730
3.364000	-1.966730
3.365000	-1.966730
3.366000	-2.056810
3.367000	-1.966730
3.368000	-2.056810
3.369000	-1.966730
3.370000	-2.056810
3.371000	-1.876640
3.372000	-1.966730
3.373000	-1.966730
3.374000	-1.966730
3.375000	-1.966730
3.376000	-2.146900
3.377000	-2.056810
3.378000	-2.146900
3.379000	-2.237170
3.380000	-2.056810
3.381000	-2.056810
3.382000	-2.146900
3.383000	-2.146900
3.384000	-2.237170
3.385000	-2.056810
3.386000	-2.237170
3.387000	-2.327250
3.388000	-2.237170
3.389000	-2.146900
3.390000	-2.146900
3.391000	-2.146900
3.392000	-2.146900
3.393000	-2.237170
3.394000	-2.237170
3.395000	-2.237170
3.396000	-2.327250
3.397000	-2.146900
3.398000	-2.327250
3.399000	-2.237170
3.400000	-2.327250
3.401000	-2.327250
3.402000	-2.237170
3.403000	-2.327250
3.404000	-2.237170
3.405000	-2.327250
3.406000	-2.056810
3.407000	-2.146900
3.408000	-2.146900
3.409000	-2.146900
3.410000	-2.237170
3.411000	-2.146900
3.412000	-2.146900
3.413000	-2.146900
3.414000	-2.146900
3.415000	-2.146900
3.416000	-2.327250
3.417000	-2.146900
3.418000	-2.146900
3.419000	-2.146900
3.420000	-2.056810
3.421000	-2.146900
3.422000	-2.146900
3.423000	-1.966730
3.424000	-1.966730
3.425000	-1.966730
3.426000	-2.056810
3.427000	-2.056810
3.428000	-1.966730
3.429000	-2.056810
3.430000	-2.056810
3.431000	-2.056810
3.432000	-2.056810
3.433000	-2.056810
3.434000	-2.056810
3.435000	-2.056810
3.436000	-2.146900
3.437000	-2.056810
3.438000	-1.966730
3.439000	-1.966730
3.440000	-1.966730
3.441000	-1.876640
3.442000	-1.966730
3.443000	-1.966730
3.444000	-2.056810
3.445000	-1.966730
3.446000	-2.056810
3.447000	-1.966730
3.448000	-1.966730
3.449000	-1.966730
3.450000	-1.966730
3.451000	-2.056810
3.452000	-1.876640
3.453000	-2.146900
3.454000	-2.056810
3.455000	-1.966730
3.456000	-2.056810
3.457000	-1.876640
3.458000	-1.966730
3.459000	-1.966730
3.460000	-2.056810
3.461000	-1.966730
3.462000	-2.056810
3.463000	-2.146900
3.464000	-2.056810
3.465000	-2.056810
3.466000	-2.056810
3.467000	-2.146900
3.468000	-2.146900
3.469000	-2.146900
3.470000	-2.146900
3.471000	-2.056810
3.472000	-2.146900
3.473000	-2.146900
3.474000	-2.056810
3.475000	-2.237170
3.476000	-2.056810
3.477000	-2.146900
3.478000	-2.056810
3.479000	-2.056810
3.480000	-2.056810
3.481000	-2.056810
3.482000	-1.876640
3.483000	-2.237170
3.484000	-2.146900
3.485000	-2.056810
3.486000	-2.056810
3.487000	-2.056810
3.488000	-1.966730
3.489000	-2.056810
3.490000	-1.966730
3.491000	-2.056810
3.492000	-1.966730
3.493000	-1.966730
3.494000	-1.876640
3.495000	-1.786370
3.496000	-1.966730
3.497000	-1.876640
3.498000	-1.966730
3.499000	-1.876640
3.500000	-2.056810
3.501000	-1.786370
3.502000	-1.876640
3.503000	-1.876640
3.504000	-1.876640
3.505000	-1.876640
3.506000	-2.056810
3.507000	-1.876640
3.508000	-1.786370
3.509000	-1.966730
3.510000	-1.786370
3.511000	-1.786370
3.512000	-1.876640
3.513000	-1.876640
3.514000	-1.966730
3.515000	-1.876640
3.516000	-1.876640
3.517000	-1.966730
3.518000	-1.876640
3.519000	-1.966730
3.520000	-1.876640
3.521000	-1.876640
3.522000	-1.876640
3.523000	-2.056810
3.524000	-1.966730
3.525000	-1.966730
3.526000	-1.876640
3.527000	-1.966730
3.528000	-1.876640
3.529000	-2.056810
3.530000	-2.056810
3.531000	-2.056810
3.532000	-2.056810
3.533000	-2.056810
3.534000	-1.966730
3.535000	-2.237170
3.536000	-2.146900
3.537000	-2.056810
3.538000	-2.056810
3.539000	-2.056810
3.540000	-2.146900
3.541000	-2.056810
3.542000	-1.966730
3.543000	-2.146900
3.544000	-2.056810
3.545000	-1.966730
3.546000	-2.056810
3.547000	-2.146900
3.548000	-2.056810
3.549000	-2.237170
3.550000	-2.056810
3.551000	-2.237170
3.552000	-2.237170
3.553000	-2.237170
3.554000	-2.237170
3.555000	-2.146900
3.556000	-2.237170
3.557000	-2.146900
3.558000	-2.146900
3.559000	-2.146900
3.560000	-2.237170
3.561000	-2.146900
3.562000	-2.237170
3.563000	-2.146900
3.564000	-2.237170
3.565000	-2.146900
3.566000	-2.237170
3.567000	-2.327250
3.568000	-2.237170
3.569000	-2.237170
3.570000	-2.327250
3.571000	-2.146900
3.572000	-2.237170
3.573000	-2.146900
3.574000	-2.237170
3.575000	-1.966730
3.576000	-2.237170
3.577000	-2.146900
3.578000	-2.146900
3.579000	-2.056810
3.580000	-2.146900
3.581000	-2.146900
3.582000	-2.056810
3.583000	-2.146900
3.584000	-2.056810
3.585000	-2.056810
3.586000	-2.146900
3.587000	-2.146900
3.588000	-2.146900
3.589000	-2.146900
3.590000	-2.146900
3.591000	-2.056810
3.592000	-2.056810
3.593000	-2.146900
3.594000	-2.146900
3.595000	-2.056810
3.596000	-2.146900
3.597000	-2.146900
3.598000	-2.146900
3.599000	-2.146900
3.600000	-2.237170
3.601000	-2.146900
3.602000	-2.237170
3.603000	-2.237170
3.604000	-2.146900
3.605000	-2.056810
3.606000	-2.146900
3.607000	-2.056810
3.608000	-2.146900
3.609000	-2.146900
3.610000	-2.146900
3.611000	-1.966730
3.612000	-1.966730
3.613000	-1.966730
3.614000	-1.966730
3.615000	-2.056810
3.616000	-2.056810
3.617000	-2.146900
3.618000	-2.237170
3.619000	-2.056810
3.620000	-2.056810
3.621000	-2.056810
3.622000	-2.056810
3.623000	-2.056810
3.624000	-1.966730
3.625000	-1.966730
3.626000	-2.056810
3.627000	-2.056810
3.628000	-1.876640
3.629000	-2.146900
3.630000	-1.876640
3.631000	-2.056810
3.632000	-1.966730
3.633000	-2.056810
3.634000	-2.056810
3.635000	-2.056810
3.636000	-1.966730
3.637000	-2.056810
3.638000	-2.146900
3.639000	-2.056810
3.640000	-1.966730
3.641000	-2.056810
3.642000	-1.966730
3.643000	-1.876640
3.644000	-1.966730
3.645000	-1.876640
3.646000	-1.876640
3.647000	-2.056810
3.648000	-1.966730
3.649000	-1.966730
3.650000	-1.966730
3.651000	-1.876640
3.652000	-1.966730
3.653000	-2.056810
3.654000	-1.966730
3.655000	-1.966730
3.656000	-1.966730
3.657000	-1.966730
3.658000	-1.966730
3.659000	-1.966730
3.660000	-1.876640
3.661000	-1.966730
3.662000	-1.876640
3.663000	-1.876640
3.664000	-1.966730
3.665000	-1.966730
3.666000	-2.056810
3.667000	-2.056810
3.668000	-1.966730
3.669000	-2.056810
3.670000	-1.876640
3.671000	-1.966730
3.672000	-2.056810
3.673000	-2.056810
3.674000	-1.966730
3.675000	-2.146900
3.676000	-1.966730
3.677000	-2.056810
3.678000	-1.966730
3.679000	-1.966730
3.680000	-2.056810
3.681000	-1.876640
3.682000	-1.966730
3.683000	-1.966730
3.684000	-2.056810
3.685000	-1.966730
3.686000	-1.966730
3.687000	-2.056810
3.688000	-1.966730
3.689000	-2.056810
3.690000	-2.056810
3.691000	-1.876640
3.692000	-1.876640
3.693000	-1.966730
3.694000	-1.966730
3.695000	-1.966730
3.696000	-1.876640
3.697000	-2.056810
3.698000	-1.876640
3.699000	-2.056810
3.700000	-1.966730
3.701000	-2.146900
3.702000	-2.056810
3.703000	-1.966730
3.704000	-2.146900
3.705000	-1.966730
3.706000	-2.056810
3.707000	-2.056810
3.708000	-1.966730
3.709000	-2.146900
3.710000	-2.056810
3.711000	-2.056810
3.712000	-2.056810
3.713000	-2.146900
3.714000	-2.056810
3.715000	-2.146900
3.716000	-2.146900
3.717000	-2.237170
3.718000	-2.237170
3.719000	-2.237170
3.720000	-2.146900
3.721000	-2.237170
3.722000	-2.237170
3.723000	-2.146900
3.724000	-2.146900
3.725000	-2.056810
3.726000	-2.146900
3.727000	-2.146900
3.728000	-2.146900
3.729000	-2.056810
3.730000	-2.146900
3.731000	-2.056810
3.732000	-2.146900
3.733000	-2.146900
3.734000	-2.146900
3.735000	-2.237170
3.736000	-2.146900
3.737000	-2.327250
3.738000	-1.966730
3.739000	-2.146900
3.740000	-2.056810
3.741000	-2.237170
3.742000	-2.146900
3.743000	-1.966730
3.744000	-2.146900
3.745000	-2.056810
3.746000	-2.146900
3.747000	-2.056810
3.748000	-2.056810
3.749000	-2.146900
3.750000	-2.237170
3.751000	-2.056810
3.752000	-1.966730
3.753000	-2.146900
3.754000	-2.056810
3.755000	-2.056810
3.756000	-2.237170
3.757000	-2.146900
3.758000	-2.056810
3.759000	-2.146900
3.760000	-2.056810
3.761000	-2.056810
3.762000	-1.966730
3.763000	-1.966730
3.764000	-1.966730
3.765000	-2.146900
3.766000	-2.146900
3.767000	-2.146900
3.768000	-2.146900
3.769000	-2.056810
3.770000	-2.056810
3.771000	-2.056810
3.772000	-2.056810
3.773000	-2.056810
3.774000	-1.966730
3.775000	-1.966730
3.776000	-2.056810
3.777000	-2.056810
3.778000	-1.966730
3.779000	-1.966730
3.780000	-2.056810
3.781000	-1.966730
3.782000	-1.966730
3.783000	-2.146900
3.784000	-2.056810
3.785000	-2.056810
3.786000	-2.146900
3.787000	-1.966730
3.788000	-1.966730
3.789000	-1.966730
3.790000	-2.056810
3.791000	-1.966730
3.792000	-2.056810
3.793000	-2.056810
3.794000	-2.056810
3.795000	-2.146900
3.796000	-2.237170
3.797000	-2.056810
3.798000	-2.056810
3.799000	-2.056810
3.800000	-2.146900
3.801000	-2.056810
3.802000	-2.056810
3.803000	-2.056810
3.804000	-1.966730
3.805000	-1.966730
3.806000	-1.966730
3.807000	-2.146900
3.808000	-1.966730
3.809000	-1.966730
3.810000	-2.146900
3.811000	-1.966730
3.812000	-1.876640
3.813000	-2.056810
3.814000	-1.966730
3.815000	-1.876640
3.816000	-1.876640
3.817000	-1.966730
3.818000	-1.966730
3.819000	-1.876640
3.820000	-1.966730
3.821000	-1.876640
3.822000	-2.056810
3.823000	-1.966730
3.824000	-1.786370
3.825000	-1.876640
3.826000	-1.876640
3.827000	-1.966730
3.828000	-2.056810
3.829000	-1.966730
3.830000	-1.876640
3.831000	-2.056810
3.832000	-1.966730
3.833000	-2.056810
3.834000	-2.146900
3.835000	-2.056810
3.836000	-2.056810
3.837000	-1.876640
3.838000	-1.966730
3.839000	-1.966730
3.840000	-2.056810
3.841000	-1.966730
3.842000	-2.056810
3.843000	-2.056810
3.844000	-2.056810
3.845000	-2.056810
3.846000	-2.056810
3.847000	-2.056810
3.848000	-2.056810
3.849000	-1.966730
3.850000	-2.056810
3.851000	-2.146900
3.852000	-2.056810
3.853000	-1.966730
3.854000	-2.056810
3.855000	-2.146900
3.856000	-2.056810
3.857000	-2.056810
3.858000	-2.146900
3.859000	-2.056810
3.860000	-1.966730
3.861000	-2.056810
3.862000	-2.056810
3.863000	-2.056810
3.864000	-1.966730
3.865000	-2.056810
3.866000	-1.966730
3.867000	-1.966730
3.868000	-2.056810
3.869000	-2.146900
3.870000	-2.056810
3.871000	-2.056810
3.872000	-1.966730
3.873000	-2.146900
3.874000	-1.966730
3.875000	-1.966730
3.876000	-1.966730
3.877000	-2.056810
3.878000	-2.056810
3.879000	-2.056810
3.880000	-2.237170
3.881000	-2.056810
3.882000	-2.056810
3.883000	-2.237170
3.884000	-2.237170
3.885000	-2.146900
3.886000	-2.146900
3.887000	-2.146900
3.888000	-2.056810
3.889000	-2.146900
3.890000	-2.146900
3.891000	-2.146900
3.892000	-2.056810
3.893000	-2.146900
3.894000	-2.146900
3.895000	-2.146900
3.896000	-2.146900
3.897000	-2.146900
3.898000	-2.056810
3.899000	-2.056810
3.900000	-2.146900
3.901000	-2.146900
3.902000	-2.146900
3.903000	-2.146900
3.904000	-2.056810
3.905000	-2.056810
3.906000	-2.146900
3.907000	-1.966730
3.908000	-2.237170
3.909000	-2.146900
3.910000	-2.146900
3.911000	-2.146900
3.912000	-2.146900
3.913000	-2.056810
3.914000	-1.966730
3.915000	-2.237170
3.916000	-2.237170
3.917000	-2.237170
3.918000	-2.237170
3.919000	-2.146900
3.920000	-2.146900
3.921000	-2.056810
3.922000	-2.056810
3.923000	-2.146900
3.924000	-2.056810
3.925000	-2.056810
3.926000	-2.056810
3.927000	-2.146900
3.928000	-2.056810
3.929000	-2.146900
3.930000	-2.056810
3.931000	-1.876640
3.932000	-2.146900
3.933000	-2.146900
3.934000	-2.056810
3.935000	-2.056810
3.936000	-2.146900
3.937000	-2.056810
3.938000	-1.966730
3.939000	-1.966730
3.940000	-2.146900
3.941000	-1.966730
3.942000	-1.966730
3.943000	-2.056810
3.944000	-1.966730
3.945000	-2.056810
3.946000	-1.966730
3.947000	-2.056810
3.948000	-1.966730
3.949000	-2.056810
3.950000	-2.146900
3.951000	-2.146900
3.952000	-2.056810
3.953000	-1.966730
3.954000	-1.876640
3.955000	-2.146900
3.956000	-2.056810
3.957000	-1.966730
3.958000	-1.966730
3.959000	-2.056810
3.960000	-1.966730
3.961000	-1.966730
3.962000	-1.876640
3.963000	-2.056810
3.964000	-1.966730
3.965000	-2.056810
3.966000	-2.056810
3.967000	-2.146900
3.968000	-2.146900
3.969000	-2.056810
3.970000	-2.146900
3.971000	-2.146900
3.972000	-2.056810
3.973000	-2.056810
3.974000	-1.966730
3.975000	-1.966730
3.976000	-1.966730
3.977000	-2.056810
3.978000	-1.966730
3.979000	-2.056810
3.980000	-2.056810
3.981000	-2.056810
3.982000	-2.056810
3.983000	-2.056810
3.984000	-2.056810
3.985000	-2.146900
3.986000	-2.146900
3.987000	-2.146900
3.988000	-2.056810
3.989000	-2.146900
3.990000	-2.056810
3.991000	-2.146900
3.992000	-2.056810
3.993000	-2.056810
3.994000	-2.056810
3.995000	-1.876640
3.996000	-1.966730
3.997000	-1.876640
3.998000	-1.966730
3.999000	-2.056810
4.000000	-2.056810
4.001000	-2.237170
4.002000	-2.146900
4.003000	-2.146900
4.004000	-1.966730
4.005000	-2.056810
4.006000	-2.056810
4.007000	-2.056810
4.008000	-1.966730
4.009000	-1.966730
4.010000	-1.876640
4.011000	-1.966730
4.012000	-1.876640
4.013000	-1.876640
4.014000	-1.876640
4.015000	-1.876640
4.016000	-2.056810
4.017000	-2.056810
4.018000	-2.056810
4.019000	-2.056810
4.020000	-1.966730
4.021000	-2.056810
4.022000	-1.966730
4.023000	-2.056810
4.024000	-1.876640
4.025000	-1.966730
4.026000	-1.966730
4.027000	-2.056810
4.028000	-1.966730
4.029000	-2.056810
4.030000	-1.966730
4.031000	-1.966730
4.032000	-2.146900
4.033000	-1.966730
4.034000	-2.056810
4.035000	-2.056810
4.036000	-2.056810
4.037000	-2.056810
4.038000	-2.056810
4.039000	-2.056810
4.040000	-2.146900
4.041000	-2.056810
4.042000	-2.056810
4.043000	-2.146900
4.044000	-2.056810
4.045000	-2.056810
4.046000	-2.056810
4.047000	-2.056810
4.048000	-2.056810
4.049000	-2.146900
4.050000	-2.146900
4.051000	-2.056810
4.052000	-2.056810
4.053000	-2.146900
4.054000	-2.056810
4.055000	-2.056810
4.056000	-2.146900
4.057000	-2.146900
4.058000	-2.056810
4.059000	-2.056810
4.060000	-2.056810
4.061000	-1.966730
4.062000	-2.056810
4.063000	-2.056810
4.064000	-2.146900
4.065000	-2.146900
4.066000	-2.237170
4.067000	-2.146900
4.068000	-2.237170
4.069000	-2.237170
4.070000	-2.237170
4.071000	-2.146900
4.072000	-2.146900
4.073000	-2.237170
4.074000	-2.146900
4.075000	-2.237170
4.076000	-2.146900
4.077000	-2.056810
4.078000	-2.146900
4.079000	-2.056810
4.080000	-2.056810
4.081000	-2.056810
4.082000	-2.056810
4.083000	-2.146900
4.084000	-2.056810
4.085000	-2.146900
4.086000	-2.146900
4.087000	-2.146900
4.088000	-2.146900
4.089000	-1.966730
4.090000	-2.146900
4.091000	-2.056810
4.092000	-2.056810
4.093000	-2.056810
4.094000	-2.056810
4.095000	-2.056810
4.096000	-1.966730
4.097000	-2.146900
4.098000	-2.056810
4.099000	-2.056810
4.100000	-2.146900
4.101000	-2.146900
4.102000	-2.146900
4.103000	-2.146900
4.104000	-2.056810
4.105000	-2.237170
4.106000	-2.237170
4.107000	-2.056810
4.108000	-2.056810
4.109000	-2.056810
4.110000	-2.146900
4.111000	-2.056810
4.112000	-2.146900
4.113000	-1.966730
4.114000	-2.056810
4.115000	-2.146900
4.116000	-2.146900
4.117000	-2.146900
4.118000	-2.237170
4.119000	-2.146900
4.120000	-2.146900
4.121000	-2.056810
4.122000	-1.966730
4.123000	-2.056810
4.124000	-2.056810
4.125000	-2.056810
4.126000	-2.056810
4.127000	-1.966730
4.128000	-1.966730
4.129000	-1.876640
4.130000	-2.056810
4.131000	-1.966730
4.132000	-2.056810
4.133000	-2.146900
4.134000	-2.056810
4.135000	-2.146900
4.136000	-2.056810
4.137000	-2.056810
4.138000	-2.056810
4.139000	-2.146900
4.140000	-1.966730
4.141000	-1.966730
4.142000	-1.876640
4.143000	-1.966730
4.144000	-2.056810
4.145000	-2.056810
4.146000	-1.966730
4.147000	-2.056810
4.148000	-2.056810
4.149000	-2.146900
4.150000	-2.146900
4.151000	-2.056810
4.152000	-2.056810
4.153000	-2.056810
4.154000	-1.966730
4.155000	-1.966730
4.156000	-2.056810
4.157000	-2.056810
4.158000	-1.966730
4.159000	-2.056810
4.160000	-2.056810
4.161000	-1.966730
4.162000	-2.056810
4.163000	-2.146900
4.164000	-1.876640
4.165000	-1.966730
4.166000	-2.056810
4.167000	-2.056810
4.168000	-2.146900
4.169000	-2.056810
4.170000	-2.056810
4.171000	-2.056810
4.172000	-1.966730
4.173000	-2.146900
4.174000	-2.056810
4.175000	-1.966730
4.176000	-1.966730
4.177000	-1.966730
4.178000	-2.056810
4.179000	-1.966730
4.180000	-2.146900
4.181000	-1.876640
4.182000	-1.966730
4.183000	-2.056810
4.184000	-2.056810
4.185000	-1.966730
4.186000	-2.056810
4.187000	-2.056810
4.188000	-2.056810
4.189000	-2.056810
4.190000	-2.056810
4.191000	-1.876640
4.192000	-2.056810
4.193000	-1.966730
4.194000	-2.056810
4.195000	-1.966730
4.196000	-2.056810
4.197000	-1.966730
4.198000	-2.056810
4.199000	-2.237170
4.200000	-2.056810
4.201000	-2.146900
4.202000	-2.056810
4.203000	-2.146900
4.204000	-2.146900
4.205000	-2.056810
4.206000	-2.056810
4.207000	-1.966730
4.208000	-1.966730
4.209000	-2.146900
4.210000	-2.056810
4.211000	-1.966730
4.212000	-2.056810
4.213000	-2.056810
4.214000	-2.237170
4.215000	-2.146900
4.216000	-2.146900
4.217000	-2.146900
4.218000	-2.056810
4.219000	-2.146900
4.220000	-2.237170
4.221000	-1.966730
4.222000	-2.146900
4.223000	-2.146900
4.224000	-2.146900
4.225000	-2.146900
4.226000	-2.146900
4.227000	-2.146900
4.228000	-1.966730
4.229000	-2.146900
4.230000	-2.237170
4.231000	-2.146900
4.232000	-2.146900
4.233000	-2.146900
4.234000	-2.146900
4.235000	-2.146900
4.236000	-2.237170
4.237000	-2.237170
4.238000	-2.056810
4.239000	-2.146900
4.240000	-2.237170
4.241000	-2.056810
4.242000	-2.056810
4.243000	-2.146900
4.244000	-2.237170
4.245000	-2.146900
4.246000	-2.056810
4.247000	-2.056810
4.248000	-2.056810
4.249000	-2.056810
4.250000	-2.237170
4.251000	-2.146900
4.252000	-2.056810
4.253000	-2.237170
4.254000	-2.056810
4.255000	-2.146900
4.256000	-2.056810
4.257000	-2.056810
4.258000	-2.146900
4.259000	-2.056810
4.260000	-2.056810
4.261000	-2.146900
4.262000	-2.146900
4.263000	-2.327250
4.264000	-2.056810
4.265000	-2.056810
4.266000	-2.056810
4.267000	-2.146900
4.268000	-2.146900
4.269000	-2.056810
4.270000	-2.056810
4.271000	-1.966730
4.272000	-2.056810
4.273000	-2.146900
4.274000	-2.146900
4.275000	-2.056810
4.276000	-2.146900
4.277000	-2.146900
4.278000	-2.056810
4.279000	-2.056810
4.280000	-2.056810
4.281000	-2.056810
4.282000	-2.056810
4.283000	-2.237170
4.284000	-2.056810
4.285000	-1.966730
4.286000	-2.056810
4.287000	-2.237170
4.288000	-1.966730
4.289000	-2.056810
4.290000	-2.056810
4.291000	-1.966730
4.292000	-2.056810
4.293000	-2.056810
4.294000	-1.876640
4.295000	-2.056810
4.296000	-2.056810
4.297000	-1.966730
4.298000	-1.966730
4.299000	-2.056810
4.300000	-2.056810
4.301000	-2.056810
4.302000	-2.056810
4.303000	-2.056810
4.304000	-2.056810
4.305000	-1.966730
4.306000	-1.876640
4.307000	-2.056810
4.308000	-1.966730
4.309000	-1.966730
4.310000	-1.966730
4.311000	-1.876640
4.312000	-2.146900
4.313000	-2.056810
4.314000	-1.966730
4.315000	-1.966730
4.316000	-2.056810
4.317000	-2.056810
4.318000	-2.056810
4.319000	-1.966730
4.320000	-2.056810
4.321000	-1.966730
4.322000	-2.056810
4.323000	-1.966730
4.324000	-2.056810
4.325000	-1.966730
4.326000	-2.146900
4.327000	-2.056810
4.328000	-1.966730
4.329000	-1.966730
4.330000	-2.056810
4.331000	-1.966730
4.332000	-2.056810
4.333000	-2.056810
4.334000	-2.056810
4.335000	-2.056810
4.336000	-1.966730
4.337000	-2.056810
4.338000	-2.056810
4.339000	-2.056810
4.340000	-2.146900
4.341000	-2.056810
4.342000	-1.966730
4.343000	-2.056810
4.344000	-2.056810
4.345000	-2.056810
4.346000	-2.056810
4.347000	-1.966730
4.348000	-2.056810
4.349000	-2.056810
4.350000	-2.146900
4.351000	-1.876640
4.352000	-2.146900
4.353000	-2.056810
4.354000	-2.146900
4.355000	-2.056810
4.356000	-2.146900
4.357000	-1.966730
4.358000	-1.966730
4.359000	-2.056810
4.360000	-2.056810
4.361000	-2.056810
4.362000	-2.056810
4.363000	-2.056810
4.364000	-2.056810
4.365000	-2.056810
4.366000	-2.056810
4.367000	-2.146900
4.368000	-2.056810
4.369000	-2.056810
4.370000	-2.056810
4.371000	-2.056810
4.372000	-2.146900
4.373000	-2.146900
4.374000	-2.056810
4.375000	-2.056810
4.376000	-2.056810
4.377000	-2.237170
4.378000	-2.146900
4.379000	-2.146900
4.380000	-2.146900
4.381000	-1.876640
4.382000	-2.056810
4.383000	-2.237170
4.384000	-2.146900
4.385000	-2.146900
4.386000	-2.146900
4.387000	-2.237170
4.388000	-2.056810
4.389000	-2.146900
4.390000	-2.146900
4.391000	-2.056810
4.392000	-2.146900
4.393000	-2.237170
4.394000	-2.146900
4.395000	-2.056810
4.396000	-2.237170
4.397000	-2.056810
4.398000	-2.146900
4.399000	-2.237170
4.400000	-2.146900
4.401000	-2.146900
4.402000	-2.237170
4.403000	-2.146900
4.404000	-2.146900
4.405000	-2.146900
4.406000	-2.237170
4.407000	-2.146900
4.408000	-2.056810
4.409000	-2.056810
4.410000	-2.056810
4.411000	-2.056810
4.412000	-2.146900
4.413000	-2.237170
4.414000	-2.146900
4.415000	-2.056810
4.416000	-2.146900
4.417000	-2.237170
4.418000	-2.237170
4.419000	-2.146900
4.420000	-2.146900
4.421000	-2.146900
4.422000	-2.146900
4.423000	-2.146900
4.424000	-2.056810
4.425000	-2.056810
4.426000	-2.056810
4.427000	-1.876640
4.428000	-2.056810
4.429000	-2.146900
4.430000	-2.056810
4.431000	-2.056810
4.432000	-2.056810
4.433000	-2.056810
4.434000	-1.966730
4.435000	-1.966730
4.436000	-1.966730
4.437000	-2.146900
4.438000	-2.056810
4.439000	-2.056810
4.440000	-2.146900
4.441000	-1.876640
4.442000	-2.056810
4.443000	-2.056810
4.444000	-2.146900
4.445000	-2.146900
4.446000	-2.056810
4.447000	-2.056810
4.448000	-2.056810
4.449000	-2.146900
4.450000	-2.056810
4.451000	-2.056810
4.452000	-2.146900
4.453000	-2.056810
4.454000	-1.966730
4.455000	-2.146900
4.456000	-2.146900
4.457000	-2.056810
4.458000	-1.966730
4.459000	-1.966730
4.460000	-1.966730
4.461000	-1.966730
4.462000	-1.966730
4.463000	-1.966730
4.464000	-1.876640
4.465000	-1.966730
4.466000	-2.056810
4.467000	-2.056810
4.468000	-1.966730
4.469000	-2.056810
4.470000	-1.966730
4.471000	-2.056810
4.472000	-2.056810
4.473000	-1.876640
4.474000	-1.966730
4.475000	-1.966730
4.476000	-2.056810
4.477000	-1.966730
4.478000	-1.966730
4.479000	-2.056810
4.480000	-2.056810
4.481000	-2.056810
4.482000	-2.056810
4.483000	-2.146900
4.484000	-2.056810
4.485000	-2.146900
4.486000	-2.146900
4.487000	-1.966730
4.488000	-2.056810
4.489000	-2.056810
4.490000	-2.146900
4.491000	-2.056810
4.492000	-1.966730
4.493000	-1.966730
4.494000	-1.966730
4.495000	-1.876640
4.496000	-2.146900
4.497000	-1.876640
4.498000	-1.966730
4.499000	-2.056810
4.500000	-2.146900
4.501000	-2.146900
4.502000	-2.056810
4.503000	-1.966730
4.504000	-1.966730
4.505000	-2.056810
4.506000	-2.056810
4.507000	-1.966730
4.508000	-1.966730
4.509000	-2.056810
4.510000	-1.966730
4.511000	-2.056810
4.512000	-2.056810
4.513000	-2.056810
4.514000	-2.056810
4.515000	-2.146900
4.516000	-1.966730
4.517000	-2.056810
4.518000	-2.146900
4.519000	-2.056810
4.520000	-2.056810
4.521000	-1.966730
4.522000	-2.056810
4.523000	-2.056810
4.524000	-2.056810
4.525000	-2.056810
4.526000	-2.056810
4.527000	-1.966730
4.528000	-2.056810
4.529000	-2.056810
4.530000	-2.056810
4.531000	-2.056810
4.532000	-2.056810
4.533000	-2.146900
4.534000	-2.146900
4.535000	-2.056810
4.536000	-2.146900
4.537000	-2.056810
4.538000	-2.056810
4.539000	-2.056810
4.540000	-2.056810
4.541000	-1.966730
4.542000	-2.146900
4.543000	-2.056810
4.544000	-2.056810
4.545000	-2.056810
4.546000	-2.146900
4.547000	-2.146900
4.548000	-2.056810
4.549000	-2.056810
4.550000	-2.237170
4.551000	-2.056810
4.552000	-2.056810
4.553000	-2.237170
4.554000	-2.237170
4.555000	-2.056810
4.556000	-2.146900
4.557000	-2.056810
4.558000	-2.146900
4.559000	-2.237170
4.560000	-2.056810
4.561000	-2.146900
4.562000	-2.146900
4.563000	-1.966730
4.564000	-2.056810
4.565000	-2.056810
4.566000	-2.237170
4.567000	-2.237170
4.568000	-2.146900
4.569000	-2.146900
4.570000	-2.146900
4.571000	-2.056810
4.572000	-2.056810
4.573000	-2.056810
4.574000	-2.146900
4.575000	-2.056810
4.576000	-2.146900
4.577000	-2.146900
4.578000	-2.146900
4.579000	-2.237170
4.580000	-2.146900
4.581000	-2.146900
4.582000	-2.146900
4.583000	-2.237170
4.584000	-2.146900
4.585000	-2.146900
4.586000	-2.146900
4.587000	-2.056810
4.588000	-2.056810
4.589000	-2.146900
4.590000	-2.237170
4.591000	-2.146900
4.592000	-2.056810
4.593000	-2.056810
4.594000	-2.146900
4.595000	-2.146900
4.596000	-2.056810
4.597000	-2.056810
4.598000	-1.966730
4.599000	-2.146900
4.600000	-2.146900
4.601000	-2.146900
4.602000	-2.056810
4.603000	-2.146900
4.604000	-2.056810
4.605000	-2.146900
4.606000	-2.056810
4.607000	-2.146900
4.608000	-2.146900
4.609000	-1.966730
4.610000	-2.056810
4.611000	-2.146900
4.612000	-2.056810
4.613000	-2.056810
4.614000	-2.146900
4.615000	-2.056810
4.616000	-2.146900
4.617000	-2.056810
4.618000	-2.056810
4.619000	-2.146900
4.620000	-2.146900
4.621000	-2.056810
4.622000	-2.056810
4.623000	-2.146900
4.624000	-1.966730
4.625000	-1.966730
4.626000	-2.056810
4.627000	-2.056810
4.628000	-1.966730
4.629000	-2.056810
4.630000	-1.966730
4.631000	-1.966730
4.632000	-2.056810
4.633000	-2.056810
4.634000	-2.056810
4.635000	-2.146900
4.636000	-2.146900
4.637000	-2.056810
4.638000	-1.966730
4.639000	-2.056810
4.640000	-2.056810
4.641000	-1.876640
4.642000	-2.056810
4.643000	-2.056810
4.644000	-1.876640
4.645000	-1.876640
4.646000	-2.056810
4.647000	-2.056810
4.648000	-1.966730
4.649000	-1.966730
4.650000	-2.146900
4.651000	-2.056810
4.652000	-2.056810
4.653000	-2.056810
4.654000	-1.966730
4.655000	-1.966730
4.656000	-1.966730
4.657000	-2.056810
4.658000	-1.966730
4.659000	-2.056810
4.660000	-2.056810
4.661000	-2.056810
4.662000	-1.966730
4.663000	-2.056810
4.664000	-1.966730
4.665000	-2.056810
4.666000	-2.056810
4.667000	-2.056810
4.668000	-2.056810
4.669000	-1.966730
4.670000	-2.146900
4.671000	-1.966730
4.672000	-1.876640
4.673000	-2.146900
4.674000	-2.056810
4.675000	-2.056810
4.676000	-2.146900
4.677000	-1.966730
4.678000	-2.056810
4.679000	-2.056810
4.680000	-2.056810
4.681000	-2.237170
4.682000	-2.146900
4.683000	-2.056810
4.684000	-2.237170
4.685000	-2.146900
4.686000	-2.056810
4.687000	-2.146900
4.688000	-2.056810
4.689000	-2.146900
4.690000	-2.146900
4.691000	-2.146900
4.692000	-2.056810
4.693000	-2.056810
4.694000	-2.056810
4.695000	-2.056810
4.696000	-2.146900
4.697000	-1.966730
4.698000	-2.056810
4.699000	-2.056810
4.700000	-2.056810
4.701000	-2.237170
4.702000	-2.056810
4.703000	-2.146900
4.704000	-2.146900
4.705000	-2.056810
4.706000	-2.056810
4.707000	-1.966730
4.708000	-1.966730
4.709000	-2.056810
4.710000	-2.146900
4.711000	-2.056810
4.712000	-2.146900
4.713000	-2.146900
4.714000	-2.056810
4.715000	-2.146900
4.716000	-2.146900
4.717000	-2.237170
4.718000	-2.056810
4.719000	-2.146900
4.720000	-2.146900
4.721000	-2.237170
4.722000	-2.146900
4.723000	-2.237170
4.724000	-2.056810
4.725000	-2.237170
4.726000	-2.056810
4.727000	-2.146900
4.728000	-2.056810
4.729000	-2.237170
4.730000	-2.146900
4.731000	-2.056810
4.732000	-2.237170
4.733000	-2.237170
4.734000	-2.237170
4.735000	-2.237170
4.736000	-2.146900
4.737000	-2.146900
4.738000	-2.146900
4.739000	-2.146900
4.740000	-2.146900
4.741000	-2.146900
4.742000	-2.146900
4.743000	-2.237170
4.744000	-2.056810
4.745000	-2.056810
4.746000	-2.146900
4.747000	-2.237170
4.748000	-2.056810
4.749000	-2.146900
4.750000	-2.237170
4.751000	-2.146900
4.752000	-2.146900
4.753000	-2.146900
4.754000	-2.237170
4.755000	-2.146900
4.756000	-2.056810
4.757000	-2.146900
4.758000	-2.056810
4.759000	-2.056810
4.760000	-2.056810
4.761000	-2.146900
4.762000	-2.056810
4.763000	-2.146900
4.764000	-2.056810
4.765000	-2.146900
4.766000	-2.237170
4.767000	-2.146900
4.768000	-2.056810
4.769000	-2.146900
4.770000	-2.146900
4.771000	-2.146900
4.772000	-2.056810
4.773000	-2.056810
4.774000	-2.056810
4.775000	-2.056810
4.776000	-2.146900
4.777000	-2.146900
4.778000	-2.056810
4.779000	-2.056810
4.780000	-2.056810
4.781000	-2.146900
4.782000	-1.966730
4.783000	-2.056810
4.784000	-2.146900
4.785000	-2.056810
4.786000	-2.237170
4.787000	-2.146900
4.788000	-2.056810
4.789000	-2.056810
4.790000	-2.146900
4.791000	-2.056810
4.792000	-2.056810
4.793000	-2.056810
4.794000	-2.056810
4.795000	-2.056810
4.796000	-2.146900
4.797000	-2.056810
4.798000	-1.876640
4.799000	-2.056810
4.800000	-2.146900
4.801000	-2.056810
4.802000	-2.056810
4.803000	-2.146900
4.804000	-2.146900
4.805000	-2.056810
4.806000	-2.056810
4.807000	-2.146900
4.808000	-1.966730
4.809000	-1.966730
4.810000	-2.056810
4.811000	-2.146900
4.812000	-1.966730
4.813000	-2.146900
4.814000	-2.056810
4.815000	-2.056810
4.816000	-1.966730
4.817000	-2.056810
4.818000	-2.056810
4.819000	-2.056810
4.820000	-2.056810
4.821000	-2.056810
4.822000	-1.876640
4.823000	-2.056810
4.824000	-2.056810
4.825000	-1.876640
4.826000	-2.056810
4.827000	-1.966730
4.828000	-1.876640
4.829000	-1.966730
4.830000	-1.876640
4.831000	-2.056810
4.832000	-1.966730
4.833000	-2.146900
4.834000	-2.146900
4.835000	-2.056810
4.836000	-2.056810
4.837000	-2.056810
4.838000	-2.146900
4.839000	-2.146900
4.840000	-2.146900
4.841000	-2.056810
4.842000	-2.056810
4.843000	-2.056810
4.844000	-2.146900
4.845000	-2.146900
4.846000	-2.146900
4.847000	-2.146900
4.848000	-2.237170
4.849000	-2.146900
4.850000	-2.056810
4.851000	-2.146900
4.852000	-2.146900
4.853000	-2.237170
4.854000	-2.056810
4.855000	-2.146900
4.856000	-2.056810
4.857000	-2.146900
4.858000	-2.056810
4.859000	-2.056810
4.860000	-2.056810
4.861000	-2.056810
4.862000	-2.056810
4.863000	-2.056810
4.864000	-1.966730
4.865000	-2.056810
4.866000	-2.146900
4.867000	-2.237170
4.868000	-2.146900
4.869000	-2.237170
4.870000	-2.327250
4.871000	-2.056810
4.872000	-2.056810
4.873000	-2.146900
4.874000	-2.146900
4.875000	-2.056810
4.876000	-2.056810
4.877000	-2.056810
4.878000	-1.966730
4.879000	-2.146900
4.880000	-2.146900
4.881000	-2.056810
4.882000	-2.146900
4.883000	-2.146900
4.884000	-2.146900
4.885000	-2.056810
4.886000	-2.146900
4.887000	-2.146900
4.888000	-2.146900
4.889000	-2.146900
4.890000	-2.056810
4.891000	-2.056810
4.892000	-2.056810
4.893000	-2.237170
4.894000	-2.056810
4.895000	-2.146900
4.896000	-2.146900
4.897000	-2.146900
4.898000	-2.056810
4.899000	-2.146900
4.900000	-2.146900
4.901000	-2.146900
4.902000	-2.056810
4.903000	-2.146900
4.904000	-2.146900
4.905000	-2.056810
4.906000	-2.146900
4.907000	-2.237170
4.908000	-2.056810
4.909000	-2.146900
4.910000	-2.056810
4.911000	-2.146900
4.912000	-2.146900
4.913000	-2.146900
4.914000	-2.056810
4.915000	-2.146900
4.916000	-2.056810
4.917000	-2.237170
4.918000	-2.237170
4.919000	-2.146900
4.920000	-2.146900
4.921000	-2.146900
4.922000	-2.237170
4.923000	-2.146900
4.924000	-2.146900
4.925000	-2.056810
4.926000	-2.146900
4.927000	-2.146900
4.928000	-2.146900
4.929000	-2.146900
4.930000	-2.146900
4.931000	-2.056810
4.932000	-2.146900
4.933000	-2.146900
4.934000	-2.146900
4.935000	-2.056810
4.936000	-2.056810
4.937000	-2.146900
4.938000	-2.146900
4.939000	-2.146900
4.940000	-2.146900
4.941000	-2.146900
4.942000	-2.056810
4.943000	-2.056810
4.944000	-2.056810
4.945000	-2.056810
4.946000	-2.146900
4.947000	-2.146900
4.948000	-2.056810
4.949000	-2.146900
4.950000	-2.056810
4.951000	-2.146900
4.952000	-2.146900
4.953000	-2.056810
4.954000	-2.056810
4.955000	-2.056810
4.956000	-2.056810
4.957000	-1.966730
4.958000	-2.056810
4.959000	-2.056810
4.960000	-2.056810
4.961000	-1.966730
4.962000	-1.966730
4.963000	-2.056810
4.964000	-2.056810
4.965000	-1.966730
4.966000	-2.056810
4.967000	-2.146900
4.968000	-1.966730
4.969000	-1.966730
4.970000	-2.056810
4.971000	-1.966730
4.972000	-1.876640
4.973000	-2.146900
4.974000	-1.876640
4.975000	-2.056810
4.976000	-1.966730
4.977000	-2.056810
4.978000	-2.056810
4.979000	-1.876640
4.980000	-1.966730
4.981000	-1.876640
4.982000	-2.056810
4.983000	-2.056810
4.984000	-2.056810
4.985000	-2.146900
4.986000	-2.056810
4.987000	-1.966730
4.988000	-2.056810
4.989000	-2.056810
4.990000	-2.056810
4.991000	-1.966730
4.992000	-2.056810
4.993000	-2.146900
4.994000	-1.966730
4.995000	-2.056810
4.996000	-2.146900
4.997000	-2.146900
4.998000	-1.966730
4.999000	-2.146900
5.000000	-2.056810
5.001000	-1.876640
5.002000	-2.056810
5.003000	-2.056810
5.004000	-2.056810
5.005000	-2.056810
5.006000	-2.056810
5.007000	-1.966730
5.008000	-1.966730
5.009000	-1.966730
5.010000	-2.056810
5.011000	-1.876640
5.012000	-1.966730
5.013000	-2.056810
5.014000	-2.056810
5.015000	-2.056810
5.016000	-2.146900
5.017000	-2.146900
5.018000	-2.056810
5.019000	-2.056810
5.020000	-2.237170
5.021000	-2.056810
5.022000	-2.146900
5.023000	-2.056810
5.024000	-2.146900
5.025000	-2.146900
5.026000	-1.966730
5.027000	-2.056810
5.028000	-2.056810
5.029000	-2.056810
5.030000	-2.146900
5.031000	-2.146900
5.032000	-2.056810
5.033000	-2.146900
5.034000	-2.146900
5.035000	-2.146900
5.036000	-2.146900
5.037000	-2.056810
5.038000	-2.146900
5.039000	-2.146900
5.040000	-2.146900
5.041000	-2.146900
5.042000	-2.056810
5.043000	-1.966730
5.044000	-2.056810
5.045000	-2.056810
5.046000	-2.146900
5.047000	-2.146900
5.048000	-2.056810
5.049000	-2.237170
5.050000	-2.146900
5.051000	-2.146900
5.052000	-2.237170
5.053000	-2.146900
5.054000	-2.056810
5.055000	-2.237170
5.056000	-2.056810
5.057000	-2.146900
5.058000	-2.056810
5.059000	-2.146900
5.060000	-2.056810
5.061000	-2.056810
5.062000	-2.146900
5.063000	-2.146900
5.064000	-2.146900
5.065000	-2.056810
5.066000	-2.146900
5.067000	-2.146900
5.068000	-2.237170
5.069000	-2.237170
5.070000	-2.146900
5.071000	-2.056810
5.072000	-2.237170
5.073000	-2.056810
5.074000	-2.146900
5.075000	-2.056810
5.076000	-2.146900
5.077000	-2.056810
5.078000	-2.056810
5.079000	-2.146900
5.080000	-1.966730
5.081000	-2.056810
5.082000	-2.146900
5.083000	-2.146900
5.084000	-2.146900
5.085000	-2.146900
5.086000	-2.146900
5.087000	-2.146900
5.088000	-2.146900
5.089000	-2.146900
5.090000	-2.056810
5.091000	-2.056810
5.092000	-2.056810
5.093000	-1.966730
5.094000	-2.056810
5.095000	-1.966730
5.096000	-2.146900
5.097000	-2.237170
5.098000	-1.966730
5.099000	-2.146900
5.100000	-2.056810
5.101000	-2.056810
5.102000	-2.146900
5.103000	-2.146900
5.104000	-2.056810
5.105000	-2.056810
5.106000	-2.146900
5.107000	-2.056810
5.108000	-1.966730
5.109000	-2.146900
5.110000	-2.146900
5.111000	-2.146900
5.112000	-2.056810
5.113000	-2.056810
5.114000	-2.146900
5.115000	-2.146900
5.116000	-2.056810
5.117000	-2.146900
5.118000	-2.146900
5.119000	-2.056810
5.120000	-2.146900
5.121000	-2.056810
5.122000	-1.966730
5.123000	-2.146900
5.124000	-1.966730
5.125000	-2.056810
5.126000	-2.146900
5.127000	-2.056810
5.128000	-2.056810
5.129000	-2.056810
5.130000	-2.146900
5.131000	-2.056810
5.132000	-2.056810
5.133000	-1.966730
5.134000	-2.056810
5.135000	-1.966730
5.136000	-2.056810
5.137000	-1.966730
5.138000	-1.966730
5.139000	-2.056810
5.140000	-2.056810
5.141000	-1.966730
5.142000	-1.966730
5.143000	-2.056810
5.144000	-2.056810
5.145000	-2.056810
5.146000	-1.966730
5.147000	-1.966730
5.148000	-2.056810
5.149000	-2.056810
5.150000	-1.966730
5.151000	-2.146900
5.152000	-2.056810
5.153000	-2.056810
5.154000	-2.056810
5.155000	-2.146900
5.156000	-2.056810
5.157000	-1.966730
5.158000	-1.966730
5.159000	-1.876640
5.160000	-2.146900
5.161000	-1.966730
5.162000	-2.056810
5.163000	-2.146900
5.164000	-1.876640
5.165000	-1.966730
5.166000	-2.056810
5.167000	-2.056810
5.168000	-2.056810
5.169000	-1.966730
5.170000	-2.056810
5.171000	-2.056810
5.172000	-2.146900
5.173000	-2.056810
5.174000	-1.966730
5.175000	-2.056810
5.176000	-1.966730
5.177000	-1.876640
5.178000	-1.966730
5.179000	-2.056810
5.180000	-2.146900
5.181000	-2.056810
5.182000	-2.056810
5.183000	-2.237170
5.184000	-2.146900
5.185000	-2.056810
5.186000	-2.146900
5.187000	-2.146900
5.188000	-2.146900
5.189000	-2.056810
5.190000	-2.056810
5.191000	-1.966730
5.192000	-1.966730
5.193000	-2.056810
5.194000	-2.056810
5.195000	-2.146900
5.196000	-2.146900
5.197000	-1.966730
5.198000	-2.056810
5.199000	-2.056810
5.200000	-2.237170
5.201000	-2.056810
5.202000	-2.146900
5.203000	-2.146900
5.204000	-2.056810
5.205000	-2.146900
5.206000	-2.146900
5.207000	-2.146900
5.208000	-2.146900
5.209000	-2.056810
5.210000	-2.146900
5.211000	-1.966730
5.212000	-2.056810
5.213000	-2.146900
5.214000	-2.056810
5.215000	-2.056810
5.216000	-2.056810
5.217000	-2.146900
5.218000	-2.237170
5.219000	-2.146900
5.220000	-2.056810
5.221000	-2.146900
5.222000	-2.056810
5.223000	-2.056810
5.224000	-2.056810
5.225000	-2.056810
5.226000	-2.146900
5.227000	-2.056810
5.228000	-2.146900
5.229000	-2.146900
5.230000	-2.056810
5.231000	-2.146900
5.232000	-2.056810
5.233000	-2.146900
5.234000	-2.237170
5.235000	-2.237170
5.236000	-2.237170
5.237000	-2.146900
5.238000	-2.146900
5.239000	-2.056810
5.240000	-2.146900
5.241000	-2.056810
5.242000	-2.146900
5.243000	-2.146900
5.244000	-2.146900
5.245000	-2.056810
5.246000	-2.146900
5.247000	-2.146900
5.248000	-2.146900
5.249000	-2.146900
5.250000	-2.237170
5.251000	-2.146900
5.252000	-2.237170
5.253000	-2.237170
5.254000	-2.237170
5.255000	-2.146900
5.256000	-2.146900
5.257000	-2.146900
5.258000	-2.146900
5.259000	-2.056810
5.260000	-2.056810
5.261000	-1.966730
5.262000	-2.056810
5.263000	-2.146900
5.264000	-2.146900
5.265000	-2.056810
5.266000	-2.237170
5.267000	-2.146900
5.268000	-2.056810
5.269000	-2.146900
5.270000	-2.146900
5.271000	-2.056810
5.272000	-2.146900
5.273000	-2.146900
5.274000	-1.966730
5.275000	-2.146900
5.276000	-2.146900
5.277000	-2.056810
5.278000	-2.056810
5.279000	-2.056810
5.280000	-2.237170
5.281000	-2.146900
5.282000	-2.056810
5.283000	-2.146900
5.284000	-2.146900
5.285000	-2.146900
5.286000	-2.056810
5.287000	-1.966730
5.288000	-2.146900
5.289000	-2.056810
5.290000	-2.146900
5.291000	-2.056810
5.292000	-2.146900
5.293000	-2.056810
5.294000	-2.146900
5.295000	-2.056810
5.296000	-1.966730
5.297000	-1.966730
5.298000	-2.146900
5.299000	-2.146900
5.300000	-2.146900
5.301000	-2.056810
5.302000	-2.237170
5.303000	-2.056810
5.304000	-2.146900
5.305000	-2.056810
5.306000	-2.056810
5.307000	-2.056810
5.308000	-2.056810
5.309000	-1.966730
5.310000	-2.056810
5.311000	-1.966730
5.312000	-1.966730
5.313000	-2.056810
5.314000	-1.966730
5.315000	-1.966730
5.316000	-2.146900
5.317000	-2.056810
5.318000	-2.056810
5.319000	-2.146900
5.320000	-2.056810
5.321000	-1.876640
5.322000	-1.966730
5.323000	-1.966730
5.324000	-1.966730
5.325000	-1.966730
5.326000	-2.056810
5.327000	-1.966730
5.328000	-2.056810
5.329000	-2.056810
5.330000	-1.966730
5.331000	-2.056810
5.332000	-1.966730
5.333000	-2.146900
5.334000	-2.056810
5.335000	-2.056810
5.336000	-2.146900
5.337000	-2.056810
5.338000	-1.876640
5.339000	-2.237170
5.340000	-2.056810
5.341000	-2.146900
5.342000	-2.146900
5.343000	-2.056810
5.344000	-2.056810
5.345000	-1.876640
5.346000	-2.146900
5.347000	-2.056810
5.348000	-2.146900
5.349000	-2.146900
5.350000	-2.056810
5.351000	-2.146900
5.352000	-2.146900
5.353000	-2.056810
5.354000	-1.966730
5.355000	-2.056810
5.356000	-2.056810
5.357000	-2.146900
5.358000	-2.146900
5.359000	-2.146900
5.360000	-1.966730
5.361000	-2.056810
5.362000	-2.056810
5.363000	-2.056810
5.364000	-2.056810
5.365000	-2.146900
5.366000	-2.056810
5.367000	-2.146900
5.368000	-2.146900
5.369000	-2.146900
5.370000	-2.146900
5.371000	-2.056810
5.372000	-2.146900
5.373000	-2.056810
5.374000	-2.237170
5.375000	-1.966730
5.376000	-2.056810
5.377000	-1.966730
5.378000	-1.966730
5.379000	-2.146900
5.380000	-2.056810
5.381000	-2.056810
5.382000	-2.237170
5.383000	-2.237170
5.384000	-2.146900
5.385000	-2.056810
5.386000	-2.237170
5.387000	-1.876640
5.388000	-2.146900
5.389000	-2.146900
5.390000	-2.146900
5.391000	-2.056810
5.392000	-2.146900
5.393000	-2.056810
5.394000	-2.146900
5.395000	-2.056810
5.396000	-2.237170
5.397000	-2.146900
5.398000	-2.146900
5.399000	-2.146900
5.400000	-2.237170
5.401000	-2.146900
5.402000	-2.146900
5.403000	-2.146900
5.404000	-1.966730
5.405000	-2.146900
5.406000	-2.146900
5.407000	-2.056810
5.408000	-2.056810
5.409000	-2.056810
5.410000	-2.056810
5.411000	-2.056810
5.412000	-2.146900
5.413000	-2.056810
5.414000	-2.146900
5.415000	-2.146900
5.416000	-2.056810
5.417000	-2.146900
5.418000	-2.056810
5.419000	-2.056810
5.420000	-2.146900
5.421000	-2.237170
5.422000	-2.146900
5.423000	-2.056810
5.424000	-2.056810
5.425000	-1.966730
5.426000	-2.056810
5.427000	-2.146900
5.428000	-2.056810
5.429000	-2.146900
5.430000	-2.237170
5.431000	-2.237170
5.432000	-2.146900
5.433000	-2.146900
5.434000	-2.237170
5.435000	-2.146900
5.436000	-2.146900
5.437000	-2.146900
5.438000	-2.056810
5.439000	-2.056810
5.440000	-2.056810
5.441000	-2.056810
5.442000	-2.056810
5.443000	-1.966730
5.444000	-2.056810
5.445000	-2.056810
5.446000	-2.146900
5.447000	-2.056810
5.448000	-2.237170
5.449000	-2.237170
5.450000	-2.237170
5.451000	-2.237170
5.452000	-2.146900
5.453000	-2.056810
5.454000	-2.056810
5.455000	-2.056810
5.456000	-2.146900
5.457000	-2.056810
5.458000	-2.146900
5.459000	-2.056810
5.460000	-2.146900
5.461000	-2.056810
5.462000	-2.237170
5.463000	-2.146900
5.464000	-2.056810
5.465000	-1.966730
5.466000	-2.146900
5.467000	-2.146900
5.468000	-2.146900
5.469000	-2.146900
5.470000	-1.966730
5.471000	-2.146900
5.472000	-2.146900
5.473000	-2.056810
5.474000	-2.056810
5.475000	-1.966730
5.476000	-2.056810
5.477000	-2.146900
5.478000	-2.056810
5.479000	-1.966730
5.480000	-2.056810
5.481000	-1.966730
5.482000	-1.876640
5.483000	-2.146900
5.484000	-2.146900
5.485000	-1.966730
5.486000	-2.056810
5.487000	-2.146900
5.488000	-2.056810
5.489000	-2.146900
5.490000	-2.056810
5.491000	-2.056810
5.492000	-2.056810
5.493000	-2.146900
5.494000	-2.056810
5.495000	-2.146900
5.496000	-2.056810
5.497000	-1.966730
5.498000	-2.056810
5.499000	-2.146900
5.500000	-2.146900
