-0.500000	0.000000
-0.499000	0.000000
-0.498000	0.088943
-0.497000	0.000000
-0.496000	0.000000
-0.495000	0.088943
-0.494000	-0.088943
-0.493000	-0.088943
-0.492000	0.000000
-0.491000	0.088943
-0.490000	0.000000
-0.489000	0.000000
-0.488000	0.000000
-0.487000	0.088943
-0.486000	0.000000
-0.485000	0.088943
-0.484000	0.000000
-0.483000	-0.088943
-0.482000	0.000000
-0.481000	-0.088943
-0.480000	-0.088943
-0.479000	0.000000
-0.478000	0.000000
-0.477000	0.000000
-0.476000	-0.178068
-0.475000	0.088943
-0.474000	0.178068
-0.473000	0.088943
-0.472000	0.000000
-0.471000	0.000000
-0.470000	0.088943
-0.469000	0.088943
-0.468000	0.088943
-0.467000	0.000000
-0.466000	-0.088943
-0.465000	0.000000
-0.464000	-0.088943
-0.463000	0.000000
-0.462000	0.000000
-0.461000	0.000000
-0.460000	-0.088943
-0.459000	0.000000
-0.458000	0.000000
-0.457000	0.178068
-0.456000	0.088943
-0.455000	0.000000
-0.454000	0.088943
-0.453000	-0.088943
-0.452000	0.088943
-0.451000	0.088943
-0.450000	0.000000
-0.449000	-0.088943
-0.448000	-0.088943
-0.447000	0.000000
-0.446000	0.000000
-0.445000	-0.088943
-0.444000	0.000000
-0.443000	0.000000
-0.442000	0.088943
-0.441000	0.000000
-0.440000	-0.088943
-0.439000	0.000000
-0.438000	0.088943
-0.437000	0.000000
-0.436000	0.088943
-0.435000	0.088943
-0.434000	0.178068
-0.433000	0.088943
-0.432000	0.000000
-0.431000	0.000000
-0.430000	0.000000
-0.429000	0.000000
-0.428000	-0.088943
-0.427000	-0.088943
-0.426000	-0.088943
-0.425000	0.088943
-0.424000	0.000000
-0.423000	0.088943
-0.422000	0.088943
-0.421000	0.000000
-0.420000	0.088943
-0.419000	0.088943
-0.418000	0.178068
-0.417000	-0.088943
-0.416000	0.000000
-0.415000	0.088943
-0.414000	-0.088943
-0.413000	-0.088943
-0.412000	0.000000
-0.411000	0.000000
-0.410000	-0.088943
-0.409000	0.000000
-0.408000	0.000000
-0.407000	0.088943
-0.406000	0.088943
-0.405000	0.000000
-0.404000	0.000000
-0.403000	0.178068
-0.402000	0.000000
-0.401000	0.088943
-0.400000	-0.088943
-0.399000	-0.088943
-0.398000	-0.088943
-0.397000	-0.088943
-0.396000	-0.088943
-0.395000	0.088943
-0.394000	0.000000
-0.393000	0.000000
-0.392000	-0.088943
-0.391000	0.088943
-0.390000	0.000000
-0.389000	0.000000
-0.388000	0.000000
-0.387000	-0.088943
-0.386000	0.088943
-0.385000	0.000000
-0.384000	0.088943
-0.383000	0.000000
-0.382000	-0.088943
-0.381000	0.000000
-0.380000	0.000000
-0.379000	-0.088943
-0.378000	0.000000
-0.377000	-0.088943
-0.376000	0.000000
-0.375000	-0.088943
-0.374000	0.000000
-0.373000	0.088943
-0.372000	-0.088943
-0.371000	0.000000
-0.370000	-0.088943
-0.369000	0.088943
-0.368000	0.088943
-0.367000	0.000000
-0.366000	0.000000
-0.365000	-0.088943
-0.364000	0.088943
-0.363000	-0.088943
-0.362000	0.000000
-0.361000	-0.088943
-0.360000	-0.178068
-0.359000	0.000000
-0.358000	0.000000
-0.357000	0.088943
-0.356000	0.088943
-0.355000	0.088943
-0.354000	0.088943
-0.353000	0.088943
-0.352000	0.088943
-0.351000	0.088943
-0.350000	-0.178068
-0.349000	-0.088943
-0.348000	-0.088943
-0.347000	0.000000
-0.346000	0.000000
-0.345000	-0.088943
-0.344000	-0.088943
-0.343000	-0.088943
-0.342000	0.000000
-0.341000	0.000000
-0.340000	0.088943
-0.339000	0.088943
-0.338000	0.000000
-0.337000	0.000000
-0.336000	0.178068
-0.335000	0.088943
-0.334000	0.088943
-0.333000	0.088943
-0.332000	-0.088943
-0.331000	0.000000
-0.330000	-0.088943
-0.329000	0.088943
-0.328000	0.000000
-0.327000	-0.088943
-0.326000	-0.088943
-0.325000	0.000000
-0.324000	0.088943
-0.323000	0.088943
-0.322000	0.178068
-0.321000	0.088943
-0.320000	0.000000
-0.319000	0.088943
-0.318000	0.088943
-0.317000	0.000000
-0.316000	0.000000
-0.315000	0.000000
-0.314000	0.000000
-0.313000	-0.088943
-0.312000	0.000000
-0.311000	0.000000
-0.310000	-0.178068
-0.309000	0.000000
-0.308000	0.178068
-0.307000	0.088943
-0.306000	0.000000
-0.305000	0.088943
-0.304000	0.088943
-0.303000	0.088943
-0.302000	0.000000
-0.301000	0.088943
-0.300000	0.000000
-0.299000	0.000000
-0.298000	-0.088943
-0.297000	-0.088943
-0.296000	-0.088943
-0.295000	0.088943
-0.294000	-0.088943
-0.293000	-0.088943
-0.292000	0.000000
-0.291000	0.000000
-0.290000	0.088943
-0.289000	0.088943
-0.288000	0.000000
-0.287000	0.088943
-0.286000	0.088943
-0.285000	0.088943
-0.284000	0.088943
-0.283000	-0.088943
-0.282000	-0.088943
-0.281000	0.000000
-0.280000	-0.088943
-0.279000	-0.088943
-0.278000	0.000000
-0.277000	0.000000
-0.276000	-0.178068
-0.275000	0.000000
-0.274000	0.088943
-0.273000	0.000000
-0.272000	0.000000
-0.271000	0.000000
-0.270000	0.000000
-0.269000	0.178068
-0.268000	0.178068
-0.267000	0.000000
-0.266000	0.000000
-0.265000	-0.088943
-0.264000	0.000000
-0.263000	0.000000
-0.262000	0.088943
-0.261000	0.000000
-0.260000	-0.088943
-0.259000	0.088943
-0.258000	0.178068
-0.257000	0.000000
-0.256000	0.088943
-0.255000	0.000000
-0.254000	0.000000
-0.253000	0.088943
-0.252000	0.088943
-0.251000	0.000000
-0.250000	0.000000
-0.249000	-0.088943
-0.248000	-0.088943
-0.247000	0.000000
-0.246000	0.088943
-0.245000	0.000000
-0.244000	-0.088943
-0.243000	0.000000
-0.242000	0.000000
-0.241000	0.000000
-0.240000	0.088943
-0.239000	0.088943
-0.238000	0.000000
-0.237000	0.088943
-0.236000	0.000000
-0.235000	0.000000
-0.234000	0.000000
-0.233000	0.000000
-0.232000	0.000000
-0.231000	0.000000
-0.230000	0.000000
-0.229000	0.000000
-0.228000	0.088943
-0.227000	-0.088943
-0.226000	0.000000
-0.225000	0.088943
-0.224000	-0.088943
-0.223000	0.088943
-0.222000	0.088943
-0.221000	0.000000
-0.220000	0.088943
-0.219000	0.178068
-0.218000	0.000000
-0.217000	0.000000
-0.216000	0.000000
-0.215000	-0.088943
-0.214000	-0.088943
-0.213000	0.000000
-0.212000	0.178068
-0.211000	0.000000
-0.210000	-0.088943
-0.209000	-0.088943
-0.208000	0.088943
-0.207000	0.000000
-0.206000	0.000000
-0.205000	0.088943
-0.204000	0.088943
-0.203000	0.000000
-0.202000	0.088943
-0.201000	0.178068
-0.200000	-0.088943
-0.199000	0.000000
-0.198000	0.000000
-0.197000	-0.088943
-0.196000	-0.088943
-0.195000	-0.088943
-0.194000	0.000000
-0.193000	-0.088943
-0.192000	0.088943
-0.191000	0.000000
-0.190000	0.088943
-0.189000	0.000000
-0.188000	0.000000
-0.187000	0.088943
-0.186000	0.088943
-0.185000	0.088943
-0.184000	0.000000
-0.183000	-0.088943
-0.182000	0.000000
-0.181000	0.000000
-0.180000	0.000000
-0.179000	0.000000
-0.178000	-0.088943
-0.177000	-0.088943
-0.176000	0.000000
-0.175000	0.000000
-0.174000	0.088943
-0.173000	-0.088943
-0.172000	0.000000
-0.171000	-0.088943
-0.170000	0.000000
-0.169000	0.088943
-0.168000	0.088943
-0.167000	0.000000
-0.166000	-0.088943
-0.165000	-0.088943
-0.164000	-0.088943
-0.163000	-0.088943
-0.162000	0.000000
-0.161000	0.088943
-0.160000	-0.088943
-0.159000	0.000000
-0.158000	0.088943
-0.157000	0.000000
-0.156000	0.000000
-0.155000	0.088943
-0.154000	0.088943
-0.153000	0.267011
-0.152000	0.088943
-0.151000	0.088943
-0.150000	0.000000
-0.149000	-0.088943
-0.148000	-0.088943
-0.147000	0.000000
-0.146000	0.088943
-0.145000	-0.088943
-0.144000	0.000000
-0.143000	-0.088943
-0.142000	-0.088943
-0.141000	0.088943
-0.140000	0.000000
-0.139000	0.000000
-0.138000	0.088943
-0.137000	0.088943
-0.136000	0.088943
-0.135000	0.088943
-0.134000	0.088943
-0.133000	0.000000
-0.132000	0.000000
-0.131000	-0.088943
-0.130000	0.000000
-0.129000	0.088943
-0.128000	0.000000
-0.127000	-0.088943
-0.126000	-0.088943
-0.125000	0.000000
-0.124000	0.088943
-0.123000	0.000000
-0.122000	0.088943
-0.121000	-0.088943
-0.120000	0.088943
-0.119000	0.000000
-0.118000	0.088943
-0.117000	0.000000
-0.116000	0.000000
-0.115000	-0.088943
-0.114000	-0.088943
-0.113000	-0.088943
-0.112000	0.088943
-0.111000	-0.088943
-0.110000	-0.088943
-0.109000	-0.088943
-0.108000	0.000000
-0.107000	0.088943
-0.106000	0.088943
-0.105000	0.178068
-0.104000	0.000000
-0.103000	0.088943
-0.102000	0.178068
-0.101000	0.088943
-0.100000	0.000000
-0.099000	0.000000
-0.098000	0.000000
-0.097000	0.000000
-0.096000	0.000000
-0.095000	0.088943
-0.094000	-0.088943
-0.093000	0.088943
-0.092000	-0.088943
-0.091000	0.088943
-0.090000	0.088943
-0.089000	0.088943
-0.088000	0.088943
-0.087000	0.000000
-0.086000	0.000000
-0.085000	-0.088943
-0.084000	0.088943
-0.083000	0.000000
-0.082000	-0.088943
-0.081000	0.000000
-0.080000	0.000000
-0.079000	0.000000
-0.078000	0.088943
-0.077000	0.000000
-0.076000	0.000000
-0.075000	0.000000
-0.074000	0.000000
-0.073000	0.000000
-0.072000	0.000000
-0.071000	0.178068
-0.070000	0.000000
-0.069000	0.088943
-0.068000	0.178068
-0.067000	0.000000
-0.066000	0.000000
-0.065000	0.088943
-0.064000	0.088943
-0.063000	0.000000
-0.062000	0.000000
-0.061000	0.000000
-0.060000	0.000000
-0.059000	-0.088943
-0.058000	0.088943
-0.057000	0.088943
-0.056000	0.000000
-0.055000	0.000000
-0.054000	0.178068
-0.053000	0.000000
-0.052000	0.178068
-0.051000	0.000000
-0.050000	0.088943
-0.049000	-0.088943
-0.048000	0.000000
-0.047000	0.000000
-0.046000	0.000000
-0.045000	-0.088943
-0.044000	-0.088943
-0.043000	-0.088943
-0.042000	-0.088943
-0.041000	0.178068
-0.040000	0.088943
-0.039000	-0.088943
-0.038000	0.088943
-0.037000	0.000000
-0.036000	0.088943
-0.035000	0.000000
-0.034000	0.000000
-0.033000	-0.088943
-0.032000	-0.088943
-0.031000	0.000000
-0.030000	0.000000
-0.029000	0.088943
-0.028000	-0.088943
-0.027000	-0.178068
-0.026000	-0.178068
-0.025000	0.178068
-0.024000	0.178068
-0.023000	0.444897
-0.022000	0.355954
-0.021000	0.444897
-0.020000	0.444897
-0.019000	0.267011
-0.018000	0.267011
-0.017000	0.178068
-0.016000	0.178068
-0.015000	0.088943
-0.014000	0.088943
-0.013000	0.000000
-0.012000	0.088943
-0.011000	0.000000
-0.010000	0.000000
-0.009000	0.088943
-0.008000	0.534022
-0.007000	0.622965
-0.006000	-0.355954
-0.005000	0.000000
-0.004000	0.801033
-0.003000	0.267011
-0.002000	-0.178068
-0.001000	0.267011
0.000000	-0.355954
0.001000	-0.801033
0.002000	-0.534022
0.003000	-1.424000
0.004000	-0.801033
0.005000	0.534022
0.006000	-0.088943
0.007000	-0.889976
0.008000	-0.267011
0.009000	0.444897
0.010000	-0.267011
0.011000	-1.690830
0.012000	-0.267011
0.013000	3.648850
0.014000	2.224850
0.015000	0.000000
0.016000	0.622965
0.017000	1.334870
0.018000	3.381830
0.019000	3.381830
0.020000	0.978918
0.021000	2.224850
0.022000	3.915670
0.023000	1.779950
0.024000	1.334870
0.025000	3.114820
0.026000	3.826730
0.027000	3.025880
0.028000	1.512940
0.029000	1.245930
0.030000	2.135900
0.031000	3.025880
0.032000	3.025880
0.033000	2.580800
0.034000	2.402920
0.035000	2.224850
0.036000	1.868890
0.037000	1.957840
0.038000	2.046780
0.039000	1.334870
0.040000	1.245930
0.041000	1.424000
0.042000	1.156990
0.043000	0.889976
0.044000	0.801033
0.045000	0.355954
0.046000	0.088943
0.047000	0.267011
0.048000	0.355954
0.049000	0.534022
0.050000	0.711908
0.051000	0.178068
0.052000	-0.267011
0.053000	0.178068
0.054000	0.444897
0.055000	0.000000
0.056000	-0.267011
0.057000	-0.444897
0.058000	-0.444897
0.059000	0.088943
0.060000	1.868890
0.061000	-1.156990
0.062000	-0.355954
0.063000	-1.424000
0.064000	3.203770
0.065000	6.318590
0.066000	-2.402920
0.067000	-1.334870
0.068000	4.271810
0.069000	1.868890
0.070000	3.559720
0.071000	-1.156990
0.072000	-12.993100
0.073000	0.711908
0.074000	4.805650
0.075000	7.564520
0.076000	10.412300
0.077000	-7.030500
0.078000	-0.534022
0.079000	11.658300
0.080000	0.711908
0.081000	1.868890
0.082000	7.920470
0.083000	4.182680
0.084000	4.716710
0.085000	3.114820
0.086000	2.135900
0.087000	5.072660
0.088000	9.878310
0.089000	8.365370
0.090000	-0.978918
0.091000	3.203770
0.092000	12.993100
0.093000	11.213200
0.094000	5.606680
0.095000	2.847810
0.096000	2.847810
0.097000	8.009420
0.098000	14.684000
0.099000	11.747200
0.100000	1.957840
0.101000	6.318590
0.102000	8.276430
0.103000	7.653460
0.104000	8.721510
0.105000	3.559720
0.106000	11.124200
0.107000	21.981501
0.108000	11.480200
0.109000	-2.936760
0.110000	2.758870
0.111000	10.412300
0.112000	15.663100
0.113000	-10.857200
0.114000	-16.375000
0.115000	5.072660
0.116000	9.700420
0.117000	2.936760
0.118000	-5.072660
0.119000	-13.171200
0.120000	-1.601880
0.121000	-1.156990
0.122000	-13.883100
0.123000	-3.737790
0.124000	2.758870
0.125000	-0.622965
0.126000	-4.004800
0.127000	-15.929900
0.128000	-8.721510
0.129000	1.156990
0.130000	0.444897
0.131000	-2.491860
0.132000	-8.187480
0.133000	-10.501300
0.134000	-11.480200
0.135000	-14.328000
0.136000	-8.098540
0.137000	8.276430
0.138000	4.360750
0.139000	-11.569300
0.140000	-7.297510
0.141000	1.868890
0.142000	0.622965
0.143000	-2.758870
0.144000	6.585600
0.145000	9.878310
0.146000	1.334870
0.147000	-2.758870
0.148000	2.847810
0.149000	8.810450
0.150000	9.611300
0.151000	11.747200
0.152000	9.611300
0.153000	11.124200
0.154000	11.569300
0.155000	10.768300
0.156000	13.883100
0.157000	17.798800
0.158000	13.527200
0.159000	13.171200
0.160000	17.442801
0.161000	10.946400
0.162000	8.365370
0.163000	17.798800
0.164000	21.536600
0.165000	15.840900
0.166000	4.004800
0.167000	1.245930
0.168000	8.365370
0.169000	8.810450
0.170000	9.077460
0.171000	10.768300
0.172000	8.365370
0.173000	5.784570
0.174000	1.512940
0.175000	0.178068
0.176000	6.496660
0.177000	13.349100
0.178000	5.695620
0.179000	4.538640
0.180000	12.370200
0.181000	8.810450
0.182000	0.088943
0.183000	5.606680
0.184000	5.606680
0.185000	-1.868890
0.186000	-2.046780
0.187000	-3.826730
0.188000	-1.957840
0.189000	4.271810
0.190000	-0.444897
0.191000	-10.590200
0.192000	-6.051580
0.193000	-1.957840
0.194000	-4.805650
0.195000	-4.805650
0.196000	-3.737790
0.197000	-5.962640
0.198000	-6.140520
0.199000	-2.135900
0.200000	-2.491860
0.201000	-6.674540
0.202000	-8.187480
0.203000	-8.365370
0.204000	-3.559720
0.205000	1.334870
0.206000	-2.491860
0.207000	-5.784570
0.208000	-2.491860
0.209000	-1.957840
0.210000	-4.627760
0.211000	-3.292710
0.212000	1.156990
0.213000	0.267011
0.214000	-5.339670
0.215000	-5.517560
0.216000	1.156990
0.217000	5.161600
0.218000	1.424000
0.219000	-2.491860
0.220000	1.424000
0.221000	4.716710
0.222000	3.203770
0.223000	-10.145300
0.224000	-5.784570
0.225000	16.285801
0.226000	14.595000
0.227000	8.988330
0.228000	6.318590
0.229000	5.072660
0.230000	3.470780
0.231000	8.721510
0.232000	12.103200
0.233000	4.983720
0.234000	0.444897
0.235000	3.203770
0.236000	7.564520
0.237000	8.365370
0.238000	9.344470
0.239000	5.784570
0.240000	0.801033
0.241000	3.915670
0.242000	4.182680
0.243000	3.737790
0.244000	3.737790
0.245000	3.025880
0.246000	0.000000
0.247000	1.156990
0.248000	3.648850
0.249000	1.957840
0.250000	1.424000
0.251000	0.889976
0.252000	-0.178068
0.253000	1.334870
0.254000	5.962640
0.255000	4.449700
0.256000	2.580800
0.257000	5.339670
0.258000	1.334870
0.259000	-4.716710
0.260000	-1.690830
0.261000	4.449700
0.262000	2.491860
0.263000	-0.267011
0.264000	2.936760
0.265000	4.627760
0.266000	2.669740
0.267000	3.381830
0.268000	4.538640
0.269000	4.360750
0.270000	5.250730
0.271000	5.784570
0.272000	5.072660
0.273000	6.140520
0.274000	5.784570
0.275000	1.424000
0.276000	0.534022
0.277000	3.737790
0.278000	3.737790
0.279000	3.203770
0.280000	4.449700
0.281000	4.983720
0.282000	4.894590
0.283000	1.868890
0.284000	1.245930
0.285000	5.517560
0.286000	6.496660
0.287000	2.936760
0.288000	2.135900
0.289000	4.093740
0.290000	1.868890
0.291000	-1.957840
0.292000	-0.088943
0.293000	3.025880
0.294000	2.936760
0.295000	1.245930
0.296000	-0.178068
0.297000	2.224850
0.298000	4.182680
0.299000	2.313790
0.300000	5.250730
0.301000	9.433410
0.302000	2.224850
0.303000	-7.742400
0.304000	-8.810450
0.305000	-1.156990
0.306000	6.585600
0.307000	6.051580
0.308000	-1.156990
0.309000	-6.229650
0.310000	-6.407530
0.311000	-1.334870
0.312000	7.920470
0.313000	11.213200
0.314000	6.140520
0.315000	0.978918
0.316000	-0.978918
0.317000	-1.424000
0.318000	1.601880
0.319000	6.585600
0.320000	6.051580
0.321000	-0.801033
0.322000	-4.093740
0.323000	-2.313790
0.324000	2.936760
0.325000	10.679300
0.326000	8.187480
0.327000	0.622965
0.328000	2.313790
0.329000	5.784570
0.330000	4.805650
0.331000	7.653460
0.332000	8.543440
0.333000	5.428610
0.334000	4.271810
0.335000	3.470780
0.336000	0.889976
0.337000	1.690830
0.338000	5.072660
0.339000	4.093740
0.340000	2.491860
0.341000	2.847810
0.342000	5.161600
0.343000	6.496660
0.344000	5.428610
0.345000	1.156990
0.346000	0.267011
0.347000	5.428610
0.348000	6.852610
0.349000	1.690830
0.350000	-2.135900
0.351000	-2.491860
0.352000	-1.512940
0.353000	2.224850
0.354000	3.648850
0.355000	1.690830
0.356000	1.690830
0.357000	2.847810
0.358000	-0.801033
0.359000	-1.779950
0.360000	0.444897
0.361000	-0.088943
0.362000	2.224850
0.363000	2.758870
0.364000	-1.868890
0.365000	-2.135900
0.366000	1.067860
0.367000	2.402920
0.368000	2.758870
0.369000	0.355954
0.370000	-1.690830
0.371000	2.402920
0.372000	4.805650
0.373000	3.203770
0.374000	2.580800
0.375000	0.711908
0.376000	0.622965
0.377000	4.004800
0.378000	3.826730
0.379000	2.135900
0.380000	4.716710
0.381000	3.381830
0.382000	1.601880
0.383000	3.203770
0.384000	3.381830
0.385000	2.847810
0.386000	5.784570
0.387000	6.140520
0.388000	3.470780
0.389000	2.224850
0.390000	2.224850
0.391000	3.915670
0.392000	5.784570
0.393000	4.360750
0.394000	1.067860
0.395000	3.114820
0.396000	5.072660
0.397000	3.203770
0.398000	1.334870
0.399000	2.135900
0.400000	2.313790
0.401000	2.669740
0.402000	3.292710
0.403000	3.203770
0.404000	3.025880
0.405000	4.093740
0.406000	1.334870
0.407000	0.267011
0.408000	1.957840
0.409000	1.690830
0.410000	1.512940
0.411000	2.135900
0.412000	0.889976
0.413000	0.889976
0.414000	3.648850
0.415000	3.203770
0.416000	1.067860
0.417000	0.534022
0.418000	0.889976
0.419000	2.402920
0.420000	3.737790
0.421000	1.334870
0.422000	-1.779950
0.423000	0.267011
0.424000	1.957840
0.425000	1.334870
0.426000	1.690830
0.427000	2.669740
0.428000	1.957840
0.429000	3.025880
0.430000	4.093740
0.431000	1.245930
0.432000	0.711908
0.433000	2.135900
0.434000	3.292710
0.435000	2.402920
0.436000	2.580800
0.437000	1.868890
0.438000	3.470780
0.439000	3.648850
0.440000	3.114820
0.441000	3.559720
0.442000	2.847810
0.443000	0.711908
0.444000	4.271810
0.445000	7.742400
0.446000	4.716710
0.447000	2.135900
0.448000	1.868890
0.449000	1.424000
0.450000	4.716710
0.451000	4.449700
0.452000	3.559720
0.453000	3.025880
0.454000	0.622965
0.455000	1.601880
0.456000	4.894590
0.457000	1.957840
0.458000	1.601880
0.459000	2.135900
0.460000	0.889976
0.461000	3.559720
0.462000	3.559720
0.463000	-1.424000
0.464000	-0.267011
0.465000	2.936760
0.466000	0.889976
0.467000	-0.534022
0.468000	-1.156990
0.469000	0.889976
0.470000	-0.355954
0.471000	-1.245930
0.472000	-0.088943
0.473000	0.355954
0.474000	0.622965
0.475000	-0.178068
0.476000	-1.067860
0.477000	-0.534022
0.478000	0.000000
0.479000	-1.245930
0.480000	-1.067860
0.481000	0.178068
0.482000	0.801033
0.483000	0.711908
0.484000	-0.178068
0.485000	0.534022
0.486000	0.889976
0.487000	-0.355954
0.488000	1.067860
0.489000	1.601880
0.490000	0.000000
0.491000	1.601880
0.492000	2.669740
0.493000	1.156990
0.494000	3.114820
0.495000	1.424000
0.496000	-0.088943
0.497000	3.025880
0.498000	3.381830
0.499000	1.512940
0.500000	3.470780
0.501000	3.559720
0.502000	2.491860
0.503000	3.470780
0.504000	3.381830
0.505000	3.470780
0.506000	4.004800
0.507000	2.580800
0.508000	1.334870
0.509000	2.491860
0.510000	5.517560
0.511000	4.360750
0.512000	1.156990
0.513000	2.936760
0.514000	3.559720
0.515000	0.711908
0.516000	1.424000
0.517000	5.873690
0.518000	3.648850
0.519000	1.156990
0.520000	3.292710
0.521000	3.292710
0.522000	3.648850
0.523000	5.428610
0.524000	0.178068
0.525000	0.000000
0.526000	4.449700
0.527000	1.779950
0.528000	1.334870
0.529000	4.360750
0.530000	3.737790
0.531000	3.826730
0.532000	5.250730
0.533000	3.381830
0.534000	0.889976
0.535000	1.779950
0.536000	5.072660
0.537000	4.004800
0.538000	3.648850
0.539000	5.428610
0.540000	3.203770
0.541000	3.648850
0.542000	4.716710
0.543000	4.093740
0.544000	4.360750
0.545000	5.339670
0.546000	3.292710
0.547000	3.915670
0.548000	5.784570
0.549000	5.250730
0.550000	3.114820
0.551000	3.648850
0.552000	4.538640
0.553000	4.004800
0.554000	4.894590
0.555000	5.873690
0.556000	3.292710
0.557000	3.737790
0.558000	5.072660
0.559000	4.894590
0.560000	3.915670
0.561000	3.114820
0.562000	2.669740
0.563000	3.915670
0.564000	3.915670
0.565000	1.957840
0.566000	3.025880
0.567000	3.737790
0.568000	2.580800
0.569000	1.779950
0.570000	2.046780
0.571000	2.402920
0.572000	2.046780
0.573000	0.711908
0.574000	1.512940
0.575000	1.779950
0.576000	1.334870
0.577000	2.135900
0.578000	1.868890
0.579000	0.711908
0.580000	1.334870
0.581000	0.444897
0.582000	0.178068
0.583000	2.669740
0.584000	0.711908
0.585000	-2.224850
0.586000	0.267011
0.587000	1.779950
0.588000	1.067860
0.589000	1.067860
0.590000	0.355954
0.591000	2.135900
0.592000	3.025880
0.593000	1.690830
0.594000	2.135900
0.595000	-0.267011
0.596000	-0.801033
0.597000	3.203770
0.598000	2.046780
0.599000	1.067860
0.600000	3.915670
0.601000	1.779950
0.602000	1.957840
0.603000	4.538640
0.604000	0.978918
0.605000	0.978918
0.606000	5.161600
0.607000	3.381830
0.608000	3.203770
0.609000	5.339670
0.610000	1.067860
0.611000	0.711908
0.612000	3.648850
0.613000	1.957840
0.614000	3.203770
0.615000	5.250730
0.616000	2.580800
0.617000	2.847810
0.618000	3.915670
0.619000	1.512940
0.620000	1.868890
0.621000	3.203770
0.622000	2.669740
0.623000	1.601880
0.624000	1.868890
0.625000	3.470780
0.626000	4.004800
0.627000	3.203770
0.628000	2.669740
0.629000	1.245930
0.630000	0.622965
0.631000	3.114820
0.632000	3.737790
0.633000	2.847810
0.634000	3.559720
0.635000	1.957840
0.636000	0.178068
0.637000	3.203770
0.638000	4.360750
0.639000	3.025880
0.640000	3.470780
0.641000	2.669740
0.642000	1.424000
0.643000	3.381830
0.644000	4.538640
0.645000	3.292710
0.646000	3.114820
0.647000	3.203770
0.648000	2.669740
0.649000	3.381830
0.650000	4.449700
0.651000	4.983720
0.652000	4.983720
0.653000	3.737790
0.654000	2.936760
0.655000	3.648850
0.656000	4.538640
0.657000	4.004800
0.658000	3.737790
0.659000	3.292710
0.660000	2.402920
0.661000	2.491860
0.662000	3.648850
0.663000	4.538640
0.664000	4.093740
0.665000	3.381830
0.666000	2.313790
0.667000	2.135900
0.668000	3.114820
0.669000	2.669740
0.670000	1.156990
0.671000	1.957840
0.672000	3.025880
0.673000	1.779950
0.674000	1.067860
0.675000	1.512940
0.676000	1.512940
0.677000	1.868890
0.678000	1.779950
0.679000	1.067860
0.680000	0.622965
0.681000	1.334870
0.682000	1.512940
0.683000	1.067860
0.684000	0.711908
0.685000	0.267011
0.686000	0.088943
0.687000	0.534022
0.688000	1.424000
0.689000	0.978918
0.690000	0.000000
0.691000	0.088943
0.692000	0.801033
0.693000	1.156990
0.694000	1.424000
0.695000	1.512940
0.696000	0.801033
0.697000	1.156990
0.698000	1.424000
0.699000	1.334870
0.700000	1.512940
0.701000	1.512940
0.702000	0.711908
0.703000	0.178068
0.704000	0.978918
0.705000	2.135900
0.706000	2.491860
0.707000	2.224850
0.708000	2.046780
0.709000	2.313790
0.710000	2.491860
0.711000	2.313790
0.712000	3.025880
0.713000	3.381830
0.714000	2.402920
0.715000	1.601880
0.716000	2.313790
0.717000	2.580800
0.718000	2.491860
0.719000	2.758870
0.720000	3.203770
0.721000	3.114820
0.722000	2.936760
0.723000	2.758870
0.724000	2.936760
0.725000	2.936760
0.726000	2.669740
0.727000	2.491860
0.728000	2.402920
0.729000	2.491860
0.730000	2.580800
0.731000	2.135900
0.732000	2.135900
0.733000	2.847810
0.734000	2.669740
0.735000	2.580800
0.736000	2.313790
0.737000	1.601880
0.738000	2.135900
0.739000	2.491860
0.740000	2.491860
0.741000	2.936760
0.742000	3.114820
0.743000	2.224850
0.744000	2.135900
0.745000	2.402920
0.746000	2.491860
0.747000	3.114820
0.748000	3.381830
0.749000	2.758870
0.750000	1.779950
0.751000	1.601880
0.752000	2.580800
0.753000	3.826730
0.754000	4.360750
0.755000	3.648850
0.756000	2.847810
0.757000	3.114820
0.758000	3.381830
0.759000	3.114820
0.760000	3.114820
0.761000	3.203770
0.762000	2.491860
0.763000	2.758870
0.764000	3.915670
0.765000	3.292710
0.766000	2.580800
0.767000	4.093740
0.768000	3.648850
0.769000	2.936760
0.770000	3.559720
0.771000	4.093740
0.772000	3.826730
0.773000	2.580800
0.774000	2.491860
0.775000	1.868890
0.776000	2.224850
0.777000	3.915670
0.778000	3.470780
0.779000	2.313790
0.780000	3.470780
0.781000	2.313790
0.782000	1.512940
0.783000	4.271810
0.784000	3.292710
0.785000	1.779950
0.786000	4.805650
0.787000	2.669740
0.788000	-0.444897
0.789000	2.313790
0.790000	2.135900
0.791000	1.334870
0.792000	3.559720
0.793000	2.135900
0.794000	0.711908
0.795000	2.491860
0.796000	2.580800
0.797000	2.313790
0.798000	2.669740
0.799000	0.534022
0.800000	0.711908
0.801000	2.491860
0.802000	1.868890
0.803000	2.135900
0.804000	0.978918
0.805000	0.000000
0.806000	1.779950
0.807000	1.601880
0.808000	1.424000
0.809000	3.648850
0.810000	2.847810
0.811000	0.801033
0.812000	1.424000
0.813000	-0.178068
0.814000	0.889976
0.815000	3.292710
0.816000	2.046780
0.817000	1.245930
0.818000	1.156990
0.819000	0.444897
0.820000	1.512940
0.821000	2.135900
0.822000	1.156990
0.823000	0.801033
0.824000	1.512940
0.825000	3.292710
0.826000	1.690830
0.827000	0.711908
0.828000	1.868890
0.829000	0.622965
0.830000	0.267011
0.831000	2.758870
0.832000	1.512940
0.833000	0.000000
0.834000	1.868890
0.835000	1.690830
0.836000	1.067860
0.837000	3.826730
0.838000	1.245930
0.839000	-1.156990
0.840000	2.847810
0.841000	2.135900
0.842000	-1.690830
0.843000	1.601880
0.844000	2.758870
0.845000	-0.622965
0.846000	1.245930
0.847000	3.114820
0.848000	0.000000
0.849000	0.889976
0.850000	1.868890
0.851000	0.889976
0.852000	1.957840
0.853000	2.669740
0.854000	-0.534022
0.855000	0.801033
0.856000	3.114820
0.857000	1.334870
0.858000	0.711908
0.859000	2.580800
0.860000	2.491860
0.861000	2.491860
0.862000	2.313790
0.863000	1.957840
0.864000	2.046780
0.865000	2.313790
0.866000	2.847810
0.867000	1.957840
0.868000	2.046780
0.869000	3.381830
0.870000	3.114820
0.871000	2.046780
0.872000	3.648850
0.873000	4.004800
0.874000	2.669740
0.875000	3.648850
0.876000	2.669740
0.877000	1.424000
0.878000	3.737790
0.879000	3.114820
0.880000	2.046780
0.881000	4.449700
0.882000	3.381830
0.883000	2.224850
0.884000	4.004800
0.885000	3.470780
0.886000	0.978918
0.887000	0.801033
0.888000	2.580800
0.889000	4.449700
0.890000	2.491860
0.891000	0.000000
0.892000	1.512940
0.893000	2.936760
0.894000	2.046780
0.895000	2.491860
0.896000	2.313790
0.897000	1.601880
0.898000	3.381830
0.899000	1.601880
0.900000	-0.088943
0.901000	2.135900
0.902000	1.868890
0.903000	0.444897
0.904000	3.292710
0.905000	1.779950
0.906000	0.444897
0.907000	2.758870
0.908000	3.203770
0.909000	1.512940
0.910000	2.224850
0.911000	2.046780
0.912000	1.156990
0.913000	2.313790
0.914000	2.402920
0.915000	1.690830
0.916000	2.313790
0.917000	4.004800
0.918000	2.847810
0.919000	0.801033
0.920000	1.779950
0.921000	2.936760
0.922000	4.093740
0.923000	4.449700
0.924000	3.025880
0.925000	0.801033
0.926000	2.402920
0.927000	5.072660
0.928000	3.915670
0.929000	2.847810
0.930000	2.936760
0.931000	3.114820
0.932000	3.470780
0.933000	3.292710
0.934000	2.580800
0.935000	3.025880
0.936000	4.004800
0.937000	3.559720
0.938000	3.025880
0.939000	2.936760
0.940000	2.491860
0.941000	3.381830
0.942000	4.360750
0.943000	3.025880
0.944000	2.046780
0.945000	4.004800
0.946000	3.559720
0.947000	1.779950
0.948000	1.779950
0.949000	1.868890
0.950000	2.224850
0.951000	4.004800
0.952000	3.737790
0.953000	1.067860
0.954000	2.135900
0.955000	3.470780
0.956000	1.868890
0.957000	1.690830
0.958000	2.580800
0.959000	1.424000
0.960000	1.957840
0.961000	3.025880
0.962000	1.601880
0.963000	1.424000
0.964000	2.224850
0.965000	1.779950
0.966000	1.156990
0.967000	2.313790
0.968000	3.025880
0.969000	1.601880
0.970000	1.690830
0.971000	3.025880
0.972000	2.046780
0.973000	1.424000
0.974000	1.512940
0.975000	2.224850
0.976000	3.292710
0.977000	2.936760
0.978000	1.067860
0.979000	1.424000
0.980000	3.648850
0.981000	3.203770
0.982000	2.224850
0.983000	2.580800
0.984000	2.580800
0.985000	3.025880
0.986000	2.758870
0.987000	2.491860
0.988000	3.025880
0.989000	3.648850
0.990000	2.402920
0.991000	1.957840
0.992000	3.025880
0.993000	3.025880
0.994000	2.669740
0.995000	2.936760
0.996000	3.203770
0.997000	2.491860
0.998000	2.936760
0.999000	3.737790
1.000000	3.737790
1.001000	3.114820
1.002000	2.224850
1.003000	1.779950
1.004000	2.669740
1.005000	3.203770
1.006000	1.957840
1.007000	1.690830
1.008000	2.669740
1.009000	2.936760
1.010000	2.758870
1.011000	2.758870
1.012000	2.491860
1.013000	2.046780
1.014000	2.402920
1.015000	2.313790
1.016000	1.868890
1.017000	1.601880
1.018000	1.779950
1.019000	2.046780
1.020000	1.957840
1.021000	1.334870
1.022000	1.512940
1.023000	1.957840
1.024000	2.224850
1.025000	1.690830
1.026000	1.156990
1.027000	1.512940
1.028000	2.046780
1.029000	1.424000
1.030000	1.067860
1.031000	1.601880
1.032000	1.957840
1.033000	1.601880
1.034000	1.512940
1.035000	1.779950
1.036000	2.135900
1.037000	1.868890
1.038000	1.156990
1.039000	1.424000
1.040000	2.313790
1.041000	2.313790
1.042000	1.957840
1.043000	1.957840
1.044000	2.669740
1.045000	2.580800
1.046000	2.224850
1.047000	2.224850
1.048000	2.936760
1.049000	2.669740
1.050000	2.224850
1.051000	2.135900
1.052000	2.313790
1.053000	2.669740
1.054000	2.847810
1.055000	2.669740
1.056000	2.402920
1.057000	2.847810
1.058000	2.936760
1.059000	3.114820
1.060000	2.936760
1.061000	2.491860
1.062000	2.224850
1.063000	2.669740
1.064000	2.847810
1.065000	2.135900
1.066000	1.868890
1.067000	2.135900
1.068000	2.491860
1.069000	2.491860
1.070000	1.957840
1.071000	2.135900
1.072000	2.313790
1.073000	2.224850
1.074000	1.424000
1.075000	1.512940
1.076000	1.868890
1.077000	1.868890
1.078000	1.690830
1.079000	1.334870
1.080000	1.690830
1.081000	1.690830
1.082000	1.779950
1.083000	1.957840
1.084000	2.402920
1.085000	2.046780
1.086000	1.512940
1.087000	1.690830
1.088000	2.046780
1.089000	1.957840
1.090000	1.512940
1.091000	1.868890
1.092000	2.402920
1.093000	2.313790
1.094000	2.224850
1.095000	2.402920
1.096000	2.580800
1.097000	2.491860
1.098000	2.224850
1.099000	2.135900
1.100000	2.669740
1.101000	2.936760
1.102000	2.758870
1.103000	2.046780
1.104000	2.580800
1.105000	3.114820
1.106000	3.025880
1.107000	2.669740
1.108000	3.203770
1.109000	3.470780
1.110000	2.936760
1.111000	2.669740
1.112000	2.847810
1.113000	2.758870
1.114000	3.381830
1.115000	4.360750
1.116000	3.203770
1.117000	2.669740
1.118000	3.025880
1.119000	2.758870
1.120000	2.936760
1.121000	3.559720
1.122000	3.292710
1.123000	3.292710
1.124000	3.292710
1.125000	2.402920
1.126000	2.669740
1.127000	3.114820
1.128000	2.847810
1.129000	3.025880
1.130000	3.292710
1.131000	1.957840
1.132000	2.669740
1.133000	3.559720
1.134000	2.313790
1.135000	1.868890
1.136000	2.758870
1.137000	2.847810
1.138000	2.313790
1.139000	2.224850
1.140000	2.402920
1.141000	2.135900
1.142000	2.758870
1.143000	2.313790
1.144000	1.601880
1.145000	2.224850
1.146000	2.669740
1.147000	1.779950
1.148000	2.135900
1.149000	3.915670
1.150000	3.470780
1.151000	1.601880
1.152000	1.424000
1.153000	2.580800
1.154000	2.491860
1.155000	2.402920
1.156000	2.313790
1.157000	2.313790
1.158000	2.491860
1.159000	2.402920
1.160000	1.779950
1.161000	1.957840
1.162000	3.292710
1.163000	2.402920
1.164000	1.957840
1.165000	2.758870
1.166000	2.313790
1.167000	1.779950
1.168000	2.936760
1.169000	2.402920
1.170000	0.801033
1.171000	2.402920
1.172000	3.114820
1.173000	1.957840
1.174000	2.224850
1.175000	2.758870
1.176000	1.424000
1.177000	2.669740
1.178000	2.758870
1.179000	1.424000
1.180000	1.868890
1.181000	3.114820
1.182000	1.424000
1.183000	1.424000
1.184000	3.025880
1.185000	2.758870
1.186000	1.601880
1.187000	1.868890
1.188000	1.957840
1.189000	2.046780
1.190000	2.135900
1.191000	1.512940
1.192000	2.135900
1.193000	3.203770
1.194000	2.313790
1.195000	1.512940
1.196000	2.224850
1.197000	2.669740
1.198000	2.224850
1.199000	1.424000
1.200000	1.690830
1.201000	2.313790
1.202000	2.402920
1.203000	1.779950
1.204000	1.424000
1.205000	2.224850
1.206000	2.491860
1.207000	1.424000
1.208000	1.957840
1.209000	3.292710
1.210000	2.580800
1.211000	0.889976
1.212000	1.512940
1.213000	2.669740
1.214000	1.957840
1.215000	2.046780
1.216000	2.491860
1.217000	2.135900
1.218000	2.402920
1.219000	3.292710
1.220000	1.067860
1.221000	1.868890
1.222000	3.915670
1.223000	2.847810
1.224000	1.334870
1.225000	1.690830
1.226000	2.758870
1.227000	2.580800
1.228000	2.402920
1.229000	2.669740
1.230000	1.779950
1.231000	2.758870
1.232000	3.559720
1.233000	2.491860
1.234000	2.936760
1.235000	3.114820
1.236000	1.779950
1.237000	2.491860
1.238000	3.826730
1.239000	1.424000
1.240000	0.711908
1.241000	3.915670
1.242000	3.648850
1.243000	2.580800
1.244000	3.025880
1.245000	2.491860
1.246000	2.669740
1.247000	4.627760
1.248000	3.025880
1.249000	2.313790
1.250000	4.182680
1.251000	2.402920
1.252000	0.978918
1.253000	3.737790
1.254000	4.627760
1.255000	3.203770
1.256000	3.470780
1.257000	3.648850
1.258000	3.203770
1.259000	3.025880
1.260000	2.402920
1.261000	2.224850
1.262000	4.449700
1.263000	4.627760
1.264000	2.313790
1.265000	2.313790
1.266000	3.648850
1.267000	3.203770
1.268000	2.669740
1.269000	2.669740
1.270000	3.915670
1.271000	5.072660
1.272000	3.203770
1.273000	0.889976
1.274000	2.580800
1.275000	5.161600
1.276000	3.203770
1.277000	1.690830
1.278000	3.915670
1.279000	5.339670
1.280000	3.648850
1.281000	2.936760
1.282000	3.203770
1.283000	4.004800
1.284000	3.381830
1.285000	2.847810
1.286000	2.936760
1.287000	3.381830
1.288000	3.559720
1.289000	3.203770
1.290000	2.936760
1.291000	4.004800
1.292000	3.559720
1.293000	2.313790
1.294000	4.004800
1.295000	4.805650
1.296000	2.491860
1.297000	2.580800
1.298000	4.093740
1.299000	3.381830
1.300000	2.669740
1.301000	3.203770
1.302000	3.025880
1.303000	3.203770
1.304000	3.559720
1.305000	3.025880
1.306000	2.580800
1.307000	2.669740
1.308000	3.559720
1.309000	3.648850
1.310000	2.847810
1.311000	3.025880
1.312000	3.381830
1.313000	2.936760
1.314000	3.826730
1.315000	3.915670
1.316000	1.957840
1.317000	3.025880
1.318000	4.716710
1.319000	2.847810
1.320000	2.224850
1.321000	3.025880
1.322000	2.669740
1.323000	3.025880
1.324000	3.737790
1.325000	2.669740
1.326000	2.580800
1.327000	4.093740
1.328000	4.004800
1.329000	3.025880
1.330000	2.936760
1.331000	3.025880
1.332000	2.669740
1.333000	2.491860
1.334000	2.491860
1.335000	2.402920
1.336000	2.669740
1.337000	2.847810
1.338000	3.292710
1.339000	3.381830
1.340000	2.580800
1.341000	2.847810
1.342000	3.559720
1.343000	3.203770
1.344000	2.491860
1.345000	2.402920
1.346000	2.313790
1.347000	2.491860
1.348000	3.025880
1.349000	2.936760
1.350000	2.402920
1.351000	2.402920
1.352000	2.847810
1.353000	2.491860
1.354000	2.580800
1.355000	2.936760
1.356000	2.402920
1.357000	2.224850
1.358000	2.847810
1.359000	2.847810
1.360000	1.868890
1.361000	2.046780
1.362000	2.580800
1.363000	2.758870
1.364000	2.758870
1.365000	2.580800
1.366000	2.580800
1.367000	2.847810
1.368000	1.957840
1.369000	1.690830
1.370000	2.313790
1.371000	2.758870
1.372000	2.847810
1.373000	3.025880
1.374000	2.491860
1.375000	2.491860
1.376000	2.758870
1.377000	2.313790
1.378000	2.135900
1.379000	2.580800
1.380000	2.580800
1.381000	2.224850
1.382000	2.491860
1.383000	2.936760
1.384000	2.936760
1.385000	2.669740
1.386000	2.758870
1.387000	3.025880
1.388000	2.936760
1.389000	2.580800
1.390000	2.580800
1.391000	2.669740
1.392000	3.025880
1.393000	2.758870
1.394000	2.224850
1.395000	2.135900
1.396000	2.313790
1.397000	2.758870
1.398000	3.203770
1.399000	3.292710
1.400000	3.114820
1.401000	2.847810
1.402000	2.313790
1.403000	2.224850
1.404000	2.580800
1.405000	2.491860
1.406000	2.224850
1.407000	2.402920
1.408000	2.669740
1.409000	2.580800
1.410000	2.669740
1.411000	2.669740
1.412000	2.669740
1.413000	2.758870
1.414000	3.025880
1.415000	3.114820
1.416000	2.936760
1.417000	2.491860
1.418000	2.669740
1.419000	2.491860
1.420000	2.135900
1.421000	2.580800
1.422000	2.580800
1.423000	2.135900
1.424000	2.491860
1.425000	2.758870
1.426000	2.758870
1.427000	3.025880
1.428000	3.114820
1.429000	2.580800
1.430000	2.580800
1.431000	2.580800
1.432000	2.402920
1.433000	2.580800
1.434000	2.580800
1.435000	2.402920
1.436000	2.669740
1.437000	2.669740
1.438000	2.135900
1.439000	2.135900
1.440000	3.025880
1.441000	3.025880
1.442000	2.669740
1.443000	2.669740
1.444000	3.025880
1.445000	2.669740
1.446000	2.402920
1.447000	2.847810
1.448000	2.669740
1.449000	2.046780
1.450000	2.135900
1.451000	2.580800
1.452000	2.224850
1.453000	2.936760
1.454000	2.758870
1.455000	2.313790
1.456000	3.025880
1.457000	3.203770
1.458000	2.135900
1.459000	2.402920
1.460000	3.114820
1.461000	3.114820
1.462000	2.936760
1.463000	3.025880
1.464000	2.669740
1.465000	2.491860
1.466000	2.491860
1.467000	2.936760
1.468000	2.936760
1.469000	2.491860
1.470000	2.669740
1.471000	3.381830
1.472000	2.580800
1.473000	3.025880
1.474000	3.648850
1.475000	2.313790
1.476000	2.491860
1.477000	3.470780
1.478000	2.669740
1.479000	2.580800
1.480000	3.114820
1.481000	2.135900
1.482000	2.936760
1.483000	3.648850
1.484000	2.402920
1.485000	2.224850
1.486000	3.470780
1.487000	3.381830
1.488000	2.847810
1.489000	3.381830
1.490000	2.313790
1.491000	2.491860
1.492000	3.470780
1.493000	2.135900
1.494000	2.224850
1.495000	3.381830
1.496000	2.847810
1.497000	3.025880
1.498000	3.292710
1.499000	2.580800
1.500000	2.580800
1.501000	3.025880
1.502000	3.203770
1.503000	3.737790
1.504000	3.203770
1.505000	2.402920
1.506000	2.669740
1.507000	2.402920
1.508000	2.313790
1.509000	2.758870
1.510000	3.292710
1.511000	3.292710
1.512000	3.381830
1.513000	3.025880
1.514000	2.491860
1.515000	3.470780
1.516000	3.915670
1.517000	3.114820
1.518000	2.135900
1.519000	1.957840
1.520000	2.580800
1.521000	2.669740
1.522000	2.669740
1.523000	2.402920
1.524000	2.491860
1.525000	2.847810
1.526000	3.114820
1.527000	3.292710
1.528000	3.025880
1.529000	2.402920
1.530000	2.046780
1.531000	2.580800
1.532000	3.381830
1.533000	2.580800
1.534000	2.046780
1.535000	2.313790
1.536000	2.580800
1.537000	2.758870
1.538000	2.135900
1.539000	2.402920
1.540000	2.936760
1.541000	1.957840
1.542000	1.334870
1.543000	2.758870
1.544000	3.559720
1.545000	1.601880
1.546000	1.424000
1.547000	3.203770
1.548000	3.470780
1.549000	1.601880
1.550000	0.711908
1.551000	2.224850
1.552000	3.470780
1.553000	1.779950
1.554000	0.711908
1.555000	1.779950
1.556000	2.402920
1.557000	2.224850
1.558000	2.224850
1.559000	1.779950
1.560000	1.512940
1.561000	2.580800
1.562000	1.690830
1.563000	1.334870
1.564000	2.580800
1.565000	2.669740
1.566000	1.245930
1.567000	1.424000
1.568000	2.313790
1.569000	2.046780
1.570000	1.690830
1.571000	1.424000
1.572000	1.957840
1.573000	2.669740
1.574000	2.402920
1.575000	2.224850
1.576000	1.779950
1.577000	1.424000
1.578000	2.046780
1.579000	2.936760
1.580000	2.669740
1.581000	2.224850
1.582000	2.135900
1.583000	1.779950
1.584000	2.135900
1.585000	2.669740
1.586000	2.224850
1.587000	1.690830
1.588000	2.580800
1.589000	2.936760
1.590000	2.224850
1.591000	1.957840
1.592000	2.224850
1.593000	2.402920
1.594000	2.402920
1.595000	2.669740
1.596000	2.224850
1.597000	2.224850
1.598000	2.758870
1.599000	3.114820
1.600000	2.936760
1.601000	1.779950
1.602000	1.334870
1.603000	2.135900
1.604000	3.114820
1.605000	2.669740
1.606000	2.224850
1.607000	2.402920
1.608000	3.114820
1.609000	2.313790
1.610000	1.512940
1.611000	2.491860
1.612000	3.025880
1.613000	2.580800
1.614000	2.313790
1.615000	2.847810
1.616000	2.580800
1.617000	2.224850
1.618000	2.046780
1.619000	2.313790
1.620000	2.847810
1.621000	3.203770
1.622000	2.580800
1.623000	2.491860
1.624000	3.025880
1.625000	2.669740
1.626000	1.690830
1.627000	2.580800
1.628000	3.915670
1.629000	3.381830
1.630000	2.758870
1.631000	3.114820
1.632000	3.025880
1.633000	2.847810
1.634000	3.114820
1.635000	2.669740
1.636000	2.669740
1.637000	3.648850
1.638000	3.559720
1.639000	2.758870
1.640000	3.025880
1.641000	3.114820
1.642000	2.936760
1.643000	3.114820
1.644000	3.114820
1.645000	3.203770
1.646000	3.025880
1.647000	3.114820
1.648000	3.025880
1.649000	3.025880
1.650000	3.025880
1.651000	2.847810
1.652000	2.669740
1.653000	2.224850
1.654000	2.936760
1.655000	3.381830
1.656000	2.758870
1.657000	2.491860
1.658000	2.758870
1.659000	2.669740
1.660000	2.758870
1.661000	2.669740
1.662000	2.580800
1.663000	2.847810
1.664000	3.025880
1.665000	2.491860
1.666000	2.313790
1.667000	2.669740
1.668000	2.580800
1.669000	2.313790
1.670000	2.491860
1.671000	2.758870
1.672000	2.669740
1.673000	2.402920
1.674000	2.046780
1.675000	2.313790
1.676000	2.847810
1.677000	2.402920
1.678000	2.491860
1.679000	2.580800
1.680000	2.313790
1.681000	1.957840
1.682000	2.224850
1.683000	2.135900
1.684000	2.313790
1.685000	2.313790
1.686000	2.224850
1.687000	2.135900
1.688000	2.313790
1.689000	2.313790
1.690000	2.135900
1.691000	2.046780
1.692000	1.957840
1.693000	2.224850
1.694000	2.313790
1.695000	2.224850
1.696000	2.224850
1.697000	2.135900
1.698000	2.046780
1.699000	2.046780
1.700000	2.135900
1.701000	2.313790
1.702000	2.135900
1.703000	2.135900
1.704000	2.224850
1.705000	2.135900
1.706000	1.868890
1.707000	2.224850
1.708000	2.046780
1.709000	1.868890
1.710000	2.046780
1.711000	2.491860
1.712000	2.669740
1.713000	2.313790
1.714000	2.046780
1.715000	2.046780
1.716000	2.046780
1.717000	2.046780
1.718000	2.046780
1.719000	2.135900
1.720000	2.135900
1.721000	1.957840
1.722000	1.690830
1.723000	1.868890
1.724000	2.135900
1.725000	2.135900
1.726000	1.957840
1.727000	1.957840
1.728000	1.957840
1.729000	1.957840
1.730000	1.779950
1.731000	1.690830
1.732000	1.779950
1.733000	1.512940
1.734000	1.512940
1.735000	1.690830
1.736000	2.135900
1.737000	2.046780
1.738000	1.601880
1.739000	1.512940
1.740000	1.690830
1.741000	1.779950
1.742000	1.868890
1.743000	1.779950
1.744000	1.868890
1.745000	1.868890
1.746000	1.957840
1.747000	1.779950
1.748000	1.690830
1.749000	1.779950
1.750000	1.868890
1.751000	1.868890
1.752000	2.046780
1.753000	2.046780
1.754000	1.957840
1.755000	2.135900
1.756000	2.313790
1.757000	1.957840
1.758000	2.135900
1.759000	2.491860
1.760000	2.491860
1.761000	2.402920
1.762000	2.402920
1.763000	2.580800
1.764000	2.669740
1.765000	2.669740
1.766000	2.580800
1.767000	2.313790
1.768000	2.669740
1.769000	3.025880
1.770000	2.491860
1.771000	2.135900
1.772000	2.580800
1.773000	2.936760
1.774000	2.669740
1.775000	2.758870
1.776000	2.580800
1.777000	2.669740
1.778000	2.847810
1.779000	2.580800
1.780000	2.313790
1.781000	2.580800
1.782000	2.313790
1.783000	2.224850
1.784000	2.758870
1.785000	3.025880
1.786000	2.758870
1.787000	2.313790
1.788000	2.046780
1.789000	2.580800
1.790000	2.758870
1.791000	2.135900
1.792000	2.046780
1.793000	2.669740
1.794000	2.847810
1.795000	1.957840
1.796000	1.690830
1.797000	2.046780
1.798000	2.313790
1.799000	2.669740
1.800000	2.936760
1.801000	2.402920
1.802000	1.957840
1.803000	2.491860
1.804000	2.580800
1.805000	2.135900
1.806000	2.313790
1.807000	2.224850
1.808000	1.868890
1.809000	2.224850
1.810000	2.313790
1.811000	2.046780
1.812000	2.491860
1.813000	2.491860
1.814000	2.402920
1.815000	2.847810
1.816000	3.025880
1.817000	2.313790
1.818000	2.224850
1.819000	2.580800
1.820000	2.491860
1.821000	2.491860
1.822000	2.491860
1.823000	2.402920
1.824000	2.402920
1.825000	3.025880
1.826000	2.046780
1.827000	1.779950
1.828000	3.381830
1.829000	3.826730
1.830000	2.847810
1.831000	2.491860
1.832000	2.402920
1.833000	2.224850
1.834000	2.402920
1.835000	2.491860
1.836000	2.491860
1.837000	2.936760
1.838000	2.936760
1.839000	2.046780
1.840000	2.046780
1.841000	2.669740
1.842000	2.758870
1.843000	2.669740
1.844000	2.402920
1.845000	2.580800
1.846000	2.758870
1.847000	2.135900
1.848000	1.690830
1.849000	2.669740
1.850000	2.936760
1.851000	2.402920
1.852000	1.779950
1.853000	2.046780
1.854000	2.313790
1.855000	2.224850
1.856000	1.868890
1.857000	2.313790
1.858000	2.224850
1.859000	1.779950
1.860000	2.313790
1.861000	2.847810
1.862000	2.669740
1.863000	2.224850
1.864000	1.957840
1.865000	1.601880
1.866000	2.758870
1.867000	3.381830
1.868000	1.245930
1.869000	1.067860
1.870000	3.114820
1.871000	2.847810
1.872000	2.046780
1.873000	2.224850
1.874000	2.135900
1.875000	2.580800
1.876000	3.114820
1.877000	2.402920
1.878000	2.580800
1.879000	3.203770
1.880000	2.313790
1.881000	2.313790
1.882000	3.292710
1.883000	2.402920
1.884000	2.224850
1.885000	2.669740
1.886000	2.669740
1.887000	3.292710
1.888000	2.758870
1.889000	1.957840
1.890000	2.669740
1.891000	3.826730
1.892000	2.847810
1.893000	2.402920
1.894000	3.470780
1.895000	3.381830
1.896000	2.669740
1.897000	2.224850
1.898000	1.868890
1.899000	2.224850
1.900000	2.847810
1.901000	2.758870
1.902000	2.847810
1.903000	2.580800
1.904000	2.669740
1.905000	2.580800
1.906000	1.868890
1.907000	2.402920
1.908000	3.025880
1.909000	2.224850
1.910000	2.313790
1.911000	2.669740
1.912000	2.224850
1.913000	1.512940
1.914000	1.424000
1.915000	1.957840
1.916000	2.580800
1.917000	2.491860
1.918000	2.402920
1.919000	2.402920
1.920000	2.402920
1.921000	2.046780
1.922000	1.779950
1.923000	1.868890
1.924000	2.224850
1.925000	2.224850
1.926000	2.224850
1.927000	2.402920
1.928000	2.224850
1.929000	2.313790
1.930000	2.224850
1.931000	2.313790
1.932000	2.669740
1.933000	2.669740
1.934000	2.046780
1.935000	2.313790
1.936000	3.114820
1.937000	2.580800
1.938000	1.957840
1.939000	2.580800
1.940000	2.847810
1.941000	2.758870
1.942000	2.936760
1.943000	2.491860
1.944000	2.402920
1.945000	2.491860
1.946000	2.669740
1.947000	3.025880
1.948000	3.025880
1.949000	2.936760
1.950000	2.758870
1.951000	2.669740
1.952000	2.669740
1.953000	2.758870
1.954000	2.491860
1.955000	2.936760
1.956000	3.114820
1.957000	2.669740
1.958000	2.669740
1.959000	2.491860
1.960000	2.313790
1.961000	2.580800
1.962000	3.114820
1.963000	2.580800
1.964000	2.224850
1.965000	2.669740
1.966000	2.580800
1.967000	2.402920
1.968000	2.758870
1.969000	2.669740
1.970000	2.580800
1.971000	2.936760
1.972000	2.580800
1.973000	2.046780
1.974000	1.957840
1.975000	2.402920
1.976000	2.669740
1.977000	2.491860
1.978000	2.313790
1.979000	2.402920
1.980000	2.847810
1.981000	3.203770
1.982000	3.025880
1.983000	2.402920
1.984000	2.402920
1.985000	2.758870
1.986000	2.847810
1.987000	2.580800
1.988000	2.313790
1.989000	2.313790
1.990000	2.491860
1.991000	2.580800
1.992000	2.847810
1.993000	3.025880
1.994000	2.847810
1.995000	2.936760
1.996000	3.381830
1.997000	3.292710
1.998000	2.936760
1.999000	2.847810
2.000000	2.669740
2.001000	2.669740
2.002000	2.758870
2.003000	2.758870
2.004000	2.936760
2.005000	2.847810
2.006000	2.580800
2.007000	2.936760
2.008000	3.114820
2.009000	3.114820
2.010000	3.114820
2.011000	3.025880
2.012000	2.936760
2.013000	2.936760
2.014000	3.025880
2.015000	2.936760
2.016000	2.758870
2.017000	2.580800
2.018000	2.580800
2.019000	2.669740
2.020000	2.847810
2.021000	2.936760
2.022000	2.847810
2.023000	2.847810
2.024000	2.847810
2.025000	2.758870
2.026000	2.669740
2.027000	2.580800
2.028000	2.580800
2.029000	2.491860
2.030000	2.669740
2.031000	2.847810
2.032000	2.758870
2.033000	2.402920
2.034000	2.313790
2.035000	2.224850
2.036000	2.402920
2.037000	2.491860
2.038000	2.402920
2.039000	2.313790
2.040000	2.135900
2.041000	2.224850
2.042000	2.313790
2.043000	2.491860
2.044000	2.402920
2.045000	2.402920
2.046000	2.402920
2.047000	2.402920
2.048000	2.402920
2.049000	2.224850
2.050000	2.135900
2.051000	2.224850
2.052000	2.402920
2.053000	2.402920
2.054000	2.313790
2.055000	2.402920
2.056000	2.313790
2.057000	2.580800
2.058000	2.491860
2.059000	2.491860
2.060000	2.669740
2.061000	2.491860
2.062000	2.402920
2.063000	2.580800
2.064000	2.580800
2.065000	2.491860
2.066000	2.669740
2.067000	2.758870
2.068000	2.491860
2.069000	2.402920
2.070000	2.580800
2.071000	2.669740
2.072000	2.758870
2.073000	2.669740
2.074000	2.491860
2.075000	2.313790
2.076000	2.580800
2.077000	2.491860
2.078000	2.491860
2.079000	2.491860
2.080000	2.669740
2.081000	2.491860
2.082000	2.491860
2.083000	2.313790
2.084000	2.224850
2.085000	2.224850
2.086000	2.046780
2.087000	2.313790
2.088000	2.402920
2.089000	2.224850
2.090000	2.046780
2.091000	2.313790
2.092000	2.313790
2.093000	2.135900
2.094000	2.046780
2.095000	2.224850
2.096000	2.224850
2.097000	2.135900
2.098000	1.868890
2.099000	1.957840
2.100000	2.135900
2.101000	1.957840
2.102000	1.957840
2.103000	2.402920
2.104000	2.224850
2.105000	2.135900
2.106000	2.313790
2.107000	2.135900
2.108000	2.046780
2.109000	2.402920
2.110000	2.224850
2.111000	2.135900
2.112000	2.224850
2.113000	2.224850
2.114000	2.402920
2.115000	2.402920
2.116000	2.402920
2.117000	2.669740
2.118000	2.491860
2.119000	2.402920
2.120000	2.580800
2.121000	2.402920
2.122000	2.046780
2.123000	2.313790
2.124000	2.580800
2.125000	2.580800
2.126000	2.491860
2.127000	2.491860
2.128000	2.580800
2.129000	2.135900
2.130000	2.313790
2.131000	2.847810
2.132000	2.491860
2.133000	2.224850
2.134000	2.580800
2.135000	2.669740
2.136000	2.491860
2.137000	2.669740
2.138000	2.669740
2.139000	2.402920
2.140000	2.580800
2.141000	2.224850
2.142000	2.046780
2.143000	2.135900
2.144000	2.491860
2.145000	2.758870
2.146000	2.580800
2.147000	2.491860
2.148000	2.669740
2.149000	2.669740
2.150000	2.491860
2.151000	2.313790
2.152000	2.313790
2.153000	2.135900
2.154000	2.491860
2.155000	2.313790
2.156000	2.224850
2.157000	2.135900
2.158000	1.957840
2.159000	2.313790
2.160000	2.580800
2.161000	2.402920
2.162000	2.580800
2.163000	2.580800
2.164000	2.135900
2.165000	2.313790
2.166000	2.313790
2.167000	2.135900
2.168000	2.402920
2.169000	2.135900
2.170000	2.135900
2.171000	2.313790
2.172000	2.135900
2.173000	2.046780
2.174000	2.224850
2.175000	2.135900
2.176000	2.313790
2.177000	2.669740
2.178000	2.402920
2.179000	2.224850
2.180000	2.402920
2.181000	2.402920
2.182000	2.491860
2.183000	2.669740
2.184000	2.580800
2.185000	2.402920
2.186000	2.491860
2.187000	2.402920
2.188000	2.402920
2.189000	2.491860
2.190000	2.402920
2.191000	2.491860
2.192000	2.758870
2.193000	2.847810
2.194000	2.847810
2.195000	2.847810
2.196000	3.025880
2.197000	2.936760
2.198000	2.580800
2.199000	2.669740
2.200000	2.224850
2.201000	2.402920
2.202000	2.580800
2.203000	2.402920
2.204000	2.491860
2.205000	2.847810
2.206000	2.669740
2.207000	2.580800
2.208000	3.025880
2.209000	2.847810
2.210000	2.491860
2.211000	2.491860
2.212000	2.580800
2.213000	2.313790
2.214000	2.224850
2.215000	2.135900
2.216000	2.224850
2.217000	2.224850
2.218000	2.402920
2.219000	2.491860
2.220000	2.580800
2.221000	2.758870
2.222000	2.491860
2.223000	2.224850
2.224000	2.491860
2.225000	2.402920
2.226000	2.402920
2.227000	2.135900
2.228000	1.957840
2.229000	2.224850
2.230000	2.491860
2.231000	2.224850
2.232000	2.135900
2.233000	2.491860
2.234000	2.669740
2.235000	2.491860
2.236000	2.402920
2.237000	2.580800
2.238000	2.224850
2.239000	1.957840
2.240000	2.046780
2.241000	2.135900
2.242000	2.224850
2.243000	2.313790
2.244000	2.224850
2.245000	2.135900
2.246000	2.402920
2.247000	2.580800
2.248000	2.491860
2.249000	2.491860
2.250000	2.491860
2.251000	2.224850
2.252000	2.135900
2.253000	2.402920
2.254000	2.313790
2.255000	2.135900
2.256000	2.135900
2.257000	2.224850
2.258000	2.313790
2.259000	2.224850
2.260000	2.224850
2.261000	2.046780
2.262000	2.313790
2.263000	2.491860
2.264000	2.402920
2.265000	2.491860
2.266000	2.402920
2.267000	2.224850
2.268000	2.313790
2.269000	2.402920
2.270000	2.224850
2.271000	2.313790
2.272000	2.313790
2.273000	1.957840
2.274000	2.224850
2.275000	2.402920
2.276000	2.402920
2.277000	2.313790
2.278000	2.402920
2.279000	2.402920
2.280000	2.313790
2.281000	2.669740
2.282000	2.491860
2.283000	2.135900
2.284000	2.046780
2.285000	2.046780
2.286000	1.957840
2.287000	1.957840
2.288000	1.957840
2.289000	1.690830
2.290000	2.046780
2.291000	2.313790
2.292000	2.402920
2.293000	2.135900
2.294000	2.046780
2.295000	2.046780
2.296000	1.957840
2.297000	1.957840
2.298000	2.046780
2.299000	2.046780
2.300000	1.779950
2.301000	1.690830
2.302000	1.690830
2.303000	1.868890
2.304000	1.957840
2.305000	1.957840
2.306000	1.957840
2.307000	2.224850
2.308000	2.402920
2.309000	2.224850
2.310000	2.135900
2.311000	2.224850
2.312000	2.046780
2.313000	2.135900
2.314000	2.313790
2.315000	2.224850
2.316000	2.135900
2.317000	2.135900
2.318000	2.224850
2.319000	2.313790
2.320000	2.580800
2.321000	2.580800
2.322000	2.402920
2.323000	2.313790
2.324000	2.491860
2.325000	2.491860
2.326000	2.491860
2.327000	2.491860
2.328000	2.491860
2.329000	2.402920
2.330000	2.313790
2.331000	2.491860
2.332000	2.491860
2.333000	2.313790
2.334000	2.313790
2.335000	2.224850
2.336000	2.402920
2.337000	2.491860
2.338000	2.580800
2.339000	2.402920
2.340000	2.313790
2.341000	2.313790
2.342000	2.313790
2.343000	2.313790
2.344000	2.224850
2.345000	2.224850
2.346000	2.135900
2.347000	2.224850
2.348000	2.313790
2.349000	2.224850
2.350000	2.135900
2.351000	2.135900
2.352000	2.135900
2.353000	2.224850
2.354000	2.313790
2.355000	2.313790
2.356000	2.224850
2.357000	2.046780
2.358000	2.135900
2.359000	2.224850
2.360000	2.135900
2.361000	2.135900
2.362000	2.224850
2.363000	2.224850
2.364000	2.313790
2.365000	2.402920
2.366000	2.313790
2.367000	2.224850
2.368000	2.313790
2.369000	2.313790
2.370000	2.313790
2.371000	2.402920
2.372000	2.491860
2.373000	2.313790
2.374000	2.313790
2.375000	2.313790
2.376000	2.491860
2.377000	2.491860
2.378000	2.580800
2.379000	2.491860
2.380000	2.580800
2.381000	2.847810
2.382000	2.847810
2.383000	2.669740
2.384000	2.580800
2.385000	2.580800
2.386000	2.491860
2.387000	2.580800
2.388000	2.758870
2.389000	2.491860
2.390000	2.491860
2.391000	2.580800
2.392000	2.402920
2.393000	2.758870
2.394000	2.669740
2.395000	2.491860
2.396000	2.402920
2.397000	2.580800
2.398000	2.758870
2.399000	2.491860
2.400000	2.313790
2.401000	2.402920
2.402000	2.224850
2.403000	2.224850
2.404000	2.224850
2.405000	2.224850
2.406000	2.313790
2.407000	2.224850
2.408000	2.135900
2.409000	2.224850
2.410000	2.313790
2.411000	2.224850
2.412000	2.224850
2.413000	2.224850
2.414000	2.313790
2.415000	2.224850
2.416000	2.046780
2.417000	1.868890
2.418000	2.046780
2.419000	1.957840
2.420000	1.868890
2.421000	2.135900
2.422000	2.224850
2.423000	2.135900
2.424000	2.224850
2.425000	2.313790
2.426000	2.402920
2.427000	2.402920
2.428000	2.491860
2.429000	2.402920
2.430000	2.313790
2.431000	2.402920
2.432000	2.402920
2.433000	2.224850
2.434000	2.224850
2.435000	2.224850
2.436000	2.313790
2.437000	2.313790
2.438000	2.313790
2.439000	2.580800
2.440000	2.491860
2.441000	2.402920
2.442000	2.580800
2.443000	2.491860
2.444000	2.491860
2.445000	2.313790
2.446000	2.313790
2.447000	2.135900
2.448000	2.224850
2.449000	2.224850
2.450000	2.313790
2.451000	2.224850
2.452000	2.135900
2.453000	2.135900
2.454000	2.313790
2.455000	2.224850
2.456000	2.135900
2.457000	2.046780
2.458000	1.868890
2.459000	1.779950
2.460000	1.957840
2.461000	1.868890
2.462000	2.046780
2.463000	1.957840
2.464000	1.957840
2.465000	1.957840
2.466000	1.957840
2.467000	1.868890
2.468000	1.779950
2.469000	2.046780
2.470000	1.779950
2.471000	1.868890
2.472000	2.046780
2.473000	1.779950
2.474000	1.868890
2.475000	2.224850
2.476000	2.224850
2.477000	2.046780
2.478000	2.135900
2.479000	2.224850
2.480000	2.135900
2.481000	2.402920
2.482000	2.313790
2.483000	2.135900
2.484000	2.224850
2.485000	2.491860
2.486000	2.491860
2.487000	2.224850
2.488000	2.224850
2.489000	2.402920
2.490000	2.313790
2.491000	2.580800
2.492000	2.669740
2.493000	2.491860
2.494000	2.491860
2.495000	2.669740
2.496000	2.580800
2.497000	2.580800
2.498000	2.491860
2.499000	2.313790
2.500000	2.402920
2.501000	2.402920
2.502000	2.313790
2.503000	2.313790
2.504000	2.580800
2.505000	2.491860
2.506000	2.313790
2.507000	2.313790
2.508000	2.135900
2.509000	2.402920
2.510000	2.402920
2.511000	2.135900
2.512000	2.224850
2.513000	2.402920
2.514000	2.224850
2.515000	2.491860
2.516000	2.135900
2.517000	2.046780
2.518000	1.957840
2.519000	2.046780
2.520000	2.135900
2.521000	2.313790
2.522000	2.135900
2.523000	1.957840
2.524000	2.313790
2.525000	2.313790
2.526000	2.224850
2.527000	2.313790
2.528000	2.313790
2.529000	2.224850
2.530000	2.313790
2.531000	2.402920
2.532000	2.313790
2.533000	2.313790
2.534000	2.313790
2.535000	2.313790
2.536000	2.402920
2.537000	2.491860
2.538000	2.669740
2.539000	2.491860
2.540000	2.580800
2.541000	2.669740
2.542000	2.669740
2.543000	2.758870
2.544000	2.580800
2.545000	2.580800
2.546000	2.669740
2.547000	2.669740
2.548000	2.669740
2.549000	2.669740
2.550000	2.758870
2.551000	2.580800
2.552000	2.580800
2.553000	2.669740
2.554000	2.580800
2.555000	2.580800
2.556000	2.402920
2.557000	2.402920
2.558000	2.491860
2.559000	2.580800
2.560000	2.669740
2.561000	2.402920
2.562000	2.402920
2.563000	2.224850
2.564000	2.313790
2.565000	2.402920
2.566000	2.491860
2.567000	2.313790
2.568000	2.224850
2.569000	2.224850
2.570000	2.135900
2.571000	2.046780
2.572000	2.135900
2.573000	1.957840
2.574000	2.046780
2.575000	2.224850
2.576000	2.135900
2.577000	2.135900
2.578000	2.224850
2.579000	2.224850
2.580000	2.224850
2.581000	2.402920
2.582000	2.313790
2.583000	2.224850
2.584000	2.135900
2.585000	2.313790
2.586000	2.224850
2.587000	2.224850
2.588000	2.402920
2.589000	2.491860
2.590000	2.313790
2.591000	2.669740
2.592000	2.669740
2.593000	2.580800
2.594000	2.669740
2.595000	2.669740
2.596000	2.580800
2.597000	2.580800
2.598000	2.669740
2.599000	2.669740
2.600000	2.669740
2.601000	2.669740
2.602000	2.669740
2.603000	2.669740
2.604000	2.580800
2.605000	2.669740
2.606000	2.580800
2.607000	2.669740
2.608000	2.580800
2.609000	2.758870
2.610000	2.580800
2.611000	2.580800
2.612000	2.491860
2.613000	2.491860
2.614000	2.402920
2.615000	2.491860
2.616000	2.313790
2.617000	2.135900
2.618000	2.135900
2.619000	2.224850
2.620000	2.313790
2.621000	2.135900
2.622000	2.135900
2.623000	2.046780
2.624000	2.135900
2.625000	2.046780
2.626000	2.046780
2.627000	2.046780
2.628000	2.046780
2.629000	1.957840
2.630000	1.779950
2.631000	1.957840
2.632000	1.868890
2.633000	1.868890
2.634000	1.779950
2.635000	1.868890
2.636000	2.046780
2.637000	2.046780
2.638000	1.868890
2.639000	1.957840
2.640000	2.135900
2.641000	2.135900
2.642000	2.046780
2.643000	2.046780
2.644000	2.135900
2.645000	2.135900
2.646000	2.135900
2.647000	2.224850
2.648000	2.313790
2.649000	2.402920
2.650000	2.135900
2.651000	2.224850
2.652000	2.313790
2.653000	2.491860
2.654000	2.402920
2.655000	2.402920
2.656000	2.224850
2.657000	2.491860
2.658000	2.491860
2.659000	2.402920
2.660000	2.402920
2.661000	2.491860
2.662000	2.491860
2.663000	2.580800
2.664000	2.580800
2.665000	2.491860
2.666000	2.313790
2.667000	2.402920
2.668000	2.224850
2.669000	2.402920
2.670000	2.402920
2.671000	2.313790
2.672000	2.135900
2.673000	2.135900
2.674000	2.402920
2.675000	2.313790
2.676000	2.313790
2.677000	2.135900
2.678000	2.224850
2.679000	2.224850
2.680000	2.402920
2.681000	2.224850
2.682000	2.135900
2.683000	2.046780
2.684000	2.046780
2.685000	2.046780
2.686000	2.224850
2.687000	2.135900
2.688000	1.957840
2.689000	1.957840
2.690000	2.135900
2.691000	2.224850
2.692000	2.224850
2.693000	2.135900
2.694000	2.224850
2.695000	2.224850
2.696000	2.224850
2.697000	2.313790
2.698000	2.313790
2.699000	2.224850
2.700000	2.135900
2.701000	2.224850
2.702000	2.491860
2.703000	2.402920
2.704000	2.402920
2.705000	2.491860
2.706000	2.402920
2.707000	2.491860
2.708000	2.580800
2.709000	2.402920
2.710000	2.669740
2.711000	2.669740
2.712000	2.669740
2.713000	2.758870
2.714000	2.758870
2.715000	2.669740
2.716000	2.669740
2.717000	2.758870
2.718000	2.669740
2.719000	2.580800
2.720000	2.758870
2.721000	2.669740
2.722000	2.669740
2.723000	2.580800
2.724000	2.669740
2.725000	2.669740
2.726000	2.580800
2.727000	2.669740
2.728000	2.669740
2.729000	2.669740
2.730000	2.580800
2.731000	2.491860
2.732000	2.402920
2.733000	2.402920
2.734000	2.491860
2.735000	2.313790
2.736000	2.135900
2.737000	2.224850
2.738000	2.402920
2.739000	2.224850
2.740000	2.224850
2.741000	2.135900
2.742000	2.224850
2.743000	2.224850
2.744000	2.313790
2.745000	2.224850
2.746000	2.224850
2.747000	2.224850
2.748000	2.313790
2.749000	2.313790
2.750000	2.402920
2.751000	2.313790
2.752000	2.135900
2.753000	2.135900
2.754000	2.402920
2.755000	2.313790
2.756000	2.313790
2.757000	2.402920
2.758000	2.402920
2.759000	2.313790
2.760000	2.402920
2.761000	2.491860
2.762000	2.402920
2.763000	2.402920
2.764000	2.491860
2.765000	2.402920
2.766000	2.313790
2.767000	2.313790
2.768000	2.224850
2.769000	2.224850
2.770000	2.224850
2.771000	2.313790
2.772000	2.224850
2.773000	2.224850
2.774000	2.135900
2.775000	2.135900
2.776000	2.135900
2.777000	2.046780
2.778000	2.224850
2.779000	2.135900
2.780000	2.135900
2.781000	2.135900
2.782000	2.046780
2.783000	1.957840
2.784000	1.868890
2.785000	1.957840
2.786000	1.957840
2.787000	1.868890
2.788000	1.779950
2.789000	1.957840
2.790000	1.868890
2.791000	1.957840
2.792000	1.868890
2.793000	1.868890
2.794000	1.957840
2.795000	1.868890
2.796000	1.957840
2.797000	1.957840
2.798000	2.046780
2.799000	1.957840
2.800000	1.957840
2.801000	1.868890
2.802000	1.957840
2.803000	1.957840
2.804000	1.957840
2.805000	1.957840
2.806000	1.957840
2.807000	1.957840
2.808000	2.135900
2.809000	2.135900
2.810000	2.224850
2.811000	2.135900
2.812000	2.135900
2.813000	2.313790
2.814000	2.224850
2.815000	2.313790
2.816000	2.313790
2.817000	2.224850
2.818000	2.224850
2.819000	2.313790
2.820000	2.313790
2.821000	2.402920
2.822000	2.224850
2.823000	2.224850
2.824000	2.313790
2.825000	2.224850
2.826000	2.402920
2.827000	2.402920
2.828000	2.313790
2.829000	2.224850
2.830000	2.313790
2.831000	2.491860
2.832000	2.313790
2.833000	2.135900
2.834000	2.135900
2.835000	2.046780
2.836000	2.046780
2.837000	2.135900
2.838000	2.135900
2.839000	2.135900
2.840000	2.135900
2.841000	2.224850
2.842000	2.224850
2.843000	2.135900
2.844000	2.313790
2.845000	2.224850
2.846000	2.135900
2.847000	2.224850
2.848000	2.313790
2.849000	2.046780
2.850000	2.135900
2.851000	2.135900
2.852000	2.135900
2.853000	2.224850
2.854000	2.313790
2.855000	2.313790
2.856000	2.313790
2.857000	2.224850
2.858000	2.402920
2.859000	2.491860
2.860000	2.402920
2.861000	2.402920
2.862000	2.491860
2.863000	2.580800
2.864000	2.491860
2.865000	2.402920
2.866000	2.402920
2.867000	2.491860
2.868000	2.491860
2.869000	2.491860
2.870000	2.491860
2.871000	2.491860
2.872000	2.491860
2.873000	2.402920
2.874000	2.491860
2.875000	2.580800
2.876000	2.580800
2.877000	2.491860
2.878000	2.491860
2.879000	2.491860
2.880000	2.402920
2.881000	2.402920
2.882000	2.402920
2.883000	2.402920
2.884000	2.402920
2.885000	2.224850
2.886000	2.402920
2.887000	2.224850
2.888000	2.313790
2.889000	2.135900
2.890000	2.046780
2.891000	2.135900
2.892000	2.224850
2.893000	2.224850
2.894000	2.135900
2.895000	2.046780
2.896000	2.135900
2.897000	2.046780
2.898000	2.046780
2.899000	1.868890
2.900000	1.957840
2.901000	1.868890
2.902000	1.957840
2.903000	1.957840
2.904000	1.957840
2.905000	1.957840
2.906000	1.779950
2.907000	1.957840
2.908000	1.868890
2.909000	2.046780
2.910000	2.135900
2.911000	2.046780
2.912000	1.957840
2.913000	2.313790
2.914000	2.224850
2.915000	2.135900
2.916000	2.135900
2.917000	2.046780
2.918000	2.135900
2.919000	2.313790
2.920000	2.224850
2.921000	2.402920
2.922000	2.135900
2.923000	2.224850
2.924000	2.313790
2.925000	2.491860
2.926000	2.580800
2.927000	2.580800
2.928000	2.402920
2.929000	2.491860
2.930000	2.580800
2.931000	2.580800
2.932000	2.402920
2.933000	2.402920
2.934000	2.402920
2.935000	2.491860
2.936000	2.402920
2.937000	2.402920
2.938000	2.313790
2.939000	2.313790
2.940000	2.313790
2.941000	2.402920
2.942000	2.491860
2.943000	2.313790
2.944000	2.313790
2.945000	2.313790
2.946000	2.313790
2.947000	2.313790
2.948000	2.402920
2.949000	2.224850
2.950000	2.135900
2.951000	2.135900
2.952000	2.135900
2.953000	2.135900
2.954000	2.224850
2.955000	2.135900
2.956000	2.046780
2.957000	2.046780
2.958000	2.135900
2.959000	2.224850
2.960000	2.224850
2.961000	2.135900
2.962000	2.224850
2.963000	2.224850
2.964000	2.224850
2.965000	2.224850
2.966000	2.135900
2.967000	2.135900
2.968000	2.135900
2.969000	2.135900
2.970000	2.224850
2.971000	2.224850
2.972000	2.224850
2.973000	2.224850
2.974000	2.313790
2.975000	2.224850
2.976000	2.491860
2.977000	2.313790
2.978000	2.313790
2.979000	2.313790
2.980000	2.313790
2.981000	2.402920
2.982000	2.402920
2.983000	2.224850
2.984000	2.313790
2.985000	2.313790
2.986000	2.402920
2.987000	2.402920
2.988000	2.313790
2.989000	2.313790
2.990000	2.224850
2.991000	2.313790
2.992000	2.313790
2.993000	2.313790
2.994000	2.313790
2.995000	2.224850
2.996000	2.135900
2.997000	2.224850
2.998000	2.313790
2.999000	2.135900
3.000000	1.957840
3.001000	2.046780
3.002000	2.135900
3.003000	2.046780
3.004000	2.135900
3.005000	1.957840
3.006000	2.046780
3.007000	2.046780
3.008000	1.957840
3.009000	2.046780
3.010000	1.868890
3.011000	1.957840
3.012000	1.957840
3.013000	1.957840
3.014000	1.957840
3.015000	1.957840
3.016000	1.868890
3.017000	1.779950
3.018000	1.868890
3.019000	1.957840
3.020000	1.868890
3.021000	1.957840
3.022000	1.868890
3.023000	1.868890
3.024000	1.868890
3.025000	2.046780
3.026000	2.224850
3.027000	2.135900
3.028000	2.046780
3.029000	1.957840
3.030000	2.135900
3.031000	2.313790
3.032000	2.135900
3.033000	2.046780
3.034000	2.046780
3.035000	2.046780
3.036000	2.046780
3.037000	2.135900
3.038000	2.135900
3.039000	2.046780
3.040000	2.135900
3.041000	2.224850
3.042000	2.224850
3.043000	2.313790
3.044000	2.313790
3.045000	2.224850
3.046000	2.135900
3.047000	2.224850
3.048000	2.313790
3.049000	2.224850
3.050000	2.135900
3.051000	2.046780
3.052000	2.135900
3.053000	2.046780
3.054000	2.135900
3.055000	2.135900
3.056000	2.135900
3.057000	2.046780
3.058000	2.135900
3.059000	2.135900
3.060000	2.135900
3.061000	2.046780
3.062000	2.224850
3.063000	2.135900
3.064000	2.224850
3.065000	2.224850
3.066000	2.135900
3.067000	2.046780
3.068000	2.135900
3.069000	2.135900
3.070000	2.224850
3.071000	2.313790
3.072000	2.224850
3.073000	2.135900
3.074000	2.313790
3.075000	2.402920
3.076000	2.402920
3.077000	2.402920
3.078000	2.491860
3.079000	2.402920
3.080000	2.491860
3.081000	2.580800
3.082000	2.491860
3.083000	2.402920
3.084000	2.491860
3.085000	2.402920
3.086000	2.402920
3.087000	2.580800
3.088000	2.491860
3.089000	2.402920
3.090000	2.402920
3.091000	2.402920
3.092000	2.402920
3.093000	2.491860
3.094000	2.580800
3.095000	2.491860
3.096000	2.402920
3.097000	2.491860
3.098000	2.491860
3.099000	2.402920
3.100000	2.313790
3.101000	2.313790
3.102000	2.313790
3.103000	2.313790
3.104000	2.313790
3.105000	2.224850
3.106000	2.135900
3.107000	2.224850
3.108000	2.313790
3.109000	2.313790
3.110000	2.224850
3.111000	2.224850
3.112000	2.313790
3.113000	2.224850
3.114000	2.224850
3.115000	2.313790
3.116000	2.135900
3.117000	2.046780
3.118000	2.135900
3.119000	2.135900
3.120000	2.135900
3.121000	2.224850
3.122000	2.224850
3.123000	2.046780
3.124000	2.135900
3.125000	2.224850
3.126000	2.313790
3.127000	2.224850
3.128000	2.224850
3.129000	2.224850
3.130000	2.224850
3.131000	2.313790
3.132000	2.313790
3.133000	2.135900
3.134000	2.224850
3.135000	2.135900
3.136000	2.224850
3.137000	2.313790
3.138000	2.135900
3.139000	2.313790
3.140000	2.135900
3.141000	2.313790
3.142000	2.313790
3.143000	2.313790
3.144000	2.313790
3.145000	2.313790
3.146000	2.313790
3.147000	2.313790
3.148000	2.313790
3.149000	2.224850
3.150000	2.046780
3.151000	2.224850
3.152000	2.046780
3.153000	2.135900
3.154000	2.135900
3.155000	2.046780
3.156000	2.046780
3.157000	2.046780
3.158000	2.135900
3.159000	2.046780
3.160000	2.135900
3.161000	2.135900
3.162000	1.957840
3.163000	1.957840
3.164000	2.135900
3.165000	2.046780
3.166000	1.957840
3.167000	1.868890
3.168000	1.957840
3.169000	1.957840
3.170000	1.779950
3.171000	1.868890
3.172000	1.957840
3.173000	1.868890
3.174000	1.779950
3.175000	1.868890
3.176000	2.046780
3.177000	1.957840
3.178000	2.046780
3.179000	1.868890
3.180000	1.957840
3.181000	2.046780
3.182000	2.046780
3.183000	2.135900
3.184000	2.046780
3.185000	2.135900
3.186000	2.046780
3.187000	2.135900
3.188000	2.046780
3.189000	2.135900
3.190000	2.135900
3.191000	2.224850
3.192000	2.313790
3.193000	2.224850
3.194000	2.224850
3.195000	2.313790
3.196000	2.313790
3.197000	2.313790
3.198000	2.402920
3.199000	2.402920
3.200000	2.224850
3.201000	2.402920
3.202000	2.313790
3.203000	2.402920
3.204000	2.313790
3.205000	2.402920
3.206000	2.224850
3.207000	2.313790
3.208000	2.224850
3.209000	2.313790
3.210000	2.313790
3.211000	2.313790
3.212000	2.313790
3.213000	2.224850
3.214000	2.224850
3.215000	2.224850
3.216000	2.135900
3.217000	2.135900
3.218000	2.046780
3.219000	2.135900
3.220000	2.046780
3.221000	2.135900
3.222000	2.046780
3.223000	2.046780
3.224000	2.046780
3.225000	2.046780
3.226000	2.046780
3.227000	2.046780
3.228000	2.046780
3.229000	1.957840
3.230000	2.046780
3.231000	2.135900
3.232000	2.135900
3.233000	2.046780
3.234000	1.957840
3.235000	2.046780
3.236000	1.957840
3.237000	2.046780
3.238000	2.135900
3.239000	2.046780
3.240000	2.046780
3.241000	2.224850
3.242000	2.224850
3.243000	2.224850
3.244000	2.313790
3.245000	2.313790
3.246000	2.313790
3.247000	2.313790
3.248000	2.313790
3.249000	2.313790
3.250000	2.224850
3.251000	2.313790
3.252000	2.313790
3.253000	2.313790
3.254000	2.224850
3.255000	2.402920
3.256000	2.224850
3.257000	2.224850
3.258000	2.313790
3.259000	2.313790
3.260000	2.313790
3.261000	2.402920
3.262000	2.224850
3.263000	2.313790
3.264000	2.313790
3.265000	2.224850
3.266000	2.135900
3.267000	2.224850
3.268000	2.135900
3.269000	2.135900
3.270000	1.957840
3.271000	1.957840
3.272000	2.135900
3.273000	1.957840
3.274000	2.046780
3.275000	2.046780
3.276000	1.957840
3.277000	1.957840
3.278000	2.046780
3.279000	1.957840
3.280000	2.046780
3.281000	1.957840
3.282000	1.957840
3.283000	2.046780
3.284000	1.957840
3.285000	1.957840
3.286000	1.957840
3.287000	2.046780
3.288000	2.046780
3.289000	1.868890
3.290000	2.046780
3.291000	2.135900
3.292000	2.135900
3.293000	2.224850
3.294000	2.135900
3.295000	2.224850
3.296000	2.224850
3.297000	2.313790
3.298000	2.313790
3.299000	2.313790
3.300000	2.224850
3.301000	2.313790
3.302000	2.313790
3.303000	2.402920
3.304000	2.402920
3.305000	2.491860
3.306000	2.224850
3.307000	2.313790
3.308000	2.491860
3.309000	2.402920
3.310000	2.491860
3.311000	2.491860
3.312000	2.491860
3.313000	2.491860
3.314000	2.580800
3.315000	2.491860
3.316000	2.491860
3.317000	2.313790
3.318000	2.402920
3.319000	2.402920
3.320000	2.313790
3.321000	2.313790
3.322000	2.313790
3.323000	2.224850
3.324000	2.313790
3.325000	2.402920
3.326000	2.224850
3.327000	2.313790
3.328000	2.224850
3.329000	2.135900
3.330000	2.313790
3.331000	2.224850
3.332000	2.224850
3.333000	2.135900
3.334000	2.135900
3.335000	2.135900
3.336000	2.135900
3.337000	2.135900
3.338000	2.135900
3.339000	1.957840
3.340000	2.135900
3.341000	1.957840
3.342000	2.135900
3.343000	2.135900
3.344000	2.046780
3.345000	2.135900
3.346000	2.046780
3.347000	2.313790
3.348000	2.135900
3.349000	2.135900
3.350000	2.135900
3.351000	2.046780
3.352000	2.046780
3.353000	2.224850
3.354000	2.135900
3.355000	2.135900
3.356000	2.135900
3.357000	2.135900
3.358000	2.224850
3.359000	2.224850
3.360000	2.313790
3.361000	2.224850
3.362000	2.313790
3.363000	2.224850
3.364000	2.313790
3.365000	2.402920
3.366000	2.224850
3.367000	2.224850
3.368000	2.224850
3.369000	2.135900
3.370000	2.135900
3.371000	2.135900
3.372000	2.135900
3.373000	1.957840
3.374000	2.135900
3.375000	2.135900
3.376000	2.135900
3.377000	2.135900
3.378000	2.046780
3.379000	2.135900
3.380000	2.046780
3.381000	2.135900
3.382000	1.957840
3.383000	1.779950
3.384000	1.868890
3.385000	1.868890
3.386000	1.868890
3.387000	1.868890
3.388000	1.868890
3.389000	1.779950
3.390000	1.779950
3.391000	1.868890
3.392000	1.868890
3.393000	1.957840
3.394000	1.957840
3.395000	1.868890
3.396000	1.957840
3.397000	1.868890
3.398000	1.957840
3.399000	1.957840
3.400000	1.868890
3.401000	1.868890
3.402000	1.868890
3.403000	1.868890
3.404000	1.957840
3.405000	1.957840
3.406000	1.957840
3.407000	1.957840
3.408000	2.135900
3.409000	2.224850
3.410000	2.135900
3.411000	2.224850
3.412000	2.135900
3.413000	2.135900
3.414000	2.224850
3.415000	2.224850
3.416000	2.224850
3.417000	2.224850
3.418000	2.224850
3.419000	2.224850
3.420000	2.224850
3.421000	2.224850
3.422000	2.224850
3.423000	2.224850
3.424000	2.135900
3.425000	2.402920
3.426000	2.313790
3.427000	2.491860
3.428000	2.491860
3.429000	2.313790
3.430000	2.402920
3.431000	2.402920
3.432000	2.313790
3.433000	2.313790
3.434000	2.224850
3.435000	2.224850
3.436000	2.313790
3.437000	2.224850
3.438000	2.135900
3.439000	2.224850
3.440000	2.135900
3.441000	2.224850
3.442000	2.224850
3.443000	2.135900
3.444000	2.313790
3.445000	2.313790
3.446000	2.402920
3.447000	2.313790
3.448000	2.224850
3.449000	2.313790
3.450000	2.224850
3.451000	2.224850
3.452000	2.224850
3.453000	2.135900
3.454000	2.224850
3.455000	2.224850
3.456000	2.135900
3.457000	2.135900
3.458000	2.313790
3.459000	2.402920
3.460000	2.313790
3.461000	2.313790
3.462000	2.224850
3.463000	2.313790
3.464000	2.402920
3.465000	2.402920
3.466000	2.313790
3.467000	2.224850
3.468000	2.313790
3.469000	2.313790
3.470000	2.224850
3.471000	2.402920
3.472000	2.224850
3.473000	2.224850
3.474000	2.313790
3.475000	2.313790
3.476000	2.402920
3.477000	2.313790
3.478000	2.402920
3.479000	2.402920
3.480000	2.313790
3.481000	2.402920
3.482000	2.313790
3.483000	2.135900
3.484000	2.313790
3.485000	2.313790
3.486000	2.313790
3.487000	2.224850
3.488000	2.224850
3.489000	2.135900
3.490000	2.135900
3.491000	2.224850
3.492000	2.313790
3.493000	2.224850
3.494000	2.135900
3.495000	2.046780
3.496000	2.224850
3.497000	2.224850
3.498000	2.135900
3.499000	2.135900
3.500000	1.957840
3.501000	2.046780
3.502000	2.046780
3.503000	2.135900
3.504000	2.135900
3.505000	1.957840
3.506000	1.868890
3.507000	1.957840
3.508000	2.046780
3.509000	2.135900
3.510000	2.135900
3.511000	2.046780
3.512000	2.135900
3.513000	2.046780
3.514000	2.135900
3.515000	2.046780
3.516000	2.135900
3.517000	1.957840
3.518000	2.135900
3.519000	1.957840
3.520000	2.046780
3.521000	2.046780
3.522000	1.957840
3.523000	1.957840
3.524000	2.135900
3.525000	2.135900
3.526000	2.135900
3.527000	2.135900
3.528000	2.135900
3.529000	1.957840
3.530000	2.135900
3.531000	2.224850
3.532000	2.135900
3.533000	2.046780
3.534000	2.046780
3.535000	2.046780
3.536000	2.224850
3.537000	2.046780
3.538000	2.046780
3.539000	2.046780
3.540000	2.046780
3.541000	2.046780
3.542000	2.135900
3.543000	2.135900
3.544000	2.046780
3.545000	2.135900
3.546000	2.135900
3.547000	2.135900
3.548000	2.135900
3.549000	2.224850
3.550000	2.135900
3.551000	1.957840
3.552000	2.046780
3.553000	2.046780
3.554000	2.046780
3.555000	2.046780
3.556000	2.135900
3.557000	1.957840
3.558000	2.135900
3.559000	2.135900
3.560000	2.135900
3.561000	2.046780
3.562000	2.046780
3.563000	2.224850
3.564000	2.135900
3.565000	2.224850
3.566000	2.046780
3.567000	1.957840
3.568000	2.135900
3.569000	2.046780
3.570000	2.046780
3.571000	2.224850
3.572000	2.135900
3.573000	2.046780
3.574000	2.135900
3.575000	2.135900
3.576000	2.135900
3.577000	2.224850
3.578000	2.135900
3.579000	2.135900
3.580000	2.224850
3.581000	2.224850
3.582000	2.224850
3.583000	2.135900
3.584000	2.224850
3.585000	2.046780
3.586000	2.135900
3.587000	2.135900
3.588000	2.135900
3.589000	2.046780
3.590000	2.135900
3.591000	2.135900
3.592000	2.224850
3.593000	2.135900
3.594000	2.224850
3.595000	2.135900
3.596000	2.224850
3.597000	2.135900
3.598000	2.224850
3.599000	2.046780
3.600000	2.046780
3.601000	2.135900
3.602000	2.046780
3.603000	2.046780
3.604000	2.135900
3.605000	2.135900
3.606000	2.135900
3.607000	2.046780
3.608000	2.135900
3.609000	2.224850
3.610000	2.224850
3.611000	2.135900
3.612000	2.224850
3.613000	2.135900
3.614000	2.135900
3.615000	2.224850
3.616000	2.135900
3.617000	2.046780
3.618000	2.135900
3.619000	2.135900
3.620000	2.135900
3.621000	2.046780
3.622000	2.135900
3.623000	2.224850
3.624000	2.224850
3.625000	2.224850
3.626000	2.224850
3.627000	2.224850
3.628000	2.224850
3.629000	2.224850
3.630000	2.224850
3.631000	2.224850
3.632000	2.224850
3.633000	2.046780
3.634000	2.135900
3.635000	2.135900
3.636000	2.135900
3.637000	2.135900
3.638000	2.135900
3.639000	2.135900
3.640000	2.224850
3.641000	2.224850
3.642000	2.313790
3.643000	2.135900
3.644000	2.224850
3.645000	2.224850
3.646000	2.224850
3.647000	2.224850
3.648000	2.224850
3.649000	2.135900
3.650000	2.135900
3.651000	2.135900
3.652000	2.224850
3.653000	2.135900
3.654000	2.224850
3.655000	2.135900
3.656000	2.046780
3.657000	2.135900
3.658000	2.224850
3.659000	2.135900
3.660000	2.313790
3.661000	2.224850
3.662000	2.224850
3.663000	2.135900
3.664000	2.313790
3.665000	2.224850
3.666000	2.224850
3.667000	2.135900
3.668000	2.046780
3.669000	2.135900
3.670000	2.135900
3.671000	2.224850
3.672000	2.046780
3.673000	2.135900
3.674000	2.224850
3.675000	2.313790
3.676000	2.313790
3.677000	2.402920
3.678000	2.224850
3.679000	2.313790
3.680000	2.313790
3.681000	2.313790
3.682000	2.402920
3.683000	2.224850
3.684000	2.224850
3.685000	2.313790
3.686000	2.224850
3.687000	2.224850
3.688000	2.402920
3.689000	2.224850
3.690000	2.135900
3.691000	2.313790
3.692000	2.313790
3.693000	2.313790
3.694000	2.224850
3.695000	2.313790
3.696000	2.313790
3.697000	2.313790
3.698000	2.224850
3.699000	2.313790
3.700000	2.224850
3.701000	2.135900
3.702000	2.135900
3.703000	2.224850
3.704000	2.135900
3.705000	2.135900
3.706000	2.046780
3.707000	2.135900
3.708000	2.046780
3.709000	2.135900
3.710000	2.046780
3.711000	2.135900
3.712000	2.046780
3.713000	2.046780
3.714000	2.224850
3.715000	2.046780
3.716000	1.957840
3.717000	1.957840
3.718000	1.957840
3.719000	1.957840
3.720000	2.046780
3.721000	1.957840
3.722000	1.957840
3.723000	1.957840
3.724000	2.046780
3.725000	2.135900
3.726000	1.957840
3.727000	1.957840
3.728000	1.957840
3.729000	1.957840
3.730000	2.046780
3.731000	1.957840
3.732000	1.957840
3.733000	1.957840
3.734000	1.868890
3.735000	1.868890
3.736000	1.957840
3.737000	2.046780
3.738000	1.868890
3.739000	1.868890
3.740000	1.957840
3.741000	2.046780
3.742000	2.135900
3.743000	2.135900
3.744000	2.135900
3.745000	2.046780
3.746000	2.046780
3.747000	2.135900
3.748000	2.135900
3.749000	2.046780
3.750000	1.957840
3.751000	2.046780
3.752000	1.957840
3.753000	1.957840
3.754000	2.046780
3.755000	1.957840
3.756000	1.868890
3.757000	2.046780
3.758000	2.046780
3.759000	2.224850
3.760000	2.135900
3.761000	2.135900
3.762000	2.135900
3.763000	2.046780
3.764000	2.135900
3.765000	2.135900
3.766000	2.046780
3.767000	2.046780
3.768000	1.957840
3.769000	2.046780
3.770000	2.046780
3.771000	2.046780
3.772000	2.046780
3.773000	2.046780
3.774000	2.135900
3.775000	2.046780
3.776000	2.135900
3.777000	2.135900
3.778000	2.046780
3.779000	2.046780
3.780000	2.135900
3.781000	2.046780
3.782000	2.135900
3.783000	1.957840
3.784000	2.135900
3.785000	2.046780
3.786000	2.046780
3.787000	2.046780
3.788000	2.135900
3.789000	1.957840
3.790000	2.046780
3.791000	2.046780
3.792000	2.224850
3.793000	2.224850
3.794000	2.224850
3.795000	2.224850
3.796000	2.313790
3.797000	2.224850
3.798000	2.313790
3.799000	2.224850
3.800000	2.313790
3.801000	2.135900
3.802000	2.135900
3.803000	2.224850
3.804000	2.313790
3.805000	2.224850
3.806000	2.313790
3.807000	2.224850
3.808000	2.313790
3.809000	2.313790
3.810000	2.313790
3.811000	2.313790
3.812000	2.402920
3.813000	2.313790
3.814000	2.402920
3.815000	2.402920
3.816000	2.402920
3.817000	2.224850
3.818000	2.313790
3.819000	2.224850
3.820000	2.224850
3.821000	2.135900
3.822000	2.224850
3.823000	2.224850
3.824000	2.224850
3.825000	2.224850
3.826000	2.224850
3.827000	2.313790
3.828000	2.224850
3.829000	2.224850
3.830000	2.313790
3.831000	2.313790
3.832000	2.313790
3.833000	2.135900
3.834000	2.135900
3.835000	2.224850
3.836000	2.224850
3.837000	2.135900
3.838000	2.224850
3.839000	2.135900
3.840000	2.046780
3.841000	2.135900
3.842000	2.224850
3.843000	2.224850
3.844000	2.313790
3.845000	2.135900
3.846000	2.135900
3.847000	2.224850
3.848000	2.135900
3.849000	2.135900
3.850000	2.046780
3.851000	2.046780
3.852000	2.046780
3.853000	1.957840
3.854000	2.046780
3.855000	2.046780
3.856000	1.957840
3.857000	2.135900
3.858000	2.135900
3.859000	2.046780
3.860000	2.135900
3.861000	2.135900
3.862000	1.957840
3.863000	2.135900
3.864000	2.135900
3.865000	2.224850
3.866000	1.957840
3.867000	2.046780
3.868000	2.046780
3.869000	1.957840
3.870000	2.046780
3.871000	1.957840
3.872000	2.046780
3.873000	1.868890
3.874000	2.135900
3.875000	2.224850
3.876000	2.224850
3.877000	2.046780
3.878000	2.224850
3.879000	2.135900
3.880000	2.046780
3.881000	2.224850
3.882000	2.224850
3.883000	2.046780
3.884000	2.135900
3.885000	2.135900
3.886000	2.046780
3.887000	1.957840
3.888000	2.046780
3.889000	2.046780
3.890000	1.957840
3.891000	2.135900
3.892000	2.135900
3.893000	2.135900
3.894000	2.135900
3.895000	2.135900
3.896000	2.046780
3.897000	2.135900
3.898000	2.046780
3.899000	2.046780
3.900000	1.957840
3.901000	1.957840
3.902000	2.046780
3.903000	1.957840
3.904000	2.135900
3.905000	1.957840
3.906000	2.046780
3.907000	1.868890
3.908000	2.046780
3.909000	2.046780
3.910000	2.046780
3.911000	2.135900
3.912000	2.135900
3.913000	1.957840
3.914000	2.135900
3.915000	2.046780
3.916000	2.046780
3.917000	1.957840
3.918000	1.957840
3.919000	2.046780
3.920000	2.046780
3.921000	2.046780
3.922000	1.957840
3.923000	1.868890
3.924000	2.046780
3.925000	2.224850
3.926000	2.135900
3.927000	2.046780
3.928000	2.135900
3.929000	2.046780
3.930000	2.313790
3.931000	2.135900
3.932000	2.135900
3.933000	2.135900
3.934000	2.046780
3.935000	2.046780
3.936000	2.135900
3.937000	2.135900
3.938000	2.224850
3.939000	2.135900
3.940000	2.135900
3.941000	2.224850
3.942000	2.313790
3.943000	2.224850
3.944000	2.313790
3.945000	2.224850
3.946000	2.135900
3.947000	2.224850
3.948000	2.313790
3.949000	2.135900
3.950000	2.224850
3.951000	2.224850
3.952000	2.135900
3.953000	2.135900
3.954000	2.135900
3.955000	1.957840
3.956000	2.135900
3.957000	2.224850
3.958000	2.224850
3.959000	2.313790
3.960000	2.224850
3.961000	2.135900
3.962000	2.224850
3.963000	2.224850
3.964000	2.313790
3.965000	2.135900
3.966000	2.046780
3.967000	2.135900
3.968000	1.957840
3.969000	2.046780
3.970000	2.135900
3.971000	2.046780
3.972000	2.046780
3.973000	1.957840
3.974000	2.135900
3.975000	2.135900
3.976000	2.135900
3.977000	1.957840
3.978000	2.135900
3.979000	2.135900
3.980000	2.224850
3.981000	2.135900
3.982000	2.224850
3.983000	2.135900
3.984000	2.046780
3.985000	2.046780
3.986000	1.957840
3.987000	1.957840
3.988000	2.046780
3.989000	2.046780
3.990000	2.046780
3.991000	2.135900
3.992000	2.135900
3.993000	2.135900
3.994000	2.135900
3.995000	2.135900
3.996000	2.135900
3.997000	2.313790
3.998000	2.224850
3.999000	2.135900
4.000000	1.957840
4.001000	2.046780
4.002000	2.224850
4.003000	2.224850
4.004000	2.313790
4.005000	2.046780
4.006000	2.135900
4.007000	2.135900
4.008000	2.135900
4.009000	2.224850
4.010000	2.224850
4.011000	2.224850
4.012000	1.957840
4.013000	2.224850
4.014000	2.224850
4.015000	2.135900
4.016000	2.046780
4.017000	2.135900
4.018000	2.135900
4.019000	2.224850
4.020000	2.135900
4.021000	2.135900
4.022000	2.224850
4.023000	2.135900
4.024000	2.313790
4.025000	2.224850
4.026000	2.224850
4.027000	2.313790
4.028000	2.135900
4.029000	2.135900
4.030000	2.135900
4.031000	2.224850
4.032000	2.135900
4.033000	2.135900
4.034000	1.957840
4.035000	2.135900
4.036000	2.135900
4.037000	2.135900
4.038000	2.135900
4.039000	2.135900
4.040000	2.046780
4.041000	2.135900
4.042000	2.135900
4.043000	2.224850
4.044000	2.224850
4.045000	2.224850
4.046000	2.313790
4.047000	2.224850
4.048000	2.224850
4.049000	2.135900
4.050000	2.135900
4.051000	2.046780
4.052000	2.135900
4.053000	2.046780
4.054000	2.135900
4.055000	2.046780
4.056000	2.135900
4.057000	2.046780
4.058000	2.135900
4.059000	2.313790
4.060000	2.224850
4.061000	2.224850
4.062000	2.135900
4.063000	2.135900
4.064000	2.135900
4.065000	2.135900
4.066000	2.046780
4.067000	1.957840
4.068000	2.046780
4.069000	2.046780
4.070000	2.046780
4.071000	2.046780
4.072000	2.046780
4.073000	1.957840
4.074000	2.135900
4.075000	2.135900
4.076000	2.135900
4.077000	2.135900
4.078000	2.046780
4.079000	1.957840
4.080000	2.046780
4.081000	2.046780
4.082000	2.046780
4.083000	1.957840
4.084000	2.046780
4.085000	1.957840
4.086000	2.135900
4.087000	2.046780
4.088000	1.957840
4.089000	1.868890
4.090000	2.046780
4.091000	2.046780
4.092000	2.046780
4.093000	2.046780
4.094000	2.046780
4.095000	2.046780
4.096000	1.957840
4.097000	2.135900
4.098000	2.135900
4.099000	2.135900
4.100000	1.868890
4.101000	2.046780
4.102000	1.957840
4.103000	1.957840
4.104000	2.046780
4.105000	1.957840
4.106000	2.046780
4.107000	1.957840
4.108000	2.046780
4.109000	1.957840
4.110000	1.957840
4.111000	2.046780
4.112000	2.135900
4.113000	2.046780
4.114000	2.135900
4.115000	2.135900
4.116000	1.868890
4.117000	1.868890
4.118000	1.957840
4.119000	1.868890
4.120000	1.868890
4.121000	1.957840
4.122000	1.868890
4.123000	1.957840
4.124000	2.135900
4.125000	2.046780
4.126000	2.046780
4.127000	1.957840
4.128000	2.046780
4.129000	2.046780
4.130000	2.135900
4.131000	2.224850
4.132000	2.046780
4.133000	2.046780
4.134000	1.957840
4.135000	2.135900
4.136000	1.957840
4.137000	1.957840
4.138000	2.135900
4.139000	2.046780
4.140000	2.046780
4.141000	2.135900
4.142000	2.224850
4.143000	2.224850
4.144000	2.135900
4.145000	2.224850
4.146000	2.135900
4.147000	2.402920
4.148000	2.313790
4.149000	2.135900
4.150000	2.224850
4.151000	2.046780
4.152000	2.135900
4.153000	2.224850
4.154000	2.224850
4.155000	2.313790
4.156000	2.135900
4.157000	2.224850
4.158000	2.224850
4.159000	2.313790
4.160000	2.224850
4.161000	2.135900
4.162000	2.313790
4.163000	2.224850
4.164000	2.313790
4.165000	2.224850
4.166000	2.224850
4.167000	2.135900
4.168000	2.135900
4.169000	2.224850
4.170000	2.224850
4.171000	2.046780
4.172000	2.135900
4.173000	1.957840
4.174000	2.135900
4.175000	2.224850
4.176000	2.135900
4.177000	2.135900
4.178000	2.046780
4.179000	2.135900
4.180000	2.135900
4.181000	2.224850
4.182000	2.135900
4.183000	2.135900
4.184000	2.046780
4.185000	2.046780
4.186000	2.135900
4.187000	1.957840
4.188000	2.135900
4.189000	2.046780
4.190000	2.135900
4.191000	2.224850
4.192000	2.313790
4.193000	2.224850
4.194000	2.135900
4.195000	2.135900
4.196000	2.224850
4.197000	2.313790
4.198000	2.224850
4.199000	2.313790
4.200000	2.224850
4.201000	2.135900
4.202000	2.135900
4.203000	2.224850
4.204000	2.224850
4.205000	2.224850
4.206000	2.224850
4.207000	2.224850
4.208000	2.313790
4.209000	2.224850
4.210000	2.135900
4.211000	2.224850
4.212000	2.313790
4.213000	2.135900
4.214000	2.313790
4.215000	2.313790
4.216000	2.046780
4.217000	2.135900
4.218000	2.135900
4.219000	2.046780
4.220000	2.046780
4.221000	1.957840
4.222000	1.957840
4.223000	1.957840
4.224000	2.046780
4.225000	2.046780
4.226000	2.046780
4.227000	2.135900
4.228000	1.957840
4.229000	1.957840
4.230000	2.046780
4.231000	2.135900
4.232000	2.046780
4.233000	1.957840
4.234000	1.957840
4.235000	1.868890
4.236000	1.957840
4.237000	1.868890
4.238000	1.957840
4.239000	1.957840
4.240000	1.779950
4.241000	1.868890
4.242000	1.957840
4.243000	1.957840
4.244000	1.957840
4.245000	1.957840
4.246000	1.957840
4.247000	2.046780
4.248000	2.046780
4.249000	1.957840
4.250000	1.868890
4.251000	1.957840
4.252000	1.957840
4.253000	1.957840
4.254000	2.046780
4.255000	1.957840
4.256000	2.046780
4.257000	2.046780
4.258000	2.135900
4.259000	2.135900
4.260000	2.046780
4.261000	2.135900
4.262000	2.046780
4.263000	2.135900
4.264000	2.224850
4.265000	2.224850
4.266000	2.135900
4.267000	1.957840
4.268000	2.046780
4.269000	2.135900
4.270000	2.135900
4.271000	2.224850
4.272000	1.957840
4.273000	1.957840
4.274000	2.135900
4.275000	2.313790
4.276000	2.046780
4.277000	2.135900
4.278000	2.224850
4.279000	2.135900
4.280000	2.135900
4.281000	2.313790
4.282000	2.046780
4.283000	1.957840
4.284000	2.135900
4.285000	1.957840
4.286000	2.046780
4.287000	2.135900
4.288000	2.046780
4.289000	2.046780
4.290000	2.046780
4.291000	1.957840
4.292000	2.135900
4.293000	2.046780
4.294000	1.957840
4.295000	2.135900
4.296000	2.046780
4.297000	2.046780
4.298000	2.135900
4.299000	2.046780
4.300000	1.957840
4.301000	2.135900
4.302000	1.957840
4.303000	2.046780
4.304000	2.135900
4.305000	2.135900
4.306000	2.046780
4.307000	2.135900
4.308000	2.135900
4.309000	2.135900
4.310000	2.224850
4.311000	2.046780
4.312000	2.135900
4.313000	2.313790
4.314000	2.135900
4.315000	2.135900
4.316000	2.224850
4.317000	2.135900
4.318000	2.135900
4.319000	2.046780
4.320000	2.135900
4.321000	2.224850
4.322000	2.224850
4.323000	2.224850
4.324000	2.135900
4.325000	2.224850
4.326000	2.135900
4.327000	2.046780
4.328000	2.135900
4.329000	2.224850
4.330000	2.135900
4.331000	2.224850
4.332000	2.224850
4.333000	2.224850
4.334000	2.046780
4.335000	2.046780
4.336000	2.135900
4.337000	2.135900
4.338000	1.957840
4.339000	2.046780
4.340000	1.957840
4.341000	2.135900
4.342000	2.135900
4.343000	2.313790
4.344000	2.135900
4.345000	2.046780
4.346000	2.135900
4.347000	2.135900
4.348000	2.224850
4.349000	2.135900
4.350000	2.046780
4.351000	1.957840
4.352000	2.046780
4.353000	2.046780
4.354000	2.046780
4.355000	1.957840
4.356000	2.046780
4.357000	1.957840
4.358000	2.135900
4.359000	2.135900
4.360000	2.135900
4.361000	2.224850
4.362000	2.224850
4.363000	2.135900
4.364000	2.224850
4.365000	2.135900
4.366000	2.135900
4.367000	2.135900
4.368000	2.135900
4.369000	2.046780
4.370000	2.224850
4.371000	2.046780
4.372000	2.046780
4.373000	2.135900
4.374000	2.224850
4.375000	2.135900
4.376000	2.224850
4.377000	2.135900
4.378000	2.135900
4.379000	2.135900
4.380000	2.135900
4.381000	2.135900
4.382000	2.224850
4.383000	2.224850
4.384000	2.046780
4.385000	2.046780
4.386000	2.046780
4.387000	2.046780
4.388000	2.046780
4.389000	2.046780
4.390000	2.046780
4.391000	2.046780
4.392000	2.135900
4.393000	2.135900
4.394000	2.046780
4.395000	2.046780
4.396000	2.046780
4.397000	2.046780
4.398000	2.135900
4.399000	2.135900
4.400000	2.046780
4.401000	1.957840
4.402000	1.957840
4.403000	1.957840
4.404000	1.957840
4.405000	1.957840
4.406000	1.957840
4.407000	2.046780
4.408000	2.135900
4.409000	2.046780
4.410000	2.135900
4.411000	2.046780
4.412000	2.224850
4.413000	2.135900
4.414000	2.224850
4.415000	2.135900
4.416000	2.135900
4.417000	2.135900
4.418000	2.046780
4.419000	2.135900
4.420000	2.135900
4.421000	2.224850
4.422000	1.957840
4.423000	2.135900
4.424000	2.046780
4.425000	2.135900
4.426000	2.224850
4.427000	2.135900
4.428000	2.135900
4.429000	2.224850
4.430000	2.135900
4.431000	2.135900
4.432000	2.135900
4.433000	2.046780
4.434000	2.135900
4.435000	2.046780
4.436000	2.046780
4.437000	2.046780
4.438000	2.135900
4.439000	2.046780
4.440000	2.224850
4.441000	2.135900
4.442000	2.224850
4.443000	1.957840
4.444000	2.046780
4.445000	2.135900
4.446000	2.046780
4.447000	2.135900
4.448000	2.224850
4.449000	1.957840
4.450000	1.868890
4.451000	1.868890
4.452000	1.868890
4.453000	1.957840
4.454000	1.957840
4.455000	1.868890
4.456000	1.779950
4.457000	1.957840
4.458000	2.135900
4.459000	1.957840
4.460000	1.868890
4.461000	2.046780
4.462000	1.957840
4.463000	2.135900
4.464000	2.224850
4.465000	2.135900
4.466000	1.957840
4.467000	1.957840
4.468000	1.957840
4.469000	1.957840
4.470000	2.135900
4.471000	2.046780
4.472000	1.957840
4.473000	1.957840
4.474000	2.046780
4.475000	2.046780
4.476000	2.135900
4.477000	2.135900
4.478000	2.224850
4.479000	2.135900
4.480000	2.224850
4.481000	2.224850
4.482000	2.224850
4.483000	2.135900
4.484000	2.046780
4.485000	2.046780
4.486000	2.135900
4.487000	2.135900
4.488000	1.957840
4.489000	2.046780
4.490000	2.135900
4.491000	2.135900
4.492000	2.135900
4.493000	2.135900
4.494000	2.135900
4.495000	2.135900
4.496000	2.135900
4.497000	2.046780
4.498000	2.046780
4.499000	2.046780
4.500000	2.135900
4.501000	2.046780
4.502000	1.957840
4.503000	2.046780
4.504000	2.046780
4.505000	2.046780
4.506000	1.957840
4.507000	2.135900
4.508000	2.046780
4.509000	2.046780
4.510000	1.868890
4.511000	2.135900
4.512000	2.224850
4.513000	2.224850
4.514000	2.135900
4.515000	2.135900
4.516000	2.046780
4.517000	2.046780
4.518000	1.957840
4.519000	2.046780
4.520000	2.046780
4.521000	2.046780
4.522000	2.135900
4.523000	1.957840
4.524000	2.224850
4.525000	2.135900
4.526000	2.046780
4.527000	2.135900
4.528000	2.224850
4.529000	2.135900
4.530000	2.224850
4.531000	2.224850
4.532000	2.224850
4.533000	2.224850
4.534000	2.224850
4.535000	2.135900
4.536000	2.135900
4.537000	2.135900
4.538000	2.224850
4.539000	2.224850
4.540000	2.135900
4.541000	2.224850
4.542000	2.224850
4.543000	2.313790
4.544000	2.313790
4.545000	2.224850
4.546000	2.313790
4.547000	2.313790
4.548000	2.224850
4.549000	2.135900
4.550000	2.135900
4.551000	2.135900
4.552000	2.135900
4.553000	2.046780
4.554000	2.224850
4.555000	2.046780
4.556000	2.046780
4.557000	2.135900
4.558000	2.046780
4.559000	2.046780
4.560000	2.135900
4.561000	2.135900
4.562000	2.135900
4.563000	2.135900
4.564000	2.135900
4.565000	2.135900
4.566000	2.135900
4.567000	1.868890
4.568000	1.957840
4.569000	1.957840
4.570000	2.046780
4.571000	1.957840
4.572000	1.957840
4.573000	2.046780
4.574000	1.957840
4.575000	2.046780
4.576000	1.957840
4.577000	2.046780
4.578000	2.224850
4.579000	2.135900
4.580000	2.135900
4.581000	2.224850
4.582000	2.135900
4.583000	1.957840
4.584000	2.046780
4.585000	2.046780
4.586000	2.046780
4.587000	2.135900
4.588000	2.135900
4.589000	2.046780
4.590000	2.046780
4.591000	2.135900
4.592000	2.135900
4.593000	2.135900
4.594000	2.135900
4.595000	1.957840
4.596000	2.224850
4.597000	2.224850
4.598000	2.135900
4.599000	2.046780
4.600000	1.957840
4.601000	1.957840
4.602000	1.957840
4.603000	2.046780
4.604000	2.046780
4.605000	2.046780
4.606000	2.046780
4.607000	2.046780
4.608000	2.224850
4.609000	1.957840
4.610000	2.135900
4.611000	2.135900
4.612000	2.046780
4.613000	1.957840
4.614000	2.135900
4.615000	2.046780
4.616000	2.046780
4.617000	1.957840
4.618000	1.957840
4.619000	1.957840
4.620000	1.957840
4.621000	1.957840
4.622000	1.957840
4.623000	1.957840
4.624000	1.957840
4.625000	2.135900
4.626000	2.046780
4.627000	2.046780
4.628000	2.135900
4.629000	2.046780
4.630000	2.046780
4.631000	2.224850
4.632000	2.135900
4.633000	2.046780
4.634000	2.046780
4.635000	1.957840
4.636000	2.046780
4.637000	2.135900
4.638000	2.046780
4.639000	1.957840
4.640000	1.957840
4.641000	2.224850
4.642000	2.135900
4.643000	2.135900
4.644000	2.135900
4.645000	2.224850
4.646000	2.046780
4.647000	2.046780
4.648000	2.313790
4.649000	2.224850
4.650000	2.224850
4.651000	2.046780
4.652000	2.135900
4.653000	2.135900
4.654000	2.135900
4.655000	1.957840
4.656000	2.046780
4.657000	2.046780
4.658000	2.224850
4.659000	2.046780
4.660000	2.135900
4.661000	2.046780
4.662000	2.046780
4.663000	2.135900
4.664000	2.135900
4.665000	2.224850
4.666000	2.046780
4.667000	2.046780
4.668000	1.957840
4.669000	2.224850
4.670000	2.046780
4.671000	1.957840
4.672000	2.224850
4.673000	2.046780
4.674000	2.046780
4.675000	2.046780
4.676000	2.046780
4.677000	1.957840
4.678000	2.135900
4.679000	2.046780
4.680000	2.135900
4.681000	2.135900
4.682000	2.224850
4.683000	1.957840
4.684000	2.046780
4.685000	2.046780
4.686000	2.046780
4.687000	2.135900
4.688000	2.046780
4.689000	2.135900
4.690000	2.135900
4.691000	2.135900
4.692000	2.135900
4.693000	2.135900
4.694000	2.224850
4.695000	2.135900
4.696000	2.135900
4.697000	2.224850
4.698000	2.313790
4.699000	2.135900
4.700000	2.135900
4.701000	2.135900
4.702000	2.135900
4.703000	2.135900
4.704000	2.135900
4.705000	2.135900
4.706000	2.046780
4.707000	2.046780
4.708000	2.224850
4.709000	2.224850
4.710000	2.224850
4.711000	2.224850
4.712000	2.135900
4.713000	2.224850
4.714000	2.224850
4.715000	2.046780
4.716000	2.224850
4.717000	2.135900
4.718000	1.957840
4.719000	2.046780
4.720000	1.957840
4.721000	1.957840
4.722000	2.046780
4.723000	2.046780
4.724000	2.224850
4.725000	2.135900
4.726000	2.046780
4.727000	1.957840
4.728000	1.957840
4.729000	1.957840
4.730000	2.135900
4.731000	2.135900
4.732000	2.046780
4.733000	1.868890
4.734000	1.957840
4.735000	1.957840
4.736000	1.957840
4.737000	1.957840
4.738000	2.135900
4.739000	2.135900
4.740000	2.046780
4.741000	2.046780
4.742000	2.135900
4.743000	2.135900
4.744000	2.135900
4.745000	2.135900
4.746000	2.135900
4.747000	2.135900
4.748000	2.135900
4.749000	2.046780
4.750000	2.046780
4.751000	2.046780
4.752000	2.135900
4.753000	2.135900
4.754000	2.135900
4.755000	2.046780
4.756000	2.046780
4.757000	2.135900
4.758000	2.135900
4.759000	2.224850
4.760000	2.224850
4.761000	2.224850
4.762000	2.224850
4.763000	2.224850
4.764000	2.135900
4.765000	2.224850
4.766000	2.135900
4.767000	2.135900
4.768000	1.957840
4.769000	1.957840
4.770000	1.957840
4.771000	1.957840
4.772000	1.957840
4.773000	2.046780
4.774000	2.046780
4.775000	2.046780
4.776000	2.135900
4.777000	2.135900
4.778000	1.957840
4.779000	1.957840
4.780000	2.046780
4.781000	2.046780
4.782000	2.046780
4.783000	1.957840
4.784000	1.957840
4.785000	1.957840
4.786000	1.779950
4.787000	1.957840
4.788000	1.957840
4.789000	1.957840
4.790000	1.868890
4.791000	1.957840
4.792000	2.135900
4.793000	2.135900
4.794000	1.957840
4.795000	2.046780
4.796000	2.135900
4.797000	2.135900
4.798000	2.135900
4.799000	2.046780
4.800000	1.957840
4.801000	1.957840
4.802000	2.135900
4.803000	2.135900
4.804000	2.046780
4.805000	2.046780
4.806000	2.046780
4.807000	2.135900
4.808000	2.046780
4.809000	2.224850
4.810000	2.135900
4.811000	2.224850
4.812000	2.046780
4.813000	2.135900
4.814000	2.224850
4.815000	2.046780
4.816000	2.046780
4.817000	2.046780
4.818000	2.046780
4.819000	1.957840
4.820000	2.046780
4.821000	2.135900
4.822000	1.957840
4.823000	1.957840
4.824000	2.046780
4.825000	2.135900
4.826000	2.046780
4.827000	2.046780
4.828000	1.957840
4.829000	1.957840
4.830000	2.046780
4.831000	1.957840
4.832000	2.046780
4.833000	1.868890
4.834000	1.957840
4.835000	1.957840
4.836000	1.957840
4.837000	2.046780
4.838000	1.957840
4.839000	1.868890
4.840000	1.868890
4.841000	2.046780
4.842000	1.957840
4.843000	2.046780
4.844000	2.046780
4.845000	1.957840
4.846000	2.046780
4.847000	2.046780
4.848000	2.046780
4.849000	2.046780
4.850000	1.957840
4.851000	2.046780
4.852000	2.135900
4.853000	2.046780
4.854000	2.135900
4.855000	2.046780
4.856000	2.046780
4.857000	2.046780
4.858000	2.135900
4.859000	2.135900
4.860000	2.135900
4.861000	2.224850
4.862000	2.135900
4.863000	2.313790
4.864000	2.224850
4.865000	2.224850
4.866000	2.046780
4.867000	1.957840
4.868000	1.957840
4.869000	2.046780
4.870000	2.135900
4.871000	2.046780
4.872000	2.046780
4.873000	1.957840
4.874000	2.135900
4.875000	2.224850
4.876000	2.135900
4.877000	2.135900
4.878000	2.135900
4.879000	2.046780
4.880000	2.046780
4.881000	2.224850
4.882000	2.046780
4.883000	2.046780
4.884000	2.135900
4.885000	2.046780
4.886000	2.046780
4.887000	2.046780
4.888000	2.046780
4.889000	1.957840
4.890000	1.957840
4.891000	2.135900
4.892000	2.135900
4.893000	2.135900
4.894000	1.957840
4.895000	2.135900
4.896000	2.046780
4.897000	2.135900
4.898000	2.046780
4.899000	2.046780
4.900000	1.957840
4.901000	2.046780
4.902000	1.957840
4.903000	1.957840
4.904000	2.135900
4.905000	1.957840
4.906000	1.957840
4.907000	2.046780
4.908000	2.135900
4.909000	2.135900
4.910000	2.135900
4.911000	2.046780
4.912000	2.135900
4.913000	2.046780
4.914000	2.224850
4.915000	2.224850
4.916000	2.135900
4.917000	2.135900
4.918000	2.046780
4.919000	2.046780
4.920000	2.046780
4.921000	2.046780
4.922000	2.135900
4.923000	2.135900
4.924000	2.135900
4.925000	2.046780
4.926000	2.135900
4.927000	2.046780
4.928000	2.135900
4.929000	2.135900
4.930000	2.224850
4.931000	2.135900
4.932000	2.224850
4.933000	2.135900
4.934000	1.957840
4.935000	2.046780
4.936000	2.046780
4.937000	1.957840
4.938000	2.046780
4.939000	1.957840
4.940000	1.957840
4.941000	2.135900
4.942000	2.046780
4.943000	1.957840
4.944000	2.135900
4.945000	2.046780
4.946000	2.046780
4.947000	2.135900
4.948000	2.135900
4.949000	2.046780
4.950000	2.046780
4.951000	1.868890
4.952000	1.868890
4.953000	1.957840
4.954000	2.046780
4.955000	1.868890
4.956000	1.868890
4.957000	1.957840
4.958000	1.957840
4.959000	1.957840
4.960000	2.135900
4.961000	2.046780
4.962000	2.046780
4.963000	2.046780
4.964000	2.135900
4.965000	1.957840
4.966000	2.135900
4.967000	2.046780
4.968000	2.046780
4.969000	2.135900
4.970000	1.957840
4.971000	2.046780
4.972000	2.046780
4.973000	2.046780
4.974000	2.135900
4.975000	2.046780
4.976000	2.135900
4.977000	2.135900
4.978000	2.046780
4.979000	2.135900
4.980000	2.046780
4.981000	2.135900
4.982000	2.046780
4.983000	1.957840
4.984000	1.957840
4.985000	2.046780
4.986000	1.957840
4.987000	2.046780
4.988000	2.046780
4.989000	2.046780
4.990000	1.957840
4.991000	2.046780
4.992000	2.046780
4.993000	2.046780
4.994000	1.957840
4.995000	2.046780
4.996000	2.135900
4.997000	2.135900
4.998000	2.135900
4.999000	1.868890
5.000000	2.135900
5.001000	2.046780
5.002000	1.957840
5.003000	2.046780
5.004000	2.046780
5.005000	1.957840
5.006000	1.957840
5.007000	1.957840
5.008000	1.957840
5.009000	2.046780
5.010000	2.135900
5.011000	2.224850
5.012000	2.135900
5.013000	2.135900
5.014000	2.135900
5.015000	2.135900
5.016000	2.046780
5.017000	1.957840
5.018000	2.046780
5.019000	2.135900
5.020000	2.046780
5.021000	2.046780
5.022000	1.957840
5.023000	2.046780
5.024000	2.135900
5.025000	2.046780
5.026000	2.046780
5.027000	2.135900
5.028000	2.135900
5.029000	2.224850
5.030000	2.135900
5.031000	2.135900
5.032000	2.135900
5.033000	2.046780
5.034000	1.957840
5.035000	1.957840
5.036000	2.046780
5.037000	2.135900
5.038000	2.046780
5.039000	2.046780
5.040000	1.957840
5.041000	2.135900
5.042000	2.046780
5.043000	2.135900
5.044000	2.135900
5.045000	2.135900
5.046000	2.046780
5.047000	2.046780
5.048000	2.046780
5.049000	2.046780
5.050000	1.957840
5.051000	2.046780
5.052000	1.957840
5.053000	1.957840
5.054000	2.046780
5.055000	1.957840
5.056000	1.868890
5.057000	1.957840
5.058000	1.957840
5.059000	2.046780
5.060000	1.957840
5.061000	2.046780
5.062000	2.046780
5.063000	2.046780
5.064000	2.135900
5.065000	2.046780
5.066000	1.957840
5.067000	1.957840
5.068000	1.957840
5.069000	1.868890
5.070000	1.957840
5.071000	2.135900
5.072000	1.957840
5.073000	1.957840
5.074000	2.046780
5.075000	2.135900
5.076000	2.046780
5.077000	2.135900
5.078000	2.135900
5.079000	2.046780
5.080000	2.046780
5.081000	2.135900
5.082000	2.135900
5.083000	1.957840
5.084000	2.046780
5.085000	1.957840
5.086000	2.046780
5.087000	1.957840
5.088000	2.135900
5.089000	2.046780
5.090000	2.135900
5.091000	2.046780
5.092000	2.135900
5.093000	2.135900
5.094000	2.135900
5.095000	2.135900
5.096000	2.135900
5.097000	2.224850
5.098000	2.224850
5.099000	1.957840
5.100000	1.957840
5.101000	1.957840
5.102000	2.046780
5.103000	2.046780
5.104000	2.135900
5.105000	2.046780
5.106000	1.957840
5.107000	2.046780
5.108000	2.046780
5.109000	2.046780
5.110000	2.046780
5.111000	1.957840
5.112000	2.046780
5.113000	1.868890
5.114000	2.135900
5.115000	2.046780
5.116000	1.957840
5.117000	1.957840
5.118000	2.046780
5.119000	1.868890
5.120000	2.046780
5.121000	2.046780
5.122000	1.957840
5.123000	1.957840
5.124000	2.135900
5.125000	2.224850
5.126000	2.135900
5.127000	2.135900
5.128000	2.135900
5.129000	2.224850
5.130000	2.135900
5.131000	2.046780
5.132000	2.135900
5.133000	1.957840
5.134000	2.135900
5.135000	2.046780
5.136000	2.135900
5.137000	2.046780
5.138000	2.135900
5.139000	1.957840
5.140000	2.046780
5.141000	2.135900
5.142000	2.224850
5.143000	2.135900
5.144000	2.135900
5.145000	2.224850
5.146000	2.135900
5.147000	2.135900
5.148000	2.135900
5.149000	2.135900
5.150000	2.046780
5.151000	2.135900
5.152000	2.135900
5.153000	2.046780
5.154000	2.046780
5.155000	1.957840
5.156000	1.868890
5.157000	1.957840
5.158000	2.224850
5.159000	2.135900
5.160000	2.046780
5.161000	2.135900
5.162000	2.046780
5.163000	1.957840
5.164000	2.046780
5.165000	1.957840
5.166000	1.957840
5.167000	1.957840
5.168000	2.046780
5.169000	1.957840
5.170000	1.868890
5.171000	2.046780
5.172000	1.957840
5.173000	1.868890
5.174000	1.957840
5.175000	2.046780
5.176000	2.135900
5.177000	1.957840
5.178000	1.957840
5.179000	2.046780
5.180000	2.135900
5.181000	2.046780
5.182000	1.957840
5.183000	2.046780
5.184000	1.957840
5.185000	2.046780
5.186000	1.957840
5.187000	2.046780
5.188000	2.046780
5.189000	1.957840
5.190000	1.957840
5.191000	2.135900
5.192000	2.135900
5.193000	2.135900
5.194000	2.046780
5.195000	1.957840
5.196000	1.957840
5.197000	2.046780
5.198000	2.224850
5.199000	1.957840
5.200000	1.868890
5.201000	1.957840
5.202000	1.957840
5.203000	2.046780
5.204000	1.957840
5.205000	2.046780
5.206000	2.046780
5.207000	1.957840
5.208000	2.046780
5.209000	2.046780
5.210000	2.135900
5.211000	2.046780
5.212000	2.046780
5.213000	2.135900
5.214000	1.957840
5.215000	2.135900
5.216000	1.957840
5.217000	1.957840
5.218000	1.957840
5.219000	2.046780
5.220000	1.868890
5.221000	2.046780
5.222000	1.957840
5.223000	1.957840
5.224000	1.957840
5.225000	2.135900
5.226000	1.957840
5.227000	2.046780
5.228000	2.046780
5.229000	1.957840
5.230000	2.135900
5.231000	2.224850
5.232000	2.046780
5.233000	1.957840
5.234000	1.957840
5.235000	1.868890
5.236000	1.957840
5.237000	2.046780
5.238000	1.957840
5.239000	1.957840
5.240000	2.046780
5.241000	1.957840
5.242000	2.046780
5.243000	1.957840
5.244000	2.046780
5.245000	2.135900
5.246000	2.135900
5.247000	2.135900
5.248000	2.135900
5.249000	2.046780
5.250000	2.046780
5.251000	2.046780
5.252000	1.957840
5.253000	2.046780
5.254000	2.046780
5.255000	2.135900
5.256000	1.957840
5.257000	2.046780
5.258000	2.046780
5.259000	2.046780
5.260000	2.135900
5.261000	2.135900
5.262000	2.135900
5.263000	2.046780
5.264000	2.224850
5.265000	2.046780
5.266000	2.135900
5.267000	1.779950
5.268000	2.046780
5.269000	1.868890
5.270000	1.957840
5.271000	1.957840
5.272000	1.868890
5.273000	1.957840
5.274000	1.957840
5.275000	2.046780
5.276000	2.224850
5.277000	1.957840
5.278000	2.135900
5.279000	2.046780
5.280000	2.046780
5.281000	2.046780
5.282000	2.135900
5.283000	2.046780
5.284000	1.868890
5.285000	1.957840
5.286000	2.046780
5.287000	2.046780
5.288000	2.046780
5.289000	2.046780
5.290000	2.046780
5.291000	2.135900
5.292000	2.046780
5.293000	2.046780
5.294000	2.135900
5.295000	2.046780
5.296000	2.046780
5.297000	2.135900
5.298000	2.135900
5.299000	1.957840
5.300000	1.957840
5.301000	1.868890
5.302000	1.957840
5.303000	2.046780
5.304000	1.868890
5.305000	2.046780
5.306000	1.957840
5.307000	2.046780
5.308000	2.135900
5.309000	2.135900
5.310000	2.135900
5.311000	2.224850
5.312000	2.135900
5.313000	2.046780
5.314000	2.046780
5.315000	2.046780
5.316000	1.957840
5.317000	1.957840
5.318000	2.046780
5.319000	2.046780
5.320000	2.046780
5.321000	1.868890
5.322000	1.957840
5.323000	2.046780
5.324000	2.046780
5.325000	2.135900
5.326000	1.957840
5.327000	2.046780
5.328000	2.135900
5.329000	2.135900
5.330000	2.135900
5.331000	2.135900
5.332000	2.135900
5.333000	1.957840
5.334000	2.046780
5.335000	1.957840
5.336000	2.046780
5.337000	2.046780
5.338000	2.046780
5.339000	1.957840
5.340000	2.046780
5.341000	2.046780
5.342000	2.046780
5.343000	2.046780
5.344000	2.135900
5.345000	2.046780
5.346000	2.135900
5.347000	2.046780
5.348000	2.135900
5.349000	1.957840
5.350000	1.957840
5.351000	2.046780
5.352000	2.046780
5.353000	2.046780
5.354000	2.046780
5.355000	2.046780
5.356000	2.046780
5.357000	2.135900
5.358000	2.135900
5.359000	2.224850
5.360000	2.135900
5.361000	2.046780
5.362000	2.135900
5.363000	2.224850
5.364000	2.135900
5.365000	2.046780
5.366000	2.046780
5.367000	2.046780
5.368000	2.046780
5.369000	2.046780
5.370000	2.046780
5.371000	2.046780
5.372000	2.135900
5.373000	2.046780
5.374000	2.046780
5.375000	2.135900
5.376000	2.135900
5.377000	2.135900
5.378000	2.135900
5.379000	2.224850
5.380000	2.135900
5.381000	2.135900
5.382000	1.957840
5.383000	2.046780
5.384000	1.957840
5.385000	1.957840
5.386000	1.957840
5.387000	2.046780
5.388000	2.046780
5.389000	1.957840
5.390000	1.957840
5.391000	2.135900
5.392000	2.046780
5.393000	2.135900
5.394000	2.135900
5.395000	2.135900
5.396000	2.135900
5.397000	2.046780
5.398000	2.135900
5.399000	2.135900
5.400000	2.046780
5.401000	1.957840
5.402000	1.957840
5.403000	1.957840
5.404000	2.135900
5.405000	1.957840
5.406000	1.957840
5.407000	2.046780
5.408000	2.135900
5.409000	2.046780
5.410000	2.046780
5.411000	2.046780
5.412000	1.957840
5.413000	2.046780
5.414000	2.135900
5.415000	1.957840
5.416000	1.957840
5.417000	1.957840
5.418000	2.046780
5.419000	1.957840
5.420000	1.868890
5.421000	1.957840
5.422000	1.957840
5.423000	1.957840
5.424000	2.135900
5.425000	2.135900
5.426000	2.135900
5.427000	1.957840
5.428000	1.957840
5.429000	1.957840
5.430000	2.135900
5.431000	2.046780
5.432000	1.957840
5.433000	1.868890
5.434000	1.868890
5.435000	1.868890
5.436000	1.868890
5.437000	1.957840
5.438000	1.957840
5.439000	1.868890
5.440000	1.868890
5.441000	2.046780
5.442000	1.868890
5.443000	2.046780
5.444000	2.046780
5.445000	2.046780
5.446000	1.957840
5.447000	1.957840
5.448000	2.046780
5.449000	2.046780
5.450000	1.868890
5.451000	1.957840
5.452000	1.957840
5.453000	1.868890
5.454000	1.957840
5.455000	1.868890
5.456000	1.957840
5.457000	1.957840
5.458000	2.046780
5.459000	2.046780
5.460000	2.046780
5.461000	2.046780
5.462000	1.957840
5.463000	2.046780
5.464000	2.046780
5.465000	2.046780
5.466000	1.957840
5.467000	1.957840
5.468000	1.957840
5.469000	1.957840
5.470000	1.957840
5.471000	2.046780
5.472000	2.135900
5.473000	1.957840
5.474000	1.957840
5.475000	2.046780
5.476000	2.046780
5.477000	2.046780
5.478000	2.046780
5.479000	2.046780
5.480000	2.135900
5.481000	2.046780
5.482000	1.957840
5.483000	1.957840
5.484000	1.868890
5.485000	1.868890
5.486000	1.957840
5.487000	1.957840
5.488000	2.046780
5.489000	1.868890
5.490000	2.046780
5.491000	2.135900
5.492000	1.957840
5.493000	2.135900
5.494000	2.046780
5.495000	2.046780
5.496000	2.046780
5.497000	2.046780
5.498000	1.957840
5.499000	1.957840
5.500000	1.957840
