-0.500000	0.459038
-0.499000	0.459038
-0.498000	0.459038
-0.497000	0.459038
-0.496000	0.459038
-0.495000	0.459038
-0.494000	0.459038
-0.493000	0.459038
-0.492000	0.459038
-0.491000	0.459038
-0.490000	0.459038
-0.489000	0.459038
-0.488000	0.459038
-0.487000	0.441110
-0.486000	0.441110
-0.485000	0.441110
-0.484000	0.459038
-0.483000	0.459038
-0.482000	0.459038
-0.481000	0.459038
-0.480000	0.441110
-0.479000	0.459038
-0.478000	0.459038
-0.477000	0.459038
-0.476000	0.459038
-0.475000	0.459038
-0.474000	0.459038
-0.473000	0.459038
-0.472000	0.459038
-0.471000	0.441110
-0.470000	0.441110
-0.469000	0.459038
-0.468000	0.441110
-0.467000	0.459038
-0.466000	0.459038
-0.465000	0.459038
-0.464000	0.459038
-0.463000	0.459038
-0.462000	0.459038
-0.461000	0.459038
-0.460000	0.459038
-0.459000	0.459038
-0.458000	0.459038
-0.457000	0.459038
-0.456000	0.459038
-0.455000	0.459038
-0.454000	0.459038
-0.453000	0.459038
-0.452000	0.459038
-0.451000	0.459038
-0.450000	0.459038
-0.449000	0.459038
-0.448000	0.459038
-0.447000	0.459038
-0.446000	0.459038
-0.445000	0.459038
-0.444000	0.459038
-0.443000	0.459038
-0.442000	0.459038
-0.441000	0.459038
-0.440000	0.459038
-0.439000	0.441110
-0.438000	0.459038
-0.437000	0.459038
-0.436000	0.441110
-0.435000	0.459038
-0.434000	0.459038
-0.433000	0.459038
-0.432000	0.459038
-0.431000	0.459038
-0.430000	0.459038
-0.429000	0.459038
-0.428000	0.459038
-0.427000	0.459038
-0.426000	0.459038
-0.425000	0.459038
-0.424000	0.441110
-0.423000	0.459038
-0.422000	0.459038
-0.421000	0.459038
-0.420000	0.441110
-0.419000	0.459038
-0.418000	0.459038
-0.417000	0.459038
-0.416000	0.459038
-0.415000	0.459038
-0.414000	0.459038
-0.413000	0.459038
-0.412000	0.459038
-0.411000	0.459038
-0.410000	0.459038
-0.409000	0.459038
-0.408000	0.459038
-0.407000	0.459038
-0.406000	0.459038
-0.405000	0.459038
-0.404000	0.459038
-0.403000	0.459038
-0.402000	0.441110
-0.401000	0.459038
-0.400000	0.459038
-0.399000	0.459038
-0.398000	0.459038
-0.397000	0.459038
-0.396000	0.459038
-0.395000	0.459038
-0.394000	0.441110
-0.393000	0.459038
-0.392000	0.459038
-0.391000	0.459038
-0.390000	0.459038
-0.389000	0.459038
-0.388000	0.441110
-0.387000	0.459038
-0.386000	0.459038
-0.385000	0.459038
-0.384000	0.459038
-0.383000	0.459038
-0.382000	0.459038
-0.381000	0.459038
-0.380000	0.459038
-0.379000	0.459038
-0.378000	0.459038
-0.377000	0.459038
-0.376000	0.459038
-0.375000	0.459038
-0.374000	0.459038
-0.373000	0.459038
-0.372000	0.459038
-0.371000	0.459038
-0.370000	0.459038
-0.369000	0.459038
-0.368000	0.459038
-0.367000	0.459038
-0.366000	0.459038
-0.365000	0.459038
-0.364000	0.441110
-0.363000	0.441110
-0.362000	0.459038
-0.361000	0.459038
-0.360000	0.459038
-0.359000	0.459038
-0.358000	0.441110
-0.357000	0.459038
-0.356000	0.459038
-0.355000	0.459038
-0.354000	0.459038
-0.353000	0.459038
-0.352000	0.459038
-0.351000	0.459038
-0.350000	0.459038
-0.349000	0.459038
-0.348000	0.459038
-0.347000	0.441110
-0.346000	0.459038
-0.345000	0.459038
-0.344000	0.459038
-0.343000	0.459038
-0.342000	0.459038
-0.341000	0.459038
-0.340000	0.459038
-0.339000	0.459038
-0.338000	0.459038
-0.337000	0.459038
-0.336000	0.459038
-0.335000	0.459038
-0.334000	0.477002
-0.333000	0.459038
-0.332000	0.477002
-0.331000	0.441110
-0.330000	0.459038
-0.329000	0.459038
-0.328000	0.459038
-0.327000	0.459038
-0.326000	0.459038
-0.325000	0.459038
-0.324000	0.459038
-0.323000	0.459038
-0.322000	0.459038
-0.321000	0.459038
-0.320000	0.459038
-0.319000	0.459038
-0.318000	0.459038
-0.317000	0.459038
-0.316000	0.459038
-0.315000	0.459038
-0.314000	0.459038
-0.313000	0.459038
-0.312000	0.459038
-0.311000	0.441110
-0.310000	0.459038
-0.309000	0.459038
-0.308000	0.441110
-0.307000	0.459038
-0.306000	0.459038
-0.305000	0.441110
-0.304000	0.459038
-0.303000	0.459038
-0.302000	0.459038
-0.301000	0.459038
-0.300000	0.459038
-0.299000	0.459038
-0.298000	0.441110
-0.297000	0.459038
-0.296000	0.441110
-0.295000	0.459038
-0.294000	0.459038
-0.293000	0.459038
-0.292000	0.459038
-0.291000	0.459038
-0.290000	0.459038
-0.289000	0.459038
-0.288000	0.459038
-0.287000	0.459038
-0.286000	0.459038
-0.285000	0.459038
-0.284000	0.459038
-0.283000	0.459038
-0.282000	0.459038
-0.281000	0.459038
-0.280000	0.459038
-0.279000	0.459038
-0.278000	0.459038
-0.277000	0.459038
-0.276000	0.459038
-0.275000	0.459038
-0.274000	0.441110
-0.273000	0.459038
-0.272000	0.459038
-0.271000	0.459038
-0.270000	0.459038
-0.269000	0.459038
-0.268000	0.459038
-0.267000	0.459038
-0.266000	0.459038
-0.265000	0.459038
-0.264000	0.459038
-0.263000	0.441110
-0.262000	0.459038
-0.261000	0.459038
-0.260000	0.459038
-0.259000	0.459038
-0.258000	0.459038
-0.257000	0.459038
-0.256000	0.459038
-0.255000	0.459038
-0.254000	0.459038
-0.253000	0.459038
-0.252000	0.459038
-0.251000	0.459038
-0.250000	0.441110
-0.249000	0.459038
-0.248000	0.459038
-0.247000	0.459038
-0.246000	0.459038
-0.245000	0.459038
-0.244000	0.459038
-0.243000	0.477002
-0.242000	0.459038
-0.241000	0.459038
-0.240000	0.459038
-0.239000	0.459038
-0.238000	0.459038
-0.237000	0.459038
-0.236000	0.459038
-0.235000	0.459038
-0.234000	0.459038
-0.233000	0.459038
-0.232000	0.459038
-0.231000	0.459038
-0.230000	0.459038
-0.229000	0.441110
-0.228000	0.459038
-0.227000	0.459038
-0.226000	0.459038
-0.225000	0.459038
-0.224000	0.459038
-0.223000	0.459038
-0.222000	0.459038
-0.221000	0.459038
-0.220000	0.459038
-0.219000	0.459038
-0.218000	0.459038
-0.217000	0.459038
-0.216000	0.459038
-0.215000	0.459038
-0.214000	0.459038
-0.213000	0.459038
-0.212000	0.459038
-0.211000	0.459038
-0.210000	0.459038
-0.209000	0.459038
-0.208000	0.459038
-0.207000	0.459038
-0.206000	0.441110
-0.205000	0.459038
-0.204000	0.459038
-0.203000	0.459038
-0.202000	0.459038
-0.201000	0.459038
-0.200000	0.459038
-0.199000	0.459038
-0.198000	0.459038
-0.197000	0.459038
-0.196000	0.459038
-0.195000	0.459038
-0.194000	0.459038
-0.193000	0.459038
-0.192000	0.459038
-0.191000	0.459038
-0.190000	0.459038
-0.189000	0.459038
-0.188000	0.459038
-0.187000	0.459038
-0.186000	0.459038
-0.185000	0.459038
-0.184000	0.459038
-0.183000	0.459038
-0.182000	0.459038
-0.181000	0.459038
-0.180000	0.459038
-0.179000	0.459038
-0.178000	0.459038
-0.177000	0.459038
-0.176000	0.459038
-0.175000	0.459038
-0.174000	0.459038
-0.173000	0.459038
-0.172000	0.459038
-0.171000	0.459038
-0.170000	0.459038
-0.169000	0.459038
-0.168000	0.459038
-0.167000	0.441110
-0.166000	0.459038
-0.165000	0.459038
-0.164000	0.459038
-0.163000	0.459038
-0.162000	0.459038
-0.161000	0.459038
-0.160000	0.459038
-0.159000	0.459038
-0.158000	0.477002
-0.157000	0.459038
-0.156000	0.459038
-0.155000	0.459038
-0.154000	0.459038
-0.153000	0.459038
-0.152000	0.459038
-0.151000	0.459038
-0.150000	0.459038
-0.149000	0.459038
-0.148000	0.459038
-0.147000	0.459038
-0.146000	0.441110
-0.145000	0.459038
-0.144000	0.459038
-0.143000	0.459038
-0.142000	0.441110
-0.141000	0.459038
-0.140000	0.459038
-0.139000	0.441110
-0.138000	0.459038
-0.137000	0.459038
-0.136000	0.441110
-0.135000	0.441110
-0.134000	0.459038
-0.133000	0.459038
-0.132000	0.459038
-0.131000	0.459038
-0.130000	0.459038
-0.129000	0.459038
-0.128000	0.459038
-0.127000	0.459038
-0.126000	0.459038
-0.125000	0.459038
-0.124000	0.441110
-0.123000	0.459038
-0.122000	0.459038
-0.121000	0.459038
-0.120000	0.459038
-0.119000	0.459038
-0.118000	0.459038
-0.117000	0.459038
-0.116000	0.459038
-0.115000	0.459038
-0.114000	0.459038
-0.113000	0.459038
-0.112000	0.459038
-0.111000	0.459038
-0.110000	0.459038
-0.109000	0.459038
-0.108000	0.459038
-0.107000	0.459038
-0.106000	0.459038
-0.105000	0.459038
-0.104000	0.459038
-0.103000	0.459038
-0.102000	0.459038
-0.101000	0.459038
-0.100000	0.459038
-0.099000	0.459038
-0.098000	0.459038
-0.097000	0.459038
-0.096000	0.459038
-0.095000	0.459038
-0.094000	0.459038
-0.093000	0.459038
-0.092000	0.459038
-0.091000	0.459038
-0.090000	0.459038
-0.089000	0.459038
-0.088000	0.459038
-0.087000	0.459038
-0.086000	0.459038
-0.085000	0.441110
-0.084000	0.459038
-0.083000	0.441110
-0.082000	0.459038
-0.081000	0.459038
-0.080000	0.459038
-0.079000	0.459038
-0.078000	0.459038
-0.077000	0.459038
-0.076000	0.459038
-0.075000	0.459038
-0.074000	0.459038
-0.073000	0.459038
-0.072000	0.459038
-0.071000	0.459038
-0.070000	0.459038
-0.069000	0.459038
-0.068000	0.459038
-0.067000	0.459038
-0.066000	0.459038
-0.065000	0.459038
-0.064000	0.459038
-0.063000	0.459038
-0.062000	0.459038
-0.061000	0.459038
-0.060000	0.459038
-0.059000	0.459038
-0.058000	0.459038
-0.057000	0.459038
-0.056000	0.459038
-0.055000	0.459038
-0.054000	0.459038
-0.053000	0.441110
-0.052000	0.459038
-0.051000	0.459038
-0.050000	0.459038
-0.049000	0.459038
-0.048000	0.459038
-0.047000	0.459038
-0.046000	0.441110
-0.045000	0.459038
-0.044000	0.459038
-0.043000	0.459038
-0.042000	0.459038
-0.041000	0.459038
-0.040000	0.459038
-0.039000	0.441110
-0.038000	0.459038
-0.037000	0.459038
-0.036000	0.441110
-0.035000	0.459038
-0.034000	0.459038
-0.033000	0.459038
-0.032000	0.441110
-0.031000	0.441110
-0.030000	0.387289
-0.029000	0.369361
-0.028000	0.351433
-0.027000	0.351433
-0.026000	0.351433
-0.025000	0.351433
-0.024000	0.351433
-0.023000	0.333468
-0.022000	0.279684
-0.021000	0.225863
-0.020000	0.154115
-0.019000	0.100294
-0.018000	0.046473
-0.017000	0.010580
-0.016000	-0.007348
-0.015000	-0.007348
-0.014000	-0.007348
-0.013000	0.028545
-0.012000	0.046473
-0.011000	0.082329
-0.010000	0.100294
-0.009000	0.136150
-0.008000	0.136150
-0.007000	0.136150
-0.006000	0.100294
-0.005000	0.118222
-0.004000	0.172043
-0.003000	0.279684
-0.002000	0.459038
-0.001000	0.710176
0.000000	1.015140
0.001000	1.338020
0.002000	1.678840
0.003000	2.019690
0.004000	2.324650
0.005000	2.611650
0.006000	2.862790
0.007000	3.096000
0.008000	3.311240
0.009000	3.526490
0.010000	3.687950
0.011000	3.885270
0.012000	4.064660
0.013000	4.244050
0.014000	4.405470
0.015000	4.531040
0.016000	4.656610
0.017000	4.782180
0.018000	4.961570
0.019000	5.105070
0.020000	5.266530
0.021000	5.374140
0.022000	5.392100
0.023000	5.410030
0.024000	5.356210
0.025000	5.284460
0.026000	5.194780
0.027000	5.069210
0.028000	4.943650
0.029000	4.800110
0.030000	4.710430
0.031000	4.638690
0.032000	4.602790
0.033000	4.584860
0.034000	4.584860
0.035000	4.548970
0.036000	4.548970
0.037000	4.531040
0.038000	4.513120
0.039000	4.513120
0.040000	4.513120
0.041000	4.531040
0.042000	4.548970
0.043000	4.602790
0.044000	4.710430
0.045000	4.853930
0.046000	4.997430
0.047000	5.140960
0.048000	5.284460
0.049000	5.410030
0.050000	5.535600
0.051000	5.697030
0.052000	5.840560
0.053000	6.001980
0.054000	6.163450
0.055000	6.271050
0.056000	6.396620
0.057000	6.522190
0.058000	6.665730
0.059000	6.791290
0.060000	6.773330
0.061000	6.791290
0.062000	6.737470
0.063000	6.504260
0.064000	6.271050
0.065000	5.768810
0.066000	5.481780
0.067000	5.338280
0.068000	5.230640
0.069000	5.445920
0.070000	5.356210
0.071000	5.356210
0.072000	5.302390
0.073000	5.356210
0.074000	5.643240
0.075000	5.894380
0.076000	6.271050
0.077000	6.127550
0.078000	6.199300
0.079000	6.109630
0.080000	6.199300
0.081000	6.522190
0.082000	6.809220
0.083000	7.257680
0.084000	7.347360
0.085000	7.526750
0.086000	7.634390
0.087000	7.688210
0.088000	7.849630
0.089000	7.742030
0.090000	7.598500
0.091000	7.329430
0.092000	7.006540
0.093000	7.024470
0.094000	6.988610
0.095000	7.096220
0.096000	7.024470
0.097000	6.755400
0.098000	6.629830
0.099000	6.306940
0.100000	6.271050
0.101000	6.217270
0.102000	6.091700
0.103000	5.948160
0.104000	5.589420
0.105000	5.338280
0.106000	5.069210
0.107000	4.764260
0.108000	4.853930
0.109000	4.513120
0.110000	4.513120
0.111000	4.261980
0.112000	4.028770
0.113000	3.939090
0.114000	4.010840
0.115000	4.279910
0.116000	4.548970
0.117000	4.997430
0.118000	4.997430
0.119000	5.230640
0.120000	5.320350
0.121000	5.571460
0.122000	5.912310
0.123000	6.019950
0.124000	5.966130
0.125000	5.392100
0.126000	5.033320
0.127000	5.069210
0.128000	5.105070
0.129000	5.697030
0.130000	5.750850
0.131000	5.822590
0.132000	5.517670
0.133000	5.123000
0.134000	5.338280
0.135000	5.194780
0.136000	5.356210
0.137000	5.087140
0.138000	4.584860
0.139000	4.297870
0.140000	3.939090
0.141000	3.903200
0.142000	4.172300
0.143000	4.351650
0.144000	4.495190
0.145000	4.459300
0.146000	4.154340
0.147000	3.957020
0.148000	3.849380
0.149000	3.831450
0.150000	3.939090
0.151000	3.831450
0.152000	3.849380
0.153000	3.777630
0.154000	3.705880
0.155000	3.831450
0.156000	3.921160
0.157000	4.172300
0.158000	4.226080
0.159000	4.172300
0.160000	4.010840
0.161000	3.813520
0.162000	3.670020
0.163000	3.580310
0.164000	3.472700
0.165000	3.293310
0.166000	3.042180
0.167000	2.862790
0.168000	2.808960
0.169000	2.862790
0.170000	2.988350
0.171000	2.970430
0.172000	2.988350
0.173000	2.755140
0.174000	2.773110
0.175000	2.737220
0.176000	2.773110
0.177000	2.791040
0.178000	2.719290
0.179000	2.575790
0.180000	2.324650
0.181000	2.109370
0.182000	1.965870
0.183000	1.894120
0.184000	1.840300
0.185000	1.750620
0.186000	1.535340
0.187000	1.338020
0.188000	1.302170
0.189000	1.338020
0.190000	1.589160
0.191000	1.786480
0.192000	1.929980
0.193000	2.055550
0.194000	2.145260
0.195000	2.252870
0.196000	2.234940
0.197000	2.091440
0.198000	1.840300
0.199000	1.535340
0.200000	1.355950
0.201000	1.266280
0.202000	1.266280
0.203000	1.284200
0.204000	1.212450
0.205000	1.158630
0.206000	1.104810
0.207000	1.176600
0.208000	1.212450
0.209000	1.338020
0.210000	1.284200
0.211000	1.284200
0.212000	1.140710
0.213000	1.140710
0.214000	1.230380
0.215000	1.248350
0.216000	1.320100
0.217000	1.230380
0.218000	1.104810
0.219000	0.997208
0.220000	0.925459
0.221000	1.015140
0.222000	2.898680
0.223000	4.028770
0.224000	6.701580
0.225000	5.392100
0.226000	4.136410
0.227000	0.082329
0.228000	-2.016460
0.229000	-3.810290
0.230000	-4.294600
0.231000	-3.415610
0.232000	-3.595000
0.233000	-2.464920
0.234000	-2.572520
0.235000	-1.370650
0.236000	-0.079096
0.237000	1.355950
0.238000	2.342580
0.239000	2.073510
0.240000	1.355950
0.241000	0.351433
0.242000	-0.258486
0.243000	-0.724872
0.244000	-0.976010
0.245000	-1.514180
0.246000	-1.819100
0.247000	-1.765320
0.248000	-1.478290
0.249000	-0.778692
0.250000	-0.545481
0.251000	-0.240558
0.252000	-0.509625
0.253000	-0.599302
0.254000	-0.419912
0.255000	-0.222594
0.256000	0.279684
0.257000	0.369361
0.258000	0.225863
0.259000	-0.312307
0.260000	-0.814585
0.261000	-1.280970
0.262000	-1.352720
0.263000	-1.245080
0.264000	-1.191290
0.265000	-1.173330
0.266000	-1.460360
0.267000	-1.783250
0.268000	-2.357270
0.269000	-2.805730
0.270000	-3.020980
0.271000	-3.020980
0.272000	-2.680160
0.273000	-2.375200
0.274000	-2.141990
0.275000	-2.141990
0.276000	-2.375200
0.277000	-2.464920
0.278000	-2.464920
0.279000	-2.375200
0.280000	-2.303450
0.281000	-2.357270
0.282000	-2.177880
0.283000	-1.711500
0.284000	-0.706944
0.285000	0.602572
0.286000	1.302170
0.287000	1.015140
0.288000	-0.348163
0.289000	-2.016460
0.290000	-3.128620
0.291000	-3.325940
0.292000	-2.716020
0.293000	-2.106140
0.294000	-1.855000
0.295000	-1.908820
0.296000	-2.034390
0.297000	-2.124060
0.298000	-1.998490
0.299000	-1.855000
0.300000	-1.675610
0.301000	-1.585930
0.302000	-1.496220
0.303000	-1.460360
0.304000	-1.675610
0.305000	-1.819100
0.306000	-2.052310
0.307000	-1.980570
0.308000	-1.944670
0.309000	-1.944670
0.310000	-2.088210
0.311000	-2.482840
0.312000	-2.662230
0.313000	-2.716020
0.314000	-2.500770
0.315000	-2.177880
0.316000	-1.765320
0.317000	-1.442430
0.318000	-1.209220
0.319000	-1.191290
0.320000	-1.191290
0.321000	-1.334790
0.322000	-1.352720
0.323000	-1.334790
0.324000	-1.047760
0.325000	-0.742836
0.326000	-0.635195
0.327000	-0.545481
0.328000	-0.993938
0.329000	-1.352720
0.330000	-1.855000
0.331000	-2.070240
0.332000	-1.980570
0.333000	-1.872920
0.334000	-1.567970
0.335000	-1.496220
0.336000	-1.532110
0.337000	-1.747360
0.338000	-2.052310
0.339000	-2.124060
0.340000	-1.980570
0.341000	-1.639750
0.342000	-1.316860
0.343000	-1.047760
0.344000	-1.047760
0.345000	-1.209220
0.346000	-1.334790
0.347000	-1.460360
0.348000	-1.424470
0.349000	-1.298900
0.350000	-1.245080
0.351000	-1.173330
0.352000	-1.209220
0.353000	-1.209220
0.354000	-1.065720
0.355000	-0.993938
0.356000	-0.796620
0.357000	-0.653123
0.358000	-0.635195
0.359000	-0.635195
0.360000	-0.814585
0.361000	-0.868406
0.362000	-1.065720
0.363000	-1.011900
0.364000	-1.011900
0.365000	-0.976010
0.366000	-0.993938
0.367000	-1.065720
0.368000	-1.191290
0.369000	-1.227150
0.370000	-1.209220
0.371000	-1.155400
0.372000	-0.976010
0.373000	-0.850441
0.374000	-0.689016
0.375000	-0.671051
0.376000	-0.760764
0.377000	-0.832513
0.378000	-0.958082
0.379000	-0.958082
0.380000	-0.976010
0.381000	-0.958082
0.382000	-0.850441
0.383000	-0.796620
0.384000	-0.689016
0.385000	-0.635195
0.386000	-0.653123
0.387000	-0.635195
0.388000	-0.635195
0.389000	-0.617267
0.390000	-0.545481
0.391000	-0.455805
0.392000	-0.419912
0.393000	-0.384056
0.394000	-0.455805
0.395000	-0.437877
0.396000	-0.581374
0.397000	-0.563446
0.398000	-0.617267
0.399000	-0.635195
0.400000	-0.563446
0.401000	-0.599302
0.402000	-0.473733
0.403000	-0.473733
0.404000	-0.473733
0.405000	-0.437877
0.406000	-0.491697
0.407000	-0.527553
0.408000	-0.599302
0.409000	-0.653123
0.410000	-0.671051
0.411000	-0.706944
0.412000	-0.653123
0.413000	-0.599302
0.414000	-0.563446
0.415000	-0.455805
0.416000	-0.366128
0.417000	-0.294379
0.418000	-0.240558
0.419000	-0.240558
0.420000	-0.222594
0.421000	-0.258486
0.422000	-0.276414
0.423000	-0.366128
0.424000	-0.366128
0.425000	-0.330235
0.426000	-0.276414
0.427000	-0.222594
0.428000	-0.079096
0.429000	-0.025276
0.430000	0.172043
0.431000	0.243791
0.432000	0.387289
0.433000	0.459038
0.434000	0.441110
0.435000	0.405217
0.436000	0.387289
0.437000	0.243791
0.438000	0.243791
0.439000	0.207899
0.440000	0.225863
0.441000	0.297612
0.442000	0.243791
0.443000	0.405217
0.444000	0.441110
0.445000	0.494930
0.446000	0.548751
0.447000	0.548751
0.448000	0.584607
0.449000	0.638428
0.450000	0.548751
0.451000	0.602572
0.452000	0.566679
0.453000	0.602572
0.454000	0.674320
0.455000	0.674320
0.456000	0.763997
0.457000	0.835746
0.458000	0.799890
0.459000	0.943387
0.460000	0.853711
0.461000	0.997208
0.462000	0.889567
0.463000	0.763997
0.464000	0.692248
0.465000	0.548751
0.466000	0.602572
0.467000	0.602572
0.468000	0.692248
0.469000	0.889567
0.470000	0.961315
0.471000	1.033060
0.472000	1.015140
0.473000	0.871639
0.474000	0.799890
0.475000	0.692248
0.476000	0.620500
0.477000	0.656356
0.478000	0.620500
0.479000	0.620500
0.480000	0.602572
0.481000	0.584607
0.482000	0.728141
0.483000	0.710176
0.484000	0.907495
0.485000	0.853711
0.486000	0.907495
0.487000	0.943387
0.488000	0.871639
0.489000	0.979243
0.490000	1.051030
0.491000	1.122780
0.492000	1.212450
0.493000	1.230380
0.494000	1.212450
0.495000	1.355950
0.496000	1.284200
0.497000	1.302170
0.498000	1.212450
0.499000	1.140710
0.500000	1.104810
0.501000	1.104810
0.502000	1.194530
0.503000	1.194530
0.504000	1.212450
0.505000	1.194530
0.506000	1.033060
0.507000	1.033060
0.508000	1.015140
0.509000	0.997208
0.510000	0.997208
0.511000	0.925459
0.512000	0.871639
0.513000	0.835746
0.514000	0.781925
0.515000	0.853711
0.516000	0.889567
0.517000	0.979243
0.518000	1.033060
0.519000	1.015140
0.520000	1.122780
0.521000	1.104810
0.522000	1.176600
0.523000	1.248350
0.524000	1.212450
0.525000	1.355950
0.526000	1.284200
0.527000	1.373920
0.528000	1.481520
0.529000	1.445670
0.530000	1.607090
0.531000	1.517410
0.532000	1.535340
0.533000	1.517410
0.534000	1.427740
0.535000	1.445670
0.536000	1.427740
0.537000	1.355950
0.538000	1.373920
0.539000	1.230380
0.540000	1.266280
0.541000	1.194530
0.542000	1.248350
0.543000	1.284200
0.544000	1.284200
0.545000	1.338020
0.546000	1.338020
0.547000	1.373920
0.548000	1.427740
0.549000	1.391840
0.550000	1.445670
0.551000	1.409770
0.552000	1.445670
0.553000	1.499490
0.554000	1.481520
0.555000	1.607090
0.556000	1.607090
0.557000	1.696800
0.558000	1.840300
0.559000	1.876190
0.560000	2.073510
0.561000	2.109370
0.562000	2.163190
0.563000	2.234940
0.564000	2.199080
0.565000	2.234940
0.566000	2.199080
0.567000	2.145260
0.568000	2.109370
0.569000	2.037620
0.570000	1.947940
0.571000	1.947940
0.572000	1.894120
0.573000	1.929980
0.574000	1.965870
0.575000	1.983800
0.576000	2.037620
0.577000	2.037620
0.578000	2.091440
0.579000	2.037620
0.580000	2.109370
0.581000	2.109370
0.582000	2.109370
0.583000	2.055550
0.584000	2.001760
0.585000	2.001760
0.586000	2.055550
0.587000	2.109370
0.588000	2.181120
0.589000	2.199080
0.590000	2.234940
0.591000	2.252870
0.592000	2.342580
0.593000	2.414330
0.594000	2.557830
0.595000	2.611650
0.596000	2.611650
0.597000	2.647540
0.598000	2.557830
0.599000	2.557830
0.600000	2.450220
0.601000	2.360510
0.602000	2.324650
0.603000	2.306690
0.604000	2.252870
0.605000	2.252870
0.606000	2.199080
0.607000	2.145260
0.608000	2.163190
0.609000	2.217010
0.610000	2.288760
0.611000	2.342580
0.612000	2.306690
0.613000	2.306690
0.614000	2.288760
0.615000	2.270830
0.616000	2.270830
0.617000	2.270830
0.618000	2.234940
0.619000	2.252870
0.620000	2.288760
0.621000	2.378440
0.622000	2.432260
0.623000	2.486080
0.624000	2.521970
0.625000	2.539900
0.626000	2.575790
0.627000	2.647540
0.628000	2.719290
0.629000	2.737220
0.630000	2.701320
0.631000	2.629570
0.632000	2.557830
0.633000	2.504000
0.634000	2.504000
0.635000	2.486080
0.636000	2.504000
0.637000	2.450220
0.638000	2.414330
0.639000	2.342580
0.640000	2.306690
0.641000	2.324650
0.642000	2.324650
0.643000	2.360510
0.644000	2.270830
0.645000	2.199080
0.646000	2.163190
0.647000	2.145260
0.648000	2.145260
0.649000	2.181120
0.650000	2.217010
0.651000	2.234940
0.652000	2.252870
0.653000	2.270830
0.654000	2.306690
0.655000	2.306690
0.656000	2.288760
0.657000	2.252870
0.658000	2.234940
0.659000	2.217010
0.660000	2.234940
0.661000	2.270830
0.662000	2.306690
0.663000	2.324650
0.664000	2.342580
0.665000	2.342580
0.666000	2.324650
0.667000	2.324650
0.668000	2.324650
0.669000	2.306690
0.670000	2.252870
0.671000	2.217010
0.672000	2.145260
0.673000	2.091440
0.674000	2.055550
0.675000	2.037620
0.676000	2.019690
0.677000	2.019690
0.678000	2.037620
0.679000	2.073510
0.680000	2.109370
0.681000	2.145260
0.682000	2.163190
0.683000	2.181120
0.684000	2.199080
0.685000	2.181120
0.686000	2.163190
0.687000	2.163190
0.688000	2.145260
0.689000	2.127300
0.690000	2.109370
0.691000	2.109370
0.692000	2.109370
0.693000	2.127300
0.694000	2.163190
0.695000	2.199080
0.696000	2.234940
0.697000	2.252870
0.698000	2.234940
0.699000	2.217010
0.700000	2.145260
0.701000	2.091440
0.702000	2.019690
0.703000	1.947940
0.704000	1.876190
0.705000	1.804410
0.706000	1.768550
0.707000	1.750620
0.708000	1.768550
0.709000	1.786480
0.710000	1.804410
0.711000	1.804410
0.712000	1.822370
0.713000	1.804410
0.714000	1.822370
0.715000	1.786480
0.716000	1.786480
0.717000	1.750620
0.718000	1.696800
0.719000	1.678840
0.720000	1.625060
0.721000	1.607090
0.722000	1.607090
0.723000	1.607090
0.724000	1.642980
0.725000	1.678840
0.726000	1.714730
0.727000	1.768550
0.728000	1.822370
0.729000	1.840300
0.730000	1.822370
0.731000	1.786480
0.732000	1.732660
0.733000	1.642980
0.734000	1.589160
0.735000	1.535340
0.736000	1.481520
0.737000	1.445670
0.738000	1.409770
0.739000	1.373920
0.740000	1.355950
0.741000	1.373920
0.742000	1.391840
0.743000	1.427740
0.744000	1.409770
0.745000	1.373920
0.746000	1.355950
0.747000	1.266280
0.748000	1.230380
0.749000	1.194530
0.750000	1.122780
0.751000	1.140710
0.752000	1.122780
0.753000	1.122780
0.754000	1.158630
0.755000	1.140710
0.756000	1.230380
0.757000	1.266280
0.758000	1.302170
0.759000	1.391840
0.760000	1.338020
0.761000	1.338020
0.762000	1.284200
0.763000	1.248350
0.764000	1.248350
0.765000	1.212450
0.766000	1.176600
0.767000	1.140710
0.768000	1.068960
0.769000	1.033060
0.770000	0.997208
0.771000	1.015140
0.772000	1.015140
0.773000	0.997208
0.774000	0.997208
0.775000	0.925459
0.776000	0.907495
0.777000	0.817818
0.778000	0.817818
0.779000	0.781925
0.780000	0.728141
0.781000	0.710176
0.782000	0.620500
0.783000	0.602572
0.784000	0.620500
0.785000	0.638428
0.786000	0.656356
0.787000	0.692248
0.788000	0.674320
0.789000	0.728141
0.790000	0.656356
0.791000	0.692248
0.792000	0.674320
0.793000	0.638428
0.794000	0.656356
0.795000	0.620500
0.796000	0.584607
0.797000	0.584607
0.798000	0.512858
0.799000	0.494930
0.800000	0.477002
0.801000	0.459038
0.802000	0.441110
0.803000	0.423182
0.804000	0.369361
0.805000	0.369361
0.806000	0.333468
0.807000	0.279684
0.808000	0.261719
0.809000	0.207899
0.810000	0.154115
0.811000	0.118222
0.812000	0.100294
0.813000	0.064401
0.814000	0.028545
0.815000	0.028545
0.816000	-0.043240
0.817000	-0.007348
0.818000	-0.079096
0.819000	-0.114989
0.820000	-0.079096
0.821000	-0.132917
0.822000	-0.061168
0.823000	-0.079096
0.824000	-0.061168
0.825000	-0.061168
0.826000	-0.079096
0.827000	-0.079096
0.828000	-0.079096
0.829000	-0.114989
0.830000	-0.114989
0.831000	-0.150845
0.832000	-0.222594
0.833000	-0.258486
0.834000	-0.276414
0.835000	-0.348163
0.836000	-0.294379
0.837000	-0.455805
0.838000	-0.384056
0.839000	-0.491697
0.840000	-0.527553
0.841000	-0.509625
0.842000	-0.617267
0.843000	-0.563446
0.844000	-0.671051
0.845000	-0.671051
0.846000	-0.724872
0.847000	-0.706944
0.848000	-0.778692
0.849000	-0.760764
0.850000	-0.778692
0.851000	-0.832513
0.852000	-0.832513
0.853000	-0.832513
0.854000	-0.832513
0.855000	-0.778692
0.856000	-0.832513
0.857000	-0.796620
0.858000	-0.832513
0.859000	-0.832513
0.860000	-0.832513
0.861000	-0.814585
0.862000	-0.814585
0.863000	-0.850441
0.864000	-0.832513
0.865000	-0.940154
0.866000	-0.904262
0.867000	-1.011900
0.868000	-0.976010
0.869000	-1.101580
0.870000	-1.065720
0.871000	-1.191290
0.872000	-1.173330
0.873000	-1.227150
0.874000	-1.227150
0.875000	-1.245080
0.876000	-1.245080
0.877000	-1.316860
0.878000	-1.370650
0.879000	-1.388610
0.880000	-1.442430
0.881000	-1.424470
0.882000	-1.478290
0.883000	-1.514180
0.884000	-1.550040
0.885000	-1.585930
0.886000	-1.675610
0.887000	-1.621790
0.888000	-1.675610
0.889000	-1.603860
0.890000	-1.675610
0.891000	-1.603860
0.892000	-1.621790
0.893000	-1.675610
0.894000	-1.639750
0.895000	-1.747360
0.896000	-1.711500
0.897000	-1.765320
0.898000	-1.819100
0.899000	-1.783250
0.900000	-1.890890
0.901000	-1.944670
0.902000	-1.980570
0.903000	-2.052310
0.904000	-2.016460
0.905000	-2.052310
0.906000	-2.088210
0.907000	-2.124060
0.908000	-2.195810
0.909000	-2.249630
0.910000	-2.213780
0.911000	-2.285530
0.912000	-2.195810
0.913000	-2.357270
0.914000	-2.393130
0.915000	-2.446950
0.916000	-2.572520
0.917000	-2.500770
0.918000	-2.590490
0.919000	-2.500770
0.920000	-2.554590
0.921000	-2.572520
0.922000	-2.500770
0.923000	-2.572520
0.924000	-2.500770
0.925000	-2.518700
0.926000	-2.500770
0.927000	-2.554590
0.928000	-2.554590
0.929000	-2.590490
0.930000	-2.626340
0.931000	-2.662230
0.932000	-2.680160
0.933000	-2.698090
0.934000	-2.769840
0.935000	-2.733980
0.936000	-2.787800
0.937000	-2.787800
0.938000	-2.805730
0.939000	-2.859550
0.940000	-2.823660
0.941000	-2.913370
0.942000	-2.913370
0.943000	-2.931300
0.944000	-3.003050
0.945000	-2.949230
0.946000	-3.056870
0.947000	-3.020980
0.948000	-3.092730
0.949000	-3.110690
0.950000	-3.110690
0.951000	-3.146550
0.952000	-3.146550
0.953000	-3.146550
0.954000	-3.182440
0.955000	-3.200370
0.956000	-3.182440
0.957000	-3.218300
0.958000	-3.164510
0.959000	-3.146550
0.960000	-3.164510
0.961000	-3.146550
0.962000	-3.236260
0.963000	-3.218300
0.964000	-3.272120
0.965000	-3.325940
0.966000	-3.308010
0.967000	-3.379760
0.968000	-3.379760
0.969000	-3.451510
0.970000	-3.469430
0.971000	-3.523260
0.972000	-3.523260
0.973000	-3.523260
0.974000	-3.541180
0.975000	-3.577080
0.976000	-3.612970
0.977000	-3.648830
0.978000	-3.702650
0.979000	-3.684720
0.980000	-3.756470
0.981000	-3.738540
0.982000	-3.774390
0.983000	-3.846140
0.984000	-3.828220
0.985000	-3.882040
0.986000	-3.846140
0.987000	-3.828220
0.988000	-3.828220
0.989000	-3.792320
0.990000	-3.846140
0.991000	-3.810290
0.992000	-3.810290
0.993000	-3.810290
0.994000	-3.774390
0.995000	-3.810290
0.996000	-3.792320
0.997000	-3.810290
0.998000	-3.828220
0.999000	-3.828220
1.000000	-3.846140
1.001000	-3.846140
1.002000	-3.810290
1.003000	-3.864070
1.004000	-3.864070
1.005000	-3.882040
1.006000	-3.882040
1.007000	-3.864070
1.008000	-3.882040
1.009000	-3.864070
1.010000	-3.864070
1.011000	-3.899960
1.012000	-3.882040
1.013000	-3.917890
1.014000	-3.882040
1.015000	-3.864070
1.016000	-3.882040
1.017000	-3.864070
1.018000	-3.882040
1.019000	-3.864070
1.020000	-3.864070
1.021000	-3.846140
1.022000	-3.810290
1.023000	-3.774390
1.024000	-3.756470
1.025000	-3.738540
1.026000	-3.738540
1.027000	-3.720570
1.028000	-3.702650
1.029000	-3.684720
1.030000	-3.666750
1.031000	-3.684720
1.032000	-3.666750
1.033000	-3.666750
1.034000	-3.666750
1.035000	-3.666750
1.036000	-3.666750
1.037000	-3.666750
1.038000	-3.684720
1.039000	-3.684720
1.040000	-3.684720
1.041000	-3.666750
1.042000	-3.666750
1.043000	-3.648830
1.044000	-3.666750
1.045000	-3.666750
1.046000	-3.666750
1.047000	-3.666750
1.048000	-3.648830
1.049000	-3.648830
1.050000	-3.612970
1.051000	-3.595000
1.052000	-3.595000
1.053000	-3.577080
1.054000	-3.577080
1.055000	-3.541180
1.056000	-3.505330
1.057000	-3.487400
1.058000	-3.433580
1.059000	-3.415610
1.060000	-3.397690
1.061000	-3.361830
1.062000	-3.343870
1.063000	-3.325940
1.064000	-3.308010
1.065000	-3.308010
1.066000	-3.308010
1.067000	-3.343870
1.068000	-3.361830
1.069000	-3.379760
1.070000	-3.415610
1.071000	-3.415610
1.072000	-3.415610
1.073000	-3.397690
1.074000	-3.397690
1.075000	-3.379760
1.076000	-3.361830
1.077000	-3.361830
1.078000	-3.361830
1.079000	-3.379760
1.080000	-3.379760
1.081000	-3.379760
1.082000	-3.379760
1.083000	-3.379760
1.084000	-3.343870
1.085000	-3.343870
1.086000	-3.325940
1.087000	-3.308010
1.088000	-3.272120
1.089000	-3.272120
1.090000	-3.236260
1.091000	-3.218300
1.092000	-3.200370
1.093000	-3.182440
1.094000	-3.164510
1.095000	-3.110690
1.096000	-3.092730
1.097000	-3.056870
1.098000	-3.038940
1.099000	-3.020980
1.100000	-3.020980
1.101000	-3.020980
1.102000	-3.038940
1.103000	-3.020980
1.104000	-3.038940
1.105000	-3.003050
1.106000	-3.038940
1.107000	-3.020980
1.108000	-3.003050
1.109000	-3.003050
1.110000	-2.985120
1.111000	-3.003050
1.112000	-3.003050
1.113000	-2.949230
1.114000	-2.985120
1.115000	-2.949230
1.116000	-2.931300
1.117000	-2.931300
1.118000	-2.913370
1.119000	-2.913370
1.120000	-2.877480
1.121000	-2.859550
1.122000	-2.841590
1.123000	-2.823660
1.124000	-2.805730
1.125000	-2.787800
1.126000	-2.769840
1.127000	-2.787800
1.128000	-2.716020
1.129000	-2.733980
1.130000	-2.716020
1.131000	-2.680160
1.132000	-2.698090
1.133000	-2.662230
1.134000	-2.680160
1.135000	-2.680160
1.136000	-2.644270
1.137000	-2.662230
1.138000	-2.626340
1.139000	-2.644270
1.140000	-2.662230
1.141000	-2.626340
1.142000	-2.662230
1.143000	-2.590490
1.144000	-2.590490
1.145000	-2.572520
1.146000	-2.554590
1.147000	-2.554590
1.148000	-2.572520
1.149000	-2.518700
1.150000	-2.554590
1.151000	-2.482840
1.152000	-2.482840
1.153000	-2.446950
1.154000	-2.411100
1.155000	-2.393130
1.156000	-2.357270
1.157000	-2.321380
1.158000	-2.285530
1.159000	-2.231710
1.160000	-2.213780
1.161000	-2.159960
1.162000	-2.141990
1.163000	-2.124060
1.164000	-2.088210
1.165000	-2.088210
1.166000	-2.052310
1.167000	-2.034390
1.168000	-2.016460
1.169000	-1.998490
1.170000	-1.998490
1.171000	-1.980570
1.172000	-1.962640
1.173000	-1.926750
1.174000	-1.890890
1.175000	-1.890890
1.176000	-1.837070
1.177000	-1.837070
1.178000	-1.819100
1.179000	-1.801180
1.180000	-1.801180
1.181000	-1.783250
1.182000	-1.765320
1.183000	-1.765320
1.184000	-1.693530
1.185000	-1.693530
1.186000	-1.675610
1.187000	-1.657680
1.188000	-1.621790
1.189000	-1.567970
1.190000	-1.550040
1.191000	-1.514180
1.192000	-1.496220
1.193000	-1.442430
1.194000	-1.442430
1.195000	-1.424470
1.196000	-1.406540
1.197000	-1.442430
1.198000	-1.388610
1.199000	-1.406540
1.200000	-1.370650
1.201000	-1.352720
1.202000	-1.334790
1.203000	-1.280970
1.204000	-1.280970
1.205000	-1.263040
1.206000	-1.263040
1.207000	-1.227150
1.208000	-1.227150
1.209000	-1.191290
1.210000	-1.209220
1.211000	-1.191290
1.212000	-1.209220
1.213000	-1.227150
1.214000	-1.191290
1.215000	-1.209220
1.216000	-1.119510
1.217000	-1.119510
1.218000	-1.047760
1.219000	-1.047760
1.220000	-1.065720
1.221000	-1.011900
1.222000	-0.993938
1.223000	-0.958082
1.224000	-0.922190
1.225000	-0.868406
1.226000	-0.904262
1.227000	-0.850441
1.228000	-0.904262
1.229000	-0.850441
1.230000	-0.778692
1.231000	-0.778692
1.232000	-0.671051
1.233000	-0.689016
1.234000	-0.671051
1.235000	-0.689016
1.236000	-0.706944
1.237000	-0.635195
1.238000	-0.599302
1.239000	-0.563446
1.240000	-0.491697
1.241000	-0.491697
1.242000	-0.473733
1.243000	-0.491697
1.244000	-0.491697
1.245000	-0.437877
1.246000	-0.401984
1.247000	-0.384056
1.248000	-0.330235
1.249000	-0.348163
1.250000	-0.294379
1.251000	-0.312307
1.252000	-0.276414
1.253000	-0.222594
1.254000	-0.222594
1.255000	-0.168810
1.256000	-0.186738
1.257000	-0.186738
1.258000	-0.168810
1.259000	-0.150845
1.260000	-0.114989
1.261000	-0.079096
1.262000	-0.043240
1.263000	-0.007348
1.264000	0.010580
1.265000	0.028545
1.266000	0.046473
1.267000	0.082329
1.268000	0.064401
1.269000	0.064401
1.270000	0.118222
1.271000	0.082329
1.272000	0.136150
1.273000	0.100294
1.274000	0.136150
1.275000	0.136150
1.276000	0.118222
1.277000	0.154115
1.278000	0.189971
1.279000	0.207899
1.280000	0.243791
1.281000	0.225863
1.282000	0.279684
1.283000	0.279684
1.284000	0.279684
1.285000	0.315540
1.286000	0.279684
1.287000	0.297612
1.288000	0.279684
1.289000	0.315540
1.290000	0.315540
1.291000	0.351433
1.292000	0.369361
1.293000	0.387289
1.294000	0.405217
1.295000	0.405217
1.296000	0.423182
1.297000	0.459038
1.298000	0.477002
1.299000	0.477002
1.300000	0.530786
1.301000	0.494930
1.302000	0.530786
1.303000	0.530786
1.304000	0.530786
1.305000	0.566679
1.306000	0.530786
1.307000	0.566679
1.308000	0.602572
1.309000	0.602572
1.310000	0.638428
1.311000	0.620500
1.312000	0.656356
1.313000	0.638428
1.314000	0.638428
1.315000	0.656356
1.316000	0.674320
1.317000	0.692248
1.318000	0.710176
1.319000	0.728141
1.320000	0.728141
1.321000	0.728141
1.322000	0.728141
1.323000	0.746069
1.324000	0.763997
1.325000	0.763997
1.326000	0.781925
1.327000	0.763997
1.328000	0.781925
1.329000	0.799890
1.330000	0.781925
1.331000	0.799890
1.332000	0.799890
1.333000	0.835746
1.334000	0.835746
1.335000	0.871639
1.336000	0.871639
1.337000	0.889567
1.338000	0.889567
1.339000	0.853711
1.340000	0.835746
1.341000	0.835746
1.342000	0.817818
1.343000	0.835746
1.344000	0.817818
1.345000	0.817818
1.346000	0.817818
1.347000	0.799890
1.348000	0.799890
1.349000	0.817818
1.350000	0.835746
1.351000	0.853711
1.352000	0.853711
1.353000	0.853711
1.354000	0.835746
1.355000	0.817818
1.356000	0.817818
1.357000	0.817818
1.358000	0.817818
1.359000	0.817818
1.360000	0.817818
1.361000	0.835746
1.362000	0.835746
1.363000	0.835746
1.364000	0.853711
1.365000	0.835746
1.366000	0.853711
1.367000	0.835746
1.368000	0.817818
1.369000	0.817818
1.370000	0.799890
1.371000	0.763997
1.372000	0.763997
1.373000	0.763997
1.374000	0.746069
1.375000	0.746069
1.376000	0.746069
1.377000	0.728141
1.378000	0.746069
1.379000	0.746069
1.380000	0.728141
1.381000	0.728141
1.382000	0.728141
1.383000	0.710176
1.384000	0.692248
1.385000	0.692248
1.386000	0.692248
1.387000	0.674320
1.388000	0.692248
1.389000	0.692248
1.390000	0.692248
1.391000	0.710176
1.392000	0.692248
1.393000	0.692248
1.394000	0.692248
1.395000	0.674320
1.396000	0.674320
1.397000	0.656356
1.398000	0.638428
1.399000	0.638428
1.400000	0.638428
1.401000	0.620500
1.402000	0.638428
1.403000	0.638428
1.404000	0.638428
1.405000	0.638428
1.406000	0.656356
1.407000	0.656356
1.408000	0.638428
1.409000	0.638428
1.410000	0.620500
1.411000	0.602572
1.412000	0.584607
1.413000	0.548751
1.414000	0.530786
1.415000	0.494930
1.416000	0.494930
1.417000	0.494930
1.418000	0.477002
1.419000	0.477002
1.420000	0.477002
1.421000	0.459038
1.422000	0.477002
1.423000	0.441110
1.424000	0.441110
1.425000	0.405217
1.426000	0.405217
1.427000	0.405217
1.428000	0.405217
1.429000	0.405217
1.430000	0.387289
1.431000	0.369361
1.432000	0.369361
1.433000	0.333468
1.434000	0.333468
1.435000	0.333468
1.436000	0.315540
1.437000	0.297612
1.438000	0.279684
1.439000	0.243791
1.440000	0.243791
1.441000	0.207899
1.442000	0.189971
1.443000	0.189971
1.444000	0.154115
1.445000	0.172043
1.446000	0.172043
1.447000	0.154115
1.448000	0.154115
1.449000	0.100294
1.450000	0.064401
1.451000	0.064401
1.452000	0.010580
1.453000	-0.007348
1.454000	-0.025276
1.455000	-0.025276
1.456000	-0.007348
1.457000	-0.025276
1.458000	-0.025276
1.459000	-0.025276
1.460000	-0.061168
1.461000	-0.079096
1.462000	-0.079096
1.463000	-0.079096
1.464000	-0.079096
1.465000	-0.079096
1.466000	-0.114989
1.467000	-0.150845
1.468000	-0.222594
1.469000	-0.222594
1.470000	-0.258486
1.471000	-0.240558
1.472000	-0.222594
1.473000	-0.222594
1.474000	-0.186738
1.475000	-0.240558
1.476000	-0.258486
1.477000	-0.294379
1.478000	-0.312307
1.479000	-0.294379
1.480000	-0.330235
1.481000	-0.348163
1.482000	-0.348163
1.483000	-0.419912
1.484000	-0.419912
1.485000	-0.455805
1.486000	-0.473733
1.487000	-0.455805
1.488000	-0.491697
1.489000	-0.455805
1.490000	-0.473733
1.491000	-0.437877
1.492000	-0.455805
1.493000	-0.473733
1.494000	-0.509625
1.495000	-0.509625
1.496000	-0.581374
1.497000	-0.545481
1.498000	-0.563446
1.499000	-0.599302
1.500000	-0.617267
1.501000	-0.653123
1.502000	-0.689016
1.503000	-0.689016
1.504000	-0.706944
1.505000	-0.689016
1.506000	-0.689016
1.507000	-0.724872
1.508000	-0.760764
1.509000	-0.796620
1.510000	-0.832513
1.511000	-0.886334
1.512000	-0.868406
1.513000	-0.922190
1.514000	-0.904262
1.515000	-0.958082
1.516000	-0.976010
1.517000	-0.993938
1.518000	-1.011900
1.519000	-0.993938
1.520000	-1.029830
1.521000	-1.011900
1.522000	-1.047760
1.523000	-1.083650
1.524000	-1.119510
1.525000	-1.137470
1.526000	-1.173330
1.527000	-1.191290
1.528000	-1.191290
1.529000	-1.209220
1.530000	-1.280970
1.531000	-1.263040
1.532000	-1.298900
1.533000	-1.316860
1.534000	-1.316860
1.535000	-1.316860
1.536000	-1.316860
1.537000	-1.388610
1.538000	-1.442430
1.539000	-1.442430
1.540000	-1.514180
1.541000	-1.496220
1.542000	-1.478290
1.543000	-1.514180
1.544000	-1.496220
1.545000	-1.585930
1.546000	-1.603860
1.547000	-1.603860
1.548000	-1.657680
1.549000	-1.657680
1.550000	-1.639750
1.551000	-1.675610
1.552000	-1.675610
1.553000	-1.711500
1.554000	-1.729430
1.555000	-1.729430
1.556000	-1.765320
1.557000	-1.747360
1.558000	-1.783250
1.559000	-1.801180
1.560000	-1.801180
1.561000	-1.837070
1.562000	-1.819100
1.563000	-1.819100
1.564000	-1.837070
1.565000	-1.855000
1.566000	-1.908820
1.567000	-1.926750
1.568000	-1.962640
1.569000	-1.944670
1.570000	-1.962640
1.571000	-1.944670
1.572000	-1.980570
1.573000	-1.998490
1.574000	-2.016460
1.575000	-2.052310
1.576000	-1.998490
1.577000	-2.052310
1.578000	-2.052310
1.579000	-2.070240
1.580000	-2.106140
1.581000	-2.124060
1.582000	-2.141990
1.583000	-2.159960
1.584000	-2.195810
1.585000	-2.249630
1.586000	-2.249630
1.587000	-2.285530
1.588000	-2.267560
1.589000	-2.285530
1.590000	-2.285530
1.591000	-2.285530
1.592000	-2.321380
1.593000	-2.357270
1.594000	-2.357270
1.595000	-2.375200
1.596000	-2.375200
1.597000	-2.393130
1.598000	-2.429020
1.599000	-2.464920
1.600000	-2.482840
1.601000	-2.518700
1.602000	-2.518700
1.603000	-2.554590
1.604000	-2.572520
1.605000	-2.608410
1.606000	-2.608410
1.607000	-2.644270
1.608000	-2.644270
1.609000	-2.626340
1.610000	-2.680160
1.611000	-2.662230
1.612000	-2.716020
1.613000	-2.733980
1.614000	-2.751910
1.615000	-2.769840
1.616000	-2.769840
1.617000	-2.769840
1.618000	-2.787800
1.619000	-2.805730
1.620000	-2.841590
1.621000	-2.859550
1.622000	-2.877480
1.623000	-2.859550
1.624000	-2.841590
1.625000	-2.859550
1.626000	-2.859550
1.627000	-2.913370
1.628000	-2.931300
1.629000	-2.931300
1.630000	-2.895410
1.631000	-2.877480
1.632000	-2.859550
1.633000	-2.895410
1.634000	-2.913370
1.635000	-2.949230
1.636000	-2.949230
1.637000	-2.949230
1.638000	-2.931300
1.639000	-2.931300
1.640000	-2.949230
1.641000	-2.985120
1.642000	-2.967160
1.643000	-2.985120
1.644000	-2.985120
1.645000	-2.949230
1.646000	-2.949230
1.647000	-2.967160
1.648000	-2.985120
1.649000	-3.020980
1.650000	-3.003050
1.651000	-3.003050
1.652000	-3.003050
1.653000	-2.985120
1.654000	-3.003050
1.655000	-3.003050
1.656000	-3.020980
1.657000	-3.020980
1.658000	-2.985120
1.659000	-3.003050
1.660000	-3.003050
1.661000	-3.003050
1.662000	-3.038940
1.663000	-3.038940
1.664000	-3.056870
1.665000	-3.056870
1.666000	-3.056870
1.667000	-3.092730
1.668000	-3.092730
1.669000	-3.128620
1.670000	-3.110690
1.671000	-3.110690
1.672000	-3.110690
1.673000	-3.092730
1.674000	-3.110690
1.675000	-3.128620
1.676000	-3.146550
1.677000	-3.164510
1.678000	-3.146550
1.679000	-3.164510
1.680000	-3.146550
1.681000	-3.164510
1.682000	-3.200370
1.683000	-3.218300
1.684000	-3.218300
1.685000	-3.236260
1.686000	-3.200370
1.687000	-3.200370
1.688000	-3.182440
1.689000	-3.182440
1.690000	-3.182440
1.691000	-3.182440
1.692000	-3.164510
1.693000	-3.164510
1.694000	-3.164510
1.695000	-3.164510
1.696000	-3.164510
1.697000	-3.182440
1.698000	-3.182440
1.699000	-3.164510
1.700000	-3.146550
1.701000	-3.146550
1.702000	-3.146550
1.703000	-3.146550
1.704000	-3.128620
1.705000	-3.110690
1.706000	-3.092730
1.707000	-3.074800
1.708000	-3.056870
1.709000	-3.056870
1.710000	-3.056870
1.711000	-3.038940
1.712000	-3.020980
1.713000	-3.003050
1.714000	-3.003050
1.715000	-2.967160
1.716000	-2.967160
1.717000	-2.949230
1.718000	-2.931300
1.719000	-2.931300
1.720000	-2.895410
1.721000	-2.877480
1.722000	-2.859550
1.723000	-2.841590
1.724000	-2.841590
1.725000	-2.841590
1.726000	-2.823660
1.727000	-2.805730
1.728000	-2.787800
1.729000	-2.787800
1.730000	-2.787800
1.731000	-2.769840
1.732000	-2.751910
1.733000	-2.751910
1.734000	-2.733980
1.735000	-2.716020
1.736000	-2.698090
1.737000	-2.698090
1.738000	-2.680160
1.739000	-2.680160
1.740000	-2.662230
1.741000	-2.644270
1.742000	-2.644270
1.743000	-2.644270
1.744000	-2.644270
1.745000	-2.644270
1.746000	-2.644270
1.747000	-2.626340
1.748000	-2.608410
1.749000	-2.608410
1.750000	-2.626340
1.751000	-2.608410
1.752000	-2.626340
1.753000	-2.590490
1.754000	-2.572520
1.755000	-2.554590
1.756000	-2.536660
1.757000	-2.554590
1.758000	-2.554590
1.759000	-2.554590
1.760000	-2.554590
1.761000	-2.554590
1.762000	-2.554590
1.763000	-2.536660
1.764000	-2.518700
1.765000	-2.554590
1.766000	-2.518700
1.767000	-2.518700
1.768000	-2.518700
1.769000	-2.500770
1.770000	-2.500770
1.771000	-2.482840
1.772000	-2.500770
1.773000	-2.482840
1.774000	-2.482840
1.775000	-2.464920
1.776000	-2.446950
1.777000	-2.429020
1.778000	-2.411100
1.779000	-2.393130
1.780000	-2.375200
1.781000	-2.357270
1.782000	-2.339350
1.783000	-2.339350
1.784000	-2.321380
1.785000	-2.303450
1.786000	-2.303450
1.787000	-2.303450
1.788000	-2.267560
1.789000	-2.267560
1.790000	-2.213780
1.791000	-2.231710
1.792000	-2.195810
1.793000	-2.177880
1.794000	-2.177880
1.795000	-2.141990
1.796000	-2.141990
1.797000	-2.124060
1.798000	-2.088210
1.799000	-2.106140
1.800000	-2.070240
1.801000	-2.088210
1.802000	-2.070240
1.803000	-2.034390
1.804000	-2.034390
1.805000	-1.998490
1.806000	-1.998490
1.807000	-1.980570
1.808000	-1.944670
1.809000	-1.980570
1.810000	-1.926750
1.811000	-1.908820
1.812000	-1.908820
1.813000	-1.855000
1.814000	-1.908820
1.815000	-1.872920
1.816000	-1.872920
1.817000	-1.872920
1.818000	-1.819100
1.819000	-1.819100
1.820000	-1.783250
1.821000	-1.783250
1.822000	-1.783250
1.823000	-1.765320
1.824000	-1.747360
1.825000	-1.711500
1.826000	-1.693530
1.827000	-1.711500
1.828000	-1.693530
1.829000	-1.711500
1.830000	-1.711500
1.831000	-1.693530
1.832000	-1.711500
1.833000	-1.675610
1.834000	-1.675610
1.835000	-1.675610
1.836000	-1.639750
1.837000	-1.639750
1.838000	-1.603860
1.839000	-1.585930
1.840000	-1.550040
1.841000	-1.532110
1.842000	-1.550040
1.843000	-1.550040
1.844000	-1.550040
1.845000	-1.532110
1.846000	-1.514180
1.847000	-1.514180
1.848000	-1.532110
1.849000	-1.514180
1.850000	-1.532110
1.851000	-1.514180
1.852000	-1.478290
1.853000	-1.424470
1.854000	-1.370650
1.855000	-1.370650
1.856000	-1.352720
1.857000	-1.352720
1.858000	-1.352720
1.859000	-1.352720
1.860000	-1.334790
1.861000	-1.334790
1.862000	-1.298900
1.863000	-1.316860
1.864000	-1.316860
1.865000	-1.280970
1.866000	-1.298900
1.867000	-1.280970
1.868000	-1.263040
1.869000	-1.263040
1.870000	-1.227150
1.871000	-1.227150
1.872000	-1.191290
1.873000	-1.191290
1.874000	-1.173330
1.875000	-1.155400
1.876000	-1.191290
1.877000	-1.137470
1.878000	-1.155400
1.879000	-1.101580
1.880000	-1.083650
1.881000	-1.065720
1.882000	-1.047760
1.883000	-1.047760
1.884000	-1.065720
1.885000	-1.029830
1.886000	-1.029830
1.887000	-1.011900
1.888000	-0.976010
1.889000	-0.993938
1.890000	-0.993938
1.891000	-0.993938
1.892000	-0.976010
1.893000	-0.922190
1.894000	-0.922190
1.895000	-0.868406
1.896000	-0.904262
1.897000	-0.922190
1.898000	-0.904262
1.899000	-0.940154
1.900000	-0.868406
1.901000	-0.868406
1.902000	-0.832513
1.903000	-0.832513
1.904000	-0.868406
1.905000	-0.850441
1.906000	-0.850441
1.907000	-0.814585
1.908000	-0.760764
1.909000	-0.760764
1.910000	-0.760764
1.911000	-0.760764
1.912000	-0.796620
1.913000	-0.778692
1.914000	-0.778692
1.915000	-0.778692
1.916000	-0.742836
1.917000	-0.742836
1.918000	-0.724872
1.919000	-0.724872
1.920000	-0.706944
1.921000	-0.671051
1.922000	-0.671051
1.923000	-0.635195
1.924000	-0.635195
1.925000	-0.653123
1.926000	-0.635195
1.927000	-0.671051
1.928000	-0.671051
1.929000	-0.653123
1.930000	-0.653123
1.931000	-0.617267
1.932000	-0.617267
1.933000	-0.617267
1.934000	-0.617267
1.935000	-0.617267
1.936000	-0.635195
1.937000	-0.599302
1.938000	-0.581374
1.939000	-0.581374
1.940000	-0.563446
1.941000	-0.563446
1.942000	-0.581374
1.943000	-0.581374
1.944000	-0.581374
1.945000	-0.563446
1.946000	-0.545481
1.947000	-0.527553
1.948000	-0.509625
1.949000	-0.509625
1.950000	-0.509625
1.951000	-0.509625
1.952000	-0.509625
1.953000	-0.509625
1.954000	-0.473733
1.955000	-0.491697
1.956000	-0.473733
1.957000	-0.491697
1.958000	-0.473733
1.959000	-0.473733
1.960000	-0.455805
1.961000	-0.437877
1.962000	-0.437877
1.963000	-0.455805
1.964000	-0.455805
1.965000	-0.473733
1.966000	-0.455805
1.967000	-0.437877
1.968000	-0.437877
1.969000	-0.419912
1.970000	-0.419912
1.971000	-0.419912
1.972000	-0.437877
1.973000	-0.419912
1.974000	-0.419912
1.975000	-0.401984
1.976000	-0.401984
1.977000	-0.384056
1.978000	-0.419912
1.979000	-0.419912
1.980000	-0.437877
1.981000	-0.437877
1.982000	-0.437877
1.983000	-0.419912
1.984000	-0.401984
1.985000	-0.401984
1.986000	-0.384056
1.987000	-0.384056
1.988000	-0.384056
1.989000	-0.384056
1.990000	-0.401984
1.991000	-0.384056
1.992000	-0.401984
1.993000	-0.419912
1.994000	-0.419912
1.995000	-0.419912
1.996000	-0.419912
1.997000	-0.437877
1.998000	-0.437877
1.999000	-0.419912
2.000000	-0.419912
2.001000	-0.437877
2.002000	-0.419912
2.003000	-0.419912
2.004000	-0.419912
2.005000	-0.419912
2.006000	-0.419912
2.007000	-0.437877
2.008000	-0.437877
2.009000	-0.437877
2.010000	-0.437877
2.011000	-0.437877
2.012000	-0.419912
2.013000	-0.419912
2.014000	-0.437877
2.015000	-0.437877
2.016000	-0.437877
2.017000	-0.437877
2.018000	-0.455805
2.019000	-0.455805
2.020000	-0.455805
2.021000	-0.473733
2.022000	-0.473733
2.023000	-0.473733
2.024000	-0.473733
2.025000	-0.455805
2.026000	-0.473733
2.027000	-0.473733
2.028000	-0.491697
2.029000	-0.491697
2.030000	-0.509625
2.031000	-0.509625
2.032000	-0.527553
2.033000	-0.527553
2.034000	-0.527553
2.035000	-0.545481
2.036000	-0.545481
2.037000	-0.545481
2.038000	-0.545481
2.039000	-0.545481
2.040000	-0.527553
2.041000	-0.509625
2.042000	-0.509625
2.043000	-0.509625
2.044000	-0.527553
2.045000	-0.527553
2.046000	-0.545481
2.047000	-0.563446
2.048000	-0.581374
2.049000	-0.581374
2.050000	-0.581374
2.051000	-0.599302
2.052000	-0.581374
2.053000	-0.581374
2.054000	-0.581374
2.055000	-0.563446
2.056000	-0.581374
2.057000	-0.581374
2.058000	-0.581374
2.059000	-0.581374
2.060000	-0.599302
2.061000	-0.617267
2.062000	-0.617267
2.063000	-0.653123
2.064000	-0.653123
2.065000	-0.671051
2.066000	-0.653123
2.067000	-0.671051
2.068000	-0.653123
2.069000	-0.653123
2.070000	-0.671051
2.071000	-0.653123
2.072000	-0.671051
2.073000	-0.689016
2.074000	-0.671051
2.075000	-0.706944
2.076000	-0.706944
2.077000	-0.724872
2.078000	-0.742836
2.079000	-0.742836
2.080000	-0.760764
2.081000	-0.760764
2.082000	-0.742836
2.083000	-0.742836
2.084000	-0.778692
2.085000	-0.778692
2.086000	-0.796620
2.087000	-0.814585
2.088000	-0.832513
2.089000	-0.832513
2.090000	-0.850441
2.091000	-0.850441
2.092000	-0.850441
2.093000	-0.868406
2.094000	-0.868406
2.095000	-0.868406
2.096000	-0.868406
2.097000	-0.868406
2.098000	-0.850441
2.099000	-0.868406
2.100000	-0.904262
2.101000	-0.940154
2.102000	-0.958082
2.103000	-0.993938
2.104000	-0.976010
2.105000	-0.993938
2.106000	-0.993938
2.107000	-0.976010
2.108000	-0.976010
2.109000	-0.976010
2.110000	-0.976010
2.111000	-0.958082
2.112000	-0.976010
2.113000	-0.993938
2.114000	-0.993938
2.115000	-1.011900
2.116000	-1.065720
2.117000	-1.083650
2.118000	-1.119510
2.119000	-1.101580
2.120000	-1.119510
2.121000	-1.101580
2.122000	-1.083650
2.123000	-1.101580
2.124000	-1.083650
2.125000	-1.083650
2.126000	-1.083650
2.127000	-1.065720
2.128000	-1.083650
2.129000	-1.083650
2.130000	-1.101580
2.131000	-1.137470
2.132000	-1.155400
2.133000	-1.191290
2.134000	-1.191290
2.135000	-1.191290
2.136000	-1.209220
2.137000	-1.191290
2.138000	-1.227150
2.139000	-1.227150
2.140000	-1.227150
2.141000	-1.245080
2.142000	-1.227150
2.143000	-1.227150
2.144000	-1.245080
2.145000	-1.245080
2.146000	-1.280970
2.147000	-1.298900
2.148000	-1.298900
2.149000	-1.334790
2.150000	-1.316860
2.151000	-1.334790
2.152000	-1.334790
2.153000	-1.352720
2.154000	-1.352720
2.155000	-1.352720
2.156000	-1.352720
2.157000	-1.334790
2.158000	-1.352720
2.159000	-1.370650
2.160000	-1.388610
2.161000	-1.424470
2.162000	-1.406540
2.163000	-1.424470
2.164000	-1.424470
2.165000	-1.424470
2.166000	-1.424470
2.167000	-1.442430
2.168000	-1.460360
2.169000	-1.478290
2.170000	-1.478290
2.171000	-1.496220
2.172000	-1.496220
2.173000	-1.496220
2.174000	-1.514180
2.175000	-1.514180
2.176000	-1.532110
2.177000	-1.532110
2.178000	-1.532110
2.179000	-1.532110
2.180000	-1.532110
2.181000	-1.550040
2.182000	-1.567970
2.183000	-1.585930
2.184000	-1.603860
2.185000	-1.621790
2.186000	-1.603860
2.187000	-1.621790
2.188000	-1.621790
2.189000	-1.639750
2.190000	-1.657680
2.191000	-1.639750
2.192000	-1.657680
2.193000	-1.639750
2.194000	-1.639750
2.195000	-1.639750
2.196000	-1.639750
2.197000	-1.657680
2.198000	-1.675610
2.199000	-1.657680
2.200000	-1.693530
2.201000	-1.693530
2.202000	-1.711500
2.203000	-1.729430
2.204000	-1.729430
2.205000	-1.747360
2.206000	-1.765320
2.207000	-1.747360
2.208000	-1.747360
2.209000	-1.747360
2.210000	-1.765320
2.211000	-1.765320
2.212000	-1.765320
2.213000	-1.783250
2.214000	-1.783250
2.215000	-1.801180
2.216000	-1.801180
2.217000	-1.819100
2.218000	-1.855000
2.219000	-1.837070
2.220000	-1.855000
2.221000	-1.855000
2.222000	-1.837070
2.223000	-1.837070
2.224000	-1.837070
2.225000	-1.837070
2.226000	-1.855000
2.227000	-1.855000
2.228000	-1.872920
2.229000	-1.872920
2.230000	-1.890890
2.231000	-1.926750
2.232000	-1.926750
2.233000	-1.944670
2.234000	-1.962640
2.235000	-1.944670
2.236000	-1.944670
2.237000	-1.944670
2.238000	-1.944670
2.239000	-1.962640
2.240000	-1.944670
2.241000	-1.962640
2.242000	-1.944670
2.243000	-1.944670
2.244000	-1.962640
2.245000	-1.962640
2.246000	-1.980570
2.247000	-1.980570
2.248000	-2.016460
2.249000	-2.016460
2.250000	-2.016460
2.251000	-2.016460
2.252000	-1.998490
2.253000	-1.998490
2.254000	-2.016460
2.255000	-1.998490
2.256000	-1.998490
2.257000	-1.998490
2.258000	-1.998490
2.259000	-2.016460
2.260000	-1.998490
2.261000	-1.998490
2.262000	-2.016460
2.263000	-2.016460
2.264000	-2.034390
2.265000	-2.034390
2.266000	-2.034390
2.267000	-2.052310
2.268000	-2.052310
2.269000	-2.070240
2.270000	-2.052310
2.271000	-2.052310
2.272000	-2.052310
2.273000	-2.052310
2.274000	-2.052310
2.275000	-2.052310
2.276000	-2.052310
2.277000	-2.052310
2.278000	-2.070240
2.279000	-2.052310
2.280000	-2.052310
2.281000	-2.052310
2.282000	-2.052310
2.283000	-2.052310
2.284000	-2.070240
2.285000	-2.070240
2.286000	-2.070240
2.287000	-2.070240
2.288000	-2.070240
2.289000	-2.052310
2.290000	-2.052310
2.291000	-2.052310
2.292000	-2.052310
2.293000	-2.070240
2.294000	-2.052310
2.295000	-2.052310
2.296000	-2.052310
2.297000	-2.070240
2.298000	-2.070240
2.299000	-2.052310
2.300000	-2.070240
2.301000	-2.070240
2.302000	-2.070240
2.303000	-2.088210
2.304000	-2.070240
2.305000	-2.070240
2.306000	-2.088210
2.307000	-2.070240
2.308000	-2.070240
2.309000	-2.052310
2.310000	-2.052310
2.311000	-2.052310
2.312000	-2.052310
2.313000	-2.052310
2.314000	-2.052310
2.315000	-2.052310
2.316000	-2.052310
2.317000	-2.052310
2.318000	-2.052310
2.319000	-2.052310
2.320000	-2.052310
2.321000	-2.052310
2.322000	-2.052310
2.323000	-2.052310
2.324000	-2.052310
2.325000	-2.052310
2.326000	-2.034390
2.327000	-2.016460
2.328000	-2.016460
2.329000	-2.016460
2.330000	-2.016460
2.331000	-2.016460
2.332000	-2.034390
2.333000	-2.016460
2.334000	-2.016460
2.335000	-2.016460
2.336000	-2.016460
2.337000	-2.016460
2.338000	-2.016460
2.339000	-1.998490
2.340000	-2.016460
2.341000	-1.998490
2.342000	-1.998490
2.343000	-1.998490
2.344000	-1.980570
2.345000	-1.980570
2.346000	-1.980570
2.347000	-1.980570
2.348000	-1.998490
2.349000	-1.980570
2.350000	-1.980570
2.351000	-1.980570
2.352000	-1.980570
2.353000	-1.980570
2.354000	-1.980570
2.355000	-1.962640
2.356000	-1.962640
2.357000	-1.962640
2.358000	-1.944670
2.359000	-1.926750
2.360000	-1.944670
2.361000	-1.944670
2.362000	-1.944670
2.363000	-1.944670
2.364000	-1.926750
2.365000	-1.908820
2.366000	-1.908820
2.367000	-1.908820
2.368000	-1.908820
2.369000	-1.890890
2.370000	-1.890890
2.371000	-1.872920
2.372000	-1.872920
2.373000	-1.872920
2.374000	-1.855000
2.375000	-1.855000
2.376000	-1.837070
2.377000	-1.837070
2.378000	-1.837070
2.379000	-1.819100
2.380000	-1.819100
2.381000	-1.819100
2.382000	-1.801180
2.383000	-1.801180
2.384000	-1.783250
2.385000	-1.801180
2.386000	-1.801180
2.387000	-1.801180
2.388000	-1.783250
2.389000	-1.801180
2.390000	-1.801180
2.391000	-1.801180
2.392000	-1.783250
2.393000	-1.783250
2.394000	-1.783250
2.395000	-1.765320
2.396000	-1.765320
2.397000	-1.765320
2.398000	-1.747360
2.399000	-1.765320
2.400000	-1.729430
2.401000	-1.747360
2.402000	-1.747360
2.403000	-1.729430
2.404000	-1.729430
2.405000	-1.747360
2.406000	-1.747360
2.407000	-1.747360
2.408000	-1.729430
2.409000	-1.729430
2.410000	-1.729430
2.411000	-1.711500
2.412000	-1.711500
2.413000	-1.711500
2.414000	-1.693530
2.415000	-1.693530
2.416000	-1.693530
2.417000	-1.675610
2.418000	-1.657680
2.419000	-1.657680
2.420000	-1.657680
2.421000	-1.657680
2.422000	-1.657680
2.423000	-1.657680
2.424000	-1.657680
2.425000	-1.657680
2.426000	-1.639750
2.427000	-1.639750
2.428000	-1.639750
2.429000	-1.621790
2.430000	-1.621790
2.431000	-1.603860
2.432000	-1.603860
2.433000	-1.603860
2.434000	-1.603860
2.435000	-1.585930
2.436000	-1.585930
2.437000	-1.567970
2.438000	-1.567970
2.439000	-1.550040
2.440000	-1.567970
2.441000	-1.550040
2.442000	-1.550040
2.443000	-1.550040
2.444000	-1.532110
2.445000	-1.532110
2.446000	-1.514180
2.447000	-1.514180
2.448000	-1.496220
2.449000	-1.496220
2.450000	-1.496220
2.451000	-1.478290
2.452000	-1.478290
2.453000	-1.478290
2.454000	-1.478290
2.455000	-1.460360
2.456000	-1.478290
2.457000	-1.460360
2.458000	-1.460360
2.459000	-1.460360
2.460000	-1.460360
2.461000	-1.478290
2.462000	-1.478290
2.463000	-1.460360
2.464000	-1.460360
2.465000	-1.442430
2.466000	-1.442430
2.467000	-1.424470
2.468000	-1.424470
2.469000	-1.424470
2.470000	-1.406540
2.471000	-1.406540
2.472000	-1.406540
2.473000	-1.406540
2.474000	-1.406540
2.475000	-1.424470
2.476000	-1.424470
2.477000	-1.424470
2.478000	-1.424470
2.479000	-1.406540
2.480000	-1.388610
2.481000	-1.388610
2.482000	-1.388610
2.483000	-1.370650
2.484000	-1.370650
2.485000	-1.352720
2.486000	-1.352720
2.487000	-1.334790
2.488000	-1.352720
2.489000	-1.370650
2.490000	-1.352720
2.491000	-1.352720
2.492000	-1.370650
2.493000	-1.370650
2.494000	-1.370650
2.495000	-1.370650
2.496000	-1.352720
2.497000	-1.352720
2.498000	-1.334790
2.499000	-1.334790
2.500000	-1.316860
2.501000	-1.316860
2.502000	-1.298900
2.503000	-1.298900
2.504000	-1.298900
2.505000	-1.298900
2.506000	-1.298900
2.507000	-1.298900
2.508000	-1.298900
2.509000	-1.298900
2.510000	-1.298900
2.511000	-1.298900
2.512000	-1.280970
2.513000	-1.280970
2.514000	-1.280970
2.515000	-1.263040
2.516000	-1.245080
2.517000	-1.227150
2.518000	-1.227150
2.519000	-1.227150
2.520000	-1.209220
2.521000	-1.209220
2.522000	-1.227150
2.523000	-1.209220
2.524000	-1.227150
2.525000	-1.209220
2.526000	-1.227150
2.527000	-1.227150
2.528000	-1.227150
2.529000	-1.227150
2.530000	-1.209220
2.531000	-1.209220
2.532000	-1.209220
2.533000	-1.209220
2.534000	-1.191290
2.535000	-1.191290
2.536000	-1.191290
2.537000	-1.191290
2.538000	-1.209220
2.539000	-1.173330
2.540000	-1.191290
2.541000	-1.191290
2.542000	-1.191290
2.543000	-1.191290
2.544000	-1.191290
2.545000	-1.191290
2.546000	-1.191290
2.547000	-1.191290
2.548000	-1.191290
2.549000	-1.191290
2.550000	-1.191290
2.551000	-1.191290
2.552000	-1.191290
2.553000	-1.209220
2.554000	-1.209220
2.555000	-1.191290
2.556000	-1.191290
2.557000	-1.191290
2.558000	-1.209220
2.559000	-1.209220
2.560000	-1.209220
2.561000	-1.227150
2.562000	-1.209220
2.563000	-1.227150
2.564000	-1.209220
2.565000	-1.227150
2.566000	-1.209220
2.567000	-1.209220
2.568000	-1.227150
2.569000	-1.209220
2.570000	-1.209220
2.571000	-1.191290
2.572000	-1.209220
2.573000	-1.209220
2.574000	-1.209220
2.575000	-1.209220
2.576000	-1.191290
2.577000	-1.191290
2.578000	-1.191290
2.579000	-1.191290
2.580000	-1.191290
2.581000	-1.191290
2.582000	-1.173330
2.583000	-1.173330
2.584000	-1.173330
2.585000	-1.191290
2.586000	-1.191290
2.587000	-1.191290
2.588000	-1.191290
2.589000	-1.191290
2.590000	-1.191290
2.591000	-1.191290
2.592000	-1.191290
2.593000	-1.191290
2.594000	-1.191290
2.595000	-1.191290
2.596000	-1.191290
2.597000	-1.173330
2.598000	-1.173330
2.599000	-1.191290
2.600000	-1.191290
2.601000	-1.191290
2.602000	-1.173330
2.603000	-1.191290
2.604000	-1.191290
2.605000	-1.191290
2.606000	-1.209220
2.607000	-1.191290
2.608000	-1.209220
2.609000	-1.209220
2.610000	-1.209220
2.611000	-1.191290
2.612000	-1.191290
2.613000	-1.191290
2.614000	-1.191290
2.615000	-1.209220
2.616000	-1.191290
2.617000	-1.191290
2.618000	-1.191290
2.619000	-1.209220
2.620000	-1.209220
2.621000	-1.209220
2.622000	-1.209220
2.623000	-1.209220
2.624000	-1.209220
2.625000	-1.227150
2.626000	-1.227150
2.627000	-1.227150
2.628000	-1.245080
2.629000	-1.227150
2.630000	-1.245080
2.631000	-1.245080
2.632000	-1.245080
2.633000	-1.245080
2.634000	-1.263040
2.635000	-1.263040
2.636000	-1.263040
2.637000	-1.245080
2.638000	-1.245080
2.639000	-1.263040
2.640000	-1.263040
2.641000	-1.245080
2.642000	-1.245080
2.643000	-1.263040
2.644000	-1.245080
2.645000	-1.245080
2.646000	-1.245080
2.647000	-1.245080
2.648000	-1.245080
2.649000	-1.245080
2.650000	-1.245080
2.651000	-1.227150
2.652000	-1.245080
2.653000	-1.227150
2.654000	-1.227150
2.655000	-1.227150
2.656000	-1.227150
2.657000	-1.245080
2.658000	-1.245080
2.659000	-1.245080
2.660000	-1.245080
2.661000	-1.227150
2.662000	-1.245080
2.663000	-1.245080
2.664000	-1.245080
2.665000	-1.245080
2.666000	-1.245080
2.667000	-1.245080
2.668000	-1.245080
2.669000	-1.227150
2.670000	-1.245080
2.671000	-1.227150
2.672000	-1.245080
2.673000	-1.245080
2.674000	-1.245080
2.675000	-1.245080
2.676000	-1.245080
2.677000	-1.245080
2.678000	-1.227150
2.679000	-1.245080
2.680000	-1.245080
2.681000	-1.245080
2.682000	-1.245080
2.683000	-1.227150
2.684000	-1.227150
2.685000	-1.245080
2.686000	-1.245080
2.687000	-1.245080
2.688000	-1.245080
2.689000	-1.245080
2.690000	-1.245080
2.691000	-1.263040
2.692000	-1.263040
2.693000	-1.263040
2.694000	-1.280970
2.695000	-1.263040
2.696000	-1.263040
2.697000	-1.263040
2.698000	-1.280970
2.699000	-1.280970
2.700000	-1.280970
2.701000	-1.280970
2.702000	-1.280970
2.703000	-1.280970
2.704000	-1.280970
2.705000	-1.298900
2.706000	-1.298900
2.707000	-1.280970
2.708000	-1.298900
2.709000	-1.298900
2.710000	-1.298900
2.711000	-1.298900
2.712000	-1.298900
2.713000	-1.280970
2.714000	-1.298900
2.715000	-1.280970
2.716000	-1.280970
2.717000	-1.280970
2.718000	-1.280970
2.719000	-1.298900
2.720000	-1.280970
2.721000	-1.280970
2.722000	-1.280970
2.723000	-1.298900
2.724000	-1.280970
2.725000	-1.280970
2.726000	-1.298900
2.727000	-1.280970
2.728000	-1.298900
2.729000	-1.280970
2.730000	-1.298900
2.731000	-1.280970
2.732000	-1.298900
2.733000	-1.280970
2.734000	-1.280970
2.735000	-1.298900
2.736000	-1.280970
2.737000	-1.280970
2.738000	-1.280970
2.739000	-1.280970
2.740000	-1.280970
2.741000	-1.280970
2.742000	-1.280970
2.743000	-1.280970
2.744000	-1.280970
2.745000	-1.280970
2.746000	-1.280970
2.747000	-1.280970
2.748000	-1.280970
2.749000	-1.280970
2.750000	-1.280970
2.751000	-1.298900
2.752000	-1.280970
2.753000	-1.298900
2.754000	-1.298900
2.755000	-1.298900
2.756000	-1.298900
2.757000	-1.298900
2.758000	-1.316860
2.759000	-1.316860
2.760000	-1.316860
2.761000	-1.334790
2.762000	-1.334790
2.763000	-1.334790
2.764000	-1.334790
2.765000	-1.352720
2.766000	-1.352720
2.767000	-1.352720
2.768000	-1.352720
2.769000	-1.352720
2.770000	-1.352720
2.771000	-1.352720
2.772000	-1.352720
2.773000	-1.370650
2.774000	-1.370650
2.775000	-1.352720
2.776000	-1.370650
2.777000	-1.370650
2.778000	-1.370650
2.779000	-1.370650
2.780000	-1.370650
2.781000	-1.370650
2.782000	-1.388610
2.783000	-1.388610
2.784000	-1.370650
2.785000	-1.388610
2.786000	-1.388610
2.787000	-1.406540
2.788000	-1.388610
2.789000	-1.406540
2.790000	-1.388610
2.791000	-1.406540
2.792000	-1.406540
2.793000	-1.406540
2.794000	-1.406540
2.795000	-1.406540
2.796000	-1.406540
2.797000	-1.424470
2.798000	-1.424470
2.799000	-1.424470
2.800000	-1.406540
2.801000	-1.406540
2.802000	-1.406540
2.803000	-1.406540
2.804000	-1.406540
2.805000	-1.406540
2.806000	-1.388610
2.807000	-1.406540
2.808000	-1.406540
2.809000	-1.406540
2.810000	-1.406540
2.811000	-1.406540
2.812000	-1.406540
2.813000	-1.406540
2.814000	-1.406540
2.815000	-1.406540
2.816000	-1.406540
2.817000	-1.406540
2.818000	-1.406540
2.819000	-1.406540
2.820000	-1.424470
2.821000	-1.406540
2.822000	-1.406540
2.823000	-1.406540
2.824000	-1.424470
2.825000	-1.424470
2.826000	-1.424470
2.827000	-1.442430
2.828000	-1.442430
2.829000	-1.442430
2.830000	-1.442430
2.831000	-1.442430
2.832000	-1.442430
2.833000	-1.442430
2.834000	-1.460360
2.835000	-1.442430
2.836000	-1.442430
2.837000	-1.442430
2.838000	-1.442430
2.839000	-1.442430
2.840000	-1.460360
2.841000	-1.460360
2.842000	-1.460360
2.843000	-1.478290
2.844000	-1.478290
2.845000	-1.478290
2.846000	-1.478290
2.847000	-1.478290
2.848000	-1.478290
2.849000	-1.478290
2.850000	-1.478290
2.851000	-1.478290
2.852000	-1.478290
2.853000	-1.496220
2.854000	-1.478290
2.855000	-1.496220
2.856000	-1.496220
2.857000	-1.496220
2.858000	-1.496220
2.859000	-1.496220
2.860000	-1.496220
2.861000	-1.496220
2.862000	-1.496220
2.863000	-1.514180
2.864000	-1.514180
2.865000	-1.496220
2.866000	-1.514180
2.867000	-1.496220
2.868000	-1.496220
2.869000	-1.496220
2.870000	-1.496220
2.871000	-1.496220
2.872000	-1.496220
2.873000	-1.514180
2.874000	-1.496220
2.875000	-1.496220
2.876000	-1.496220
2.877000	-1.496220
2.878000	-1.496220
2.879000	-1.496220
2.880000	-1.496220
2.881000	-1.478290
2.882000	-1.478290
2.883000	-1.478290
2.884000	-1.478290
2.885000	-1.478290
2.886000	-1.478290
2.887000	-1.478290
2.888000	-1.478290
2.889000	-1.478290
2.890000	-1.478290
2.891000	-1.496220
2.892000	-1.496220
2.893000	-1.496220
2.894000	-1.496220
2.895000	-1.496220
2.896000	-1.496220
2.897000	-1.478290
2.898000	-1.496220
2.899000	-1.496220
2.900000	-1.496220
2.901000	-1.496220
2.902000	-1.496220
2.903000	-1.496220
2.904000	-1.496220
2.905000	-1.496220
2.906000	-1.496220
2.907000	-1.514180
2.908000	-1.514180
2.909000	-1.496220
2.910000	-1.514180
2.911000	-1.514180
2.912000	-1.514180
2.913000	-1.514180
2.914000	-1.496220
2.915000	-1.496220
2.916000	-1.496220
2.917000	-1.514180
2.918000	-1.514180
2.919000	-1.496220
2.920000	-1.496220
2.921000	-1.496220
2.922000	-1.496220
2.923000	-1.496220
2.924000	-1.478290
2.925000	-1.496220
2.926000	-1.496220
2.927000	-1.496220
2.928000	-1.478290
2.929000	-1.496220
2.930000	-1.496220
2.931000	-1.496220
2.932000	-1.496220
2.933000	-1.496220
2.934000	-1.478290
2.935000	-1.496220
2.936000	-1.478290
2.937000	-1.478290
2.938000	-1.478290
2.939000	-1.478290
2.940000	-1.478290
2.941000	-1.478290
2.942000	-1.478290
2.943000	-1.478290
2.944000	-1.478290
2.945000	-1.478290
2.946000	-1.478290
2.947000	-1.478290
2.948000	-1.478290
2.949000	-1.478290
2.950000	-1.460360
2.951000	-1.478290
2.952000	-1.478290
2.953000	-1.478290
2.954000	-1.478290
2.955000	-1.478290
2.956000	-1.478290
2.957000	-1.478290
2.958000	-1.478290
2.959000	-1.478290
2.960000	-1.478290
2.961000	-1.478290
2.962000	-1.478290
2.963000	-1.478290
2.964000	-1.478290
2.965000	-1.478290
2.966000	-1.478290
2.967000	-1.478290
2.968000	-1.478290
2.969000	-1.478290
2.970000	-1.478290
2.971000	-1.478290
2.972000	-1.478290
2.973000	-1.478290
2.974000	-1.478290
2.975000	-1.478290
2.976000	-1.478290
2.977000	-1.478290
2.978000	-1.496220
2.979000	-1.478290
2.980000	-1.478290
2.981000	-1.478290
2.982000	-1.478290
2.983000	-1.496220
2.984000	-1.478290
2.985000	-1.478290
2.986000	-1.478290
2.987000	-1.478290
2.988000	-1.478290
2.989000	-1.478290
2.990000	-1.478290
2.991000	-1.478290
2.992000	-1.478290
2.993000	-1.496220
2.994000	-1.478290
2.995000	-1.496220
2.996000	-1.496220
2.997000	-1.496220
2.998000	-1.496220
2.999000	-1.496220
3.000000	-1.496220
3.001000	-1.496220
3.002000	-1.496220
3.003000	-1.496220
3.004000	-1.478290
3.005000	-1.478290
3.006000	-1.478290
3.007000	-1.478290
3.008000	-1.478290
3.009000	-1.478290
3.010000	-1.478290
3.011000	-1.478290
3.012000	-1.478290
3.013000	-1.460360
3.014000	-1.478290
3.015000	-1.478290
3.016000	-1.478290
3.017000	-1.478290
3.018000	-1.478290
3.019000	-1.478290
3.020000	-1.478290
3.021000	-1.478290
3.022000	-1.478290
3.023000	-1.478290
3.024000	-1.478290
3.025000	-1.478290
3.026000	-1.478290
3.027000	-1.478290
3.028000	-1.478290
3.029000	-1.496220
3.030000	-1.496220
3.031000	-1.496220
3.032000	-1.496220
3.033000	-1.496220
3.034000	-1.496220
3.035000	-1.496220
3.036000	-1.496220
3.037000	-1.514180
3.038000	-1.496220
3.039000	-1.514180
3.040000	-1.514180
3.041000	-1.514180
3.042000	-1.514180
3.043000	-1.496220
3.044000	-1.496220
3.045000	-1.496220
3.046000	-1.514180
3.047000	-1.514180
3.048000	-1.496220
3.049000	-1.496220
3.050000	-1.496220
3.051000	-1.496220
3.052000	-1.514180
3.053000	-1.496220
3.054000	-1.496220
3.055000	-1.496220
3.056000	-1.496220
3.057000	-1.496220
3.058000	-1.496220
3.059000	-1.496220
3.060000	-1.496220
3.061000	-1.496220
3.062000	-1.496220
3.063000	-1.496220
3.064000	-1.496220
3.065000	-1.496220
3.066000	-1.496220
3.067000	-1.496220
3.068000	-1.478290
3.069000	-1.514180
3.070000	-1.496220
3.071000	-1.496220
3.072000	-1.496220
3.073000	-1.496220
3.074000	-1.478290
3.075000	-1.478290
3.076000	-1.478290
3.077000	-1.478290
3.078000	-1.478290
3.079000	-1.478290
3.080000	-1.478290
3.081000	-1.478290
3.082000	-1.478290
3.083000	-1.478290
3.084000	-1.478290
3.085000	-1.478290
3.086000	-1.478290
3.087000	-1.478290
3.088000	-1.478290
3.089000	-1.478290
3.090000	-1.478290
3.091000	-1.478290
3.092000	-1.478290
3.093000	-1.478290
3.094000	-1.478290
3.095000	-1.478290
3.096000	-1.496220
3.097000	-1.496220
3.098000	-1.496220
3.099000	-1.496220
3.100000	-1.496220
3.101000	-1.496220
3.102000	-1.496220
3.103000	-1.496220
3.104000	-1.496220
3.105000	-1.478290
3.106000	-1.496220
3.107000	-1.496220
3.108000	-1.496220
3.109000	-1.496220
3.110000	-1.496220
3.111000	-1.478290
3.112000	-1.496220
3.113000	-1.496220
3.114000	-1.496220
3.115000	-1.496220
3.116000	-1.496220
3.117000	-1.496220
3.118000	-1.496220
3.119000	-1.496220
3.120000	-1.496220
3.121000	-1.496220
3.122000	-1.496220
3.123000	-1.496220
3.124000	-1.496220
3.125000	-1.496220
3.126000	-1.496220
3.127000	-1.496220
3.128000	-1.496220
3.129000	-1.496220
3.130000	-1.496220
3.131000	-1.496220
3.132000	-1.496220
3.133000	-1.496220
3.134000	-1.478290
3.135000	-1.496220
3.136000	-1.478290
3.137000	-1.478290
3.138000	-1.496220
3.139000	-1.478290
3.140000	-1.478290
3.141000	-1.460360
3.142000	-1.478290
3.143000	-1.460360
3.144000	-1.478290
3.145000	-1.478290
3.146000	-1.478290
3.147000	-1.478290
3.148000	-1.460360
3.149000	-1.478290
3.150000	-1.478290
3.151000	-1.460360
3.152000	-1.478290
3.153000	-1.478290
3.154000	-1.460360
3.155000	-1.478290
3.156000	-1.478290
3.157000	-1.478290
3.158000	-1.478290
3.159000	-1.460360
3.160000	-1.478290
3.161000	-1.478290
3.162000	-1.478290
3.163000	-1.478290
3.164000	-1.478290
3.165000	-1.478290
3.166000	-1.496220
3.167000	-1.478290
3.168000	-1.478290
3.169000	-1.496220
3.170000	-1.478290
3.171000	-1.478290
3.172000	-1.478290
3.173000	-1.478290
3.174000	-1.478290
3.175000	-1.478290
3.176000	-1.496220
3.177000	-1.478290
3.178000	-1.478290
3.179000	-1.478290
3.180000	-1.478290
3.181000	-1.496220
3.182000	-1.496220
3.183000	-1.496220
3.184000	-1.478290
3.185000	-1.496220
3.186000	-1.478290
3.187000	-1.478290
3.188000	-1.496220
3.189000	-1.496220
3.190000	-1.496220
3.191000	-1.478290
3.192000	-1.478290
3.193000	-1.496220
3.194000	-1.496220
3.195000	-1.496220
3.196000	-1.478290
3.197000	-1.478290
3.198000	-1.496220
3.199000	-1.496220
3.200000	-1.496220
3.201000	-1.496220
3.202000	-1.478290
3.203000	-1.496220
3.204000	-1.496220
3.205000	-1.496220
3.206000	-1.496220
3.207000	-1.496220
3.208000	-1.496220
3.209000	-1.496220
3.210000	-1.478290
3.211000	-1.496220
3.212000	-1.478290
3.213000	-1.496220
3.214000	-1.478290
3.215000	-1.478290
3.216000	-1.478290
3.217000	-1.496220
3.218000	-1.478290
3.219000	-1.478290
3.220000	-1.478290
3.221000	-1.478290
3.222000	-1.478290
3.223000	-1.496220
3.224000	-1.496220
3.225000	-1.496220
3.226000	-1.496220
3.227000	-1.478290
3.228000	-1.496220
3.229000	-1.496220
3.230000	-1.496220
3.231000	-1.496220
3.232000	-1.496220
3.233000	-1.496220
3.234000	-1.496220
3.235000	-1.496220
3.236000	-1.496220
3.237000	-1.496220
3.238000	-1.496220
3.239000	-1.496220
3.240000	-1.496220
3.241000	-1.496220
3.242000	-1.496220
3.243000	-1.514180
3.244000	-1.496220
3.245000	-1.496220
3.246000	-1.496220
3.247000	-1.496220
3.248000	-1.496220
3.249000	-1.496220
3.250000	-1.496220
3.251000	-1.496220
3.252000	-1.496220
3.253000	-1.496220
3.254000	-1.496220
3.255000	-1.496220
3.256000	-1.496220
3.257000	-1.496220
3.258000	-1.496220
3.259000	-1.496220
3.260000	-1.496220
3.261000	-1.496220
3.262000	-1.496220
3.263000	-1.496220
3.264000	-1.496220
3.265000	-1.496220
3.266000	-1.496220
3.267000	-1.496220
3.268000	-1.496220
3.269000	-1.496220
3.270000	-1.496220
3.271000	-1.478290
3.272000	-1.478290
3.273000	-1.496220
3.274000	-1.478290
3.275000	-1.496220
3.276000	-1.478290
3.277000	-1.478290
3.278000	-1.496220
3.279000	-1.478290
3.280000	-1.478290
3.281000	-1.496220
3.282000	-1.478290
3.283000	-1.460360
3.284000	-1.478290
3.285000	-1.478290
3.286000	-1.478290
3.287000	-1.478290
3.288000	-1.478290
3.289000	-1.478290
3.290000	-1.478290
3.291000	-1.478290
3.292000	-1.478290
3.293000	-1.478290
3.294000	-1.478290
3.295000	-1.478290
3.296000	-1.478290
3.297000	-1.478290
3.298000	-1.496220
3.299000	-1.478290
3.300000	-1.478290
3.301000	-1.478290
3.302000	-1.478290
3.303000	-1.496220
3.304000	-1.478290
3.305000	-1.478290
3.306000	-1.478290
3.307000	-1.496220
3.308000	-1.478290
3.309000	-1.496220
3.310000	-1.496220
3.311000	-1.496220
3.312000	-1.496220
3.313000	-1.496220
3.314000	-1.478290
3.315000	-1.496220
3.316000	-1.496220
3.317000	-1.496220
3.318000	-1.496220
3.319000	-1.478290
3.320000	-1.496220
3.321000	-1.496220
3.322000	-1.496220
3.323000	-1.496220
3.324000	-1.496220
3.325000	-1.478290
3.326000	-1.478290
3.327000	-1.478290
3.328000	-1.496220
3.329000	-1.478290
3.330000	-1.478290
3.331000	-1.478290
3.332000	-1.496220
3.333000	-1.478290
3.334000	-1.478290
3.335000	-1.478290
3.336000	-1.478290
3.337000	-1.478290
3.338000	-1.478290
3.339000	-1.478290
3.340000	-1.478290
3.341000	-1.478290
3.342000	-1.478290
3.343000	-1.478290
3.344000	-1.496220
3.345000	-1.478290
3.346000	-1.478290
3.347000	-1.478290
3.348000	-1.478290
3.349000	-1.478290
3.350000	-1.478290
3.351000	-1.460360
3.352000	-1.478290
3.353000	-1.478290
3.354000	-1.478290
3.355000	-1.478290
3.356000	-1.478290
3.357000	-1.478290
3.358000	-1.478290
3.359000	-1.478290
3.360000	-1.478290
3.361000	-1.478290
3.362000	-1.478290
3.363000	-1.478290
3.364000	-1.478290
3.365000	-1.478290
3.366000	-1.478290
3.367000	-1.478290
3.368000	-1.478290
3.369000	-1.478290
3.370000	-1.478290
3.371000	-1.478290
3.372000	-1.478290
3.373000	-1.478290
3.374000	-1.478290
3.375000	-1.496220
3.376000	-1.496220
3.377000	-1.496220
3.378000	-1.496220
3.379000	-1.496220
3.380000	-1.496220
3.381000	-1.514180
3.382000	-1.496220
3.383000	-1.496220
3.384000	-1.496220
3.385000	-1.496220
3.386000	-1.496220
3.387000	-1.496220
3.388000	-1.496220
3.389000	-1.496220
3.390000	-1.496220
3.391000	-1.496220
3.392000	-1.496220
3.393000	-1.496220
3.394000	-1.514180
3.395000	-1.514180
3.396000	-1.514180
3.397000	-1.496220
3.398000	-1.496220
3.399000	-1.514180
3.400000	-1.496220
3.401000	-1.496220
3.402000	-1.496220
3.403000	-1.514180
3.404000	-1.496220
3.405000	-1.514180
3.406000	-1.496220
3.407000	-1.496220
3.408000	-1.496220
3.409000	-1.496220
3.410000	-1.496220
3.411000	-1.496220
3.412000	-1.496220
3.413000	-1.496220
3.414000	-1.496220
3.415000	-1.514180
3.416000	-1.496220
3.417000	-1.496220
3.418000	-1.478290
3.419000	-1.478290
3.420000	-1.478290
3.421000	-1.478290
3.422000	-1.496220
3.423000	-1.478290
3.424000	-1.478290
3.425000	-1.478290
3.426000	-1.478290
3.427000	-1.478290
3.428000	-1.496220
3.429000	-1.496220
3.430000	-1.478290
3.431000	-1.478290
3.432000	-1.496220
3.433000	-1.478290
3.434000	-1.496220
3.435000	-1.478290
3.436000	-1.496220
3.437000	-1.496220
3.438000	-1.478290
3.439000	-1.478290
3.440000	-1.478290
3.441000	-1.478290
3.442000	-1.478290
3.443000	-1.478290
3.444000	-1.496220
3.445000	-1.478290
3.446000	-1.478290
3.447000	-1.496220
3.448000	-1.496220
3.449000	-1.496220
3.450000	-1.478290
3.451000	-1.496220
3.452000	-1.496220
3.453000	-1.496220
3.454000	-1.478290
3.455000	-1.496220
3.456000	-1.496220
3.457000	-1.496220
3.458000	-1.478290
3.459000	-1.496220
3.460000	-1.496220
3.461000	-1.496220
3.462000	-1.496220
3.463000	-1.496220
3.464000	-1.496220
3.465000	-1.496220
3.466000	-1.496220
3.467000	-1.496220
3.468000	-1.496220
3.469000	-1.496220
3.470000	-1.496220
3.471000	-1.496220
3.472000	-1.496220
3.473000	-1.496220
3.474000	-1.478290
3.475000	-1.496220
3.476000	-1.496220
3.477000	-1.496220
3.478000	-1.496220
3.479000	-1.478290
3.480000	-1.496220
3.481000	-1.496220
3.482000	-1.496220
3.483000	-1.478290
3.484000	-1.496220
3.485000	-1.496220
3.486000	-1.478290
3.487000	-1.478290
3.488000	-1.478290
3.489000	-1.478290
3.490000	-1.478290
3.491000	-1.478290
3.492000	-1.478290
3.493000	-1.478290
3.494000	-1.478290
3.495000	-1.478290
3.496000	-1.478290
3.497000	-1.478290
3.498000	-1.478290
3.499000	-1.478290
3.500000	-1.478290
3.501000	-1.478290
3.502000	-1.496220
3.503000	-1.478290
3.504000	-1.478290
3.505000	-1.478290
3.506000	-1.478290
3.507000	-1.478290
3.508000	-1.478290
3.509000	-1.478290
3.510000	-1.478290
3.511000	-1.478290
3.512000	-1.478290
3.513000	-1.496220
3.514000	-1.478290
3.515000	-1.496220
3.516000	-1.496220
3.517000	-1.496220
3.518000	-1.478290
3.519000	-1.496220
3.520000	-1.496220
3.521000	-1.478290
3.522000	-1.496220
3.523000	-1.496220
3.524000	-1.496220
3.525000	-1.496220
3.526000	-1.496220
3.527000	-1.496220
3.528000	-1.496220
3.529000	-1.496220
3.530000	-1.496220
3.531000	-1.496220
3.532000	-1.496220
3.533000	-1.478290
3.534000	-1.496220
3.535000	-1.496220
3.536000	-1.496220
3.537000	-1.496220
3.538000	-1.496220
3.539000	-1.496220
3.540000	-1.496220
3.541000	-1.496220
3.542000	-1.496220
3.543000	-1.496220
3.544000	-1.496220
3.545000	-1.496220
3.546000	-1.496220
3.547000	-1.496220
3.548000	-1.496220
3.549000	-1.478290
3.550000	-1.496220
3.551000	-1.496220
3.552000	-1.496220
3.553000	-1.496220
3.554000	-1.496220
3.555000	-1.496220
3.556000	-1.496220
3.557000	-1.496220
3.558000	-1.478290
3.559000	-1.496220
3.560000	-1.496220
3.561000	-1.496220
3.562000	-1.496220
3.563000	-1.496220
3.564000	-1.496220
3.565000	-1.496220
3.566000	-1.496220
3.567000	-1.496220
3.568000	-1.496220
3.569000	-1.496220
3.570000	-1.496220
3.571000	-1.496220
3.572000	-1.496220
3.573000	-1.496220
3.574000	-1.478290
3.575000	-1.496220
3.576000	-1.496220
3.577000	-1.478290
3.578000	-1.478290
3.579000	-1.496220
3.580000	-1.496220
3.581000	-1.496220
3.582000	-1.496220
3.583000	-1.496220
3.584000	-1.496220
3.585000	-1.496220
3.586000	-1.496220
3.587000	-1.496220
3.588000	-1.496220
3.589000	-1.496220
3.590000	-1.496220
3.591000	-1.496220
3.592000	-1.496220
3.593000	-1.496220
3.594000	-1.496220
3.595000	-1.496220
3.596000	-1.496220
3.597000	-1.496220
3.598000	-1.496220
3.599000	-1.496220
3.600000	-1.496220
3.601000	-1.496220
3.602000	-1.496220
3.603000	-1.496220
3.604000	-1.478290
3.605000	-1.496220
3.606000	-1.496220
3.607000	-1.496220
3.608000	-1.496220
3.609000	-1.496220
3.610000	-1.496220
3.611000	-1.478290
3.612000	-1.496220
3.613000	-1.496220
3.614000	-1.496220
3.615000	-1.496220
3.616000	-1.496220
3.617000	-1.496220
3.618000	-1.496220
3.619000	-1.496220
3.620000	-1.496220
3.621000	-1.478290
3.622000	-1.478290
3.623000	-1.496220
3.624000	-1.478290
3.625000	-1.478290
3.626000	-1.478290
3.627000	-1.478290
3.628000	-1.496220
3.629000	-1.478290
3.630000	-1.496220
3.631000	-1.478290
3.632000	-1.496220
3.633000	-1.496220
3.634000	-1.478290
3.635000	-1.478290
3.636000	-1.478290
3.637000	-1.478290
3.638000	-1.478290
3.639000	-1.478290
3.640000	-1.496220
3.641000	-1.478290
3.642000	-1.478290
3.643000	-1.496220
3.644000	-1.478290
3.645000	-1.478290
3.646000	-1.496220
3.647000	-1.478290
3.648000	-1.496220
3.649000	-1.496220
3.650000	-1.478290
3.651000	-1.478290
3.652000	-1.496220
3.653000	-1.496220
3.654000	-1.478290
3.655000	-1.478290
3.656000	-1.496220
3.657000	-1.496220
3.658000	-1.496220
3.659000	-1.496220
3.660000	-1.478290
3.661000	-1.496220
3.662000	-1.478290
3.663000	-1.478290
3.664000	-1.478290
3.665000	-1.478290
3.666000	-1.496220
3.667000	-1.496220
3.668000	-1.478290
3.669000	-1.496220
3.670000	-1.496220
3.671000	-1.496220
3.672000	-1.496220
3.673000	-1.496220
3.674000	-1.478290
3.675000	-1.496220
3.676000	-1.496220
3.677000	-1.496220
3.678000	-1.496220
3.679000	-1.478290
3.680000	-1.478290
3.681000	-1.496220
3.682000	-1.478290
3.683000	-1.478290
3.684000	-1.478290
3.685000	-1.478290
3.686000	-1.496220
3.687000	-1.478290
3.688000	-1.496220
3.689000	-1.478290
3.690000	-1.478290
3.691000	-1.478290
3.692000	-1.478290
3.693000	-1.478290
3.694000	-1.478290
3.695000	-1.478290
3.696000	-1.478290
3.697000	-1.478290
3.698000	-1.478290
3.699000	-1.478290
3.700000	-1.478290
3.701000	-1.478290
3.702000	-1.478290
3.703000	-1.496220
3.704000	-1.496220
3.705000	-1.496220
3.706000	-1.478290
3.707000	-1.478290
3.708000	-1.496220
3.709000	-1.496220
3.710000	-1.496220
3.711000	-1.478290
3.712000	-1.496220
3.713000	-1.496220
3.714000	-1.496220
3.715000	-1.496220
3.716000	-1.496220
3.717000	-1.478290
3.718000	-1.496220
3.719000	-1.496220
3.720000	-1.496220
3.721000	-1.496220
3.722000	-1.514180
3.723000	-1.496220
3.724000	-1.514180
3.725000	-1.496220
3.726000	-1.514180
3.727000	-1.496220
3.728000	-1.496220
3.729000	-1.496220
3.730000	-1.478290
3.731000	-1.496220
3.732000	-1.496220
3.733000	-1.496220
3.734000	-1.496220
3.735000	-1.496220
3.736000	-1.496220
3.737000	-1.496220
3.738000	-1.496220
3.739000	-1.496220
3.740000	-1.496220
3.741000	-1.496220
3.742000	-1.496220
3.743000	-1.496220
3.744000	-1.496220
3.745000	-1.514180
3.746000	-1.478290
3.747000	-1.496220
3.748000	-1.496220
3.749000	-1.478290
3.750000	-1.478290
3.751000	-1.478290
3.752000	-1.496220
3.753000	-1.496220
3.754000	-1.478290
3.755000	-1.496220
3.756000	-1.496220
3.757000	-1.478290
3.758000	-1.478290
3.759000	-1.496220
3.760000	-1.478290
3.761000	-1.496220
3.762000	-1.496220
3.763000	-1.496220
3.764000	-1.496220
3.765000	-1.496220
3.766000	-1.478290
3.767000	-1.496220
3.768000	-1.478290
3.769000	-1.496220
3.770000	-1.496220
3.771000	-1.496220
3.772000	-1.478290
3.773000	-1.496220
3.774000	-1.496220
3.775000	-1.496220
3.776000	-1.496220
3.777000	-1.478290
3.778000	-1.496220
3.779000	-1.478290
3.780000	-1.496220
3.781000	-1.478290
3.782000	-1.478290
3.783000	-1.478290
3.784000	-1.496220
3.785000	-1.496220
3.786000	-1.496220
3.787000	-1.496220
3.788000	-1.496220
3.789000	-1.478290
3.790000	-1.478290
3.791000	-1.496220
3.792000	-1.496220
3.793000	-1.478290
3.794000	-1.478290
3.795000	-1.496220
3.796000	-1.496220
3.797000	-1.496220
3.798000	-1.496220
3.799000	-1.496220
3.800000	-1.496220
3.801000	-1.496220
3.802000	-1.496220
3.803000	-1.496220
3.804000	-1.496220
3.805000	-1.496220
3.806000	-1.496220
3.807000	-1.496220
3.808000	-1.478290
3.809000	-1.496220
3.810000	-1.496220
3.811000	-1.496220
3.812000	-1.496220
3.813000	-1.478290
3.814000	-1.496220
3.815000	-1.478290
3.816000	-1.496220
3.817000	-1.496220
3.818000	-1.478290
3.819000	-1.496220
3.820000	-1.478290
3.821000	-1.478290
3.822000	-1.478290
3.823000	-1.478290
3.824000	-1.478290
3.825000	-1.496220
3.826000	-1.478290
3.827000	-1.478290
3.828000	-1.496220
3.829000	-1.496220
3.830000	-1.478290
3.831000	-1.496220
3.832000	-1.478290
3.833000	-1.478290
3.834000	-1.496220
3.835000	-1.478290
3.836000	-1.496220
3.837000	-1.478290
3.838000	-1.478290
3.839000	-1.496220
3.840000	-1.478290
3.841000	-1.478290
3.842000	-1.478290
3.843000	-1.496220
3.844000	-1.496220
3.845000	-1.478290
3.846000	-1.478290
3.847000	-1.478290
3.848000	-1.478290
3.849000	-1.478290
3.850000	-1.496220
3.851000	-1.496220
3.852000	-1.478290
3.853000	-1.496220
3.854000	-1.478290
3.855000	-1.496220
3.856000	-1.478290
3.857000	-1.496220
3.858000	-1.496220
3.859000	-1.496220
3.860000	-1.496220
3.861000	-1.496220
3.862000	-1.496220
3.863000	-1.496220
3.864000	-1.496220
3.865000	-1.496220
3.866000	-1.496220
3.867000	-1.496220
3.868000	-1.496220
3.869000	-1.496220
3.870000	-1.496220
3.871000	-1.496220
3.872000	-1.496220
3.873000	-1.496220
3.874000	-1.496220
3.875000	-1.496220
3.876000	-1.496220
3.877000	-1.496220
3.878000	-1.496220
3.879000	-1.496220
3.880000	-1.496220
3.881000	-1.496220
3.882000	-1.496220
3.883000	-1.496220
3.884000	-1.496220
3.885000	-1.478290
3.886000	-1.496220
3.887000	-1.496220
3.888000	-1.496220
3.889000	-1.478290
3.890000	-1.496220
3.891000	-1.496220
3.892000	-1.496220
3.893000	-1.496220
3.894000	-1.496220
3.895000	-1.496220
3.896000	-1.496220
3.897000	-1.496220
3.898000	-1.496220
3.899000	-1.496220
3.900000	-1.496220
3.901000	-1.496220
3.902000	-1.496220
3.903000	-1.496220
3.904000	-1.496220
3.905000	-1.496220
3.906000	-1.496220
3.907000	-1.496220
3.908000	-1.496220
3.909000	-1.496220
3.910000	-1.496220
3.911000	-1.496220
3.912000	-1.496220
3.913000	-1.496220
3.914000	-1.496220
3.915000	-1.496220
3.916000	-1.496220
3.917000	-1.496220
3.918000	-1.496220
3.919000	-1.496220
3.920000	-1.496220
3.921000	-1.496220
3.922000	-1.496220
3.923000	-1.496220
3.924000	-1.478290
3.925000	-1.496220
3.926000	-1.496220
3.927000	-1.496220
3.928000	-1.496220
3.929000	-1.496220
3.930000	-1.496220
3.931000	-1.496220
3.932000	-1.496220
3.933000	-1.496220
3.934000	-1.496220
3.935000	-1.496220
3.936000	-1.496220
3.937000	-1.496220
3.938000	-1.496220
3.939000	-1.496220
3.940000	-1.496220
3.941000	-1.496220
3.942000	-1.496220
3.943000	-1.496220
3.944000	-1.496220
3.945000	-1.496220
3.946000	-1.496220
3.947000	-1.496220
3.948000	-1.496220
3.949000	-1.496220
3.950000	-1.496220
3.951000	-1.478290
3.952000	-1.496220
3.953000	-1.496220
3.954000	-1.496220
3.955000	-1.496220
3.956000	-1.478290
3.957000	-1.478290
3.958000	-1.496220
3.959000	-1.496220
3.960000	-1.496220
3.961000	-1.496220
3.962000	-1.496220
3.963000	-1.496220
3.964000	-1.496220
3.965000	-1.496220
3.966000	-1.496220
3.967000	-1.478290
3.968000	-1.478290
3.969000	-1.496220
3.970000	-1.496220
3.971000	-1.496220
3.972000	-1.478290
3.973000	-1.496220
3.974000	-1.478290
3.975000	-1.478290
3.976000	-1.496220
3.977000	-1.496220
3.978000	-1.496220
3.979000	-1.496220
3.980000	-1.496220
3.981000	-1.496220
3.982000	-1.496220
3.983000	-1.496220
3.984000	-1.496220
3.985000	-1.496220
3.986000	-1.496220
3.987000	-1.496220
3.988000	-1.496220
3.989000	-1.496220
3.990000	-1.496220
3.991000	-1.496220
3.992000	-1.496220
3.993000	-1.496220
3.994000	-1.496220
3.995000	-1.496220
3.996000	-1.496220
3.997000	-1.496220
3.998000	-1.496220
3.999000	-1.496220
4.000000	-1.496220
4.001000	-1.496220
4.002000	-1.496220
4.003000	-1.496220
4.004000	-1.478290
4.005000	-1.496220
4.006000	-1.496220
4.007000	-1.496220
4.008000	-1.496220
4.009000	-1.496220
4.010000	-1.496220
4.011000	-1.496220
4.012000	-1.496220
4.013000	-1.496220
4.014000	-1.496220
4.015000	-1.496220
4.016000	-1.496220
4.017000	-1.496220
4.018000	-1.496220
4.019000	-1.478290
4.020000	-1.478290
4.021000	-1.496220
4.022000	-1.496220
4.023000	-1.496220
4.024000	-1.496220
4.025000	-1.496220
4.026000	-1.496220
4.027000	-1.478290
4.028000	-1.496220
4.029000	-1.496220
4.030000	-1.478290
4.031000	-1.478290
4.032000	-1.496220
4.033000	-1.496220
4.034000	-1.496220
4.035000	-1.478290
4.036000	-1.496220
4.037000	-1.496220
4.038000	-1.496220
4.039000	-1.496220
4.040000	-1.496220
4.041000	-1.496220
4.042000	-1.496220
4.043000	-1.496220
4.044000	-1.496220
4.045000	-1.496220
4.046000	-1.496220
4.047000	-1.496220
4.048000	-1.496220
4.049000	-1.496220
4.050000	-1.496220
4.051000	-1.496220
4.052000	-1.496220
4.053000	-1.496220
4.054000	-1.478290
4.055000	-1.496220
4.056000	-1.496220
4.057000	-1.496220
4.058000	-1.496220
4.059000	-1.496220
4.060000	-1.496220
4.061000	-1.496220
4.062000	-1.496220
4.063000	-1.496220
4.064000	-1.496220
4.065000	-1.496220
4.066000	-1.496220
4.067000	-1.496220
4.068000	-1.496220
4.069000	-1.496220
4.070000	-1.514180
4.071000	-1.496220
4.072000	-1.496220
4.073000	-1.496220
4.074000	-1.496220
4.075000	-1.496220
4.076000	-1.496220
4.077000	-1.496220
4.078000	-1.496220
4.079000	-1.496220
4.080000	-1.496220
4.081000	-1.496220
4.082000	-1.496220
4.083000	-1.496220
4.084000	-1.496220
4.085000	-1.496220
4.086000	-1.496220
4.087000	-1.496220
4.088000	-1.496220
4.089000	-1.496220
4.090000	-1.496220
4.091000	-1.496220
4.092000	-1.496220
4.093000	-1.496220
4.094000	-1.496220
4.095000	-1.496220
4.096000	-1.496220
4.097000	-1.478290
4.098000	-1.496220
4.099000	-1.496220
4.100000	-1.478290
4.101000	-1.496220
4.102000	-1.496220
4.103000	-1.496220
4.104000	-1.496220
4.105000	-1.496220
4.106000	-1.496220
4.107000	-1.496220
4.108000	-1.496220
4.109000	-1.478290
4.110000	-1.496220
4.111000	-1.496220
4.112000	-1.496220
4.113000	-1.478290
4.114000	-1.496220
4.115000	-1.496220
4.116000	-1.496220
4.117000	-1.496220
4.118000	-1.496220
4.119000	-1.496220
4.120000	-1.496220
4.121000	-1.496220
4.122000	-1.496220
4.123000	-1.478290
4.124000	-1.496220
4.125000	-1.496220
4.126000	-1.478290
4.127000	-1.496220
4.128000	-1.496220
4.129000	-1.496220
4.130000	-1.496220
4.131000	-1.496220
4.132000	-1.496220
4.133000	-1.496220
4.134000	-1.496220
4.135000	-1.496220
4.136000	-1.478290
4.137000	-1.496220
4.138000	-1.496220
4.139000	-1.496220
4.140000	-1.478290
4.141000	-1.496220
4.142000	-1.496220
4.143000	-1.496220
4.144000	-1.496220
4.145000	-1.496220
4.146000	-1.496220
4.147000	-1.496220
4.148000	-1.496220
4.149000	-1.478290
4.150000	-1.496220
4.151000	-1.496220
4.152000	-1.478290
4.153000	-1.496220
4.154000	-1.496220
4.155000	-1.478290
4.156000	-1.496220
4.157000	-1.496220
4.158000	-1.496220
4.159000	-1.496220
4.160000	-1.478290
4.161000	-1.496220
4.162000	-1.478290
4.163000	-1.496220
4.164000	-1.496220
4.165000	-1.478290
4.166000	-1.496220
4.167000	-1.478290
4.168000	-1.478290
4.169000	-1.496220
4.170000	-1.496220
4.171000	-1.478290
4.172000	-1.496220
4.173000	-1.478290
4.174000	-1.496220
4.175000	-1.496220
4.176000	-1.496220
4.177000	-1.478290
4.178000	-1.496220
4.179000	-1.496220
4.180000	-1.496220
4.181000	-1.478290
4.182000	-1.478290
4.183000	-1.478290
4.184000	-1.478290
4.185000	-1.496220
4.186000	-1.478290
4.187000	-1.496220
4.188000	-1.496220
4.189000	-1.496220
4.190000	-1.496220
4.191000	-1.496220
4.192000	-1.496220
4.193000	-1.496220
4.194000	-1.478290
4.195000	-1.496220
4.196000	-1.496220
4.197000	-1.496220
4.198000	-1.496220
4.199000	-1.496220
4.200000	-1.496220
4.201000	-1.496220
4.202000	-1.496220
4.203000	-1.496220
4.204000	-1.496220
4.205000	-1.496220
4.206000	-1.496220
4.207000	-1.496220
4.208000	-1.496220
4.209000	-1.496220
4.210000	-1.496220
4.211000	-1.496220
4.212000	-1.496220
4.213000	-1.496220
4.214000	-1.496220
4.215000	-1.496220
4.216000	-1.496220
4.217000	-1.496220
4.218000	-1.496220
4.219000	-1.496220
4.220000	-1.496220
4.221000	-1.496220
4.222000	-1.496220
4.223000	-1.496220
4.224000	-1.496220
4.225000	-1.496220
4.226000	-1.496220
4.227000	-1.496220
4.228000	-1.496220
4.229000	-1.496220
4.230000	-1.496220
4.231000	-1.496220
4.232000	-1.496220
4.233000	-1.496220
4.234000	-1.496220
4.235000	-1.496220
4.236000	-1.496220
4.237000	-1.496220
4.238000	-1.496220
4.239000	-1.496220
4.240000	-1.496220
4.241000	-1.496220
4.242000	-1.496220
4.243000	-1.496220
4.244000	-1.496220
4.245000	-1.496220
4.246000	-1.496220
4.247000	-1.496220
4.248000	-1.496220
4.249000	-1.496220
4.250000	-1.496220
4.251000	-1.496220
4.252000	-1.496220
4.253000	-1.496220
4.254000	-1.496220
4.255000	-1.496220
4.256000	-1.496220
4.257000	-1.496220
4.258000	-1.496220
4.259000	-1.496220
4.260000	-1.496220
4.261000	-1.496220
4.262000	-1.496220
4.263000	-1.496220
4.264000	-1.496220
4.265000	-1.496220
4.266000	-1.496220
4.267000	-1.496220
4.268000	-1.514180
4.269000	-1.496220
4.270000	-1.496220
4.271000	-1.496220
4.272000	-1.496220
4.273000	-1.496220
4.274000	-1.514180
4.275000	-1.478290
4.276000	-1.496220
4.277000	-1.496220
4.278000	-1.496220
4.279000	-1.496220
4.280000	-1.496220
4.281000	-1.496220
4.282000	-1.496220
4.283000	-1.496220
4.284000	-1.496220
4.285000	-1.496220
4.286000	-1.496220
4.287000	-1.496220
4.288000	-1.496220
4.289000	-1.496220
4.290000	-1.496220
4.291000	-1.478290
4.292000	-1.496220
4.293000	-1.496220
4.294000	-1.496220
4.295000	-1.496220
4.296000	-1.496220
4.297000	-1.496220
4.298000	-1.496220
4.299000	-1.496220
4.300000	-1.478290
4.301000	-1.496220
4.302000	-1.496220
4.303000	-1.496220
4.304000	-1.478290
4.305000	-1.496220
4.306000	-1.478290
4.307000	-1.496220
4.308000	-1.496220
4.309000	-1.496220
4.310000	-1.496220
4.311000	-1.496220
4.312000	-1.496220
4.313000	-1.496220
4.314000	-1.496220
4.315000	-1.496220
4.316000	-1.496220
4.317000	-1.478290
4.318000	-1.496220
4.319000	-1.496220
4.320000	-1.496220
4.321000	-1.496220
4.322000	-1.496220
4.323000	-1.496220
4.324000	-1.478290
4.325000	-1.496220
4.326000	-1.496220
4.327000	-1.496220
4.328000	-1.478290
4.329000	-1.496220
4.330000	-1.496220
4.331000	-1.496220
4.332000	-1.496220
4.333000	-1.496220
4.334000	-1.496220
4.335000	-1.496220
4.336000	-1.496220
4.337000	-1.496220
4.338000	-1.496220
4.339000	-1.496220
4.340000	-1.496220
4.341000	-1.496220
4.342000	-1.496220
4.343000	-1.496220
4.344000	-1.496220
4.345000	-1.496220
4.346000	-1.496220
4.347000	-1.496220
4.348000	-1.496220
4.349000	-1.496220
4.350000	-1.496220
4.351000	-1.496220
4.352000	-1.496220
4.353000	-1.496220
4.354000	-1.496220
4.355000	-1.496220
4.356000	-1.478290
4.357000	-1.496220
4.358000	-1.496220
4.359000	-1.496220
4.360000	-1.496220
4.361000	-1.496220
4.362000	-1.496220
4.363000	-1.496220
4.364000	-1.496220
4.365000	-1.496220
4.366000	-1.496220
4.367000	-1.496220
4.368000	-1.496220
4.369000	-1.496220
4.370000	-1.496220
4.371000	-1.496220
4.372000	-1.496220
4.373000	-1.496220
4.374000	-1.478290
4.375000	-1.496220
4.376000	-1.496220
4.377000	-1.496220
4.378000	-1.514180
4.379000	-1.496220
4.380000	-1.496220
4.381000	-1.496220
4.382000	-1.496220
4.383000	-1.496220
4.384000	-1.496220
4.385000	-1.496220
4.386000	-1.496220
4.387000	-1.496220
4.388000	-1.496220
4.389000	-1.496220
4.390000	-1.496220
4.391000	-1.496220
4.392000	-1.496220
4.393000	-1.496220
4.394000	-1.496220
4.395000	-1.496220
4.396000	-1.496220
4.397000	-1.514180
4.398000	-1.514180
4.399000	-1.496220
4.400000	-1.496220
4.401000	-1.496220
4.402000	-1.496220
4.403000	-1.496220
4.404000	-1.496220
4.405000	-1.496220
4.406000	-1.496220
4.407000	-1.496220
4.408000	-1.496220
4.409000	-1.496220
4.410000	-1.496220
4.411000	-1.496220
4.412000	-1.496220
4.413000	-1.496220
4.414000	-1.496220
4.415000	-1.496220
4.416000	-1.496220
4.417000	-1.496220
4.418000	-1.496220
4.419000	-1.496220
4.420000	-1.496220
4.421000	-1.496220
4.422000	-1.496220
4.423000	-1.496220
4.424000	-1.496220
4.425000	-1.496220
4.426000	-1.496220
4.427000	-1.496220
4.428000	-1.496220
4.429000	-1.496220
4.430000	-1.496220
4.431000	-1.496220
4.432000	-1.496220
4.433000	-1.496220
4.434000	-1.496220
4.435000	-1.496220
4.436000	-1.478290
4.437000	-1.496220
4.438000	-1.496220
4.439000	-1.496220
4.440000	-1.496220
4.441000	-1.496220
4.442000	-1.496220
4.443000	-1.496220
4.444000	-1.496220
4.445000	-1.496220
4.446000	-1.496220
4.447000	-1.478290
4.448000	-1.496220
4.449000	-1.496220
4.450000	-1.496220
4.451000	-1.496220
4.452000	-1.496220
4.453000	-1.478290
4.454000	-1.496220
4.455000	-1.478290
4.456000	-1.496220
4.457000	-1.478290
4.458000	-1.496220
4.459000	-1.496220
4.460000	-1.496220
4.461000	-1.496220
4.462000	-1.496220
4.463000	-1.496220
4.464000	-1.496220
4.465000	-1.496220
4.466000	-1.496220
4.467000	-1.496220
4.468000	-1.496220
4.469000	-1.496220
4.470000	-1.496220
4.471000	-1.496220
4.472000	-1.496220
4.473000	-1.496220
4.474000	-1.496220
4.475000	-1.496220
4.476000	-1.496220
4.477000	-1.496220
4.478000	-1.496220
4.479000	-1.496220
4.480000	-1.496220
4.481000	-1.496220
4.482000	-1.496220
4.483000	-1.496220
4.484000	-1.496220
4.485000	-1.496220
4.486000	-1.496220
4.487000	-1.496220
4.488000	-1.478290
4.489000	-1.496220
4.490000	-1.496220
4.491000	-1.496220
4.492000	-1.496220
4.493000	-1.496220
4.494000	-1.496220
4.495000	-1.496220
4.496000	-1.496220
4.497000	-1.478290
4.498000	-1.496220
4.499000	-1.496220
4.500000	-1.496220
4.501000	-1.496220
4.502000	-1.496220
4.503000	-1.496220
4.504000	-1.478290
4.505000	-1.496220
4.506000	-1.496220
4.507000	-1.478290
4.508000	-1.496220
4.509000	-1.496220
4.510000	-1.496220
4.511000	-1.496220
4.512000	-1.496220
4.513000	-1.496220
4.514000	-1.496220
4.515000	-1.496220
4.516000	-1.496220
4.517000	-1.496220
4.518000	-1.496220
4.519000	-1.496220
4.520000	-1.496220
4.521000	-1.478290
4.522000	-1.496220
4.523000	-1.496220
4.524000	-1.496220
4.525000	-1.496220
4.526000	-1.496220
4.527000	-1.496220
4.528000	-1.496220
4.529000	-1.496220
4.530000	-1.496220
4.531000	-1.496220
4.532000	-1.496220
4.533000	-1.496220
4.534000	-1.496220
4.535000	-1.496220
4.536000	-1.496220
4.537000	-1.496220
4.538000	-1.496220
4.539000	-1.496220
4.540000	-1.496220
4.541000	-1.496220
4.542000	-1.496220
4.543000	-1.496220
4.544000	-1.496220
4.545000	-1.496220
4.546000	-1.496220
4.547000	-1.496220
4.548000	-1.496220
4.549000	-1.496220
4.550000	-1.496220
4.551000	-1.496220
4.552000	-1.496220
4.553000	-1.496220
4.554000	-1.496220
4.555000	-1.496220
4.556000	-1.496220
4.557000	-1.496220
4.558000	-1.496220
4.559000	-1.496220
4.560000	-1.496220
4.561000	-1.496220
4.562000	-1.496220
4.563000	-1.514180
4.564000	-1.496220
4.565000	-1.496220
4.566000	-1.496220
4.567000	-1.496220
4.568000	-1.514180
4.569000	-1.496220
4.570000	-1.496220
4.571000	-1.496220
4.572000	-1.496220
4.573000	-1.496220
4.574000	-1.496220
4.575000	-1.496220
4.576000	-1.496220
4.577000	-1.496220
4.578000	-1.496220
4.579000	-1.496220
4.580000	-1.496220
4.581000	-1.496220
4.582000	-1.496220
4.583000	-1.496220
4.584000	-1.496220
4.585000	-1.496220
4.586000	-1.496220
4.587000	-1.496220
4.588000	-1.478290
4.589000	-1.496220
4.590000	-1.496220
4.591000	-1.496220
4.592000	-1.496220
4.593000	-1.496220
4.594000	-1.496220
4.595000	-1.496220
4.596000	-1.496220
4.597000	-1.496220
4.598000	-1.496220
4.599000	-1.514180
4.600000	-1.496220
4.601000	-1.496220
4.602000	-1.496220
4.603000	-1.496220
4.604000	-1.496220
4.605000	-1.496220
4.606000	-1.496220
4.607000	-1.496220
4.608000	-1.496220
4.609000	-1.496220
4.610000	-1.496220
4.611000	-1.496220
4.612000	-1.496220
4.613000	-1.496220
4.614000	-1.478290
4.615000	-1.496220
4.616000	-1.496220
4.617000	-1.496220
4.618000	-1.496220
4.619000	-1.496220
4.620000	-1.496220
4.621000	-1.496220
4.622000	-1.496220
4.623000	-1.496220
4.624000	-1.496220
4.625000	-1.496220
4.626000	-1.496220
4.627000	-1.496220
4.628000	-1.496220
4.629000	-1.496220
4.630000	-1.496220
4.631000	-1.496220
4.632000	-1.478290
4.633000	-1.496220
4.634000	-1.496220
4.635000	-1.496220
4.636000	-1.496220
4.637000	-1.496220
4.638000	-1.478290
4.639000	-1.496220
4.640000	-1.496220
4.641000	-1.496220
4.642000	-1.496220
4.643000	-1.496220
4.644000	-1.496220
4.645000	-1.496220
4.646000	-1.496220
4.647000	-1.496220
4.648000	-1.496220
4.649000	-1.496220
4.650000	-1.496220
4.651000	-1.496220
4.652000	-1.496220
4.653000	-1.496220
4.654000	-1.478290
4.655000	-1.496220
4.656000	-1.496220
4.657000	-1.496220
4.658000	-1.496220
4.659000	-1.496220
4.660000	-1.496220
4.661000	-1.496220
4.662000	-1.478290
4.663000	-1.496220
4.664000	-1.478290
4.665000	-1.496220
4.666000	-1.514180
4.667000	-1.496220
4.668000	-1.496220
4.669000	-1.496220
4.670000	-1.496220
4.671000	-1.496220
4.672000	-1.496220
4.673000	-1.496220
4.674000	-1.496220
4.675000	-1.496220
4.676000	-1.496220
4.677000	-1.496220
4.678000	-1.496220
4.679000	-1.496220
4.680000	-1.496220
4.681000	-1.496220
4.682000	-1.496220
4.683000	-1.496220
4.684000	-1.496220
4.685000	-1.496220
4.686000	-1.496220
4.687000	-1.496220
4.688000	-1.496220
4.689000	-1.496220
4.690000	-1.514180
4.691000	-1.496220
4.692000	-1.496220
4.693000	-1.496220
4.694000	-1.496220
4.695000	-1.496220
4.696000	-1.496220
4.697000	-1.496220
4.698000	-1.496220
4.699000	-1.496220
4.700000	-1.496220
4.701000	-1.496220
4.702000	-1.496220
4.703000	-1.496220
4.704000	-1.478290
4.705000	-1.496220
4.706000	-1.496220
4.707000	-1.496220
4.708000	-1.496220
4.709000	-1.496220
4.710000	-1.514180
4.711000	-1.496220
4.712000	-1.496220
4.713000	-1.496220
4.714000	-1.496220
4.715000	-1.496220
4.716000	-1.496220
4.717000	-1.496220
4.718000	-1.496220
4.719000	-1.496220
4.720000	-1.496220
4.721000	-1.496220
4.722000	-1.496220
4.723000	-1.496220
4.724000	-1.496220
4.725000	-1.496220
4.726000	-1.496220
4.727000	-1.496220
4.728000	-1.496220
4.729000	-1.496220
4.730000	-1.496220
4.731000	-1.496220
4.732000	-1.496220
4.733000	-1.496220
4.734000	-1.496220
4.735000	-1.514180
4.736000	-1.496220
4.737000	-1.496220
4.738000	-1.478290
4.739000	-1.496220
4.740000	-1.496220
4.741000	-1.496220
4.742000	-1.496220
4.743000	-1.496220
4.744000	-1.496220
4.745000	-1.496220
4.746000	-1.496220
4.747000	-1.496220
4.748000	-1.496220
4.749000	-1.496220
4.750000	-1.496220
4.751000	-1.496220
4.752000	-1.496220
4.753000	-1.496220
4.754000	-1.496220
4.755000	-1.496220
4.756000	-1.496220
4.757000	-1.496220
4.758000	-1.496220
4.759000	-1.496220
4.760000	-1.496220
4.761000	-1.496220
4.762000	-1.496220
4.763000	-1.496220
4.764000	-1.496220
4.765000	-1.496220
4.766000	-1.496220
4.767000	-1.496220
4.768000	-1.496220
4.769000	-1.496220
4.770000	-1.496220
4.771000	-1.514180
4.772000	-1.496220
4.773000	-1.496220
4.774000	-1.496220
4.775000	-1.496220
4.776000	-1.496220
4.777000	-1.496220
4.778000	-1.496220
4.779000	-1.496220
4.780000	-1.496220
4.781000	-1.478290
4.782000	-1.496220
4.783000	-1.496220
4.784000	-1.496220
4.785000	-1.496220
4.786000	-1.496220
4.787000	-1.496220
4.788000	-1.496220
4.789000	-1.496220
4.790000	-1.496220
4.791000	-1.496220
4.792000	-1.496220
4.793000	-1.496220
4.794000	-1.496220
4.795000	-1.496220
4.796000	-1.496220
4.797000	-1.496220
4.798000	-1.496220
4.799000	-1.496220
4.800000	-1.496220
4.801000	-1.496220
4.802000	-1.496220
4.803000	-1.496220
4.804000	-1.496220
4.805000	-1.496220
4.806000	-1.478290
4.807000	-1.496220
4.808000	-1.496220
4.809000	-1.496220
4.810000	-1.496220
4.811000	-1.496220
4.812000	-1.496220
4.813000	-1.496220
4.814000	-1.496220
4.815000	-1.496220
4.816000	-1.496220
4.817000	-1.496220
4.818000	-1.496220
4.819000	-1.496220
4.820000	-1.496220
4.821000	-1.478290
4.822000	-1.496220
4.823000	-1.496220
4.824000	-1.496220
4.825000	-1.496220
4.826000	-1.496220
4.827000	-1.514180
4.828000	-1.496220
4.829000	-1.496220
4.830000	-1.496220
4.831000	-1.496220
4.832000	-1.496220
4.833000	-1.496220
4.834000	-1.496220
4.835000	-1.496220
4.836000	-1.478290
4.837000	-1.496220
4.838000	-1.496220
4.839000	-1.496220
4.840000	-1.496220
4.841000	-1.496220
4.842000	-1.496220
4.843000	-1.496220
4.844000	-1.496220
4.845000	-1.496220
4.846000	-1.496220
4.847000	-1.496220
4.848000	-1.496220
4.849000	-1.496220
4.850000	-1.496220
4.851000	-1.496220
4.852000	-1.496220
4.853000	-1.496220
4.854000	-1.496220
4.855000	-1.496220
4.856000	-1.496220
4.857000	-1.496220
4.858000	-1.496220
4.859000	-1.496220
4.860000	-1.496220
4.861000	-1.496220
4.862000	-1.496220
4.863000	-1.496220
4.864000	-1.496220
4.865000	-1.496220
4.866000	-1.496220
4.867000	-1.496220
4.868000	-1.496220
4.869000	-1.496220
4.870000	-1.496220
4.871000	-1.496220
4.872000	-1.496220
4.873000	-1.496220
4.874000	-1.496220
4.875000	-1.514180
4.876000	-1.496220
4.877000	-1.496220
4.878000	-1.496220
4.879000	-1.496220
4.880000	-1.496220
4.881000	-1.496220
4.882000	-1.496220
4.883000	-1.496220
4.884000	-1.496220
4.885000	-1.496220
4.886000	-1.514180
4.887000	-1.496220
4.888000	-1.496220
4.889000	-1.496220
4.890000	-1.496220
4.891000	-1.496220
4.892000	-1.496220
4.893000	-1.496220
4.894000	-1.514180
4.895000	-1.496220
4.896000	-1.496220
4.897000	-1.496220
4.898000	-1.514180
4.899000	-1.496220
4.900000	-1.496220
4.901000	-1.496220
4.902000	-1.496220
4.903000	-1.496220
4.904000	-1.496220
4.905000	-1.496220
4.906000	-1.496220
4.907000	-1.496220
4.908000	-1.496220
4.909000	-1.496220
4.910000	-1.496220
4.911000	-1.496220
4.912000	-1.496220
4.913000	-1.496220
4.914000	-1.496220
4.915000	-1.496220
4.916000	-1.514180
4.917000	-1.496220
4.918000	-1.496220
4.919000	-1.496220
4.920000	-1.496220
4.921000	-1.496220
4.922000	-1.496220
4.923000	-1.496220
4.924000	-1.496220
4.925000	-1.514180
4.926000	-1.496220
4.927000	-1.496220
4.928000	-1.496220
4.929000	-1.496220
4.930000	-1.496220
4.931000	-1.496220
4.932000	-1.496220
4.933000	-1.496220
4.934000	-1.496220
4.935000	-1.496220
4.936000	-1.496220
4.937000	-1.496220
4.938000	-1.496220
4.939000	-1.496220
4.940000	-1.496220
4.941000	-1.496220
4.942000	-1.496220
4.943000	-1.496220
4.944000	-1.496220
4.945000	-1.496220
4.946000	-1.496220
4.947000	-1.496220
4.948000	-1.514180
4.949000	-1.496220
4.950000	-1.496220
4.951000	-1.496220
4.952000	-1.496220
4.953000	-1.496220
4.954000	-1.496220
4.955000	-1.496220
4.956000	-1.496220
4.957000	-1.496220
4.958000	-1.496220
4.959000	-1.496220
4.960000	-1.496220
4.961000	-1.496220
4.962000	-1.496220
4.963000	-1.496220
4.964000	-1.496220
4.965000	-1.496220
4.966000	-1.496220
4.967000	-1.496220
4.968000	-1.496220
4.969000	-1.496220
4.970000	-1.496220
4.971000	-1.496220
4.972000	-1.496220
4.973000	-1.496220
4.974000	-1.496220
4.975000	-1.478290
4.976000	-1.496220
4.977000	-1.496220
4.978000	-1.496220
4.979000	-1.496220
4.980000	-1.496220
4.981000	-1.496220
4.982000	-1.496220
4.983000	-1.496220
4.984000	-1.496220
4.985000	-1.478290
4.986000	-1.496220
4.987000	-1.496220
4.988000	-1.496220
4.989000	-1.496220
4.990000	-1.478290
4.991000	-1.496220
4.992000	-1.496220
4.993000	-1.496220
4.994000	-1.496220
4.995000	-1.496220
4.996000	-1.496220
4.997000	-1.496220
4.998000	-1.496220
4.999000	-1.478290
5.000000	-1.496220
5.001000	-1.496220
5.002000	-1.496220
5.003000	-1.496220
5.004000	-1.496220
5.005000	-1.496220
5.006000	-1.496220
5.007000	-1.496220
5.008000	-1.496220
5.009000	-1.496220
5.010000	-1.478290
5.011000	-1.496220
5.012000	-1.496220
5.013000	-1.496220
5.014000	-1.496220
5.015000	-1.496220
5.016000	-1.496220
5.017000	-1.496220
5.018000	-1.496220
5.019000	-1.496220
5.020000	-1.496220
5.021000	-1.496220
5.022000	-1.496220
5.023000	-1.496220
5.024000	-1.496220
5.025000	-1.496220
5.026000	-1.496220
5.027000	-1.496220
5.028000	-1.496220
5.029000	-1.496220
5.030000	-1.496220
5.031000	-1.496220
5.032000	-1.496220
5.033000	-1.496220
5.034000	-1.496220
5.035000	-1.496220
5.036000	-1.496220
5.037000	-1.514180
5.038000	-1.514180
5.039000	-1.496220
5.040000	-1.496220
5.041000	-1.496220
5.042000	-1.496220
5.043000	-1.496220
5.044000	-1.496220
5.045000	-1.496220
5.046000	-1.496220
5.047000	-1.496220
5.048000	-1.496220
5.049000	-1.514180
5.050000	-1.496220
5.051000	-1.496220
5.052000	-1.478290
5.053000	-1.496220
5.054000	-1.496220
5.055000	-1.496220
5.056000	-1.496220
5.057000	-1.496220
5.058000	-1.496220
5.059000	-1.496220
5.060000	-1.496220
5.061000	-1.496220
5.062000	-1.496220
5.063000	-1.496220
5.064000	-1.496220
5.065000	-1.496220
5.066000	-1.496220
5.067000	-1.496220
5.068000	-1.496220
5.069000	-1.496220
5.070000	-1.496220
5.071000	-1.496220
5.072000	-1.496220
5.073000	-1.496220
5.074000	-1.496220
5.075000	-1.496220
5.076000	-1.514180
5.077000	-1.514180
5.078000	-1.496220
5.079000	-1.496220
5.080000	-1.496220
5.081000	-1.496220
5.082000	-1.514180
5.083000	-1.496220
5.084000	-1.496220
5.085000	-1.514180
5.086000	-1.496220
5.087000	-1.496220
5.088000	-1.496220
5.089000	-1.496220
5.090000	-1.496220
5.091000	-1.496220
5.092000	-1.496220
5.093000	-1.496220
5.094000	-1.496220
5.095000	-1.496220
5.096000	-1.496220
5.097000	-1.496220
5.098000	-1.496220
5.099000	-1.496220
5.100000	-1.496220
5.101000	-1.496220
5.102000	-1.496220
5.103000	-1.496220
5.104000	-1.496220
5.105000	-1.496220
5.106000	-1.496220
5.107000	-1.478290
5.108000	-1.496220
5.109000	-1.514180
5.110000	-1.496220
5.111000	-1.496220
5.112000	-1.496220
5.113000	-1.496220
5.114000	-1.514180
5.115000	-1.496220
5.116000	-1.496220
5.117000	-1.496220
5.118000	-1.496220
5.119000	-1.496220
5.120000	-1.496220
5.121000	-1.496220
5.122000	-1.496220
5.123000	-1.496220
5.124000	-1.496220
5.125000	-1.514180
5.126000	-1.496220
5.127000	-1.496220
5.128000	-1.496220
5.129000	-1.496220
5.130000	-1.496220
5.131000	-1.496220
5.132000	-1.496220
5.133000	-1.496220
5.134000	-1.496220
5.135000	-1.496220
5.136000	-1.478290
5.137000	-1.496220
5.138000	-1.496220
5.139000	-1.496220
5.140000	-1.496220
5.141000	-1.496220
5.142000	-1.496220
5.143000	-1.496220
5.144000	-1.496220
5.145000	-1.496220
5.146000	-1.496220
5.147000	-1.496220
5.148000	-1.496220
5.149000	-1.496220
5.150000	-1.496220
5.151000	-1.496220
5.152000	-1.496220
5.153000	-1.496220
5.154000	-1.496220
5.155000	-1.496220
5.156000	-1.496220
5.157000	-1.496220
5.158000	-1.496220
5.159000	-1.496220
5.160000	-1.496220
5.161000	-1.496220
5.162000	-1.496220
5.163000	-1.496220
5.164000	-1.496220
5.165000	-1.496220
5.166000	-1.496220
5.167000	-1.496220
5.168000	-1.496220
5.169000	-1.496220
5.170000	-1.496220
5.171000	-1.496220
5.172000	-1.496220
5.173000	-1.478290
5.174000	-1.496220
5.175000	-1.496220
5.176000	-1.496220
5.177000	-1.496220
5.178000	-1.496220
5.179000	-1.496220
5.180000	-1.496220
5.181000	-1.496220
5.182000	-1.496220
5.183000	-1.496220
5.184000	-1.496220
5.185000	-1.496220
5.186000	-1.496220
5.187000	-1.496220
5.188000	-1.496220
5.189000	-1.496220
5.190000	-1.496220
5.191000	-1.496220
5.192000	-1.496220
5.193000	-1.496220
5.194000	-1.496220
5.195000	-1.496220
5.196000	-1.496220
5.197000	-1.496220
5.198000	-1.496220
5.199000	-1.496220
5.200000	-1.514180
5.201000	-1.496220
5.202000	-1.496220
5.203000	-1.496220
5.204000	-1.496220
5.205000	-1.496220
5.206000	-1.496220
5.207000	-1.496220
5.208000	-1.496220
5.209000	-1.496220
5.210000	-1.496220
5.211000	-1.496220
5.212000	-1.496220
5.213000	-1.496220
5.214000	-1.496220
5.215000	-1.496220
5.216000	-1.496220
5.217000	-1.496220
5.218000	-1.496220
5.219000	-1.496220
5.220000	-1.496220
5.221000	-1.496220
5.222000	-1.496220
5.223000	-1.496220
5.224000	-1.496220
5.225000	-1.496220
5.226000	-1.496220
5.227000	-1.496220
5.228000	-1.514180
5.229000	-1.496220
5.230000	-1.496220
5.231000	-1.496220
5.232000	-1.496220
5.233000	-1.496220
5.234000	-1.514180
5.235000	-1.496220
5.236000	-1.514180
5.237000	-1.496220
5.238000	-1.496220
5.239000	-1.496220
5.240000	-1.496220
5.241000	-1.496220
5.242000	-1.514180
5.243000	-1.496220
5.244000	-1.514180
5.245000	-1.496220
5.246000	-1.496220
5.247000	-1.496220
5.248000	-1.514180
5.249000	-1.514180
5.250000	-1.496220
5.251000	-1.496220
5.252000	-1.496220
5.253000	-1.496220
5.254000	-1.496220
5.255000	-1.496220
5.256000	-1.496220
5.257000	-1.496220
5.258000	-1.496220
5.259000	-1.496220
5.260000	-1.496220
5.261000	-1.496220
5.262000	-1.496220
5.263000	-1.496220
5.264000	-1.496220
5.265000	-1.496220
5.266000	-1.496220
5.267000	-1.496220
5.268000	-1.496220
5.269000	-1.496220
5.270000	-1.478290
5.271000	-1.496220
5.272000	-1.496220
5.273000	-1.496220
5.274000	-1.496220
5.275000	-1.514180
5.276000	-1.496220
5.277000	-1.496220
5.278000	-1.514180
5.279000	-1.496220
5.280000	-1.496220
5.281000	-1.496220
5.282000	-1.496220
5.283000	-1.496220
5.284000	-1.496220
5.285000	-1.496220
5.286000	-1.496220
5.287000	-1.496220
5.288000	-1.496220
5.289000	-1.496220
5.290000	-1.496220
5.291000	-1.514180
5.292000	-1.496220
5.293000	-1.496220
5.294000	-1.496220
5.295000	-1.496220
5.296000	-1.496220
5.297000	-1.496220
5.298000	-1.496220
5.299000	-1.496220
5.300000	-1.496220
5.301000	-1.496220
5.302000	-1.496220
5.303000	-1.496220
5.304000	-1.496220
5.305000	-1.496220
5.306000	-1.496220
5.307000	-1.496220
5.308000	-1.478290
5.309000	-1.496220
5.310000	-1.496220
5.311000	-1.496220
5.312000	-1.496220
5.313000	-1.496220
5.314000	-1.496220
5.315000	-1.496220
5.316000	-1.496220
5.317000	-1.496220
5.318000	-1.496220
5.319000	-1.496220
5.320000	-1.496220
5.321000	-1.496220
5.322000	-1.496220
5.323000	-1.496220
5.324000	-1.496220
5.325000	-1.496220
5.326000	-1.496220
5.327000	-1.496220
5.328000	-1.478290
5.329000	-1.496220
5.330000	-1.496220
5.331000	-1.496220
5.332000	-1.496220
5.333000	-1.496220
5.334000	-1.496220
5.335000	-1.496220
5.336000	-1.496220
5.337000	-1.496220
5.338000	-1.496220
5.339000	-1.496220
5.340000	-1.496220
5.341000	-1.496220
5.342000	-1.496220
5.343000	-1.496220
5.344000	-1.496220
5.345000	-1.496220
5.346000	-1.496220
5.347000	-1.496220
5.348000	-1.496220
5.349000	-1.496220
5.350000	-1.496220
5.351000	-1.496220
5.352000	-1.496220
5.353000	-1.496220
5.354000	-1.496220
5.355000	-1.478290
5.356000	-1.496220
5.357000	-1.496220
5.358000	-1.496220
5.359000	-1.496220
5.360000	-1.496220
5.361000	-1.496220
5.362000	-1.496220
5.363000	-1.496220
5.364000	-1.496220
5.365000	-1.496220
5.366000	-1.496220
5.367000	-1.496220
5.368000	-1.514180
5.369000	-1.496220
5.370000	-1.496220
5.371000	-1.496220
5.372000	-1.496220
5.373000	-1.496220
5.374000	-1.496220
5.375000	-1.496220
5.376000	-1.496220
5.377000	-1.496220
5.378000	-1.496220
5.379000	-1.496220
5.380000	-1.514180
5.381000	-1.514180
5.382000	-1.514180
5.383000	-1.514180
5.384000	-1.496220
5.385000	-1.496220
5.386000	-1.496220
5.387000	-1.496220
5.388000	-1.496220
5.389000	-1.496220
5.390000	-1.496220
5.391000	-1.496220
5.392000	-1.496220
5.393000	-1.514180
5.394000	-1.496220
5.395000	-1.496220
5.396000	-1.496220
5.397000	-1.496220
5.398000	-1.496220
5.399000	-1.496220
5.400000	-1.496220
5.401000	-1.496220
5.402000	-1.496220
5.403000	-1.496220
5.404000	-1.496220
5.405000	-1.496220
5.406000	-1.496220
5.407000	-1.496220
5.408000	-1.496220
5.409000	-1.496220
5.410000	-1.496220
5.411000	-1.496220
5.412000	-1.496220
5.413000	-1.496220
5.414000	-1.514180
5.415000	-1.496220
5.416000	-1.514180
5.417000	-1.496220
5.418000	-1.514180
5.419000	-1.496220
5.420000	-1.496220
5.421000	-1.514180
5.422000	-1.496220
5.423000	-1.496220
5.424000	-1.496220
5.425000	-1.496220
5.426000	-1.496220
5.427000	-1.496220
5.428000	-1.496220
5.429000	-1.496220
5.430000	-1.496220
5.431000	-1.496220
5.432000	-1.514180
5.433000	-1.496220
5.434000	-1.496220
5.435000	-1.496220
5.436000	-1.496220
5.437000	-1.496220
5.438000	-1.496220
5.439000	-1.496220
5.440000	-1.496220
5.441000	-1.496220
5.442000	-1.496220
5.443000	-1.496220
5.444000	-1.496220
5.445000	-1.496220
5.446000	-1.496220
5.447000	-1.496220
5.448000	-1.496220
5.449000	-1.496220
5.450000	-1.514180
5.451000	-1.514180
5.452000	-1.496220
5.453000	-1.496220
5.454000	-1.514180
5.455000	-1.496220
5.456000	-1.496220
5.457000	-1.496220
5.458000	-1.496220
5.459000	-1.496220
5.460000	-1.496220
5.461000	-1.496220
5.462000	-1.496220
5.463000	-1.496220
5.464000	-1.514180
5.465000	-1.496220
5.466000	-1.496220
5.467000	-1.478290
5.468000	-1.496220
5.469000	-1.496220
5.470000	-1.496220
5.471000	-1.496220
5.472000	-1.496220
5.473000	-1.496220
5.474000	-1.496220
5.475000	-1.496220
5.476000	-1.496220
5.477000	-1.514180
5.478000	-1.514180
5.479000	-1.496220
5.480000	-1.496220
5.481000	-1.496220
5.482000	-1.496220
5.483000	-1.496220
5.484000	-1.496220
5.485000	-1.496220
5.486000	-1.496220
5.487000	-1.496220
5.488000	-1.514180
5.489000	-1.496220
5.490000	-1.496220
5.491000	-1.496220
5.492000	-1.496220
5.493000	-1.496220
5.494000	-1.496220
5.495000	-1.496220
5.496000	-1.496220
5.497000	-1.496220
5.498000	-1.496220
5.499000	-1.496220
5.500000	-1.496220
