-0.500000	0.014245
-0.499000	0.009153
-0.498000	0.014245
-0.497000	0.019338
-0.496000	0.019338
-0.495000	0.019338
-0.494000	0.019338
-0.493000	0.019338
-0.492000	0.024431
-0.491000	0.014245
-0.490000	0.019338
-0.489000	0.014245
-0.488000	0.014245
-0.487000	0.019338
-0.486000	0.014245
-0.485000	0.014245
-0.484000	0.014245
-0.483000	0.014245
-0.482000	0.014245
-0.481000	0.009153
-0.480000	0.019338
-0.479000	0.019338
-0.478000	0.019338
-0.477000	0.004049
-0.476000	0.014245
-0.475000	0.014245
-0.474000	0.014245
-0.473000	0.009153
-0.472000	0.014245
-0.471000	0.019338
-0.470000	0.014245
-0.469000	0.019338
-0.468000	0.014245
-0.467000	0.014245
-0.466000	0.014245
-0.465000	0.014245
-0.464000	0.009153
-0.463000	0.009153
-0.462000	0.014245
-0.461000	0.014245
-0.460000	0.014245
-0.459000	0.019338
-0.458000	0.014245
-0.457000	0.024431
-0.456000	0.014245
-0.455000	0.014245
-0.454000	0.014245
-0.453000	0.014245
-0.452000	0.019338
-0.451000	0.019338
-0.450000	0.014245
-0.449000	0.019338
-0.448000	0.014245
-0.447000	0.014245
-0.446000	0.014245
-0.445000	0.019338
-0.444000	0.014245
-0.443000	0.014245
-0.442000	0.014245
-0.441000	0.014245
-0.440000	0.019338
-0.439000	0.024431
-0.438000	0.019338
-0.437000	0.014245
-0.436000	0.019338
-0.435000	0.019338
-0.434000	0.014245
-0.433000	0.019338
-0.432000	0.014245
-0.431000	0.014245
-0.430000	0.019338
-0.429000	0.014245
-0.428000	0.019338
-0.427000	0.014245
-0.426000	0.019338
-0.425000	0.014245
-0.424000	0.019338
-0.423000	0.014245
-0.422000	0.019338
-0.421000	0.014245
-0.420000	0.009153
-0.419000	0.019338
-0.418000	0.009153
-0.417000	0.014245
-0.416000	0.009153
-0.415000	0.019338
-0.414000	0.019338
-0.413000	0.014245
-0.412000	0.019338
-0.411000	0.014245
-0.410000	0.014245
-0.409000	0.019338
-0.408000	0.019338
-0.407000	0.024431
-0.406000	0.019338
-0.405000	0.014245
-0.404000	0.019338
-0.403000	0.019338
-0.402000	0.029534
-0.401000	0.019338
-0.400000	0.019338
-0.399000	0.014245
-0.398000	0.009153
-0.397000	0.019338
-0.396000	0.014245
-0.395000	0.014245
-0.394000	0.019338
-0.393000	0.019338
-0.392000	0.019338
-0.391000	0.014245
-0.390000	0.014245
-0.389000	0.014245
-0.388000	0.014245
-0.387000	0.019338
-0.386000	0.014245
-0.385000	0.019338
-0.384000	0.014245
-0.383000	0.019338
-0.382000	0.009153
-0.381000	0.009153
-0.380000	0.019338
-0.379000	0.014245
-0.378000	0.014245
-0.377000	0.004049
-0.376000	0.014245
-0.375000	0.019338
-0.374000	0.019338
-0.373000	0.009153
-0.372000	0.024431
-0.371000	0.019338
-0.370000	0.014245
-0.369000	0.024431
-0.368000	0.024431
-0.367000	0.014245
-0.366000	0.019338
-0.365000	0.014245
-0.364000	0.014245
-0.363000	0.014245
-0.362000	0.014245
-0.361000	0.019338
-0.360000	0.014245
-0.359000	0.014245
-0.358000	0.019338
-0.357000	0.019338
-0.356000	0.014245
-0.355000	0.014245
-0.354000	0.019338
-0.353000	0.019338
-0.352000	0.014245
-0.351000	0.019338
-0.350000	0.014245
-0.349000	0.014245
-0.348000	0.014245
-0.347000	0.024431
-0.346000	0.014245
-0.345000	0.019338
-0.344000	0.014245
-0.343000	0.014245
-0.342000	0.014245
-0.341000	0.019338
-0.340000	0.014245
-0.339000	0.014245
-0.338000	0.014245
-0.337000	0.009153
-0.336000	0.019338
-0.335000	0.024431
-0.334000	0.019338
-0.333000	0.019338
-0.332000	0.009153
-0.331000	0.014245
-0.330000	0.009153
-0.329000	0.014245
-0.328000	0.014245
-0.327000	0.009153
-0.326000	0.019338
-0.325000	0.019338
-0.324000	0.019338
-0.323000	0.019338
-0.322000	0.019338
-0.321000	0.019338
-0.320000	0.014245
-0.319000	0.019338
-0.318000	0.019338
-0.317000	0.019338
-0.316000	0.014245
-0.315000	0.009153
-0.314000	0.019338
-0.313000	0.019338
-0.312000	0.019338
-0.311000	0.009153
-0.310000	0.014245
-0.309000	0.019338
-0.308000	0.014245
-0.307000	0.019338
-0.306000	0.014245
-0.305000	0.019338
-0.304000	0.014245
-0.303000	0.014245
-0.302000	0.019338
-0.301000	0.009153
-0.300000	0.009153
-0.299000	0.014245
-0.298000	0.019338
-0.297000	0.019338
-0.296000	0.009153
-0.295000	0.009153
-0.294000	0.014245
-0.293000	0.024431
-0.292000	0.019338
-0.291000	0.019338
-0.290000	0.019338
-0.289000	0.014245
-0.288000	0.019338
-0.287000	0.019338
-0.286000	0.019338
-0.285000	0.024431
-0.284000	0.014245
-0.283000	0.014245
-0.282000	0.019338
-0.281000	0.019338
-0.280000	0.019338
-0.279000	0.019338
-0.278000	0.014245
-0.277000	0.009153
-0.276000	0.014245
-0.275000	0.014245
-0.274000	0.009153
-0.273000	0.019338
-0.272000	0.019338
-0.271000	0.014245
-0.270000	0.019338
-0.269000	0.019338
-0.268000	0.014245
-0.267000	0.009153
-0.266000	0.014245
-0.265000	0.019338
-0.264000	0.009153
-0.263000	0.014245
-0.262000	0.019338
-0.261000	0.019338
-0.260000	0.014245
-0.259000	0.014245
-0.258000	0.019338
-0.257000	0.014245
-0.256000	0.014245
-0.255000	0.014245
-0.254000	0.009153
-0.253000	0.024431
-0.252000	0.009153
-0.251000	0.009153
-0.250000	0.009153
-0.249000	0.014245
-0.248000	0.014245
-0.247000	0.009153
-0.246000	0.014245
-0.245000	0.014245
-0.244000	0.009153
-0.243000	0.019338
-0.242000	0.014245
-0.241000	0.019338
-0.240000	0.019338
-0.239000	0.019338
-0.238000	0.024431
-0.237000	0.019338
-0.236000	0.019338
-0.235000	0.014245
-0.234000	0.019338
-0.233000	0.014245
-0.232000	0.014245
-0.231000	0.014245
-0.230000	0.014245
-0.229000	0.024431
-0.228000	0.024431
-0.227000	0.014245
-0.226000	0.014245
-0.225000	0.014245
-0.224000	0.009153
-0.223000	0.014245
-0.222000	0.014245
-0.221000	0.019338
-0.220000	0.019338
-0.219000	0.019338
-0.218000	0.014245
-0.217000	0.024431
-0.216000	0.014245
-0.215000	0.009153
-0.214000	0.014245
-0.213000	0.014245
-0.212000	0.014245
-0.211000	0.019338
-0.210000	0.014245
-0.209000	0.024431
-0.208000	0.019338
-0.207000	0.019338
-0.206000	0.014245
-0.205000	0.019338
-0.204000	0.014245
-0.203000	0.024431
-0.202000	0.019338
-0.201000	0.014245
-0.200000	0.019338
-0.199000	0.019338
-0.198000	0.014245
-0.197000	0.014245
-0.196000	0.014245
-0.195000	0.024431
-0.194000	0.014245
-0.193000	0.014245
-0.192000	0.019338
-0.191000	0.014245
-0.190000	0.014245
-0.189000	0.014245
-0.188000	0.014245
-0.187000	0.019338
-0.186000	0.019338
-0.185000	0.014245
-0.184000	0.019338
-0.183000	0.019338
-0.182000	0.009153
-0.181000	0.009153
-0.180000	0.014245
-0.179000	0.024431
-0.178000	0.009153
-0.177000	0.014245
-0.176000	0.014245
-0.175000	0.019338
-0.174000	0.019338
-0.173000	0.014245
-0.172000	0.019338
-0.171000	0.019338
-0.170000	0.019338
-0.169000	0.019338
-0.168000	0.014245
-0.167000	0.019338
-0.166000	0.019338
-0.165000	0.014245
-0.164000	0.014245
-0.163000	0.019338
-0.162000	0.019338
-0.161000	0.014245
-0.160000	0.019338
-0.159000	0.009153
-0.158000	0.019338
-0.157000	0.019338
-0.156000	0.014245
-0.155000	0.019338
-0.154000	0.014245
-0.153000	0.019338
-0.152000	0.024431
-0.151000	0.019338
-0.150000	0.014245
-0.149000	0.014245
-0.148000	0.014245
-0.147000	0.014245
-0.146000	0.019338
-0.145000	0.014245
-0.144000	0.014245
-0.143000	0.019338
-0.142000	0.019338
-0.141000	0.019338
-0.140000	0.014245
-0.139000	0.009153
-0.138000	0.014245
-0.137000	0.014245
-0.136000	0.014245
-0.135000	0.019338
-0.134000	0.024431
-0.133000	0.019338
-0.132000	0.009153
-0.131000	0.009153
-0.130000	0.014245
-0.129000	0.019338
-0.128000	0.014245
-0.127000	0.009153
-0.126000	0.019338
-0.125000	0.014245
-0.124000	0.019338
-0.123000	0.014245
-0.122000	0.019338
-0.121000	0.019338
-0.120000	0.014245
-0.119000	0.014245
-0.118000	0.024431
-0.117000	0.009153
-0.116000	0.014245
-0.115000	0.014245
-0.114000	0.014245
-0.113000	0.019338
-0.112000	0.019338
-0.111000	0.009153
-0.110000	0.014245
-0.109000	0.019338
-0.108000	0.014245
-0.107000	0.019338
-0.106000	0.019338
-0.105000	0.009153
-0.104000	0.014245
-0.103000	0.014245
-0.102000	0.019338
-0.101000	0.014245
-0.100000	0.024431
-0.099000	0.014245
-0.098000	0.014245
-0.097000	0.014245
-0.096000	0.014245
-0.095000	0.014245
-0.094000	0.014245
-0.093000	0.004049
-0.092000	0.024431
-0.091000	0.019338
-0.090000	0.024431
-0.089000	0.014245
-0.088000	0.014245
-0.087000	0.014245
-0.086000	0.019338
-0.085000	0.014245
-0.084000	0.019338
-0.083000	0.019338
-0.082000	0.019338
-0.081000	0.014245
-0.080000	0.014245
-0.079000	0.019338
-0.078000	0.019338
-0.077000	0.009153
-0.076000	0.014245
-0.075000	0.014245
-0.074000	0.019338
-0.073000	0.019338
-0.072000	0.014245
-0.071000	0.009153
-0.070000	0.019338
-0.069000	0.019338
-0.068000	0.014245
-0.067000	0.019338
-0.066000	0.019338
-0.065000	0.019338
-0.064000	0.014245
-0.063000	0.019338
-0.062000	0.009153
-0.061000	0.019338
-0.060000	0.009153
-0.059000	0.009153
-0.058000	0.019338
-0.057000	0.019338
-0.056000	0.024431
-0.055000	0.014245
-0.054000	0.009153
-0.053000	0.019338
-0.052000	0.014245
-0.051000	0.014245
-0.050000	0.019338
-0.049000	0.014245
-0.048000	0.019338
-0.047000	0.009153
-0.046000	0.024431
-0.045000	0.019338
-0.044000	0.014245
-0.043000	0.014245
-0.042000	0.019338
-0.041000	0.009153
-0.040000	0.019338
-0.039000	0.014245
-0.038000	0.019338
-0.037000	0.009153
-0.036000	0.019338
-0.035000	0.014245
-0.034000	0.019338
-0.033000	0.009153
-0.032000	0.019338
-0.031000	0.009153
-0.030000	0.014245
-0.029000	0.014245
-0.028000	0.014245
-0.027000	-0.006136
-0.026000	-0.016333
-0.025000	-0.021426
-0.024000	-0.016333
-0.023000	-0.011240
-0.022000	-0.031622
-0.021000	-0.052004
-0.020000	-0.052004
-0.019000	-0.026518
-0.018000	-0.021426
-0.017000	-0.036715
-0.016000	-0.062189
-0.015000	-0.062189
-0.014000	-0.046911
-0.013000	-0.021426
-0.012000	-0.036715
-0.011000	-0.057096
-0.010000	-0.041807
-0.009000	-0.021426
-0.008000	0.014245
-0.007000	0.034627
-0.006000	0.049916
-0.005000	0.116155
-0.004000	0.197693
-0.003000	0.238457
-0.002000	0.258839
-0.001000	0.304706
0.000000	0.442286
0.001000	0.554402
0.002000	0.574784
0.003000	0.559495
0.004000	0.579877
0.005000	0.656312
0.006000	0.697086
0.007000	0.625744
0.008000	0.554402
0.009000	0.534020
0.010000	0.528917
0.011000	0.452482
0.012000	0.263942
0.013000	0.009153
0.014000	-0.352650
0.015000	-0.765412
0.016000	-0.943766
0.017000	-0.913188
0.018000	-0.928477
0.019000	-1.122120
0.020000	-1.203650
0.021000	-0.964148
0.022000	-0.602346
0.023000	-0.429095
0.024000	-0.418899
0.025000	-0.296597
0.026000	0.116155
0.027000	0.584970
0.028000	0.819377
0.029000	0.839759
0.030000	0.941679
0.031000	1.221950
0.032000	1.451260
0.033000	1.385020
0.034000	1.216850
0.035000	1.181180
0.036000	1.272900
0.037000	1.186280
0.038000	0.849955
0.039000	0.508535
0.040000	0.401522
0.041000	0.370955
0.042000	0.167115
0.043000	-0.174305
0.044000	-0.337371
0.045000	-0.245647
0.046000	-0.143727
0.047000	-0.209976
0.048000	-0.306793
0.049000	-0.143727
0.050000	0.432100
0.051000	0.753139
0.052000	0.370955
0.053000	-0.077478
0.054000	0.243560
0.055000	0.834666
0.056000	0.880534
0.057000	0.289417
0.058000	0.055009
0.059000	0.544206
0.060000	1.002820
0.061000	0.819377
0.062000	0.279221
0.063000	0.167115
0.064000	0.574784
0.065000	0.865244
0.066000	0.635930
0.067000	0.218075
0.068000	0.248653
0.069000	0.666508
0.070000	0.742943
0.071000	0.411719
0.072000	0.223168
0.073000	0.462678
0.074000	0.824481
0.075000	0.702179
0.076000	0.319995
0.077000	0.274128
0.078000	0.584970
0.079000	0.778614
0.080000	0.579877
0.081000	0.707272
0.082000	1.354440
0.083000	1.502220
0.084000	0.870337
0.085000	0.595166
0.086000	1.028310
0.087000	1.517510
0.088000	1.170990
0.089000	0.503442
0.090000	0.477957
0.091000	1.038500
0.092000	1.318770
0.093000	0.773521
0.094000	0.075391
0.095000	0.146733
0.096000	0.783706
0.097000	1.109840
0.098000	0.900915
0.099000	0.590073
0.100000	0.488153
0.101000	0.610455
0.102000	0.579877
0.103000	0.075391
0.104000	-0.072385
0.105000	0.080494
0.106000	0.197693
0.107000	0.060102
0.108000	0.014245
0.109000	0.228271
0.110000	0.427008
0.111000	0.503442
0.112000	0.355666
0.113000	0.146733
0.114000	0.350562
0.115000	0.793903
0.116000	0.890719
0.117000	0.651219
0.118000	0.620641
0.119000	1.079270
0.120000	1.486930
0.121000	1.369730
0.122000	1.038500
0.123000	0.941679
0.124000	1.272900
0.125000	1.390110
0.126000	1.063980
0.127000	0.732757
0.128000	0.793903
0.129000	1.109840
0.130000	1.084360
0.131000	0.748036
0.132000	0.630837
0.133000	0.880534
0.134000	1.023220
0.135000	0.911101
0.136000	0.355666
0.137000	0.325088
0.138000	0.416811
0.139000	0.702179
0.140000	0.549299
0.141000	0.319995
0.142000	0.600259
0.143000	0.992639
0.144000	0.870337
0.145000	0.620641
0.146000	0.600259
0.147000	0.834666
0.148000	0.875430
0.149000	0.600259
0.150000	0.503442
0.151000	0.569691
0.152000	0.737850
0.153000	0.681797
0.154000	0.401522
0.155000	0.197693
0.156000	0.483060
0.157000	0.732757
0.158000	0.518731
0.159000	0.156929
0.160000	0.167115
0.161000	0.661415
0.162000	0.921297
0.163000	0.651219
0.164000	0.498349
0.165000	0.819377
0.166000	1.303480
0.167000	1.349350
0.168000	0.992639
0.169000	0.671601
0.170000	1.023220
0.171000	1.532800
0.172000	1.415590
0.173000	0.992639
0.174000	0.793903
0.175000	1.058890
0.176000	1.257610
0.177000	1.007930
0.178000	0.681797
0.179000	0.641023
0.180000	0.829574
0.181000	0.900915
0.182000	0.615548
0.183000	0.253746
0.184000	0.243560
0.185000	0.365851
0.186000	0.034627
0.187000	-0.301700
0.188000	-0.271122
0.189000	0.263942
0.190000	0.304706
0.191000	-0.001044
0.192000	-0.184491
0.193000	0.182404
0.194000	0.666508
0.195000	0.651219
0.196000	0.355666
0.197000	0.350562
0.198000	0.849955
0.199000	1.191380
0.200000	0.875430
0.201000	0.462678
0.202000	0.595166
0.203000	1.181180
0.204000	1.410490
0.205000	0.962061
0.206000	0.447389
0.207000	0.620641
0.208000	1.089460
0.209000	1.196470
0.210000	0.763325
0.211000	0.391337
0.212000	0.579877
0.213000	1.002820
0.214000	1.033400
0.215000	0.605352
0.216000	0.335284
0.217000	0.559495
0.218000	0.819377
0.219000	0.773521
0.220000	0.493246
0.221000	0.488153
0.222000	0.814285
0.223000	1.278010
0.224000	1.257610
0.225000	0.748036
0.226000	0.635930
0.227000	1.018110
0.228000	1.109840
0.229000	0.870337
0.230000	0.493246
0.231000	0.600259
0.232000	1.089460
0.233000	1.247430
0.234000	0.849955
0.235000	0.554402
0.236000	0.788810
0.237000	1.160800
0.238000	1.033400
0.239000	0.539113
0.240000	0.386233
0.241000	0.681797
0.242000	0.987546
0.243000	0.742943
0.244000	0.243560
0.245000	0.167115
0.246000	0.732757
0.247000	0.992639
0.248000	0.610455
0.249000	0.223168
0.250000	0.381140
0.251000	0.824481
0.252000	1.186280
0.253000	0.875430
0.254000	0.416811
0.255000	0.717468
0.256000	1.155700
0.257000	1.201560
0.258000	0.758232
0.259000	0.452482
0.260000	0.849955
0.261000	1.191380
0.262000	0.890719
0.263000	0.432100
0.264000	0.437193
0.265000	0.951875
0.266000	1.283100
0.267000	0.926390
0.268000	0.615548
0.269000	0.921297
0.270000	1.395210
0.271000	1.410490
0.272000	0.926390
0.273000	0.824481
0.274000	1.369730
0.275000	1.889490
0.276000	1.848730
0.277000	1.593940
0.278000	1.629610
0.279000	1.955740
0.280000	2.113720
0.281000	1.858930
0.282000	1.700950
0.283000	2.083140
0.284000	2.062760
0.285000	2.042370
0.286000	1.425780
0.287000	1.349350
0.288000	1.481840
0.289000	1.415590
0.290000	1.334060
0.291000	0.641023
0.292000	0.325088
0.293000	0.584970
0.294000	0.651219
0.295000	0.523824
0.296000	0.024431
0.297000	-0.011240
0.298000	0.284324
0.299000	0.075391
0.300000	-0.301700
0.301000	-0.632924
0.302000	-0.607439
0.303000	-0.301700
0.304000	-0.398517
0.305000	-0.729741
0.306000	-1.004910
0.307000	-0.923385
0.308000	-0.592160
0.309000	-0.765412
0.310000	-1.040580
0.311000	-0.943766
0.312000	-0.709359
0.313000	-0.683884
0.314000	-1.167980
0.315000	-1.407490
0.316000	-1.066070
0.317000	-0.882621
0.318000	-0.974345
0.319000	-1.025300
0.320000	-0.826568
0.321000	-0.602346
0.322000	-0.755226
0.323000	-0.953963
0.324000	-0.938674
0.325000	-0.653306
0.326000	-0.347557
0.327000	-0.454570
0.328000	-0.632924
0.329000	-0.505530
0.330000	-0.235451
0.331000	-0.031622
0.332000	-0.087674
0.333000	-0.159016
0.334000	0.019338
0.335000	0.212982
0.336000	0.284324
0.337000	0.100876
0.338000	0.126351
0.339000	0.427008
0.340000	0.528917
0.341000	0.534020
0.342000	0.493246
0.343000	0.493246
0.344000	0.610455
0.345000	0.605352
0.346000	0.625744
0.347000	0.610455
0.348000	0.539113
0.349000	0.528917
0.350000	0.549299
0.351000	0.579877
0.352000	0.447389
0.353000	0.284324
0.354000	0.432100
0.355000	0.574784
0.356000	0.615548
0.357000	0.483060
0.358000	0.258839
0.359000	0.314891
0.360000	0.391337
0.361000	0.396429
0.362000	0.269035
0.363000	0.085587
0.364000	0.289417
0.365000	0.457575
0.366000	0.396429
0.367000	0.274128
0.368000	0.162022
0.369000	0.274128
0.370000	0.416811
0.371000	0.406626
0.372000	0.335284
0.373000	0.121258
0.374000	0.370955
0.375000	0.508535
0.376000	0.034627
0.377000	-0.464766
0.378000	-0.423991
0.379000	0.070298
0.380000	-0.052004
0.381000	-0.989634
0.382000	-1.478830
0.383000	-1.392200
0.384000	-0.969241
0.385000	-0.892806
0.386000	-1.601120
0.387000	-1.305570
0.388000	-0.123345
0.389000	0.355666
0.390000	-0.286411
0.391000	-1.392200
0.392000	-1.387110
0.393000	-0.638017
0.394000	-0.541200
0.395000	-1.183270
0.396000	-1.641900
0.397000	-1.132310
0.398000	-0.057096
0.399000	0.228271
0.400000	-0.653306
0.401000	-1.361620
0.402000	-0.770505
0.403000	0.299613
0.404000	0.365851
0.405000	-0.561582
0.406000	-0.892806
0.407000	-0.077478
0.408000	0.472864
0.409000	0.070298
0.410000	-0.566675
0.411000	-0.536108
0.412000	0.223168
0.413000	0.518731
0.414000	0.253746
0.415000	-0.046911
0.416000	-0.072385
0.417000	0.432100
0.418000	0.717468
0.419000	0.207889
0.420000	-0.276215
0.421000	-0.052004
0.422000	0.508535
0.423000	0.472864
0.424000	-0.123345
0.425000	-0.322082
0.426000	0.131444
0.427000	0.635930
0.428000	0.427008
0.429000	-0.306793
0.430000	-0.500437
0.431000	-0.102964
0.432000	0.182404
0.433000	-0.128438
0.434000	-0.704266
0.435000	-0.607439
0.436000	-0.052004
0.437000	0.080494
0.438000	-0.429095
0.439000	-0.887714
0.440000	-0.607439
0.441000	-0.067293
0.442000	-0.164109
0.443000	-0.694070
0.444000	-0.770505
0.445000	-0.357753
0.446000	-0.159016
0.447000	-0.439281
0.448000	-0.750123
0.449000	-0.643110
0.450000	-0.260926
0.451000	-0.077478
0.452000	-0.296597
0.453000	-0.648213
0.454000	-0.495333
0.455000	-0.036715
0.456000	0.049916
0.457000	-0.301700
0.458000	-0.566675
0.459000	-0.266029
0.460000	0.223168
0.461000	0.167115
0.462000	-0.179398
0.463000	-0.316979
0.464000	0.075391
0.465000	0.467771
0.466000	0.263942
0.467000	-0.164109
0.468000	-0.179398
0.469000	0.299613
0.470000	0.595166
0.471000	0.207889
0.472000	-0.133531
0.473000	0.080494
0.474000	0.600259
0.475000	0.641023
0.476000	0.167115
0.477000	0.070298
0.478000	0.406626
0.479000	0.651219
0.480000	0.569691
0.481000	0.182404
0.482000	0.055009
0.483000	0.421904
0.484000	0.651219
0.485000	0.467771
0.486000	0.187497
0.487000	0.253746
0.488000	0.569691
0.489000	0.676694
0.490000	0.432100
0.491000	0.233364
0.492000	0.340377
0.493000	0.554402
0.494000	0.630837
0.495000	0.396429
0.496000	0.187497
0.497000	0.345470
0.498000	0.595166
0.499000	0.630837
0.500000	0.396429
0.501000	0.212982
0.502000	0.421904
0.503000	0.686890
0.504000	0.574784
0.505000	0.243560
0.506000	0.182404
0.507000	0.559495
0.508000	0.661415
0.509000	0.427008
0.510000	0.289417
0.511000	0.330180
0.512000	0.620641
0.513000	0.661415
0.514000	0.396429
0.515000	0.289417
0.516000	0.370955
0.517000	0.600259
0.518000	0.559495
0.519000	0.228271
0.520000	0.248653
0.521000	0.462678
0.522000	0.620641
0.523000	0.457575
0.524000	0.207889
0.525000	0.325088
0.526000	0.452482
0.527000	0.457575
0.528000	0.381140
0.529000	0.223168
0.530000	0.345470
0.531000	0.523824
0.532000	0.488153
0.533000	0.370955
0.534000	0.294510
0.535000	0.503442
0.536000	0.656312
0.537000	0.513628
0.538000	0.437193
0.539000	0.462678
0.540000	0.600259
0.541000	0.691983
0.542000	0.590073
0.543000	0.488153
0.544000	0.534020
0.545000	0.702179
0.546000	0.849955
0.547000	1.018110
0.548000	1.069070
0.549000	0.880534
0.550000	0.870337
0.551000	1.262720
0.552000	1.609230
0.553000	1.374820
0.554000	0.967154
0.555000	1.058890
0.556000	1.476740
0.557000	1.629610
0.558000	1.364630
0.559000	1.349350
0.560000	1.767200
0.561000	1.950650
0.562000	1.797770
0.563000	1.588850
0.564000	1.481840
0.565000	1.675480
0.566000	1.864020
0.567000	1.695860
0.568000	1.410490
0.569000	1.374820
0.570000	1.649990
0.571000	1.731530
0.572000	1.471640
0.573000	1.308570
0.574000	1.390110
0.575000	1.578650
0.576000	1.604140
0.577000	1.313680
0.578000	1.170990
0.579000	1.298390
0.580000	1.400300
0.581000	1.374820
0.582000	1.074170
0.583000	0.972257
0.584000	1.206660
0.585000	1.247430
0.586000	1.079270
0.587000	0.824481
0.588000	0.839759
0.589000	1.089460
0.590000	1.058890
0.591000	0.819377
0.592000	0.748036
0.593000	0.814285
0.594000	0.941679
0.595000	0.895823
0.596000	0.641023
0.597000	0.661415
0.598000	0.732757
0.599000	0.788810
0.600000	0.742943
0.601000	0.498349
0.602000	0.544206
0.603000	0.732757
0.604000	0.773521
0.605000	0.625744
0.606000	0.477957
0.607000	0.620641
0.608000	0.814285
0.609000	0.635930
0.610000	0.330180
0.611000	0.218075
0.612000	0.350562
0.613000	0.534020
0.614000	0.370955
0.615000	0.044824
0.616000	-0.067293
0.617000	0.167115
0.618000	0.325088
0.619000	0.075391
0.620000	-0.220162
0.621000	-0.143727
0.622000	0.233364
0.623000	0.386233
0.624000	0.172218
0.625000	0.116155
0.626000	0.335284
0.627000	0.605352
0.628000	0.686890
0.629000	0.437193
0.630000	0.289417
0.631000	0.498349
0.632000	0.748036
0.633000	0.768417
0.634000	0.513628
0.635000	0.437193
0.636000	0.717468
0.637000	0.855048
0.638000	0.793903
0.639000	0.304706
0.640000	0.055009
0.641000	0.197693
0.642000	0.386233
0.643000	0.279221
0.644000	-0.097860
0.645000	-0.235451
0.646000	-0.052004
0.647000	0.065205
0.648000	0.075391
0.649000	0.049916
0.650000	0.105969
0.651000	0.345470
0.652000	0.376048
0.653000	0.121258
0.654000	-0.225255
0.655000	-0.245647
0.656000	-0.011240
0.657000	-0.021426
0.658000	-0.204873
0.659000	-0.225255
0.660000	0.095773
0.661000	0.396429
0.662000	0.386233
0.663000	0.182404
0.664000	0.182404
0.665000	0.528917
0.666000	0.783706
0.667000	0.686890
0.668000	0.549299
0.669000	0.615548
0.670000	0.855048
0.671000	0.946772
0.672000	0.646126
0.673000	0.457575
0.674000	0.625744
0.675000	0.829574
0.676000	0.793903
0.677000	0.467771
0.678000	0.304706
0.679000	0.518731
0.680000	0.804088
0.681000	0.742943
0.682000	0.523824
0.683000	2.037280
0.684000	3.922730
0.685000	3.774940
0.686000	-0.123345
0.687000	-2.039370
0.688000	0.737850
0.689000	4.493450
0.690000	3.321410
0.691000	-0.852043
0.692000	-1.550170
0.693000	2.266590
0.694000	4.636140
0.695000	2.246200
0.696000	-0.923385
0.697000	-0.057096
0.698000	2.934140
0.699000	2.862800
0.700000	-0.255833
0.701000	-1.662280
0.702000	0.477957
0.703000	2.939230
0.704000	2.108610
0.705000	-0.892806
0.706000	-1.703040
0.707000	0.758232
0.708000	2.755780
0.709000	1.369730
0.710000	-1.259700
0.711000	-1.249520
0.712000	1.390110
0.713000	2.827120
0.714000	0.778614
0.715000	-1.611320
0.716000	-0.607439
0.717000	2.108610
0.718000	2.450030
0.719000	0.197693
0.720000	-1.325950
0.721000	0.156929
0.722000	2.429650
0.723000	2.032180
0.724000	-0.383228
0.725000	-1.101740
0.726000	0.880534
0.727000	2.348120
0.728000	0.962061
0.729000	-1.060980
0.730000	-0.729741
0.731000	1.420680
0.732000	2.159570
0.733000	0.314891
0.734000	-1.320860
0.735000	-0.311886
0.736000	1.813060
0.737000	1.853820
0.738000	-0.215069
0.739000	-1.122120
0.740000	0.503442
0.741000	2.200350
0.742000	1.532800
0.743000	-0.301700
0.744000	-0.546293
0.745000	1.109840
0.746000	2.154480
0.747000	1.120030
0.748000	-0.485148
0.749000	-0.260926
0.750000	1.451260
0.751000	2.037280
0.752000	0.615548
0.753000	-0.673688
0.754000	0.090680
0.755000	1.700950
0.756000	1.604140
0.757000	0.065205
0.758000	-0.602346
0.759000	0.467771
0.760000	1.639810
0.761000	1.084360
0.762000	-0.367939
0.763000	-0.531004
0.764000	0.758232
0.765000	1.542980
0.766000	0.615548
0.767000	-0.587057
0.768000	-0.271122
0.769000	1.079270
0.770000	1.410490
0.771000	0.218075
0.772000	-0.653306
0.773000	0.136547
0.774000	1.344250
0.775000	1.160800
0.776000	-0.113149
0.777000	-0.531004
0.778000	0.503442
0.779000	1.425780
0.780000	0.814285
0.781000	-0.362846
0.782000	-0.327175
0.783000	0.829574
0.784000	1.385020
0.785000	0.503442
0.786000	-0.469859
0.787000	-0.087674
0.788000	1.094550
0.789000	1.211760
0.790000	0.131444
0.791000	-0.485148
0.792000	0.228271
0.793000	1.252520
0.794000	0.997732
0.795000	-0.143727
0.796000	-0.373042
0.797000	0.564588
0.798000	1.328960
0.799000	0.763325
0.800000	-0.281308
0.801000	-0.169202
0.802000	0.885626
0.803000	1.344250
0.804000	0.528917
0.805000	-0.388321
0.806000	0.075391
0.807000	1.114940
0.808000	1.170990
0.809000	0.233364
0.810000	-0.393424
0.811000	0.314891
0.812000	1.221950
0.813000	0.921297
0.814000	-0.062189
0.815000	-0.311886
0.816000	0.559495
0.817000	1.227050
0.818000	0.620641
0.819000	-0.296597
0.820000	-0.194687
0.821000	0.773521
0.822000	1.155700
0.823000	0.340377
0.824000	-0.378135
0.825000	0.049916
0.826000	0.972257
0.827000	1.018110
0.828000	0.105969
0.829000	-0.327175
0.830000	0.340377
0.831000	1.089460
0.832000	0.829574
0.833000	-0.062189
0.834000	-0.189584
0.835000	0.584970
0.836000	1.114940
0.837000	0.615548
0.838000	-0.215069
0.839000	-0.072385
0.840000	0.788810
0.841000	1.048690
0.842000	0.335284
0.843000	-0.286411
0.844000	0.111062
0.845000	0.936586
0.846000	0.880534
0.847000	0.075391
0.848000	-0.276215
0.849000	0.284324
0.850000	0.972257
0.851000	0.717468
0.852000	-0.067293
0.853000	-0.225255
0.854000	0.513628
0.855000	1.018110
0.856000	0.477957
0.857000	-0.209976
0.858000	-0.021426
0.859000	0.717468
0.860000	0.946772
0.861000	0.289417
0.862000	-0.240544
0.863000	0.182404
0.864000	0.834666
0.865000	0.798995
0.866000	0.121258
0.867000	-0.220162
0.868000	0.314891
0.869000	0.885626
0.870000	0.615548
0.871000	-0.072385
0.872000	-0.184491
0.873000	0.477957
0.874000	0.880534
0.875000	0.370955
0.876000	-0.230358
0.877000	-0.026518
0.878000	0.646126
0.879000	0.737850
0.880000	0.136547
0.881000	-0.209976
0.882000	0.156929
0.883000	0.717468
0.884000	0.630837
0.885000	0.044824
0.886000	-0.169202
0.887000	0.284324
0.888000	0.758232
0.889000	0.508535
0.890000	-0.092767
0.891000	-0.072385
0.892000	0.447389
0.893000	0.737850
0.894000	0.355666
0.895000	-0.128438
0.896000	0.055009
0.897000	0.554402
0.898000	0.656312
0.899000	0.187497
0.900000	-0.153913
0.901000	0.156929
0.902000	0.569691
0.903000	0.508535
0.904000	0.044824
0.905000	-0.164109
0.906000	0.218075
0.907000	0.549299
0.908000	0.340377
0.909000	-0.057096
0.910000	-0.092767
0.911000	0.309799
0.912000	0.483060
0.913000	0.172218
0.914000	-0.097860
0.915000	0.029534
0.916000	0.335284
0.917000	0.335284
0.918000	0.085587
0.919000	-0.052004
0.920000	0.049916
0.921000	0.304706
0.922000	0.294510
0.923000	0.085587
0.924000	-0.031622
0.925000	0.080494
0.926000	0.294510
0.927000	0.258839
0.928000	0.126351
0.929000	-0.046911
0.930000	-0.001044
0.931000	0.248653
0.932000	0.228271
0.933000	0.034627
0.934000	-0.072385
0.935000	0.044824
0.936000	0.202786
0.937000	0.136547
0.938000	-0.016333
0.939000	-0.021426
0.940000	0.039720
0.941000	0.156929
0.942000	0.105969
0.943000	0.004049
0.944000	0.004049
0.945000	0.004049
0.946000	0.014245
0.947000	0.080494
0.948000	0.080494
0.949000	-0.026518
0.950000	-0.052004
0.951000	-0.006136
0.952000	0.085587
0.953000	0.060102
0.954000	-0.041807
0.955000	-0.021426
0.956000	0.070298
0.957000	0.085587
0.958000	0.044824
0.959000	-0.041807
0.960000	0.065205
0.961000	0.126351
0.962000	0.075391
0.963000	0.065205
0.964000	-0.006136
0.965000	0.004049
0.966000	-0.001044
0.967000	-0.006136
0.968000	0.044824
0.969000	0.024431
0.970000	-0.072385
0.971000	-0.164109
0.972000	-0.082582
0.973000	-0.001044
0.974000	-0.082582
0.975000	-0.209976
0.976000	-0.153913
0.977000	-0.082582
0.978000	-0.133531
0.979000	-0.215069
0.980000	-0.220162
0.981000	-0.138634
0.982000	-0.057096
0.983000	-0.026518
0.984000	-0.138634
0.985000	-0.245647
0.986000	-0.220162
0.987000	-0.108056
0.988000	-0.046911
0.989000	-0.189584
0.990000	-0.301700
0.991000	-0.235451
0.992000	-0.133531
0.993000	-0.102964
0.994000	-0.250740
0.995000	-0.311886
0.996000	-0.220162
0.997000	-0.179398
0.998000	-0.184491
0.999000	-0.245647
1.000000	-0.276215
1.001000	-0.199780
1.002000	-0.245647
1.003000	-0.276215
1.004000	-0.250740
1.005000	-0.296597
1.006000	-0.286411
1.007000	-0.281308
1.008000	-0.322082
1.009000	-0.327175
1.010000	-0.362846
1.011000	-0.342464
1.012000	-0.306793
1.013000	-0.337371
1.014000	-0.296597
1.015000	-0.306793
1.016000	-0.342464
1.017000	-0.352650
1.018000	-0.316979
1.019000	-0.296597
1.020000	-0.327175
1.021000	-0.362846
1.022000	-0.393424
1.023000	-0.322082
1.024000	-0.235451
1.025000	-0.311886
1.026000	-0.469859
1.027000	-0.464766
1.028000	-0.311886
1.029000	-0.255833
1.030000	-0.332268
1.031000	-0.423991
1.032000	-0.418899
1.033000	-0.383228
1.034000	-0.357753
1.035000	-0.378135
1.036000	-0.434188
1.037000	-0.403610
1.038000	-0.352650
1.039000	-0.362846
1.040000	-0.383228
1.041000	-0.480044
1.042000	-0.510622
1.043000	-0.393424
1.044000	-0.327175
1.045000	-0.357753
1.046000	-0.454570
1.047000	-0.444373
1.048000	-0.357753
1.049000	-0.367939
1.050000	-0.413806
1.051000	-0.439281
1.052000	-0.434188
1.053000	-0.347557
1.054000	-0.378135
1.055000	-0.505530
1.056000	-0.561582
1.057000	-0.429095
1.058000	-0.423991
1.059000	-0.413806
1.060000	-0.423991
1.061000	-0.403610
1.062000	-0.383228
1.063000	-0.393424
1.064000	-0.398517
1.065000	-0.403610
1.066000	-0.316979
1.067000	-0.281308
1.068000	-0.367939
1.069000	-0.378135
1.070000	-0.250740
1.071000	-0.245647
1.072000	-0.332268
1.073000	-0.332268
1.074000	-0.235451
1.075000	-0.169202
1.076000	-0.057096
1.077000	0.004049
1.078000	-0.016333
1.079000	-0.102964
1.080000	-0.087674
1.081000	0.029534
1.082000	0.065205
1.083000	-0.021426
1.084000	-0.123345
1.085000	-0.092767
1.086000	0.034627
1.087000	0.055009
1.088000	-0.026518
1.089000	-0.097860
1.090000	-0.036715
1.091000	0.080494
1.092000	0.070298
1.093000	-0.052004
1.094000	-0.133531
1.095000	-0.057096
1.096000	0.055009
1.097000	0.014245
1.098000	-0.133531
1.099000	-0.108056
1.100000	0.009153
1.101000	0.146733
1.102000	-0.026518
1.103000	-0.209976
1.104000	0.207889
1.105000	0.370955
1.106000	0.136547
1.107000	-0.464766
1.108000	-0.826568
1.109000	2.006700
1.110000	0.523824
1.111000	-0.760319
1.112000	-1.804960
1.113000	-0.215069
1.114000	1.690760
1.115000	1.288190
1.116000	0.167115
1.117000	-0.882621
1.118000	-0.108056
1.119000	0.187497
1.120000	-0.255833
1.121000	0.212982
1.122000	0.039720
1.123000	-0.694070
1.124000	-0.515715
1.125000	0.228271
1.126000	0.615548
1.127000	0.162022
1.128000	0.116155
1.129000	0.111062
1.130000	-0.750123
1.131000	-0.678781
1.132000	-0.113149
1.133000	-0.021426
1.134000	0.707272
1.135000	0.584970
1.136000	0.080494
1.137000	-0.016333
1.138000	0.238457
1.139000	0.360759
1.140000	-0.688977
1.141000	-0.923385
1.142000	-0.174305
1.143000	0.238457
1.144000	0.926390
1.145000	0.625744
1.146000	-0.434188
1.147000	-0.760319
1.148000	-0.184491
1.149000	0.386233
1.150000	0.090680
1.151000	-0.118242
1.152000	-0.143727
1.153000	-0.403610
1.154000	-0.444373
1.155000	-0.255833
1.156000	0.121258
1.157000	0.839759
1.158000	0.635930
1.159000	-0.291504
1.160000	-0.408713
1.161000	0.121258
1.162000	0.391337
1.163000	0.177311
1.164000	-0.398517
1.165000	-0.072385
1.166000	0.223168
1.167000	-0.204873
1.168000	-0.316979
1.169000	0.024431
1.170000	0.559495
1.171000	0.258839
1.172000	-0.852043
1.173000	-1.060980
1.174000	-0.062189
1.175000	0.748036
1.176000	0.559495
1.177000	-0.266029
1.178000	-0.362846
1.179000	0.421904
1.180000	0.432100
1.181000	-0.342464
1.182000	-0.841847
1.183000	-0.281308
1.184000	0.936586
1.185000	0.615548
1.186000	-0.505530
1.187000	-0.266029
1.188000	0.432100
1.189000	0.447389
1.190000	-0.393424
1.191000	-0.709359
1.192000	0.029534
1.193000	0.641023
1.194000	0.238457
1.195000	-0.653306
1.196000	-0.775608
1.197000	-0.046911
1.198000	0.646126
1.199000	0.528917
1.200000	-0.148820
1.201000	-0.255833
1.202000	0.090680
1.203000	0.156929
1.204000	-0.281308
1.205000	-0.311886
1.206000	0.085587
1.207000	0.360759
1.208000	0.218075
1.209000	-0.215069
1.210000	-0.169202
1.211000	0.233364
1.212000	0.309799
1.213000	-0.250740
1.214000	-0.724648
1.215000	-0.179398
1.216000	0.442286
1.217000	0.304706
1.218000	-0.179398
1.219000	-0.327175
1.220000	0.177311
1.221000	0.141640
1.222000	-0.296597
1.223000	-0.327175
1.224000	-0.108056
1.225000	0.146733
1.226000	0.060102
1.227000	-0.133531
1.228000	0.055009
1.229000	0.284324
1.230000	0.238457
1.231000	-0.041807
1.232000	-0.164109
1.233000	0.090680
1.234000	0.207889
1.235000	-0.102964
1.236000	-0.413806
1.237000	-0.393424
1.238000	-0.041807
1.239000	0.100876
1.240000	-0.046911
1.241000	0.034627
1.242000	0.207889
1.243000	0.269035
1.244000	0.075391
1.245000	-0.301700
1.246000	-0.240544
1.247000	0.085587
1.248000	0.304706
1.249000	0.070298
1.250000	-0.266029
1.251000	-0.123345
1.252000	0.136547
1.253000	0.111062
1.254000	-0.092767
1.255000	-0.225255
1.256000	0.029534
1.257000	0.274128
1.258000	0.111062
1.259000	-0.077478
1.260000	-0.082582
1.261000	-0.001044
1.262000	-0.001044
1.263000	-0.225255
1.264000	-0.209976
1.265000	-0.031622
1.266000	-0.046911
1.267000	-0.021426
1.268000	-0.031622
1.269000	-0.062189
1.270000	0.034627
1.271000	0.105969
1.272000	0.162022
1.273000	0.065205
1.274000	-0.016333
1.275000	-0.057096
1.276000	-0.057096
1.277000	-0.011240
1.278000	-0.041807
1.279000	-0.123345
1.280000	-0.143727
1.281000	-0.001044
1.282000	0.156929
1.283000	0.126351
1.284000	-0.046911
1.285000	-0.184491
1.286000	-0.123345
1.287000	0.126351
1.288000	0.075391
1.289000	-0.108056
1.290000	-0.118242
1.291000	0.080494
1.292000	0.187497
1.293000	-0.092767
1.294000	-0.316979
1.295000	-0.118242
1.296000	0.116155
1.297000	0.167115
1.298000	-0.057096
1.299000	-0.230358
1.300000	0.049916
1.301000	0.289417
1.302000	0.126351
1.303000	-0.225255
1.304000	-0.245647
1.305000	0.151826
1.306000	0.223168
1.307000	-0.046911
1.308000	-0.281308
1.309000	-0.174305
1.310000	0.126351
1.311000	0.146733
1.312000	0.039720
1.313000	-0.113149
1.314000	-0.097860
1.315000	0.197693
1.316000	0.197693
1.317000	-0.143727
1.318000	-0.296597
1.319000	-0.113149
1.320000	0.192600
1.321000	0.075391
1.322000	-0.199780
1.323000	-0.133531
1.324000	0.060102
1.325000	0.162022
1.326000	-0.011240
1.327000	-0.235451
1.328000	-0.092767
1.329000	0.095773
1.330000	0.131444
1.331000	-0.021426
1.332000	-0.209976
1.333000	-0.031622
1.334000	0.085587
1.335000	0.044824
1.336000	-0.026518
1.337000	-0.148820
1.338000	-0.016333
1.339000	0.126351
1.340000	0.034627
1.341000	-0.052004
1.342000	-0.123345
1.343000	-0.011240
1.344000	0.121258
1.345000	-0.031622
1.346000	-0.153913
1.347000	-0.087674
1.348000	0.095773
1.349000	0.223168
1.350000	-0.062189
1.351000	-0.235451
1.352000	-0.052004
1.353000	0.095773
1.354000	0.162022
1.355000	-0.072385
1.356000	-0.225255
1.357000	-0.082582
1.358000	0.049916
1.359000	0.151826
1.360000	-0.031622
1.361000	-0.209976
1.362000	0.024431
1.363000	0.202786
1.364000	0.136547
1.365000	-0.092767
1.366000	-0.235451
1.367000	-0.031622
1.368000	0.121258
1.369000	-0.031622
1.370000	-0.199780
1.371000	-0.169202
1.372000	0.121258
1.373000	0.162022
1.374000	-0.102964
1.375000	-0.169202
1.376000	-0.067293
1.377000	0.044824
1.378000	0.080494
1.379000	-0.159016
1.380000	-0.230358
1.381000	-0.113149
1.382000	0.070298
1.383000	0.105969
1.384000	-0.189584
1.385000	-0.230358
1.386000	-0.046911
1.387000	0.197693
1.388000	0.105969
1.389000	-0.306793
1.390000	-0.153913
1.391000	0.116155
1.392000	0.014245
1.393000	-0.067293
1.394000	-0.194687
1.395000	-0.067293
1.396000	0.126351
1.397000	-0.052004
1.398000	-0.077478
1.399000	-0.021426
1.400000	0.024431
1.401000	0.095773
1.402000	-0.067293
1.403000	-0.113149
1.404000	0.044824
1.405000	0.004049
1.406000	-0.021426
1.407000	-0.087674
1.408000	-0.077478
1.409000	-0.011240
1.410000	-0.067293
1.411000	0.049916
1.412000	-0.011240
1.413000	-0.194687
1.414000	-0.082582
1.415000	0.177311
1.416000	0.228271
1.417000	-0.092767
1.418000	-0.373042
1.419000	-0.087674
1.420000	0.360759
1.421000	0.269035
1.422000	-0.148820
1.423000	-0.383228
1.424000	-0.092767
1.425000	0.319995
1.426000	0.263942
1.427000	-0.164109
1.428000	-0.337371
1.429000	0.055009
1.430000	0.319995
1.431000	0.111062
1.432000	-0.153913
1.433000	-0.266029
1.434000	0.024431
1.435000	0.325088
1.436000	-6.166960
1.437000	-10.437200
1.438000	-6.890560
1.439000	8.977760
1.440000	7.642660
1.441000	-5.738920
1.442000	-8.454980
1.443000	2.516280
1.444000	7.866870
1.445000	-0.393424
1.446000	-6.380980
1.447000	-0.811279
1.448000	5.482040
1.449000	2.169770
1.450000	-4.067490
1.451000	-3.033040
1.452000	2.343020
1.453000	2.587620
1.454000	-1.300480
1.455000	-2.309440
1.456000	0.335284
1.457000	1.818150
1.458000	0.070298
1.459000	-1.392200
1.460000	-0.418899
1.461000	0.498349
1.462000	0.477957
1.463000	-0.041807
1.464000	-0.230358
1.465000	0.111062
1.466000	0.258839
1.467000	0.090680
1.468000	-0.143727
1.469000	-0.327175
1.470000	-0.072385
1.471000	0.467771
1.472000	0.289417
1.473000	-0.209976
1.474000	-0.571779
1.475000	-0.057096
1.476000	0.595166
1.477000	0.314891
1.478000	-0.204873
1.479000	-0.332268
1.480000	-0.128438
1.481000	0.136547
1.482000	-0.102964
1.483000	-0.362846
1.484000	-0.286411
1.485000	0.187497
1.486000	0.549299
1.487000	0.070298
1.488000	-0.429095
1.489000	-0.184491
1.490000	0.274128
1.491000	0.228271
1.492000	-0.311886
1.493000	-0.551386
1.494000	-0.031622
1.495000	0.523824
1.496000	0.518731
1.497000	-0.113149
1.498000	-0.592160
1.499000	-0.194687
1.500000	0.314891
1.501000	0.238457
1.502000	-0.271122
1.503000	-1.305570
1.504000	-2.538750
1.505000	-1.692850
1.506000	1.007930
1.507000	1.588850
1.508000	0.004049
1.509000	-1.091540
1.510000	-0.510622
1.511000	0.600259
1.512000	0.691983
1.513000	-0.159016
1.514000	-0.627831
1.515000	-0.276215
1.516000	0.319995
1.517000	0.381140
1.518000	-0.688977
1.519000	-1.096640
1.520000	-0.164109
1.521000	0.697086
1.522000	-0.362846
1.523000	-2.513280
1.524000	-2.146370
1.525000	0.192600
1.526000	0.865244
1.527000	-0.459662
1.528000	-1.799860
1.529000	-1.336150
1.530000	0.630837
1.531000	1.344250
1.532000	0.248653
1.533000	-0.877517
1.534000	-0.734844
1.535000	0.472864
1.536000	0.951875
1.537000	0.141640
1.538000	-0.581964
1.539000	-0.398517
1.540000	0.314891
1.541000	0.391337
1.542000	-0.225255
1.543000	-0.556489
1.544000	-0.148820
1.545000	0.498349
1.546000	0.340377
1.547000	-0.515715
1.548000	-0.765412
1.549000	-0.097860
1.550000	0.635930
1.551000	0.472864
1.552000	-0.276215
1.553000	-0.500437
1.554000	-0.031622
1.555000	0.477957
1.556000	0.335284
1.557000	-0.306793
1.558000	-0.546293
1.559000	-0.179398
1.560000	0.314891
1.561000	0.350562
1.562000	-0.108056
1.563000	-0.322082
1.564000	0.029534
1.565000	0.289417
1.566000	0.146733
1.567000	-0.097860
1.568000	-0.209976
1.569000	0.009153
1.570000	0.182404
1.571000	-0.006136
1.572000	-0.291504
1.573000	-0.250740
1.574000	0.172218
1.575000	0.253746
1.576000	-0.102964
1.577000	-0.250740
1.578000	-0.087674
1.579000	0.192600
1.580000	0.192600
1.581000	-0.133531
1.582000	-0.250740
1.583000	-0.097860
1.584000	0.111062
1.585000	0.182404
1.586000	-0.052004
1.587000	-0.281308
1.588000	-0.133531
1.589000	0.233364
1.590000	0.218075
1.591000	-0.077478
1.592000	0.070298
1.593000	0.345470
1.594000	0.294510
1.595000	0.009153
1.596000	-0.164109
1.597000	0.141640
1.598000	0.447389
1.599000	0.146733
1.600000	-0.225255
1.601000	-0.286411
1.602000	0.004049
1.603000	0.187497
1.604000	-0.001044
1.605000	-0.250740
1.606000	-0.281308
1.607000	0.039720
1.608000	0.243560
1.609000	-0.052004
1.610000	-0.286411
1.611000	-0.113149
1.612000	0.111062
1.613000	0.100876
1.614000	-0.184491
1.615000	-0.301700
1.616000	-0.016333
1.617000	0.238457
1.618000	0.136547
1.619000	-0.153913
1.620000	-0.230358
1.621000	0.009153
1.622000	0.172218
1.623000	0.116155
1.624000	-0.113149
1.625000	-0.128438
1.626000	0.187497
1.627000	0.299613
1.628000	0.060102
1.629000	-0.240544
1.630000	-0.159016
1.631000	0.095773
1.632000	0.044824
1.633000	-0.159016
1.634000	-0.204873
1.635000	-0.082582
1.636000	0.136547
1.637000	0.121258
1.638000	-0.052004
1.639000	-0.108056
1.640000	0.019338
1.641000	0.187497
1.642000	0.085587
1.643000	-0.199780
1.644000	-0.260926
1.645000	-0.041807
1.646000	0.141640
1.647000	0.004049
1.648000	-0.184491
1.649000	-0.057096
1.650000	0.162022
1.651000	0.151826
1.652000	0.014245
1.653000	-0.046911
1.654000	0.014245
1.655000	0.060102
1.656000	0.126351
1.657000	0.019338
1.658000	-0.128438
1.659000	-0.021426
1.660000	0.131444
1.661000	0.080494
1.662000	-0.128438
1.663000	-0.143727
1.664000	0.080494
1.665000	0.131444
1.666000	-0.006136
1.667000	-0.108056
1.668000	-0.118242
1.669000	0.004049
1.670000	0.075391
1.671000	-0.016333
1.672000	-0.143727
1.673000	-0.184491
1.674000	0.009153
1.675000	0.167115
1.676000	-0.006136
1.677000	-0.209976
1.678000	-0.128438
1.679000	0.085587
1.680000	0.151826
1.681000	-0.006136
1.682000	-0.138634
1.683000	-0.092767
1.684000	0.075391
1.685000	0.121258
1.686000	-0.016333
1.687000	-0.082582
1.688000	-0.041807
1.689000	0.055009
1.690000	0.080494
1.691000	-0.097860
1.692000	-0.143727
1.693000	0.019338
1.694000	0.095773
1.695000	-0.031622
1.696000	-0.153913
1.697000	-0.026518
1.698000	0.141640
1.699000	0.146733
1.700000	-0.001044
1.701000	-0.204873
1.702000	-0.133531
1.703000	0.136547
1.704000	0.060102
1.705000	-0.153913
1.706000	-0.199780
1.707000	-0.057096
1.708000	0.105969
1.709000	0.070298
1.710000	-0.077478
1.711000	-0.062189
1.712000	0.116155
1.713000	0.162022
1.714000	0.029534
1.715000	-0.072385
1.716000	-0.062189
1.717000	0.019338
1.718000	0.070298
1.719000	-0.052004
1.720000	-0.123345
1.721000	-0.011240
1.722000	0.075391
1.723000	0.024431
1.724000	-0.077478
1.725000	-0.077478
1.726000	-0.001044
1.727000	0.044824
1.728000	-0.031622
1.729000	-0.159016
1.730000	-0.092767
1.731000	0.024431
1.732000	-0.001044
1.733000	-0.082582
1.734000	-0.082582
1.735000	-0.026518
1.736000	0.044824
1.737000	0.075391
1.738000	0.009153
1.739000	-0.077478
1.740000	-0.011240
1.741000	0.080494
1.742000	0.014245
1.743000	-0.087674
1.744000	-0.067293
1.745000	0.024431
1.746000	0.055009
1.747000	-0.021426
1.748000	-0.102964
1.749000	-0.052004
1.750000	0.044824
1.751000	0.085587
1.752000	0.049916
1.753000	-0.036715
1.754000	-0.041807
1.755000	0.009153
1.756000	0.019338
1.757000	-0.021426
1.758000	-0.097860
1.759000	-0.062189
1.760000	0.009153
1.761000	-0.006136
1.762000	-0.046911
1.763000	-0.072385
1.764000	-0.021426
1.765000	0.044824
1.766000	-0.036715
1.767000	-0.097860
1.768000	-0.031622
1.769000	-0.016333
1.770000	0.029534
1.771000	-0.041807
1.772000	-0.133531
1.773000	-0.041807
1.774000	0.075391
1.775000	0.039720
1.776000	-0.128438
1.777000	-0.138634
1.778000	0.111062
1.779000	0.207889
1.780000	0.009153
1.781000	-0.159016
1.782000	-0.067293
1.783000	0.162022
1.784000	0.151826
1.785000	-0.118242
1.786000	-0.204873
1.787000	-0.026518
1.788000	0.146733
1.789000	0.121258
1.790000	-0.159016
1.791000	-0.215069
1.792000	0.060102
1.793000	0.202786
1.794000	0.116155
1.795000	-0.164109
1.796000	-0.174305
1.797000	0.111062
1.798000	0.228271
1.799000	0.034627
1.800000	-0.209976
1.801000	-0.128438
1.802000	0.151826
1.803000	0.167115
1.804000	-0.021426
1.805000	-0.209976
1.806000	-0.113149
1.807000	0.156929
1.808000	0.111062
1.809000	-0.067293
1.810000	-0.118242
1.811000	-0.031622
1.812000	0.192600
1.813000	0.121258
1.814000	-0.164109
1.815000	-0.164109
1.816000	-0.001044
1.817000	0.121258
1.818000	0.014245
1.819000	-0.189584
1.820000	-0.128438
1.821000	0.024431
1.822000	0.126351
1.823000	0.034627
1.824000	-0.153913
1.825000	-0.072385
1.826000	0.111062
1.827000	0.111062
1.828000	-0.026518
1.829000	-0.138634
1.830000	-0.036715
1.831000	0.111062
1.832000	0.034627
1.833000	-0.067293
1.834000	-0.087674
1.835000	0.060102
1.836000	0.167115
1.837000	0.019338
1.838000	-0.108056
1.839000	-0.062189
1.840000	0.090680
1.841000	0.146733
1.842000	-0.011240
1.843000	-0.102964
1.844000	-0.036715
1.845000	0.049916
1.846000	0.060102
1.847000	-0.097860
1.848000	-0.133531
1.849000	-0.011240
1.850000	0.060102
1.851000	-0.006136
1.852000	-0.092767
1.853000	-0.052004
1.854000	0.049916
1.855000	0.029534
1.856000	-0.036715
1.857000	-0.062189
1.858000	-0.021426
1.859000	0.039720
1.860000	0.004049
1.861000	-0.021426
1.862000	-0.031622
1.863000	-0.016333
1.864000	0.065205
1.865000	0.024431
1.866000	-0.031622
1.867000	0.004049
1.868000	0.065205
1.869000	0.049916
1.870000	-0.031622
1.871000	-0.067293
1.872000	0.004049
1.873000	0.024431
1.874000	0.014245
1.875000	-0.052004
1.876000	-0.077478
1.877000	0.004049
1.878000	0.039720
1.879000	-0.016333
1.880000	-0.092767
1.881000	-0.072385
1.882000	0.060102
1.883000	0.080494
1.884000	0.004049
1.885000	-0.077478
1.886000	-0.092767
1.887000	0.029534
1.888000	0.075391
1.889000	-0.026518
1.890000	-0.087674
1.891000	-0.046911
1.892000	0.049916
1.893000	0.075391
1.894000	-0.036715
1.895000	-0.082582
1.896000	-0.001044
1.897000	0.075391
1.898000	0.049916
1.899000	-0.067293
1.900000	-0.072385
1.901000	0.049916
1.902000	0.070298
1.903000	-0.006136
1.904000	-0.113149
1.905000	-0.092767
1.906000	0.055009
1.907000	0.085587
1.908000	-0.006136
1.909000	-0.102964
1.910000	-0.077478
1.911000	0.049916
1.912000	0.044824
1.913000	-0.036715
1.914000	-0.057096
1.915000	0.004049
1.916000	0.070298
1.917000	0.004049
1.918000	-0.092767
1.919000	-0.046911
1.920000	0.121258
1.921000	0.136547
1.922000	-0.041807
1.923000	-0.159016
1.924000	-0.052004
1.925000	0.111062
1.926000	0.131444
1.927000	-0.108056
1.928000	-0.179398
1.929000	-0.041807
1.930000	0.070298
1.931000	0.095773
1.932000	-0.067293
1.933000	-0.077478
1.934000	0.090680
1.935000	0.095773
1.936000	0.024431
1.937000	-0.067293
1.938000	-0.113149
1.939000	0.070298
1.940000	0.080494
1.941000	-0.102964
1.942000	-0.189584
1.943000	-0.062189
1.944000	0.151826
1.945000	0.131444
1.946000	-0.102964
1.947000	-0.194687
1.948000	-0.072385
1.949000	0.136547
1.950000	0.136547
1.951000	-0.097860
1.952000	-0.240544
1.953000	-0.118242
1.954000	0.126351
1.955000	0.141640
1.956000	-0.016333
1.957000	-0.087674
1.958000	0.009153
1.959000	0.085587
1.960000	0.065205
1.961000	-0.006136
1.962000	-0.057096
1.963000	-0.011240
1.964000	0.060102
1.965000	0.024431
1.966000	-0.092767
1.967000	-0.087674
1.968000	0.019338
1.969000	0.141640
1.970000	0.004049
1.971000	-0.204873
1.972000	-0.118242
1.973000	0.095773
1.974000	0.105969
1.975000	-0.077478
1.976000	-0.204873
1.977000	-0.108056
1.978000	0.080494
1.979000	0.141640
1.980000	0.060102
1.981000	-0.062189
1.982000	-0.087674
1.983000	0.034627
1.984000	0.177311
1.985000	0.212982
1.986000	0.080494
1.987000	-0.169202
1.988000	-0.296597
1.989000	-0.123345
1.990000	0.116155
1.991000	0.182404
1.992000	-0.072385
1.993000	-0.286411
1.994000	-0.174305
1.995000	0.116155
1.996000	0.228271
1.997000	0.039720
1.998000	-0.159016
1.999000	-0.006136
2.000000	0.207889
2.001000	0.162022
2.002000	-0.128438
2.003000	-0.240544
2.004000	0.024431
2.005000	0.197693
2.006000	0.080494
2.007000	-0.108056
2.008000	-0.164109
2.009000	0.095773
2.010000	0.289417
2.011000	0.049916
2.012000	-0.286411
2.013000	-0.276215
2.014000	0.136547
2.015000	0.330180
2.016000	-0.057096
2.017000	-0.373042
2.018000	-0.255833
2.019000	0.136547
2.020000	0.309799
2.021000	0.090680
2.022000	-0.169202
2.023000	-0.194687
2.024000	0.100876
2.025000	0.294510
2.026000	0.060102
2.027000	-0.199780
2.028000	-0.215069
2.029000	0.060102
2.030000	0.233364
2.031000	0.044824
2.032000	-0.102964
2.033000	-0.031622
2.034000	0.075391
2.035000	0.090680
2.036000	-0.092767
2.037000	-0.143727
2.038000	-0.036715
2.039000	0.039720
2.040000	0.044824
2.041000	-0.184491
2.042000	-0.209976
2.043000	0.065205
2.044000	0.177311
2.045000	0.141640
2.046000	-0.036715
2.047000	-0.113149
2.048000	0.116155
2.049000	0.182404
2.050000	0.024431
2.051000	-0.169202
2.052000	-0.260926
2.053000	-0.041807
2.054000	0.151826
2.055000	0.070298
2.056000	-0.128438
2.057000	-0.133531
2.058000	0.095773
2.059000	0.192600
2.060000	0.049916
2.061000	-0.118242
2.062000	-0.092767
2.063000	0.065205
2.064000	0.070298
2.065000	-0.072385
2.066000	-0.113149
2.067000	-0.072385
2.068000	0.055009
2.069000	0.111062
2.070000	-0.011240
2.071000	-0.057096
2.072000	0.065205
2.073000	0.146733
2.074000	0.044824
2.075000	-0.148820
2.076000	-0.108056
2.077000	0.055009
2.078000	0.070298
2.079000	-0.011240
2.080000	-0.092767
2.081000	-0.067293
2.082000	0.024431
2.083000	0.009153
2.084000	-0.031622
2.085000	-0.072385
2.086000	-0.046911
2.087000	0.060102
2.088000	0.024431
2.089000	-0.067293
2.090000	-0.062189
2.091000	-0.001044
2.092000	0.019338
2.093000	-0.011240
2.094000	0.014245
2.095000	0.080494
2.096000	0.044824
2.097000	-0.016333
2.098000	-0.041807
2.099000	0.019338
2.100000	0.085587
2.101000	-0.001044
2.102000	-0.087674
2.103000	-0.077478
2.104000	0.004049
2.105000	0.100876
2.106000	0.044824
2.107000	-0.036715
2.108000	-0.062189
2.109000	-0.001044
2.110000	0.100876
2.111000	0.039720
2.112000	-0.077478
2.113000	-0.072385
2.114000	-0.031622
2.115000	-0.001044
2.116000	-0.026518
2.117000	-0.062189
2.118000	-0.011240
2.119000	0.044824
2.120000	0.080494
2.121000	0.019338
2.122000	-0.087674
2.123000	-0.062189
2.124000	0.009153
2.125000	0.014245
2.126000	-0.031622
2.127000	-0.057096
2.128000	0.004049
2.129000	0.055009
2.130000	0.060102
2.131000	-0.011240
2.132000	-0.057096
2.133000	0.009153
2.134000	0.070298
2.135000	0.049916
2.136000	-0.016333
2.137000	-0.067293
2.138000	-0.011240
2.139000	0.044824
2.140000	0.024431
2.141000	-0.031622
2.142000	-0.062189
2.143000	-0.021426
2.144000	0.060102
2.145000	-0.011240
2.146000	-0.072385
2.147000	-0.067293
2.148000	-0.011240
2.149000	0.049916
2.150000	0.009153
2.151000	-0.052004
2.152000	-0.021426
2.153000	0.014245
2.154000	0.034627
2.155000	-0.006136
2.156000	-0.062189
2.157000	0.014245
2.158000	0.065205
2.159000	0.034627
2.160000	-0.001044
2.161000	-0.031622
2.162000	0.004049
2.163000	0.014245
2.164000	0.004049
2.165000	-0.011240
2.166000	-0.021426
2.167000	0.009153
2.168000	0.044824
2.169000	-0.006136
2.170000	-0.021426
2.171000	-0.021426
2.172000	-0.001044
2.173000	-0.011240
2.174000	-0.057096
2.175000	-0.052004
2.176000	-0.011240
2.177000	-0.011240
2.178000	-0.001044
2.179000	-0.006136
2.180000	-0.006136
2.181000	0.009153
2.182000	-0.011240
2.183000	0.019338
2.184000	0.004049
2.185000	-0.041807
2.186000	-0.021426
2.187000	-0.026518
2.188000	-0.011240
2.189000	-0.001044
2.190000	-0.031622
2.191000	0.019338
2.192000	0.019338
2.193000	0.019338
2.194000	0.029534
2.195000	-0.021426
2.196000	-0.031622
2.197000	0.004049
2.198000	0.034627
2.199000	0.039720
2.200000	-0.021426
2.201000	-0.031622
2.202000	0.019338
2.203000	0.014245
2.204000	-0.021426
2.205000	-0.031622
2.206000	-0.021426
2.207000	0.019338
2.208000	-0.006136
2.209000	-0.021426
2.210000	-0.026518
2.211000	-0.011240
2.212000	0.029534
2.213000	0.004049
2.214000	-0.006136
2.215000	-0.016333
2.216000	-0.011240
2.217000	0.004049
2.218000	-0.016333
2.219000	0.004049
2.220000	-0.001044
2.221000	-0.026518
2.222000	0.009153
2.223000	0.009153
2.224000	0.009153
2.225000	-0.006136
2.226000	-0.036715
2.227000	0.009153
2.228000	0.004049
2.229000	-0.021426
2.230000	-0.011240
2.231000	-0.021426
2.232000	0.009153
2.233000	0.024431
2.234000	-0.006136
2.235000	-0.021426
2.236000	-0.026518
2.237000	0.009153
2.238000	0.024431
2.239000	-0.021426
2.240000	-0.057096
2.241000	-0.006136
2.242000	0.065205
2.243000	0.029534
2.244000	-0.057096
2.245000	-0.041807
2.246000	0.009153
2.247000	0.034627
2.248000	0.014245
2.249000	-0.041807
2.250000	-0.057096
2.251000	-0.016333
2.252000	0.029534
2.253000	0.004049
2.254000	-0.067293
2.255000	-0.026518
2.256000	0.044824
2.257000	0.039720
2.258000	-0.046911
2.259000	-0.077478
2.260000	0.024431
2.261000	0.065205
2.262000	0.014245
2.263000	-0.016333
2.264000	-0.001044
2.265000	0.019338
2.266000	0.029534
2.267000	-0.006136
2.268000	-0.026518
2.269000	-0.026518
2.270000	-0.021426
2.271000	0.019338
2.272000	0.009153
2.273000	-0.031622
2.274000	-0.016333
2.275000	0.024431
2.276000	0.055009
2.277000	0.004049
2.278000	-0.057096
2.279000	-0.026518
2.280000	0.014245
2.281000	0.029534
2.282000	-0.011240
2.283000	-0.052004
2.284000	-0.016333
2.285000	0.024431
2.286000	0.019338
2.287000	-0.026518
2.288000	-0.067293
2.289000	-0.026518
2.290000	0.055009
2.291000	0.009153
2.292000	-0.057096
2.293000	-0.041807
2.294000	-0.031622
2.295000	0.049916
2.296000	0.024431
2.297000	-0.067293
2.298000	-0.041807
2.299000	-0.001044
2.300000	-0.031622
2.301000	0.004049
2.302000	0.080494
2.303000	0.029534
2.304000	-0.204873
2.305000	-0.001044
2.306000	0.233364
2.307000	0.274128
2.308000	-0.316979
2.309000	-0.352650
2.310000	0.177311
2.311000	0.416811
2.312000	-0.052004
2.313000	-0.490240
2.314000	-0.148820
2.315000	0.376048
2.316000	0.233364
2.317000	-0.194687
2.318000	-0.230358
2.319000	-0.036715
2.320000	0.212982
2.321000	0.049916
2.322000	-0.046911
2.323000	-0.169202
2.324000	0.238457
2.325000	-0.204873
2.326000	-0.148820
2.327000	0.070298
2.328000	0.381140
2.329000	0.029534
2.330000	-0.128438
2.331000	0.055009
2.332000	0.284324
2.333000	0.070298
2.334000	-0.413806
2.335000	-0.439281
2.336000	0.075391
2.337000	0.258839
2.338000	0.212982
2.339000	-0.087674
2.340000	-0.388321
2.341000	-0.133531
2.342000	0.207889
2.343000	0.105969
2.344000	-0.194687
2.345000	-0.220162
2.346000	0.090680
2.347000	0.151826
2.348000	-0.011240
2.349000	0.080494
2.350000	-0.367939
2.351000	-0.052004
2.352000	0.406626
2.353000	0.605352
2.354000	0.304706
2.355000	-0.566675
2.356000	-0.729741
2.357000	0.457575
2.358000	0.472864
2.359000	-0.164109
2.360000	-0.301700
2.361000	-0.067293
2.362000	0.493246
2.363000	-0.016333
2.364000	-0.974345
2.365000	-0.495333
2.366000	0.600259
2.367000	0.941679
2.368000	-0.194687
2.369000	-0.607439
2.370000	-0.378135
2.371000	0.212982
2.372000	0.467771
2.373000	0.039720
2.374000	-0.367939
2.375000	-0.118242
2.376000	0.019338
2.377000	0.564588
2.378000	0.294510
2.379000	-0.052004
2.380000	-0.102964
2.381000	0.065205
2.382000	-0.016333
2.383000	-0.128438
2.384000	-0.266029
2.385000	0.141640
2.386000	-0.072385
2.387000	-0.250740
2.388000	-0.118242
2.389000	-0.281308
2.390000	-0.057096
2.391000	0.360759
2.392000	0.335284
2.393000	-0.052004
2.394000	-0.316979
2.395000	-0.316979
2.396000	0.075391
2.397000	0.309799
2.398000	0.279221
2.399000	0.019338
2.400000	-0.184491
2.401000	-0.001044
2.402000	0.182404
2.403000	0.192600
2.404000	-0.036715
2.405000	-0.449477
2.406000	-0.276215
2.407000	0.095773
2.408000	0.335284
2.409000	0.131444
2.410000	-0.209976
2.411000	-0.108056
2.412000	-0.006136
2.413000	0.055009
2.414000	0.004049
2.415000	-0.184491
2.416000	0.049916
2.417000	0.044824
2.418000	-0.031622
2.419000	-0.133531
2.420000	-0.316979
2.421000	0.111062
2.422000	0.452482
2.423000	0.218075
2.424000	-0.062189
2.425000	-0.159016
2.426000	0.024431
2.427000	0.187497
2.428000	-0.041807
2.429000	-0.291504
2.430000	-0.266029
2.431000	0.136547
2.432000	0.314891
2.433000	-0.021426
2.434000	-0.245647
2.435000	-0.092767
2.436000	0.187497
2.437000	0.172218
2.438000	-0.092767
2.439000	-0.097860
2.440000	0.167115
2.441000	0.202786
2.442000	-0.036715
2.443000	-0.311886
2.444000	-0.322082
2.445000	0.019338
2.446000	0.274128
2.447000	0.197693
2.448000	-0.062189
2.449000	-0.108056
2.450000	0.055009
2.451000	0.111062
2.452000	-0.062189
2.453000	-0.199780
2.454000	-0.097860
2.455000	-0.087674
2.456000	0.136547
2.457000	0.289417
2.458000	0.019338
2.459000	-0.260926
2.460000	-0.515715
2.461000	-0.118242
2.462000	0.325088
2.463000	-0.031622
2.464000	-0.286411
2.465000	-0.082582
2.466000	0.202786
2.467000	0.437193
2.468000	0.024431
2.469000	-0.413806
2.470000	0.090680
2.471000	0.590073
2.472000	0.406626
2.473000	-0.011240
2.474000	-0.408713
2.475000	-0.159016
2.476000	0.218075
2.477000	0.065205
2.478000	-0.255833
2.479000	-0.429095
2.480000	0.029534
2.481000	0.330180
2.482000	0.055009
2.483000	-0.301700
2.484000	-0.434188
2.485000	-0.036715
2.486000	0.253746
2.487000	0.060102
2.488000	-0.128438
2.489000	-0.026518
2.490000	0.177311
2.491000	0.284324
2.492000	0.090680
2.493000	-0.138634
2.494000	-0.266029
2.495000	0.085587
2.496000	0.539113
2.497000	0.314891
2.498000	-0.245647
2.499000	-0.490240
2.500000	-0.102964
2.501000	0.304706
2.502000	0.044824
2.503000	-0.408713
2.504000	-0.352650
2.505000	0.070298
2.506000	0.309799
2.507000	-0.087674
2.508000	-0.423991
2.509000	0.019338
2.510000	0.493246
2.511000	0.386233
2.512000	-0.153913
2.513000	-0.352650
2.514000	-0.189584
2.515000	0.748036
2.516000	0.625744
2.517000	-0.449477
2.518000	-1.055870
2.519000	-0.296597
2.520000	0.748036
2.521000	0.365851
2.522000	-0.556489
2.523000	-0.102964
2.524000	0.528917
2.525000	0.055009
2.526000	-0.780701
2.527000	-0.739937
2.528000	0.528917
2.529000	1.018110
2.530000	0.121258
2.531000	-0.607439
2.532000	-0.383228
2.533000	0.243560
2.534000	0.360759
2.535000	-0.006136
2.536000	-0.245647
2.537000	0.111062
2.538000	0.355666
2.539000	0.187497
2.540000	-0.347557
2.541000	-0.378135
2.542000	0.253746
2.543000	0.590073
2.544000	-0.016333
2.545000	-0.612542
2.546000	-0.352650
2.547000	0.360759
2.548000	0.396429
2.549000	-0.159016
2.550000	-0.490240
2.551000	-0.276215
2.552000	0.192600
2.553000	0.223168
2.554000	0.044824
2.555000	-0.108056
2.556000	-0.077478
2.557000	0.049916
2.558000	-0.072385
2.559000	0.009153
2.560000	0.228271
2.561000	0.207889
2.562000	0.095773
2.563000	-0.011240
2.564000	-0.021426
2.565000	-0.001044
2.566000	-0.046911
2.567000	-0.052004
2.568000	-0.138634
2.569000	-0.153913
2.570000	-0.102964
2.571000	-0.011240
2.572000	0.126351
2.573000	0.167115
2.574000	-0.026518
2.575000	-0.286411
2.576000	-0.266029
2.577000	0.080494
2.578000	0.212982
2.579000	-0.016333
2.580000	-0.271122
2.581000	-0.215069
2.582000	0.024431
2.583000	0.039720
2.584000	0.055009
2.585000	0.182404
2.586000	0.243560
2.587000	0.207889
2.588000	0.019338
2.589000	-0.082582
2.590000	-0.138634
2.591000	-0.143727
2.592000	0.014245
2.593000	0.070298
2.594000	-0.097860
2.595000	-0.169202
2.596000	-0.052004
2.597000	0.105969
2.598000	0.085587
2.599000	-0.052004
2.600000	-0.108056
2.601000	-0.041807
2.602000	0.131444
2.603000	0.212982
2.604000	0.060102
2.605000	-0.153913
2.606000	-0.184491
2.607000	0.034627
2.608000	0.151826
2.609000	0.014245
2.610000	-0.118242
2.611000	-0.057096
2.612000	0.100876
2.613000	0.049916
2.614000	-0.143727
2.615000	-0.199780
2.616000	0.019338
2.617000	0.202786
2.618000	0.080494
2.619000	-0.159016
2.620000	-0.174305
2.621000	0.024431
2.622000	0.121258
2.623000	-0.036715
2.624000	-0.230358
2.625000	-0.159016
2.626000	0.095773
2.627000	0.212982
2.628000	0.090680
2.629000	-0.072385
2.630000	-0.072385
2.631000	0.034627
2.632000	0.049916
2.633000	-0.006136
2.634000	-0.016333
2.635000	0.049916
2.636000	0.065205
2.637000	-0.021426
2.638000	-0.092767
2.639000	-0.097860
2.640000	-0.016333
2.641000	0.049916
2.642000	0.034627
2.643000	-0.026518
2.644000	-0.031622
2.645000	0.044824
2.646000	0.100876
2.647000	0.004049
2.648000	-0.087674
2.649000	-0.052004
2.650000	0.080494
2.651000	0.131444
2.652000	0.014245
2.653000	-0.118242
2.654000	-0.072385
2.655000	0.014245
2.656000	0.049916
2.657000	-0.001044
2.658000	-0.031622
2.659000	0.080494
2.660000	0.141640
2.661000	0.070298
2.662000	-0.097860
2.663000	-0.169202
2.664000	-0.016333
2.665000	0.080494
2.666000	-0.011240
2.667000	-0.143727
2.668000	-0.108056
2.669000	0.065205
2.670000	0.090680
2.671000	-0.052004
2.672000	-0.113149
2.673000	-0.011240
2.674000	0.126351
2.675000	0.085587
2.676000	-0.041807
2.677000	-0.046911
2.678000	0.024431
2.679000	0.039720
2.680000	-0.036715
2.681000	-0.102964
2.682000	-0.021426
2.683000	0.065205
2.684000	0.055009
2.685000	-0.026518
2.686000	-0.097860
2.687000	-0.041807
2.688000	0.034627
2.689000	0.014245
2.690000	-0.046911
2.691000	-0.062189
2.692000	0.024431
2.693000	0.085587
2.694000	0.019338
2.695000	-0.057096
2.696000	-0.062189
2.697000	0.014245
2.698000	0.049916
2.699000	-0.001044
2.700000	-0.041807
2.701000	-0.011240
2.702000	0.049916
2.703000	0.055009
2.704000	-0.021426
2.705000	-0.087674
2.706000	-0.062189
2.707000	0.024431
2.708000	0.070298
2.709000	0.014245
2.710000	-0.072385
2.711000	-0.062189
2.712000	-0.001044
2.713000	0.019338
2.714000	-0.026518
2.715000	-0.062189
2.716000	0.019338
2.717000	0.075391
2.718000	0.019338
2.719000	-0.057096
2.720000	-0.067293
2.721000	0.034627
2.722000	0.080494
2.723000	0.004049
2.724000	-0.062189
2.725000	-0.067293
2.726000	0.009153
2.727000	0.024431
2.728000	-0.067293
2.729000	-0.133531
2.730000	-0.067293
2.731000	0.044824
2.732000	0.060102
2.733000	-0.001044
2.734000	-0.016333
2.735000	0.039720
2.736000	0.055009
2.737000	-0.011240
2.738000	-0.077478
2.739000	-0.046911
2.740000	0.034627
2.741000	0.029534
2.742000	-0.026518
2.743000	-0.052004
2.744000	-0.016333
2.745000	0.049916
2.746000	0.044824
2.747000	-0.001044
2.748000	-0.021426
2.749000	-0.006136
2.750000	0.024431
2.751000	0.009153
2.752000	-0.057096
2.753000	-0.082582
2.754000	-0.036715
2.755000	0.014245
2.756000	0.024431
2.757000	0.009153
2.758000	0.004049
2.759000	0.019338
2.760000	-0.001044
2.761000	-0.031622
2.762000	-0.052004
2.763000	-0.011240
2.764000	0.044824
2.765000	0.080494
2.766000	0.039720
2.767000	-0.011240
2.768000	-0.021426
2.769000	0.004049
2.770000	0.004049
2.771000	-0.026518
2.772000	-0.052004
2.773000	-0.021426
2.774000	0.044824
2.775000	0.034627
2.776000	-0.001044
2.777000	-0.036715
2.778000	-0.011240
2.779000	0.024431
2.780000	0.009153
2.781000	-0.021426
2.782000	-0.026518
2.783000	-0.006136
2.784000	-0.001044
2.785000	-0.031622
2.786000	-0.062189
2.787000	-0.011240
2.788000	0.029534
2.789000	0.014245
2.790000	-0.016333
2.791000	-0.031622
2.792000	-0.001044
2.793000	0.014245
2.794000	-0.021426
2.795000	-0.041807
2.796000	-0.021426
2.797000	0.029534
2.798000	0.039720
2.799000	-0.016333
2.800000	-0.041807
2.801000	-0.031622
2.802000	-0.001044
2.803000	-0.001044
2.804000	-0.026518
2.805000	-0.011240
2.806000	0.034627
2.807000	0.065205
2.808000	0.029534
2.809000	-0.026518
2.810000	-0.031622
2.811000	0.009153
2.812000	0.039720
2.813000	0.004049
2.814000	-0.036715
2.815000	-0.036715
2.816000	-0.001044
2.817000	0.014245
2.818000	-0.006136
2.819000	-0.036715
2.820000	-0.021426
2.821000	0.034627
2.822000	0.039720
2.823000	-0.001044
2.824000	-0.041807
2.825000	-0.052004
2.826000	-0.011240
2.827000	0.009153
2.828000	-0.011240
2.829000	-0.021426
2.830000	0.014245
2.831000	0.060102
2.832000	0.029534
2.833000	-0.026518
2.834000	-0.057096
2.835000	-0.026518
2.836000	0.024431
2.837000	0.019338
2.838000	-0.021426
2.839000	-0.031622
2.840000	0.004049
2.841000	0.019338
2.842000	-0.011240
2.843000	-0.062189
2.844000	-0.041807
2.845000	0.009153
2.846000	0.019338
2.847000	-0.021426
2.848000	-0.052004
2.849000	-0.031622
2.850000	0.024431
2.851000	0.014245
2.852000	-0.026518
2.853000	-0.021426
2.854000	0.024431
2.855000	0.055009
2.856000	0.009153
2.857000	-0.052004
2.858000	-0.052004
2.859000	0.004049
2.860000	0.034627
2.861000	0.004049
2.862000	-0.031622
2.863000	-0.011240
2.864000	0.034627
2.865000	0.034627
2.866000	-0.021426
2.867000	-0.036715
2.868000	-0.011240
2.869000	0.044824
2.870000	0.024431
2.871000	-0.021426
2.872000	-0.041807
2.873000	-0.006136
2.874000	0.024431
2.875000	-0.006136
2.876000	-0.041807
2.877000	-0.021426
2.878000	0.029534
2.879000	0.039720
2.880000	-0.001044
2.881000	-0.036715
2.882000	-0.016333
2.883000	0.019338
2.884000	0.009153
2.885000	-0.016333
2.886000	-0.031622
2.887000	-0.011240
2.888000	0.009153
2.889000	-0.011240
2.890000	-0.052004
2.891000	-0.046911
2.892000	-0.001044
2.893000	0.019338
2.894000	0.004049
2.895000	-0.016333
2.896000	-0.016333
2.897000	0.014245
2.898000	0.004049
2.899000	-0.026518
2.900000	-0.041807
2.901000	-0.016333
2.902000	0.014245
2.903000	0.024431
2.904000	-0.006136
2.905000	-0.011240
2.906000	-0.001044
2.907000	0.009153
2.908000	-0.006136
2.909000	-0.026518
2.910000	-0.021426
2.911000	-0.001044
2.912000	0.009153
2.913000	-0.011240
2.914000	-0.026518
2.915000	-0.011240
2.916000	0.009153
2.917000	0.009153
2.918000	-0.011240
2.919000	-0.011240
2.920000	0.004049
2.921000	0.009153
2.922000	-0.001044
2.923000	-0.026518
2.924000	-0.011240
2.925000	0.014245
2.926000	0.024431
2.927000	-0.001044
2.928000	-0.006136
2.929000	0.009153
2.930000	0.014245
2.931000	-0.011240
2.932000	-0.041807
2.933000	-0.021426
2.934000	-0.001044
2.935000	0.004049
2.936000	-0.021426
2.937000	-0.031622
2.938000	-0.016333
2.939000	0.009153
2.940000	-0.001044
2.941000	-0.031622
2.942000	-0.031622
2.943000	0.004049
2.944000	0.019338
2.945000	-0.006136
2.946000	-0.031622
2.947000	-0.031622
2.948000	0.014245
2.949000	0.014245
2.950000	-0.016333
2.951000	-0.031622
2.952000	-0.016333
2.953000	0.014245
2.954000	0.009153
2.955000	-0.036715
2.956000	-0.041807
2.957000	-0.001044
2.958000	0.009153
2.959000	-0.001044
2.960000	-0.011240
2.961000	-0.011240
2.962000	0.009153
2.963000	0.014245
2.964000	-0.006136
2.965000	-0.021426
2.966000	-0.001044
2.967000	0.019338
2.968000	0.019338
2.969000	-0.001044
2.970000	-0.011240
2.971000	0.004049
2.972000	0.019338
2.973000	-0.001044
2.974000	-0.021426
2.975000	-0.016333
2.976000	0.014245
2.977000	0.019338
2.978000	-0.016333
2.979000	-0.021426
2.980000	-0.011240
2.981000	0.009153
2.982000	-0.006136
2.983000	-0.026518
2.984000	-0.026518
2.985000	-0.001044
2.986000	0.009153
2.987000	-0.006136
2.988000	-0.031622
2.989000	-0.021426
2.990000	0.009153
2.991000	0.024431
2.992000	0.004049
2.993000	-0.006136
2.994000	-0.006136
2.995000	0.019338
2.996000	0.004049
2.997000	-0.026518
2.998000	-0.026518
2.999000	-0.011240
3.000000	0.004049
3.001000	-0.011240
3.002000	-0.016333
3.003000	-0.016333
3.004000	-0.001044
3.005000	0.004049
3.006000	-0.021426
3.007000	-0.026518
3.008000	-0.011240
3.009000	-0.001044
3.010000	-0.006136
3.011000	-0.016333
3.012000	-0.016333
3.013000	0.009153
3.014000	0.009153
3.015000	-0.001044
3.016000	-0.011240
3.017000	-0.006136
3.018000	0.004049
3.019000	0.004049
3.020000	-0.011240
3.021000	-0.011240
3.022000	-0.001044
3.023000	0.004049
3.024000	0.009153
3.025000	-0.006136
3.026000	-0.001044
3.027000	-0.001044
3.028000	-0.011240
3.029000	-0.006136
3.030000	-0.016333
3.031000	-0.006136
3.032000	-0.001044
3.033000	-0.001044
3.034000	-0.006136
3.035000	0.004049
3.036000	0.004049
3.037000	0.004049
3.038000	-0.006136
3.039000	-0.021426
3.040000	-0.011240
3.041000	-0.006136
3.042000	-0.011240
3.043000	-0.011240
3.044000	-0.011240
3.045000	-0.006136
3.046000	0.004049
3.047000	-0.011240
3.048000	-0.021426
3.049000	-0.016333
3.050000	0.004049
3.051000	-0.006136
3.052000	-0.016333
3.053000	-0.021426
3.054000	-0.006136
3.055000	0.004049
3.056000	-0.001044
3.057000	-0.016333
3.058000	-0.001044
3.059000	0.004049
3.060000	-0.006136
3.061000	-0.011240
3.062000	-0.021426
3.063000	-0.011240
3.064000	-0.001044
3.065000	-0.001044
3.066000	-0.011240
3.067000	-0.011240
3.068000	-0.001044
3.069000	-0.006136
3.070000	-0.016333
3.071000	-0.026518
3.072000	-0.021426
3.073000	-0.011240
3.074000	-0.006136
3.075000	-0.016333
3.076000	-0.011240
3.077000	-0.006136
3.078000	0.014245
3.079000	0.004049
3.080000	-0.016333
3.081000	-0.001044
3.082000	0.004049
3.083000	0.014245
3.084000	-0.006136
3.085000	-0.021426
3.086000	-0.001044
3.087000	0.014245
3.088000	0.019338
3.089000	-0.011240
3.090000	-0.006136
3.091000	0.004049
3.092000	0.009153
3.093000	-0.001044
3.094000	-0.016333
3.095000	-0.021426
3.096000	-0.001044
3.097000	0.004049
3.098000	-0.016333
3.099000	-0.026518
3.100000	-0.021426
3.101000	-0.001044
3.102000	-0.006136
3.103000	-0.026518
3.104000	-0.031622
3.105000	-0.006136
3.106000	0.004049
3.107000	-0.001044
3.108000	-0.011240
3.109000	-0.006136
3.110000	0.009153
3.111000	0.009153
3.112000	-0.006136
3.113000	-0.011240
3.114000	-0.011240
3.115000	0.004049
3.116000	-0.011240
3.117000	-0.016333
3.118000	-0.026518
3.119000	-0.006136
3.120000	0.004049
3.121000	-0.001044
3.122000	-0.021426
3.123000	-0.011240
3.124000	0.004049
3.125000	0.004049
3.126000	-0.016333
3.127000	-0.016333
3.128000	-0.016333
3.129000	0.004049
3.130000	0.004049
3.131000	-0.001044
3.132000	-0.011240
3.133000	0.004049
3.134000	0.014245
3.135000	-0.006136
3.136000	-0.011240
3.137000	-0.011240
3.138000	0.009153
3.139000	0.014245
3.140000	-0.006136
3.141000	-0.011240
3.142000	0.004049
3.143000	0.014245
3.144000	0.004049
3.145000	-0.026518
3.146000	-0.016333
3.147000	-0.006136
3.148000	0.004049
3.149000	-0.006136
3.150000	-0.011240
3.151000	-0.001044
3.152000	0.009153
3.153000	0.004049
3.154000	-0.011240
3.155000	-0.021426
3.156000	-0.001044
3.157000	0.004049
3.158000	-0.016333
3.159000	-0.021426
3.160000	-0.016333
3.161000	0.004049
3.162000	0.004049
3.163000	-0.006136
3.164000	-0.026518
3.165000	-0.016333
3.166000	0.004049
3.167000	-0.001044
3.168000	-0.016333
3.169000	-0.021426
3.170000	-0.011240
3.171000	0.004049
3.172000	-0.001044
3.173000	-0.016333
3.174000	-0.011240
3.175000	0.009153
3.176000	0.009153
3.177000	-0.006136
3.178000	-0.006136
3.179000	-0.006136
3.180000	0.009153
3.181000	-0.001044
3.182000	-0.011240
3.183000	-0.006136
3.184000	0.004049
3.185000	0.004049
3.186000	-0.006136
3.187000	-0.011240
3.188000	-0.006136
3.189000	0.004049
3.190000	-0.001044
3.191000	-0.016333
3.192000	-0.016333
3.193000	-0.006136
3.194000	0.009153
3.195000	0.004049
3.196000	-0.001044
3.197000	-0.001044
3.198000	0.009153
3.199000	0.009153
3.200000	-0.011240
3.201000	-0.016333
3.202000	-0.011240
3.203000	0.004049
3.204000	0.009153
3.205000	-0.011240
3.206000	-0.016333
3.207000	-0.001044
3.208000	0.004049
3.209000	-0.006136
3.210000	-0.016333
3.211000	-0.016333
3.212000	-0.001044
3.213000	-0.001044
3.214000	-0.016333
3.215000	-0.011240
3.216000	-0.016333
3.217000	-0.006136
3.218000	-0.011240
3.219000	-0.021426
3.220000	-0.021426
3.221000	-0.016333
3.222000	0.004049
3.223000	-0.016333
3.224000	-0.021426
3.225000	-0.016333
3.226000	0.004049
3.227000	0.009153
3.228000	-0.006136
3.229000	-0.016333
3.230000	-0.006136
3.231000	-0.001044
3.232000	-0.006136
3.233000	-0.016333
3.234000	-0.021426
3.235000	-0.001044
3.236000	0.004049
3.237000	0.004049
3.238000	-0.011240
3.239000	-0.016333
3.240000	0.004049
3.241000	0.014245
3.242000	-0.011240
3.243000	-0.016333
3.244000	-0.006136
3.245000	0.004049
3.246000	0.004049
3.247000	-0.011240
3.248000	-0.006136
3.249000	-0.001044
3.250000	-0.001044
3.251000	0.004049
3.252000	-0.011240
3.253000	-0.016333
3.254000	-0.006136
3.255000	-0.001044
3.256000	-0.011240
3.257000	-0.021426
3.258000	-0.011240
3.259000	-0.001044
3.260000	0.004049
3.261000	-0.006136
3.262000	-0.011240
3.263000	-0.011240
3.264000	0.004049
3.265000	-0.006136
3.266000	-0.011240
3.267000	-0.011240
3.268000	-0.001044
3.269000	-0.001044
3.270000	-0.006136
3.271000	-0.011240
3.272000	-0.006136
3.273000	-0.011240
3.274000	-0.006136
3.275000	-0.016333
3.276000	-0.016333
3.277000	-0.001044
3.278000	-0.006136
3.279000	-0.006136
3.280000	-0.006136
3.281000	-0.006136
3.282000	-0.011240
3.283000	0.004049
3.284000	-0.016333
3.285000	-0.011240
3.286000	-0.016333
3.287000	-0.001044
3.288000	-0.001044
3.289000	-0.011240
3.290000	-0.001044
3.291000	0.004049
3.292000	0.004049
3.293000	0.004049
3.294000	-0.001044
3.295000	-0.006136
3.296000	0.004049
3.297000	-0.001044
3.298000	0.004049
3.299000	-0.006136
3.300000	0.004049
3.301000	-0.001044
3.302000	-0.001044
3.303000	-0.006136
3.304000	-0.011240
3.305000	-0.001044
3.306000	-0.011240
3.307000	-0.011240
3.308000	-0.011240
3.309000	-0.006136
3.310000	-0.001044
3.311000	-0.006136
3.312000	-0.006136
3.313000	-0.006136
3.314000	-0.001044
3.315000	-0.001044
3.316000	-0.001044
3.317000	-0.011240
3.318000	-0.011240
3.319000	-0.006136
3.320000	-0.011240
3.321000	-0.011240
3.322000	-0.006136
3.323000	-0.011240
3.324000	-0.006136
3.325000	-0.006136
3.326000	-0.006136
3.327000	-0.016333
3.328000	-0.011240
3.329000	-0.011240
3.330000	-0.011240
3.331000	-0.011240
3.332000	-0.011240
3.333000	-0.001044
3.334000	-0.006136
3.335000	-0.006136
3.336000	-0.011240
3.337000	-0.001044
3.338000	0.004049
3.339000	-0.021426
3.340000	-0.016333
3.341000	-0.011240
3.342000	-0.001044
3.343000	-0.001044
3.344000	-0.001044
3.345000	-0.006136
3.346000	-0.001044
3.347000	0.004049
3.348000	-0.006136
3.349000	-0.011240
3.350000	-0.011240
3.351000	-0.006136
3.352000	-0.006136
3.353000	-0.006136
3.354000	-0.006136
3.355000	-0.001044
3.356000	-0.001044
3.357000	0.009153
3.358000	-0.006136
3.359000	-0.006136
3.360000	-0.001044
3.361000	-0.001044
3.362000	0.004049
3.363000	-0.006136
3.364000	-0.001044
3.365000	0.004049
3.366000	0.009153
3.367000	-0.011240
3.368000	-0.011240
3.369000	-0.011240
3.370000	-0.001044
3.371000	-0.006136
3.372000	-0.011240
3.373000	-0.016333
3.374000	-0.006136
3.375000	-0.001044
3.376000	-0.001044
3.377000	-0.011240
3.378000	-0.006136
3.379000	-0.006136
3.380000	-0.006136
3.381000	-0.016333
3.382000	-0.016333
3.383000	-0.011240
3.384000	-0.001044
3.385000	-0.001044
3.386000	-0.011240
3.387000	-0.011240
3.388000	-0.006136
3.389000	0.004049
3.390000	-0.006136
3.391000	-0.006136
3.392000	-0.016333
3.393000	-0.006136
3.394000	-0.006136
3.395000	-0.006136
3.396000	-0.016333
3.397000	-0.016333
3.398000	0.009153
3.399000	-0.006136
3.400000	-0.001044
3.401000	-0.016333
3.402000	-0.006136
3.403000	0.004049
3.404000	-0.006136
3.405000	-0.016333
3.406000	-0.011240
3.407000	0.009153
3.408000	0.014245
3.409000	-0.006136
3.410000	-0.006136
3.411000	-0.006136
3.412000	0.004049
3.413000	-0.006136
3.414000	-0.011240
3.415000	-0.001044
3.416000	0.004049
3.417000	0.004049
3.418000	0.004049
3.419000	-0.006136
3.420000	-0.006136
3.421000	-0.006136
3.422000	-0.001044
3.423000	-0.016333
3.424000	-0.011240
3.425000	-0.016333
3.426000	-0.001044
3.427000	-0.001044
3.428000	-0.006136
3.429000	-0.011240
3.430000	-0.001044
3.431000	0.004049
3.432000	-0.006136
3.433000	-0.021426
3.434000	-0.016333
3.435000	-0.006136
3.436000	-0.006136
3.437000	-0.016333
3.438000	-0.011240
3.439000	-0.006136
3.440000	-0.001044
3.441000	-0.001044
3.442000	-0.011240
3.443000	-0.011240
3.444000	-0.006136
3.445000	-0.001044
3.446000	-0.006136
3.447000	-0.016333
3.448000	-0.001044
3.449000	-0.006136
3.450000	-0.001044
3.451000	-0.006136
3.452000	-0.011240
3.453000	-0.001044
3.454000	0.004049
3.455000	-0.001044
3.456000	-0.011240
3.457000	-0.006136
3.458000	-0.001044
3.459000	-0.006136
3.460000	-0.006136
3.461000	-0.001044
3.462000	-0.006136
3.463000	0.009153
3.464000	0.004049
3.465000	-0.006136
3.466000	-0.016333
3.467000	-0.011240
3.468000	0.004049
3.469000	-0.011240
3.470000	-0.016333
3.471000	-0.006136
3.472000	-0.001044
3.473000	0.004049
3.474000	0.004049
3.475000	-0.016333
3.476000	-0.016333
3.477000	-0.001044
3.478000	-0.001044
3.479000	-0.016333
3.480000	-0.016333
3.481000	-0.001044
3.482000	0.004049
3.483000	-0.001044
3.484000	-0.016333
3.485000	-0.011240
3.486000	-0.006136
3.487000	-0.001044
3.488000	-0.006136
3.489000	-0.021426
3.490000	-0.011240
3.491000	-0.006136
3.492000	0.004049
3.493000	-0.006136
3.494000	-0.011240
3.495000	-0.006136
3.496000	-0.001044
3.497000	-0.011240
3.498000	-0.006136
3.499000	-0.011240
3.500000	-0.006136
3.501000	0.004049
3.502000	-0.006136
3.503000	-0.006136
3.504000	-0.006136
3.505000	0.004049
3.506000	-0.006136
3.507000	-0.011240
3.508000	-0.011240
3.509000	-0.001044
3.510000	-0.001044
3.511000	-0.001044
3.512000	-0.011240
3.513000	-0.016333
3.514000	-0.001044
3.515000	0.004049
3.516000	-0.011240
3.517000	-0.016333
3.518000	-0.001044
3.519000	0.004049
3.520000	-0.001044
3.521000	-0.011240
3.522000	-0.011240
3.523000	-0.001044
3.524000	0.004049
3.525000	-0.006136
3.526000	-0.016333
3.527000	-0.006136
3.528000	-0.001044
3.529000	-0.001044
3.530000	-0.006136
3.531000	-0.011240
3.532000	-0.011240
3.533000	-0.006136
3.534000	-0.006136
3.535000	-0.016333
3.536000	-0.011240
3.537000	-0.001044
3.538000	0.004049
3.539000	-0.011240
3.540000	-0.021426
3.541000	-0.011240
3.542000	-0.006136
3.543000	-0.001044
3.544000	-0.011240
3.545000	-0.011240
3.546000	-0.006136
3.547000	-0.001044
3.548000	0.009153
3.549000	-0.016333
3.550000	-0.011240
3.551000	-0.006136
3.552000	-0.011240
3.553000	-0.011240
3.554000	-0.016333
3.555000	-0.001044
3.556000	0.004049
3.557000	-0.001044
3.558000	-0.006136
3.559000	-0.001044
3.560000	-0.011240
3.561000	-0.001044
3.562000	-0.006136
3.563000	-0.011240
3.564000	-0.016333
3.565000	-0.006136
3.566000	-0.006136
3.567000	0.004049
3.568000	-0.006136
3.569000	-0.006136
3.570000	0.004049
3.571000	-0.001044
3.572000	-0.011240
3.573000	-0.011240
3.574000	-0.001044
3.575000	-0.001044
3.576000	-0.001044
3.577000	-0.016333
3.578000	-0.016333
3.579000	-0.006136
3.580000	0.004049
3.581000	-0.006136
3.582000	-0.021426
3.583000	-0.016333
3.584000	-0.006136
3.585000	-0.006136
3.586000	-0.016333
3.587000	-0.016333
3.588000	-0.006136
3.589000	-0.001044
3.590000	0.004049
3.591000	-0.016333
3.592000	-0.011240
3.593000	-0.001044
3.594000	-0.001044
3.595000	-0.006136
3.596000	-0.006136
3.597000	-0.011240
3.598000	-0.006136
3.599000	-0.006136
3.600000	-0.006136
3.601000	-0.011240
3.602000	-0.011240
3.603000	-0.006136
3.604000	-0.006136
3.605000	-0.016333
3.606000	-0.011240
3.607000	-0.011240
3.608000	-0.011240
3.609000	-0.011240
3.610000	-0.006136
3.611000	-0.006136
3.612000	0.004049
3.613000	-0.006136
3.614000	-0.011240
3.615000	-0.006136
3.616000	-0.001044
3.617000	-0.006136
3.618000	-0.006136
3.619000	-0.011240
3.620000	-0.001044
3.621000	0.009153
3.622000	-0.001044
3.623000	-0.006136
3.624000	-0.006136
3.625000	-0.006136
3.626000	-0.006136
3.627000	-0.011240
3.628000	-0.011240
3.629000	-0.001044
3.630000	-0.006136
3.631000	-0.001044
3.632000	-0.011240
3.633000	-0.006136
3.634000	-0.001044
3.635000	-0.001044
3.636000	-0.011240
3.637000	-0.011240
3.638000	-0.011240
3.639000	-0.011240
3.640000	-0.011240
3.641000	-0.011240
3.642000	-0.011240
3.643000	-0.006136
3.644000	0.004049
3.645000	-0.006136
3.646000	-0.006136
3.647000	-0.006136
3.648000	-0.001044
3.649000	-0.006136
3.650000	-0.011240
3.651000	-0.016333
3.652000	-0.011240
3.653000	0.004049
3.654000	-0.011240
3.655000	-0.011240
3.656000	-0.011240
3.657000	0.004049
3.658000	0.004049
3.659000	-0.006136
3.660000	-0.011240
3.661000	-0.011240
3.662000	-0.001044
3.663000	0.004049
3.664000	-0.011240
3.665000	-0.011240
3.666000	-0.006136
3.667000	0.004049
3.668000	0.004049
3.669000	-0.016333
3.670000	-0.016333
3.671000	-0.006136
3.672000	-0.006136
3.673000	-0.001044
3.674000	-0.016333
3.675000	-0.006136
3.676000	-0.001044
3.677000	0.004049
3.678000	-0.006136
3.679000	-0.011240
3.680000	-0.006136
3.681000	-0.001044
3.682000	-0.001044
3.683000	-0.011240
3.684000	-0.011240
3.685000	-0.011240
3.686000	0.004049
3.687000	-0.001044
3.688000	-0.006136
3.689000	-0.011240
3.690000	-0.001044
3.691000	-0.006136
3.692000	-0.011240
3.693000	-0.011240
3.694000	-0.011240
3.695000	0.004049
3.696000	-0.006136
3.697000	-0.011240
3.698000	-0.006136
3.699000	-0.006136
3.700000	-0.006136
3.701000	-0.006136
3.702000	-0.021426
3.703000	-0.016333
3.704000	-0.006136
3.705000	-0.001044
3.706000	-0.006136
3.707000	-0.001044
3.708000	-0.011240
3.709000	-0.001044
3.710000	0.004049
3.711000	-0.006136
3.712000	-0.006136
3.713000	-0.011240
3.714000	-0.001044
3.715000	-0.011240
3.716000	-0.011240
3.717000	-0.006136
3.718000	-0.006136
3.719000	-0.001044
3.720000	-0.006136
3.721000	-0.006136
3.722000	-0.001044
3.723000	-0.011240
3.724000	-0.001044
3.725000	-0.011240
3.726000	-0.016333
3.727000	-0.006136
3.728000	0.004049
3.729000	-0.001044
3.730000	-0.001044
3.731000	-0.001044
3.732000	-0.001044
3.733000	-0.006136
3.734000	-0.006136
3.735000	-0.021426
3.736000	-0.011240
3.737000	-0.001044
3.738000	-0.001044
3.739000	-0.006136
3.740000	-0.001044
3.741000	-0.006136
3.742000	-0.001044
3.743000	-0.006136
3.744000	-0.016333
3.745000	-0.016333
3.746000	-0.011240
3.747000	-0.011240
3.748000	-0.006136
3.749000	-0.006136
3.750000	-0.001044
3.751000	-0.001044
3.752000	-0.006136
3.753000	-0.006136
3.754000	-0.011240
3.755000	-0.016333
3.756000	-0.011240
3.757000	-0.001044
3.758000	-0.011240
3.759000	-0.006136
3.760000	-0.006136
3.761000	-0.001044
3.762000	-0.001044
3.763000	-0.011240
3.764000	-0.011240
3.765000	-0.006136
3.766000	-0.016333
3.767000	-0.006136
3.768000	-0.006136
3.769000	-0.001044
3.770000	-0.006136
3.771000	-0.001044
3.772000	-0.001044
3.773000	-0.011240
3.774000	-0.006136
3.775000	-0.001044
3.776000	-0.011240
3.777000	-0.006136
3.778000	-0.001044
3.779000	-0.006136
3.780000	-0.006136
3.781000	-0.011240
3.782000	-0.006136
3.783000	-0.001044
3.784000	-0.001044
3.785000	-0.006136
3.786000	-0.001044
3.787000	-0.011240
3.788000	-0.001044
3.789000	-0.016333
3.790000	-0.011240
3.791000	-0.006136
3.792000	-0.006136
3.793000	0.004049
3.794000	-0.001044
3.795000	-0.006136
3.796000	-0.011240
3.797000	-0.006136
3.798000	-0.001044
3.799000	-0.011240
3.800000	-0.011240
3.801000	-0.001044
3.802000	-0.001044
3.803000	-0.006136
3.804000	-0.011240
3.805000	-0.011240
3.806000	-0.006136
3.807000	-0.006136
3.808000	-0.011240
3.809000	-0.016333
3.810000	-0.011240
3.811000	-0.011240
3.812000	-0.011240
3.813000	-0.011240
3.814000	-0.011240
3.815000	-0.001044
3.816000	-0.006136
3.817000	-0.006136
3.818000	-0.021426
3.819000	-0.011240
3.820000	-0.006136
3.821000	-0.001044
3.822000	-0.006136
3.823000	-0.011240
3.824000	0.004049
3.825000	-0.001044
3.826000	-0.001044
3.827000	-0.006136
3.828000	-0.001044
3.829000	-0.011240
3.830000	-0.011240
3.831000	-0.006136
3.832000	-0.011240
3.833000	-0.006136
3.834000	0.004049
3.835000	-0.006136
3.836000	-0.006136
3.837000	-0.011240
3.838000	-0.006136
3.839000	-0.006136
3.840000	-0.006136
3.841000	-0.006136
3.842000	-0.006136
3.843000	0.004049
3.844000	-0.001044
3.845000	-0.006136
3.846000	-0.006136
3.847000	-0.001044
3.848000	-0.001044
3.849000	-0.006136
3.850000	-0.006136
3.851000	-0.016333
3.852000	-0.011240
3.853000	-0.011240
3.854000	-0.006136
3.855000	-0.011240
3.856000	-0.016333
3.857000	-0.001044
3.858000	-0.006136
3.859000	-0.001044
3.860000	-0.006136
3.861000	-0.011240
3.862000	-0.006136
3.863000	-0.006136
3.864000	-0.011240
3.865000	-0.011240
3.866000	-0.006136
3.867000	0.004049
3.868000	-0.006136
3.869000	-0.001044
3.870000	-0.006136
3.871000	-0.011240
3.872000	-0.006136
3.873000	-0.016333
3.874000	-0.006136
3.875000	-0.011240
3.876000	-0.006136
3.877000	-0.001044
3.878000	-0.001044
3.879000	-0.006136
3.880000	-0.006136
3.881000	-0.001044
3.882000	-0.006136
3.883000	-0.006136
3.884000	-0.011240
3.885000	-0.016333
3.886000	-0.006136
3.887000	-0.001044
3.888000	-0.001044
3.889000	-0.006136
3.890000	-0.006136
3.891000	-0.001044
3.892000	-0.001044
3.893000	-0.001044
3.894000	-0.006136
3.895000	-0.011240
3.896000	-0.011240
3.897000	-0.006136
3.898000	-0.001044
3.899000	-0.011240
3.900000	-0.006136
3.901000	-0.006136
3.902000	-0.006136
3.903000	-0.001044
3.904000	-0.006136
3.905000	-0.011240
3.906000	-0.006136
3.907000	-0.011240
3.908000	-0.001044
3.909000	-0.011240
3.910000	-0.011240
3.911000	-0.006136
3.912000	-0.006136
3.913000	-0.011240
3.914000	-0.006136
3.915000	-0.011240
3.916000	-0.006136
3.917000	-0.006136
3.918000	-0.011240
3.919000	-0.011240
3.920000	-0.011240
3.921000	-0.006136
3.922000	-0.001044
3.923000	-0.011240
3.924000	-0.011240
3.925000	-0.011240
3.926000	-0.006136
3.927000	-0.006136
3.928000	-0.006136
3.929000	-0.011240
3.930000	-0.006136
3.931000	-0.006136
3.932000	-0.006136
3.933000	-0.006136
3.934000	-0.011240
3.935000	-0.006136
3.936000	-0.006136
3.937000	-0.006136
3.938000	-0.011240
3.939000	-0.006136
3.940000	-0.006136
3.941000	-0.001044
3.942000	-0.001044
3.943000	-0.006136
3.944000	-0.006136
3.945000	-0.006136
3.946000	-0.011240
3.947000	-0.006136
3.948000	-0.006136
3.949000	-0.011240
3.950000	-0.006136
3.951000	-0.011240
3.952000	-0.016333
3.953000	-0.011240
3.954000	-0.006136
3.955000	-0.011240
3.956000	-0.011240
3.957000	-0.011240
3.958000	-0.001044
3.959000	-0.001044
3.960000	-0.001044
3.961000	-0.011240
3.962000	-0.006136
3.963000	-0.006136
3.964000	-0.001044
3.965000	0.004049
3.966000	-0.006136
3.967000	-0.006136
3.968000	-0.006136
3.969000	-0.006136
3.970000	-0.006136
3.971000	-0.006136
3.972000	-0.011240
3.973000	-0.001044
3.974000	0.004049
3.975000	-0.006136
3.976000	-0.011240
3.977000	-0.001044
3.978000	-0.006136
3.979000	-0.011240
3.980000	-0.001044
3.981000	-0.016333
3.982000	-0.006136
3.983000	-0.001044
3.984000	-0.001044
3.985000	-0.006136
3.986000	-0.001044
3.987000	-0.006136
3.988000	-0.006136
3.989000	-0.011240
3.990000	-0.011240
3.991000	-0.006136
3.992000	-0.001044
3.993000	-0.006136
3.994000	-0.011240
3.995000	-0.006136
3.996000	-0.001044
3.997000	-0.001044
3.998000	-0.006136
3.999000	-0.006136
4.000000	-0.001044
4.001000	-0.006136
4.002000	-0.006136
4.003000	-0.001044
4.004000	-0.006136
4.005000	-0.006136
4.006000	-0.001044
4.007000	-0.001044
4.008000	-0.011240
4.009000	-0.006136
4.010000	-0.011240
4.011000	-0.001044
4.012000	-0.011240
4.013000	-0.011240
4.014000	-0.001044
4.015000	-0.006136
4.016000	-0.001044
4.017000	-0.011240
4.018000	-0.006136
4.019000	-0.006136
4.020000	-0.006136
4.021000	-0.011240
4.022000	-0.016333
4.023000	-0.016333
4.024000	-0.006136
4.025000	-0.006136
4.026000	-0.006136
4.027000	-0.006136
4.028000	-0.006136
4.029000	-0.006136
4.030000	-0.016333
4.031000	-0.011240
4.032000	-0.011240
4.033000	-0.011240
4.034000	-0.006136
4.035000	-0.006136
4.036000	-0.011240
4.037000	-0.011240
4.038000	-0.011240
4.039000	0.004049
4.040000	-0.001044
4.041000	-0.006136
4.042000	-0.011240
4.043000	-0.001044
4.044000	-0.006136
4.045000	-0.006136
4.046000	-0.016333
4.047000	-0.011240
4.048000	0.004049
4.049000	-0.006136
4.050000	-0.011240
4.051000	-0.011240
4.052000	-0.001044
4.053000	-0.001044
4.054000	-0.006136
4.055000	-0.016333
4.056000	-0.011240
4.057000	-0.001044
4.058000	0.004049
4.059000	-0.006136
4.060000	-0.001044
4.061000	-0.001044
4.062000	0.004049
4.063000	-0.001044
4.064000	-0.006136
4.065000	-0.011240
4.066000	-0.011240
4.067000	-0.001044
4.068000	-0.001044
4.069000	-0.011240
4.070000	-0.011240
4.071000	-0.001044
4.072000	-0.001044
4.073000	-0.011240
4.074000	-0.011240
4.075000	-0.011240
4.076000	-0.001044
4.077000	-0.011240
4.078000	-0.011240
4.079000	-0.006136
4.080000	-0.006136
4.081000	0.009153
4.082000	-0.001044
4.083000	-0.011240
4.084000	-0.011240
4.085000	-0.006136
4.086000	-0.001044
4.087000	-0.006136
4.088000	-0.006136
4.089000	-0.011240
4.090000	-0.001044
4.091000	0.004049
4.092000	-0.006136
4.093000	-0.006136
4.094000	-0.006136
4.095000	-0.011240
4.096000	-0.011240
4.097000	-0.001044
4.098000	-0.006136
4.099000	-0.006136
4.100000	-0.006136
4.101000	-0.006136
4.102000	-0.006136
4.103000	-0.016333
4.104000	-0.001044
4.105000	-0.006136
4.106000	-0.016333
4.107000	-0.011240
4.108000	-0.006136
4.109000	-0.006136
4.110000	-0.001044
4.111000	-0.011240
4.112000	-0.006136
4.113000	-0.001044
4.114000	-0.001044
4.115000	-0.006136
4.116000	-0.006136
4.117000	-0.001044
4.118000	-0.011240
4.119000	-0.011240
4.120000	-0.006136
4.121000	-0.006136
4.122000	-0.011240
4.123000	-0.011240
4.124000	-0.001044
4.125000	-0.011240
4.126000	-0.011240
4.127000	-0.001044
4.128000	-0.011240
4.129000	-0.011240
4.130000	-0.006136
4.131000	0.004049
4.132000	-0.011240
4.133000	-0.011240
4.134000	-0.011240
4.135000	-0.006136
4.136000	-0.011240
4.137000	-0.006136
4.138000	-0.011240
4.139000	-0.011240
4.140000	-0.011240
4.141000	-0.011240
4.142000	-0.006136
4.143000	-0.006136
4.144000	-0.006136
4.145000	-0.001044
4.146000	-0.006136
4.147000	-0.011240
4.148000	-0.001044
4.149000	-0.006136
4.150000	-0.011240
4.151000	-0.006136
4.152000	-0.016333
4.153000	-0.006136
4.154000	-0.011240
4.155000	-0.011240
4.156000	-0.011240
4.157000	-0.006136
4.158000	-0.006136
4.159000	-0.006136
4.160000	0.004049
4.161000	-0.011240
4.162000	-0.011240
4.163000	-0.001044
4.164000	-0.006136
4.165000	-0.001044
4.166000	-0.011240
4.167000	-0.006136
4.168000	-0.001044
4.169000	-0.006136
4.170000	-0.006136
4.171000	-0.001044
4.172000	-0.006136
4.173000	-0.006136
4.174000	-0.006136
4.175000	-0.011240
4.176000	-0.006136
4.177000	-0.006136
4.178000	-0.006136
4.179000	-0.006136
4.180000	-0.006136
4.181000	-0.001044
4.182000	-0.011240
4.183000	-0.006136
4.184000	-0.011240
4.185000	-0.001044
4.186000	-0.001044
4.187000	-0.006136
4.188000	0.004049
4.189000	-0.011240
4.190000	-0.011240
4.191000	-0.001044
4.192000	-0.006136
4.193000	-0.011240
4.194000	-0.006136
4.195000	-0.001044
4.196000	-0.006136
4.197000	-0.006136
4.198000	-0.006136
4.199000	-0.006136
4.200000	0.004049
4.201000	-0.006136
4.202000	-0.006136
4.203000	-0.011240
4.204000	-0.006136
4.205000	-0.006136
4.206000	-0.001044
4.207000	-0.011240
4.208000	-0.011240
4.209000	-0.001044
4.210000	-0.001044
4.211000	-0.001044
4.212000	-0.006136
4.213000	-0.006136
4.214000	-0.006136
4.215000	-0.011240
4.216000	-0.006136
4.217000	-0.001044
4.218000	-0.006136
4.219000	0.004049
4.220000	-0.006136
4.221000	-0.011240
4.222000	-0.011240
4.223000	-0.006136
4.224000	-0.006136
4.225000	-0.001044
4.226000	-0.011240
4.227000	-0.006136
4.228000	-0.001044
4.229000	-0.006136
4.230000	-0.006136
4.231000	-0.006136
4.232000	-0.006136
4.233000	-0.001044
4.234000	-0.001044
4.235000	-0.011240
4.236000	-0.011240
4.237000	-0.001044
4.238000	-0.006136
4.239000	-0.011240
4.240000	-0.011240
4.241000	-0.006136
4.242000	-0.006136
4.243000	0.004049
4.244000	-0.001044
4.245000	-0.011240
4.246000	-0.011240
4.247000	-0.006136
4.248000	-0.006136
4.249000	-0.011240
4.250000	-0.006136
4.251000	-0.006136
4.252000	-0.011240
4.253000	-0.006136
4.254000	-0.006136
4.255000	-0.006136
4.256000	-0.011240
4.257000	-0.006136
4.258000	-0.006136
4.259000	-0.006136
4.260000	-0.006136
4.261000	-0.001044
4.262000	-0.011240
4.263000	-0.011240
4.264000	-0.011240
4.265000	-0.006136
4.266000	-0.001044
4.267000	-0.006136
4.268000	-0.016333
4.269000	-0.006136
4.270000	-0.006136
4.271000	-0.001044
4.272000	-0.011240
4.273000	-0.011240
4.274000	-0.001044
4.275000	-0.001044
4.276000	-0.011240
4.277000	-0.001044
4.278000	-0.006136
4.279000	-0.011240
4.280000	-0.006136
4.281000	-0.006136
4.282000	-0.011240
4.283000	-0.016333
4.284000	-0.001044
4.285000	-0.011240
4.286000	-0.016333
4.287000	-0.001044
4.288000	-0.006136
4.289000	-0.001044
4.290000	-0.011240
4.291000	-0.011240
4.292000	-0.006136
4.293000	-0.006136
4.294000	-0.006136
4.295000	-0.006136
4.296000	-0.011240
4.297000	-0.011240
4.298000	-0.006136
4.299000	-0.006136
4.300000	-0.006136
4.301000	-0.011240
4.302000	-0.006136
4.303000	-0.006136
4.304000	-0.006136
4.305000	-0.006136
4.306000	-0.006136
4.307000	-0.001044
4.308000	-0.006136
4.309000	-0.001044
4.310000	-0.006136
4.311000	-0.011240
4.312000	-0.011240
4.313000	-0.006136
4.314000	0.004049
4.315000	-0.006136
4.316000	-0.006136
4.317000	0.004049
4.318000	-0.001044
4.319000	-0.011240
4.320000	-0.011240
4.321000	-0.011240
4.322000	-0.006136
4.323000	-0.006136
4.324000	-0.006136
4.325000	-0.006136
4.326000	-0.011240
4.327000	-0.001044
4.328000	-0.006136
4.329000	-0.006136
4.330000	-0.001044
4.331000	-0.001044
4.332000	-0.001044
4.333000	-0.011240
4.334000	-0.006136
4.335000	-0.011240
4.336000	-0.006136
4.337000	-0.001044
4.338000	-0.001044
4.339000	-0.001044
4.340000	-0.006136
4.341000	-0.006136
4.342000	-0.011240
4.343000	-0.001044
4.344000	-0.001044
4.345000	-0.001044
4.346000	-0.006136
4.347000	-0.006136
4.348000	-0.001044
4.349000	-0.011240
4.350000	-0.006136
4.351000	-0.006136
4.352000	-0.006136
4.353000	-0.011240
4.354000	-0.006136
4.355000	-0.011240
4.356000	-0.011240
4.357000	-0.006136
4.358000	-0.011240
4.359000	-0.006136
4.360000	-0.001044
4.361000	-0.006136
4.362000	-0.006136
4.363000	-0.006136
4.364000	-0.011240
4.365000	-0.006136
4.366000	-0.001044
4.367000	-0.011240
4.368000	-0.001044
4.369000	-0.006136
4.370000	-0.006136
4.371000	-0.011240
4.372000	0.004049
4.373000	-0.011240
4.374000	-0.001044
4.375000	-0.006136
4.376000	-0.006136
4.377000	-0.001044
4.378000	-0.001044
4.379000	-0.011240
4.380000	-0.006136
4.381000	-0.001044
4.382000	0.004049
4.383000	-0.011240
4.384000	-0.011240
4.385000	-0.011240
4.386000	-0.006136
4.387000	-0.006136
4.388000	-0.011240
4.389000	-0.006136
4.390000	-0.011240
4.391000	-0.006136
4.392000	-0.001044
4.393000	-0.006136
4.394000	-0.006136
4.395000	-0.006136
4.396000	-0.006136
4.397000	-0.006136
4.398000	-0.011240
4.399000	-0.011240
4.400000	0.004049
4.401000	-0.006136
4.402000	-0.011240
4.403000	-0.006136
4.404000	-0.001044
4.405000	-0.006136
4.406000	-0.021426
4.407000	-0.006136
4.408000	-0.006136
4.409000	-0.011240
4.410000	-0.006136
4.411000	-0.006136
4.412000	0.004049
4.413000	-0.001044
4.414000	0.004049
4.415000	-0.011240
4.416000	-0.011240
4.417000	-0.011240
4.418000	-0.006136
4.419000	-0.006136
4.420000	-0.016333
4.421000	-0.011240
4.422000	-0.011240
4.423000	-0.011240
4.424000	-0.006136
4.425000	-0.001044
4.426000	-0.011240
4.427000	-0.001044
4.428000	-0.001044
4.429000	-0.011240
4.430000	-0.011240
4.431000	-0.006136
4.432000	-0.006136
4.433000	-0.001044
4.434000	-0.001044
4.435000	-0.011240
4.436000	-0.011240
4.437000	-0.006136
4.438000	-0.006136
4.439000	-0.006136
4.440000	-0.006136
4.441000	-0.006136
4.442000	-0.006136
4.443000	-0.001044
4.444000	-0.006136
4.445000	-0.011240
4.446000	-0.006136
4.447000	-0.006136
4.448000	0.004049
4.449000	-0.006136
4.450000	-0.006136
4.451000	-0.011240
4.452000	-0.006136
4.453000	-0.001044
4.454000	-0.006136
4.455000	-0.006136
4.456000	-0.006136
4.457000	-0.006136
4.458000	-0.006136
4.459000	-0.011240
4.460000	-0.006136
4.461000	-0.006136
4.462000	-0.011240
4.463000	-0.006136
4.464000	-0.006136
4.465000	-0.006136
4.466000	-0.001044
4.467000	-0.006136
4.468000	-0.006136
4.469000	-0.011240
4.470000	-0.001044
4.471000	-0.006136
4.472000	-0.011240
4.473000	-0.016333
4.474000	-0.011240
4.475000	-0.001044
4.476000	-0.006136
4.477000	-0.001044
4.478000	-0.006136
4.479000	-0.006136
4.480000	-0.006136
4.481000	-0.006136
4.482000	-0.001044
4.483000	-0.006136
4.484000	-0.011240
4.485000	-0.006136
4.486000	-0.006136
4.487000	-0.001044
4.488000	-0.001044
4.489000	-0.006136
4.490000	-0.001044
4.491000	-0.001044
4.492000	-0.006136
4.493000	-0.006136
4.494000	-0.006136
4.495000	-0.006136
4.496000	-0.006136
4.497000	-0.001044
4.498000	-0.006136
4.499000	-0.006136
4.500000	-0.001044
4.501000	-0.006136
4.502000	-0.011240
4.503000	-0.006136
4.504000	-0.006136
4.505000	-0.006136
4.506000	-0.011240
4.507000	-0.006136
4.508000	-0.011240
4.509000	-0.006136
4.510000	-0.006136
4.511000	-0.006136
4.512000	-0.011240
4.513000	-0.011240
4.514000	-0.011240
4.515000	-0.006136
4.516000	-0.006136
4.517000	-0.006136
4.518000	-0.011240
4.519000	-0.011240
4.520000	-0.011240
4.521000	-0.006136
4.522000	-0.006136
4.523000	-0.006136
4.524000	-0.006136
4.525000	-0.006136
4.526000	-0.006136
4.527000	-0.006136
4.528000	-0.011240
4.529000	-0.001044
4.530000	-0.011240
4.531000	0.004049
4.532000	-0.006136
4.533000	-0.001044
4.534000	-0.011240
4.535000	-0.011240
4.536000	-0.006136
4.537000	-0.006136
4.538000	-0.001044
4.539000	-0.006136
4.540000	-0.001044
4.541000	-0.001044
4.542000	-0.006136
4.543000	-0.001044
4.544000	-0.006136
4.545000	-0.006136
4.546000	-0.006136
4.547000	-0.006136
4.548000	-0.001044
4.549000	-0.006136
4.550000	-0.006136
4.551000	-0.006136
4.552000	-0.006136
4.553000	-0.011240
4.554000	-0.006136
4.555000	-0.016333
4.556000	-0.006136
4.557000	-0.011240
4.558000	0.004049
4.559000	-0.006136
4.560000	-0.006136
4.561000	-0.001044
4.562000	-0.011240
4.563000	-0.006136
4.564000	-0.001044
4.565000	-0.006136
4.566000	-0.001044
4.567000	-0.006136
4.568000	-0.011240
4.569000	-0.006136
4.570000	-0.006136
4.571000	-0.001044
4.572000	-0.001044
4.573000	-0.006136
4.574000	-0.011240
4.575000	-0.006136
4.576000	-0.006136
4.577000	-0.001044
4.578000	-0.006136
4.579000	-0.006136
4.580000	-0.001044
4.581000	-0.011240
4.582000	-0.006136
4.583000	-0.011240
4.584000	-0.006136
4.585000	-0.006136
4.586000	-0.006136
4.587000	-0.006136
4.588000	-0.001044
4.589000	-0.006136
4.590000	-0.006136
4.591000	-0.001044
4.592000	0.004049
4.593000	-0.011240
4.594000	-0.011240
4.595000	-0.001044
4.596000	-0.011240
4.597000	-0.011240
4.598000	-0.001044
4.599000	-0.006136
4.600000	-0.001044
4.601000	-0.006136
4.602000	-0.011240
4.603000	-0.006136
4.604000	-0.001044
4.605000	-0.001044
4.606000	-0.011240
4.607000	-0.006136
4.608000	-0.006136
4.609000	-0.001044
4.610000	-0.006136
4.611000	-0.006136
4.612000	-0.011240
4.613000	-0.006136
4.614000	-0.001044
4.615000	-0.006136
4.616000	-0.006136
4.617000	-0.011240
4.618000	-0.001044
4.619000	-0.011240
4.620000	-0.016333
4.621000	-0.006136
4.622000	0.004049
4.623000	-0.011240
4.624000	-0.006136
4.625000	-0.006136
4.626000	-0.001044
4.627000	0.004049
4.628000	-0.006136
4.629000	-0.006136
4.630000	-0.006136
4.631000	-0.001044
4.632000	-0.011240
4.633000	-0.006136
4.634000	-0.001044
4.635000	-0.006136
4.636000	-0.006136
4.637000	-0.006136
4.638000	-0.006136
4.639000	-0.011240
4.640000	-0.011240
4.641000	-0.006136
4.642000	-0.001044
4.643000	-0.016333
4.644000	-0.016333
4.645000	-0.011240
4.646000	-0.011240
4.647000	-0.001044
4.648000	-0.001044
4.649000	-0.006136
4.650000	-0.011240
4.651000	-0.006136
4.652000	-0.016333
4.653000	-0.011240
4.654000	-0.011240
4.655000	-0.001044
4.656000	-0.006136
4.657000	-0.006136
4.658000	-0.006136
4.659000	-0.001044
4.660000	-0.001044
4.661000	-0.001044
4.662000	0.004049
4.663000	-0.006136
4.664000	-0.011240
4.665000	-0.001044
4.666000	-0.006136
4.667000	-0.011240
4.668000	-0.011240
4.669000	-0.006136
4.670000	-0.001044
4.671000	-0.001044
4.672000	-0.011240
4.673000	-0.011240
4.674000	-0.001044
4.675000	-0.006136
4.676000	-0.011240
4.677000	-0.006136
4.678000	-0.006136
4.679000	-0.011240
4.680000	-0.011240
4.681000	-0.011240
4.682000	-0.006136
4.683000	-0.006136
4.684000	0.004049
4.685000	-0.011240
4.686000	-0.016333
4.687000	-0.011240
4.688000	0.004049
4.689000	-0.001044
4.690000	-0.006136
4.691000	-0.011240
4.692000	-0.006136
4.693000	-0.006136
4.694000	-0.006136
4.695000	-0.006136
4.696000	-0.011240
4.697000	-0.001044
4.698000	-0.001044
4.699000	-0.011240
4.700000	-0.011240
4.701000	-0.001044
4.702000	-0.006136
4.703000	-0.001044
4.704000	-0.006136
4.705000	-0.006136
4.706000	-0.006136
4.707000	-0.001044
4.708000	-0.001044
4.709000	-0.001044
4.710000	-0.006136
4.711000	-0.011240
4.712000	-0.006136
4.713000	-0.006136
4.714000	-0.006136
4.715000	-0.001044
4.716000	-0.006136
4.717000	-0.006136
4.718000	-0.006136
4.719000	-0.016333
4.720000	-0.011240
4.721000	-0.001044
4.722000	0.004049
4.723000	-0.011240
4.724000	-0.001044
4.725000	-0.016333
4.726000	-0.011240
4.727000	0.004049
4.728000	-0.011240
4.729000	-0.006136
4.730000	-0.006136
4.731000	-0.001044
4.732000	-0.006136
4.733000	-0.011240
4.734000	-0.011240
4.735000	-0.006136
4.736000	-0.011240
4.737000	-0.011240
4.738000	-0.001044
4.739000	-0.011240
4.740000	-0.001044
4.741000	-0.011240
4.742000	0.004049
4.743000	-0.001044
4.744000	-0.001044
4.745000	-0.006136
4.746000	-0.011240
4.747000	-0.006136
4.748000	-0.001044
4.749000	-0.006136
4.750000	-0.001044
4.751000	-0.011240
4.752000	-0.011240
4.753000	-0.006136
4.754000	-0.006136
4.755000	-0.001044
4.756000	-0.011240
4.757000	-0.006136
4.758000	-0.006136
4.759000	-0.001044
4.760000	-0.006136
4.761000	-0.006136
4.762000	-0.006136
4.763000	-0.006136
4.764000	-0.006136
4.765000	-0.001044
4.766000	-0.006136
4.767000	-0.001044
4.768000	-0.006136
4.769000	-0.001044
4.770000	-0.011240
4.771000	-0.001044
4.772000	-0.011240
4.773000	-0.011240
4.774000	-0.006136
4.775000	-0.006136
4.776000	-0.006136
4.777000	-0.006136
4.778000	-0.001044
4.779000	-0.006136
4.780000	-0.006136
4.781000	-0.001044
4.782000	-0.006136
4.783000	-0.006136
4.784000	0.004049
4.785000	-0.016333
4.786000	-0.006136
4.787000	-0.011240
4.788000	-0.006136
4.789000	-0.011240
4.790000	-0.006136
4.791000	-0.006136
4.792000	-0.006136
4.793000	-0.006136
4.794000	-0.001044
4.795000	-0.006136
4.796000	-0.011240
4.797000	-0.001044
4.798000	-0.006136
4.799000	0.004049
4.800000	-0.006136
4.801000	-0.006136
4.802000	-0.011240
4.803000	-0.006136
4.804000	-0.011240
4.805000	-0.006136
4.806000	-0.011240
4.807000	-0.011240
4.808000	-0.011240
4.809000	-0.006136
4.810000	-0.006136
4.811000	-0.006136
4.812000	-0.011240
4.813000	-0.006136
4.814000	-0.006136
4.815000	-0.011240
4.816000	-0.006136
4.817000	-0.001044
4.818000	-0.001044
4.819000	-0.006136
4.820000	-0.006136
4.821000	-0.011240
4.822000	-0.006136
4.823000	-0.011240
4.824000	-0.006136
4.825000	-0.006136
4.826000	0.004049
4.827000	-0.001044
4.828000	-0.006136
4.829000	-0.006136
4.830000	-0.006136
4.831000	0.004049
4.832000	-0.001044
4.833000	-0.006136
4.834000	-0.006136
4.835000	-0.011240
4.836000	-0.011240
4.837000	-0.011240
4.838000	-0.011240
4.839000	-0.011240
4.840000	-0.001044
4.841000	-0.006136
4.842000	-0.006136
4.843000	-0.006136
4.844000	-0.001044
4.845000	-0.016333
4.846000	-0.006136
4.847000	-0.011240
4.848000	-0.006136
4.849000	-0.006136
4.850000	-0.011240
4.851000	-0.006136
4.852000	-0.001044
4.853000	-0.006136
4.854000	0.004049
4.855000	-0.006136
4.856000	-0.011240
4.857000	-0.016333
4.858000	-0.006136
4.859000	-0.006136
4.860000	-0.001044
4.861000	-0.006136
4.862000	-0.006136
4.863000	-0.006136
4.864000	-0.011240
4.865000	-0.006136
4.866000	-0.006136
4.867000	-0.006136
4.868000	-0.006136
4.869000	-0.011240
4.870000	-0.006136
4.871000	-0.001044
4.872000	-0.011240
4.873000	-0.006136
4.874000	-0.006136
4.875000	-0.006136
4.876000	-0.006136
4.877000	-0.001044
4.878000	-0.011240
4.879000	-0.011240
4.880000	-0.016333
4.881000	-0.006136
4.882000	-0.001044
4.883000	-0.006136
4.884000	-0.006136
4.885000	-0.006136
4.886000	-0.011240
4.887000	-0.006136
4.888000	-0.006136
4.889000	-0.016333
4.890000	-0.011240
4.891000	-0.001044
4.892000	-0.006136
4.893000	-0.006136
4.894000	-0.006136
4.895000	-0.001044
4.896000	-0.006136
4.897000	-0.006136
4.898000	-0.006136
4.899000	-0.006136
4.900000	-0.006136
4.901000	-0.011240
4.902000	-0.011240
4.903000	-0.001044
4.904000	-0.001044
4.905000	-0.006136
4.906000	-0.011240
4.907000	-0.011240
4.908000	-0.006136
4.909000	-0.011240
4.910000	-0.006136
4.911000	-0.011240
4.912000	-0.006136
4.913000	-0.006136
4.914000	-0.006136
4.915000	-0.006136
4.916000	-0.006136
4.917000	-0.006136
4.918000	-0.011240
4.919000	-0.001044
4.920000	-0.011240
4.921000	-0.006136
4.922000	-0.006136
4.923000	-0.006136
4.924000	-0.006136
4.925000	-0.006136
4.926000	-0.006136
4.927000	-0.006136
4.928000	-0.006136
4.929000	-0.006136
4.930000	-0.001044
4.931000	-0.001044
4.932000	-0.006136
4.933000	-0.001044
4.934000	-0.006136
4.935000	-0.011240
4.936000	-0.006136
4.937000	-0.006136
4.938000	-0.006136
4.939000	-0.006136
4.940000	-0.001044
4.941000	-0.006136
4.942000	-0.006136
4.943000	-0.006136
4.944000	-0.001044
4.945000	-0.006136
4.946000	-0.011240
4.947000	-0.006136
4.948000	0.004049
4.949000	-0.001044
4.950000	-0.006136
4.951000	-0.001044
4.952000	-0.011240
4.953000	-0.001044
4.954000	-0.011240
4.955000	-0.006136
4.956000	-0.011240
4.957000	-0.011240
4.958000	-0.011240
4.959000	-0.001044
4.960000	-0.006136
4.961000	-0.006136
4.962000	-0.011240
4.963000	-0.001044
4.964000	-0.011240
4.965000	-0.006136
4.966000	-0.001044
4.967000	-0.006136
4.968000	-0.011240
4.969000	-0.001044
4.970000	-0.011240
4.971000	-0.006136
4.972000	-0.001044
4.973000	-0.011240
4.974000	-0.001044
4.975000	-0.001044
4.976000	-0.006136
4.977000	-0.001044
4.978000	-0.011240
4.979000	-0.011240
4.980000	-0.006136
4.981000	-0.006136
4.982000	-0.011240
4.983000	-0.006136
4.984000	-0.001044
4.985000	-0.011240
4.986000	-0.011240
4.987000	-0.001044
4.988000	-0.011240
4.989000	-0.006136
4.990000	-0.001044
4.991000	-0.006136
4.992000	-0.011240
4.993000	-0.006136
4.994000	-0.006136
4.995000	-0.011240
4.996000	-0.001044
4.997000	-0.011240
4.998000	-0.011240
4.999000	-0.006136
5.000000	-0.006136
5.001000	-0.006136
5.002000	-0.006136
5.003000	-0.011240
5.004000	-0.006136
5.005000	-0.011240
5.006000	-0.006136
5.007000	-0.006136
5.008000	-0.001044
5.009000	-0.006136
5.010000	-0.006136
5.011000	-0.001044
5.012000	-0.011240
5.013000	-0.006136
5.014000	-0.011240
5.015000	-0.006136
5.016000	-0.016333
5.017000	-0.006136
5.018000	-0.011240
5.019000	-0.016333
5.020000	-0.006136
5.021000	-0.006136
5.022000	-0.006136
5.023000	-0.006136
5.024000	-0.011240
5.025000	-0.006136
5.026000	-0.001044
5.027000	-0.006136
5.028000	-0.001044
5.029000	-0.001044
5.030000	-0.006136
5.031000	-0.001044
5.032000	-0.001044
5.033000	-0.006136
5.034000	-0.006136
5.035000	-0.006136
5.036000	-0.011240
5.037000	-0.006136
5.038000	-0.011240
5.039000	-0.011240
5.040000	-0.016333
5.041000	-0.016333
5.042000	-0.011240
5.043000	-0.006136
5.044000	-0.006136
5.045000	-0.001044
5.046000	-0.011240
5.047000	-0.006136
5.048000	-0.006136
5.049000	-0.006136
5.050000	-0.006136
5.051000	-0.006136
5.052000	-0.011240
5.053000	-0.011240
5.054000	-0.001044
5.055000	-0.006136
5.056000	-0.006136
5.057000	-0.011240
5.058000	-0.011240
5.059000	-0.011240
5.060000	-0.006136
5.061000	-0.006136
5.062000	-0.001044
5.063000	-0.006136
5.064000	-0.006136
5.065000	-0.011240
5.066000	-0.006136
5.067000	-0.011240
5.068000	-0.006136
5.069000	-0.006136
5.070000	-0.006136
5.071000	-0.006136
5.072000	-0.006136
5.073000	-0.006136
5.074000	-0.006136
5.075000	-0.006136
5.076000	-0.001044
5.077000	-0.011240
5.078000	-0.001044
5.079000	-0.001044
5.080000	-0.011240
5.081000	-0.001044
5.082000	-0.006136
5.083000	-0.001044
5.084000	-0.011240
5.085000	-0.006136
5.086000	-0.006136
5.087000	-0.006136
5.088000	-0.006136
5.089000	-0.001044
5.090000	-0.011240
5.091000	-0.011240
5.092000	-0.006136
5.093000	-0.001044
5.094000	-0.011240
5.095000	-0.006136
5.096000	0.004049
5.097000	-0.001044
5.098000	-0.006136
5.099000	-0.011240
5.100000	-0.001044
5.101000	-0.001044
5.102000	-0.006136
5.103000	-0.011240
5.104000	-0.001044
5.105000	-0.006136
5.106000	-0.001044
5.107000	-0.016333
5.108000	-0.006136
5.109000	-0.006136
5.110000	-0.006136
5.111000	-0.006136
5.112000	-0.001044
5.113000	-0.011240
5.114000	0.004049
5.115000	-0.006136
5.116000	-0.006136
5.117000	-0.011240
5.118000	-0.006136
5.119000	-0.001044
5.120000	-0.001044
5.121000	-0.006136
5.122000	-0.011240
5.123000	-0.011240
5.124000	-0.006136
5.125000	-0.011240
5.126000	-0.006136
5.127000	-0.006136
5.128000	0.004049
5.129000	-0.006136
5.130000	0.004049
5.131000	-0.016333
5.132000	-0.006136
5.133000	-0.006136
5.134000	-0.011240
5.135000	-0.006136
5.136000	-0.006136
5.137000	-0.001044
5.138000	-0.011240
5.139000	-0.011240
5.140000	-0.001044
5.141000	-0.011240
5.142000	-0.006136
5.143000	-0.001044
5.144000	-0.001044
5.145000	-0.006136
5.146000	-0.006136
5.147000	-0.006136
5.148000	-0.006136
5.149000	-0.006136
5.150000	-0.006136
5.151000	-0.011240
5.152000	-0.001044
5.153000	-0.006136
5.154000	-0.001044
5.155000	-0.006136
5.156000	-0.006136
5.157000	-0.006136
5.158000	-0.001044
5.159000	-0.011240
5.160000	-0.001044
5.161000	-0.001044
5.162000	-0.006136
5.163000	-0.011240
5.164000	-0.006136
5.165000	-0.006136
5.166000	-0.001044
5.167000	-0.006136
5.168000	-0.006136
5.169000	-0.006136
5.170000	-0.006136
5.171000	-0.006136
5.172000	-0.001044
5.173000	-0.006136
5.174000	-0.001044
5.175000	-0.006136
5.176000	-0.006136
5.177000	-0.011240
5.178000	-0.006136
5.179000	-0.011240
5.180000	-0.011240
5.181000	-0.006136
5.182000	-0.006136
5.183000	-0.006136
5.184000	-0.001044
5.185000	-0.011240
5.186000	-0.006136
5.187000	-0.006136
5.188000	-0.006136
5.189000	-0.006136
5.190000	-0.001044
5.191000	-0.006136
5.192000	-0.006136
5.193000	-0.006136
5.194000	0.004049
5.195000	-0.011240
5.196000	-0.006136
5.197000	-0.006136
5.198000	-0.006136
5.199000	-0.011240
5.200000	-0.006136
5.201000	-0.006136
5.202000	-0.011240
5.203000	-0.006136
5.204000	-0.006136
5.205000	-0.006136
5.206000	-0.011240
5.207000	-0.011240
5.208000	-0.001044
5.209000	-0.006136
5.210000	-0.006136
5.211000	-0.011240
5.212000	-0.006136
5.213000	-0.011240
5.214000	-0.011240
5.215000	-0.001044
5.216000	-0.011240
5.217000	-0.011240
5.218000	-0.006136
5.219000	-0.006136
5.220000	-0.016333
5.221000	-0.006136
5.222000	-0.006136
5.223000	-0.011240
5.224000	-0.006136
5.225000	-0.011240
5.226000	-0.011240
5.227000	-0.001044
5.228000	-0.006136
5.229000	-0.001044
5.230000	-0.006136
5.231000	-0.011240
5.232000	-0.006136
5.233000	-0.011240
5.234000	-0.006136
5.235000	-0.006136
5.236000	-0.011240
5.237000	-0.011240
5.238000	-0.001044
5.239000	-0.006136
5.240000	-0.006136
5.241000	-0.011240
5.242000	-0.006136
5.243000	-0.006136
5.244000	-0.011240
5.245000	-0.011240
5.246000	-0.001044
5.247000	-0.006136
5.248000	-0.001044
5.249000	-0.006136
5.250000	-0.006136
5.251000	-0.006136
5.252000	-0.011240
5.253000	-0.011240
5.254000	-0.006136
5.255000	-0.006136
5.256000	-0.006136
5.257000	-0.006136
5.258000	-0.006136
5.259000	-0.006136
5.260000	-0.011240
5.261000	-0.006136
5.262000	-0.006136
5.263000	-0.006136
5.264000	-0.011240
5.265000	-0.011240
5.266000	-0.011240
5.267000	-0.011240
5.268000	-0.006136
5.269000	-0.011240
5.270000	-0.011240
5.271000	-0.006136
5.272000	-0.011240
5.273000	-0.011240
5.274000	-0.006136
5.275000	-0.006136
5.276000	-0.006136
5.277000	-0.006136
5.278000	-0.006136
5.279000	-0.006136
5.280000	-0.001044
5.281000	-0.011240
5.282000	-0.011240
5.283000	-0.006136
5.284000	-0.011240
5.285000	-0.006136
5.286000	-0.006136
5.287000	-0.006136
5.288000	-0.006136
5.289000	-0.006136
5.290000	-0.011240
5.291000	-0.006136
5.292000	-0.006136
5.293000	0.004049
5.294000	-0.006136
5.295000	-0.006136
5.296000	-0.011240
5.297000	-0.006136
5.298000	-0.006136
5.299000	-0.011240
5.300000	-0.006136
5.301000	-0.001044
5.302000	-0.011240
5.303000	-0.016333
5.304000	-0.006136
5.305000	-0.011240
5.306000	-0.006136
5.307000	-0.006136
5.308000	-0.001044
5.309000	-0.006136
5.310000	0.004049
5.311000	-0.006136
5.312000	-0.006136
5.313000	-0.006136
5.314000	-0.006136
5.315000	-0.006136
5.316000	-0.006136
5.317000	-0.001044
5.318000	-0.001044
5.319000	-0.006136
5.320000	-0.011240
5.321000	-0.006136
5.322000	-0.011240
5.323000	-0.011240
5.324000	-0.006136
5.325000	-0.001044
5.326000	-0.006136
5.327000	-0.001044
5.328000	-0.011240
5.329000	-0.001044
5.330000	-0.011240
5.331000	0.004049
5.332000	-0.006136
5.333000	-0.011240
5.334000	-0.011240
5.335000	-0.001044
5.336000	-0.006136
5.337000	-0.011240
5.338000	-0.006136
5.339000	-0.006136
5.340000	-0.006136
5.341000	-0.001044
5.342000	-0.006136
5.343000	-0.006136
5.344000	-0.006136
5.345000	-0.006136
5.346000	-0.011240
5.347000	-0.011240
5.348000	-0.001044
5.349000	-0.006136
5.350000	-0.006136
5.351000	-0.011240
5.352000	-0.011240
5.353000	-0.011240
5.354000	-0.001044
5.355000	-0.006136
5.356000	-0.006136
5.357000	-0.006136
5.358000	-0.011240
5.359000	-0.006136
5.360000	-0.006136
5.361000	0.004049
5.362000	-0.006136
5.363000	-0.001044
5.364000	-0.001044
5.365000	-0.001044
5.366000	-0.011240
5.367000	-0.011240
5.368000	-0.006136
5.369000	-0.006136
5.370000	-0.006136
5.371000	-0.006136
5.372000	-0.011240
5.373000	-0.021426
5.374000	-0.006136
5.375000	-0.001044
5.376000	-0.011240
5.377000	0.004049
5.378000	-0.006136
5.379000	-0.006136
5.380000	-0.001044
5.381000	-0.006136
5.382000	-0.011240
5.383000	-0.006136
5.384000	-0.001044
5.385000	-0.011240
5.386000	-0.016333
5.387000	-0.001044
5.388000	-0.011240
5.389000	-0.006136
5.390000	-0.006136
5.391000	-0.006136
5.392000	-0.006136
5.393000	-0.001044
5.394000	-0.006136
5.395000	-0.001044
5.396000	-0.006136
5.397000	-0.011240
5.398000	-0.001044
5.399000	-0.006136
5.400000	-0.011240
5.401000	-0.006136
5.402000	-0.006136
5.403000	-0.001044
5.404000	-0.011240
5.405000	-0.011240
5.406000	-0.016333
5.407000	-0.006136
5.408000	-0.006136
5.409000	-0.001044
5.410000	-0.001044
5.411000	-0.011240
5.412000	-0.011240
5.413000	-0.011240
5.414000	-0.006136
5.415000	-0.001044
5.416000	-0.011240
5.417000	-0.001044
5.418000	-0.001044
5.419000	-0.006136
5.420000	-0.011240
5.421000	-0.006136
5.422000	-0.006136
5.423000	-0.001044
5.424000	-0.006136
5.425000	-0.006136
5.426000	-0.011240
5.427000	-0.006136
5.428000	-0.001044
5.429000	-0.006136
5.430000	-0.006136
5.431000	-0.006136
5.432000	-0.006136
5.433000	-0.001044
5.434000	-0.001044
5.435000	-0.011240
5.436000	-0.006136
5.437000	-0.001044
5.438000	-0.006136
5.439000	-0.006136
5.440000	-0.006136
5.441000	-0.011240
5.442000	-0.001044
5.443000	-0.001044
5.444000	-0.001044
5.445000	-0.006136
5.446000	-0.006136
5.447000	-0.011240
5.448000	-0.006136
5.449000	0.004049
5.450000	-0.006136
5.451000	-0.011240
5.452000	-0.011240
5.453000	-0.006136
5.454000	-0.006136
5.455000	-0.011240
5.456000	-0.011240
5.457000	-0.006136
5.458000	-0.006136
5.459000	-0.001044
5.460000	-0.006136
5.461000	-0.006136
5.462000	-0.006136
5.463000	-0.006136
5.464000	-0.006136
5.465000	-0.006136
5.466000	-0.006136
5.467000	-0.016333
5.468000	-0.011240
5.469000	-0.011240
5.470000	-0.011240
5.471000	-0.001044
5.472000	-0.006136
5.473000	-0.011240
5.474000	-0.006136
5.475000	-0.001044
5.476000	-0.011240
5.477000	-0.006136
5.478000	-0.006136
5.479000	-0.006136
5.480000	-0.011240
5.481000	-0.001044
5.482000	-0.001044
5.483000	-0.006136
5.484000	-0.006136
5.485000	-0.006136
5.486000	-0.006136
5.487000	-0.006136
5.488000	-0.011240
5.489000	-0.006136
5.490000	-0.011240
5.491000	-0.006136
5.492000	-0.001044
5.493000	-0.011240
5.494000	-0.006136
5.495000	-0.006136
5.496000	-0.006136
5.497000	-0.006136
5.498000	-0.006136
5.499000	-0.011240
5.500000	-0.011240
