-0.500000	-0.058922
-0.499000	-0.049895
-0.498000	-0.049895
-0.497000	-0.049895
-0.496000	-0.049895
-0.495000	-0.058922
-0.494000	-0.049895
-0.493000	-0.058922
-0.492000	-0.058922
-0.491000	-0.058922
-0.490000	-0.058922
-0.489000	-0.058922
-0.488000	-0.049895
-0.487000	-0.058922
-0.486000	-0.049895
-0.485000	-0.058922
-0.484000	-0.040867
-0.483000	-0.040867
-0.482000	-0.040867
-0.481000	-0.049895
-0.480000	-0.049895
-0.479000	-0.058922
-0.478000	-0.049895
-0.477000	-0.058922
-0.476000	-0.058922
-0.475000	-0.058922
-0.474000	-0.049895
-0.473000	-0.058922
-0.472000	-0.040867
-0.471000	-0.058922
-0.470000	-0.040867
-0.469000	-0.049895
-0.468000	-0.058922
-0.467000	-0.049895
-0.466000	-0.031820
-0.465000	-0.040867
-0.464000	-0.040867
-0.463000	-0.058922
-0.462000	-0.049895
-0.461000	-0.049895
-0.460000	-0.058922
-0.459000	-0.058922
-0.458000	-0.049895
-0.457000	-0.049895
-0.456000	-0.049895
-0.455000	-0.049895
-0.454000	-0.058922
-0.453000	-0.049895
-0.452000	-0.058922
-0.451000	-0.049895
-0.450000	-0.049895
-0.449000	-0.049895
-0.448000	-0.049895
-0.447000	-0.049895
-0.446000	-0.049895
-0.445000	-0.049895
-0.444000	-0.049895
-0.443000	-0.049895
-0.442000	-0.058922
-0.441000	-0.049895
-0.440000	-0.067951
-0.439000	-0.049895
-0.438000	-0.049895
-0.437000	-0.049895
-0.436000	-0.049895
-0.435000	-0.049895
-0.434000	-0.040867
-0.433000	-0.049895
-0.432000	-0.040867
-0.431000	-0.049895
-0.430000	-0.049895
-0.429000	-0.049895
-0.428000	-0.040867
-0.427000	-0.049895
-0.426000	-0.058922
-0.425000	-0.049895
-0.424000	-0.067951
-0.423000	-0.058922
-0.422000	-0.049895
-0.421000	-0.049895
-0.420000	-0.049895
-0.419000	-0.049895
-0.418000	-0.058922
-0.417000	-0.058922
-0.416000	-0.049895
-0.415000	-0.049895
-0.414000	-0.058922
-0.413000	-0.049895
-0.412000	-0.049895
-0.411000	-0.049895
-0.410000	-0.049895
-0.409000	-0.058922
-0.408000	-0.058922
-0.407000	-0.049895
-0.406000	-0.058922
-0.405000	-0.049895
-0.404000	-0.049895
-0.403000	-0.058922
-0.402000	-0.049895
-0.401000	-0.040867
-0.400000	-0.049895
-0.399000	-0.049895
-0.398000	-0.040867
-0.397000	-0.058922
-0.396000	-0.049895
-0.395000	-0.049895
-0.394000	-0.058922
-0.393000	-0.049895
-0.392000	-0.049895
-0.391000	-0.040867
-0.390000	-0.058922
-0.389000	-0.067951
-0.388000	-0.049895
-0.387000	-0.058922
-0.386000	-0.058922
-0.385000	-0.049895
-0.384000	-0.040867
-0.383000	-0.049895
-0.382000	-0.040867
-0.381000	-0.049895
-0.380000	-0.049895
-0.379000	-0.049895
-0.378000	-0.058922
-0.377000	-0.058922
-0.376000	-0.058922
-0.375000	-0.049895
-0.374000	-0.067951
-0.373000	-0.058922
-0.372000	-0.058922
-0.371000	-0.049895
-0.370000	-0.049895
-0.369000	-0.049895
-0.368000	-0.049895
-0.367000	-0.049895
-0.366000	-0.049895
-0.365000	-0.058922
-0.364000	-0.049895
-0.363000	-0.058922
-0.362000	-0.049895
-0.361000	-0.049895
-0.360000	-0.058922
-0.359000	-0.067951
-0.358000	-0.049895
-0.357000	-0.058922
-0.356000	-0.058922
-0.355000	-0.058922
-0.354000	-0.049895
-0.353000	-0.049895
-0.352000	-0.049895
-0.351000	-0.058922
-0.350000	-0.049895
-0.349000	-0.049895
-0.348000	-0.049895
-0.347000	-0.058922
-0.346000	-0.067951
-0.345000	-0.067951
-0.344000	-0.058922
-0.343000	-0.058922
-0.342000	-0.067951
-0.341000	-0.058922
-0.340000	-0.058922
-0.339000	-0.058922
-0.338000	-0.058922
-0.337000	-0.058922
-0.336000	-0.058922
-0.335000	-0.058922
-0.334000	-0.058922
-0.333000	-0.049895
-0.332000	-0.049895
-0.331000	-0.049895
-0.330000	-0.058922
-0.329000	-0.049895
-0.328000	-0.040867
-0.327000	-0.049895
-0.326000	-0.058922
-0.325000	-0.040867
-0.324000	-0.058922
-0.323000	-0.067951
-0.322000	-0.058922
-0.321000	-0.058922
-0.320000	-0.049895
-0.319000	-0.049895
-0.318000	-0.049895
-0.317000	-0.049895
-0.316000	-0.058922
-0.315000	-0.049895
-0.314000	-0.049895
-0.313000	-0.049895
-0.312000	-0.049895
-0.311000	-0.058922
-0.310000	-0.058922
-0.309000	-0.058922
-0.308000	-0.049895
-0.307000	-0.058922
-0.306000	-0.058922
-0.305000	-0.058922
-0.304000	-0.058922
-0.303000	-0.049895
-0.302000	-0.049895
-0.301000	-0.058922
-0.300000	-0.049895
-0.299000	-0.058922
-0.298000	-0.058922
-0.297000	-0.049895
-0.296000	-0.049895
-0.295000	-0.049895
-0.294000	-0.049895
-0.293000	-0.049895
-0.292000	-0.049895
-0.291000	-0.049895
-0.290000	-0.049895
-0.289000	-0.049895
-0.288000	-0.058922
-0.287000	-0.049895
-0.286000	-0.049895
-0.285000	-0.040867
-0.284000	-0.040867
-0.283000	-0.040867
-0.282000	-0.040867
-0.281000	-0.049895
-0.280000	-0.049895
-0.279000	-0.049895
-0.278000	-0.049895
-0.277000	-0.049895
-0.276000	-0.049895
-0.275000	-0.049895
-0.274000	-0.049895
-0.273000	-0.040867
-0.272000	-0.049895
-0.271000	-0.049895
-0.270000	-0.040867
-0.269000	-0.049895
-0.268000	-0.049895
-0.267000	-0.049895
-0.266000	-0.049895
-0.265000	-0.040867
-0.264000	-0.040867
-0.263000	-0.049895
-0.262000	-0.049895
-0.261000	-0.040867
-0.260000	-0.040867
-0.259000	-0.058922
-0.258000	-0.058922
-0.257000	-0.040867
-0.256000	-0.049895
-0.255000	-0.049895
-0.254000	-0.049895
-0.253000	-0.049895
-0.252000	-0.040867
-0.251000	-0.040867
-0.250000	-0.058922
-0.249000	-0.049895
-0.248000	-0.049895
-0.247000	-0.049895
-0.246000	-0.040867
-0.245000	-0.049895
-0.244000	-0.049895
-0.243000	-0.058922
-0.242000	-0.040867
-0.241000	-0.049895
-0.240000	-0.049895
-0.239000	-0.049895
-0.238000	-0.049895
-0.237000	-0.049895
-0.236000	-0.049895
-0.235000	-0.040867
-0.234000	-0.049895
-0.233000	-0.031820
-0.232000	-0.049895
-0.231000	-0.049895
-0.230000	-0.049895
-0.229000	-0.049895
-0.228000	-0.040867
-0.227000	-0.049895
-0.226000	-0.049895
-0.225000	-0.058922
-0.224000	-0.049895
-0.223000	-0.049895
-0.222000	-0.058922
-0.221000	-0.049895
-0.220000	-0.049895
-0.219000	-0.058922
-0.218000	-0.049895
-0.217000	-0.049895
-0.216000	-0.049895
-0.215000	-0.049895
-0.214000	-0.040867
-0.213000	-0.067951
-0.212000	-0.049895
-0.211000	-0.049895
-0.210000	-0.058922
-0.209000	-0.067951
-0.208000	-0.058922
-0.207000	-0.049895
-0.206000	-0.067951
-0.205000	-0.058922
-0.204000	-0.049895
-0.203000	-0.058922
-0.202000	-0.049895
-0.201000	-0.058922
-0.200000	-0.058922
-0.199000	-0.049895
-0.198000	-0.058922
-0.197000	-0.058922
-0.196000	-0.058922
-0.195000	-0.049895
-0.194000	-0.058922
-0.193000	-0.058922
-0.192000	-0.067951
-0.191000	-0.058922
-0.190000	-0.067951
-0.189000	-0.058922
-0.188000	-0.049895
-0.187000	-0.049895
-0.186000	-0.058922
-0.185000	-0.058922
-0.184000	-0.067951
-0.183000	-0.049895
-0.182000	-0.058922
-0.181000	-0.049895
-0.180000	-0.058922
-0.179000	-0.049895
-0.178000	-0.058922
-0.177000	-0.049895
-0.176000	-0.058922
-0.175000	-0.058922
-0.174000	-0.049895
-0.173000	-0.049895
-0.172000	-0.058922
-0.171000	-0.049895
-0.170000	-0.049895
-0.169000	-0.049895
-0.168000	-0.049895
-0.167000	-0.058922
-0.166000	-0.049895
-0.165000	-0.049895
-0.164000	-0.040867
-0.163000	-0.049895
-0.162000	-0.049895
-0.161000	-0.058922
-0.160000	-0.058922
-0.159000	-0.049895
-0.158000	-0.040867
-0.157000	-0.058922
-0.156000	-0.049895
-0.155000	-0.058922
-0.154000	-0.058922
-0.153000	-0.049895
-0.152000	-0.049895
-0.151000	-0.049895
-0.150000	-0.049895
-0.149000	-0.040867
-0.148000	-0.049895
-0.147000	-0.058922
-0.146000	-0.058922
-0.145000	-0.049895
-0.144000	-0.058922
-0.143000	-0.049895
-0.142000	-0.058922
-0.141000	-0.067951
-0.140000	-0.049895
-0.139000	-0.049895
-0.138000	-0.049895
-0.137000	-0.049895
-0.136000	-0.031820
-0.135000	-0.049895
-0.134000	-0.049895
-0.133000	-0.040867
-0.132000	-0.040867
-0.131000	-0.058922
-0.130000	-0.040867
-0.129000	-0.058922
-0.128000	-0.058922
-0.127000	-0.049895
-0.126000	-0.049895
-0.125000	-0.040867
-0.124000	-0.049895
-0.123000	-0.040867
-0.122000	-0.049895
-0.121000	-0.040867
-0.120000	-0.049895
-0.119000	-0.049895
-0.118000	-0.049895
-0.117000	-0.049895
-0.116000	-0.049895
-0.115000	-0.049895
-0.114000	-0.040867
-0.113000	-0.040867
-0.112000	-0.049895
-0.111000	-0.040867
-0.110000	-0.049895
-0.109000	-0.049895
-0.108000	-0.049895
-0.107000	-0.040867
-0.106000	-0.058922
-0.105000	-0.049895
-0.104000	-0.049895
-0.103000	-0.040867
-0.102000	-0.040867
-0.101000	-0.049895
-0.100000	-0.049895
-0.099000	-0.049895
-0.098000	-0.058922
-0.097000	-0.049895
-0.096000	-0.049895
-0.095000	-0.058922
-0.094000	-0.058922
-0.093000	-0.067951
-0.092000	-0.049895
-0.091000	-0.058922
-0.090000	-0.049895
-0.089000	-0.058922
-0.088000	-0.049895
-0.087000	-0.049895
-0.086000	-0.058922
-0.085000	-0.058922
-0.084000	-0.049895
-0.083000	-0.040867
-0.082000	-0.049895
-0.081000	-0.049895
-0.080000	-0.049895
-0.079000	-0.049895
-0.078000	-0.049895
-0.077000	-0.067951
-0.076000	-0.040867
-0.075000	-0.049895
-0.074000	-0.049895
-0.073000	-0.049895
-0.072000	-0.049895
-0.071000	-0.058922
-0.070000	-0.058922
-0.069000	-0.058922
-0.068000	-0.040867
-0.067000	-0.049895
-0.066000	-0.058922
-0.065000	-0.040867
-0.064000	-0.058922
-0.063000	-0.058922
-0.062000	-0.049895
-0.061000	-0.049895
-0.060000	-0.049895
-0.059000	-0.058922
-0.058000	-0.040867
-0.057000	-0.058922
-0.056000	-0.049895
-0.055000	-0.049895
-0.054000	-0.040867
-0.053000	-0.049895
-0.052000	-0.040867
-0.051000	-0.049895
-0.050000	-0.049895
-0.049000	-0.049895
-0.048000	-0.040867
-0.047000	-0.049895
-0.046000	-0.049895
-0.045000	-0.058922
-0.044000	-0.049895
-0.043000	-0.049895
-0.042000	-0.049895
-0.041000	-0.058922
-0.040000	-0.040867
-0.039000	-0.040867
-0.038000	-0.049895
-0.037000	-0.040867
-0.036000	-0.049895
-0.035000	-0.049895
-0.034000	-0.049895
-0.033000	-0.040867
-0.032000	-0.040867
-0.031000	-0.058922
-0.030000	-0.058922
-0.029000	-0.049895
-0.028000	-0.049895
-0.027000	-0.031820
-0.026000	0.013338
-0.025000	0.013338
-0.024000	-0.013764
-0.023000	-0.031820
-0.022000	-0.031820
-0.021000	-0.013764
-0.020000	-0.040867
-0.019000	-0.058922
-0.018000	-0.067951
-0.017000	-0.067951
-0.016000	-0.076997
-0.015000	-0.104099
-0.014000	-0.131183
-0.013000	-0.131183
-0.012000	-0.194416
-0.011000	-0.221519
-0.010000	-0.230565
-0.009000	-0.257649
-0.008000	-0.311854
-0.007000	-0.393162
-0.006000	-0.465423
-0.005000	-0.546712
-0.004000	-0.637048
-0.003000	-0.745457
-0.002000	-0.727383
-0.001000	-0.609945
0.000000	-0.781588
0.001000	-1.070650
0.002000	-1.197120
0.003000	-1.215170
0.004000	-1.179040
0.005000	-1.142910
0.006000	-1.179040
0.007000	-1.079680
0.008000	-1.242280
0.009000	-1.251300
0.010000	-1.016450
0.011000	-0.889979
0.012000	-0.790616
0.013000	-1.025470
0.014000	-1.142910
0.015000	-0.366059
0.016000	-0.393162
0.017000	-0.113127
0.018000	0.221112
0.019000	-0.122155
0.020000	-0.366059
0.021000	-0.393162
0.022000	-0.212491
0.023000	0.212066
0.024000	0.546305
0.025000	0.537259
0.026000	0.230140
0.027000	0.166907
0.028000	0.455969
0.029000	0.627594
0.030000	0.546305
0.031000	0.392736
0.032000	0.031413
0.033000	-0.384115
0.034000	-0.546712
0.035000	-0.646076
0.036000	-0.880951
0.037000	-1.188070
0.038000	-1.712010
0.039000	-2.109460
0.040000	-2.281090
0.041000	-2.380450
0.042000	-2.416600
0.043000	-2.398530
0.044000	-2.452730
0.045000	-2.461760
0.046000	-2.416600
0.047000	-2.371420
0.048000	-2.272060
0.049000	-1.477130
0.050000	-1.693930
0.051000	-3.229580
0.052000	-1.531340
0.053000	-2.109460
0.054000	-1.964940
0.055000	-0.998371
0.056000	-1.296480
0.057000	-1.693930
0.058000	-1.675880
0.059000	-1.675880
0.060000	-1.567470
0.061000	-1.413900
0.062000	-1.260350
0.063000	-1.404870
0.064000	-1.684910
0.065000	-1.693930
0.066000	-1.540370
0.067000	-1.450030
0.068000	-1.124840
0.069000	-1.142910
0.070000	-1.693930
0.071000	-1.964940
0.072000	-1.730060
0.073000	-1.558440
0.074000	-1.621670
0.075000	-1.883630
0.076000	-2.154620
0.077000	-2.244960
0.078000	-2.190770
0.079000	-2.145590
0.080000	-1.847500
0.081000	-1.034520
0.082000	-3.392180
0.083000	-2.199800
0.084000	-2.534020
0.085000	-2.949550
0.086000	-1.287430
0.087000	-1.170010
0.088000	-1.919760
0.089000	-2.254000
0.090000	-2.371420
0.091000	-2.100430
0.092000	-1.748140
0.093000	-1.097750
0.094000	-1.151940
0.095000	-1.721040
0.096000	-1.955890
0.097000	-1.639730
0.098000	-0.429293
0.099000	-1.359710
0.100000	-5.253020
0.101000	-6.093100
0.102000	-3.518640
0.103000	-3.455410
0.104000	-2.777920
0.105000	-1.757170
0.106000	-2.244960
0.107000	-3.066990
0.108000	-3.184410
0.109000	-3.211510
0.110000	-3.464440
0.111000	-2.290130
0.112000	-1.061600
0.113000	-2.570150
0.114000	-3.319920
0.115000	-2.109460
0.116000	-1.097750
0.117000	-1.585540
0.118000	-1.955890
0.119000	-2.244960
0.120000	-2.660490
0.121000	-2.443680
0.122000	-1.883630
0.123000	-2.001070
0.124000	-2.299160
0.125000	-2.317220
0.126000	-2.597250
0.127000	-2.940520
0.128000	-2.524990
0.129000	-1.983000
0.130000	-2.235930
0.131000	-2.814050
0.132000	-2.931490
0.133000	-2.461760
0.134000	-1.567470
0.135000	-1.946870
0.136000	-2.109460
0.137000	-1.558440
0.138000	-1.757170
0.139000	-1.468100
0.140000	-0.989343
0.141000	-1.576500
0.142000	-1.901710
0.143000	-1.468100
0.144000	-1.549410
0.145000	-2.181720
0.146000	-1.757170
0.147000	-1.097750
0.148000	-1.278410
0.149000	-2.019130
0.150000	-1.576500
0.151000	-1.206140
0.152000	-0.772541
0.153000	-0.618992
0.154000	-0.772541
0.155000	-1.504240
0.156000	-1.431970
0.157000	-1.133880
0.158000	-0.609945
0.159000	-1.061600
0.160000	-1.558440
0.161000	-1.133880
0.162000	-1.531340
0.163000	-2.172700
0.164000	-2.371420
0.165000	-2.497890
0.166000	-2.452730
0.167000	-2.091390
0.168000	-2.452730
0.169000	-3.121190
0.170000	-2.795980
0.171000	-2.308190
0.172000	-2.850180
0.173000	-3.076010
0.174000	-2.967620
0.175000	-2.723720
0.176000	-2.805030
0.177000	-2.515960
0.178000	-2.597250
0.179000	-2.506920
0.180000	-2.317220
0.181000	-2.434660
0.182000	-2.190770
0.183000	-2.172700
0.184000	-2.416600
0.185000	-2.371420
0.186000	-2.281090
0.187000	-2.850180
0.188000	-2.380450
0.189000	-2.669510
0.190000	-3.003750
0.191000	-3.184410
0.192000	-3.103120
0.193000	-2.850180
0.194000	-2.832130
0.195000	-3.021810
0.196000	-3.066990
0.197000	-2.841160
0.198000	-2.633380
0.199000	-2.506920
0.200000	-2.272060
0.201000	-2.172700
0.202000	-2.019130
0.203000	-1.721040
0.204000	-1.585540
0.205000	-1.495210
0.206000	-1.314540
0.207000	-1.224200
0.208000	-1.287430
0.209000	-1.296480
0.210000	-1.043550
0.211000	-0.862877
0.212000	-0.926110
0.213000	-1.043550
0.214000	-1.052580
0.215000	-1.016450
0.216000	-0.962241
0.217000	-1.043550
0.218000	-1.133880
0.219000	-1.170010
0.220000	-1.043550
0.221000	-0.817718
0.222000	-0.772541
0.223000	1.639320
0.224000	2.190340
0.225000	0.275299
0.226000	-0.320882
0.227000	-0.122155
0.228000	-0.320882
0.229000	0.961833
0.230000	1.088300
0.231000	-0.158286
0.232000	-0.113127
0.233000	1.268950
0.234000	0.817293
0.235000	0.320476
0.236000	0.880526
0.237000	0.943759
0.238000	0.058497
0.239000	-0.194416
0.240000	-0.221519
0.241000	-0.736411
0.242000	-0.537684
0.243000	-0.691252
0.244000	-1.901710
0.245000	-2.868260
0.246000	-2.127540
0.247000	-1.576500
0.248000	-1.892660
0.249000	-2.109460
0.250000	-2.579200
0.251000	-3.166350
0.252000	-2.001070
0.253000	-1.260350
0.254000	-1.838470
0.255000	-1.784270
0.256000	-1.341640
0.257000	-0.637048
0.258000	-0.338957
0.259000	-0.492526
0.260000	0.221112
0.261000	0.293373
0.262000	-0.022792
0.263000	0.130776
0.264000	0.392736
0.265000	1.079250
0.266000	1.937410
0.267000	1.548990
0.268000	0.844396
0.269000	1.088300
0.270000	1.612220
0.271000	2.036780
0.272000	1.657380
0.273000	1.404450
0.274000	1.585120
0.275000	2.181320
0.276000	2.795570
0.277000	3.436930
0.278000	3.202050
0.279000	2.786530
0.280000	2.515540
0.281000	2.145170
0.282000	2.090980
0.283000	2.623930
0.284000	1.874180
0.285000	0.690827
0.286000	1.539960
0.287000	2.958170
0.288000	1.702560
0.289000	0.519203
0.290000	0.645668
0.291000	0.537259
0.292000	0.401764
0.293000	0.862470
0.294000	0.365634
0.295000	-0.203463
0.296000	-0.302826
0.297000	-0.375088
0.298000	-0.582843
0.299000	-0.510582
0.300000	-0.049895
0.301000	-0.411218
0.302000	-1.287430
0.303000	-1.422950
0.304000	-0.799644
0.305000	-0.745457
0.306000	-0.754485
0.307000	-1.052580
0.308000	-1.648780
0.309000	-2.082360
0.310000	-1.721040
0.311000	-1.531340
0.312000	-1.314540
0.313000	-1.133880
0.314000	-1.450030
0.315000	-1.955890
0.316000	-1.992020
0.317000	-1.657800
0.318000	-1.386820
0.319000	-1.206140
0.320000	-1.278410
0.321000	-1.359710
0.322000	-1.142910
0.323000	-0.700280
0.324000	-0.366059
0.325000	-0.375088
0.326000	-0.618992
0.327000	-0.393162
0.328000	0.175935
0.329000	0.763088
0.330000	1.106360
0.331000	1.043120
0.332000	0.970861
0.333000	1.034090
0.334000	1.160560
0.335000	1.386390
0.336000	1.910310
0.337000	2.199370
0.338000	2.244550
0.339000	2.280680
0.340000	2.389070
0.341000	2.389070
0.342000	2.488440
0.343000	2.524570
0.344000	2.560700
0.345000	2.696210
0.346000	2.804600
0.347000	3.003330
0.348000	3.292390
0.349000	3.274330
0.350000	3.039460
0.351000	2.732340
0.352000	2.768470
0.353000	3.193030
0.354000	3.409830
0.355000	3.138820
0.356000	2.786530
0.357000	2.678130
0.358000	2.759440
0.359000	2.958170
0.360000	3.111740
0.361000	3.030430
0.362000	2.876860
0.363000	2.949120
0.364000	2.994300
0.365000	2.985270
0.366000	2.903960
0.367000	2.642000
0.368000	2.479410
0.369000	2.416170
0.370000	2.380040
0.371000	2.533610
0.372000	2.696210
0.373000	1.467680
0.374000	-0.826746
0.375000	-0.266696
0.376000	-0.140230
0.377000	-0.140230
0.378000	1.729660
0.379000	2.136140
0.380000	1.106360
0.381000	1.729660
0.382000	2.181320
0.383000	1.061200
0.384000	0.437895
0.385000	0.365634
0.386000	0.492100
0.387000	0.645668
0.388000	0.166907
0.389000	-0.492526
0.390000	0.004310
0.391000	0.736004
0.392000	0.781163
0.393000	0.763088
0.394000	0.763088
0.395000	1.720610
0.396000	2.958170
0.397000	3.003330
0.398000	2.389070
0.399000	2.398100
0.400000	1.838050
0.401000	1.377360
0.402000	1.006990
0.403000	0.492100
0.404000	0.979889
0.405000	2.642000
0.406000	3.057530
0.407000	3.184000
0.408000	3.617580
0.409000	3.473060
0.410000	3.021400
0.411000	2.885910
0.412000	2.063880
0.413000	1.648350
0.414000	1.747710
0.415000	1.819970
0.416000	2.524570
0.417000	3.247230
0.418000	2.949120
0.419000	2.750400
0.420000	2.885910
0.421000	2.596850
0.422000	2.903960
0.423000	3.048500
0.424000	2.199370
0.425000	1.955490
0.426000	2.090980
0.427000	1.738690
0.428000	1.729660
0.429000	1.783840
0.430000	1.530910
0.431000	1.756740
0.432000	2.181320
0.433000	2.145170
0.434000	1.955490
0.435000	1.991620
0.436000	2.045800
0.437000	1.639320
0.438000	1.106360
0.439000	0.943759
0.440000	1.016020
0.441000	0.952787
0.442000	0.880526
0.443000	0.880526
0.444000	0.853424
0.445000	1.332190
0.446000	1.684480
0.447000	1.567040
0.448000	1.277980
0.449000	1.196690
0.450000	1.025070
0.451000	1.025070
0.452000	1.079250
0.453000	1.070230
0.454000	1.115380
0.455000	1.088300
0.456000	1.151530
0.457000	1.241850
0.458000	1.630280
0.459000	1.838050
0.460000	1.711580
0.461000	1.982570
0.462000	2.100010
0.463000	1.829020
0.464000	1.819970
0.465000	1.738690
0.466000	1.738690
0.467000	1.838050
0.468000	2.090980
0.469000	2.063880
0.470000	2.244550
0.471000	2.443280
0.472000	2.407150
0.473000	2.181320
0.474000	2.136140
0.475000	2.018720
0.476000	2.280680
0.477000	2.316810
0.478000	2.045800
0.479000	1.928380
0.480000	1.982570
0.481000	2.154210
0.482000	2.190340
0.483000	2.172270
0.484000	2.063880
0.485000	1.937410
0.486000	1.883210
0.487000	1.838050
0.488000	1.838050
0.489000	1.801920
0.490000	1.594140
0.491000	1.657380
0.492000	1.594140
0.493000	1.684480
0.494000	1.892250
0.495000	1.946440
0.496000	1.792870
0.497000	1.666420
0.498000	1.684480
0.499000	1.594140
0.500000	1.530910
0.501000	1.657380
0.502000	1.630280
0.503000	1.621250
0.504000	1.747710
0.505000	1.801920
0.506000	1.874180
0.507000	1.729660
0.508000	1.810950
0.509000	1.946440
0.510000	1.702560
0.511000	1.783840
0.512000	1.901280
0.513000	1.774820
0.514000	1.946440
0.515000	2.172270
0.516000	1.892250
0.517000	1.901280
0.518000	2.145170
0.519000	1.991620
0.520000	2.063880
0.521000	2.172270
0.522000	1.946440
0.523000	1.774820
0.524000	2.045800
0.525000	1.928380
0.526000	1.693510
0.527000	1.847080
0.528000	2.235500
0.529000	2.235500
0.530000	2.027750
0.531000	1.883210
0.532000	1.964520
0.533000	2.009670
0.534000	2.027750
0.535000	1.756740
0.536000	1.675450
0.537000	2.009670
0.538000	1.883210
0.539000	1.296050
0.540000	1.404450
0.541000	1.675450
0.542000	1.729660
0.543000	1.485750
0.544000	1.232820
0.545000	1.106360
0.546000	2.090980
0.547000	3.310460
0.548000	2.000650
0.549000	0.997964
0.550000	2.479410
0.551000	3.581450
0.552000	2.524570
0.553000	1.359290
0.554000	1.512860
0.555000	2.127110
0.556000	2.578770
0.557000	2.262610
0.558000	1.847080
0.559000	2.081930
0.560000	2.714260
0.561000	3.075590
0.562000	2.732340
0.563000	2.714260
0.564000	3.174970
0.565000	3.328520
0.566000	3.003330
0.567000	2.858810
0.568000	2.976220
0.569000	3.193030
0.570000	3.328520
0.571000	3.147870
0.572000	2.931070
0.573000	3.120770
0.574000	3.111740
0.575000	3.003330
0.576000	3.147870
0.577000	3.220130
0.578000	2.985270
0.579000	2.759440
0.580000	2.750400
0.581000	2.768470
0.582000	2.714260
0.583000	2.786530
0.584000	2.678130
0.585000	2.334870
0.586000	2.443280
0.587000	2.443280
0.588000	2.181320
0.589000	2.136140
0.590000	2.136140
0.591000	1.819970
0.592000	1.711580
0.593000	1.702560
0.594000	1.585120
0.595000	1.503810
0.596000	1.287030
0.597000	1.097330
0.598000	1.016020
0.599000	1.250900
0.600000	1.305080
0.601000	1.088300
0.602000	1.223790
0.603000	1.530910
0.604000	1.558010
0.605000	1.576090
0.606000	1.657380
0.607000	1.512860
0.608000	1.449620
0.609000	0.690827
0.610000	-0.429293
0.611000	-0.971287
0.612000	-0.239593
0.613000	0.708901
0.614000	0.925685
0.615000	0.781163
0.616000	0.943759
0.617000	1.323160
0.618000	1.521880
0.619000	1.449620
0.620000	1.377360
0.621000	1.783840
0.622000	1.910310
0.623000	1.612220
0.624000	1.377360
0.625000	1.567040
0.626000	1.910310
0.627000	1.946440
0.628000	1.639320
0.629000	1.431550
0.630000	1.738690
0.631000	1.919340
0.632000	1.738690
0.633000	1.648350
0.634000	1.747710
0.635000	1.801920
0.636000	1.801920
0.637000	1.305080
0.638000	-0.221519
0.639000	-0.176360
0.640000	-0.040867
0.641000	-0.989343
0.642000	-1.594570
0.643000	-1.621670
0.644000	-1.847500
0.645000	-1.874610
0.646000	-1.621670
0.647000	-1.386820
0.648000	-0.492526
0.649000	0.754060
0.650000	1.061200
0.651000	1.016020
0.652000	1.458650
0.653000	2.118080
0.654000	2.289710
0.655000	1.910310
0.656000	1.639320
0.657000	1.440600
0.658000	1.205720
0.659000	1.016020
0.660000	0.726957
0.661000	0.564361
0.662000	0.464997
0.663000	0.230140
0.664000	0.058497
0.665000	0.184963
0.666000	0.374662
0.667000	0.356606
0.668000	0.383708
0.669000	0.537259
0.670000	0.889554
0.671000	1.052150
0.672000	1.196690
0.673000	1.576090
0.674000	1.964520
0.675000	2.497460
0.676000	2.750400
0.677000	2.452300
0.678000	2.497460
0.679000	2.885910
0.680000	2.994300
0.681000	2.958170
0.682000	2.840730
0.683000	3.328520
0.684000	3.707920
0.685000	3.093660
0.686000	1.133460
0.687000	0.907629
0.688000	2.054850
0.689000	2.669110
0.690000	1.946440
0.691000	1.377360
0.692000	1.847080
0.693000	2.470380
0.694000	1.991620
0.695000	1.467680
0.696000	2.118080
0.697000	2.940090
0.698000	2.506510
0.699000	1.305080
0.700000	1.178620
0.701000	2.398100
0.702000	2.985270
0.703000	2.289710
0.704000	1.702560
0.705000	1.819970
0.706000	2.136140
0.707000	2.127110
0.708000	1.901280
0.709000	1.928380
0.710000	2.154210
0.711000	2.027750
0.712000	1.585120
0.713000	1.576090
0.714000	1.576090
0.715000	1.431550
0.716000	1.440600
0.717000	1.043120
0.718000	0.672771
0.719000	1.124430
0.720000	1.142490
0.721000	0.654696
0.722000	0.573408
0.723000	0.555333
0.724000	0.483072
0.725000	0.754060
0.726000	0.889554
0.727000	0.717929
0.728000	0.736004
0.729000	0.754060
0.730000	0.835368
0.731000	1.016020
0.732000	1.124430
0.733000	1.160560
0.734000	1.106360
0.735000	1.133460
0.736000	1.241850
0.737000	1.530910
0.738000	1.639320
0.739000	1.576090
0.740000	1.801920
0.741000	1.801920
0.742000	1.829020
0.743000	2.100010
0.744000	2.262610
0.745000	2.289710
0.746000	2.217450
0.747000	2.009670
0.748000	1.910310
0.749000	2.217450
0.750000	2.533610
0.751000	2.452300
0.752000	2.253580
0.753000	2.253580
0.754000	2.334870
0.755000	2.361970
0.756000	2.398100
0.757000	2.425200
0.758000	2.407150
0.759000	2.343910
0.760000	2.190340
0.761000	2.109040
0.762000	2.217450
0.763000	2.253580
0.764000	2.054850
0.765000	1.865150
0.766000	1.829020
0.767000	1.919340
0.768000	2.009670
0.769000	1.883210
0.770000	1.639320
0.771000	1.558010
0.772000	1.603190
0.773000	1.621250
0.774000	1.539960
0.775000	1.449620
0.776000	1.395420
0.777000	1.377360
0.778000	1.395420
0.779000	1.386390
0.780000	1.386390
0.781000	1.431550
0.782000	1.503810
0.783000	1.539960
0.784000	1.612220
0.785000	1.693510
0.786000	1.792870
0.787000	1.847080
0.788000	1.847080
0.789000	1.901280
0.790000	2.027750
0.791000	2.081930
0.792000	2.163240
0.793000	2.298740
0.794000	2.343910
0.795000	2.316810
0.796000	2.371000
0.797000	2.398100
0.798000	2.443280
0.799000	2.578770
0.800000	2.605870
0.801000	2.623930
0.802000	2.605870
0.803000	2.587800
0.804000	2.687160
0.805000	2.723290
0.806000	2.696210
0.807000	2.642000
0.808000	2.605870
0.809000	2.669110
0.810000	2.750400
0.811000	2.795570
0.812000	2.623930
0.813000	2.578770
0.814000	2.696210
0.815000	2.687160
0.816000	2.614900
0.817000	2.596850
0.818000	2.497460
0.819000	2.488440
0.820000	2.479410
0.821000	2.325840
0.822000	2.190340
0.823000	2.208400
0.824000	2.244550
0.825000	2.154210
0.826000	2.045800
0.827000	1.919340
0.828000	1.928380
0.829000	2.018720
0.830000	2.000650
0.831000	1.856100
0.832000	1.801920
0.833000	1.847080
0.834000	1.919340
0.835000	1.919340
0.836000	1.919340
0.837000	1.901280
0.838000	1.919340
0.839000	2.036780
0.840000	2.127110
0.841000	2.181320
0.842000	2.262610
0.843000	2.271630
0.844000	2.343910
0.845000	2.452300
0.846000	2.560700
0.847000	2.542640
0.848000	2.614900
0.849000	2.660060
0.850000	2.777500
0.851000	2.759440
0.852000	2.768470
0.853000	2.804600
0.854000	2.903960
0.855000	2.949120
0.856000	2.958170
0.857000	2.931070
0.858000	2.994300
0.859000	3.030430
0.860000	3.084630
0.861000	2.922040
0.862000	2.894940
0.863000	3.066560
0.864000	3.030430
0.865000	2.949120
0.866000	2.940090
0.867000	2.885910
0.868000	2.931070
0.869000	2.958170
0.870000	2.822670
0.871000	2.741370
0.872000	2.858810
0.873000	2.849760
0.874000	2.723290
0.875000	2.732340
0.876000	2.623930
0.877000	2.587800
0.878000	2.642000
0.879000	2.578770
0.880000	2.425200
0.881000	2.380040
0.882000	2.533610
0.883000	2.398100
0.884000	2.307780
0.885000	2.334870
0.886000	2.235500
0.887000	2.271630
0.888000	2.380040
0.889000	2.244550
0.890000	2.190340
0.891000	2.389070
0.892000	2.343910
0.893000	2.298740
0.894000	2.361970
0.895000	2.425200
0.896000	2.461330
0.897000	2.452300
0.898000	2.497460
0.899000	2.578770
0.900000	2.569740
0.901000	2.678130
0.902000	2.660060
0.903000	2.669110
0.904000	2.723290
0.905000	2.922040
0.906000	2.958170
0.907000	2.976220
0.908000	2.985270
0.909000	3.021400
0.910000	3.165920
0.911000	3.156900
0.912000	3.048500
0.913000	3.120770
0.914000	3.202050
0.915000	3.220130
0.916000	3.220130
0.917000	3.156900
0.918000	3.138820
0.919000	3.274330
0.920000	3.247230
0.921000	3.129790
0.922000	3.003330
0.923000	3.193030
0.924000	3.039460
0.925000	3.057530
0.926000	3.066560
0.927000	2.804600
0.928000	3.021400
0.929000	2.931070
0.930000	2.876860
0.931000	2.894940
0.932000	2.768470
0.933000	2.967200
0.934000	2.777500
0.935000	2.723290
0.936000	2.813630
0.937000	2.714260
0.938000	2.714260
0.939000	2.741370
0.940000	2.596850
0.941000	2.696210
0.942000	2.687160
0.943000	2.696210
0.944000	2.623930
0.945000	2.587800
0.946000	2.795570
0.947000	2.623930
0.948000	2.623930
0.949000	2.732340
0.950000	2.669110
0.951000	2.660060
0.952000	2.741370
0.953000	2.696210
0.954000	2.687160
0.955000	2.642000
0.956000	2.894940
0.957000	2.967200
0.958000	2.912990
0.959000	2.741370
0.960000	2.696210
0.961000	2.822670
0.962000	2.940090
0.963000	2.985270
0.964000	2.876860
0.965000	2.858810
0.966000	2.940090
0.967000	3.093660
0.968000	3.075590
0.969000	2.985270
0.970000	3.138820
0.971000	3.256260
0.972000	3.174970
0.973000	3.165920
0.974000	3.364650
0.975000	3.328520
0.976000	3.274330
0.977000	3.445960
0.978000	3.328520
0.979000	3.274330
0.980000	3.319490
0.981000	3.500160
0.982000	3.400800
0.983000	3.138820
0.984000	3.129790
0.985000	3.174970
0.986000	2.967200
0.987000	2.994300
0.988000	3.075590
0.989000	2.885910
0.990000	2.777500
0.991000	2.768470
0.992000	2.750400
0.993000	2.768470
0.994000	2.786530
0.995000	2.741370
0.996000	2.533610
0.997000	2.506510
0.998000	2.687160
0.999000	2.651030
1.000000	2.407150
1.001000	2.425200
1.002000	2.605870
1.003000	2.596850
1.004000	2.705240
1.005000	2.741370
1.006000	2.461330
1.007000	2.416170
1.008000	2.632980
1.009000	2.651030
1.010000	2.533610
1.011000	2.560700
1.012000	2.678130
1.013000	2.741370
1.014000	2.669110
1.015000	2.596850
1.016000	2.669110
1.017000	2.660060
1.018000	2.786530
1.019000	2.912990
1.020000	2.813630
1.021000	2.786530
1.022000	2.976220
1.023000	2.958170
1.024000	2.858810
1.025000	2.867830
1.026000	2.867830
1.027000	2.894940
1.028000	3.030430
1.029000	3.093660
1.030000	2.876860
1.031000	2.614900
1.032000	2.714260
1.033000	2.922040
1.034000	2.894940
1.035000	2.741370
1.036000	2.605870
1.037000	2.443280
1.038000	2.515540
1.039000	2.678130
1.040000	2.605870
1.041000	2.497460
1.042000	2.488440
1.043000	2.389070
1.044000	2.371000
1.045000	2.741370
1.046000	2.813630
1.047000	2.687160
1.048000	2.533610
1.049000	2.488440
1.050000	2.325840
1.051000	2.244550
1.052000	2.190340
1.053000	2.154210
1.054000	2.199370
1.055000	2.398100
1.056000	2.271630
1.057000	2.127110
1.058000	2.190340
1.059000	2.226480
1.060000	2.000650
1.061000	1.883210
1.062000	1.856100
1.063000	1.819970
1.064000	1.910310
1.065000	1.720610
1.066000	1.314130
1.067000	1.296050
1.068000	1.621250
1.069000	1.558010
1.070000	1.332190
1.071000	1.359290
1.072000	1.476730
1.073000	1.341210
1.074000	1.277980
1.075000	1.006990
1.076000	0.663724
1.077000	0.410792
1.078000	0.320476
1.079000	0.311429
1.080000	0.609538
1.081000	0.663724
1.082000	0.546305
1.083000	0.311429
1.084000	0.121730
1.085000	0.130776
1.086000	0.248196
1.087000	0.347560
1.088000	0.356606
1.089000	0.347560
1.090000	0.275299
1.091000	0.239168
1.092000	0.266271
1.093000	0.428867
1.094000	0.365634
1.095000	0.139804
1.096000	0.257243
1.097000	0.275299
1.098000	-0.131183
1.099000	-0.194416
1.100000	0.221112
1.101000	0.492100
1.102000	0.230140
1.103000	0.383708
1.104000	0.112702
1.105000	-1.043550
1.106000	0.275299
1.107000	6.715980
1.108000	14.150300
1.109000	1.982570
1.110000	-7.646810
1.111000	-1.621670
1.112000	0.564361
1.113000	1.765790
1.114000	1.467680
1.115000	-0.917082
1.116000	-0.302826
1.117000	0.708901
1.118000	0.067543
1.119000	-2.064300
1.120000	0.745032
1.121000	1.332190
1.122000	0.582436
1.123000	-1.061600
1.124000	-1.043550
1.125000	-1.441000
1.126000	1.079250
1.127000	1.386390
1.128000	0.564361
1.129000	0.537259
1.130000	-1.522310
1.131000	0.826321
1.132000	3.174970
1.133000	1.079250
1.134000	-2.868260
1.135000	-0.347985
1.136000	-0.718355
1.137000	-0.637048
1.138000	2.018720
1.139000	0.184963
1.140000	-1.386820
1.141000	-0.266696
1.142000	1.603190
1.143000	1.630280
1.144000	-0.185388
1.145000	-1.179040
1.146000	0.004310
1.147000	1.729660
1.148000	0.844396
1.149000	-0.366059
1.150000	-1.983000
1.151000	-1.377770
1.152000	0.790191
1.153000	1.052150
1.154000	0.184963
1.155000	-0.176360
1.156000	0.157879
1.157000	0.754060
1.158000	0.474025
1.159000	-0.618992
1.160000	-0.248621
1.161000	1.151530
1.162000	1.368320
1.163000	-0.031820
1.164000	-2.037200
1.165000	-2.082360
1.166000	-0.113127
1.167000	1.052150
1.168000	0.537259
1.169000	-0.926110
1.170000	0.067543
1.171000	0.726957
1.172000	1.016020
1.173000	0.103674
1.174000	0.175935
1.175000	-0.329929
1.176000	0.329504
1.177000	0.437895
1.178000	-0.095053
1.179000	-1.341640
1.180000	-1.115810
1.181000	0.230140
1.182000	0.311429
1.183000	0.329504
1.184000	0.555333
1.185000	1.585120
1.186000	0.781163
1.187000	-1.133880
1.188000	-1.404870
1.189000	0.519203
1.190000	0.835368
1.191000	0.745032
1.192000	0.184963
1.193000	-0.646076
1.194000	-0.763513
1.195000	0.474025
1.196000	0.609538
1.197000	-0.248621
1.198000	0.347560
1.199000	1.323160
1.200000	0.790191
1.201000	-0.709308
1.202000	-0.438321
1.203000	0.437895
1.204000	0.979889
1.205000	0.094646
1.206000	-0.067951
1.207000	-0.899007
1.208000	-0.962241
1.209000	0.094646
1.210000	0.790191
1.211000	-0.022792
1.212000	-0.122155
1.213000	0.510175
1.214000	-0.086025
1.215000	-0.546712
1.216000	0.248196
1.217000	1.151530
1.218000	0.790191
1.219000	-0.700280
1.220000	-1.296480
1.221000	-0.736411
1.222000	0.067543
1.223000	0.184963
1.224000	-0.402190
1.225000	-0.311854
1.226000	0.275299
1.227000	0.555333
1.228000	-0.067951
1.229000	-0.763513
1.230000	-0.212491
1.231000	0.808265
1.232000	0.772135
1.233000	-0.311854
1.234000	-0.646076
1.235000	-0.230565
1.236000	-0.076997
1.237000	-0.221519
1.238000	-0.095053
1.239000	-0.040867
1.240000	0.410792
1.241000	0.736004
1.242000	0.302401
1.243000	-0.049895
1.244000	0.492100
1.245000	0.564361
1.246000	0.175935
1.247000	-0.393162
1.248000	-0.338957
1.249000	-0.004717
1.250000	0.510175
1.251000	0.248196
1.252000	-0.194416
1.253000	0.058497
1.254000	0.428867
1.255000	0.284345
1.256000	0.230140
1.257000	0.492100
1.258000	0.817293
1.259000	0.446941
1.260000	-0.465423
1.261000	-0.727383
1.262000	0.085599
1.263000	0.492100
1.264000	0.067543
1.265000	-0.465423
1.266000	-0.275724
1.267000	0.383708
1.268000	0.437895
1.269000	-0.140230
1.270000	-0.420246
1.271000	-0.067951
1.272000	0.311429
1.273000	-0.013764
1.274000	-0.492526
1.275000	-0.257649
1.276000	0.492100
1.277000	0.275299
1.278000	-0.465423
1.279000	-0.582843
1.280000	-0.474451
1.281000	0.022366
1.282000	0.483072
1.283000	0.076572
1.284000	-0.474451
1.285000	-0.293780
1.286000	-0.022792
1.287000	0.166907
1.288000	0.257243
1.289000	0.401764
1.290000	0.076572
1.291000	-0.058922
1.292000	0.058497
1.293000	-0.122155
1.294000	-0.257649
1.295000	0.004310
1.296000	0.293373
1.297000	0.266271
1.298000	0.275299
1.299000	0.374662
1.300000	0.474025
1.301000	0.275299
1.302000	0.302401
1.303000	0.347560
1.304000	0.302401
1.305000	0.329504
1.306000	0.166907
1.307000	0.022366
1.308000	0.067543
1.309000	0.175935
1.310000	0.148832
1.311000	-0.149258
1.312000	-0.167332
1.313000	0.184963
1.314000	0.483072
1.315000	0.474025
1.316000	0.374662
1.317000	0.356606
1.318000	0.492100
1.319000	0.148832
1.320000	-0.357013
1.321000	-0.501554
1.322000	-0.221519
1.323000	0.139804
1.324000	0.148832
1.325000	-0.194416
1.326000	-0.338957
1.327000	-0.113127
1.328000	0.320476
1.329000	0.347560
1.330000	-0.004717
1.331000	0.103674
1.332000	0.230140
1.333000	-0.203463
1.334000	-0.537684
1.335000	-0.311854
1.336000	0.058497
1.337000	0.212066
1.338000	0.139804
1.339000	-0.058922
1.340000	-0.113127
1.341000	0.184963
1.342000	0.049469
1.343000	-0.086025
1.344000	0.013338
1.345000	0.076572
1.346000	0.212066
1.347000	0.230140
1.348000	-0.140230
1.349000	-0.022792
1.350000	0.148832
1.351000	0.130776
1.352000	0.103674
1.353000	0.194010
1.354000	0.302401
1.355000	0.203038
1.356000	-0.058922
1.357000	0.085599
1.358000	0.320476
1.359000	0.537259
1.360000	0.293373
1.361000	-0.067951
1.362000	0.103674
1.363000	0.320476
1.364000	0.591464
1.365000	0.383708
1.366000	0.049469
1.367000	-0.013764
1.368000	0.239168
1.369000	0.221112
1.370000	0.148832
1.371000	0.184963
1.372000	0.501128
1.373000	0.618566
1.374000	0.239168
1.375000	0.004310
1.376000	0.022366
1.377000	0.166907
1.378000	0.311429
1.379000	0.148832
1.380000	0.103674
1.381000	0.221112
1.382000	0.085599
1.383000	0.184963
1.384000	0.175935
1.385000	0.112702
1.386000	-0.239593
1.387000	-0.275724
1.388000	0.067543
1.389000	0.203038
1.390000	0.022366
1.391000	-0.131183
1.392000	-0.076997
1.393000	0.040441
1.394000	0.031413
1.395000	0.094646
1.396000	0.004310
1.397000	-0.555759
1.398000	-0.311854
1.399000	0.067543
1.400000	-0.122155
1.401000	-0.095053
1.402000	0.031413
1.403000	-0.040867
1.404000	0.130776
1.405000	0.338532
1.406000	-0.031820
1.407000	-0.555759
1.408000	-0.393162
1.409000	0.248196
1.410000	0.410792
1.411000	0.058497
1.412000	-0.302826
1.413000	-0.158286
1.414000	0.510175
1.415000	0.880526
1.416000	0.419839
1.417000	-0.375088
1.418000	-0.528656
1.419000	0.121730
1.420000	0.781163
1.421000	0.618566
1.422000	-0.040867
1.423000	-0.420246
1.424000	0.257243
1.425000	0.988917
1.426000	0.672771
1.427000	-0.040867
1.428000	-0.086025
1.429000	0.347560
1.430000	0.943759
1.431000	0.356606
1.432000	-0.908054
1.433000	-1.242280
1.434000	-0.194416
1.435000	0.600492
1.436000	-2.118490
1.437000	-2.254000
1.438000	-1.296480
1.439000	0.474025
1.440000	0.772135
1.441000	-1.151940
1.442000	1.576090
1.443000	0.708901
1.444000	-0.591889
1.445000	-1.477130
1.446000	-1.486180
1.447000	1.151530
1.448000	0.311429
1.449000	-1.513260
1.450000	-1.341640
1.451000	1.088300
1.452000	1.178620
1.453000	-0.573815
1.454000	-1.206140
1.455000	0.600492
1.456000	1.296050
1.457000	0.076572
1.458000	-1.892660
1.459000	-0.935138
1.460000	0.528231
1.461000	0.329504
1.462000	-0.329929
1.463000	-0.546712
1.464000	-0.095053
1.465000	0.437895
1.466000	0.365634
1.467000	-0.212491
1.468000	0.573408
1.469000	1.259920
1.470000	0.799237
1.471000	-0.095053
1.472000	-0.510582
1.473000	0.031413
1.474000	0.690827
1.475000	0.338532
1.476000	0.049469
1.477000	0.437895
1.478000	0.916657
1.479000	0.970861
1.480000	0.663724
1.481000	0.212066
1.482000	-0.022792
1.483000	0.221112
1.484000	0.356606
1.485000	0.058497
1.486000	0.022366
1.487000	0.175935
1.488000	0.257243
1.489000	0.022366
1.490000	-0.140230
1.491000	-0.212491
1.492000	-0.076997
1.493000	-0.040867
1.494000	0.076572
1.495000	0.392736
1.496000	0.419839
1.497000	-0.239593
1.498000	-0.700280
1.499000	-0.501554
1.500000	-0.248621
1.501000	-0.031820
1.502000	-0.149258
1.503000	-1.106780
1.504000	-1.025470
1.505000	0.103674
1.506000	0.221112
1.507000	-0.357013
1.508000	-0.429293
1.509000	0.175935
1.510000	0.148832
1.511000	-0.076997
1.512000	-0.564787
1.513000	-0.113127
1.514000	0.094646
1.515000	-0.022792
1.516000	-0.095053
1.517000	-0.221519
1.518000	-0.302826
1.519000	0.257243
1.520000	0.293373
1.521000	-0.302826
1.522000	-0.058922
1.523000	0.546305
1.524000	0.690827
1.525000	0.645668
1.526000	0.365634
1.527000	0.681799
1.528000	1.079250
1.529000	0.600492
1.530000	-0.013764
1.531000	-0.438321
1.532000	-0.031820
1.533000	0.726957
1.534000	0.537259
1.535000	0.013338
1.536000	0.121730
1.537000	0.582436
1.538000	0.763088
1.539000	0.329504
1.540000	0.221112
1.541000	0.437895
1.542000	0.446941
1.543000	0.356606
1.544000	0.320476
1.545000	0.112702
1.546000	-0.167332
1.547000	-0.293780
1.548000	-0.122155
1.549000	-0.122155
1.550000	0.121730
1.551000	0.194010
1.552000	-0.031820
1.553000	0.085599
1.554000	0.184963
1.555000	0.148832
1.556000	-0.067951
1.557000	-0.519628
1.558000	-0.465423
1.559000	-0.185388
1.560000	-0.284752
1.561000	-0.420246
1.562000	-0.320882
1.563000	-0.239593
1.564000	-0.022792
1.565000	-0.031820
1.566000	-0.022792
1.567000	0.013338
1.568000	0.013338
1.569000	-0.058922
1.570000	-0.221519
1.571000	-0.221519
1.572000	-0.248621
1.573000	-0.067951
1.574000	-0.167332
1.575000	-0.338957
1.576000	-0.167332
1.577000	0.184963
1.578000	0.257243
1.579000	0.130776
1.580000	0.013338
1.581000	-0.031820
1.582000	0.266271
1.583000	0.419839
1.584000	0.275299
1.585000	0.230140
1.586000	0.501128
1.587000	0.284345
1.588000	0.329504
1.589000	0.221112
1.590000	0.130776
1.591000	0.419839
1.592000	0.600492
1.593000	0.428867
1.594000	0.203038
1.595000	0.248196
1.596000	0.293373
1.597000	0.437895
1.598000	0.212066
1.599000	-0.040867
1.600000	0.148832
1.601000	0.184963
1.602000	0.121730
1.603000	0.121730
1.604000	0.004310
1.605000	-0.031820
1.606000	0.166907
1.607000	0.139804
1.608000	-0.131183
1.609000	-0.149258
1.610000	-0.058922
1.611000	-0.022792
1.612000	0.103674
1.613000	-0.022792
1.614000	-0.338957
1.615000	-0.357013
1.616000	-0.176360
1.617000	-0.185388
1.618000	-0.212491
1.619000	-0.248621
1.620000	-0.248621
1.621000	-0.266696
1.622000	-0.239593
1.623000	-0.212491
1.624000	-0.067951
1.625000	0.139804
1.626000	0.212066
1.627000	0.112702
1.628000	-0.013764
1.629000	-0.040867
1.630000	-0.086025
1.631000	-0.013764
1.632000	-0.004717
1.633000	-0.122155
1.634000	-0.176360
1.635000	-0.086025
1.636000	0.157879
1.637000	0.302401
1.638000	0.401764
1.639000	0.455969
1.640000	0.320476
1.641000	0.248196
1.642000	0.365634
1.643000	0.311429
1.644000	0.257243
1.645000	0.257243
1.646000	0.031413
1.647000	-0.049895
1.648000	0.248196
1.649000	0.248196
1.650000	0.121730
1.651000	0.419839
1.652000	0.483072
1.653000	0.239168
1.654000	0.257243
1.655000	0.248196
1.656000	0.203038
1.657000	0.094646
1.658000	-0.022792
1.659000	-0.049895
1.660000	-0.113127
1.661000	-0.031820
1.662000	0.112702
1.663000	0.040441
1.664000	0.067543
1.665000	0.121730
1.666000	0.040441
1.667000	0.031413
1.668000	0.049469
1.669000	-0.004717
1.670000	-0.104099
1.671000	-0.067951
1.672000	-0.104099
1.673000	-0.149258
1.674000	-0.248621
1.675000	-0.284752
1.676000	-0.140230
1.677000	-0.058922
1.678000	-0.076997
1.679000	-0.049895
1.680000	0.040441
1.681000	-0.040867
1.682000	-0.076997
1.683000	-0.104099
1.684000	0.022366
1.685000	0.184963
1.686000	0.076572
1.687000	-0.031820
1.688000	-0.049895
1.689000	-0.013764
1.690000	0.013338
1.691000	0.112702
1.692000	0.157879
1.693000	0.013338
1.694000	0.058497
1.695000	0.284345
1.696000	0.311429
1.697000	0.184963
1.698000	0.275299
1.699000	0.302401
1.700000	0.130776
1.701000	0.221112
1.702000	0.257243
1.703000	0.139804
1.704000	0.184963
1.705000	0.175935
1.706000	-0.013764
1.707000	0.076572
1.708000	0.320476
1.709000	0.221112
1.710000	0.130776
1.711000	0.392736
1.712000	0.293373
1.713000	0.130776
1.714000	0.184963
1.715000	-0.022792
1.716000	-0.239593
1.717000	-0.004717
1.718000	0.094646
1.719000	-0.149258
1.720000	-0.149258
1.721000	-0.040867
1.722000	-0.086025
1.723000	-0.013764
1.724000	0.112702
1.725000	0.085599
1.726000	0.103674
1.727000	0.022366
1.728000	-0.104099
1.729000	-0.131183
1.730000	-0.194416
1.731000	-0.239593
1.732000	-0.104099
1.733000	-0.185388
1.734000	-0.248621
1.735000	0.040441
1.736000	0.148832
1.737000	0.040441
1.738000	0.103674
1.739000	0.076572
1.740000	0.022366
1.741000	0.130776
1.742000	0.040441
1.743000	-0.076997
1.744000	-0.040867
1.745000	0.004310
1.746000	0.013338
1.747000	0.022366
1.748000	0.067543
1.749000	0.166907
1.750000	0.221112
1.751000	0.239168
1.752000	0.311429
1.753000	0.320476
1.754000	0.221112
1.755000	0.112702
1.756000	0.013338
1.757000	0.004310
1.758000	0.112702
1.759000	0.148832
1.760000	0.130776
1.761000	0.175935
1.762000	0.148832
1.763000	0.139804
1.764000	0.239168
1.765000	0.130776
1.766000	0.022366
1.767000	0.157879
1.768000	0.184963
1.769000	0.067543
1.770000	0.058497
1.771000	0.094646
1.772000	-0.049895
1.773000	-0.004717
1.774000	0.022366
1.775000	0.058497
1.776000	0.040441
1.777000	-0.067951
1.778000	-0.086025
1.779000	-0.086025
1.780000	-0.067951
1.781000	-0.067951
1.782000	-0.013764
1.783000	-0.031820
1.784000	0.031413
1.785000	0.103674
1.786000	-0.049895
1.787000	-0.140230
1.788000	-0.031820
1.789000	0.076572
1.790000	0.031413
1.791000	-0.058922
1.792000	-0.086025
1.793000	0.067543
1.794000	0.221112
1.795000	0.121730
1.796000	0.022366
1.797000	0.148832
1.798000	0.076572
1.799000	0.103674
1.800000	0.212066
1.801000	0.022366
1.802000	0.058497
1.803000	0.103674
1.804000	-0.086025
1.805000	-0.040867
1.806000	0.266271
1.807000	0.085599
1.808000	0.067543
1.809000	0.275299
1.810000	0.157879
1.811000	0.130776
1.812000	0.266271
1.813000	0.040441
1.814000	-0.113127
1.815000	0.085599
1.816000	0.022366
1.817000	0.004310
1.818000	0.175935
1.819000	0.022366
1.820000	0.058497
1.821000	0.148832
1.822000	0.049469
1.823000	0.112702
1.824000	0.266271
1.825000	0.058497
1.826000	-0.113127
1.827000	0.022366
1.828000	-0.022792
1.829000	-0.049895
1.830000	0.067543
1.831000	-0.022792
1.832000	-0.104099
1.833000	0.103674
1.834000	0.076572
1.835000	-0.040867
1.836000	0.085599
1.837000	0.058497
1.838000	-0.067951
1.839000	-0.040867
1.840000	-0.004717
1.841000	-0.031820
1.842000	-0.004717
1.843000	-0.040867
1.844000	-0.095053
1.845000	-0.031820
1.846000	0.094646
1.847000	0.067543
1.848000	0.004310
1.849000	0.004310
1.850000	0.085599
1.851000	0.076572
1.852000	0.148832
1.853000	0.094646
1.854000	-0.013764
1.855000	0.031413
1.856000	0.112702
1.857000	0.076572
1.858000	0.130776
1.859000	0.184963
1.860000	0.112702
1.861000	0.166907
1.862000	0.184963
1.863000	0.103674
1.864000	0.157879
1.865000	0.248196
1.866000	0.203038
1.867000	0.194010
1.868000	0.203038
1.869000	0.130776
1.870000	0.203038
1.871000	0.275299
1.872000	0.221112
1.873000	0.103674
1.874000	0.130776
1.875000	0.157879
1.876000	0.130776
1.877000	0.121730
1.878000	0.040441
1.879000	0.004310
1.880000	0.076572
1.881000	0.166907
1.882000	0.157879
1.883000	0.040441
1.884000	0.058497
1.885000	0.067543
1.886000	-0.031820
1.887000	-0.040867
1.888000	-0.086025
1.889000	-0.049895
1.890000	-0.004717
1.891000	-0.086025
1.892000	-0.122155
1.893000	-0.031820
1.894000	-0.031820
1.895000	-0.067951
1.896000	-0.040867
1.897000	-0.040867
1.898000	-0.086025
1.899000	-0.004717
1.900000	0.013338
1.901000	-0.113127
1.902000	-0.140230
1.903000	-0.004717
1.904000	-0.067951
1.905000	-0.022792
1.906000	0.112702
1.907000	0.103674
1.908000	0.094646
1.909000	0.166907
1.910000	0.148832
1.911000	0.130776
1.912000	0.175935
1.913000	0.076572
1.914000	0.049469
1.915000	0.085599
1.916000	0.031413
1.917000	0.058497
1.918000	0.022366
1.919000	-0.022792
1.920000	0.157879
1.921000	0.284345
1.922000	0.275299
1.923000	0.203038
1.924000	0.302401
1.925000	0.338532
1.926000	0.257243
1.927000	0.148832
1.928000	-0.067951
1.929000	-0.194416
1.930000	-0.049895
1.931000	0.076572
1.932000	-0.013764
1.933000	-0.031820
1.934000	0.022366
1.935000	0.212066
1.936000	0.383708
1.937000	0.184963
1.938000	-0.076997
1.939000	0.094646
1.940000	-0.031820
1.941000	-0.293780
1.942000	-0.158286
1.943000	-0.122155
1.944000	-0.239593
1.945000	-0.067951
1.946000	0.058497
1.947000	-0.076997
1.948000	0.130776
1.949000	0.284345
1.950000	0.049469
1.951000	-0.104099
1.952000	-0.122155
1.953000	-0.176360
1.954000	-0.095053
1.955000	0.058497
1.956000	-0.158286
1.957000	-0.149258
1.958000	0.013338
1.959000	0.166907
1.960000	0.239168
1.961000	0.094646
1.962000	-0.004717
1.963000	0.076572
1.964000	0.139804
1.965000	0.112702
1.966000	0.157879
1.967000	-0.013764
1.968000	-0.067951
1.969000	0.094646
1.970000	0.157879
1.971000	0.157879
1.972000	0.212066
1.973000	0.184963
1.974000	0.157879
1.975000	0.112702
1.976000	0.049469
1.977000	0.067543
1.978000	0.076572
1.979000	0.103674
1.980000	0.022366
1.981000	-0.131183
1.982000	-0.167332
1.983000	-0.058922
1.984000	-0.058922
1.985000	0.112702
1.986000	0.392736
1.987000	0.437895
1.988000	0.284345
1.989000	0.221112
1.990000	0.112702
1.991000	-0.040867
1.992000	-0.049895
1.993000	-0.239593
1.994000	-0.474451
1.995000	-0.329929
1.996000	-0.058922
1.997000	0.031413
1.998000	0.166907
1.999000	0.681799
2.000000	0.446941
2.001000	-0.013764
2.002000	0.058497
2.003000	-0.076997
2.004000	-0.393162
2.005000	-0.067951
2.006000	0.067543
2.007000	-0.393162
2.008000	-0.149258
2.009000	0.365634
2.010000	0.203038
2.011000	0.040441
2.012000	0.383708
2.013000	0.275299
2.014000	0.175935
2.015000	0.212066
2.016000	-0.167332
2.017000	-0.384115
2.018000	-0.266696
2.019000	0.049469
2.020000	0.094646
2.021000	0.175935
2.022000	0.175935
2.023000	0.184963
2.024000	0.004310
2.025000	-0.067951
2.026000	0.221112
2.027000	0.230140
2.028000	0.022366
2.029000	0.085599
2.030000	-0.058922
2.031000	-0.158286
2.032000	0.374662
2.033000	0.455969
2.034000	-0.113127
2.035000	-0.049895
2.036000	0.266271
2.037000	-0.013764
2.038000	0.094646
2.039000	0.221112
2.040000	-0.049895
2.041000	-0.095053
2.042000	0.284345
2.043000	0.184963
2.044000	-0.049895
2.045000	0.230140
2.046000	0.392736
2.047000	0.203038
2.048000	0.076572
2.049000	-0.095053
2.050000	-0.131183
2.051000	0.112702
2.052000	0.184963
2.053000	0.103674
2.054000	0.076572
2.055000	0.130776
2.056000	0.175935
2.057000	0.130776
2.058000	0.049469
2.059000	0.067543
2.060000	0.040441
2.061000	-0.004717
2.062000	-0.058922
2.063000	-0.248621
2.064000	-0.221519
2.065000	0.094646
2.066000	0.175935
2.067000	-0.004717
2.068000	0.049469
2.069000	0.112702
2.070000	0.022366
2.071000	0.094646
2.072000	0.103674
2.073000	-0.022792
2.074000	-0.022792
2.075000	-0.031820
2.076000	-0.140230
2.077000	-0.031820
2.078000	-0.031820
2.079000	0.067543
2.080000	0.257243
2.081000	0.257243
2.082000	0.040441
2.083000	0.058497
2.084000	0.013338
2.085000	-0.040867
2.086000	0.184963
2.087000	0.148832
2.088000	-0.113127
2.089000	-0.122155
2.090000	-0.004717
2.091000	0.157879
2.092000	0.329504
2.093000	0.302401
2.094000	0.212066
2.095000	0.139804
2.096000	0.103674
2.097000	0.121730
2.098000	0.058497
2.099000	-0.040867
2.100000	0.031413
2.101000	0.004310
2.102000	-0.086025
2.103000	-0.049895
2.104000	0.175935
2.105000	0.284345
2.106000	0.175935
2.107000	0.139804
2.108000	0.103674
2.109000	0.004310
2.110000	0.085599
2.111000	0.166907
2.112000	-0.076997
2.113000	-0.257649
2.114000	-0.040867
2.115000	0.067543
2.116000	0.040441
2.117000	0.130776
2.118000	0.112702
2.119000	-0.004717
2.120000	0.085599
2.121000	0.112702
2.122000	-0.022792
2.123000	-0.104099
2.124000	-0.113127
2.125000	-0.140230
2.126000	-0.167332
2.127000	-0.067951
2.128000	0.067543
2.129000	0.040441
2.130000	-0.058922
2.131000	-0.040867
2.132000	0.022366
2.133000	0.058497
2.134000	0.076572
2.135000	0.040441
2.136000	-0.022792
2.137000	-0.104099
2.138000	0.004310
2.139000	0.067543
2.140000	0.058497
2.141000	0.076572
2.142000	0.067543
2.143000	0.040441
2.144000	0.139804
2.145000	0.139804
2.146000	0.103674
2.147000	0.067543
2.148000	-0.031820
2.149000	-0.004717
2.150000	0.112702
2.151000	0.139804
2.152000	0.112702
2.153000	0.175935
2.154000	0.203038
2.155000	0.112702
2.156000	0.175935
2.157000	0.175935
2.158000	0.085599
2.159000	0.067543
2.160000	0.058497
2.161000	-0.058922
2.162000	-0.040867
2.163000	0.031413
2.164000	0.067543
2.165000	0.112702
2.166000	0.103674
2.167000	0.076572
2.168000	0.085599
2.169000	0.049469
2.170000	-0.004717
2.171000	-0.031820
2.172000	-0.076997
2.173000	-0.131183
2.174000	-0.067951
2.175000	-0.013764
2.176000	-0.004717
2.177000	0.058497
2.178000	0.094646
2.179000	0.049469
2.180000	0.040441
2.181000	0.112702
2.182000	-0.004717
2.183000	-0.095053
2.184000	-0.049895
2.185000	-0.067951
2.186000	-0.031820
2.187000	0.040441
2.188000	0.013338
2.189000	0.013338
2.190000	0.139804
2.191000	0.121730
2.192000	0.121730
2.193000	0.166907
2.194000	0.058497
2.195000	0.013338
2.196000	0.085599
2.197000	0.013338
2.198000	0.004310
2.199000	0.212066
2.200000	0.175935
2.201000	0.139804
2.202000	0.175935
2.203000	0.112702
2.204000	0.148832
2.205000	0.212066
2.206000	0.157879
2.207000	0.076572
2.208000	0.085599
2.209000	0.040441
2.210000	0.094646
2.211000	0.103674
2.212000	0.094646
2.213000	0.148832
2.214000	0.166907
2.215000	0.130776
2.216000	0.121730
2.217000	0.094646
2.218000	0.058497
2.219000	0.058497
2.220000	0.058497
2.221000	0.013338
2.222000	0.004310
2.223000	0.031413
2.224000	0.067543
2.225000	0.040441
2.226000	0.004310
2.227000	0.022366
2.228000	0.004310
2.229000	-0.022792
2.230000	0.022366
2.231000	0.004310
2.232000	-0.067951
2.233000	-0.031820
2.234000	-0.031820
2.235000	0.004310
2.236000	0.022366
2.237000	0.049469
2.238000	-0.031820
2.239000	0.022366
2.240000	0.139804
2.241000	0.076572
2.242000	0.040441
2.243000	0.094646
2.244000	0.040441
2.245000	-0.031820
2.246000	0.121730
2.247000	0.067543
2.248000	0.013338
2.249000	0.130776
2.250000	0.148832
2.251000	0.022366
2.252000	0.058497
2.253000	0.175935
2.254000	0.103674
2.255000	0.121730
2.256000	0.130776
2.257000	0.085599
2.258000	0.022366
2.259000	0.076572
2.260000	0.166907
2.261000	0.112702
2.262000	0.157879
2.263000	0.248196
2.264000	0.166907
2.265000	0.130776
2.266000	0.157879
2.267000	0.094646
2.268000	0.049469
2.269000	0.094646
2.270000	0.067543
2.271000	0.004310
2.272000	0.031413
2.273000	0.130776
2.274000	0.094646
2.275000	-0.022792
2.276000	0.058497
2.277000	0.103674
2.278000	-0.049895
2.279000	-0.022792
2.280000	0.022366
2.281000	-0.049895
2.282000	-0.049895
2.283000	-0.022792
2.284000	-0.049895
2.285000	-0.031820
2.286000	-0.040867
2.287000	-0.031820
2.288000	-0.049895
2.289000	-0.076997
2.290000	-0.022792
2.291000	-0.022792
2.292000	-0.122155
2.293000	-0.095053
2.294000	-0.040867
2.295000	0.004310
2.296000	0.013338
2.297000	0.013338
2.298000	-0.040867
2.299000	-0.149258
2.300000	0.175935
2.301000	0.230140
2.302000	-0.113127
2.303000	0.221112
2.304000	-0.284752
2.305000	0.284345
2.306000	0.230140
2.307000	0.311429
2.308000	-0.140230
2.309000	0.040441
2.310000	0.311429
2.311000	-0.004717
2.312000	0.501128
2.313000	0.139804
2.314000	0.248196
2.315000	-0.095053
2.316000	0.230140
2.317000	0.212066
2.318000	0.329504
2.319000	-0.040867
2.320000	0.121730
2.321000	0.519203
2.322000	0.483072
2.323000	-1.856530
2.324000	0.076572
2.325000	2.416170
2.326000	0.347560
2.327000	-2.317220
2.328000	-0.420246
2.329000	1.214750
2.330000	0.338532
2.331000	0.898601
2.332000	0.184963
2.333000	-1.874610
2.334000	-1.061600
2.335000	0.446941
2.336000	0.474025
2.337000	0.248196
2.338000	0.040441
2.339000	-0.844821
2.340000	-0.573815
2.341000	0.212066
2.342000	0.582436
2.343000	0.654696
2.344000	-0.212491
2.345000	-0.736411
2.346000	-0.357013
2.347000	0.672771
2.348000	-0.058922
2.349000	-0.194416
2.350000	-0.266696
2.351000	-0.311854
2.352000	-1.459080
2.353000	0.419839
2.354000	1.819970
2.355000	1.973540
2.356000	-0.664150
2.357000	-0.338957
2.358000	0.194010
2.359000	-0.194416
2.360000	-0.718355
2.361000	-2.181720
2.362000	-0.158286
2.363000	0.997964
2.364000	2.154210
2.365000	0.446941
2.366000	0.636622
2.367000	0.004310
2.368000	-0.546712
2.369000	0.880526
2.370000	-0.600917
2.371000	-0.763513
2.372000	0.410792
2.373000	0.347560
2.374000	-1.016450
2.375000	0.311429
2.376000	-0.049895
2.377000	0.555333
2.378000	1.395420
2.379000	1.097330
2.380000	-0.519628
2.381000	0.582436
2.382000	0.618566
2.383000	-0.682224
2.384000	-1.188070
2.385000	-1.874610
2.386000	-1.549410
2.387000	1.169590
2.388000	2.822670
2.389000	0.871498
2.390000	0.049469
2.391000	-0.880951
2.392000	-0.700280
2.393000	-0.266696
2.394000	0.085599
2.395000	-0.131183
2.396000	0.302401
2.397000	-0.266696
2.398000	-0.727383
2.399000	-0.067951
2.400000	0.401764
2.401000	1.016020
2.402000	0.347560
2.403000	-1.323580
2.404000	-0.989343
2.405000	0.203038
2.406000	0.772135
2.407000	0.781163
2.408000	-0.600917
2.409000	-1.377770
2.410000	-0.420246
2.411000	1.368320
2.412000	1.594140
2.413000	0.627594
2.414000	-0.510582
2.415000	-0.781588
2.416000	-0.203463
2.417000	-0.122155
2.418000	-0.149258
2.419000	0.455969
2.420000	0.564361
2.421000	0.311429
2.422000	0.546305
2.423000	0.573408
2.424000	0.257243
2.425000	0.410792
2.426000	-0.004717
2.427000	-0.420246
2.428000	-0.212491
2.429000	0.293373
2.430000	0.365634
2.431000	0.437895
2.432000	0.212066
2.433000	-0.013764
2.434000	-0.104099
2.435000	0.239168
2.436000	0.428867
2.437000	0.446941
2.438000	0.230140
2.439000	0.013338
2.440000	-0.022792
2.441000	-0.149258
2.442000	-0.284752
2.443000	-0.230565
2.444000	0.022366
2.445000	0.212066
2.446000	0.130776
2.447000	-0.076997
2.448000	-0.095053
2.449000	-0.122155
2.450000	-0.185388
2.451000	-0.284752
2.452000	-0.221519
2.453000	0.157879
2.454000	0.284345
2.455000	-0.067951
2.456000	-0.004717
2.457000	-0.040867
2.458000	-0.257649
2.459000	-0.329929
2.460000	-0.329929
2.461000	-0.194416
2.462000	0.203038
2.463000	0.311429
2.464000	-0.158286
2.465000	-0.320882
2.466000	0.338532
2.467000	0.618566
2.468000	-0.122155
2.469000	-0.212491
2.470000	-0.131183
2.471000	0.275299
2.472000	0.528231
2.473000	0.004310
2.474000	0.022366
2.475000	0.392736
2.476000	0.103674
2.477000	0.293373
2.478000	0.284345
2.479000	-0.456395
2.480000	0.401764
2.481000	1.016020
2.482000	-0.266696
2.483000	-0.149258
2.484000	0.537259
2.485000	0.383708
2.486000	0.338532
2.487000	0.365634
2.488000	0.067543
2.489000	0.076572
2.490000	0.284345
2.491000	0.257243
2.492000	-0.076997
2.493000	-0.456395
2.494000	-0.031820
2.495000	0.257243
2.496000	0.049469
2.497000	0.221112
2.498000	0.293373
2.499000	-0.140230
2.500000	-0.004717
2.501000	0.184963
2.502000	-0.230565
2.503000	-0.347985
2.504000	-0.140230
2.505000	-0.076997
2.506000	-0.275724
2.507000	-0.248621
2.508000	-0.230565
2.509000	-0.284752
2.510000	0.239168
2.511000	0.203038
2.512000	-0.266696
2.513000	0.112702
2.514000	-0.185388
2.515000	-0.709308
2.516000	-0.076997
2.517000	1.124430
2.518000	-0.817718
2.519000	-1.142910
2.520000	1.431550
2.521000	1.567040
2.522000	-0.727383
2.523000	-2.181720
2.524000	-2.217850
2.525000	0.040441
2.526000	3.003330
2.527000	2.389070
2.528000	0.058497
2.529000	-1.883630
2.530000	-0.989343
2.531000	1.639320
2.532000	1.558010
2.533000	-0.718355
2.534000	-0.908054
2.535000	-0.555759
2.536000	0.338532
2.537000	0.952787
2.538000	0.112702
2.539000	0.383708
2.540000	0.790191
2.541000	0.103674
2.542000	-0.122155
2.543000	0.564361
2.544000	0.446941
2.545000	0.564361
2.546000	-0.095053
2.547000	-1.332610
2.548000	-0.763513
2.549000	0.808265
2.550000	1.106360
2.551000	0.175935
2.552000	-0.402190
2.553000	-0.664150
2.554000	0.437895
2.555000	0.672771
2.556000	-0.357013
2.557000	-0.835774
2.558000	-0.293780
2.559000	0.184963
2.560000	0.510175
2.561000	0.148832
2.562000	-0.302826
2.563000	0.112702
2.564000	0.175935
2.565000	-0.546712
2.566000	-1.061600
2.567000	-0.844821
2.568000	-0.185388
2.569000	0.681799
2.570000	0.790191
2.571000	-0.049895
2.572000	-0.709308
2.573000	-0.501554
2.574000	0.392736
2.575000	0.708901
2.576000	0.212066
2.577000	-0.275724
2.578000	-0.302826
2.579000	-0.338957
2.580000	-0.131183
2.581000	0.157879
2.582000	0.266271
2.583000	0.266271
2.584000	0.455969
2.585000	0.600492
2.586000	0.681799
2.587000	0.347560
2.588000	-0.230565
2.589000	-0.149258
2.590000	0.230140
2.591000	0.221112
2.592000	0.184963
2.593000	0.275299
2.594000	0.284345
2.595000	0.356606
2.596000	0.311429
2.597000	0.067543
2.598000	0.076572
2.599000	0.329504
2.600000	0.455969
2.601000	0.329504
2.602000	0.112702
2.603000	0.067543
2.604000	0.121730
2.605000	0.085599
2.606000	-0.022792
2.607000	-0.158286
2.608000	-0.284752
2.609000	-0.095053
2.610000	0.374662
2.611000	0.338532
2.612000	-0.049895
2.613000	-0.447349
2.614000	-0.546712
2.615000	-0.140230
2.616000	0.347560
2.617000	0.139804
2.618000	-0.221519
2.619000	-0.176360
2.620000	-0.004717
2.621000	-0.067951
2.622000	-0.185388
2.623000	-0.176360
2.624000	-0.140230
2.625000	0.040441
2.626000	0.076572
2.627000	-0.004717
2.628000	-0.004717
2.629000	0.094646
2.630000	0.049469
2.631000	-0.049895
2.632000	-0.040867
2.633000	0.157879
2.634000	0.293373
2.635000	0.239168
2.636000	0.085599
2.637000	-0.031820
2.638000	0.112702
2.639000	0.257243
2.640000	0.112702
2.641000	0.031413
2.642000	0.248196
2.643000	0.347560
2.644000	0.248196
2.645000	0.175935
2.646000	0.293373
2.647000	0.365634
2.648000	0.275299
2.649000	0.076572
2.650000	0.058497
2.651000	0.275299
2.652000	0.293373
2.653000	0.031413
2.654000	-0.113127
2.655000	-0.049895
2.656000	0.067543
2.657000	0.203038
2.658000	0.203038
2.659000	0.166907
2.660000	0.085599
2.661000	-0.004717
2.662000	-0.049895
2.663000	-0.022792
2.664000	-0.049895
2.665000	-0.040867
2.666000	-0.104099
2.667000	-0.176360
2.668000	-0.158286
2.669000	-0.022792
2.670000	0.049469
2.671000	-0.049895
2.672000	-0.167332
2.673000	-0.140230
2.674000	0.013338
2.675000	0.112702
2.676000	0.013338
2.677000	-0.176360
2.678000	-0.230565
2.679000	-0.140230
2.680000	-0.040867
2.681000	0.013338
2.682000	-0.040867
2.683000	-0.031820
2.684000	0.058497
2.685000	0.139804
2.686000	0.076572
2.687000	-0.067951
2.688000	-0.049895
2.689000	0.166907
2.690000	0.257243
2.691000	0.184963
2.692000	0.040441
2.693000	0.067543
2.694000	0.175935
2.695000	0.175935
2.696000	0.049469
2.697000	0.049469
2.698000	0.212066
2.699000	0.365634
2.700000	0.275299
2.701000	0.121730
2.702000	0.040441
2.703000	0.040441
2.704000	0.203038
2.705000	0.212066
2.706000	0.157879
2.707000	0.175935
2.708000	0.221112
2.709000	0.148832
2.710000	0.031413
2.711000	-0.013764
2.712000	0.031413
2.713000	0.022366
2.714000	-0.022792
2.715000	-0.022792
2.716000	0.013338
2.717000	0.085599
2.718000	0.094646
2.719000	-0.004717
2.720000	-0.122155
2.721000	-0.076997
2.722000	-0.013764
2.723000	0.004310
2.724000	0.022366
2.725000	-0.113127
2.726000	-0.275724
2.727000	-0.266696
2.728000	-0.122155
2.729000	-0.122155
2.730000	-0.086025
2.731000	-0.031820
2.732000	0.040441
2.733000	0.058497
2.734000	0.022366
2.735000	-0.022792
2.736000	-0.031820
2.737000	-0.067951
2.738000	-0.095053
2.739000	-0.067951
2.740000	0.004310
2.741000	0.085599
2.742000	0.094646
2.743000	0.031413
2.744000	-0.031820
2.745000	0.040441
2.746000	0.203038
2.747000	0.320476
2.748000	0.248196
2.749000	0.094646
2.750000	0.076572
2.751000	0.139804
2.752000	0.130776
2.753000	0.094646
2.754000	0.130776
2.755000	0.184963
2.756000	0.266271
2.757000	0.275299
2.758000	0.239168
2.759000	0.166907
2.760000	0.058497
2.761000	0.040441
2.762000	0.139804
2.763000	0.239168
2.764000	0.266271
2.765000	0.184963
2.766000	0.067543
2.767000	0.049469
2.768000	0.067543
2.769000	0.058497
2.770000	0.004310
2.771000	-0.013764
2.772000	-0.031820
2.773000	-0.013764
2.774000	0.013338
2.775000	-0.013764
2.776000	-0.022792
2.777000	-0.031820
2.778000	-0.067951
2.779000	-0.067951
2.780000	-0.013764
2.781000	-0.004717
2.782000	-0.031820
2.783000	-0.149258
2.784000	-0.167332
2.785000	-0.113127
2.786000	-0.076997
2.787000	-0.076997
2.788000	-0.031820
2.789000	-0.004717
2.790000	0.067543
2.791000	0.067543
2.792000	0.013338
2.793000	-0.022792
2.794000	0.013338
2.795000	0.067543
2.796000	0.085599
2.797000	0.121730
2.798000	0.112702
2.799000	0.103674
2.800000	0.112702
2.801000	0.103674
2.802000	0.121730
2.803000	0.175935
2.804000	0.230140
2.805000	0.275299
2.806000	0.275299
2.807000	0.239168
2.808000	0.230140
2.809000	0.212066
2.810000	0.212066
2.811000	0.230140
2.812000	0.230140
2.813000	0.194010
2.814000	0.175935
2.815000	0.184963
2.816000	0.194010
2.817000	0.175935
2.818000	0.130776
2.819000	0.166907
2.820000	0.203038
2.821000	0.203038
2.822000	0.130776
2.823000	0.076572
2.824000	0.040441
2.825000	0.013338
2.826000	-0.022792
2.827000	-0.049895
2.828000	-0.013764
2.829000	0.058497
2.830000	0.022366
2.831000	0.004310
2.832000	-0.022792
2.833000	-0.040867
2.834000	-0.067951
2.835000	-0.067951
2.836000	-0.113127
2.837000	-0.104099
2.838000	-0.040867
2.839000	-0.031820
2.840000	-0.076997
2.841000	-0.122155
2.842000	-0.086025
2.843000	-0.031820
2.844000	-0.040867
2.845000	-0.049895
2.846000	-0.049895
2.847000	-0.013764
2.848000	0.031413
2.849000	0.040441
2.850000	0.040441
2.851000	0.022366
2.852000	0.067543
2.853000	0.121730
2.854000	0.130776
2.855000	0.130776
2.856000	0.103674
2.857000	0.085599
2.858000	0.103674
2.859000	0.112702
2.860000	0.139804
2.861000	0.166907
2.862000	0.203038
2.863000	0.212066
2.864000	0.212066
2.865000	0.203038
2.866000	0.184963
2.867000	0.157879
2.868000	0.148832
2.869000	0.148832
2.870000	0.148832
2.871000	0.139804
2.872000	0.130776
2.873000	0.103674
2.874000	0.085599
2.875000	0.085599
2.876000	0.067543
2.877000	0.067543
2.878000	0.040441
2.879000	0.040441
2.880000	0.013338
2.881000	-0.004717
2.882000	-0.031820
2.883000	-0.067951
2.884000	-0.076997
2.885000	-0.049895
2.886000	-0.049895
2.887000	-0.095053
2.888000	-0.140230
2.889000	-0.158286
2.890000	-0.131183
2.891000	-0.104099
2.892000	-0.086025
2.893000	-0.113127
2.894000	-0.076997
2.895000	-0.049895
2.896000	-0.058922
2.897000	-0.086025
2.898000	-0.104099
2.899000	-0.104099
2.900000	-0.086025
2.901000	-0.040867
2.902000	-0.004717
2.903000	0.040441
2.904000	0.049469
2.905000	0.049469
2.906000	0.022366
2.907000	0.067543
2.908000	0.067543
2.909000	0.085599
2.910000	0.085599
2.911000	0.094646
2.912000	0.130776
2.913000	0.139804
2.914000	0.148832
2.915000	0.139804
2.916000	0.148832
2.917000	0.166907
2.918000	0.184963
2.919000	0.184963
2.920000	0.166907
2.921000	0.175935
2.922000	0.157879
2.923000	0.130776
2.924000	0.112702
2.925000	0.121730
2.926000	0.157879
2.927000	0.175935
2.928000	0.148832
2.929000	0.112702
2.930000	0.067543
2.931000	0.058497
2.932000	0.004310
2.933000	0.022366
2.934000	0.013338
2.935000	0.004310
2.936000	0.013338
2.937000	0.013338
2.938000	0.013338
2.939000	0.004310
2.940000	-0.031820
2.941000	-0.058922
2.942000	-0.076997
2.943000	-0.076997
2.944000	-0.049895
2.945000	-0.040867
2.946000	-0.067951
2.947000	-0.049895
2.948000	-0.040867
2.949000	-0.022792
2.950000	0.004310
2.951000	-0.022792
2.952000	-0.013764
2.953000	-0.022792
2.954000	0.022366
2.955000	0.040441
2.956000	0.040441
2.957000	0.058497
2.958000	0.076572
2.959000	0.103674
2.960000	0.094646
2.961000	0.103674
2.962000	0.103674
2.963000	0.112702
2.964000	0.130776
2.965000	0.148832
2.966000	0.148832
2.967000	0.184963
2.968000	0.203038
2.969000	0.221112
2.970000	0.212066
2.971000	0.175935
2.972000	0.157879
2.973000	0.184963
2.974000	0.175935
2.975000	0.184963
2.976000	0.166907
2.977000	0.175935
2.978000	0.166907
2.979000	0.139804
2.980000	0.166907
2.981000	0.157879
2.982000	0.130776
2.983000	0.103674
2.984000	0.103674
2.985000	0.094646
2.986000	0.067543
2.987000	0.058497
2.988000	0.022366
2.989000	0.004310
2.990000	0.013338
2.991000	0.040441
2.992000	0.040441
2.993000	0.031413
2.994000	-0.013764
2.995000	-0.031820
2.996000	-0.031820
2.997000	-0.040867
2.998000	-0.049895
2.999000	-0.049895
3.000000	-0.031820
3.001000	0.004310
3.002000	0.013338
3.003000	0.013338
3.004000	-0.004717
3.005000	-0.049895
3.006000	-0.040867
3.007000	-0.022792
3.008000	-0.013764
3.009000	0.004310
3.010000	0.022366
3.011000	0.067543
3.012000	0.067543
3.013000	0.094646
3.014000	0.085599
3.015000	0.085599
3.016000	0.085599
3.017000	0.094646
3.018000	0.094646
3.019000	0.112702
3.020000	0.130776
3.021000	0.130776
3.022000	0.148832
3.023000	0.157879
3.024000	0.166907
3.025000	0.157879
3.026000	0.139804
3.027000	0.130776
3.028000	0.148832
3.029000	0.139804
3.030000	0.139804
3.031000	0.139804
3.032000	0.148832
3.033000	0.130776
3.034000	0.121730
3.035000	0.112702
3.036000	0.076572
3.037000	0.058497
3.038000	0.067543
3.039000	0.067543
3.040000	0.022366
3.041000	0.013338
3.042000	0.004310
3.043000	0.004310
3.044000	-0.004717
3.045000	-0.031820
3.046000	-0.049895
3.047000	-0.049895
3.048000	-0.040867
3.049000	-0.049895
3.050000	-0.067951
3.051000	-0.076997
3.052000	-0.095053
3.053000	-0.095053
3.054000	-0.076997
3.055000	-0.067951
3.056000	-0.049895
3.057000	-0.058922
3.058000	-0.049895
3.059000	-0.049895
3.060000	-0.058922
3.061000	-0.058922
3.062000	-0.049895
3.063000	-0.040867
3.064000	-0.004717
3.065000	0.031413
3.066000	0.031413
3.067000	0.049469
3.068000	0.049469
3.069000	0.049469
3.070000	0.058497
3.071000	0.067543
3.072000	0.067543
3.073000	0.085599
3.074000	0.112702
3.075000	0.139804
3.076000	0.148832
3.077000	0.148832
3.078000	0.148832
3.079000	0.139804
3.080000	0.139804
3.081000	0.139804
3.082000	0.130776
3.083000	0.139804
3.084000	0.148832
3.085000	0.166907
3.086000	0.157879
3.087000	0.130776
3.088000	0.112702
3.089000	0.094646
3.090000	0.103674
3.091000	0.067543
3.092000	0.058497
3.093000	0.031413
3.094000	0.031413
3.095000	0.040441
3.096000	0.031413
3.097000	0.013338
3.098000	-0.004717
3.099000	-0.013764
3.100000	-0.040867
3.101000	-0.049895
3.102000	-0.049895
3.103000	-0.058922
3.104000	-0.058922
3.105000	-0.076997
3.106000	-0.058922
3.107000	-0.067951
3.108000	-0.049895
3.109000	-0.058922
3.110000	-0.067951
3.111000	-0.058922
3.112000	-0.031820
3.113000	-0.031820
3.114000	-0.022792
3.115000	-0.031820
3.116000	-0.004717
3.117000	0.022366
3.118000	0.022366
3.119000	0.031413
3.120000	0.058497
3.121000	0.076572
3.122000	0.103674
3.123000	0.112702
3.124000	0.094646
3.125000	0.103674
3.126000	0.112702
3.127000	0.121730
3.128000	0.148832
3.129000	0.166907
3.130000	0.184963
3.131000	0.203038
3.132000	0.212066
3.133000	0.203038
3.134000	0.184963
3.135000	0.166907
3.136000	0.157879
3.137000	0.166907
3.138000	0.184963
3.139000	0.194010
3.140000	0.203038
3.141000	0.184963
3.142000	0.157879
3.143000	0.130776
3.144000	0.112702
3.145000	0.112702
3.146000	0.076572
3.147000	0.058497
3.148000	0.076572
3.149000	0.085599
3.150000	0.076572
3.151000	0.049469
3.152000	0.022366
3.153000	0.004310
3.154000	-0.004717
3.155000	-0.022792
3.156000	-0.031820
3.157000	-0.049895
3.158000	-0.067951
3.159000	-0.040867
3.160000	-0.031820
3.161000	-0.040867
3.162000	-0.040867
3.163000	-0.031820
3.164000	-0.031820
3.165000	-0.049895
3.166000	-0.031820
3.167000	-0.031820
3.168000	-0.004717
3.169000	-0.004717
3.170000	-0.004717
3.171000	0.004310
3.172000	0.013338
3.173000	0.040441
3.174000	0.058497
3.175000	0.076572
3.176000	0.085599
3.177000	0.085599
3.178000	0.103674
3.179000	0.103674
3.180000	0.130776
3.181000	0.148832
3.182000	0.157879
3.183000	0.175935
3.184000	0.166907
3.185000	0.175935
3.186000	0.203038
3.187000	0.203038
3.188000	0.175935
3.189000	0.166907
3.190000	0.148832
3.191000	0.157879
3.192000	0.157879
3.193000	0.157879
3.194000	0.175935
3.195000	0.166907
3.196000	0.175935
3.197000	0.157879
3.198000	0.112702
3.199000	0.076572
3.200000	0.058497
3.201000	0.067543
3.202000	0.058497
3.203000	0.058497
3.204000	0.040441
3.205000	0.049469
3.206000	0.031413
3.207000	0.004310
3.208000	-0.022792
3.209000	-0.049895
3.210000	-0.058922
3.211000	-0.058922
3.212000	-0.067951
3.213000	-0.040867
3.214000	-0.049895
3.215000	-0.049895
3.216000	-0.058922
3.217000	-0.067951
3.218000	-0.076997
3.219000	-0.086025
3.220000	-0.076997
3.221000	-0.067951
3.222000	-0.040867
3.223000	-0.022792
3.224000	-0.004717
3.225000	-0.004717
3.226000	-0.004717
3.227000	-0.004717
3.228000	0.013338
3.229000	0.013338
3.230000	0.022366
3.231000	0.040441
3.232000	0.067543
3.233000	0.085599
3.234000	0.103674
3.235000	0.112702
3.236000	0.094646
3.237000	0.103674
3.238000	0.130776
3.239000	0.139804
3.240000	0.121730
3.241000	0.148832
3.242000	0.148832
3.243000	0.139804
3.244000	0.139804
3.245000	0.130776
3.246000	0.130776
3.247000	0.139804
3.248000	0.139804
3.249000	0.130776
3.250000	0.112702
3.251000	0.112702
3.252000	0.112702
3.253000	0.076572
3.254000	0.058497
3.255000	0.049469
3.256000	0.031413
3.257000	0.031413
3.258000	0.013338
3.259000	0.022366
3.260000	0.013338
3.261000	-0.004717
3.262000	-0.031820
3.263000	-0.058922
3.264000	-0.067951
3.265000	-0.058922
3.266000	-0.058922
3.267000	-0.058922
3.268000	-0.058922
3.269000	-0.049895
3.270000	-0.031820
3.271000	-0.040867
3.272000	-0.067951
3.273000	-0.086025
3.274000	-0.076997
3.275000	-0.067951
3.276000	-0.049895
3.277000	-0.040867
3.278000	-0.013764
3.279000	0.013338
3.280000	0.013338
3.281000	0.013338
3.282000	0.022366
3.283000	0.031413
3.284000	0.049469
3.285000	0.040441
3.286000	0.067543
3.287000	0.094646
3.288000	0.112702
3.289000	0.130776
3.290000	0.121730
3.291000	0.130776
3.292000	0.130776
3.293000	0.130776
3.294000	0.148832
3.295000	0.148832
3.296000	0.166907
3.297000	0.175935
3.298000	0.175935
3.299000	0.175935
3.300000	0.148832
3.301000	0.166907
3.302000	0.166907
3.303000	0.157879
3.304000	0.148832
3.305000	0.121730
3.306000	0.112702
3.307000	0.130776
3.308000	0.112702
3.309000	0.085599
3.310000	0.067543
3.311000	0.067543
3.312000	0.067543
3.313000	0.067543
3.314000	0.058497
3.315000	0.040441
3.316000	0.022366
3.317000	0.022366
3.318000	0.004310
3.319000	-0.004717
3.320000	-0.031820
3.321000	-0.022792
3.322000	-0.004717
3.323000	-0.004717
3.324000	-0.004717
3.325000	-0.004717
3.326000	-0.013764
3.327000	-0.031820
3.328000	-0.040867
3.329000	-0.022792
3.330000	-0.013764
3.331000	-0.004717
3.332000	0.022366
3.333000	0.031413
3.334000	0.049469
3.335000	0.049469
3.336000	0.058497
3.337000	0.049469
3.338000	0.058497
3.339000	0.058497
3.340000	0.076572
3.341000	0.094646
3.342000	0.121730
3.343000	0.139804
3.344000	0.157879
3.345000	0.157879
3.346000	0.148832
3.347000	0.130776
3.348000	0.130776
3.349000	0.148832
3.350000	0.157879
3.351000	0.157879
3.352000	0.166907
3.353000	0.166907
3.354000	0.175935
3.355000	0.175935
3.356000	0.139804
3.357000	0.130776
3.358000	0.130776
3.359000	0.112702
3.360000	0.103674
3.361000	0.103674
3.362000	0.103674
3.363000	0.094646
3.364000	0.085599
3.365000	0.067543
3.366000	0.049469
3.367000	0.040441
3.368000	0.022366
3.369000	0.013338
3.370000	0.013338
3.371000	0.004310
3.372000	-0.013764
3.373000	-0.022792
3.374000	-0.040867
3.375000	-0.031820
3.376000	-0.040867
3.377000	-0.040867
3.378000	-0.049895
3.379000	-0.040867
3.380000	-0.049895
3.381000	-0.031820
3.382000	-0.040867
3.383000	-0.031820
3.384000	-0.031820
3.385000	-0.022792
3.386000	-0.004717
3.387000	0.004310
3.388000	0.022366
3.389000	0.013338
3.390000	0.031413
3.391000	0.022366
3.392000	0.031413
3.393000	0.031413
3.394000	0.040441
3.395000	0.067543
3.396000	0.076572
3.397000	0.112702
3.398000	0.112702
3.399000	0.112702
3.400000	0.112702
3.401000	0.121730
3.402000	0.103674
3.403000	0.094646
3.404000	0.103674
3.405000	0.121730
3.406000	0.121730
3.407000	0.130776
3.408000	0.139804
3.409000	0.130776
3.410000	0.121730
3.411000	0.103674
3.412000	0.094646
3.413000	0.076572
3.414000	0.085599
3.415000	0.076572
3.416000	0.076572
3.417000	0.076572
3.418000	0.067543
3.419000	0.058497
3.420000	0.022366
3.421000	0.013338
3.422000	-0.022792
3.423000	-0.004717
3.424000	-0.022792
3.425000	-0.022792
3.426000	-0.031820
3.427000	-0.022792
3.428000	-0.031820
3.429000	-0.031820
3.430000	-0.040867
3.431000	-0.040867
3.432000	-0.049895
3.433000	-0.049895
3.434000	-0.040867
3.435000	-0.040867
3.436000	-0.031820
3.437000	-0.022792
3.438000	-0.022792
3.439000	-0.022792
3.440000	-0.013764
3.441000	-0.004717
3.442000	0.013338
3.443000	0.022366
3.444000	0.040441
3.445000	0.031413
3.446000	0.058497
3.447000	0.049469
3.448000	0.067543
3.449000	0.076572
3.450000	0.103674
3.451000	0.103674
3.452000	0.130776
3.453000	0.130776
3.454000	0.121730
3.455000	0.121730
3.456000	0.112702
3.457000	0.112702
3.458000	0.103674
3.459000	0.130776
3.460000	0.139804
3.461000	0.139804
3.462000	0.148832
3.463000	0.148832
3.464000	0.130776
3.465000	0.121730
3.466000	0.103674
3.467000	0.094646
3.468000	0.076572
3.469000	0.085599
3.470000	0.076572
3.471000	0.076572
3.472000	0.094646
3.473000	0.076572
3.474000	0.067543
3.475000	0.040441
3.476000	0.022366
3.477000	0.004310
3.478000	0.013338
3.479000	0.004310
3.480000	0.013338
3.481000	0.022366
3.482000	0.013338
3.483000	0.004310
3.484000	0.004310
3.485000	-0.004717
3.486000	-0.013764
3.487000	-0.022792
3.488000	-0.013764
3.489000	-0.004717
3.490000	0.004310
3.491000	0.013338
3.492000	0.022366
3.493000	0.022366
3.494000	0.031413
3.495000	0.031413
3.496000	0.031413
3.497000	0.031413
3.498000	0.040441
3.499000	0.058497
3.500000	0.067543
3.501000	0.076572
3.502000	0.094646
3.503000	0.103674
3.504000	0.103674
3.505000	0.112702
3.506000	0.112702
3.507000	0.130776
3.508000	0.130776
3.509000	0.121730
3.510000	0.130776
3.511000	0.130776
3.512000	0.139804
3.513000	0.139804
3.514000	0.130776
3.515000	0.139804
3.516000	0.148832
3.517000	0.139804
3.518000	0.139804
3.519000	0.121730
3.520000	0.112702
3.521000	0.103674
3.522000	0.085599
3.523000	0.076572
3.524000	0.094646
3.525000	0.085599
3.526000	0.085599
3.527000	0.085599
3.528000	0.058497
3.529000	0.049469
3.530000	0.040441
3.531000	0.013338
3.532000	0.004310
3.533000	0.013338
3.534000	0.013338
3.535000	0.013338
3.536000	0.022366
3.537000	0.013338
3.538000	-0.004717
3.539000	-0.013764
3.540000	-0.022792
3.541000	-0.040867
3.542000	-0.040867
3.543000	-0.022792
3.544000	-0.013764
3.545000	0.004310
3.546000	0.013338
3.547000	0.013338
3.548000	0.031413
3.549000	0.031413
3.550000	0.022366
3.551000	0.022366
3.552000	0.022366
3.553000	0.040441
3.554000	0.058497
3.555000	0.058497
3.556000	0.076572
3.557000	0.094646
3.558000	0.085599
3.559000	0.085599
3.560000	0.085599
3.561000	0.085599
3.562000	0.103674
3.563000	0.112702
3.564000	0.103674
3.565000	0.112702
3.566000	0.121730
3.567000	0.139804
3.568000	0.121730
3.569000	0.112702
3.570000	0.112702
3.571000	0.103674
3.572000	0.103674
3.573000	0.103674
3.574000	0.085599
3.575000	0.076572
3.576000	0.085599
3.577000	0.067543
3.578000	0.067543
3.579000	0.067543
3.580000	0.058497
3.581000	0.049469
3.582000	0.040441
3.583000	0.031413
3.584000	0.013338
3.585000	0.004310
3.586000	-0.004717
3.587000	-0.022792
3.588000	-0.004717
3.589000	-0.022792
3.590000	-0.004717
3.591000	-0.004717
3.592000	-0.013764
3.593000	-0.013764
3.594000	-0.040867
3.595000	-0.031820
3.596000	-0.040867
3.597000	-0.022792
3.598000	-0.022792
3.599000	-0.004717
3.600000	0.004310
3.601000	0.013338
3.602000	0.004310
3.603000	0.013338
3.604000	0.022366
3.605000	0.013338
3.606000	0.004310
3.607000	0.022366
3.608000	0.031413
3.609000	0.058497
3.610000	0.076572
3.611000	0.067543
3.612000	0.094646
3.613000	0.094646
3.614000	0.094646
3.615000	0.085599
3.616000	0.085599
3.617000	0.094646
3.618000	0.103674
3.619000	0.121730
3.620000	0.112702
3.621000	0.130776
3.622000	0.130776
3.623000	0.112702
3.624000	0.112702
3.625000	0.103674
3.626000	0.094646
3.627000	0.103674
3.628000	0.085599
3.629000	0.085599
3.630000	0.085599
3.631000	0.076572
3.632000	0.094646
3.633000	0.067543
3.634000	0.058497
3.635000	0.049469
3.636000	0.049469
3.637000	0.031413
3.638000	0.031413
3.639000	0.022366
3.640000	0.013338
3.641000	0.013338
3.642000	0.013338
3.643000	-0.004717
3.644000	0.004310
3.645000	-0.004717
3.646000	-0.004717
3.647000	-0.004717
3.648000	-0.013764
3.649000	-0.013764
3.650000	-0.004717
3.651000	-0.004717
3.652000	0.013338
3.653000	0.004310
3.654000	0.004310
3.655000	0.022366
3.656000	0.031413
3.657000	0.013338
3.658000	0.031413
3.659000	0.022366
3.660000	0.049469
3.661000	0.058497
3.662000	0.067543
3.663000	0.076572
3.664000	0.094646
3.665000	0.094646
3.666000	0.103674
3.667000	0.112702
3.668000	0.094646
3.669000	0.103674
3.670000	0.112702
3.671000	0.112702
3.672000	0.103674
3.673000	0.121730
3.674000	0.130776
3.675000	0.139804
3.676000	0.139804
3.677000	0.130776
3.678000	0.121730
3.679000	0.121730
3.680000	0.112702
3.681000	0.112702
3.682000	0.094646
3.683000	0.103674
3.684000	0.112702
3.685000	0.103674
3.686000	0.103674
3.687000	0.085599
3.688000	0.076572
3.689000	0.058497
3.690000	0.049469
3.691000	0.040441
3.692000	0.040441
3.693000	0.031413
3.694000	0.031413
3.695000	0.031413
3.696000	0.031413
3.697000	0.031413
3.698000	0.022366
3.699000	0.004310
3.700000	0.004310
3.701000	0.004310
3.702000	0.004310
3.703000	0.004310
3.704000	0.004310
3.705000	0.004310
3.706000	0.022366
3.707000	0.004310
3.708000	0.004310
3.709000	0.022366
3.710000	0.022366
3.711000	0.031413
3.712000	0.031413
3.713000	0.022366
3.714000	0.040441
3.715000	0.049469
3.716000	0.058497
3.717000	0.067543
3.718000	0.085599
3.719000	0.085599
3.720000	0.085599
3.721000	0.094646
3.722000	0.085599
3.723000	0.085599
3.724000	0.103674
3.725000	0.103674
3.726000	0.094646
3.727000	0.112702
3.728000	0.130776
3.729000	0.121730
3.730000	0.121730
3.731000	0.121730
3.732000	0.121730
3.733000	0.094646
3.734000	0.094646
3.735000	0.094646
3.736000	0.094646
3.737000	0.094646
3.738000	0.085599
3.739000	0.094646
3.740000	0.085599
3.741000	0.067543
3.742000	0.067543
3.743000	0.049469
3.744000	0.031413
3.745000	0.022366
3.746000	0.013338
3.747000	0.040441
3.748000	0.031413
3.749000	0.031413
3.750000	0.013338
3.751000	0.013338
3.752000	0.013338
3.753000	0.004310
3.754000	-0.013764
3.755000	-0.013764
3.756000	-0.022792
3.757000	-0.004717
3.758000	0.004310
3.759000	-0.004717
3.760000	-0.004717
3.761000	0.013338
3.762000	0.022366
3.763000	-0.004717
3.764000	0.004310
3.765000	0.004310
3.766000	0.022366
3.767000	0.022366
3.768000	0.040441
3.769000	0.049469
3.770000	0.058497
3.771000	0.067543
3.772000	0.058497
3.773000	0.076572
3.774000	0.067543
3.775000	0.067543
3.776000	0.067543
3.777000	0.085599
3.778000	0.076572
3.779000	0.085599
3.780000	0.094646
3.781000	0.103674
3.782000	0.112702
3.783000	0.121730
3.784000	0.103674
3.785000	0.112702
3.786000	0.094646
3.787000	0.085599
3.788000	0.076572
3.789000	0.076572
3.790000	0.076572
3.791000	0.085599
3.792000	0.085599
3.793000	0.067543
3.794000	0.085599
3.795000	0.076572
3.796000	0.058497
3.797000	0.040441
3.798000	0.040441
3.799000	0.022366
3.800000	0.022366
3.801000	0.031413
3.802000	0.031413
3.803000	0.031413
3.804000	0.031413
3.805000	0.013338
3.806000	0.004310
3.807000	-0.004717
3.808000	0.004310
3.809000	-0.013764
3.810000	-0.013764
3.811000	-0.004717
3.812000	0.013338
3.813000	0.013338
3.814000	0.013338
3.815000	0.022366
3.816000	0.022366
3.817000	0.031413
3.818000	0.013338
3.819000	0.022366
3.820000	0.004310
3.821000	0.040441
3.822000	0.040441
3.823000	0.049469
3.824000	0.058497
3.825000	0.067543
3.826000	0.067543
3.827000	0.076572
3.828000	0.067543
3.829000	0.076572
3.830000	0.085599
3.831000	0.085599
3.832000	0.094646
3.833000	0.103674
3.834000	0.103674
3.835000	0.112702
3.836000	0.112702
3.837000	0.112702
3.838000	0.112702
3.839000	0.103674
3.840000	0.094646
3.841000	0.085599
3.842000	0.094646
3.843000	0.085599
3.844000	0.094646
3.845000	0.103674
3.846000	0.094646
3.847000	0.085599
3.848000	0.076572
3.849000	0.067543
3.850000	0.067543
3.851000	0.058497
3.852000	0.049469
3.853000	0.040441
3.854000	0.040441
3.855000	0.040441
3.856000	0.040441
3.857000	0.022366
3.858000	0.040441
3.859000	0.022366
3.860000	0.022366
3.861000	-0.004717
3.862000	0.004310
3.863000	0.004310
3.864000	0.013338
3.865000	0.022366
3.866000	0.013338
3.867000	0.022366
3.868000	0.031413
3.869000	0.031413
3.870000	0.031413
3.871000	0.022366
3.872000	0.022366
3.873000	0.031413
3.874000	0.022366
3.875000	0.040441
3.876000	0.049469
3.877000	0.067543
3.878000	0.076572
3.879000	0.076572
3.880000	0.076572
3.881000	0.085599
3.882000	0.094646
3.883000	0.085599
3.884000	0.076572
3.885000	0.094646
3.886000	0.094646
3.887000	0.103674
3.888000	0.112702
3.889000	0.112702
3.890000	0.121730
3.891000	0.112702
3.892000	0.112702
3.893000	0.094646
3.894000	0.094646
3.895000	0.094646
3.896000	0.094646
3.897000	0.112702
3.898000	0.094646
3.899000	0.103674
3.900000	0.094646
3.901000	0.085599
3.902000	0.076572
3.903000	0.067543
3.904000	0.067543
3.905000	0.058497
3.906000	0.049469
3.907000	0.031413
3.908000	0.040441
3.909000	0.040441
3.910000	0.040441
3.911000	0.040441
3.912000	0.022366
3.913000	0.031413
3.914000	0.013338
3.915000	0.022366
3.916000	0.022366
3.917000	0.022366
3.918000	-0.004717
3.919000	0.031413
3.920000	0.022366
3.921000	0.022366
3.922000	0.022366
3.923000	0.013338
3.924000	0.022366
3.925000	0.022366
3.926000	0.022366
3.927000	0.031413
3.928000	0.031413
3.929000	0.040441
3.930000	0.040441
3.931000	0.067543
3.932000	0.067543
3.933000	0.067543
3.934000	0.067543
3.935000	0.067543
3.936000	0.067543
3.937000	0.067543
3.938000	0.076572
3.939000	0.085599
3.940000	0.085599
3.941000	0.094646
3.942000	0.103674
3.943000	0.094646
3.944000	0.094646
3.945000	0.094646
3.946000	0.085599
3.947000	0.076572
3.948000	0.094646
3.949000	0.094646
3.950000	0.085599
3.951000	0.085599
3.952000	0.094646
3.953000	0.085599
3.954000	0.085599
3.955000	0.067543
3.956000	0.076572
3.957000	0.058497
3.958000	0.049469
3.959000	0.031413
3.960000	0.040441
3.961000	0.031413
3.962000	0.031413
3.963000	0.040441
3.964000	0.040441
3.965000	0.040441
3.966000	0.022366
3.967000	0.013338
3.968000	0.004310
3.969000	-0.004717
3.970000	0.004310
3.971000	0.004310
3.972000	0.004310
3.973000	-0.004717
3.974000	0.013338
3.975000	0.013338
3.976000	0.013338
3.977000	0.004310
3.978000	0.004310
3.979000	0.004310
3.980000	0.022366
3.981000	0.013338
3.982000	0.022366
3.983000	0.031413
3.984000	0.031413
3.985000	0.049469
3.986000	0.049469
3.987000	0.040441
3.988000	0.049469
3.989000	0.058497
3.990000	0.058497
3.991000	0.058497
3.992000	0.067543
3.993000	0.067543
3.994000	0.076572
3.995000	0.085599
3.996000	0.094646
3.997000	0.094646
3.998000	0.085599
3.999000	0.085599
4.000000	0.076572
4.001000	0.076572
4.002000	0.094646
4.003000	0.085599
4.004000	0.085599
4.005000	0.085599
4.006000	0.085599
4.007000	0.076572
4.008000	0.076572
4.009000	0.076572
4.010000	0.067543
4.011000	0.058497
4.012000	0.058497
4.013000	0.058497
4.014000	0.049469
4.015000	0.058497
4.016000	0.049469
4.017000	0.049469
4.018000	0.040441
4.019000	0.031413
4.020000	0.031413
4.021000	0.022366
4.022000	0.022366
4.023000	0.013338
4.024000	0.013338
4.025000	0.013338
4.026000	0.013338
4.027000	0.004310
4.028000	0.031413
4.029000	0.022366
4.030000	0.013338
4.031000	0.022366
4.032000	0.013338
4.033000	0.022366
4.034000	0.022366
4.035000	0.031413
4.036000	0.031413
4.037000	0.040441
4.038000	0.058497
4.039000	0.067543
4.040000	0.076572
4.041000	0.067543
4.042000	0.058497
4.043000	0.067543
4.044000	0.076572
4.045000	0.076572
4.046000	0.076572
4.047000	0.094646
4.048000	0.094646
4.049000	0.112702
4.050000	0.103674
4.051000	0.103674
4.052000	0.103674
4.053000	0.094646
4.054000	0.112702
4.055000	0.094646
4.056000	0.103674
4.057000	0.103674
4.058000	0.112702
4.059000	0.112702
4.060000	0.103674
4.061000	0.094646
4.062000	0.085599
4.063000	0.085599
4.064000	0.076572
4.065000	0.067543
4.066000	0.067543
4.067000	0.076572
4.068000	0.067543
4.069000	0.076572
4.070000	0.058497
4.071000	0.058497
4.072000	0.049469
4.073000	0.040441
4.074000	0.031413
4.075000	0.022366
4.076000	0.022366
4.077000	0.031413
4.078000	0.031413
4.079000	0.022366
4.080000	0.031413
4.081000	0.022366
4.082000	0.040441
4.083000	0.031413
4.084000	0.040441
4.085000	0.022366
4.086000	0.022366
4.087000	0.022366
4.088000	0.013338
4.089000	0.031413
4.090000	0.031413
4.091000	0.058497
4.092000	0.040441
4.093000	0.058497
4.094000	0.058497
4.095000	0.067543
4.096000	0.067543
4.097000	0.067543
4.098000	0.058497
4.099000	0.058497
4.100000	0.076572
4.101000	0.094646
4.102000	0.094646
4.103000	0.094646
4.104000	0.094646
4.105000	0.085599
4.106000	0.076572
4.107000	0.085599
4.108000	0.076572
4.109000	0.076572
4.110000	0.094646
4.111000	0.085599
4.112000	0.094646
4.113000	0.103674
4.114000	0.085599
4.115000	0.085599
4.116000	0.067543
4.117000	0.067543
4.118000	0.058497
4.119000	0.040441
4.120000	0.058497
4.121000	0.058497
4.122000	0.058497
4.123000	0.058497
4.124000	0.049469
4.125000	0.058497
4.126000	0.040441
4.127000	0.022366
4.128000	0.031413
4.129000	0.022366
4.130000	0.013338
4.131000	0.022366
4.132000	0.013338
4.133000	0.022366
4.134000	0.022366
4.135000	0.022366
4.136000	0.022366
4.137000	0.022366
4.138000	0.013338
4.139000	0.004310
4.140000	0.004310
4.141000	0.004310
4.142000	0.022366
4.143000	0.022366
4.144000	0.031413
4.145000	0.031413
4.146000	0.031413
4.147000	0.040441
4.148000	0.040441
4.149000	0.040441
4.150000	0.040441
4.151000	0.040441
4.152000	0.058497
4.153000	0.049469
4.154000	0.058497
4.155000	0.067543
4.156000	0.067543
4.157000	0.085599
4.158000	0.076572
4.159000	0.076572
4.160000	0.076572
4.161000	0.076572
4.162000	0.085599
4.163000	0.067543
4.164000	0.076572
4.165000	0.094646
4.166000	0.094646
4.167000	0.085599
4.168000	0.085599
4.169000	0.076572
4.170000	0.076572
4.171000	0.067543
4.172000	0.058497
4.173000	0.040441
4.174000	0.058497
4.175000	0.058497
4.176000	0.058497
4.177000	0.058497
4.178000	0.058497
4.179000	0.049469
4.180000	0.040441
4.181000	0.031413
4.182000	0.031413
4.183000	0.022366
4.184000	0.031413
4.185000	0.031413
4.186000	0.031413
4.187000	0.031413
4.188000	0.040441
4.189000	0.040441
4.190000	0.031413
4.191000	0.022366
4.192000	0.004310
4.193000	0.013338
4.194000	0.013338
4.195000	0.031413
4.196000	0.031413
4.197000	0.040441
4.198000	0.040441
4.199000	0.058497
4.200000	0.040441
4.201000	0.049469
4.202000	0.049469
4.203000	0.040441
4.204000	0.040441
4.205000	0.049469
4.206000	0.058497
4.207000	0.076572
4.208000	0.085599
4.209000	0.067543
4.210000	0.076572
4.211000	0.067543
4.212000	0.085599
4.213000	0.076572
4.214000	0.085599
4.215000	0.085599
4.216000	0.094646
4.217000	0.094646
4.218000	0.103674
4.219000	0.085599
4.220000	0.085599
4.221000	0.103674
4.222000	0.085599
4.223000	0.094646
4.224000	0.085599
4.225000	0.067543
4.226000	0.076572
4.227000	0.067543
4.228000	0.067543
4.229000	0.085599
4.230000	0.085599
4.231000	0.067543
4.232000	0.058497
4.233000	0.067543
4.234000	0.058497
4.235000	0.058497
4.236000	0.049469
4.237000	0.040441
4.238000	0.040441
4.239000	0.040441
4.240000	0.040441
4.241000	0.040441
4.242000	0.040441
4.243000	0.040441
4.244000	0.031413
4.245000	0.022366
4.246000	0.031413
4.247000	0.022366
4.248000	0.031413
4.249000	0.031413
4.250000	0.040441
4.251000	0.049469
4.252000	0.067543
4.253000	0.058497
4.254000	0.067543
4.255000	0.049469
4.256000	0.049469
4.257000	0.040441
4.258000	0.058497
4.259000	0.067543
4.260000	0.076572
4.261000	0.067543
4.262000	0.085599
4.263000	0.094646
4.264000	0.085599
4.265000	0.085599
4.266000	0.085599
4.267000	0.085599
4.268000	0.085599
4.269000	0.094646
4.270000	0.094646
4.271000	0.085599
4.272000	0.085599
4.273000	0.094646
4.274000	0.085599
4.275000	0.094646
4.276000	0.094646
4.277000	0.076572
4.278000	0.076572
4.279000	0.076572
4.280000	0.076572
4.281000	0.067543
4.282000	0.076572
4.283000	0.067543
4.284000	0.058497
4.285000	0.076572
4.286000	0.058497
4.287000	0.049469
4.288000	0.040441
4.289000	0.040441
4.290000	0.040441
4.291000	0.031413
4.292000	0.031413
4.293000	0.031413
4.294000	0.022366
4.295000	0.040441
4.296000	0.022366
4.297000	0.022366
4.298000	0.031413
4.299000	0.022366
4.300000	0.022366
4.301000	0.013338
4.302000	0.022366
4.303000	0.013338
4.304000	0.031413
4.305000	0.040441
4.306000	0.040441
4.307000	0.040441
4.308000	0.031413
4.309000	0.040441
4.310000	0.049469
4.311000	0.031413
4.312000	0.040441
4.313000	0.058497
4.314000	0.058497
4.315000	0.058497
4.316000	0.058497
4.317000	0.067543
4.318000	0.076572
4.319000	0.058497
4.320000	0.049469
4.321000	0.058497
4.322000	0.058497
4.323000	0.058497
4.324000	0.076572
4.325000	0.076572
4.326000	0.076572
4.327000	0.076572
4.328000	0.067543
4.329000	0.067543
4.330000	0.067543
4.331000	0.058497
4.332000	0.058497
4.333000	0.058497
4.334000	0.058497
4.335000	0.067543
4.336000	0.067543
4.337000	0.058497
4.338000	0.049469
4.339000	0.049469
4.340000	0.040441
4.341000	0.040441
4.342000	0.040441
4.343000	0.022366
4.344000	0.031413
4.345000	0.031413
4.346000	0.031413
4.347000	0.022366
4.348000	0.022366
4.349000	0.022366
4.350000	0.031413
4.351000	0.022366
4.352000	0.022366
4.353000	0.031413
4.354000	0.013338
4.355000	0.022366
4.356000	0.022366
4.357000	0.022366
4.358000	0.031413
4.359000	0.031413
4.360000	0.031413
4.361000	0.031413
4.362000	0.031413
4.363000	0.040441
4.364000	0.040441
4.365000	0.058497
4.366000	0.040441
4.367000	0.058497
4.368000	0.058497
4.369000	0.076572
4.370000	0.076572
4.371000	0.076572
4.372000	0.067543
4.373000	0.076572
4.374000	0.076572
4.375000	0.067543
4.376000	0.076572
4.377000	0.076572
4.378000	0.076572
4.379000	0.085599
4.380000	0.085599
4.381000	0.085599
4.382000	0.094646
4.383000	0.085599
4.384000	0.076572
4.385000	0.067543
4.386000	0.076572
4.387000	0.067543
4.388000	0.067543
4.389000	0.076572
4.390000	0.076572
4.391000	0.076572
4.392000	0.076572
4.393000	0.067543
4.394000	0.067543
4.395000	0.058497
4.396000	0.067543
4.397000	0.049469
4.398000	0.049469
4.399000	0.058497
4.400000	0.058497
4.401000	0.058497
4.402000	0.058497
4.403000	0.040441
4.404000	0.058497
4.405000	0.040441
4.406000	0.040441
4.407000	0.022366
4.408000	0.031413
4.409000	0.040441
4.410000	0.040441
4.411000	0.040441
4.412000	0.040441
4.413000	0.058497
4.414000	0.049469
4.415000	0.049469
4.416000	0.058497
4.417000	0.067543
4.418000	0.058497
4.419000	0.049469
4.420000	0.058497
4.421000	0.076572
4.422000	0.076572
4.423000	0.067543
4.424000	0.067543
4.425000	0.076572
4.426000	0.076572
4.427000	0.085599
4.428000	0.076572
4.429000	0.085599
4.430000	0.094646
4.431000	0.076572
4.432000	0.085599
4.433000	0.085599
4.434000	0.094646
4.435000	0.094646
4.436000	0.094646
4.437000	0.094646
4.438000	0.067543
4.439000	0.076572
4.440000	0.076572
4.441000	0.076572
4.442000	0.076572
4.443000	0.076572
4.444000	0.085599
4.445000	0.076572
4.446000	0.067543
4.447000	0.076572
4.448000	0.067543
4.449000	0.058497
4.450000	0.049469
4.451000	0.031413
4.452000	0.049469
4.453000	0.058497
4.454000	0.058497
4.455000	0.040441
4.456000	0.040441
4.457000	0.022366
4.458000	0.040441
4.459000	0.031413
4.460000	0.031413
4.461000	0.022366
4.462000	0.013338
4.463000	0.031413
4.464000	0.040441
4.465000	0.040441
4.466000	0.040441
4.467000	0.031413
4.468000	0.031413
4.469000	0.022366
4.470000	0.031413
4.471000	0.040441
4.472000	0.049469
4.473000	0.031413
4.474000	0.040441
4.475000	0.058497
4.476000	0.049469
4.477000	0.049469
4.478000	0.040441
4.479000	0.040441
4.480000	0.067543
4.481000	0.067543
4.482000	0.067543
4.483000	0.058497
4.484000	0.058497
4.485000	0.058497
4.486000	0.076572
4.487000	0.076572
4.488000	0.076572
4.489000	0.076572
4.490000	0.067543
4.491000	0.058497
4.492000	0.058497
4.493000	0.058497
4.494000	0.067543
4.495000	0.058497
4.496000	0.058497
4.497000	0.058497
4.498000	0.076572
4.499000	0.067543
4.500000	0.076572
4.501000	0.049469
4.502000	0.040441
4.503000	0.049469
4.504000	0.040441
4.505000	0.040441
4.506000	0.040441
4.507000	0.040441
4.508000	0.040441
4.509000	0.040441
4.510000	0.049469
4.511000	0.031413
4.512000	0.022366
4.513000	0.022366
4.514000	0.022366
4.515000	0.022366
4.516000	0.022366
4.517000	0.022366
4.518000	0.031413
4.519000	0.031413
4.520000	0.040441
4.521000	0.031413
4.522000	0.031413
4.523000	0.031413
4.524000	0.031413
4.525000	0.031413
4.526000	0.022366
4.527000	0.031413
4.528000	0.040441
4.529000	0.058497
4.530000	0.049469
4.531000	0.058497
4.532000	0.058497
4.533000	0.049469
4.534000	0.049469
4.535000	0.058497
4.536000	0.058497
4.537000	0.067543
4.538000	0.067543
4.539000	0.076572
4.540000	0.067543
4.541000	0.067543
4.542000	0.085599
4.543000	0.067543
4.544000	0.058497
4.545000	0.067543
4.546000	0.076572
4.547000	0.076572
4.548000	0.076572
4.549000	0.076572
4.550000	0.067543
4.551000	0.067543
4.552000	0.067543
4.553000	0.076572
4.554000	0.067543
4.555000	0.058497
4.556000	0.067543
4.557000	0.049469
4.558000	0.049469
4.559000	0.058497
4.560000	0.058497
4.561000	0.049469
4.562000	0.040441
4.563000	0.058497
4.564000	0.058497
4.565000	0.067543
4.566000	0.049469
4.567000	0.040441
4.568000	0.040441
4.569000	0.040441
4.570000	0.058497
4.571000	0.040441
4.572000	0.058497
4.573000	0.049469
4.574000	0.040441
4.575000	0.040441
4.576000	0.040441
4.577000	0.040441
4.578000	0.040441
4.579000	0.040441
4.580000	0.049469
4.581000	0.058497
4.582000	0.058497
4.583000	0.067543
4.584000	0.067543
4.585000	0.058497
4.586000	0.058497
4.587000	0.067543
4.588000	0.067543
4.589000	0.067543
4.590000	0.058497
4.591000	0.067543
4.592000	0.076572
4.593000	0.085599
4.594000	0.085599
4.595000	0.094646
4.596000	0.085599
4.597000	0.067543
4.598000	0.067543
4.599000	0.076572
4.600000	0.085599
4.601000	0.085599
4.602000	0.085599
4.603000	0.103674
4.604000	0.085599
4.605000	0.094646
4.606000	0.076572
4.607000	0.067543
4.608000	0.076572
4.609000	0.067543
4.610000	0.058497
4.611000	0.067543
4.612000	0.076572
4.613000	0.067543
4.614000	0.067543
4.615000	0.067543
4.616000	0.067543
4.617000	0.058497
4.618000	0.049469
4.619000	0.058497
4.620000	0.049469
4.621000	0.058497
4.622000	0.040441
4.623000	0.049469
4.624000	0.031413
4.625000	0.031413
4.626000	0.031413
4.627000	0.040441
4.628000	0.031413
4.629000	0.040441
4.630000	0.049469
4.631000	0.040441
4.632000	0.040441
4.633000	0.040441
4.634000	0.049469
4.635000	0.040441
4.636000	0.058497
4.637000	0.040441
4.638000	0.058497
4.639000	0.049469
4.640000	0.049469
4.641000	0.040441
4.642000	0.058497
4.643000	0.058497
4.644000	0.058497
4.645000	0.067543
4.646000	0.067543
4.647000	0.067543
4.648000	0.076572
4.649000	0.076572
4.650000	0.076572
4.651000	0.058497
4.652000	0.058497
4.653000	0.067543
4.654000	0.058497
4.655000	0.067543
4.656000	0.067543
4.657000	0.076572
4.658000	0.067543
4.659000	0.067543
4.660000	0.058497
4.661000	0.058497
4.662000	0.058497
4.663000	0.049469
4.664000	0.049469
4.665000	0.040441
4.666000	0.058497
4.667000	0.058497
4.668000	0.058497
4.669000	0.058497
4.670000	0.040441
4.671000	0.040441
4.672000	0.031413
4.673000	0.022366
4.674000	0.031413
4.675000	0.022366
4.676000	0.031413
4.677000	0.022366
4.678000	0.031413
4.679000	0.031413
4.680000	0.040441
4.681000	0.031413
4.682000	0.040441
4.683000	0.022366
4.684000	0.022366
4.685000	0.031413
4.686000	0.031413
4.687000	0.031413
4.688000	0.040441
4.689000	0.040441
4.690000	0.040441
4.691000	0.040441
4.692000	0.040441
4.693000	0.049469
4.694000	0.031413
4.695000	0.049469
4.696000	0.058497
4.697000	0.067543
4.698000	0.049469
4.699000	0.058497
4.700000	0.067543
4.701000	0.058497
4.702000	0.067543
4.703000	0.076572
4.704000	0.067543
4.705000	0.058497
4.706000	0.049469
4.707000	0.067543
4.708000	0.058497
4.709000	0.067543
4.710000	0.067543
4.711000	0.067543
4.712000	0.067543
4.713000	0.067543
4.714000	0.067543
4.715000	0.049469
4.716000	0.076572
4.717000	0.058497
4.718000	0.058497
4.719000	0.049469
4.720000	0.058497
4.721000	0.058497
4.722000	0.067543
4.723000	0.049469
4.724000	0.049469
4.725000	0.049469
4.726000	0.040441
4.727000	0.031413
4.728000	0.031413
4.729000	0.040441
4.730000	0.040441
4.731000	0.049469
4.732000	0.040441
4.733000	0.058497
4.734000	0.058497
4.735000	0.058497
4.736000	0.031413
4.737000	0.040441
4.738000	0.040441
4.739000	0.040441
4.740000	0.040441
4.741000	0.049469
4.742000	0.049469
4.743000	0.049469
4.744000	0.058497
4.745000	0.058497
4.746000	0.067543
4.747000	0.040441
4.748000	0.049469
4.749000	0.049469
4.750000	0.067543
4.751000	0.067543
4.752000	0.067543
4.753000	0.067543
4.754000	0.067543
4.755000	0.067543
4.756000	0.076572
4.757000	0.067543
4.758000	0.076572
4.759000	0.067543
4.760000	0.058497
4.761000	0.076572
4.762000	0.076572
4.763000	0.085599
4.764000	0.085599
4.765000	0.076572
4.766000	0.076572
4.767000	0.085599
4.768000	0.076572
4.769000	0.076572
4.770000	0.067543
4.771000	0.067543
4.772000	0.067543
4.773000	0.058497
4.774000	0.076572
4.775000	0.067543
4.776000	0.076572
4.777000	0.058497
4.778000	0.058497
4.779000	0.058497
4.780000	0.058497
4.781000	0.058497
4.782000	0.049469
4.783000	0.049469
4.784000	0.049469
4.785000	0.058497
4.786000	0.067543
4.787000	0.049469
4.788000	0.058497
4.789000	0.031413
4.790000	0.040441
4.791000	0.031413
4.792000	0.040441
4.793000	0.040441
4.794000	0.040441
4.795000	0.040441
4.796000	0.049469
4.797000	0.049469
4.798000	0.049469
4.799000	0.058497
4.800000	0.049469
4.801000	0.049469
4.802000	0.058497
4.803000	0.049469
4.804000	0.058497
4.805000	0.067543
4.806000	0.067543
4.807000	0.067543
4.808000	0.067543
4.809000	0.076572
4.810000	0.076572
4.811000	0.067543
4.812000	0.067543
4.813000	0.067543
4.814000	0.076572
4.815000	0.067543
4.816000	0.067543
4.817000	0.067543
4.818000	0.076572
4.819000	0.067543
4.820000	0.067543
4.821000	0.067543
4.822000	0.058497
4.823000	0.058497
4.824000	0.058497
4.825000	0.058497
4.826000	0.058497
4.827000	0.049469
4.828000	0.049469
4.829000	0.049469
4.830000	0.058497
4.831000	0.040441
4.832000	0.040441
4.833000	0.049469
4.834000	0.022366
4.835000	0.040441
4.836000	0.040441
4.837000	0.040441
4.838000	0.040441
4.839000	0.049469
4.840000	0.031413
4.841000	0.040441
4.842000	0.031413
4.843000	0.031413
4.844000	0.031413
4.845000	0.040441
4.846000	0.031413
4.847000	0.040441
4.848000	0.040441
4.849000	0.040441
4.850000	0.049469
4.851000	0.049469
4.852000	0.049469
4.853000	0.049469
4.854000	0.040441
4.855000	0.040441
4.856000	0.049469
4.857000	0.040441
4.858000	0.040441
4.859000	0.049469
4.860000	0.058497
4.861000	0.058497
4.862000	0.067543
4.863000	0.067543
4.864000	0.058497
4.865000	0.067543
4.866000	0.067543
4.867000	0.049469
4.868000	0.058497
4.869000	0.076572
4.870000	0.067543
4.871000	0.076572
4.872000	0.067543
4.873000	0.067543
4.874000	0.058497
4.875000	0.049469
4.876000	0.058497
4.877000	0.058497
4.878000	0.058497
4.879000	0.049469
4.880000	0.067543
4.881000	0.058497
4.882000	0.067543
4.883000	0.067543
4.884000	0.058497
4.885000	0.058497
4.886000	0.040441
4.887000	0.049469
4.888000	0.031413
4.889000	0.040441
4.890000	0.040441
4.891000	0.049469
4.892000	0.040441
4.893000	0.049469
4.894000	0.040441
4.895000	0.040441
4.896000	0.040441
4.897000	0.040441
4.898000	0.022366
4.899000	0.040441
4.900000	0.040441
4.901000	0.049469
4.902000	0.040441
4.903000	0.049469
4.904000	0.049469
4.905000	0.049469
4.906000	0.058497
4.907000	0.049469
4.908000	0.049469
4.909000	0.049469
4.910000	0.049469
4.911000	0.040441
4.912000	0.058497
4.913000	0.067543
4.914000	0.067543
4.915000	0.067543
4.916000	0.067543
4.917000	0.067543
4.918000	0.067543
4.919000	0.067543
4.920000	0.067543
4.921000	0.067543
4.922000	0.058497
4.923000	0.067543
4.924000	0.067543
4.925000	0.067543
4.926000	0.076572
4.927000	0.067543
4.928000	0.067543
4.929000	0.067543
4.930000	0.076572
4.931000	0.076572
4.932000	0.067543
4.933000	0.067543
4.934000	0.076572
4.935000	0.067543
4.936000	0.076572
4.937000	0.058497
4.938000	0.058497
4.939000	0.058497
4.940000	0.067543
4.941000	0.058497
4.942000	0.049469
4.943000	0.058497
4.944000	0.049469
4.945000	0.049469
4.946000	0.058497
4.947000	0.049469
4.948000	0.058497
4.949000	0.049469
4.950000	0.040441
4.951000	0.058497
4.952000	0.040441
4.953000	0.049469
4.954000	0.049469
4.955000	0.049469
4.956000	0.058497
4.957000	0.058497
4.958000	0.049469
4.959000	0.040441
4.960000	0.049469
4.961000	0.049469
4.962000	0.049469
4.963000	0.049469
4.964000	0.067543
4.965000	0.058497
4.966000	0.067543
4.967000	0.058497
4.968000	0.058497
4.969000	0.058497
4.970000	0.049469
4.971000	0.058497
4.972000	0.067543
4.973000	0.067543
4.974000	0.058497
4.975000	0.067543
4.976000	0.058497
4.977000	0.067543
4.978000	0.067543
4.979000	0.076572
4.980000	0.067543
4.981000	0.067543
4.982000	0.076572
4.983000	0.067543
4.984000	0.058497
4.985000	0.067543
4.986000	0.067543
4.987000	0.076572
4.988000	0.058497
4.989000	0.067543
4.990000	0.067543
4.991000	0.058497
4.992000	0.040441
4.993000	0.049469
4.994000	0.040441
4.995000	0.058497
4.996000	0.049469
4.997000	0.049469
4.998000	0.049469
4.999000	0.058497
5.000000	0.058497
5.001000	0.058497
5.002000	0.049469
5.003000	0.040441
5.004000	0.040441
5.005000	0.031413
5.006000	0.031413
5.007000	0.022366
5.008000	0.049469
5.009000	0.040441
5.010000	0.049469
5.011000	0.040441
5.012000	0.040441
5.013000	0.049469
5.014000	0.058497
5.015000	0.049469
5.016000	0.040441
5.017000	0.040441
5.018000	0.049469
5.019000	0.049469
5.020000	0.058497
5.021000	0.058497
5.022000	0.049469
5.023000	0.049469
5.024000	0.040441
5.025000	0.049469
5.026000	0.049469
5.027000	0.049469
5.028000	0.049469
5.029000	0.058497
5.030000	0.058497
5.031000	0.067543
5.032000	0.058497
5.033000	0.067543
5.034000	0.067543
5.035000	0.058497
5.036000	0.076572
5.037000	0.058497
5.038000	0.058497
5.039000	0.058497
5.040000	0.067543
5.041000	0.049469
5.042000	0.049469
5.043000	0.058497
5.044000	0.058497
5.045000	0.058497
5.046000	0.067543
5.047000	0.058497
5.048000	0.049469
5.049000	0.049469
5.050000	0.058497
5.051000	0.049469
5.052000	0.049469
5.053000	0.058497
5.054000	0.058497
5.055000	0.049469
5.056000	0.040441
5.057000	0.040441
5.058000	0.040441
5.059000	0.049469
5.060000	0.040441
5.061000	0.049469
5.062000	0.040441
5.063000	0.040441
5.064000	0.040441
5.065000	0.040441
5.066000	0.049469
5.067000	0.049469
5.068000	0.040441
5.069000	0.040441
5.070000	0.040441
5.071000	0.040441
5.072000	0.040441
5.073000	0.049469
5.074000	0.031413
5.075000	0.058497
5.076000	0.058497
5.077000	0.049469
5.078000	0.049469
5.079000	0.049469
5.080000	0.049469
5.081000	0.058497
5.082000	0.058497
5.083000	0.067543
5.084000	0.067543
5.085000	0.058497
5.086000	0.058497
5.087000	0.067543
5.088000	0.058497
5.089000	0.058497
5.090000	0.067543
5.091000	0.058497
5.092000	0.058497
5.093000	0.067543
5.094000	0.067543
5.095000	0.067543
5.096000	0.067543
5.097000	0.076572
5.098000	0.067543
5.099000	0.058497
5.100000	0.067543
5.101000	0.058497
5.102000	0.049469
5.103000	0.058497
5.104000	0.058497
5.105000	0.058497
5.106000	0.058497
5.107000	0.049469
5.108000	0.049469
5.109000	0.058497
5.110000	0.040441
5.111000	0.040441
5.112000	0.058497
5.113000	0.049469
5.114000	0.058497
5.115000	0.058497
5.116000	0.058497
5.117000	0.049469
5.118000	0.049469
5.119000	0.058497
5.120000	0.049469
5.121000	0.049469
5.122000	0.058497
5.123000	0.049469
5.124000	0.058497
5.125000	0.049469
5.126000	0.058497
5.127000	0.049469
5.128000	0.058497
5.129000	0.058497
5.130000	0.067543
5.131000	0.067543
5.132000	0.067543
5.133000	0.058497
5.134000	0.067543
5.135000	0.058497
5.136000	0.058497
5.137000	0.067543
5.138000	0.067543
5.139000	0.067543
5.140000	0.058497
5.141000	0.058497
5.142000	0.067543
5.143000	0.067543
5.144000	0.058497
5.145000	0.067543
5.146000	0.067543
5.147000	0.067543
5.148000	0.067543
5.149000	0.076572
5.150000	0.067543
5.151000	0.076572
5.152000	0.067543
5.153000	0.067543
5.154000	0.067543
5.155000	0.058497
5.156000	0.058497
5.157000	0.058497
5.158000	0.049469
5.159000	0.058497
5.160000	0.049469
5.161000	0.067543
5.162000	0.058497
5.163000	0.049469
5.164000	0.049469
5.165000	0.058497
5.166000	0.049469
5.167000	0.049469
5.168000	0.058497
5.169000	0.049469
5.170000	0.049469
5.171000	0.049469
5.172000	0.040441
5.173000	0.049469
5.174000	0.040441
5.175000	0.031413
5.176000	0.040441
5.177000	0.049469
5.178000	0.049469
5.179000	0.049469
5.180000	0.058497
5.181000	0.040441
5.182000	0.058497
5.183000	0.040441
5.184000	0.049469
5.185000	0.049469
5.186000	0.049469
5.187000	0.049469
5.188000	0.049469
5.189000	0.058497
5.190000	0.058497
5.191000	0.058497
5.192000	0.058497
5.193000	0.049469
5.194000	0.067543
5.195000	0.058497
5.196000	0.058497
5.197000	0.067543
5.198000	0.049469
5.199000	0.067543
5.200000	0.067543
5.201000	0.058497
5.202000	0.058497
5.203000	0.058497
5.204000	0.067543
5.205000	0.058497
5.206000	0.058497
5.207000	0.058497
5.208000	0.040441
5.209000	0.058497
5.210000	0.040441
5.211000	0.049469
5.212000	0.058497
5.213000	0.049469
5.214000	0.049469
5.215000	0.058497
5.216000	0.058497
5.217000	0.049469
5.218000	0.040441
5.219000	0.040441
5.220000	0.049469
5.221000	0.049469
5.222000	0.031413
5.223000	0.040441
5.224000	0.040441
5.225000	0.049469
5.226000	0.040441
5.227000	0.040441
5.228000	0.031413
5.229000	0.040441
5.230000	0.031413
5.231000	0.040441
5.232000	0.058497
5.233000	0.049469
5.234000	0.058497
5.235000	0.058497
5.236000	0.058497
5.237000	0.058497
5.238000	0.040441
5.239000	0.049469
5.240000	0.040441
5.241000	0.040441
5.242000	0.040441
5.243000	0.058497
5.244000	0.058497
5.245000	0.058497
5.246000	0.058497
5.247000	0.067543
5.248000	0.058497
5.249000	0.058497
5.250000	0.058497
5.251000	0.067543
5.252000	0.067543
5.253000	0.067543
5.254000	0.076572
5.255000	0.067543
5.256000	0.058497
5.257000	0.067543
5.258000	0.058497
5.259000	0.058497
5.260000	0.067543
5.261000	0.058497
5.262000	0.049469
5.263000	0.058497
5.264000	0.049469
5.265000	0.049469
5.266000	0.067543
5.267000	0.067543
5.268000	0.058497
5.269000	0.058497
5.270000	0.058497
5.271000	0.049469
5.272000	0.040441
5.273000	0.058497
5.274000	0.049469
5.275000	0.040441
5.276000	0.049469
5.277000	0.040441
5.278000	0.040441
5.279000	0.058497
5.280000	0.049469
5.281000	0.040441
5.282000	0.049469
5.283000	0.040441
5.284000	0.049469
5.285000	0.049469
5.286000	0.049469
5.287000	0.058497
5.288000	0.049469
5.289000	0.058497
5.290000	0.040441
5.291000	0.049469
5.292000	0.040441
5.293000	0.058497
5.294000	0.058497
5.295000	0.058497
5.296000	0.067543
5.297000	0.058497
5.298000	0.058497
5.299000	0.067543
5.300000	0.067543
5.301000	0.076572
5.302000	0.067543
5.303000	0.067543
5.304000	0.067543
5.305000	0.067543
5.306000	0.076572
5.307000	0.058497
5.308000	0.067543
5.309000	0.076572
5.310000	0.067543
5.311000	0.058497
5.312000	0.067543
5.313000	0.058497
5.314000	0.067543
5.315000	0.058497
5.316000	0.067543
5.317000	0.076572
5.318000	0.067543
5.319000	0.058497
5.320000	0.058497
5.321000	0.058497
5.322000	0.067543
5.323000	0.058497
5.324000	0.058497
5.325000	0.040441
5.326000	0.049469
5.327000	0.058497
5.328000	0.058497
5.329000	0.067543
5.330000	0.067543
5.331000	0.058497
5.332000	0.049469
5.333000	0.067543
5.334000	0.058497
5.335000	0.058497
5.336000	0.049469
5.337000	0.049469
5.338000	0.049469
5.339000	0.058497
5.340000	0.049469
5.341000	0.049469
5.342000	0.049469
5.343000	0.049469
5.344000	0.058497
5.345000	0.058497
5.346000	0.049469
5.347000	0.058497
5.348000	0.058497
5.349000	0.058497
5.350000	0.049469
5.351000	0.067543
5.352000	0.058497
5.353000	0.067543
5.354000	0.067543
5.355000	0.067543
5.356000	0.058497
5.357000	0.058497
5.358000	0.058497
5.359000	0.058497
5.360000	0.058497
5.361000	0.067543
5.362000	0.067543
5.363000	0.076572
5.364000	0.067543
5.365000	0.067543
5.366000	0.067543
5.367000	0.076572
5.368000	0.058497
5.369000	0.049469
5.370000	0.058497
5.371000	0.058497
5.372000	0.058497
5.373000	0.067543
5.374000	0.058497
5.375000	0.058497
5.376000	0.040441
5.377000	0.058497
5.378000	0.058497
5.379000	0.049469
5.380000	0.058497
5.381000	0.049469
5.382000	0.049469
5.383000	0.058497
5.384000	0.040441
5.385000	0.049469
5.386000	0.040441
5.387000	0.049469
5.388000	0.040441
5.389000	0.040441
5.390000	0.049469
5.391000	0.040441
5.392000	0.049469
5.393000	0.031413
5.394000	0.040441
5.395000	0.040441
5.396000	0.049469
5.397000	0.040441
5.398000	0.031413
5.399000	0.040441
5.400000	0.040441
5.401000	0.049469
5.402000	0.049469
5.403000	0.058497
5.404000	0.058497
5.405000	0.049469
5.406000	0.058497
5.407000	0.049469
5.408000	0.049469
5.409000	0.058497
5.410000	0.058497
5.411000	0.058497
5.412000	0.058497
5.413000	0.058497
5.414000	0.049469
5.415000	0.067543
5.416000	0.058497
5.417000	0.058497
5.418000	0.067543
5.419000	0.067543
5.420000	0.058497
5.421000	0.058497
5.422000	0.049469
5.423000	0.058497
5.424000	0.049469
5.425000	0.058497
5.426000	0.058497
5.427000	0.058497
5.428000	0.058497
5.429000	0.058497
5.430000	0.058497
5.431000	0.058497
5.432000	0.058497
5.433000	0.049469
5.434000	0.049469
5.435000	0.040441
5.436000	0.058497
5.437000	0.067543
5.438000	0.049469
5.439000	0.049469
5.440000	0.040441
5.441000	0.031413
5.442000	0.049469
5.443000	0.040441
5.444000	0.040441
5.445000	0.040441
5.446000	0.040441
5.447000	0.049469
5.448000	0.049469
5.449000	0.049469
5.450000	0.058497
5.451000	0.058497
5.452000	0.049469
5.453000	0.058497
5.454000	0.040441
5.455000	0.058497
5.456000	0.058497
5.457000	0.040441
5.458000	0.049469
5.459000	0.058497
5.460000	0.049469
5.461000	0.058497
5.462000	0.067543
5.463000	0.058497
5.464000	0.067543
5.465000	0.067543
5.466000	0.067543
5.467000	0.067543
5.468000	0.058497
5.469000	0.067543
5.470000	0.076572
5.471000	0.067543
5.472000	0.067543
5.473000	0.067543
5.474000	0.067543
5.475000	0.058497
5.476000	0.058497
5.477000	0.067543
5.478000	0.049469
5.479000	0.058497
5.480000	0.067543
5.481000	0.067543
5.482000	0.058497
5.483000	0.076572
5.484000	0.058497
5.485000	0.067543
5.486000	0.058497
5.487000	0.067543
5.488000	0.058497
5.489000	0.058497
5.490000	0.058497
5.491000	0.058497
5.492000	0.058497
5.493000	0.058497
5.494000	0.058497
5.495000	0.058497
5.496000	0.049469
5.497000	0.049469
5.498000	0.058497
5.499000	0.049469
5.500000	0.058497
