-0.500000	0.463123
-0.499000	0.463123
-0.498000	0.374180
-0.497000	0.374180
-0.496000	0.374180
-0.495000	0.285237
-0.494000	0.285237
-0.493000	0.285237
-0.492000	0.285237
-0.491000	0.463123
-0.490000	0.196294
-0.489000	0.374180
-0.488000	0.463123
-0.487000	0.374180
-0.486000	0.463123
-0.485000	0.374180
-0.484000	0.374180
-0.483000	0.374180
-0.482000	0.463123
-0.481000	0.463123
-0.480000	0.374180
-0.479000	0.374180
-0.478000	0.374180
-0.477000	0.463123
-0.476000	0.374180
-0.475000	0.285237
-0.474000	0.374180
-0.473000	0.374180
-0.472000	0.285237
-0.471000	0.463123
-0.470000	0.463123
-0.469000	0.463123
-0.468000	0.374180
-0.467000	0.374180
-0.466000	0.374180
-0.465000	0.463123
-0.464000	0.463123
-0.463000	0.374180
-0.462000	0.374180
-0.461000	0.285237
-0.460000	0.463123
-0.459000	0.374180
-0.458000	0.374180
-0.457000	0.285237
-0.456000	0.285237
-0.455000	0.374180
-0.454000	0.463123
-0.453000	0.463123
-0.452000	0.374180
-0.451000	0.463123
-0.450000	0.374180
-0.449000	0.374180
-0.448000	0.374180
-0.447000	0.374180
-0.446000	0.374180
-0.445000	0.374180
-0.444000	0.374180
-0.443000	0.374180
-0.442000	0.285237
-0.441000	0.374180
-0.440000	0.196294
-0.439000	0.463123
-0.438000	0.552248
-0.437000	0.463123
-0.436000	0.463123
-0.435000	0.374180
-0.434000	0.463123
-0.433000	0.374180
-0.432000	0.463123
-0.431000	0.374180
-0.430000	0.374180
-0.429000	0.285237
-0.428000	0.285237
-0.427000	0.285237
-0.426000	0.374180
-0.425000	0.374180
-0.424000	0.196294
-0.423000	0.374180
-0.422000	0.374180
-0.421000	0.463123
-0.420000	0.285237
-0.419000	0.285237
-0.418000	0.374180
-0.417000	0.374180
-0.416000	0.374180
-0.415000	0.463123
-0.414000	0.463123
-0.413000	0.374180
-0.412000	0.285237
-0.411000	0.374180
-0.410000	0.285237
-0.409000	0.374180
-0.408000	0.374180
-0.407000	0.196294
-0.406000	0.374180
-0.405000	0.463123
-0.404000	0.374180
-0.403000	0.374180
-0.402000	0.463123
-0.401000	0.374180
-0.400000	0.552248
-0.399000	0.463123
-0.398000	0.463123
-0.397000	0.285237
-0.396000	0.285237
-0.395000	0.285237
-0.394000	0.374180
-0.393000	0.285237
-0.392000	0.374180
-0.391000	0.374180
-0.390000	0.285237
-0.389000	0.374180
-0.388000	0.463123
-0.387000	0.463123
-0.386000	0.285237
-0.385000	0.463123
-0.384000	0.374180
-0.383000	0.374180
-0.382000	0.374180
-0.381000	0.374180
-0.380000	0.374180
-0.379000	0.374180
-0.378000	0.285237
-0.377000	0.285237
-0.376000	0.285237
-0.375000	0.374180
-0.374000	0.285237
-0.373000	0.374180
-0.372000	0.374180
-0.371000	0.374180
-0.370000	0.374180
-0.369000	0.374180
-0.368000	0.374180
-0.367000	0.463123
-0.366000	0.463123
-0.365000	0.463123
-0.364000	0.463123
-0.363000	0.285237
-0.362000	0.374180
-0.361000	0.374180
-0.360000	0.285237
-0.359000	0.374180
-0.358000	0.374180
-0.357000	0.196294
-0.356000	0.374180
-0.355000	0.374180
-0.354000	0.552248
-0.353000	0.374180
-0.352000	0.374180
-0.351000	0.463123
-0.350000	0.285237
-0.349000	0.463123
-0.348000	0.374180
-0.347000	0.374180
-0.346000	0.285237
-0.345000	0.374180
-0.344000	0.374180
-0.343000	0.374180
-0.342000	0.374180
-0.341000	0.285237
-0.340000	0.285237
-0.339000	0.374180
-0.338000	0.374180
-0.337000	0.463123
-0.336000	0.374180
-0.335000	0.285237
-0.334000	0.374180
-0.333000	0.285237
-0.332000	0.463123
-0.331000	0.374180
-0.330000	0.374180
-0.329000	0.285237
-0.328000	0.374180
-0.327000	0.374180
-0.326000	0.374180
-0.325000	0.374180
-0.324000	0.374180
-0.323000	0.374180
-0.322000	0.463123
-0.321000	0.374180
-0.320000	0.463123
-0.319000	0.463123
-0.318000	0.374180
-0.317000	0.463123
-0.316000	0.552248
-0.315000	0.463123
-0.314000	0.374180
-0.313000	0.374180
-0.312000	0.374180
-0.311000	0.285237
-0.310000	0.463123
-0.309000	0.374180
-0.308000	0.463123
-0.307000	0.374180
-0.306000	0.374180
-0.305000	0.374180
-0.304000	0.374180
-0.303000	0.374180
-0.302000	0.374180
-0.301000	0.463123
-0.300000	0.463123
-0.299000	0.374180
-0.298000	0.463123
-0.297000	0.374180
-0.296000	0.374180
-0.295000	0.374180
-0.294000	0.374180
-0.293000	0.374180
-0.292000	0.463123
-0.291000	0.285237
-0.290000	0.285237
-0.289000	0.463123
-0.288000	0.552248
-0.287000	0.463123
-0.286000	0.285237
-0.285000	0.374180
-0.284000	0.374180
-0.283000	0.463123
-0.282000	0.552248
-0.281000	0.463123
-0.280000	0.374180
-0.279000	0.285237
-0.278000	0.285237
-0.277000	0.285237
-0.276000	0.374180
-0.275000	0.285237
-0.274000	0.374180
-0.273000	0.285237
-0.272000	0.463123
-0.271000	0.374180
-0.270000	0.374180
-0.269000	0.374180
-0.268000	0.463123
-0.267000	0.374180
-0.266000	0.463123
-0.265000	0.552248
-0.264000	0.463123
-0.263000	0.374180
-0.262000	0.285237
-0.261000	0.374180
-0.260000	0.374180
-0.259000	0.463123
-0.258000	0.285237
-0.257000	0.374180
-0.256000	0.285237
-0.255000	0.285237
-0.254000	0.374180
-0.253000	0.374180
-0.252000	0.374180
-0.251000	0.374180
-0.250000	0.374180
-0.249000	0.463123
-0.248000	0.374180
-0.247000	0.285237
-0.246000	0.285237
-0.245000	0.285237
-0.244000	0.374180
-0.243000	0.285237
-0.242000	0.374180
-0.241000	0.285237
-0.240000	0.374180
-0.239000	0.374180
-0.238000	0.463123
-0.237000	0.374180
-0.236000	0.463123
-0.235000	0.374180
-0.234000	0.374180
-0.233000	0.463123
-0.232000	0.463123
-0.231000	0.374180
-0.230000	0.285237
-0.229000	0.374180
-0.228000	0.196294
-0.227000	0.285237
-0.226000	0.374180
-0.225000	0.196294
-0.224000	0.285237
-0.223000	0.285237
-0.222000	0.463123
-0.221000	0.285237
-0.220000	0.374180
-0.219000	0.374180
-0.218000	0.463123
-0.217000	0.463123
-0.216000	0.463123
-0.215000	0.463123
-0.214000	0.463123
-0.213000	0.285237
-0.212000	0.285237
-0.211000	0.285237
-0.210000	0.374180
-0.209000	0.463123
-0.208000	0.463123
-0.207000	0.285237
-0.206000	0.374180
-0.205000	0.374180
-0.204000	0.374180
-0.203000	0.374180
-0.202000	0.374180
-0.201000	0.285237
-0.200000	0.374180
-0.199000	0.374180
-0.198000	0.374180
-0.197000	0.285237
-0.196000	0.285237
-0.195000	0.285237
-0.194000	0.374180
-0.193000	0.374180
-0.192000	0.285237
-0.191000	0.374180
-0.190000	0.285237
-0.189000	0.374180
-0.188000	0.285237
-0.187000	0.374180
-0.186000	0.374180
-0.185000	0.374180
-0.184000	0.374180
-0.183000	0.374180
-0.182000	0.374180
-0.181000	0.374180
-0.180000	0.374180
-0.179000	0.285237
-0.178000	0.196294
-0.177000	0.374180
-0.176000	0.285237
-0.175000	0.196294
-0.174000	0.374180
-0.173000	0.285237
-0.172000	0.374180
-0.171000	0.285237
-0.170000	0.463123
-0.169000	0.374180
-0.168000	0.463123
-0.167000	0.374180
-0.166000	0.374180
-0.165000	0.552248
-0.164000	0.374180
-0.163000	0.374180
-0.162000	0.374180
-0.161000	0.374180
-0.160000	0.285237
-0.159000	0.374180
-0.158000	0.285237
-0.157000	0.196294
-0.156000	0.285237
-0.155000	0.374180
-0.154000	0.463123
-0.153000	0.463123
-0.152000	0.463123
-0.151000	0.374180
-0.150000	0.374180
-0.149000	0.463123
-0.148000	0.463123
-0.147000	0.374180
-0.146000	0.374180
-0.145000	0.285237
-0.144000	0.374180
-0.143000	0.374180
-0.142000	0.374180
-0.141000	0.285237
-0.140000	0.285237
-0.139000	0.374180
-0.138000	0.463123
-0.137000	0.552248
-0.136000	0.463123
-0.135000	0.374180
-0.134000	0.374180
-0.133000	0.374180
-0.132000	0.463123
-0.131000	0.463123
-0.130000	0.463123
-0.129000	0.374180
-0.128000	0.285237
-0.127000	0.285237
-0.126000	0.374180
-0.125000	0.374180
-0.124000	0.374180
-0.123000	0.285237
-0.122000	0.463123
-0.121000	0.374180
-0.120000	0.463123
-0.119000	0.374180
-0.118000	0.374180
-0.117000	0.285237
-0.116000	0.463123
-0.115000	0.463123
-0.114000	0.463123
-0.113000	0.285237
-0.112000	0.374180
-0.111000	0.374180
-0.110000	0.285237
-0.109000	0.285237
-0.108000	0.374180
-0.107000	0.285237
-0.106000	0.285237
-0.105000	0.463123
-0.104000	0.374180
-0.103000	0.463123
-0.102000	0.374180
-0.101000	0.374180
-0.100000	0.374180
-0.099000	0.463123
-0.098000	0.463123
-0.097000	0.374180
-0.096000	0.374180
-0.095000	0.374180
-0.094000	0.285237
-0.093000	0.285237
-0.092000	0.374180
-0.091000	0.374180
-0.090000	0.285237
-0.089000	0.374180
-0.088000	0.374180
-0.087000	0.374180
-0.086000	0.374180
-0.085000	0.463123
-0.084000	0.374180
-0.083000	0.374180
-0.082000	0.374180
-0.081000	0.374180
-0.080000	0.374180
-0.079000	0.374180
-0.078000	0.285237
-0.077000	0.285237
-0.076000	0.374180
-0.075000	0.374180
-0.074000	0.285237
-0.073000	0.285237
-0.072000	0.463123
-0.071000	0.374180
-0.070000	0.463123
-0.069000	0.374180
-0.068000	0.374180
-0.067000	0.285237
-0.066000	0.374180
-0.065000	0.463123
-0.064000	0.374180
-0.063000	0.374180
-0.062000	0.374180
-0.061000	0.374180
-0.060000	0.374180
-0.059000	0.463123
-0.058000	0.285237
-0.057000	0.285237
-0.056000	0.196294
-0.055000	0.374180
-0.054000	0.374180
-0.053000	0.374180
-0.052000	0.463123
-0.051000	0.463123
-0.050000	0.374180
-0.049000	0.463123
-0.048000	0.463123
-0.047000	0.374180
-0.046000	0.374180
-0.045000	0.374180
-0.044000	0.285237
-0.043000	0.463123
-0.042000	0.374180
-0.041000	0.463123
-0.040000	0.285237
-0.039000	0.374180
-0.038000	0.285237
-0.037000	0.463123
-0.036000	0.463123
-0.035000	0.374180
-0.034000	0.463123
-0.033000	0.374180
-0.032000	0.374180
-0.031000	0.374180
-0.030000	0.285237
-0.029000	0.285237
-0.028000	0.285237
-0.027000	0.285237
-0.026000	0.285237
-0.025000	0.463123
-0.024000	0.463123
-0.023000	0.374180
-0.022000	0.285237
-0.021000	0.196294
-0.020000	0.374180
-0.019000	0.285237
-0.018000	0.374180
-0.017000	0.552248
-0.016000	1.442220
-0.015000	1.798180
-0.014000	1.620110
-0.013000	1.798180
-0.012000	2.421140
-0.011000	3.044110
-0.010000	3.310940
-0.009000	3.667070
-0.008000	3.756010
-0.007000	3.577950
-0.006000	2.510080
-0.005000	1.175210
-0.004000	1.709050
-0.003000	2.421140
-0.002000	2.510080
-0.001000	2.421140
0.000000	1.798180
0.001000	1.798180
0.002000	1.264160
0.003000	0.463123
0.004000	0.641191
0.005000	0.908202
0.006000	0.819259
0.007000	0.285237
0.008000	-0.248785
0.009000	-1.138760
0.010000	-0.693682
0.011000	-0.248785
0.012000	-0.515796
0.013000	-1.316650
0.014000	-1.316650
0.015000	-0.960692
0.016000	0.196294
0.017000	-0.070717
0.018000	-2.028550
0.019000	-1.583660
0.020000	0.107169
0.021000	-1.761730
0.022000	0.196294
0.023000	4.111970
0.024000	-0.159842
0.025000	-2.473630
0.026000	0.196294
0.027000	0.196294
0.028000	1.620110
0.029000	3.844960
0.030000	2.065010
0.031000	0.552248
0.032000	1.709050
0.033000	1.264160
0.034000	1.264160
0.035000	4.734930
0.036000	5.357900
0.037000	2.154130
0.038000	1.086090
0.039000	1.976060
0.040000	2.954980
0.041000	3.933900
0.042000	3.933900
0.043000	1.798180
0.044000	0.997144
0.045000	2.421140
0.046000	5.001940
0.047000	5.446840
0.048000	4.556860
0.049000	3.756010
0.050000	3.044110
0.051000	2.954980
0.052000	3.400060
0.053000	3.667070
0.054000	4.023020
0.055000	4.556860
0.056000	3.933900
0.057000	3.310940
0.058000	3.489000
0.059000	4.111970
0.060000	4.200910
0.061000	4.467920
0.062000	4.467920
0.063000	3.933900
0.064000	3.756010
0.065000	5.090890
0.066000	4.823880
0.067000	3.310940
0.068000	3.044110
0.069000	3.044110
0.070000	3.133050
0.071000	3.844960
0.072000	4.467920
0.073000	4.111970
0.074000	3.400060
0.075000	3.400060
0.076000	2.599030
0.077000	2.421140
0.078000	2.954980
0.079000	3.133050
0.080000	3.133050
0.081000	3.310940
0.082000	3.133050
0.083000	2.599030
0.084000	2.954980
0.085000	3.044110
0.086000	2.510080
0.087000	1.887120
0.088000	2.243070
0.089000	2.421140
0.090000	3.221990
0.091000	4.023020
0.092000	3.933900
0.093000	3.133050
0.094000	2.599030
0.095000	3.221990
0.096000	3.577950
0.097000	3.933900
0.098000	4.111970
0.099000	4.200910
0.100000	3.933900
0.101000	3.933900
0.102000	4.200910
0.103000	4.645990
0.104000	5.268950
0.105000	5.179830
0.106000	5.001940
0.107000	4.734930
0.108000	5.090890
0.109000	5.535780
0.110000	5.713850
0.111000	5.802790
0.112000	5.001940
0.113000	3.577950
0.114000	4.734930
0.115000	5.535780
0.116000	5.802790
0.117000	5.268950
0.118000	4.645990
0.119000	5.268950
0.120000	5.357900
0.121000	4.378980
0.122000	4.200910
0.123000	4.290040
0.124000	4.734930
0.125000	4.023020
0.126000	3.400060
0.127000	3.044110
0.128000	3.756010
0.129000	4.111970
0.130000	3.756010
0.131000	3.133050
0.132000	2.599030
0.133000	2.599030
0.134000	2.777100
0.135000	2.866040
0.136000	2.954980
0.137000	3.221990
0.138000	3.044110
0.139000	2.243070
0.140000	2.243070
0.141000	2.421140
0.142000	2.243070
0.143000	2.154130
0.144000	2.687970
0.145000	2.866040
0.146000	2.599030
0.147000	2.866040
0.148000	3.221990
0.149000	3.221990
0.150000	3.310940
0.151000	2.954980
0.152000	3.400060
0.153000	3.400060
0.154000	3.400060
0.155000	4.023020
0.156000	3.933900
0.157000	3.577950
0.158000	3.844960
0.159000	4.467920
0.160000	4.467920
0.161000	4.467920
0.162000	4.823880
0.163000	4.734930
0.164000	4.645990
0.165000	5.001940
0.166000	4.734930
0.167000	4.823880
0.168000	4.734930
0.169000	4.734930
0.170000	4.467920
0.171000	4.290040
0.172000	4.467920
0.173000	4.111970
0.174000	4.290040
0.175000	4.378980
0.176000	3.933900
0.177000	3.756010
0.178000	3.844960
0.179000	3.756010
0.180000	3.489000
0.181000	3.489000
0.182000	3.489000
0.183000	3.400060
0.184000	3.044110
0.185000	3.221990
0.186000	3.221990
0.187000	2.510080
0.188000	1.887120
0.189000	1.798180
0.190000	2.243070
0.191000	2.510080
0.192000	2.154130
0.193000	2.154130
0.194000	2.421140
0.195000	2.154130
0.196000	2.243070
0.197000	1.798180
0.198000	2.154130
0.199000	2.421140
0.200000	2.154130
0.201000	2.154130
0.202000	2.154130
0.203000	2.065010
0.204000	2.510080
0.205000	2.599030
0.206000	2.687970
0.207000	3.044110
0.208000	2.954980
0.209000	3.221990
0.210000	3.310940
0.211000	3.489000
0.212000	3.756010
0.213000	3.577950
0.214000	3.577950
0.215000	3.221990
0.216000	4.111970
0.217000	3.400060
0.218000	4.290040
0.219000	4.734930
0.220000	3.844960
0.221000	4.111970
0.222000	4.023020
0.223000	3.844960
0.224000	5.001940
0.225000	4.645990
0.226000	3.933900
0.227000	4.290040
0.228000	4.378980
0.229000	4.467920
0.230000	4.200910
0.231000	3.933900
0.232000	4.290040
0.233000	3.844960
0.234000	4.023020
0.235000	4.200910
0.236000	3.577950
0.237000	3.489000
0.238000	3.577950
0.239000	3.577950
0.240000	3.489000
0.241000	3.221990
0.242000	2.866040
0.243000	2.510080
0.244000	2.954980
0.245000	2.777100
0.246000	2.687970
0.247000	2.332020
0.248000	2.154130
0.249000	2.687970
0.250000	2.866040
0.251000	2.777100
0.252000	2.777100
0.253000	2.687970
0.254000	2.687970
0.255000	2.777100
0.256000	2.777100
0.257000	2.866040
0.258000	3.310940
0.259000	3.221990
0.260000	2.599030
0.261000	2.687970
0.262000	3.310940
0.263000	3.667070
0.264000	3.489000
0.265000	3.577950
0.266000	3.667070
0.267000	3.844960
0.268000	4.023020
0.269000	3.221990
0.270000	4.023020
0.271000	4.912820
0.272000	4.734930
0.273000	3.577950
0.274000	3.667070
0.275000	3.756010
0.276000	4.023020
0.277000	4.556860
0.278000	4.467920
0.279000	3.844960
0.280000	4.111970
0.281000	3.933900
0.282000	4.912820
0.283000	4.378980
0.284000	4.290040
0.285000	4.467920
0.286000	3.933900
0.287000	4.645990
0.288000	4.467920
0.289000	4.111970
0.290000	4.467920
0.291000	4.378980
0.292000	4.378980
0.293000	4.556860
0.294000	4.290040
0.295000	4.111970
0.296000	4.111970
0.297000	3.933900
0.298000	3.756010
0.299000	3.933900
0.300000	3.667070
0.301000	3.489000
0.302000	3.400060
0.303000	3.133050
0.304000	3.133050
0.305000	2.954980
0.306000	3.577950
0.307000	3.221990
0.308000	3.133050
0.309000	3.133050
0.310000	2.866040
0.311000	3.044110
0.312000	3.310940
0.313000	3.400060
0.314000	4.111970
0.315000	-19.115400
0.316000	32.145199
0.317000	26.805500
0.318000	4.912820
0.319000	2.154130
0.320000	-8.881170
0.321000	4.290040
0.322000	9.362700
0.323000	8.917620
0.324000	6.781710
0.325000	-1.316650
0.326000	3.221990
0.327000	-1.939610
0.328000	-3.808500
0.329000	6.069800
0.330000	9.540580
0.331000	7.760630
0.332000	1.531170
0.333000	-3.541490
0.334000	0.107169
0.335000	6.870840
0.336000	12.121400
0.337000	8.205710
0.338000	-0.426671
0.339000	-1.583660
0.340000	4.023020
0.341000	7.404680
0.342000	9.006560
0.343000	8.383600
0.344000	5.179830
0.345000	2.687970
0.346000	2.954980
0.347000	5.001940
0.348000	6.514880
0.349000	7.493800
0.350000	7.226790
0.351000	4.556860
0.352000	1.264160
0.353000	2.599030
0.354000	4.200910
0.355000	8.739730
0.356000	9.629520
0.357000	1.531170
0.358000	1.531170
0.359000	-1.227700
0.360000	2.332020
0.361000	9.362700
0.362000	3.133050
0.363000	1.887120
0.364000	4.467920
0.365000	1.620110
0.366000	7.226790
0.367000	4.200910
0.368000	6.425760
0.369000	5.179830
0.370000	2.599030
0.371000	6.247870
0.372000	3.577950
0.373000	3.221990
0.374000	8.472720
0.375000	7.048720
0.376000	3.310940
0.377000	5.179830
0.378000	4.467920
0.379000	6.158750
0.380000	9.451640
0.381000	7.849760
0.382000	5.713850
0.383000	4.290040
0.384000	5.001940
0.385000	9.095690
0.386000	8.205710
0.387000	6.692770
0.388000	5.001940
0.389000	4.200910
0.390000	6.069800
0.391000	8.472720
0.392000	7.582750
0.393000	5.179830
0.394000	4.556860
0.395000	4.467920
0.396000	4.467920
0.397000	5.446840
0.398000	6.247870
0.399000	5.802790
0.400000	4.823880
0.401000	3.756010
0.402000	3.310940
0.403000	4.111970
0.404000	5.624910
0.405000	6.514880
0.406000	5.535780
0.407000	4.023020
0.408000	3.577950
0.409000	4.823880
0.410000	5.090890
0.411000	5.891920
0.412000	6.158750
0.413000	4.823880
0.414000	4.023020
0.415000	5.090890
0.416000	5.802790
0.417000	6.069800
0.418000	7.849760
0.419000	4.023020
0.420000	1.976060
0.421000	0.908202
0.422000	5.357900
0.423000	6.247870
0.424000	6.158750
0.425000	6.870840
0.426000	4.023020
0.427000	3.756010
0.428000	3.489000
0.429000	5.090890
0.430000	8.739730
0.431000	8.027640
0.432000	7.582750
0.433000	3.933900
0.434000	4.023020
0.435000	3.667070
0.436000	6.870840
0.437000	8.294650
0.438000	5.446840
0.439000	5.891920
0.440000	5.268950
0.441000	5.713850
0.442000	7.493800
0.443000	8.561660
0.444000	8.205710
0.445000	6.603830
0.446000	6.781710
0.447000	7.315730
0.448000	6.870840
0.449000	7.137850
0.450000	5.891920
0.451000	7.938700
0.452000	7.849760
0.453000	6.069800
0.454000	5.001940
0.455000	4.556860
0.456000	6.158750
0.457000	7.582750
0.458000	5.357900
0.459000	6.870840
0.460000	2.332020
0.461000	4.378980
0.462000	-14.487800
0.463000	12.210500
0.464000	42.913502
0.465000	-13.153000
0.466000	6.158750
0.467000	-4.520410
0.468000	3.044110
0.469000	33.658001
0.470000	-1.583660
0.471000	-17.335699
0.472000	15.681300
0.473000	9.807590
0.474000	5.802790
0.475000	16.393200
0.476000	1.976060
0.477000	5.357900
0.478000	0.908202
0.479000	8.383600
0.480000	10.964600
0.481000	10.786500
0.482000	-8.525210
0.483000	-1.227700
0.484000	-4.787420
0.485000	5.802790
0.486000	-3.630620
0.487000	-16.801600
0.488000	-12.440900
0.489000	-7.457350
0.490000	-0.515796
0.491000	19.685900
0.492000	15.592200
0.493000	3.577950
0.494000	-4.164460
0.495000	-3.452550
0.496000	3.221990
0.497000	1.353100
0.498000	-16.623800
0.499000	-12.619000
0.500000	-25.879101
0.501000	-11.551100
0.502000	-46.792702
0.503000	-55.870201
0.504000	-15.555700
0.505000	-8.614150
0.506000	-13.063900
0.507000	-11.195000
0.508000	-20.717501
0.509000	-13.597900
0.510000	0.641191
0.511000	6.069800
0.512000	14.346200
0.513000	6.959780
0.514000	0.463123
0.515000	0.641191
0.516000	-2.562580
0.517000	7.048720
0.518000	22.444799
0.519000	17.995100
0.520000	19.864000
0.521000	21.109900
0.522000	16.215099
0.523000	23.067699
0.524000	32.056099
0.525000	24.936600
0.526000	26.627501
0.527000	27.873400
0.528000	15.592200
0.529000	11.231400
0.530000	11.676500
0.531000	6.158750
0.532000	14.168300
0.533000	19.597000
0.534000	15.503200
0.535000	8.650610
0.536000	3.489000
0.537000	8.116770
0.538000	18.707001
0.539000	11.142500
0.540000	1.976060
0.541000	-0.960692
0.542000	-4.876370
0.543000	-1.316650
0.544000	3.400060
0.545000	-4.253580
0.546000	-4.253580
0.547000	-3.185540
0.548000	-8.258200
0.549000	-13.953800
0.550000	-5.944410
0.551000	3.667070
0.552000	0.107169
0.553000	-2.740640
0.554000	-4.520410
0.555000	-10.305200
0.556000	-7.902250
0.557000	-12.263000
0.558000	-17.246700
0.559000	-22.675301
0.560000	-6.300360
0.561000	-6.834390
0.562000	-14.220800
0.563000	-24.010201
0.564000	-28.459900
0.565000	-23.921301
0.566000	-20.806400
0.567000	-17.157600
0.568000	-16.801600
0.569000	-11.017100
0.570000	-11.106000
0.571000	-13.419800
0.572000	-9.593070
0.573000	-6.834390
0.574000	-3.452550
0.575000	-2.562580
0.576000	-6.478430
0.577000	-8.169260
0.578000	-2.295560
0.579000	6.336820
0.580000	8.917620
0.581000	9.362700
0.582000	6.069800
0.583000	4.556860
0.584000	7.671690
0.585000	11.765400
0.586000	14.791300
0.587000	33.213100
0.588000	-61.832600
0.589000	71.302498
0.590000	67.653801
0.591000	-1.583660
0.592000	56.529598
0.593000	27.517401
0.594000	-20.539400
0.595000	73.705399
0.596000	58.843399
0.597000	1.086090
0.598000	27.250401
0.599000	19.418900
0.600000	-131.604004
0.601000	126.123001
0.602000	182.188995
0.603000	-19.204599
0.604000	-50.708401
0.605000	76.108101
0.606000	6.158750
0.607000	-1.583660
0.608000	35.082001
0.609000	-5.944410
0.610000	-3.986570
0.611000	62.403099
0.612000	19.418900
0.613000	-59.162899
0.614000	-2.117680
0.615000	47.808102
0.616000	24.313700
0.617000	-3.719560
0.618000	8.561660
0.619000	4.823880
0.620000	-7.279280
0.621000	-15.110800
0.622000	-18.759501
0.623000	-7.101400
0.624000	1.976060
0.625000	-8.881170
0.626000	-7.902250
0.627000	-10.928100
0.628000	-10.750100
0.629000	-8.080310
0.630000	-13.775900
0.631000	-14.932700
0.632000	-8.169260
0.633000	9.451640
0.634000	-3.274480
0.635000	-35.045502
0.636000	-35.223400
0.637000	-22.230301
0.638000	-6.300360
0.639000	10.341600
0.640000	1.709050
0.641000	-14.220800
0.642000	-8.080310
0.643000	-7.457350
0.644000	-8.792220
0.645000	-2.117680
0.646000	1.264160
0.647000	2.065010
0.648000	7.671690
0.649000	-10.483000
0.650000	-7.902250
0.651000	-1.138760
0.652000	22.533701
0.653000	43.981300
0.654000	21.198799
0.655000	2.777100
0.656000	-0.426671
0.657000	-2.295560
0.658000	5.090890
0.659000	11.142500
0.660000	25.470501
0.661000	39.442699
0.662000	23.067699
0.663000	9.273570
0.664000	21.821800
0.665000	4.467920
0.666000	13.278400
0.667000	-12.707900
0.668000	-5.054430
0.669000	29.653299
0.670000	23.423700
0.671000	11.320500
0.672000	9.006560
0.673000	2.687970
0.674000	9.006560
0.675000	8.739730
0.676000	3.133050
0.677000	9.006560
0.678000	17.283199
0.679000	13.189400
0.680000	2.421140
0.681000	5.624910
0.682000	-7.368230
0.683000	-9.860080
0.684000	4.645990
0.685000	-2.473630
0.686000	4.734930
0.687000	19.774799
0.688000	11.409500
0.689000	15.325100
0.690000	10.074600
0.691000	-11.907000
0.692000	-4.698480
0.693000	9.807590
0.694000	8.294650
0.695000	10.430600
0.696000	9.629520
0.697000	3.933900
0.698000	6.069800
0.699000	0.641191
0.700000	-1.761730
0.701000	5.179830
0.702000	12.299500
0.703000	12.388400
0.704000	13.990300
0.705000	14.613200
0.706000	10.786500
0.707000	12.210500
0.708000	7.760630
0.709000	6.158750
0.710000	7.493800
0.711000	7.582750
0.712000	3.133050
0.713000	8.650610
0.714000	11.231400
0.715000	6.959780
0.716000	3.667070
0.717000	6.603830
0.718000	7.315730
0.719000	6.603830
0.720000	11.053500
0.721000	12.032400
0.722000	13.456300
0.723000	9.540580
0.724000	-0.871750
0.725000	-1.939610
0.726000	-4.253580
0.727000	-3.007650
0.728000	-1.583660
0.729000	4.111970
0.730000	10.964600
0.731000	8.561660
0.732000	4.200910
0.733000	-0.248785
0.734000	-2.562580
0.735000	1.086090
0.736000	0.997144
0.737000	2.510080
0.738000	4.823880
0.739000	3.577950
0.740000	0.107169
0.741000	-1.672600
0.742000	-1.405770
0.743000	-1.405770
0.744000	0.997144
0.745000	5.179830
0.746000	6.781710
0.747000	5.090890
0.748000	4.290040
0.749000	3.667070
0.750000	5.090890
0.751000	5.891920
0.752000	4.645990
0.753000	5.090890
0.754000	6.514880
0.755000	3.133050
0.756000	3.044110
0.757000	8.561660
0.758000	9.006560
0.759000	7.671690
0.760000	7.493800
0.761000	7.849760
0.762000	9.362700
0.763000	10.786500
0.764000	12.655400
0.765000	11.676500
0.766000	11.854400
0.767000	10.786500
0.768000	9.273570
0.769000	8.650610
0.770000	7.493800
0.771000	5.891920
0.772000	5.268950
0.773000	8.383600
0.774000	11.231400
0.775000	10.430600
0.776000	8.561660
0.777000	7.404680
0.778000	8.383600
0.779000	8.205710
0.780000	6.158750
0.781000	4.556860
0.782000	4.645990
0.783000	5.001940
0.784000	3.133050
0.785000	2.332020
0.786000	2.687970
0.787000	1.531170
0.788000	0.552248
0.789000	2.777100
0.790000	3.933900
0.791000	2.332020
0.792000	0.908202
0.793000	1.175210
0.794000	0.730134
0.795000	-1.405770
0.796000	-1.850670
0.797000	-1.316650
0.798000	-0.604739
0.799000	-0.426671
0.800000	-0.070717
0.801000	0.374180
0.802000	1.798180
0.803000	1.264160
0.804000	-0.070717
0.805000	0.997144
0.806000	3.844960
0.807000	1.086090
0.808000	2.065010
0.809000	2.154130
0.810000	-1.227700
0.811000	-2.117680
0.812000	1.175210
0.813000	0.463123
0.814000	-6.923330
0.815000	-5.588460
0.816000	2.421140
0.817000	9.896540
0.818000	13.634300
0.819000	7.048720
0.820000	11.409500
0.821000	0.374180
0.822000	0.018226
0.823000	4.290040
0.824000	6.959780
0.825000	1.709050
0.826000	-4.609540
0.827000	0.018226
0.828000	9.629520
0.829000	20.397800
0.830000	9.451640
0.831000	3.044110
0.832000	-1.227700
0.833000	0.018226
0.834000	2.510080
0.835000	-1.850670
0.836000	7.137850
0.837000	1.264160
0.838000	1.442220
0.839000	0.997144
0.840000	2.510080
0.841000	3.577950
0.842000	7.849760
0.843000	5.357900
0.844000	1.887120
0.845000	-4.342530
0.846000	0.552248
0.847000	0.730134
0.848000	3.489000
0.849000	8.205710
0.850000	3.844960
0.851000	0.552248
0.852000	2.687970
0.853000	1.976060
0.854000	0.730134
0.855000	4.023020
0.856000	4.023020
0.857000	5.268950
0.858000	3.044110
0.859000	4.823880
0.860000	5.357900
0.861000	10.074600
0.862000	8.383600
0.863000	7.048720
0.864000	4.111970
0.865000	4.290040
0.866000	7.582750
0.867000	7.493800
0.868000	7.671690
0.869000	6.781710
0.870000	3.667070
0.871000	6.781710
0.872000	9.807590
0.873000	10.430600
0.874000	9.095690
0.875000	9.540580
0.876000	10.074600
0.877000	10.163500
0.878000	9.807590
0.879000	10.074600
0.880000	10.697600
0.881000	12.299500
0.882000	10.697600
0.883000	9.629520
0.884000	5.624910
0.885000	4.645990
0.886000	5.624910
0.887000	5.446840
0.888000	6.514880
0.889000	5.891920
0.890000	4.111970
0.891000	3.844960
0.892000	4.023020
0.893000	2.866040
0.894000	-1.850670
0.895000	-4.698480
0.896000	-3.630620
0.897000	-1.583660
0.898000	0.107169
0.899000	-1.405770
0.900000	-4.164460
0.901000	-4.965490
0.902000	-4.609540
0.903000	-4.164460
0.904000	-4.164460
0.905000	-5.232500
0.906000	-5.766340
0.907000	-5.766340
0.908000	-5.499330
0.909000	-3.986570
0.910000	-3.541490
0.911000	-4.431470
0.912000	-5.321450
0.913000	-6.122300
0.914000	-6.033350
0.915000	-4.876370
0.916000	-3.096600
0.917000	-2.117680
0.918000	-1.494710
0.919000	-0.604739
0.920000	-0.337728
0.921000	1.175210
0.922000	1.976060
0.923000	2.243070
0.924000	1.887120
0.925000	1.709050
0.926000	2.243070
0.927000	2.510080
0.928000	3.044110
0.929000	3.756010
0.930000	3.844960
0.931000	4.111970
0.932000	4.290040
0.933000	4.023020
0.934000	3.844960
0.935000	4.290040
0.936000	4.290040
0.937000	3.400060
0.938000	3.044110
0.939000	2.243070
0.940000	1.620110
0.941000	1.531170
0.942000	1.264160
0.943000	0.285237
0.944000	0.374180
0.945000	0.374180
0.946000	0.463123
0.947000	-0.248785
0.948000	-1.494710
0.949000	-1.850670
0.950000	-1.939610
0.951000	-1.227700
0.952000	-2.117680
0.953000	-2.829590
0.954000	-3.007650
0.955000	-2.473630
0.956000	-2.651520
0.957000	-3.897450
0.958000	-4.698480
0.959000	-4.075520
0.960000	-3.096600
0.961000	-2.740640
0.962000	-2.740640
0.963000	-2.740640
0.964000	-2.740640
0.965000	-2.117680
0.966000	-2.206620
0.967000	-1.939610
0.968000	-0.871750
0.969000	-0.515796
0.970000	-0.248785
0.971000	-0.070717
0.972000	0.285237
0.973000	0.730134
0.974000	0.463123
0.975000	1.264160
0.976000	1.887120
0.977000	2.687970
0.978000	4.111970
0.979000	4.200910
0.980000	3.489000
0.981000	3.667070
0.982000	3.667070
0.983000	4.023020
0.984000	4.734930
0.985000	5.090890
0.986000	5.268950
0.987000	5.624910
0.988000	5.535780
0.989000	5.535780
0.990000	5.535780
0.991000	6.069800
0.992000	5.802790
0.993000	5.001940
0.994000	4.823880
0.995000	4.823880
0.996000	4.912820
0.997000	5.268950
0.998000	5.001940
0.999000	4.023020
1.000000	4.111970
1.001000	4.200910
1.002000	4.556860
1.003000	3.756010
1.004000	2.510080
1.005000	2.243070
1.006000	1.620110
1.007000	1.976060
1.008000	1.798180
1.009000	1.531170
1.010000	1.887120
1.011000	2.065010
1.012000	1.353100
1.013000	0.641191
1.014000	-0.159842
1.015000	0.018226
1.016000	-0.337728
1.017000	-0.337728
1.018000	-0.070717
1.019000	-0.070717
1.020000	-0.159842
1.021000	0.552248
1.022000	0.730134
1.023000	0.730134
1.024000	0.107169
1.025000	0.374180
1.026000	0.641191
1.027000	0.552248
1.028000	0.819259
1.029000	0.374180
1.030000	1.264160
1.031000	1.531170
1.032000	1.976060
1.033000	2.954980
1.034000	2.687970
1.035000	3.489000
1.036000	3.400060
1.037000	3.400060
1.038000	3.044110
1.039000	3.133050
1.040000	3.044110
1.041000	4.467920
1.042000	3.933900
1.043000	3.844960
1.044000	4.467920
1.045000	4.290040
1.046000	5.090890
1.047000	5.357900
1.048000	4.823880
1.049000	3.310940
1.050000	4.111970
1.051000	4.467920
1.052000	4.200910
1.053000	3.489000
1.054000	3.844960
1.055000	3.133050
1.056000	2.332020
1.057000	3.756010
1.058000	2.687970
1.059000	1.798180
1.060000	2.065010
1.061000	1.531170
1.062000	1.531170
1.063000	1.531170
1.064000	-0.248785
1.065000	-0.515796
1.066000	-0.337728
1.067000	0.285237
1.068000	0.641191
1.069000	-1.316650
1.070000	-1.672600
1.071000	-0.871750
1.072000	-1.939610
1.073000	-1.494710
1.074000	-2.206620
1.075000	-2.384690
1.076000	-0.871750
1.077000	-0.693682
1.078000	-2.295560
1.079000	-2.473630
1.080000	-1.939610
1.081000	-1.227700
1.082000	-1.049640
1.083000	-0.960692
1.084000	-1.939610
1.085000	-0.871750
1.086000	0.196294
1.087000	-0.070717
1.088000	-0.604739
1.089000	-1.138760
1.090000	0.107169
1.091000	2.065010
1.092000	2.599030
1.093000	1.175210
1.094000	0.730134
1.095000	1.976060
1.096000	4.023020
1.097000	3.221990
1.098000	3.489000
1.099000	1.887120
1.100000	2.510080
1.101000	5.001940
1.102000	4.823880
1.103000	3.310940
1.104000	2.332020
1.105000	2.954980
1.106000	4.556860
1.107000	3.400060
1.108000	2.954980
1.109000	2.154130
1.110000	1.887120
1.111000	2.154130
1.112000	1.531170
1.113000	0.908202
1.114000	-0.782807
1.115000	2.599030
1.116000	3.133050
1.117000	-0.159842
1.118000	-1.405770
1.119000	-1.939610
1.120000	-2.651520
1.121000	-0.782807
1.122000	0.374180
1.123000	-2.473630
1.124000	-3.719560
1.125000	-2.829590
1.126000	-3.007650
1.127000	-1.583660
1.128000	-1.939610
1.129000	-3.808500
1.130000	-2.829590
1.131000	-2.473630
1.132000	-3.452550
1.133000	-2.651520
1.134000	-1.761730
1.135000	-2.295560
1.136000	-1.583660
1.137000	-1.227700
1.138000	-2.206620
1.139000	-0.693682
1.140000	0.107169
1.141000	-0.426671
1.142000	-0.070717
1.143000	0.285237
1.144000	-0.604739
1.145000	0.730134
1.146000	2.777100
1.147000	3.310940
1.148000	3.400060
1.149000	1.887120
1.150000	1.976060
1.151000	2.777100
1.152000	3.310940
1.153000	4.290040
1.154000	2.599030
1.155000	2.154130
1.156000	4.023020
1.157000	5.001940
1.158000	4.645990
1.159000	3.756010
1.160000	2.243070
1.161000	3.489000
1.162000	4.823880
1.163000	3.310940
1.164000	3.133050
1.165000	0.552248
1.166000	0.641191
1.167000	1.798180
1.168000	1.442220
1.169000	1.709050
1.170000	1.887120
1.171000	0.374180
1.172000	0.819259
1.173000	0.641191
1.174000	-0.604739
1.175000	-0.871750
1.176000	-0.604739
1.177000	-1.316650
1.178000	-2.295560
1.179000	-3.541490
1.180000	-2.740640
1.181000	-1.583660
1.182000	-2.117680
1.183000	-0.960692
1.184000	-3.185540
1.185000	-3.096600
1.186000	-1.939610
1.187000	-2.384690
1.188000	-1.583660
1.189000	-1.138760
1.190000	-2.295560
1.191000	-4.164460
1.192000	-1.583660
1.193000	0.908202
1.194000	1.175210
1.195000	-0.604739
1.196000	-2.295560
1.197000	-0.693682
1.198000	1.264160
1.199000	1.264160
1.200000	1.353100
1.201000	1.887120
1.202000	2.154130
1.203000	2.866040
1.204000	3.577950
1.205000	2.243070
1.206000	3.667070
1.207000	4.111970
1.208000	2.954980
1.209000	3.933900
1.210000	3.400060
1.211000	2.421140
1.212000	4.023020
1.213000	5.624910
1.214000	3.756010
1.215000	3.489000
1.216000	1.709050
1.217000	1.086090
1.218000	4.023020
1.219000	4.467920
1.220000	3.133050
1.221000	2.510080
1.222000	1.442220
1.223000	2.687970
1.224000	3.489000
1.225000	2.154130
1.226000	0.641191
1.227000	1.798180
1.228000	1.353100
1.229000	0.107169
1.230000	-0.604739
1.231000	-1.850670
1.232000	1.175210
1.233000	1.887120
1.234000	-1.405770
1.235000	-2.740640
1.236000	-1.761730
1.237000	-0.782807
1.238000	-0.337728
1.239000	-1.316650
1.240000	-2.562580
1.241000	-2.829590
1.242000	-1.583660
1.243000	0.107169
1.244000	-0.515796
1.245000	-2.206620
1.246000	-3.185540
1.247000	-4.431470
1.248000	-3.007650
1.249000	-1.761730
1.250000	-1.850670
1.251000	-1.761730
1.252000	-2.384690
1.253000	-2.206620
1.254000	-0.337728
1.255000	0.730134
1.256000	-0.248785
1.257000	-0.693682
1.258000	0.908202
1.259000	1.175210
1.260000	1.620110
1.261000	1.976060
1.262000	2.421140
1.263000	3.933900
1.264000	3.756010
1.265000	2.421140
1.266000	2.866040
1.267000	4.290040
1.268000	5.980860
1.269000	6.069800
1.270000	4.734930
1.271000	3.667070
1.272000	3.844960
1.273000	4.912820
1.274000	6.158750
1.275000	6.603830
1.276000	5.802790
1.277000	5.357900
1.278000	4.823880
1.279000	5.090890
1.280000	6.158750
1.281000	5.001940
1.282000	3.400060
1.283000	3.489000
1.284000	4.111970
1.285000	4.734930
1.286000	4.467920
1.287000	2.510080
1.288000	0.997144
1.289000	2.510080
1.290000	3.400060
1.291000	1.976060
1.292000	0.819259
1.293000	0.908202
1.294000	1.086090
1.295000	2.687970
1.296000	1.175210
1.297000	-0.960692
1.298000	-0.960692
1.299000	0.997144
1.300000	1.709050
1.301000	0.463123
1.302000	-1.138760
1.303000	-0.604739
1.304000	0.730134
1.305000	1.531170
1.306000	1.442220
1.307000	0.908202
1.308000	1.175210
1.309000	2.243070
1.310000	2.243070
1.311000	2.510080
1.312000	3.310940
1.313000	3.400060
1.314000	3.577950
1.315000	4.556860
1.316000	5.268950
1.317000	5.090890
1.318000	5.446840
1.319000	5.090890
1.320000	5.357900
1.321000	6.514880
1.322000	7.226790
1.323000	7.048720
1.324000	6.781710
1.325000	6.959780
1.326000	7.671690
1.327000	8.116770
1.328000	7.671690
1.329000	7.493800
1.330000	7.493800
1.331000	7.493800
1.332000	7.404680
1.333000	6.870840
1.334000	6.247870
1.335000	7.582750
1.336000	7.671690
1.337000	6.247870
1.338000	5.001940
1.339000	4.378980
1.340000	4.823880
1.341000	5.535780
1.342000	4.556860
1.343000	3.400060
1.344000	2.510080
1.345000	2.599030
1.346000	2.599030
1.347000	2.510080
1.348000	2.243070
1.349000	1.798180
1.350000	0.730134
1.351000	0.374180
1.352000	0.374180
1.353000	0.997144
1.354000	1.264160
1.355000	0.107169
1.356000	-0.693682
1.357000	-0.693682
1.358000	0.018226
1.359000	0.908202
1.360000	0.374180
1.361000	-0.426671
1.362000	-0.337728
1.363000	0.374180
1.364000	0.997144
1.365000	1.442220
1.366000	0.819259
1.367000	1.086090
1.368000	2.154130
1.369000	2.154130
1.370000	2.154130
1.371000	2.243070
1.372000	2.332020
1.373000	2.243070
1.374000	3.667070
1.375000	3.133050
1.376000	3.933900
1.377000	3.489000
1.378000	4.200910
1.379000	5.357900
1.380000	5.535780
1.381000	4.556860
1.382000	5.001940
1.383000	5.090890
1.384000	5.090890
1.385000	6.425760
1.386000	5.268950
1.387000	5.446840
1.388000	5.535780
1.389000	5.713850
1.390000	6.158750
1.391000	5.090890
1.392000	3.489000
1.393000	3.756010
1.394000	2.599030
1.395000	4.734930
1.396000	6.336820
1.397000	2.421140
1.398000	3.756010
1.399000	3.221990
1.400000	2.687970
1.401000	1.887120
1.402000	0.730134
1.403000	0.285237
1.404000	5.268950
1.405000	3.756010
1.406000	0.819259
1.407000	0.552248
1.408000	-0.248785
1.409000	0.107169
1.410000	0.107169
1.411000	-2.206620
1.412000	3.044110
1.413000	-3.986570
1.414000	1.353100
1.415000	-3.986570
1.416000	-2.740640
1.417000	-0.159842
1.418000	-2.028550
1.419000	-2.740640
1.420000	-1.494710
1.421000	-2.829590
1.422000	-3.363610
1.423000	-4.164460
1.424000	-3.897450
1.425000	-1.850670
1.426000	1.442220
1.427000	1.442220
1.428000	-13.063900
1.429000	-0.337728
1.430000	-0.604739
1.431000	-9.682200
1.432000	17.372101
1.433000	5.446840
1.434000	-34.422501
1.435000	-10.750100
1.436000	12.833500
1.437000	8.383600
1.438000	-3.986570
1.439000	-0.871750
1.440000	-4.609540
1.441000	20.308901
1.442000	8.383600
1.443000	-11.106000
1.444000	6.514880
1.445000	-14.220800
1.446000	7.315730
1.447000	42.646500
1.448000	-14.309800
1.449000	-3.630620
1.450000	30.988199
1.451000	6.336820
1.452000	-13.330900
1.453000	-12.707900
1.454000	17.194000
1.455000	14.613200
1.456000	16.927000
1.457000	5.357900
1.458000	-13.864900
1.459000	-4.698480
1.460000	-3.897450
1.461000	15.592200
1.462000	16.571100
1.463000	-9.326240
1.464000	-26.769100
1.465000	-0.426671
1.466000	6.158750
1.467000	21.465900
1.468000	-23.654200
1.469000	-11.017100
1.470000	-3.274480
1.471000	2.687970
1.472000	4.912820
1.473000	4.645990
1.474000	-21.696400
1.475000	-12.084900
1.476000	4.912820
1.477000	-3.274480
1.478000	8.650610
1.479000	-11.817900
1.480000	-22.141300
1.481000	-3.986570
1.482000	8.561660
1.483000	11.231400
1.484000	-5.855470
1.485000	-5.677400
1.486000	-4.520410
1.487000	5.535780
1.488000	13.278400
1.489000	6.870840
1.490000	0.908202
1.491000	-3.363610
1.492000	-2.918530
1.493000	2.954980
1.494000	3.400060
1.495000	-2.295560
1.496000	2.510080
1.497000	11.943500
1.498000	8.739730
1.499000	8.205710
1.500000	8.116770
1.501000	1.353100
1.502000	5.802790
1.503000	9.540580
1.504000	7.315730
1.505000	-1.761730
1.506000	-2.206620
1.507000	-2.918530
1.508000	1.353100
1.509000	7.493800
1.510000	2.421140
1.511000	-1.049640
1.512000	3.844960
1.513000	5.802790
1.514000	6.336820
1.515000	4.645990
1.516000	-2.473630
1.517000	-7.457350
1.518000	-7.279280
1.519000	-1.316650
1.520000	1.353100
1.521000	1.976060
1.522000	-1.583660
1.523000	-6.122300
1.524000	-6.923330
1.525000	-1.227700
1.526000	-0.070717
1.527000	-0.515796
1.528000	-1.316650
1.529000	-1.227700
1.530000	2.510080
1.531000	-0.248785
1.532000	-4.698480
1.533000	-6.300360
1.534000	-4.075520
1.535000	-0.604739
1.536000	0.463123
1.537000	1.798180
1.538000	-0.426671
1.539000	-2.206620
1.540000	1.086090
1.541000	3.667070
1.542000	2.599030
1.543000	3.221990
1.544000	3.667070
1.545000	1.531170
1.546000	0.819259
1.547000	1.086090
1.548000	2.065010
1.549000	4.378980
1.550000	5.891920
1.551000	2.687970
1.552000	3.221990
1.553000	2.510080
1.554000	2.954980
1.555000	3.756010
1.556000	6.336820
1.557000	6.514880
1.558000	2.777100
1.559000	-2.206620
1.560000	-0.159842
1.561000	5.980860
1.562000	7.404680
1.563000	4.200910
1.564000	0.908202
1.565000	-3.541490
1.566000	-2.829590
1.567000	0.819259
1.568000	2.866040
1.569000	1.531170
1.570000	-0.515796
1.571000	-1.939610
1.572000	-0.693682
1.573000	-2.206620
1.574000	-0.871750
1.575000	1.353100
1.576000	2.954980
1.577000	0.908202
1.578000	-4.253580
1.579000	-7.012270
1.580000	-3.185540
1.581000	0.285237
1.582000	-0.515796
1.583000	-0.871750
1.584000	-2.295560
1.585000	-1.939610
1.586000	0.819259
1.587000	1.709050
1.588000	-0.337728
1.589000	-0.515796
1.590000	-0.871750
1.591000	-2.473630
1.592000	-1.405770
1.593000	0.463123
1.594000	1.887120
1.595000	1.709050
1.596000	-2.295560
1.597000	-3.541490
1.598000	-0.426671
1.599000	3.577950
1.600000	5.357900
1.601000	2.154130
1.602000	-0.515796
1.603000	1.353100
1.604000	5.001940
1.605000	3.044110
1.606000	-0.782807
1.607000	-1.761730
1.608000	1.976060
1.609000	5.357900
1.610000	3.756010
1.611000	-0.426671
1.612000	-1.405770
1.613000	3.577950
1.614000	7.048720
1.615000	2.866040
1.616000	-0.337728
1.617000	0.552248
1.618000	4.734930
1.619000	4.023020
1.620000	1.264160
1.621000	0.285237
1.622000	7.671690
1.623000	9.273570
1.624000	2.599030
1.625000	-9.059230
1.626000	-13.953800
1.627000	-7.457350
1.628000	-0.248785
1.629000	2.154130
1.630000	-3.185540
1.631000	0.285237
1.632000	1.887120
1.633000	4.023020
1.634000	2.954980
1.635000	-3.363610
1.636000	-8.436270
1.637000	-8.080310
1.638000	-7.546290
1.639000	-8.347140
1.640000	-7.902250
1.641000	-8.436270
1.642000	0.730134
1.643000	5.446840
1.644000	1.620110
1.645000	-2.918530
1.646000	-2.740640
1.647000	3.577950
1.648000	8.027640
1.649000	4.645990
1.650000	-3.808500
1.651000	-6.834390
1.652000	-2.473630
1.653000	0.908202
1.654000	2.777100
1.655000	-2.740640
1.656000	-5.855470
1.657000	2.154130
1.658000	11.587500
1.659000	5.980860
1.660000	3.756010
1.661000	7.048720
1.662000	10.430600
1.663000	10.697600
1.664000	6.158750
1.665000	-2.206620
1.666000	-2.295560
1.667000	1.264160
1.668000	2.332020
1.669000	2.510080
1.670000	-0.693682
1.671000	-0.070717
1.672000	1.620110
1.673000	12.299500
1.674000	9.807590
1.675000	2.154130
1.676000	-0.159842
1.677000	2.332020
1.678000	0.908202
1.679000	-0.871750
1.680000	-1.939610
1.681000	-4.075520
1.682000	-3.719560
1.683000	-6.033350
1.684000	-3.986570
1.685000	-4.520410
1.686000	-0.782807
1.687000	1.620110
1.688000	1.620110
1.689000	-0.871750
1.690000	-2.473630
1.691000	-0.693682
1.692000	-1.850670
1.693000	-3.185540
1.694000	-4.965490
1.695000	-4.253580
1.696000	-4.075520
1.697000	-3.808500
1.698000	-3.986570
1.699000	-1.138760
1.700000	-0.515796
1.701000	-1.494710
1.702000	-2.028550
1.703000	-1.494710
1.704000	2.687970
1.705000	4.823880
1.706000	2.599030
1.707000	1.442220
1.708000	2.421140
1.709000	1.353100
1.710000	-0.248785
1.711000	-3.719560
1.712000	-1.227700
1.713000	4.556860
1.714000	6.781710
1.715000	5.535780
1.716000	2.687970
1.717000	3.221990
1.718000	7.226790
1.719000	11.587500
1.720000	7.938700
1.721000	4.378980
1.722000	2.599030
1.723000	2.777100
1.724000	5.357900
1.725000	2.954980
1.726000	-1.672600
1.727000	-0.515796
1.728000	4.290040
1.729000	5.624910
1.730000	4.378980
1.731000	0.018226
1.732000	2.332020
1.733000	6.247870
1.734000	5.090890
1.735000	0.463123
1.736000	-2.918530
1.737000	-3.541490
1.738000	-2.829590
1.739000	-1.672600
1.740000	-4.253580
1.741000	-3.452550
1.742000	0.196294
1.743000	0.196294
1.744000	-3.452550
1.745000	-4.253580
1.746000	-3.986570
1.747000	-0.782807
1.748000	0.908202
1.749000	-4.075520
1.750000	-5.232500
1.751000	-2.028550
1.752000	0.552248
1.753000	-1.405770
1.754000	-5.766340
1.755000	-6.567370
1.756000	-1.494710
1.757000	3.667070
1.758000	1.353100
1.759000	-2.295560
1.760000	-4.609540
1.761000	0.374180
1.762000	5.357900
1.763000	2.954980
1.764000	-3.541490
1.765000	-0.159842
1.766000	2.687970
1.767000	6.247870
1.768000	5.446840
1.769000	-0.960692
1.770000	-0.515796
1.771000	4.023020
1.772000	6.603830
1.773000	5.802790
1.774000	1.353100
1.775000	-1.583660
1.776000	3.577950
1.777000	8.917620
1.778000	7.582750
1.779000	2.510080
1.780000	0.018226
1.781000	2.599030
1.782000	7.137850
1.783000	4.023020
1.784000	-1.939610
1.785000	-0.960692
1.786000	1.887120
1.787000	5.446840
1.788000	3.667070
1.789000	-1.761730
1.790000	-2.117680
1.791000	2.599030
1.792000	4.467920
1.793000	1.976060
1.794000	-3.274480
1.795000	-4.876370
1.796000	-2.117680
1.797000	0.552248
1.798000	-1.049640
1.799000	-5.677400
1.800000	-7.012270
1.801000	-3.096600
1.802000	0.285237
1.803000	-0.159842
1.804000	-4.520410
1.805000	-4.787420
1.806000	0.285237
1.807000	0.819259
1.808000	-3.897450
1.809000	-7.546290
1.810000	-6.389310
1.811000	-1.316650
1.812000	0.552248
1.813000	-1.583660
1.814000	-4.698480
1.815000	-4.787420
1.816000	-1.316650
1.817000	1.887120
1.818000	1.798180
1.819000	0.374180
1.820000	1.531170
1.821000	3.221990
1.822000	2.777100
1.823000	0.730134
1.824000	-0.782807
1.825000	1.175210
1.826000	3.310940
1.827000	1.620110
1.828000	-0.337728
1.829000	0.908202
1.830000	4.378980
1.831000	6.514880
1.832000	5.713850
1.833000	2.332020
1.834000	1.887120
1.835000	3.310940
1.836000	3.577950
1.837000	4.556860
1.838000	3.667070
1.839000	3.844960
1.840000	5.535780
1.841000	2.421140
1.842000	-0.337728
1.843000	0.107169
1.844000	0.196294
1.845000	1.620110
1.846000	1.976060
1.847000	-0.693682
1.848000	0.463123
1.849000	1.264160
1.850000	1.353100
1.851000	2.510080
1.852000	0.552248
1.853000	-1.049640
1.854000	-0.337728
1.855000	-0.159842
1.856000	-1.761730
1.857000	-3.719560
1.858000	-3.452550
1.859000	-4.342530
1.860000	-3.719560
1.861000	-3.719560
1.862000	-3.630620
1.863000	-1.939610
1.864000	-0.248785
1.865000	0.196294
1.866000	-0.426671
1.867000	-1.316650
1.868000	-1.761730
1.869000	-2.473630
1.870000	-3.185540
1.871000	-3.630620
1.872000	-3.897450
1.873000	-3.007650
1.874000	-1.583660
1.875000	-1.672600
1.876000	-0.426671
1.877000	2.421140
1.878000	3.577950
1.879000	3.489000
1.880000	2.065010
1.881000	0.819259
1.882000	1.531170
1.883000	2.687970
1.884000	3.221990
1.885000	3.489000
1.886000	1.709050
1.887000	1.264160
1.888000	2.599030
1.889000	2.866040
1.890000	4.378980
1.891000	4.290040
1.892000	4.200910
1.893000	4.823880
1.894000	4.912820
1.895000	3.756010
1.896000	4.290040
1.897000	4.290040
1.898000	3.933900
1.899000	5.090890
1.900000	3.933900
1.901000	3.489000
1.902000	4.556860
1.903000	2.243070
1.904000	-0.515796
1.905000	-2.651520
1.906000	-3.363610
1.907000	-1.049640
1.908000	0.374180
1.909000	-0.693682
1.910000	1.264160
1.911000	2.954980
1.912000	2.065010
1.913000	-0.426671
1.914000	-3.897450
1.915000	-5.499330
1.916000	-2.384690
1.917000	-4.876370
1.918000	-3.541490
1.919000	-0.693682
1.920000	-1.761730
1.921000	-54.179199
1.922000	-182.242004
1.923000	-182.242004
1.924000	-123.417000
1.925000	55.372601
1.926000	50.655899
1.927000	83.138802
1.928000	69.611702
1.929000	-36.558399
1.930000	-68.863297
1.931000	-7.279280
1.932000	-5.410390
1.933000	16.660200
1.934000	11.676500
1.935000	-43.054901
1.936000	-12.084900
1.937000	19.062901
1.938000	-8.703280
1.939000	-43.944901
1.940000	0.107169
1.941000	16.660200
1.942000	-10.127100
1.943000	-10.928100
1.944000	1.264160
1.945000	4.823880
1.946000	1.620110
1.947000	1.086090
1.948000	-5.499330
1.949000	1.798180
1.950000	10.341600
1.951000	10.519500
1.952000	7.137850
1.953000	5.713850
1.954000	5.802790
1.955000	7.404680
1.956000	6.959780
1.957000	3.933900
1.958000	-0.693682
1.959000	0.908202
1.960000	0.997144
1.961000	5.179830
1.962000	14.168300
1.963000	12.121400
1.964000	5.713850
1.965000	6.069800
1.966000	4.734930
1.967000	-0.159842
1.968000	1.264160
1.969000	5.090890
1.970000	3.044110
1.971000	-1.316650
1.972000	-8.525210
1.973000	-10.038200
1.974000	-4.075520
1.975000	0.107169
1.976000	3.133050
1.977000	1.887120
1.978000	0.018226
1.979000	-4.253580
1.980000	-4.164460
1.981000	-4.253580
1.982000	-4.164460
1.983000	-2.473630
1.984000	-7.902250
1.985000	-10.127100
1.986000	-7.012270
1.987000	-4.520410
1.988000	-2.740640
1.989000	-5.143380
1.990000	-7.991190
1.991000	-5.944410
1.992000	-3.808500
1.993000	-0.960692
1.994000	2.866040
1.995000	2.954980
1.996000	0.107169
1.997000	-4.876370
1.998000	-6.834390
1.999000	-3.363610
2.000000	0.997144
2.001000	3.044110
2.002000	3.400060
2.003000	1.264160
2.004000	0.285237
2.005000	2.687970
2.006000	7.048720
2.007000	8.828670
2.008000	8.383600
2.009000	5.891920
2.010000	4.912820
2.011000	5.446840
2.012000	5.446840
2.013000	5.001940
2.014000	4.023020
2.015000	2.510080
2.016000	3.221990
2.017000	6.158750
2.018000	8.561660
2.019000	9.807590
2.020000	9.362700
2.021000	7.315730
2.022000	4.023020
2.023000	3.756010
2.024000	4.290040
2.025000	4.823880
2.026000	4.378980
2.027000	0.997144
2.028000	-2.384690
2.029000	-2.651520
2.030000	0.107169
2.031000	-0.248785
2.032000	-2.473630
2.033000	-2.740640
2.034000	0.908202
2.035000	1.887120
2.036000	-0.159842
2.037000	-3.897450
2.038000	-6.745260
2.039000	-5.944410
2.040000	-3.630620
2.041000	-4.787420
2.042000	-5.499330
2.043000	-5.499330
2.044000	-5.588460
2.045000	-4.431470
2.046000	-5.410390
2.047000	-3.719560
2.048000	-1.316650
2.049000	-1.939610
2.050000	-3.363610
2.051000	-3.452550
2.052000	-1.583660
2.053000	-0.426671
2.054000	0.196294
2.055000	0.285237
2.056000	-0.604739
2.057000	-1.227700
2.058000	0.997144
2.059000	4.467920
2.060000	5.624910
2.061000	2.510080
2.062000	-0.070717
2.063000	0.196294
2.064000	3.221990
2.065000	7.226790
2.066000	8.027640
2.067000	6.603830
2.068000	5.001940
2.069000	4.290040
2.070000	6.069800
2.071000	6.959780
2.072000	5.535780
2.073000	5.090890
2.074000	5.001940
2.075000	4.823880
2.076000	4.378980
2.077000	2.243070
2.078000	2.421140
2.079000	5.001940
2.080000	5.624910
2.081000	0.997144
2.082000	-0.248785
2.083000	1.976060
2.084000	3.667070
2.085000	3.221990
2.086000	1.353100
2.087000	-0.871750
2.088000	-1.583660
2.089000	-1.761730
2.090000	-1.227700
2.091000	-2.117680
2.092000	-4.164460
2.093000	-3.363610
2.094000	-2.829590
2.095000	-3.630620
2.096000	-3.185540
2.097000	-2.206620
2.098000	-0.426671
2.099000	0.552248
2.100000	-3.452550
2.101000	-7.457350
2.102000	-6.033350
2.103000	-2.384690
2.104000	-1.939610
2.105000	-4.164460
2.106000	-6.656320
2.107000	-6.122300
2.108000	-1.316650
2.109000	1.175210
2.110000	-0.337728
2.111000	-1.405770
2.112000	-0.070717
2.113000	2.243070
2.114000	2.866040
2.115000	2.154130
2.116000	1.887120
2.117000	1.887120
2.118000	3.044110
2.119000	2.687970
2.120000	1.709050
2.121000	3.489000
2.122000	3.400060
2.123000	4.734930
2.124000	5.446840
2.125000	5.090890
2.126000	6.692770
2.127000	7.226790
2.128000	5.446840
2.129000	4.111970
2.130000	4.467920
2.131000	3.133050
2.132000	4.378980
2.133000	5.357900
2.134000	3.400060
2.135000	2.065010
2.136000	1.264160
2.137000	1.353100
2.138000	1.264160
2.139000	0.908202
2.140000	0.463123
2.141000	-0.693682
2.142000	-1.049640
2.143000	-0.159842
2.144000	-0.337728
2.145000	-0.960692
2.146000	-1.761730
2.147000	-4.075520
2.148000	-5.054430
2.149000	-4.431470
2.150000	-4.431470
2.151000	-3.719560
2.152000	-2.651520
2.153000	-3.452550
2.154000	-3.363610
2.155000	-3.719560
2.156000	-4.787420
2.157000	-4.075520
2.158000	-1.049640
2.159000	-0.693682
2.160000	-2.651520
2.161000	-4.075520
2.162000	-4.253580
2.163000	-2.473630
2.164000	-0.159842
2.165000	1.175210
2.166000	-0.515796
2.167000	-1.227700
2.168000	1.531170
2.169000	3.756010
2.170000	3.933900
2.171000	2.332020
2.172000	1.175210
2.173000	0.730134
2.174000	1.442220
2.175000	1.709050
2.176000	1.798180
2.177000	2.421140
2.178000	3.577950
2.179000	4.200910
2.180000	3.489000
2.181000	3.933900
2.182000	5.090890
2.183000	3.756010
2.184000	2.421140
2.185000	2.687970
2.186000	2.332020
2.187000	1.086090
2.188000	1.620110
2.189000	2.866040
2.190000	2.332020
2.191000	0.374180
2.192000	-0.337728
2.193000	1.175210
2.194000	1.976060
2.195000	1.353100
2.196000	-0.604739
2.197000	-0.693682
2.198000	0.730134
2.199000	1.798180
2.200000	0.641191
2.201000	-1.672600
2.202000	-2.740640
2.203000	-3.452550
2.204000	-3.007650
2.205000	-1.138760
2.206000	-1.316650
2.207000	-3.007650
2.208000	-2.206620
2.209000	-1.227700
2.210000	-0.515796
2.211000	-0.693682
2.212000	-0.604739
2.213000	-0.159842
2.214000	-0.159842
2.215000	-2.295560
2.216000	-3.897450
2.217000	-1.850670
2.218000	0.374180
2.219000	0.018226
2.220000	-1.316650
2.221000	-1.138760
2.222000	0.463123
2.223000	2.954980
2.224000	3.221990
2.225000	1.976060
2.226000	0.908202
2.227000	0.730134
2.228000	1.175210
2.229000	1.976060
2.230000	2.332020
2.231000	2.687970
2.232000	3.489000
2.233000	3.221990
2.234000	3.221990
2.235000	3.133050
2.236000	3.310940
2.237000	4.467920
2.238000	4.734930
2.239000	2.954980
2.240000	2.065010
2.241000	3.400060
2.242000	4.378980
2.243000	4.912820
2.244000	3.933900
2.245000	1.976060
2.246000	2.243070
2.247000	3.221990
2.248000	3.310940
2.249000	1.887120
2.250000	0.997144
2.251000	0.196294
2.252000	0.997144
2.253000	2.065010
2.254000	1.442220
2.255000	0.463123
2.256000	0.730134
2.257000	0.819259
2.258000	-0.159842
2.259000	-1.405770
2.260000	-2.028550
2.261000	-1.494710
2.262000	-0.248785
2.263000	-0.960692
2.264000	-2.918530
2.265000	-1.939610
2.266000	-0.782807
2.267000	-0.871750
2.268000	-1.672600
2.269000	-2.562580
2.270000	-2.206620
2.271000	-1.405770
2.272000	-1.227700
2.273000	-1.049640
2.274000	-1.405770
2.275000	-0.871750
2.276000	-0.693682
2.277000	-0.871750
2.278000	-0.337728
2.279000	0.374180
2.280000	0.730134
2.281000	1.175210
2.282000	1.976060
2.283000	1.442220
2.284000	1.976060
2.285000	3.756010
2.286000	3.310940
2.287000	2.332020
2.288000	2.243070
2.289000	2.777100
2.290000	3.756010
2.291000	3.756010
2.292000	2.866040
2.293000	2.687970
2.294000	3.310940
2.295000	3.844960
2.296000	4.645990
2.297000	3.577950
2.298000	3.310940
2.299000	2.954980
2.300000	2.065010
2.301000	2.332020
2.302000	2.510080
2.303000	1.709050
2.304000	0.285237
2.305000	0.374180
2.306000	0.107169
2.307000	0.107169
2.308000	-0.337728
2.309000	-1.227700
2.310000	-1.138760
2.311000	-0.693682
2.312000	-1.138760
2.313000	-2.473630
2.314000	-2.740640
2.315000	-2.562580
2.316000	-2.918530
2.317000	-3.541490
2.318000	-3.630620
2.319000	-3.363610
2.320000	-3.363610
2.321000	-2.829590
2.322000	-3.274480
2.323000	-3.541490
2.324000	-3.363610
2.325000	-2.028550
2.326000	-1.227700
2.327000	-1.227700
2.328000	-1.672600
2.329000	-1.761730
2.330000	-0.515796
2.331000	0.374180
2.332000	-0.515796
2.333000	-0.960692
2.334000	0.374180
2.335000	1.264160
2.336000	1.620110
2.337000	1.442220
2.338000	1.620110
2.339000	3.044110
2.340000	3.933900
2.341000	3.400060
2.342000	2.421140
2.343000	2.866040
2.344000	3.489000
2.345000	3.933900
2.346000	3.310940
2.347000	2.599030
2.348000	2.687970
2.349000	3.667070
2.350000	4.378980
2.351000	3.844960
2.352000	2.954980
2.353000	2.421140
2.354000	2.421140
2.355000	1.620110
2.356000	1.353100
2.357000	0.997144
2.358000	1.175210
2.359000	1.086090
2.360000	0.107169
2.361000	-0.604739
2.362000	-0.337728
2.363000	-0.070717
2.364000	-0.693682
2.365000	-1.405770
2.366000	-2.295560
2.367000	-2.028550
2.368000	-1.494710
2.369000	-1.761730
2.370000	-2.829590
2.371000	-3.363610
2.372000	-3.719560
2.373000	-3.096600
2.374000	-2.028550
2.375000	-2.028550
2.376000	-12.263000
2.377000	-15.021900
2.378000	1.620110
2.379000	12.121400
2.380000	13.545400
2.381000	-21.251301
2.382000	-33.532600
2.383000	-8.347140
2.384000	1.353100
2.385000	4.823880
2.386000	-0.604739
2.387000	1.264160
2.388000	14.702200
2.389000	0.107169
2.390000	-5.499330
2.391000	5.001940
2.392000	0.641191
2.393000	9.718650
2.394000	8.205710
2.395000	-2.651520
2.396000	-4.342530
2.397000	-0.693682
2.398000	7.493800
2.399000	10.608400
2.400000	4.467920
2.401000	1.620110
2.402000	-1.049640
2.403000	0.196294
2.404000	7.849760
2.405000	5.802790
2.406000	1.620110
2.407000	5.179830
2.408000	3.667070
2.409000	1.531170
2.410000	2.154130
2.411000	4.290040
2.412000	3.400060
2.413000	-0.960692
2.414000	-6.033350
2.415000	14.257300
2.416000	-20.450500
2.417000	-3.541490
2.418000	6.514880
2.419000	-12.707900
2.420000	8.739730
2.421000	-16.801600
2.422000	-3.897450
2.423000	5.535780
2.424000	-1.583660
2.425000	8.027640
2.426000	18.618000
2.427000	11.587500
2.428000	-0.248785
2.429000	-22.675301
2.430000	-26.413099
2.431000	-0.515796
2.432000	15.325100
2.433000	-9.593070
2.434000	-8.258200
2.435000	13.812400
2.436000	1.620110
2.437000	-4.253580
2.438000	-2.829590
2.439000	-11.729000
2.440000	3.489000
2.441000	0.641191
2.442000	-10.839000
2.443000	1.531170
2.444000	9.985660
2.445000	-1.049640
2.446000	-6.389310
2.447000	-1.316650
2.448000	-2.384690
2.449000	0.107169
2.450000	15.058300
2.451000	4.111970
2.452000	-5.855470
2.453000	1.264160
2.454000	-1.049640
2.455000	2.687970
2.456000	6.959780
2.457000	7.849760
2.458000	4.645990
2.459000	2.687970
2.460000	2.421140
2.461000	5.179830
2.462000	4.467920
2.463000	-1.405770
2.464000	-0.337728
2.465000	-0.515796
2.466000	4.645990
2.467000	5.001940
2.468000	4.645990
2.469000	0.374180
2.470000	-2.384690
2.471000	-2.295560
2.472000	1.531170
2.473000	6.158750
2.474000	5.090890
2.475000	8.650610
2.476000	-8.347140
2.477000	9.362700
2.478000	-17.068600
2.479000	-23.654200
2.480000	-20.984301
2.481000	15.236200
2.482000	6.603830
2.483000	-5.232500
2.484000	-3.897450
2.485000	2.243070
2.486000	-3.007650
2.487000	-1.316650
2.488000	-4.876370
2.489000	-0.871750
2.490000	3.044110
2.491000	-4.164460
2.492000	10.608400
2.493000	3.667070
2.494000	-6.656320
2.495000	-14.754900
2.496000	-2.918530
2.497000	1.531170
2.498000	28.229300
2.499000	10.697600
2.500000	-13.153000
2.501000	-6.923330
2.502000	2.599030
2.503000	7.582750
2.504000	8.650610
2.505000	15.058300
2.506000	1.531170
2.507000	-9.771140
2.508000	-4.520410
2.509000	1.887120
2.510000	7.226790
2.511000	1.620110
2.512000	-2.651520
2.513000	-4.787420
2.514000	0.552248
2.515000	4.823880
2.516000	9.095690
2.517000	6.158750
2.518000	-1.850670
2.519000	-5.588460
2.520000	-0.515796
2.521000	2.954980
2.522000	4.290040
2.523000	0.107169
2.524000	-6.389310
2.525000	-5.054430
2.526000	0.908202
2.527000	5.357900
2.528000	0.908202
2.529000	-1.227700
2.530000	-3.274480
2.531000	-1.138760
2.532000	5.446840
2.533000	6.514880
2.534000	-0.693682
2.535000	-10.127100
2.536000	-11.462000
2.537000	-4.965490
2.538000	0.819259
2.539000	2.065010
2.540000	1.264160
2.541000	-0.960692
2.542000	-4.164460
2.543000	0.285237
2.544000	5.980860
2.545000	3.400060
2.546000	-1.761730
2.547000	-5.054430
2.548000	-5.855470
2.549000	-0.871750
2.550000	4.823880
2.551000	6.603830
2.552000	1.887120
2.553000	-6.389310
2.554000	-8.080310
2.555000	-2.829590
2.556000	6.603830
2.557000	18.173000
2.558000	-10.839000
2.559000	-6.211420
2.560000	-2.028550
2.561000	-11.373000
2.562000	6.425760
2.563000	3.400060
2.564000	8.650610
2.565000	3.933900
2.566000	-6.923330
2.567000	-3.007650
2.568000	13.011400
2.569000	8.116770
2.570000	0.641191
2.571000	-12.440900
2.572000	0.552248
2.573000	0.552248
2.574000	10.519500
2.575000	11.142500
2.576000	0.463123
2.577000	-7.635240
2.578000	-1.405770
2.579000	-0.604739
2.580000	4.378980
2.581000	5.713850
2.582000	-2.295560
2.583000	-10.305200
2.584000	-3.719560
2.585000	6.514880
2.586000	10.074600
2.587000	0.997144
2.588000	-6.389310
2.589000	-4.520410
2.590000	1.442220
2.591000	9.807590
2.592000	6.870840
2.593000	-3.808500
2.594000	-10.661100
2.595000	-5.944410
2.596000	-0.070717
2.597000	9.807590
2.598000	7.849760
2.599000	-1.049640
2.600000	-6.300360
2.601000	-6.567370
2.602000	0.997144
2.603000	6.069800
2.604000	6.781710
2.605000	3.667070
2.606000	-1.850670
2.607000	-3.452550
2.608000	-0.426671
2.609000	2.599030
2.610000	6.514880
2.611000	6.425760
2.612000	0.018226
2.613000	-3.007650
2.614000	-0.426671
2.615000	4.111970
2.616000	6.069800
2.617000	4.823880
2.618000	0.552248
2.619000	-1.761730
2.620000	1.086090
2.621000	6.247870
2.622000	5.713850
2.623000	1.976060
2.624000	-0.604739
2.625000	-1.583660
2.626000	-0.515796
2.627000	2.065010
2.628000	4.912820
2.629000	3.756010
2.630000	0.552248
2.631000	-0.871750
2.632000	0.107169
2.633000	1.798180
2.634000	2.510080
2.635000	-0.604739
2.636000	-2.829590
2.637000	-1.672600
2.638000	1.531170
2.639000	1.709050
2.640000	-0.604739
2.641000	-1.850670
2.642000	-1.672600
2.643000	0.018226
2.644000	0.285237
2.645000	-0.159842
2.646000	-0.070717
2.647000	0.374180
2.648000	0.552248
2.649000	-0.070717
2.650000	-1.405770
2.651000	-1.583660
2.652000	-0.782807
2.653000	-0.337728
2.654000	2.421140
2.655000	3.044110
2.656000	0.018226
2.657000	-1.761730
2.658000	0.018226
2.659000	2.510080
2.660000	3.221990
2.661000	1.620110
2.662000	0.285237
2.663000	-0.159842
2.664000	0.463123
2.665000	1.531170
2.666000	1.887120
2.667000	1.887120
2.668000	1.531170
2.669000	1.531170
2.670000	2.332020
2.671000	2.777100
2.672000	1.620110
2.673000	0.641191
2.674000	0.819259
2.675000	1.887120
2.676000	2.065010
2.677000	0.374180
2.678000	-0.159842
2.679000	0.018226
2.680000	2.599030
2.681000	2.866040
2.682000	0.018226
2.683000	-1.405770
2.684000	-1.049640
2.685000	0.997144
2.686000	3.221990
2.687000	-0.960692
2.688000	-6.389310
2.689000	5.001940
2.690000	6.781710
2.691000	-10.750100
2.692000	-9.504130
2.693000	3.667070
2.694000	4.111970
2.695000	16.304100
2.696000	-2.117680
2.697000	-16.979700
2.698000	-16.712700
2.699000	0.107169
2.700000	7.938700
2.701000	13.990300
2.702000	-3.007650
2.703000	-15.021900
2.704000	-8.347140
2.705000	0.285237
2.706000	5.713850
2.707000	11.320500
2.708000	-2.829590
2.709000	-12.974900
2.710000	-12.707900
2.711000	7.760630
2.712000	5.713850
2.713000	11.231400
2.714000	-1.316650
2.715000	-13.241900
2.716000	-9.504130
2.717000	3.133050
2.718000	15.414300
2.719000	8.472720
2.720000	0.285237
2.721000	-9.148180
2.722000	-6.300360
2.723000	9.095690
2.724000	12.477300
2.725000	-0.070717
2.726000	-2.473630
2.727000	-3.452550
2.728000	1.264160
2.729000	10.519500
2.730000	8.739730
2.731000	-3.274480
2.732000	-7.902250
2.733000	-2.473630
2.734000	9.273570
2.735000	12.655400
2.736000	2.777100
2.737000	-3.452550
2.738000	-4.609540
2.739000	-3.007650
2.740000	1.709050
2.741000	5.090890
2.742000	3.310940
2.743000	-0.693682
2.744000	-3.897450
2.745000	-2.206620
2.746000	0.819259
2.747000	1.976060
2.748000	1.175210
2.749000	-1.405770
2.750000	-2.651520
2.751000	-4.342530
2.752000	-1.672600
2.753000	2.065010
2.754000	5.179830
2.755000	2.065010
2.756000	-4.609540
2.757000	-9.593070
2.758000	-4.965490
2.759000	4.823880
2.760000	9.184630
2.761000	2.332020
2.762000	-4.342530
2.763000	-7.279280
2.764000	-5.677400
2.765000	6.603830
2.766000	7.493800
2.767000	6.425760
2.768000	4.823880
2.769000	-8.258200
2.770000	-4.698480
2.771000	1.442220
2.772000	7.582750
2.773000	7.226790
2.774000	-3.986570
2.775000	-4.520410
2.776000	-3.630620
2.777000	3.221990
2.778000	11.854400
2.779000	10.608400
2.780000	0.107169
2.781000	-5.588460
2.782000	-5.944410
2.783000	2.510080
2.784000	11.053500
2.785000	11.587500
2.786000	1.175210
2.787000	-5.232500
2.788000	-4.164460
2.789000	2.332020
2.790000	6.603830
2.791000	6.336820
2.792000	2.687970
2.793000	-2.740640
2.794000	-2.384690
2.795000	0.552248
2.796000	3.221990
2.797000	2.954980
2.798000	2.421140
2.799000	0.463123
2.800000	0.285237
2.801000	-0.070717
2.802000	-0.248785
2.803000	-1.316650
2.804000	1.086090
2.805000	1.620110
2.806000	-1.049640
2.807000	-2.028550
2.808000	1.086090
2.809000	1.887120
2.810000	0.107169
2.811000	-3.808500
2.812000	-4.431470
2.813000	0.463123
2.814000	5.268950
2.815000	3.400060
2.816000	-2.740640
2.817000	-5.232500
2.818000	-1.672600
2.819000	4.111970
2.820000	5.001940
2.821000	1.264160
2.822000	-3.541490
2.823000	-4.520410
2.824000	-2.740640
2.825000	0.819259
2.826000	2.421140
2.827000	3.310940
2.828000	1.620110
2.829000	-2.740640
2.830000	-4.876370
2.831000	-2.740640
2.832000	5.357900
2.833000	9.807590
2.834000	5.535780
2.835000	-2.473630
2.836000	-7.813300
2.837000	-4.164460
2.838000	5.268950
2.839000	9.985660
2.840000	3.489000
2.841000	-4.965490
2.842000	-3.719560
2.843000	2.687970
2.844000	5.090890
2.845000	3.044110
2.846000	2.243070
2.847000	2.332020
2.848000	1.709050
2.849000	-0.426671
2.850000	-0.871750
2.851000	6.247870
2.852000	10.697600
2.853000	1.175210
2.854000	-9.415190
2.855000	-7.457350
2.856000	0.997144
2.857000	9.718650
2.858000	7.849760
2.859000	-2.473630
2.860000	-10.127100
2.861000	-3.719560
2.862000	6.959780
2.863000	17.194000
2.864000	0.641191
2.865000	-11.907000
2.866000	-8.614150
2.867000	2.154130
2.868000	10.074600
2.869000	5.179830
2.870000	-6.300360
2.871000	-11.907000
2.872000	-3.719560
2.873000	0.997144
2.874000	6.781710
2.875000	0.908202
2.876000	-7.101400
2.877000	-4.698480
2.878000	2.421140
2.879000	6.603830
2.880000	2.777100
2.881000	-6.745260
2.882000	-9.237120
2.883000	-3.274480
2.884000	6.158750
2.885000	5.891920
2.886000	-2.651520
2.887000	-5.855470
2.888000	-2.384690
2.889000	2.154130
2.890000	3.221990
2.891000	2.777100
2.892000	2.599030
2.893000	2.599030
2.894000	0.285237
2.895000	-2.473630
2.896000	-1.227700
2.897000	4.111970
2.898000	6.959780
2.899000	0.997144
2.900000	-5.232500
2.901000	-4.520410
2.902000	1.353100
2.903000	6.781710
2.904000	7.849760
2.905000	2.866040
2.906000	-1.939610
2.907000	-1.850670
2.908000	1.353100
2.909000	6.247870
2.910000	5.179830
2.911000	0.107169
2.912000	-3.808500
2.913000	-6.033350
2.914000	-3.274480
2.915000	2.421140
2.916000	5.090890
2.917000	3.310940
2.918000	-1.761730
2.919000	-4.075520
2.920000	0.374180
2.921000	5.001940
2.922000	3.489000
2.923000	-0.159842
2.924000	-3.185540
2.925000	-3.719560
2.926000	-2.384690
2.927000	-0.248785
2.928000	2.687970
2.929000	1.264160
2.930000	-3.808500
2.931000	-5.410390
2.932000	-1.316650
2.933000	5.357900
2.934000	7.137850
2.935000	1.798180
2.936000	-3.274480
2.937000	-2.295560
2.938000	2.065010
2.939000	2.687970
2.940000	0.463123
2.941000	-1.850670
2.942000	-1.850670
2.943000	0.107169
2.944000	-0.337728
2.945000	-0.248785
2.946000	2.243070
2.947000	3.133050
2.948000	2.421140
2.949000	2.866040
2.950000	2.599030
2.951000	1.264160
2.952000	2.065010
2.953000	1.709050
2.954000	0.196294
2.955000	-2.117680
2.956000	-2.384690
2.957000	1.353100
2.958000	5.357900
2.959000	3.933900
2.960000	-2.028550
2.961000	-5.054430
2.962000	0.641191
2.963000	9.006560
2.964000	11.142500
2.965000	4.734930
2.966000	-6.389310
2.967000	-8.970110
2.968000	-0.871750
2.969000	9.006560
2.970000	8.739730
2.971000	-0.159842
2.972000	-7.902250
2.973000	-6.656320
2.974000	1.798180
2.975000	10.697600
2.976000	7.938700
2.977000	0.107169
2.978000	-4.698480
2.979000	-3.007650
2.980000	3.577950
2.981000	6.870840
2.982000	4.290040
2.983000	-0.426671
2.984000	-3.096600
2.985000	-1.138760
2.986000	-0.337728
2.987000	-2.206620
2.988000	-1.672600
2.989000	1.976060
2.990000	3.756010
2.991000	1.798180
2.992000	-0.693682
2.993000	-0.515796
2.994000	1.887120
2.995000	3.133050
2.996000	0.908202
2.997000	-1.494710
2.998000	-1.405770
2.999000	0.374180
3.000000	0.018226
3.001000	-2.206620
3.002000	-3.541490
3.003000	-2.117680
3.004000	0.374180
3.005000	3.133050
3.006000	3.933900
3.007000	1.887120
3.008000	-0.871750
3.009000	-1.138760
3.010000	2.421140
3.011000	5.891920
3.012000	3.221990
3.013000	-3.452550
3.014000	-7.368230
3.015000	-3.274480
3.016000	4.023020
3.017000	7.315730
3.018000	2.154130
3.019000	-4.965490
3.020000	-6.033350
3.021000	0.285237
3.022000	9.896540
3.023000	12.566500
3.024000	6.781710
3.025000	-2.473630
3.026000	-6.211420
3.027000	-2.829590
3.028000	3.400060
3.029000	5.980860
3.030000	1.175210
3.031000	-5.321450
3.032000	-6.211420
3.033000	-0.604739
3.034000	5.713850
3.035000	6.514880
3.036000	3.310940
3.037000	-0.337728
3.038000	-0.604739
3.039000	1.353100
3.040000	2.777100
3.041000	1.798180
3.042000	-1.672600
3.043000	-4.431470
3.044000	-5.054430
3.045000	-3.897450
3.046000	-1.761730
3.047000	0.552248
3.048000	2.599030
3.049000	3.221990
3.050000	0.552248
3.051000	-3.096600
3.052000	-2.740640
3.053000	2.065010
3.054000	4.912820
3.055000	1.798180
3.056000	-3.986570
3.057000	-6.211420
3.058000	-2.829590
3.059000	1.709050
3.060000	1.086090
3.061000	-2.651520
3.062000	-4.075520
3.063000	0.107169
3.064000	5.535780
3.065000	6.158750
3.066000	1.531170
3.067000	-2.384690
3.068000	-2.206620
3.069000	2.332020
3.070000	4.556860
3.071000	2.065010
3.072000	-1.939610
3.073000	-3.007650
3.074000	-0.248785
3.075000	3.221990
3.076000	5.090890
3.077000	1.620110
3.078000	-1.227700
3.079000	-0.515796
3.080000	2.510080
3.081000	4.912820
3.082000	4.378980
3.083000	1.709050
3.084000	-0.426671
3.085000	-0.604739
3.086000	0.285237
3.087000	0.730134
3.088000	1.798180
3.089000	2.510080
3.090000	1.620110
3.091000	-0.604739
3.092000	-2.651520
3.093000	-1.850670
3.094000	0.908202
3.095000	3.133050
3.096000	3.221990
3.097000	1.264160
3.098000	-0.515796
3.099000	-1.227700
3.100000	0.107169
3.101000	1.175210
3.102000	0.463123
3.103000	-1.049640
3.104000	-2.117680
3.105000	-1.761730
3.106000	-0.871750
3.107000	0.285237
3.108000	0.908202
3.109000	0.196294
3.110000	-0.426671
3.111000	0.285237
3.112000	0.997144
3.113000	0.374180
3.114000	-0.871750
3.115000	-0.871750
3.116000	-0.515796
3.117000	-0.604739
3.118000	-0.426671
3.119000	-0.248785
3.120000	-0.248785
3.121000	0.285237
3.122000	1.976060
3.123000	2.510080
3.124000	1.086090
3.125000	-0.604739
3.126000	-0.693682
3.127000	0.730134
3.128000	2.154130
3.129000	2.510080
3.130000	1.175210
3.131000	0.196294
3.132000	0.196294
3.133000	0.908202
3.134000	1.798180
3.135000	2.243070
3.136000	2.065010
3.137000	2.332020
3.138000	2.243070
3.139000	1.798180
3.140000	0.730134
3.141000	0.285237
3.142000	0.819259
3.143000	1.887120
3.144000	2.510080
3.145000	1.620110
3.146000	0.285237
3.147000	0.107169
3.148000	1.353100
3.149000	2.687970
3.150000	2.421140
3.151000	0.374180
3.152000	-0.960692
3.153000	-0.515796
3.154000	1.620110
3.155000	2.243070
3.156000	0.285237
3.157000	-1.672600
3.158000	-2.117680
3.159000	-0.871750
3.160000	0.819259
3.161000	1.620110
3.162000	1.264160
3.163000	0.107169
3.164000	-0.515796
3.165000	-0.337728
3.166000	0.285237
3.167000	0.819259
3.168000	0.908202
3.169000	-0.070717
3.170000	-1.316650
3.171000	-1.316650
3.172000	-0.248785
3.173000	0.997144
3.174000	1.175210
3.175000	0.374180
3.176000	-0.159842
3.177000	0.374180
3.178000	1.175210
3.179000	1.887120
3.180000	2.065010
3.181000	1.442220
3.182000	0.196294
3.183000	-0.248785
3.184000	0.463123
3.185000	1.620110
3.186000	2.243070
3.187000	1.620110
3.188000	0.107169
3.189000	-0.248785
3.190000	0.730134
3.191000	2.332020
3.192000	2.954980
3.193000	1.887120
3.194000	1.086090
3.195000	1.442220
3.196000	2.332020
3.197000	2.332020
3.198000	0.997144
3.199000	-0.337728
3.200000	-0.515796
3.201000	0.463123
3.202000	1.264160
3.203000	1.086090
3.204000	0.374180
3.205000	-0.337728
3.206000	-0.159842
3.207000	0.730134
3.208000	1.709050
3.209000	1.620110
3.210000	1.086090
3.211000	0.196294
3.212000	-0.070717
3.213000	-0.159842
3.214000	-0.159842
3.215000	-0.515796
3.216000	-0.871750
3.217000	-0.782807
3.218000	-0.426671
3.219000	-0.782807
3.220000	-0.871750
3.221000	0.285237
3.222000	1.264160
3.223000	1.353100
3.224000	0.285237
3.225000	-0.604739
3.226000	0.107169
3.227000	1.175210
3.228000	0.908202
3.229000	-0.782807
3.230000	-2.206620
3.231000	-2.028550
3.232000	-0.515796
3.233000	0.730134
3.234000	1.175210
3.235000	1.264160
3.236000	1.531170
3.237000	1.531170
3.238000	1.709050
3.239000	1.353100
3.240000	1.175210
3.241000	1.264160
3.242000	0.908202
3.243000	0.107169
3.244000	-0.248785
3.245000	0.107169
3.246000	0.285237
3.247000	0.374180
3.248000	0.641191
3.249000	1.353100
3.250000	1.976060
3.251000	2.332020
3.252000	2.065010
3.253000	1.531170
3.254000	1.086090
3.255000	0.641191
3.256000	0.285237
3.257000	0.018226
3.258000	-0.070717
3.259000	0.285237
3.260000	0.819259
3.261000	0.463123
3.262000	-0.070717
3.263000	-0.248785
3.264000	-0.070717
3.265000	0.285237
3.266000	0.552248
3.267000	1.086090
3.268000	1.442220
3.269000	0.730134
3.270000	-0.248785
3.271000	-1.227700
3.272000	-1.049640
3.273000	0.018226
3.274000	0.552248
3.275000	-0.337728
3.276000	-1.227700
3.277000	-1.227700
3.278000	-0.693682
3.279000	-0.159842
3.280000	0.285237
3.281000	0.285237
3.282000	0.374180
3.283000	0.997144
3.284000	1.264160
3.285000	1.264160
3.286000	0.730134
3.287000	0.730134
3.288000	0.463123
3.289000	0.107169
3.290000	-0.693682
3.291000	0.107169
3.292000	0.908202
3.293000	1.175210
3.294000	0.819259
3.295000	0.552248
3.296000	0.997144
3.297000	1.798180
3.298000	2.510080
3.299000	2.599030
3.300000	2.687970
3.301000	2.332020
3.302000	1.887120
3.303000	1.175210
3.304000	0.374180
3.305000	0.018226
3.306000	0.552248
3.307000	0.819259
3.308000	0.819259
3.309000	0.730134
3.310000	0.641191
3.311000	0.908202
3.312000	1.175210
3.313000	1.620110
3.314000	1.442220
3.315000	1.175210
3.316000	0.819259
3.317000	0.196294
3.318000	-0.515796
3.319000	-0.960692
3.320000	-1.049640
3.321000	-1.049640
3.322000	-1.494710
3.323000	-1.138760
3.324000	-0.159842
3.325000	0.552248
3.326000	0.641191
3.327000	0.196294
3.328000	-0.248785
3.329000	-0.337728
3.330000	-0.070717
3.331000	0.018226
3.332000	-0.515796
3.333000	-0.426671
3.334000	0.107169
3.335000	0.196294
3.336000	-0.159842
3.337000	-0.426671
3.338000	0.018226
3.339000	0.463123
3.340000	1.175210
3.341000	1.442220
3.342000	1.264160
3.343000	0.997144
3.344000	1.086090
3.345000	1.175210
3.346000	1.442220
3.347000	1.709050
3.348000	2.243070
3.349000	2.243070
3.350000	1.887120
3.351000	1.531170
3.352000	1.442220
3.353000	1.798180
3.354000	1.620110
3.355000	1.442220
3.356000	1.353100
3.357000	1.709050
3.358000	1.620110
3.359000	1.442220
3.360000	1.442220
3.361000	1.887120
3.362000	2.065010
3.363000	1.620110
3.364000	1.086090
3.365000	0.730134
3.366000	0.819259
3.367000	0.997144
3.368000	0.285237
3.369000	-0.604739
3.370000	-0.782807
3.371000	-0.248785
3.372000	0.463123
3.373000	0.552248
3.374000	0.196294
3.375000	0.018226
3.376000	0.285237
3.377000	0.196294
3.378000	-0.159842
3.379000	-0.604739
3.380000	-0.515796
3.381000	-0.159842
3.382000	-0.426671
3.383000	-0.871750
3.384000	-0.960692
3.385000	-0.604739
3.386000	-0.426671
3.387000	-0.159842
3.388000	0.107169
3.389000	0.374180
3.390000	0.463123
3.391000	0.463123
3.392000	0.285237
3.393000	0.196294
3.394000	0.285237
3.395000	0.552248
3.396000	0.374180
3.397000	0.285237
3.398000	0.819259
3.399000	1.086090
3.400000	1.353100
3.401000	0.997144
3.402000	0.908202
3.403000	1.086090
3.404000	1.531170
3.405000	1.531170
3.406000	1.442220
3.407000	1.442220
3.408000	1.798180
3.409000	1.887120
3.410000	1.887120
3.411000	1.887120
3.412000	1.798180
3.413000	1.620110
3.414000	1.353100
3.415000	0.908202
3.416000	0.730134
3.417000	0.997144
3.418000	1.086090
3.419000	1.086090
3.420000	0.819259
3.421000	0.908202
3.422000	1.175210
3.423000	1.442220
3.424000	1.086090
3.425000	0.730134
3.426000	0.107169
3.427000	-0.248785
3.428000	-0.337728
3.429000	-0.159842
3.430000	-0.426671
3.431000	-0.693682
3.432000	-1.138760
3.433000	-1.049640
3.434000	-0.604739
3.435000	-0.337728
3.436000	-0.426671
3.437000	-0.515796
3.438000	-0.515796
3.439000	-0.693682
3.440000	-0.604739
3.441000	-0.604739
3.442000	-1.049640
3.443000	-0.960692
3.444000	-0.782807
3.445000	-0.604739
3.446000	-0.515796
3.447000	-0.604739
3.448000	-0.337728
3.449000	-0.070717
3.450000	0.285237
3.451000	0.374180
3.452000	0.552248
3.453000	0.730134
3.454000	1.264160
3.455000	1.353100
3.456000	1.086090
3.457000	0.997144
3.458000	0.997144
3.459000	1.086090
3.460000	1.264160
3.461000	1.264160
3.462000	1.442220
3.463000	1.620110
3.464000	2.154130
3.465000	2.243070
3.466000	1.887120
3.467000	1.798180
3.468000	1.887120
3.469000	1.887120
3.470000	1.976060
3.471000	1.798180
3.472000	1.620110
3.473000	1.442220
3.474000	1.264160
3.475000	1.175210
3.476000	0.997144
3.477000	0.997144
3.478000	0.730134
3.479000	0.374180
3.480000	0.107169
3.481000	0.196294
3.482000	0.196294
3.483000	0.285237
3.484000	0.285237
3.485000	0.196294
3.486000	0.196294
3.487000	0.107169
3.488000	-0.337728
3.489000	-0.782807
3.490000	-0.871750
3.491000	-0.960692
3.492000	-0.960692
3.493000	-1.405770
3.494000	-1.227700
3.495000	-0.871750
3.496000	-0.515796
3.497000	-0.248785
3.498000	-0.248785
3.499000	-0.337728
3.500000	-0.159842
3.501000	0.196294
3.502000	0.107169
3.503000	-0.070717
3.504000	-0.159842
3.505000	-0.248785
3.506000	-0.248785
3.507000	-0.070717
3.508000	0.196294
3.509000	0.552248
3.510000	0.997144
3.511000	1.175210
3.512000	1.531170
3.513000	1.709050
3.514000	1.887120
3.515000	1.976060
3.516000	1.976060
3.517000	1.887120
3.518000	1.887120
3.519000	1.976060
3.520000	1.798180
3.521000	1.709050
3.522000	1.620110
3.523000	1.709050
3.524000	1.976060
3.525000	1.887120
3.526000	1.709050
3.527000	1.887120
3.528000	2.065010
3.529000	2.065010
3.530000	1.798180
3.531000	1.442220
3.532000	1.086090
3.533000	1.086090
3.534000	0.819259
3.535000	0.641191
3.536000	0.463123
3.537000	0.552248
3.538000	0.552248
3.539000	0.463123
3.540000	0.196294
3.541000	-0.159842
3.542000	-0.070717
3.543000	-0.070717
3.544000	-0.159842
3.545000	-0.337728
3.546000	-0.426671
3.547000	-0.693682
3.548000	-0.515796
3.549000	-0.604739
3.550000	-0.337728
3.551000	-0.159842
3.552000	-0.337728
3.553000	-0.871750
3.554000	-1.138760
3.555000	-0.960692
3.556000	-0.515796
3.557000	0.107169
3.558000	0.196294
3.559000	0.018226
3.560000	-0.159842
3.561000	0.107169
3.562000	0.463123
3.563000	0.552248
3.564000	0.819259
3.565000	0.730134
3.566000	0.641191
3.567000	0.730134
3.568000	0.908202
3.569000	1.264160
3.570000	1.709050
3.571000	1.709050
3.572000	1.531170
3.573000	1.264160
3.574000	1.620110
3.575000	2.065010
3.576000	2.243070
3.577000	2.154130
3.578000	1.887120
3.579000	1.620110
3.580000	1.620110
3.581000	1.976060
3.582000	1.887120
3.583000	1.798180
3.584000	1.620110
3.585000	1.620110
3.586000	1.531170
3.587000	1.264160
3.588000	1.175210
3.589000	0.997144
3.590000	0.997144
3.591000	0.819259
3.592000	0.641191
3.593000	0.463123
3.594000	0.285237
3.595000	-0.070717
3.596000	-0.248785
3.597000	-0.337728
3.598000	-0.248785
3.599000	-0.515796
3.600000	-0.604739
3.601000	-0.604739
3.602000	-0.604739
3.603000	-0.604739
3.604000	-0.426671
3.605000	-0.604739
3.606000	-0.782807
3.607000	-0.871750
3.608000	-1.049640
3.609000	-1.049640
3.610000	-0.782807
3.611000	-0.515796
3.612000	-0.337728
3.613000	-0.337728
3.614000	-0.248785
3.615000	-0.070717
3.616000	0.196294
3.617000	0.285237
3.618000	0.107169
3.619000	-0.070717
3.620000	0.196294
3.621000	0.552248
3.622000	0.908202
3.623000	1.086090
3.624000	1.175210
3.625000	1.175210
3.626000	1.175210
3.627000	1.175210
3.628000	1.086090
3.629000	1.175210
3.630000	1.353100
3.631000	1.531170
3.632000	1.442220
3.633000	1.620110
3.634000	1.531170
3.635000	1.709050
3.636000	1.353100
3.637000	1.531170
3.638000	1.264160
3.639000	1.264160
3.640000	1.175210
3.641000	0.997144
3.642000	0.730134
3.643000	0.641191
3.644000	0.730134
3.645000	0.730134
3.646000	0.463123
3.647000	0.552248
3.648000	0.463123
3.649000	0.552248
3.650000	0.552248
3.651000	0.374180
3.652000	0.018226
3.653000	-0.159842
3.654000	-0.248785
3.655000	-0.426671
3.656000	-0.337728
3.657000	-0.426671
3.658000	-0.337728
3.659000	-0.426671
3.660000	-0.515796
3.661000	-0.426671
3.662000	-0.426671
3.663000	-0.070717
3.664000	-0.070717
3.665000	-0.070717
3.666000	-0.248785
3.667000	-0.159842
3.668000	0.018226
3.669000	0.018226
3.670000	0.196294
3.671000	0.107169
3.672000	0.107169
3.673000	0.107169
3.674000	0.018226
3.675000	0.285237
3.676000	0.552248
3.677000	0.997144
3.678000	1.175210
3.679000	1.086090
3.680000	0.997144
3.681000	1.086090
3.682000	1.264160
3.683000	1.264160
3.684000	1.353100
3.685000	1.264160
3.686000	1.264160
3.687000	1.442220
3.688000	1.620110
3.689000	1.620110
3.690000	1.709050
3.691000	1.531170
3.692000	1.442220
3.693000	1.353100
3.694000	1.442220
3.695000	1.620110
3.696000	1.709050
3.697000	1.620110
3.698000	1.531170
3.699000	1.353100
3.700000	1.175210
3.701000	1.086090
3.702000	0.730134
3.703000	0.730134
3.704000	0.641191
3.705000	0.463123
3.706000	0.463123
3.707000	0.285237
3.708000	0.196294
3.709000	0.107169
3.710000	0.107169
3.711000	0.196294
3.712000	0.196294
3.713000	0.107169
3.714000	0.107169
3.715000	-0.159842
3.716000	-0.248785
3.717000	-0.337728
3.718000	-0.337728
3.719000	-0.337728
3.720000	-0.337728
3.721000	-0.426671
3.722000	-0.337728
3.723000	0.018226
3.724000	0.107169
3.725000	0.196294
3.726000	0.196294
3.727000	0.196294
3.728000	0.374180
3.729000	0.463123
3.730000	0.463123
3.731000	0.552248
3.732000	0.730134
3.733000	0.819259
3.734000	0.997144
3.735000	0.997144
3.736000	0.908202
3.737000	1.175210
3.738000	1.175210
3.739000	1.175210
3.740000	1.442220
3.741000	1.353100
3.742000	1.620110
3.743000	1.620110
3.744000	1.620110
3.745000	1.531170
3.746000	1.353100
3.747000	1.353100
3.748000	1.175210
3.749000	1.264160
3.750000	1.264160
3.751000	1.353100
3.752000	1.086090
3.753000	0.997144
3.754000	0.908202
3.755000	0.908202
3.756000	0.908202
3.757000	0.552248
3.758000	0.463123
3.759000	0.196294
3.760000	0.285237
3.761000	0.285237
3.762000	0.285237
3.763000	0.107169
3.764000	-0.070717
3.765000	-0.159842
3.766000	-0.337728
3.767000	-0.248785
3.768000	-0.159842
3.769000	-0.248785
3.770000	-0.159842
3.771000	-0.248785
3.772000	-0.337728
3.773000	-0.248785
3.774000	-0.159842
3.775000	-0.248785
3.776000	-0.337728
3.777000	-0.337728
3.778000	-0.159842
3.779000	0.018226
3.780000	0.107169
3.781000	0.018226
3.782000	0.196294
3.783000	0.463123
3.784000	0.641191
3.785000	0.552248
3.786000	0.641191
3.787000	0.641191
3.788000	0.997144
3.789000	0.819259
3.790000	0.997144
3.791000	0.908202
3.792000	0.819259
3.793000	0.997144
3.794000	1.175210
3.795000	0.997144
3.796000	1.264160
3.797000	1.264160
3.798000	1.264160
3.799000	1.442220
3.800000	1.175210
3.801000	1.175210
3.802000	1.086090
3.803000	1.086090
3.804000	0.819259
3.805000	0.730134
3.806000	0.641191
3.807000	0.819259
3.808000	0.730134
3.809000	0.641191
3.810000	0.374180
3.811000	0.374180
3.812000	0.196294
3.813000	0.196294
3.814000	0.196294
3.815000	0.285237
3.816000	0.374180
3.817000	0.374180
3.818000	0.196294
3.819000	0.107169
3.820000	-0.248785
3.821000	-0.159842
3.822000	-0.248785
3.823000	-0.248785
3.824000	-0.337728
3.825000	-0.337728
3.826000	-0.159842
3.827000	0.018226
3.828000	0.107169
3.829000	-0.070717
3.830000	0.196294
3.831000	0.107169
3.832000	0.107169
3.833000	0.107169
3.834000	0.285237
3.835000	0.374180
3.836000	0.463123
3.837000	0.463123
3.838000	0.463123
3.839000	0.552248
3.840000	0.641191
3.841000	0.730134
3.842000	0.730134
3.843000	0.908202
3.844000	0.997144
3.845000	1.086090
3.846000	1.175210
3.847000	1.264160
3.848000	1.175210
3.849000	1.175210
3.850000	1.264160
3.851000	1.353100
3.852000	1.353100
3.853000	1.175210
3.854000	1.264160
3.855000	1.175210
3.856000	1.264160
3.857000	1.086090
3.858000	1.264160
3.859000	1.086090
3.860000	0.997144
3.861000	1.086090
3.862000	1.175210
3.863000	1.175210
3.864000	0.908202
3.865000	0.819259
3.866000	0.552248
3.867000	0.552248
3.868000	0.641191
3.869000	0.196294
3.870000	0.196294
3.871000	0.196294
3.872000	0.196294
3.873000	0.285237
3.874000	0.018226
3.875000	0.018226
3.876000	-0.070717
3.877000	-0.159842
3.878000	0.107169
3.879000	-0.070717
3.880000	-0.070717
3.881000	0.018226
3.882000	0.107169
3.883000	0.196294
3.884000	0.196294
3.885000	0.196294
3.886000	0.196294
3.887000	0.196294
3.888000	0.196294
3.889000	0.374180
3.890000	0.463123
3.891000	0.730134
3.892000	0.819259
3.893000	0.730134
3.894000	0.908202
3.895000	1.086090
3.896000	0.908202
3.897000	0.908202
3.898000	0.997144
3.899000	1.175210
3.900000	1.353100
3.901000	1.442220
3.902000	1.264160
3.903000	1.353100
3.904000	1.353100
3.905000	1.442220
3.906000	1.086090
3.907000	1.264160
3.908000	1.264160
3.909000	1.175210
3.910000	1.175210
3.911000	1.264160
3.912000	1.086090
3.913000	0.908202
3.914000	0.997144
3.915000	0.908202
3.916000	0.730134
3.917000	0.730134
3.918000	0.730134
3.919000	0.552248
3.920000	0.463123
3.921000	0.285237
3.922000	0.196294
3.923000	0.285237
3.924000	0.285237
3.925000	0.018226
3.926000	-0.070717
3.927000	-0.070717
3.928000	0.018226
3.929000	0.018226
3.930000	-0.248785
3.931000	-0.248785
3.932000	-0.248785
3.933000	-0.159842
3.934000	-0.070717
3.935000	-0.159842
3.936000	0.107169
3.937000	0.018226
3.938000	0.018226
3.939000	-0.070717
3.940000	-0.070717
3.941000	-0.070717
3.942000	0.018226
3.943000	0.018226
3.944000	0.107169
3.945000	0.374180
3.946000	0.552248
3.947000	0.641191
3.948000	0.641191
3.949000	0.552248
3.950000	0.641191
3.951000	0.819259
3.952000	0.819259
3.953000	0.730134
3.954000	0.730134
3.955000	0.908202
3.956000	1.086090
3.957000	1.175210
3.958000	0.997144
3.959000	0.908202
3.960000	0.997144
3.961000	1.086090
3.962000	1.086090
3.963000	0.997144
3.964000	0.997144
3.965000	1.086090
3.966000	1.175210
3.967000	1.086090
3.968000	1.086090
3.969000	0.819259
3.970000	0.730134
3.971000	0.552248
3.972000	0.552248
3.973000	0.552248
3.974000	0.552248
3.975000	0.463123
3.976000	0.285237
3.977000	0.374180
3.978000	0.285237
3.979000	0.285237
3.980000	0.196294
3.981000	-0.070717
3.982000	0.107169
3.983000	0.107169
3.984000	0.107169
3.985000	0.018226
3.986000	-0.159842
3.987000	-0.159842
3.988000	-0.159842
3.989000	-0.070717
3.990000	-0.070717
3.991000	-0.248785
3.992000	-0.159842
3.993000	-0.070717
3.994000	0.018226
3.995000	0.107169
3.996000	0.018226
3.997000	0.018226
3.998000	0.285237
3.999000	0.285237
4.000000	0.463123
4.001000	0.641191
4.002000	0.641191
4.003000	0.552248
4.004000	0.552248
4.005000	0.552248
4.006000	0.730134
4.007000	0.819259
4.008000	0.908202
4.009000	1.086090
4.010000	1.086090
4.011000	1.442220
4.012000	1.264160
4.013000	1.531170
4.014000	1.353100
4.015000	1.264160
4.016000	1.353100
4.017000	1.353100
4.018000	1.264160
4.019000	1.264160
4.020000	1.264160
4.021000	1.264160
4.022000	1.175210
4.023000	1.175210
4.024000	0.997144
4.025000	0.908202
4.026000	0.819259
4.027000	0.730134
4.028000	0.730134
4.029000	0.730134
4.030000	0.730134
4.031000	0.641191
4.032000	0.463123
4.033000	0.463123
4.034000	0.374180
4.035000	0.285237
4.036000	-0.070717
4.037000	0.018226
4.038000	0.018226
4.039000	0.018226
4.040000	0.107169
4.041000	0.107169
4.042000	-0.070717
4.043000	-0.070717
4.044000	0.018226
4.045000	0.018226
4.046000	0.018226
4.047000	0.107169
4.048000	0.107169
4.049000	0.196294
4.050000	0.196294
4.051000	0.196294
4.052000	0.374180
4.053000	0.374180
4.054000	0.552248
4.055000	0.463123
4.056000	0.552248
4.057000	0.641191
4.058000	0.819259
4.059000	0.908202
4.060000	0.819259
4.061000	1.086090
4.062000	1.086090
4.063000	1.175210
4.064000	1.175210
4.065000	1.175210
4.066000	1.175210
4.067000	1.353100
4.068000	1.442220
4.069000	1.264160
4.070000	1.086090
4.071000	1.086090
4.072000	1.264160
4.073000	1.264160
4.074000	1.175210
4.075000	1.086090
4.076000	0.997144
4.077000	0.908202
4.078000	0.908202
4.079000	0.997144
4.080000	0.819259
4.081000	0.641191
4.082000	0.552248
4.083000	0.552248
4.084000	0.730134
4.085000	0.641191
4.086000	0.463123
4.087000	0.463123
4.088000	0.196294
4.089000	0.107169
4.090000	0.018226
4.091000	0.018226
4.092000	-0.070717
4.093000	-0.070717
4.094000	0.107169
4.095000	0.196294
4.096000	0.107169
4.097000	0.018226
4.098000	0.018226
4.099000	0.018226
4.100000	0.107169
4.101000	0.107169
4.102000	0.018226
4.103000	0.018226
4.104000	0.107169
4.105000	0.196294
4.106000	0.196294
4.107000	0.196294
4.108000	0.196294
4.109000	0.285237
4.110000	0.196294
4.111000	0.463123
4.112000	0.463123
4.113000	0.552248
4.114000	0.730134
4.115000	0.641191
4.116000	0.641191
4.117000	0.819259
4.118000	0.819259
4.119000	0.819259
4.120000	0.641191
4.121000	0.730134
4.122000	0.730134
4.123000	0.819259
4.124000	0.819259
4.125000	0.819259
4.126000	0.908202
4.127000	0.908202
4.128000	0.908202
4.129000	0.908202
4.130000	0.819259
4.131000	0.908202
4.132000	0.819259
4.133000	0.908202
4.134000	0.908202
4.135000	0.819259
4.136000	0.819259
4.137000	0.641191
4.138000	0.641191
4.139000	0.374180
4.140000	0.463123
4.141000	0.374180
4.142000	0.374180
4.143000	0.196294
4.144000	0.463123
4.145000	0.374180
4.146000	0.196294
4.147000	0.374180
4.148000	0.196294
4.149000	0.285237
4.150000	0.196294
4.151000	0.285237
4.152000	0.107169
4.153000	0.018226
4.154000	-0.070717
4.155000	0.018226
4.156000	-0.070717
4.157000	-0.070717
4.158000	0.018226
4.159000	0.107169
4.160000	0.196294
4.161000	0.374180
4.162000	0.285237
4.163000	0.285237
4.164000	0.463123
4.165000	0.374180
4.166000	0.374180
4.167000	0.552248
4.168000	0.463123
4.169000	0.641191
4.170000	0.641191
4.171000	0.730134
4.172000	0.552248
4.173000	0.730134
4.174000	0.819259
4.175000	0.819259
4.176000	0.819259
4.177000	0.730134
4.178000	0.997144
4.179000	1.175210
4.180000	1.175210
4.181000	1.086090
4.182000	1.086090
4.183000	0.997144
4.184000	1.175210
4.185000	1.086090
4.186000	0.908202
4.187000	0.908202
4.188000	0.908202
4.189000	0.908202
4.190000	0.908202
4.191000	0.819259
4.192000	0.908202
4.193000	0.730134
4.194000	0.730134
4.195000	0.819259
4.196000	0.641191
4.197000	0.641191
4.198000	0.552248
4.199000	0.641191
4.200000	0.463123
4.201000	0.552248
4.202000	0.463123
4.203000	0.374180
4.204000	0.285237
4.205000	0.374180
4.206000	0.374180
4.207000	0.374180
4.208000	0.285237
4.209000	0.196294
4.210000	0.285237
4.211000	0.463123
4.212000	0.374180
4.213000	0.552248
4.214000	0.374180
4.215000	0.641191
4.216000	0.552248
4.217000	0.552248
4.218000	0.552248
4.219000	0.552248
4.220000	0.552248
4.221000	0.641191
4.222000	0.552248
4.223000	0.730134
4.224000	0.730134
4.225000	0.819259
4.226000	0.730134
4.227000	0.819259
4.228000	0.819259
4.229000	0.730134
4.230000	0.908202
4.231000	0.997144
4.232000	0.908202
4.233000	0.997144
4.234000	1.086090
4.235000	0.997144
4.236000	0.997144
4.237000	0.819259
4.238000	0.819259
4.239000	0.819259
4.240000	0.819259
4.241000	0.730134
4.242000	0.730134
4.243000	0.819259
4.244000	0.819259
4.245000	0.819259
4.246000	0.730134
4.247000	0.730134
4.248000	0.819259
4.249000	0.552248
4.250000	0.552248
4.251000	0.641191
4.252000	0.552248
4.253000	0.463123
4.254000	0.374180
4.255000	0.463123
4.256000	0.463123
4.257000	0.463123
4.258000	0.374180
4.259000	0.285237
4.260000	0.196294
4.261000	0.196294
4.262000	0.285237
4.263000	0.285237
4.264000	0.463123
4.265000	0.374180
4.266000	0.463123
4.267000	0.374180
4.268000	0.374180
4.269000	0.374180
4.270000	0.285237
4.271000	0.285237
4.272000	0.285237
4.273000	0.374180
4.274000	0.374180
4.275000	0.463123
4.276000	0.374180
4.277000	0.463123
4.278000	0.552248
4.279000	0.641191
4.280000	0.641191
4.281000	0.641191
4.282000	0.552248
4.283000	0.552248
4.284000	0.641191
4.285000	0.641191
4.286000	0.641191
4.287000	0.730134
4.288000	0.641191
4.289000	0.730134
4.290000	0.641191
4.291000	0.730134
4.292000	0.552248
4.293000	0.641191
4.294000	0.641191
4.295000	0.641191
4.296000	0.641191
4.297000	0.641191
4.298000	0.641191
4.299000	0.641191
4.300000	0.730134
4.301000	0.641191
4.302000	0.374180
4.303000	0.374180
4.304000	0.374180
4.305000	0.285237
4.306000	0.196294
4.307000	0.374180
4.308000	0.374180
4.309000	0.374180
4.310000	0.285237
4.311000	0.285237
4.312000	0.285237
4.313000	0.285237
4.314000	0.285237
4.315000	0.196294
4.316000	0.196294
4.317000	0.374180
4.318000	0.374180
4.319000	0.374180
4.320000	0.374180
4.321000	0.374180
4.322000	0.374180
4.323000	0.374180
4.324000	0.196294
4.325000	0.285237
4.326000	0.285237
4.327000	0.552248
4.328000	0.552248
4.329000	0.552248
4.330000	0.552248
4.331000	0.730134
4.332000	0.730134
4.333000	0.641191
4.334000	0.730134
4.335000	0.641191
4.336000	0.641191
4.337000	0.641191
4.338000	0.641191
4.339000	0.730134
4.340000	0.819259
4.341000	0.819259
4.342000	0.730134
4.343000	0.641191
4.344000	0.730134
4.345000	0.730134
4.346000	0.730134
4.347000	0.730134
4.348000	0.641191
4.349000	0.641191
4.350000	0.641191
4.351000	0.641191
4.352000	0.641191
4.353000	0.552248
4.354000	0.641191
4.355000	0.552248
4.356000	0.463123
4.357000	0.552248
4.358000	0.374180
4.359000	0.374180
4.360000	0.374180
4.361000	0.552248
4.362000	0.463123
4.363000	0.463123
4.364000	0.641191
4.365000	0.641191
4.366000	0.463123
4.367000	0.641191
4.368000	0.552248
4.369000	0.552248
4.370000	0.374180
4.371000	0.463123
4.372000	0.463123
4.373000	0.552248
4.374000	0.641191
4.375000	0.641191
4.376000	0.552248
4.377000	0.641191
4.378000	0.730134
4.379000	0.641191
4.380000	0.641191
4.381000	0.730134
4.382000	0.819259
4.383000	0.819259
4.384000	0.819259
4.385000	0.997144
4.386000	0.819259
4.387000	0.819259
4.388000	0.730134
4.389000	0.641191
4.390000	0.641191
4.391000	0.730134
4.392000	0.819259
4.393000	0.819259
4.394000	0.730134
4.395000	0.908202
4.396000	0.819259
4.397000	0.730134
4.398000	0.552248
4.399000	0.730134
4.400000	0.641191
4.401000	0.819259
4.402000	0.730134
4.403000	0.641191
4.404000	0.730134
4.405000	0.730134
4.406000	0.730134
4.407000	0.641191
4.408000	0.463123
4.409000	0.463123
4.410000	0.463123
4.411000	0.641191
4.412000	0.641191
4.413000	0.641191
4.414000	0.552248
4.415000	0.552248
4.416000	0.552248
4.417000	0.552248
4.418000	0.552248
4.419000	0.552248
4.420000	0.552248
4.421000	0.374180
4.422000	0.374180
4.423000	0.552248
4.424000	0.552248
4.425000	0.463123
4.426000	0.552248
4.427000	0.552248
4.428000	0.552248
4.429000	0.552248
4.430000	0.552248
4.431000	0.552248
4.432000	0.463123
4.433000	0.552248
4.434000	0.641191
4.435000	0.463123
4.436000	0.552248
4.437000	0.463123
4.438000	0.552248
4.439000	0.641191
4.440000	0.552248
4.441000	0.552248
4.442000	0.552248
4.443000	0.552248
4.444000	0.552248
4.445000	0.641191
4.446000	0.552248
4.447000	0.641191
4.448000	0.641191
4.449000	0.730134
4.450000	0.819259
4.451000	0.819259
4.452000	0.641191
4.453000	0.641191
4.454000	0.552248
4.455000	0.463123
4.456000	0.552248
4.457000	0.641191
4.458000	0.552248
4.459000	0.641191
4.460000	0.641191
4.461000	0.730134
4.462000	0.641191
4.463000	0.463123
4.464000	0.463123
4.465000	0.463123
4.466000	0.552248
4.467000	0.552248
4.468000	0.552248
4.469000	0.641191
4.470000	0.463123
4.471000	0.463123
4.472000	0.374180
4.473000	0.374180
4.474000	0.196294
4.475000	0.285237
4.476000	0.285237
4.477000	0.374180
4.478000	0.463123
4.479000	0.552248
4.480000	0.374180
4.481000	0.463123
4.482000	0.285237
4.483000	0.374180
4.484000	0.463123
4.485000	0.463123
4.486000	0.285237
4.487000	0.285237
4.488000	0.374180
4.489000	0.285237
4.490000	0.463123
4.491000	0.374180
4.492000	0.463123
4.493000	0.552248
4.494000	0.641191
4.495000	0.552248
4.496000	0.552248
4.497000	0.552248
4.498000	0.552248
4.499000	0.641191
4.500000	0.641191
4.501000	0.641191
4.502000	0.552248
4.503000	0.641191
4.504000	0.641191
4.505000	0.641191
4.506000	0.552248
4.507000	0.641191
4.508000	0.552248
4.509000	0.463123
4.510000	0.463123
4.511000	0.552248
4.512000	0.552248
4.513000	0.552248
4.514000	0.730134
4.515000	0.552248
4.516000	0.552248
4.517000	0.552248
4.518000	0.552248
4.519000	0.463123
4.520000	0.285237
4.521000	0.463123
4.522000	0.552248
4.523000	0.552248
4.524000	0.463123
4.525000	0.463123
4.526000	0.463123
4.527000	0.463123
4.528000	0.463123
4.529000	0.463123
4.530000	0.463123
4.531000	0.552248
4.532000	0.552248
4.533000	0.463123
4.534000	0.730134
4.535000	0.641191
4.536000	0.552248
4.537000	0.463123
4.538000	0.463123
4.539000	0.552248
4.540000	0.463123
4.541000	0.552248
4.542000	0.552248
4.543000	0.641191
4.544000	0.730134
4.545000	0.730134
4.546000	0.641191
4.547000	0.730134
4.548000	0.463123
4.549000	0.641191
4.550000	0.730134
4.551000	0.641191
4.552000	0.730134
4.553000	0.730134
4.554000	0.641191
4.555000	0.730134
4.556000	0.641191
4.557000	0.641191
4.558000	0.552248
4.559000	0.552248
4.560000	0.552248
4.561000	0.641191
4.562000	0.641191
4.563000	0.819259
4.564000	0.641191
4.565000	0.641191
4.566000	0.641191
4.567000	0.819259
4.568000	0.730134
4.569000	0.641191
4.570000	0.641191
4.571000	0.552248
4.572000	0.641191
4.573000	0.641191
4.574000	0.552248
4.575000	0.641191
4.576000	0.463123
4.577000	0.730134
4.578000	0.819259
4.579000	0.730134
4.580000	0.641191
4.581000	0.730134
4.582000	0.641191
4.583000	0.641191
4.584000	0.730134
4.585000	0.730134
4.586000	0.641191
4.587000	0.730134
4.588000	0.641191
4.589000	0.641191
4.590000	0.641191
4.591000	0.730134
4.592000	0.641191
4.593000	0.552248
4.594000	0.552248
4.595000	0.641191
4.596000	0.819259
4.597000	0.730134
4.598000	0.641191
4.599000	0.641191
4.600000	0.552248
4.601000	0.730134
4.602000	0.463123
4.603000	0.374180
4.604000	0.463123
4.605000	0.552248
4.606000	0.552248
4.607000	0.641191
4.608000	0.463123
4.609000	0.641191
4.610000	0.552248
4.611000	0.641191
4.612000	0.552248
4.613000	0.463123
4.614000	0.463123
4.615000	0.463123
4.616000	0.552248
4.617000	0.552248
4.618000	0.730134
4.619000	0.552248
4.620000	0.463123
4.621000	0.374180
4.622000	0.463123
4.623000	0.463123
4.624000	0.463123
4.625000	0.552248
4.626000	0.374180
4.627000	0.463123
4.628000	0.552248
4.629000	0.552248
4.630000	0.552248
4.631000	0.552248
4.632000	0.463123
4.633000	0.641191
4.634000	0.552248
4.635000	0.463123
4.636000	0.463123
4.637000	0.463123
4.638000	0.552248
4.639000	0.463123
4.640000	0.463123
4.641000	0.552248
4.642000	0.463123
4.643000	0.552248
4.644000	0.641191
4.645000	0.552248
4.646000	0.552248
4.647000	0.552248
4.648000	0.641191
4.649000	0.552248
4.650000	0.641191
4.651000	0.552248
4.652000	0.552248
4.653000	0.552248
4.654000	0.463123
4.655000	0.285237
4.656000	0.463123
4.657000	0.463123
4.658000	0.463123
4.659000	0.374180
4.660000	0.374180
4.661000	0.552248
4.662000	0.552248
4.663000	0.552248
4.664000	0.463123
4.665000	0.374180
4.666000	0.463123
4.667000	0.374180
4.668000	0.374180
4.669000	0.285237
4.670000	0.374180
4.671000	0.374180
4.672000	0.463123
4.673000	0.374180
4.674000	0.463123
4.675000	0.374180
4.676000	0.374180
4.677000	0.285237
4.678000	0.374180
4.679000	0.463123
4.680000	0.463123
4.681000	0.641191
4.682000	0.552248
4.683000	0.552248
4.684000	0.641191
4.685000	0.552248
4.686000	0.463123
4.687000	0.552248
4.688000	0.552248
4.689000	0.641191
4.690000	0.641191
4.691000	0.641191
4.692000	0.641191
4.693000	0.730134
4.694000	0.730134
4.695000	0.730134
4.696000	0.641191
4.697000	0.641191
4.698000	0.641191
4.699000	0.730134
4.700000	0.819259
4.701000	0.819259
4.702000	0.730134
4.703000	0.641191
4.704000	0.641191
4.705000	0.641191
4.706000	0.730134
4.707000	0.730134
4.708000	0.552248
4.709000	0.552248
4.710000	0.641191
4.711000	0.552248
4.712000	0.641191
4.713000	0.552248
4.714000	0.463123
4.715000	0.552248
4.716000	0.552248
4.717000	0.552248
4.718000	0.552248
4.719000	0.552248
4.720000	0.374180
4.721000	0.285237
4.722000	0.374180
4.723000	0.463123
4.724000	0.374180
4.725000	0.463123
4.726000	0.374180
4.727000	0.463123
4.728000	0.552248
4.729000	0.552248
4.730000	0.463123
4.731000	0.463123
4.732000	0.374180
4.733000	0.463123
4.734000	0.552248
4.735000	0.641191
4.736000	0.730134
4.737000	0.730134
4.738000	0.641191
4.739000	0.641191
4.740000	0.641191
4.741000	0.641191
4.742000	0.552248
4.743000	0.552248
4.744000	0.641191
4.745000	0.819259
4.746000	0.819259
4.747000	0.908202
4.748000	0.908202
4.749000	0.819259
4.750000	0.730134
4.751000	0.819259
4.752000	0.730134
4.753000	0.730134
4.754000	0.730134
4.755000	0.730134
4.756000	0.730134
4.757000	0.908202
4.758000	0.730134
4.759000	0.730134
4.760000	0.730134
4.761000	0.730134
4.762000	0.730134
4.763000	0.730134
4.764000	0.641191
4.765000	0.730134
4.766000	0.730134
4.767000	0.730134
4.768000	0.730134
4.769000	0.641191
4.770000	0.463123
4.771000	0.552248
4.772000	0.552248
4.773000	0.463123
4.774000	0.463123
4.775000	0.463123
4.776000	0.374180
4.777000	0.463123
4.778000	0.463123
4.779000	0.552248
4.780000	0.374180
4.781000	0.463123
4.782000	0.463123
4.783000	0.463123
4.784000	0.552248
4.785000	0.552248
4.786000	0.285237
4.787000	0.374180
4.788000	0.374180
4.789000	0.374180
4.790000	0.463123
4.791000	0.463123
4.792000	0.374180
4.793000	0.463123
4.794000	0.552248
4.795000	0.552248
4.796000	0.463123
4.797000	0.552248
4.798000	0.552248
4.799000	0.641191
4.800000	0.730134
4.801000	0.819259
4.802000	0.730134
4.803000	0.730134
4.804000	0.641191
4.805000	0.730134
4.806000	0.641191
4.807000	0.730134
4.808000	0.641191
4.809000	0.552248
4.810000	0.730134
4.811000	0.819259
4.812000	0.819259
4.813000	0.819259
4.814000	0.730134
4.815000	0.641191
4.816000	0.730134
4.817000	0.641191
4.818000	0.552248
4.819000	0.552248
4.820000	0.552248
4.821000	0.641191
4.822000	0.552248
4.823000	0.552248
4.824000	0.463123
4.825000	0.374180
4.826000	0.374180
4.827000	0.285237
4.828000	0.463123
4.829000	0.463123
4.830000	0.374180
4.831000	0.374180
4.832000	0.374180
4.833000	0.463123
4.834000	0.285237
4.835000	0.285237
4.836000	0.196294
4.837000	0.196294
4.838000	0.196294
4.839000	0.196294
4.840000	0.107169
4.841000	0.285237
4.842000	0.285237
4.843000	0.196294
4.844000	0.285237
4.845000	0.374180
4.846000	0.285237
4.847000	0.374180
4.848000	0.374180
4.849000	0.552248
4.850000	0.552248
4.851000	0.641191
4.852000	0.552248
4.853000	0.552248
4.854000	0.463123
4.855000	0.641191
4.856000	0.730134
4.857000	0.730134
4.858000	0.641191
4.859000	0.552248
4.860000	0.641191
4.861000	0.730134
4.862000	0.730134
4.863000	0.819259
4.864000	0.819259
4.865000	0.819259
4.866000	0.908202
4.867000	0.908202
4.868000	0.819259
4.869000	0.730134
4.870000	0.641191
4.871000	0.552248
4.872000	0.641191
4.873000	0.641191
4.874000	0.641191
4.875000	0.641191
4.876000	0.641191
4.877000	0.641191
4.878000	0.641191
4.879000	0.552248
4.880000	0.463123
4.881000	0.374180
4.882000	0.374180
4.883000	0.374180
4.884000	0.552248
4.885000	0.374180
4.886000	0.463123
4.887000	0.463123
4.888000	0.463123
4.889000	0.285237
4.890000	0.374180
4.891000	0.285237
4.892000	0.196294
4.893000	0.285237
4.894000	0.552248
4.895000	0.552248
4.896000	0.552248
4.897000	0.641191
4.898000	0.552248
4.899000	0.552248
4.900000	0.552248
4.901000	0.552248
4.902000	0.463123
4.903000	0.552248
4.904000	0.641191
4.905000	0.641191
4.906000	0.641191
4.907000	0.641191
4.908000	0.730134
4.909000	0.641191
4.910000	0.730134
4.911000	0.819259
4.912000	0.730134
4.913000	0.819259
4.914000	0.819259
4.915000	0.819259
4.916000	0.908202
4.917000	0.908202
4.918000	0.997144
4.919000	0.819259
4.920000	0.819259
4.921000	0.908202
4.922000	0.641191
4.923000	0.730134
4.924000	0.730134
4.925000	0.641191
4.926000	0.552248
4.927000	0.641191
4.928000	0.730134
4.929000	0.730134
4.930000	0.819259
4.931000	0.641191
4.932000	0.552248
4.933000	0.641191
4.934000	0.641191
4.935000	0.552248
4.936000	0.463123
4.937000	0.463123
4.938000	0.374180
4.939000	0.463123
4.940000	0.463123
4.941000	0.463123
4.942000	0.374180
4.943000	0.285237
4.944000	0.374180
4.945000	0.374180
4.946000	0.374180
4.947000	0.463123
4.948000	0.463123
4.949000	0.285237
4.950000	0.463123
4.951000	0.552248
4.952000	0.463123
4.953000	0.374180
4.954000	0.463123
4.955000	0.374180
4.956000	0.463123
4.957000	0.463123
4.958000	0.552248
4.959000	0.552248
4.960000	0.641191
4.961000	0.730134
4.962000	0.641191
4.963000	0.641191
4.964000	0.730134
4.965000	0.641191
4.966000	0.730134
4.967000	0.730134
4.968000	0.730134
4.969000	0.819259
4.970000	0.730134
4.971000	0.730134
4.972000	0.730134
4.973000	0.730134
4.974000	0.641191
4.975000	0.730134
4.976000	0.641191
4.977000	0.730134
4.978000	0.730134
4.979000	0.730134
4.980000	0.819259
4.981000	0.730134
4.982000	0.641191
4.983000	0.641191
4.984000	0.730134
4.985000	0.641191
4.986000	0.463123
4.987000	0.463123
4.988000	0.374180
4.989000	0.463123
4.990000	0.374180
4.991000	0.463123
4.992000	0.285237
4.993000	0.285237
4.994000	0.374180
4.995000	0.374180
4.996000	0.374180
4.997000	0.463123
4.998000	0.285237
4.999000	0.285237
5.000000	0.285237
5.001000	0.374180
5.002000	0.196294
5.003000	0.196294
5.004000	0.374180
5.005000	0.285237
5.006000	0.374180
5.007000	0.374180
5.008000	0.463123
5.009000	0.374180
5.010000	0.285237
5.011000	0.463123
5.012000	0.463123
5.013000	0.552248
5.014000	0.552248
5.015000	0.641191
5.016000	0.641191
5.017000	0.641191
5.018000	0.819259
5.019000	0.552248
5.020000	0.552248
5.021000	0.552248
5.022000	0.641191
5.023000	0.819259
5.024000	0.819259
5.025000	0.730134
5.026000	0.641191
5.027000	0.819259
5.028000	0.730134
5.029000	0.641191
5.030000	0.641191
5.031000	0.730134
5.032000	0.730134
5.033000	0.730134
5.034000	0.819259
5.035000	0.730134
5.036000	0.730134
5.037000	0.552248
5.038000	0.552248
5.039000	0.463123
5.040000	0.463123
5.041000	0.374180
5.042000	0.374180
5.043000	0.463123
5.044000	0.374180
5.045000	0.463123
5.046000	0.463123
5.047000	0.463123
5.048000	0.463123
5.049000	0.285237
5.050000	0.374180
5.051000	0.374180
5.052000	0.374180
5.053000	0.107169
5.054000	0.374180
5.055000	0.374180
5.056000	0.374180
5.057000	0.374180
5.058000	0.374180
5.059000	0.285237
5.060000	0.463123
5.061000	0.463123
5.062000	0.374180
5.063000	0.552248
5.064000	0.552248
5.065000	0.641191
5.066000	0.730134
5.067000	0.641191
5.068000	0.641191
5.069000	0.641191
5.070000	0.641191
5.071000	0.641191
5.072000	0.641191
5.073000	0.730134
5.074000	0.730134
5.075000	0.641191
5.076000	0.730134
5.077000	0.819259
5.078000	0.908202
5.079000	0.997144
5.080000	0.908202
5.081000	0.908202
5.082000	0.730134
5.083000	0.730134
5.084000	0.908202
5.085000	0.819259
5.086000	0.819259
5.087000	0.730134
5.088000	0.730134
5.089000	0.730134
5.090000	0.730134
5.091000	0.819259
5.092000	0.552248
5.093000	0.552248
5.094000	0.552248
5.095000	0.730134
5.096000	0.552248
5.097000	0.552248
5.098000	0.552248
5.099000	0.552248
5.100000	0.552248
5.101000	0.552248
5.102000	0.463123
5.103000	0.463123
5.104000	0.374180
5.105000	0.285237
5.106000	0.374180
5.107000	0.374180
5.108000	0.374180
5.109000	0.285237
5.110000	0.374180
5.111000	0.463123
5.112000	0.374180
5.113000	0.463123
5.114000	0.374180
5.115000	0.463123
5.116000	0.463123
5.117000	0.552248
5.118000	0.641191
5.119000	0.552248
5.120000	0.552248
5.121000	0.463123
5.122000	0.552248
5.123000	0.552248
5.124000	0.641191
5.125000	0.641191
5.126000	0.641191
5.127000	0.730134
5.128000	0.730134
5.129000	0.730134
5.130000	0.908202
5.131000	0.819259
5.132000	0.908202
5.133000	0.908202
5.134000	0.908202
5.135000	0.908202
5.136000	0.819259
5.137000	0.730134
5.138000	0.819259
5.139000	0.730134
5.140000	0.730134
5.141000	0.819259
5.142000	0.730134
5.143000	0.730134
5.144000	0.819259
5.145000	0.819259
5.146000	0.641191
5.147000	0.552248
5.148000	0.552248
5.149000	0.552248
5.150000	0.552248
5.151000	0.641191
5.152000	0.463123
5.153000	0.463123
5.154000	0.374180
5.155000	0.374180
5.156000	0.374180
5.157000	0.374180
5.158000	0.285237
5.159000	0.107169
5.160000	0.285237
5.161000	0.285237
5.162000	0.374180
5.163000	0.285237
5.164000	0.285237
5.165000	0.374180
5.166000	0.285237
5.167000	0.374180
5.168000	0.374180
5.169000	0.285237
5.170000	0.285237
5.171000	0.374180
5.172000	0.374180
5.173000	0.463123
5.174000	0.463123
5.175000	0.463123
5.176000	0.463123
5.177000	0.641191
5.178000	0.641191
5.179000	0.641191
5.180000	0.730134
5.181000	0.730134
5.182000	0.730134
5.183000	0.819259
5.184000	0.819259
5.185000	0.730134
5.186000	0.730134
5.187000	0.730134
5.188000	0.819259
5.189000	0.730134
5.190000	0.730134
5.191000	0.730134
5.192000	0.641191
5.193000	0.730134
5.194000	0.730134
5.195000	0.819259
5.196000	0.730134
5.197000	0.819259
5.198000	0.730134
5.199000	0.730134
5.200000	0.641191
5.201000	0.552248
5.202000	0.552248
5.203000	0.552248
5.204000	0.463123
5.205000	0.463123
5.206000	0.374180
5.207000	0.463123
5.208000	0.463123
5.209000	0.285237
5.210000	0.374180
5.211000	0.463123
5.212000	0.374180
5.213000	0.374180
5.214000	0.285237
5.215000	0.374180
5.216000	0.374180
5.217000	0.285237
5.218000	0.374180
5.219000	0.374180
5.220000	0.374180
5.221000	0.285237
5.222000	0.285237
5.223000	0.285237
5.224000	0.374180
5.225000	0.196294
5.226000	0.374180
5.227000	0.463123
5.228000	0.463123
5.229000	0.552248
5.230000	0.552248
5.231000	0.552248
5.232000	0.552248
5.233000	0.641191
5.234000	0.730134
5.235000	0.641191
5.236000	0.463123
5.237000	0.641191
5.238000	0.552248
5.239000	0.730134
5.240000	0.819259
5.241000	0.819259
5.242000	0.819259
5.243000	0.730134
5.244000	0.730134
5.245000	0.730134
5.246000	0.819259
5.247000	0.819259
5.248000	0.819259
5.249000	0.819259
5.250000	0.819259
5.251000	0.997144
5.252000	0.730134
5.253000	0.730134
5.254000	0.730134
5.255000	0.552248
5.256000	0.730134
5.257000	0.730134
5.258000	0.641191
5.259000	0.641191
5.260000	0.641191
5.261000	0.552248
5.262000	0.552248
5.263000	0.552248
5.264000	0.463123
5.265000	0.463123
5.266000	0.463123
5.267000	0.463123
5.268000	0.552248
5.269000	0.374180
5.270000	0.285237
5.271000	0.285237
5.272000	0.285237
5.273000	0.196294
5.274000	0.285237
5.275000	0.285237
5.276000	0.285237
5.277000	0.374180
5.278000	0.374180
5.279000	0.285237
5.280000	0.374180
5.281000	0.463123
5.282000	0.463123
5.283000	0.730134
5.284000	0.552248
5.285000	0.552248
5.286000	0.552248
5.287000	0.552248
5.288000	0.641191
5.289000	0.552248
5.290000	0.730134
5.291000	0.641191
5.292000	0.641191
5.293000	0.730134
5.294000	0.730134
5.295000	0.819259
5.296000	0.908202
5.297000	0.819259
5.298000	0.730134
5.299000	0.908202
5.300000	0.908202
5.301000	0.819259
5.302000	0.908202
5.303000	0.730134
5.304000	0.730134
5.305000	0.730134
5.306000	0.819259
5.307000	0.730134
5.308000	0.641191
5.309000	0.641191
5.310000	0.552248
5.311000	0.641191
5.312000	0.730134
5.313000	0.641191
5.314000	0.641191
5.315000	0.641191
5.316000	0.463123
5.317000	0.641191
5.318000	0.463123
5.319000	0.374180
5.320000	0.374180
5.321000	0.374180
5.322000	0.463123
5.323000	0.463123
5.324000	0.374180
5.325000	0.285237
5.326000	0.196294
5.327000	0.374180
5.328000	0.285237
5.329000	0.196294
5.330000	0.374180
5.331000	0.285237
5.332000	0.374180
5.333000	0.463123
5.334000	0.463123
5.335000	0.463123
5.336000	0.463123
5.337000	0.463123
5.338000	0.463123
5.339000	0.374180
5.340000	0.552248
5.341000	0.552248
5.342000	0.463123
5.343000	0.641191
5.344000	0.730134
5.345000	0.730134
5.346000	0.641191
5.347000	0.730134
5.348000	0.730134
5.349000	0.730134
5.350000	0.730134
5.351000	0.908202
5.352000	0.819259
5.353000	0.730134
5.354000	0.730134
5.355000	0.641191
5.356000	0.819259
5.357000	0.730134
5.358000	0.730134
5.359000	0.819259
5.360000	0.641191
5.361000	0.641191
5.362000	0.641191
5.363000	0.641191
5.364000	0.641191
5.365000	0.552248
5.366000	0.641191
5.367000	0.641191
5.368000	0.641191
5.369000	0.552248
5.370000	0.552248
5.371000	0.374180
5.372000	0.374180
5.373000	0.285237
5.374000	0.285237
5.375000	0.285237
5.376000	0.196294
5.377000	0.374180
5.378000	0.374180
5.379000	0.463123
5.380000	0.463123
5.381000	0.285237
5.382000	0.374180
5.383000	0.374180
5.384000	0.374180
5.385000	0.374180
5.386000	0.374180
5.387000	0.285237
5.388000	0.374180
5.389000	0.285237
5.390000	0.463123
5.391000	0.374180
5.392000	0.285237
5.393000	0.285237
5.394000	0.463123
5.395000	0.463123
5.396000	0.552248
5.397000	0.641191
5.398000	0.641191
5.399000	0.641191
5.400000	0.641191
5.401000	0.730134
5.402000	0.552248
5.403000	0.552248
5.404000	0.552248
5.405000	0.730134
5.406000	0.641191
5.407000	0.730134
5.408000	0.730134
5.409000	0.730134
5.410000	0.819259
5.411000	0.730134
5.412000	0.730134
5.413000	0.730134
5.414000	0.730134
5.415000	0.641191
5.416000	0.641191
5.417000	0.819259
5.418000	0.730134
5.419000	0.552248
5.420000	0.552248
5.421000	0.552248
5.422000	0.641191
5.423000	0.552248
5.424000	0.552248
5.425000	0.463123
5.426000	0.374180
5.427000	0.463123
5.428000	0.552248
5.429000	0.374180
5.430000	0.552248
5.431000	0.463123
5.432000	0.374180
5.433000	0.463123
5.434000	0.463123
5.435000	0.463123
5.436000	0.285237
5.437000	0.374180
5.438000	0.285237
5.439000	0.374180
5.440000	0.552248
5.441000	0.463123
5.442000	0.374180
5.443000	0.552248
5.444000	0.552248
5.445000	0.552248
5.446000	0.552248
5.447000	0.552248
5.448000	0.552248
5.449000	0.552248
5.450000	0.552248
5.451000	0.730134
5.452000	0.730134
5.453000	0.641191
5.454000	0.730134
5.455000	0.819259
5.456000	0.730134
5.457000	0.730134
5.458000	0.641191
5.459000	0.730134
5.460000	0.819259
5.461000	0.819259
5.462000	0.819259
5.463000	0.997144
5.464000	0.819259
5.465000	0.819259
5.466000	0.730134
5.467000	0.819259
5.468000	0.819259
5.469000	0.730134
5.470000	0.641191
5.471000	0.730134
5.472000	0.641191
5.473000	0.819259
5.474000	0.552248
5.475000	0.552248
5.476000	0.463123
5.477000	0.463123
5.478000	0.552248
5.479000	0.552248
5.480000	0.641191
5.481000	0.552248
5.482000	0.552248
5.483000	0.552248
5.484000	0.730134
5.485000	0.463123
5.486000	0.374180
5.487000	0.374180
5.488000	0.463123
5.489000	0.285237
5.490000	0.285237
5.491000	0.374180
5.492000	0.374180
5.493000	0.374180
5.494000	0.463123
5.495000	0.463123
5.496000	0.552248
5.497000	0.552248
5.498000	0.463123
5.499000	0.552248
5.500000	0.463123
